shard,ny_date,cid,app,cid_origin,result_col,n
0000,2026-09-18,105,iusluckyclientandroid,MEM_ANDROID_US,PASS,18
0000,2026-09-18,105,iusluckyclientandroid,MEM_ANDROID_US,REJECT,22
0000,2026-09-18,106,iusluckyclientios,MEM_IOS_US,PASS,9
0000,2026-09-18,108,<absent>,MEM_H5_US,PASS,2
0000,2026-09-18,702,<absent>,SELF_SERVICE_MACHINE_US,PASS,1
0000,2026-09-19,105,iusluckyclientandroid,MEM_ANDROID_US,REJECT,18
0000,2026-09-19,105,iusluckyclientandroid,MEM_ANDROID_US,PASS,17
0000,2026-09-19,108,<absent>,MEM_H5_US,PASS,4
0000,2026-09-19,106,iusluckyclientios,MEM_IOS_US,PASS,13
0000,2026-09-19,702,<absent>,SELF_SERVICE_MACHINE_US,PASS,1
0000,2026-09-20,105,iusluckyclientandroid,MEM_ANDROID_US,REJECT,15
0000,2026-09-20,105,iusluckyclientandroid,MEM_ANDROID_US,PASS,11
0000,2026-09-20,108,<absent>,MEM_H5_US,PASS,5
0000,2026-09-20,106,iusluckyclientios,MEM_IOS_US,PASS,5
0000,2026-09-20,702,<absent>,SELF_SERVICE_MACHINE_US,PASS,1
0000,2026-09-21,105,iusluckyclientandroid,MEM_ANDROID_US,REJECT,32
0000,2026-09-21,108,<absent>,MEM_H5_US,REVIEW,1
0000,2026-09-21,108,<absent>,MEM_H5_US,REJECT,1
0000,2026-09-21,105,iusluckyclientandroid,MEM_ANDROID_US,PASS,10
0000,2026-09-21,108,<absent>,MEM_H5_US,PASS,1
0000,2026-09-21,105,<absent>,MEM_ANDROID_US,PASS,4
0000,2026-09-21,106,iusluckyclientios,MEM_IOS_US,PASS,12
0000,2026-09-22,105,iusluckyclientandroid,MEM_ANDROID_US,PASS,11
0000,2026-09-22,105,iusluckyclientandroid,MEM_ANDROID_US,REJECT,16
0000,2026-09-22,106,iusluckyclientios,MEM_IOS_US,PASS,16
0000,2026-09-22,108,<absent>,MEM_H5_US,PASS,3
0000,2026-09-22,105,<absent>,MEM_ANDROID_US,PASS,2
0000,2026-09-23,105,iusluckyclientandroid,MEM_ANDROID_US,PASS,15
0000,2026-09-23,105,iusluckyclientandroid,MEM_ANDROID_US,REJECT,36
0000,2026-09-23,105,<absent>,MEM_ANDROID_US,REJECT,1
0000,2026-09-23,106,iusluckyclientios,MEM_IOS_US,PASS,14
0000,2026-09-23,108,<absent>,MEM_H5_US,PASS,1
0000,2026-09-23,702,<absent>,SELF_SERVICE_MACHINE_US,PASS,1
0000,2026-09-24,105,iusluckyclientandroid,MEM_ANDROID_US,REJECT,20
0000,2026-09-24,105,<absent>,MEM_ANDROID_US,PASS,5
0000,2026-09-24,105,<absent>,MEM_ANDROID_US,REJECT,16
0000,2026-09-24,105,iusluckyclientandroid,MEM_ANDROID_US,PASS,16
0000,2026-09-24,106,iusluckyclientios,MEM_IOS_US,PASS,11
0000,2026-09-24,108,<absent>,MEM_H5_US,PASS,1
0000,2026-09-24,702,<absent>,SELF_SERVICE_MACHINE_US,PASS,1
0001,2026-09-18,105,iusluckyclientandroid,MEM_ANDROID_US,REJECT,43
0001,2026-09-18,105,iusluckyclientandroid,MEM_ANDROID_US,PASS,23
0001,2026-09-18,105,<absent>,MEM_ANDROID_US,PASS,1
0001,2026-09-18,106,iusluckyclientios,MEM_IOS_US,PASS,18
0001,2026-09-18,108,<absent>,MEM_H5_US,PASS,8
0001,2026-09-18,106,<absent>,MEM_IOS_US,PASS,1
0001,2026-09-18,105,<absent>,MEM_ANDROID_US,REJECT,1
0001,2026-09-19,105,iusluckyclientandroid,MEM_ANDROID_US,REJECT,63
0001,2026-09-19,105,iusluckyclientandroid,MEM_ANDROID_US,PASS,22
0001,2026-09-19,105,<absent>,MEM_ANDROID_US,REJECT,2
0001,2026-09-19,108,<absent>,MEM_H5_US,PASS,3
0001,2026-09-19,106,iusluckyclientios,MEM_IOS_US,PASS,19
0001,2026-09-20,105,iusluckyclientandroid,MEM_ANDROID_US,REJECT,11
0001,2026-09-20,105,iusluckyclientandroid,MEM_ANDROID_US,PASS,10
0001,2026-09-20,105,<absent>,MEM_ANDROID_US,PASS,3
0001,2026-09-20,106,iusluckyclientios,MEM_IOS_US,PASS,7
0001,2026-09-20,702,<absent>,SELF_SERVICE_MACHINE_US,PASS,1
0001,2026-09-20,105,<absent>,MEM_ANDROID_US,REJECT,1
0001,2026-09-21,105,iusluckyclientandroid,MEM_ANDROID_US,REJECT,30
0001,2026-09-21,105,iusluckyclientandroid,MEM_ANDROID_US,PASS,19
0001,2026-09-21,108,<absent>,MEM_H5_US,PASS,8
0001,2026-09-21,106,iusluckyclientios,MEM_IOS_US,PASS,17
0001,2026-09-21,105,<absent>,MEM_ANDROID_US,REJECT,1
0001,2026-09-21,108,<absent>,MEM_H5_US,REVIEW,1
0001,2026-09-21,702,<absent>,SELF_SERVICE_MACHINE_US,PASS,2
0001,2026-09-21,105,<absent>,MEM_ANDROID_US,PASS,1
0001,2026-09-22,105,iusluckyclientandroid,MEM_ANDROID_US,PASS,30
0001,2026-09-22,105,iusluckyclientandroid,MEM_ANDROID_US,REJECT,26
0001,2026-09-22,106,iusluckyclientios,MEM_IOS_US,PASS,14
0001,2026-09-22,108,<absent>,MEM_H5_US,PASS,2
0001,2026-09-22,702,<absent>,SELF_SERVICE_MACHINE_US,PASS,1
0001,2026-09-23,105,iusluckyclientandroid,MEM_ANDROID_US,REJECT,24
0001,2026-09-23,105,iusluckyclientandroid,MEM_ANDROID_US,PASS,14
0001,2026-09-23,106,iusluckyclientios,MEM_IOS_US,PASS,16
0001,2026-09-24,105,iusluckyclientandroid,MEM_ANDROID_US,REJECT,21
0001,2026-09-24,106,iusluckyclientios,MEM_IOS_US,PASS,13
0001,2026-09-24,105,iusluckyclientandroid,MEM_ANDROID_US,PASS,6
0001,2026-09-24,108,<absent>,MEM_H5_US,REVIEW,1
0001,2026-09-24,108,<absent>,MEM_H5_US,PASS,2
0002,2026-09-18,105,iusluckyclientandroid,MEM_ANDROID_US,PASS,26
0002,2026-09-18,105,iusluckyclientandroid,MEM_ANDROID_US,REJECT,30
0002,2026-09-18,106,iusluckyclientios,MEM_IOS_US,PASS,16
0002,2026-09-18,105,<absent>,MEM_ANDROID_US,REJECT,3
0002,2026-09-18,108,<absent>,MEM_H5_US,PASS,5
0002,2026-09-18,702,<absent>,SELF_SERVICE_MACHINE_US,PASS,1
0002,2026-09-18,105,<absent>,MEM_ANDROID_US,PASS,1
0002,2026-09-19,105,iusluckyclientandroid,MEM_ANDROID_US,PASS,37
0002,2026-09-19,105,iusluckyclientandroid,MEM_ANDROID_US,REJECT,63
0002,2026-09-19,106,iusluckyclientios,MEM_IOS_US,PASS,12
0002,2026-09-19,108,<absent>,MEM_H5_US,PASS,3
0002,2026-09-19,702,<absent>,SELF_SERVICE_MACHINE_US,PASS,1
0002,2026-09-19,105,<absent>,MEM_ANDROID_US,REJECT,2
0002,2026-09-20,105,iusluckyclientandroid,MEM_ANDROID_US,REJECT,34
0002,2026-09-20,105,iusluckyclientandroid,MEM_ANDROID_US,PASS,32
0002,2026-09-20,105,<absent>,MEM_ANDROID_US,REJECT,1
0002,2026-09-20,702,<absent>,SELF_SERVICE_MACHINE_US,PASS,1
0002,2026-09-20,106,iusluckyclientios,MEM_IOS_US,PASS,14
0002,2026-09-20,108,<absent>,MEM_H5_US,PASS,2
0002,2026-09-21,106,iusluckyclientios,MEM_IOS_US,PASS,14
0002,2026-09-21,105,iusluckyclientandroid,MEM_ANDROID_US,PASS,20
0002,2026-09-21,105,iusluckyclientandroid,MEM_ANDROID_US,REJECT,28
0002,2026-09-21,105,<absent>,MEM_ANDROID_US,REJECT,1
0002,2026-09-21,108,<absent>,MEM_H5_US,PASS,4
0002,2026-09-21,702,<absent>,SELF_SERVICE_MACHINE_US,PASS,2
0002,2026-09-22,105,iusluckyclientandroid,MEM_ANDROID_US,REJECT,26
0002,2026-09-22,105,iusluckyclientandroid,MEM_ANDROID_US,PASS,30
0002,2026-09-22,105,<absent>,MEM_ANDROID_US,REJECT,5
0002,2026-09-22,106,iusluckyclientios,MEM_IOS_US,PASS,11
0002,2026-09-22,108,<absent>,MEM_H5_US,PASS,1
0002,2026-09-22,702,<absent>,SELF_SERVICE_MACHINE_US,PASS,2
0002,2026-09-22,105,<absent>,MEM_ANDROID_US,PASS,7
0002,2026-09-23,105,iusluckyclientandroid,MEM_ANDROID_US,PASS,28
0002,2026-09-23,105,iusluckyclientandroid,MEM_ANDROID_US,REJECT,37
0002,2026-09-23,106,iusluckyclientios,MEM_IOS_US,PASS,15
0002,2026-09-23,108,<absent>,MEM_H5_US,PASS,2
0002,2026-09-23,702,<absent>,SELF_SERVICE_MACHINE_US,PASS,2
0002,2026-09-23,105,<absent>,MEM_ANDROID_US,PASS,1
0002,2026-09-24,105,iusluckyclientandroid,MEM_ANDROID_US,REJECT,21
0002,2026-09-24,106,iusluckyclientios,MEM_IOS_US,PASS,12
0002,2026-09-24,105,<absent>,MEM_ANDROID_US,PASS,2
0002,2026-09-24,105,iusluckyclientandroid,MEM_ANDROID_US,PASS,5
0002,2026-09-24,105,<absent>,MEM_ANDROID_US,REJECT,2
0002,2026-09-24,108,<absent>,MEM_H5_US,PASS,2
0002,2026-09-24,702,<absent>,SELF_SERVICE_MACHINE_US,PASS,3
0003,2026-09-18,105,iusluckyclientandroid,MEM_ANDROID_US,PASS,22
0003,2026-09-18,105,iusluckyclientandroid,MEM_ANDROID_US,REJECT,37
0003,2026-09-18,106,iusluckyclientios,MEM_IOS_US,PASS,16
0003,2026-09-18,108,<absent>,MEM_H5_US,PASS,2
0003,2026-09-18,105,<absent>,MEM_ANDROID_US,PASS,2
0003,2026-09-19,105,iusluckyclientandroid,MEM_ANDROID_US,REJECT,48
0003,2026-09-19,105,iusluckyclientandroid,MEM_ANDROID_US,PASS,29
0003,2026-09-19,106,iusluckyclientios,MEM_IOS_US,PASS,14
0003,2026-09-19,105,<absent>,MEM_ANDROID_US,PASS,1
0003,2026-09-19,702,<absent>,SELF_SERVICE_MACHINE_US,PASS,1
0003,2026-09-19,105,<absent>,MEM_ANDROID_US,REJECT,2
0003,2026-09-19,108,<absent>,MEM_H5_US,REVIEW,1
0003,2026-09-19,108,<absent>,MEM_H5_US,REJECT,1
0003,2026-09-20,105,iusluckyclientandroid,MEM_ANDROID_US,PASS,21
0003,2026-09-20,105,iusluckyclientandroid,MEM_ANDROID_US,REJECT,28
0003,2026-09-20,105,<absent>,MEM_ANDROID_US,REJECT,4
0003,2026-09-20,105,<absent>,MEM_ANDROID_US,PASS,2
0003,2026-09-20,702,<absent>,SELF_SERVICE_MACHINE_US,PASS,2
0003,2026-09-20,106,iusluckyclientios,MEM_IOS_US,PASS,12
0003,2026-09-20,108,<absent>,MEM_H5_US,PASS,2
0003,2026-09-21,105,iusluckyclientandroid,MEM_ANDROID_US,PASS,15
0003,2026-09-21,105,iusluckyclientandroid,MEM_ANDROID_US,REJECT,38
0003,2026-09-21,106,iusluckyclientios,MEM_IOS_US,PASS,14
0003,2026-09-21,108,<absent>,MEM_H5_US,PASS,1
0003,2026-09-21,702,<absent>,SELF_SERVICE_MACHINE_US,PASS,1
0003,2026-09-21,105,<absent>,MEM_ANDROID_US,PASS,1
0003,2026-09-22,105,iusluckyclientandroid,MEM_ANDROID_US,PASS,39
0003,2026-09-22,105,iusluckyclientandroid,MEM_ANDROID_US,REJECT,28
0003,2026-09-22,106,iusluckyclientios,MEM_IOS_US,PASS,18
0003,2026-09-22,105,<absent>,MEM_ANDROID_US,PASS,3
0003,2026-09-22,105,<absent>,MEM_ANDROID_US,REJECT,3
0003,2026-09-22,702,<absent>,SELF_SERVICE_MACHINE_US,PASS,3
0003,2026-09-22,108,<absent>,MEM_H5_US,PASS,3
0003,2026-09-23,105,iusluckyclientandroid,MEM_ANDROID_US,REJECT,28
0003,2026-09-23,105,iusluckyclientandroid,MEM_ANDROID_US,PASS,25
0003,2026-09-23,106,iusluckyclientios,MEM_IOS_US,PASS,16
0003,2026-09-23,108,<absent>,MEM_H5_US,PASS,2
0003,2026-09-24,105,iusluckyclientandroid,MEM_ANDROID_US,REJECT,11
0003,2026-09-24,105,iusluckyclientandroid,MEM_ANDROID_US,PASS,10
0003,2026-09-24,106,iusluckyclientios,MEM_IOS_US,PASS,9
0003,2026-09-24,108,<absent>,MEM_H5_US,PASS,3
0003,2026-09-24,105,<absent>,MEM_ANDROID_US,PASS,2
0004,2026-09-18,105,iusluckyclientandroid,MEM_ANDROID_US,REJECT,18
0004,2026-09-18,105,iusluckyclientandroid,MEM_ANDROID_US,PASS,24
0004,2026-09-18,106,iusluckyclientios,MEM_IOS_US,PASS,14
0004,2026-09-18,702,<absent>,SELF_SERVICE_MACHINE_US,PASS,2
0004,2026-09-18,108,<absent>,MEM_H5_US,PASS,4
0004,2026-09-19,105,iusluckyclientandroid,MEM_ANDROID_US,REJECT,19
0004,2026-09-19,105,iusluckyclientandroid,MEM_ANDROID_US,PASS,19
0004,2026-09-19,105,<absent>,MEM_ANDROID_US,REJECT,4
0004,2026-09-19,106,iusluckyclientios,MEM_IOS_US,PASS,12
0004,2026-09-20,105,iusluckyclientandroid,MEM_ANDROID_US,REJECT,54
0004,2026-09-20,105,iusluckyclientandroid,MEM_ANDROID_US,PASS,20
0004,2026-09-20,106,iusluckyclientios,MEM_IOS_US,PASS,9
0004,2026-09-20,105,<absent>,MEM_ANDROID_US,REJECT,2
0004,2026-09-20,105,<absent>,MEM_ANDROID_US,PASS,2
0004,2026-09-20,108,<absent>,MEM_H5_US,PASS,2
0004,2026-09-21,105,iusluckyclientandroid,MEM_ANDROID_US,REJECT,12
0004,2026-09-21,105,iusluckyclientandroid,MEM_ANDROID_US,PASS,8
0004,2026-09-21,106,iusluckyclientios,MEM_IOS_US,PASS,14
0004,2026-09-21,105,<absent>,MEM_ANDROID_US,PASS,1
0004,2026-09-22,105,iusluckyclientandroid,MEM_ANDROID_US,PASS,21
0004,2026-09-22,105,iusluckyclientandroid,MEM_ANDROID_US,REJECT,28
0004,2026-09-22,108,<absent>,MEM_H5_US,PASS,2
0004,2026-09-22,106,iusluckyclientios,MEM_IOS_US,PASS,16
0004,2026-09-22,105,<absent>,MEM_ANDROID_US,PASS,9
0004,2026-09-22,105,<absent>,MEM_ANDROID_US,REJECT,2
0004,2026-09-23,105,iusluckyclientandroid,MEM_ANDROID_US,PASS,22
0004,2026-09-23,105,iusluckyclientandroid,MEM_ANDROID_US,REJECT,26
0004,2026-09-23,108,<absent>,MEM_H5_US,PASS,2
0004,2026-09-23,106,iusluckyclientios,MEM_IOS_US,PASS,14
0004,2026-09-23,702,<absent>,SELF_SERVICE_MACHINE_US,PASS,2
0004,2026-09-24,105,iusluckyclientandroid,MEM_ANDROID_US,REJECT,19
0004,2026-09-24,106,iusluckyclientios,MEM_IOS_US,PASS,5
0004,2026-09-24,105,iusluckyclientandroid,MEM_ANDROID_US,PASS,6
0005,2026-09-18,105,iusluckyclientandroid,MEM_ANDROID_US,PASS,17
0005,2026-09-18,105,iusluckyclientandroid,MEM_ANDROID_US,REJECT,23
0005,2026-09-18,105,<absent>,MEM_ANDROID_US,REJECT,2
0005,2026-09-18,106,iusluckyclientios,MEM_IOS_US,PASS,21
0005,2026-09-18,108,<absent>,MEM_H5_US,PASS,2
0005,2026-09-18,702,<absent>,SELF_SERVICE_MACHINE_US,PASS,1
0005,2026-09-19,105,iusluckyclientandroid,MEM_ANDROID_US,REJECT,27
0005,2026-09-19,105,iusluckyclientandroid,MEM_ANDROID_US,PASS,28
0005,2026-09-19,702,<absent>,SELF_SERVICE_MACHINE_US,PASS,2
0005,2026-09-19,106,iusluckyclientios,MEM_IOS_US,PASS,5
0005,2026-09-19,108,<absent>,MEM_H5_US,PASS,4
0005,2026-09-19,105,<absent>,MEM_ANDROID_US,PASS,1
0005,2026-09-19,105,<absent>,MEM_ANDROID_US,REJECT,1
0005,2026-09-20,105,iusluckyclientandroid,MEM_ANDROID_US,REJECT,21
0005,2026-09-20,106,iusluckyclientios,MEM_IOS_US,PASS,8
0005,2026-09-20,105,iusluckyclientandroid,MEM_ANDROID_US,PASS,6
0005,2026-09-20,105,<absent>,MEM_ANDROID_US,REJECT,3
0005,2026-09-20,105,<absent>,MEM_ANDROID_US,PASS,3
0005,2026-09-20,702,<absent>,SELF_SERVICE_MACHINE_US,PASS,1
0005,2026-09-21,105,iusluckyclientandroid,MEM_ANDROID_US,PASS,15
0005,2026-09-21,108,<absent>,MEM_H5_US,PASS,2
0005,2026-09-21,105,iusluckyclientandroid,MEM_ANDROID_US,REJECT,24
0005,2026-09-21,702,<absent>,SELF_SERVICE_MACHINE_US,PASS,2
0005,2026-09-21,106,iusluckyclientios,MEM_IOS_US,PASS,12
0005,2026-09-22,105,iusluckyclientandroid,MEM_ANDROID_US,REJECT,20
0005,2026-09-22,105,iusluckyclientandroid,MEM_ANDROID_US,PASS,22
0005,2026-09-22,106,iusluckyclientios,MEM_IOS_US,PASS,14
0005,2026-09-22,702,<absent>,SELF_SERVICE_MACHINE_US,PASS,2
0005,2026-09-22,105,<absent>,MEM_ANDROID_US,REJECT,28
0005,2026-09-22,106,<absent>,MEM_IOS_US,PASS,1
0005,2026-09-22,105,<absent>,MEM_ANDROID_US,PASS,1
0005,2026-09-22,108,<absent>,MEM_H5_US,PASS,2
0005,2026-09-23,105,iusluckyclientandroid,MEM_ANDROID_US,PASS,19
0005,2026-09-23,105,iusluckyclientandroid,MEM_ANDROID_US,REJECT,48
0005,2026-09-23,106,iusluckyclientios,MEM_IOS_US,PASS,15
0005,2026-09-23,108,<absent>,MEM_H5_US,PASS,2
0005,2026-09-23,105,<absent>,MEM_ANDROID_US,REJECT,1
0005,2026-09-24,105,iusluckyclientandroid,MEM_ANDROID_US,PASS,4
0005,2026-09-24,108,<absent>,MEM_H5_US,PASS,3
0005,2026-09-24,105,iusluckyclientandroid,MEM_ANDROID_US,REJECT,10
0005,2026-09-24,106,iusluckyclientios,MEM_IOS_US,PASS,14
0005,2026-09-24,106,<absent>,MEM_IOS_US,PASS,1
0006,2026-09-18,105,iusluckyclientandroid,MEM_ANDROID_US,REJECT,40
0006,2026-09-18,105,iusluckyclientandroid,MEM_ANDROID_US,PASS,28
0006,2026-09-18,106,iusluckyclientios,MEM_IOS_US,PASS,11
0006,2026-09-18,108,<absent>,MEM_H5_US,PASS,3
0006,2026-09-18,702,<absent>,SELF_SERVICE_MACHINE_US,PASS,1
0006,2026-09-19,105,iusluckyclientandroid,MEM_ANDROID_US,REJECT,43
0006,2026-09-19,105,iusluckyclientandroid,MEM_ANDROID_US,PASS,26
0006,2026-09-19,106,iusluckyclientios,MEM_IOS_US,PASS,25
0006,2026-09-19,105,<absent>,MEM_ANDROID_US,REJECT,1
0006,2026-09-19,702,<absent>,SELF_SERVICE_MACHINE_US,PASS,4
0006,2026-09-19,108,<absent>,MEM_H5_US,PASS,4
0006,2026-09-19,105,<absent>,MEM_ANDROID_US,PASS,2
0006,2026-09-20,105,iusluckyclientandroid,MEM_ANDROID_US,PASS,14
0006,2026-09-20,105,iusluckyclientandroid,MEM_ANDROID_US,REJECT,23
0006,2026-09-20,105,<absent>,MEM_ANDROID_US,PASS,1
0006,2026-09-20,108,<absent>,MEM_H5_US,PASS,4
0006,2026-09-20,106,iusluckyclientios,MEM_IOS_US,PASS,4
0006,2026-09-20,702,<absent>,SELF_SERVICE_MACHINE_US,PASS,1
0006,2026-09-21,105,iusluckyclientandroid,MEM_ANDROID_US,PASS,32
0006,2026-09-21,105,iusluckyclientandroid,MEM_ANDROID_US,REJECT,43
0006,2026-09-21,106,iusluckyclientios,MEM_IOS_US,PASS,8
0006,2026-09-21,105,<absent>,MEM_ANDROID_US,PASS,5
0006,2026-09-22,105,iusluckyclientandroid,MEM_ANDROID_US,PASS,26
0006,2026-09-22,105,iusluckyclientandroid,MEM_ANDROID_US,REJECT,30
0006,2026-09-22,106,iusluckyclientios,MEM_IOS_US,PASS,9
0006,2026-09-22,108,<absent>,MEM_H5_US,PASS,2
0006,2026-09-22,702,<absent>,SELF_SERVICE_MACHINE_US,PASS,1
0006,2026-09-22,106,<absent>,MEM_IOS_US,PASS,1
0006,2026-09-23,105,iusluckyclientandroid,MEM_ANDROID_US,PASS,17
0006,2026-09-23,105,iusluckyclientandroid,MEM_ANDROID_US,REJECT,14
0006,2026-09-23,106,iusluckyclientios,MEM_IOS_US,PASS,16
0006,2026-09-23,108,<absent>,MEM_H5_US,PASS,4
0006,2026-09-24,105,iusluckyclientandroid,MEM_ANDROID_US,REJECT,24
0006,2026-09-24,105,iusluckyclientandroid,MEM_ANDROID_US,PASS,21
0006,2026-09-24,105,<absent>,MEM_ANDROID_US,REJECT,2
0006,2026-09-24,108,<absent>,MEM_H5_US,PASS,2
0006,2026-09-24,106,iusluckyclientios,MEM_IOS_US,PASS,17
0006,2026-09-24,702,<absent>,SELF_SERVICE_MACHINE_US,PASS,1
0007,2026-09-18,105,iusluckyclientandroid,MEM_ANDROID_US,REJECT,22
0007,2026-09-18,105,iusluckyclientandroid,MEM_ANDROID_US,PASS,12
0007,2026-09-18,105,<absent>,MEM_ANDROID_US,PASS,2
0007,2026-09-18,105,<absent>,MEM_ANDROID_US,REJECT,2
0007,2026-09-18,106,iusluckyclientios,MEM_IOS_US,PASS,11
0007,2026-09-18,702,<absent>,SELF_SERVICE_MACHINE_US,PASS,2
0007,2026-09-18,108,<absent>,MEM_H5_US,PASS,1
0007,2026-09-19,105,iusluckyclientandroid,MEM_ANDROID_US,REJECT,26
0007,2026-09-19,105,iusluckyclientandroid,MEM_ANDROID_US,PASS,17
0007,2026-09-19,106,iusluckyclientios,MEM_IOS_US,PASS,15
0007,2026-09-19,108,<absent>,MEM_H5_US,PASS,2
0007,2026-09-19,702,<absent>,SELF_SERVICE_MACHINE_US,PASS,2
0007,2026-09-19,105,<absent>,MEM_ANDROID_US,PASS,1
0007,2026-09-19,105,<absent>,MEM_ANDROID_US,REJECT,1
0007,2026-09-19,108,<absent>,MEM_H5_US,REVIEW,1
0007,2026-09-20,105,<absent>,MEM_ANDROID_US,REJECT,6
0007,2026-09-20,105,iusluckyclientandroid,MEM_ANDROID_US,REJECT,19
0007,2026-09-20,105,iusluckyclientandroid,MEM_ANDROID_US,PASS,12
0007,2026-09-20,105,<absent>,MEM_ANDROID_US,PASS,6
0007,2026-09-20,106,iusluckyclientios,MEM_IOS_US,PASS,18
0007,2026-09-20,108,<absent>,MEM_H5_US,PASS,1
0007,2026-09-21,106,iusluckyclientios,MEM_IOS_US,PASS,9
0007,2026-09-21,105,iusluckyclientandroid,MEM_ANDROID_US,PASS,30
0007,2026-09-21,105,iusluckyclientandroid,MEM_ANDROID_US,REJECT,23
0007,2026-09-21,108,<absent>,MEM_H5_US,PASS,1
0007,2026-09-21,702,<absent>,SELF_SERVICE_MACHINE_US,PASS,1
0007,2026-09-21,105,<absent>,MEM_ANDROID_US,PASS,2
0007,2026-09-21,105,<absent>,MEM_ANDROID_US,REJECT,1
0007,2026-09-22,105,iusluckyclientandroid,MEM_ANDROID_US,PASS,26
0007,2026-09-22,105,iusluckyclientandroid,MEM_ANDROID_US,REJECT,26
0007,2026-09-22,105,<absent>,MEM_ANDROID_US,PASS,1
0007,2026-09-22,108,<absent>,MEM_H5_US,PASS,2
0007,2026-09-22,106,iusluckyclientios,MEM_IOS_US,PASS,8
0007,2026-09-22,105,<absent>,MEM_ANDROID_US,REJECT,1
0007,2026-09-23,105,iusluckyclientandroid,MEM_ANDROID_US,REJECT,34
0007,2026-09-23,105,iusluckyclientandroid,MEM_ANDROID_US,PASS,14
0007,2026-09-23,106,iusluckyclientios,MEM_IOS_US,PASS,16
0007,2026-09-23,702,<absent>,SELF_SERVICE_MACHINE_US,PASS,1
0007,2026-09-24,105,iusluckyclientandroid,MEM_ANDROID_US,REJECT,15
0007,2026-09-24,105,iusluckyclientandroid,MEM_ANDROID_US,PASS,4
0007,2026-09-24,106,iusluckyclientios,MEM_IOS_US,PASS,14
0007,2026-09-24,702,<absent>,SELF_SERVICE_MACHINE_US,PASS,2
0007,2026-09-24,108,<absent>,MEM_H5_US,PASS,3
0007,2026-09-24,105,<absent>,MEM_ANDROID_US,PASS,2
0007,2026-09-24,105,<absent>,MEM_ANDROID_US,REJECT,2
0008,2026-09-18,105,iusluckyclientandroid,MEM_ANDROID_US,PASS,13
0008,2026-09-18,105,iusluckyclientandroid,MEM_ANDROID_US,REJECT,33
0008,2026-09-18,105,<absent>,MEM_ANDROID_US,REJECT,29
0008,2026-09-18,108,<absent>,MEM_H5_US,PASS,1
0008,2026-09-18,106,iusluckyclientios,MEM_IOS_US,PASS,12
0008,2026-09-18,702,<absent>,SELF_SERVICE_MACHINE_US,PASS,2
0008,2026-09-19,105,iusluckyclientandroid,MEM_ANDROID_US,PASS,17
0008,2026-09-19,105,iusluckyclientandroid,MEM_ANDROID_US,REJECT,31
0008,2026-09-19,106,iusluckyclientios,MEM_IOS_US,PASS,15
0008,2026-09-19,108,<absent>,MEM_H5_US,PASS,2
0008,2026-09-19,702,<absent>,SELF_SERVICE_MACHINE_US,PASS,3
0008,2026-09-20,105,<absent>,MEM_ANDROID_US,PASS,1
0008,2026-09-20,105,iusluckyclientandroid,MEM_ANDROID_US,REJECT,17
0008,2026-09-20,105,iusluckyclientandroid,MEM_ANDROID_US,PASS,9
0008,2026-09-20,106,iusluckyclientios,MEM_IOS_US,PASS,9
0008,2026-09-20,105,<absent>,MEM_ANDROID_US,REJECT,10
0008,2026-09-21,105,iusluckyclientandroid,MEM_ANDROID_US,PASS,22
0008,2026-09-21,105,iusluckyclientandroid,MEM_ANDROID_US,REJECT,22
0008,2026-09-21,106,iusluckyclientios,MEM_IOS_US,PASS,16
0008,2026-09-21,108,<absent>,MEM_H5_US,PASS,2
0008,2026-09-21,105,<absent>,MEM_ANDROID_US,REJECT,1
0008,2026-09-21,702,<absent>,SELF_SERVICE_MACHINE_US,PASS,2
0008,2026-09-21,105,<absent>,MEM_ANDROID_US,PASS,1
0008,2026-09-22,105,iusluckyclientandroid,MEM_ANDROID_US,PASS,13
0008,2026-09-22,105,iusluckyclientandroid,MEM_ANDROID_US,REJECT,29
0008,2026-09-22,106,iusluckyclientios,MEM_IOS_US,PASS,13
0008,2026-09-22,106,iusluckyclientios,MEM_IOS_US,REJECT,4
0008,2026-09-23,105,iusluckyclientandroid,MEM_ANDROID_US,REJECT,28
0008,2026-09-23,105,iusluckyclientandroid,MEM_ANDROID_US,PASS,16
0008,2026-09-23,105,<absent>,MEM_ANDROID_US,REJECT,2
0008,2026-09-23,106,iusluckyclientios,MEM_IOS_US,PASS,22
0008,2026-09-23,108,<absent>,MEM_H5_US,PASS,1
0008,2026-09-24,105,iusluckyclientandroid,MEM_ANDROID_US,REJECT,8
0008,2026-09-24,105,iusluckyclientandroid,MEM_ANDROID_US,PASS,9
0008,2026-09-24,106,iusluckyclientios,MEM_IOS_US,PASS,13
0008,2026-09-24,108,<absent>,MEM_H5_US,PASS,2
0009,2026-09-18,105,iusluckyclientandroid,MEM_ANDROID_US,PASS,15
0009,2026-09-18,105,iusluckyclientandroid,MEM_ANDROID_US,REJECT,16
0009,2026-09-18,702,<absent>,SELF_SERVICE_MACHINE_US,PASS,3
0009,2026-09-18,106,iusluckyclientios,MEM_IOS_US,PASS,17
0009,2026-09-18,108,<absent>,MEM_H5_US,PASS,3
0009,2026-09-19,105,iusluckyclientandroid,MEM_ANDROID_US,REJECT,17
0009,2026-09-19,105,iusluckyclientandroid,MEM_ANDROID_US,PASS,16
0009,2026-09-19,108,<absent>,MEM_H5_US,REJECT,2
0009,2026-09-19,108,<absent>,MEM_H5_US,PASS,3
0009,2026-09-19,105,<absent>,MEM_ANDROID_US,REJECT,2
0009,2026-09-19,106,iusluckyclientios,MEM_IOS_US,PASS,14
0009,2026-09-19,702,<absent>,SELF_SERVICE_MACHINE_US,PASS,3
0009,2026-09-19,105,<absent>,MEM_ANDROID_US,PASS,6
0009,2026-09-20,105,iusluckyclientandroid,MEM_ANDROID_US,PASS,9
0009,2026-09-20,108,<absent>,MEM_H5_US,PASS,2
0009,2026-09-20,106,iusluckyclientios,MEM_IOS_US,PASS,10
0009,2026-09-20,105,iusluckyclientandroid,MEM_ANDROID_US,REJECT,15
0009,2026-09-20,105,<absent>,MEM_ANDROID_US,REJECT,2
0009,2026-09-20,105,<absent>,MEM_ANDROID_US,PASS,3
0009,2026-09-21,106,iusluckyclientios,MEM_IOS_US,PASS,15
0009,2026-09-21,105,iusluckyclientandroid,MEM_ANDROID_US,REJECT,13
0009,2026-09-21,105,iusluckyclientandroid,MEM_ANDROID_US,PASS,7
0009,2026-09-21,108,<absent>,MEM_H5_US,PASS,2
0009,2026-09-21,105,<absent>,MEM_ANDROID_US,PASS,1
0009,2026-09-22,105,iusluckyclientandroid,MEM_ANDROID_US,REJECT,13
0009,2026-09-22,105,iusluckyclientandroid,MEM_ANDROID_US,PASS,17
0009,2026-09-22,106,iusluckyclientios,MEM_IOS_US,PASS,9
0009,2026-09-23,105,iusluckyclientandroid,MEM_ANDROID_US,REJECT,40
0009,2026-09-23,106,iusluckyclientios,MEM_IOS_US,PASS,21
0009,2026-09-23,105,iusluckyclientandroid,MEM_ANDROID_US,PASS,28
0009,2026-09-23,108,<absent>,MEM_H5_US,PASS,3
0009,2026-09-23,702,<absent>,SELF_SERVICE_MACHINE_US,PASS,1
0009,2026-09-24,105,iusluckyclientandroid,MEM_ANDROID_US,REJECT,15
0009,2026-09-24,106,iusluckyclientios,MEM_IOS_US,PASS,22
0009,2026-09-24,105,iusluckyclientandroid,MEM_ANDROID_US,PASS,3
0009,2026-09-24,105,<absent>,MEM_ANDROID_US,REJECT,5
0009,2026-09-24,702,<absent>,SELF_SERVICE_MACHINE_US,PASS,1
0009,2026-09-24,108,<absent>,MEM_H5_US,PASS,2
0010,2026-09-18,105,iusluckyclientandroid,MEM_ANDROID_US,REJECT,26
0010,2026-09-18,105,iusluckyclientandroid,MEM_ANDROID_US,PASS,22
0010,2026-09-18,106,iusluckyclientios,MEM_IOS_US,PASS,16
0010,2026-09-18,108,<absent>,MEM_H5_US,PASS,3
0010,2026-09-18,105,<absent>,MEM_ANDROID_US,PASS,3
0010,2026-09-18,105,<absent>,MEM_ANDROID_US,REJECT,2
0010,2026-09-19,105,iusluckyclientandroid,MEM_ANDROID_US,REJECT,46
0010,2026-09-19,105,iusluckyclientandroid,MEM_ANDROID_US,PASS,38
0010,2026-09-19,106,iusluckyclientios,MEM_IOS_US,PASS,16
0010,2026-09-19,108,<absent>,MEM_H5_US,PASS,6
0010,2026-09-19,108,<absent>,MEM_H5_US,REJECT,1
0010,2026-09-19,702,<absent>,SELF_SERVICE_MACHINE_US,PASS,2
0010,2026-09-19,105,<absent>,MEM_ANDROID_US,REJECT,2
0010,2026-09-20,105,iusluckyclientandroid,MEM_ANDROID_US,PASS,21
0010,2026-09-20,105,iusluckyclientandroid,MEM_ANDROID_US,REJECT,25
0010,2026-09-20,106,iusluckyclientios,MEM_IOS_US,PASS,10
0010,2026-09-20,105,<absent>,MEM_ANDROID_US,REJECT,3
0010,2026-09-20,108,<absent>,MEM_H5_US,PASS,2
0010,2026-09-21,105,iusluckyclientandroid,MEM_ANDROID_US,REJECT,39
0010,2026-09-21,105,iusluckyclientandroid,MEM_ANDROID_US,PASS,20
0010,2026-09-21,105,<absent>,MEM_ANDROID_US,REJECT,3
0010,2026-09-21,106,iusluckyclientios,MEM_IOS_US,PASS,13
0010,2026-09-21,108,<absent>,MEM_H5_US,PASS,4
0010,2026-09-21,702,<absent>,SELF_SERVICE_MACHINE_US,PASS,2
0010,2026-09-22,105,iusluckyclientandroid,MEM_ANDROID_US,PASS,32
0010,2026-09-22,105,iusluckyclientandroid,MEM_ANDROID_US,REJECT,32
0010,2026-09-22,105,<absent>,MEM_ANDROID_US,REJECT,3
0010,2026-09-22,106,iusluckyclientios,MEM_IOS_US,PASS,9
0010,2026-09-22,105,<absent>,MEM_ANDROID_US,PASS,1
0010,2026-09-23,105,iusluckyclientandroid,MEM_ANDROID_US,REJECT,37
0010,2026-09-23,105,iusluckyclientandroid,MEM_ANDROID_US,PASS,24
0010,2026-09-23,106,iusluckyclientios,MEM_IOS_US,PASS,22
0010,2026-09-23,702,<absent>,SELF_SERVICE_MACHINE_US,PASS,3
0010,2026-09-23,108,<absent>,MEM_H5_US,PASS,2
0010,2026-09-24,105,iusluckyclientandroid,MEM_ANDROID_US,REJECT,19
0010,2026-09-24,105,iusluckyclientandroid,MEM_ANDROID_US,PASS,5
0010,2026-09-24,106,iusluckyclientios,MEM_IOS_US,PASS,16
0010,2026-09-24,702,<absent>,SELF_SERVICE_MACHINE_US,PASS,1
0010,2026-09-24,108,<absent>,MEM_H5_US,PASS,4
0010,2026-09-24,105,<absent>,MEM_ANDROID_US,REJECT,1
0010,2026-09-24,108,<absent>,MEM_H5_US,REVIEW,1
0010,2026-09-24,108,<absent>,MEM_H5_US,REJECT,1
0011,2026-09-18,105,iusluckyclientandroid,MEM_ANDROID_US,PASS,15
0011,2026-09-18,105,iusluckyclientandroid,MEM_ANDROID_US,REJECT,22
0011,2026-09-18,105,<absent>,MEM_ANDROID_US,REJECT,3
0011,2026-09-18,106,iusluckyclientios,MEM_IOS_US,PASS,16
0011,2026-09-18,108,<absent>,MEM_H5_US,REVIEW,1
0011,2026-09-18,108,<absent>,MEM_H5_US,PASS,3
0011,2026-09-18,702,<absent>,SELF_SERVICE_MACHINE_US,PASS,1
0011,2026-09-19,105,iusluckyclientandroid,MEM_ANDROID_US,PASS,24
0011,2026-09-19,105,iusluckyclientandroid,MEM_ANDROID_US,REJECT,31
0011,2026-09-19,106,iusluckyclientios,MEM_IOS_US,PASS,11
0011,2026-09-19,108,<absent>,MEM_H5_US,REVIEW,1
0011,2026-09-19,108,<absent>,MEM_H5_US,PASS,2
0011,2026-09-19,702,<absent>,SELF_SERVICE_MACHINE_US,PASS,1
0011,2026-09-20,105,iusluckyclientandroid,MEM_ANDROID_US,PASS,14
0011,2026-09-20,105,iusluckyclientandroid,MEM_ANDROID_US,REJECT,43
0011,2026-09-20,105,<absent>,MEM_ANDROID_US,PASS,1
0011,2026-09-20,106,iusluckyclientios,MEM_IOS_US,PASS,12
0011,2026-09-20,106,<absent>,MEM_IOS_US,PASS,1
0011,2026-09-20,108,<absent>,MEM_H5_US,PASS,1
0011,2026-09-21,105,iusluckyclientandroid,MEM_ANDROID_US,PASS,24
0011,2026-09-21,106,iusluckyclientios,MEM_IOS_US,PASS,17
0011,2026-09-21,105,iusluckyclientandroid,MEM_ANDROID_US,REJECT,27
0011,2026-09-21,108,<absent>,MEM_H5_US,REJECT,3
0011,2026-09-21,702,<absent>,SELF_SERVICE_MACHINE_US,PASS,1
0011,2026-09-21,108,<absent>,MEM_H5_US,PASS,2
0011,2026-09-21,108,<absent>,MEM_H5_US,REVIEW,1
0011,2026-09-21,105,<absent>,MEM_ANDROID_US,PASS,2
0011,2026-09-22,106,iusluckyclientios,MEM_IOS_US,PASS,13
0011,2026-09-22,105,iusluckyclientandroid,MEM_ANDROID_US,PASS,20
0011,2026-09-22,105,iusluckyclientandroid,MEM_ANDROID_US,REJECT,18
0011,2026-09-22,108,<absent>,MEM_H5_US,PASS,2
0011,2026-09-22,702,<absent>,SELF_SERVICE_MACHINE_US,PASS,1
0011,2026-09-22,105,<absent>,MEM_ANDROID_US,PASS,1
0011,2026-09-23,105,iusluckyclientandroid,MEM_ANDROID_US,PASS,29
0011,2026-09-23,105,iusluckyclientandroid,MEM_ANDROID_US,REJECT,49
0011,2026-09-23,105,<absent>,MEM_ANDROID_US,PASS,1
0011,2026-09-23,106,iusluckyclientios,MEM_IOS_US,PASS,25
0011,2026-09-23,108,<absent>,MEM_H5_US,PASS,5
0011,2026-09-23,702,<absent>,SELF_SERVICE_MACHINE_US,PASS,1
0011,2026-09-24,105,iusluckyclientandroid,MEM_ANDROID_US,REJECT,29
0011,2026-09-24,105,iusluckyclientandroid,MEM_ANDROID_US,PASS,10
0011,2026-09-24,105,<absent>,MEM_ANDROID_US,PASS,1
0011,2026-09-24,106,iusluckyclientios,MEM_IOS_US,PASS,14
0011,2026-09-24,702,<absent>,SELF_SERVICE_MACHINE_US,PASS,3
0011,2026-09-24,108,<absent>,MEM_H5_US,PASS,2
0012,2026-09-18,105,iusluckyclientandroid,MEM_ANDROID_US,PASS,20
0012,2026-09-18,105,iusluckyclientandroid,MEM_ANDROID_US,REJECT,32
0012,2026-09-18,105,<absent>,MEM_ANDROID_US,PASS,1
0012,2026-09-18,106,iusluckyclientios,MEM_IOS_US,PASS,10
0012,2026-09-18,108,<absent>,MEM_H5_US,PASS,3
0012,2026-09-18,702,<absent>,SELF_SERVICE_MACHINE_US,PASS,1
0012,2026-09-19,105,iusluckyclientandroid,MEM_ANDROID_US,REJECT,48
0012,2026-09-19,105,iusluckyclientandroid,MEM_ANDROID_US,PASS,16
0012,2026-09-19,105,<absent>,MEM_ANDROID_US,REJECT,5
0012,2026-09-19,106,<absent>,MEM_IOS_US,PASS,1
0012,2026-09-19,106,iusluckyclientios,MEM_IOS_US,PASS,10
0012,2026-09-19,702,<absent>,SELF_SERVICE_MACHINE_US,PASS,1
0012,2026-09-20,105,iusluckyclientandroid,MEM_ANDROID_US,PASS,24
0012,2026-09-20,105,<absent>,MEM_ANDROID_US,PASS,4
0012,2026-09-20,105,iusluckyclientandroid,MEM_ANDROID_US,REJECT,15
0012,2026-09-20,106,iusluckyclientios,MEM_IOS_US,PASS,17
0012,2026-09-20,108,<absent>,MEM_H5_US,PASS,1
0012,2026-09-20,105,<absent>,MEM_ANDROID_US,REJECT,1
0012,2026-09-21,105,iusluckyclientandroid,MEM_ANDROID_US,PASS,14
0012,2026-09-21,105,iusluckyclientandroid,MEM_ANDROID_US,REJECT,19
0012,2026-09-21,105,<absent>,MEM_ANDROID_US,PASS,4
0012,2026-09-21,702,<absent>,SELF_SERVICE_MACHINE_US,PASS,2
0012,2026-09-21,106,iusluckyclientios,MEM_IOS_US,PASS,12
0012,2026-09-21,108,<absent>,MEM_H5_US,PASS,2
0012,2026-09-22,105,iusluckyclientandroid,MEM_ANDROID_US,REJECT,34
0012,2026-09-22,105,iusluckyclientandroid,MEM_ANDROID_US,PASS,25
0012,2026-09-22,106,iusluckyclientios,MEM_IOS_US,PASS,13
0012,2026-09-22,105,<absent>,MEM_ANDROID_US,REJECT,1
0012,2026-09-22,702,<absent>,SELF_SERVICE_MACHINE_US,PASS,1
0012,2026-09-22,105,<absent>,MEM_ANDROID_US,PASS,2
0012,2026-09-22,108,<absent>,MEM_H5_US,PASS,1
0012,2026-09-23,105,iusluckyclientandroid,MEM_ANDROID_US,PASS,25
0012,2026-09-23,105,iusluckyclientandroid,MEM_ANDROID_US,REJECT,48
0012,2026-09-23,106,iusluckyclientios,MEM_IOS_US,PASS,19
0012,2026-09-23,108,<absent>,MEM_H5_US,PASS,3
0012,2026-09-23,702,<absent>,SELF_SERVICE_MACHINE_US,PASS,3
0012,2026-09-23,105,<absent>,MEM_ANDROID_US,REJECT,4
0012,2026-09-24,105,iusluckyclientandroid,MEM_ANDROID_US,REJECT,49
0012,2026-09-24,105,iusluckyclientandroid,MEM_ANDROID_US,PASS,4
0012,2026-09-24,105,<absent>,MEM_ANDROID_US,PASS,1
0012,2026-09-24,106,iusluckyclientios,MEM_IOS_US,PASS,20
0012,2026-09-24,702,<absent>,SELF_SERVICE_MACHINE_US,PASS,1
0013,2026-09-18,105,iusluckyclientandroid,MEM_ANDROID_US,PASS,14
0013,2026-09-18,105,iusluckyclientandroid,MEM_ANDROID_US,REJECT,34
0013,2026-09-18,105,<absent>,MEM_ANDROID_US,PASS,9
0013,2026-09-18,105,<absent>,MEM_ANDROID_US,REJECT,3
0013,2026-09-18,106,iusluckyclientios,MEM_IOS_US,PASS,21
0013,2026-09-18,108,<absent>,MEM_H5_US,PASS,1
0013,2026-09-19,105,iusluckyclientandroid,MEM_ANDROID_US,REJECT,66
0013,2026-09-19,105,iusluckyclientandroid,MEM_ANDROID_US,PASS,58
0013,2026-09-19,105,<absent>,MEM_ANDROID_US,REJECT,1
0013,2026-09-19,108,<absent>,MEM_H5_US,PASS,1
0013,2026-09-19,106,iusluckyclientios,MEM_IOS_US,PASS,12
0013,2026-09-19,105,<absent>,MEM_ANDROID_US,PASS,4
0013,2026-09-19,702,<absent>,SELF_SERVICE_MACHINE_US,PASS,1
0013,2026-09-20,105,iusluckyclientandroid,MEM_ANDROID_US,PASS,20
0013,2026-09-20,106,iusluckyclientios,MEM_IOS_US,PASS,10
0013,2026-09-20,105,iusluckyclientandroid,MEM_ANDROID_US,REJECT,36
0013,2026-09-20,105,<absent>,MEM_ANDROID_US,PASS,3
0013,2026-09-20,105,<absent>,MEM_ANDROID_US,REJECT,2
0013,2026-09-20,108,<absent>,MEM_H5_US,PASS,2
0013,2026-09-20,702,<absent>,SELF_SERVICE_MACHINE_US,PASS,3
0013,2026-09-21,105,<absent>,MEM_ANDROID_US,REJECT,5
0013,2026-09-21,105,iusluckyclientandroid,MEM_ANDROID_US,PASS,15
0013,2026-09-21,105,iusluckyclientandroid,MEM_ANDROID_US,REJECT,28
0013,2026-09-21,106,iusluckyclientios,MEM_IOS_US,REJECT,6
0013,2026-09-21,106,iusluckyclientios,MEM_IOS_US,PASS,11
0013,2026-09-21,108,<absent>,MEM_H5_US,PASS,2
0013,2026-09-22,105,iusluckyclientandroid,MEM_ANDROID_US,REJECT,28
0013,2026-09-22,105,iusluckyclientandroid,MEM_ANDROID_US,PASS,31
0013,2026-09-22,108,<absent>,MEM_H5_US,PASS,4
0013,2026-09-22,106,iusluckyclientios,MEM_IOS_US,REJECT,1
0013,2026-09-22,106,iusluckyclientios,MEM_IOS_US,PASS,11
0013,2026-09-22,702,<absent>,SELF_SERVICE_MACHINE_US,PASS,1
0013,2026-09-22,105,<absent>,MEM_ANDROID_US,PASS,1
0013,2026-09-23,105,iusluckyclientandroid,MEM_ANDROID_US,REJECT,46
0013,2026-09-23,105,iusluckyclientandroid,MEM_ANDROID_US,PASS,16
0013,2026-09-23,108,<absent>,MEM_H5_US,PASS,2
0013,2026-09-23,106,iusluckyclientios,MEM_IOS_US,PASS,14
0013,2026-09-23,702,<absent>,SELF_SERVICE_MACHINE_US,PASS,1
0013,2026-09-24,105,iusluckyclientandroid,MEM_ANDROID_US,REJECT,21
0013,2026-09-24,105,iusluckyclientandroid,MEM_ANDROID_US,PASS,13
0013,2026-09-24,106,iusluckyclientios,MEM_IOS_US,PASS,9
0013,2026-09-24,702,<absent>,SELF_SERVICE_MACHINE_US,PASS,3
0013,2026-09-24,108,<absent>,MEM_H5_US,PASS,2
0014,2026-09-18,105,iusluckyclientandroid,MEM_ANDROID_US,REJECT,24
0014,2026-09-18,105,iusluckyclientandroid,MEM_ANDROID_US,PASS,44
0014,2026-09-18,105,<absent>,MEM_ANDROID_US,PASS,1
0014,2026-09-18,108,<absent>,MEM_H5_US,PASS,6
0014,2026-09-18,106,iusluckyclientios,MEM_IOS_US,PASS,13
0014,2026-09-18,702,<absent>,SELF_SERVICE_MACHINE_US,PASS,1
0014,2026-09-18,105,<absent>,MEM_ANDROID_US,REJECT,1
0014,2026-09-19,105,iusluckyclientandroid,MEM_ANDROID_US,REJECT,42
0014,2026-09-19,105,iusluckyclientandroid,MEM_ANDROID_US,PASS,39
0014,2026-09-19,106,iusluckyclientios,MEM_IOS_US,PASS,10
0014,2026-09-19,105,<absent>,MEM_ANDROID_US,REJECT,3
0014,2026-09-19,702,<absent>,SELF_SERVICE_MACHINE_US,PASS,3
0014,2026-09-19,105,<absent>,MEM_ANDROID_US,PASS,3
0014,2026-09-19,108,<absent>,MEM_H5_US,PASS,3
0014,2026-09-19,108,<absent>,MEM_H5_US,REVIEW,1
0014,2026-09-20,105,iusluckyclientandroid,MEM_ANDROID_US,REJECT,53
0014,2026-09-20,105,iusluckyclientandroid,MEM_ANDROID_US,PASS,22
0014,2026-09-20,105,<absent>,MEM_ANDROID_US,PASS,6
0014,2026-09-20,106,iusluckyclientios,MEM_IOS_US,PASS,9
0014,2026-09-20,105,<absent>,MEM_ANDROID_US,REJECT,3
0014,2026-09-20,106,<absent>,MEM_IOS_US,PASS,1
0014,2026-09-20,108,<absent>,MEM_H5_US,PASS,1
0014,2026-09-21,106,iusluckyclientios,MEM_IOS_US,PASS,24
0014,2026-09-21,105,iusluckyclientandroid,MEM_ANDROID_US,PASS,14
0014,2026-09-21,105,iusluckyclientandroid,MEM_ANDROID_US,REJECT,13
0014,2026-09-21,105,<absent>,MEM_ANDROID_US,REJECT,31
0014,2026-09-21,108,<absent>,MEM_H5_US,PASS,6
0014,2026-09-21,108,<absent>,MEM_H5_US,REVIEW,3
0014,2026-09-21,702,<absent>,SELF_SERVICE_MACHINE_US,PASS,1
0014,2026-09-22,106,iusluckyclientios,MEM_IOS_US,PASS,16
0014,2026-09-22,105,iusluckyclientandroid,MEM_ANDROID_US,REJECT,23
0014,2026-09-22,105,iusluckyclientandroid,MEM_ANDROID_US,PASS,13
0014,2026-09-22,105,<absent>,MEM_ANDROID_US,PASS,6
0014,2026-09-22,105,<absent>,MEM_ANDROID_US,REJECT,2
0014,2026-09-22,702,<absent>,SELF_SERVICE_MACHINE_US,PASS,1
0014,2026-09-22,108,<absent>,MEM_H5_US,PASS,3
0014,2026-09-23,105,iusluckyclientandroid,MEM_ANDROID_US,PASS,13
0014,2026-09-23,105,iusluckyclientandroid,MEM_ANDROID_US,REJECT,17
0014,2026-09-23,105,<absent>,MEM_ANDROID_US,REJECT,1
0014,2026-09-23,106,iusluckyclientios,MEM_IOS_US,PASS,14
0014,2026-09-23,702,<absent>,SELF_SERVICE_MACHINE_US,PASS,2
0014,2026-09-23,108,<absent>,MEM_H5_US,PASS,2
0014,2026-09-23,108,<absent>,MEM_H5_US,REVIEW,2
0014,2026-09-24,105,iusluckyclientandroid,MEM_ANDROID_US,REJECT,12
0014,2026-09-24,105,iusluckyclientandroid,MEM_ANDROID_US,PASS,6
0014,2026-09-24,106,iusluckyclientios,MEM_IOS_US,PASS,5
0014,2026-09-24,702,<absent>,SELF_SERVICE_MACHINE_US,PASS,1
0014,2026-09-24,105,<absent>,MEM_ANDROID_US,REJECT,12
0014,2026-09-24,108,<absent>,MEM_H5_US,PASS,2
0014,2026-09-24,105,<absent>,MEM_ANDROID_US,PASS,4
0015,2026-09-18,106,iusluckyclientios,MEM_IOS_US,PASS,26
0015,2026-09-18,105,iusluckyclientandroid,MEM_ANDROID_US,REJECT,23
0015,2026-09-18,105,iusluckyclientandroid,MEM_ANDROID_US,PASS,13
0015,2026-09-18,105,<absent>,MEM_ANDROID_US,PASS,1
0015,2026-09-18,108,<absent>,MEM_H5_US,PASS,3
0015,2026-09-18,702,<absent>,SELF_SERVICE_MACHINE_US,PASS,3
0015,2026-09-19,105,iusluckyclientandroid,MEM_ANDROID_US,REJECT,34
0015,2026-09-19,106,iusluckyclientios,MEM_IOS_US,PASS,13
0015,2026-09-19,105,iusluckyclientandroid,MEM_ANDROID_US,PASS,15
0015,2026-09-19,105,<absent>,MEM_ANDROID_US,REJECT,6
0015,2026-09-20,105,iusluckyclientandroid,MEM_ANDROID_US,PASS,15
0015,2026-09-20,105,<absent>,MEM_ANDROID_US,PASS,3
0015,2026-09-20,105,iusluckyclientandroid,MEM_ANDROID_US,REJECT,7
0015,2026-09-20,106,iusluckyclientios,MEM_IOS_US,PASS,9
0015,2026-09-20,108,<absent>,MEM_H5_US,PASS,3
0015,2026-09-21,105,<absent>,MEM_ANDROID_US,PASS,3
0015,2026-09-21,105,iusluckyclientandroid,MEM_ANDROID_US,REJECT,48
0015,2026-09-21,105,iusluckyclientandroid,MEM_ANDROID_US,PASS,25
0015,2026-09-21,106,iusluckyclientios,MEM_IOS_US,PASS,16
0015,2026-09-21,108,<absent>,MEM_H5_US,PASS,5
0015,2026-09-22,105,iusluckyclientandroid,MEM_ANDROID_US,REJECT,46
0015,2026-09-22,105,iusluckyclientandroid,MEM_ANDROID_US,PASS,21
0015,2026-09-22,105,<absent>,MEM_ANDROID_US,PASS,2
0015,2026-09-22,106,iusluckyclientios,MEM_IOS_US,PASS,14
0015,2026-09-22,108,<absent>,MEM_H5_US,PASS,5
0015,2026-09-22,702,<absent>,SELF_SERVICE_MACHINE_US,PASS,1
0015,2026-09-23,105,iusluckyclientandroid,MEM_ANDROID_US,PASS,21
0015,2026-09-23,105,<absent>,MEM_ANDROID_US,REJECT,2
0015,2026-09-23,105,iusluckyclientandroid,MEM_ANDROID_US,REJECT,29
0015,2026-09-23,108,<absent>,MEM_H5_US,PASS,3
0015,2026-09-23,106,iusluckyclientios,MEM_IOS_US,PASS,12
0015,2026-09-23,702,<absent>,SELF_SERVICE_MACHINE_US,PASS,1
0015,2026-09-24,105,iusluckyclientandroid,MEM_ANDROID_US,REJECT,24
0015,2026-09-24,105,iusluckyclientandroid,MEM_ANDROID_US,PASS,7
0015,2026-09-24,106,iusluckyclientios,MEM_IOS_US,PASS,10
0015,2026-09-24,702,<absent>,SELF_SERVICE_MACHINE_US,PASS,1
0015,2026-09-24,105,<absent>,MEM_ANDROID_US,PASS,1
0015,2026-09-24,108,<absent>,MEM_H5_US,REVIEW,1
0015,2026-09-24,108,<absent>,MEM_H5_US,PASS,3
0015,2026-09-24,105,<absent>,MEM_ANDROID_US,REJECT,6
0016,2026-09-18,105,iusluckyclientandroid,MEM_ANDROID_US,PASS,30
0016,2026-09-18,105,iusluckyclientandroid,MEM_ANDROID_US,REJECT,24
0016,2026-09-18,105,<absent>,MEM_ANDROID_US,REJECT,1
0016,2026-09-18,106,iusluckyclientios,MEM_IOS_US,PASS,11
0016,2026-09-18,108,<absent>,MEM_H5_US,REVIEW,2
0016,2026-09-18,108,<absent>,MEM_H5_US,PASS,2
0016,2026-09-18,702,<absent>,SELF_SERVICE_MACHINE_US,PASS,2
0016,2026-09-19,105,iusluckyclientandroid,MEM_ANDROID_US,PASS,30
0016,2026-09-19,105,iusluckyclientandroid,MEM_ANDROID_US,REJECT,34
0016,2026-09-19,702,<absent>,SELF_SERVICE_MACHINE_US,PASS,1
0016,2026-09-19,106,iusluckyclientios,MEM_IOS_US,PASS,3
0016,2026-09-20,105,iusluckyclientandroid,MEM_ANDROID_US,PASS,11
0016,2026-09-20,105,iusluckyclientandroid,MEM_ANDROID_US,REJECT,26
0016,2026-09-20,106,iusluckyclientios,MEM_IOS_US,PASS,8
0016,2026-09-20,105,<absent>,MEM_ANDROID_US,REJECT,2
0016,2026-09-20,105,<absent>,MEM_ANDROID_US,PASS,4
0016,2026-09-20,702,<absent>,SELF_SERVICE_MACHINE_US,PASS,1
0016,2026-09-20,108,<absent>,MEM_H5_US,PASS,1
0016,2026-09-21,105,iusluckyclientandroid,MEM_ANDROID_US,PASS,26
0016,2026-09-21,105,iusluckyclientandroid,MEM_ANDROID_US,REJECT,9
0016,2026-09-21,106,iusluckyclientios,MEM_IOS_US,PASS,7
0016,2026-09-22,105,iusluckyclientandroid,MEM_ANDROID_US,REJECT,33
0016,2026-09-22,105,iusluckyclientandroid,MEM_ANDROID_US,PASS,37
0016,2026-09-22,105,<absent>,MEM_ANDROID_US,PASS,1
0016,2026-09-22,106,iusluckyclientios,MEM_IOS_US,PASS,16
0016,2026-09-22,108,<absent>,MEM_H5_US,REVIEW,1
0016,2026-09-22,108,<absent>,MEM_H5_US,PASS,1
0016,2026-09-23,105,iusluckyclientandroid,MEM_ANDROID_US,PASS,26
0016,2026-09-23,105,iusluckyclientandroid,MEM_ANDROID_US,REJECT,23
0016,2026-09-23,106,iusluckyclientios,MEM_IOS_US,PASS,12
0016,2026-09-23,702,<absent>,SELF_SERVICE_MACHINE_US,PASS,2
0016,2026-09-24,105,iusluckyclientandroid,MEM_ANDROID_US,REJECT,15
0016,2026-09-24,105,iusluckyclientandroid,MEM_ANDROID_US,PASS,14
0016,2026-09-24,106,iusluckyclientios,MEM_IOS_US,PASS,11
0016,2026-09-24,702,<absent>,SELF_SERVICE_MACHINE_US,PASS,3
0016,2026-09-24,108,<absent>,MEM_H5_US,PASS,3
0017,2026-09-18,105,iusluckyclientandroid,MEM_ANDROID_US,REJECT,9
0017,2026-09-18,105,iusluckyclientandroid,MEM_ANDROID_US,PASS,14
0017,2026-09-18,105,<absent>,MEM_ANDROID_US,REJECT,2
0017,2026-09-18,106,iusluckyclientios,MEM_IOS_US,PASS,18
0017,2026-09-18,702,<absent>,SELF_SERVICE_MACHINE_US,PASS,5
0017,2026-09-18,105,<absent>,MEM_ANDROID_US,PASS,4
0017,2026-09-19,105,iusluckyclientandroid,MEM_ANDROID_US,REJECT,45
0017,2026-09-19,105,iusluckyclientandroid,MEM_ANDROID_US,PASS,26
0017,2026-09-19,105,<absent>,MEM_ANDROID_US,REJECT,3
0017,2026-09-19,108,<absent>,MEM_H5_US,PASS,5
0017,2026-09-19,702,<absent>,SELF_SERVICE_MACHINE_US,PASS,1
0017,2026-09-19,106,iusluckyclientios,MEM_IOS_US,PASS,14
0017,2026-09-19,105,<absent>,MEM_ANDROID_US,PASS,4
0017,2026-09-20,105,iusluckyclientandroid,MEM_ANDROID_US,REJECT,34
0017,2026-09-20,105,iusluckyclientandroid,MEM_ANDROID_US,PASS,23
0017,2026-09-20,106,iusluckyclientios,MEM_IOS_US,PASS,11
0017,2026-09-20,105,<absent>,MEM_ANDROID_US,REJECT,2
0017,2026-09-20,108,<absent>,MEM_H5_US,PASS,1
0017,2026-09-20,105,<absent>,MEM_ANDROID_US,PASS,5
0017,2026-09-21,105,iusluckyclientandroid,MEM_ANDROID_US,PASS,22
0017,2026-09-21,105,iusluckyclientandroid,MEM_ANDROID_US,REJECT,24
0017,2026-09-21,106,iusluckyclientios,MEM_IOS_US,PASS,14
0017,2026-09-21,106,<absent>,MEM_IOS_US,PASS,1
0017,2026-09-21,108,<absent>,MEM_H5_US,PASS,7
0017,2026-09-21,105,<absent>,MEM_ANDROID_US,PASS,3
0017,2026-09-21,105,<absent>,MEM_ANDROID_US,REJECT,3
0017,2026-09-22,105,iusluckyclientandroid,MEM_ANDROID_US,PASS,28
0017,2026-09-22,105,iusluckyclientandroid,MEM_ANDROID_US,REJECT,47
0017,2026-09-22,105,<absent>,MEM_ANDROID_US,REJECT,2
0017,2026-09-22,106,iusluckyclientios,MEM_IOS_US,PASS,15
0017,2026-09-22,702,<absent>,SELF_SERVICE_MACHINE_US,PASS,3
0017,2026-09-22,106,<absent>,MEM_IOS_US,PASS,1
0017,2026-09-22,108,<absent>,MEM_H5_US,PASS,1
0017,2026-09-23,105,iusluckyclientandroid,MEM_ANDROID_US,PASS,34
0017,2026-09-23,105,iusluckyclientandroid,MEM_ANDROID_US,REJECT,55
0017,2026-09-23,108,<absent>,MEM_H5_US,PASS,1
0017,2026-09-23,106,iusluckyclientios,MEM_IOS_US,PASS,11
0017,2026-09-23,702,<absent>,SELF_SERVICE_MACHINE_US,PASS,1
0017,2026-09-23,105,<absent>,MEM_ANDROID_US,REJECT,1
0017,2026-09-24,105,iusluckyclientandroid,MEM_ANDROID_US,REJECT,24
0017,2026-09-24,105,iusluckyclientandroid,MEM_ANDROID_US,PASS,5
0017,2026-09-24,702,<absent>,SELF_SERVICE_MACHINE_US,PASS,3
0017,2026-09-24,106,iusluckyclientios,MEM_IOS_US,PASS,11
0018,2026-09-18,105,iusluckyclientandroid,MEM_ANDROID_US,REJECT,36
0018,2026-09-18,105,iusluckyclientandroid,MEM_ANDROID_US,PASS,11
0018,2026-09-18,105,<absent>,MEM_ANDROID_US,REJECT,3
0018,2026-09-18,106,iusluckyclientios,MEM_IOS_US,PASS,16
0018,2026-09-18,106,<absent>,MEM_IOS_US,PASS,1
0018,2026-09-18,108,<absent>,MEM_H5_US,PASS,3
0018,2026-09-19,105,iusluckyclientandroid,MEM_ANDROID_US,REJECT,21
0018,2026-09-19,105,iusluckyclientandroid,MEM_ANDROID_US,PASS,20
0018,2026-09-19,106,iusluckyclientios,MEM_IOS_US,PASS,11
0018,2026-09-19,108,<absent>,MEM_H5_US,PASS,4
0018,2026-09-20,105,iusluckyclientandroid,MEM_ANDROID_US,REJECT,11
0018,2026-09-20,105,iusluckyclientandroid,MEM_ANDROID_US,PASS,4
0018,2026-09-20,108,<absent>,MEM_H5_US,PASS,1
0018,2026-09-20,106,iusluckyclientios,MEM_IOS_US,PASS,6
0018,2026-09-20,105,<absent>,MEM_ANDROID_US,PASS,2
0018,2026-09-21,106,iusluckyclientios,MEM_IOS_US,PASS,12
0018,2026-09-21,105,<absent>,MEM_ANDROID_US,PASS,3
0018,2026-09-21,105,iusluckyclientandroid,MEM_ANDROID_US,REJECT,17
0018,2026-09-21,105,iusluckyclientandroid,MEM_ANDROID_US,PASS,18
0018,2026-09-21,108,<absent>,MEM_H5_US,PASS,1
0018,2026-09-22,105,iusluckyclientandroid,MEM_ANDROID_US,REJECT,26
0018,2026-09-22,105,iusluckyclientandroid,MEM_ANDROID_US,PASS,16
0018,2026-09-22,106,iusluckyclientios,MEM_IOS_US,PASS,13
0018,2026-09-22,105,<absent>,MEM_ANDROID_US,REJECT,24
0018,2026-09-22,108,<absent>,MEM_H5_US,REVIEW,1
0018,2026-09-22,108,<absent>,MEM_H5_US,REJECT,2
0018,2026-09-22,108,<absent>,MEM_H5_US,PASS,1
0018,2026-09-22,702,<absent>,SELF_SERVICE_MACHINE_US,PASS,2
0018,2026-09-22,105,<absent>,MEM_ANDROID_US,PASS,3
0018,2026-09-23,105,iusluckyclientandroid,MEM_ANDROID_US,PASS,18
0018,2026-09-23,105,iusluckyclientandroid,MEM_ANDROID_US,REJECT,45
0018,2026-09-23,106,iusluckyclientios,MEM_IOS_US,PASS,10
0018,2026-09-23,108,<absent>,MEM_H5_US,PASS,5
0018,2026-09-23,702,<absent>,SELF_SERVICE_MACHINE_US,PASS,2
0018,2026-09-24,105,iusluckyclientandroid,MEM_ANDROID_US,REJECT,23
0018,2026-09-24,105,<absent>,MEM_ANDROID_US,PASS,1
0018,2026-09-24,105,iusluckyclientandroid,MEM_ANDROID_US,PASS,2
0018,2026-09-24,106,iusluckyclientios,MEM_IOS_US,PASS,24
0018,2026-09-24,702,<absent>,SELF_SERVICE_MACHINE_US,PASS,2
0018,2026-09-24,108,<absent>,MEM_H5_US,PASS,4
0019,2026-09-18,105,iusluckyclientandroid,MEM_ANDROID_US,REJECT,103
0019,2026-09-18,105,iusluckyclientandroid,MEM_ANDROID_US,PASS,25
0019,2026-09-18,105,<absent>,MEM_ANDROID_US,PASS,5
0019,2026-09-18,106,iusluckyclientios,MEM_IOS_US,PASS,20
0019,2026-09-18,108,<absent>,MEM_H5_US,PASS,1
0019,2026-09-18,702,<absent>,SELF_SERVICE_MACHINE_US,PASS,1
0019,2026-09-18,105,<absent>,MEM_ANDROID_US,REJECT,1
0019,2026-09-19,105,iusluckyclientandroid,MEM_ANDROID_US,PASS,32
0019,2026-09-19,105,iusluckyclientandroid,MEM_ANDROID_US,REJECT,36
0019,2026-09-19,106,iusluckyclientios,MEM_IOS_US,PASS,12
0019,2026-09-19,108,<absent>,MEM_H5_US,PASS,1
0019,2026-09-19,105,<absent>,MEM_ANDROID_US,REJECT,1
0019,2026-09-20,105,iusluckyclientandroid,MEM_ANDROID_US,PASS,11
0019,2026-09-20,105,iusluckyclientandroid,MEM_ANDROID_US,REJECT,16
0019,2026-09-20,105,<absent>,MEM_ANDROID_US,REJECT,4
0019,2026-09-20,106,iusluckyclientios,MEM_IOS_US,PASS,13
0019,2026-09-20,108,<absent>,MEM_H5_US,PASS,5
0019,2026-09-20,702,<absent>,SELF_SERVICE_MACHINE_US,PASS,4
0019,2026-09-20,105,<absent>,MEM_ANDROID_US,PASS,3
0019,2026-09-21,105,iusluckyclientandroid,MEM_ANDROID_US,PASS,22
0019,2026-09-21,105,iusluckyclientandroid,MEM_ANDROID_US,REJECT,45
0019,2026-09-21,106,iusluckyclientios,MEM_IOS_US,PASS,11
0019,2026-09-21,702,<absent>,SELF_SERVICE_MACHINE_US,PASS,1
0019,2026-09-21,105,<absent>,MEM_ANDROID_US,PASS,2
0019,2026-09-21,105,<absent>,MEM_ANDROID_US,REJECT,1
0019,2026-09-22,105,iusluckyclientandroid,MEM_ANDROID_US,PASS,36
0019,2026-09-22,105,iusluckyclientandroid,MEM_ANDROID_US,REJECT,30
0019,2026-09-22,105,<absent>,MEM_ANDROID_US,PASS,2
0019,2026-09-22,105,<absent>,MEM_ANDROID_US,REJECT,1
0019,2026-09-22,106,iusluckyclientios,MEM_IOS_US,PASS,16
0019,2026-09-22,108,<absent>,MEM_H5_US,PASS,3
0019,2026-09-22,702,<absent>,SELF_SERVICE_MACHINE_US,PASS,2
0019,2026-09-23,105,iusluckyclientandroid,MEM_ANDROID_US,REJECT,33
0019,2026-09-23,105,iusluckyclientandroid,MEM_ANDROID_US,PASS,17
0019,2026-09-23,105,<absent>,MEM_ANDROID_US,PASS,2
0019,2026-09-23,105,<absent>,MEM_ANDROID_US,REJECT,1
0019,2026-09-23,106,iusluckyclientios,MEM_IOS_US,PASS,11
0019,2026-09-23,702,<absent>,SELF_SERVICE_MACHINE_US,PASS,2
0019,2026-09-23,108,<absent>,MEM_H5_US,PASS,3
0019,2026-09-24,105,iusluckyclientandroid,MEM_ANDROID_US,REJECT,15
0019,2026-09-24,105,iusluckyclientandroid,MEM_ANDROID_US,PASS,5
0019,2026-09-24,106,iusluckyclientios,MEM_IOS_US,PASS,17
0019,2026-09-24,105,<absent>,MEM_ANDROID_US,REJECT,1
0020,2026-09-18,105,iusluckyclientandroid,MEM_ANDROID_US,PASS,31
0020,2026-09-18,105,iusluckyclientandroid,MEM_ANDROID_US,REJECT,28
0020,2026-09-18,106,iusluckyclientios,MEM_IOS_US,PASS,9
0020,2026-09-18,108,<absent>,MEM_H5_US,PASS,4
0020,2026-09-19,105,iusluckyclientandroid,MEM_ANDROID_US,PASS,28
0020,2026-09-19,105,iusluckyclientandroid,MEM_ANDROID_US,REJECT,56
0020,2026-09-19,105,<absent>,MEM_ANDROID_US,REJECT,2
0020,2026-09-19,106,iusluckyclientios,MEM_IOS_US,PASS,11
0020,2026-09-19,105,<absent>,MEM_ANDROID_US,PASS,2
0020,2026-09-19,108,<absent>,MEM_H5_US,PASS,2
0020,2026-09-19,702,<absent>,SELF_SERVICE_MACHINE_US,PASS,1
0020,2026-09-20,105,<absent>,MEM_ANDROID_US,REJECT,2
0020,2026-09-20,106,iusluckyclientios,MEM_IOS_US,PASS,11
0020,2026-09-20,105,iusluckyclientandroid,MEM_ANDROID_US,REJECT,35
0020,2026-09-20,105,iusluckyclientandroid,MEM_ANDROID_US,PASS,8
0020,2026-09-20,105,<absent>,MEM_ANDROID_US,PASS,2
0020,2026-09-20,108,<absent>,MEM_H5_US,PASS,1
0020,2026-09-21,105,iusluckyclientandroid,MEM_ANDROID_US,REJECT,31
0020,2026-09-21,105,iusluckyclientandroid,MEM_ANDROID_US,PASS,23
0020,2026-09-21,105,<absent>,MEM_ANDROID_US,PASS,3
0020,2026-09-21,105,<absent>,MEM_ANDROID_US,REJECT,37
0020,2026-09-21,108,<absent>,MEM_H5_US,PASS,3
0020,2026-09-21,106,iusluckyclientios,MEM_IOS_US,PASS,17
0020,2026-09-22,105,iusluckyclientandroid,MEM_ANDROID_US,REJECT,46
0020,2026-09-22,105,iusluckyclientandroid,MEM_ANDROID_US,PASS,32
0020,2026-09-22,105,<absent>,MEM_ANDROID_US,REJECT,3
0020,2026-09-22,108,<absent>,MEM_H5_US,PASS,3
0020,2026-09-22,106,iusluckyclientios,MEM_IOS_US,PASS,11
0020,2026-09-22,105,<absent>,MEM_ANDROID_US,PASS,7
0020,2026-09-22,702,<absent>,SELF_SERVICE_MACHINE_US,PASS,1
0020,2026-09-23,105,iusluckyclientandroid,MEM_ANDROID_US,REJECT,35
0020,2026-09-23,105,iusluckyclientandroid,MEM_ANDROID_US,PASS,16
0020,2026-09-23,105,<absent>,MEM_ANDROID_US,PASS,2
0020,2026-09-23,105,<absent>,MEM_ANDROID_US,REJECT,1
0020,2026-09-23,106,iusluckyclientios,MEM_IOS_US,PASS,13
0020,2026-09-23,702,<absent>,SELF_SERVICE_MACHINE_US,PASS,3
0020,2026-09-24,105,iusluckyclientandroid,MEM_ANDROID_US,PASS,8
0020,2026-09-24,106,iusluckyclientios,MEM_IOS_US,PASS,15
0020,2026-09-24,105,iusluckyclientandroid,MEM_ANDROID_US,REJECT,10
0020,2026-09-24,105,<absent>,MEM_ANDROID_US,REJECT,3
0020,2026-09-24,108,<absent>,MEM_H5_US,PASS,1
0020,2026-09-24,702,<absent>,SELF_SERVICE_MACHINE_US,PASS,1
0020,2026-09-24,105,<absent>,MEM_ANDROID_US,PASS,1
0021,2026-09-18,105,iusluckyclientandroid,MEM_ANDROID_US,PASS,13
0021,2026-09-18,105,iusluckyclientandroid,MEM_ANDROID_US,REJECT,19
0021,2026-09-18,106,iusluckyclientios,MEM_IOS_US,PASS,16
0021,2026-09-18,702,<absent>,SELF_SERVICE_MACHINE_US,PASS,3
0021,2026-09-18,108,<absent>,MEM_H5_US,PASS,1
0021,2026-09-19,105,iusluckyclientandroid,MEM_ANDROID_US,REJECT,26
0021,2026-09-19,105,iusluckyclientandroid,MEM_ANDROID_US,PASS,16
0021,2026-09-19,106,iusluckyclientios,MEM_IOS_US,PASS,12
0021,2026-09-19,105,<absent>,MEM_ANDROID_US,REJECT,7
0021,2026-09-19,105,<absent>,MEM_ANDROID_US,PASS,11
0021,2026-09-19,702,<absent>,SELF_SERVICE_MACHINE_US,PASS,1
0021,2026-09-19,108,<absent>,MEM_H5_US,PASS,1
0021,2026-09-20,105,iusluckyclientandroid,MEM_ANDROID_US,PASS,11
0021,2026-09-20,105,<absent>,MEM_ANDROID_US,REJECT,3
0021,2026-09-20,105,iusluckyclientandroid,MEM_ANDROID_US,REJECT,16
0021,2026-09-20,105,<absent>,MEM_ANDROID_US,PASS,2
0021,2026-09-20,106,iusluckyclientios,MEM_IOS_US,PASS,8
0021,2026-09-20,108,<absent>,MEM_H5_US,PASS,1
0021,2026-09-21,105,iusluckyclientandroid,MEM_ANDROID_US,PASS,19
0021,2026-09-21,105,iusluckyclientandroid,MEM_ANDROID_US,REJECT,37
0021,2026-09-21,108,<absent>,MEM_H5_US,PASS,3
0021,2026-09-21,106,iusluckyclientios,MEM_IOS_US,PASS,14
0021,2026-09-22,105,iusluckyclientandroid,MEM_ANDROID_US,REJECT,28
0021,2026-09-22,105,iusluckyclientandroid,MEM_ANDROID_US,PASS,23
0021,2026-09-22,106,iusluckyclientios,MEM_IOS_US,PASS,13
0021,2026-09-22,108,<absent>,MEM_H5_US,PASS,4
0021,2026-09-22,702,<absent>,SELF_SERVICE_MACHINE_US,PASS,4
0021,2026-09-22,105,<absent>,MEM_ANDROID_US,PASS,2
0021,2026-09-22,105,<absent>,MEM_ANDROID_US,REJECT,2
0021,2026-09-23,105,iusluckyclientandroid,MEM_ANDROID_US,PASS,16
0021,2026-09-23,105,iusluckyclientandroid,MEM_ANDROID_US,REJECT,39
0021,2026-09-23,105,<absent>,MEM_ANDROID_US,REJECT,1
0021,2026-09-23,106,iusluckyclientios,MEM_IOS_US,PASS,11
0021,2026-09-23,702,<absent>,SELF_SERVICE_MACHINE_US,PASS,2
0021,2026-09-24,105,iusluckyclientandroid,MEM_ANDROID_US,REJECT,9
0021,2026-09-24,105,iusluckyclientandroid,MEM_ANDROID_US,PASS,4
0021,2026-09-24,106,iusluckyclientios,MEM_IOS_US,PASS,21
0021,2026-09-24,108,<absent>,MEM_H5_US,PASS,3
0022,2026-09-18,105,iusluckyclientandroid,MEM_ANDROID_US,REJECT,47
0022,2026-09-18,105,iusluckyclientandroid,MEM_ANDROID_US,PASS,31
0022,2026-09-18,106,iusluckyclientios,MEM_IOS_US,PASS,13
0022,2026-09-18,108,<absent>,MEM_H5_US,PASS,1
0022,2026-09-18,105,<absent>,MEM_ANDROID_US,REJECT,12
0022,2026-09-19,105,iusluckyclientandroid,MEM_ANDROID_US,REJECT,33
0022,2026-09-19,105,iusluckyclientandroid,MEM_ANDROID_US,PASS,24
0022,2026-09-19,105,<absent>,MEM_ANDROID_US,REJECT,7
0022,2026-09-19,106,iusluckyclientios,MEM_IOS_US,PASS,19
0022,2026-09-19,105,<absent>,MEM_ANDROID_US,PASS,4
0022,2026-09-19,108,<absent>,MEM_H5_US,PASS,2
0022,2026-09-19,108,<absent>,MEM_H5_US,REVIEW,1
0022,2026-09-20,105,iusluckyclientandroid,MEM_ANDROID_US,PASS,20
0022,2026-09-20,105,iusluckyclientandroid,MEM_ANDROID_US,REJECT,36
0022,2026-09-20,105,<absent>,MEM_ANDROID_US,REJECT,1
0022,2026-09-20,106,iusluckyclientios,MEM_IOS_US,PASS,12
0022,2026-09-21,105,iusluckyclientandroid,MEM_ANDROID_US,REJECT,20
0022,2026-09-21,105,iusluckyclientandroid,MEM_ANDROID_US,PASS,17
0022,2026-09-21,108,<absent>,MEM_H5_US,PASS,3
0022,2026-09-21,106,iusluckyclientios,MEM_IOS_US,PASS,14
0022,2026-09-21,108,<absent>,MEM_H5_US,REJECT,2
0022,2026-09-21,108,<absent>,MEM_H5_US,REVIEW,1
0022,2026-09-22,105,iusluckyclientandroid,MEM_ANDROID_US,REJECT,77
0022,2026-09-22,105,iusluckyclientandroid,MEM_ANDROID_US,PASS,34
0022,2026-09-22,105,<absent>,MEM_ANDROID_US,REJECT,1
0022,2026-09-22,106,iusluckyclientios,MEM_IOS_US,PASS,14
0022,2026-09-22,108,<absent>,MEM_H5_US,PASS,2
0022,2026-09-22,105,<absent>,MEM_ANDROID_US,PASS,1
0022,2026-09-22,702,<absent>,SELF_SERVICE_MACHINE_US,PASS,1
0022,2026-09-23,105,iusluckyclientandroid,MEM_ANDROID_US,REJECT,36
0022,2026-09-23,105,iusluckyclientandroid,MEM_ANDROID_US,PASS,28
0022,2026-09-23,106,iusluckyclientios,MEM_IOS_US,PASS,18
0022,2026-09-23,108,<absent>,MEM_H5_US,PASS,2
0022,2026-09-24,105,iusluckyclientandroid,MEM_ANDROID_US,REJECT,37
0022,2026-09-24,105,iusluckyclientandroid,MEM_ANDROID_US,PASS,14
0022,2026-09-24,106,iusluckyclientios,MEM_IOS_US,PASS,12
0022,2026-09-24,702,<absent>,SELF_SERVICE_MACHINE_US,PASS,4
0022,2026-09-24,108,<absent>,MEM_H5_US,REJECT,11
0022,2026-09-24,108,<absent>,MEM_H5_US,PASS,3
0023,2026-09-18,105,iusluckyclientandroid,MEM_ANDROID_US,REJECT,35
0023,2026-09-18,105,iusluckyclientandroid,MEM_ANDROID_US,PASS,24
0023,2026-09-18,108,<absent>,MEM_H5_US,REJECT,5
0023,2026-09-18,106,iusluckyclientios,MEM_IOS_US,PASS,16
0023,2026-09-18,108,<absent>,MEM_H5_US,PASS,1
0023,2026-09-18,105,<absent>,MEM_ANDROID_US,REJECT,1
0023,2026-09-19,105,iusluckyclientandroid,MEM_ANDROID_US,REJECT,29
0023,2026-09-19,105,iusluckyclientandroid,MEM_ANDROID_US,PASS,26
0023,2026-09-19,106,iusluckyclientios,MEM_IOS_US,PASS,9
0023,2026-09-19,108,<absent>,MEM_H5_US,PASS,3
0023,2026-09-19,702,<absent>,SELF_SERVICE_MACHINE_US,PASS,1
0023,2026-09-20,105,iusluckyclientandroid,MEM_ANDROID_US,PASS,10
0023,2026-09-20,105,iusluckyclientandroid,MEM_ANDROID_US,REJECT,15
0023,2026-09-20,106,iusluckyclientios,MEM_IOS_US,PASS,7
0023,2026-09-20,108,<absent>,MEM_H5_US,PASS,1
0023,2026-09-20,105,<absent>,MEM_ANDROID_US,PASS,4
0023,2026-09-20,105,<absent>,MEM_ANDROID_US,REJECT,1
0023,2026-09-21,105,iusluckyclientandroid,MEM_ANDROID_US,PASS,21
0023,2026-09-21,105,iusluckyclientandroid,MEM_ANDROID_US,REJECT,75
0023,2026-09-21,702,<absent>,SELF_SERVICE_MACHINE_US,PASS,2
0023,2026-09-21,106,iusluckyclientios,MEM_IOS_US,PASS,17
0023,2026-09-21,108,<absent>,MEM_H5_US,PASS,2
0023,2026-09-21,105,<absent>,MEM_ANDROID_US,PASS,3
0023,2026-09-22,106,iusluckyclientios,MEM_IOS_US,PASS,20
0023,2026-09-22,105,iusluckyclientandroid,MEM_ANDROID_US,PASS,48
0023,2026-09-22,105,iusluckyclientandroid,MEM_ANDROID_US,REJECT,51
0023,2026-09-22,105,<absent>,MEM_ANDROID_US,REJECT,3
0023,2026-09-22,702,<absent>,SELF_SERVICE_MACHINE_US,PASS,1
0023,2026-09-22,108,<absent>,MEM_H5_US,PASS,6
0023,2026-09-22,105,<absent>,MEM_ANDROID_US,PASS,6
0023,2026-09-23,105,iusluckyclientandroid,MEM_ANDROID_US,REJECT,60
0023,2026-09-23,105,iusluckyclientandroid,MEM_ANDROID_US,PASS,38
0023,2026-09-23,106,iusluckyclientios,MEM_IOS_US,PASS,19
0023,2026-09-23,105,<absent>,MEM_ANDROID_US,PASS,4
0023,2026-09-23,108,<absent>,MEM_H5_US,PASS,2
0023,2026-09-23,702,<absent>,SELF_SERVICE_MACHINE_US,PASS,1
0023,2026-09-23,105,<absent>,MEM_ANDROID_US,REJECT,1
0023,2026-09-24,105,iusluckyclientandroid,MEM_ANDROID_US,REJECT,15
0023,2026-09-24,105,iusluckyclientandroid,MEM_ANDROID_US,PASS,11
0023,2026-09-24,105,<absent>,MEM_ANDROID_US,PASS,13
0023,2026-09-24,105,<absent>,MEM_ANDROID_US,REJECT,5
0023,2026-09-24,106,iusluckyclientios,MEM_IOS_US,PASS,13
0023,2026-09-24,108,<absent>,MEM_H5_US,PASS,6
0023,2026-09-24,702,<absent>,SELF_SERVICE_MACHINE_US,PASS,1
0023,2026-09-24,108,<absent>,MEM_H5_US,REVIEW,1
0023,2026-09-24,108,<absent>,MEM_H5_US,REJECT,1
0024,2026-09-18,105,iusluckyclientandroid,MEM_ANDROID_US,REJECT,39
0024,2026-09-18,105,<absent>,MEM_ANDROID_US,REJECT,1
0024,2026-09-18,105,iusluckyclientandroid,MEM_ANDROID_US,PASS,35
0024,2026-09-18,106,iusluckyclientios,MEM_IOS_US,PASS,12
0024,2026-09-18,702,<absent>,SELF_SERVICE_MACHINE_US,PASS,3
0024,2026-09-18,108,<absent>,MEM_H5_US,PASS,3
0024,2026-09-18,105,<absent>,MEM_ANDROID_US,PASS,1
0024,2026-09-19,105,iusluckyclientandroid,MEM_ANDROID_US,REJECT,42
0024,2026-09-19,105,iusluckyclientandroid,MEM_ANDROID_US,PASS,22
0024,2026-09-19,105,<absent>,MEM_ANDROID_US,REJECT,3
0024,2026-09-19,106,iusluckyclientios,MEM_IOS_US,PASS,3
0024,2026-09-19,108,<absent>,MEM_H5_US,PASS,2
0024,2026-09-19,105,<absent>,MEM_ANDROID_US,PASS,1
0024,2026-09-20,105,iusluckyclientandroid,MEM_ANDROID_US,REJECT,32
0024,2026-09-20,105,iusluckyclientandroid,MEM_ANDROID_US,PASS,11
0024,2026-09-20,105,<absent>,MEM_ANDROID_US,PASS,7
0024,2026-09-20,702,<absent>,SELF_SERVICE_MACHINE_US,PASS,1
0024,2026-09-20,106,iusluckyclientios,MEM_IOS_US,PASS,5
0024,2026-09-20,105,<absent>,MEM_ANDROID_US,REJECT,9
0024,2026-09-20,108,<absent>,MEM_H5_US,PASS,1
0024,2026-09-21,105,<absent>,MEM_ANDROID_US,PASS,2
0024,2026-09-21,105,iusluckyclientandroid,MEM_ANDROID_US,PASS,29
0024,2026-09-21,105,iusluckyclientandroid,MEM_ANDROID_US,REJECT,29
0024,2026-09-21,106,iusluckyclientios,MEM_IOS_US,PASS,12
0024,2026-09-21,105,<absent>,MEM_ANDROID_US,REJECT,4
0024,2026-09-21,108,<absent>,MEM_H5_US,PASS,1
0024,2026-09-22,105,iusluckyclientandroid,MEM_ANDROID_US,PASS,37
0024,2026-09-22,105,iusluckyclientandroid,MEM_ANDROID_US,REJECT,42
0024,2026-09-22,106,iusluckyclientios,MEM_IOS_US,PASS,17
0024,2026-09-22,108,<absent>,MEM_H5_US,PASS,3
0024,2026-09-22,105,<absent>,MEM_ANDROID_US,PASS,4
0024,2026-09-23,105,iusluckyclientandroid,MEM_ANDROID_US,PASS,38
0024,2026-09-23,105,iusluckyclientandroid,MEM_ANDROID_US,REJECT,40
0024,2026-09-23,105,<absent>,MEM_ANDROID_US,PASS,2
0024,2026-09-23,105,<absent>,MEM_ANDROID_US,REJECT,3
0024,2026-09-23,106,iusluckyclientios,MEM_IOS_US,PASS,16
0024,2026-09-23,108,<absent>,MEM_H5_US,PASS,5
0024,2026-09-23,702,<absent>,SELF_SERVICE_MACHINE_US,PASS,2
0024,2026-09-24,105,iusluckyclientandroid,MEM_ANDROID_US,REJECT,20
0024,2026-09-24,106,iusluckyclientios,MEM_IOS_US,PASS,20
0024,2026-09-24,105,iusluckyclientandroid,MEM_ANDROID_US,PASS,9
0024,2026-09-24,108,<absent>,MEM_H5_US,PASS,2
0024,2026-09-24,105,<absent>,MEM_ANDROID_US,PASS,3
0025,2026-09-18,105,iusluckyclientandroid,MEM_ANDROID_US,PASS,19
0025,2026-09-18,105,iusluckyclientandroid,MEM_ANDROID_US,REJECT,89
0025,2026-09-18,105,<absent>,MEM_ANDROID_US,REJECT,4
0025,2026-09-18,105,<absent>,MEM_ANDROID_US,PASS,15
0025,2026-09-18,106,iusluckyclientios,MEM_IOS_US,PASS,14
0025,2026-09-18,108,<absent>,MEM_H5_US,PASS,5
0025,2026-09-19,105,iusluckyclientandroid,MEM_ANDROID_US,PASS,26
0025,2026-09-19,105,iusluckyclientandroid,MEM_ANDROID_US,REJECT,42
0025,2026-09-19,106,iusluckyclientios,MEM_IOS_US,PASS,11
0025,2026-09-19,105,<absent>,MEM_ANDROID_US,REJECT,2
0025,2026-09-19,105,<absent>,MEM_ANDROID_US,PASS,1
0025,2026-09-20,105,iusluckyclientandroid,MEM_ANDROID_US,REJECT,20
0025,2026-09-20,105,iusluckyclientandroid,MEM_ANDROID_US,PASS,6
0025,2026-09-20,105,<absent>,MEM_ANDROID_US,PASS,10
0025,2026-09-20,105,<absent>,MEM_ANDROID_US,REJECT,3
0025,2026-09-20,702,<absent>,SELF_SERVICE_MACHINE_US,PASS,2
0025,2026-09-20,106,iusluckyclientios,MEM_IOS_US,PASS,9
0025,2026-09-21,105,iusluckyclientandroid,MEM_ANDROID_US,REJECT,24
0025,2026-09-21,105,iusluckyclientandroid,MEM_ANDROID_US,PASS,8
0025,2026-09-21,105,<absent>,MEM_ANDROID_US,REJECT,11
0025,2026-09-21,106,iusluckyclientios,MEM_IOS_US,PASS,10
0025,2026-09-21,108,<absent>,MEM_H5_US,PASS,2
0025,2026-09-21,105,<absent>,MEM_ANDROID_US,PASS,1
0025,2026-09-22,105,iusluckyclientandroid,MEM_ANDROID_US,REJECT,24
0025,2026-09-22,105,iusluckyclientandroid,MEM_ANDROID_US,PASS,13
0025,2026-09-22,105,<absent>,MEM_ANDROID_US,PASS,7
0025,2026-09-22,106,iusluckyclientios,MEM_IOS_US,PASS,14
0025,2026-09-22,108,<absent>,MEM_H5_US,REJECT,2
0025,2026-09-22,108,<absent>,MEM_H5_US,PASS,2
0025,2026-09-22,702,<absent>,SELF_SERVICE_MACHINE_US,PASS,2
0025,2026-09-22,105,<absent>,MEM_ANDROID_US,REJECT,2
0025,2026-09-23,105,iusluckyclientandroid,MEM_ANDROID_US,PASS,11
0025,2026-09-23,105,iusluckyclientandroid,MEM_ANDROID_US,REJECT,20
0025,2026-09-23,108,<absent>,MEM_H5_US,PASS,3
0025,2026-09-23,105,<absent>,MEM_ANDROID_US,REJECT,2
0025,2026-09-23,106,iusluckyclientios,MEM_IOS_US,PASS,17
0025,2026-09-24,105,iusluckyclientandroid,MEM_ANDROID_US,REJECT,17
0025,2026-09-24,105,iusluckyclientandroid,MEM_ANDROID_US,PASS,8
0025,2026-09-24,105,<absent>,MEM_ANDROID_US,PASS,12
0025,2026-09-24,106,<absent>,MEM_IOS_US,PASS,1
0025,2026-09-24,106,iusluckyclientios,MEM_IOS_US,PASS,11
0025,2026-09-24,702,<absent>,SELF_SERVICE_MACHINE_US,PASS,2
0026,2026-09-18,105,iusluckyclientandroid,MEM_ANDROID_US,PASS,16
0026,2026-09-18,105,iusluckyclientandroid,MEM_ANDROID_US,REJECT,24
0026,2026-09-18,105,<absent>,MEM_ANDROID_US,REJECT,56
0026,2026-09-18,106,iusluckyclientios,MEM_IOS_US,PASS,14
0026,2026-09-18,702,<absent>,SELF_SERVICE_MACHINE_US,PASS,1
0026,2026-09-18,108,<absent>,MEM_H5_US,PASS,4
0026,2026-09-19,105,iusluckyclientandroid,MEM_ANDROID_US,PASS,35
0026,2026-09-19,105,iusluckyclientandroid,MEM_ANDROID_US,REJECT,34
0026,2026-09-19,105,<absent>,MEM_ANDROID_US,REJECT,5
0026,2026-09-19,106,iusluckyclientios,MEM_IOS_US,PASS,11
0026,2026-09-19,108,<absent>,MEM_H5_US,PASS,3
0026,2026-09-19,702,<absent>,SELF_SERVICE_MACHINE_US,PASS,1
0026,2026-09-20,105,iusluckyclientandroid,MEM_ANDROID_US,REJECT,39
0026,2026-09-20,105,iusluckyclientandroid,MEM_ANDROID_US,PASS,28
0026,2026-09-20,106,iusluckyclientios,MEM_IOS_US,PASS,9
0026,2026-09-20,108,<absent>,MEM_H5_US,PASS,1
0026,2026-09-20,106,iusluckyclientios,MEM_IOS_US,REJECT,1
0026,2026-09-20,105,<absent>,MEM_ANDROID_US,PASS,2
0026,2026-09-21,105,iusluckyclientandroid,MEM_ANDROID_US,PASS,27
0026,2026-09-21,106,iusluckyclientios,MEM_IOS_US,PASS,15
0026,2026-09-21,108,<absent>,MEM_H5_US,PASS,3
0026,2026-09-21,105,iusluckyclientandroid,MEM_ANDROID_US,REJECT,20
0026,2026-09-21,702,<absent>,SELF_SERVICE_MACHINE_US,PASS,2
0026,2026-09-21,106,<absent>,MEM_IOS_US,PASS,1
0026,2026-09-22,105,iusluckyclientandroid,MEM_ANDROID_US,PASS,31
0026,2026-09-22,105,iusluckyclientandroid,MEM_ANDROID_US,REJECT,38
0026,2026-09-22,105,<absent>,MEM_ANDROID_US,REJECT,33
0026,2026-09-22,702,<absent>,SELF_SERVICE_MACHINE_US,PASS,2
0026,2026-09-22,106,iusluckyclientios,MEM_IOS_US,PASS,6
0026,2026-09-22,108,<absent>,MEM_H5_US,PASS,2
0026,2026-09-22,105,<absent>,MEM_ANDROID_US,PASS,2
0026,2026-09-23,105,iusluckyclientandroid,MEM_ANDROID_US,REJECT,47
0026,2026-09-23,105,iusluckyclientandroid,MEM_ANDROID_US,PASS,19
0026,2026-09-23,106,iusluckyclientios,MEM_IOS_US,PASS,15
0026,2026-09-23,105,<absent>,MEM_ANDROID_US,REJECT,1
0026,2026-09-23,108,<absent>,MEM_H5_US,PASS,2
0026,2026-09-24,105,iusluckyclientandroid,MEM_ANDROID_US,REJECT,25
0026,2026-09-24,105,iusluckyclientandroid,MEM_ANDROID_US,PASS,14
0026,2026-09-24,105,<absent>,MEM_ANDROID_US,PASS,3
0026,2026-09-24,105,<absent>,MEM_ANDROID_US,REJECT,1
0026,2026-09-24,702,<absent>,SELF_SERVICE_MACHINE_US,PASS,1
0026,2026-09-24,106,iusluckyclientios,MEM_IOS_US,PASS,6
0026,2026-09-24,108,<absent>,MEM_H5_US,REVIEW,1
0026,2026-09-24,108,<absent>,MEM_H5_US,PASS,2
0027,2026-09-18,105,iusluckyclientandroid,MEM_ANDROID_US,REJECT,26
0027,2026-09-18,105,<absent>,MEM_ANDROID_US,REJECT,22
0027,2026-09-18,105,iusluckyclientandroid,MEM_ANDROID_US,PASS,21
0027,2026-09-18,106,iusluckyclientios,MEM_IOS_US,PASS,15
0027,2026-09-18,106,<absent>,MEM_IOS_US,PASS,1
0027,2026-09-18,702,<absent>,SELF_SERVICE_MACHINE_US,PASS,2
0027,2026-09-19,105,iusluckyclientandroid,MEM_ANDROID_US,REJECT,52
0027,2026-09-19,105,iusluckyclientandroid,MEM_ANDROID_US,PASS,25
0027,2026-09-19,106,iusluckyclientios,MEM_IOS_US,PASS,20
0027,2026-09-19,108,<absent>,MEM_H5_US,PASS,3
0027,2026-09-19,105,<absent>,MEM_ANDROID_US,REJECT,4
0027,2026-09-20,105,iusluckyclientandroid,MEM_ANDROID_US,REJECT,17
0027,2026-09-20,105,iusluckyclientandroid,MEM_ANDROID_US,PASS,15
0027,2026-09-20,108,<absent>,MEM_H5_US,PASS,1
0027,2026-09-20,106,iusluckyclientios,MEM_IOS_US,PASS,6
0027,2026-09-20,702,<absent>,SELF_SERVICE_MACHINE_US,PASS,2
0027,2026-09-20,105,<absent>,MEM_ANDROID_US,PASS,1
0027,2026-09-21,105,iusluckyclientandroid,MEM_ANDROID_US,PASS,18
0027,2026-09-21,105,iusluckyclientandroid,MEM_ANDROID_US,REJECT,26
0027,2026-09-21,105,<absent>,MEM_ANDROID_US,PASS,3
0027,2026-09-21,106,iusluckyclientios,MEM_IOS_US,PASS,13
0027,2026-09-21,105,<absent>,MEM_ANDROID_US,REJECT,2
0027,2026-09-21,108,<absent>,MEM_H5_US,PASS,1
0027,2026-09-22,105,iusluckyclientandroid,MEM_ANDROID_US,REJECT,30
0027,2026-09-22,105,iusluckyclientandroid,MEM_ANDROID_US,PASS,23
0027,2026-09-22,105,<absent>,MEM_ANDROID_US,PASS,4
0027,2026-09-22,105,<absent>,MEM_ANDROID_US,REJECT,1
0027,2026-09-22,106,iusluckyclientios,MEM_IOS_US,PASS,13
0027,2026-09-22,702,<absent>,SELF_SERVICE_MACHINE_US,PASS,1
0027,2026-09-22,108,<absent>,MEM_H5_US,PASS,3
0027,2026-09-23,105,iusluckyclientandroid,MEM_ANDROID_US,PASS,20
0027,2026-09-23,105,iusluckyclientandroid,MEM_ANDROID_US,REJECT,25
0027,2026-09-23,106,iusluckyclientios,MEM_IOS_US,PASS,12
0027,2026-09-23,108,<absent>,MEM_H5_US,PASS,2
0027,2026-09-23,105,<absent>,MEM_ANDROID_US,REJECT,1
0027,2026-09-23,105,<absent>,MEM_ANDROID_US,PASS,1
0027,2026-09-24,105,iusluckyclientandroid,MEM_ANDROID_US,REJECT,26
0027,2026-09-24,106,iusluckyclientios,MEM_IOS_US,PASS,13
0027,2026-09-24,105,<absent>,MEM_ANDROID_US,PASS,2
0027,2026-09-24,108,<absent>,MEM_H5_US,PASS,1
0027,2026-09-24,105,<absent>,MEM_ANDROID_US,REJECT,1
0027,2026-09-24,105,iusluckyclientandroid,MEM_ANDROID_US,PASS,8
0028,2026-09-18,105,iusluckyclientandroid,MEM_ANDROID_US,REJECT,45
0028,2026-09-18,105,iusluckyclientandroid,MEM_ANDROID_US,PASS,13
0028,2026-09-18,105,<absent>,MEM_ANDROID_US,REJECT,7
0028,2026-09-18,106,iusluckyclientios,MEM_IOS_US,PASS,18
0028,2026-09-18,108,<absent>,MEM_H5_US,PASS,1
0028,2026-09-18,702,<absent>,SELF_SERVICE_MACHINE_US,PASS,2
0028,2026-09-19,105,iusluckyclientandroid,MEM_ANDROID_US,PASS,18
0028,2026-09-19,105,iusluckyclientandroid,MEM_ANDROID_US,REJECT,37
0028,2026-09-19,106,iusluckyclientios,MEM_IOS_US,PASS,11
0028,2026-09-19,108,<absent>,MEM_H5_US,PASS,2
0028,2026-09-19,105,<absent>,MEM_ANDROID_US,REJECT,1
0028,2026-09-20,105,iusluckyclientandroid,MEM_ANDROID_US,REJECT,28
0028,2026-09-20,105,iusluckyclientandroid,MEM_ANDROID_US,PASS,12
0028,2026-09-20,106,iusluckyclientios,MEM_IOS_US,PASS,2
0028,2026-09-20,105,<absent>,MEM_ANDROID_US,PASS,4
0028,2026-09-21,105,iusluckyclientandroid,MEM_ANDROID_US,REJECT,20
0028,2026-09-21,105,iusluckyclientandroid,MEM_ANDROID_US,PASS,13
0028,2026-09-21,106,iusluckyclientios,MEM_IOS_US,PASS,11
0028,2026-09-21,702,<absent>,SELF_SERVICE_MACHINE_US,PASS,4
0028,2026-09-21,105,<absent>,MEM_ANDROID_US,REJECT,2
0028,2026-09-21,105,<absent>,MEM_ANDROID_US,PASS,1
0028,2026-09-22,105,iusluckyclientandroid,MEM_ANDROID_US,REJECT,42
0028,2026-09-22,105,iusluckyclientandroid,MEM_ANDROID_US,PASS,28
0028,2026-09-22,106,iusluckyclientios,MEM_IOS_US,PASS,18
0028,2026-09-22,105,<absent>,MEM_ANDROID_US,PASS,5
0028,2026-09-22,702,<absent>,SELF_SERVICE_MACHINE_US,PASS,2
0028,2026-09-22,108,<absent>,MEM_H5_US,PASS,2
0028,2026-09-23,105,iusluckyclientandroid,MEM_ANDROID_US,PASS,22
0028,2026-09-23,105,iusluckyclientandroid,MEM_ANDROID_US,REJECT,25
0028,2026-09-23,105,<absent>,MEM_ANDROID_US,REJECT,2
0028,2026-09-23,105,<absent>,MEM_ANDROID_US,PASS,2
0028,2026-09-23,702,<absent>,SELF_SERVICE_MACHINE_US,PASS,1
0028,2026-09-23,108,<absent>,MEM_H5_US,PASS,2
0028,2026-09-23,106,iusluckyclientios,MEM_IOS_US,PASS,14
0028,2026-09-24,105,iusluckyclientandroid,MEM_ANDROID_US,REJECT,14
0028,2026-09-24,105,iusluckyclientandroid,MEM_ANDROID_US,PASS,7
0028,2026-09-24,106,iusluckyclientios,MEM_IOS_US,PASS,8
0028,2026-09-24,105,<absent>,MEM_ANDROID_US,REJECT,3
0028,2026-09-24,108,<absent>,MEM_H5_US,PASS,2
0028,2026-09-24,702,<absent>,SELF_SERVICE_MACHINE_US,PASS,1
0029,2026-09-18,105,iusluckyclientandroid,MEM_ANDROID_US,REJECT,20
0029,2026-09-18,105,iusluckyclientandroid,MEM_ANDROID_US,PASS,15
0029,2026-09-18,108,<absent>,MEM_H5_US,REVIEW,1
0029,2026-09-18,108,<absent>,MEM_H5_US,REJECT,4
0029,2026-09-18,106,iusluckyclientios,MEM_IOS_US,PASS,13
0029,2026-09-18,108,<absent>,MEM_H5_US,PASS,3
0029,2026-09-18,105,<absent>,MEM_ANDROID_US,PASS,1
0029,2026-09-19,105,iusluckyclientandroid,MEM_ANDROID_US,PASS,16
0029,2026-09-19,105,iusluckyclientandroid,MEM_ANDROID_US,REJECT,23
0029,2026-09-19,106,iusluckyclientios,MEM_IOS_US,PASS,11
0029,2026-09-19,702,<absent>,SELF_SERVICE_MACHINE_US,PASS,3
0029,2026-09-19,108,<absent>,MEM_H5_US,PASS,1
0029,2026-09-19,105,<absent>,MEM_ANDROID_US,REJECT,1
0029,2026-09-20,105,iusluckyclientandroid,MEM_ANDROID_US,PASS,21
0029,2026-09-20,105,iusluckyclientandroid,MEM_ANDROID_US,REJECT,25
0029,2026-09-20,105,<absent>,MEM_ANDROID_US,REJECT,20
0029,2026-09-20,105,<absent>,MEM_ANDROID_US,PASS,4
0029,2026-09-20,106,iusluckyclientios,MEM_IOS_US,PASS,7
0029,2026-09-20,108,<absent>,MEM_H5_US,PASS,1
0029,2026-09-21,105,iusluckyclientandroid,MEM_ANDROID_US,REJECT,22
0029,2026-09-21,105,<absent>,MEM_ANDROID_US,PASS,3
0029,2026-09-21,105,iusluckyclientandroid,MEM_ANDROID_US,PASS,13
0029,2026-09-21,105,<absent>,MEM_ANDROID_US,REJECT,31
0029,2026-09-21,106,iusluckyclientios,MEM_IOS_US,PASS,12
0029,2026-09-22,105,iusluckyclientandroid,MEM_ANDROID_US,PASS,22
0029,2026-09-22,105,iusluckyclientandroid,MEM_ANDROID_US,REJECT,17
0029,2026-09-22,106,iusluckyclientios,MEM_IOS_US,PASS,12
0029,2026-09-22,105,<absent>,MEM_ANDROID_US,PASS,1
0029,2026-09-22,702,<absent>,SELF_SERVICE_MACHINE_US,PASS,2
0029,2026-09-22,108,<absent>,MEM_H5_US,REJECT,1
0029,2026-09-22,108,<absent>,MEM_H5_US,PASS,1
0029,2026-09-23,105,iusluckyclientandroid,MEM_ANDROID_US,PASS,7
0029,2026-09-23,105,iusluckyclientandroid,MEM_ANDROID_US,REJECT,26
0029,2026-09-23,105,<absent>,MEM_ANDROID_US,PASS,1
0029,2026-09-23,106,iusluckyclientios,MEM_IOS_US,PASS,15
0029,2026-09-23,108,<absent>,MEM_H5_US,PASS,2
0029,2026-09-23,702,<absent>,SELF_SERVICE_MACHINE_US,PASS,4
0029,2026-09-24,106,iusluckyclientios,MEM_IOS_US,PASS,13
0029,2026-09-24,105,iusluckyclientandroid,MEM_ANDROID_US,REJECT,21
0029,2026-09-24,105,iusluckyclientandroid,MEM_ANDROID_US,PASS,8
0029,2026-09-24,105,<absent>,MEM_ANDROID_US,REJECT,1
0029,2026-09-24,105,<absent>,MEM_ANDROID_US,PASS,1
0029,2026-09-24,108,<absent>,MEM_H5_US,PASS,4
0030,2026-09-18,105,iusluckyclientandroid,MEM_ANDROID_US,REJECT,23
0030,2026-09-18,105,iusluckyclientandroid,MEM_ANDROID_US,PASS,25
0030,2026-09-18,105,<absent>,MEM_ANDROID_US,PASS,1
0030,2026-09-18,106,iusluckyclientios,MEM_IOS_US,PASS,12
0030,2026-09-18,106,<absent>,MEM_IOS_US,PASS,1
0030,2026-09-18,108,<absent>,MEM_H5_US,PASS,1
0030,2026-09-18,702,<absent>,SELF_SERVICE_MACHINE_US,PASS,2
0030,2026-09-19,105,iusluckyclientandroid,MEM_ANDROID_US,REJECT,58
0030,2026-09-19,105,iusluckyclientandroid,MEM_ANDROID_US,PASS,27
0030,2026-09-19,106,iusluckyclientios,MEM_IOS_US,PASS,14
0030,2026-09-19,105,<absent>,MEM_ANDROID_US,REJECT,9
0030,2026-09-19,702,<absent>,SELF_SERVICE_MACHINE_US,PASS,1
0030,2026-09-19,108,<absent>,MEM_H5_US,REVIEW,1
0030,2026-09-19,108,<absent>,MEM_H5_US,PASS,1
0030,2026-09-20,105,iusluckyclientandroid,MEM_ANDROID_US,PASS,14
0030,2026-09-20,105,iusluckyclientandroid,MEM_ANDROID_US,REJECT,16
0030,2026-09-20,105,<absent>,MEM_ANDROID_US,PASS,6
0030,2026-09-20,105,<absent>,MEM_ANDROID_US,REJECT,1
0030,2026-09-20,106,iusluckyclientios,MEM_IOS_US,PASS,4
0030,2026-09-20,108,<absent>,MEM_H5_US,PASS,1
0030,2026-09-21,105,iusluckyclientandroid,MEM_ANDROID_US,REJECT,35
0030,2026-09-21,105,iusluckyclientandroid,MEM_ANDROID_US,PASS,17
0030,2026-09-21,108,<absent>,MEM_H5_US,PASS,4
0030,2026-09-21,106,iusluckyclientios,MEM_IOS_US,PASS,9
0030,2026-09-22,105,iusluckyclientandroid,MEM_ANDROID_US,PASS,21
0030,2026-09-22,105,iusluckyclientandroid,MEM_ANDROID_US,REJECT,38
0030,2026-09-22,106,iusluckyclientios,MEM_IOS_US,PASS,18
0030,2026-09-22,108,<absent>,MEM_H5_US,PASS,3
0030,2026-09-22,702,<absent>,SELF_SERVICE_MACHINE_US,PASS,1
0030,2026-09-22,105,<absent>,MEM_ANDROID_US,PASS,9
0030,2026-09-22,108,<absent>,MEM_H5_US,REVIEW,1
0030,2026-09-22,108,<absent>,MEM_H5_US,REJECT,1
0030,2026-09-22,105,<absent>,MEM_ANDROID_US,REJECT,2
0030,2026-09-23,105,iusluckyclientandroid,MEM_ANDROID_US,REJECT,22
0030,2026-09-23,105,iusluckyclientandroid,MEM_ANDROID_US,PASS,16
0030,2026-09-23,108,<absent>,MEM_H5_US,PASS,2
0030,2026-09-23,106,iusluckyclientios,MEM_IOS_US,PASS,4
0030,2026-09-24,105,iusluckyclientandroid,MEM_ANDROID_US,REJECT,49
0030,2026-09-24,105,iusluckyclientandroid,MEM_ANDROID_US,PASS,11
0030,2026-09-24,105,<absent>,MEM_ANDROID_US,REJECT,2
0030,2026-09-24,106,iusluckyclientios,MEM_IOS_US,PASS,17
0030,2026-09-24,108,<absent>,MEM_H5_US,PASS,3
0030,2026-09-24,702,<absent>,SELF_SERVICE_MACHINE_US,PASS,1
0031,2026-09-18,106,iusluckyclientios,MEM_IOS_US,PASS,20
0031,2026-09-18,105,iusluckyclientandroid,MEM_ANDROID_US,REJECT,24
0031,2026-09-18,105,iusluckyclientandroid,MEM_ANDROID_US,PASS,20
0031,2026-09-18,105,<absent>,MEM_ANDROID_US,REJECT,1
0031,2026-09-18,105,<absent>,MEM_ANDROID_US,PASS,1
0031,2026-09-18,702,<absent>,SELF_SERVICE_MACHINE_US,PASS,1
0031,2026-09-18,108,<absent>,MEM_H5_US,PASS,3
0031,2026-09-18,106,<absent>,MEM_IOS_US,PASS,1
0031,2026-09-19,105,iusluckyclientandroid,MEM_ANDROID_US,REJECT,31
0031,2026-09-19,105,iusluckyclientandroid,MEM_ANDROID_US,PASS,24
0031,2026-09-19,702,<absent>,SELF_SERVICE_MACHINE_US,PASS,2
0031,2026-09-19,106,iusluckyclientios,MEM_IOS_US,PASS,12
0031,2026-09-19,108,<absent>,MEM_H5_US,PASS,4
0031,2026-09-19,105,<absent>,MEM_ANDROID_US,REJECT,2
0031,2026-09-20,105,<absent>,MEM_ANDROID_US,PASS,4
0031,2026-09-20,105,iusluckyclientandroid,MEM_ANDROID_US,REJECT,14
0031,2026-09-20,105,iusluckyclientandroid,MEM_ANDROID_US,PASS,8
0031,2026-09-20,105,<absent>,MEM_ANDROID_US,REJECT,3
0031,2026-09-20,108,<absent>,MEM_H5_US,PASS,1
0031,2026-09-20,106,iusluckyclientios,MEM_IOS_US,PASS,4
0031,2026-09-21,105,iusluckyclientandroid,MEM_ANDROID_US,REJECT,23
0031,2026-09-21,105,<absent>,MEM_ANDROID_US,PASS,2
0031,2026-09-21,105,iusluckyclientandroid,MEM_ANDROID_US,PASS,13
0031,2026-09-21,105,<absent>,MEM_ANDROID_US,REJECT,1
0031,2026-09-21,106,iusluckyclientios,MEM_IOS_US,PASS,14
0031,2026-09-21,702,<absent>,SELF_SERVICE_MACHINE_US,PASS,2
0031,2026-09-21,108,<absent>,MEM_H5_US,PASS,4
0031,2026-09-22,105,iusluckyclientandroid,MEM_ANDROID_US,PASS,32
0031,2026-09-22,105,iusluckyclientandroid,MEM_ANDROID_US,REJECT,18
0031,2026-09-22,105,<absent>,MEM_ANDROID_US,REJECT,1
0031,2026-09-22,106,iusluckyclientios,MEM_IOS_US,PASS,16
0031,2026-09-22,108,<absent>,MEM_H5_US,PASS,2
0031,2026-09-22,702,<absent>,SELF_SERVICE_MACHINE_US,PASS,2
0031,2026-09-23,105,iusluckyclientandroid,MEM_ANDROID_US,PASS,37
0031,2026-09-23,105,iusluckyclientandroid,MEM_ANDROID_US,REJECT,52
0031,2026-09-23,106,iusluckyclientios,MEM_IOS_US,PASS,19
0031,2026-09-23,105,<absent>,MEM_ANDROID_US,REJECT,1
0031,2026-09-23,702,<absent>,SELF_SERVICE_MACHINE_US,PASS,1
0031,2026-09-23,108,<absent>,MEM_H5_US,PASS,2
0031,2026-09-24,105,iusluckyclientandroid,MEM_ANDROID_US,REJECT,28
0031,2026-09-24,105,iusluckyclientandroid,MEM_ANDROID_US,PASS,6
0031,2026-09-24,108,<absent>,MEM_H5_US,PASS,2
0031,2026-09-24,106,iusluckyclientios,MEM_IOS_US,PASS,16
0031,2026-09-24,106,<absent>,MEM_IOS_US,PASS,1
0031,2026-09-24,702,<absent>,SELF_SERVICE_MACHINE_US,PASS,2
0031,2026-09-24,105,<absent>,MEM_ANDROID_US,PASS,1
0031,2026-09-24,108,<absent>,MEM_H5_US,REJECT,2
0032,2026-09-18,108,<absent>,MEM_H5_US,PASS,1
0032,2026-09-18,106,iusluckyclientios,MEM_IOS_US,PASS,11
0032,2026-09-18,105,iusluckyclientandroid,MEM_ANDROID_US,REJECT,27
0032,2026-09-18,105,iusluckyclientandroid,MEM_ANDROID_US,PASS,16
0032,2026-09-18,702,<absent>,SELF_SERVICE_MACHINE_US,PASS,6
0032,2026-09-18,105,<absent>,MEM_ANDROID_US,PASS,2
0032,2026-09-19,105,iusluckyclientandroid,MEM_ANDROID_US,REJECT,41
0032,2026-09-19,105,iusluckyclientandroid,MEM_ANDROID_US,PASS,21
0032,2026-09-19,105,<absent>,MEM_ANDROID_US,PASS,2
0032,2026-09-19,105,<absent>,MEM_ANDROID_US,REJECT,4
0032,2026-09-19,106,iusluckyclientios,MEM_IOS_US,PASS,14
0032,2026-09-19,108,<absent>,MEM_H5_US,PASS,2
0032,2026-09-19,702,<absent>,SELF_SERVICE_MACHINE_US,PASS,1
0032,2026-09-20,105,iusluckyclientandroid,MEM_ANDROID_US,PASS,10
0032,2026-09-20,105,iusluckyclientandroid,MEM_ANDROID_US,REJECT,34
0032,2026-09-20,105,<absent>,MEM_ANDROID_US,REJECT,3
0032,2026-09-20,105,<absent>,MEM_ANDROID_US,PASS,1
0032,2026-09-20,106,iusluckyclientios,MEM_IOS_US,PASS,10
0032,2026-09-20,702,<absent>,SELF_SERVICE_MACHINE_US,PASS,1
0032,2026-09-21,106,iusluckyclientios,MEM_IOS_US,PASS,15
0032,2026-09-21,105,iusluckyclientandroid,MEM_ANDROID_US,PASS,10
0032,2026-09-21,105,iusluckyclientandroid,MEM_ANDROID_US,REJECT,30
0032,2026-09-21,105,<absent>,MEM_ANDROID_US,REJECT,2
0032,2026-09-21,702,<absent>,SELF_SERVICE_MACHINE_US,PASS,1
0032,2026-09-21,108,<absent>,MEM_H5_US,PASS,1
0032,2026-09-21,105,<absent>,MEM_ANDROID_US,PASS,1
0032,2026-09-22,105,iusluckyclientandroid,MEM_ANDROID_US,PASS,23
0032,2026-09-22,105,iusluckyclientandroid,MEM_ANDROID_US,REJECT,30
0032,2026-09-22,108,<absent>,MEM_H5_US,PASS,5
0032,2026-09-22,106,iusluckyclientios,MEM_IOS_US,PASS,10
0032,2026-09-22,702,<absent>,SELF_SERVICE_MACHINE_US,PASS,1
0032,2026-09-22,108,<absent>,MEM_H5_US,REVIEW,1
0032,2026-09-22,105,<absent>,MEM_ANDROID_US,PASS,4
0032,2026-09-23,105,iusluckyclientandroid,MEM_ANDROID_US,REJECT,24
0032,2026-09-23,105,iusluckyclientandroid,MEM_ANDROID_US,PASS,18
0032,2026-09-23,106,iusluckyclientios,MEM_IOS_US,PASS,16
0032,2026-09-23,108,<absent>,MEM_H5_US,PASS,1
0032,2026-09-23,105,<absent>,MEM_ANDROID_US,PASS,4
0032,2026-09-23,702,<absent>,SELF_SERVICE_MACHINE_US,PASS,2
0032,2026-09-24,105,iusluckyclientandroid,MEM_ANDROID_US,PASS,6
0032,2026-09-24,105,iusluckyclientandroid,MEM_ANDROID_US,REJECT,9
0032,2026-09-24,105,<absent>,MEM_ANDROID_US,PASS,4
0032,2026-09-24,105,<absent>,MEM_ANDROID_US,REJECT,1
0032,2026-09-24,106,iusluckyclientios,MEM_IOS_US,PASS,8
0032,2026-09-24,108,<absent>,MEM_H5_US,PASS,1
0033,2026-09-18,105,iusluckyclientandroid,MEM_ANDROID_US,PASS,14
0033,2026-09-18,105,iusluckyclientandroid,MEM_ANDROID_US,REJECT,32
0033,2026-09-18,106,iusluckyclientios,MEM_IOS_US,PASS,19
0033,2026-09-18,702,<absent>,SELF_SERVICE_MACHINE_US,PASS,3
0033,2026-09-18,108,<absent>,MEM_H5_US,PASS,2
0033,2026-09-19,105,iusluckyclientandroid,MEM_ANDROID_US,REJECT,23
0033,2026-09-19,105,iusluckyclientandroid,MEM_ANDROID_US,PASS,18
0033,2026-09-19,106,iusluckyclientios,MEM_IOS_US,PASS,11
0033,2026-09-19,702,<absent>,SELF_SERVICE_MACHINE_US,PASS,1
0033,2026-09-20,105,iusluckyclientandroid,MEM_ANDROID_US,PASS,11
0033,2026-09-20,105,iusluckyclientandroid,MEM_ANDROID_US,REJECT,10
0033,2026-09-20,105,<absent>,MEM_ANDROID_US,REJECT,2
0033,2026-09-20,105,<absent>,MEM_ANDROID_US,PASS,5
0033,2026-09-20,106,iusluckyclientios,MEM_IOS_US,PASS,6
0033,2026-09-20,702,<absent>,SELF_SERVICE_MACHINE_US,PASS,2
0033,2026-09-20,108,<absent>,MEM_H5_US,PASS,1
0033,2026-09-21,105,iusluckyclientandroid,MEM_ANDROID_US,PASS,17
0033,2026-09-21,105,iusluckyclientandroid,MEM_ANDROID_US,REJECT,16
0033,2026-09-21,105,<absent>,MEM_ANDROID_US,REJECT,1
0033,2026-09-21,106,iusluckyclientios,MEM_IOS_US,PASS,20
0033,2026-09-21,108,<absent>,MEM_H5_US,PASS,6
0033,2026-09-21,702,<absent>,SELF_SERVICE_MACHINE_US,PASS,2
0033,2026-09-22,105,iusluckyclientandroid,MEM_ANDROID_US,PASS,31
0033,2026-09-22,105,iusluckyclientandroid,MEM_ANDROID_US,REJECT,25
0033,2026-09-22,105,<absent>,MEM_ANDROID_US,REJECT,7
0033,2026-09-22,105,<absent>,MEM_ANDROID_US,PASS,4
0033,2026-09-22,106,iusluckyclientios,MEM_IOS_US,PASS,14
0033,2026-09-22,108,<absent>,MEM_H5_US,PASS,2
0033,2026-09-23,105,iusluckyclientandroid,MEM_ANDROID_US,REJECT,53
0033,2026-09-23,105,iusluckyclientandroid,MEM_ANDROID_US,PASS,21
0033,2026-09-23,106,iusluckyclientios,MEM_IOS_US,PASS,15
0033,2026-09-23,105,<absent>,MEM_ANDROID_US,REJECT,6
0033,2026-09-23,108,<absent>,MEM_H5_US,PASS,3
0033,2026-09-24,105,iusluckyclientandroid,MEM_ANDROID_US,PASS,6
0033,2026-09-24,105,iusluckyclientandroid,MEM_ANDROID_US,REJECT,16
0033,2026-09-24,106,iusluckyclientios,MEM_IOS_US,PASS,19
0033,2026-09-24,108,<absent>,MEM_H5_US,PASS,3
0033,2026-09-24,105,<absent>,MEM_ANDROID_US,REJECT,2
0033,2026-09-24,108,<absent>,MEM_H5_US,REJECT,1
0033,2026-09-24,108,<absent>,MEM_H5_US,REVIEW,1
0034,2026-09-18,105,iusluckyclientandroid,MEM_ANDROID_US,PASS,14
0034,2026-09-18,105,iusluckyclientandroid,MEM_ANDROID_US,REJECT,16
0034,2026-09-18,106,iusluckyclientios,MEM_IOS_US,PASS,7
0034,2026-09-18,108,<absent>,MEM_H5_US,PASS,1
0034,2026-09-18,702,<absent>,SELF_SERVICE_MACHINE_US,PASS,2
0034,2026-09-19,105,iusluckyclientandroid,MEM_ANDROID_US,REJECT,36
0034,2026-09-19,105,iusluckyclientandroid,MEM_ANDROID_US,PASS,22
0034,2026-09-19,106,iusluckyclientios,MEM_IOS_US,PASS,13
0034,2026-09-19,108,<absent>,MEM_H5_US,REJECT,1
0034,2026-09-19,105,<absent>,MEM_ANDROID_US,PASS,7
0034,2026-09-19,108,<absent>,MEM_H5_US,PASS,2
0034,2026-09-19,702,<absent>,SELF_SERVICE_MACHINE_US,PASS,2
0034,2026-09-19,105,<absent>,MEM_ANDROID_US,REJECT,1
0034,2026-09-19,108,<absent>,MEM_H5_US,REVIEW,1
0034,2026-09-20,105,iusluckyclientandroid,MEM_ANDROID_US,REJECT,20
0034,2026-09-20,105,iusluckyclientandroid,MEM_ANDROID_US,PASS,17
0034,2026-09-20,105,<absent>,MEM_ANDROID_US,REJECT,4
0034,2026-09-20,108,<absent>,MEM_H5_US,PASS,1
0034,2026-09-20,106,iusluckyclientios,MEM_IOS_US,PASS,6
0034,2026-09-20,702,<absent>,SELF_SERVICE_MACHINE_US,PASS,1
0034,2026-09-20,105,<absent>,MEM_ANDROID_US,PASS,1
0034,2026-09-21,105,iusluckyclientandroid,MEM_ANDROID_US,REJECT,27
0034,2026-09-21,105,iusluckyclientandroid,MEM_ANDROID_US,PASS,29
0034,2026-09-21,105,<absent>,MEM_ANDROID_US,PASS,1
0034,2026-09-21,106,iusluckyclientios,MEM_IOS_US,PASS,9
0034,2026-09-21,108,<absent>,MEM_H5_US,PASS,1
0034,2026-09-21,105,<absent>,MEM_ANDROID_US,REJECT,1
0034,2026-09-22,105,iusluckyclientandroid,MEM_ANDROID_US,REJECT,51
0034,2026-09-22,105,iusluckyclientandroid,MEM_ANDROID_US,PASS,30
0034,2026-09-22,106,iusluckyclientios,MEM_IOS_US,PASS,10
0034,2026-09-22,105,<absent>,MEM_ANDROID_US,PASS,4
0034,2026-09-22,108,<absent>,MEM_H5_US,PASS,1
0034,2026-09-22,702,<absent>,SELF_SERVICE_MACHINE_US,PASS,1
0034,2026-09-23,105,iusluckyclientandroid,MEM_ANDROID_US,PASS,18
0034,2026-09-23,105,iusluckyclientandroid,MEM_ANDROID_US,REJECT,46
0034,2026-09-23,105,<absent>,MEM_ANDROID_US,PASS,1
0034,2026-09-23,106,iusluckyclientios,MEM_IOS_US,PASS,18
0034,2026-09-23,108,<absent>,MEM_H5_US,PASS,2
0034,2026-09-24,106,iusluckyclientios,MEM_IOS_US,PASS,9
0034,2026-09-24,105,iusluckyclientandroid,MEM_ANDROID_US,PASS,16
0034,2026-09-24,105,iusluckyclientandroid,MEM_ANDROID_US,REJECT,19
0034,2026-09-24,105,<absent>,MEM_ANDROID_US,REJECT,2
0034,2026-09-24,108,<absent>,MEM_H5_US,PASS,2
0034,2026-09-24,702,<absent>,SELF_SERVICE_MACHINE_US,PASS,1
0035,2026-09-18,105,iusluckyclientandroid,MEM_ANDROID_US,REJECT,55
0035,2026-09-18,105,iusluckyclientandroid,MEM_ANDROID_US,PASS,31
0035,2026-09-18,105,<absent>,MEM_ANDROID_US,REJECT,3
0035,2026-09-18,106,iusluckyclientios,MEM_IOS_US,PASS,18
0035,2026-09-18,108,<absent>,MEM_H5_US,PASS,1
0035,2026-09-18,702,<absent>,SELF_SERVICE_MACHINE_US,PASS,1
0035,2026-09-18,105,<absent>,MEM_ANDROID_US,PASS,5
0035,2026-09-19,105,iusluckyclientandroid,MEM_ANDROID_US,REJECT,66
0035,2026-09-19,105,iusluckyclientandroid,MEM_ANDROID_US,PASS,24
0035,2026-09-19,105,<absent>,MEM_ANDROID_US,PASS,3
0035,2026-09-19,105,<absent>,MEM_ANDROID_US,REJECT,1
0035,2026-09-19,106,iusluckyclientios,MEM_IOS_US,PASS,11
0035,2026-09-19,108,<absent>,MEM_H5_US,PASS,4
0035,2026-09-19,702,<absent>,SELF_SERVICE_MACHINE_US,PASS,2
0035,2026-09-20,105,iusluckyclientandroid,MEM_ANDROID_US,REJECT,24
0035,2026-09-20,105,iusluckyclientandroid,MEM_ANDROID_US,PASS,13
0035,2026-09-20,105,<absent>,MEM_ANDROID_US,PASS,1
0035,2026-09-20,108,<absent>,MEM_H5_US,PASS,4
0035,2026-09-20,106,iusluckyclientios,MEM_IOS_US,PASS,6
0035,2026-09-20,702,<absent>,SELF_SERVICE_MACHINE_US,PASS,1
0035,2026-09-21,105,<absent>,MEM_ANDROID_US,PASS,2
0035,2026-09-21,105,iusluckyclientandroid,MEM_ANDROID_US,PASS,18
0035,2026-09-21,105,iusluckyclientandroid,MEM_ANDROID_US,REJECT,31
0035,2026-09-21,106,iusluckyclientios,MEM_IOS_US,PASS,17
0035,2026-09-21,108,<absent>,MEM_H5_US,PASS,10
0035,2026-09-21,108,<absent>,MEM_H5_US,REVIEW,1
0035,2026-09-21,105,<absent>,MEM_ANDROID_US,REJECT,1
0035,2026-09-22,105,iusluckyclientandroid,MEM_ANDROID_US,REJECT,31
0035,2026-09-22,105,iusluckyclientandroid,MEM_ANDROID_US,PASS,14
0035,2026-09-22,105,<absent>,MEM_ANDROID_US,REJECT,1
0035,2026-09-22,106,iusluckyclientios,MEM_IOS_US,PASS,12
0035,2026-09-22,702,<absent>,SELF_SERVICE_MACHINE_US,PASS,2
0035,2026-09-22,108,<absent>,MEM_H5_US,PASS,4
0035,2026-09-23,106,iusluckyclientios,MEM_IOS_US,PASS,15
0035,2026-09-23,105,iusluckyclientandroid,MEM_ANDROID_US,PASS,24
0035,2026-09-23,105,iusluckyclientandroid,MEM_ANDROID_US,REJECT,24
0035,2026-09-23,108,<absent>,MEM_H5_US,PASS,1
0035,2026-09-23,702,<absent>,SELF_SERVICE_MACHINE_US,PASS,1
0035,2026-09-24,105,iusluckyclientandroid,MEM_ANDROID_US,REJECT,13
0035,2026-09-24,105,iusluckyclientandroid,MEM_ANDROID_US,PASS,10
0035,2026-09-24,106,iusluckyclientios,MEM_IOS_US,PASS,22
0035,2026-09-24,108,<absent>,MEM_H5_US,PASS,4
0035,2026-09-24,108,<absent>,MEM_H5_US,REVIEW,1
0035,2026-09-24,108,<absent>,MEM_H5_US,REJECT,10
0036,2026-09-18,105,iusluckyclientandroid,MEM_ANDROID_US,REJECT,61
0036,2026-09-18,105,<absent>,MEM_ANDROID_US,PASS,2
0036,2026-09-18,105,iusluckyclientandroid,MEM_ANDROID_US,PASS,19
0036,2026-09-18,105,<absent>,MEM_ANDROID_US,REJECT,1
0036,2026-09-18,106,iusluckyclientios,MEM_IOS_US,PASS,17
0036,2026-09-19,105,iusluckyclientandroid,MEM_ANDROID_US,PASS,32
0036,2026-09-19,105,iusluckyclientandroid,MEM_ANDROID_US,REJECT,54
0036,2026-09-19,702,<absent>,SELF_SERVICE_MACHINE_US,PASS,3
0036,2026-09-19,106,iusluckyclientios,MEM_IOS_US,PASS,10
0036,2026-09-19,108,<absent>,MEM_H5_US,PASS,2
0036,2026-09-20,105,iusluckyclientandroid,MEM_ANDROID_US,REJECT,22
0036,2026-09-20,105,iusluckyclientandroid,MEM_ANDROID_US,PASS,11
0036,2026-09-20,105,<absent>,MEM_ANDROID_US,REJECT,3
0036,2026-09-20,105,<absent>,MEM_ANDROID_US,PASS,1
0036,2026-09-20,106,iusluckyclientios,MEM_IOS_US,PASS,11
0036,2026-09-20,108,<absent>,MEM_H5_US,PASS,1
0036,2026-09-20,702,<absent>,SELF_SERVICE_MACHINE_US,PASS,7
0036,2026-09-21,105,iusluckyclientandroid,MEM_ANDROID_US,PASS,21
0036,2026-09-21,105,iusluckyclientandroid,MEM_ANDROID_US,REJECT,30
0036,2026-09-21,106,iusluckyclientios,MEM_IOS_US,PASS,11
0036,2026-09-21,108,<absent>,MEM_H5_US,PASS,4
0036,2026-09-22,105,iusluckyclientandroid,MEM_ANDROID_US,REJECT,27
0036,2026-09-22,105,iusluckyclientandroid,MEM_ANDROID_US,PASS,31
0036,2026-09-22,106,iusluckyclientios,MEM_IOS_US,PASS,15
0036,2026-09-22,108,<absent>,MEM_H5_US,PASS,6
0036,2026-09-22,702,<absent>,SELF_SERVICE_MACHINE_US,PASS,3
0036,2026-09-22,105,<absent>,MEM_ANDROID_US,REJECT,1
0036,2026-09-23,105,iusluckyclientandroid,MEM_ANDROID_US,REJECT,31
0036,2026-09-23,105,iusluckyclientandroid,MEM_ANDROID_US,PASS,16
0036,2026-09-23,106,iusluckyclientios,MEM_IOS_US,PASS,15
0036,2026-09-23,108,<absent>,MEM_H5_US,PASS,4
0036,2026-09-24,105,iusluckyclientandroid,MEM_ANDROID_US,PASS,4
0036,2026-09-24,105,iusluckyclientandroid,MEM_ANDROID_US,REJECT,10
0036,2026-09-24,105,<absent>,MEM_ANDROID_US,REJECT,3
0036,2026-09-24,106,iusluckyclientios,MEM_IOS_US,PASS,14
0036,2026-09-24,108,<absent>,MEM_H5_US,PASS,5
0036,2026-09-24,702,<absent>,SELF_SERVICE_MACHINE_US,PASS,1
0037,2026-09-18,105,iusluckyclientandroid,MEM_ANDROID_US,PASS,14
0037,2026-09-18,105,iusluckyclientandroid,MEM_ANDROID_US,REJECT,34
0037,2026-09-18,106,iusluckyclientios,MEM_IOS_US,PASS,12
0037,2026-09-18,108,<absent>,MEM_H5_US,PASS,3
0037,2026-09-18,702,<absent>,SELF_SERVICE_MACHINE_US,PASS,1
0037,2026-09-19,105,iusluckyclientandroid,MEM_ANDROID_US,PASS,25
0037,2026-09-19,105,iusluckyclientandroid,MEM_ANDROID_US,REJECT,52
0037,2026-09-19,106,iusluckyclientios,MEM_IOS_US,PASS,15
0037,2026-09-19,108,<absent>,MEM_H5_US,PASS,3
0037,2026-09-19,702,<absent>,SELF_SERVICE_MACHINE_US,PASS,2
0037,2026-09-20,105,iusluckyclientandroid,MEM_ANDROID_US,REJECT,23
0037,2026-09-20,105,iusluckyclientandroid,MEM_ANDROID_US,PASS,19
0037,2026-09-20,106,iusluckyclientios,MEM_IOS_US,PASS,8
0037,2026-09-21,105,iusluckyclientandroid,MEM_ANDROID_US,PASS,19
0037,2026-09-21,105,iusluckyclientandroid,MEM_ANDROID_US,REJECT,25
0037,2026-09-21,106,iusluckyclientios,MEM_IOS_US,PASS,14
0037,2026-09-21,702,<absent>,SELF_SERVICE_MACHINE_US,PASS,1
0037,2026-09-21,108,<absent>,MEM_H5_US,PASS,2
0037,2026-09-22,105,iusluckyclientandroid,MEM_ANDROID_US,REJECT,52
0037,2026-09-22,105,<absent>,MEM_ANDROID_US,REJECT,4
0037,2026-09-22,105,iusluckyclientandroid,MEM_ANDROID_US,PASS,22
0037,2026-09-22,105,<absent>,MEM_ANDROID_US,PASS,1
0037,2026-09-22,106,iusluckyclientios,MEM_IOS_US,PASS,6
0037,2026-09-22,702,<absent>,SELF_SERVICE_MACHINE_US,PASS,2
0037,2026-09-22,108,<absent>,MEM_H5_US,PASS,1
0037,2026-09-23,105,iusluckyclientandroid,MEM_ANDROID_US,PASS,20
0037,2026-09-23,105,iusluckyclientandroid,MEM_ANDROID_US,REJECT,33
0037,2026-09-23,106,iusluckyclientios,MEM_IOS_US,PASS,14
0037,2026-09-23,108,<absent>,MEM_H5_US,PASS,1
0037,2026-09-23,702,<absent>,SELF_SERVICE_MACHINE_US,PASS,2
0037,2026-09-23,105,<absent>,MEM_ANDROID_US,REJECT,4
0037,2026-09-24,105,iusluckyclientandroid,MEM_ANDROID_US,PASS,15
0037,2026-09-24,105,iusluckyclientandroid,MEM_ANDROID_US,REJECT,20
0037,2026-09-24,105,<absent>,MEM_ANDROID_US,PASS,1
0037,2026-09-24,108,<absent>,MEM_H5_US,PASS,4
0037,2026-09-24,106,iusluckyclientios,MEM_IOS_US,PASS,16
0037,2026-09-24,702,<absent>,SELF_SERVICE_MACHINE_US,PASS,1
0038,2026-09-18,105,iusluckyclientandroid,MEM_ANDROID_US,PASS,23
0038,2026-09-18,105,iusluckyclientandroid,MEM_ANDROID_US,REJECT,40
0038,2026-09-18,106,iusluckyclientios,MEM_IOS_US,PASS,8
0038,2026-09-18,108,<absent>,MEM_H5_US,PASS,3
0038,2026-09-18,105,<absent>,MEM_ANDROID_US,PASS,7
0038,2026-09-18,105,<absent>,MEM_ANDROID_US,REJECT,3
0038,2026-09-19,105,iusluckyclientandroid,MEM_ANDROID_US,PASS,21
0038,2026-09-19,105,<absent>,MEM_ANDROID_US,REJECT,3
0038,2026-09-19,105,iusluckyclientandroid,MEM_ANDROID_US,REJECT,42
0038,2026-09-19,108,<absent>,MEM_H5_US,REJECT,1
0038,2026-09-19,106,iusluckyclientios,MEM_IOS_US,PASS,12
0038,2026-09-20,105,iusluckyclientandroid,MEM_ANDROID_US,REJECT,19
0038,2026-09-20,105,iusluckyclientandroid,MEM_ANDROID_US,PASS,9
0038,2026-09-20,105,<absent>,MEM_ANDROID_US,REJECT,1
0038,2026-09-20,106,iusluckyclientios,MEM_IOS_US,PASS,12
0038,2026-09-20,105,<absent>,MEM_ANDROID_US,PASS,2
0038,2026-09-21,105,iusluckyclientandroid,MEM_ANDROID_US,PASS,22
0038,2026-09-21,105,iusluckyclientandroid,MEM_ANDROID_US,REJECT,23
0038,2026-09-21,105,<absent>,MEM_ANDROID_US,PASS,2
0038,2026-09-21,108,<absent>,MEM_H5_US,PASS,2
0038,2026-09-21,106,iusluckyclientios,MEM_IOS_US,PASS,6
0038,2026-09-22,105,iusluckyclientandroid,MEM_ANDROID_US,REJECT,46
0038,2026-09-22,105,iusluckyclientandroid,MEM_ANDROID_US,PASS,23
0038,2026-09-22,105,<absent>,MEM_ANDROID_US,PASS,6
0038,2026-09-22,106,iusluckyclientios,MEM_IOS_US,PASS,13
0038,2026-09-22,108,<absent>,MEM_H5_US,PASS,4
0038,2026-09-23,106,iusluckyclientios,MEM_IOS_US,PASS,22
0038,2026-09-23,105,iusluckyclientandroid,MEM_ANDROID_US,REJECT,31
0038,2026-09-23,105,iusluckyclientandroid,MEM_ANDROID_US,PASS,15
0038,2026-09-23,108,<absent>,MEM_H5_US,PASS,5
0038,2026-09-23,702,<absent>,SELF_SERVICE_MACHINE_US,PASS,1
0038,2026-09-23,105,<absent>,MEM_ANDROID_US,REJECT,2
0038,2026-09-24,105,iusluckyclientandroid,MEM_ANDROID_US,PASS,5
0038,2026-09-24,105,iusluckyclientandroid,MEM_ANDROID_US,REJECT,25
0038,2026-09-24,108,<absent>,MEM_H5_US,PASS,3
0038,2026-09-24,105,<absent>,MEM_ANDROID_US,PASS,2
0038,2026-09-24,106,iusluckyclientios,MEM_IOS_US,PASS,12
0039,2026-09-18,105,iusluckyclientandroid,MEM_ANDROID_US,PASS,15
0039,2026-09-18,105,iusluckyclientandroid,MEM_ANDROID_US,REJECT,20
0039,2026-09-18,106,iusluckyclientios,MEM_IOS_US,PASS,17
0039,2026-09-18,108,<absent>,MEM_H5_US,PASS,3
0039,2026-09-18,702,<absent>,SELF_SERVICE_MACHINE_US,PASS,1
0039,2026-09-19,105,iusluckyclientandroid,MEM_ANDROID_US,PASS,17
0039,2026-09-19,105,iusluckyclientandroid,MEM_ANDROID_US,REJECT,23
0039,2026-09-19,702,<absent>,SELF_SERVICE_MACHINE_US,PASS,1
0039,2026-09-19,105,<absent>,MEM_ANDROID_US,REJECT,3
0039,2026-09-19,106,iusluckyclientios,MEM_IOS_US,PASS,15
0039,2026-09-19,108,<absent>,MEM_H5_US,PASS,1
0039,2026-09-20,105,iusluckyclientandroid,MEM_ANDROID_US,REJECT,26
0039,2026-09-20,105,iusluckyclientandroid,MEM_ANDROID_US,PASS,8
0039,2026-09-20,105,<absent>,MEM_ANDROID_US,REJECT,4
0039,2026-09-20,108,<absent>,MEM_H5_US,PASS,1
0039,2026-09-20,106,iusluckyclientios,MEM_IOS_US,PASS,12
0039,2026-09-20,702,<absent>,SELF_SERVICE_MACHINE_US,PASS,1
0039,2026-09-20,105,<absent>,MEM_ANDROID_US,PASS,2
0039,2026-09-20,106,iusluckyclientios,MEM_IOS_US,REJECT,1
0039,2026-09-21,105,iusluckyclientandroid,MEM_ANDROID_US,REJECT,36
0039,2026-09-21,105,iusluckyclientandroid,MEM_ANDROID_US,PASS,32
0039,2026-09-21,106,iusluckyclientios,MEM_IOS_US,PASS,18
0039,2026-09-21,108,<absent>,MEM_H5_US,PASS,4
0039,2026-09-21,108,<absent>,MEM_H5_US,REVIEW,1
0039,2026-09-21,108,<absent>,MEM_H5_US,REJECT,1
0039,2026-09-21,106,<absent>,MEM_IOS_US,PASS,1
0039,2026-09-22,106,iusluckyclientios,MEM_IOS_US,PASS,14
0039,2026-09-22,105,iusluckyclientandroid,MEM_ANDROID_US,PASS,27
0039,2026-09-22,105,iusluckyclientandroid,MEM_ANDROID_US,REJECT,28
0039,2026-09-22,108,<absent>,MEM_H5_US,PASS,4
0039,2026-09-22,105,<absent>,MEM_ANDROID_US,REJECT,1
0039,2026-09-22,702,<absent>,SELF_SERVICE_MACHINE_US,PASS,1
0039,2026-09-22,105,<absent>,MEM_ANDROID_US,PASS,1
0039,2026-09-23,105,iusluckyclientandroid,MEM_ANDROID_US,PASS,18
0039,2026-09-23,105,iusluckyclientandroid,MEM_ANDROID_US,REJECT,64
0039,2026-09-23,106,iusluckyclientios,MEM_IOS_US,PASS,13
0039,2026-09-23,108,<absent>,MEM_H5_US,PASS,1
0039,2026-09-23,702,<absent>,SELF_SERVICE_MACHINE_US,PASS,1
0039,2026-09-23,105,<absent>,MEM_ANDROID_US,PASS,1
0039,2026-09-24,105,iusluckyclientandroid,MEM_ANDROID_US,PASS,5
0039,2026-09-24,105,iusluckyclientandroid,MEM_ANDROID_US,REJECT,28
0039,2026-09-24,105,<absent>,MEM_ANDROID_US,REJECT,2
0039,2026-09-24,105,<absent>,MEM_ANDROID_US,PASS,1
0039,2026-09-24,108,<absent>,MEM_H5_US,PASS,3
0039,2026-09-24,106,iusluckyclientios,MEM_IOS_US,PASS,8
0040,2026-09-18,105,iusluckyclientandroid,MEM_ANDROID_US,PASS,13
0040,2026-09-18,105,iusluckyclientandroid,MEM_ANDROID_US,REJECT,10
0040,2026-09-18,105,<absent>,MEM_ANDROID_US,REJECT,12
0040,2026-09-18,106,iusluckyclientios,MEM_IOS_US,PASS,14
0040,2026-09-19,105,iusluckyclientandroid,MEM_ANDROID_US,REJECT,30
0040,2026-09-19,105,iusluckyclientandroid,MEM_ANDROID_US,PASS,17
0040,2026-09-19,105,<absent>,MEM_ANDROID_US,REJECT,8
0040,2026-09-19,106,iusluckyclientios,MEM_IOS_US,PASS,11
0040,2026-09-19,108,<absent>,MEM_H5_US,PASS,2
0040,2026-09-19,702,<absent>,SELF_SERVICE_MACHINE_US,PASS,2
0040,2026-09-19,105,<absent>,MEM_ANDROID_US,PASS,2
0040,2026-09-20,105,iusluckyclientandroid,MEM_ANDROID_US,PASS,9
0040,2026-09-20,106,iusluckyclientios,MEM_IOS_US,PASS,12
0040,2026-09-20,105,<absent>,MEM_ANDROID_US,PASS,4
0040,2026-09-20,105,iusluckyclientandroid,MEM_ANDROID_US,REJECT,11
0040,2026-09-20,108,<absent>,MEM_H5_US,PASS,1
0040,2026-09-20,105,<absent>,MEM_ANDROID_US,REJECT,1
0040,2026-09-21,105,iusluckyclientandroid,MEM_ANDROID_US,PASS,25
0040,2026-09-21,105,iusluckyclientandroid,MEM_ANDROID_US,REJECT,21
0040,2026-09-21,106,iusluckyclientios,MEM_IOS_US,PASS,30
0040,2026-09-21,108,<absent>,MEM_H5_US,REVIEW,2
0040,2026-09-21,108,<absent>,MEM_H5_US,PASS,4
0040,2026-09-21,108,<absent>,MEM_H5_US,REJECT,1
0040,2026-09-21,702,<absent>,SELF_SERVICE_MACHINE_US,PASS,1
0040,2026-09-22,105,iusluckyclientandroid,MEM_ANDROID_US,PASS,20
0040,2026-09-22,105,iusluckyclientandroid,MEM_ANDROID_US,REJECT,20
0040,2026-09-22,106,iusluckyclientios,MEM_IOS_US,PASS,11
0040,2026-09-22,108,<absent>,MEM_H5_US,PASS,2
0040,2026-09-22,105,<absent>,MEM_ANDROID_US,REJECT,1
0040,2026-09-23,105,iusluckyclientandroid,MEM_ANDROID_US,PASS,20
0040,2026-09-23,105,iusluckyclientandroid,MEM_ANDROID_US,REJECT,12
0040,2026-09-23,106,iusluckyclientios,MEM_IOS_US,PASS,13
0040,2026-09-23,108,<absent>,MEM_H5_US,PASS,5
0040,2026-09-23,105,<absent>,MEM_ANDROID_US,REJECT,1
0040,2026-09-23,105,<absent>,MEM_ANDROID_US,PASS,1
0040,2026-09-24,105,iusluckyclientandroid,MEM_ANDROID_US,PASS,6
0040,2026-09-24,105,iusluckyclientandroid,MEM_ANDROID_US,REJECT,16
0040,2026-09-24,108,<absent>,MEM_H5_US,PASS,3
0040,2026-09-24,106,iusluckyclientios,MEM_IOS_US,PASS,10
0040,2026-09-24,702,<absent>,SELF_SERVICE_MACHINE_US,PASS,1
0041,2026-09-18,105,iusluckyclientandroid,MEM_ANDROID_US,PASS,27
0041,2026-09-18,105,iusluckyclientandroid,MEM_ANDROID_US,REJECT,42
0041,2026-09-18,105,<absent>,MEM_ANDROID_US,REJECT,3
0041,2026-09-18,106,iusluckyclientios,MEM_IOS_US,PASS,14
0041,2026-09-18,108,<absent>,MEM_H5_US,PASS,2
0041,2026-09-18,702,<absent>,SELF_SERVICE_MACHINE_US,PASS,1
0041,2026-09-19,105,iusluckyclientandroid,MEM_ANDROID_US,PASS,15
0041,2026-09-19,105,iusluckyclientandroid,MEM_ANDROID_US,REJECT,31
0041,2026-09-19,106,iusluckyclientios,MEM_IOS_US,PASS,12
0041,2026-09-19,108,<absent>,MEM_H5_US,PASS,1
0041,2026-09-19,702,<absent>,SELF_SERVICE_MACHINE_US,PASS,1
0041,2026-09-19,105,<absent>,MEM_ANDROID_US,REJECT,1
0041,2026-09-19,105,<absent>,MEM_ANDROID_US,PASS,5
0041,2026-09-20,105,iusluckyclientandroid,MEM_ANDROID_US,PASS,14
0041,2026-09-20,105,iusluckyclientandroid,MEM_ANDROID_US,REJECT,28
0041,2026-09-20,702,<absent>,SELF_SERVICE_MACHINE_US,PASS,1
0041,2026-09-20,106,iusluckyclientios,MEM_IOS_US,PASS,9
0041,2026-09-20,108,<absent>,MEM_H5_US,PASS,1
0041,2026-09-20,105,<absent>,MEM_ANDROID_US,PASS,4
0041,2026-09-21,105,iusluckyclientandroid,MEM_ANDROID_US,PASS,14
0041,2026-09-21,105,iusluckyclientandroid,MEM_ANDROID_US,REJECT,21
0041,2026-09-21,106,iusluckyclientios,MEM_IOS_US,PASS,8
0041,2026-09-21,108,<absent>,MEM_H5_US,PASS,1
0041,2026-09-21,105,<absent>,MEM_ANDROID_US,REJECT,1
0041,2026-09-22,105,iusluckyclientandroid,MEM_ANDROID_US,PASS,5
0041,2026-09-22,105,iusluckyclientandroid,MEM_ANDROID_US,REJECT,21
0041,2026-09-22,106,iusluckyclientios,MEM_IOS_US,PASS,20
0041,2026-09-22,108,<absent>,MEM_H5_US,PASS,2
0041,2026-09-22,702,<absent>,SELF_SERVICE_MACHINE_US,PASS,1
0041,2026-09-22,105,<absent>,MEM_ANDROID_US,PASS,3
0041,2026-09-22,105,<absent>,MEM_ANDROID_US,REJECT,1
0041,2026-09-23,105,iusluckyclientandroid,MEM_ANDROID_US,REJECT,17
0041,2026-09-23,105,iusluckyclientandroid,MEM_ANDROID_US,PASS,7
0041,2026-09-23,105,<absent>,MEM_ANDROID_US,REJECT,17
0041,2026-09-23,105,<absent>,MEM_ANDROID_US,PASS,4
0041,2026-09-23,106,iusluckyclientios,MEM_IOS_US,PASS,13
0041,2026-09-23,108,<absent>,MEM_H5_US,PASS,3
0041,2026-09-23,108,<absent>,MEM_H5_US,REVIEW,1
0041,2026-09-23,108,<absent>,MEM_H5_US,REJECT,1
0041,2026-09-24,105,iusluckyclientandroid,MEM_ANDROID_US,PASS,6
0041,2026-09-24,105,iusluckyclientandroid,MEM_ANDROID_US,REJECT,22
0041,2026-09-24,106,iusluckyclientios,MEM_IOS_US,PASS,13
0041,2026-09-24,105,<absent>,MEM_ANDROID_US,PASS,1
0041,2026-09-24,108,<absent>,MEM_H5_US,REVIEW,1
0041,2026-09-24,108,<absent>,MEM_H5_US,REJECT,1
0041,2026-09-24,108,<absent>,MEM_H5_US,PASS,1
0041,2026-09-24,106,<absent>,MEM_IOS_US,PASS,1
0042,2026-09-18,106,iusluckyclientios,MEM_IOS_US,PASS,23
0042,2026-09-18,105,iusluckyclientandroid,MEM_ANDROID_US,PASS,12
0042,2026-09-18,105,iusluckyclientandroid,MEM_ANDROID_US,REJECT,9
0042,2026-09-18,105,<absent>,MEM_ANDROID_US,PASS,5
0042,2026-09-18,108,<absent>,MEM_H5_US,PASS,2
0042,2026-09-18,702,<absent>,SELF_SERVICE_MACHINE_US,PASS,1
0042,2026-09-19,105,iusluckyclientandroid,MEM_ANDROID_US,REJECT,27
0042,2026-09-19,106,iusluckyclientios,MEM_IOS_US,PASS,15
0042,2026-09-19,105,iusluckyclientandroid,MEM_ANDROID_US,PASS,14
0042,2026-09-19,105,<absent>,MEM_ANDROID_US,REJECT,1
0042,2026-09-19,108,<absent>,MEM_H5_US,PASS,2
0042,2026-09-19,108,<absent>,MEM_H5_US,REVIEW,1
0042,2026-09-19,702,<absent>,SELF_SERVICE_MACHINE_US,PASS,1
0042,2026-09-20,105,iusluckyclientandroid,MEM_ANDROID_US,REJECT,11
0042,2026-09-20,108,<absent>,MEM_H5_US,PASS,2
0042,2026-09-20,105,iusluckyclientandroid,MEM_ANDROID_US,PASS,6
0042,2026-09-20,105,<absent>,MEM_ANDROID_US,REJECT,8
0042,2026-09-20,106,iusluckyclientios,MEM_IOS_US,PASS,10
0042,2026-09-20,105,<absent>,MEM_ANDROID_US,PASS,2
0042,2026-09-21,105,iusluckyclientandroid,MEM_ANDROID_US,PASS,19
0042,2026-09-21,105,iusluckyclientandroid,MEM_ANDROID_US,REJECT,30
0042,2026-09-21,108,<absent>,MEM_H5_US,REVIEW,1
0042,2026-09-21,108,<absent>,MEM_H5_US,REJECT,1
0042,2026-09-21,108,<absent>,MEM_H5_US,PASS,3
0042,2026-09-21,106,iusluckyclientios,MEM_IOS_US,PASS,15
0042,2026-09-21,105,<absent>,MEM_ANDROID_US,PASS,4
0042,2026-09-21,702,<absent>,SELF_SERVICE_MACHINE_US,PASS,3
0042,2026-09-22,105,iusluckyclientandroid,MEM_ANDROID_US,REJECT,6
0042,2026-09-22,105,iusluckyclientandroid,MEM_ANDROID_US,PASS,22
0042,2026-09-22,105,<absent>,MEM_ANDROID_US,PASS,2
0042,2026-09-22,108,<absent>,MEM_H5_US,PASS,4
0042,2026-09-22,106,iusluckyclientios,MEM_IOS_US,PASS,17
0042,2026-09-22,105,<absent>,MEM_ANDROID_US,REJECT,1
0042,2026-09-23,105,iusluckyclientandroid,MEM_ANDROID_US,PASS,17
0042,2026-09-23,105,iusluckyclientandroid,MEM_ANDROID_US,REJECT,25
0042,2026-09-23,106,iusluckyclientios,MEM_IOS_US,PASS,10
0042,2026-09-23,702,<absent>,SELF_SERVICE_MACHINE_US,PASS,3
0042,2026-09-23,105,<absent>,MEM_ANDROID_US,REJECT,5
0042,2026-09-23,108,<absent>,MEM_H5_US,PASS,5
0042,2026-09-24,105,iusluckyclientandroid,MEM_ANDROID_US,REJECT,3
0042,2026-09-24,105,iusluckyclientandroid,MEM_ANDROID_US,PASS,10
0042,2026-09-24,108,<absent>,MEM_H5_US,PASS,5
0042,2026-09-24,702,<absent>,SELF_SERVICE_MACHINE_US,PASS,1
0042,2026-09-24,106,iusluckyclientios,MEM_IOS_US,PASS,18
0042,2026-09-24,105,<absent>,MEM_ANDROID_US,PASS,1
0042,2026-09-24,108,<absent>,MEM_H5_US,REVIEW,1
0042,2026-09-24,108,<absent>,MEM_H5_US,REJECT,9
0043,2026-09-18,105,iusluckyclientandroid,MEM_ANDROID_US,REJECT,45
0043,2026-09-18,105,iusluckyclientandroid,MEM_ANDROID_US,PASS,25
0043,2026-09-18,105,<absent>,MEM_ANDROID_US,PASS,2
0043,2026-09-18,106,iusluckyclientios,MEM_IOS_US,PASS,8
0043,2026-09-18,108,<absent>,MEM_H5_US,PASS,3
0043,2026-09-18,702,<absent>,SELF_SERVICE_MACHINE_US,PASS,3
0043,2026-09-18,105,<absent>,MEM_ANDROID_US,REJECT,1
0043,2026-09-19,105,iusluckyclientandroid,MEM_ANDROID_US,REJECT,30
0043,2026-09-19,106,iusluckyclientios,MEM_IOS_US,PASS,11
0043,2026-09-19,105,iusluckyclientandroid,MEM_ANDROID_US,PASS,13
0043,2026-09-19,108,<absent>,MEM_H5_US,REJECT,5
0043,2026-09-19,108,<absent>,MEM_H5_US,REVIEW,1
0043,2026-09-19,108,<absent>,MEM_H5_US,PASS,3
0043,2026-09-19,105,<absent>,MEM_ANDROID_US,REJECT,5
0043,2026-09-20,105,iusluckyclientandroid,MEM_ANDROID_US,REJECT,19
0043,2026-09-20,105,iusluckyclientandroid,MEM_ANDROID_US,PASS,16
0043,2026-09-20,105,<absent>,MEM_ANDROID_US,PASS,5
0043,2026-09-20,108,<absent>,MEM_H5_US,PASS,4
0043,2026-09-20,702,<absent>,SELF_SERVICE_MACHINE_US,PASS,1
0043,2026-09-20,105,<absent>,MEM_ANDROID_US,REJECT,2
0043,2026-09-20,106,iusluckyclientios,MEM_IOS_US,PASS,8
0043,2026-09-21,105,<absent>,MEM_ANDROID_US,REJECT,1
0043,2026-09-21,105,iusluckyclientandroid,MEM_ANDROID_US,PASS,14
0043,2026-09-21,106,iusluckyclientios,MEM_IOS_US,PASS,13
0043,2026-09-21,105,iusluckyclientandroid,MEM_ANDROID_US,REJECT,23
0043,2026-09-21,105,<absent>,MEM_ANDROID_US,PASS,6
0043,2026-09-21,108,<absent>,MEM_H5_US,PASS,2
0043,2026-09-21,702,<absent>,SELF_SERVICE_MACHINE_US,PASS,2
0043,2026-09-22,105,iusluckyclientandroid,MEM_ANDROID_US,PASS,26
0043,2026-09-22,105,iusluckyclientandroid,MEM_ANDROID_US,REJECT,39
0043,2026-09-22,106,iusluckyclientios,MEM_IOS_US,PASS,16
0043,2026-09-22,105,<absent>,MEM_ANDROID_US,REJECT,2
0043,2026-09-22,702,<absent>,SELF_SERVICE_MACHINE_US,PASS,1
0043,2026-09-23,105,iusluckyclientandroid,MEM_ANDROID_US,REJECT,46
0043,2026-09-23,105,iusluckyclientandroid,MEM_ANDROID_US,PASS,13
0043,2026-09-23,105,<absent>,MEM_ANDROID_US,PASS,2
0043,2026-09-23,106,iusluckyclientios,MEM_IOS_US,PASS,16
0043,2026-09-23,106,iusluckyclientios,MEM_IOS_US,REJECT,3
0043,2026-09-23,108,<absent>,MEM_H5_US,PASS,1
0043,2026-09-24,106,iusluckyclientios,MEM_IOS_US,PASS,15
0043,2026-09-24,105,iusluckyclientandroid,MEM_ANDROID_US,REJECT,12
0043,2026-09-24,108,<absent>,MEM_H5_US,PASS,3
0043,2026-09-24,105,<absent>,MEM_ANDROID_US,REJECT,17
0043,2026-09-24,105,iusluckyclientandroid,MEM_ANDROID_US,PASS,3
0043,2026-09-24,105,<absent>,MEM_ANDROID_US,PASS,1
0043,2026-09-24,702,<absent>,SELF_SERVICE_MACHINE_US,PASS,1
0044,2026-09-18,105,iusluckyclientandroid,MEM_ANDROID_US,PASS,17
0044,2026-09-18,105,iusluckyclientandroid,MEM_ANDROID_US,REJECT,30
0044,2026-09-18,105,<absent>,MEM_ANDROID_US,REJECT,27
0044,2026-09-18,105,<absent>,MEM_ANDROID_US,PASS,1
0044,2026-09-18,106,iusluckyclientios,MEM_IOS_US,PASS,9
0044,2026-09-18,702,<absent>,SELF_SERVICE_MACHINE_US,PASS,2
0044,2026-09-18,108,<absent>,MEM_H5_US,PASS,2
0044,2026-09-19,105,iusluckyclientandroid,MEM_ANDROID_US,PASS,23
0044,2026-09-19,105,<absent>,MEM_ANDROID_US,REJECT,4
0044,2026-09-19,105,iusluckyclientandroid,MEM_ANDROID_US,REJECT,22
0044,2026-09-19,106,iusluckyclientios,MEM_IOS_US,PASS,6
0044,2026-09-19,105,<absent>,MEM_ANDROID_US,PASS,1
0044,2026-09-19,702,<absent>,SELF_SERVICE_MACHINE_US,PASS,1
0044,2026-09-19,108,<absent>,MEM_H5_US,PASS,1
0044,2026-09-20,105,iusluckyclientandroid,MEM_ANDROID_US,PASS,16
0044,2026-09-20,105,iusluckyclientandroid,MEM_ANDROID_US,REJECT,15
0044,2026-09-20,105,<absent>,MEM_ANDROID_US,REJECT,65
0044,2026-09-20,106,iusluckyclientios,MEM_IOS_US,PASS,9
0044,2026-09-20,105,<absent>,MEM_ANDROID_US,PASS,5
0044,2026-09-20,108,<absent>,MEM_H5_US,PASS,1
0044,2026-09-21,105,iusluckyclientandroid,MEM_ANDROID_US,REJECT,29
0044,2026-09-21,105,iusluckyclientandroid,MEM_ANDROID_US,PASS,16
0044,2026-09-21,105,<absent>,MEM_ANDROID_US,REJECT,3
0044,2026-09-21,108,<absent>,MEM_H5_US,PASS,1
0044,2026-09-21,106,iusluckyclientios,MEM_IOS_US,PASS,8
0044,2026-09-22,105,iusluckyclientandroid,MEM_ANDROID_US,REJECT,32
0044,2026-09-22,105,iusluckyclientandroid,MEM_ANDROID_US,PASS,29
0044,2026-09-22,106,iusluckyclientios,MEM_IOS_US,PASS,16
0044,2026-09-23,105,iusluckyclientandroid,MEM_ANDROID_US,PASS,15
0044,2026-09-23,105,iusluckyclientandroid,MEM_ANDROID_US,REJECT,31
0044,2026-09-23,108,<absent>,MEM_H5_US,PASS,5
0044,2026-09-23,106,iusluckyclientios,MEM_IOS_US,PASS,15
0044,2026-09-24,105,iusluckyclientandroid,MEM_ANDROID_US,REJECT,10
0044,2026-09-24,105,iusluckyclientandroid,MEM_ANDROID_US,PASS,4
0044,2026-09-24,106,iusluckyclientios,MEM_IOS_US,PASS,12
0044,2026-09-24,108,<absent>,MEM_H5_US,PASS,3
0044,2026-09-24,105,<absent>,MEM_ANDROID_US,REJECT,1
0044,2026-09-24,702,<absent>,SELF_SERVICE_MACHINE_US,PASS,3
0045,2026-09-18,105,iusluckyclientandroid,MEM_ANDROID_US,REJECT,24
0045,2026-09-18,106,iusluckyclientios,MEM_IOS_US,PASS,9
0045,2026-09-18,105,iusluckyclientandroid,MEM_ANDROID_US,PASS,27
0045,2026-09-18,105,<absent>,MEM_ANDROID_US,REJECT,6
0045,2026-09-18,702,<absent>,SELF_SERVICE_MACHINE_US,PASS,3
0045,2026-09-18,106,<absent>,MEM_IOS_US,PASS,1
0045,2026-09-19,105,iusluckyclientandroid,MEM_ANDROID_US,REJECT,22
0045,2026-09-19,105,iusluckyclientandroid,MEM_ANDROID_US,PASS,23
0045,2026-09-19,105,<absent>,MEM_ANDROID_US,REJECT,2
0045,2026-09-19,106,iusluckyclientios,MEM_IOS_US,PASS,21
0045,2026-09-19,108,<absent>,MEM_H5_US,PASS,5
0045,2026-09-19,105,<absent>,MEM_ANDROID_US,PASS,6
0045,2026-09-20,105,iusluckyclientandroid,MEM_ANDROID_US,REJECT,27
0045,2026-09-20,105,iusluckyclientandroid,MEM_ANDROID_US,PASS,8
0045,2026-09-20,106,iusluckyclientios,MEM_IOS_US,PASS,10
0045,2026-09-20,105,<absent>,MEM_ANDROID_US,PASS,5
0045,2026-09-20,702,<absent>,SELF_SERVICE_MACHINE_US,PASS,1
0045,2026-09-20,108,<absent>,MEM_H5_US,PASS,2
0045,2026-09-20,108,<absent>,MEM_H5_US,REVIEW,1
0045,2026-09-20,105,<absent>,MEM_ANDROID_US,REJECT,2
0045,2026-09-21,105,iusluckyclientandroid,MEM_ANDROID_US,PASS,18
0045,2026-09-21,105,iusluckyclientandroid,MEM_ANDROID_US,REJECT,17
0045,2026-09-21,106,iusluckyclientios,MEM_IOS_US,PASS,17
0045,2026-09-21,105,<absent>,MEM_ANDROID_US,PASS,2
0045,2026-09-21,702,<absent>,SELF_SERVICE_MACHINE_US,PASS,2
0045,2026-09-21,108,<absent>,MEM_H5_US,PASS,1
0045,2026-09-22,105,iusluckyclientandroid,MEM_ANDROID_US,REJECT,45
0045,2026-09-22,105,iusluckyclientandroid,MEM_ANDROID_US,PASS,26
0045,2026-09-22,106,iusluckyclientios,MEM_IOS_US,PASS,9
0045,2026-09-22,108,<absent>,MEM_H5_US,PASS,3
0045,2026-09-22,105,<absent>,MEM_ANDROID_US,REJECT,3
0045,2026-09-23,105,<absent>,MEM_ANDROID_US,REJECT,5
0045,2026-09-23,105,iusluckyclientandroid,MEM_ANDROID_US,REJECT,22
0045,2026-09-23,105,iusluckyclientandroid,MEM_ANDROID_US,PASS,13
0045,2026-09-23,105,<absent>,MEM_ANDROID_US,PASS,1
0045,2026-09-23,106,iusluckyclientios,MEM_IOS_US,PASS,15
0045,2026-09-23,108,<absent>,MEM_H5_US,PASS,2
0045,2026-09-24,105,iusluckyclientandroid,MEM_ANDROID_US,REJECT,20
0045,2026-09-24,105,<absent>,MEM_ANDROID_US,PASS,1
0045,2026-09-24,105,<absent>,MEM_ANDROID_US,REJECT,2
0045,2026-09-24,105,iusluckyclientandroid,MEM_ANDROID_US,PASS,2
0045,2026-09-24,106,iusluckyclientios,MEM_IOS_US,PASS,8
0045,2026-09-24,108,<absent>,MEM_H5_US,PASS,1
0045,2026-09-24,702,<absent>,SELF_SERVICE_MACHINE_US,PASS,1
0046,2026-09-18,105,iusluckyclientandroid,MEM_ANDROID_US,REJECT,35
0046,2026-09-18,105,iusluckyclientandroid,MEM_ANDROID_US,PASS,14
0046,2026-09-18,108,<absent>,MEM_H5_US,PASS,4
0046,2026-09-18,106,iusluckyclientios,MEM_IOS_US,PASS,16
0046,2026-09-18,105,<absent>,MEM_ANDROID_US,PASS,1
0046,2026-09-19,105,iusluckyclientandroid,MEM_ANDROID_US,REJECT,44
0046,2026-09-19,105,iusluckyclientandroid,MEM_ANDROID_US,PASS,29
0046,2026-09-19,106,iusluckyclientios,MEM_IOS_US,PASS,15
0046,2026-09-19,108,<absent>,MEM_H5_US,PASS,2
0046,2026-09-19,105,<absent>,MEM_ANDROID_US,REJECT,4
0046,2026-09-19,105,<absent>,MEM_ANDROID_US,PASS,1
0046,2026-09-20,105,iusluckyclientandroid,MEM_ANDROID_US,PASS,9
0046,2026-09-20,105,iusluckyclientandroid,MEM_ANDROID_US,REJECT,25
0046,2026-09-20,105,<absent>,MEM_ANDROID_US,PASS,7
0046,2026-09-20,106,iusluckyclientios,MEM_IOS_US,PASS,2
0046,2026-09-20,108,<absent>,MEM_H5_US,PASS,2
0046,2026-09-21,105,iusluckyclientandroid,MEM_ANDROID_US,REJECT,47
0046,2026-09-21,105,iusluckyclientandroid,MEM_ANDROID_US,PASS,13
0046,2026-09-21,105,<absent>,MEM_ANDROID_US,PASS,2
0046,2026-09-21,106,iusluckyclientios,MEM_IOS_US,PASS,14
0046,2026-09-21,702,<absent>,SELF_SERVICE_MACHINE_US,PASS,4
0046,2026-09-21,108,<absent>,MEM_H5_US,PASS,4
0046,2026-09-21,105,<absent>,MEM_ANDROID_US,REJECT,4
0046,2026-09-22,105,iusluckyclientandroid,MEM_ANDROID_US,PASS,24
0046,2026-09-22,105,iusluckyclientandroid,MEM_ANDROID_US,REJECT,23
0046,2026-09-22,105,<absent>,MEM_ANDROID_US,REJECT,20
0046,2026-09-22,106,iusluckyclientios,MEM_IOS_US,PASS,12
0046,2026-09-22,105,<absent>,MEM_ANDROID_US,PASS,3
0046,2026-09-22,108,<absent>,MEM_H5_US,PASS,2
0046,2026-09-22,702,<absent>,SELF_SERVICE_MACHINE_US,PASS,1
0046,2026-09-23,105,iusluckyclientandroid,MEM_ANDROID_US,PASS,19
0046,2026-09-23,105,iusluckyclientandroid,MEM_ANDROID_US,REJECT,14
0046,2026-09-23,106,iusluckyclientios,MEM_IOS_US,PASS,16
0046,2026-09-23,108,<absent>,MEM_H5_US,PASS,2
0046,2026-09-23,702,<absent>,SELF_SERVICE_MACHINE_US,PASS,2
0046,2026-09-23,105,<absent>,MEM_ANDROID_US,PASS,1
0046,2026-09-23,105,<absent>,MEM_ANDROID_US,REJECT,1
0046,2026-09-24,105,<absent>,MEM_ANDROID_US,PASS,2
0046,2026-09-24,105,iusluckyclientandroid,MEM_ANDROID_US,PASS,18
0046,2026-09-24,105,iusluckyclientandroid,MEM_ANDROID_US,REJECT,26
0046,2026-09-24,106,iusluckyclientios,MEM_IOS_US,PASS,12
0046,2026-09-24,105,<absent>,MEM_ANDROID_US,REJECT,2
0046,2026-09-24,108,<absent>,MEM_H5_US,PASS,1
0047,2026-09-18,105,iusluckyclientandroid,MEM_ANDROID_US,REJECT,13
0047,2026-09-18,105,iusluckyclientandroid,MEM_ANDROID_US,PASS,20
0047,2026-09-18,106,iusluckyclientios,MEM_IOS_US,PASS,15
0047,2026-09-18,108,<absent>,MEM_H5_US,PASS,1
0047,2026-09-18,702,<absent>,SELF_SERVICE_MACHINE_US,PASS,3
0047,2026-09-18,105,<absent>,MEM_ANDROID_US,PASS,1
0047,2026-09-19,105,iusluckyclientandroid,MEM_ANDROID_US,PASS,19
0047,2026-09-19,105,iusluckyclientandroid,MEM_ANDROID_US,REJECT,27
0047,2026-09-19,106,iusluckyclientios,MEM_IOS_US,PASS,26
0047,2026-09-19,108,<absent>,MEM_H5_US,PASS,2
0047,2026-09-19,702,<absent>,SELF_SERVICE_MACHINE_US,PASS,2
0047,2026-09-19,105,<absent>,MEM_ANDROID_US,PASS,2
0047,2026-09-20,105,<absent>,MEM_ANDROID_US,REJECT,2
0047,2026-09-20,105,iusluckyclientandroid,MEM_ANDROID_US,PASS,6
0047,2026-09-20,105,<absent>,MEM_ANDROID_US,PASS,5
0047,2026-09-20,105,iusluckyclientandroid,MEM_ANDROID_US,REJECT,28
0047,2026-09-20,106,iusluckyclientios,MEM_IOS_US,PASS,4
0047,2026-09-20,702,<absent>,SELF_SERVICE_MACHINE_US,PASS,1
0047,2026-09-21,105,iusluckyclientandroid,MEM_ANDROID_US,REJECT,109
0047,2026-09-21,105,iusluckyclientandroid,MEM_ANDROID_US,PASS,25
0047,2026-09-21,702,<absent>,SELF_SERVICE_MACHINE_US,PASS,1
0047,2026-09-21,106,iusluckyclientios,MEM_IOS_US,PASS,12
0047,2026-09-21,108,<absent>,MEM_H5_US,PASS,4
0047,2026-09-21,108,<absent>,MEM_H5_US,REVIEW,2
0047,2026-09-22,105,iusluckyclientandroid,MEM_ANDROID_US,PASS,46
0047,2026-09-22,105,iusluckyclientandroid,MEM_ANDROID_US,REJECT,40
0047,2026-09-22,105,<absent>,MEM_ANDROID_US,PASS,8
0047,2026-09-22,106,iusluckyclientios,MEM_IOS_US,PASS,10
0047,2026-09-22,108,<absent>,MEM_H5_US,PASS,1
0047,2026-09-22,105,<absent>,MEM_ANDROID_US,REJECT,1
0047,2026-09-22,106,<absent>,MEM_IOS_US,PASS,1
0047,2026-09-23,105,iusluckyclientandroid,MEM_ANDROID_US,REJECT,22
0047,2026-09-23,105,iusluckyclientandroid,MEM_ANDROID_US,PASS,11
0047,2026-09-23,106,iusluckyclientios,MEM_IOS_US,PASS,18
0047,2026-09-23,702,<absent>,SELF_SERVICE_MACHINE_US,PASS,2
0047,2026-09-23,108,<absent>,MEM_H5_US,PASS,5
0047,2026-09-24,105,iusluckyclientandroid,MEM_ANDROID_US,REJECT,9
0047,2026-09-24,105,<absent>,MEM_ANDROID_US,REJECT,2
0047,2026-09-24,702,<absent>,SELF_SERVICE_MACHINE_US,PASS,2
0047,2026-09-24,105,iusluckyclientandroid,MEM_ANDROID_US,PASS,8
0047,2026-09-24,108,<absent>,MEM_H5_US,PASS,3
0047,2026-09-24,106,iusluckyclientios,MEM_IOS_US,PASS,10
0048,2026-09-18,105,iusluckyclientandroid,MEM_ANDROID_US,REJECT,50
0048,2026-09-18,105,iusluckyclientandroid,MEM_ANDROID_US,PASS,21
0048,2026-09-18,105,<absent>,MEM_ANDROID_US,PASS,8
0048,2026-09-18,105,<absent>,MEM_ANDROID_US,REJECT,3
0048,2026-09-18,106,iusluckyclientios,MEM_IOS_US,PASS,13
0048,2026-09-18,702,<absent>,SELF_SERVICE_MACHINE_US,PASS,2
0048,2026-09-18,108,<absent>,MEM_H5_US,PASS,1
0048,2026-09-19,105,iusluckyclientandroid,MEM_ANDROID_US,REJECT,55
0048,2026-09-19,105,iusluckyclientandroid,MEM_ANDROID_US,PASS,27
0048,2026-09-19,105,<absent>,MEM_ANDROID_US,PASS,4
0048,2026-09-19,106,iusluckyclientios,MEM_IOS_US,PASS,10
0048,2026-09-19,108,<absent>,MEM_H5_US,PASS,1
0048,2026-09-19,702,<absent>,SELF_SERVICE_MACHINE_US,PASS,1
0048,2026-09-20,105,iusluckyclientandroid,MEM_ANDROID_US,PASS,14
0048,2026-09-20,105,iusluckyclientandroid,MEM_ANDROID_US,REJECT,19
0048,2026-09-20,106,iusluckyclientios,MEM_IOS_US,PASS,9
0048,2026-09-20,108,<absent>,MEM_H5_US,PASS,2
0048,2026-09-20,702,<absent>,SELF_SERVICE_MACHINE_US,PASS,2
0048,2026-09-20,105,<absent>,MEM_ANDROID_US,PASS,4
0048,2026-09-21,105,iusluckyclientandroid,MEM_ANDROID_US,PASS,16
0048,2026-09-21,105,iusluckyclientandroid,MEM_ANDROID_US,REJECT,26
0048,2026-09-21,105,<absent>,MEM_ANDROID_US,REJECT,2
0048,2026-09-21,106,iusluckyclientios,MEM_IOS_US,PASS,16
0048,2026-09-22,105,iusluckyclientandroid,MEM_ANDROID_US,REJECT,43
0048,2026-09-22,105,iusluckyclientandroid,MEM_ANDROID_US,PASS,38
0048,2026-09-22,105,<absent>,MEM_ANDROID_US,REJECT,3
0048,2026-09-22,105,<absent>,MEM_ANDROID_US,PASS,4
0048,2026-09-22,106,iusluckyclientios,MEM_IOS_US,PASS,16
0048,2026-09-22,702,<absent>,SELF_SERVICE_MACHINE_US,PASS,7
0048,2026-09-22,108,<absent>,MEM_H5_US,PASS,2
0048,2026-09-23,105,iusluckyclientandroid,MEM_ANDROID_US,PASS,25
0048,2026-09-23,105,iusluckyclientandroid,MEM_ANDROID_US,REJECT,47
0048,2026-09-23,106,iusluckyclientios,MEM_IOS_US,PASS,18
0048,2026-09-23,108,<absent>,MEM_H5_US,PASS,2
0048,2026-09-23,702,<absent>,SELF_SERVICE_MACHINE_US,PASS,3
0048,2026-09-24,105,iusluckyclientandroid,MEM_ANDROID_US,REJECT,18
0048,2026-09-24,105,<absent>,MEM_ANDROID_US,REJECT,7
0048,2026-09-24,105,iusluckyclientandroid,MEM_ANDROID_US,PASS,9
0048,2026-09-24,106,iusluckyclientios,MEM_IOS_US,PASS,17
0048,2026-09-24,108,<absent>,MEM_H5_US,PASS,2
0049,2026-09-18,105,iusluckyclientandroid,MEM_ANDROID_US,PASS,25
0049,2026-09-18,105,iusluckyclientandroid,MEM_ANDROID_US,REJECT,53
0049,2026-09-18,105,<absent>,MEM_ANDROID_US,PASS,6
0049,2026-09-18,106,iusluckyclientios,MEM_IOS_US,PASS,7
0049,2026-09-18,108,<absent>,MEM_H5_US,REVIEW,3
0049,2026-09-18,108,<absent>,MEM_H5_US,PASS,1
0049,2026-09-19,105,iusluckyclientandroid,MEM_ANDROID_US,REJECT,49
0049,2026-09-19,105,iusluckyclientandroid,MEM_ANDROID_US,PASS,22
0049,2026-09-19,105,<absent>,MEM_ANDROID_US,REJECT,5
0049,2026-09-19,105,<absent>,MEM_ANDROID_US,PASS,12
0049,2026-09-19,108,<absent>,MEM_H5_US,REJECT,2
0049,2026-09-19,106,iusluckyclientios,MEM_IOS_US,PASS,19
0049,2026-09-19,108,<absent>,MEM_H5_US,PASS,3
0049,2026-09-19,702,<absent>,SELF_SERVICE_MACHINE_US,PASS,2
0049,2026-09-20,105,iusluckyclientandroid,MEM_ANDROID_US,PASS,19
0049,2026-09-20,105,iusluckyclientandroid,MEM_ANDROID_US,REJECT,60
0049,2026-09-20,105,<absent>,MEM_ANDROID_US,REJECT,4
0049,2026-09-20,105,<absent>,MEM_ANDROID_US,PASS,2
0049,2026-09-20,106,iusluckyclientios,MEM_IOS_US,PASS,7
0049,2026-09-20,108,<absent>,MEM_H5_US,PASS,3
0049,2026-09-21,105,iusluckyclientandroid,MEM_ANDROID_US,PASS,21
0049,2026-09-21,105,iusluckyclientandroid,MEM_ANDROID_US,REJECT,45
0049,2026-09-21,108,<absent>,MEM_H5_US,PASS,1
0049,2026-09-21,106,iusluckyclientios,MEM_IOS_US,PASS,12
0049,2026-09-21,105,<absent>,MEM_ANDROID_US,PASS,2
0049,2026-09-21,105,<absent>,MEM_ANDROID_US,REJECT,1
0049,2026-09-21,702,<absent>,SELF_SERVICE_MACHINE_US,PASS,2
0049,2026-09-22,105,iusluckyclientandroid,MEM_ANDROID_US,REJECT,44
0049,2026-09-22,105,iusluckyclientandroid,MEM_ANDROID_US,PASS,24
0049,2026-09-22,106,iusluckyclientios,MEM_IOS_US,PASS,11
0049,2026-09-22,105,<absent>,MEM_ANDROID_US,REJECT,4
0049,2026-09-22,108,<absent>,MEM_H5_US,REVIEW,1
0049,2026-09-22,108,<absent>,MEM_H5_US,PASS,2
0049,2026-09-22,105,<absent>,MEM_ANDROID_US,PASS,5
0049,2026-09-23,105,iusluckyclientandroid,MEM_ANDROID_US,REJECT,23
0049,2026-09-23,105,iusluckyclientandroid,MEM_ANDROID_US,PASS,12
0049,2026-09-23,105,<absent>,MEM_ANDROID_US,REJECT,3
0049,2026-09-23,106,iusluckyclientios,MEM_IOS_US,PASS,14
0049,2026-09-23,108,<absent>,MEM_H5_US,PASS,5
0049,2026-09-23,702,<absent>,SELF_SERVICE_MACHINE_US,PASS,1
0049,2026-09-24,105,iusluckyclientandroid,MEM_ANDROID_US,PASS,13
0049,2026-09-24,105,iusluckyclientandroid,MEM_ANDROID_US,REJECT,20
0049,2026-09-24,105,<absent>,MEM_ANDROID_US,PASS,1
0049,2026-09-24,106,iusluckyclientios,MEM_IOS_US,PASS,17
0049,2026-09-24,105,<absent>,MEM_ANDROID_US,REJECT,1
0049,2026-09-24,702,<absent>,SELF_SERVICE_MACHINE_US,PASS,4
0049,2026-09-24,108,<absent>,MEM_H5_US,PASS,1
0050,2026-09-18,105,iusluckyclientandroid,MEM_ANDROID_US,REJECT,22
0050,2026-09-18,106,iusluckyclientios,MEM_IOS_US,REJECT,1
0050,2026-09-18,106,iusluckyclientios,MEM_IOS_US,PASS,13
0050,2026-09-18,105,iusluckyclientandroid,MEM_ANDROID_US,PASS,19
0050,2026-09-18,105,<absent>,MEM_ANDROID_US,REJECT,1
0050,2026-09-18,108,<absent>,MEM_H5_US,PASS,5
0050,2026-09-18,702,<absent>,SELF_SERVICE_MACHINE_US,PASS,1
0050,2026-09-18,105,<absent>,MEM_ANDROID_US,PASS,1
0050,2026-09-19,105,iusluckyclientandroid,MEM_ANDROID_US,REJECT,61
0050,2026-09-19,105,iusluckyclientandroid,MEM_ANDROID_US,PASS,28
0050,2026-09-19,105,<absent>,MEM_ANDROID_US,REJECT,1
0050,2026-09-19,106,iusluckyclientios,MEM_IOS_US,PASS,11
0050,2026-09-19,108,<absent>,MEM_H5_US,PASS,1
0050,2026-09-19,106,<absent>,MEM_IOS_US,PASS,1
0050,2026-09-19,105,<absent>,MEM_ANDROID_US,PASS,8
0050,2026-09-20,105,iusluckyclientandroid,MEM_ANDROID_US,PASS,12
0050,2026-09-20,105,iusluckyclientandroid,MEM_ANDROID_US,REJECT,36
0050,2026-09-20,105,<absent>,MEM_ANDROID_US,REJECT,5
0050,2026-09-20,106,iusluckyclientios,MEM_IOS_US,PASS,9
0050,2026-09-20,702,<absent>,SELF_SERVICE_MACHINE_US,PASS,1
0050,2026-09-20,105,<absent>,MEM_ANDROID_US,PASS,2
0050,2026-09-20,108,<absent>,MEM_H5_US,PASS,3
0050,2026-09-21,105,iusluckyclientandroid,MEM_ANDROID_US,REJECT,36
0050,2026-09-21,105,iusluckyclientandroid,MEM_ANDROID_US,PASS,22
0050,2026-09-21,108,<absent>,MEM_H5_US,PASS,5
0050,2026-09-21,702,<absent>,SELF_SERVICE_MACHINE_US,PASS,2
0050,2026-09-21,106,iusluckyclientios,MEM_IOS_US,PASS,7
0050,2026-09-21,106,<absent>,MEM_IOS_US,PASS,1
0050,2026-09-21,105,<absent>,MEM_ANDROID_US,REJECT,2
0050,2026-09-21,105,<absent>,MEM_ANDROID_US,PASS,3
0050,2026-09-22,105,iusluckyclientandroid,MEM_ANDROID_US,PASS,19
0050,2026-09-22,105,iusluckyclientandroid,MEM_ANDROID_US,REJECT,37
0050,2026-09-22,106,iusluckyclientios,MEM_IOS_US,PASS,13
0050,2026-09-22,702,<absent>,SELF_SERVICE_MACHINE_US,PASS,1
0050,2026-09-22,105,<absent>,MEM_ANDROID_US,PASS,2
0050,2026-09-22,105,<absent>,MEM_ANDROID_US,REJECT,1
0050,2026-09-23,105,iusluckyclientandroid,MEM_ANDROID_US,REJECT,32
0050,2026-09-23,105,iusluckyclientandroid,MEM_ANDROID_US,PASS,10
0050,2026-09-23,106,iusluckyclientios,MEM_IOS_US,PASS,17
0050,2026-09-23,105,<absent>,MEM_ANDROID_US,PASS,2
0050,2026-09-24,105,iusluckyclientandroid,MEM_ANDROID_US,REJECT,15
0050,2026-09-24,105,iusluckyclientandroid,MEM_ANDROID_US,PASS,13
0050,2026-09-24,106,iusluckyclientios,MEM_IOS_US,PASS,14
0050,2026-09-24,702,<absent>,SELF_SERVICE_MACHINE_US,PASS,1
0050,2026-09-24,108,<absent>,MEM_H5_US,PASS,6
0050,2026-09-24,108,<absent>,MEM_H5_US,REVIEW,1
0050,2026-09-24,108,<absent>,MEM_H5_US,REJECT,1
0051,2026-09-18,105,iusluckyclientandroid,MEM_ANDROID_US,PASS,27
0051,2026-09-18,105,iusluckyclientandroid,MEM_ANDROID_US,REJECT,22
0051,2026-09-18,106,iusluckyclientios,MEM_IOS_US,PASS,16
0051,2026-09-18,105,<absent>,MEM_ANDROID_US,REJECT,91
0051,2026-09-18,105,<absent>,MEM_ANDROID_US,PASS,3
0051,2026-09-19,105,iusluckyclientandroid,MEM_ANDROID_US,REJECT,53
0051,2026-09-19,105,iusluckyclientandroid,MEM_ANDROID_US,PASS,43
0051,2026-09-19,106,iusluckyclientios,MEM_IOS_US,PASS,16
0051,2026-09-19,105,<absent>,MEM_ANDROID_US,REJECT,1
0051,2026-09-19,105,<absent>,MEM_ANDROID_US,PASS,2
0051,2026-09-19,108,<absent>,MEM_H5_US,PASS,1
0051,2026-09-20,105,iusluckyclientandroid,MEM_ANDROID_US,PASS,17
0051,2026-09-20,105,iusluckyclientandroid,MEM_ANDROID_US,REJECT,29
0051,2026-09-20,106,iusluckyclientios,MEM_IOS_US,PASS,8
0051,2026-09-20,105,<absent>,MEM_ANDROID_US,PASS,7
0051,2026-09-20,105,<absent>,MEM_ANDROID_US,REJECT,3
0051,2026-09-20,108,<absent>,MEM_H5_US,PASS,1
0051,2026-09-21,105,iusluckyclientandroid,MEM_ANDROID_US,PASS,24
0051,2026-09-21,105,<absent>,MEM_ANDROID_US,REJECT,6
0051,2026-09-21,105,iusluckyclientandroid,MEM_ANDROID_US,REJECT,41
0051,2026-09-21,106,<absent>,MEM_IOS_US,PASS,1
0051,2026-09-21,106,iusluckyclientios,MEM_IOS_US,PASS,14
0051,2026-09-21,108,<absent>,MEM_H5_US,PASS,2
0051,2026-09-22,105,iusluckyclientandroid,MEM_ANDROID_US,REJECT,26
0051,2026-09-22,105,iusluckyclientandroid,MEM_ANDROID_US,PASS,27
0051,2026-09-22,106,iusluckyclientios,MEM_IOS_US,PASS,16
0051,2026-09-22,105,<absent>,MEM_ANDROID_US,PASS,1
0051,2026-09-22,108,<absent>,MEM_H5_US,PASS,4
0051,2026-09-22,108,<absent>,MEM_H5_US,REVIEW,1
0051,2026-09-23,105,iusluckyclientandroid,MEM_ANDROID_US,PASS,27
0051,2026-09-23,105,iusluckyclientandroid,MEM_ANDROID_US,REJECT,42
0051,2026-09-23,702,<absent>,SELF_SERVICE_MACHINE_US,PASS,1
0051,2026-09-23,106,iusluckyclientios,MEM_IOS_US,PASS,10
0051,2026-09-23,108,<absent>,MEM_H5_US,PASS,1
0051,2026-09-24,105,iusluckyclientandroid,MEM_ANDROID_US,REJECT,43
0051,2026-09-24,105,iusluckyclientandroid,MEM_ANDROID_US,PASS,20
0051,2026-09-24,106,iusluckyclientios,MEM_IOS_US,PASS,14
0051,2026-09-24,702,<absent>,SELF_SERVICE_MACHINE_US,PASS,3
0051,2026-09-24,106,<absent>,MEM_IOS_US,PASS,1
0051,2026-09-24,108,<absent>,MEM_H5_US,PASS,1
0051,2026-09-24,105,<absent>,MEM_ANDROID_US,PASS,2
0052,2026-09-18,105,iusluckyclientandroid,MEM_ANDROID_US,REJECT,57
0052,2026-09-18,105,iusluckyclientandroid,MEM_ANDROID_US,PASS,27
0052,2026-09-18,105,<absent>,MEM_ANDROID_US,REJECT,28
0052,2026-09-18,106,iusluckyclientios,MEM_IOS_US,PASS,13
0052,2026-09-18,702,<absent>,SELF_SERVICE_MACHINE_US,PASS,5
0052,2026-09-18,108,<absent>,MEM_H5_US,PASS,2
0052,2026-09-18,105,<absent>,MEM_ANDROID_US,PASS,1
0052,2026-09-19,105,iusluckyclientandroid,MEM_ANDROID_US,PASS,38
0052,2026-09-19,105,iusluckyclientandroid,MEM_ANDROID_US,REJECT,46
0052,2026-09-19,106,iusluckyclientios,MEM_IOS_US,PASS,13
0052,2026-09-19,702,<absent>,SELF_SERVICE_MACHINE_US,PASS,1
0052,2026-09-19,108,<absent>,MEM_H5_US,PASS,1
0052,2026-09-19,105,<absent>,MEM_ANDROID_US,PASS,2
0052,2026-09-19,105,<absent>,MEM_ANDROID_US,REJECT,1
0052,2026-09-20,105,iusluckyclientandroid,MEM_ANDROID_US,PASS,17
0052,2026-09-20,105,iusluckyclientandroid,MEM_ANDROID_US,REJECT,16
0052,2026-09-20,106,iusluckyclientios,MEM_IOS_US,PASS,5
0052,2026-09-20,105,<absent>,MEM_ANDROID_US,PASS,3
0052,2026-09-20,105,<absent>,MEM_ANDROID_US,REJECT,2
0052,2026-09-20,702,<absent>,SELF_SERVICE_MACHINE_US,PASS,4
0052,2026-09-20,108,<absent>,MEM_H5_US,PASS,3
0052,2026-09-21,105,iusluckyclientandroid,MEM_ANDROID_US,REJECT,26
0052,2026-09-21,105,iusluckyclientandroid,MEM_ANDROID_US,PASS,23
0052,2026-09-21,106,iusluckyclientios,MEM_IOS_US,PASS,18
0052,2026-09-21,105,<absent>,MEM_ANDROID_US,PASS,2
0052,2026-09-21,108,<absent>,MEM_H5_US,PASS,2
0052,2026-09-21,702,<absent>,SELF_SERVICE_MACHINE_US,PASS,3
0052,2026-09-22,105,iusluckyclientandroid,MEM_ANDROID_US,REJECT,24
0052,2026-09-22,105,iusluckyclientandroid,MEM_ANDROID_US,PASS,24
0052,2026-09-22,105,<absent>,MEM_ANDROID_US,REJECT,1
0052,2026-09-22,105,<absent>,MEM_ANDROID_US,PASS,5
0052,2026-09-22,106,iusluckyclientios,MEM_IOS_US,PASS,13
0052,2026-09-22,702,<absent>,SELF_SERVICE_MACHINE_US,PASS,2
0052,2026-09-23,105,iusluckyclientandroid,MEM_ANDROID_US,REJECT,30
0052,2026-09-23,105,iusluckyclientandroid,MEM_ANDROID_US,PASS,18
0052,2026-09-23,106,iusluckyclientios,MEM_IOS_US,PASS,10
0052,2026-09-23,702,<absent>,SELF_SERVICE_MACHINE_US,PASS,3
0052,2026-09-23,108,<absent>,MEM_H5_US,PASS,1
0052,2026-09-24,105,iusluckyclientandroid,MEM_ANDROID_US,REJECT,20
0052,2026-09-24,108,<absent>,MEM_H5_US,PASS,4
0052,2026-09-24,105,iusluckyclientandroid,MEM_ANDROID_US,PASS,10
0052,2026-09-24,106,iusluckyclientios,MEM_IOS_US,PASS,16
0052,2026-09-24,702,<absent>,SELF_SERVICE_MACHINE_US,PASS,3
0052,2026-09-24,105,<absent>,MEM_ANDROID_US,REJECT,1
0053,2026-09-18,105,iusluckyclientandroid,MEM_ANDROID_US,REJECT,58
0053,2026-09-18,105,<absent>,MEM_ANDROID_US,PASS,1
0053,2026-09-18,105,iusluckyclientandroid,MEM_ANDROID_US,PASS,23
0053,2026-09-18,106,iusluckyclientios,MEM_IOS_US,PASS,17
0053,2026-09-18,105,<absent>,MEM_ANDROID_US,REJECT,2
0053,2026-09-18,108,<absent>,MEM_H5_US,PASS,5
0053,2026-09-18,702,<absent>,SELF_SERVICE_MACHINE_US,PASS,2
0053,2026-09-18,108,<absent>,MEM_H5_US,REVIEW,1
0053,2026-09-18,106,<absent>,MEM_IOS_US,PASS,2
0053,2026-09-19,105,iusluckyclientandroid,MEM_ANDROID_US,REJECT,43
0053,2026-09-19,105,iusluckyclientandroid,MEM_ANDROID_US,PASS,23
0053,2026-09-19,105,<absent>,MEM_ANDROID_US,REJECT,1
0053,2026-09-19,106,iusluckyclientios,MEM_IOS_US,PASS,12
0053,2026-09-19,108,<absent>,MEM_H5_US,PASS,5
0053,2026-09-19,108,<absent>,MEM_H5_US,REVIEW,1
0053,2026-09-19,105,<absent>,MEM_ANDROID_US,PASS,1
0053,2026-09-20,105,iusluckyclientandroid,MEM_ANDROID_US,PASS,13
0053,2026-09-20,105,iusluckyclientandroid,MEM_ANDROID_US,REJECT,12
0053,2026-09-20,106,iusluckyclientios,MEM_IOS_US,PASS,18
0053,2026-09-20,105,<absent>,MEM_ANDROID_US,REJECT,1
0053,2026-09-20,108,<absent>,MEM_H5_US,PASS,2
0053,2026-09-20,702,<absent>,SELF_SERVICE_MACHINE_US,PASS,3
0053,2026-09-21,105,iusluckyclientandroid,MEM_ANDROID_US,PASS,11
0053,2026-09-21,105,iusluckyclientandroid,MEM_ANDROID_US,REJECT,14
0053,2026-09-21,106,iusluckyclientios,MEM_IOS_US,PASS,9
0053,2026-09-21,105,<absent>,MEM_ANDROID_US,PASS,3
0053,2026-09-21,108,<absent>,MEM_H5_US,PASS,2
0053,2026-09-22,105,iusluckyclientandroid,MEM_ANDROID_US,PASS,16
0053,2026-09-22,105,<absent>,MEM_ANDROID_US,REJECT,4
0053,2026-09-22,105,iusluckyclientandroid,MEM_ANDROID_US,REJECT,56
0053,2026-09-22,105,<absent>,MEM_ANDROID_US,PASS,2
0053,2026-09-22,106,iusluckyclientios,MEM_IOS_US,PASS,15
0053,2026-09-22,108,<absent>,MEM_H5_US,PASS,2
0053,2026-09-23,105,iusluckyclientandroid,MEM_ANDROID_US,REJECT,37
0053,2026-09-23,105,iusluckyclientandroid,MEM_ANDROID_US,PASS,10
0053,2026-09-23,106,iusluckyclientios,MEM_IOS_US,PASS,9
0053,2026-09-23,108,<absent>,MEM_H5_US,PASS,3
0053,2026-09-23,702,<absent>,SELF_SERVICE_MACHINE_US,PASS,1
0053,2026-09-24,105,iusluckyclientandroid,MEM_ANDROID_US,REJECT,27
0053,2026-09-24,105,iusluckyclientandroid,MEM_ANDROID_US,PASS,9
0053,2026-09-24,105,<absent>,MEM_ANDROID_US,REJECT,1
0053,2026-09-24,106,iusluckyclientios,MEM_IOS_US,PASS,16
0053,2026-09-24,106,<absent>,MEM_IOS_US,PASS,1
0053,2026-09-24,108,<absent>,MEM_H5_US,PASS,2
0053,2026-09-24,702,<absent>,SELF_SERVICE_MACHINE_US,PASS,1
0054,2026-09-18,105,iusluckyclientandroid,MEM_ANDROID_US,PASS,18
0054,2026-09-18,105,iusluckyclientandroid,MEM_ANDROID_US,REJECT,38
0054,2026-09-18,106,iusluckyclientios,MEM_IOS_US,PASS,15
0054,2026-09-18,108,<absent>,MEM_H5_US,PASS,7
0054,2026-09-18,702,<absent>,SELF_SERVICE_MACHINE_US,PASS,3
0054,2026-09-18,105,<absent>,MEM_ANDROID_US,REJECT,2
0054,2026-09-19,105,iusluckyclientandroid,MEM_ANDROID_US,REJECT,65
0054,2026-09-19,105,iusluckyclientandroid,MEM_ANDROID_US,PASS,19
0054,2026-09-19,106,iusluckyclientios,MEM_IOS_US,PASS,15
0054,2026-09-19,108,<absent>,MEM_H5_US,PASS,4
0054,2026-09-19,105,<absent>,MEM_ANDROID_US,PASS,6
0054,2026-09-19,105,<absent>,MEM_ANDROID_US,REJECT,1
0054,2026-09-20,105,iusluckyclientandroid,MEM_ANDROID_US,PASS,8
0054,2026-09-20,105,iusluckyclientandroid,MEM_ANDROID_US,REJECT,12
0054,2026-09-20,106,iusluckyclientios,MEM_IOS_US,PASS,9
0054,2026-09-20,105,<absent>,MEM_ANDROID_US,PASS,5
0054,2026-09-20,105,<absent>,MEM_ANDROID_US,REJECT,1
0054,2026-09-21,106,iusluckyclientios,MEM_IOS_US,PASS,8
0054,2026-09-21,105,iusluckyclientandroid,MEM_ANDROID_US,REJECT,30
0054,2026-09-21,108,<absent>,MEM_H5_US,PASS,3
0054,2026-09-21,105,iusluckyclientandroid,MEM_ANDROID_US,PASS,19
0054,2026-09-21,105,<absent>,MEM_ANDROID_US,PASS,1
0054,2026-09-21,105,<absent>,MEM_ANDROID_US,REJECT,3
0054,2026-09-21,702,<absent>,SELF_SERVICE_MACHINE_US,PASS,2
0054,2026-09-22,105,iusluckyclientandroid,MEM_ANDROID_US,REJECT,19
0054,2026-09-22,105,iusluckyclientandroid,MEM_ANDROID_US,PASS,15
0054,2026-09-22,106,iusluckyclientios,MEM_IOS_US,PASS,7
0054,2026-09-22,108,<absent>,MEM_H5_US,PASS,2
0054,2026-09-22,108,<absent>,MEM_H5_US,REJECT,1
0054,2026-09-22,702,<absent>,SELF_SERVICE_MACHINE_US,PASS,1
0054,2026-09-22,105,<absent>,MEM_ANDROID_US,PASS,3
0054,2026-09-23,105,iusluckyclientandroid,MEM_ANDROID_US,REJECT,25
0054,2026-09-23,106,iusluckyclientios,MEM_IOS_US,PASS,12
0054,2026-09-23,105,iusluckyclientandroid,MEM_ANDROID_US,PASS,14
0054,2026-09-23,105,<absent>,MEM_ANDROID_US,PASS,4
0054,2026-09-23,702,<absent>,SELF_SERVICE_MACHINE_US,PASS,1
0054,2026-09-23,105,<absent>,MEM_ANDROID_US,REJECT,2
0054,2026-09-24,105,iusluckyclientandroid,MEM_ANDROID_US,PASS,7
0054,2026-09-24,105,iusluckyclientandroid,MEM_ANDROID_US,REJECT,15
0054,2026-09-24,106,iusluckyclientios,MEM_IOS_US,PASS,8
0054,2026-09-24,106,<absent>,MEM_IOS_US,PASS,1
0054,2026-09-24,108,<absent>,MEM_H5_US,PASS,2
0054,2026-09-24,105,<absent>,MEM_ANDROID_US,REJECT,1
0055,2026-09-18,105,iusluckyclientandroid,MEM_ANDROID_US,PASS,13
0055,2026-09-18,105,iusluckyclientandroid,MEM_ANDROID_US,REJECT,37
0055,2026-09-18,106,iusluckyclientios,MEM_IOS_US,PASS,8
0055,2026-09-18,108,<absent>,MEM_H5_US,PASS,3
0055,2026-09-18,702,<absent>,SELF_SERVICE_MACHINE_US,PASS,1
0055,2026-09-19,105,iusluckyclientandroid,MEM_ANDROID_US,PASS,15
0055,2026-09-19,105,iusluckyclientandroid,MEM_ANDROID_US,REJECT,61
0055,2026-09-19,106,iusluckyclientios,MEM_IOS_US,PASS,10
0055,2026-09-19,702,<absent>,SELF_SERVICE_MACHINE_US,PASS,1
0055,2026-09-19,108,<absent>,MEM_H5_US,REVIEW,1
0055,2026-09-19,108,<absent>,MEM_H5_US,PASS,4
0055,2026-09-19,108,<absent>,MEM_H5_US,REJECT,4
0055,2026-09-19,105,<absent>,MEM_ANDROID_US,REJECT,2
0055,2026-09-20,105,iusluckyclientandroid,MEM_ANDROID_US,PASS,10
0055,2026-09-20,105,iusluckyclientandroid,MEM_ANDROID_US,REJECT,13
0055,2026-09-20,106,iusluckyclientios,MEM_IOS_US,PASS,9
0055,2026-09-20,702,<absent>,SELF_SERVICE_MACHINE_US,PASS,1
0055,2026-09-21,105,iusluckyclientandroid,MEM_ANDROID_US,PASS,16
0055,2026-09-21,105,<absent>,MEM_ANDROID_US,REJECT,5
0055,2026-09-21,106,iusluckyclientios,MEM_IOS_US,PASS,8
0055,2026-09-21,105,iusluckyclientandroid,MEM_ANDROID_US,REJECT,10
0055,2026-09-21,702,<absent>,SELF_SERVICE_MACHINE_US,PASS,4
0055,2026-09-21,105,<absent>,MEM_ANDROID_US,PASS,1
0055,2026-09-22,105,iusluckyclientandroid,MEM_ANDROID_US,PASS,20
0055,2026-09-22,105,iusluckyclientandroid,MEM_ANDROID_US,REJECT,16
0055,2026-09-22,106,iusluckyclientios,MEM_IOS_US,PASS,18
0055,2026-09-22,105,<absent>,MEM_ANDROID_US,PASS,2
0055,2026-09-22,108,<absent>,MEM_H5_US,PASS,1
0055,2026-09-22,702,<absent>,SELF_SERVICE_MACHINE_US,PASS,1
0055,2026-09-22,105,<absent>,MEM_ANDROID_US,REJECT,2
0055,2026-09-23,106,iusluckyclientios,MEM_IOS_US,PASS,12
0055,2026-09-23,105,iusluckyclientandroid,MEM_ANDROID_US,PASS,17
0055,2026-09-23,105,iusluckyclientandroid,MEM_ANDROID_US,REJECT,21
0055,2026-09-23,106,iusluckyclientios,MEM_IOS_US,REJECT,1
0055,2026-09-23,108,<absent>,MEM_H5_US,PASS,7
0055,2026-09-23,106,<absent>,MEM_IOS_US,PASS,2
0055,2026-09-24,105,iusluckyclientandroid,MEM_ANDROID_US,REJECT,22
0055,2026-09-24,105,iusluckyclientandroid,MEM_ANDROID_US,PASS,7
0055,2026-09-24,702,<absent>,SELF_SERVICE_MACHINE_US,PASS,2
0055,2026-09-24,106,iusluckyclientios,MEM_IOS_US,PASS,11
0055,2026-09-24,108,<absent>,MEM_H5_US,PASS,1
0055,2026-09-24,105,<absent>,MEM_ANDROID_US,PASS,1
0055,2026-09-24,105,<absent>,MEM_ANDROID_US,REJECT,1
0056,2026-09-18,105,iusluckyclientandroid,MEM_ANDROID_US,REJECT,52
0056,2026-09-18,105,iusluckyclientandroid,MEM_ANDROID_US,PASS,13
0056,2026-09-18,105,<absent>,MEM_ANDROID_US,REJECT,13
0056,2026-09-18,702,<absent>,SELF_SERVICE_MACHINE_US,PASS,1
0056,2026-09-18,106,iusluckyclientios,MEM_IOS_US,PASS,17
0056,2026-09-18,108,<absent>,MEM_H5_US,PASS,3
0056,2026-09-18,108,<absent>,MEM_H5_US,REVIEW,1
0056,2026-09-18,108,<absent>,MEM_H5_US,REJECT,1
0056,2026-09-18,105,<absent>,MEM_ANDROID_US,PASS,2
0056,2026-09-19,105,iusluckyclientandroid,MEM_ANDROID_US,REJECT,72
0056,2026-09-19,105,iusluckyclientandroid,MEM_ANDROID_US,PASS,17
0056,2026-09-19,106,iusluckyclientios,MEM_IOS_US,PASS,12
0056,2026-09-19,702,<absent>,SELF_SERVICE_MACHINE_US,PASS,1
0056,2026-09-19,108,<absent>,MEM_H5_US,PASS,1
0056,2026-09-19,105,<absent>,MEM_ANDROID_US,REJECT,2
0056,2026-09-19,105,<absent>,MEM_ANDROID_US,PASS,2
0056,2026-09-20,105,iusluckyclientandroid,MEM_ANDROID_US,REJECT,22
0056,2026-09-20,105,iusluckyclientandroid,MEM_ANDROID_US,PASS,12
0056,2026-09-20,105,<absent>,MEM_ANDROID_US,PASS,3
0056,2026-09-20,106,iusluckyclientios,MEM_IOS_US,PASS,6
0056,2026-09-20,108,<absent>,MEM_H5_US,PASS,2
0056,2026-09-20,106,iusluckyclientios,MEM_IOS_US,REJECT,2
0056,2026-09-21,105,iusluckyclientandroid,MEM_ANDROID_US,PASS,22
0056,2026-09-21,105,iusluckyclientandroid,MEM_ANDROID_US,REJECT,30
0056,2026-09-21,108,<absent>,MEM_H5_US,PASS,2
0056,2026-09-21,106,iusluckyclientios,MEM_IOS_US,PASS,9
0056,2026-09-21,702,<absent>,SELF_SERVICE_MACHINE_US,PASS,8
0056,2026-09-21,105,<absent>,MEM_ANDROID_US,PASS,1
0056,2026-09-22,105,iusluckyclientandroid,MEM_ANDROID_US,REJECT,29
0056,2026-09-22,105,iusluckyclientandroid,MEM_ANDROID_US,PASS,39
0056,2026-09-22,105,<absent>,MEM_ANDROID_US,REJECT,2
0056,2026-09-22,108,<absent>,MEM_H5_US,PASS,5
0056,2026-09-22,702,<absent>,SELF_SERVICE_MACHINE_US,PASS,2
0056,2026-09-22,106,iusluckyclientios,MEM_IOS_US,PASS,13
0056,2026-09-22,108,<absent>,MEM_H5_US,REJECT,1
0056,2026-09-22,105,<absent>,MEM_ANDROID_US,PASS,2
0056,2026-09-23,105,iusluckyclientandroid,MEM_ANDROID_US,PASS,19
0056,2026-09-23,105,iusluckyclientandroid,MEM_ANDROID_US,REJECT,26
0056,2026-09-23,106,iusluckyclientios,MEM_IOS_US,PASS,11
0056,2026-09-23,702,<absent>,SELF_SERVICE_MACHINE_US,PASS,4
0056,2026-09-23,108,<absent>,MEM_H5_US,PASS,1
0056,2026-09-24,105,iusluckyclientandroid,MEM_ANDROID_US,REJECT,21
0056,2026-09-24,105,<absent>,MEM_ANDROID_US,REJECT,2
0056,2026-09-24,105,iusluckyclientandroid,MEM_ANDROID_US,PASS,8
0056,2026-09-24,106,iusluckyclientios,MEM_IOS_US,PASS,20
0056,2026-09-24,105,<absent>,MEM_ANDROID_US,PASS,1
0056,2026-09-24,702,<absent>,SELF_SERVICE_MACHINE_US,PASS,1
0056,2026-09-24,108,<absent>,MEM_H5_US,PASS,7
0056,2026-09-24,108,<absent>,MEM_H5_US,REVIEW,2
0056,2026-09-24,108,<absent>,MEM_H5_US,REJECT,10
0057,2026-09-18,105,iusluckyclientandroid,MEM_ANDROID_US,REJECT,30
0057,2026-09-18,105,<absent>,MEM_ANDROID_US,PASS,5
0057,2026-09-18,105,iusluckyclientandroid,MEM_ANDROID_US,PASS,12
0057,2026-09-18,106,iusluckyclientios,MEM_IOS_US,PASS,8
0057,2026-09-18,702,<absent>,SELF_SERVICE_MACHINE_US,PASS,3
0057,2026-09-18,108,<absent>,MEM_H5_US,PASS,1
0057,2026-09-18,105,<absent>,MEM_ANDROID_US,REJECT,1
0057,2026-09-19,105,iusluckyclientandroid,MEM_ANDROID_US,PASS,25
0057,2026-09-19,105,iusluckyclientandroid,MEM_ANDROID_US,REJECT,29
0057,2026-09-19,106,iusluckyclientios,MEM_IOS_US,PASS,8
0057,2026-09-19,702,<absent>,SELF_SERVICE_MACHINE_US,PASS,1
0057,2026-09-19,108,<absent>,MEM_H5_US,PASS,2
0057,2026-09-20,105,iusluckyclientandroid,MEM_ANDROID_US,REJECT,29
0057,2026-09-20,105,iusluckyclientandroid,MEM_ANDROID_US,PASS,14
0057,2026-09-20,105,<absent>,MEM_ANDROID_US,REJECT,1
0057,2026-09-20,105,<absent>,MEM_ANDROID_US,PASS,1
0057,2026-09-20,106,iusluckyclientios,MEM_IOS_US,PASS,8
0057,2026-09-20,108,<absent>,MEM_H5_US,PASS,2
0057,2026-09-21,105,<absent>,MEM_ANDROID_US,PASS,2
0057,2026-09-21,105,iusluckyclientandroid,MEM_ANDROID_US,PASS,19
0057,2026-09-21,105,iusluckyclientandroid,MEM_ANDROID_US,REJECT,10
0057,2026-09-21,106,iusluckyclientios,MEM_IOS_US,PASS,17
0057,2026-09-21,702,<absent>,SELF_SERVICE_MACHINE_US,PASS,3
0057,2026-09-21,108,<absent>,MEM_H5_US,PASS,3
0057,2026-09-22,105,iusluckyclientandroid,MEM_ANDROID_US,REJECT,30
0057,2026-09-22,105,iusluckyclientandroid,MEM_ANDROID_US,PASS,17
0057,2026-09-22,105,<absent>,MEM_ANDROID_US,REJECT,2
0057,2026-09-22,106,iusluckyclientios,MEM_IOS_US,PASS,11
0057,2026-09-22,108,<absent>,MEM_H5_US,PASS,2
0057,2026-09-22,702,<absent>,SELF_SERVICE_MACHINE_US,PASS,1
0057,2026-09-22,105,<absent>,MEM_ANDROID_US,PASS,5
0057,2026-09-23,105,iusluckyclientandroid,MEM_ANDROID_US,REJECT,18
0057,2026-09-23,105,iusluckyclientandroid,MEM_ANDROID_US,PASS,16
0057,2026-09-23,702,<absent>,SELF_SERVICE_MACHINE_US,PASS,1
0057,2026-09-23,106,iusluckyclientios,MEM_IOS_US,PASS,9
0057,2026-09-23,105,<absent>,MEM_ANDROID_US,REJECT,2
0057,2026-09-24,105,iusluckyclientandroid,MEM_ANDROID_US,PASS,8
0057,2026-09-24,105,iusluckyclientandroid,MEM_ANDROID_US,REJECT,37
0057,2026-09-24,106,iusluckyclientios,MEM_IOS_US,PASS,18
0057,2026-09-24,108,<absent>,MEM_H5_US,PASS,3
0058,2026-09-18,105,<absent>,MEM_ANDROID_US,REJECT,2
0058,2026-09-18,105,<absent>,MEM_ANDROID_US,PASS,1
0058,2026-09-18,105,iusluckyclientandroid,MEM_ANDROID_US,REJECT,17
0058,2026-09-18,105,iusluckyclientandroid,MEM_ANDROID_US,PASS,24
0058,2026-09-18,106,iusluckyclientios,MEM_IOS_US,PASS,12
0058,2026-09-18,702,<absent>,SELF_SERVICE_MACHINE_US,PASS,2
0058,2026-09-18,108,<absent>,MEM_H5_US,PASS,2
0058,2026-09-19,105,iusluckyclientandroid,MEM_ANDROID_US,REJECT,45
0058,2026-09-19,106,iusluckyclientios,MEM_IOS_US,PASS,7
0058,2026-09-19,105,iusluckyclientandroid,MEM_ANDROID_US,PASS,16
0058,2026-09-19,108,<absent>,MEM_H5_US,REJECT,3
0058,2026-09-19,108,<absent>,MEM_H5_US,PASS,1
0058,2026-09-19,702,<absent>,SELF_SERVICE_MACHINE_US,PASS,1
0058,2026-09-20,105,iusluckyclientandroid,MEM_ANDROID_US,PASS,15
0058,2026-09-20,105,iusluckyclientandroid,MEM_ANDROID_US,REJECT,23
0058,2026-09-20,105,<absent>,MEM_ANDROID_US,PASS,2
0058,2026-09-20,106,iusluckyclientios,MEM_IOS_US,PASS,10
0058,2026-09-20,105,<absent>,MEM_ANDROID_US,REJECT,1
0058,2026-09-20,108,<absent>,MEM_H5_US,PASS,2
0058,2026-09-20,702,<absent>,SELF_SERVICE_MACHINE_US,PASS,1
0058,2026-09-21,105,iusluckyclientandroid,MEM_ANDROID_US,PASS,14
0058,2026-09-21,105,<absent>,MEM_ANDROID_US,REJECT,5
0058,2026-09-21,105,iusluckyclientandroid,MEM_ANDROID_US,REJECT,52
0058,2026-09-21,106,iusluckyclientios,MEM_IOS_US,PASS,11
0058,2026-09-21,702,<absent>,SELF_SERVICE_MACHINE_US,PASS,1
0058,2026-09-21,108,<absent>,MEM_H5_US,PASS,3
0058,2026-09-22,105,iusluckyclientandroid,MEM_ANDROID_US,REJECT,49
0058,2026-09-22,105,iusluckyclientandroid,MEM_ANDROID_US,PASS,18
0058,2026-09-22,106,iusluckyclientios,MEM_IOS_US,PASS,15
0058,2026-09-22,108,<absent>,MEM_H5_US,PASS,1
0058,2026-09-22,105,<absent>,MEM_ANDROID_US,PASS,5
0058,2026-09-23,105,iusluckyclientandroid,MEM_ANDROID_US,PASS,14
0058,2026-09-23,105,iusluckyclientandroid,MEM_ANDROID_US,REJECT,36
0058,2026-09-23,106,iusluckyclientios,MEM_IOS_US,PASS,11
0058,2026-09-23,108,<absent>,MEM_H5_US,PASS,4
0058,2026-09-23,702,<absent>,SELF_SERVICE_MACHINE_US,PASS,3
0058,2026-09-24,105,iusluckyclientandroid,MEM_ANDROID_US,PASS,13
0058,2026-09-24,105,iusluckyclientandroid,MEM_ANDROID_US,REJECT,14
0058,2026-09-24,105,<absent>,MEM_ANDROID_US,REJECT,3
0058,2026-09-24,106,iusluckyclientios,MEM_IOS_US,PASS,11
0058,2026-09-24,108,<absent>,MEM_H5_US,PASS,5
0058,2026-09-24,702,<absent>,SELF_SERVICE_MACHINE_US,PASS,1
0059,2026-09-18,105,iusluckyclientandroid,MEM_ANDROID_US,REJECT,45
0059,2026-09-18,105,iusluckyclientandroid,MEM_ANDROID_US,PASS,14
0059,2026-09-18,105,<absent>,MEM_ANDROID_US,PASS,1
0059,2026-09-18,106,iusluckyclientios,MEM_IOS_US,PASS,18
0059,2026-09-18,106,iusluckyclientios,MEM_IOS_US,REJECT,1
0059,2026-09-18,105,<absent>,MEM_ANDROID_US,REJECT,2
0059,2026-09-18,108,<absent>,MEM_H5_US,PASS,2
0059,2026-09-18,702,<absent>,SELF_SERVICE_MACHINE_US,PASS,1
0059,2026-09-19,105,iusluckyclientandroid,MEM_ANDROID_US,REJECT,37
0059,2026-09-19,105,iusluckyclientandroid,MEM_ANDROID_US,PASS,30
0059,2026-09-19,106,iusluckyclientios,MEM_IOS_US,PASS,19
0059,2026-09-19,108,<absent>,MEM_H5_US,PASS,4
0059,2026-09-19,105,<absent>,MEM_ANDROID_US,PASS,1
0059,2026-09-19,702,<absent>,SELF_SERVICE_MACHINE_US,PASS,1
0059,2026-09-20,105,iusluckyclientandroid,MEM_ANDROID_US,PASS,21
0059,2026-09-20,105,iusluckyclientandroid,MEM_ANDROID_US,REJECT,35
0059,2026-09-20,105,<absent>,MEM_ANDROID_US,REJECT,3
0059,2026-09-20,106,iusluckyclientios,MEM_IOS_US,PASS,10
0059,2026-09-20,702,<absent>,SELF_SERVICE_MACHINE_US,PASS,1
0059,2026-09-20,108,<absent>,MEM_H5_US,PASS,3
0059,2026-09-20,105,<absent>,MEM_ANDROID_US,PASS,2
0059,2026-09-21,105,<absent>,MEM_ANDROID_US,REJECT,154
0059,2026-09-21,105,iusluckyclientandroid,MEM_ANDROID_US,PASS,30
0059,2026-09-21,105,iusluckyclientandroid,MEM_ANDROID_US,REJECT,46
0059,2026-09-21,106,iusluckyclientios,MEM_IOS_US,PASS,19
0059,2026-09-21,105,<absent>,MEM_ANDROID_US,PASS,1
0059,2026-09-21,702,<absent>,SELF_SERVICE_MACHINE_US,PASS,3
0059,2026-09-21,108,<absent>,MEM_H5_US,REJECT,3
0059,2026-09-21,108,<absent>,MEM_H5_US,PASS,2
0059,2026-09-22,105,iusluckyclientandroid,MEM_ANDROID_US,REJECT,38
0059,2026-09-22,105,iusluckyclientandroid,MEM_ANDROID_US,PASS,21
0059,2026-09-22,106,iusluckyclientios,MEM_IOS_US,PASS,17
0059,2026-09-22,702,<absent>,SELF_SERVICE_MACHINE_US,PASS,2
0059,2026-09-23,105,iusluckyclientandroid,MEM_ANDROID_US,PASS,24
0059,2026-09-23,105,iusluckyclientandroid,MEM_ANDROID_US,REJECT,38
0059,2026-09-23,106,iusluckyclientios,MEM_IOS_US,PASS,14
0059,2026-09-23,702,<absent>,SELF_SERVICE_MACHINE_US,PASS,2
0059,2026-09-23,105,<absent>,MEM_ANDROID_US,REJECT,3
0059,2026-09-23,108,<absent>,MEM_H5_US,PASS,1
0059,2026-09-24,105,iusluckyclientandroid,MEM_ANDROID_US,REJECT,34
0059,2026-09-24,105,iusluckyclientandroid,MEM_ANDROID_US,PASS,12
0059,2026-09-24,106,iusluckyclientios,MEM_IOS_US,PASS,8
0059,2026-09-24,105,<absent>,MEM_ANDROID_US,REJECT,1
0059,2026-09-24,702,<absent>,SELF_SERVICE_MACHINE_US,PASS,1
0059,2026-09-24,108,<absent>,MEM_H5_US,PASS,1
0060,2026-09-18,105,iusluckyclientandroid,MEM_ANDROID_US,REJECT,27
0060,2026-09-18,105,iusluckyclientandroid,MEM_ANDROID_US,PASS,24
0060,2026-09-18,106,iusluckyclientios,MEM_IOS_US,PASS,9
0060,2026-09-18,106,iusluckyclientios,MEM_IOS_US,REJECT,6
0060,2026-09-18,105,<absent>,MEM_ANDROID_US,PASS,2
0060,2026-09-18,105,<absent>,MEM_ANDROID_US,REJECT,1
0060,2026-09-18,702,<absent>,SELF_SERVICE_MACHINE_US,PASS,2
0060,2026-09-18,108,<absent>,MEM_H5_US,PASS,1
0060,2026-09-19,105,iusluckyclientandroid,MEM_ANDROID_US,REJECT,29
0060,2026-09-19,106,iusluckyclientios,MEM_IOS_US,PASS,9
0060,2026-09-19,105,iusluckyclientandroid,MEM_ANDROID_US,PASS,11
0060,2026-09-19,105,<absent>,MEM_ANDROID_US,REJECT,1
0060,2026-09-19,108,<absent>,MEM_H5_US,PASS,3
0060,2026-09-19,702,<absent>,SELF_SERVICE_MACHINE_US,PASS,1
0060,2026-09-19,105,<absent>,MEM_ANDROID_US,PASS,2
0060,2026-09-20,105,iusluckyclientandroid,MEM_ANDROID_US,PASS,13
0060,2026-09-20,105,iusluckyclientandroid,MEM_ANDROID_US,REJECT,24
0060,2026-09-20,106,iusluckyclientios,MEM_IOS_US,PASS,8
0060,2026-09-20,105,<absent>,MEM_ANDROID_US,PASS,1
0060,2026-09-20,108,<absent>,MEM_H5_US,PASS,1
0060,2026-09-20,702,<absent>,SELF_SERVICE_MACHINE_US,PASS,1
0060,2026-09-21,105,iusluckyclientandroid,MEM_ANDROID_US,PASS,24
0060,2026-09-21,105,<absent>,MEM_ANDROID_US,PASS,1
0060,2026-09-21,105,iusluckyclientandroid,MEM_ANDROID_US,REJECT,21
0060,2026-09-21,106,iusluckyclientios,MEM_IOS_US,PASS,11
0060,2026-09-21,108,<absent>,MEM_H5_US,PASS,4
0060,2026-09-21,108,<absent>,MEM_H5_US,REVIEW,2
0060,2026-09-21,105,<absent>,MEM_ANDROID_US,REJECT,2
0060,2026-09-22,106,iusluckyclientios,MEM_IOS_US,PASS,8
0060,2026-09-22,105,iusluckyclientandroid,MEM_ANDROID_US,PASS,15
0060,2026-09-22,105,iusluckyclientandroid,MEM_ANDROID_US,REJECT,38
0060,2026-09-22,105,<absent>,MEM_ANDROID_US,PASS,1
0060,2026-09-22,702,<absent>,SELF_SERVICE_MACHINE_US,PASS,2
0060,2026-09-23,105,iusluckyclientandroid,MEM_ANDROID_US,PASS,33
0060,2026-09-23,105,iusluckyclientandroid,MEM_ANDROID_US,REJECT,46
0060,2026-09-23,108,<absent>,MEM_H5_US,REJECT,2
0060,2026-09-23,106,iusluckyclientios,MEM_IOS_US,PASS,11
0060,2026-09-23,702,<absent>,SELF_SERVICE_MACHINE_US,PASS,2
0060,2026-09-23,105,<absent>,MEM_ANDROID_US,REJECT,1
0060,2026-09-23,108,<absent>,MEM_H5_US,PASS,2
0060,2026-09-24,105,iusluckyclientandroid,MEM_ANDROID_US,REJECT,32
0060,2026-09-24,105,iusluckyclientandroid,MEM_ANDROID_US,PASS,4
0060,2026-09-24,105,<absent>,MEM_ANDROID_US,REJECT,6
0060,2026-09-24,106,iusluckyclientios,MEM_IOS_US,PASS,8
0060,2026-09-24,108,<absent>,MEM_H5_US,PASS,2
0060,2026-09-24,108,<absent>,MEM_H5_US,REJECT,5
0061,2026-09-18,105,iusluckyclientandroid,MEM_ANDROID_US,REJECT,47
0061,2026-09-18,106,iusluckyclientios,MEM_IOS_US,PASS,12
0061,2026-09-18,105,iusluckyclientandroid,MEM_ANDROID_US,PASS,16
0061,2026-09-18,108,<absent>,MEM_H5_US,PASS,2
0061,2026-09-19,105,iusluckyclientandroid,MEM_ANDROID_US,PASS,22
0061,2026-09-19,105,iusluckyclientandroid,MEM_ANDROID_US,REJECT,31
0061,2026-09-19,108,<absent>,MEM_H5_US,PASS,4
0061,2026-09-19,106,iusluckyclientios,MEM_IOS_US,PASS,8
0061,2026-09-19,702,<absent>,SELF_SERVICE_MACHINE_US,PASS,3
0061,2026-09-20,105,iusluckyclientandroid,MEM_ANDROID_US,PASS,16
0061,2026-09-20,105,iusluckyclientandroid,MEM_ANDROID_US,REJECT,14
0061,2026-09-20,108,<absent>,MEM_H5_US,REVIEW,1
0061,2026-09-20,108,<absent>,MEM_H5_US,PASS,2
0061,2026-09-20,106,iusluckyclientios,MEM_IOS_US,PASS,8
0061,2026-09-20,105,<absent>,MEM_ANDROID_US,PASS,4
0061,2026-09-20,702,<absent>,SELF_SERVICE_MACHINE_US,PASS,2
0061,2026-09-21,105,iusluckyclientandroid,MEM_ANDROID_US,PASS,22
0061,2026-09-21,105,iusluckyclientandroid,MEM_ANDROID_US,REJECT,53
0061,2026-09-21,106,iusluckyclientios,MEM_IOS_US,PASS,16
0061,2026-09-21,702,<absent>,SELF_SERVICE_MACHINE_US,PASS,1
0061,2026-09-21,105,<absent>,MEM_ANDROID_US,REJECT,1
0061,2026-09-21,105,<absent>,MEM_ANDROID_US,PASS,1
0061,2026-09-21,108,<absent>,MEM_H5_US,PASS,3
0061,2026-09-22,105,iusluckyclientandroid,MEM_ANDROID_US,PASS,28
0061,2026-09-22,105,iusluckyclientandroid,MEM_ANDROID_US,REJECT,34
0061,2026-09-22,105,<absent>,MEM_ANDROID_US,PASS,2
0061,2026-09-22,106,iusluckyclientios,MEM_IOS_US,PASS,16
0061,2026-09-22,105,<absent>,MEM_ANDROID_US,REJECT,1
0061,2026-09-22,108,<absent>,MEM_H5_US,REJECT,3
0061,2026-09-23,105,iusluckyclientandroid,MEM_ANDROID_US,REJECT,39
0061,2026-09-23,106,iusluckyclientios,MEM_IOS_US,PASS,17
0061,2026-09-23,105,iusluckyclientandroid,MEM_ANDROID_US,PASS,18
0061,2026-09-23,108,<absent>,MEM_H5_US,PASS,3
0061,2026-09-24,105,iusluckyclientandroid,MEM_ANDROID_US,REJECT,20
0061,2026-09-24,105,<absent>,MEM_ANDROID_US,REJECT,1
0061,2026-09-24,105,<absent>,MEM_ANDROID_US,PASS,1
0061,2026-09-24,105,iusluckyclientandroid,MEM_ANDROID_US,PASS,16
0061,2026-09-24,108,<absent>,MEM_H5_US,PASS,8
0061,2026-09-24,108,<absent>,MEM_H5_US,REVIEW,1
0061,2026-09-24,106,iusluckyclientios,MEM_IOS_US,PASS,16
0062,2026-09-18,105,iusluckyclientandroid,MEM_ANDROID_US,PASS,34
0062,2026-09-18,105,iusluckyclientandroid,MEM_ANDROID_US,REJECT,24
0062,2026-09-18,106,iusluckyclientios,MEM_IOS_US,PASS,14
0062,2026-09-18,105,<absent>,MEM_ANDROID_US,REJECT,3
0062,2026-09-18,702,<absent>,SELF_SERVICE_MACHINE_US,PASS,2
0062,2026-09-18,105,<absent>,MEM_ANDROID_US,PASS,7
0062,2026-09-19,105,iusluckyclientandroid,MEM_ANDROID_US,REJECT,35
0062,2026-09-19,106,iusluckyclientios,MEM_IOS_US,PASS,16
0062,2026-09-19,105,iusluckyclientandroid,MEM_ANDROID_US,PASS,20
0062,2026-09-19,105,<absent>,MEM_ANDROID_US,PASS,6
0062,2026-09-19,702,<absent>,SELF_SERVICE_MACHINE_US,PASS,1
0062,2026-09-19,105,<absent>,MEM_ANDROID_US,REJECT,2
0062,2026-09-20,105,iusluckyclientandroid,MEM_ANDROID_US,REJECT,27
0062,2026-09-20,105,<absent>,MEM_ANDROID_US,REJECT,10
0062,2026-09-20,105,iusluckyclientandroid,MEM_ANDROID_US,PASS,4
0062,2026-09-20,105,<absent>,MEM_ANDROID_US,PASS,12
0062,2026-09-20,108,<absent>,MEM_H5_US,PASS,1
0062,2026-09-20,106,iusluckyclientios,MEM_IOS_US,PASS,14
0062,2026-09-20,702,<absent>,SELF_SERVICE_MACHINE_US,PASS,1
0062,2026-09-21,105,iusluckyclientandroid,MEM_ANDROID_US,REJECT,45
0062,2026-09-21,105,<absent>,MEM_ANDROID_US,REJECT,34
0062,2026-09-21,105,iusluckyclientandroid,MEM_ANDROID_US,PASS,10
0062,2026-09-21,108,<absent>,MEM_H5_US,REJECT,2
0062,2026-09-21,105,<absent>,MEM_ANDROID_US,PASS,1
0062,2026-09-21,108,<absent>,MEM_H5_US,PASS,7
0062,2026-09-21,106,iusluckyclientios,MEM_IOS_US,PASS,4
0062,2026-09-21,702,<absent>,SELF_SERVICE_MACHINE_US,PASS,3
0062,2026-09-22,105,iusluckyclientandroid,MEM_ANDROID_US,REJECT,24
0062,2026-09-22,105,iusluckyclientandroid,MEM_ANDROID_US,PASS,19
0062,2026-09-22,106,iusluckyclientios,MEM_IOS_US,PASS,14
0062,2026-09-22,105,<absent>,MEM_ANDROID_US,PASS,6
0062,2026-09-22,702,<absent>,SELF_SERVICE_MACHINE_US,PASS,1
0062,2026-09-23,105,iusluckyclientandroid,MEM_ANDROID_US,PASS,26
0062,2026-09-23,105,iusluckyclientandroid,MEM_ANDROID_US,REJECT,27
0062,2026-09-23,106,iusluckyclientios,MEM_IOS_US,PASS,16
0062,2026-09-23,702,<absent>,SELF_SERVICE_MACHINE_US,PASS,2
0062,2026-09-24,105,iusluckyclientandroid,MEM_ANDROID_US,REJECT,24
0062,2026-09-24,106,iusluckyclientios,MEM_IOS_US,REJECT,1
0062,2026-09-24,106,iusluckyclientios,MEM_IOS_US,PASS,14
0062,2026-09-24,702,<absent>,SELF_SERVICE_MACHINE_US,PASS,2
0062,2026-09-24,105,iusluckyclientandroid,MEM_ANDROID_US,PASS,3
0062,2026-09-24,108,<absent>,MEM_H5_US,PASS,2
0062,2026-09-24,108,<absent>,MEM_H5_US,REVIEW,1
0062,2026-09-24,108,<absent>,MEM_H5_US,REJECT,1
0063,2026-09-18,105,iusluckyclientandroid,MEM_ANDROID_US,REJECT,19
0063,2026-09-18,105,iusluckyclientandroid,MEM_ANDROID_US,PASS,19
0063,2026-09-18,105,<absent>,MEM_ANDROID_US,PASS,6
0063,2026-09-18,105,<absent>,MEM_ANDROID_US,REJECT,2
0063,2026-09-18,108,<absent>,MEM_H5_US,PASS,3
0063,2026-09-18,106,iusluckyclientios,MEM_IOS_US,PASS,12
0063,2026-09-18,702,<absent>,SELF_SERVICE_MACHINE_US,PASS,1
0063,2026-09-19,105,iusluckyclientandroid,MEM_ANDROID_US,REJECT,52
0063,2026-09-19,105,iusluckyclientandroid,MEM_ANDROID_US,PASS,27
0063,2026-09-19,106,iusluckyclientios,MEM_IOS_US,PASS,12
0063,2026-09-19,108,<absent>,MEM_H5_US,PASS,2
0063,2026-09-19,702,<absent>,SELF_SERVICE_MACHINE_US,PASS,1
0063,2026-09-20,105,<absent>,MEM_ANDROID_US,REJECT,1
0063,2026-09-20,105,iusluckyclientandroid,MEM_ANDROID_US,REJECT,26
0063,2026-09-20,105,iusluckyclientandroid,MEM_ANDROID_US,PASS,10
0063,2026-09-20,106,iusluckyclientios,MEM_IOS_US,PASS,9
0063,2026-09-20,105,<absent>,MEM_ANDROID_US,PASS,8
0063,2026-09-20,108,<absent>,MEM_H5_US,PASS,2
0063,2026-09-21,105,iusluckyclientandroid,MEM_ANDROID_US,REJECT,26
0063,2026-09-21,105,iusluckyclientandroid,MEM_ANDROID_US,PASS,33
0063,2026-09-21,105,<absent>,MEM_ANDROID_US,PASS,1
0063,2026-09-21,105,<absent>,MEM_ANDROID_US,REJECT,3
0063,2026-09-21,106,iusluckyclientios,MEM_IOS_US,PASS,8
0063,2026-09-21,108,<absent>,MEM_H5_US,PASS,1
0063,2026-09-21,702,<absent>,SELF_SERVICE_MACHINE_US,PASS,1
0063,2026-09-22,105,iusluckyclientandroid,MEM_ANDROID_US,REJECT,51
0063,2026-09-22,105,iusluckyclientandroid,MEM_ANDROID_US,PASS,31
0063,2026-09-22,105,<absent>,MEM_ANDROID_US,PASS,2
0063,2026-09-22,105,<absent>,MEM_ANDROID_US,REJECT,5
0063,2026-09-22,106,iusluckyclientios,MEM_IOS_US,PASS,13
0063,2026-09-22,108,<absent>,MEM_H5_US,PASS,2
0063,2026-09-23,105,iusluckyclientandroid,MEM_ANDROID_US,REJECT,29
0063,2026-09-23,105,iusluckyclientandroid,MEM_ANDROID_US,PASS,22
0063,2026-09-23,105,<absent>,MEM_ANDROID_US,PASS,3
0063,2026-09-23,106,iusluckyclientios,MEM_IOS_US,PASS,17
0063,2026-09-23,108,<absent>,MEM_H5_US,PASS,5
0063,2026-09-23,702,<absent>,SELF_SERVICE_MACHINE_US,PASS,2
0063,2026-09-24,105,iusluckyclientandroid,MEM_ANDROID_US,PASS,10
0063,2026-09-24,105,iusluckyclientandroid,MEM_ANDROID_US,REJECT,15
0063,2026-09-24,106,iusluckyclientios,MEM_IOS_US,PASS,16
0063,2026-09-24,108,<absent>,MEM_H5_US,PASS,7
0063,2026-09-24,106,<absent>,MEM_IOS_US,PASS,1
0063,2026-09-24,108,<absent>,MEM_H5_US,REVIEW,1
0063,2026-09-24,105,<absent>,MEM_ANDROID_US,REJECT,1
