shard,scene_id,json_key,n_rows,n_elements
0000,LKUS_captcha,code,1,15
0000,LKUS_captcha,comments,1,15
0000,LKUS_captcha,featureId,1,15
0000,LKUS_captcha,name,1,15
0000,LKUS_captcha,result,1,15
0000,LKUS_captcha,type,1,15
0000,LKUS_grant_new_user_coupon,code,6,84
0000,LKUS_grant_new_user_coupon,comments,6,84
0000,LKUS_grant_new_user_coupon,featureId,6,84
0000,LKUS_grant_new_user_coupon,name,6,84
0000,LKUS_grant_new_user_coupon,result,6,84
0000,LKUS_grant_new_user_coupon,type,6,84
0000,LKUS_login,code,11,165
0000,LKUS_login,comments,11,165
0000,LKUS_login,featureId,11,165
0000,LKUS_login,name,11,165
0000,LKUS_login,result,11,165
0000,LKUS_login,type,11,165
0000,LKUS_payment,code,90,1206
0000,LKUS_payment,comments,90,1206
0000,LKUS_payment,featureId,90,1206
0000,LKUS_payment,name,90,1206
0000,LKUS_payment,result,90,1206
0000,LKUS_payment,type,90,1206
0000,LKUS_physical_order_cancel,code,2,28
0000,LKUS_physical_order_cancel,comments,2,28
0000,LKUS_physical_order_cancel,featureId,2,28
0000,LKUS_physical_order_cancel,name,2,28
0000,LKUS_physical_order_cancel,result,2,28
0000,LKUS_physical_order_cancel,type,2,28
0000,LKUS_physical_order_create,code,89,1215
0000,LKUS_physical_order_create,comments,89,1215
0000,LKUS_physical_order_create,featureId,89,1215
0000,LKUS_physical_order_create,name,89,1215
0000,LKUS_physical_order_create,result,89,1215
0000,LKUS_physical_order_create,type,89,1215
0000,LKUS_push,code,70,3044
0000,LKUS_push,comments,70,3044
0000,LKUS_push,featureId,70,3044
0000,LKUS_push,name,70,3044
0000,LKUS_push,result,70,3044
0000,LKUS_push,type,70,3044
0000,LKUS_register,code,6,84
0000,LKUS_register,comments,6,84
0000,LKUS_register,featureId,6,84
0000,LKUS_register,name,6,84
0000,LKUS_register,result,6,84
0000,LKUS_register,type,6,84
0001,LKUS_captcha,code,1,15
0001,LKUS_captcha,comments,1,15
0001,LKUS_captcha,featureId,1,15
0001,LKUS_captcha,name,1,15
0001,LKUS_captcha,result,1,15
0001,LKUS_captcha,type,1,15
0001,LKUS_grant_new_user_coupon,code,5,70
0001,LKUS_grant_new_user_coupon,comments,5,70
0001,LKUS_grant_new_user_coupon,featureId,5,70
0001,LKUS_grant_new_user_coupon,name,5,70
0001,LKUS_grant_new_user_coupon,result,5,70
0001,LKUS_grant_new_user_coupon,type,5,70
0001,LKUS_login,code,14,202
0001,LKUS_login,comments,14,202
0001,LKUS_login,featureId,14,202
0001,LKUS_login,name,14,202
0001,LKUS_login,result,14,202
0001,LKUS_login,type,14,202
0001,LKUS_payment,code,95,1345
0001,LKUS_payment,comments,95,1345
0001,LKUS_payment,featureId,95,1345
0001,LKUS_payment,name,95,1345
0001,LKUS_payment,result,95,1345
0001,LKUS_payment,type,95,1345
0001,LKUS_physical_order_cancel,code,1,14
0001,LKUS_physical_order_cancel,comments,1,14
0001,LKUS_physical_order_cancel,featureId,1,14
0001,LKUS_physical_order_cancel,name,1,14
0001,LKUS_physical_order_cancel,result,1,14
0001,LKUS_physical_order_cancel,type,1,14
0001,LKUS_physical_order_create,code,94,1338
0001,LKUS_physical_order_create,comments,94,1338
0001,LKUS_physical_order_create,featureId,94,1338
0001,LKUS_physical_order_create,name,94,1338
0001,LKUS_physical_order_create,result,94,1338
0001,LKUS_physical_order_create,type,94,1338
0001,LKUS_push,code,43,1892
0001,LKUS_push,comments,43,1892
0001,LKUS_push,featureId,43,1892
0001,LKUS_push,name,43,1892
0001,LKUS_push,result,43,1892
0001,LKUS_push,type,43,1892
0001,LKUS_register,code,8,112
0001,LKUS_register,comments,8,112
0001,LKUS_register,featureId,8,112
0001,LKUS_register,name,8,112
0001,LKUS_register,result,8,112
0001,LKUS_register,type,8,112
0002,LKUS_grant_new_user_coupon,code,7,98
0002,LKUS_grant_new_user_coupon,comments,7,98
0002,LKUS_grant_new_user_coupon,featureId,7,98
0002,LKUS_grant_new_user_coupon,name,7,98
0002,LKUS_grant_new_user_coupon,result,7,98
0002,LKUS_grant_new_user_coupon,type,7,98
0002,LKUS_login,code,16,240
0002,LKUS_login,comments,16,240
0002,LKUS_login,featureId,16,240
0002,LKUS_login,name,16,240
0002,LKUS_login,result,16,240
0002,LKUS_login,type,16,240
0002,LKUS_payment,code,104,1408
0002,LKUS_payment,comments,104,1408
0002,LKUS_payment,featureId,104,1408
0002,LKUS_payment,name,104,1408
0002,LKUS_payment,result,104,1408
0002,LKUS_payment,type,104,1408
0002,LKUS_physical_order_cancel,code,1,14
0002,LKUS_physical_order_cancel,comments,1,14
0002,LKUS_physical_order_cancel,featureId,1,14
0002,LKUS_physical_order_cancel,name,1,14
0002,LKUS_physical_order_cancel,result,1,14
0002,LKUS_physical_order_cancel,type,1,14
0002,LKUS_physical_order_create,code,102,1394
0002,LKUS_physical_order_create,comments,102,1394
0002,LKUS_physical_order_create,featureId,102,1394
0002,LKUS_physical_order_create,name,102,1394
0002,LKUS_physical_order_create,result,102,1394
0002,LKUS_physical_order_create,type,102,1394
0002,LKUS_push,code,47,1960
0002,LKUS_push,comments,47,1960
0002,LKUS_push,featureId,47,1960
0002,LKUS_push,name,47,1960
0002,LKUS_push,result,47,1960
0002,LKUS_push,type,47,1960
0002,LKUS_register,code,9,126
0002,LKUS_register,comments,9,126
0002,LKUS_register,featureId,9,126
0002,LKUS_register,name,9,126
0002,LKUS_register,result,9,126
0002,LKUS_register,type,9,126
0003,LKUS_grant_new_user_coupon,code,4,56
0003,LKUS_grant_new_user_coupon,comments,4,56
0003,LKUS_grant_new_user_coupon,featureId,4,56
0003,LKUS_grant_new_user_coupon,name,4,56
0003,LKUS_grant_new_user_coupon,result,4,56
0003,LKUS_grant_new_user_coupon,type,4,56
0003,LKUS_login,code,10,150
0003,LKUS_login,comments,10,150
0003,LKUS_login,featureId,10,150
0003,LKUS_login,name,10,150
0003,LKUS_login,result,10,150
0003,LKUS_login,type,10,150
0003,LKUS_payment,code,82,1158
0003,LKUS_payment,comments,82,1158
0003,LKUS_payment,featureId,82,1158
0003,LKUS_payment,name,82,1158
0003,LKUS_payment,result,82,1158
0003,LKUS_payment,type,82,1158
0003,LKUS_physical_order_cancel,code,1,14
0003,LKUS_physical_order_cancel,comments,1,14
0003,LKUS_physical_order_cancel,featureId,1,14
0003,LKUS_physical_order_cancel,name,1,14
0003,LKUS_physical_order_cancel,result,1,14
0003,LKUS_physical_order_cancel,type,1,14
0003,LKUS_physical_order_create,code,80,1128
0003,LKUS_physical_order_create,comments,80,1128
0003,LKUS_physical_order_create,featureId,80,1128
0003,LKUS_physical_order_create,name,80,1128
0003,LKUS_physical_order_create,result,80,1128
0003,LKUS_physical_order_create,type,80,1128
0003,LKUS_push,code,35,1540
0003,LKUS_push,comments,35,1540
0003,LKUS_push,featureId,35,1540
0003,LKUS_push,name,35,1540
0003,LKUS_push,result,35,1540
0003,LKUS_push,type,35,1540
0003,LKUS_register,code,6,84
0003,LKUS_register,comments,6,84
0003,LKUS_register,featureId,6,84
0003,LKUS_register,name,6,84
0003,LKUS_register,result,6,84
0003,LKUS_register,type,6,84
0004,LKUS_grant_new_user_coupon,code,6,84
0004,LKUS_grant_new_user_coupon,comments,6,84
0004,LKUS_grant_new_user_coupon,featureId,6,84
0004,LKUS_grant_new_user_coupon,name,6,84
0004,LKUS_grant_new_user_coupon,result,6,84
0004,LKUS_grant_new_user_coupon,type,6,84
0004,LKUS_login,code,10,150
0004,LKUS_login,comments,10,150
0004,LKUS_login,featureId,10,150
0004,LKUS_login,name,10,150
0004,LKUS_login,result,10,150
0004,LKUS_login,type,10,150
0004,LKUS_payment,code,87,1217
0004,LKUS_payment,comments,87,1217
0004,LKUS_payment,featureId,87,1217
0004,LKUS_payment,name,87,1217
0004,LKUS_payment,result,87,1217
0004,LKUS_payment,type,87,1217
0004,LKUS_physical_order_cancel,code,1,14
0004,LKUS_physical_order_cancel,comments,1,14
0004,LKUS_physical_order_cancel,featureId,1,14
0004,LKUS_physical_order_cancel,name,1,14
0004,LKUS_physical_order_cancel,result,1,14
0004,LKUS_physical_order_cancel,type,1,14
0004,LKUS_physical_order_create,code,86,1202
0004,LKUS_physical_order_create,comments,86,1202
0004,LKUS_physical_order_create,featureId,86,1202
0004,LKUS_physical_order_create,name,86,1202
0004,LKUS_physical_order_create,result,86,1202
0004,LKUS_physical_order_create,type,86,1202
0004,LKUS_push,code,30,1320
0004,LKUS_push,comments,30,1320
0004,LKUS_push,featureId,30,1320
0004,LKUS_push,name,30,1320
0004,LKUS_push,result,30,1320
0004,LKUS_push,type,30,1320
0004,LKUS_register,code,4,56
0004,LKUS_register,comments,4,56
0004,LKUS_register,featureId,4,56
0004,LKUS_register,name,4,56
0004,LKUS_register,result,4,56
0004,LKUS_register,type,4,56
0005,LKUS_grant_new_user_coupon,code,7,98
0005,LKUS_grant_new_user_coupon,comments,7,98
0005,LKUS_grant_new_user_coupon,featureId,7,98
0005,LKUS_grant_new_user_coupon,name,7,98
0005,LKUS_grant_new_user_coupon,result,7,98
0005,LKUS_grant_new_user_coupon,type,7,98
0005,LKUS_login,code,18,246
0005,LKUS_login,comments,18,246
0005,LKUS_login,featureId,18,246
0005,LKUS_login,name,18,246
0005,LKUS_login,result,18,246
0005,LKUS_login,type,18,246
0005,LKUS_payment,code,105,1431
0005,LKUS_payment,comments,105,1431
0005,LKUS_payment,featureId,105,1431
0005,LKUS_payment,name,105,1431
0005,LKUS_payment,result,105,1431
0005,LKUS_payment,type,105,1431
0005,LKUS_physical_order_create,code,101,1387
0005,LKUS_physical_order_create,comments,101,1387
0005,LKUS_physical_order_create,featureId,101,1387
0005,LKUS_physical_order_create,name,101,1387
0005,LKUS_physical_order_create,result,101,1387
0005,LKUS_physical_order_create,type,101,1387
0005,LKUS_push,code,32,1408
0005,LKUS_push,comments,32,1408
0005,LKUS_push,featureId,32,1408
0005,LKUS_push,name,32,1408
0005,LKUS_push,result,32,1408
0005,LKUS_push,type,32,1408
0005,LKUS_register,code,7,98
0005,LKUS_register,comments,7,98
0005,LKUS_register,featureId,7,98
0005,LKUS_register,name,7,98
0005,LKUS_register,result,7,98
0005,LKUS_register,type,7,98
0006,LKUS_grant_new_user_coupon,code,9,126
0006,LKUS_grant_new_user_coupon,comments,9,126
0006,LKUS_grant_new_user_coupon,featureId,9,126
0006,LKUS_grant_new_user_coupon,name,9,126
0006,LKUS_grant_new_user_coupon,result,9,126
0006,LKUS_grant_new_user_coupon,type,9,126
0006,LKUS_login,code,21,299
0006,LKUS_login,comments,21,299
0006,LKUS_login,featureId,21,299
0006,LKUS_login,name,21,299
0006,LKUS_login,result,21,299
0006,LKUS_login,type,21,299
0006,LKUS_payment,code,87,1241
0006,LKUS_payment,comments,87,1241
0006,LKUS_payment,featureId,87,1241
0006,LKUS_payment,name,87,1241
0006,LKUS_payment,result,87,1241
0006,LKUS_payment,type,87,1241
0006,LKUS_physical_order_cancel,code,1,14
0006,LKUS_physical_order_cancel,comments,1,14
0006,LKUS_physical_order_cancel,featureId,1,14
0006,LKUS_physical_order_cancel,name,1,14
0006,LKUS_physical_order_cancel,result,1,14
0006,LKUS_physical_order_cancel,type,1,14
0006,LKUS_physical_order_create,code,88,1256
0006,LKUS_physical_order_create,comments,88,1256
0006,LKUS_physical_order_create,featureId,88,1256
0006,LKUS_physical_order_create,name,88,1256
0006,LKUS_physical_order_create,result,88,1256
0006,LKUS_physical_order_create,type,88,1256
0006,LKUS_push,code,67,2912
0006,LKUS_push,comments,67,2912
0006,LKUS_push,featureId,67,2912
0006,LKUS_push,name,67,2912
0006,LKUS_push,result,67,2912
0006,LKUS_push,type,67,2912
0006,LKUS_register,code,9,126
0006,LKUS_register,comments,9,126
0006,LKUS_register,featureId,9,126
0006,LKUS_register,name,9,126
0006,LKUS_register,result,9,126
0006,LKUS_register,type,9,126
0007,LKUS_grant_new_user_coupon,code,10,140
0007,LKUS_grant_new_user_coupon,comments,10,140
0007,LKUS_grant_new_user_coupon,featureId,10,140
0007,LKUS_grant_new_user_coupon,name,10,140
0007,LKUS_grant_new_user_coupon,result,10,140
0007,LKUS_grant_new_user_coupon,type,10,140
0007,LKUS_login,code,22,322
0007,LKUS_login,comments,22,322
0007,LKUS_login,featureId,22,322
0007,LKUS_login,name,22,322
0007,LKUS_login,result,22,322
0007,LKUS_login,type,22,322
0007,LKUS_payment,code,102,1442
0007,LKUS_payment,comments,102,1442
0007,LKUS_payment,featureId,102,1442
0007,LKUS_payment,name,102,1442
0007,LKUS_payment,result,102,1442
0007,LKUS_payment,type,102,1442
0007,LKUS_physical_order_cancel,code,4,56
0007,LKUS_physical_order_cancel,comments,4,56
0007,LKUS_physical_order_cancel,featureId,4,56
0007,LKUS_physical_order_cancel,name,4,56
0007,LKUS_physical_order_cancel,result,4,56
0007,LKUS_physical_order_cancel,type,4,56
0007,LKUS_physical_order_create,code,106,1502
0007,LKUS_physical_order_create,comments,106,1502
0007,LKUS_physical_order_create,featureId,106,1502
0007,LKUS_physical_order_create,name,106,1502
0007,LKUS_physical_order_create,result,106,1502
0007,LKUS_physical_order_create,type,106,1502
0007,LKUS_push,code,42,1776
0007,LKUS_push,comments,42,1776
0007,LKUS_push,featureId,42,1776
0007,LKUS_push,name,42,1776
0007,LKUS_push,result,42,1776
0007,LKUS_push,type,42,1776
0007,LKUS_register,code,8,112
0007,LKUS_register,comments,8,112
0007,LKUS_register,featureId,8,112
0007,LKUS_register,name,8,112
0007,LKUS_register,result,8,112
0007,LKUS_register,type,8,112
0008,LKUS_grant_new_user_coupon,code,5,70
0008,LKUS_grant_new_user_coupon,comments,5,70
0008,LKUS_grant_new_user_coupon,featureId,5,70
0008,LKUS_grant_new_user_coupon,name,5,70
0008,LKUS_grant_new_user_coupon,result,5,70
0008,LKUS_grant_new_user_coupon,type,5,70
0008,LKUS_login,code,9,127
0008,LKUS_login,comments,9,127
0008,LKUS_login,featureId,9,127
0008,LKUS_login,name,9,127
0008,LKUS_login,result,9,127
0008,LKUS_login,type,9,127
0008,LKUS_payment,code,93,1283
0008,LKUS_payment,comments,93,1283
0008,LKUS_payment,featureId,93,1283
0008,LKUS_payment,name,93,1283
0008,LKUS_payment,result,93,1283
0008,LKUS_payment,type,93,1283
0008,LKUS_physical_order_cancel,code,1,14
0008,LKUS_physical_order_cancel,comments,1,14
0008,LKUS_physical_order_cancel,featureId,1,14
0008,LKUS_physical_order_cancel,name,1,14
0008,LKUS_physical_order_cancel,result,1,14
0008,LKUS_physical_order_cancel,type,1,14
0008,LKUS_physical_order_create,code,95,1313
0008,LKUS_physical_order_create,comments,95,1313
0008,LKUS_physical_order_create,featureId,95,1313
0008,LKUS_physical_order_create,name,95,1313
0008,LKUS_physical_order_create,result,95,1313
0008,LKUS_physical_order_create,type,95,1313
0008,LKUS_push,code,32,1408
0008,LKUS_push,comments,32,1408
0008,LKUS_push,featureId,32,1408
0008,LKUS_push,name,32,1408
0008,LKUS_push,result,32,1408
0008,LKUS_push,type,32,1408
0008,LKUS_register,code,11,154
0008,LKUS_register,comments,11,154
0008,LKUS_register,featureId,11,154
0008,LKUS_register,name,11,154
0008,LKUS_register,result,11,154
0008,LKUS_register,type,11,154
0009,LKUS_grant_new_user_coupon,code,6,84
0009,LKUS_grant_new_user_coupon,comments,6,84
0009,LKUS_grant_new_user_coupon,featureId,6,84
0009,LKUS_grant_new_user_coupon,name,6,84
0009,LKUS_grant_new_user_coupon,result,6,84
0009,LKUS_grant_new_user_coupon,type,6,84
0009,LKUS_login,code,18,254
0009,LKUS_login,comments,18,254
0009,LKUS_login,featureId,18,254
0009,LKUS_login,name,18,254
0009,LKUS_login,result,18,254
0009,LKUS_login,type,18,254
0009,LKUS_payment,code,83,1125
0009,LKUS_payment,comments,83,1125
0009,LKUS_payment,featureId,83,1125
0009,LKUS_payment,name,83,1125
0009,LKUS_payment,result,83,1125
0009,LKUS_payment,type,83,1125
0009,LKUS_physical_order_cancel,code,1,14
0009,LKUS_physical_order_cancel,comments,1,14
0009,LKUS_physical_order_cancel,featureId,1,14
0009,LKUS_physical_order_cancel,name,1,14
0009,LKUS_physical_order_cancel,result,1,14
0009,LKUS_physical_order_cancel,type,1,14
0009,LKUS_physical_order_create,code,81,1111
0009,LKUS_physical_order_create,comments,81,1111
0009,LKUS_physical_order_create,featureId,81,1111
0009,LKUS_physical_order_create,name,81,1111
0009,LKUS_physical_order_create,result,81,1111
0009,LKUS_physical_order_create,type,81,1111
0009,LKUS_push,code,48,2076
0009,LKUS_push,comments,48,2076
0009,LKUS_push,featureId,48,2076
0009,LKUS_push,name,48,2076
0009,LKUS_push,result,48,2076
0009,LKUS_push,type,48,2076
0009,LKUS_register,code,12,168
0009,LKUS_register,comments,12,168
0009,LKUS_register,featureId,12,168
0009,LKUS_register,name,12,168
0009,LKUS_register,result,12,168
0009,LKUS_register,type,12,168
0010,LKUS_captcha,code,1,15
0010,LKUS_captcha,comments,1,15
0010,LKUS_captcha,featureId,1,15
0010,LKUS_captcha,name,1,15
0010,LKUS_captcha,result,1,15
0010,LKUS_captcha,type,1,15
0010,LKUS_grant_new_user_coupon,code,8,112
0010,LKUS_grant_new_user_coupon,comments,8,112
0010,LKUS_grant_new_user_coupon,featureId,8,112
0010,LKUS_grant_new_user_coupon,name,8,112
0010,LKUS_grant_new_user_coupon,result,8,112
0010,LKUS_grant_new_user_coupon,type,8,112
0010,LKUS_login,code,14,194
0010,LKUS_login,comments,14,194
0010,LKUS_login,featureId,14,194
0010,LKUS_login,name,14,194
0010,LKUS_login,result,14,194
0010,LKUS_login,type,14,194
0010,LKUS_payment,code,94,1274
0010,LKUS_payment,comments,94,1274
0010,LKUS_payment,featureId,94,1274
0010,LKUS_payment,name,94,1274
0010,LKUS_payment,result,94,1274
0010,LKUS_payment,type,94,1274
0010,LKUS_physical_order_create,code,94,1274
0010,LKUS_physical_order_create,comments,94,1274
0010,LKUS_physical_order_create,featureId,94,1274
0010,LKUS_physical_order_create,name,94,1274
0010,LKUS_physical_order_create,result,94,1274
0010,LKUS_physical_order_create,type,94,1274
0010,LKUS_push,code,48,2076
0010,LKUS_push,comments,48,2076
0010,LKUS_push,featureId,48,2076
0010,LKUS_push,name,48,2076
0010,LKUS_push,result,48,2076
0010,LKUS_push,type,48,2076
0010,LKUS_register,code,11,147
0010,LKUS_register,comments,11,147
0010,LKUS_register,featureId,11,147
0010,LKUS_register,name,11,147
0010,LKUS_register,result,11,147
0010,LKUS_register,type,11,147
0011,LKUS_grant_new_user_coupon,code,9,126
0011,LKUS_grant_new_user_coupon,comments,9,126
0011,LKUS_grant_new_user_coupon,featureId,9,126
0011,LKUS_grant_new_user_coupon,name,9,126
0011,LKUS_grant_new_user_coupon,result,9,126
0011,LKUS_grant_new_user_coupon,type,9,126
0011,LKUS_login,code,14,210
0011,LKUS_login,comments,14,210
0011,LKUS_login,featureId,14,210
0011,LKUS_login,name,14,210
0011,LKUS_login,result,14,210
0011,LKUS_login,type,14,210
0011,LKUS_payment,code,91,1293
0011,LKUS_payment,comments,91,1293
0011,LKUS_payment,featureId,91,1293
0011,LKUS_payment,name,91,1293
0011,LKUS_payment,result,91,1293
0011,LKUS_payment,type,91,1293
0011,LKUS_physical_order_cancel,code,2,28
0011,LKUS_physical_order_cancel,comments,2,28
0011,LKUS_physical_order_cancel,featureId,2,28
0011,LKUS_physical_order_cancel,name,2,28
0011,LKUS_physical_order_cancel,result,2,28
0011,LKUS_physical_order_cancel,type,2,28
0011,LKUS_physical_order_create,code,92,1308
0011,LKUS_physical_order_create,comments,92,1308
0011,LKUS_physical_order_create,featureId,92,1308
0011,LKUS_physical_order_create,name,92,1308
0011,LKUS_physical_order_create,result,92,1308
0011,LKUS_physical_order_create,type,92,1308
0011,LKUS_push,code,59,2488
0011,LKUS_push,comments,59,2488
0011,LKUS_push,featureId,59,2488
0011,LKUS_push,name,59,2488
0011,LKUS_push,result,59,2488
0011,LKUS_push,type,59,2488
0011,LKUS_register,code,8,112
0011,LKUS_register,comments,8,112
0011,LKUS_register,featureId,8,112
0011,LKUS_register,name,8,112
0011,LKUS_register,result,8,112
0011,LKUS_register,type,8,112
0012,LKUS_grant_new_user_coupon,code,7,98
0012,LKUS_grant_new_user_coupon,comments,7,98
0012,LKUS_grant_new_user_coupon,featureId,7,98
0012,LKUS_grant_new_user_coupon,name,7,98
0012,LKUS_grant_new_user_coupon,result,7,98
0012,LKUS_grant_new_user_coupon,type,7,98
0012,LKUS_login,code,14,210
0012,LKUS_login,comments,14,210
0012,LKUS_login,featureId,14,210
0012,LKUS_login,name,14,210
0012,LKUS_login,result,14,210
0012,LKUS_login,type,14,210
0012,LKUS_payment,code,99,1349
0012,LKUS_payment,comments,99,1349
0012,LKUS_payment,featureId,99,1349
0012,LKUS_payment,name,99,1349
0012,LKUS_payment,result,99,1349
0012,LKUS_payment,type,99,1349
0012,LKUS_physical_order_cancel,code,1,14
0012,LKUS_physical_order_cancel,comments,1,14
0012,LKUS_physical_order_cancel,featureId,1,14
0012,LKUS_physical_order_cancel,name,1,14
0012,LKUS_physical_order_cancel,result,1,14
0012,LKUS_physical_order_cancel,type,1,14
0012,LKUS_physical_order_create,code,98,1350
0012,LKUS_physical_order_create,comments,98,1350
0012,LKUS_physical_order_create,featureId,98,1350
0012,LKUS_physical_order_create,name,98,1350
0012,LKUS_physical_order_create,result,98,1350
0012,LKUS_physical_order_create,type,98,1350
0012,LKUS_push,code,75,3264
0012,LKUS_push,comments,75,3264
0012,LKUS_push,featureId,75,3264
0012,LKUS_push,name,75,3264
0012,LKUS_push,result,75,3264
0012,LKUS_push,type,75,3264
0012,LKUS_register,code,10,133
0012,LKUS_register,comments,10,133
0012,LKUS_register,featureId,10,133
0012,LKUS_register,name,10,133
0012,LKUS_register,result,10,133
0012,LKUS_register,type,10,133
0013,LKUS_captcha,code,1,15
0013,LKUS_captcha,comments,1,15
0013,LKUS_captcha,featureId,1,15
0013,LKUS_captcha,name,1,15
0013,LKUS_captcha,result,1,15
0013,LKUS_captcha,type,1,15
0013,LKUS_grant_new_user_coupon,code,13,182
0013,LKUS_grant_new_user_coupon,comments,13,182
0013,LKUS_grant_new_user_coupon,featureId,13,182
0013,LKUS_grant_new_user_coupon,name,13,182
0013,LKUS_grant_new_user_coupon,result,13,182
0013,LKUS_grant_new_user_coupon,type,13,182
0013,LKUS_login,code,21,315
0013,LKUS_login,comments,21,315
0013,LKUS_login,featureId,21,315
0013,LKUS_login,name,21,315
0013,LKUS_login,result,21,315
0013,LKUS_login,type,21,315
0013,LKUS_payment,code,109,1523
0013,LKUS_payment,comments,109,1523
0013,LKUS_payment,featureId,109,1523
0013,LKUS_payment,name,109,1523
0013,LKUS_payment,result,109,1523
0013,LKUS_payment,type,109,1523
0013,LKUS_physical_order_cancel,code,2,28
0013,LKUS_physical_order_cancel,comments,2,28
0013,LKUS_physical_order_cancel,featureId,2,28
0013,LKUS_physical_order_cancel,name,2,28
0013,LKUS_physical_order_cancel,result,2,28
0013,LKUS_physical_order_cancel,type,2,28
0013,LKUS_physical_order_create,code,114,1598
0013,LKUS_physical_order_create,comments,114,1598
0013,LKUS_physical_order_create,featureId,114,1598
0013,LKUS_physical_order_create,name,114,1598
0013,LKUS_physical_order_create,result,114,1598
0013,LKUS_physical_order_create,type,114,1598
0013,LKUS_push,code,48,2004
0013,LKUS_push,comments,48,2004
0013,LKUS_push,featureId,48,2004
0013,LKUS_push,name,48,2004
0013,LKUS_push,result,48,2004
0013,LKUS_push,type,48,2004
0013,LKUS_register,code,7,91
0013,LKUS_register,comments,7,91
0013,LKUS_register,featureId,7,91
0013,LKUS_register,name,7,91
0013,LKUS_register,result,7,91
0013,LKUS_register,type,7,91
0014,LKUS_grant_new_user_coupon,code,8,112
0014,LKUS_grant_new_user_coupon,comments,8,112
0014,LKUS_grant_new_user_coupon,featureId,8,112
0014,LKUS_grant_new_user_coupon,name,8,112
0014,LKUS_grant_new_user_coupon,result,8,112
0014,LKUS_grant_new_user_coupon,type,8,112
0014,LKUS_login,code,20,284
0014,LKUS_login,comments,20,284
0014,LKUS_login,featureId,20,284
0014,LKUS_login,name,20,284
0014,LKUS_login,result,20,284
0014,LKUS_login,type,20,284
0014,LKUS_payment,code,87,1209
0014,LKUS_payment,comments,87,1209
0014,LKUS_payment,featureId,87,1209
0014,LKUS_payment,name,87,1209
0014,LKUS_payment,result,87,1209
0014,LKUS_payment,type,87,1209
0014,LKUS_physical_order_cancel,code,2,28
0014,LKUS_physical_order_cancel,comments,2,28
0014,LKUS_physical_order_cancel,featureId,2,28
0014,LKUS_physical_order_cancel,name,2,28
0014,LKUS_physical_order_cancel,result,2,28
0014,LKUS_physical_order_cancel,type,2,28
0014,LKUS_physical_order_create,code,89,1239
0014,LKUS_physical_order_create,comments,89,1239
0014,LKUS_physical_order_create,featureId,89,1239
0014,LKUS_physical_order_create,name,89,1239
0014,LKUS_physical_order_create,result,89,1239
0014,LKUS_physical_order_create,type,89,1239
0014,LKUS_push,code,42,1812
0014,LKUS_push,comments,42,1812
0014,LKUS_push,featureId,42,1812
0014,LKUS_push,name,42,1812
0014,LKUS_push,result,42,1812
0014,LKUS_push,type,42,1812
0014,LKUS_register,code,6,84
0014,LKUS_register,comments,6,84
0014,LKUS_register,featureId,6,84
0014,LKUS_register,name,6,84
0014,LKUS_register,result,6,84
0014,LKUS_register,type,6,84
0015,LKUS_captcha,code,1,15
0015,LKUS_captcha,comments,1,15
0015,LKUS_captcha,featureId,1,15
0015,LKUS_captcha,name,1,15
0015,LKUS_captcha,result,1,15
0015,LKUS_captcha,type,1,15
0015,LKUS_grant_new_user_coupon,code,8,112
0015,LKUS_grant_new_user_coupon,comments,8,112
0015,LKUS_grant_new_user_coupon,featureId,8,112
0015,LKUS_grant_new_user_coupon,name,8,112
0015,LKUS_grant_new_user_coupon,result,8,112
0015,LKUS_grant_new_user_coupon,type,8,112
0015,LKUS_login,code,16,240
0015,LKUS_login,comments,16,240
0015,LKUS_login,featureId,16,240
0015,LKUS_login,name,16,240
0015,LKUS_login,result,16,240
0015,LKUS_login,type,16,240
0015,LKUS_payment,code,100,1380
0015,LKUS_payment,comments,100,1380
0015,LKUS_payment,featureId,100,1380
0015,LKUS_payment,name,100,1380
0015,LKUS_payment,result,100,1380
0015,LKUS_payment,type,100,1380
0015,LKUS_physical_order_create,code,99,1365
0015,LKUS_physical_order_create,comments,99,1365
0015,LKUS_physical_order_create,featureId,99,1365
0015,LKUS_physical_order_create,name,99,1365
0015,LKUS_physical_order_create,result,99,1365
0015,LKUS_physical_order_create,type,99,1365
0015,LKUS_push,code,53,2296
0015,LKUS_push,comments,53,2296
0015,LKUS_push,featureId,53,2296
0015,LKUS_push,name,53,2296
0015,LKUS_push,result,53,2296
0015,LKUS_push,type,53,2296
0015,LKUS_register,code,4,56
0015,LKUS_register,comments,4,56
0015,LKUS_register,featureId,4,56
0015,LKUS_register,name,4,56
0015,LKUS_register,result,4,56
0015,LKUS_register,type,4,56
0016,LKUS_grant_new_user_coupon,code,11,154
0016,LKUS_grant_new_user_coupon,comments,11,154
0016,LKUS_grant_new_user_coupon,featureId,11,154
0016,LKUS_grant_new_user_coupon,name,11,154
0016,LKUS_grant_new_user_coupon,result,11,154
0016,LKUS_grant_new_user_coupon,type,11,154
0016,LKUS_login,code,14,210
0016,LKUS_login,comments,14,210
0016,LKUS_login,featureId,14,210
0016,LKUS_login,name,14,210
0016,LKUS_login,result,14,210
0016,LKUS_login,type,14,210
0016,LKUS_payment,code,74,1038
0016,LKUS_payment,comments,74,1038
0016,LKUS_payment,featureId,74,1038
0016,LKUS_payment,name,74,1038
0016,LKUS_payment,result,74,1038
0016,LKUS_payment,type,74,1038
0016,LKUS_physical_order_create,code,74,1038
0016,LKUS_physical_order_create,comments,74,1038
0016,LKUS_physical_order_create,featureId,74,1038
0016,LKUS_physical_order_create,name,74,1038
0016,LKUS_physical_order_create,result,74,1038
0016,LKUS_physical_order_create,type,74,1038
0016,LKUS_push,code,46,1916
0016,LKUS_push,comments,46,1916
0016,LKUS_push,featureId,46,1916
0016,LKUS_push,name,46,1916
0016,LKUS_push,result,46,1916
0016,LKUS_push,type,46,1916
0016,LKUS_register,code,8,105
0016,LKUS_register,comments,8,105
0016,LKUS_register,featureId,8,105
0016,LKUS_register,name,8,105
0016,LKUS_register,result,8,105
0016,LKUS_register,type,8,105
0017,LKUS_grant_new_user_coupon,code,7,98
0017,LKUS_grant_new_user_coupon,comments,7,98
0017,LKUS_grant_new_user_coupon,featureId,7,98
0017,LKUS_grant_new_user_coupon,name,7,98
0017,LKUS_grant_new_user_coupon,result,7,98
0017,LKUS_grant_new_user_coupon,type,7,98
0017,LKUS_login,code,17,247
0017,LKUS_login,comments,17,247
0017,LKUS_login,featureId,17,247
0017,LKUS_login,name,17,247
0017,LKUS_login,result,17,247
0017,LKUS_login,type,17,247
0017,LKUS_payment,code,102,1474
0017,LKUS_payment,comments,102,1474
0017,LKUS_payment,featureId,102,1474
0017,LKUS_payment,name,102,1474
0017,LKUS_payment,result,102,1474
0017,LKUS_payment,type,102,1474
0017,LKUS_physical_order_create,code,103,1489
0017,LKUS_physical_order_create,comments,103,1489
0017,LKUS_physical_order_create,featureId,103,1489
0017,LKUS_physical_order_create,name,103,1489
0017,LKUS_physical_order_create,result,103,1489
0017,LKUS_physical_order_create,type,103,1489
0017,LKUS_push,code,43,1784
0017,LKUS_push,comments,43,1784
0017,LKUS_push,featureId,43,1784
0017,LKUS_push,name,43,1784
0017,LKUS_push,result,43,1784
0017,LKUS_push,type,43,1784
0017,LKUS_register,code,6,84
0017,LKUS_register,comments,6,84
0017,LKUS_register,featureId,6,84
0017,LKUS_register,name,6,84
0017,LKUS_register,result,6,84
0017,LKUS_register,type,6,84
0018,LKUS_grant_new_user_coupon,code,11,154
0018,LKUS_grant_new_user_coupon,comments,11,154
0018,LKUS_grant_new_user_coupon,featureId,11,154
0018,LKUS_grant_new_user_coupon,name,11,154
0018,LKUS_grant_new_user_coupon,result,11,154
0018,LKUS_grant_new_user_coupon,type,11,154
0018,LKUS_login,code,14,210
0018,LKUS_login,comments,14,210
0018,LKUS_login,featureId,14,210
0018,LKUS_login,name,14,210
0018,LKUS_login,result,14,210
0018,LKUS_login,type,14,210
0018,LKUS_payment,code,92,1276
0018,LKUS_payment,comments,92,1276
0018,LKUS_payment,featureId,92,1276
0018,LKUS_payment,name,92,1276
0018,LKUS_payment,result,92,1276
0018,LKUS_payment,type,92,1276
0018,LKUS_physical_order_cancel,code,1,14
0018,LKUS_physical_order_cancel,comments,1,14
0018,LKUS_physical_order_cancel,featureId,1,14
0018,LKUS_physical_order_cancel,name,1,14
0018,LKUS_physical_order_cancel,result,1,14
0018,LKUS_physical_order_cancel,type,1,14
0018,LKUS_physical_order_create,code,93,1307
0018,LKUS_physical_order_create,comments,93,1307
0018,LKUS_physical_order_create,featureId,93,1307
0018,LKUS_physical_order_create,name,93,1307
0018,LKUS_physical_order_create,result,93,1307
0018,LKUS_physical_order_create,type,93,1307
0018,LKUS_push,code,56,2392
0018,LKUS_push,comments,56,2392
0018,LKUS_push,featureId,56,2392
0018,LKUS_push,name,56,2392
0018,LKUS_push,result,56,2392
0018,LKUS_push,type,56,2392
0018,LKUS_register,code,17,238
0018,LKUS_register,comments,17,238
0018,LKUS_register,featureId,17,238
0018,LKUS_register,name,17,238
0018,LKUS_register,result,17,238
0018,LKUS_register,type,17,238
0019,LKUS_grant_new_user_coupon,code,12,168
0019,LKUS_grant_new_user_coupon,comments,12,168
0019,LKUS_grant_new_user_coupon,featureId,12,168
0019,LKUS_grant_new_user_coupon,name,12,168
0019,LKUS_grant_new_user_coupon,result,12,168
0019,LKUS_grant_new_user_coupon,type,12,168
0019,LKUS_login,code,16,232
0019,LKUS_login,comments,16,232
0019,LKUS_login,featureId,16,232
0019,LKUS_login,name,16,232
0019,LKUS_login,result,16,232
0019,LKUS_login,type,16,232
0019,LKUS_payment,code,88,1168
0019,LKUS_payment,comments,88,1168
0019,LKUS_payment,featureId,88,1168
0019,LKUS_payment,name,88,1168
0019,LKUS_payment,result,88,1168
0019,LKUS_payment,type,88,1168
0019,LKUS_physical_order_create,code,91,1213
0019,LKUS_physical_order_create,comments,91,1213
0019,LKUS_physical_order_create,featureId,91,1213
0019,LKUS_physical_order_create,name,91,1213
0019,LKUS_physical_order_create,result,91,1213
0019,LKUS_physical_order_create,type,91,1213
0019,LKUS_push,code,38,1672
0019,LKUS_push,comments,38,1672
0019,LKUS_push,featureId,38,1672
0019,LKUS_push,name,38,1672
0019,LKUS_push,result,38,1672
0019,LKUS_push,type,38,1672
0019,LKUS_register,code,10,140
0019,LKUS_register,comments,10,140
0019,LKUS_register,featureId,10,140
0019,LKUS_register,name,10,140
0019,LKUS_register,result,10,140
0019,LKUS_register,type,10,140
0020,LKUS_grant_new_user_coupon,code,8,112
0020,LKUS_grant_new_user_coupon,comments,8,112
0020,LKUS_grant_new_user_coupon,featureId,8,112
0020,LKUS_grant_new_user_coupon,name,8,112
0020,LKUS_grant_new_user_coupon,result,8,112
0020,LKUS_grant_new_user_coupon,type,8,112
0020,LKUS_login,code,14,202
0020,LKUS_login,comments,14,202
0020,LKUS_login,featureId,14,202
0020,LKUS_login,name,14,202
0020,LKUS_login,result,14,202
0020,LKUS_login,type,14,202
0020,LKUS_payment,code,126,1754
0020,LKUS_payment,comments,126,1754
0020,LKUS_payment,featureId,126,1754
0020,LKUS_payment,name,126,1754
0020,LKUS_payment,result,126,1754
0020,LKUS_payment,type,126,1754
0020,LKUS_physical_order_cancel,code,1,14
0020,LKUS_physical_order_cancel,comments,1,14
0020,LKUS_physical_order_cancel,featureId,1,14
0020,LKUS_physical_order_cancel,name,1,14
0020,LKUS_physical_order_cancel,result,1,14
0020,LKUS_physical_order_cancel,type,1,14
0020,LKUS_physical_order_create,code,121,1679
0020,LKUS_physical_order_create,comments,121,1679
0020,LKUS_physical_order_create,featureId,121,1679
0020,LKUS_physical_order_create,name,121,1679
0020,LKUS_physical_order_create,result,121,1679
0020,LKUS_physical_order_create,type,121,1679
0020,LKUS_push,code,39,1680
0020,LKUS_push,comments,39,1680
0020,LKUS_push,featureId,39,1680
0020,LKUS_push,name,39,1680
0020,LKUS_push,result,39,1680
0020,LKUS_push,type,39,1680
0020,LKUS_register,code,10,133
0020,LKUS_register,comments,10,133
0020,LKUS_register,featureId,10,133
0020,LKUS_register,name,10,133
0020,LKUS_register,result,10,133
0020,LKUS_register,type,10,133
0021,LKUS_grant_new_user_coupon,code,7,98
0021,LKUS_grant_new_user_coupon,comments,7,98
0021,LKUS_grant_new_user_coupon,featureId,7,98
0021,LKUS_grant_new_user_coupon,name,7,98
0021,LKUS_grant_new_user_coupon,result,7,98
0021,LKUS_grant_new_user_coupon,type,7,98
0021,LKUS_login,code,15,209
0021,LKUS_login,comments,15,209
0021,LKUS_login,featureId,15,209
0021,LKUS_login,name,15,209
0021,LKUS_login,result,15,209
0021,LKUS_login,type,15,209
0021,LKUS_payment,code,103,1401
0021,LKUS_payment,comments,103,1401
0021,LKUS_payment,featureId,103,1401
0021,LKUS_payment,name,103,1401
0021,LKUS_payment,result,103,1401
0021,LKUS_payment,type,103,1401
0021,LKUS_physical_order_cancel,code,1,14
0021,LKUS_physical_order_cancel,comments,1,14
0021,LKUS_physical_order_cancel,featureId,1,14
0021,LKUS_physical_order_cancel,name,1,14
0021,LKUS_physical_order_cancel,result,1,14
0021,LKUS_physical_order_cancel,type,1,14
0021,LKUS_physical_order_create,code,102,1394
0021,LKUS_physical_order_create,comments,102,1394
0021,LKUS_physical_order_create,featureId,102,1394
0021,LKUS_physical_order_create,name,102,1394
0021,LKUS_physical_order_create,result,102,1394
0021,LKUS_physical_order_create,type,102,1394
0021,LKUS_push,code,37,1628
0021,LKUS_push,comments,37,1628
0021,LKUS_push,featureId,37,1628
0021,LKUS_push,name,37,1628
0021,LKUS_push,result,37,1628
0021,LKUS_push,type,37,1628
0021,LKUS_register,code,13,182
0021,LKUS_register,comments,13,182
0021,LKUS_register,featureId,13,182
0021,LKUS_register,name,13,182
0021,LKUS_register,result,13,182
0021,LKUS_register,type,13,182
0022,LKUS_grant_new_user_coupon,code,6,84
0022,LKUS_grant_new_user_coupon,comments,6,84
0022,LKUS_grant_new_user_coupon,featureId,6,84
0022,LKUS_grant_new_user_coupon,name,6,84
0022,LKUS_grant_new_user_coupon,result,6,84
0022,LKUS_grant_new_user_coupon,type,6,84
0022,LKUS_login,code,13,179
0022,LKUS_login,comments,13,179
0022,LKUS_login,featureId,13,179
0022,LKUS_login,name,13,179
0022,LKUS_login,result,13,179
0022,LKUS_login,type,13,179
0022,LKUS_payment,code,84,1084
0022,LKUS_payment,comments,84,1084
0022,LKUS_payment,featureId,84,1084
0022,LKUS_payment,name,84,1084
0022,LKUS_payment,result,84,1084
0022,LKUS_payment,type,84,1084
0022,LKUS_physical_order_cancel,code,2,28
0022,LKUS_physical_order_cancel,comments,2,28
0022,LKUS_physical_order_cancel,featureId,2,28
0022,LKUS_physical_order_cancel,name,2,28
0022,LKUS_physical_order_cancel,result,2,28
0022,LKUS_physical_order_cancel,type,2,28
0022,LKUS_physical_order_create,code,83,1077
0022,LKUS_physical_order_create,comments,83,1077
0022,LKUS_physical_order_create,featureId,83,1077
0022,LKUS_physical_order_create,name,83,1077
0022,LKUS_physical_order_create,result,83,1077
0022,LKUS_physical_order_create,type,83,1077
0022,LKUS_push,code,81,3420
0022,LKUS_push,comments,81,3420
0022,LKUS_push,featureId,81,3420
0022,LKUS_push,name,81,3420
0022,LKUS_push,result,81,3420
0022,LKUS_push,type,81,3420
0022,LKUS_register,code,8,91
0022,LKUS_register,comments,8,91
0022,LKUS_register,featureId,8,91
0022,LKUS_register,name,8,91
0022,LKUS_register,result,8,91
0022,LKUS_register,type,8,91
0023,LKUS_captcha,code,1,15
0023,LKUS_captcha,comments,1,15
0023,LKUS_captcha,featureId,1,15
0023,LKUS_captcha,name,1,15
0023,LKUS_captcha,result,1,15
0023,LKUS_captcha,type,1,15
0023,LKUS_grant_new_user_coupon,code,13,182
0023,LKUS_grant_new_user_coupon,comments,13,182
0023,LKUS_grant_new_user_coupon,featureId,13,182
0023,LKUS_grant_new_user_coupon,name,13,182
0023,LKUS_grant_new_user_coupon,result,13,182
0023,LKUS_grant_new_user_coupon,type,13,182
0023,LKUS_login,code,23,337
0023,LKUS_login,comments,23,337
0023,LKUS_login,featureId,23,337
0023,LKUS_login,name,23,337
0023,LKUS_login,result,23,337
0023,LKUS_login,type,23,337
0023,LKUS_payment,code,92,1212
0023,LKUS_payment,comments,92,1212
0023,LKUS_payment,featureId,92,1212
0023,LKUS_payment,name,92,1212
0023,LKUS_payment,result,92,1212
0023,LKUS_payment,type,92,1212
0023,LKUS_physical_order_cancel,code,1,14
0023,LKUS_physical_order_cancel,comments,1,14
0023,LKUS_physical_order_cancel,featureId,1,14
0023,LKUS_physical_order_cancel,name,1,14
0023,LKUS_physical_order_cancel,result,1,14
0023,LKUS_physical_order_cancel,type,1,14
0023,LKUS_physical_order_create,code,94,1242
0023,LKUS_physical_order_create,comments,94,1242
0023,LKUS_physical_order_create,featureId,94,1242
0023,LKUS_physical_order_create,name,94,1242
0023,LKUS_physical_order_create,result,94,1242
0023,LKUS_physical_order_create,type,94,1242
0023,LKUS_push,code,66,2868
0023,LKUS_push,comments,66,2868
0023,LKUS_push,featureId,66,2868
0023,LKUS_push,name,66,2868
0023,LKUS_push,result,66,2868
0023,LKUS_push,type,66,2868
0023,LKUS_register,code,8,112
0023,LKUS_register,comments,8,112
0023,LKUS_register,featureId,8,112
0023,LKUS_register,name,8,112
0023,LKUS_register,result,8,112
0023,LKUS_register,type,8,112
0024,LKUS_grant_new_user_coupon,code,6,84
0024,LKUS_grant_new_user_coupon,comments,6,84
0024,LKUS_grant_new_user_coupon,featureId,6,84
0024,LKUS_grant_new_user_coupon,name,6,84
0024,LKUS_grant_new_user_coupon,result,6,84
0024,LKUS_grant_new_user_coupon,type,6,84
0024,LKUS_login,code,15,217
0024,LKUS_login,comments,15,217
0024,LKUS_login,featureId,15,217
0024,LKUS_login,name,15,217
0024,LKUS_login,result,15,217
0024,LKUS_login,type,15,217
0024,LKUS_payment,code,86,1162
0024,LKUS_payment,comments,86,1162
0024,LKUS_payment,featureId,86,1162
0024,LKUS_payment,name,86,1162
0024,LKUS_payment,result,86,1162
0024,LKUS_payment,type,86,1162
0024,LKUS_physical_order_create,code,91,1237
0024,LKUS_physical_order_create,comments,91,1237
0024,LKUS_physical_order_create,featureId,91,1237
0024,LKUS_physical_order_create,name,91,1237
0024,LKUS_physical_order_create,result,91,1237
0024,LKUS_physical_order_create,type,91,1237
0024,LKUS_push,code,54,2376
0024,LKUS_push,comments,54,2376
0024,LKUS_push,featureId,54,2376
0024,LKUS_push,name,54,2376
0024,LKUS_push,result,54,2376
0024,LKUS_push,type,54,2376
0024,LKUS_register,code,10,140
0024,LKUS_register,comments,10,140
0024,LKUS_register,featureId,10,140
0024,LKUS_register,name,10,140
0024,LKUS_register,result,10,140
0024,LKUS_register,type,10,140
0025,LKUS_grant_new_user_coupon,code,10,140
0025,LKUS_grant_new_user_coupon,comments,10,140
0025,LKUS_grant_new_user_coupon,featureId,10,140
0025,LKUS_grant_new_user_coupon,name,10,140
0025,LKUS_grant_new_user_coupon,result,10,140
0025,LKUS_grant_new_user_coupon,type,10,140
0025,LKUS_login,code,16,232
0025,LKUS_login,comments,16,232
0025,LKUS_login,featureId,16,232
0025,LKUS_login,name,16,232
0025,LKUS_login,result,16,232
0025,LKUS_login,type,16,232
0025,LKUS_payment,code,93,1283
0025,LKUS_payment,comments,93,1283
0025,LKUS_payment,featureId,93,1283
0025,LKUS_payment,name,93,1283
0025,LKUS_payment,result,93,1283
0025,LKUS_payment,type,93,1283
0025,LKUS_physical_order_cancel,code,1,14
0025,LKUS_physical_order_cancel,comments,1,14
0025,LKUS_physical_order_cancel,featureId,1,14
0025,LKUS_physical_order_cancel,name,1,14
0025,LKUS_physical_order_cancel,result,1,14
0025,LKUS_physical_order_cancel,type,1,14
0025,LKUS_physical_order_create,code,96,1328
0025,LKUS_physical_order_create,comments,96,1328
0025,LKUS_physical_order_create,featureId,96,1328
0025,LKUS_physical_order_create,name,96,1328
0025,LKUS_physical_order_create,result,96,1328
0025,LKUS_physical_order_create,type,96,1328
0025,LKUS_push,code,51,2172
0025,LKUS_push,comments,51,2172
0025,LKUS_push,featureId,51,2172
0025,LKUS_push,name,51,2172
0025,LKUS_push,result,51,2172
0025,LKUS_push,type,51,2172
0025,LKUS_register,code,4,56
0025,LKUS_register,comments,4,56
0025,LKUS_register,featureId,4,56
0025,LKUS_register,name,4,56
0025,LKUS_register,result,4,56
0025,LKUS_register,type,4,56
0026,LKUS_captcha,code,1,15
0026,LKUS_captcha,comments,1,15
0026,LKUS_captcha,featureId,1,15
0026,LKUS_captcha,name,1,15
0026,LKUS_captcha,result,1,15
0026,LKUS_captcha,type,1,15
0026,LKUS_grant_new_user_coupon,code,13,182
0026,LKUS_grant_new_user_coupon,comments,13,182
0026,LKUS_grant_new_user_coupon,featureId,13,182
0026,LKUS_grant_new_user_coupon,name,13,182
0026,LKUS_grant_new_user_coupon,result,13,182
0026,LKUS_grant_new_user_coupon,type,13,182
0026,LKUS_login,code,21,315
0026,LKUS_login,comments,21,315
0026,LKUS_login,featureId,21,315
0026,LKUS_login,name,21,315
0026,LKUS_login,result,21,315
0026,LKUS_login,type,21,315
0026,LKUS_payment,code,99,1389
0026,LKUS_payment,comments,99,1389
0026,LKUS_payment,featureId,99,1389
0026,LKUS_payment,name,99,1389
0026,LKUS_payment,result,99,1389
0026,LKUS_payment,type,99,1389
0026,LKUS_physical_order_cancel,code,2,28
0026,LKUS_physical_order_cancel,comments,2,28
0026,LKUS_physical_order_cancel,featureId,2,28
0026,LKUS_physical_order_cancel,name,2,28
0026,LKUS_physical_order_cancel,result,2,28
0026,LKUS_physical_order_cancel,type,2,28
0026,LKUS_physical_order_create,code,99,1389
0026,LKUS_physical_order_create,comments,99,1389
0026,LKUS_physical_order_create,featureId,99,1389
0026,LKUS_physical_order_create,name,99,1389
0026,LKUS_physical_order_create,result,99,1389
0026,LKUS_physical_order_create,type,99,1389
0026,LKUS_push,code,53,2296
0026,LKUS_push,comments,53,2296
0026,LKUS_push,featureId,53,2296
0026,LKUS_push,name,53,2296
0026,LKUS_push,result,53,2296
0026,LKUS_push,type,53,2296
0026,LKUS_register,code,6,84
0026,LKUS_register,comments,6,84
0026,LKUS_register,featureId,6,84
0026,LKUS_register,name,6,84
0026,LKUS_register,result,6,84
0026,LKUS_register,type,6,84
0027,LKUS_grant_new_user_coupon,code,9,126
0027,LKUS_grant_new_user_coupon,comments,9,126
0027,LKUS_grant_new_user_coupon,featureId,9,126
0027,LKUS_grant_new_user_coupon,name,9,126
0027,LKUS_grant_new_user_coupon,result,9,126
0027,LKUS_grant_new_user_coupon,type,9,126
0027,LKUS_login,code,14,210
0027,LKUS_login,comments,14,210
0027,LKUS_login,featureId,14,210
0027,LKUS_login,name,14,210
0027,LKUS_login,result,14,210
0027,LKUS_login,type,14,210
0027,LKUS_payment,code,73,991
0027,LKUS_payment,comments,73,991
0027,LKUS_payment,featureId,73,991
0027,LKUS_payment,name,73,991
0027,LKUS_payment,result,73,991
0027,LKUS_payment,type,73,991
0027,LKUS_physical_order_cancel,code,1,14
0027,LKUS_physical_order_cancel,comments,1,14
0027,LKUS_physical_order_cancel,featureId,1,14
0027,LKUS_physical_order_cancel,name,1,14
0027,LKUS_physical_order_cancel,result,1,14
0027,LKUS_physical_order_cancel,type,1,14
0027,LKUS_physical_order_create,code,75,1021
0027,LKUS_physical_order_create,comments,75,1021
0027,LKUS_physical_order_create,featureId,75,1021
0027,LKUS_physical_order_create,name,75,1021
0027,LKUS_physical_order_create,result,75,1021
0027,LKUS_physical_order_create,type,75,1021
0027,LKUS_push,code,51,2244
0027,LKUS_push,comments,51,2244
0027,LKUS_push,featureId,51,2244
0027,LKUS_push,name,51,2244
0027,LKUS_push,result,51,2244
0027,LKUS_push,type,51,2244
0027,LKUS_register,code,11,154
0027,LKUS_register,comments,11,154
0027,LKUS_register,featureId,11,154
0027,LKUS_register,name,11,154
0027,LKUS_register,result,11,154
0027,LKUS_register,type,11,154
0028,LKUS_grant_new_user_coupon,code,3,42
0028,LKUS_grant_new_user_coupon,comments,3,42
0028,LKUS_grant_new_user_coupon,featureId,3,42
0028,LKUS_grant_new_user_coupon,name,3,42
0028,LKUS_grant_new_user_coupon,result,3,42
0028,LKUS_grant_new_user_coupon,type,3,42
0028,LKUS_login,code,12,180
0028,LKUS_login,comments,12,180
0028,LKUS_login,featureId,12,180
0028,LKUS_login,name,12,180
0028,LKUS_login,result,12,180
0028,LKUS_login,type,12,180
0028,LKUS_payment,code,88,1224
0028,LKUS_payment,comments,88,1224
0028,LKUS_payment,featureId,88,1224
0028,LKUS_payment,name,88,1224
0028,LKUS_payment,result,88,1224
0028,LKUS_payment,type,88,1224
0028,LKUS_physical_order_create,code,86,1194
0028,LKUS_physical_order_create,comments,86,1194
0028,LKUS_physical_order_create,featureId,86,1194
0028,LKUS_physical_order_create,name,86,1194
0028,LKUS_physical_order_create,result,86,1194
0028,LKUS_physical_order_create,type,86,1194
0028,LKUS_push,code,35,1504
0028,LKUS_push,comments,35,1504
0028,LKUS_push,featureId,35,1504
0028,LKUS_push,name,35,1504
0028,LKUS_push,result,35,1504
0028,LKUS_push,type,35,1504
0028,LKUS_register,code,4,56
0028,LKUS_register,comments,4,56
0028,LKUS_register,featureId,4,56
0028,LKUS_register,name,4,56
0028,LKUS_register,result,4,56
0028,LKUS_register,type,4,56
0029,LKUS_grant_new_user_coupon,code,9,126
0029,LKUS_grant_new_user_coupon,comments,9,126
0029,LKUS_grant_new_user_coupon,featureId,9,126
0029,LKUS_grant_new_user_coupon,name,9,126
0029,LKUS_grant_new_user_coupon,result,9,126
0029,LKUS_grant_new_user_coupon,type,9,126
0029,LKUS_login,code,14,210
0029,LKUS_login,comments,14,210
0029,LKUS_login,featureId,14,210
0029,LKUS_login,name,14,210
0029,LKUS_login,result,14,210
0029,LKUS_login,type,14,210
0029,LKUS_payment,code,83,1101
0029,LKUS_payment,comments,83,1101
0029,LKUS_payment,featureId,83,1101
0029,LKUS_payment,name,83,1101
0029,LKUS_payment,result,83,1101
0029,LKUS_payment,type,83,1101
0029,LKUS_physical_order_cancel,code,2,28
0029,LKUS_physical_order_cancel,comments,2,28
0029,LKUS_physical_order_cancel,featureId,2,28
0029,LKUS_physical_order_cancel,name,2,28
0029,LKUS_physical_order_cancel,result,2,28
0029,LKUS_physical_order_cancel,type,2,28
0029,LKUS_physical_order_create,code,86,1154
0029,LKUS_physical_order_create,comments,86,1154
0029,LKUS_physical_order_create,featureId,86,1154
0029,LKUS_physical_order_create,name,86,1154
0029,LKUS_physical_order_create,result,86,1154
0029,LKUS_physical_order_create,type,86,1154
0029,LKUS_push,code,48,2112
0029,LKUS_push,comments,48,2112
0029,LKUS_push,featureId,48,2112
0029,LKUS_push,name,48,2112
0029,LKUS_push,result,48,2112
0029,LKUS_push,type,48,2112
0029,LKUS_register,code,8,112
0029,LKUS_register,comments,8,112
0029,LKUS_register,featureId,8,112
0029,LKUS_register,name,8,112
0029,LKUS_register,result,8,112
0029,LKUS_register,type,8,112
0030,LKUS_grant_new_user_coupon,code,5,70
0030,LKUS_grant_new_user_coupon,comments,5,70
0030,LKUS_grant_new_user_coupon,featureId,5,70
0030,LKUS_grant_new_user_coupon,name,5,70
0030,LKUS_grant_new_user_coupon,result,5,70
0030,LKUS_grant_new_user_coupon,type,5,70
0030,LKUS_login,code,10,150
0030,LKUS_login,comments,10,150
0030,LKUS_login,featureId,10,150
0030,LKUS_login,name,10,150
0030,LKUS_login,result,10,150
0030,LKUS_login,type,10,150
0030,LKUS_payment,code,83,1189
0030,LKUS_payment,comments,83,1189
0030,LKUS_payment,featureId,83,1189
0030,LKUS_payment,name,83,1189
0030,LKUS_payment,result,83,1189
0030,LKUS_payment,type,83,1189
0030,LKUS_physical_order_cancel,code,1,14
0030,LKUS_physical_order_cancel,comments,1,14
0030,LKUS_physical_order_cancel,featureId,1,14
0030,LKUS_physical_order_cancel,name,1,14
0030,LKUS_physical_order_cancel,result,1,14
0030,LKUS_physical_order_cancel,type,1,14
0030,LKUS_physical_order_create,code,81,1159
0030,LKUS_physical_order_create,comments,81,1159
0030,LKUS_physical_order_create,featureId,81,1159
0030,LKUS_physical_order_create,name,81,1159
0030,LKUS_physical_order_create,result,81,1159
0030,LKUS_physical_order_create,type,81,1159
0030,LKUS_push,code,83,3616
0030,LKUS_push,comments,83,3616
0030,LKUS_push,featureId,83,3616
0030,LKUS_push,name,83,3616
0030,LKUS_push,result,83,3616
0030,LKUS_push,type,83,3616
0030,LKUS_register,code,14,189
0030,LKUS_register,comments,14,189
0030,LKUS_register,featureId,14,189
0030,LKUS_register,name,14,189
0030,LKUS_register,result,14,189
0030,LKUS_register,type,14,189
0031,LKUS_grant_new_user_coupon,code,5,70
0031,LKUS_grant_new_user_coupon,comments,5,70
0031,LKUS_grant_new_user_coupon,featureId,5,70
0031,LKUS_grant_new_user_coupon,name,5,70
0031,LKUS_grant_new_user_coupon,result,5,70
0031,LKUS_grant_new_user_coupon,type,5,70
0031,LKUS_login,code,13,187
0031,LKUS_login,comments,13,187
0031,LKUS_login,featureId,13,187
0031,LKUS_login,name,13,187
0031,LKUS_login,result,13,187
0031,LKUS_login,type,13,187
0031,LKUS_payment,code,97,1343
0031,LKUS_payment,comments,97,1343
0031,LKUS_payment,featureId,97,1343
0031,LKUS_payment,name,97,1343
0031,LKUS_payment,result,97,1343
0031,LKUS_payment,type,97,1343
0031,LKUS_physical_order_cancel,code,1,14
0031,LKUS_physical_order_cancel,comments,1,14
0031,LKUS_physical_order_cancel,featureId,1,14
0031,LKUS_physical_order_cancel,name,1,14
0031,LKUS_physical_order_cancel,result,1,14
0031,LKUS_physical_order_cancel,type,1,14
0031,LKUS_physical_order_create,code,97,1343
0031,LKUS_physical_order_create,comments,97,1343
0031,LKUS_physical_order_create,featureId,97,1343
0031,LKUS_physical_order_create,name,97,1343
0031,LKUS_physical_order_create,result,97,1343
0031,LKUS_physical_order_create,type,97,1343
0031,LKUS_push,code,58,2480
0031,LKUS_push,comments,58,2480
0031,LKUS_push,featureId,58,2480
0031,LKUS_push,name,58,2480
0031,LKUS_push,result,58,2480
0031,LKUS_push,type,58,2480
0031,LKUS_register,code,12,168
0031,LKUS_register,comments,12,168
0031,LKUS_register,featureId,12,168
0031,LKUS_register,name,12,168
0031,LKUS_register,result,12,168
0031,LKUS_register,type,12,168
0032,LKUS_grant_new_user_coupon,code,3,42
0032,LKUS_grant_new_user_coupon,comments,3,42
0032,LKUS_grant_new_user_coupon,featureId,3,42
0032,LKUS_grant_new_user_coupon,name,3,42
0032,LKUS_grant_new_user_coupon,result,3,42
0032,LKUS_grant_new_user_coupon,type,3,42
0032,LKUS_login,code,6,82
0032,LKUS_login,comments,6,82
0032,LKUS_login,featureId,6,82
0032,LKUS_login,name,6,82
0032,LKUS_login,result,6,82
0032,LKUS_login,type,6,82
0032,LKUS_payment,code,98,1334
0032,LKUS_payment,comments,98,1334
0032,LKUS_payment,featureId,98,1334
0032,LKUS_payment,name,98,1334
0032,LKUS_payment,result,98,1334
0032,LKUS_payment,type,98,1334
0032,LKUS_physical_order_cancel,code,1,14
0032,LKUS_physical_order_cancel,comments,1,14
0032,LKUS_physical_order_cancel,featureId,1,14
0032,LKUS_physical_order_cancel,name,1,14
0032,LKUS_physical_order_cancel,result,1,14
0032,LKUS_physical_order_cancel,type,1,14
0032,LKUS_physical_order_create,code,101,1379
0032,LKUS_physical_order_create,comments,101,1379
0032,LKUS_physical_order_create,featureId,101,1379
0032,LKUS_physical_order_create,name,101,1379
0032,LKUS_physical_order_create,result,101,1379
0032,LKUS_physical_order_create,type,101,1379
0032,LKUS_push,code,29,1276
0032,LKUS_push,comments,29,1276
0032,LKUS_push,featureId,29,1276
0032,LKUS_push,name,29,1276
0032,LKUS_push,result,29,1276
0032,LKUS_push,type,29,1276
0032,LKUS_register,code,3,42
0032,LKUS_register,comments,3,42
0032,LKUS_register,featureId,3,42
0032,LKUS_register,name,3,42
0032,LKUS_register,result,3,42
0032,LKUS_register,type,3,42
0033,LKUS_grant_new_user_coupon,code,8,112
0033,LKUS_grant_new_user_coupon,comments,8,112
0033,LKUS_grant_new_user_coupon,featureId,8,112
0033,LKUS_grant_new_user_coupon,name,8,112
0033,LKUS_grant_new_user_coupon,result,8,112
0033,LKUS_grant_new_user_coupon,type,8,112
0033,LKUS_login,code,12,180
0033,LKUS_login,comments,12,180
0033,LKUS_login,featureId,12,180
0033,LKUS_login,name,12,180
0033,LKUS_login,result,12,180
0033,LKUS_login,type,12,180
0033,LKUS_payment,code,92,1308
0033,LKUS_payment,comments,92,1308
0033,LKUS_payment,featureId,92,1308
0033,LKUS_payment,name,92,1308
0033,LKUS_payment,result,92,1308
0033,LKUS_payment,type,92,1308
0033,LKUS_physical_order_create,code,92,1308
0033,LKUS_physical_order_create,comments,92,1308
0033,LKUS_physical_order_create,featureId,92,1308
0033,LKUS_physical_order_create,name,92,1308
0033,LKUS_physical_order_create,result,92,1308
0033,LKUS_physical_order_create,type,92,1308
0033,LKUS_push,code,48,2112
0033,LKUS_push,comments,48,2112
0033,LKUS_push,featureId,48,2112
0033,LKUS_push,name,48,2112
0033,LKUS_push,result,48,2112
0033,LKUS_push,type,48,2112
0033,LKUS_register,code,8,112
0033,LKUS_register,comments,8,112
0033,LKUS_register,featureId,8,112
0033,LKUS_register,name,8,112
0033,LKUS_register,result,8,112
0033,LKUS_register,type,8,112
0034,IQA2_login,code,1,8
0034,IQA2_login,comments,1,8
0034,IQA2_login,featureId,1,8
0034,IQA2_login,name,1,8
0034,IQA2_login,result,1,8
0034,IQA2_login,type,1,8
0034,LKUS_grant_new_user_coupon,code,8,112
0034,LKUS_grant_new_user_coupon,comments,8,112
0034,LKUS_grant_new_user_coupon,featureId,8,112
0034,LKUS_grant_new_user_coupon,name,8,112
0034,LKUS_grant_new_user_coupon,result,8,112
0034,LKUS_grant_new_user_coupon,type,8,112
0034,LKUS_login,code,10,150
0034,LKUS_login,comments,10,150
0034,LKUS_login,featureId,10,150
0034,LKUS_login,name,10,150
0034,LKUS_login,result,10,150
0034,LKUS_login,type,10,150
0034,LKUS_payment,code,109,1507
0034,LKUS_payment,comments,109,1507
0034,LKUS_payment,featureId,109,1507
0034,LKUS_payment,name,109,1507
0034,LKUS_payment,result,109,1507
0034,LKUS_payment,type,109,1507
0034,LKUS_physical_order_cancel,code,1,14
0034,LKUS_physical_order_cancel,comments,1,14
0034,LKUS_physical_order_cancel,featureId,1,14
0034,LKUS_physical_order_cancel,name,1,14
0034,LKUS_physical_order_cancel,result,1,14
0034,LKUS_physical_order_cancel,type,1,14
0034,LKUS_physical_order_create,code,111,1537
0034,LKUS_physical_order_create,comments,111,1537
0034,LKUS_physical_order_create,featureId,111,1537
0034,LKUS_physical_order_create,name,111,1537
0034,LKUS_physical_order_create,result,111,1537
0034,LKUS_physical_order_create,type,111,1537
0034,LKUS_push,code,49,2120
0034,LKUS_push,comments,49,2120
0034,LKUS_push,featureId,49,2120
0034,LKUS_push,name,49,2120
0034,LKUS_push,result,49,2120
0034,LKUS_push,type,49,2120
0034,LKUS_register,code,8,105
0034,LKUS_register,comments,8,105
0034,LKUS_register,featureId,8,105
0034,LKUS_register,name,8,105
0034,LKUS_register,result,8,105
0034,LKUS_register,type,8,105
0035,LKUS_captcha,code,1,15
0035,LKUS_captcha,comments,1,15
0035,LKUS_captcha,featureId,1,15
0035,LKUS_captcha,name,1,15
0035,LKUS_captcha,result,1,15
0035,LKUS_captcha,type,1,15
0035,LKUS_grant_new_user_coupon,code,5,70
0035,LKUS_grant_new_user_coupon,comments,5,70
0035,LKUS_grant_new_user_coupon,featureId,5,70
0035,LKUS_grant_new_user_coupon,name,5,70
0035,LKUS_grant_new_user_coupon,result,5,70
0035,LKUS_grant_new_user_coupon,type,5,70
0035,LKUS_login,code,11,157
0035,LKUS_login,comments,11,157
0035,LKUS_login,featureId,11,157
0035,LKUS_login,name,11,157
0035,LKUS_login,result,11,157
0035,LKUS_login,type,11,157
0035,LKUS_payment,code,89,1199
0035,LKUS_payment,comments,89,1199
0035,LKUS_payment,featureId,89,1199
0035,LKUS_payment,name,89,1199
0035,LKUS_payment,result,89,1199
0035,LKUS_payment,type,89,1199
0035,LKUS_physical_order_cancel,code,1,14
0035,LKUS_physical_order_cancel,comments,1,14
0035,LKUS_physical_order_cancel,featureId,1,14
0035,LKUS_physical_order_cancel,name,1,14
0035,LKUS_physical_order_cancel,result,1,14
0035,LKUS_physical_order_cancel,type,1,14
0035,LKUS_physical_order_create,code,91,1237
0035,LKUS_physical_order_create,comments,91,1237
0035,LKUS_physical_order_create,featureId,91,1237
0035,LKUS_physical_order_create,name,91,1237
0035,LKUS_physical_order_create,result,91,1237
0035,LKUS_physical_order_create,type,91,1237
0035,LKUS_push,code,60,2640
0035,LKUS_push,comments,60,2640
0035,LKUS_push,featureId,60,2640
0035,LKUS_push,name,60,2640
0035,LKUS_push,result,60,2640
0035,LKUS_push,type,60,2640
0035,LKUS_register,code,10,140
0035,LKUS_register,comments,10,140
0035,LKUS_register,featureId,10,140
0035,LKUS_register,name,10,140
0035,LKUS_register,result,10,140
0035,LKUS_register,type,10,140
0036,LKUS_grant_new_user_coupon,code,9,126
0036,LKUS_grant_new_user_coupon,comments,9,126
0036,LKUS_grant_new_user_coupon,featureId,9,126
0036,LKUS_grant_new_user_coupon,name,9,126
0036,LKUS_grant_new_user_coupon,result,9,126
0036,LKUS_grant_new_user_coupon,type,9,126
0036,LKUS_login,code,17,255
0036,LKUS_login,comments,17,255
0036,LKUS_login,featureId,17,255
0036,LKUS_login,name,17,255
0036,LKUS_login,result,17,255
0036,LKUS_login,type,17,255
0036,LKUS_payment,code,96,1304
0036,LKUS_payment,comments,96,1304
0036,LKUS_payment,featureId,96,1304
0036,LKUS_payment,name,96,1304
0036,LKUS_payment,result,96,1304
0036,LKUS_payment,type,96,1304
0036,LKUS_physical_order_cancel,code,1,14
0036,LKUS_physical_order_cancel,comments,1,14
0036,LKUS_physical_order_cancel,featureId,1,14
0036,LKUS_physical_order_cancel,name,1,14
0036,LKUS_physical_order_cancel,result,1,14
0036,LKUS_physical_order_cancel,type,1,14
0036,LKUS_physical_order_create,code,98,1334
0036,LKUS_physical_order_create,comments,98,1334
0036,LKUS_physical_order_create,featureId,98,1334
0036,LKUS_physical_order_create,name,98,1334
0036,LKUS_physical_order_create,result,98,1334
0036,LKUS_physical_order_create,type,98,1334
0036,LKUS_push,code,37,1592
0036,LKUS_push,comments,37,1592
0036,LKUS_push,featureId,37,1592
0036,LKUS_push,name,37,1592
0036,LKUS_push,result,37,1592
0036,LKUS_push,type,37,1592
0036,LKUS_register,code,10,140
0036,LKUS_register,comments,10,140
0036,LKUS_register,featureId,10,140
0036,LKUS_register,name,10,140
0036,LKUS_register,result,10,140
0036,LKUS_register,type,10,140
0037,LKUS_grant_new_user_coupon,code,14,196
0037,LKUS_grant_new_user_coupon,comments,14,196
0037,LKUS_grant_new_user_coupon,featureId,14,196
0037,LKUS_grant_new_user_coupon,name,14,196
0037,LKUS_grant_new_user_coupon,result,14,196
0037,LKUS_grant_new_user_coupon,type,14,196
0037,LKUS_login,code,19,269
0037,LKUS_login,comments,19,269
0037,LKUS_login,featureId,19,269
0037,LKUS_login,name,19,269
0037,LKUS_login,result,19,269
0037,LKUS_login,type,19,269
0037,LKUS_payment,code,111,1545
0037,LKUS_payment,comments,111,1545
0037,LKUS_payment,featureId,111,1545
0037,LKUS_payment,name,111,1545
0037,LKUS_payment,result,111,1545
0037,LKUS_payment,type,111,1545
0037,LKUS_physical_order_create,code,114,1590
0037,LKUS_physical_order_create,comments,114,1590
0037,LKUS_physical_order_create,featureId,114,1590
0037,LKUS_physical_order_create,name,114,1590
0037,LKUS_physical_order_create,result,114,1590
0037,LKUS_physical_order_create,type,114,1590
0037,LKUS_push,code,57,2472
0037,LKUS_push,comments,57,2472
0037,LKUS_push,featureId,57,2472
0037,LKUS_push,name,57,2472
0037,LKUS_push,result,57,2472
0037,LKUS_push,type,57,2472
0037,LKUS_register,code,5,70
0037,LKUS_register,comments,5,70
0037,LKUS_register,featureId,5,70
0037,LKUS_register,name,5,70
0037,LKUS_register,result,5,70
0037,LKUS_register,type,5,70
0038,LKUS_grant_new_user_coupon,code,7,98
0038,LKUS_grant_new_user_coupon,comments,7,98
0038,LKUS_grant_new_user_coupon,featureId,7,98
0038,LKUS_grant_new_user_coupon,name,7,98
0038,LKUS_grant_new_user_coupon,result,7,98
0038,LKUS_grant_new_user_coupon,type,7,98
0038,LKUS_login,code,17,247
0038,LKUS_login,comments,17,247
0038,LKUS_login,featureId,17,247
0038,LKUS_login,name,17,247
0038,LKUS_login,result,17,247
0038,LKUS_login,type,17,247
0038,LKUS_payment,code,81,1095
0038,LKUS_payment,comments,81,1095
0038,LKUS_payment,featureId,81,1095
0038,LKUS_payment,name,81,1095
0038,LKUS_payment,result,81,1095
0038,LKUS_payment,type,81,1095
0038,LKUS_physical_order_cancel,code,2,28
0038,LKUS_physical_order_cancel,comments,2,28
0038,LKUS_physical_order_cancel,featureId,2,28
0038,LKUS_physical_order_cancel,name,2,28
0038,LKUS_physical_order_cancel,result,2,28
0038,LKUS_physical_order_cancel,type,2,28
0038,LKUS_physical_order_create,code,82,1110
0038,LKUS_physical_order_create,comments,82,1110
0038,LKUS_physical_order_create,featureId,82,1110
0038,LKUS_physical_order_create,name,82,1110
0038,LKUS_physical_order_create,result,82,1110
0038,LKUS_physical_order_create,type,82,1110
0038,LKUS_push,code,47,2068
0038,LKUS_push,comments,47,2068
0038,LKUS_push,featureId,47,2068
0038,LKUS_push,name,47,2068
0038,LKUS_push,result,47,2068
0038,LKUS_push,type,47,2068
0038,LKUS_register,code,6,84
0038,LKUS_register,comments,6,84
0038,LKUS_register,featureId,6,84
0038,LKUS_register,name,6,84
0038,LKUS_register,result,6,84
0038,LKUS_register,type,6,84
0039,LKUS_grant_new_user_coupon,code,14,196
0039,LKUS_grant_new_user_coupon,comments,14,196
0039,LKUS_grant_new_user_coupon,featureId,14,196
0039,LKUS_grant_new_user_coupon,name,14,196
0039,LKUS_grant_new_user_coupon,result,14,196
0039,LKUS_grant_new_user_coupon,type,14,196
0039,LKUS_login,code,23,329
0039,LKUS_login,comments,23,329
0039,LKUS_login,featureId,23,329
0039,LKUS_login,name,23,329
0039,LKUS_login,result,23,329
0039,LKUS_login,type,23,329
0039,LKUS_payment,code,112,1600
0039,LKUS_payment,comments,112,1600
0039,LKUS_payment,featureId,112,1600
0039,LKUS_payment,name,112,1600
0039,LKUS_payment,result,112,1600
0039,LKUS_payment,type,112,1600
0039,LKUS_physical_order_cancel,code,4,56
0039,LKUS_physical_order_cancel,comments,4,56
0039,LKUS_physical_order_cancel,featureId,4,56
0039,LKUS_physical_order_cancel,name,4,56
0039,LKUS_physical_order_cancel,result,4,56
0039,LKUS_physical_order_cancel,type,4,56
0039,LKUS_physical_order_create,code,116,1660
0039,LKUS_physical_order_create,comments,116,1660
0039,LKUS_physical_order_create,featureId,116,1660
0039,LKUS_physical_order_create,name,116,1660
0039,LKUS_physical_order_create,result,116,1660
0039,LKUS_physical_order_create,type,116,1660
0039,LKUS_push,code,47,2068
0039,LKUS_push,comments,47,2068
0039,LKUS_push,featureId,47,2068
0039,LKUS_push,name,47,2068
0039,LKUS_push,result,47,2068
0039,LKUS_push,type,47,2068
0039,LKUS_register,code,5,70
0039,LKUS_register,comments,5,70
0039,LKUS_register,featureId,5,70
0039,LKUS_register,name,5,70
0039,LKUS_register,result,5,70
0039,LKUS_register,type,5,70
0040,LKUS_grant_new_user_coupon,code,10,140
0040,LKUS_grant_new_user_coupon,comments,10,140
0040,LKUS_grant_new_user_coupon,featureId,10,140
0040,LKUS_grant_new_user_coupon,name,10,140
0040,LKUS_grant_new_user_coupon,result,10,140
0040,LKUS_grant_new_user_coupon,type,10,140
0040,LKUS_login,code,18,262
0040,LKUS_login,comments,18,262
0040,LKUS_login,featureId,18,262
0040,LKUS_login,name,18,262
0040,LKUS_login,result,18,262
0040,LKUS_login,type,18,262
0040,LKUS_payment,code,111,1497
0040,LKUS_payment,comments,111,1497
0040,LKUS_payment,featureId,111,1497
0040,LKUS_payment,name,111,1497
0040,LKUS_payment,result,111,1497
0040,LKUS_payment,type,111,1497
0040,LKUS_physical_order_cancel,code,1,14
0040,LKUS_physical_order_cancel,comments,1,14
0040,LKUS_physical_order_cancel,featureId,1,14
0040,LKUS_physical_order_cancel,name,1,14
0040,LKUS_physical_order_cancel,result,1,14
0040,LKUS_physical_order_cancel,type,1,14
0040,LKUS_physical_order_create,code,110,1490
0040,LKUS_physical_order_create,comments,110,1490
0040,LKUS_physical_order_create,featureId,110,1490
0040,LKUS_physical_order_create,name,110,1490
0040,LKUS_physical_order_create,result,110,1490
0040,LKUS_physical_order_create,type,110,1490
0040,LKUS_push,code,36,1548
0040,LKUS_push,comments,36,1548
0040,LKUS_push,featureId,36,1548
0040,LKUS_push,name,36,1548
0040,LKUS_push,result,36,1548
0040,LKUS_push,type,36,1548
0040,LKUS_register,code,5,70
0040,LKUS_register,comments,5,70
0040,LKUS_register,featureId,5,70
0040,LKUS_register,name,5,70
0040,LKUS_register,result,5,70
0040,LKUS_register,type,5,70
0041,LKUS_captcha,code,1,15
0041,LKUS_captcha,comments,1,15
0041,LKUS_captcha,featureId,1,15
0041,LKUS_captcha,name,1,15
0041,LKUS_captcha,result,1,15
0041,LKUS_captcha,type,1,15
0041,LKUS_grant_new_user_coupon,code,9,126
0041,LKUS_grant_new_user_coupon,comments,9,126
0041,LKUS_grant_new_user_coupon,featureId,9,126
0041,LKUS_grant_new_user_coupon,name,9,126
0041,LKUS_grant_new_user_coupon,result,9,126
0041,LKUS_grant_new_user_coupon,type,9,126
0041,LKUS_login,code,16,216
0041,LKUS_login,comments,16,216
0041,LKUS_login,featureId,16,216
0041,LKUS_login,name,16,216
0041,LKUS_login,result,16,216
0041,LKUS_login,type,16,216
0041,LKUS_payment,code,110,1514
0041,LKUS_payment,comments,110,1514
0041,LKUS_payment,featureId,110,1514
0041,LKUS_payment,name,110,1514
0041,LKUS_payment,result,110,1514
0041,LKUS_payment,type,110,1514
0041,LKUS_physical_order_cancel,code,2,28
0041,LKUS_physical_order_cancel,comments,2,28
0041,LKUS_physical_order_cancel,featureId,2,28
0041,LKUS_physical_order_cancel,name,2,28
0041,LKUS_physical_order_cancel,result,2,28
0041,LKUS_physical_order_cancel,type,2,28
0041,LKUS_physical_order_create,code,106,1454
0041,LKUS_physical_order_create,comments,106,1454
0041,LKUS_physical_order_create,featureId,106,1454
0041,LKUS_physical_order_create,name,106,1454
0041,LKUS_physical_order_create,result,106,1454
0041,LKUS_physical_order_create,type,106,1454
0041,LKUS_push,code,46,2024
0041,LKUS_push,comments,46,2024
0041,LKUS_push,featureId,46,2024
0041,LKUS_push,name,46,2024
0041,LKUS_push,result,46,2024
0041,LKUS_push,type,46,2024
0041,LKUS_register,code,9,126
0041,LKUS_register,comments,9,126
0041,LKUS_register,featureId,9,126
0041,LKUS_register,name,9,126
0041,LKUS_register,result,9,126
0041,LKUS_register,type,9,126
0042,LKUS_captcha,code,1,15
0042,LKUS_captcha,comments,1,15
0042,LKUS_captcha,featureId,1,15
0042,LKUS_captcha,name,1,15
0042,LKUS_captcha,result,1,15
0042,LKUS_captcha,type,1,15
0042,LKUS_grant_new_user_coupon,code,7,98
0042,LKUS_grant_new_user_coupon,comments,7,98
0042,LKUS_grant_new_user_coupon,featureId,7,98
0042,LKUS_grant_new_user_coupon,name,7,98
0042,LKUS_grant_new_user_coupon,result,7,98
0042,LKUS_grant_new_user_coupon,type,7,98
0042,LKUS_login,code,14,202
0042,LKUS_login,comments,14,202
0042,LKUS_login,featureId,14,202
0042,LKUS_login,name,14,202
0042,LKUS_login,result,14,202
0042,LKUS_login,type,14,202
0042,LKUS_payment,code,88,1248
0042,LKUS_payment,comments,88,1248
0042,LKUS_payment,featureId,88,1248
0042,LKUS_payment,name,88,1248
0042,LKUS_payment,result,88,1248
0042,LKUS_payment,type,88,1248
0042,LKUS_physical_order_cancel,code,1,14
0042,LKUS_physical_order_cancel,comments,1,14
0042,LKUS_physical_order_cancel,featureId,1,14
0042,LKUS_physical_order_cancel,name,1,14
0042,LKUS_physical_order_cancel,result,1,14
0042,LKUS_physical_order_cancel,type,1,14
0042,LKUS_physical_order_create,code,89,1263
0042,LKUS_physical_order_create,comments,89,1263
0042,LKUS_physical_order_create,featureId,89,1263
0042,LKUS_physical_order_create,name,89,1263
0042,LKUS_physical_order_create,result,89,1263
0042,LKUS_physical_order_create,type,89,1263
0042,LKUS_push,code,48,2076
0042,LKUS_push,comments,48,2076
0042,LKUS_push,featureId,48,2076
0042,LKUS_push,name,48,2076
0042,LKUS_push,result,48,2076
0042,LKUS_push,type,48,2076
0042,LKUS_register,code,13,182
0042,LKUS_register,comments,13,182
0042,LKUS_register,featureId,13,182
0042,LKUS_register,name,13,182
0042,LKUS_register,result,13,182
0042,LKUS_register,type,13,182
0043,LKUS_grant_new_user_coupon,code,10,140
0043,LKUS_grant_new_user_coupon,comments,10,140
0043,LKUS_grant_new_user_coupon,featureId,10,140
0043,LKUS_grant_new_user_coupon,name,10,140
0043,LKUS_grant_new_user_coupon,result,10,140
0043,LKUS_grant_new_user_coupon,type,10,140
0043,LKUS_login,code,23,321
0043,LKUS_login,comments,23,321
0043,LKUS_login,featureId,23,321
0043,LKUS_login,name,23,321
0043,LKUS_login,result,23,321
0043,LKUS_login,type,23,321
0043,LKUS_payment,code,100,1380
0043,LKUS_payment,comments,100,1380
0043,LKUS_payment,featureId,100,1380
0043,LKUS_payment,name,100,1380
0043,LKUS_payment,result,100,1380
0043,LKUS_payment,type,100,1380
0043,LKUS_physical_order_cancel,code,1,14
0043,LKUS_physical_order_cancel,comments,1,14
0043,LKUS_physical_order_cancel,featureId,1,14
0043,LKUS_physical_order_cancel,name,1,14
0043,LKUS_physical_order_cancel,result,1,14
0043,LKUS_physical_order_cancel,type,1,14
0043,LKUS_physical_order_create,code,98,1366
0043,LKUS_physical_order_create,comments,98,1366
0043,LKUS_physical_order_create,featureId,98,1366
0043,LKUS_physical_order_create,name,98,1366
0043,LKUS_physical_order_create,result,98,1366
0043,LKUS_physical_order_create,type,98,1366
0043,LKUS_push,code,52,2216
0043,LKUS_push,comments,52,2216
0043,LKUS_push,featureId,52,2216
0043,LKUS_push,name,52,2216
0043,LKUS_push,result,52,2216
0043,LKUS_push,type,52,2216
0043,LKUS_register,code,11,154
0043,LKUS_register,comments,11,154
0043,LKUS_register,featureId,11,154
0043,LKUS_register,name,11,154
0043,LKUS_register,result,11,154
0043,LKUS_register,type,11,154
0044,LKUS_grant_new_user_coupon,code,8,112
0044,LKUS_grant_new_user_coupon,comments,8,112
0044,LKUS_grant_new_user_coupon,featureId,8,112
0044,LKUS_grant_new_user_coupon,name,8,112
0044,LKUS_grant_new_user_coupon,result,8,112
0044,LKUS_grant_new_user_coupon,type,8,112
0044,LKUS_login,code,13,187
0044,LKUS_login,comments,13,187
0044,LKUS_login,featureId,13,187
0044,LKUS_login,name,13,187
0044,LKUS_login,result,13,187
0044,LKUS_login,type,13,187
0044,LKUS_payment,code,99,1397
0044,LKUS_payment,comments,99,1397
0044,LKUS_payment,featureId,99,1397
0044,LKUS_payment,name,99,1397
0044,LKUS_payment,result,99,1397
0044,LKUS_payment,type,99,1397
0044,LKUS_physical_order_create,code,101,1427
0044,LKUS_physical_order_create,comments,101,1427
0044,LKUS_physical_order_create,featureId,101,1427
0044,LKUS_physical_order_create,name,101,1427
0044,LKUS_physical_order_create,result,101,1427
0044,LKUS_physical_order_create,type,101,1427
0044,LKUS_push,code,33,1344
0044,LKUS_push,comments,33,1344
0044,LKUS_push,featureId,33,1344
0044,LKUS_push,name,33,1344
0044,LKUS_push,result,33,1344
0044,LKUS_push,type,33,1344
0044,LKUS_register,code,10,133
0044,LKUS_register,comments,10,133
0044,LKUS_register,featureId,10,133
0044,LKUS_register,name,10,133
0044,LKUS_register,result,10,133
0044,LKUS_register,type,10,133
0045,LKUS_grant_new_user_coupon,code,6,84
0045,LKUS_grant_new_user_coupon,comments,6,84
0045,LKUS_grant_new_user_coupon,featureId,6,84
0045,LKUS_grant_new_user_coupon,name,6,84
0045,LKUS_grant_new_user_coupon,result,6,84
0045,LKUS_grant_new_user_coupon,type,6,84
0045,LKUS_login,code,17,247
0045,LKUS_login,comments,17,247
0045,LKUS_login,featureId,17,247
0045,LKUS_login,name,17,247
0045,LKUS_login,result,17,247
0045,LKUS_login,type,17,247
0045,LKUS_payment,code,104,1456
0045,LKUS_payment,comments,104,1456
0045,LKUS_payment,featureId,104,1456
0045,LKUS_payment,name,104,1456
0045,LKUS_payment,result,104,1456
0045,LKUS_payment,type,104,1456
0045,LKUS_physical_order_cancel,code,2,28
0045,LKUS_physical_order_cancel,comments,2,28
0045,LKUS_physical_order_cancel,featureId,2,28
0045,LKUS_physical_order_cancel,name,2,28
0045,LKUS_physical_order_cancel,result,2,28
0045,LKUS_physical_order_cancel,type,2,28
0045,LKUS_physical_order_create,code,106,1486
0045,LKUS_physical_order_create,comments,106,1486
0045,LKUS_physical_order_create,featureId,106,1486
0045,LKUS_physical_order_create,name,106,1486
0045,LKUS_physical_order_create,result,106,1486
0045,LKUS_physical_order_create,type,106,1486
0045,LKUS_push,code,35,1504
0045,LKUS_push,comments,35,1504
0045,LKUS_push,featureId,35,1504
0045,LKUS_push,name,35,1504
0045,LKUS_push,result,35,1504
0045,LKUS_push,type,35,1504
0045,LKUS_register,code,7,98
0045,LKUS_register,comments,7,98
0045,LKUS_register,featureId,7,98
0045,LKUS_register,name,7,98
0045,LKUS_register,result,7,98
0045,LKUS_register,type,7,98
0046,LKUS_grant_new_user_coupon,code,8,112
0046,LKUS_grant_new_user_coupon,comments,8,112
0046,LKUS_grant_new_user_coupon,featureId,8,112
0046,LKUS_grant_new_user_coupon,name,8,112
0046,LKUS_grant_new_user_coupon,result,8,112
0046,LKUS_grant_new_user_coupon,type,8,112
0046,LKUS_login,code,16,232
0046,LKUS_login,comments,16,232
0046,LKUS_login,featureId,16,232
0046,LKUS_login,name,16,232
0046,LKUS_login,result,16,232
0046,LKUS_login,type,16,232
0046,LKUS_payment,code,87,1185
0046,LKUS_payment,comments,87,1185
0046,LKUS_payment,featureId,87,1185
0046,LKUS_payment,name,87,1185
0046,LKUS_payment,result,87,1185
0046,LKUS_payment,type,87,1185
0046,LKUS_physical_order_create,code,85,1155
0046,LKUS_physical_order_create,comments,85,1155
0046,LKUS_physical_order_create,featureId,85,1155
0046,LKUS_physical_order_create,name,85,1155
0046,LKUS_physical_order_create,result,85,1155
0046,LKUS_physical_order_create,type,85,1155
0046,LKUS_push,code,61,2684
0046,LKUS_push,comments,61,2684
0046,LKUS_push,featureId,61,2684
0046,LKUS_push,name,61,2684
0046,LKUS_push,result,61,2684
0046,LKUS_push,type,61,2684
0046,LKUS_register,code,9,126
0046,LKUS_register,comments,9,126
0046,LKUS_register,featureId,9,126
0046,LKUS_register,name,9,126
0046,LKUS_register,result,9,126
0046,LKUS_register,type,9,126
0047,LKUS_grant_new_user_coupon,code,8,112
0047,LKUS_grant_new_user_coupon,comments,8,112
0047,LKUS_grant_new_user_coupon,featureId,8,112
0047,LKUS_grant_new_user_coupon,name,8,112
0047,LKUS_grant_new_user_coupon,result,8,112
0047,LKUS_grant_new_user_coupon,type,8,112
0047,LKUS_login,code,9,135
0047,LKUS_login,comments,9,135
0047,LKUS_login,featureId,9,135
0047,LKUS_login,name,9,135
0047,LKUS_login,result,9,135
0047,LKUS_login,type,9,135
0047,LKUS_payment,code,94,1322
0047,LKUS_payment,comments,94,1322
0047,LKUS_payment,featureId,94,1322
0047,LKUS_payment,name,94,1322
0047,LKUS_payment,result,94,1322
0047,LKUS_payment,type,94,1322
0047,LKUS_physical_order_create,code,95,1337
0047,LKUS_physical_order_create,comments,95,1337
0047,LKUS_physical_order_create,featureId,95,1337
0047,LKUS_physical_order_create,name,95,1337
0047,LKUS_physical_order_create,result,95,1337
0047,LKUS_physical_order_create,type,95,1337
0047,LKUS_push,code,34,1424
0047,LKUS_push,comments,34,1424
0047,LKUS_push,featureId,34,1424
0047,LKUS_push,name,34,1424
0047,LKUS_push,result,34,1424
0047,LKUS_push,type,34,1424
0047,LKUS_register,code,16,224
0047,LKUS_register,comments,16,224
0047,LKUS_register,featureId,16,224
0047,LKUS_register,name,16,224
0047,LKUS_register,result,16,224
0047,LKUS_register,type,16,224
0048,LKUS_grant_new_user_coupon,code,10,140
0048,LKUS_grant_new_user_coupon,comments,10,140
0048,LKUS_grant_new_user_coupon,featureId,10,140
0048,LKUS_grant_new_user_coupon,name,10,140
0048,LKUS_grant_new_user_coupon,result,10,140
0048,LKUS_grant_new_user_coupon,type,10,140
0048,LKUS_login,code,19,285
0048,LKUS_login,comments,19,285
0048,LKUS_login,featureId,19,285
0048,LKUS_login,name,19,285
0048,LKUS_login,result,19,285
0048,LKUS_login,type,19,285
0048,LKUS_payment,code,117,1643
0048,LKUS_payment,comments,117,1643
0048,LKUS_payment,featureId,117,1643
0048,LKUS_payment,name,117,1643
0048,LKUS_payment,result,117,1643
0048,LKUS_payment,type,117,1643
0048,LKUS_physical_order_cancel,code,1,14
0048,LKUS_physical_order_cancel,comments,1,14
0048,LKUS_physical_order_cancel,featureId,1,14
0048,LKUS_physical_order_cancel,name,1,14
0048,LKUS_physical_order_cancel,result,1,14
0048,LKUS_physical_order_cancel,type,1,14
0048,LKUS_physical_order_create,code,111,1569
0048,LKUS_physical_order_create,comments,111,1569
0048,LKUS_physical_order_create,featureId,111,1569
0048,LKUS_physical_order_create,name,111,1569
0048,LKUS_physical_order_create,result,111,1569
0048,LKUS_physical_order_create,type,111,1569
0048,LKUS_push,code,53,2332
0048,LKUS_push,comments,53,2332
0048,LKUS_push,featureId,53,2332
0048,LKUS_push,name,53,2332
0048,LKUS_push,result,53,2332
0048,LKUS_push,type,53,2332
0048,LKUS_register,code,8,112
0048,LKUS_register,comments,8,112
0048,LKUS_register,featureId,8,112
0048,LKUS_register,name,8,112
0048,LKUS_register,result,8,112
0048,LKUS_register,type,8,112
0049,LKUS_grant_new_user_coupon,code,6,84
0049,LKUS_grant_new_user_coupon,comments,6,84
0049,LKUS_grant_new_user_coupon,featureId,6,84
0049,LKUS_grant_new_user_coupon,name,6,84
0049,LKUS_grant_new_user_coupon,result,6,84
0049,LKUS_grant_new_user_coupon,type,6,84
0049,LKUS_login,code,13,195
0049,LKUS_login,comments,13,195
0049,LKUS_login,featureId,13,195
0049,LKUS_login,name,13,195
0049,LKUS_login,result,13,195
0049,LKUS_login,type,13,195
0049,LKUS_payment,code,101,1435
0049,LKUS_payment,comments,101,1435
0049,LKUS_payment,featureId,101,1435
0049,LKUS_payment,name,101,1435
0049,LKUS_payment,result,101,1435
0049,LKUS_payment,type,101,1435
0049,LKUS_physical_order_cancel,code,2,28
0049,LKUS_physical_order_cancel,comments,2,28
0049,LKUS_physical_order_cancel,featureId,2,28
0049,LKUS_physical_order_cancel,name,2,28
0049,LKUS_physical_order_cancel,result,2,28
0049,LKUS_physical_order_cancel,type,2,28
0049,LKUS_physical_order_create,code,95,1345
0049,LKUS_physical_order_create,comments,95,1345
0049,LKUS_physical_order_create,featureId,95,1345
0049,LKUS_physical_order_create,name,95,1345
0049,LKUS_physical_order_create,result,95,1345
0049,LKUS_physical_order_create,type,95,1345
0049,LKUS_push,code,57,2363
0049,LKUS_push,comments,57,2363
0049,LKUS_push,featureId,57,2363
0049,LKUS_push,name,57,2363
0049,LKUS_push,result,57,2363
0049,LKUS_push,type,57,2363
0049,LKUS_register,code,9,119
0049,LKUS_register,comments,9,119
0049,LKUS_register,featureId,9,119
0049,LKUS_register,name,9,119
0049,LKUS_register,result,9,119
0049,LKUS_register,type,9,119
0050,LKUS_captcha,code,1,15
0050,LKUS_captcha,comments,1,15
0050,LKUS_captcha,featureId,1,15
0050,LKUS_captcha,name,1,15
0050,LKUS_captcha,result,1,15
0050,LKUS_captcha,type,1,15
0050,LKUS_grant_new_user_coupon,code,8,112
0050,LKUS_grant_new_user_coupon,comments,8,112
0050,LKUS_grant_new_user_coupon,featureId,8,112
0050,LKUS_grant_new_user_coupon,name,8,112
0050,LKUS_grant_new_user_coupon,result,8,112
0050,LKUS_grant_new_user_coupon,type,8,112
0050,LKUS_login,code,16,240
0050,LKUS_login,comments,16,240
0050,LKUS_login,featureId,16,240
0050,LKUS_login,name,16,240
0050,LKUS_login,result,16,240
0050,LKUS_login,type,16,240
0050,LKUS_payment,code,104,1408
0050,LKUS_payment,comments,104,1408
0050,LKUS_payment,featureId,104,1408
0050,LKUS_payment,name,104,1408
0050,LKUS_payment,result,104,1408
0050,LKUS_payment,type,104,1408
0050,LKUS_physical_order_create,code,103,1401
0050,LKUS_physical_order_create,comments,103,1401
0050,LKUS_physical_order_create,featureId,103,1401
0050,LKUS_physical_order_create,name,103,1401
0050,LKUS_physical_order_create,result,103,1401
0050,LKUS_physical_order_create,type,103,1401
0050,LKUS_push,code,51,2208
0050,LKUS_push,comments,51,2208
0050,LKUS_push,featureId,51,2208
0050,LKUS_push,name,51,2208
0050,LKUS_push,result,51,2208
0050,LKUS_push,type,51,2208
0050,LKUS_register,code,7,98
0050,LKUS_register,comments,7,98
0050,LKUS_register,featureId,7,98
0050,LKUS_register,name,7,98
0050,LKUS_register,result,7,98
0050,LKUS_register,type,7,98
0051,LKUS_grant_new_user_coupon,code,7,98
0051,LKUS_grant_new_user_coupon,comments,7,98
0051,LKUS_grant_new_user_coupon,featureId,7,98
0051,LKUS_grant_new_user_coupon,name,7,98
0051,LKUS_grant_new_user_coupon,result,7,98
0051,LKUS_grant_new_user_coupon,type,7,98
0051,LKUS_login,code,17,239
0051,LKUS_login,comments,17,239
0051,LKUS_login,featureId,17,239
0051,LKUS_login,name,17,239
0051,LKUS_login,result,17,239
0051,LKUS_login,type,17,239
0051,LKUS_payment,code,76,1060
0051,LKUS_payment,comments,76,1060
0051,LKUS_payment,featureId,76,1060
0051,LKUS_payment,name,76,1060
0051,LKUS_payment,result,76,1060
0051,LKUS_payment,type,76,1060
0051,LKUS_physical_order_create,code,78,1090
0051,LKUS_physical_order_create,comments,78,1090
0051,LKUS_physical_order_create,featureId,78,1090
0051,LKUS_physical_order_create,name,78,1090
0051,LKUS_physical_order_create,result,78,1090
0051,LKUS_physical_order_create,type,78,1090
0051,LKUS_push,code,84,3588
0051,LKUS_push,comments,84,3588
0051,LKUS_push,featureId,84,3588
0051,LKUS_push,name,84,3588
0051,LKUS_push,result,84,3588
0051,LKUS_push,type,84,3588
0051,LKUS_register,code,10,140
0051,LKUS_register,comments,10,140
0051,LKUS_register,featureId,10,140
0051,LKUS_register,name,10,140
0051,LKUS_register,result,10,140
0051,LKUS_register,type,10,140
0052,LKUS_grant_new_user_coupon,code,15,210
0052,LKUS_grant_new_user_coupon,comments,15,210
0052,LKUS_grant_new_user_coupon,featureId,15,210
0052,LKUS_grant_new_user_coupon,name,15,210
0052,LKUS_grant_new_user_coupon,result,15,210
0052,LKUS_grant_new_user_coupon,type,15,210
0052,LKUS_login,code,25,367
0052,LKUS_login,comments,25,367
0052,LKUS_login,featureId,25,367
0052,LKUS_login,name,25,367
0052,LKUS_login,result,25,367
0052,LKUS_login,type,25,367
0052,LKUS_payment,code,105,1511
0052,LKUS_payment,comments,105,1511
0052,LKUS_payment,featureId,105,1511
0052,LKUS_payment,name,105,1511
0052,LKUS_payment,result,105,1511
0052,LKUS_payment,type,105,1511
0052,LKUS_physical_order_cancel,code,2,28
0052,LKUS_physical_order_cancel,comments,2,28
0052,LKUS_physical_order_cancel,featureId,2,28
0052,LKUS_physical_order_cancel,name,2,28
0052,LKUS_physical_order_cancel,result,2,28
0052,LKUS_physical_order_cancel,type,2,28
0052,LKUS_physical_order_create,code,108,1556
0052,LKUS_physical_order_create,comments,108,1556
0052,LKUS_physical_order_create,featureId,108,1556
0052,LKUS_physical_order_create,name,108,1556
0052,LKUS_physical_order_create,result,108,1556
0052,LKUS_physical_order_create,type,108,1556
0052,LKUS_push,code,54,2268
0052,LKUS_push,comments,54,2268
0052,LKUS_push,featureId,54,2268
0052,LKUS_push,name,54,2268
0052,LKUS_push,result,54,2268
0052,LKUS_push,type,54,2268
0052,LKUS_register,code,13,182
0052,LKUS_register,comments,13,182
0052,LKUS_register,featureId,13,182
0052,LKUS_register,name,13,182
0052,LKUS_register,result,13,182
0052,LKUS_register,type,13,182
0053,LKUS_grant_new_user_coupon,code,15,210
0053,LKUS_grant_new_user_coupon,comments,15,210
0053,LKUS_grant_new_user_coupon,featureId,15,210
0053,LKUS_grant_new_user_coupon,name,15,210
0053,LKUS_grant_new_user_coupon,result,15,210
0053,LKUS_grant_new_user_coupon,type,15,210
0053,LKUS_login,code,18,262
0053,LKUS_login,comments,18,262
0053,LKUS_login,featureId,18,262
0053,LKUS_login,name,18,262
0053,LKUS_login,result,18,262
0053,LKUS_login,type,18,262
0053,LKUS_payment,code,107,1469
0053,LKUS_payment,comments,107,1469
0053,LKUS_payment,featureId,107,1469
0053,LKUS_payment,name,107,1469
0053,LKUS_payment,result,107,1469
0053,LKUS_payment,type,107,1469
0053,LKUS_physical_order_cancel,code,3,42
0053,LKUS_physical_order_cancel,comments,3,42
0053,LKUS_physical_order_cancel,featureId,3,42
0053,LKUS_physical_order_cancel,name,3,42
0053,LKUS_physical_order_cancel,result,3,42
0053,LKUS_physical_order_cancel,type,3,42
0053,LKUS_physical_order_create,code,107,1477
0053,LKUS_physical_order_create,comments,107,1477
0053,LKUS_physical_order_create,featureId,107,1477
0053,LKUS_physical_order_create,name,107,1477
0053,LKUS_physical_order_create,result,107,1477
0053,LKUS_physical_order_create,type,107,1477
0053,LKUS_push,code,57,2472
0053,LKUS_push,comments,57,2472
0053,LKUS_push,featureId,57,2472
0053,LKUS_push,name,57,2472
0053,LKUS_push,result,57,2472
0053,LKUS_push,type,57,2472
0053,LKUS_register,code,8,112
0053,LKUS_register,comments,8,112
0053,LKUS_register,featureId,8,112
0053,LKUS_register,name,8,112
0053,LKUS_register,result,8,112
0053,LKUS_register,type,8,112
0054,LKUS_grant_new_user_coupon,code,10,140
0054,LKUS_grant_new_user_coupon,comments,10,140
0054,LKUS_grant_new_user_coupon,featureId,10,140
0054,LKUS_grant_new_user_coupon,name,10,140
0054,LKUS_grant_new_user_coupon,result,10,140
0054,LKUS_grant_new_user_coupon,type,10,140
0054,LKUS_login,code,16,240
0054,LKUS_login,comments,16,240
0054,LKUS_login,featureId,16,240
0054,LKUS_login,name,16,240
0054,LKUS_login,result,16,240
0054,LKUS_login,type,16,240
0054,LKUS_payment,code,91,1277
0054,LKUS_payment,comments,91,1277
0054,LKUS_payment,featureId,91,1277
0054,LKUS_payment,name,91,1277
0054,LKUS_payment,result,91,1277
0054,LKUS_payment,type,91,1277
0054,LKUS_physical_order_cancel,code,1,14
0054,LKUS_physical_order_cancel,comments,1,14
0054,LKUS_physical_order_cancel,featureId,1,14
0054,LKUS_physical_order_cancel,name,1,14
0054,LKUS_physical_order_cancel,result,1,14
0054,LKUS_physical_order_cancel,type,1,14
0054,LKUS_physical_order_create,code,94,1322
0054,LKUS_physical_order_create,comments,94,1322
0054,LKUS_physical_order_create,featureId,94,1322
0054,LKUS_physical_order_create,name,94,1322
0054,LKUS_physical_order_create,result,94,1322
0054,LKUS_physical_order_create,type,94,1322
0054,LKUS_push,code,34,1496
0054,LKUS_push,comments,34,1496
0054,LKUS_push,featureId,34,1496
0054,LKUS_push,name,34,1496
0054,LKUS_push,result,34,1496
0054,LKUS_push,type,34,1496
0054,LKUS_register,code,5,70
0054,LKUS_register,comments,5,70
0054,LKUS_register,featureId,5,70
0054,LKUS_register,name,5,70
0054,LKUS_register,result,5,70
0054,LKUS_register,type,5,70
0055,LKUS_grant_new_user_coupon,code,10,140
0055,LKUS_grant_new_user_coupon,comments,10,140
0055,LKUS_grant_new_user_coupon,featureId,10,140
0055,LKUS_grant_new_user_coupon,name,10,140
0055,LKUS_grant_new_user_coupon,result,10,140
0055,LKUS_grant_new_user_coupon,type,10,140
0055,LKUS_login,code,23,329
0055,LKUS_login,comments,23,329
0055,LKUS_login,featureId,23,329
0055,LKUS_login,name,23,329
0055,LKUS_login,result,23,329
0055,LKUS_login,type,23,329
0055,LKUS_payment,code,106,1510
0055,LKUS_payment,comments,106,1510
0055,LKUS_payment,featureId,106,1510
0055,LKUS_payment,name,106,1510
0055,LKUS_payment,result,106,1510
0055,LKUS_payment,type,106,1510
0055,LKUS_physical_order_cancel,code,4,56
0055,LKUS_physical_order_cancel,comments,4,56
0055,LKUS_physical_order_cancel,featureId,4,56
0055,LKUS_physical_order_cancel,name,4,56
0055,LKUS_physical_order_cancel,result,4,56
0055,LKUS_physical_order_cancel,type,4,56
0055,LKUS_physical_order_create,code,111,1585
0055,LKUS_physical_order_create,comments,111,1585
0055,LKUS_physical_order_create,featureId,111,1585
0055,LKUS_physical_order_create,name,111,1585
0055,LKUS_physical_order_create,result,111,1585
0055,LKUS_physical_order_create,type,111,1585
0055,LKUS_push,code,45,1908
0055,LKUS_push,comments,45,1908
0055,LKUS_push,featureId,45,1908
0055,LKUS_push,name,45,1908
0055,LKUS_push,result,45,1908
0055,LKUS_push,type,45,1908
0055,LKUS_register,code,4,49
0055,LKUS_register,comments,4,49
0055,LKUS_register,featureId,4,49
0055,LKUS_register,name,4,49
0055,LKUS_register,result,4,49
0055,LKUS_register,type,4,49
0056,LKUS_captcha,code,2,30
0056,LKUS_captcha,comments,2,30
0056,LKUS_captcha,featureId,2,30
0056,LKUS_captcha,name,2,30
0056,LKUS_captcha,result,2,30
0056,LKUS_captcha,type,2,30
0056,LKUS_grant_new_user_coupon,code,14,196
0056,LKUS_grant_new_user_coupon,comments,14,196
0056,LKUS_grant_new_user_coupon,featureId,14,196
0056,LKUS_grant_new_user_coupon,name,14,196
0056,LKUS_grant_new_user_coupon,result,14,196
0056,LKUS_grant_new_user_coupon,type,14,196
0056,LKUS_login,code,19,277
0056,LKUS_login,comments,19,277
0056,LKUS_login,featureId,19,277
0056,LKUS_login,name,19,277
0056,LKUS_login,result,19,277
0056,LKUS_login,type,19,277
0056,LKUS_payment,code,94,1274
0056,LKUS_payment,comments,94,1274
0056,LKUS_payment,featureId,94,1274
0056,LKUS_payment,name,94,1274
0056,LKUS_payment,result,94,1274
0056,LKUS_payment,type,94,1274
0056,LKUS_physical_order_cancel,code,1,14
0056,LKUS_physical_order_cancel,comments,1,14
0056,LKUS_physical_order_cancel,featureId,1,14
0056,LKUS_physical_order_cancel,name,1,14
0056,LKUS_physical_order_cancel,result,1,14
0056,LKUS_physical_order_cancel,type,1,14
0056,LKUS_physical_order_create,code,95,1289
0056,LKUS_physical_order_create,comments,95,1289
0056,LKUS_physical_order_create,featureId,95,1289
0056,LKUS_physical_order_create,name,95,1289
0056,LKUS_physical_order_create,result,95,1289
0056,LKUS_physical_order_create,type,95,1289
0056,LKUS_push,code,72,3132
0056,LKUS_push,comments,72,3132
0056,LKUS_push,featureId,72,3132
0056,LKUS_push,name,72,3132
0056,LKUS_push,result,72,3132
0056,LKUS_push,type,72,3132
0056,LKUS_register,code,10,133
0056,LKUS_register,comments,10,133
0056,LKUS_register,featureId,10,133
0056,LKUS_register,name,10,133
0056,LKUS_register,result,10,133
0056,LKUS_register,type,10,133
0057,LKUS_grant_new_user_coupon,code,6,84
0057,LKUS_grant_new_user_coupon,comments,6,84
0057,LKUS_grant_new_user_coupon,featureId,6,84
0057,LKUS_grant_new_user_coupon,name,6,84
0057,LKUS_grant_new_user_coupon,result,6,84
0057,LKUS_grant_new_user_coupon,type,6,84
0057,LKUS_login,code,9,127
0057,LKUS_login,comments,9,127
0057,LKUS_login,featureId,9,127
0057,LKUS_login,name,9,127
0057,LKUS_login,result,9,127
0057,LKUS_login,type,9,127
0057,LKUS_payment,code,95,1289
0057,LKUS_payment,comments,95,1289
0057,LKUS_payment,featureId,95,1289
0057,LKUS_payment,name,95,1289
0057,LKUS_payment,result,95,1289
0057,LKUS_payment,type,95,1289
0057,LKUS_physical_order_create,code,95,1289
0057,LKUS_physical_order_create,comments,95,1289
0057,LKUS_physical_order_create,featureId,95,1289
0057,LKUS_physical_order_create,name,95,1289
0057,LKUS_physical_order_create,result,95,1289
0057,LKUS_physical_order_create,type,95,1289
0057,LKUS_push,code,66,2904
0057,LKUS_push,comments,66,2904
0057,LKUS_push,featureId,66,2904
0057,LKUS_push,name,66,2904
0057,LKUS_push,result,66,2904
0057,LKUS_push,type,66,2904
0057,LKUS_register,code,6,84
0057,LKUS_register,comments,6,84
0057,LKUS_register,featureId,6,84
0057,LKUS_register,name,6,84
0057,LKUS_register,result,6,84
0057,LKUS_register,type,6,84
0058,LKUS_grant_new_user_coupon,code,13,182
0058,LKUS_grant_new_user_coupon,comments,13,182
0058,LKUS_grant_new_user_coupon,featureId,13,182
0058,LKUS_grant_new_user_coupon,name,13,182
0058,LKUS_grant_new_user_coupon,result,13,182
0058,LKUS_grant_new_user_coupon,type,13,182
0058,LKUS_login,code,25,351
0058,LKUS_login,comments,25,351
0058,LKUS_login,featureId,25,351
0058,LKUS_login,name,25,351
0058,LKUS_login,result,25,351
0058,LKUS_login,type,25,351
0058,LKUS_payment,code,114,1542
0058,LKUS_payment,comments,114,1542
0058,LKUS_payment,featureId,114,1542
0058,LKUS_payment,name,114,1542
0058,LKUS_payment,result,114,1542
0058,LKUS_payment,type,114,1542
0058,LKUS_physical_order_cancel,code,4,56
0058,LKUS_physical_order_cancel,comments,4,56
0058,LKUS_physical_order_cancel,featureId,4,56
0058,LKUS_physical_order_cancel,name,4,56
0058,LKUS_physical_order_cancel,result,4,56
0058,LKUS_physical_order_cancel,type,4,56
0058,LKUS_physical_order_create,code,110,1514
0058,LKUS_physical_order_create,comments,110,1514
0058,LKUS_physical_order_create,featureId,110,1514
0058,LKUS_physical_order_create,name,110,1514
0058,LKUS_physical_order_create,result,110,1514
0058,LKUS_physical_order_create,type,110,1514
0058,LKUS_push,code,47,2032
0058,LKUS_push,comments,47,2032
0058,LKUS_push,featureId,47,2032
0058,LKUS_push,name,47,2032
0058,LKUS_push,result,47,2032
0058,LKUS_push,type,47,2032
0058,LKUS_register,code,9,119
0058,LKUS_register,comments,9,119
0058,LKUS_register,featureId,9,119
0058,LKUS_register,name,9,119
0058,LKUS_register,result,9,119
0058,LKUS_register,type,9,119
0059,LKUS_grant_new_user_coupon,code,9,126
0059,LKUS_grant_new_user_coupon,comments,9,126
0059,LKUS_grant_new_user_coupon,featureId,9,126
0059,LKUS_grant_new_user_coupon,name,9,126
0059,LKUS_grant_new_user_coupon,result,9,126
0059,LKUS_grant_new_user_coupon,type,9,126
0059,LKUS_login,code,17,247
0059,LKUS_login,comments,17,247
0059,LKUS_login,featureId,17,247
0059,LKUS_login,name,17,247
0059,LKUS_login,result,17,247
0059,LKUS_login,type,17,247
0059,LKUS_payment,code,101,1427
0059,LKUS_payment,comments,101,1427
0059,LKUS_payment,featureId,101,1427
0059,LKUS_payment,name,101,1427
0059,LKUS_payment,result,101,1427
0059,LKUS_payment,type,101,1427
0059,LKUS_physical_order_cancel,code,1,14
0059,LKUS_physical_order_cancel,comments,1,14
0059,LKUS_physical_order_cancel,featureId,1,14
0059,LKUS_physical_order_cancel,name,1,14
0059,LKUS_physical_order_cancel,result,1,14
0059,LKUS_physical_order_cancel,type,1,14
0059,LKUS_physical_order_create,code,101,1427
0059,LKUS_physical_order_create,comments,101,1427
0059,LKUS_physical_order_create,featureId,101,1427
0059,LKUS_physical_order_create,name,101,1427
0059,LKUS_physical_order_create,result,101,1427
0059,LKUS_physical_order_create,type,101,1427
0059,LKUS_push,code,57,2472
0059,LKUS_push,comments,57,2472
0059,LKUS_push,featureId,57,2472
0059,LKUS_push,name,57,2472
0059,LKUS_push,result,57,2472
0059,LKUS_push,type,57,2472
0059,LKUS_register,code,4,56
0059,LKUS_register,comments,4,56
0059,LKUS_register,featureId,4,56
0059,LKUS_register,name,4,56
0059,LKUS_register,result,4,56
0059,LKUS_register,type,4,56
0060,LKUS_grant_new_user_coupon,code,3,42
0060,LKUS_grant_new_user_coupon,comments,3,42
0060,LKUS_grant_new_user_coupon,featureId,3,42
0060,LKUS_grant_new_user_coupon,name,3,42
0060,LKUS_grant_new_user_coupon,result,3,42
0060,LKUS_grant_new_user_coupon,type,3,42
0060,LKUS_login,code,16,208
0060,LKUS_login,comments,16,208
0060,LKUS_login,featureId,16,208
0060,LKUS_login,name,16,208
0060,LKUS_login,result,16,208
0060,LKUS_login,type,16,208
0060,LKUS_payment,code,94,1274
0060,LKUS_payment,comments,94,1274
0060,LKUS_payment,featureId,94,1274
0060,LKUS_payment,name,94,1274
0060,LKUS_payment,result,94,1274
0060,LKUS_payment,type,94,1274
0060,LKUS_physical_order_create,code,93,1267
0060,LKUS_physical_order_create,comments,93,1267
0060,LKUS_physical_order_create,featureId,93,1267
0060,LKUS_physical_order_create,name,93,1267
0060,LKUS_physical_order_create,result,93,1267
0060,LKUS_physical_order_create,type,93,1267
0060,LKUS_push,code,57,2508
0060,LKUS_push,comments,57,2508
0060,LKUS_push,featureId,57,2508
0060,LKUS_push,name,57,2508
0060,LKUS_push,result,57,2508
0060,LKUS_push,type,57,2508
0060,LKUS_register,code,3,42
0060,LKUS_register,comments,3,42
0060,LKUS_register,featureId,3,42
0060,LKUS_register,name,3,42
0060,LKUS_register,result,3,42
0060,LKUS_register,type,3,42
0061,LKUS_grant_new_user_coupon,code,8,112
0061,LKUS_grant_new_user_coupon,comments,8,112
0061,LKUS_grant_new_user_coupon,featureId,8,112
0061,LKUS_grant_new_user_coupon,name,8,112
0061,LKUS_grant_new_user_coupon,result,8,112
0061,LKUS_grant_new_user_coupon,type,8,112
0061,LKUS_login,code,16,232
0061,LKUS_login,comments,16,232
0061,LKUS_login,featureId,16,232
0061,LKUS_login,name,16,232
0061,LKUS_login,result,16,232
0061,LKUS_login,type,16,232
0061,LKUS_payment,code,105,1407
0061,LKUS_payment,comments,105,1407
0061,LKUS_payment,featureId,105,1407
0061,LKUS_payment,name,105,1407
0061,LKUS_payment,result,105,1407
0061,LKUS_payment,type,105,1407
0061,LKUS_physical_order_cancel,code,2,28
0061,LKUS_physical_order_cancel,comments,2,28
0061,LKUS_physical_order_cancel,featureId,2,28
0061,LKUS_physical_order_cancel,name,2,28
0061,LKUS_physical_order_cancel,result,2,28
0061,LKUS_physical_order_cancel,type,2,28
0061,LKUS_physical_order_create,code,110,1482
0061,LKUS_physical_order_create,comments,110,1482
0061,LKUS_physical_order_create,featureId,110,1482
0061,LKUS_physical_order_create,name,110,1482
0061,LKUS_physical_order_create,result,110,1482
0061,LKUS_physical_order_create,type,110,1482
0061,LKUS_push,code,63,2772
0061,LKUS_push,comments,63,2772
0061,LKUS_push,featureId,63,2772
0061,LKUS_push,name,63,2772
0061,LKUS_push,result,63,2772
0061,LKUS_push,type,63,2772
0061,LKUS_register,code,11,154
0061,LKUS_register,comments,11,154
0061,LKUS_register,featureId,11,154
0061,LKUS_register,name,11,154
0061,LKUS_register,result,11,154
0061,LKUS_register,type,11,154
0062,LKUS_captcha,code,1,15
0062,LKUS_captcha,comments,1,15
0062,LKUS_captcha,featureId,1,15
0062,LKUS_captcha,name,1,15
0062,LKUS_captcha,result,1,15
0062,LKUS_captcha,type,1,15
0062,LKUS_grant_new_user_coupon,code,6,84
0062,LKUS_grant_new_user_coupon,comments,6,84
0062,LKUS_grant_new_user_coupon,featureId,6,84
0062,LKUS_grant_new_user_coupon,name,6,84
0062,LKUS_grant_new_user_coupon,result,6,84
0062,LKUS_grant_new_user_coupon,type,6,84
0062,LKUS_login,code,15,209
0062,LKUS_login,comments,15,209
0062,LKUS_login,featureId,15,209
0062,LKUS_login,name,15,209
0062,LKUS_login,result,15,209
0062,LKUS_login,type,15,209
0062,LKUS_payment,code,82,1158
0062,LKUS_payment,comments,82,1158
0062,LKUS_payment,featureId,82,1158
0062,LKUS_payment,name,82,1158
0062,LKUS_payment,result,82,1158
0062,LKUS_payment,type,82,1158
0062,LKUS_physical_order_cancel,code,1,14
0062,LKUS_physical_order_cancel,comments,1,14
0062,LKUS_physical_order_cancel,featureId,1,14
0062,LKUS_physical_order_cancel,name,1,14
0062,LKUS_physical_order_cancel,result,1,14
0062,LKUS_physical_order_cancel,type,1,14
0062,LKUS_physical_order_create,code,86,1218
0062,LKUS_physical_order_create,comments,86,1218
0062,LKUS_physical_order_create,featureId,86,1218
0062,LKUS_physical_order_create,name,86,1218
0062,LKUS_physical_order_create,result,86,1218
0062,LKUS_physical_order_create,type,86,1218
0062,LKUS_push,code,48,2040
0062,LKUS_push,comments,48,2040
0062,LKUS_push,featureId,48,2040
0062,LKUS_push,name,48,2040
0062,LKUS_push,result,48,2040
0062,LKUS_push,type,48,2040
0062,LKUS_register,code,10,133
0062,LKUS_register,comments,10,133
0062,LKUS_register,featureId,10,133
0062,LKUS_register,name,10,133
0062,LKUS_register,result,10,133
0062,LKUS_register,type,10,133
0063,LKUS_captcha,code,1,15
0063,LKUS_captcha,comments,1,15
0063,LKUS_captcha,featureId,1,15
0063,LKUS_captcha,name,1,15
0063,LKUS_captcha,result,1,15
0063,LKUS_captcha,type,1,15
0063,LKUS_grant_new_user_coupon,code,9,126
0063,LKUS_grant_new_user_coupon,comments,9,126
0063,LKUS_grant_new_user_coupon,featureId,9,126
0063,LKUS_grant_new_user_coupon,name,9,126
0063,LKUS_grant_new_user_coupon,result,9,126
0063,LKUS_grant_new_user_coupon,type,9,126
0063,LKUS_login,code,18,246
0063,LKUS_login,comments,18,246
0063,LKUS_login,featureId,18,246
0063,LKUS_login,name,18,246
0063,LKUS_login,result,18,246
0063,LKUS_login,type,18,246
0063,LKUS_payment,code,115,1597
0063,LKUS_payment,comments,115,1597
0063,LKUS_payment,featureId,115,1597
0063,LKUS_payment,name,115,1597
0063,LKUS_payment,result,115,1597
0063,LKUS_payment,type,115,1597
0063,LKUS_physical_order_create,code,112,1544
0063,LKUS_physical_order_create,comments,112,1544
0063,LKUS_physical_order_create,featureId,112,1544
0063,LKUS_physical_order_create,name,112,1544
0063,LKUS_physical_order_create,result,112,1544
0063,LKUS_physical_order_create,type,112,1544
0063,LKUS_push,code,51,2244
0063,LKUS_push,comments,51,2244
0063,LKUS_push,featureId,51,2244
0063,LKUS_push,name,51,2244
0063,LKUS_push,result,51,2244
0063,LKUS_push,type,51,2244
0063,LKUS_register,code,15,210
0063,LKUS_register,comments,15,210
0063,LKUS_register,featureId,15,210
0063,LKUS_register,name,15,210
0063,LKUS_register,result,15,210
0063,LKUS_register,type,15,210
