shard,scene_id,json_key,n_rows
0000,LKUS_push,extern,70
0000,LKUS_push,zeusId,70
0000,LKUS_push,message,70
0000,LKUS_push,sceneId,70
0000,LKUS_push,accessId,70
0000,LKUS_push,requestId,70
0000,LKUS_push,resultCode,70
0000,LKUS_push,resultName,70
0000,LKUS_push,ruleDetail,70
0000,LKUS_push,hitStrategy,37
0000,LKUS_push,featureDetail,70
0000,LKUS_push,bestStrategyId,37
0000,LKUS_push,hitBreakStrategy,70
0000,LKUS_push,hitPreOnlineStrategy,68
0000,LKUS_push,bestPreOnlineStrategyId,68
0000,LKUS_login,extern,11
0000,LKUS_login,zeusId,11
0000,LKUS_login,message,11
0000,LKUS_login,sceneId,11
0000,LKUS_login,accessId,11
0000,LKUS_login,requestId,11
0000,LKUS_login,resultCode,11
0000,LKUS_login,resultName,11
0000,LKUS_login,ruleDetail,11
0000,LKUS_login,featureDetail,11
0000,LKUS_login,hitBreakStrategy,11
0000,LKUS_grant_new_user_coupon,extern,6
0000,LKUS_grant_new_user_coupon,zeusId,6
0000,LKUS_grant_new_user_coupon,message,6
0000,LKUS_grant_new_user_coupon,sceneId,6
0000,LKUS_grant_new_user_coupon,accessId,6
0000,LKUS_grant_new_user_coupon,requestId,6
0000,LKUS_grant_new_user_coupon,resultCode,6
0000,LKUS_grant_new_user_coupon,resultName,6
0000,LKUS_grant_new_user_coupon,ruleDetail,6
0000,LKUS_grant_new_user_coupon,featureDetail,6
0000,LKUS_grant_new_user_coupon,hitBreakStrategy,6
0000,LKUS_physical_order_create,extern,89
0000,LKUS_physical_order_create,zeusId,89
0000,LKUS_physical_order_create,message,89
0000,LKUS_physical_order_create,sceneId,89
0000,LKUS_physical_order_create,accessId,89
0000,LKUS_physical_order_create,requestId,89
0000,LKUS_physical_order_create,resultCode,89
0000,LKUS_physical_order_create,resultName,89
0000,LKUS_physical_order_create,ruleDetail,89
0000,LKUS_physical_order_create,featureDetail,89
0000,LKUS_physical_order_create,hitBreakStrategy,89
0000,LKUS_payment,extern,90
0000,LKUS_payment,zeusId,90
0000,LKUS_payment,message,90
0000,LKUS_payment,sceneId,90
0000,LKUS_payment,accessId,90
0000,LKUS_payment,requestId,90
0000,LKUS_payment,resultCode,90
0000,LKUS_payment,resultName,90
0000,LKUS_payment,ruleDetail,90
0000,LKUS_payment,featureDetail,90
0000,LKUS_payment,hitBreakStrategy,90
0000,LKUS_payment,hitPreOnlineStrategy,80
0000,LKUS_payment,bestPreOnlineStrategyId,80
0000,LKUS_payment,hitStrategy,18
0000,LKUS_payment,bestStrategyId,18
0000,LKUS_physical_order_create,hitStrategy,15
0000,LKUS_physical_order_create,bestStrategyId,15
0000,LKUS_register,extern,6
0000,LKUS_register,zeusId,6
0000,LKUS_register,message,6
0000,LKUS_register,sceneId,6
0000,LKUS_register,accessId,6
0000,LKUS_register,requestId,6
0000,LKUS_register,resultCode,6
0000,LKUS_register,resultName,6
0000,LKUS_register,ruleDetail,6
0000,LKUS_register,featureDetail,6
0000,LKUS_register,hitBreakStrategy,6
0000,LKUS_physical_order_cancel,extern,2
0000,LKUS_physical_order_cancel,zeusId,2
0000,LKUS_physical_order_cancel,message,2
0000,LKUS_physical_order_cancel,sceneId,2
0000,LKUS_physical_order_cancel,accessId,2
0000,LKUS_physical_order_cancel,requestId,2
0000,LKUS_physical_order_cancel,resultCode,2
0000,LKUS_physical_order_cancel,resultName,2
0000,LKUS_physical_order_cancel,ruleDetail,2
0000,LKUS_physical_order_cancel,featureDetail,2
0000,LKUS_physical_order_cancel,hitBreakStrategy,2
0000,LKUS_captcha,extern,1
0000,LKUS_captcha,zeusId,1
0000,LKUS_captcha,message,1
0000,LKUS_captcha,sceneId,1
0000,LKUS_captcha,accessId,1
0000,LKUS_captcha,requestId,1
0000,LKUS_captcha,resultCode,1
0000,LKUS_captcha,resultName,1
0000,LKUS_captcha,ruleDetail,1
0000,LKUS_captcha,featureDetail,1
0000,LKUS_captcha,hitBreakStrategy,1
0000,LKUS_captcha,hitPreOnlineStrategy,1
0000,LKUS_captcha,bestPreOnlineStrategyId,1
0001,LKUS_push,extern,43
0001,LKUS_push,zeusId,43
0001,LKUS_push,message,43
0001,LKUS_push,sceneId,43
0001,LKUS_push,accessId,43
0001,LKUS_push,requestId,43
0001,LKUS_push,resultCode,43
0001,LKUS_push,resultName,43
0001,LKUS_push,ruleDetail,43
0001,LKUS_push,hitStrategy,23
0001,LKUS_push,featureDetail,43
0001,LKUS_push,bestStrategyId,23
0001,LKUS_push,hitBreakStrategy,43
0001,LKUS_push,hitPreOnlineStrategy,43
0001,LKUS_push,bestPreOnlineStrategyId,43
0001,LKUS_register,extern,8
0001,LKUS_register,zeusId,8
0001,LKUS_register,message,8
0001,LKUS_register,sceneId,8
0001,LKUS_register,accessId,8
0001,LKUS_register,requestId,8
0001,LKUS_register,resultCode,8
0001,LKUS_register,resultName,8
0001,LKUS_register,ruleDetail,8
0001,LKUS_register,featureDetail,8
0001,LKUS_register,hitBreakStrategy,8
0001,LKUS_captcha,extern,1
0001,LKUS_captcha,zeusId,1
0001,LKUS_captcha,message,1
0001,LKUS_captcha,sceneId,1
0001,LKUS_captcha,accessId,1
0001,LKUS_captcha,requestId,1
0001,LKUS_captcha,resultCode,1
0001,LKUS_captcha,resultName,1
0001,LKUS_captcha,ruleDetail,1
0001,LKUS_captcha,featureDetail,1
0001,LKUS_captcha,hitBreakStrategy,1
0001,LKUS_captcha,hitPreOnlineStrategy,1
0001,LKUS_captcha,bestPreOnlineStrategyId,1
0001,LKUS_login,extern,14
0001,LKUS_login,zeusId,14
0001,LKUS_login,message,14
0001,LKUS_login,sceneId,14
0001,LKUS_login,accessId,14
0001,LKUS_login,requestId,14
0001,LKUS_login,resultCode,14
0001,LKUS_login,resultName,14
0001,LKUS_login,ruleDetail,14
0001,LKUS_login,hitStrategy,1
0001,LKUS_login,featureDetail,14
0001,LKUS_login,bestStrategyId,1
0001,LKUS_login,hitBreakStrategy,14
0001,LKUS_physical_order_create,extern,94
0001,LKUS_physical_order_create,zeusId,94
0001,LKUS_physical_order_create,message,94
0001,LKUS_physical_order_create,sceneId,94
0001,LKUS_physical_order_create,accessId,94
0001,LKUS_physical_order_create,requestId,94
0001,LKUS_physical_order_create,resultCode,94
0001,LKUS_physical_order_create,resultName,94
0001,LKUS_physical_order_create,ruleDetail,94
0001,LKUS_physical_order_create,hitStrategy,9
0001,LKUS_physical_order_create,featureDetail,94
0001,LKUS_physical_order_create,bestStrategyId,9
0001,LKUS_physical_order_create,hitBreakStrategy,94
0001,LKUS_payment,extern,95
0001,LKUS_payment,zeusId,95
0001,LKUS_payment,message,95
0001,LKUS_payment,sceneId,95
0001,LKUS_payment,accessId,95
0001,LKUS_payment,requestId,95
0001,LKUS_payment,resultCode,95
0001,LKUS_payment,resultName,95
0001,LKUS_payment,ruleDetail,95
0001,LKUS_payment,hitStrategy,10
0001,LKUS_payment,featureDetail,95
0001,LKUS_payment,bestStrategyId,10
0001,LKUS_payment,hitBreakStrategy,95
0001,LKUS_payment,hitPreOnlineStrategy,91
0001,LKUS_payment,bestPreOnlineStrategyId,91
0001,LKUS_grant_new_user_coupon,extern,5
0001,LKUS_grant_new_user_coupon,zeusId,5
0001,LKUS_grant_new_user_coupon,message,5
0001,LKUS_grant_new_user_coupon,sceneId,5
0001,LKUS_grant_new_user_coupon,accessId,5
0001,LKUS_grant_new_user_coupon,requestId,5
0001,LKUS_grant_new_user_coupon,resultCode,5
0001,LKUS_grant_new_user_coupon,resultName,5
0001,LKUS_grant_new_user_coupon,ruleDetail,5
0001,LKUS_grant_new_user_coupon,featureDetail,5
0001,LKUS_grant_new_user_coupon,hitBreakStrategy,5
0001,LKUS_physical_order_cancel,extern,1
0001,LKUS_physical_order_cancel,zeusId,1
0001,LKUS_physical_order_cancel,message,1
0001,LKUS_physical_order_cancel,sceneId,1
0001,LKUS_physical_order_cancel,accessId,1
0001,LKUS_physical_order_cancel,requestId,1
0001,LKUS_physical_order_cancel,resultCode,1
0001,LKUS_physical_order_cancel,resultName,1
0001,LKUS_physical_order_cancel,ruleDetail,1
0001,LKUS_physical_order_cancel,featureDetail,1
0001,LKUS_physical_order_cancel,hitBreakStrategy,1
0002,LKUS_push,extern,47
0002,LKUS_push,zeusId,47
0002,LKUS_push,message,47
0002,LKUS_push,sceneId,47
0002,LKUS_push,accessId,47
0002,LKUS_push,requestId,47
0002,LKUS_push,resultCode,47
0002,LKUS_push,resultName,47
0002,LKUS_push,ruleDetail,47
0002,LKUS_push,hitStrategy,26
0002,LKUS_push,featureDetail,47
0002,LKUS_push,bestStrategyId,26
0002,LKUS_push,hitBreakStrategy,47
0002,LKUS_push,hitPreOnlineStrategy,44
0002,LKUS_push,bestPreOnlineStrategyId,44
0002,LKUS_login,extern,16
0002,LKUS_login,zeusId,16
0002,LKUS_login,message,16
0002,LKUS_login,sceneId,16
0002,LKUS_login,accessId,16
0002,LKUS_login,requestId,16
0002,LKUS_login,resultCode,16
0002,LKUS_login,resultName,16
0002,LKUS_login,ruleDetail,16
0002,LKUS_login,featureDetail,16
0002,LKUS_login,hitBreakStrategy,16
0002,LKUS_grant_new_user_coupon,extern,7
0002,LKUS_grant_new_user_coupon,zeusId,7
0002,LKUS_grant_new_user_coupon,message,7
0002,LKUS_grant_new_user_coupon,sceneId,7
0002,LKUS_grant_new_user_coupon,accessId,7
0002,LKUS_grant_new_user_coupon,requestId,7
0002,LKUS_grant_new_user_coupon,resultCode,7
0002,LKUS_grant_new_user_coupon,resultName,7
0002,LKUS_grant_new_user_coupon,ruleDetail,7
0002,LKUS_grant_new_user_coupon,featureDetail,7
0002,LKUS_grant_new_user_coupon,hitBreakStrategy,7
0002,LKUS_register,extern,9
0002,LKUS_register,zeusId,9
0002,LKUS_register,message,9
0002,LKUS_register,sceneId,9
0002,LKUS_register,accessId,9
0002,LKUS_register,requestId,9
0002,LKUS_register,resultCode,9
0002,LKUS_register,resultName,9
0002,LKUS_register,ruleDetail,9
0002,LKUS_register,featureDetail,9
0002,LKUS_register,hitBreakStrategy,9
0002,LKUS_physical_order_create,extern,102
0002,LKUS_physical_order_create,zeusId,102
0002,LKUS_physical_order_create,message,102
0002,LKUS_physical_order_create,sceneId,102
0002,LKUS_physical_order_create,accessId,102
0002,LKUS_physical_order_create,requestId,102
0002,LKUS_physical_order_create,resultCode,102
0002,LKUS_physical_order_create,resultName,102
0002,LKUS_physical_order_create,ruleDetail,102
0002,LKUS_physical_order_create,featureDetail,102
0002,LKUS_physical_order_create,hitBreakStrategy,102
0002,LKUS_payment,extern,104
0002,LKUS_payment,zeusId,104
0002,LKUS_payment,message,104
0002,LKUS_payment,sceneId,104
0002,LKUS_payment,accessId,104
0002,LKUS_payment,requestId,104
0002,LKUS_payment,resultCode,104
0002,LKUS_payment,resultName,104
0002,LKUS_payment,ruleDetail,104
0002,LKUS_payment,featureDetail,104
0002,LKUS_payment,hitBreakStrategy,104
0002,LKUS_payment,hitPreOnlineStrategy,99
0002,LKUS_payment,bestPreOnlineStrategyId,99
0002,LKUS_physical_order_create,hitStrategy,17
0002,LKUS_physical_order_create,bestStrategyId,17
0002,LKUS_payment,hitStrategy,19
0002,LKUS_payment,bestStrategyId,19
0002,LKUS_physical_order_cancel,extern,1
0002,LKUS_physical_order_cancel,zeusId,1
0002,LKUS_physical_order_cancel,message,1
0002,LKUS_physical_order_cancel,sceneId,1
0002,LKUS_physical_order_cancel,accessId,1
0002,LKUS_physical_order_cancel,requestId,1
0002,LKUS_physical_order_cancel,resultCode,1
0002,LKUS_physical_order_cancel,resultName,1
0002,LKUS_physical_order_cancel,ruleDetail,1
0002,LKUS_physical_order_cancel,featureDetail,1
0002,LKUS_physical_order_cancel,hitBreakStrategy,1
0003,LKUS_push,extern,35
0003,LKUS_push,zeusId,35
0003,LKUS_push,message,35
0003,LKUS_push,sceneId,35
0003,LKUS_push,accessId,35
0003,LKUS_push,requestId,35
0003,LKUS_push,resultCode,35
0003,LKUS_push,resultName,35
0003,LKUS_push,ruleDetail,35
0003,LKUS_push,hitStrategy,11
0003,LKUS_push,featureDetail,35
0003,LKUS_push,bestStrategyId,11
0003,LKUS_push,hitBreakStrategy,35
0003,LKUS_push,hitPreOnlineStrategy,33
0003,LKUS_push,bestPreOnlineStrategyId,33
0003,LKUS_physical_order_create,extern,80
0003,LKUS_physical_order_create,zeusId,80
0003,LKUS_physical_order_create,message,80
0003,LKUS_physical_order_create,sceneId,80
0003,LKUS_physical_order_create,accessId,80
0003,LKUS_physical_order_create,requestId,80
0003,LKUS_physical_order_create,resultCode,80
0003,LKUS_physical_order_create,resultName,80
0003,LKUS_physical_order_create,ruleDetail,80
0003,LKUS_physical_order_create,featureDetail,80
0003,LKUS_physical_order_create,hitBreakStrategy,80
0003,LKUS_payment,extern,82
0003,LKUS_payment,zeusId,82
0003,LKUS_payment,message,82
0003,LKUS_payment,sceneId,82
0003,LKUS_payment,accessId,82
0003,LKUS_payment,requestId,82
0003,LKUS_payment,resultCode,82
0003,LKUS_payment,resultName,82
0003,LKUS_payment,ruleDetail,82
0003,LKUS_payment,featureDetail,82
0003,LKUS_payment,hitBreakStrategy,82
0003,LKUS_payment,hitPreOnlineStrategy,76
0003,LKUS_payment,bestPreOnlineStrategyId,76
0003,LKUS_login,extern,10
0003,LKUS_login,zeusId,10
0003,LKUS_login,message,10
0003,LKUS_login,sceneId,10
0003,LKUS_login,accessId,10
0003,LKUS_login,requestId,10
0003,LKUS_login,resultCode,10
0003,LKUS_login,resultName,10
0003,LKUS_login,ruleDetail,10
0003,LKUS_login,featureDetail,10
0003,LKUS_login,hitBreakStrategy,10
0003,LKUS_register,extern,6
0003,LKUS_register,zeusId,6
0003,LKUS_register,message,6
0003,LKUS_register,sceneId,6
0003,LKUS_register,accessId,6
0003,LKUS_register,requestId,6
0003,LKUS_register,resultCode,6
0003,LKUS_register,resultName,6
0003,LKUS_register,ruleDetail,6
0003,LKUS_register,featureDetail,6
0003,LKUS_register,hitBreakStrategy,6
0003,LKUS_payment,hitStrategy,9
0003,LKUS_payment,bestStrategyId,9
0003,LKUS_physical_order_create,hitStrategy,9
0003,LKUS_physical_order_create,bestStrategyId,9
0003,LKUS_grant_new_user_coupon,extern,4
0003,LKUS_grant_new_user_coupon,zeusId,4
0003,LKUS_grant_new_user_coupon,message,4
0003,LKUS_grant_new_user_coupon,sceneId,4
0003,LKUS_grant_new_user_coupon,accessId,4
0003,LKUS_grant_new_user_coupon,requestId,4
0003,LKUS_grant_new_user_coupon,resultCode,4
0003,LKUS_grant_new_user_coupon,resultName,4
0003,LKUS_grant_new_user_coupon,ruleDetail,4
0003,LKUS_grant_new_user_coupon,featureDetail,4
0003,LKUS_grant_new_user_coupon,hitBreakStrategy,4
0003,LKUS_physical_order_cancel,extern,1
0003,LKUS_physical_order_cancel,zeusId,1
0003,LKUS_physical_order_cancel,message,1
0003,LKUS_physical_order_cancel,sceneId,1
0003,LKUS_physical_order_cancel,accessId,1
0003,LKUS_physical_order_cancel,requestId,1
0003,LKUS_physical_order_cancel,resultCode,1
0003,LKUS_physical_order_cancel,resultName,1
0003,LKUS_physical_order_cancel,ruleDetail,1
0003,LKUS_physical_order_cancel,featureDetail,1
0003,LKUS_physical_order_cancel,hitBreakStrategy,1
0004,LKUS_push,extern,30
0004,LKUS_push,zeusId,30
0004,LKUS_push,message,30
0004,LKUS_push,sceneId,30
0004,LKUS_push,accessId,30
0004,LKUS_push,requestId,30
0004,LKUS_push,resultCode,30
0004,LKUS_push,resultName,30
0004,LKUS_push,ruleDetail,30
0004,LKUS_push,hitStrategy,19
0004,LKUS_push,featureDetail,30
0004,LKUS_push,bestStrategyId,19
0004,LKUS_push,hitBreakStrategy,30
0004,LKUS_push,hitPreOnlineStrategy,28
0004,LKUS_push,bestPreOnlineStrategyId,28
0004,LKUS_register,extern,4
0004,LKUS_register,zeusId,4
0004,LKUS_register,message,4
0004,LKUS_register,sceneId,4
0004,LKUS_register,accessId,4
0004,LKUS_register,requestId,4
0004,LKUS_register,resultCode,4
0004,LKUS_register,resultName,4
0004,LKUS_register,ruleDetail,4
0004,LKUS_register,featureDetail,4
0004,LKUS_register,hitBreakStrategy,4
0004,LKUS_physical_order_create,extern,86
0004,LKUS_physical_order_create,zeusId,86
0004,LKUS_physical_order_create,message,86
0004,LKUS_physical_order_create,sceneId,86
0004,LKUS_physical_order_create,accessId,86
0004,LKUS_physical_order_create,requestId,86
0004,LKUS_physical_order_create,resultCode,86
0004,LKUS_physical_order_create,resultName,86
0004,LKUS_physical_order_create,ruleDetail,86
0004,LKUS_physical_order_create,featureDetail,86
0004,LKUS_physical_order_create,hitBreakStrategy,86
0004,LKUS_payment,extern,87
0004,LKUS_payment,zeusId,87
0004,LKUS_payment,message,87
0004,LKUS_payment,sceneId,87
0004,LKUS_payment,accessId,87
0004,LKUS_payment,requestId,87
0004,LKUS_payment,resultCode,87
0004,LKUS_payment,resultName,87
0004,LKUS_payment,ruleDetail,87
0004,LKUS_payment,featureDetail,87
0004,LKUS_payment,hitBreakStrategy,87
0004,LKUS_payment,hitPreOnlineStrategy,81
0004,LKUS_payment,bestPreOnlineStrategyId,81
0004,LKUS_login,extern,10
0004,LKUS_login,zeusId,10
0004,LKUS_login,message,10
0004,LKUS_login,sceneId,10
0004,LKUS_login,accessId,10
0004,LKUS_login,requestId,10
0004,LKUS_login,resultCode,10
0004,LKUS_login,resultName,10
0004,LKUS_login,ruleDetail,10
0004,LKUS_login,featureDetail,10
0004,LKUS_login,hitBreakStrategy,10
0004,LKUS_grant_new_user_coupon,extern,6
0004,LKUS_grant_new_user_coupon,zeusId,6
0004,LKUS_grant_new_user_coupon,message,6
0004,LKUS_grant_new_user_coupon,sceneId,6
0004,LKUS_grant_new_user_coupon,accessId,6
0004,LKUS_grant_new_user_coupon,requestId,6
0004,LKUS_grant_new_user_coupon,resultCode,6
0004,LKUS_grant_new_user_coupon,resultName,6
0004,LKUS_grant_new_user_coupon,ruleDetail,6
0004,LKUS_grant_new_user_coupon,featureDetail,6
0004,LKUS_grant_new_user_coupon,hitBreakStrategy,6
0004,LKUS_payment,hitStrategy,11
0004,LKUS_payment,bestStrategyId,11
0004,LKUS_physical_order_create,hitStrategy,11
0004,LKUS_physical_order_create,bestStrategyId,11
0004,LKUS_physical_order_cancel,extern,1
0004,LKUS_physical_order_cancel,zeusId,1
0004,LKUS_physical_order_cancel,message,1
0004,LKUS_physical_order_cancel,sceneId,1
0004,LKUS_physical_order_cancel,accessId,1
0004,LKUS_physical_order_cancel,requestId,1
0004,LKUS_physical_order_cancel,resultCode,1
0004,LKUS_physical_order_cancel,resultName,1
0004,LKUS_physical_order_cancel,ruleDetail,1
0004,LKUS_physical_order_cancel,featureDetail,1
0004,LKUS_physical_order_cancel,hitBreakStrategy,1
0005,LKUS_push,extern,32
0005,LKUS_push,zeusId,32
0005,LKUS_push,message,32
0005,LKUS_push,sceneId,32
0005,LKUS_push,accessId,32
0005,LKUS_push,requestId,32
0005,LKUS_push,resultCode,32
0005,LKUS_push,resultName,32
0005,LKUS_push,ruleDetail,32
0005,LKUS_push,featureDetail,32
0005,LKUS_push,hitBreakStrategy,32
0005,LKUS_push,hitPreOnlineStrategy,31
0005,LKUS_push,bestPreOnlineStrategyId,31
0005,LKUS_push,hitStrategy,10
0005,LKUS_push,bestStrategyId,10
0005,LKUS_physical_order_create,extern,101
0005,LKUS_physical_order_create,zeusId,101
0005,LKUS_physical_order_create,message,101
0005,LKUS_physical_order_create,sceneId,101
0005,LKUS_physical_order_create,accessId,101
0005,LKUS_physical_order_create,requestId,101
0005,LKUS_physical_order_create,resultCode,101
0005,LKUS_physical_order_create,resultName,101
0005,LKUS_physical_order_create,ruleDetail,101
0005,LKUS_physical_order_create,featureDetail,101
0005,LKUS_physical_order_create,hitBreakStrategy,101
0005,LKUS_payment,extern,105
0005,LKUS_payment,zeusId,105
0005,LKUS_payment,message,105
0005,LKUS_payment,sceneId,105
0005,LKUS_payment,accessId,105
0005,LKUS_payment,requestId,105
0005,LKUS_payment,resultCode,105
0005,LKUS_payment,resultName,105
0005,LKUS_payment,ruleDetail,105
0005,LKUS_payment,featureDetail,105
0005,LKUS_payment,hitBreakStrategy,105
0005,LKUS_payment,hitPreOnlineStrategy,95
0005,LKUS_payment,bestPreOnlineStrategyId,95
0005,LKUS_login,extern,18
0005,LKUS_login,zeusId,18
0005,LKUS_login,message,18
0005,LKUS_login,sceneId,18
0005,LKUS_login,accessId,18
0005,LKUS_login,requestId,18
0005,LKUS_login,resultCode,18
0005,LKUS_login,resultName,18
0005,LKUS_login,ruleDetail,18
0005,LKUS_login,featureDetail,18
0005,LKUS_login,hitBreakStrategy,18
0005,LKUS_grant_new_user_coupon,extern,7
0005,LKUS_grant_new_user_coupon,zeusId,7
0005,LKUS_grant_new_user_coupon,message,7
0005,LKUS_grant_new_user_coupon,sceneId,7
0005,LKUS_grant_new_user_coupon,accessId,7
0005,LKUS_grant_new_user_coupon,requestId,7
0005,LKUS_grant_new_user_coupon,resultCode,7
0005,LKUS_grant_new_user_coupon,resultName,7
0005,LKUS_grant_new_user_coupon,ruleDetail,7
0005,LKUS_grant_new_user_coupon,featureDetail,7
0005,LKUS_grant_new_user_coupon,hitBreakStrategy,7
0005,LKUS_physical_order_create,hitStrategy,16
0005,LKUS_physical_order_create,bestStrategyId,16
0005,LKUS_payment,hitStrategy,18
0005,LKUS_payment,bestStrategyId,18
0005,LKUS_login,hitStrategy,3
0005,LKUS_login,bestStrategyId,3
0005,LKUS_register,extern,7
0005,LKUS_register,zeusId,7
0005,LKUS_register,message,7
0005,LKUS_register,sceneId,7
0005,LKUS_register,accessId,7
0005,LKUS_register,requestId,7
0005,LKUS_register,resultCode,7
0005,LKUS_register,resultName,7
0005,LKUS_register,ruleDetail,7
0005,LKUS_register,featureDetail,7
0005,LKUS_register,hitBreakStrategy,7
0006,LKUS_push,extern,67
0006,LKUS_push,zeusId,67
0006,LKUS_push,message,67
0006,LKUS_push,sceneId,67
0006,LKUS_push,accessId,67
0006,LKUS_push,requestId,67
0006,LKUS_push,resultCode,67
0006,LKUS_push,resultName,67
0006,LKUS_push,ruleDetail,67
0006,LKUS_push,hitStrategy,27
0006,LKUS_push,featureDetail,67
0006,LKUS_push,bestStrategyId,27
0006,LKUS_push,hitBreakStrategy,67
0006,LKUS_push,hitPreOnlineStrategy,66
0006,LKUS_push,bestPreOnlineStrategyId,66
0006,LKUS_physical_order_create,extern,88
0006,LKUS_physical_order_create,zeusId,88
0006,LKUS_physical_order_create,message,88
0006,LKUS_physical_order_create,sceneId,88
0006,LKUS_physical_order_create,accessId,88
0006,LKUS_physical_order_create,requestId,88
0006,LKUS_physical_order_create,resultCode,88
0006,LKUS_physical_order_create,resultName,88
0006,LKUS_physical_order_create,ruleDetail,88
0006,LKUS_physical_order_create,featureDetail,88
0006,LKUS_physical_order_create,hitBreakStrategy,88
0006,LKUS_payment,extern,87
0006,LKUS_payment,zeusId,87
0006,LKUS_payment,message,87
0006,LKUS_payment,sceneId,87
0006,LKUS_payment,accessId,87
0006,LKUS_payment,requestId,87
0006,LKUS_payment,resultCode,87
0006,LKUS_payment,resultName,87
0006,LKUS_payment,ruleDetail,87
0006,LKUS_payment,featureDetail,87
0006,LKUS_payment,hitBreakStrategy,87
0006,LKUS_payment,hitPreOnlineStrategy,80
0006,LKUS_payment,bestPreOnlineStrategyId,80
0006,LKUS_physical_order_create,hitStrategy,8
0006,LKUS_physical_order_create,bestStrategyId,8
0006,LKUS_payment,hitStrategy,8
0006,LKUS_payment,bestStrategyId,8
0006,LKUS_register,extern,9
0006,LKUS_register,zeusId,9
0006,LKUS_register,message,9
0006,LKUS_register,sceneId,9
0006,LKUS_register,accessId,9
0006,LKUS_register,requestId,9
0006,LKUS_register,resultCode,9
0006,LKUS_register,resultName,9
0006,LKUS_register,ruleDetail,9
0006,LKUS_register,featureDetail,9
0006,LKUS_register,hitBreakStrategy,9
0006,LKUS_login,extern,21
0006,LKUS_login,zeusId,21
0006,LKUS_login,message,21
0006,LKUS_login,sceneId,21
0006,LKUS_login,accessId,21
0006,LKUS_login,requestId,21
0006,LKUS_login,resultCode,21
0006,LKUS_login,resultName,21
0006,LKUS_login,ruleDetail,21
0006,LKUS_login,featureDetail,21
0006,LKUS_login,hitBreakStrategy,21
0006,LKUS_grant_new_user_coupon,extern,9
0006,LKUS_grant_new_user_coupon,zeusId,9
0006,LKUS_grant_new_user_coupon,message,9
0006,LKUS_grant_new_user_coupon,sceneId,9
0006,LKUS_grant_new_user_coupon,accessId,9
0006,LKUS_grant_new_user_coupon,requestId,9
0006,LKUS_grant_new_user_coupon,resultCode,9
0006,LKUS_grant_new_user_coupon,resultName,9
0006,LKUS_grant_new_user_coupon,ruleDetail,9
0006,LKUS_grant_new_user_coupon,featureDetail,9
0006,LKUS_grant_new_user_coupon,hitBreakStrategy,9
0006,LKUS_physical_order_cancel,extern,1
0006,LKUS_physical_order_cancel,zeusId,1
0006,LKUS_physical_order_cancel,message,1
0006,LKUS_physical_order_cancel,sceneId,1
0006,LKUS_physical_order_cancel,accessId,1
0006,LKUS_physical_order_cancel,requestId,1
0006,LKUS_physical_order_cancel,resultCode,1
0006,LKUS_physical_order_cancel,resultName,1
0006,LKUS_physical_order_cancel,ruleDetail,1
0006,LKUS_physical_order_cancel,featureDetail,1
0006,LKUS_physical_order_cancel,hitBreakStrategy,1
0006,LKUS_login,hitStrategy,2
0006,LKUS_login,bestStrategyId,2
0007,LKUS_push,extern,42
0007,LKUS_push,zeusId,42
0007,LKUS_push,message,42
0007,LKUS_push,sceneId,42
0007,LKUS_push,accessId,42
0007,LKUS_push,requestId,42
0007,LKUS_push,resultCode,42
0007,LKUS_push,resultName,42
0007,LKUS_push,ruleDetail,42
0007,LKUS_push,hitStrategy,19
0007,LKUS_push,featureDetail,42
0007,LKUS_push,bestStrategyId,19
0007,LKUS_push,hitBreakStrategy,42
0007,LKUS_push,hitPreOnlineStrategy,40
0007,LKUS_push,bestPreOnlineStrategyId,40
0007,LKUS_register,extern,8
0007,LKUS_register,zeusId,8
0007,LKUS_register,message,8
0007,LKUS_register,sceneId,8
0007,LKUS_register,accessId,8
0007,LKUS_register,requestId,8
0007,LKUS_register,resultCode,8
0007,LKUS_register,resultName,8
0007,LKUS_register,ruleDetail,8
0007,LKUS_register,featureDetail,8
0007,LKUS_register,hitBreakStrategy,8
0007,LKUS_payment,extern,102
0007,LKUS_payment,zeusId,102
0007,LKUS_payment,message,102
0007,LKUS_payment,sceneId,102
0007,LKUS_payment,accessId,102
0007,LKUS_payment,requestId,102
0007,LKUS_payment,resultCode,102
0007,LKUS_payment,resultName,102
0007,LKUS_payment,ruleDetail,102
0007,LKUS_payment,featureDetail,102
0007,LKUS_payment,hitBreakStrategy,102
0007,LKUS_payment,hitPreOnlineStrategy,92
0007,LKUS_payment,bestPreOnlineStrategyId,92
0007,LKUS_physical_order_create,extern,106
0007,LKUS_physical_order_create,zeusId,106
0007,LKUS_physical_order_create,message,106
0007,LKUS_physical_order_create,sceneId,106
0007,LKUS_physical_order_create,accessId,106
0007,LKUS_physical_order_create,requestId,106
0007,LKUS_physical_order_create,resultCode,106
0007,LKUS_physical_order_create,resultName,106
0007,LKUS_physical_order_create,ruleDetail,106
0007,LKUS_physical_order_create,featureDetail,106
0007,LKUS_physical_order_create,hitBreakStrategy,106
0007,LKUS_login,extern,22
0007,LKUS_login,zeusId,22
0007,LKUS_login,message,22
0007,LKUS_login,sceneId,22
0007,LKUS_login,accessId,22
0007,LKUS_login,requestId,22
0007,LKUS_login,resultCode,22
0007,LKUS_login,resultName,22
0007,LKUS_login,ruleDetail,22
0007,LKUS_login,featureDetail,22
0007,LKUS_login,hitBreakStrategy,22
0007,LKUS_grant_new_user_coupon,extern,10
0007,LKUS_grant_new_user_coupon,zeusId,10
0007,LKUS_grant_new_user_coupon,message,10
0007,LKUS_grant_new_user_coupon,sceneId,10
0007,LKUS_grant_new_user_coupon,accessId,10
0007,LKUS_grant_new_user_coupon,requestId,10
0007,LKUS_grant_new_user_coupon,resultCode,10
0007,LKUS_grant_new_user_coupon,resultName,10
0007,LKUS_grant_new_user_coupon,ruleDetail,10
0007,LKUS_grant_new_user_coupon,featureDetail,10
0007,LKUS_grant_new_user_coupon,hitBreakStrategy,10
0007,LKUS_physical_order_create,hitStrategy,11
0007,LKUS_physical_order_create,bestStrategyId,11
0007,LKUS_payment,hitStrategy,11
0007,LKUS_payment,bestStrategyId,11
0007,LKUS_physical_order_cancel,extern,4
0007,LKUS_physical_order_cancel,zeusId,4
0007,LKUS_physical_order_cancel,message,4
0007,LKUS_physical_order_cancel,sceneId,4
0007,LKUS_physical_order_cancel,accessId,4
0007,LKUS_physical_order_cancel,requestId,4
0007,LKUS_physical_order_cancel,resultCode,4
0007,LKUS_physical_order_cancel,resultName,4
0007,LKUS_physical_order_cancel,ruleDetail,4
0007,LKUS_physical_order_cancel,featureDetail,4
0007,LKUS_physical_order_cancel,hitBreakStrategy,4
0007,LKUS_login,hitStrategy,1
0007,LKUS_login,bestStrategyId,1
0008,LKUS_push,extern,32
0008,LKUS_push,zeusId,32
0008,LKUS_push,message,32
0008,LKUS_push,sceneId,32
0008,LKUS_push,accessId,32
0008,LKUS_push,requestId,32
0008,LKUS_push,resultCode,32
0008,LKUS_push,resultName,32
0008,LKUS_push,ruleDetail,32
0008,LKUS_push,hitStrategy,8
0008,LKUS_push,featureDetail,32
0008,LKUS_push,bestStrategyId,8
0008,LKUS_push,hitBreakStrategy,32
0008,LKUS_push,hitPreOnlineStrategy,30
0008,LKUS_push,bestPreOnlineStrategyId,30
0008,LKUS_physical_order_create,extern,95
0008,LKUS_physical_order_create,zeusId,95
0008,LKUS_physical_order_create,message,95
0008,LKUS_physical_order_create,sceneId,95
0008,LKUS_physical_order_create,accessId,95
0008,LKUS_physical_order_create,requestId,95
0008,LKUS_physical_order_create,resultCode,95
0008,LKUS_physical_order_create,resultName,95
0008,LKUS_physical_order_create,ruleDetail,95
0008,LKUS_physical_order_create,featureDetail,95
0008,LKUS_physical_order_create,hitBreakStrategy,95
0008,LKUS_payment,extern,93
0008,LKUS_payment,zeusId,93
0008,LKUS_payment,message,93
0008,LKUS_payment,sceneId,93
0008,LKUS_payment,accessId,93
0008,LKUS_payment,requestId,93
0008,LKUS_payment,resultCode,93
0008,LKUS_payment,resultName,93
0008,LKUS_payment,ruleDetail,93
0008,LKUS_payment,featureDetail,93
0008,LKUS_payment,hitBreakStrategy,93
0008,LKUS_payment,hitPreOnlineStrategy,87
0008,LKUS_payment,bestPreOnlineStrategyId,87
0008,LKUS_register,extern,11
0008,LKUS_register,zeusId,11
0008,LKUS_register,message,11
0008,LKUS_register,sceneId,11
0008,LKUS_register,accessId,11
0008,LKUS_register,requestId,11
0008,LKUS_register,resultCode,11
0008,LKUS_register,resultName,11
0008,LKUS_register,ruleDetail,11
0008,LKUS_register,featureDetail,11
0008,LKUS_register,hitBreakStrategy,11
0008,LKUS_grant_new_user_coupon,extern,5
0008,LKUS_grant_new_user_coupon,zeusId,5
0008,LKUS_grant_new_user_coupon,message,5
0008,LKUS_grant_new_user_coupon,sceneId,5
0008,LKUS_grant_new_user_coupon,accessId,5
0008,LKUS_grant_new_user_coupon,requestId,5
0008,LKUS_grant_new_user_coupon,resultCode,5
0008,LKUS_grant_new_user_coupon,resultName,5
0008,LKUS_grant_new_user_coupon,ruleDetail,5
0008,LKUS_grant_new_user_coupon,featureDetail,5
0008,LKUS_grant_new_user_coupon,hitBreakStrategy,5
0008,LKUS_login,extern,9
0008,LKUS_login,zeusId,9
0008,LKUS_login,message,9
0008,LKUS_login,sceneId,9
0008,LKUS_login,accessId,9
0008,LKUS_login,requestId,9
0008,LKUS_login,resultCode,9
0008,LKUS_login,resultName,9
0008,LKUS_login,ruleDetail,9
0008,LKUS_login,featureDetail,9
0008,LKUS_login,hitBreakStrategy,9
0008,LKUS_physical_order_create,hitStrategy,14
0008,LKUS_physical_order_create,bestStrategyId,14
0008,LKUS_payment,hitStrategy,14
0008,LKUS_payment,bestStrategyId,14
0008,LKUS_login,hitStrategy,1
0008,LKUS_login,bestStrategyId,1
0008,LKUS_physical_order_cancel,extern,1
0008,LKUS_physical_order_cancel,zeusId,1
0008,LKUS_physical_order_cancel,message,1
0008,LKUS_physical_order_cancel,sceneId,1
0008,LKUS_physical_order_cancel,accessId,1
0008,LKUS_physical_order_cancel,requestId,1
0008,LKUS_physical_order_cancel,resultCode,1
0008,LKUS_physical_order_cancel,resultName,1
0008,LKUS_physical_order_cancel,ruleDetail,1
0008,LKUS_physical_order_cancel,featureDetail,1
0008,LKUS_physical_order_cancel,hitBreakStrategy,1
0009,LKUS_push,extern,48
0009,LKUS_push,zeusId,48
0009,LKUS_push,message,48
0009,LKUS_push,sceneId,48
0009,LKUS_push,accessId,48
0009,LKUS_push,requestId,48
0009,LKUS_push,resultCode,48
0009,LKUS_push,resultName,48
0009,LKUS_push,ruleDetail,48
0009,LKUS_push,hitStrategy,21
0009,LKUS_push,featureDetail,48
0009,LKUS_push,bestStrategyId,21
0009,LKUS_push,hitBreakStrategy,48
0009,LKUS_push,hitPreOnlineStrategy,47
0009,LKUS_push,bestPreOnlineStrategyId,47
0009,LKUS_physical_order_create,extern,81
0009,LKUS_physical_order_create,zeusId,81
0009,LKUS_physical_order_create,message,81
0009,LKUS_physical_order_create,sceneId,81
0009,LKUS_physical_order_create,accessId,81
0009,LKUS_physical_order_create,requestId,81
0009,LKUS_physical_order_create,resultCode,81
0009,LKUS_physical_order_create,resultName,81
0009,LKUS_physical_order_create,ruleDetail,81
0009,LKUS_physical_order_create,featureDetail,81
0009,LKUS_physical_order_create,hitBreakStrategy,81
0009,LKUS_payment,extern,83
0009,LKUS_payment,zeusId,83
0009,LKUS_payment,message,83
0009,LKUS_payment,sceneId,83
0009,LKUS_payment,accessId,83
0009,LKUS_payment,requestId,83
0009,LKUS_payment,resultCode,83
0009,LKUS_payment,resultName,83
0009,LKUS_payment,ruleDetail,83
0009,LKUS_payment,featureDetail,83
0009,LKUS_payment,hitBreakStrategy,83
0009,LKUS_payment,hitPreOnlineStrategy,73
0009,LKUS_payment,bestPreOnlineStrategyId,73
0009,LKUS_login,extern,18
0009,LKUS_login,zeusId,18
0009,LKUS_login,message,18
0009,LKUS_login,sceneId,18
0009,LKUS_login,accessId,18
0009,LKUS_login,requestId,18
0009,LKUS_login,resultCode,18
0009,LKUS_login,resultName,18
0009,LKUS_login,ruleDetail,18
0009,LKUS_login,featureDetail,18
0009,LKUS_login,hitBreakStrategy,18
0009,LKUS_payment,hitStrategy,15
0009,LKUS_payment,bestStrategyId,15
0009,LKUS_physical_order_create,hitStrategy,13
0009,LKUS_physical_order_create,bestStrategyId,13
0009,LKUS_login,hitStrategy,2
0009,LKUS_login,bestStrategyId,2
0009,LKUS_register,extern,12
0009,LKUS_register,zeusId,12
0009,LKUS_register,message,12
0009,LKUS_register,sceneId,12
0009,LKUS_register,accessId,12
0009,LKUS_register,requestId,12
0009,LKUS_register,resultCode,12
0009,LKUS_register,resultName,12
0009,LKUS_register,ruleDetail,12
0009,LKUS_register,featureDetail,12
0009,LKUS_register,hitBreakStrategy,12
0009,LKUS_grant_new_user_coupon,extern,6
0009,LKUS_grant_new_user_coupon,zeusId,6
0009,LKUS_grant_new_user_coupon,message,6
0009,LKUS_grant_new_user_coupon,sceneId,6
0009,LKUS_grant_new_user_coupon,accessId,6
0009,LKUS_grant_new_user_coupon,requestId,6
0009,LKUS_grant_new_user_coupon,resultCode,6
0009,LKUS_grant_new_user_coupon,resultName,6
0009,LKUS_grant_new_user_coupon,ruleDetail,6
0009,LKUS_grant_new_user_coupon,featureDetail,6
0009,LKUS_grant_new_user_coupon,hitBreakStrategy,6
0009,LKUS_physical_order_cancel,extern,1
0009,LKUS_physical_order_cancel,zeusId,1
0009,LKUS_physical_order_cancel,message,1
0009,LKUS_physical_order_cancel,sceneId,1
0009,LKUS_physical_order_cancel,accessId,1
0009,LKUS_physical_order_cancel,requestId,1
0009,LKUS_physical_order_cancel,resultCode,1
0009,LKUS_physical_order_cancel,resultName,1
0009,LKUS_physical_order_cancel,ruleDetail,1
0009,LKUS_physical_order_cancel,featureDetail,1
0009,LKUS_physical_order_cancel,hitBreakStrategy,1
0010,LKUS_push,extern,48
0010,LKUS_push,zeusId,48
0010,LKUS_push,message,48
0010,LKUS_push,sceneId,48
0010,LKUS_push,accessId,48
0010,LKUS_push,requestId,48
0010,LKUS_push,resultCode,48
0010,LKUS_push,resultName,48
0010,LKUS_push,ruleDetail,48
0010,LKUS_push,hitStrategy,24
0010,LKUS_push,featureDetail,48
0010,LKUS_push,bestStrategyId,24
0010,LKUS_push,hitBreakStrategy,48
0010,LKUS_push,hitPreOnlineStrategy,46
0010,LKUS_push,bestPreOnlineStrategyId,46
0010,LKUS_physical_order_create,extern,94
0010,LKUS_physical_order_create,zeusId,94
0010,LKUS_physical_order_create,message,94
0010,LKUS_physical_order_create,sceneId,94
0010,LKUS_physical_order_create,accessId,94
0010,LKUS_physical_order_create,requestId,94
0010,LKUS_physical_order_create,resultCode,94
0010,LKUS_physical_order_create,resultName,94
0010,LKUS_physical_order_create,ruleDetail,94
0010,LKUS_physical_order_create,featureDetail,94
0010,LKUS_physical_order_create,hitBreakStrategy,94
0010,LKUS_payment,extern,94
0010,LKUS_payment,zeusId,94
0010,LKUS_payment,message,94
0010,LKUS_payment,sceneId,94
0010,LKUS_payment,accessId,94
0010,LKUS_payment,requestId,94
0010,LKUS_payment,resultCode,94
0010,LKUS_payment,resultName,94
0010,LKUS_payment,ruleDetail,94
0010,LKUS_payment,featureDetail,94
0010,LKUS_payment,hitBreakStrategy,94
0010,LKUS_payment,hitPreOnlineStrategy,85
0010,LKUS_payment,bestPreOnlineStrategyId,85
0010,LKUS_physical_order_create,hitStrategy,17
0010,LKUS_physical_order_create,bestStrategyId,17
0010,LKUS_payment,hitStrategy,17
0010,LKUS_payment,bestStrategyId,17
0010,LKUS_register,extern,11
0010,LKUS_register,zeusId,11
0010,LKUS_register,message,11
0010,LKUS_register,sceneId,11
0010,LKUS_register,accessId,11
0010,LKUS_register,requestId,11
0010,LKUS_register,resultCode,11
0010,LKUS_register,resultName,11
0010,LKUS_register,ruleDetail,11
0010,LKUS_register,featureDetail,11
0010,LKUS_register,hitBreakStrategy,11
0010,LKUS_login,extern,14
0010,LKUS_login,zeusId,14
0010,LKUS_login,message,14
0010,LKUS_login,sceneId,14
0010,LKUS_login,accessId,14
0010,LKUS_login,requestId,14
0010,LKUS_login,resultCode,14
0010,LKUS_login,resultName,14
0010,LKUS_login,ruleDetail,14
0010,LKUS_login,hitStrategy,2
0010,LKUS_login,featureDetail,14
0010,LKUS_login,bestStrategyId,2
0010,LKUS_login,hitBreakStrategy,14
0010,LKUS_grant_new_user_coupon,extern,8
0010,LKUS_grant_new_user_coupon,zeusId,8
0010,LKUS_grant_new_user_coupon,message,8
0010,LKUS_grant_new_user_coupon,sceneId,8
0010,LKUS_grant_new_user_coupon,accessId,8
0010,LKUS_grant_new_user_coupon,requestId,8
0010,LKUS_grant_new_user_coupon,resultCode,8
0010,LKUS_grant_new_user_coupon,resultName,8
0010,LKUS_grant_new_user_coupon,ruleDetail,8
0010,LKUS_grant_new_user_coupon,featureDetail,8
0010,LKUS_grant_new_user_coupon,hitBreakStrategy,8
0010,LKUS_register,hitStrategy,1
0010,LKUS_register,bestStrategyId,1
0010,LKUS_captcha,extern,1
0010,LKUS_captcha,zeusId,1
0010,LKUS_captcha,message,1
0010,LKUS_captcha,sceneId,1
0010,LKUS_captcha,accessId,1
0010,LKUS_captcha,requestId,1
0010,LKUS_captcha,resultCode,1
0010,LKUS_captcha,resultName,1
0010,LKUS_captcha,ruleDetail,1
0010,LKUS_captcha,featureDetail,1
0010,LKUS_captcha,hitBreakStrategy,1
0010,LKUS_captcha,hitPreOnlineStrategy,1
0010,LKUS_captcha,bestPreOnlineStrategyId,1
0011,LKUS_push,extern,59
0011,LKUS_push,zeusId,59
0011,LKUS_push,message,59
0011,LKUS_push,sceneId,59
0011,LKUS_push,accessId,59
0011,LKUS_push,requestId,59
0011,LKUS_push,resultCode,59
0011,LKUS_push,resultName,59
0011,LKUS_push,ruleDetail,59
0011,LKUS_push,hitStrategy,32
0011,LKUS_push,featureDetail,59
0011,LKUS_push,bestStrategyId,32
0011,LKUS_push,hitBreakStrategy,59
0011,LKUS_push,hitPreOnlineStrategy,56
0011,LKUS_push,bestPreOnlineStrategyId,56
0011,LKUS_physical_order_create,extern,92
0011,LKUS_physical_order_create,zeusId,92
0011,LKUS_physical_order_create,message,92
0011,LKUS_physical_order_create,sceneId,92
0011,LKUS_physical_order_create,accessId,92
0011,LKUS_physical_order_create,requestId,92
0011,LKUS_physical_order_create,resultCode,92
0011,LKUS_physical_order_create,resultName,92
0011,LKUS_physical_order_create,ruleDetail,92
0011,LKUS_physical_order_create,featureDetail,92
0011,LKUS_physical_order_create,hitBreakStrategy,92
0011,LKUS_payment,extern,91
0011,LKUS_payment,zeusId,91
0011,LKUS_payment,message,91
0011,LKUS_payment,sceneId,91
0011,LKUS_payment,accessId,91
0011,LKUS_payment,requestId,91
0011,LKUS_payment,resultCode,91
0011,LKUS_payment,resultName,91
0011,LKUS_payment,ruleDetail,91
0011,LKUS_payment,featureDetail,91
0011,LKUS_payment,hitBreakStrategy,91
0011,LKUS_payment,hitPreOnlineStrategy,82
0011,LKUS_payment,bestPreOnlineStrategyId,82
0011,LKUS_login,extern,14
0011,LKUS_login,zeusId,14
0011,LKUS_login,message,14
0011,LKUS_login,sceneId,14
0011,LKUS_login,accessId,14
0011,LKUS_login,requestId,14
0011,LKUS_login,resultCode,14
0011,LKUS_login,resultName,14
0011,LKUS_login,ruleDetail,14
0011,LKUS_login,featureDetail,14
0011,LKUS_login,hitBreakStrategy,14
0011,LKUS_physical_order_create,hitStrategy,9
0011,LKUS_physical_order_create,bestStrategyId,9
0011,LKUS_payment,hitStrategy,9
0011,LKUS_payment,bestStrategyId,9
0011,LKUS_physical_order_cancel,extern,2
0011,LKUS_physical_order_cancel,zeusId,2
0011,LKUS_physical_order_cancel,message,2
0011,LKUS_physical_order_cancel,sceneId,2
0011,LKUS_physical_order_cancel,accessId,2
0011,LKUS_physical_order_cancel,requestId,2
0011,LKUS_physical_order_cancel,resultCode,2
0011,LKUS_physical_order_cancel,resultName,2
0011,LKUS_physical_order_cancel,ruleDetail,2
0011,LKUS_physical_order_cancel,featureDetail,2
0011,LKUS_physical_order_cancel,hitBreakStrategy,2
0011,LKUS_register,extern,8
0011,LKUS_register,zeusId,8
0011,LKUS_register,message,8
0011,LKUS_register,sceneId,8
0011,LKUS_register,accessId,8
0011,LKUS_register,requestId,8
0011,LKUS_register,resultCode,8
0011,LKUS_register,resultName,8
0011,LKUS_register,ruleDetail,8
0011,LKUS_register,featureDetail,8
0011,LKUS_register,hitBreakStrategy,8
0011,LKUS_grant_new_user_coupon,extern,9
0011,LKUS_grant_new_user_coupon,zeusId,9
0011,LKUS_grant_new_user_coupon,message,9
0011,LKUS_grant_new_user_coupon,sceneId,9
0011,LKUS_grant_new_user_coupon,accessId,9
0011,LKUS_grant_new_user_coupon,requestId,9
0011,LKUS_grant_new_user_coupon,resultCode,9
0011,LKUS_grant_new_user_coupon,resultName,9
0011,LKUS_grant_new_user_coupon,ruleDetail,9
0011,LKUS_grant_new_user_coupon,featureDetail,9
0011,LKUS_grant_new_user_coupon,hitBreakStrategy,9
0012,LKUS_push,extern,75
0012,LKUS_push,zeusId,75
0012,LKUS_push,message,75
0012,LKUS_push,sceneId,75
0012,LKUS_push,accessId,75
0012,LKUS_push,requestId,75
0012,LKUS_push,resultCode,75
0012,LKUS_push,resultName,75
0012,LKUS_push,ruleDetail,75
0012,LKUS_push,hitStrategy,50
0012,LKUS_push,featureDetail,75
0012,LKUS_push,bestStrategyId,50
0012,LKUS_push,hitBreakStrategy,75
0012,LKUS_push,hitPreOnlineStrategy,72
0012,LKUS_push,bestPreOnlineStrategyId,72
0012,LKUS_physical_order_create,extern,98
0012,LKUS_physical_order_create,zeusId,98
0012,LKUS_physical_order_create,message,98
0012,LKUS_physical_order_create,sceneId,98
0012,LKUS_physical_order_create,accessId,98
0012,LKUS_physical_order_create,requestId,98
0012,LKUS_physical_order_create,resultCode,98
0012,LKUS_physical_order_create,resultName,98
0012,LKUS_physical_order_create,ruleDetail,98
0012,LKUS_physical_order_create,featureDetail,98
0012,LKUS_physical_order_create,hitBreakStrategy,98
0012,LKUS_payment,extern,99
0012,LKUS_payment,zeusId,99
0012,LKUS_payment,message,99
0012,LKUS_payment,sceneId,99
0012,LKUS_payment,accessId,99
0012,LKUS_payment,requestId,99
0012,LKUS_payment,resultCode,99
0012,LKUS_payment,resultName,99
0012,LKUS_payment,ruleDetail,99
0012,LKUS_payment,featureDetail,99
0012,LKUS_payment,hitBreakStrategy,99
0012,LKUS_payment,hitPreOnlineStrategy,84
0012,LKUS_payment,bestPreOnlineStrategyId,84
0012,LKUS_login,extern,14
0012,LKUS_login,zeusId,14
0012,LKUS_login,message,14
0012,LKUS_login,sceneId,14
0012,LKUS_login,accessId,14
0012,LKUS_login,requestId,14
0012,LKUS_login,resultCode,14
0012,LKUS_login,resultName,14
0012,LKUS_login,ruleDetail,14
0012,LKUS_login,featureDetail,14
0012,LKUS_login,hitBreakStrategy,14
0012,LKUS_register,extern,10
0012,LKUS_register,zeusId,10
0012,LKUS_register,message,10
0012,LKUS_register,sceneId,10
0012,LKUS_register,accessId,10
0012,LKUS_register,requestId,10
0012,LKUS_register,resultCode,10
0012,LKUS_register,resultName,10
0012,LKUS_register,ruleDetail,10
0012,LKUS_register,featureDetail,10
0012,LKUS_register,hitBreakStrategy,10
0012,LKUS_payment,hitStrategy,17
0012,LKUS_payment,bestStrategyId,17
0012,LKUS_physical_order_create,hitStrategy,15
0012,LKUS_physical_order_create,bestStrategyId,15
0012,LKUS_grant_new_user_coupon,extern,7
0012,LKUS_grant_new_user_coupon,zeusId,7
0012,LKUS_grant_new_user_coupon,message,7
0012,LKUS_grant_new_user_coupon,sceneId,7
0012,LKUS_grant_new_user_coupon,accessId,7
0012,LKUS_grant_new_user_coupon,requestId,7
0012,LKUS_grant_new_user_coupon,resultCode,7
0012,LKUS_grant_new_user_coupon,resultName,7
0012,LKUS_grant_new_user_coupon,ruleDetail,7
0012,LKUS_grant_new_user_coupon,featureDetail,7
0012,LKUS_grant_new_user_coupon,hitBreakStrategy,7
0012,LKUS_physical_order_cancel,extern,1
0012,LKUS_physical_order_cancel,zeusId,1
0012,LKUS_physical_order_cancel,message,1
0012,LKUS_physical_order_cancel,sceneId,1
0012,LKUS_physical_order_cancel,accessId,1
0012,LKUS_physical_order_cancel,requestId,1
0012,LKUS_physical_order_cancel,resultCode,1
0012,LKUS_physical_order_cancel,resultName,1
0012,LKUS_physical_order_cancel,ruleDetail,1
0012,LKUS_physical_order_cancel,featureDetail,1
0012,LKUS_physical_order_cancel,hitBreakStrategy,1
0012,LKUS_register,hitStrategy,1
0012,LKUS_register,bestStrategyId,1
0013,LKUS_push,extern,48
0013,LKUS_push,zeusId,48
0013,LKUS_push,message,48
0013,LKUS_push,sceneId,48
0013,LKUS_push,accessId,48
0013,LKUS_push,requestId,48
0013,LKUS_push,resultCode,48
0013,LKUS_push,resultName,48
0013,LKUS_push,ruleDetail,48
0013,LKUS_push,hitStrategy,24
0013,LKUS_push,featureDetail,48
0013,LKUS_push,bestStrategyId,24
0013,LKUS_push,hitBreakStrategy,48
0013,LKUS_push,hitPreOnlineStrategy,45
0013,LKUS_push,bestPreOnlineStrategyId,45
0013,LKUS_login,extern,21
0013,LKUS_login,zeusId,21
0013,LKUS_login,message,21
0013,LKUS_login,sceneId,21
0013,LKUS_login,accessId,21
0013,LKUS_login,requestId,21
0013,LKUS_login,resultCode,21
0013,LKUS_login,resultName,21
0013,LKUS_login,ruleDetail,21
0013,LKUS_login,featureDetail,21
0013,LKUS_login,hitBreakStrategy,21
0013,LKUS_grant_new_user_coupon,extern,13
0013,LKUS_grant_new_user_coupon,zeusId,13
0013,LKUS_grant_new_user_coupon,message,13
0013,LKUS_grant_new_user_coupon,sceneId,13
0013,LKUS_grant_new_user_coupon,accessId,13
0013,LKUS_grant_new_user_coupon,requestId,13
0013,LKUS_grant_new_user_coupon,resultCode,13
0013,LKUS_grant_new_user_coupon,resultName,13
0013,LKUS_grant_new_user_coupon,ruleDetail,13
0013,LKUS_grant_new_user_coupon,featureDetail,13
0013,LKUS_grant_new_user_coupon,hitBreakStrategy,13
0013,LKUS_register,extern,7
0013,LKUS_register,zeusId,7
0013,LKUS_register,message,7
0013,LKUS_register,sceneId,7
0013,LKUS_register,accessId,7
0013,LKUS_register,requestId,7
0013,LKUS_register,resultCode,7
0013,LKUS_register,resultName,7
0013,LKUS_register,ruleDetail,7
0013,LKUS_register,featureDetail,7
0013,LKUS_register,hitBreakStrategy,7
0013,LKUS_physical_order_create,extern,114
0013,LKUS_physical_order_create,zeusId,114
0013,LKUS_physical_order_create,message,114
0013,LKUS_physical_order_create,sceneId,114
0013,LKUS_physical_order_create,accessId,114
0013,LKUS_physical_order_create,requestId,114
0013,LKUS_physical_order_create,resultCode,114
0013,LKUS_physical_order_create,resultName,114
0013,LKUS_physical_order_create,ruleDetail,114
0013,LKUS_physical_order_create,featureDetail,114
0013,LKUS_physical_order_create,hitBreakStrategy,114
0013,LKUS_payment,extern,109
0013,LKUS_payment,zeusId,109
0013,LKUS_payment,message,109
0013,LKUS_payment,sceneId,109
0013,LKUS_payment,accessId,109
0013,LKUS_payment,requestId,109
0013,LKUS_payment,resultCode,109
0013,LKUS_payment,resultName,109
0013,LKUS_payment,ruleDetail,109
0013,LKUS_payment,featureDetail,109
0013,LKUS_payment,hitBreakStrategy,109
0013,LKUS_payment,hitPreOnlineStrategy,94
0013,LKUS_payment,bestPreOnlineStrategyId,94
0013,LKUS_captcha,extern,1
0013,LKUS_captcha,zeusId,1
0013,LKUS_captcha,message,1
0013,LKUS_captcha,sceneId,1
0013,LKUS_captcha,accessId,1
0013,LKUS_captcha,requestId,1
0013,LKUS_captcha,resultCode,1
0013,LKUS_captcha,resultName,1
0013,LKUS_captcha,ruleDetail,1
0013,LKUS_captcha,featureDetail,1
0013,LKUS_captcha,hitBreakStrategy,1
0013,LKUS_captcha,hitPreOnlineStrategy,1
0013,LKUS_captcha,bestPreOnlineStrategyId,1
0013,LKUS_payment,hitStrategy,14
0013,LKUS_payment,bestStrategyId,14
0013,LKUS_physical_order_create,hitStrategy,14
0013,LKUS_physical_order_create,bestStrategyId,14
0013,LKUS_register,hitStrategy,1
0013,LKUS_register,bestStrategyId,1
0013,LKUS_physical_order_cancel,extern,2
0013,LKUS_physical_order_cancel,zeusId,2
0013,LKUS_physical_order_cancel,message,2
0013,LKUS_physical_order_cancel,sceneId,2
0013,LKUS_physical_order_cancel,accessId,2
0013,LKUS_physical_order_cancel,requestId,2
0013,LKUS_physical_order_cancel,resultCode,2
0013,LKUS_physical_order_cancel,resultName,2
0013,LKUS_physical_order_cancel,ruleDetail,2
0013,LKUS_physical_order_cancel,featureDetail,2
0013,LKUS_physical_order_cancel,hitBreakStrategy,2
0014,LKUS_push,extern,42
0014,LKUS_push,zeusId,42
0014,LKUS_push,message,42
0014,LKUS_push,sceneId,42
0014,LKUS_push,accessId,42
0014,LKUS_push,requestId,42
0014,LKUS_push,resultCode,42
0014,LKUS_push,resultName,42
0014,LKUS_push,ruleDetail,42
0014,LKUS_push,hitStrategy,25
0014,LKUS_push,featureDetail,42
0014,LKUS_push,bestStrategyId,25
0014,LKUS_push,hitBreakStrategy,42
0014,LKUS_push,hitPreOnlineStrategy,39
0014,LKUS_push,bestPreOnlineStrategyId,39
0014,LKUS_login,extern,20
0014,LKUS_login,zeusId,20
0014,LKUS_login,message,20
0014,LKUS_login,sceneId,20
0014,LKUS_login,accessId,20
0014,LKUS_login,requestId,20
0014,LKUS_login,resultCode,20
0014,LKUS_login,resultName,20
0014,LKUS_login,ruleDetail,20
0014,LKUS_login,featureDetail,20
0014,LKUS_login,hitBreakStrategy,20
0014,LKUS_physical_order_create,extern,89
0014,LKUS_physical_order_create,zeusId,89
0014,LKUS_physical_order_create,message,89
0014,LKUS_physical_order_create,sceneId,89
0014,LKUS_physical_order_create,accessId,89
0014,LKUS_physical_order_create,requestId,89
0014,LKUS_physical_order_create,resultCode,89
0014,LKUS_physical_order_create,resultName,89
0014,LKUS_physical_order_create,ruleDetail,89
0014,LKUS_physical_order_create,featureDetail,89
0014,LKUS_physical_order_create,hitBreakStrategy,89
0014,LKUS_payment,extern,87
0014,LKUS_payment,zeusId,87
0014,LKUS_payment,message,87
0014,LKUS_payment,sceneId,87
0014,LKUS_payment,accessId,87
0014,LKUS_payment,requestId,87
0014,LKUS_payment,resultCode,87
0014,LKUS_payment,resultName,87
0014,LKUS_payment,ruleDetail,87
0014,LKUS_payment,featureDetail,87
0014,LKUS_payment,hitBreakStrategy,87
0014,LKUS_payment,hitPreOnlineStrategy,76
0014,LKUS_payment,bestPreOnlineStrategyId,76
0014,LKUS_physical_order_create,hitStrategy,12
0014,LKUS_physical_order_create,bestStrategyId,12
0014,LKUS_payment,hitStrategy,12
0014,LKUS_payment,bestStrategyId,12
0014,LKUS_register,extern,6
0014,LKUS_register,zeusId,6
0014,LKUS_register,message,6
0014,LKUS_register,sceneId,6
0014,LKUS_register,accessId,6
0014,LKUS_register,requestId,6
0014,LKUS_register,resultCode,6
0014,LKUS_register,resultName,6
0014,LKUS_register,ruleDetail,6
0014,LKUS_register,featureDetail,6
0014,LKUS_register,hitBreakStrategy,6
0014,LKUS_grant_new_user_coupon,extern,8
0014,LKUS_grant_new_user_coupon,zeusId,8
0014,LKUS_grant_new_user_coupon,message,8
0014,LKUS_grant_new_user_coupon,sceneId,8
0014,LKUS_grant_new_user_coupon,accessId,8
0014,LKUS_grant_new_user_coupon,requestId,8
0014,LKUS_grant_new_user_coupon,resultCode,8
0014,LKUS_grant_new_user_coupon,resultName,8
0014,LKUS_grant_new_user_coupon,ruleDetail,8
0014,LKUS_grant_new_user_coupon,featureDetail,8
0014,LKUS_grant_new_user_coupon,hitBreakStrategy,8
0014,LKUS_physical_order_cancel,extern,2
0014,LKUS_physical_order_cancel,zeusId,2
0014,LKUS_physical_order_cancel,message,2
0014,LKUS_physical_order_cancel,sceneId,2
0014,LKUS_physical_order_cancel,accessId,2
0014,LKUS_physical_order_cancel,requestId,2
0014,LKUS_physical_order_cancel,resultCode,2
0014,LKUS_physical_order_cancel,resultName,2
0014,LKUS_physical_order_cancel,ruleDetail,2
0014,LKUS_physical_order_cancel,featureDetail,2
0014,LKUS_physical_order_cancel,hitBreakStrategy,2
0014,LKUS_login,hitStrategy,2
0014,LKUS_login,bestStrategyId,2
0015,LKUS_push,extern,53
0015,LKUS_push,zeusId,53
0015,LKUS_push,message,53
0015,LKUS_push,sceneId,53
0015,LKUS_push,accessId,53
0015,LKUS_push,requestId,53
0015,LKUS_push,resultCode,53
0015,LKUS_push,resultName,53
0015,LKUS_push,ruleDetail,53
0015,LKUS_push,hitStrategy,35
0015,LKUS_push,featureDetail,53
0015,LKUS_push,bestStrategyId,35
0015,LKUS_push,hitBreakStrategy,53
0015,LKUS_push,hitPreOnlineStrategy,52
0015,LKUS_push,bestPreOnlineStrategyId,52
0015,LKUS_physical_order_create,extern,99
0015,LKUS_physical_order_create,zeusId,99
0015,LKUS_physical_order_create,message,99
0015,LKUS_physical_order_create,sceneId,99
0015,LKUS_physical_order_create,accessId,99
0015,LKUS_physical_order_create,requestId,99
0015,LKUS_physical_order_create,resultCode,99
0015,LKUS_physical_order_create,resultName,99
0015,LKUS_physical_order_create,ruleDetail,99
0015,LKUS_physical_order_create,featureDetail,99
0015,LKUS_physical_order_create,hitBreakStrategy,99
0015,LKUS_payment,extern,100
0015,LKUS_payment,zeusId,100
0015,LKUS_payment,message,100
0015,LKUS_payment,sceneId,100
0015,LKUS_payment,accessId,100
0015,LKUS_payment,requestId,100
0015,LKUS_payment,resultCode,100
0015,LKUS_payment,resultName,100
0015,LKUS_payment,ruleDetail,100
0015,LKUS_payment,featureDetail,100
0015,LKUS_payment,hitBreakStrategy,100
0015,LKUS_payment,hitPreOnlineStrategy,92
0015,LKUS_payment,bestPreOnlineStrategyId,92
0015,LKUS_register,extern,4
0015,LKUS_register,zeusId,4
0015,LKUS_register,message,4
0015,LKUS_register,sceneId,4
0015,LKUS_register,accessId,4
0015,LKUS_register,requestId,4
0015,LKUS_register,resultCode,4
0015,LKUS_register,resultName,4
0015,LKUS_register,ruleDetail,4
0015,LKUS_register,featureDetail,4
0015,LKUS_register,hitBreakStrategy,4
0015,LKUS_login,extern,16
0015,LKUS_login,zeusId,16
0015,LKUS_login,message,16
0015,LKUS_login,sceneId,16
0015,LKUS_login,accessId,16
0015,LKUS_login,requestId,16
0015,LKUS_login,resultCode,16
0015,LKUS_login,resultName,16
0015,LKUS_login,ruleDetail,16
0015,LKUS_login,featureDetail,16
0015,LKUS_login,hitBreakStrategy,16
0015,LKUS_payment,hitStrategy,15
0015,LKUS_payment,bestStrategyId,15
0015,LKUS_physical_order_create,hitStrategy,15
0015,LKUS_physical_order_create,bestStrategyId,15
0015,LKUS_grant_new_user_coupon,extern,8
0015,LKUS_grant_new_user_coupon,zeusId,8
0015,LKUS_grant_new_user_coupon,message,8
0015,LKUS_grant_new_user_coupon,sceneId,8
0015,LKUS_grant_new_user_coupon,accessId,8
0015,LKUS_grant_new_user_coupon,requestId,8
0015,LKUS_grant_new_user_coupon,resultCode,8
0015,LKUS_grant_new_user_coupon,resultName,8
0015,LKUS_grant_new_user_coupon,ruleDetail,8
0015,LKUS_grant_new_user_coupon,featureDetail,8
0015,LKUS_grant_new_user_coupon,hitBreakStrategy,8
0015,LKUS_captcha,extern,1
0015,LKUS_captcha,zeusId,1
0015,LKUS_captcha,message,1
0015,LKUS_captcha,sceneId,1
0015,LKUS_captcha,accessId,1
0015,LKUS_captcha,requestId,1
0015,LKUS_captcha,resultCode,1
0015,LKUS_captcha,resultName,1
0015,LKUS_captcha,ruleDetail,1
0015,LKUS_captcha,featureDetail,1
0015,LKUS_captcha,hitBreakStrategy,1
0015,LKUS_captcha,hitPreOnlineStrategy,1
0015,LKUS_captcha,bestPreOnlineStrategyId,1
0016,LKUS_push,extern,46
0016,LKUS_push,zeusId,46
0016,LKUS_push,message,46
0016,LKUS_push,sceneId,46
0016,LKUS_push,accessId,46
0016,LKUS_push,requestId,46
0016,LKUS_push,resultCode,46
0016,LKUS_push,resultName,46
0016,LKUS_push,ruleDetail,46
0016,LKUS_push,hitStrategy,18
0016,LKUS_push,featureDetail,46
0016,LKUS_push,bestStrategyId,18
0016,LKUS_push,hitBreakStrategy,46
0016,LKUS_push,hitPreOnlineStrategy,42
0016,LKUS_push,bestPreOnlineStrategyId,42
0016,LKUS_physical_order_create,extern,74
0016,LKUS_physical_order_create,zeusId,74
0016,LKUS_physical_order_create,message,74
0016,LKUS_physical_order_create,sceneId,74
0016,LKUS_physical_order_create,accessId,74
0016,LKUS_physical_order_create,requestId,74
0016,LKUS_physical_order_create,resultCode,74
0016,LKUS_physical_order_create,resultName,74
0016,LKUS_physical_order_create,ruleDetail,74
0016,LKUS_physical_order_create,featureDetail,74
0016,LKUS_physical_order_create,hitBreakStrategy,74
0016,LKUS_payment,extern,74
0016,LKUS_payment,zeusId,74
0016,LKUS_payment,message,74
0016,LKUS_payment,sceneId,74
0016,LKUS_payment,accessId,74
0016,LKUS_payment,requestId,74
0016,LKUS_payment,resultCode,74
0016,LKUS_payment,resultName,74
0016,LKUS_payment,ruleDetail,74
0016,LKUS_payment,featureDetail,74
0016,LKUS_payment,hitBreakStrategy,74
0016,LKUS_payment,hitPreOnlineStrategy,67
0016,LKUS_payment,bestPreOnlineStrategyId,67
0016,LKUS_physical_order_create,hitStrategy,9
0016,LKUS_physical_order_create,bestStrategyId,9
0016,LKUS_payment,hitStrategy,9
0016,LKUS_payment,bestStrategyId,9
0016,LKUS_register,extern,8
0016,LKUS_register,zeusId,8
0016,LKUS_register,message,8
0016,LKUS_register,sceneId,8
0016,LKUS_register,accessId,8
0016,LKUS_register,requestId,8
0016,LKUS_register,resultCode,8
0016,LKUS_register,resultName,8
0016,LKUS_register,ruleDetail,8
0016,LKUS_register,featureDetail,8
0016,LKUS_register,hitBreakStrategy,8
0016,LKUS_login,extern,14
0016,LKUS_login,zeusId,14
0016,LKUS_login,message,14
0016,LKUS_login,sceneId,14
0016,LKUS_login,accessId,14
0016,LKUS_login,requestId,14
0016,LKUS_login,resultCode,14
0016,LKUS_login,resultName,14
0016,LKUS_login,ruleDetail,14
0016,LKUS_login,featureDetail,14
0016,LKUS_login,hitBreakStrategy,14
0016,LKUS_grant_new_user_coupon,extern,11
0016,LKUS_grant_new_user_coupon,zeusId,11
0016,LKUS_grant_new_user_coupon,message,11
0016,LKUS_grant_new_user_coupon,sceneId,11
0016,LKUS_grant_new_user_coupon,accessId,11
0016,LKUS_grant_new_user_coupon,requestId,11
0016,LKUS_grant_new_user_coupon,resultCode,11
0016,LKUS_grant_new_user_coupon,resultName,11
0016,LKUS_grant_new_user_coupon,ruleDetail,11
0016,LKUS_grant_new_user_coupon,featureDetail,11
0016,LKUS_grant_new_user_coupon,hitBreakStrategy,11
0016,LKUS_register,hitStrategy,1
0016,LKUS_register,bestStrategyId,1
0017,LKUS_login,extern,17
0017,LKUS_login,zeusId,17
0017,LKUS_login,message,17
0017,LKUS_login,sceneId,17
0017,LKUS_login,accessId,17
0017,LKUS_login,requestId,17
0017,LKUS_login,resultCode,17
0017,LKUS_login,resultName,17
0017,LKUS_login,ruleDetail,17
0017,LKUS_login,featureDetail,17
0017,LKUS_login,hitBreakStrategy,17
0017,LKUS_push,extern,43
0017,LKUS_push,zeusId,43
0017,LKUS_push,message,43
0017,LKUS_push,sceneId,43
0017,LKUS_push,accessId,43
0017,LKUS_push,requestId,43
0017,LKUS_push,resultCode,43
0017,LKUS_push,resultName,43
0017,LKUS_push,ruleDetail,43
0017,LKUS_push,hitStrategy,27
0017,LKUS_push,featureDetail,43
0017,LKUS_push,bestStrategyId,27
0017,LKUS_push,hitBreakStrategy,43
0017,LKUS_push,hitPreOnlineStrategy,40
0017,LKUS_push,bestPreOnlineStrategyId,40
0017,LKUS_physical_order_create,extern,103
0017,LKUS_physical_order_create,zeusId,103
0017,LKUS_physical_order_create,message,103
0017,LKUS_physical_order_create,sceneId,103
0017,LKUS_physical_order_create,accessId,103
0017,LKUS_physical_order_create,requestId,103
0017,LKUS_physical_order_create,resultCode,103
0017,LKUS_physical_order_create,resultName,103
0017,LKUS_physical_order_create,ruleDetail,103
0017,LKUS_physical_order_create,featureDetail,103
0017,LKUS_physical_order_create,hitBreakStrategy,103
0017,LKUS_payment,extern,102
0017,LKUS_payment,zeusId,102
0017,LKUS_payment,message,102
0017,LKUS_payment,sceneId,102
0017,LKUS_payment,accessId,102
0017,LKUS_payment,requestId,102
0017,LKUS_payment,resultCode,102
0017,LKUS_payment,resultName,102
0017,LKUS_payment,ruleDetail,102
0017,LKUS_payment,featureDetail,102
0017,LKUS_payment,hitBreakStrategy,102
0017,LKUS_payment,hitPreOnlineStrategy,89
0017,LKUS_payment,bestPreOnlineStrategyId,89
0017,LKUS_payment,hitStrategy,7
0017,LKUS_payment,bestStrategyId,7
0017,LKUS_physical_order_create,hitStrategy,7
0017,LKUS_physical_order_create,bestStrategyId,7
0017,LKUS_grant_new_user_coupon,extern,7
0017,LKUS_grant_new_user_coupon,zeusId,7
0017,LKUS_grant_new_user_coupon,message,7
0017,LKUS_grant_new_user_coupon,sceneId,7
0017,LKUS_grant_new_user_coupon,accessId,7
0017,LKUS_grant_new_user_coupon,requestId,7
0017,LKUS_grant_new_user_coupon,resultCode,7
0017,LKUS_grant_new_user_coupon,resultName,7
0017,LKUS_grant_new_user_coupon,ruleDetail,7
0017,LKUS_grant_new_user_coupon,featureDetail,7
0017,LKUS_grant_new_user_coupon,hitBreakStrategy,7
0017,LKUS_register,extern,6
0017,LKUS_register,zeusId,6
0017,LKUS_register,message,6
0017,LKUS_register,sceneId,6
0017,LKUS_register,accessId,6
0017,LKUS_register,requestId,6
0017,LKUS_register,resultCode,6
0017,LKUS_register,resultName,6
0017,LKUS_register,ruleDetail,6
0017,LKUS_register,featureDetail,6
0017,LKUS_register,hitBreakStrategy,6
0017,LKUS_login,hitStrategy,1
0017,LKUS_login,bestStrategyId,1
0018,LKUS_push,extern,56
0018,LKUS_push,zeusId,56
0018,LKUS_push,message,56
0018,LKUS_push,sceneId,56
0018,LKUS_push,accessId,56
0018,LKUS_push,requestId,56
0018,LKUS_push,resultCode,56
0018,LKUS_push,resultName,56
0018,LKUS_push,ruleDetail,56
0018,LKUS_push,hitStrategy,25
0018,LKUS_push,featureDetail,56
0018,LKUS_push,bestStrategyId,25
0018,LKUS_push,hitBreakStrategy,56
0018,LKUS_push,hitPreOnlineStrategy,54
0018,LKUS_push,bestPreOnlineStrategyId,54
0018,LKUS_physical_order_create,extern,93
0018,LKUS_physical_order_create,zeusId,93
0018,LKUS_physical_order_create,message,93
0018,LKUS_physical_order_create,sceneId,93
0018,LKUS_physical_order_create,accessId,93
0018,LKUS_physical_order_create,requestId,93
0018,LKUS_physical_order_create,resultCode,93
0018,LKUS_physical_order_create,resultName,93
0018,LKUS_physical_order_create,ruleDetail,93
0018,LKUS_physical_order_create,featureDetail,93
0018,LKUS_physical_order_create,hitBreakStrategy,93
0018,LKUS_payment,extern,92
0018,LKUS_payment,zeusId,92
0018,LKUS_payment,message,92
0018,LKUS_payment,sceneId,92
0018,LKUS_payment,accessId,92
0018,LKUS_payment,requestId,92
0018,LKUS_payment,resultCode,92
0018,LKUS_payment,resultName,92
0018,LKUS_payment,ruleDetail,92
0018,LKUS_payment,featureDetail,92
0018,LKUS_payment,hitBreakStrategy,92
0018,LKUS_payment,hitPreOnlineStrategy,82
0018,LKUS_payment,bestPreOnlineStrategyId,82
0018,LKUS_physical_order_create,hitStrategy,11
0018,LKUS_physical_order_create,bestStrategyId,11
0018,LKUS_payment,hitStrategy,13
0018,LKUS_payment,bestStrategyId,13
0018,LKUS_grant_new_user_coupon,extern,11
0018,LKUS_grant_new_user_coupon,zeusId,11
0018,LKUS_grant_new_user_coupon,message,11
0018,LKUS_grant_new_user_coupon,sceneId,11
0018,LKUS_grant_new_user_coupon,accessId,11
0018,LKUS_grant_new_user_coupon,requestId,11
0018,LKUS_grant_new_user_coupon,resultCode,11
0018,LKUS_grant_new_user_coupon,resultName,11
0018,LKUS_grant_new_user_coupon,ruleDetail,11
0018,LKUS_grant_new_user_coupon,featureDetail,11
0018,LKUS_grant_new_user_coupon,hitBreakStrategy,11
0018,LKUS_login,extern,14
0018,LKUS_login,zeusId,14
0018,LKUS_login,message,14
0018,LKUS_login,sceneId,14
0018,LKUS_login,accessId,14
0018,LKUS_login,requestId,14
0018,LKUS_login,resultCode,14
0018,LKUS_login,resultName,14
0018,LKUS_login,ruleDetail,14
0018,LKUS_login,featureDetail,14
0018,LKUS_login,hitBreakStrategy,14
0018,LKUS_register,extern,17
0018,LKUS_register,zeusId,17
0018,LKUS_register,message,17
0018,LKUS_register,sceneId,17
0018,LKUS_register,accessId,17
0018,LKUS_register,requestId,17
0018,LKUS_register,resultCode,17
0018,LKUS_register,resultName,17
0018,LKUS_register,ruleDetail,17
0018,LKUS_register,featureDetail,17
0018,LKUS_register,hitBreakStrategy,17
0018,LKUS_physical_order_cancel,extern,1
0018,LKUS_physical_order_cancel,zeusId,1
0018,LKUS_physical_order_cancel,message,1
0018,LKUS_physical_order_cancel,sceneId,1
0018,LKUS_physical_order_cancel,accessId,1
0018,LKUS_physical_order_cancel,requestId,1
0018,LKUS_physical_order_cancel,resultCode,1
0018,LKUS_physical_order_cancel,resultName,1
0018,LKUS_physical_order_cancel,ruleDetail,1
0018,LKUS_physical_order_cancel,featureDetail,1
0018,LKUS_physical_order_cancel,hitBreakStrategy,1
0019,LKUS_push,extern,38
0019,LKUS_push,zeusId,38
0019,LKUS_push,message,38
0019,LKUS_push,sceneId,38
0019,LKUS_push,accessId,38
0019,LKUS_push,requestId,38
0019,LKUS_push,resultCode,38
0019,LKUS_push,resultName,38
0019,LKUS_push,ruleDetail,38
0019,LKUS_push,hitStrategy,16
0019,LKUS_push,featureDetail,38
0019,LKUS_push,bestStrategyId,16
0019,LKUS_push,hitBreakStrategy,38
0019,LKUS_push,hitPreOnlineStrategy,38
0019,LKUS_push,bestPreOnlineStrategyId,38
0019,LKUS_physical_order_create,extern,91
0019,LKUS_physical_order_create,zeusId,91
0019,LKUS_physical_order_create,message,91
0019,LKUS_physical_order_create,sceneId,91
0019,LKUS_physical_order_create,accessId,91
0019,LKUS_physical_order_create,requestId,91
0019,LKUS_physical_order_create,resultCode,91
0019,LKUS_physical_order_create,resultName,91
0019,LKUS_physical_order_create,ruleDetail,91
0019,LKUS_physical_order_create,hitStrategy,19
0019,LKUS_physical_order_create,featureDetail,91
0019,LKUS_physical_order_create,bestStrategyId,19
0019,LKUS_physical_order_create,hitBreakStrategy,91
0019,LKUS_payment,extern,88
0019,LKUS_payment,zeusId,88
0019,LKUS_payment,message,88
0019,LKUS_payment,sceneId,88
0019,LKUS_payment,accessId,88
0019,LKUS_payment,requestId,88
0019,LKUS_payment,resultCode,88
0019,LKUS_payment,resultName,88
0019,LKUS_payment,ruleDetail,88
0019,LKUS_payment,hitStrategy,19
0019,LKUS_payment,featureDetail,88
0019,LKUS_payment,bestStrategyId,19
0019,LKUS_payment,hitBreakStrategy,88
0019,LKUS_payment,hitPreOnlineStrategy,82
0019,LKUS_payment,bestPreOnlineStrategyId,82
0019,LKUS_login,extern,16
0019,LKUS_login,zeusId,16
0019,LKUS_login,message,16
0019,LKUS_login,sceneId,16
0019,LKUS_login,accessId,16
0019,LKUS_login,requestId,16
0019,LKUS_login,resultCode,16
0019,LKUS_login,resultName,16
0019,LKUS_login,ruleDetail,16
0019,LKUS_login,featureDetail,16
0019,LKUS_login,hitBreakStrategy,16
0019,LKUS_grant_new_user_coupon,extern,12
0019,LKUS_grant_new_user_coupon,zeusId,12
0019,LKUS_grant_new_user_coupon,message,12
0019,LKUS_grant_new_user_coupon,sceneId,12
0019,LKUS_grant_new_user_coupon,accessId,12
0019,LKUS_grant_new_user_coupon,requestId,12
0019,LKUS_grant_new_user_coupon,resultCode,12
0019,LKUS_grant_new_user_coupon,resultName,12
0019,LKUS_grant_new_user_coupon,ruleDetail,12
0019,LKUS_grant_new_user_coupon,featureDetail,12
0019,LKUS_grant_new_user_coupon,hitBreakStrategy,12
0019,LKUS_register,extern,10
0019,LKUS_register,zeusId,10
0019,LKUS_register,message,10
0019,LKUS_register,sceneId,10
0019,LKUS_register,accessId,10
0019,LKUS_register,requestId,10
0019,LKUS_register,resultCode,10
0019,LKUS_register,resultName,10
0019,LKUS_register,ruleDetail,10
0019,LKUS_register,featureDetail,10
0019,LKUS_register,hitBreakStrategy,10
0019,LKUS_login,hitStrategy,1
0019,LKUS_login,bestStrategyId,1
0020,LKUS_push,extern,39
0020,LKUS_push,zeusId,39
0020,LKUS_push,message,39
0020,LKUS_push,sceneId,39
0020,LKUS_push,accessId,39
0020,LKUS_push,requestId,39
0020,LKUS_push,resultCode,39
0020,LKUS_push,resultName,39
0020,LKUS_push,ruleDetail,39
0020,LKUS_push,featureDetail,39
0020,LKUS_push,hitBreakStrategy,39
0020,LKUS_push,hitPreOnlineStrategy,37
0020,LKUS_push,bestPreOnlineStrategyId,37
0020,LKUS_push,hitStrategy,14
0020,LKUS_push,bestStrategyId,14
0020,LKUS_physical_order_create,extern,121
0020,LKUS_physical_order_create,zeusId,121
0020,LKUS_physical_order_create,message,121
0020,LKUS_physical_order_create,sceneId,121
0020,LKUS_physical_order_create,accessId,121
0020,LKUS_physical_order_create,requestId,121
0020,LKUS_physical_order_create,resultCode,121
0020,LKUS_physical_order_create,resultName,121
0020,LKUS_physical_order_create,ruleDetail,121
0020,LKUS_physical_order_create,featureDetail,121
0020,LKUS_physical_order_create,hitBreakStrategy,121
0020,LKUS_payment,extern,126
0020,LKUS_payment,zeusId,126
0020,LKUS_payment,message,126
0020,LKUS_payment,sceneId,126
0020,LKUS_payment,accessId,126
0020,LKUS_payment,requestId,126
0020,LKUS_payment,resultCode,126
0020,LKUS_payment,resultName,126
0020,LKUS_payment,ruleDetail,126
0020,LKUS_payment,featureDetail,126
0020,LKUS_payment,hitBreakStrategy,126
0020,LKUS_payment,hitPreOnlineStrategy,116
0020,LKUS_payment,bestPreOnlineStrategyId,116
0020,LKUS_grant_new_user_coupon,extern,8
0020,LKUS_grant_new_user_coupon,zeusId,8
0020,LKUS_grant_new_user_coupon,message,8
0020,LKUS_grant_new_user_coupon,sceneId,8
0020,LKUS_grant_new_user_coupon,accessId,8
0020,LKUS_grant_new_user_coupon,requestId,8
0020,LKUS_grant_new_user_coupon,resultCode,8
0020,LKUS_grant_new_user_coupon,resultName,8
0020,LKUS_grant_new_user_coupon,ruleDetail,8
0020,LKUS_grant_new_user_coupon,featureDetail,8
0020,LKUS_grant_new_user_coupon,hitBreakStrategy,8
0020,LKUS_login,extern,14
0020,LKUS_login,zeusId,14
0020,LKUS_login,message,14
0020,LKUS_login,sceneId,14
0020,LKUS_login,accessId,14
0020,LKUS_login,requestId,14
0020,LKUS_login,resultCode,14
0020,LKUS_login,resultName,14
0020,LKUS_login,ruleDetail,14
0020,LKUS_login,featureDetail,14
0020,LKUS_login,hitBreakStrategy,14
0020,LKUS_physical_order_create,hitStrategy,17
0020,LKUS_physical_order_create,bestStrategyId,17
0020,LKUS_payment,hitStrategy,17
0020,LKUS_payment,bestStrategyId,17
0020,LKUS_register,extern,10
0020,LKUS_register,zeusId,10
0020,LKUS_register,message,10
0020,LKUS_register,sceneId,10
0020,LKUS_register,accessId,10
0020,LKUS_register,requestId,10
0020,LKUS_register,resultCode,10
0020,LKUS_register,resultName,10
0020,LKUS_register,ruleDetail,10
0020,LKUS_register,featureDetail,10
0020,LKUS_register,hitBreakStrategy,10
0020,LKUS_physical_order_cancel,extern,1
0020,LKUS_physical_order_cancel,zeusId,1
0020,LKUS_physical_order_cancel,message,1
0020,LKUS_physical_order_cancel,sceneId,1
0020,LKUS_physical_order_cancel,accessId,1
0020,LKUS_physical_order_cancel,requestId,1
0020,LKUS_physical_order_cancel,resultCode,1
0020,LKUS_physical_order_cancel,resultName,1
0020,LKUS_physical_order_cancel,ruleDetail,1
0020,LKUS_physical_order_cancel,featureDetail,1
0020,LKUS_physical_order_cancel,hitBreakStrategy,1
0020,LKUS_login,hitStrategy,1
0020,LKUS_login,bestStrategyId,1
0020,LKUS_register,hitStrategy,1
0020,LKUS_register,bestStrategyId,1
0021,LKUS_push,extern,37
0021,LKUS_push,zeusId,37
0021,LKUS_push,message,37
0021,LKUS_push,sceneId,37
0021,LKUS_push,accessId,37
0021,LKUS_push,requestId,37
0021,LKUS_push,resultCode,37
0021,LKUS_push,resultName,37
0021,LKUS_push,ruleDetail,37
0021,LKUS_push,hitStrategy,9
0021,LKUS_push,featureDetail,37
0021,LKUS_push,bestStrategyId,9
0021,LKUS_push,hitBreakStrategy,37
0021,LKUS_push,hitPreOnlineStrategy,37
0021,LKUS_push,bestPreOnlineStrategyId,37
0021,LKUS_register,extern,13
0021,LKUS_register,zeusId,13
0021,LKUS_register,message,13
0021,LKUS_register,sceneId,13
0021,LKUS_register,accessId,13
0021,LKUS_register,requestId,13
0021,LKUS_register,resultCode,13
0021,LKUS_register,resultName,13
0021,LKUS_register,ruleDetail,13
0021,LKUS_register,featureDetail,13
0021,LKUS_register,hitBreakStrategy,13
0021,LKUS_login,extern,15
0021,LKUS_login,zeusId,15
0021,LKUS_login,message,15
0021,LKUS_login,sceneId,15
0021,LKUS_login,accessId,15
0021,LKUS_login,requestId,15
0021,LKUS_login,resultCode,15
0021,LKUS_login,resultName,15
0021,LKUS_login,ruleDetail,15
0021,LKUS_login,featureDetail,15
0021,LKUS_login,hitBreakStrategy,15
0021,LKUS_physical_order_create,extern,102
0021,LKUS_physical_order_create,zeusId,102
0021,LKUS_physical_order_create,message,102
0021,LKUS_physical_order_create,sceneId,102
0021,LKUS_physical_order_create,accessId,102
0021,LKUS_physical_order_create,requestId,102
0021,LKUS_physical_order_create,resultCode,102
0021,LKUS_physical_order_create,resultName,102
0021,LKUS_physical_order_create,ruleDetail,102
0021,LKUS_physical_order_create,hitStrategy,17
0021,LKUS_physical_order_create,featureDetail,102
0021,LKUS_physical_order_create,bestStrategyId,17
0021,LKUS_physical_order_create,hitBreakStrategy,102
0021,LKUS_payment,extern,103
0021,LKUS_payment,zeusId,103
0021,LKUS_payment,message,103
0021,LKUS_payment,sceneId,103
0021,LKUS_payment,accessId,103
0021,LKUS_payment,requestId,103
0021,LKUS_payment,resultCode,103
0021,LKUS_payment,resultName,103
0021,LKUS_payment,ruleDetail,103
0021,LKUS_payment,hitStrategy,18
0021,LKUS_payment,featureDetail,103
0021,LKUS_payment,bestStrategyId,18
0021,LKUS_payment,hitBreakStrategy,103
0021,LKUS_payment,hitPreOnlineStrategy,97
0021,LKUS_payment,bestPreOnlineStrategyId,97
0021,LKUS_grant_new_user_coupon,extern,7
0021,LKUS_grant_new_user_coupon,zeusId,7
0021,LKUS_grant_new_user_coupon,message,7
0021,LKUS_grant_new_user_coupon,sceneId,7
0021,LKUS_grant_new_user_coupon,accessId,7
0021,LKUS_grant_new_user_coupon,requestId,7
0021,LKUS_grant_new_user_coupon,resultCode,7
0021,LKUS_grant_new_user_coupon,resultName,7
0021,LKUS_grant_new_user_coupon,ruleDetail,7
0021,LKUS_grant_new_user_coupon,featureDetail,7
0021,LKUS_grant_new_user_coupon,hitBreakStrategy,7
0021,LKUS_physical_order_cancel,extern,1
0021,LKUS_physical_order_cancel,zeusId,1
0021,LKUS_physical_order_cancel,message,1
0021,LKUS_physical_order_cancel,sceneId,1
0021,LKUS_physical_order_cancel,accessId,1
0021,LKUS_physical_order_cancel,requestId,1
0021,LKUS_physical_order_cancel,resultCode,1
0021,LKUS_physical_order_cancel,resultName,1
0021,LKUS_physical_order_cancel,ruleDetail,1
0021,LKUS_physical_order_cancel,featureDetail,1
0021,LKUS_physical_order_cancel,hitBreakStrategy,1
0021,LKUS_login,hitStrategy,2
0021,LKUS_login,bestStrategyId,2
0022,LKUS_push,extern,81
0022,LKUS_push,zeusId,81
0022,LKUS_push,message,81
0022,LKUS_push,sceneId,81
0022,LKUS_push,accessId,81
0022,LKUS_push,requestId,81
0022,LKUS_push,resultCode,81
0022,LKUS_push,resultName,81
0022,LKUS_push,ruleDetail,81
0022,LKUS_push,hitStrategy,52
0022,LKUS_push,featureDetail,81
0022,LKUS_push,bestStrategyId,52
0022,LKUS_push,hitBreakStrategy,81
0022,LKUS_push,hitPreOnlineStrategy,75
0022,LKUS_push,bestPreOnlineStrategyId,75
0022,LKUS_physical_order_create,extern,83
0022,LKUS_physical_order_create,zeusId,83
0022,LKUS_physical_order_create,message,83
0022,LKUS_physical_order_create,sceneId,83
0022,LKUS_physical_order_create,accessId,83
0022,LKUS_physical_order_create,requestId,83
0022,LKUS_physical_order_create,resultCode,83
0022,LKUS_physical_order_create,resultName,83
0022,LKUS_physical_order_create,ruleDetail,83
0022,LKUS_physical_order_create,featureDetail,83
0022,LKUS_physical_order_create,hitBreakStrategy,83
0022,LKUS_payment,extern,84
0022,LKUS_payment,zeusId,84
0022,LKUS_payment,message,84
0022,LKUS_payment,sceneId,84
0022,LKUS_payment,accessId,84
0022,LKUS_payment,requestId,84
0022,LKUS_payment,resultCode,84
0022,LKUS_payment,resultName,84
0022,LKUS_payment,ruleDetail,84
0022,LKUS_payment,featureDetail,84
0022,LKUS_payment,hitBreakStrategy,84
0022,LKUS_payment,hitPreOnlineStrategy,81
0022,LKUS_payment,bestPreOnlineStrategyId,81
0022,LKUS_register,extern,8
0022,LKUS_register,zeusId,8
0022,LKUS_register,message,8
0022,LKUS_register,sceneId,8
0022,LKUS_register,accessId,8
0022,LKUS_register,requestId,8
0022,LKUS_register,resultCode,8
0022,LKUS_register,resultName,8
0022,LKUS_register,ruleDetail,8
0022,LKUS_register,featureDetail,8
0022,LKUS_register,hitBreakStrategy,8
0022,LKUS_register,hitStrategy,3
0022,LKUS_register,bestStrategyId,3
0022,LKUS_physical_order_cancel,extern,2
0022,LKUS_physical_order_cancel,zeusId,2
0022,LKUS_physical_order_cancel,message,2
0022,LKUS_physical_order_cancel,sceneId,2
0022,LKUS_physical_order_cancel,accessId,2
0022,LKUS_physical_order_cancel,requestId,2
0022,LKUS_physical_order_cancel,resultCode,2
0022,LKUS_physical_order_cancel,resultName,2
0022,LKUS_physical_order_cancel,ruleDetail,2
0022,LKUS_physical_order_cancel,featureDetail,2
0022,LKUS_physical_order_cancel,hitBreakStrategy,2
0022,LKUS_physical_order_create,hitStrategy,21
0022,LKUS_physical_order_create,bestStrategyId,21
0022,LKUS_payment,hitStrategy,22
0022,LKUS_payment,bestStrategyId,22
0022,LKUS_grant_new_user_coupon,extern,6
0022,LKUS_grant_new_user_coupon,zeusId,6
0022,LKUS_grant_new_user_coupon,message,6
0022,LKUS_grant_new_user_coupon,sceneId,6
0022,LKUS_grant_new_user_coupon,accessId,6
0022,LKUS_grant_new_user_coupon,requestId,6
0022,LKUS_grant_new_user_coupon,resultCode,6
0022,LKUS_grant_new_user_coupon,resultName,6
0022,LKUS_grant_new_user_coupon,ruleDetail,6
0022,LKUS_grant_new_user_coupon,featureDetail,6
0022,LKUS_grant_new_user_coupon,hitBreakStrategy,6
0022,LKUS_login,extern,13
0022,LKUS_login,zeusId,13
0022,LKUS_login,message,13
0022,LKUS_login,sceneId,13
0022,LKUS_login,accessId,13
0022,LKUS_login,requestId,13
0022,LKUS_login,resultCode,13
0022,LKUS_login,resultName,13
0022,LKUS_login,ruleDetail,13
0022,LKUS_login,featureDetail,13
0022,LKUS_login,hitBreakStrategy,13
0022,LKUS_login,hitStrategy,2
0022,LKUS_login,bestStrategyId,2
0023,LKUS_push,extern,66
0023,LKUS_push,zeusId,66
0023,LKUS_push,message,66
0023,LKUS_push,sceneId,66
0023,LKUS_push,accessId,66
0023,LKUS_push,requestId,66
0023,LKUS_push,resultCode,66
0023,LKUS_push,resultName,66
0023,LKUS_push,ruleDetail,66
0023,LKUS_push,hitStrategy,28
0023,LKUS_push,featureDetail,66
0023,LKUS_push,bestStrategyId,28
0023,LKUS_push,hitBreakStrategy,66
0023,LKUS_push,hitPreOnlineStrategy,65
0023,LKUS_push,bestPreOnlineStrategyId,65
0023,LKUS_login,extern,23
0023,LKUS_login,zeusId,23
0023,LKUS_login,message,23
0023,LKUS_login,sceneId,23
0023,LKUS_login,accessId,23
0023,LKUS_login,requestId,23
0023,LKUS_login,resultCode,23
0023,LKUS_login,resultName,23
0023,LKUS_login,ruleDetail,23
0023,LKUS_login,featureDetail,23
0023,LKUS_login,hitBreakStrategy,23
0023,LKUS_grant_new_user_coupon,extern,13
0023,LKUS_grant_new_user_coupon,zeusId,13
0023,LKUS_grant_new_user_coupon,message,13
0023,LKUS_grant_new_user_coupon,sceneId,13
0023,LKUS_grant_new_user_coupon,accessId,13
0023,LKUS_grant_new_user_coupon,requestId,13
0023,LKUS_grant_new_user_coupon,resultCode,13
0023,LKUS_grant_new_user_coupon,resultName,13
0023,LKUS_grant_new_user_coupon,ruleDetail,13
0023,LKUS_grant_new_user_coupon,featureDetail,13
0023,LKUS_grant_new_user_coupon,hitBreakStrategy,13
0023,LKUS_physical_order_create,extern,94
0023,LKUS_physical_order_create,zeusId,94
0023,LKUS_physical_order_create,message,94
0023,LKUS_physical_order_create,sceneId,94
0023,LKUS_physical_order_create,accessId,94
0023,LKUS_physical_order_create,requestId,94
0023,LKUS_physical_order_create,resultCode,94
0023,LKUS_physical_order_create,resultName,94
0023,LKUS_physical_order_create,ruleDetail,94
0023,LKUS_physical_order_create,featureDetail,94
0023,LKUS_physical_order_create,hitBreakStrategy,94
0023,LKUS_payment,extern,92
0023,LKUS_payment,zeusId,92
0023,LKUS_payment,message,92
0023,LKUS_payment,sceneId,92
0023,LKUS_payment,accessId,92
0023,LKUS_payment,requestId,92
0023,LKUS_payment,resultCode,92
0023,LKUS_payment,resultName,92
0023,LKUS_payment,ruleDetail,92
0023,LKUS_payment,featureDetail,92
0023,LKUS_payment,hitBreakStrategy,92
0023,LKUS_payment,hitPreOnlineStrategy,80
0023,LKUS_payment,bestPreOnlineStrategyId,80
0023,LKUS_physical_order_create,hitStrategy,21
0023,LKUS_physical_order_create,bestStrategyId,21
0023,LKUS_payment,hitStrategy,21
0023,LKUS_payment,bestStrategyId,21
0023,LKUS_login,hitStrategy,1
0023,LKUS_login,bestStrategyId,1
0023,LKUS_register,extern,8
0023,LKUS_register,zeusId,8
0023,LKUS_register,message,8
0023,LKUS_register,sceneId,8
0023,LKUS_register,accessId,8
0023,LKUS_register,requestId,8
0023,LKUS_register,resultCode,8
0023,LKUS_register,resultName,8
0023,LKUS_register,ruleDetail,8
0023,LKUS_register,featureDetail,8
0023,LKUS_register,hitBreakStrategy,8
0023,LKUS_physical_order_cancel,extern,1
0023,LKUS_physical_order_cancel,zeusId,1
0023,LKUS_physical_order_cancel,message,1
0023,LKUS_physical_order_cancel,sceneId,1
0023,LKUS_physical_order_cancel,accessId,1
0023,LKUS_physical_order_cancel,requestId,1
0023,LKUS_physical_order_cancel,resultCode,1
0023,LKUS_physical_order_cancel,resultName,1
0023,LKUS_physical_order_cancel,ruleDetail,1
0023,LKUS_physical_order_cancel,featureDetail,1
0023,LKUS_physical_order_cancel,hitBreakStrategy,1
0023,LKUS_captcha,extern,1
0023,LKUS_captcha,zeusId,1
0023,LKUS_captcha,message,1
0023,LKUS_captcha,sceneId,1
0023,LKUS_captcha,accessId,1
0023,LKUS_captcha,requestId,1
0023,LKUS_captcha,resultCode,1
0023,LKUS_captcha,resultName,1
0023,LKUS_captcha,ruleDetail,1
0023,LKUS_captcha,featureDetail,1
0023,LKUS_captcha,hitBreakStrategy,1
0023,LKUS_captcha,hitPreOnlineStrategy,1
0023,LKUS_captcha,bestPreOnlineStrategyId,1
0024,LKUS_push,extern,54
0024,LKUS_push,zeusId,54
0024,LKUS_push,message,54
0024,LKUS_push,sceneId,54
0024,LKUS_push,accessId,54
0024,LKUS_push,requestId,54
0024,LKUS_push,resultCode,54
0024,LKUS_push,resultName,54
0024,LKUS_push,ruleDetail,54
0024,LKUS_push,hitStrategy,20
0024,LKUS_push,featureDetail,54
0024,LKUS_push,bestStrategyId,20
0024,LKUS_push,hitBreakStrategy,54
0024,LKUS_push,hitPreOnlineStrategy,54
0024,LKUS_push,bestPreOnlineStrategyId,54
0024,LKUS_physical_order_create,extern,91
0024,LKUS_physical_order_create,zeusId,91
0024,LKUS_physical_order_create,message,91
0024,LKUS_physical_order_create,sceneId,91
0024,LKUS_physical_order_create,accessId,91
0024,LKUS_physical_order_create,requestId,91
0024,LKUS_physical_order_create,resultCode,91
0024,LKUS_physical_order_create,resultName,91
0024,LKUS_physical_order_create,ruleDetail,91
0024,LKUS_physical_order_create,featureDetail,91
0024,LKUS_physical_order_create,hitBreakStrategy,91
0024,LKUS_payment,extern,86
0024,LKUS_payment,zeusId,86
0024,LKUS_payment,message,86
0024,LKUS_payment,sceneId,86
0024,LKUS_payment,accessId,86
0024,LKUS_payment,requestId,86
0024,LKUS_payment,resultCode,86
0024,LKUS_payment,resultName,86
0024,LKUS_payment,ruleDetail,86
0024,LKUS_payment,featureDetail,86
0024,LKUS_payment,hitBreakStrategy,86
0024,LKUS_payment,hitPreOnlineStrategy,77
0024,LKUS_payment,bestPreOnlineStrategyId,77
0024,LKUS_login,extern,15
0024,LKUS_login,zeusId,15
0024,LKUS_login,message,15
0024,LKUS_login,sceneId,15
0024,LKUS_login,accessId,15
0024,LKUS_login,requestId,15
0024,LKUS_login,resultCode,15
0024,LKUS_login,resultName,15
0024,LKUS_login,ruleDetail,15
0024,LKUS_login,featureDetail,15
0024,LKUS_login,hitBreakStrategy,15
0024,LKUS_physical_order_create,hitStrategy,16
0024,LKUS_physical_order_create,bestStrategyId,16
0024,LKUS_payment,hitStrategy,16
0024,LKUS_payment,bestStrategyId,16
0024,LKUS_register,extern,10
0024,LKUS_register,zeusId,10
0024,LKUS_register,message,10
0024,LKUS_register,sceneId,10
0024,LKUS_register,accessId,10
0024,LKUS_register,requestId,10
0024,LKUS_register,resultCode,10
0024,LKUS_register,resultName,10
0024,LKUS_register,ruleDetail,10
0024,LKUS_register,featureDetail,10
0024,LKUS_register,hitBreakStrategy,10
0024,LKUS_grant_new_user_coupon,extern,6
0024,LKUS_grant_new_user_coupon,zeusId,6
0024,LKUS_grant_new_user_coupon,message,6
0024,LKUS_grant_new_user_coupon,sceneId,6
0024,LKUS_grant_new_user_coupon,accessId,6
0024,LKUS_grant_new_user_coupon,requestId,6
0024,LKUS_grant_new_user_coupon,resultCode,6
0024,LKUS_grant_new_user_coupon,resultName,6
0024,LKUS_grant_new_user_coupon,ruleDetail,6
0024,LKUS_grant_new_user_coupon,featureDetail,6
0024,LKUS_grant_new_user_coupon,hitBreakStrategy,6
0024,LKUS_login,hitStrategy,1
0024,LKUS_login,bestStrategyId,1
0025,LKUS_push,extern,51
0025,LKUS_push,zeusId,51
0025,LKUS_push,message,51
0025,LKUS_push,sceneId,51
0025,LKUS_push,accessId,51
0025,LKUS_push,requestId,51
0025,LKUS_push,resultCode,51
0025,LKUS_push,resultName,51
0025,LKUS_push,ruleDetail,51
0025,LKUS_push,hitStrategy,19
0025,LKUS_push,featureDetail,51
0025,LKUS_push,bestStrategyId,19
0025,LKUS_push,hitBreakStrategy,51
0025,LKUS_push,hitPreOnlineStrategy,47
0025,LKUS_push,bestPreOnlineStrategyId,47
0025,LKUS_physical_order_create,extern,96
0025,LKUS_physical_order_create,zeusId,96
0025,LKUS_physical_order_create,message,96
0025,LKUS_physical_order_create,sceneId,96
0025,LKUS_physical_order_create,accessId,96
0025,LKUS_physical_order_create,requestId,96
0025,LKUS_physical_order_create,resultCode,96
0025,LKUS_physical_order_create,resultName,96
0025,LKUS_physical_order_create,ruleDetail,96
0025,LKUS_physical_order_create,featureDetail,96
0025,LKUS_physical_order_create,hitBreakStrategy,96
0025,LKUS_payment,extern,93
0025,LKUS_payment,zeusId,93
0025,LKUS_payment,message,93
0025,LKUS_payment,sceneId,93
0025,LKUS_payment,accessId,93
0025,LKUS_payment,requestId,93
0025,LKUS_payment,resultCode,93
0025,LKUS_payment,resultName,93
0025,LKUS_payment,ruleDetail,93
0025,LKUS_payment,featureDetail,93
0025,LKUS_payment,hitBreakStrategy,93
0025,LKUS_payment,hitPreOnlineStrategy,85
0025,LKUS_payment,bestPreOnlineStrategyId,85
0025,LKUS_login,extern,16
0025,LKUS_login,zeusId,16
0025,LKUS_login,message,16
0025,LKUS_login,sceneId,16
0025,LKUS_login,accessId,16
0025,LKUS_login,requestId,16
0025,LKUS_login,resultCode,16
0025,LKUS_login,resultName,16
0025,LKUS_login,ruleDetail,16
0025,LKUS_login,featureDetail,16
0025,LKUS_login,hitBreakStrategy,16
0025,LKUS_grant_new_user_coupon,extern,10
0025,LKUS_grant_new_user_coupon,zeusId,10
0025,LKUS_grant_new_user_coupon,message,10
0025,LKUS_grant_new_user_coupon,sceneId,10
0025,LKUS_grant_new_user_coupon,accessId,10
0025,LKUS_grant_new_user_coupon,requestId,10
0025,LKUS_grant_new_user_coupon,resultCode,10
0025,LKUS_grant_new_user_coupon,resultName,10
0025,LKUS_grant_new_user_coupon,ruleDetail,10
0025,LKUS_grant_new_user_coupon,featureDetail,10
0025,LKUS_grant_new_user_coupon,hitBreakStrategy,10
0025,LKUS_physical_order_create,hitStrategy,14
0025,LKUS_physical_order_create,bestStrategyId,14
0025,LKUS_payment,hitStrategy,14
0025,LKUS_payment,bestStrategyId,14
0025,LKUS_register,extern,4
0025,LKUS_register,zeusId,4
0025,LKUS_register,message,4
0025,LKUS_register,sceneId,4
0025,LKUS_register,accessId,4
0025,LKUS_register,requestId,4
0025,LKUS_register,resultCode,4
0025,LKUS_register,resultName,4
0025,LKUS_register,ruleDetail,4
0025,LKUS_register,featureDetail,4
0025,LKUS_register,hitBreakStrategy,4
0025,LKUS_login,hitStrategy,1
0025,LKUS_login,bestStrategyId,1
0025,LKUS_physical_order_cancel,extern,1
0025,LKUS_physical_order_cancel,zeusId,1
0025,LKUS_physical_order_cancel,message,1
0025,LKUS_physical_order_cancel,sceneId,1
0025,LKUS_physical_order_cancel,accessId,1
0025,LKUS_physical_order_cancel,requestId,1
0025,LKUS_physical_order_cancel,resultCode,1
0025,LKUS_physical_order_cancel,resultName,1
0025,LKUS_physical_order_cancel,ruleDetail,1
0025,LKUS_physical_order_cancel,featureDetail,1
0025,LKUS_physical_order_cancel,hitBreakStrategy,1
0026,LKUS_push,extern,53
0026,LKUS_push,zeusId,53
0026,LKUS_push,message,53
0026,LKUS_push,sceneId,53
0026,LKUS_push,accessId,53
0026,LKUS_push,requestId,53
0026,LKUS_push,resultCode,53
0026,LKUS_push,resultName,53
0026,LKUS_push,ruleDetail,53
0026,LKUS_push,hitStrategy,30
0026,LKUS_push,featureDetail,53
0026,LKUS_push,bestStrategyId,30
0026,LKUS_push,hitBreakStrategy,53
0026,LKUS_push,hitPreOnlineStrategy,51
0026,LKUS_push,bestPreOnlineStrategyId,51
0026,LKUS_login,extern,21
0026,LKUS_login,zeusId,21
0026,LKUS_login,message,21
0026,LKUS_login,sceneId,21
0026,LKUS_login,accessId,21
0026,LKUS_login,requestId,21
0026,LKUS_login,resultCode,21
0026,LKUS_login,resultName,21
0026,LKUS_login,ruleDetail,21
0026,LKUS_login,featureDetail,21
0026,LKUS_login,hitBreakStrategy,21
0026,LKUS_physical_order_create,extern,99
0026,LKUS_physical_order_create,zeusId,99
0026,LKUS_physical_order_create,message,99
0026,LKUS_physical_order_create,sceneId,99
0026,LKUS_physical_order_create,accessId,99
0026,LKUS_physical_order_create,requestId,99
0026,LKUS_physical_order_create,resultCode,99
0026,LKUS_physical_order_create,resultName,99
0026,LKUS_physical_order_create,ruleDetail,99
0026,LKUS_physical_order_create,featureDetail,99
0026,LKUS_physical_order_create,hitBreakStrategy,99
0026,LKUS_payment,extern,99
0026,LKUS_payment,zeusId,99
0026,LKUS_payment,message,99
0026,LKUS_payment,sceneId,99
0026,LKUS_payment,accessId,99
0026,LKUS_payment,requestId,99
0026,LKUS_payment,resultCode,99
0026,LKUS_payment,resultName,99
0026,LKUS_payment,ruleDetail,99
0026,LKUS_payment,featureDetail,99
0026,LKUS_payment,hitBreakStrategy,99
0026,LKUS_payment,hitPreOnlineStrategy,91
0026,LKUS_payment,bestPreOnlineStrategyId,91
0026,LKUS_physical_order_cancel,extern,2
0026,LKUS_physical_order_cancel,zeusId,2
0026,LKUS_physical_order_cancel,message,2
0026,LKUS_physical_order_cancel,sceneId,2
0026,LKUS_physical_order_cancel,accessId,2
0026,LKUS_physical_order_cancel,requestId,2
0026,LKUS_physical_order_cancel,resultCode,2
0026,LKUS_physical_order_cancel,resultName,2
0026,LKUS_physical_order_cancel,ruleDetail,2
0026,LKUS_physical_order_cancel,featureDetail,2
0026,LKUS_physical_order_cancel,hitBreakStrategy,2
0026,LKUS_register,extern,6
0026,LKUS_register,zeusId,6
0026,LKUS_register,message,6
0026,LKUS_register,sceneId,6
0026,LKUS_register,accessId,6
0026,LKUS_register,requestId,6
0026,LKUS_register,resultCode,6
0026,LKUS_register,resultName,6
0026,LKUS_register,ruleDetail,6
0026,LKUS_register,featureDetail,6
0026,LKUS_register,hitBreakStrategy,6
0026,LKUS_physical_order_create,hitStrategy,12
0026,LKUS_physical_order_create,bestStrategyId,12
0026,LKUS_payment,hitStrategy,12
0026,LKUS_payment,bestStrategyId,12
0026,LKUS_grant_new_user_coupon,extern,13
0026,LKUS_grant_new_user_coupon,zeusId,13
0026,LKUS_grant_new_user_coupon,message,13
0026,LKUS_grant_new_user_coupon,sceneId,13
0026,LKUS_grant_new_user_coupon,accessId,13
0026,LKUS_grant_new_user_coupon,requestId,13
0026,LKUS_grant_new_user_coupon,resultCode,13
0026,LKUS_grant_new_user_coupon,resultName,13
0026,LKUS_grant_new_user_coupon,ruleDetail,13
0026,LKUS_grant_new_user_coupon,featureDetail,13
0026,LKUS_grant_new_user_coupon,hitBreakStrategy,13
0026,LKUS_captcha,extern,1
0026,LKUS_captcha,zeusId,1
0026,LKUS_captcha,message,1
0026,LKUS_captcha,sceneId,1
0026,LKUS_captcha,accessId,1
0026,LKUS_captcha,requestId,1
0026,LKUS_captcha,resultCode,1
0026,LKUS_captcha,resultName,1
0026,LKUS_captcha,ruleDetail,1
0026,LKUS_captcha,featureDetail,1
0026,LKUS_captcha,hitBreakStrategy,1
0027,LKUS_push,extern,51
0027,LKUS_push,zeusId,51
0027,LKUS_push,message,51
0027,LKUS_push,sceneId,51
0027,LKUS_push,accessId,51
0027,LKUS_push,requestId,51
0027,LKUS_push,resultCode,51
0027,LKUS_push,resultName,51
0027,LKUS_push,ruleDetail,51
0027,LKUS_push,hitStrategy,27
0027,LKUS_push,featureDetail,51
0027,LKUS_push,bestStrategyId,27
0027,LKUS_push,hitBreakStrategy,51
0027,LKUS_push,hitPreOnlineStrategy,51
0027,LKUS_push,bestPreOnlineStrategyId,51
0027,LKUS_login,extern,14
0027,LKUS_login,zeusId,14
0027,LKUS_login,message,14
0027,LKUS_login,sceneId,14
0027,LKUS_login,accessId,14
0027,LKUS_login,requestId,14
0027,LKUS_login,resultCode,14
0027,LKUS_login,resultName,14
0027,LKUS_login,ruleDetail,14
0027,LKUS_login,featureDetail,14
0027,LKUS_login,hitBreakStrategy,14
0027,LKUS_register,extern,11
0027,LKUS_register,zeusId,11
0027,LKUS_register,message,11
0027,LKUS_register,sceneId,11
0027,LKUS_register,accessId,11
0027,LKUS_register,requestId,11
0027,LKUS_register,resultCode,11
0027,LKUS_register,resultName,11
0027,LKUS_register,ruleDetail,11
0027,LKUS_register,featureDetail,11
0027,LKUS_register,hitBreakStrategy,11
0027,LKUS_physical_order_create,extern,75
0027,LKUS_physical_order_create,zeusId,75
0027,LKUS_physical_order_create,message,75
0027,LKUS_physical_order_create,sceneId,75
0027,LKUS_physical_order_create,accessId,75
0027,LKUS_physical_order_create,requestId,75
0027,LKUS_physical_order_create,resultCode,75
0027,LKUS_physical_order_create,resultName,75
0027,LKUS_physical_order_create,ruleDetail,75
0027,LKUS_physical_order_create,featureDetail,75
0027,LKUS_physical_order_create,hitBreakStrategy,75
0027,LKUS_payment,extern,73
0027,LKUS_payment,zeusId,73
0027,LKUS_payment,message,73
0027,LKUS_payment,sceneId,73
0027,LKUS_payment,accessId,73
0027,LKUS_payment,requestId,73
0027,LKUS_payment,resultCode,73
0027,LKUS_payment,resultName,73
0027,LKUS_payment,ruleDetail,73
0027,LKUS_payment,featureDetail,73
0027,LKUS_payment,hitBreakStrategy,73
0027,LKUS_payment,hitPreOnlineStrategy,70
0027,LKUS_payment,bestPreOnlineStrategyId,70
0027,LKUS_physical_order_create,hitStrategy,13
0027,LKUS_physical_order_create,bestStrategyId,13
0027,LKUS_payment,hitStrategy,13
0027,LKUS_payment,bestStrategyId,13
0027,LKUS_grant_new_user_coupon,extern,9
0027,LKUS_grant_new_user_coupon,zeusId,9
0027,LKUS_grant_new_user_coupon,message,9
0027,LKUS_grant_new_user_coupon,sceneId,9
0027,LKUS_grant_new_user_coupon,accessId,9
0027,LKUS_grant_new_user_coupon,requestId,9
0027,LKUS_grant_new_user_coupon,resultCode,9
0027,LKUS_grant_new_user_coupon,resultName,9
0027,LKUS_grant_new_user_coupon,ruleDetail,9
0027,LKUS_grant_new_user_coupon,featureDetail,9
0027,LKUS_grant_new_user_coupon,hitBreakStrategy,9
0027,LKUS_physical_order_cancel,extern,1
0027,LKUS_physical_order_cancel,zeusId,1
0027,LKUS_physical_order_cancel,message,1
0027,LKUS_physical_order_cancel,sceneId,1
0027,LKUS_physical_order_cancel,accessId,1
0027,LKUS_physical_order_cancel,requestId,1
0027,LKUS_physical_order_cancel,resultCode,1
0027,LKUS_physical_order_cancel,resultName,1
0027,LKUS_physical_order_cancel,ruleDetail,1
0027,LKUS_physical_order_cancel,featureDetail,1
0027,LKUS_physical_order_cancel,hitBreakStrategy,1
0028,LKUS_push,extern,35
0028,LKUS_push,zeusId,35
0028,LKUS_push,message,35
0028,LKUS_push,sceneId,35
0028,LKUS_push,accessId,35
0028,LKUS_push,requestId,35
0028,LKUS_push,resultCode,35
0028,LKUS_push,resultName,35
0028,LKUS_push,ruleDetail,35
0028,LKUS_push,hitStrategy,18
0028,LKUS_push,featureDetail,35
0028,LKUS_push,bestStrategyId,18
0028,LKUS_push,hitBreakStrategy,35
0028,LKUS_push,hitPreOnlineStrategy,33
0028,LKUS_push,bestPreOnlineStrategyId,33
0028,LKUS_physical_order_create,extern,86
0028,LKUS_physical_order_create,zeusId,86
0028,LKUS_physical_order_create,message,86
0028,LKUS_physical_order_create,sceneId,86
0028,LKUS_physical_order_create,accessId,86
0028,LKUS_physical_order_create,requestId,86
0028,LKUS_physical_order_create,resultCode,86
0028,LKUS_physical_order_create,resultName,86
0028,LKUS_physical_order_create,ruleDetail,86
0028,LKUS_physical_order_create,featureDetail,86
0028,LKUS_physical_order_create,hitBreakStrategy,86
0028,LKUS_payment,extern,88
0028,LKUS_payment,zeusId,88
0028,LKUS_payment,message,88
0028,LKUS_payment,sceneId,88
0028,LKUS_payment,accessId,88
0028,LKUS_payment,requestId,88
0028,LKUS_payment,resultCode,88
0028,LKUS_payment,resultName,88
0028,LKUS_payment,ruleDetail,88
0028,LKUS_payment,featureDetail,88
0028,LKUS_payment,hitBreakStrategy,88
0028,LKUS_payment,hitPreOnlineStrategy,80
0028,LKUS_payment,bestPreOnlineStrategyId,80
0028,LKUS_login,extern,12
0028,LKUS_login,zeusId,12
0028,LKUS_login,message,12
0028,LKUS_login,sceneId,12
0028,LKUS_login,accessId,12
0028,LKUS_login,requestId,12
0028,LKUS_login,resultCode,12
0028,LKUS_login,resultName,12
0028,LKUS_login,ruleDetail,12
0028,LKUS_login,featureDetail,12
0028,LKUS_login,hitBreakStrategy,12
0028,LKUS_physical_order_create,hitStrategy,12
0028,LKUS_physical_order_create,bestStrategyId,12
0028,LKUS_payment,hitStrategy,12
0028,LKUS_payment,bestStrategyId,12
0028,LKUS_grant_new_user_coupon,extern,3
0028,LKUS_grant_new_user_coupon,zeusId,3
0028,LKUS_grant_new_user_coupon,message,3
0028,LKUS_grant_new_user_coupon,sceneId,3
0028,LKUS_grant_new_user_coupon,accessId,3
0028,LKUS_grant_new_user_coupon,requestId,3
0028,LKUS_grant_new_user_coupon,resultCode,3
0028,LKUS_grant_new_user_coupon,resultName,3
0028,LKUS_grant_new_user_coupon,ruleDetail,3
0028,LKUS_grant_new_user_coupon,featureDetail,3
0028,LKUS_grant_new_user_coupon,hitBreakStrategy,3
0028,LKUS_register,extern,4
0028,LKUS_register,zeusId,4
0028,LKUS_register,message,4
0028,LKUS_register,sceneId,4
0028,LKUS_register,accessId,4
0028,LKUS_register,requestId,4
0028,LKUS_register,resultCode,4
0028,LKUS_register,resultName,4
0028,LKUS_register,ruleDetail,4
0028,LKUS_register,featureDetail,4
0028,LKUS_register,hitBreakStrategy,4
0029,LKUS_push,extern,48
0029,LKUS_push,zeusId,48
0029,LKUS_push,message,48
0029,LKUS_push,sceneId,48
0029,LKUS_push,accessId,48
0029,LKUS_push,requestId,48
0029,LKUS_push,resultCode,48
0029,LKUS_push,resultName,48
0029,LKUS_push,ruleDetail,48
0029,LKUS_push,featureDetail,48
0029,LKUS_push,hitBreakStrategy,48
0029,LKUS_push,hitPreOnlineStrategy,48
0029,LKUS_push,bestPreOnlineStrategyId,48
0029,LKUS_register,extern,8
0029,LKUS_register,zeusId,8
0029,LKUS_register,message,8
0029,LKUS_register,sceneId,8
0029,LKUS_register,accessId,8
0029,LKUS_register,requestId,8
0029,LKUS_register,resultCode,8
0029,LKUS_register,resultName,8
0029,LKUS_register,ruleDetail,8
0029,LKUS_register,featureDetail,8
0029,LKUS_register,hitBreakStrategy,8
0029,LKUS_push,hitStrategy,22
0029,LKUS_push,bestStrategyId,22
0029,LKUS_physical_order_create,extern,86
0029,LKUS_physical_order_create,zeusId,86
0029,LKUS_physical_order_create,message,86
0029,LKUS_physical_order_create,sceneId,86
0029,LKUS_physical_order_create,accessId,86
0029,LKUS_physical_order_create,requestId,86
0029,LKUS_physical_order_create,resultCode,86
0029,LKUS_physical_order_create,resultName,86
0029,LKUS_physical_order_create,ruleDetail,86
0029,LKUS_physical_order_create,featureDetail,86
0029,LKUS_physical_order_create,hitBreakStrategy,86
0029,LKUS_payment,extern,83
0029,LKUS_payment,zeusId,83
0029,LKUS_payment,message,83
0029,LKUS_payment,sceneId,83
0029,LKUS_payment,accessId,83
0029,LKUS_payment,requestId,83
0029,LKUS_payment,resultCode,83
0029,LKUS_payment,resultName,83
0029,LKUS_payment,ruleDetail,83
0029,LKUS_payment,featureDetail,83
0029,LKUS_payment,hitBreakStrategy,83
0029,LKUS_payment,hitPreOnlineStrategy,76
0029,LKUS_payment,bestPreOnlineStrategyId,76
0029,LKUS_physical_order_cancel,extern,2
0029,LKUS_physical_order_cancel,zeusId,2
0029,LKUS_physical_order_cancel,message,2
0029,LKUS_physical_order_cancel,sceneId,2
0029,LKUS_physical_order_cancel,accessId,2
0029,LKUS_physical_order_cancel,requestId,2
0029,LKUS_physical_order_cancel,resultCode,2
0029,LKUS_physical_order_cancel,resultName,2
0029,LKUS_physical_order_cancel,ruleDetail,2
0029,LKUS_physical_order_cancel,featureDetail,2
0029,LKUS_physical_order_cancel,hitBreakStrategy,2
0029,LKUS_physical_order_create,hitStrategy,17
0029,LKUS_physical_order_create,bestStrategyId,17
0029,LKUS_payment,hitStrategy,18
0029,LKUS_payment,bestStrategyId,18
0029,LKUS_login,extern,14
0029,LKUS_login,zeusId,14
0029,LKUS_login,message,14
0029,LKUS_login,sceneId,14
0029,LKUS_login,accessId,14
0029,LKUS_login,requestId,14
0029,LKUS_login,resultCode,14
0029,LKUS_login,resultName,14
0029,LKUS_login,ruleDetail,14
0029,LKUS_login,featureDetail,14
0029,LKUS_login,hitBreakStrategy,14
0029,LKUS_grant_new_user_coupon,extern,9
0029,LKUS_grant_new_user_coupon,zeusId,9
0029,LKUS_grant_new_user_coupon,message,9
0029,LKUS_grant_new_user_coupon,sceneId,9
0029,LKUS_grant_new_user_coupon,accessId,9
0029,LKUS_grant_new_user_coupon,requestId,9
0029,LKUS_grant_new_user_coupon,resultCode,9
0029,LKUS_grant_new_user_coupon,resultName,9
0029,LKUS_grant_new_user_coupon,ruleDetail,9
0029,LKUS_grant_new_user_coupon,featureDetail,9
0029,LKUS_grant_new_user_coupon,hitBreakStrategy,9
0030,LKUS_push,extern,83
0030,LKUS_push,zeusId,83
0030,LKUS_push,message,83
0030,LKUS_push,sceneId,83
0030,LKUS_push,accessId,83
0030,LKUS_push,requestId,83
0030,LKUS_push,resultCode,83
0030,LKUS_push,resultName,83
0030,LKUS_push,ruleDetail,83
0030,LKUS_push,hitStrategy,52
0030,LKUS_push,featureDetail,83
0030,LKUS_push,bestStrategyId,52
0030,LKUS_push,hitBreakStrategy,83
0030,LKUS_push,hitPreOnlineStrategy,81
0030,LKUS_push,bestPreOnlineStrategyId,81
0030,LKUS_login,extern,10
0030,LKUS_login,zeusId,10
0030,LKUS_login,message,10
0030,LKUS_login,sceneId,10
0030,LKUS_login,accessId,10
0030,LKUS_login,requestId,10
0030,LKUS_login,resultCode,10
0030,LKUS_login,resultName,10
0030,LKUS_login,ruleDetail,10
0030,LKUS_login,featureDetail,10
0030,LKUS_login,hitBreakStrategy,10
0030,LKUS_grant_new_user_coupon,extern,5
0030,LKUS_grant_new_user_coupon,zeusId,5
0030,LKUS_grant_new_user_coupon,message,5
0030,LKUS_grant_new_user_coupon,sceneId,5
0030,LKUS_grant_new_user_coupon,accessId,5
0030,LKUS_grant_new_user_coupon,requestId,5
0030,LKUS_grant_new_user_coupon,resultCode,5
0030,LKUS_grant_new_user_coupon,resultName,5
0030,LKUS_grant_new_user_coupon,ruleDetail,5
0030,LKUS_grant_new_user_coupon,featureDetail,5
0030,LKUS_grant_new_user_coupon,hitBreakStrategy,5
0030,LKUS_physical_order_create,extern,81
0030,LKUS_physical_order_create,zeusId,81
0030,LKUS_physical_order_create,message,81
0030,LKUS_physical_order_create,sceneId,81
0030,LKUS_physical_order_create,accessId,81
0030,LKUS_physical_order_create,requestId,81
0030,LKUS_physical_order_create,resultCode,81
0030,LKUS_physical_order_create,resultName,81
0030,LKUS_physical_order_create,ruleDetail,81
0030,LKUS_physical_order_create,featureDetail,81
0030,LKUS_physical_order_create,hitBreakStrategy,81
0030,LKUS_payment,extern,83
0030,LKUS_payment,zeusId,83
0030,LKUS_payment,message,83
0030,LKUS_payment,sceneId,83
0030,LKUS_payment,accessId,83
0030,LKUS_payment,requestId,83
0030,LKUS_payment,resultCode,83
0030,LKUS_payment,resultName,83
0030,LKUS_payment,ruleDetail,83
0030,LKUS_payment,featureDetail,83
0030,LKUS_payment,hitBreakStrategy,83
0030,LKUS_payment,hitPreOnlineStrategy,79
0030,LKUS_payment,bestPreOnlineStrategyId,79
0030,LKUS_register,extern,14
0030,LKUS_register,zeusId,14
0030,LKUS_register,message,14
0030,LKUS_register,sceneId,14
0030,LKUS_register,accessId,14
0030,LKUS_register,requestId,14
0030,LKUS_register,resultCode,14
0030,LKUS_register,resultName,14
0030,LKUS_register,ruleDetail,14
0030,LKUS_register,featureDetail,14
0030,LKUS_register,hitBreakStrategy,14
0030,LKUS_physical_order_create,hitStrategy,7
0030,LKUS_physical_order_create,bestStrategyId,7
0030,LKUS_payment,hitStrategy,7
0030,LKUS_payment,bestStrategyId,7
0030,LKUS_physical_order_cancel,extern,1
0030,LKUS_physical_order_cancel,zeusId,1
0030,LKUS_physical_order_cancel,message,1
0030,LKUS_physical_order_cancel,sceneId,1
0030,LKUS_physical_order_cancel,accessId,1
0030,LKUS_physical_order_cancel,requestId,1
0030,LKUS_physical_order_cancel,resultCode,1
0030,LKUS_physical_order_cancel,resultName,1
0030,LKUS_physical_order_cancel,ruleDetail,1
0030,LKUS_physical_order_cancel,featureDetail,1
0030,LKUS_physical_order_cancel,hitBreakStrategy,1
0030,LKUS_register,hitStrategy,1
0030,LKUS_register,bestStrategyId,1
0031,LKUS_push,extern,58
0031,LKUS_push,zeusId,58
0031,LKUS_push,message,58
0031,LKUS_push,sceneId,58
0031,LKUS_push,accessId,58
0031,LKUS_push,requestId,58
0031,LKUS_push,resultCode,58
0031,LKUS_push,resultName,58
0031,LKUS_push,ruleDetail,58
0031,LKUS_push,hitStrategy,32
0031,LKUS_push,featureDetail,58
0031,LKUS_push,bestStrategyId,32
0031,LKUS_push,hitBreakStrategy,58
0031,LKUS_push,hitPreOnlineStrategy,55
0031,LKUS_push,bestPreOnlineStrategyId,55
0031,LKUS_physical_order_create,extern,97
0031,LKUS_physical_order_create,zeusId,97
0031,LKUS_physical_order_create,message,97
0031,LKUS_physical_order_create,sceneId,97
0031,LKUS_physical_order_create,accessId,97
0031,LKUS_physical_order_create,requestId,97
0031,LKUS_physical_order_create,resultCode,97
0031,LKUS_physical_order_create,resultName,97
0031,LKUS_physical_order_create,ruleDetail,97
0031,LKUS_physical_order_create,hitStrategy,14
0031,LKUS_physical_order_create,featureDetail,97
0031,LKUS_physical_order_create,bestStrategyId,14
0031,LKUS_physical_order_create,hitBreakStrategy,97
0031,LKUS_payment,extern,97
0031,LKUS_payment,zeusId,97
0031,LKUS_payment,message,97
0031,LKUS_payment,sceneId,97
0031,LKUS_payment,accessId,97
0031,LKUS_payment,requestId,97
0031,LKUS_payment,resultCode,97
0031,LKUS_payment,resultName,97
0031,LKUS_payment,ruleDetail,97
0031,LKUS_payment,hitStrategy,14
0031,LKUS_payment,featureDetail,97
0031,LKUS_payment,bestStrategyId,14
0031,LKUS_payment,hitBreakStrategy,97
0031,LKUS_payment,hitPreOnlineStrategy,91
0031,LKUS_payment,bestPreOnlineStrategyId,91
0031,LKUS_register,extern,12
0031,LKUS_register,zeusId,12
0031,LKUS_register,message,12
0031,LKUS_register,sceneId,12
0031,LKUS_register,accessId,12
0031,LKUS_register,requestId,12
0031,LKUS_register,resultCode,12
0031,LKUS_register,resultName,12
0031,LKUS_register,ruleDetail,12
0031,LKUS_register,featureDetail,12
0031,LKUS_register,hitBreakStrategy,12
0031,LKUS_login,extern,13
0031,LKUS_login,zeusId,13
0031,LKUS_login,message,13
0031,LKUS_login,sceneId,13
0031,LKUS_login,accessId,13
0031,LKUS_login,requestId,13
0031,LKUS_login,resultCode,13
0031,LKUS_login,resultName,13
0031,LKUS_login,ruleDetail,13
0031,LKUS_login,featureDetail,13
0031,LKUS_login,hitBreakStrategy,13
0031,LKUS_physical_order_cancel,extern,1
0031,LKUS_physical_order_cancel,zeusId,1
0031,LKUS_physical_order_cancel,message,1
0031,LKUS_physical_order_cancel,sceneId,1
0031,LKUS_physical_order_cancel,accessId,1
0031,LKUS_physical_order_cancel,requestId,1
0031,LKUS_physical_order_cancel,resultCode,1
0031,LKUS_physical_order_cancel,resultName,1
0031,LKUS_physical_order_cancel,ruleDetail,1
0031,LKUS_physical_order_cancel,featureDetail,1
0031,LKUS_physical_order_cancel,hitBreakStrategy,1
0031,LKUS_grant_new_user_coupon,extern,5
0031,LKUS_grant_new_user_coupon,zeusId,5
0031,LKUS_grant_new_user_coupon,message,5
0031,LKUS_grant_new_user_coupon,sceneId,5
0031,LKUS_grant_new_user_coupon,accessId,5
0031,LKUS_grant_new_user_coupon,requestId,5
0031,LKUS_grant_new_user_coupon,resultCode,5
0031,LKUS_grant_new_user_coupon,resultName,5
0031,LKUS_grant_new_user_coupon,ruleDetail,5
0031,LKUS_grant_new_user_coupon,featureDetail,5
0031,LKUS_grant_new_user_coupon,hitBreakStrategy,5
0031,LKUS_login,hitStrategy,1
0031,LKUS_login,bestStrategyId,1
0032,LKUS_push,extern,29
0032,LKUS_push,zeusId,29
0032,LKUS_push,message,29
0032,LKUS_push,sceneId,29
0032,LKUS_push,accessId,29
0032,LKUS_push,requestId,29
0032,LKUS_push,resultCode,29
0032,LKUS_push,resultName,29
0032,LKUS_push,ruleDetail,29
0032,LKUS_push,featureDetail,29
0032,LKUS_push,hitBreakStrategy,29
0032,LKUS_push,hitPreOnlineStrategy,28
0032,LKUS_push,bestPreOnlineStrategyId,28
0032,LKUS_push,hitStrategy,10
0032,LKUS_push,bestStrategyId,10
0032,LKUS_physical_order_create,extern,101
0032,LKUS_physical_order_create,zeusId,101
0032,LKUS_physical_order_create,message,101
0032,LKUS_physical_order_create,sceneId,101
0032,LKUS_physical_order_create,accessId,101
0032,LKUS_physical_order_create,requestId,101
0032,LKUS_physical_order_create,resultCode,101
0032,LKUS_physical_order_create,resultName,101
0032,LKUS_physical_order_create,ruleDetail,101
0032,LKUS_physical_order_create,featureDetail,101
0032,LKUS_physical_order_create,hitBreakStrategy,101
0032,LKUS_payment,extern,98
0032,LKUS_payment,zeusId,98
0032,LKUS_payment,message,98
0032,LKUS_payment,sceneId,98
0032,LKUS_payment,accessId,98
0032,LKUS_payment,requestId,98
0032,LKUS_payment,resultCode,98
0032,LKUS_payment,resultName,98
0032,LKUS_payment,ruleDetail,98
0032,LKUS_payment,featureDetail,98
0032,LKUS_payment,hitBreakStrategy,98
0032,LKUS_payment,hitPreOnlineStrategy,94
0032,LKUS_payment,bestPreOnlineStrategyId,94
0032,LKUS_login,extern,6
0032,LKUS_login,zeusId,6
0032,LKUS_login,message,6
0032,LKUS_login,sceneId,6
0032,LKUS_login,accessId,6
0032,LKUS_login,requestId,6
0032,LKUS_login,resultCode,6
0032,LKUS_login,resultName,6
0032,LKUS_login,ruleDetail,6
0032,LKUS_login,hitStrategy,1
0032,LKUS_login,featureDetail,6
0032,LKUS_login,bestStrategyId,1
0032,LKUS_login,hitBreakStrategy,6
0032,LKUS_physical_order_create,hitStrategy,17
0032,LKUS_physical_order_create,bestStrategyId,17
0032,LKUS_payment,hitStrategy,17
0032,LKUS_payment,bestStrategyId,17
0032,LKUS_grant_new_user_coupon,extern,3
0032,LKUS_grant_new_user_coupon,zeusId,3
0032,LKUS_grant_new_user_coupon,message,3
0032,LKUS_grant_new_user_coupon,sceneId,3
0032,LKUS_grant_new_user_coupon,accessId,3
0032,LKUS_grant_new_user_coupon,requestId,3
0032,LKUS_grant_new_user_coupon,resultCode,3
0032,LKUS_grant_new_user_coupon,resultName,3
0032,LKUS_grant_new_user_coupon,ruleDetail,3
0032,LKUS_grant_new_user_coupon,featureDetail,3
0032,LKUS_grant_new_user_coupon,hitBreakStrategy,3
0032,LKUS_register,extern,3
0032,LKUS_register,zeusId,3
0032,LKUS_register,message,3
0032,LKUS_register,sceneId,3
0032,LKUS_register,accessId,3
0032,LKUS_register,requestId,3
0032,LKUS_register,resultCode,3
0032,LKUS_register,resultName,3
0032,LKUS_register,ruleDetail,3
0032,LKUS_register,featureDetail,3
0032,LKUS_register,hitBreakStrategy,3
0032,LKUS_physical_order_cancel,extern,1
0032,LKUS_physical_order_cancel,zeusId,1
0032,LKUS_physical_order_cancel,message,1
0032,LKUS_physical_order_cancel,sceneId,1
0032,LKUS_physical_order_cancel,accessId,1
0032,LKUS_physical_order_cancel,requestId,1
0032,LKUS_physical_order_cancel,resultCode,1
0032,LKUS_physical_order_cancel,resultName,1
0032,LKUS_physical_order_cancel,ruleDetail,1
0032,LKUS_physical_order_cancel,featureDetail,1
0032,LKUS_physical_order_cancel,hitBreakStrategy,1
0033,LKUS_push,extern,48
0033,LKUS_push,zeusId,48
0033,LKUS_push,message,48
0033,LKUS_push,sceneId,48
0033,LKUS_push,accessId,48
0033,LKUS_push,requestId,48
0033,LKUS_push,resultCode,48
0033,LKUS_push,resultName,48
0033,LKUS_push,ruleDetail,48
0033,LKUS_push,featureDetail,48
0033,LKUS_push,hitBreakStrategy,48
0033,LKUS_push,hitPreOnlineStrategy,48
0033,LKUS_push,bestPreOnlineStrategyId,48
0033,LKUS_push,hitStrategy,22
0033,LKUS_push,bestStrategyId,22
0033,LKUS_physical_order_create,extern,92
0033,LKUS_physical_order_create,zeusId,92
0033,LKUS_physical_order_create,message,92
0033,LKUS_physical_order_create,sceneId,92
0033,LKUS_physical_order_create,accessId,92
0033,LKUS_physical_order_create,requestId,92
0033,LKUS_physical_order_create,resultCode,92
0033,LKUS_physical_order_create,resultName,92
0033,LKUS_physical_order_create,ruleDetail,92
0033,LKUS_physical_order_create,featureDetail,92
0033,LKUS_physical_order_create,hitBreakStrategy,92
0033,LKUS_payment,extern,92
0033,LKUS_payment,zeusId,92
0033,LKUS_payment,message,92
0033,LKUS_payment,sceneId,92
0033,LKUS_payment,accessId,92
0033,LKUS_payment,requestId,92
0033,LKUS_payment,resultCode,92
0033,LKUS_payment,resultName,92
0033,LKUS_payment,ruleDetail,92
0033,LKUS_payment,featureDetail,92
0033,LKUS_payment,hitBreakStrategy,92
0033,LKUS_payment,hitPreOnlineStrategy,84
0033,LKUS_payment,bestPreOnlineStrategyId,84
0033,LKUS_register,extern,8
0033,LKUS_register,zeusId,8
0033,LKUS_register,message,8
0033,LKUS_register,sceneId,8
0033,LKUS_register,accessId,8
0033,LKUS_register,requestId,8
0033,LKUS_register,resultCode,8
0033,LKUS_register,resultName,8
0033,LKUS_register,ruleDetail,8
0033,LKUS_register,featureDetail,8
0033,LKUS_register,hitBreakStrategy,8
0033,LKUS_physical_order_create,hitStrategy,9
0033,LKUS_physical_order_create,bestStrategyId,9
0033,LKUS_payment,hitStrategy,9
0033,LKUS_payment,bestStrategyId,9
0033,LKUS_grant_new_user_coupon,extern,8
0033,LKUS_grant_new_user_coupon,zeusId,8
0033,LKUS_grant_new_user_coupon,message,8
0033,LKUS_grant_new_user_coupon,sceneId,8
0033,LKUS_grant_new_user_coupon,accessId,8
0033,LKUS_grant_new_user_coupon,requestId,8
0033,LKUS_grant_new_user_coupon,resultCode,8
0033,LKUS_grant_new_user_coupon,resultName,8
0033,LKUS_grant_new_user_coupon,ruleDetail,8
0033,LKUS_grant_new_user_coupon,featureDetail,8
0033,LKUS_grant_new_user_coupon,hitBreakStrategy,8
0033,LKUS_login,extern,12
0033,LKUS_login,zeusId,12
0033,LKUS_login,message,12
0033,LKUS_login,sceneId,12
0033,LKUS_login,accessId,12
0033,LKUS_login,requestId,12
0033,LKUS_login,resultCode,12
0033,LKUS_login,resultName,12
0033,LKUS_login,ruleDetail,12
0033,LKUS_login,featureDetail,12
0033,LKUS_login,hitBreakStrategy,12
0034,LKUS_push,extern,49
0034,LKUS_push,zeusId,49
0034,LKUS_push,message,49
0034,LKUS_push,sceneId,49
0034,LKUS_push,accessId,49
0034,LKUS_push,requestId,49
0034,LKUS_push,resultCode,49
0034,LKUS_push,resultName,49
0034,LKUS_push,ruleDetail,49
0034,LKUS_push,featureDetail,49
0034,LKUS_push,hitBreakStrategy,49
0034,LKUS_push,hitPreOnlineStrategy,48
0034,LKUS_push,bestPreOnlineStrategyId,48
0034,LKUS_push,hitStrategy,22
0034,LKUS_push,bestStrategyId,22
0034,LKUS_physical_order_create,extern,111
0034,LKUS_physical_order_create,zeusId,111
0034,LKUS_physical_order_create,message,111
0034,LKUS_physical_order_create,sceneId,111
0034,LKUS_physical_order_create,accessId,111
0034,LKUS_physical_order_create,requestId,111
0034,LKUS_physical_order_create,resultCode,111
0034,LKUS_physical_order_create,resultName,111
0034,LKUS_physical_order_create,ruleDetail,111
0034,LKUS_physical_order_create,featureDetail,111
0034,LKUS_physical_order_create,hitBreakStrategy,111
0034,LKUS_payment,extern,109
0034,LKUS_payment,zeusId,109
0034,LKUS_payment,message,109
0034,LKUS_payment,sceneId,109
0034,LKUS_payment,accessId,109
0034,LKUS_payment,requestId,109
0034,LKUS_payment,resultCode,109
0034,LKUS_payment,resultName,109
0034,LKUS_payment,ruleDetail,109
0034,LKUS_payment,featureDetail,109
0034,LKUS_payment,hitBreakStrategy,109
0034,LKUS_register,extern,8
0034,LKUS_register,zeusId,8
0034,LKUS_register,message,8
0034,LKUS_register,sceneId,8
0034,LKUS_register,accessId,8
0034,LKUS_register,requestId,8
0034,LKUS_register,resultCode,8
0034,LKUS_register,resultName,8
0034,LKUS_register,ruleDetail,8
0034,LKUS_register,featureDetail,8
0034,LKUS_register,hitBreakStrategy,8
0034,LKUS_payment,hitPreOnlineStrategy,98
0034,LKUS_payment,bestPreOnlineStrategyId,98
0034,LKUS_physical_order_create,hitStrategy,16
0034,LKUS_physical_order_create,bestStrategyId,16
0034,LKUS_payment,hitStrategy,16
0034,LKUS_payment,bestStrategyId,16
0034,IQA2_login,extern,1
0034,IQA2_login,zeusId,1
0034,IQA2_login,message,1
0034,IQA2_login,sceneId,1
0034,IQA2_login,accessId,1
0034,IQA2_login,requestId,1
0034,IQA2_login,resultCode,1
0034,IQA2_login,resultName,1
0034,IQA2_login,ruleDetail,1
0034,IQA2_login,featureDetail,1
0034,IQA2_login,hitBreakStrategy,1
0034,LKUS_login,extern,10
0034,LKUS_login,zeusId,10
0034,LKUS_login,message,10
0034,LKUS_login,sceneId,10
0034,LKUS_login,accessId,10
0034,LKUS_login,requestId,10
0034,LKUS_login,resultCode,10
0034,LKUS_login,resultName,10
0034,LKUS_login,ruleDetail,10
0034,LKUS_login,featureDetail,10
0034,LKUS_login,hitBreakStrategy,10
0034,LKUS_grant_new_user_coupon,extern,8
0034,LKUS_grant_new_user_coupon,zeusId,8
0034,LKUS_grant_new_user_coupon,message,8
0034,LKUS_grant_new_user_coupon,sceneId,8
0034,LKUS_grant_new_user_coupon,accessId,8
0034,LKUS_grant_new_user_coupon,requestId,8
0034,LKUS_grant_new_user_coupon,resultCode,8
0034,LKUS_grant_new_user_coupon,resultName,8
0034,LKUS_grant_new_user_coupon,ruleDetail,8
0034,LKUS_grant_new_user_coupon,featureDetail,8
0034,LKUS_grant_new_user_coupon,hitBreakStrategy,8
0034,LKUS_physical_order_cancel,extern,1
0034,LKUS_physical_order_cancel,zeusId,1
0034,LKUS_physical_order_cancel,message,1
0034,LKUS_physical_order_cancel,sceneId,1
0034,LKUS_physical_order_cancel,accessId,1
0034,LKUS_physical_order_cancel,requestId,1
0034,LKUS_physical_order_cancel,resultCode,1
0034,LKUS_physical_order_cancel,resultName,1
0034,LKUS_physical_order_cancel,ruleDetail,1
0034,LKUS_physical_order_cancel,featureDetail,1
0034,LKUS_physical_order_cancel,hitBreakStrategy,1
0034,LKUS_register,hitStrategy,1
0034,LKUS_register,bestStrategyId,1
0035,LKUS_push,extern,60
0035,LKUS_push,zeusId,60
0035,LKUS_push,message,60
0035,LKUS_push,sceneId,60
0035,LKUS_push,accessId,60
0035,LKUS_push,requestId,60
0035,LKUS_push,resultCode,60
0035,LKUS_push,resultName,60
0035,LKUS_push,ruleDetail,60
0035,LKUS_push,hitStrategy,26
0035,LKUS_push,featureDetail,60
0035,LKUS_push,bestStrategyId,26
0035,LKUS_push,hitBreakStrategy,60
0035,LKUS_push,hitPreOnlineStrategy,58
0035,LKUS_push,bestPreOnlineStrategyId,58
0035,LKUS_physical_order_create,extern,91
0035,LKUS_physical_order_create,zeusId,91
0035,LKUS_physical_order_create,message,91
0035,LKUS_physical_order_create,sceneId,91
0035,LKUS_physical_order_create,accessId,91
0035,LKUS_physical_order_create,requestId,91
0035,LKUS_physical_order_create,resultCode,91
0035,LKUS_physical_order_create,resultName,91
0035,LKUS_physical_order_create,ruleDetail,91
0035,LKUS_physical_order_create,featureDetail,91
0035,LKUS_physical_order_create,hitBreakStrategy,91
0035,LKUS_payment,extern,89
0035,LKUS_payment,zeusId,89
0035,LKUS_payment,message,89
0035,LKUS_payment,sceneId,89
0035,LKUS_payment,accessId,89
0035,LKUS_payment,requestId,89
0035,LKUS_payment,resultCode,89
0035,LKUS_payment,resultName,89
0035,LKUS_payment,ruleDetail,89
0035,LKUS_payment,featureDetail,89
0035,LKUS_payment,hitBreakStrategy,89
0035,LKUS_payment,hitPreOnlineStrategy,86
0035,LKUS_payment,bestPreOnlineStrategyId,86
0035,LKUS_login,extern,11
0035,LKUS_login,zeusId,11
0035,LKUS_login,message,11
0035,LKUS_login,sceneId,11
0035,LKUS_login,accessId,11
0035,LKUS_login,requestId,11
0035,LKUS_login,resultCode,11
0035,LKUS_login,resultName,11
0035,LKUS_login,ruleDetail,11
0035,LKUS_login,featureDetail,11
0035,LKUS_login,hitBreakStrategy,11
0035,LKUS_physical_order_create,hitStrategy,16
0035,LKUS_physical_order_create,bestStrategyId,16
0035,LKUS_payment,hitStrategy,17
0035,LKUS_payment,bestStrategyId,17
0035,LKUS_grant_new_user_coupon,extern,5
0035,LKUS_grant_new_user_coupon,zeusId,5
0035,LKUS_grant_new_user_coupon,message,5
0035,LKUS_grant_new_user_coupon,sceneId,5
0035,LKUS_grant_new_user_coupon,accessId,5
0035,LKUS_grant_new_user_coupon,requestId,5
0035,LKUS_grant_new_user_coupon,resultCode,5
0035,LKUS_grant_new_user_coupon,resultName,5
0035,LKUS_grant_new_user_coupon,ruleDetail,5
0035,LKUS_grant_new_user_coupon,featureDetail,5
0035,LKUS_grant_new_user_coupon,hitBreakStrategy,5
0035,LKUS_register,extern,10
0035,LKUS_register,zeusId,10
0035,LKUS_register,message,10
0035,LKUS_register,sceneId,10
0035,LKUS_register,accessId,10
0035,LKUS_register,requestId,10
0035,LKUS_register,resultCode,10
0035,LKUS_register,resultName,10
0035,LKUS_register,ruleDetail,10
0035,LKUS_register,featureDetail,10
0035,LKUS_register,hitBreakStrategy,10
0035,LKUS_captcha,extern,1
0035,LKUS_captcha,zeusId,1
0035,LKUS_captcha,message,1
0035,LKUS_captcha,sceneId,1
0035,LKUS_captcha,accessId,1
0035,LKUS_captcha,requestId,1
0035,LKUS_captcha,resultCode,1
0035,LKUS_captcha,resultName,1
0035,LKUS_captcha,ruleDetail,1
0035,LKUS_captcha,featureDetail,1
0035,LKUS_captcha,hitBreakStrategy,1
0035,LKUS_captcha,hitPreOnlineStrategy,1
0035,LKUS_captcha,bestPreOnlineStrategyId,1
0035,LKUS_physical_order_cancel,extern,1
0035,LKUS_physical_order_cancel,zeusId,1
0035,LKUS_physical_order_cancel,message,1
0035,LKUS_physical_order_cancel,sceneId,1
0035,LKUS_physical_order_cancel,accessId,1
0035,LKUS_physical_order_cancel,requestId,1
0035,LKUS_physical_order_cancel,resultCode,1
0035,LKUS_physical_order_cancel,resultName,1
0035,LKUS_physical_order_cancel,ruleDetail,1
0035,LKUS_physical_order_cancel,featureDetail,1
0035,LKUS_physical_order_cancel,hitBreakStrategy,1
0035,LKUS_login,hitStrategy,1
0035,LKUS_login,bestStrategyId,1
0036,LKUS_push,extern,37
0036,LKUS_push,zeusId,37
0036,LKUS_push,message,37
0036,LKUS_push,sceneId,37
0036,LKUS_push,accessId,37
0036,LKUS_push,requestId,37
0036,LKUS_push,resultCode,37
0036,LKUS_push,resultName,37
0036,LKUS_push,ruleDetail,37
0036,LKUS_push,featureDetail,37
0036,LKUS_push,hitBreakStrategy,37
0036,LKUS_push,hitPreOnlineStrategy,36
0036,LKUS_push,bestPreOnlineStrategyId,36
0036,LKUS_push,hitStrategy,15
0036,LKUS_push,bestStrategyId,15
0036,LKUS_physical_order_create,extern,98
0036,LKUS_physical_order_create,zeusId,98
0036,LKUS_physical_order_create,message,98
0036,LKUS_physical_order_create,sceneId,98
0036,LKUS_physical_order_create,accessId,98
0036,LKUS_physical_order_create,requestId,98
0036,LKUS_physical_order_create,resultCode,98
0036,LKUS_physical_order_create,resultName,98
0036,LKUS_physical_order_create,ruleDetail,98
0036,LKUS_physical_order_create,featureDetail,98
0036,LKUS_physical_order_create,hitBreakStrategy,98
0036,LKUS_payment,extern,96
0036,LKUS_payment,zeusId,96
0036,LKUS_payment,message,96
0036,LKUS_payment,sceneId,96
0036,LKUS_payment,accessId,96
0036,LKUS_payment,requestId,96
0036,LKUS_payment,resultCode,96
0036,LKUS_payment,resultName,96
0036,LKUS_payment,ruleDetail,96
0036,LKUS_payment,featureDetail,96
0036,LKUS_payment,hitBreakStrategy,96
0036,LKUS_payment,hitPreOnlineStrategy,85
0036,LKUS_payment,bestPreOnlineStrategyId,85
0036,LKUS_physical_order_create,hitStrategy,17
0036,LKUS_physical_order_create,bestStrategyId,17
0036,LKUS_payment,hitStrategy,17
0036,LKUS_payment,bestStrategyId,17
0036,LKUS_login,extern,17
0036,LKUS_login,zeusId,17
0036,LKUS_login,message,17
0036,LKUS_login,sceneId,17
0036,LKUS_login,accessId,17
0036,LKUS_login,requestId,17
0036,LKUS_login,resultCode,17
0036,LKUS_login,resultName,17
0036,LKUS_login,ruleDetail,17
0036,LKUS_login,featureDetail,17
0036,LKUS_login,hitBreakStrategy,17
0036,LKUS_grant_new_user_coupon,extern,9
0036,LKUS_grant_new_user_coupon,zeusId,9
0036,LKUS_grant_new_user_coupon,message,9
0036,LKUS_grant_new_user_coupon,sceneId,9
0036,LKUS_grant_new_user_coupon,accessId,9
0036,LKUS_grant_new_user_coupon,requestId,9
0036,LKUS_grant_new_user_coupon,resultCode,9
0036,LKUS_grant_new_user_coupon,resultName,9
0036,LKUS_grant_new_user_coupon,ruleDetail,9
0036,LKUS_grant_new_user_coupon,featureDetail,9
0036,LKUS_grant_new_user_coupon,hitBreakStrategy,9
0036,LKUS_register,extern,10
0036,LKUS_register,zeusId,10
0036,LKUS_register,message,10
0036,LKUS_register,sceneId,10
0036,LKUS_register,accessId,10
0036,LKUS_register,requestId,10
0036,LKUS_register,resultCode,10
0036,LKUS_register,resultName,10
0036,LKUS_register,ruleDetail,10
0036,LKUS_register,featureDetail,10
0036,LKUS_register,hitBreakStrategy,10
0036,LKUS_physical_order_cancel,extern,1
0036,LKUS_physical_order_cancel,zeusId,1
0036,LKUS_physical_order_cancel,message,1
0036,LKUS_physical_order_cancel,sceneId,1
0036,LKUS_physical_order_cancel,accessId,1
0036,LKUS_physical_order_cancel,requestId,1
0036,LKUS_physical_order_cancel,resultCode,1
0036,LKUS_physical_order_cancel,resultName,1
0036,LKUS_physical_order_cancel,ruleDetail,1
0036,LKUS_physical_order_cancel,featureDetail,1
0036,LKUS_physical_order_cancel,hitBreakStrategy,1
0037,LKUS_push,extern,57
0037,LKUS_push,zeusId,57
0037,LKUS_push,message,57
0037,LKUS_push,sceneId,57
0037,LKUS_push,accessId,57
0037,LKUS_push,requestId,57
0037,LKUS_push,resultCode,57
0037,LKUS_push,resultName,57
0037,LKUS_push,ruleDetail,57
0037,LKUS_push,featureDetail,57
0037,LKUS_push,hitBreakStrategy,57
0037,LKUS_push,hitPreOnlineStrategy,56
0037,LKUS_push,bestPreOnlineStrategyId,56
0037,LKUS_push,hitStrategy,21
0037,LKUS_push,bestStrategyId,21
0037,LKUS_physical_order_create,extern,114
0037,LKUS_physical_order_create,zeusId,114
0037,LKUS_physical_order_create,message,114
0037,LKUS_physical_order_create,sceneId,114
0037,LKUS_physical_order_create,accessId,114
0037,LKUS_physical_order_create,requestId,114
0037,LKUS_physical_order_create,resultCode,114
0037,LKUS_physical_order_create,resultName,114
0037,LKUS_physical_order_create,ruleDetail,114
0037,LKUS_physical_order_create,featureDetail,114
0037,LKUS_physical_order_create,hitBreakStrategy,114
0037,LKUS_payment,extern,111
0037,LKUS_payment,zeusId,111
0037,LKUS_payment,message,111
0037,LKUS_payment,sceneId,111
0037,LKUS_payment,accessId,111
0037,LKUS_payment,requestId,111
0037,LKUS_payment,resultCode,111
0037,LKUS_payment,resultName,111
0037,LKUS_payment,ruleDetail,111
0037,LKUS_payment,featureDetail,111
0037,LKUS_payment,hitBreakStrategy,111
0037,LKUS_payment,hitPreOnlineStrategy,105
0037,LKUS_payment,bestPreOnlineStrategyId,105
0037,LKUS_login,extern,19
0037,LKUS_login,zeusId,19
0037,LKUS_login,message,19
0037,LKUS_login,sceneId,19
0037,LKUS_login,accessId,19
0037,LKUS_login,requestId,19
0037,LKUS_login,resultCode,19
0037,LKUS_login,resultName,19
0037,LKUS_login,ruleDetail,19
0037,LKUS_login,featureDetail,19
0037,LKUS_login,hitBreakStrategy,19
0037,LKUS_physical_order_create,hitStrategy,15
0037,LKUS_physical_order_create,bestStrategyId,15
0037,LKUS_payment,hitStrategy,15
0037,LKUS_payment,bestStrategyId,15
0037,LKUS_login,hitStrategy,2
0037,LKUS_login,bestStrategyId,2
0037,LKUS_register,extern,5
0037,LKUS_register,zeusId,5
0037,LKUS_register,message,5
0037,LKUS_register,sceneId,5
0037,LKUS_register,accessId,5
0037,LKUS_register,requestId,5
0037,LKUS_register,resultCode,5
0037,LKUS_register,resultName,5
0037,LKUS_register,ruleDetail,5
0037,LKUS_register,featureDetail,5
0037,LKUS_register,hitBreakStrategy,5
0037,LKUS_grant_new_user_coupon,extern,14
0037,LKUS_grant_new_user_coupon,zeusId,14
0037,LKUS_grant_new_user_coupon,message,14
0037,LKUS_grant_new_user_coupon,sceneId,14
0037,LKUS_grant_new_user_coupon,accessId,14
0037,LKUS_grant_new_user_coupon,requestId,14
0037,LKUS_grant_new_user_coupon,resultCode,14
0037,LKUS_grant_new_user_coupon,resultName,14
0037,LKUS_grant_new_user_coupon,ruleDetail,14
0037,LKUS_grant_new_user_coupon,featureDetail,14
0037,LKUS_grant_new_user_coupon,hitBreakStrategy,14
0038,LKUS_push,extern,47
0038,LKUS_push,zeusId,47
0038,LKUS_push,message,47
0038,LKUS_push,sceneId,47
0038,LKUS_push,accessId,47
0038,LKUS_push,requestId,47
0038,LKUS_push,resultCode,47
0038,LKUS_push,resultName,47
0038,LKUS_push,ruleDetail,47
0038,LKUS_push,featureDetail,47
0038,LKUS_push,hitBreakStrategy,47
0038,LKUS_push,hitPreOnlineStrategy,46
0038,LKUS_push,bestPreOnlineStrategyId,46
0038,LKUS_push,hitStrategy,25
0038,LKUS_push,bestStrategyId,25
0038,LKUS_physical_order_create,extern,82
0038,LKUS_physical_order_create,zeusId,82
0038,LKUS_physical_order_create,message,82
0038,LKUS_physical_order_create,sceneId,82
0038,LKUS_physical_order_create,accessId,82
0038,LKUS_physical_order_create,requestId,82
0038,LKUS_physical_order_create,resultCode,82
0038,LKUS_physical_order_create,resultName,82
0038,LKUS_physical_order_create,ruleDetail,82
0038,LKUS_physical_order_create,featureDetail,82
0038,LKUS_physical_order_create,hitBreakStrategy,82
0038,LKUS_payment,extern,81
0038,LKUS_payment,zeusId,81
0038,LKUS_payment,message,81
0038,LKUS_payment,sceneId,81
0038,LKUS_payment,accessId,81
0038,LKUS_payment,requestId,81
0038,LKUS_payment,resultCode,81
0038,LKUS_payment,resultName,81
0038,LKUS_payment,ruleDetail,81
0038,LKUS_payment,featureDetail,81
0038,LKUS_payment,hitBreakStrategy,81
0038,LKUS_payment,hitPreOnlineStrategy,71
0038,LKUS_payment,bestPreOnlineStrategyId,71
0038,LKUS_login,extern,17
0038,LKUS_login,zeusId,17
0038,LKUS_login,message,17
0038,LKUS_login,sceneId,17
0038,LKUS_login,accessId,17
0038,LKUS_login,requestId,17
0038,LKUS_login,resultCode,17
0038,LKUS_login,resultName,17
0038,LKUS_login,ruleDetail,17
0038,LKUS_login,featureDetail,17
0038,LKUS_login,hitBreakStrategy,17
0038,LKUS_register,extern,6
0038,LKUS_register,zeusId,6
0038,LKUS_register,message,6
0038,LKUS_register,sceneId,6
0038,LKUS_register,accessId,6
0038,LKUS_register,requestId,6
0038,LKUS_register,resultCode,6
0038,LKUS_register,resultName,6
0038,LKUS_register,ruleDetail,6
0038,LKUS_register,featureDetail,6
0038,LKUS_register,hitBreakStrategy,6
0038,LKUS_grant_new_user_coupon,extern,7
0038,LKUS_grant_new_user_coupon,zeusId,7
0038,LKUS_grant_new_user_coupon,message,7
0038,LKUS_grant_new_user_coupon,sceneId,7
0038,LKUS_grant_new_user_coupon,accessId,7
0038,LKUS_grant_new_user_coupon,requestId,7
0038,LKUS_grant_new_user_coupon,resultCode,7
0038,LKUS_grant_new_user_coupon,resultName,7
0038,LKUS_grant_new_user_coupon,ruleDetail,7
0038,LKUS_grant_new_user_coupon,featureDetail,7
0038,LKUS_grant_new_user_coupon,hitBreakStrategy,7
0038,LKUS_physical_order_cancel,extern,2
0038,LKUS_physical_order_cancel,zeusId,2
0038,LKUS_physical_order_cancel,message,2
0038,LKUS_physical_order_cancel,sceneId,2
0038,LKUS_physical_order_cancel,accessId,2
0038,LKUS_physical_order_cancel,requestId,2
0038,LKUS_physical_order_cancel,resultCode,2
0038,LKUS_physical_order_cancel,resultName,2
0038,LKUS_physical_order_cancel,ruleDetail,2
0038,LKUS_physical_order_cancel,featureDetail,2
0038,LKUS_physical_order_cancel,hitBreakStrategy,2
0038,LKUS_physical_order_create,hitStrategy,15
0038,LKUS_physical_order_create,bestStrategyId,15
0038,LKUS_payment,hitStrategy,15
0038,LKUS_payment,bestStrategyId,15
0038,LKUS_login,hitStrategy,1
0038,LKUS_login,bestStrategyId,1
0039,LKUS_push,extern,47
0039,LKUS_push,zeusId,47
0039,LKUS_push,message,47
0039,LKUS_push,sceneId,47
0039,LKUS_push,accessId,47
0039,LKUS_push,requestId,47
0039,LKUS_push,resultCode,47
0039,LKUS_push,resultName,47
0039,LKUS_push,ruleDetail,47
0039,LKUS_push,featureDetail,47
0039,LKUS_push,hitBreakStrategy,47
0039,LKUS_push,hitPreOnlineStrategy,47
0039,LKUS_push,bestPreOnlineStrategyId,47
0039,LKUS_push,hitStrategy,30
0039,LKUS_push,bestStrategyId,30
0039,LKUS_login,extern,23
0039,LKUS_login,zeusId,23
0039,LKUS_login,message,23
0039,LKUS_login,sceneId,23
0039,LKUS_login,accessId,23
0039,LKUS_login,requestId,23
0039,LKUS_login,resultCode,23
0039,LKUS_login,resultName,23
0039,LKUS_login,ruleDetail,23
0039,LKUS_login,featureDetail,23
0039,LKUS_login,hitBreakStrategy,23
0039,LKUS_grant_new_user_coupon,extern,14
0039,LKUS_grant_new_user_coupon,zeusId,14
0039,LKUS_grant_new_user_coupon,message,14
0039,LKUS_grant_new_user_coupon,sceneId,14
0039,LKUS_grant_new_user_coupon,accessId,14
0039,LKUS_grant_new_user_coupon,requestId,14
0039,LKUS_grant_new_user_coupon,resultCode,14
0039,LKUS_grant_new_user_coupon,resultName,14
0039,LKUS_grant_new_user_coupon,ruleDetail,14
0039,LKUS_grant_new_user_coupon,featureDetail,14
0039,LKUS_grant_new_user_coupon,hitBreakStrategy,14
0039,LKUS_payment,extern,112
0039,LKUS_payment,zeusId,112
0039,LKUS_payment,message,112
0039,LKUS_payment,sceneId,112
0039,LKUS_payment,accessId,112
0039,LKUS_payment,requestId,112
0039,LKUS_payment,resultCode,112
0039,LKUS_payment,resultName,112
0039,LKUS_payment,ruleDetail,112
0039,LKUS_payment,featureDetail,112
0039,LKUS_payment,hitBreakStrategy,112
0039,LKUS_payment,hitPreOnlineStrategy,102
0039,LKUS_payment,bestPreOnlineStrategyId,102
0039,LKUS_physical_order_create,extern,116
0039,LKUS_physical_order_create,zeusId,116
0039,LKUS_physical_order_create,message,116
0039,LKUS_physical_order_create,sceneId,116
0039,LKUS_physical_order_create,accessId,116
0039,LKUS_physical_order_create,requestId,116
0039,LKUS_physical_order_create,resultCode,116
0039,LKUS_physical_order_create,resultName,116
0039,LKUS_physical_order_create,ruleDetail,116
0039,LKUS_physical_order_create,featureDetail,116
0039,LKUS_physical_order_create,hitBreakStrategy,116
0039,LKUS_physical_order_cancel,extern,4
0039,LKUS_physical_order_cancel,zeusId,4
0039,LKUS_physical_order_cancel,message,4
0039,LKUS_physical_order_cancel,sceneId,4
0039,LKUS_physical_order_cancel,accessId,4
0039,LKUS_physical_order_cancel,requestId,4
0039,LKUS_physical_order_cancel,resultCode,4
0039,LKUS_physical_order_cancel,resultName,4
0039,LKUS_physical_order_cancel,ruleDetail,4
0039,LKUS_physical_order_cancel,featureDetail,4
0039,LKUS_physical_order_cancel,hitBreakStrategy,4
0039,LKUS_physical_order_create,hitStrategy,10
0039,LKUS_physical_order_create,bestStrategyId,10
0039,LKUS_payment,hitStrategy,10
0039,LKUS_payment,bestStrategyId,10
0039,LKUS_register,extern,5
0039,LKUS_register,zeusId,5
0039,LKUS_register,message,5
0039,LKUS_register,sceneId,5
0039,LKUS_register,accessId,5
0039,LKUS_register,requestId,5
0039,LKUS_register,resultCode,5
0039,LKUS_register,resultName,5
0039,LKUS_register,ruleDetail,5
0039,LKUS_register,featureDetail,5
0039,LKUS_register,hitBreakStrategy,5
0039,LKUS_login,hitStrategy,2
0039,LKUS_login,bestStrategyId,2
0040,LKUS_push,extern,36
0040,LKUS_push,zeusId,36
0040,LKUS_push,message,36
0040,LKUS_push,sceneId,36
0040,LKUS_push,accessId,36
0040,LKUS_push,requestId,36
0040,LKUS_push,resultCode,36
0040,LKUS_push,resultName,36
0040,LKUS_push,ruleDetail,36
0040,LKUS_push,featureDetail,36
0040,LKUS_push,hitBreakStrategy,36
0040,LKUS_push,hitPreOnlineStrategy,33
0040,LKUS_push,bestPreOnlineStrategyId,33
0040,LKUS_push,hitStrategy,17
0040,LKUS_push,bestStrategyId,17
0040,LKUS_physical_order_create,extern,110
0040,LKUS_physical_order_create,zeusId,110
0040,LKUS_physical_order_create,message,110
0040,LKUS_physical_order_create,sceneId,110
0040,LKUS_physical_order_create,accessId,110
0040,LKUS_physical_order_create,requestId,110
0040,LKUS_physical_order_create,resultCode,110
0040,LKUS_physical_order_create,resultName,110
0040,LKUS_physical_order_create,ruleDetail,110
0040,LKUS_physical_order_create,featureDetail,110
0040,LKUS_physical_order_create,hitBreakStrategy,110
0040,LKUS_physical_order_create,hitStrategy,20
0040,LKUS_physical_order_create,bestStrategyId,20
0040,LKUS_payment,extern,111
0040,LKUS_payment,zeusId,111
0040,LKUS_payment,message,111
0040,LKUS_payment,sceneId,111
0040,LKUS_payment,accessId,111
0040,LKUS_payment,requestId,111
0040,LKUS_payment,resultCode,111
0040,LKUS_payment,resultName,111
0040,LKUS_payment,ruleDetail,111
0040,LKUS_payment,hitStrategy,21
0040,LKUS_payment,featureDetail,111
0040,LKUS_payment,bestStrategyId,21
0040,LKUS_payment,hitBreakStrategy,111
0040,LKUS_payment,hitPreOnlineStrategy,103
0040,LKUS_payment,bestPreOnlineStrategyId,103
0040,LKUS_login,extern,18
0040,LKUS_login,zeusId,18
0040,LKUS_login,message,18
0040,LKUS_login,sceneId,18
0040,LKUS_login,accessId,18
0040,LKUS_login,requestId,18
0040,LKUS_login,resultCode,18
0040,LKUS_login,resultName,18
0040,LKUS_login,ruleDetail,18
0040,LKUS_login,featureDetail,18
0040,LKUS_login,hitBreakStrategy,18
0040,LKUS_register,extern,5
0040,LKUS_register,zeusId,5
0040,LKUS_register,message,5
0040,LKUS_register,sceneId,5
0040,LKUS_register,accessId,5
0040,LKUS_register,requestId,5
0040,LKUS_register,resultCode,5
0040,LKUS_register,resultName,5
0040,LKUS_register,ruleDetail,5
0040,LKUS_register,featureDetail,5
0040,LKUS_register,hitBreakStrategy,5
0040,LKUS_grant_new_user_coupon,extern,10
0040,LKUS_grant_new_user_coupon,zeusId,10
0040,LKUS_grant_new_user_coupon,message,10
0040,LKUS_grant_new_user_coupon,sceneId,10
0040,LKUS_grant_new_user_coupon,accessId,10
0040,LKUS_grant_new_user_coupon,requestId,10
0040,LKUS_grant_new_user_coupon,resultCode,10
0040,LKUS_grant_new_user_coupon,resultName,10
0040,LKUS_grant_new_user_coupon,ruleDetail,10
0040,LKUS_grant_new_user_coupon,featureDetail,10
0040,LKUS_grant_new_user_coupon,hitBreakStrategy,10
0040,LKUS_login,hitStrategy,1
0040,LKUS_login,bestStrategyId,1
0040,LKUS_physical_order_cancel,extern,1
0040,LKUS_physical_order_cancel,zeusId,1
0040,LKUS_physical_order_cancel,message,1
0040,LKUS_physical_order_cancel,sceneId,1
0040,LKUS_physical_order_cancel,accessId,1
0040,LKUS_physical_order_cancel,requestId,1
0040,LKUS_physical_order_cancel,resultCode,1
0040,LKUS_physical_order_cancel,resultName,1
0040,LKUS_physical_order_cancel,ruleDetail,1
0040,LKUS_physical_order_cancel,featureDetail,1
0040,LKUS_physical_order_cancel,hitBreakStrategy,1
0041,LKUS_login,extern,16
0041,LKUS_login,zeusId,16
0041,LKUS_login,message,16
0041,LKUS_login,sceneId,16
0041,LKUS_login,accessId,16
0041,LKUS_login,requestId,16
0041,LKUS_login,resultCode,16
0041,LKUS_login,resultName,16
0041,LKUS_login,ruleDetail,16
0041,LKUS_login,featureDetail,16
0041,LKUS_login,hitBreakStrategy,16
0041,LKUS_grant_new_user_coupon,extern,9
0041,LKUS_grant_new_user_coupon,zeusId,9
0041,LKUS_grant_new_user_coupon,message,9
0041,LKUS_grant_new_user_coupon,sceneId,9
0041,LKUS_grant_new_user_coupon,accessId,9
0041,LKUS_grant_new_user_coupon,requestId,9
0041,LKUS_grant_new_user_coupon,resultCode,9
0041,LKUS_grant_new_user_coupon,resultName,9
0041,LKUS_grant_new_user_coupon,ruleDetail,9
0041,LKUS_grant_new_user_coupon,featureDetail,9
0041,LKUS_grant_new_user_coupon,hitBreakStrategy,9
0041,LKUS_push,extern,46
0041,LKUS_push,zeusId,46
0041,LKUS_push,message,46
0041,LKUS_push,sceneId,46
0041,LKUS_push,accessId,46
0041,LKUS_push,requestId,46
0041,LKUS_push,resultCode,46
0041,LKUS_push,resultName,46
0041,LKUS_push,ruleDetail,46
0041,LKUS_push,featureDetail,46
0041,LKUS_push,hitBreakStrategy,46
0041,LKUS_push,hitPreOnlineStrategy,43
0041,LKUS_push,bestPreOnlineStrategyId,43
0041,LKUS_register,extern,9
0041,LKUS_register,zeusId,9
0041,LKUS_register,message,9
0041,LKUS_register,sceneId,9
0041,LKUS_register,accessId,9
0041,LKUS_register,requestId,9
0041,LKUS_register,resultCode,9
0041,LKUS_register,resultName,9
0041,LKUS_register,ruleDetail,9
0041,LKUS_register,featureDetail,9
0041,LKUS_register,hitBreakStrategy,9
0041,LKUS_push,hitStrategy,24
0041,LKUS_push,bestStrategyId,24
0041,LKUS_physical_order_create,extern,106
0041,LKUS_physical_order_create,zeusId,106
0041,LKUS_physical_order_create,message,106
0041,LKUS_physical_order_create,sceneId,106
0041,LKUS_physical_order_create,accessId,106
0041,LKUS_physical_order_create,requestId,106
0041,LKUS_physical_order_create,resultCode,106
0041,LKUS_physical_order_create,resultName,106
0041,LKUS_physical_order_create,ruleDetail,106
0041,LKUS_physical_order_create,featureDetail,106
0041,LKUS_physical_order_create,hitBreakStrategy,106
0041,LKUS_payment,extern,110
0041,LKUS_payment,zeusId,110
0041,LKUS_payment,message,110
0041,LKUS_payment,sceneId,110
0041,LKUS_payment,accessId,110
0041,LKUS_payment,requestId,110
0041,LKUS_payment,resultCode,110
0041,LKUS_payment,resultName,110
0041,LKUS_payment,ruleDetail,110
0041,LKUS_payment,featureDetail,110
0041,LKUS_payment,hitBreakStrategy,110
0041,LKUS_payment,hitPreOnlineStrategy,100
0041,LKUS_payment,bestPreOnlineStrategyId,100
0041,LKUS_physical_order_create,hitStrategy,17
0041,LKUS_physical_order_create,bestStrategyId,17
0041,LKUS_payment,hitStrategy,17
0041,LKUS_payment,bestStrategyId,17
0041,LKUS_login,hitStrategy,3
0041,LKUS_login,bestStrategyId,3
0041,LKUS_captcha,extern,1
0041,LKUS_captcha,zeusId,1
0041,LKUS_captcha,message,1
0041,LKUS_captcha,sceneId,1
0041,LKUS_captcha,accessId,1
0041,LKUS_captcha,requestId,1
0041,LKUS_captcha,resultCode,1
0041,LKUS_captcha,resultName,1
0041,LKUS_captcha,ruleDetail,1
0041,LKUS_captcha,featureDetail,1
0041,LKUS_captcha,hitBreakStrategy,1
0041,LKUS_captcha,hitPreOnlineStrategy,1
0041,LKUS_captcha,bestPreOnlineStrategyId,1
0041,LKUS_physical_order_cancel,extern,2
0041,LKUS_physical_order_cancel,zeusId,2
0041,LKUS_physical_order_cancel,message,2
0041,LKUS_physical_order_cancel,sceneId,2
0041,LKUS_physical_order_cancel,accessId,2
0041,LKUS_physical_order_cancel,requestId,2
0041,LKUS_physical_order_cancel,resultCode,2
0041,LKUS_physical_order_cancel,resultName,2
0041,LKUS_physical_order_cancel,ruleDetail,2
0041,LKUS_physical_order_cancel,featureDetail,2
0041,LKUS_physical_order_cancel,hitBreakStrategy,2
0042,LKUS_login,extern,14
0042,LKUS_login,zeusId,14
0042,LKUS_login,message,14
0042,LKUS_login,sceneId,14
0042,LKUS_login,accessId,14
0042,LKUS_login,requestId,14
0042,LKUS_login,resultCode,14
0042,LKUS_login,resultName,14
0042,LKUS_login,ruleDetail,14
0042,LKUS_login,featureDetail,14
0042,LKUS_login,hitBreakStrategy,14
0042,LKUS_grant_new_user_coupon,extern,7
0042,LKUS_grant_new_user_coupon,zeusId,7
0042,LKUS_grant_new_user_coupon,message,7
0042,LKUS_grant_new_user_coupon,sceneId,7
0042,LKUS_grant_new_user_coupon,accessId,7
0042,LKUS_grant_new_user_coupon,requestId,7
0042,LKUS_grant_new_user_coupon,resultCode,7
0042,LKUS_grant_new_user_coupon,resultName,7
0042,LKUS_grant_new_user_coupon,ruleDetail,7
0042,LKUS_grant_new_user_coupon,featureDetail,7
0042,LKUS_grant_new_user_coupon,hitBreakStrategy,7
0042,LKUS_push,extern,48
0042,LKUS_push,zeusId,48
0042,LKUS_push,message,48
0042,LKUS_push,sceneId,48
0042,LKUS_push,accessId,48
0042,LKUS_push,requestId,48
0042,LKUS_push,resultCode,48
0042,LKUS_push,resultName,48
0042,LKUS_push,ruleDetail,48
0042,LKUS_push,hitStrategy,15
0042,LKUS_push,featureDetail,48
0042,LKUS_push,bestStrategyId,15
0042,LKUS_push,hitBreakStrategy,48
0042,LKUS_push,hitPreOnlineStrategy,47
0042,LKUS_push,bestPreOnlineStrategyId,47
0042,LKUS_physical_order_create,extern,89
0042,LKUS_physical_order_create,zeusId,89
0042,LKUS_physical_order_create,message,89
0042,LKUS_physical_order_create,sceneId,89
0042,LKUS_physical_order_create,accessId,89
0042,LKUS_physical_order_create,requestId,89
0042,LKUS_physical_order_create,resultCode,89
0042,LKUS_physical_order_create,resultName,89
0042,LKUS_physical_order_create,ruleDetail,89
0042,LKUS_physical_order_create,featureDetail,89
0042,LKUS_physical_order_create,hitBreakStrategy,89
0042,LKUS_payment,extern,88
0042,LKUS_payment,zeusId,88
0042,LKUS_payment,message,88
0042,LKUS_payment,sceneId,88
0042,LKUS_payment,accessId,88
0042,LKUS_payment,requestId,88
0042,LKUS_payment,resultCode,88
0042,LKUS_payment,resultName,88
0042,LKUS_payment,ruleDetail,88
0042,LKUS_payment,featureDetail,88
0042,LKUS_payment,hitBreakStrategy,88
0042,LKUS_payment,hitPreOnlineStrategy,82
0042,LKUS_payment,bestPreOnlineStrategyId,82
0042,LKUS_physical_order_create,hitStrategy,9
0042,LKUS_physical_order_create,bestStrategyId,9
0042,LKUS_payment,hitStrategy,9
0042,LKUS_payment,bestStrategyId,9
0042,LKUS_register,extern,13
0042,LKUS_register,zeusId,13
0042,LKUS_register,message,13
0042,LKUS_register,sceneId,13
0042,LKUS_register,accessId,13
0042,LKUS_register,requestId,13
0042,LKUS_register,resultCode,13
0042,LKUS_register,resultName,13
0042,LKUS_register,ruleDetail,13
0042,LKUS_register,featureDetail,13
0042,LKUS_register,hitBreakStrategy,13
0042,LKUS_captcha,extern,1
0042,LKUS_captcha,zeusId,1
0042,LKUS_captcha,message,1
0042,LKUS_captcha,sceneId,1
0042,LKUS_captcha,accessId,1
0042,LKUS_captcha,requestId,1
0042,LKUS_captcha,resultCode,1
0042,LKUS_captcha,resultName,1
0042,LKUS_captcha,ruleDetail,1
0042,LKUS_captcha,featureDetail,1
0042,LKUS_captcha,hitBreakStrategy,1
0042,LKUS_captcha,hitPreOnlineStrategy,1
0042,LKUS_captcha,bestPreOnlineStrategyId,1
0042,LKUS_physical_order_cancel,extern,1
0042,LKUS_physical_order_cancel,zeusId,1
0042,LKUS_physical_order_cancel,message,1
0042,LKUS_physical_order_cancel,sceneId,1
0042,LKUS_physical_order_cancel,accessId,1
0042,LKUS_physical_order_cancel,requestId,1
0042,LKUS_physical_order_cancel,resultCode,1
0042,LKUS_physical_order_cancel,resultName,1
0042,LKUS_physical_order_cancel,ruleDetail,1
0042,LKUS_physical_order_cancel,featureDetail,1
0042,LKUS_physical_order_cancel,hitBreakStrategy,1
0042,LKUS_login,hitStrategy,1
0042,LKUS_login,bestStrategyId,1
0043,LKUS_push,extern,52
0043,LKUS_push,zeusId,52
0043,LKUS_push,message,52
0043,LKUS_push,sceneId,52
0043,LKUS_push,accessId,52
0043,LKUS_push,requestId,52
0043,LKUS_push,resultCode,52
0043,LKUS_push,resultName,52
0043,LKUS_push,ruleDetail,52
0043,LKUS_push,featureDetail,52
0043,LKUS_push,hitBreakStrategy,52
0043,LKUS_push,hitPreOnlineStrategy,49
0043,LKUS_push,bestPreOnlineStrategyId,49
0043,LKUS_register,extern,11
0043,LKUS_register,zeusId,11
0043,LKUS_register,message,11
0043,LKUS_register,sceneId,11
0043,LKUS_register,accessId,11
0043,LKUS_register,requestId,11
0043,LKUS_register,resultCode,11
0043,LKUS_register,resultName,11
0043,LKUS_register,ruleDetail,11
0043,LKUS_register,featureDetail,11
0043,LKUS_register,hitBreakStrategy,11
0043,LKUS_push,hitStrategy,31
0043,LKUS_push,bestStrategyId,31
0043,LKUS_login,extern,23
0043,LKUS_login,zeusId,23
0043,LKUS_login,message,23
0043,LKUS_login,sceneId,23
0043,LKUS_login,accessId,23
0043,LKUS_login,requestId,23
0043,LKUS_login,resultCode,23
0043,LKUS_login,resultName,23
0043,LKUS_login,ruleDetail,23
0043,LKUS_login,featureDetail,23
0043,LKUS_login,hitBreakStrategy,23
0043,LKUS_grant_new_user_coupon,extern,10
0043,LKUS_grant_new_user_coupon,zeusId,10
0043,LKUS_grant_new_user_coupon,message,10
0043,LKUS_grant_new_user_coupon,sceneId,10
0043,LKUS_grant_new_user_coupon,accessId,10
0043,LKUS_grant_new_user_coupon,requestId,10
0043,LKUS_grant_new_user_coupon,resultCode,10
0043,LKUS_grant_new_user_coupon,resultName,10
0043,LKUS_grant_new_user_coupon,ruleDetail,10
0043,LKUS_grant_new_user_coupon,featureDetail,10
0043,LKUS_grant_new_user_coupon,hitBreakStrategy,10
0043,LKUS_physical_order_create,extern,98
0043,LKUS_physical_order_create,zeusId,98
0043,LKUS_physical_order_create,message,98
0043,LKUS_physical_order_create,sceneId,98
0043,LKUS_physical_order_create,accessId,98
0043,LKUS_physical_order_create,requestId,98
0043,LKUS_physical_order_create,resultCode,98
0043,LKUS_physical_order_create,resultName,98
0043,LKUS_physical_order_create,ruleDetail,98
0043,LKUS_physical_order_create,featureDetail,98
0043,LKUS_physical_order_create,hitBreakStrategy,98
0043,LKUS_payment,extern,100
0043,LKUS_payment,zeusId,100
0043,LKUS_payment,message,100
0043,LKUS_payment,sceneId,100
0043,LKUS_payment,accessId,100
0043,LKUS_payment,requestId,100
0043,LKUS_payment,resultCode,100
0043,LKUS_payment,resultName,100
0043,LKUS_payment,ruleDetail,100
0043,LKUS_payment,featureDetail,100
0043,LKUS_payment,hitBreakStrategy,100
0043,LKUS_payment,hitPreOnlineStrategy,91
0043,LKUS_payment,bestPreOnlineStrategyId,91
0043,LKUS_payment,hitStrategy,15
0043,LKUS_payment,bestStrategyId,15
0043,LKUS_physical_order_create,hitStrategy,13
0043,LKUS_physical_order_create,bestStrategyId,13
0043,LKUS_login,hitStrategy,3
0043,LKUS_login,bestStrategyId,3
0043,LKUS_physical_order_cancel,extern,1
0043,LKUS_physical_order_cancel,zeusId,1
0043,LKUS_physical_order_cancel,message,1
0043,LKUS_physical_order_cancel,sceneId,1
0043,LKUS_physical_order_cancel,accessId,1
0043,LKUS_physical_order_cancel,requestId,1
0043,LKUS_physical_order_cancel,resultCode,1
0043,LKUS_physical_order_cancel,resultName,1
0043,LKUS_physical_order_cancel,ruleDetail,1
0043,LKUS_physical_order_cancel,featureDetail,1
0043,LKUS_physical_order_cancel,hitBreakStrategy,1
0044,LKUS_push,extern,33
0044,LKUS_push,zeusId,33
0044,LKUS_push,message,33
0044,LKUS_push,sceneId,33
0044,LKUS_push,accessId,33
0044,LKUS_push,requestId,33
0044,LKUS_push,resultCode,33
0044,LKUS_push,resultName,33
0044,LKUS_push,ruleDetail,33
0044,LKUS_push,hitStrategy,14
0044,LKUS_push,featureDetail,33
0044,LKUS_push,bestStrategyId,14
0044,LKUS_push,hitBreakStrategy,33
0044,LKUS_push,hitPreOnlineStrategy,30
0044,LKUS_push,bestPreOnlineStrategyId,30
0044,LKUS_physical_order_create,extern,101
0044,LKUS_physical_order_create,zeusId,101
0044,LKUS_physical_order_create,message,101
0044,LKUS_physical_order_create,sceneId,101
0044,LKUS_physical_order_create,accessId,101
0044,LKUS_physical_order_create,requestId,101
0044,LKUS_physical_order_create,resultCode,101
0044,LKUS_physical_order_create,resultName,101
0044,LKUS_physical_order_create,ruleDetail,101
0044,LKUS_physical_order_create,featureDetail,101
0044,LKUS_physical_order_create,hitBreakStrategy,101
0044,LKUS_payment,extern,99
0044,LKUS_payment,zeusId,99
0044,LKUS_payment,message,99
0044,LKUS_payment,sceneId,99
0044,LKUS_payment,accessId,99
0044,LKUS_payment,requestId,99
0044,LKUS_payment,resultCode,99
0044,LKUS_payment,resultName,99
0044,LKUS_payment,ruleDetail,99
0044,LKUS_payment,featureDetail,99
0044,LKUS_payment,hitBreakStrategy,99
0044,LKUS_payment,hitPreOnlineStrategy,90
0044,LKUS_payment,bestPreOnlineStrategyId,90
0044,LKUS_physical_order_create,hitStrategy,11
0044,LKUS_physical_order_create,bestStrategyId,11
0044,LKUS_payment,hitStrategy,11
0044,LKUS_payment,bestStrategyId,11
0044,LKUS_login,extern,13
0044,LKUS_login,zeusId,13
0044,LKUS_login,message,13
0044,LKUS_login,sceneId,13
0044,LKUS_login,accessId,13
0044,LKUS_login,requestId,13
0044,LKUS_login,resultCode,13
0044,LKUS_login,resultName,13
0044,LKUS_login,ruleDetail,13
0044,LKUS_login,featureDetail,13
0044,LKUS_login,hitBreakStrategy,13
0044,LKUS_grant_new_user_coupon,extern,8
0044,LKUS_grant_new_user_coupon,zeusId,8
0044,LKUS_grant_new_user_coupon,message,8
0044,LKUS_grant_new_user_coupon,sceneId,8
0044,LKUS_grant_new_user_coupon,accessId,8
0044,LKUS_grant_new_user_coupon,requestId,8
0044,LKUS_grant_new_user_coupon,resultCode,8
0044,LKUS_grant_new_user_coupon,resultName,8
0044,LKUS_grant_new_user_coupon,ruleDetail,8
0044,LKUS_grant_new_user_coupon,featureDetail,8
0044,LKUS_grant_new_user_coupon,hitBreakStrategy,8
0044,LKUS_register,extern,10
0044,LKUS_register,zeusId,10
0044,LKUS_register,message,10
0044,LKUS_register,sceneId,10
0044,LKUS_register,accessId,10
0044,LKUS_register,requestId,10
0044,LKUS_register,resultCode,10
0044,LKUS_register,resultName,10
0044,LKUS_register,ruleDetail,10
0044,LKUS_register,featureDetail,10
0044,LKUS_register,hitBreakStrategy,10
0044,LKUS_login,hitStrategy,1
0044,LKUS_login,bestStrategyId,1
0044,LKUS_register,hitStrategy,1
0044,LKUS_register,bestStrategyId,1
0045,LKUS_push,extern,35
0045,LKUS_push,zeusId,35
0045,LKUS_push,message,35
0045,LKUS_push,sceneId,35
0045,LKUS_push,accessId,35
0045,LKUS_push,requestId,35
0045,LKUS_push,resultCode,35
0045,LKUS_push,resultName,35
0045,LKUS_push,ruleDetail,35
0045,LKUS_push,hitStrategy,23
0045,LKUS_push,featureDetail,35
0045,LKUS_push,bestStrategyId,23
0045,LKUS_push,hitBreakStrategy,35
0045,LKUS_push,hitPreOnlineStrategy,34
0045,LKUS_push,bestPreOnlineStrategyId,34
0045,LKUS_grant_new_user_coupon,extern,6
0045,LKUS_grant_new_user_coupon,zeusId,6
0045,LKUS_grant_new_user_coupon,message,6
0045,LKUS_grant_new_user_coupon,sceneId,6
0045,LKUS_grant_new_user_coupon,accessId,6
0045,LKUS_grant_new_user_coupon,requestId,6
0045,LKUS_grant_new_user_coupon,resultCode,6
0045,LKUS_grant_new_user_coupon,resultName,6
0045,LKUS_grant_new_user_coupon,ruleDetail,6
0045,LKUS_grant_new_user_coupon,featureDetail,6
0045,LKUS_grant_new_user_coupon,hitBreakStrategy,6
0045,LKUS_login,extern,17
0045,LKUS_login,zeusId,17
0045,LKUS_login,message,17
0045,LKUS_login,sceneId,17
0045,LKUS_login,accessId,17
0045,LKUS_login,requestId,17
0045,LKUS_login,resultCode,17
0045,LKUS_login,resultName,17
0045,LKUS_login,ruleDetail,17
0045,LKUS_login,featureDetail,17
0045,LKUS_login,hitBreakStrategy,17
0045,LKUS_physical_order_create,extern,106
0045,LKUS_physical_order_create,zeusId,106
0045,LKUS_physical_order_create,message,106
0045,LKUS_physical_order_create,sceneId,106
0045,LKUS_physical_order_create,accessId,106
0045,LKUS_physical_order_create,requestId,106
0045,LKUS_physical_order_create,resultCode,106
0045,LKUS_physical_order_create,resultName,106
0045,LKUS_physical_order_create,ruleDetail,106
0045,LKUS_physical_order_create,featureDetail,106
0045,LKUS_physical_order_create,hitBreakStrategy,106
0045,LKUS_payment,extern,104
0045,LKUS_payment,zeusId,104
0045,LKUS_payment,message,104
0045,LKUS_payment,sceneId,104
0045,LKUS_payment,accessId,104
0045,LKUS_payment,requestId,104
0045,LKUS_payment,resultCode,104
0045,LKUS_payment,resultName,104
0045,LKUS_payment,ruleDetail,104
0045,LKUS_payment,featureDetail,104
0045,LKUS_payment,hitBreakStrategy,104
0045,LKUS_payment,hitPreOnlineStrategy,91
0045,LKUS_payment,bestPreOnlineStrategyId,91
0045,LKUS_physical_order_cancel,extern,2
0045,LKUS_physical_order_cancel,zeusId,2
0045,LKUS_physical_order_cancel,message,2
0045,LKUS_physical_order_cancel,sceneId,2
0045,LKUS_physical_order_cancel,accessId,2
0045,LKUS_physical_order_cancel,requestId,2
0045,LKUS_physical_order_cancel,resultCode,2
0045,LKUS_physical_order_cancel,resultName,2
0045,LKUS_physical_order_cancel,ruleDetail,2
0045,LKUS_physical_order_cancel,featureDetail,2
0045,LKUS_physical_order_cancel,hitBreakStrategy,2
0045,LKUS_payment,hitStrategy,13
0045,LKUS_payment,bestStrategyId,13
0045,LKUS_physical_order_create,hitStrategy,13
0045,LKUS_physical_order_create,bestStrategyId,13
0045,LKUS_register,extern,7
0045,LKUS_register,zeusId,7
0045,LKUS_register,message,7
0045,LKUS_register,sceneId,7
0045,LKUS_register,accessId,7
0045,LKUS_register,requestId,7
0045,LKUS_register,resultCode,7
0045,LKUS_register,resultName,7
0045,LKUS_register,ruleDetail,7
0045,LKUS_register,featureDetail,7
0045,LKUS_register,hitBreakStrategy,7
0045,LKUS_login,hitStrategy,1
0045,LKUS_login,bestStrategyId,1
0046,LKUS_push,extern,61
0046,LKUS_push,zeusId,61
0046,LKUS_push,message,61
0046,LKUS_push,sceneId,61
0046,LKUS_push,accessId,61
0046,LKUS_push,requestId,61
0046,LKUS_push,resultCode,61
0046,LKUS_push,resultName,61
0046,LKUS_push,ruleDetail,61
0046,LKUS_push,featureDetail,61
0046,LKUS_push,hitBreakStrategy,61
0046,LKUS_push,hitPreOnlineStrategy,58
0046,LKUS_push,bestPreOnlineStrategyId,58
0046,LKUS_login,extern,16
0046,LKUS_login,zeusId,16
0046,LKUS_login,message,16
0046,LKUS_login,sceneId,16
0046,LKUS_login,accessId,16
0046,LKUS_login,requestId,16
0046,LKUS_login,resultCode,16
0046,LKUS_login,resultName,16
0046,LKUS_login,ruleDetail,16
0046,LKUS_login,hitStrategy,1
0046,LKUS_login,featureDetail,16
0046,LKUS_login,bestStrategyId,1
0046,LKUS_login,hitBreakStrategy,16
0046,LKUS_push,hitStrategy,28
0046,LKUS_push,bestStrategyId,28
0046,LKUS_physical_order_create,extern,85
0046,LKUS_physical_order_create,zeusId,85
0046,LKUS_physical_order_create,message,85
0046,LKUS_physical_order_create,sceneId,85
0046,LKUS_physical_order_create,accessId,85
0046,LKUS_physical_order_create,requestId,85
0046,LKUS_physical_order_create,resultCode,85
0046,LKUS_physical_order_create,resultName,85
0046,LKUS_physical_order_create,ruleDetail,85
0046,LKUS_physical_order_create,featureDetail,85
0046,LKUS_physical_order_create,hitBreakStrategy,85
0046,LKUS_payment,extern,87
0046,LKUS_payment,zeusId,87
0046,LKUS_payment,message,87
0046,LKUS_payment,sceneId,87
0046,LKUS_payment,accessId,87
0046,LKUS_payment,requestId,87
0046,LKUS_payment,resultCode,87
0046,LKUS_payment,resultName,87
0046,LKUS_payment,ruleDetail,87
0046,LKUS_payment,featureDetail,87
0046,LKUS_payment,hitBreakStrategy,87
0046,LKUS_payment,hitPreOnlineStrategy,79
0046,LKUS_payment,bestPreOnlineStrategyId,79
0046,LKUS_physical_order_create,hitStrategy,15
0046,LKUS_physical_order_create,bestStrategyId,15
0046,LKUS_payment,hitStrategy,15
0046,LKUS_payment,bestStrategyId,15
0046,LKUS_register,extern,9
0046,LKUS_register,zeusId,9
0046,LKUS_register,message,9
0046,LKUS_register,sceneId,9
0046,LKUS_register,accessId,9
0046,LKUS_register,requestId,9
0046,LKUS_register,resultCode,9
0046,LKUS_register,resultName,9
0046,LKUS_register,ruleDetail,9
0046,LKUS_register,featureDetail,9
0046,LKUS_register,hitBreakStrategy,9
0046,LKUS_grant_new_user_coupon,extern,8
0046,LKUS_grant_new_user_coupon,zeusId,8
0046,LKUS_grant_new_user_coupon,message,8
0046,LKUS_grant_new_user_coupon,sceneId,8
0046,LKUS_grant_new_user_coupon,accessId,8
0046,LKUS_grant_new_user_coupon,requestId,8
0046,LKUS_grant_new_user_coupon,resultCode,8
0046,LKUS_grant_new_user_coupon,resultName,8
0046,LKUS_grant_new_user_coupon,ruleDetail,8
0046,LKUS_grant_new_user_coupon,featureDetail,8
0046,LKUS_grant_new_user_coupon,hitBreakStrategy,8
0047,LKUS_push,extern,34
0047,LKUS_push,zeusId,34
0047,LKUS_push,message,34
0047,LKUS_push,sceneId,34
0047,LKUS_push,accessId,34
0047,LKUS_push,requestId,34
0047,LKUS_push,resultCode,34
0047,LKUS_push,resultName,34
0047,LKUS_push,ruleDetail,34
0047,LKUS_push,hitStrategy,13
0047,LKUS_push,featureDetail,34
0047,LKUS_push,bestStrategyId,13
0047,LKUS_push,hitBreakStrategy,34
0047,LKUS_push,hitPreOnlineStrategy,31
0047,LKUS_push,bestPreOnlineStrategyId,31
0047,LKUS_physical_order_create,extern,95
0047,LKUS_physical_order_create,zeusId,95
0047,LKUS_physical_order_create,message,95
0047,LKUS_physical_order_create,sceneId,95
0047,LKUS_physical_order_create,accessId,95
0047,LKUS_physical_order_create,requestId,95
0047,LKUS_physical_order_create,resultCode,95
0047,LKUS_physical_order_create,resultName,95
0047,LKUS_physical_order_create,ruleDetail,95
0047,LKUS_physical_order_create,featureDetail,95
0047,LKUS_physical_order_create,hitBreakStrategy,95
0047,LKUS_payment,extern,94
0047,LKUS_payment,zeusId,94
0047,LKUS_payment,message,94
0047,LKUS_payment,sceneId,94
0047,LKUS_payment,accessId,94
0047,LKUS_payment,requestId,94
0047,LKUS_payment,resultCode,94
0047,LKUS_payment,resultName,94
0047,LKUS_payment,ruleDetail,94
0047,LKUS_payment,featureDetail,94
0047,LKUS_payment,hitBreakStrategy,94
0047,LKUS_payment,hitPreOnlineStrategy,82
0047,LKUS_payment,bestPreOnlineStrategyId,82
0047,LKUS_physical_order_create,hitStrategy,11
0047,LKUS_physical_order_create,bestStrategyId,11
0047,LKUS_payment,hitStrategy,11
0047,LKUS_payment,bestStrategyId,11
0047,LKUS_login,extern,9
0047,LKUS_login,zeusId,9
0047,LKUS_login,message,9
0047,LKUS_login,sceneId,9
0047,LKUS_login,accessId,9
0047,LKUS_login,requestId,9
0047,LKUS_login,resultCode,9
0047,LKUS_login,resultName,9
0047,LKUS_login,ruleDetail,9
0047,LKUS_login,featureDetail,9
0047,LKUS_login,hitBreakStrategy,9
0047,LKUS_grant_new_user_coupon,extern,8
0047,LKUS_grant_new_user_coupon,zeusId,8
0047,LKUS_grant_new_user_coupon,message,8
0047,LKUS_grant_new_user_coupon,sceneId,8
0047,LKUS_grant_new_user_coupon,accessId,8
0047,LKUS_grant_new_user_coupon,requestId,8
0047,LKUS_grant_new_user_coupon,resultCode,8
0047,LKUS_grant_new_user_coupon,resultName,8
0047,LKUS_grant_new_user_coupon,ruleDetail,8
0047,LKUS_grant_new_user_coupon,featureDetail,8
0047,LKUS_grant_new_user_coupon,hitBreakStrategy,8
0047,LKUS_register,extern,16
0047,LKUS_register,zeusId,16
0047,LKUS_register,message,16
0047,LKUS_register,sceneId,16
0047,LKUS_register,accessId,16
0047,LKUS_register,requestId,16
0047,LKUS_register,resultCode,16
0047,LKUS_register,resultName,16
0047,LKUS_register,ruleDetail,16
0047,LKUS_register,featureDetail,16
0047,LKUS_register,hitBreakStrategy,16
0048,LKUS_push,extern,53
0048,LKUS_push,zeusId,53
0048,LKUS_push,message,53
0048,LKUS_push,sceneId,53
0048,LKUS_push,accessId,53
0048,LKUS_push,requestId,53
0048,LKUS_push,resultCode,53
0048,LKUS_push,resultName,53
0048,LKUS_push,ruleDetail,53
0048,LKUS_push,hitStrategy,25
0048,LKUS_push,featureDetail,53
0048,LKUS_push,bestStrategyId,25
0048,LKUS_push,hitBreakStrategy,53
0048,LKUS_push,hitPreOnlineStrategy,51
0048,LKUS_push,bestPreOnlineStrategyId,51
0048,LKUS_physical_order_create,extern,111
0048,LKUS_physical_order_create,zeusId,111
0048,LKUS_physical_order_create,message,111
0048,LKUS_physical_order_create,sceneId,111
0048,LKUS_physical_order_create,accessId,111
0048,LKUS_physical_order_create,requestId,111
0048,LKUS_physical_order_create,resultCode,111
0048,LKUS_physical_order_create,resultName,111
0048,LKUS_physical_order_create,ruleDetail,111
0048,LKUS_physical_order_create,featureDetail,111
0048,LKUS_physical_order_create,hitBreakStrategy,111
0048,LKUS_payment,extern,117
0048,LKUS_payment,zeusId,117
0048,LKUS_payment,message,117
0048,LKUS_payment,sceneId,117
0048,LKUS_payment,accessId,117
0048,LKUS_payment,requestId,117
0048,LKUS_payment,resultCode,117
0048,LKUS_payment,resultName,117
0048,LKUS_payment,ruleDetail,117
0048,LKUS_payment,featureDetail,117
0048,LKUS_payment,hitBreakStrategy,117
0048,LKUS_payment,hitPreOnlineStrategy,103
0048,LKUS_payment,bestPreOnlineStrategyId,103
0048,LKUS_register,extern,8
0048,LKUS_register,zeusId,8
0048,LKUS_register,message,8
0048,LKUS_register,sceneId,8
0048,LKUS_register,accessId,8
0048,LKUS_register,requestId,8
0048,LKUS_register,resultCode,8
0048,LKUS_register,resultName,8
0048,LKUS_register,ruleDetail,8
0048,LKUS_register,featureDetail,8
0048,LKUS_register,hitBreakStrategy,8
0048,LKUS_physical_order_create,hitStrategy,12
0048,LKUS_physical_order_create,bestStrategyId,12
0048,LKUS_payment,hitStrategy,14
0048,LKUS_payment,bestStrategyId,14
0048,LKUS_login,extern,19
0048,LKUS_login,zeusId,19
0048,LKUS_login,message,19
0048,LKUS_login,sceneId,19
0048,LKUS_login,accessId,19
0048,LKUS_login,requestId,19
0048,LKUS_login,resultCode,19
0048,LKUS_login,resultName,19
0048,LKUS_login,ruleDetail,19
0048,LKUS_login,featureDetail,19
0048,LKUS_login,hitBreakStrategy,19
0048,LKUS_grant_new_user_coupon,extern,10
0048,LKUS_grant_new_user_coupon,zeusId,10
0048,LKUS_grant_new_user_coupon,message,10
0048,LKUS_grant_new_user_coupon,sceneId,10
0048,LKUS_grant_new_user_coupon,accessId,10
0048,LKUS_grant_new_user_coupon,requestId,10
0048,LKUS_grant_new_user_coupon,resultCode,10
0048,LKUS_grant_new_user_coupon,resultName,10
0048,LKUS_grant_new_user_coupon,ruleDetail,10
0048,LKUS_grant_new_user_coupon,featureDetail,10
0048,LKUS_grant_new_user_coupon,hitBreakStrategy,10
0048,LKUS_physical_order_cancel,extern,1
0048,LKUS_physical_order_cancel,zeusId,1
0048,LKUS_physical_order_cancel,message,1
0048,LKUS_physical_order_cancel,sceneId,1
0048,LKUS_physical_order_cancel,accessId,1
0048,LKUS_physical_order_cancel,requestId,1
0048,LKUS_physical_order_cancel,resultCode,1
0048,LKUS_physical_order_cancel,resultName,1
0048,LKUS_physical_order_cancel,ruleDetail,1
0048,LKUS_physical_order_cancel,featureDetail,1
0048,LKUS_physical_order_cancel,hitBreakStrategy,1
0049,LKUS_push,extern,57
0049,LKUS_push,zeusId,57
0049,LKUS_push,message,57
0049,LKUS_push,sceneId,57
0049,LKUS_push,accessId,57
0049,LKUS_push,requestId,57
0049,LKUS_push,resultCode,57
0049,LKUS_push,resultName,57
0049,LKUS_push,ruleDetail,57
0049,LKUS_push,featureDetail,57
0049,LKUS_push,hitBreakStrategy,57
0049,LKUS_push,hitPreOnlineStrategy,51
0049,LKUS_push,bestPreOnlineStrategyId,51
0049,LKUS_push,hitStrategy,25
0049,LKUS_push,bestStrategyId,25
0049,LKUS_physical_order_create,extern,95
0049,LKUS_physical_order_create,zeusId,95
0049,LKUS_physical_order_create,message,95
0049,LKUS_physical_order_create,sceneId,95
0049,LKUS_physical_order_create,accessId,95
0049,LKUS_physical_order_create,requestId,95
0049,LKUS_physical_order_create,resultCode,95
0049,LKUS_physical_order_create,resultName,95
0049,LKUS_physical_order_create,ruleDetail,95
0049,LKUS_physical_order_create,hitStrategy,10
0049,LKUS_physical_order_create,featureDetail,95
0049,LKUS_physical_order_create,bestStrategyId,10
0049,LKUS_physical_order_create,hitBreakStrategy,95
0049,LKUS_payment,extern,101
0049,LKUS_payment,zeusId,101
0049,LKUS_payment,message,101
0049,LKUS_payment,sceneId,101
0049,LKUS_payment,accessId,101
0049,LKUS_payment,requestId,101
0049,LKUS_payment,resultCode,101
0049,LKUS_payment,resultName,101
0049,LKUS_payment,ruleDetail,101
0049,LKUS_payment,hitStrategy,10
0049,LKUS_payment,featureDetail,101
0049,LKUS_payment,bestStrategyId,10
0049,LKUS_payment,hitBreakStrategy,101
0049,LKUS_payment,hitPreOnlineStrategy,93
0049,LKUS_payment,bestPreOnlineStrategyId,93
0049,LKUS_login,extern,13
0049,LKUS_login,zeusId,13
0049,LKUS_login,message,13
0049,LKUS_login,sceneId,13
0049,LKUS_login,accessId,13
0049,LKUS_login,requestId,13
0049,LKUS_login,resultCode,13
0049,LKUS_login,resultName,13
0049,LKUS_login,ruleDetail,13
0049,LKUS_login,featureDetail,13
0049,LKUS_login,hitBreakStrategy,13
0049,LKUS_grant_new_user_coupon,extern,6
0049,LKUS_grant_new_user_coupon,zeusId,6
0049,LKUS_grant_new_user_coupon,message,6
0049,LKUS_grant_new_user_coupon,sceneId,6
0049,LKUS_grant_new_user_coupon,accessId,6
0049,LKUS_grant_new_user_coupon,requestId,6
0049,LKUS_grant_new_user_coupon,resultCode,6
0049,LKUS_grant_new_user_coupon,resultName,6
0049,LKUS_grant_new_user_coupon,ruleDetail,6
0049,LKUS_grant_new_user_coupon,featureDetail,6
0049,LKUS_grant_new_user_coupon,hitBreakStrategy,6
0049,LKUS_register,extern,9
0049,LKUS_register,zeusId,9
0049,LKUS_register,message,9
0049,LKUS_register,sceneId,9
0049,LKUS_register,accessId,9
0049,LKUS_register,requestId,9
0049,LKUS_register,resultCode,9
0049,LKUS_register,resultName,9
0049,LKUS_register,ruleDetail,9
0049,LKUS_register,featureDetail,9
0049,LKUS_register,hitBreakStrategy,9
0049,LKUS_register,hitStrategy,1
0049,LKUS_register,bestStrategyId,1
0049,LKUS_physical_order_cancel,extern,2
0049,LKUS_physical_order_cancel,zeusId,2
0049,LKUS_physical_order_cancel,message,2
0049,LKUS_physical_order_cancel,sceneId,2
0049,LKUS_physical_order_cancel,accessId,2
0049,LKUS_physical_order_cancel,requestId,2
0049,LKUS_physical_order_cancel,resultCode,2
0049,LKUS_physical_order_cancel,resultName,2
0049,LKUS_physical_order_cancel,ruleDetail,2
0049,LKUS_physical_order_cancel,featureDetail,2
0049,LKUS_physical_order_cancel,hitBreakStrategy,2
0050,LKUS_push,extern,51
0050,LKUS_push,zeusId,51
0050,LKUS_push,message,51
0050,LKUS_push,sceneId,51
0050,LKUS_push,accessId,51
0050,LKUS_push,requestId,51
0050,LKUS_push,resultCode,51
0050,LKUS_push,resultName,51
0050,LKUS_push,ruleDetail,51
0050,LKUS_push,hitStrategy,22
0050,LKUS_push,featureDetail,51
0050,LKUS_push,bestStrategyId,22
0050,LKUS_push,hitBreakStrategy,51
0050,LKUS_push,hitPreOnlineStrategy,49
0050,LKUS_push,bestPreOnlineStrategyId,49
0050,LKUS_physical_order_create,extern,103
0050,LKUS_physical_order_create,zeusId,103
0050,LKUS_physical_order_create,message,103
0050,LKUS_physical_order_create,sceneId,103
0050,LKUS_physical_order_create,accessId,103
0050,LKUS_physical_order_create,requestId,103
0050,LKUS_physical_order_create,resultCode,103
0050,LKUS_physical_order_create,resultName,103
0050,LKUS_physical_order_create,ruleDetail,103
0050,LKUS_physical_order_create,featureDetail,103
0050,LKUS_physical_order_create,hitBreakStrategy,103
0050,LKUS_payment,extern,104
0050,LKUS_payment,zeusId,104
0050,LKUS_payment,message,104
0050,LKUS_payment,sceneId,104
0050,LKUS_payment,accessId,104
0050,LKUS_payment,requestId,104
0050,LKUS_payment,resultCode,104
0050,LKUS_payment,resultName,104
0050,LKUS_payment,ruleDetail,104
0050,LKUS_payment,featureDetail,104
0050,LKUS_payment,hitBreakStrategy,104
0050,LKUS_payment,hitPreOnlineStrategy,100
0050,LKUS_payment,bestPreOnlineStrategyId,100
0050,LKUS_login,extern,16
0050,LKUS_login,zeusId,16
0050,LKUS_login,message,16
0050,LKUS_login,sceneId,16
0050,LKUS_login,accessId,16
0050,LKUS_login,requestId,16
0050,LKUS_login,resultCode,16
0050,LKUS_login,resultName,16
0050,LKUS_login,ruleDetail,16
0050,LKUS_login,featureDetail,16
0050,LKUS_login,hitBreakStrategy,16
0050,LKUS_grant_new_user_coupon,extern,8
0050,LKUS_grant_new_user_coupon,zeusId,8
0050,LKUS_grant_new_user_coupon,message,8
0050,LKUS_grant_new_user_coupon,sceneId,8
0050,LKUS_grant_new_user_coupon,accessId,8
0050,LKUS_grant_new_user_coupon,requestId,8
0050,LKUS_grant_new_user_coupon,resultCode,8
0050,LKUS_grant_new_user_coupon,resultName,8
0050,LKUS_grant_new_user_coupon,ruleDetail,8
0050,LKUS_grant_new_user_coupon,featureDetail,8
0050,LKUS_grant_new_user_coupon,hitBreakStrategy,8
0050,LKUS_physical_order_create,hitStrategy,18
0050,LKUS_physical_order_create,bestStrategyId,18
0050,LKUS_payment,hitStrategy,19
0050,LKUS_payment,bestStrategyId,19
0050,LKUS_register,extern,7
0050,LKUS_register,zeusId,7
0050,LKUS_register,message,7
0050,LKUS_register,sceneId,7
0050,LKUS_register,accessId,7
0050,LKUS_register,requestId,7
0050,LKUS_register,resultCode,7
0050,LKUS_register,resultName,7
0050,LKUS_register,ruleDetail,7
0050,LKUS_register,featureDetail,7
0050,LKUS_register,hitBreakStrategy,7
0050,LKUS_captcha,extern,1
0050,LKUS_captcha,zeusId,1
0050,LKUS_captcha,message,1
0050,LKUS_captcha,sceneId,1
0050,LKUS_captcha,accessId,1
0050,LKUS_captcha,requestId,1
0050,LKUS_captcha,resultCode,1
0050,LKUS_captcha,resultName,1
0050,LKUS_captcha,ruleDetail,1
0050,LKUS_captcha,featureDetail,1
0050,LKUS_captcha,hitBreakStrategy,1
0050,LKUS_captcha,hitPreOnlineStrategy,1
0050,LKUS_captcha,bestPreOnlineStrategyId,1
0051,LKUS_push,extern,84
0051,LKUS_push,zeusId,84
0051,LKUS_push,message,84
0051,LKUS_push,sceneId,84
0051,LKUS_push,accessId,84
0051,LKUS_push,requestId,84
0051,LKUS_push,resultCode,84
0051,LKUS_push,resultName,84
0051,LKUS_push,ruleDetail,84
0051,LKUS_push,hitStrategy,46
0051,LKUS_push,featureDetail,84
0051,LKUS_push,bestStrategyId,46
0051,LKUS_push,hitBreakStrategy,84
0051,LKUS_push,hitPreOnlineStrategy,79
0051,LKUS_push,bestPreOnlineStrategyId,79
0051,LKUS_physical_order_create,extern,78
0051,LKUS_physical_order_create,zeusId,78
0051,LKUS_physical_order_create,message,78
0051,LKUS_physical_order_create,sceneId,78
0051,LKUS_physical_order_create,accessId,78
0051,LKUS_physical_order_create,requestId,78
0051,LKUS_physical_order_create,resultCode,78
0051,LKUS_physical_order_create,resultName,78
0051,LKUS_physical_order_create,ruleDetail,78
0051,LKUS_physical_order_create,featureDetail,78
0051,LKUS_physical_order_create,hitBreakStrategy,78
0051,LKUS_payment,extern,76
0051,LKUS_payment,zeusId,76
0051,LKUS_payment,message,76
0051,LKUS_payment,sceneId,76
0051,LKUS_payment,accessId,76
0051,LKUS_payment,requestId,76
0051,LKUS_payment,resultCode,76
0051,LKUS_payment,resultName,76
0051,LKUS_payment,ruleDetail,76
0051,LKUS_payment,featureDetail,76
0051,LKUS_payment,hitBreakStrategy,76
0051,LKUS_payment,hitPreOnlineStrategy,67
0051,LKUS_payment,bestPreOnlineStrategyId,67
0051,LKUS_register,extern,10
0051,LKUS_register,zeusId,10
0051,LKUS_register,message,10
0051,LKUS_register,sceneId,10
0051,LKUS_register,accessId,10
0051,LKUS_register,requestId,10
0051,LKUS_register,resultCode,10
0051,LKUS_register,resultName,10
0051,LKUS_register,ruleDetail,10
0051,LKUS_register,featureDetail,10
0051,LKUS_register,hitBreakStrategy,10
0051,LKUS_grant_new_user_coupon,extern,7
0051,LKUS_grant_new_user_coupon,zeusId,7
0051,LKUS_grant_new_user_coupon,message,7
0051,LKUS_grant_new_user_coupon,sceneId,7
0051,LKUS_grant_new_user_coupon,accessId,7
0051,LKUS_grant_new_user_coupon,requestId,7
0051,LKUS_grant_new_user_coupon,resultCode,7
0051,LKUS_grant_new_user_coupon,resultName,7
0051,LKUS_grant_new_user_coupon,ruleDetail,7
0051,LKUS_grant_new_user_coupon,featureDetail,7
0051,LKUS_grant_new_user_coupon,hitBreakStrategy,7
0051,LKUS_login,extern,17
0051,LKUS_login,zeusId,17
0051,LKUS_login,message,17
0051,LKUS_login,sceneId,17
0051,LKUS_login,accessId,17
0051,LKUS_login,requestId,17
0051,LKUS_login,resultCode,17
0051,LKUS_login,resultName,17
0051,LKUS_login,ruleDetail,17
0051,LKUS_login,featureDetail,17
0051,LKUS_login,hitBreakStrategy,17
0051,LKUS_login,hitStrategy,2
0051,LKUS_login,bestStrategyId,2
0051,LKUS_payment,hitStrategy,10
0051,LKUS_payment,bestStrategyId,10
0051,LKUS_physical_order_create,hitStrategy,10
0051,LKUS_physical_order_create,bestStrategyId,10
0052,LKUS_login,extern,25
0052,LKUS_login,zeusId,25
0052,LKUS_login,message,25
0052,LKUS_login,sceneId,25
0052,LKUS_login,accessId,25
0052,LKUS_login,requestId,25
0052,LKUS_login,resultCode,25
0052,LKUS_login,resultName,25
0052,LKUS_login,ruleDetail,25
0052,LKUS_login,featureDetail,25
0052,LKUS_login,hitBreakStrategy,25
0052,LKUS_push,extern,54
0052,LKUS_push,zeusId,54
0052,LKUS_push,message,54
0052,LKUS_push,sceneId,54
0052,LKUS_push,accessId,54
0052,LKUS_push,requestId,54
0052,LKUS_push,resultCode,54
0052,LKUS_push,resultName,54
0052,LKUS_push,ruleDetail,54
0052,LKUS_push,hitStrategy,24
0052,LKUS_push,featureDetail,54
0052,LKUS_push,bestStrategyId,24
0052,LKUS_push,hitBreakStrategy,54
0052,LKUS_push,hitPreOnlineStrategy,51
0052,LKUS_push,bestPreOnlineStrategyId,51
0052,LKUS_physical_order_create,extern,108
0052,LKUS_physical_order_create,zeusId,108
0052,LKUS_physical_order_create,message,108
0052,LKUS_physical_order_create,sceneId,108
0052,LKUS_physical_order_create,accessId,108
0052,LKUS_physical_order_create,requestId,108
0052,LKUS_physical_order_create,resultCode,108
0052,LKUS_physical_order_create,resultName,108
0052,LKUS_physical_order_create,ruleDetail,108
0052,LKUS_physical_order_create,featureDetail,108
0052,LKUS_physical_order_create,hitBreakStrategy,108
0052,LKUS_payment,extern,105
0052,LKUS_payment,zeusId,105
0052,LKUS_payment,message,105
0052,LKUS_payment,sceneId,105
0052,LKUS_payment,accessId,105
0052,LKUS_payment,requestId,105
0052,LKUS_payment,resultCode,105
0052,LKUS_payment,resultName,105
0052,LKUS_payment,ruleDetail,105
0052,LKUS_payment,featureDetail,105
0052,LKUS_payment,hitBreakStrategy,105
0052,LKUS_physical_order_create,hitStrategy,8
0052,LKUS_physical_order_create,bestStrategyId,8
0052,LKUS_payment,hitStrategy,8
0052,LKUS_payment,bestStrategyId,8
0052,LKUS_payment,hitPreOnlineStrategy,91
0052,LKUS_payment,bestPreOnlineStrategyId,91
0052,LKUS_grant_new_user_coupon,extern,15
0052,LKUS_grant_new_user_coupon,zeusId,15
0052,LKUS_grant_new_user_coupon,message,15
0052,LKUS_grant_new_user_coupon,sceneId,15
0052,LKUS_grant_new_user_coupon,accessId,15
0052,LKUS_grant_new_user_coupon,requestId,15
0052,LKUS_grant_new_user_coupon,resultCode,15
0052,LKUS_grant_new_user_coupon,resultName,15
0052,LKUS_grant_new_user_coupon,ruleDetail,15
0052,LKUS_grant_new_user_coupon,featureDetail,15
0052,LKUS_grant_new_user_coupon,hitBreakStrategy,15
0052,LKUS_register,extern,13
0052,LKUS_register,zeusId,13
0052,LKUS_register,message,13
0052,LKUS_register,sceneId,13
0052,LKUS_register,accessId,13
0052,LKUS_register,requestId,13
0052,LKUS_register,resultCode,13
0052,LKUS_register,resultName,13
0052,LKUS_register,ruleDetail,13
0052,LKUS_register,featureDetail,13
0052,LKUS_register,hitBreakStrategy,13
0052,LKUS_login,hitStrategy,1
0052,LKUS_login,bestStrategyId,1
0052,LKUS_physical_order_cancel,extern,2
0052,LKUS_physical_order_cancel,zeusId,2
0052,LKUS_physical_order_cancel,message,2
0052,LKUS_physical_order_cancel,sceneId,2
0052,LKUS_physical_order_cancel,accessId,2
0052,LKUS_physical_order_cancel,requestId,2
0052,LKUS_physical_order_cancel,resultCode,2
0052,LKUS_physical_order_cancel,resultName,2
0052,LKUS_physical_order_cancel,ruleDetail,2
0052,LKUS_physical_order_cancel,featureDetail,2
0052,LKUS_physical_order_cancel,hitBreakStrategy,2
0053,LKUS_push,extern,57
0053,LKUS_push,zeusId,57
0053,LKUS_push,message,57
0053,LKUS_push,sceneId,57
0053,LKUS_push,accessId,57
0053,LKUS_push,requestId,57
0053,LKUS_push,resultCode,57
0053,LKUS_push,resultName,57
0053,LKUS_push,ruleDetail,57
0053,LKUS_push,hitStrategy,29
0053,LKUS_push,featureDetail,57
0053,LKUS_push,bestStrategyId,29
0053,LKUS_push,hitBreakStrategy,57
0053,LKUS_push,hitPreOnlineStrategy,55
0053,LKUS_push,bestPreOnlineStrategyId,55
0053,LKUS_physical_order_create,extern,107
0053,LKUS_physical_order_create,zeusId,107
0053,LKUS_physical_order_create,message,107
0053,LKUS_physical_order_create,sceneId,107
0053,LKUS_physical_order_create,accessId,107
0053,LKUS_physical_order_create,requestId,107
0053,LKUS_physical_order_create,resultCode,107
0053,LKUS_physical_order_create,resultName,107
0053,LKUS_physical_order_create,ruleDetail,107
0053,LKUS_physical_order_create,featureDetail,107
0053,LKUS_physical_order_create,hitBreakStrategy,107
0053,LKUS_payment,extern,107
0053,LKUS_payment,zeusId,107
0053,LKUS_payment,message,107
0053,LKUS_payment,sceneId,107
0053,LKUS_payment,accessId,107
0053,LKUS_payment,requestId,107
0053,LKUS_payment,resultCode,107
0053,LKUS_payment,resultName,107
0053,LKUS_payment,ruleDetail,107
0053,LKUS_payment,featureDetail,107
0053,LKUS_payment,hitBreakStrategy,107
0053,LKUS_payment,hitPreOnlineStrategy,98
0053,LKUS_payment,bestPreOnlineStrategyId,98
0053,LKUS_payment,hitStrategy,17
0053,LKUS_payment,bestStrategyId,17
0053,LKUS_physical_order_create,hitStrategy,16
0053,LKUS_physical_order_create,bestStrategyId,16
0053,LKUS_login,extern,18
0053,LKUS_login,zeusId,18
0053,LKUS_login,message,18
0053,LKUS_login,sceneId,18
0053,LKUS_login,accessId,18
0053,LKUS_login,requestId,18
0053,LKUS_login,resultCode,18
0053,LKUS_login,resultName,18
0053,LKUS_login,ruleDetail,18
0053,LKUS_login,featureDetail,18
0053,LKUS_login,hitBreakStrategy,18
0053,LKUS_grant_new_user_coupon,extern,15
0053,LKUS_grant_new_user_coupon,zeusId,15
0053,LKUS_grant_new_user_coupon,message,15
0053,LKUS_grant_new_user_coupon,sceneId,15
0053,LKUS_grant_new_user_coupon,accessId,15
0053,LKUS_grant_new_user_coupon,requestId,15
0053,LKUS_grant_new_user_coupon,resultCode,15
0053,LKUS_grant_new_user_coupon,resultName,15
0053,LKUS_grant_new_user_coupon,ruleDetail,15
0053,LKUS_grant_new_user_coupon,featureDetail,15
0053,LKUS_grant_new_user_coupon,hitBreakStrategy,15
0053,LKUS_register,extern,8
0053,LKUS_register,zeusId,8
0053,LKUS_register,message,8
0053,LKUS_register,sceneId,8
0053,LKUS_register,accessId,8
0053,LKUS_register,requestId,8
0053,LKUS_register,resultCode,8
0053,LKUS_register,resultName,8
0053,LKUS_register,ruleDetail,8
0053,LKUS_register,featureDetail,8
0053,LKUS_register,hitBreakStrategy,8
0053,LKUS_physical_order_cancel,extern,3
0053,LKUS_physical_order_cancel,zeusId,3
0053,LKUS_physical_order_cancel,message,3
0053,LKUS_physical_order_cancel,sceneId,3
0053,LKUS_physical_order_cancel,accessId,3
0053,LKUS_physical_order_cancel,requestId,3
0053,LKUS_physical_order_cancel,resultCode,3
0053,LKUS_physical_order_cancel,resultName,3
0053,LKUS_physical_order_cancel,ruleDetail,3
0053,LKUS_physical_order_cancel,featureDetail,3
0053,LKUS_physical_order_cancel,hitBreakStrategy,3
0053,LKUS_login,hitStrategy,1
0053,LKUS_login,bestStrategyId,1
0054,LKUS_push,extern,34
0054,LKUS_push,zeusId,34
0054,LKUS_push,message,34
0054,LKUS_push,sceneId,34
0054,LKUS_push,accessId,34
0054,LKUS_push,requestId,34
0054,LKUS_push,resultCode,34
0054,LKUS_push,resultName,34
0054,LKUS_push,ruleDetail,34
0054,LKUS_push,featureDetail,34
0054,LKUS_push,hitBreakStrategy,34
0054,LKUS_push,hitPreOnlineStrategy,31
0054,LKUS_push,bestPreOnlineStrategyId,31
0054,LKUS_push,hitStrategy,16
0054,LKUS_push,bestStrategyId,16
0054,LKUS_login,extern,16
0054,LKUS_login,zeusId,16
0054,LKUS_login,message,16
0054,LKUS_login,sceneId,16
0054,LKUS_login,accessId,16
0054,LKUS_login,requestId,16
0054,LKUS_login,resultCode,16
0054,LKUS_login,resultName,16
0054,LKUS_login,ruleDetail,16
0054,LKUS_login,featureDetail,16
0054,LKUS_login,hitBreakStrategy,16
0054,LKUS_grant_new_user_coupon,extern,10
0054,LKUS_grant_new_user_coupon,zeusId,10
0054,LKUS_grant_new_user_coupon,message,10
0054,LKUS_grant_new_user_coupon,sceneId,10
0054,LKUS_grant_new_user_coupon,accessId,10
0054,LKUS_grant_new_user_coupon,requestId,10
0054,LKUS_grant_new_user_coupon,resultCode,10
0054,LKUS_grant_new_user_coupon,resultName,10
0054,LKUS_grant_new_user_coupon,ruleDetail,10
0054,LKUS_grant_new_user_coupon,featureDetail,10
0054,LKUS_grant_new_user_coupon,hitBreakStrategy,10
0054,LKUS_physical_order_create,extern,94
0054,LKUS_physical_order_create,zeusId,94
0054,LKUS_physical_order_create,message,94
0054,LKUS_physical_order_create,sceneId,94
0054,LKUS_physical_order_create,accessId,94
0054,LKUS_physical_order_create,requestId,94
0054,LKUS_physical_order_create,resultCode,94
0054,LKUS_physical_order_create,resultName,94
0054,LKUS_physical_order_create,ruleDetail,94
0054,LKUS_physical_order_create,featureDetail,94
0054,LKUS_physical_order_create,hitBreakStrategy,94
0054,LKUS_payment,extern,91
0054,LKUS_payment,zeusId,91
0054,LKUS_payment,message,91
0054,LKUS_payment,sceneId,91
0054,LKUS_payment,accessId,91
0054,LKUS_payment,requestId,91
0054,LKUS_payment,resultCode,91
0054,LKUS_payment,resultName,91
0054,LKUS_payment,ruleDetail,91
0054,LKUS_payment,featureDetail,91
0054,LKUS_payment,hitBreakStrategy,91
0054,LKUS_payment,hitPreOnlineStrategy,82
0054,LKUS_payment,bestPreOnlineStrategyId,82
0054,LKUS_physical_order_create,hitStrategy,11
0054,LKUS_physical_order_create,bestStrategyId,11
0054,LKUS_payment,hitStrategy,11
0054,LKUS_payment,bestStrategyId,11
0054,LKUS_register,extern,5
0054,LKUS_register,zeusId,5
0054,LKUS_register,message,5
0054,LKUS_register,sceneId,5
0054,LKUS_register,accessId,5
0054,LKUS_register,requestId,5
0054,LKUS_register,resultCode,5
0054,LKUS_register,resultName,5
0054,LKUS_register,ruleDetail,5
0054,LKUS_register,featureDetail,5
0054,LKUS_register,hitBreakStrategy,5
0054,LKUS_physical_order_cancel,extern,1
0054,LKUS_physical_order_cancel,zeusId,1
0054,LKUS_physical_order_cancel,message,1
0054,LKUS_physical_order_cancel,sceneId,1
0054,LKUS_physical_order_cancel,accessId,1
0054,LKUS_physical_order_cancel,requestId,1
0054,LKUS_physical_order_cancel,resultCode,1
0054,LKUS_physical_order_cancel,resultName,1
0054,LKUS_physical_order_cancel,ruleDetail,1
0054,LKUS_physical_order_cancel,featureDetail,1
0054,LKUS_physical_order_cancel,hitBreakStrategy,1
0055,LKUS_push,extern,45
0055,LKUS_push,zeusId,45
0055,LKUS_push,message,45
0055,LKUS_push,sceneId,45
0055,LKUS_push,accessId,45
0055,LKUS_push,requestId,45
0055,LKUS_push,resultCode,45
0055,LKUS_push,resultName,45
0055,LKUS_push,ruleDetail,45
0055,LKUS_push,hitStrategy,25
0055,LKUS_push,featureDetail,45
0055,LKUS_push,bestStrategyId,25
0055,LKUS_push,hitBreakStrategy,45
0055,LKUS_push,hitPreOnlineStrategy,43
0055,LKUS_push,bestPreOnlineStrategyId,43
0055,LKUS_login,extern,23
0055,LKUS_login,zeusId,23
0055,LKUS_login,message,23
0055,LKUS_login,sceneId,23
0055,LKUS_login,accessId,23
0055,LKUS_login,requestId,23
0055,LKUS_login,resultCode,23
0055,LKUS_login,resultName,23
0055,LKUS_login,ruleDetail,23
0055,LKUS_login,featureDetail,23
0055,LKUS_login,hitBreakStrategy,23
0055,LKUS_grant_new_user_coupon,extern,10
0055,LKUS_grant_new_user_coupon,zeusId,10
0055,LKUS_grant_new_user_coupon,message,10
0055,LKUS_grant_new_user_coupon,sceneId,10
0055,LKUS_grant_new_user_coupon,accessId,10
0055,LKUS_grant_new_user_coupon,requestId,10
0055,LKUS_grant_new_user_coupon,resultCode,10
0055,LKUS_grant_new_user_coupon,resultName,10
0055,LKUS_grant_new_user_coupon,ruleDetail,10
0055,LKUS_grant_new_user_coupon,featureDetail,10
0055,LKUS_grant_new_user_coupon,hitBreakStrategy,10
0055,LKUS_physical_order_create,extern,111
0055,LKUS_physical_order_create,zeusId,111
0055,LKUS_physical_order_create,message,111
0055,LKUS_physical_order_create,sceneId,111
0055,LKUS_physical_order_create,accessId,111
0055,LKUS_physical_order_create,requestId,111
0055,LKUS_physical_order_create,resultCode,111
0055,LKUS_physical_order_create,resultName,111
0055,LKUS_physical_order_create,ruleDetail,111
0055,LKUS_physical_order_create,featureDetail,111
0055,LKUS_physical_order_create,hitBreakStrategy,111
0055,LKUS_payment,extern,106
0055,LKUS_payment,zeusId,106
0055,LKUS_payment,message,106
0055,LKUS_payment,sceneId,106
0055,LKUS_payment,accessId,106
0055,LKUS_payment,requestId,106
0055,LKUS_payment,resultCode,106
0055,LKUS_payment,resultName,106
0055,LKUS_payment,ruleDetail,106
0055,LKUS_payment,featureDetail,106
0055,LKUS_payment,hitBreakStrategy,106
0055,LKUS_payment,hitPreOnlineStrategy,94
0055,LKUS_payment,bestPreOnlineStrategyId,94
0055,LKUS_physical_order_cancel,extern,4
0055,LKUS_physical_order_cancel,zeusId,4
0055,LKUS_physical_order_cancel,message,4
0055,LKUS_physical_order_cancel,sceneId,4
0055,LKUS_physical_order_cancel,accessId,4
0055,LKUS_physical_order_cancel,requestId,4
0055,LKUS_physical_order_cancel,resultCode,4
0055,LKUS_physical_order_cancel,resultName,4
0055,LKUS_physical_order_cancel,ruleDetail,4
0055,LKUS_physical_order_cancel,featureDetail,4
0055,LKUS_physical_order_cancel,hitBreakStrategy,4
0055,LKUS_payment,hitStrategy,10
0055,LKUS_payment,bestStrategyId,10
0055,LKUS_physical_order_create,hitStrategy,10
0055,LKUS_physical_order_create,bestStrategyId,10
0055,LKUS_register,extern,4
0055,LKUS_register,zeusId,4
0055,LKUS_register,message,4
0055,LKUS_register,sceneId,4
0055,LKUS_register,accessId,4
0055,LKUS_register,requestId,4
0055,LKUS_register,resultCode,4
0055,LKUS_register,resultName,4
0055,LKUS_register,ruleDetail,4
0055,LKUS_register,featureDetail,4
0055,LKUS_register,hitBreakStrategy,4
0055,LKUS_login,hitStrategy,2
0055,LKUS_login,bestStrategyId,2
0055,LKUS_register,hitStrategy,1
0055,LKUS_register,bestStrategyId,1
0056,LKUS_push,extern,72
0056,LKUS_push,zeusId,72
0056,LKUS_push,message,72
0056,LKUS_push,sceneId,72
0056,LKUS_push,accessId,72
0056,LKUS_push,requestId,72
0056,LKUS_push,resultCode,72
0056,LKUS_push,resultName,72
0056,LKUS_push,ruleDetail,72
0056,LKUS_push,hitStrategy,41
0056,LKUS_push,featureDetail,72
0056,LKUS_push,bestStrategyId,41
0056,LKUS_push,hitBreakStrategy,72
0056,LKUS_push,hitPreOnlineStrategy,69
0056,LKUS_push,bestPreOnlineStrategyId,69
0056,LKUS_login,extern,19
0056,LKUS_login,zeusId,19
0056,LKUS_login,message,19
0056,LKUS_login,sceneId,19
0056,LKUS_login,accessId,19
0056,LKUS_login,requestId,19
0056,LKUS_login,resultCode,19
0056,LKUS_login,resultName,19
0056,LKUS_login,ruleDetail,19
0056,LKUS_login,featureDetail,19
0056,LKUS_login,hitBreakStrategy,19
0056,LKUS_grant_new_user_coupon,extern,14
0056,LKUS_grant_new_user_coupon,zeusId,14
0056,LKUS_grant_new_user_coupon,message,14
0056,LKUS_grant_new_user_coupon,sceneId,14
0056,LKUS_grant_new_user_coupon,accessId,14
0056,LKUS_grant_new_user_coupon,requestId,14
0056,LKUS_grant_new_user_coupon,resultCode,14
0056,LKUS_grant_new_user_coupon,resultName,14
0056,LKUS_grant_new_user_coupon,ruleDetail,14
0056,LKUS_grant_new_user_coupon,featureDetail,14
0056,LKUS_grant_new_user_coupon,hitBreakStrategy,14
0056,LKUS_physical_order_create,extern,95
0056,LKUS_physical_order_create,zeusId,95
0056,LKUS_physical_order_create,message,95
0056,LKUS_physical_order_create,sceneId,95
0056,LKUS_physical_order_create,accessId,95
0056,LKUS_physical_order_create,requestId,95
0056,LKUS_physical_order_create,resultCode,95
0056,LKUS_physical_order_create,resultName,95
0056,LKUS_physical_order_create,ruleDetail,95
0056,LKUS_physical_order_create,featureDetail,95
0056,LKUS_physical_order_create,hitBreakStrategy,95
0056,LKUS_payment,extern,94
0056,LKUS_payment,zeusId,94
0056,LKUS_payment,message,94
0056,LKUS_payment,sceneId,94
0056,LKUS_payment,accessId,94
0056,LKUS_payment,requestId,94
0056,LKUS_payment,resultCode,94
0056,LKUS_payment,resultName,94
0056,LKUS_payment,ruleDetail,94
0056,LKUS_payment,featureDetail,94
0056,LKUS_payment,hitBreakStrategy,94
0056,LKUS_payment,hitPreOnlineStrategy,83
0056,LKUS_payment,bestPreOnlineStrategyId,83
0056,LKUS_physical_order_create,hitStrategy,17
0056,LKUS_physical_order_create,bestStrategyId,17
0056,LKUS_payment,hitStrategy,17
0056,LKUS_payment,bestStrategyId,17
0056,LKUS_register,extern,10
0056,LKUS_register,zeusId,10
0056,LKUS_register,message,10
0056,LKUS_register,sceneId,10
0056,LKUS_register,accessId,10
0056,LKUS_register,requestId,10
0056,LKUS_register,resultCode,10
0056,LKUS_register,resultName,10
0056,LKUS_register,ruleDetail,10
0056,LKUS_register,featureDetail,10
0056,LKUS_register,hitBreakStrategy,10
0056,LKUS_login,hitStrategy,1
0056,LKUS_login,bestStrategyId,1
0056,LKUS_physical_order_cancel,extern,1
0056,LKUS_physical_order_cancel,zeusId,1
0056,LKUS_physical_order_cancel,message,1
0056,LKUS_physical_order_cancel,sceneId,1
0056,LKUS_physical_order_cancel,accessId,1
0056,LKUS_physical_order_cancel,requestId,1
0056,LKUS_physical_order_cancel,resultCode,1
0056,LKUS_physical_order_cancel,resultName,1
0056,LKUS_physical_order_cancel,ruleDetail,1
0056,LKUS_physical_order_cancel,featureDetail,1
0056,LKUS_physical_order_cancel,hitBreakStrategy,1
0056,LKUS_register,hitStrategy,1
0056,LKUS_register,bestStrategyId,1
0056,LKUS_captcha,extern,2
0056,LKUS_captcha,zeusId,2
0056,LKUS_captcha,message,2
0056,LKUS_captcha,sceneId,2
0056,LKUS_captcha,accessId,2
0056,LKUS_captcha,requestId,2
0056,LKUS_captcha,resultCode,2
0056,LKUS_captcha,resultName,2
0056,LKUS_captcha,ruleDetail,2
0056,LKUS_captcha,featureDetail,2
0056,LKUS_captcha,hitBreakStrategy,2
0056,LKUS_captcha,hitPreOnlineStrategy,1
0056,LKUS_captcha,bestPreOnlineStrategyId,1
0057,LKUS_push,extern,66
0057,LKUS_push,zeusId,66
0057,LKUS_push,message,66
0057,LKUS_push,sceneId,66
0057,LKUS_push,accessId,66
0057,LKUS_push,requestId,66
0057,LKUS_push,resultCode,66
0057,LKUS_push,resultName,66
0057,LKUS_push,ruleDetail,66
0057,LKUS_push,featureDetail,66
0057,LKUS_push,hitBreakStrategy,66
0057,LKUS_push,hitPreOnlineStrategy,66
0057,LKUS_push,bestPreOnlineStrategyId,66
0057,LKUS_push,hitStrategy,37
0057,LKUS_push,bestStrategyId,37
0057,LKUS_physical_order_create,extern,95
0057,LKUS_physical_order_create,zeusId,95
0057,LKUS_physical_order_create,message,95
0057,LKUS_physical_order_create,sceneId,95
0057,LKUS_physical_order_create,accessId,95
0057,LKUS_physical_order_create,requestId,95
0057,LKUS_physical_order_create,resultCode,95
0057,LKUS_physical_order_create,resultName,95
0057,LKUS_physical_order_create,ruleDetail,95
0057,LKUS_physical_order_create,featureDetail,95
0057,LKUS_physical_order_create,hitBreakStrategy,95
0057,LKUS_payment,extern,95
0057,LKUS_payment,zeusId,95
0057,LKUS_payment,message,95
0057,LKUS_payment,sceneId,95
0057,LKUS_payment,accessId,95
0057,LKUS_payment,requestId,95
0057,LKUS_payment,resultCode,95
0057,LKUS_payment,resultName,95
0057,LKUS_payment,ruleDetail,95
0057,LKUS_payment,featureDetail,95
0057,LKUS_payment,hitBreakStrategy,95
0057,LKUS_payment,hitPreOnlineStrategy,86
0057,LKUS_payment,bestPreOnlineStrategyId,86
0057,LKUS_login,extern,9
0057,LKUS_login,zeusId,9
0057,LKUS_login,message,9
0057,LKUS_login,sceneId,9
0057,LKUS_login,accessId,9
0057,LKUS_login,requestId,9
0057,LKUS_login,resultCode,9
0057,LKUS_login,resultName,9
0057,LKUS_login,ruleDetail,9
0057,LKUS_login,featureDetail,9
0057,LKUS_login,hitBreakStrategy,9
0057,LKUS_physical_order_create,hitStrategy,17
0057,LKUS_physical_order_create,bestStrategyId,17
0057,LKUS_payment,hitStrategy,17
0057,LKUS_payment,bestStrategyId,17
0057,LKUS_register,extern,6
0057,LKUS_register,zeusId,6
0057,LKUS_register,message,6
0057,LKUS_register,sceneId,6
0057,LKUS_register,accessId,6
0057,LKUS_register,requestId,6
0057,LKUS_register,resultCode,6
0057,LKUS_register,resultName,6
0057,LKUS_register,ruleDetail,6
0057,LKUS_register,featureDetail,6
0057,LKUS_register,hitBreakStrategy,6
0057,LKUS_grant_new_user_coupon,extern,6
0057,LKUS_grant_new_user_coupon,zeusId,6
0057,LKUS_grant_new_user_coupon,message,6
0057,LKUS_grant_new_user_coupon,sceneId,6
0057,LKUS_grant_new_user_coupon,accessId,6
0057,LKUS_grant_new_user_coupon,requestId,6
0057,LKUS_grant_new_user_coupon,resultCode,6
0057,LKUS_grant_new_user_coupon,resultName,6
0057,LKUS_grant_new_user_coupon,ruleDetail,6
0057,LKUS_grant_new_user_coupon,featureDetail,6
0057,LKUS_grant_new_user_coupon,hitBreakStrategy,6
0057,LKUS_login,hitStrategy,1
0057,LKUS_login,bestStrategyId,1
0058,LKUS_push,extern,47
0058,LKUS_push,zeusId,47
0058,LKUS_push,message,47
0058,LKUS_push,sceneId,47
0058,LKUS_push,accessId,47
0058,LKUS_push,requestId,47
0058,LKUS_push,resultCode,47
0058,LKUS_push,resultName,47
0058,LKUS_push,ruleDetail,47
0058,LKUS_push,featureDetail,47
0058,LKUS_push,hitBreakStrategy,47
0058,LKUS_push,hitPreOnlineStrategy,46
0058,LKUS_push,bestPreOnlineStrategyId,46
0058,LKUS_push,hitStrategy,18
0058,LKUS_push,bestStrategyId,18
0058,LKUS_login,extern,25
0058,LKUS_login,zeusId,25
0058,LKUS_login,message,25
0058,LKUS_login,sceneId,25
0058,LKUS_login,accessId,25
0058,LKUS_login,requestId,25
0058,LKUS_login,resultCode,25
0058,LKUS_login,resultName,25
0058,LKUS_login,ruleDetail,25
0058,LKUS_login,featureDetail,25
0058,LKUS_login,hitBreakStrategy,25
0058,LKUS_grant_new_user_coupon,extern,13
0058,LKUS_grant_new_user_coupon,zeusId,13
0058,LKUS_grant_new_user_coupon,message,13
0058,LKUS_grant_new_user_coupon,sceneId,13
0058,LKUS_grant_new_user_coupon,accessId,13
0058,LKUS_grant_new_user_coupon,requestId,13
0058,LKUS_grant_new_user_coupon,resultCode,13
0058,LKUS_grant_new_user_coupon,resultName,13
0058,LKUS_grant_new_user_coupon,ruleDetail,13
0058,LKUS_grant_new_user_coupon,featureDetail,13
0058,LKUS_grant_new_user_coupon,hitBreakStrategy,13
0058,LKUS_physical_order_create,extern,110
0058,LKUS_physical_order_create,zeusId,110
0058,LKUS_physical_order_create,message,110
0058,LKUS_physical_order_create,sceneId,110
0058,LKUS_physical_order_create,accessId,110
0058,LKUS_physical_order_create,requestId,110
0058,LKUS_physical_order_create,resultCode,110
0058,LKUS_physical_order_create,resultName,110
0058,LKUS_physical_order_create,ruleDetail,110
0058,LKUS_physical_order_create,featureDetail,110
0058,LKUS_physical_order_create,hitBreakStrategy,110
0058,LKUS_payment,extern,114
0058,LKUS_payment,zeusId,114
0058,LKUS_payment,message,114
0058,LKUS_payment,sceneId,114
0058,LKUS_payment,accessId,114
0058,LKUS_payment,requestId,114
0058,LKUS_payment,resultCode,114
0058,LKUS_payment,resultName,114
0058,LKUS_payment,ruleDetail,114
0058,LKUS_payment,featureDetail,114
0058,LKUS_payment,hitBreakStrategy,114
0058,LKUS_payment,hitPreOnlineStrategy,101
0058,LKUS_payment,bestPreOnlineStrategyId,101
0058,LKUS_register,extern,9
0058,LKUS_register,zeusId,9
0058,LKUS_register,message,9
0058,LKUS_register,sceneId,9
0058,LKUS_register,accessId,9
0058,LKUS_register,requestId,9
0058,LKUS_register,resultCode,9
0058,LKUS_register,resultName,9
0058,LKUS_register,ruleDetail,9
0058,LKUS_register,featureDetail,9
0058,LKUS_register,hitBreakStrategy,9
0058,LKUS_payment,hitStrategy,21
0058,LKUS_payment,bestStrategyId,21
0058,LKUS_physical_order_create,hitStrategy,17
0058,LKUS_physical_order_create,bestStrategyId,17
0058,LKUS_physical_order_cancel,extern,4
0058,LKUS_physical_order_cancel,zeusId,4
0058,LKUS_physical_order_cancel,message,4
0058,LKUS_physical_order_cancel,sceneId,4
0058,LKUS_physical_order_cancel,accessId,4
0058,LKUS_physical_order_cancel,requestId,4
0058,LKUS_physical_order_cancel,resultCode,4
0058,LKUS_physical_order_cancel,resultName,4
0058,LKUS_physical_order_cancel,ruleDetail,4
0058,LKUS_physical_order_cancel,featureDetail,4
0058,LKUS_physical_order_cancel,hitBreakStrategy,4
0058,LKUS_login,hitStrategy,3
0058,LKUS_login,bestStrategyId,3
0058,LKUS_register,hitStrategy,1
0058,LKUS_register,bestStrategyId,1
0059,LKUS_push,extern,57
0059,LKUS_push,zeusId,57
0059,LKUS_push,message,57
0059,LKUS_push,sceneId,57
0059,LKUS_push,accessId,57
0059,LKUS_push,requestId,57
0059,LKUS_push,resultCode,57
0059,LKUS_push,resultName,57
0059,LKUS_push,ruleDetail,57
0059,LKUS_push,hitStrategy,36
0059,LKUS_push,featureDetail,57
0059,LKUS_push,bestStrategyId,36
0059,LKUS_push,hitBreakStrategy,57
0059,LKUS_push,hitPreOnlineStrategy,55
0059,LKUS_push,bestPreOnlineStrategyId,55
0059,LKUS_login,extern,17
0059,LKUS_login,zeusId,17
0059,LKUS_login,message,17
0059,LKUS_login,sceneId,17
0059,LKUS_login,accessId,17
0059,LKUS_login,requestId,17
0059,LKUS_login,resultCode,17
0059,LKUS_login,resultName,17
0059,LKUS_login,ruleDetail,17
0059,LKUS_login,featureDetail,17
0059,LKUS_login,hitBreakStrategy,17
0059,LKUS_physical_order_create,extern,101
0059,LKUS_physical_order_create,zeusId,101
0059,LKUS_physical_order_create,message,101
0059,LKUS_physical_order_create,sceneId,101
0059,LKUS_physical_order_create,accessId,101
0059,LKUS_physical_order_create,requestId,101
0059,LKUS_physical_order_create,resultCode,101
0059,LKUS_physical_order_create,resultName,101
0059,LKUS_physical_order_create,ruleDetail,101
0059,LKUS_physical_order_create,featureDetail,101
0059,LKUS_physical_order_create,hitBreakStrategy,101
0059,LKUS_payment,extern,101
0059,LKUS_payment,zeusId,101
0059,LKUS_payment,message,101
0059,LKUS_payment,sceneId,101
0059,LKUS_payment,accessId,101
0059,LKUS_payment,requestId,101
0059,LKUS_payment,resultCode,101
0059,LKUS_payment,resultName,101
0059,LKUS_payment,ruleDetail,101
0059,LKUS_payment,featureDetail,101
0059,LKUS_payment,hitBreakStrategy,101
0059,LKUS_payment,hitPreOnlineStrategy,94
0059,LKUS_payment,bestPreOnlineStrategyId,94
0059,LKUS_physical_order_create,hitStrategy,11
0059,LKUS_physical_order_create,bestStrategyId,11
0059,LKUS_payment,hitStrategy,11
0059,LKUS_payment,bestStrategyId,11
0059,LKUS_physical_order_cancel,extern,1
0059,LKUS_physical_order_cancel,zeusId,1
0059,LKUS_physical_order_cancel,message,1
0059,LKUS_physical_order_cancel,sceneId,1
0059,LKUS_physical_order_cancel,accessId,1
0059,LKUS_physical_order_cancel,requestId,1
0059,LKUS_physical_order_cancel,resultCode,1
0059,LKUS_physical_order_cancel,resultName,1
0059,LKUS_physical_order_cancel,ruleDetail,1
0059,LKUS_physical_order_cancel,featureDetail,1
0059,LKUS_physical_order_cancel,hitBreakStrategy,1
0059,LKUS_grant_new_user_coupon,extern,9
0059,LKUS_grant_new_user_coupon,zeusId,9
0059,LKUS_grant_new_user_coupon,message,9
0059,LKUS_grant_new_user_coupon,sceneId,9
0059,LKUS_grant_new_user_coupon,accessId,9
0059,LKUS_grant_new_user_coupon,requestId,9
0059,LKUS_grant_new_user_coupon,resultCode,9
0059,LKUS_grant_new_user_coupon,resultName,9
0059,LKUS_grant_new_user_coupon,ruleDetail,9
0059,LKUS_grant_new_user_coupon,featureDetail,9
0059,LKUS_grant_new_user_coupon,hitBreakStrategy,9
0059,LKUS_login,hitStrategy,1
0059,LKUS_login,bestStrategyId,1
0059,LKUS_register,extern,4
0059,LKUS_register,zeusId,4
0059,LKUS_register,message,4
0059,LKUS_register,sceneId,4
0059,LKUS_register,accessId,4
0059,LKUS_register,requestId,4
0059,LKUS_register,resultCode,4
0059,LKUS_register,resultName,4
0059,LKUS_register,ruleDetail,4
0059,LKUS_register,featureDetail,4
0059,LKUS_register,hitBreakStrategy,4
0060,LKUS_push,extern,57
0060,LKUS_push,zeusId,57
0060,LKUS_push,message,57
0060,LKUS_push,sceneId,57
0060,LKUS_push,accessId,57
0060,LKUS_push,requestId,57
0060,LKUS_push,resultCode,57
0060,LKUS_push,resultName,57
0060,LKUS_push,ruleDetail,57
0060,LKUS_push,hitStrategy,43
0060,LKUS_push,featureDetail,57
0060,LKUS_push,bestStrategyId,43
0060,LKUS_push,hitBreakStrategy,57
0060,LKUS_push,hitPreOnlineStrategy,57
0060,LKUS_push,bestPreOnlineStrategyId,57
0060,LKUS_physical_order_create,extern,93
0060,LKUS_physical_order_create,zeusId,93
0060,LKUS_physical_order_create,message,93
0060,LKUS_physical_order_create,sceneId,93
0060,LKUS_physical_order_create,accessId,93
0060,LKUS_physical_order_create,requestId,93
0060,LKUS_physical_order_create,resultCode,93
0060,LKUS_physical_order_create,resultName,93
0060,LKUS_physical_order_create,ruleDetail,93
0060,LKUS_physical_order_create,featureDetail,93
0060,LKUS_physical_order_create,hitBreakStrategy,93
0060,LKUS_payment,extern,94
0060,LKUS_payment,zeusId,94
0060,LKUS_payment,message,94
0060,LKUS_payment,sceneId,94
0060,LKUS_payment,accessId,94
0060,LKUS_payment,requestId,94
0060,LKUS_payment,resultCode,94
0060,LKUS_payment,resultName,94
0060,LKUS_payment,ruleDetail,94
0060,LKUS_payment,featureDetail,94
0060,LKUS_payment,hitBreakStrategy,94
0060,LKUS_payment,hitPreOnlineStrategy,90
0060,LKUS_payment,bestPreOnlineStrategyId,90
0060,LKUS_physical_order_create,hitStrategy,16
0060,LKUS_physical_order_create,bestStrategyId,16
0060,LKUS_payment,hitStrategy,17
0060,LKUS_payment,bestStrategyId,17
0060,LKUS_login,extern,16
0060,LKUS_login,zeusId,16
0060,LKUS_login,message,16
0060,LKUS_login,sceneId,16
0060,LKUS_login,accessId,16
0060,LKUS_login,requestId,16
0060,LKUS_login,resultCode,16
0060,LKUS_login,resultName,16
0060,LKUS_login,ruleDetail,16
0060,LKUS_login,featureDetail,16
0060,LKUS_login,hitBreakStrategy,16
0060,LKUS_grant_new_user_coupon,extern,3
0060,LKUS_grant_new_user_coupon,zeusId,3
0060,LKUS_grant_new_user_coupon,message,3
0060,LKUS_grant_new_user_coupon,sceneId,3
0060,LKUS_grant_new_user_coupon,accessId,3
0060,LKUS_grant_new_user_coupon,requestId,3
0060,LKUS_grant_new_user_coupon,resultCode,3
0060,LKUS_grant_new_user_coupon,resultName,3
0060,LKUS_grant_new_user_coupon,ruleDetail,3
0060,LKUS_grant_new_user_coupon,featureDetail,3
0060,LKUS_grant_new_user_coupon,hitBreakStrategy,3
0060,IQA2_push,extern,1
0060,IQA2_push,zeusId,1
0060,IQA2_push,message,1
0060,IQA2_push,sceneId,1
0060,IQA2_push,accessId,1
0060,IQA2_push,requestId,1
0060,IQA2_push,resultCode,1
0060,IQA2_push,resultName,1
0060,IQA2_push,ruleDetail,1
0060,IQA2_push,featureDetail,1
0060,IQA2_push,hitBreakStrategy,1
0060,IQA2_register,extern,1
0060,IQA2_register,zeusId,1
0060,IQA2_register,message,1
0060,IQA2_register,sceneId,1
0060,IQA2_register,accessId,1
0060,IQA2_register,requestId,1
0060,IQA2_register,resultCode,1
0060,IQA2_register,resultName,1
0060,IQA2_register,ruleDetail,1
0060,IQA2_register,featureDetail,1
0060,IQA2_register,hitBreakStrategy,1
0060,LKUS_register,extern,3
0060,LKUS_register,zeusId,3
0060,LKUS_register,message,3
0060,LKUS_register,sceneId,3
0060,LKUS_register,accessId,3
0060,LKUS_register,requestId,3
0060,LKUS_register,resultCode,3
0060,LKUS_register,resultName,3
0060,LKUS_register,ruleDetail,3
0060,LKUS_register,featureDetail,3
0060,LKUS_register,hitBreakStrategy,3
0060,LKUS_login,hitStrategy,4
0060,LKUS_login,bestStrategyId,4
0061,LKUS_push,extern,63
0061,LKUS_push,zeusId,63
0061,LKUS_push,message,63
0061,LKUS_push,sceneId,63
0061,LKUS_push,accessId,63
0061,LKUS_push,requestId,63
0061,LKUS_push,resultCode,63
0061,LKUS_push,resultName,63
0061,LKUS_push,ruleDetail,63
0061,LKUS_push,hitStrategy,23
0061,LKUS_push,featureDetail,63
0061,LKUS_push,bestStrategyId,23
0061,LKUS_push,hitBreakStrategy,63
0061,LKUS_push,hitPreOnlineStrategy,63
0061,LKUS_push,bestPreOnlineStrategyId,63
0061,LKUS_physical_order_create,extern,110
0061,LKUS_physical_order_create,zeusId,110
0061,LKUS_physical_order_create,message,110
0061,LKUS_physical_order_create,sceneId,110
0061,LKUS_physical_order_create,accessId,110
0061,LKUS_physical_order_create,requestId,110
0061,LKUS_physical_order_create,resultCode,110
0061,LKUS_physical_order_create,resultName,110
0061,LKUS_physical_order_create,ruleDetail,110
0061,LKUS_physical_order_create,featureDetail,110
0061,LKUS_physical_order_create,hitBreakStrategy,110
0061,LKUS_payment,extern,105
0061,LKUS_payment,zeusId,105
0061,LKUS_payment,message,105
0061,LKUS_payment,sceneId,105
0061,LKUS_payment,accessId,105
0061,LKUS_payment,requestId,105
0061,LKUS_payment,resultCode,105
0061,LKUS_payment,resultName,105
0061,LKUS_payment,ruleDetail,105
0061,LKUS_payment,featureDetail,105
0061,LKUS_payment,hitBreakStrategy,105
0061,LKUS_payment,hitPreOnlineStrategy,94
0061,LKUS_payment,bestPreOnlineStrategyId,94
0061,LKUS_physical_order_create,hitStrategy,21
0061,LKUS_physical_order_create,bestStrategyId,21
0061,LKUS_payment,hitStrategy,21
0061,LKUS_payment,bestStrategyId,21
0061,LKUS_login,extern,16
0061,LKUS_login,zeusId,16
0061,LKUS_login,message,16
0061,LKUS_login,sceneId,16
0061,LKUS_login,accessId,16
0061,LKUS_login,requestId,16
0061,LKUS_login,resultCode,16
0061,LKUS_login,resultName,16
0061,LKUS_login,ruleDetail,16
0061,LKUS_login,featureDetail,16
0061,LKUS_login,hitBreakStrategy,16
0061,LKUS_register,extern,11
0061,LKUS_register,zeusId,11
0061,LKUS_register,message,11
0061,LKUS_register,sceneId,11
0061,LKUS_register,accessId,11
0061,LKUS_register,requestId,11
0061,LKUS_register,resultCode,11
0061,LKUS_register,resultName,11
0061,LKUS_register,ruleDetail,11
0061,LKUS_register,featureDetail,11
0061,LKUS_register,hitBreakStrategy,11
0061,LKUS_grant_new_user_coupon,extern,8
0061,LKUS_grant_new_user_coupon,zeusId,8
0061,LKUS_grant_new_user_coupon,message,8
0061,LKUS_grant_new_user_coupon,sceneId,8
0061,LKUS_grant_new_user_coupon,accessId,8
0061,LKUS_grant_new_user_coupon,requestId,8
0061,LKUS_grant_new_user_coupon,resultCode,8
0061,LKUS_grant_new_user_coupon,resultName,8
0061,LKUS_grant_new_user_coupon,ruleDetail,8
0061,LKUS_grant_new_user_coupon,featureDetail,8
0061,LKUS_grant_new_user_coupon,hitBreakStrategy,8
0061,LKUS_login,hitStrategy,1
0061,LKUS_login,bestStrategyId,1
0061,LKUS_physical_order_cancel,extern,2
0061,LKUS_physical_order_cancel,zeusId,2
0061,LKUS_physical_order_cancel,message,2
0061,LKUS_physical_order_cancel,sceneId,2
0061,LKUS_physical_order_cancel,accessId,2
0061,LKUS_physical_order_cancel,requestId,2
0061,LKUS_physical_order_cancel,resultCode,2
0061,LKUS_physical_order_cancel,resultName,2
0061,LKUS_physical_order_cancel,ruleDetail,2
0061,LKUS_physical_order_cancel,featureDetail,2
0061,LKUS_physical_order_cancel,hitBreakStrategy,2
0062,LKUS_push,extern,48
0062,LKUS_push,zeusId,48
0062,LKUS_push,message,48
0062,LKUS_push,sceneId,48
0062,LKUS_push,accessId,48
0062,LKUS_push,requestId,48
0062,LKUS_push,resultCode,48
0062,LKUS_push,resultName,48
0062,LKUS_push,ruleDetail,48
0062,LKUS_push,hitStrategy,30
0062,LKUS_push,featureDetail,48
0062,LKUS_push,bestStrategyId,30
0062,LKUS_push,hitBreakStrategy,48
0062,LKUS_push,hitPreOnlineStrategy,46
0062,LKUS_push,bestPreOnlineStrategyId,46
0062,LKUS_login,extern,15
0062,LKUS_login,zeusId,15
0062,LKUS_login,message,15
0062,LKUS_login,sceneId,15
0062,LKUS_login,accessId,15
0062,LKUS_login,requestId,15
0062,LKUS_login,resultCode,15
0062,LKUS_login,resultName,15
0062,LKUS_login,ruleDetail,15
0062,LKUS_login,featureDetail,15
0062,LKUS_login,hitBreakStrategy,15
0062,LKUS_grant_new_user_coupon,extern,6
0062,LKUS_grant_new_user_coupon,zeusId,6
0062,LKUS_grant_new_user_coupon,message,6
0062,LKUS_grant_new_user_coupon,sceneId,6
0062,LKUS_grant_new_user_coupon,accessId,6
0062,LKUS_grant_new_user_coupon,requestId,6
0062,LKUS_grant_new_user_coupon,resultCode,6
0062,LKUS_grant_new_user_coupon,resultName,6
0062,LKUS_grant_new_user_coupon,ruleDetail,6
0062,LKUS_grant_new_user_coupon,featureDetail,6
0062,LKUS_grant_new_user_coupon,hitBreakStrategy,6
0062,LKUS_register,extern,10
0062,LKUS_register,zeusId,10
0062,LKUS_register,message,10
0062,LKUS_register,sceneId,10
0062,LKUS_register,accessId,10
0062,LKUS_register,requestId,10
0062,LKUS_register,resultCode,10
0062,LKUS_register,resultName,10
0062,LKUS_register,ruleDetail,10
0062,LKUS_register,featureDetail,10
0062,LKUS_register,hitBreakStrategy,10
0062,LKUS_physical_order_create,extern,86
0062,LKUS_physical_order_create,zeusId,86
0062,LKUS_physical_order_create,message,86
0062,LKUS_physical_order_create,sceneId,86
0062,LKUS_physical_order_create,accessId,86
0062,LKUS_physical_order_create,requestId,86
0062,LKUS_physical_order_create,resultCode,86
0062,LKUS_physical_order_create,resultName,86
0062,LKUS_physical_order_create,ruleDetail,86
0062,LKUS_physical_order_create,featureDetail,86
0062,LKUS_physical_order_create,hitBreakStrategy,86
0062,LKUS_payment,extern,82
0062,LKUS_payment,zeusId,82
0062,LKUS_payment,message,82
0062,LKUS_payment,sceneId,82
0062,LKUS_payment,accessId,82
0062,LKUS_payment,requestId,82
0062,LKUS_payment,resultCode,82
0062,LKUS_payment,resultName,82
0062,LKUS_payment,ruleDetail,82
0062,LKUS_payment,featureDetail,82
0062,LKUS_payment,hitBreakStrategy,82
0062,LKUS_payment,hitPreOnlineStrategy,75
0062,LKUS_payment,bestPreOnlineStrategyId,75
0062,LKUS_login,hitStrategy,2
0062,LKUS_login,bestStrategyId,2
0062,LKUS_physical_order_create,hitStrategy,9
0062,LKUS_physical_order_create,bestStrategyId,9
0062,LKUS_payment,hitStrategy,9
0062,LKUS_payment,bestStrategyId,9
0062,LKUS_register,hitStrategy,1
0062,LKUS_register,bestStrategyId,1
0062,LKUS_physical_order_cancel,extern,1
0062,LKUS_physical_order_cancel,zeusId,1
0062,LKUS_physical_order_cancel,message,1
0062,LKUS_physical_order_cancel,sceneId,1
0062,LKUS_physical_order_cancel,accessId,1
0062,LKUS_physical_order_cancel,requestId,1
0062,LKUS_physical_order_cancel,resultCode,1
0062,LKUS_physical_order_cancel,resultName,1
0062,LKUS_physical_order_cancel,ruleDetail,1
0062,LKUS_physical_order_cancel,featureDetail,1
0062,LKUS_physical_order_cancel,hitBreakStrategy,1
0062,LKUS_captcha,extern,1
0062,LKUS_captcha,zeusId,1
0062,LKUS_captcha,message,1
0062,LKUS_captcha,sceneId,1
0062,LKUS_captcha,accessId,1
0062,LKUS_captcha,requestId,1
0062,LKUS_captcha,resultCode,1
0062,LKUS_captcha,resultName,1
0062,LKUS_captcha,ruleDetail,1
0062,LKUS_captcha,featureDetail,1
0062,LKUS_captcha,hitBreakStrategy,1
0062,LKUS_captcha,hitPreOnlineStrategy,1
0062,LKUS_captcha,bestPreOnlineStrategyId,1
0063,LKUS_push,extern,51
0063,LKUS_push,zeusId,51
0063,LKUS_push,message,51
0063,LKUS_push,sceneId,51
0063,LKUS_push,accessId,51
0063,LKUS_push,requestId,51
0063,LKUS_push,resultCode,51
0063,LKUS_push,resultName,51
0063,LKUS_push,ruleDetail,51
0063,LKUS_push,featureDetail,51
0063,LKUS_push,hitBreakStrategy,51
0063,LKUS_push,hitPreOnlineStrategy,48
0063,LKUS_push,bestPreOnlineStrategyId,48
0063,LKUS_push,hitStrategy,18
0063,LKUS_push,bestStrategyId,18
0063,LKUS_login,extern,18
0063,LKUS_login,zeusId,18
0063,LKUS_login,message,18
0063,LKUS_login,sceneId,18
0063,LKUS_login,accessId,18
0063,LKUS_login,requestId,18
0063,LKUS_login,resultCode,18
0063,LKUS_login,resultName,18
0063,LKUS_login,ruleDetail,18
0063,LKUS_login,featureDetail,18
0063,LKUS_login,hitBreakStrategy,18
0063,LKUS_physical_order_create,extern,112
0063,LKUS_physical_order_create,zeusId,112
0063,LKUS_physical_order_create,message,112
0063,LKUS_physical_order_create,sceneId,112
0063,LKUS_physical_order_create,accessId,112
0063,LKUS_physical_order_create,requestId,112
0063,LKUS_physical_order_create,resultCode,112
0063,LKUS_physical_order_create,resultName,112
0063,LKUS_physical_order_create,ruleDetail,112
0063,LKUS_physical_order_create,featureDetail,112
0063,LKUS_physical_order_create,hitBreakStrategy,112
0063,LKUS_payment,extern,115
0063,LKUS_payment,zeusId,115
0063,LKUS_payment,message,115
0063,LKUS_payment,sceneId,115
0063,LKUS_payment,accessId,115
0063,LKUS_payment,requestId,115
0063,LKUS_payment,resultCode,115
0063,LKUS_payment,resultName,115
0063,LKUS_payment,ruleDetail,115
0063,LKUS_payment,featureDetail,115
0063,LKUS_payment,hitBreakStrategy,115
0063,LKUS_payment,hitPreOnlineStrategy,103
0063,LKUS_payment,bestPreOnlineStrategyId,103
0063,LKUS_grant_new_user_coupon,extern,9
0063,LKUS_grant_new_user_coupon,zeusId,9
0063,LKUS_grant_new_user_coupon,message,9
0063,LKUS_grant_new_user_coupon,sceneId,9
0063,LKUS_grant_new_user_coupon,accessId,9
0063,LKUS_grant_new_user_coupon,requestId,9
0063,LKUS_grant_new_user_coupon,resultCode,9
0063,LKUS_grant_new_user_coupon,resultName,9
0063,LKUS_grant_new_user_coupon,ruleDetail,9
0063,LKUS_grant_new_user_coupon,featureDetail,9
0063,LKUS_grant_new_user_coupon,hitBreakStrategy,9
0063,LKUS_physical_order_create,hitStrategy,17
0063,LKUS_physical_order_create,bestStrategyId,17
0063,LKUS_payment,hitStrategy,16
0063,LKUS_payment,bestStrategyId,16
0063,LKUS_register,extern,15
0063,LKUS_register,zeusId,15
0063,LKUS_register,message,15
0063,LKUS_register,sceneId,15
0063,LKUS_register,accessId,15
0063,LKUS_register,requestId,15
0063,LKUS_register,resultCode,15
0063,LKUS_register,resultName,15
0063,LKUS_register,ruleDetail,15
0063,LKUS_register,featureDetail,15
0063,LKUS_register,hitBreakStrategy,15
0063,LKUS_captcha,extern,1
0063,LKUS_captcha,zeusId,1
0063,LKUS_captcha,message,1
0063,LKUS_captcha,sceneId,1
0063,LKUS_captcha,accessId,1
0063,LKUS_captcha,requestId,1
0063,LKUS_captcha,resultCode,1
0063,LKUS_captcha,resultName,1
0063,LKUS_captcha,ruleDetail,1
0063,LKUS_captcha,featureDetail,1
0063,LKUS_captcha,hitBreakStrategy,1
0063,LKUS_captcha,hitPreOnlineStrategy,1
0063,LKUS_captcha,bestPreOnlineStrategyId,1
0063,LKUS_login,hitStrategy,3
0063,LKUS_login,bestStrategyId,3
