shard,scene_id,json_key,n_rows
0000,LKUS_push,ip,70
0000,LKUS_push,app,47
0000,LKUS_push,cid,70
0000,LKUS_push,uid,70
0000,LKUS_push,phone,70
0000,LKUS_push,tenant,70
0000,LKUS_push,version,70
0000,LKUS_push,uniqueKey,70
0000,LKUS_push,userAgent,70
0000,LKUS_push,countryCode,70
0000,LKUS_push,reviewRepeat,47
0000,LKUS_push,cidOriginEnum,70
0000,LKUS_push,recaptchaV3Token,47
0000,LKUS_push,recaptchaV3Action,47
0000,LKUS_push,recaptchaV3Enabled,47
0000,LKUS_login,ip,11
0000,LKUS_login,app,8
0000,LKUS_login,cid,11
0000,LKUS_login,uid,11
0000,LKUS_login,phone,11
0000,LKUS_login,tenant,11
0000,LKUS_login,userNo,11
0000,LKUS_login,version,11
0000,LKUS_login,uniqueKey,11
0000,LKUS_login,userAgent,11
0000,LKUS_login,countryCode,11
0000,LKUS_login,reviewRepeat,11
0000,LKUS_login,cidOriginEnum,11
0000,LKUS_login,recaptchaV3Token,11
0000,LKUS_login,recaptchaV3Action,11
0000,LKUS_login,recaptchaV3Enabled,11
0000,LKUS_grant_new_user_coupon,ip,6
0000,LKUS_grant_new_user_coupon,app,5
0000,LKUS_grant_new_user_coupon,cid,6
0000,LKUS_grant_new_user_coupon,uid,6
0000,LKUS_grant_new_user_coupon,phone,6
0000,LKUS_grant_new_user_coupon,extend,6
0000,LKUS_grant_new_user_coupon,tenant,6
0000,LKUS_grant_new_user_coupon,userNo,6
0000,LKUS_grant_new_user_coupon,sceneId,6
0000,LKUS_grant_new_user_coupon,version,6
0000,LKUS_grant_new_user_coupon,uniqueKey,6
0000,LKUS_grant_new_user_coupon,userAgent,6
0000,LKUS_grant_new_user_coupon,countryCode,6
0000,LKUS_grant_new_user_coupon,reviewRepeat,6
0000,LKUS_grant_new_user_coupon,cidOriginEnum,6
0000,LKUS_grant_new_user_coupon,recaptchaV3Token,6
0000,LKUS_grant_new_user_coupon,recaptchaV3Action,6
0000,LKUS_grant_new_user_coupon,recaptchaV3Enabled,6
0000,LKUS_physical_order_create,ip,89
0000,LKUS_physical_order_create,app,73
0000,LKUS_physical_order_create,cid,89
0000,LKUS_physical_order_create,uid,89
0000,LKUS_physical_order_create,phone,74
0000,LKUS_physical_order_create,shopId,89
0000,LKUS_physical_order_create,tenant,89
0000,LKUS_physical_order_create,userNo,89
0000,LKUS_physical_order_create,isGuest,89
0000,LKUS_physical_order_create,version,89
0000,LKUS_physical_order_create,latitude,74
0000,LKUS_physical_order_create,longitude,74
0000,LKUS_physical_order_create,orderType,89
0000,LKUS_physical_order_create,taxAmount,89
0000,LKUS_physical_order_create,uniqueKey,89
0000,LKUS_physical_order_create,userAgent,89
0000,LKUS_physical_order_create,couponList,89
0000,LKUS_physical_order_create,orderPrice,89
0000,LKUS_physical_order_create,countryCode,89
0000,LKUS_physical_order_create,shopAddress,89
0000,LKUS_physical_order_create,reviewRepeat,66
0000,LKUS_physical_order_create,shopCityName,89
0000,LKUS_physical_order_create,shopLatitude,89
0000,LKUS_physical_order_create,cidOriginEnum,89
0000,LKUS_physical_order_create,isTaxRequired,89
0000,LKUS_physical_order_create,orderProducts,89
0000,LKUS_physical_order_create,productAmount,89
0000,LKUS_physical_order_create,shopLongitude,89
0000,LKUS_physical_order_create,coffeeStoreList,89
0000,LKUS_physical_order_create,recaptchaV3Token,66
0000,LKUS_physical_order_create,recaptchaV3Action,66
0000,LKUS_physical_order_create,recaptchaV3Enabled,66
0000,LKUS_physical_order_create,packageOrderProducts,89
0000,LKUS_payment,ip,90
0000,LKUS_payment,app,71
0000,LKUS_payment,cid,90
0000,LKUS_payment,uid,90
0000,LKUS_payment,phone,72
0000,LKUS_payment,shopId,90
0000,LKUS_payment,tenant,90
0000,LKUS_payment,userNo,90
0000,LKUS_payment,isGuest,90
0000,LKUS_payment,orderNo,90
0000,LKUS_payment,payType,90
0000,LKUS_payment,version,90
0000,LKUS_payment,payMoney,90
0000,LKUS_payment,orderType,90
0000,LKUS_payment,taxAmount,90
0000,LKUS_payment,uniqueKey,90
0000,LKUS_payment,userAgent,90
0000,LKUS_payment,orderPrice,90
0000,LKUS_payment,countryCode,72
0000,LKUS_payment,reviewRepeat,65
0000,LKUS_payment,cidOriginEnum,90
0000,LKUS_payment,isTaxRequired,90
0000,LKUS_payment,orderProducts,90
0000,LKUS_payment,recaptchaV3Token,65
0000,LKUS_payment,recaptchaV3Action,65
0000,LKUS_payment,recaptchaV3Enabled,65
0000,LKUS_payment,packageOrderProducts,90
0000,LKUS_physical_order_create,did,15
0000,LKUS_physical_order_create,blackBox,15
0000,LKUS_physical_order_create,deviceId,15
0000,LKUS_register,ip,6
0000,LKUS_register,app,6
0000,LKUS_register,cid,6
0000,LKUS_register,uid,6
0000,LKUS_register,phone,6
0000,LKUS_register,tenant,6
0000,LKUS_register,version,6
0000,LKUS_register,uniqueKey,6
0000,LKUS_register,userAgent,6
0000,LKUS_register,countryCode,6
0000,LKUS_register,reviewRepeat,6
0000,LKUS_register,cidOriginEnum,6
0000,LKUS_register,recaptchaV3Token,6
0000,LKUS_register,recaptchaV3Action,6
0000,LKUS_register,recaptchaV3Enabled,6
0000,LKUS_physical_order_cancel,ip,2
0000,LKUS_physical_order_cancel,app,2
0000,LKUS_physical_order_cancel,cid,2
0000,LKUS_physical_order_cancel,uid,2
0000,LKUS_physical_order_cancel,phone,2
0000,LKUS_physical_order_cancel,shopId,2
0000,LKUS_physical_order_cancel,tenant,2
0000,LKUS_physical_order_cancel,userNo,2
0000,LKUS_physical_order_cancel,isGuest,2
0000,LKUS_physical_order_cancel,orderNo,2
0000,LKUS_physical_order_cancel,version,2
0000,LKUS_physical_order_cancel,shopCity,2
0000,LKUS_physical_order_cancel,uniqueKey,2
0000,LKUS_physical_order_cancel,userAgent,2
0000,LKUS_physical_order_cancel,countryCode,2
0000,LKUS_physical_order_cancel,totalOfMade,2
0000,LKUS_physical_order_cancel,cidOriginEnum,2
0000,LKUS_physical_order_cancel,cancelTypeEnum,2
0000,LKUS_physical_order_create,packagingBagPrice,2
0000,LKUS_physical_order_create,packagingBagNumber,2
0000,LKUS_payment,packagingBagPrice,2
0000,LKUS_payment,packagingBagNumber,2
0000,LKUS_captcha,ip,1
0000,LKUS_captcha,cid,1
0000,LKUS_captcha,uid,1
0000,LKUS_captcha,event,1
0000,LKUS_captcha,phone,1
0000,LKUS_captcha,tenant,1
0000,LKUS_captcha,userNo,1
0000,LKUS_captcha,isGuest,1
0000,LKUS_captcha,version,1
0000,LKUS_captcha,uniqueKey,1
0000,LKUS_captcha,userAgent,1
0000,LKUS_captcha,countryCode,1
0000,LKUS_captcha,reviewRepeat,1
0000,LKUS_captcha,cidOriginEnum,1
0000,LKUS_captcha,verifyCodeType,1
0000,LKUS_captcha,recaptchaV3Token,1
0000,LKUS_captcha,verifyCodeParams,1
0000,LKUS_captcha,recaptchaV3Action,1
0000,LKUS_physical_order_cancel,reviewRepeat,1
0000,LKUS_physical_order_cancel,recaptchaV3Token,1
0000,LKUS_physical_order_cancel,recaptchaV3Action,1
0000,LKUS_physical_order_cancel,recaptchaV3Enabled,1
0000,LKUS_push,userNo,1
0001,LKUS_push,ip,43
0001,LKUS_push,app,40
0001,LKUS_push,cid,43
0001,LKUS_push,uid,43
0001,LKUS_push,phone,43
0001,LKUS_push,tenant,43
0001,LKUS_push,version,43
0001,LKUS_push,uniqueKey,43
0001,LKUS_push,userAgent,43
0001,LKUS_push,countryCode,43
0001,LKUS_push,reviewRepeat,43
0001,LKUS_push,cidOriginEnum,43
0001,LKUS_push,recaptchaV3Token,41
0001,LKUS_push,recaptchaV3Action,41
0001,LKUS_push,recaptchaV3Enabled,43
0001,LKUS_register,ip,8
0001,LKUS_register,app,6
0001,LKUS_register,cid,8
0001,LKUS_register,uid,8
0001,LKUS_register,phone,8
0001,LKUS_register,tenant,8
0001,LKUS_register,version,8
0001,LKUS_register,uniqueKey,8
0001,LKUS_register,userAgent,8
0001,LKUS_register,countryCode,8
0001,LKUS_register,reviewRepeat,8
0001,LKUS_register,cidOriginEnum,8
0001,LKUS_register,recaptchaV3Token,8
0001,LKUS_register,recaptchaV3Action,8
0001,LKUS_register,recaptchaV3Enabled,8
0001,LKUS_captcha,ip,1
0001,LKUS_captcha,cid,1
0001,LKUS_captcha,uid,1
0001,LKUS_captcha,event,1
0001,LKUS_captcha,phone,1
0001,LKUS_captcha,tenant,1
0001,LKUS_captcha,isGuest,1
0001,LKUS_captcha,version,1
0001,LKUS_captcha,uniqueKey,1
0001,LKUS_captcha,userAgent,1
0001,LKUS_captcha,countryCode,1
0001,LKUS_captcha,reviewRepeat,1
0001,LKUS_captcha,cidOriginEnum,1
0001,LKUS_captcha,verifyCodeType,1
0001,LKUS_captcha,recaptchaV3Token,1
0001,LKUS_captcha,verifyCodeParams,1
0001,LKUS_captcha,recaptchaV3Action,1
0001,LKUS_login,ip,14
0001,LKUS_login,cid,14
0001,LKUS_login,uid,14
0001,LKUS_login,phone,14
0001,LKUS_login,tenant,14
0001,LKUS_login,userNo,14
0001,LKUS_login,version,14
0001,LKUS_login,uniqueKey,14
0001,LKUS_login,userAgent,14
0001,LKUS_login,countryCode,14
0001,LKUS_login,cidOriginEnum,14
0001,LKUS_physical_order_create,ip,94
0001,LKUS_physical_order_create,cid,94
0001,LKUS_physical_order_create,did,9
0001,LKUS_physical_order_create,uid,94
0001,LKUS_physical_order_create,phone,84
0001,LKUS_physical_order_create,shopId,94
0001,LKUS_physical_order_create,tenant,94
0001,LKUS_physical_order_create,userNo,94
0001,LKUS_physical_order_create,isGuest,94
0001,LKUS_physical_order_create,version,94
0001,LKUS_physical_order_create,blackBox,9
0001,LKUS_physical_order_create,deviceId,9
0001,LKUS_physical_order_create,orderType,94
0001,LKUS_physical_order_create,taxAmount,94
0001,LKUS_physical_order_create,uniqueKey,94
0001,LKUS_physical_order_create,userAgent,94
0001,LKUS_physical_order_create,couponList,94
0001,LKUS_physical_order_create,orderPrice,94
0001,LKUS_physical_order_create,countryCode,94
0001,LKUS_physical_order_create,shopAddress,94
0001,LKUS_physical_order_create,shopCityName,94
0001,LKUS_physical_order_create,shopLatitude,94
0001,LKUS_physical_order_create,cidOriginEnum,94
0001,LKUS_physical_order_create,isTaxRequired,94
0001,LKUS_physical_order_create,orderProducts,94
0001,LKUS_physical_order_create,productAmount,94
0001,LKUS_physical_order_create,shopLongitude,94
0001,LKUS_physical_order_create,coffeeStoreList,94
0001,LKUS_physical_order_create,packageOrderProducts,94
0001,LKUS_payment,ip,95
0001,LKUS_payment,cid,95
0001,LKUS_payment,uid,95
0001,LKUS_payment,phone,84
0001,LKUS_payment,shopId,95
0001,LKUS_payment,tenant,95
0001,LKUS_payment,userNo,95
0001,LKUS_payment,isGuest,95
0001,LKUS_payment,orderNo,95
0001,LKUS_payment,payType,95
0001,LKUS_payment,version,95
0001,LKUS_payment,payMoney,95
0001,LKUS_payment,orderType,95
0001,LKUS_payment,taxAmount,95
0001,LKUS_payment,uniqueKey,95
0001,LKUS_payment,userAgent,95
0001,LKUS_payment,orderPrice,95
0001,LKUS_payment,countryCode,84
0001,LKUS_payment,cidOriginEnum,95
0001,LKUS_payment,isTaxRequired,95
0001,LKUS_payment,orderProducts,95
0001,LKUS_payment,packageOrderProducts,95
0001,LKUS_physical_order_create,app,79
0001,LKUS_physical_order_create,latitude,85
0001,LKUS_physical_order_create,longitude,85
0001,LKUS_physical_order_create,reviewRepeat,77
0001,LKUS_physical_order_create,recaptchaV3Token,77
0001,LKUS_physical_order_create,recaptchaV3Action,77
0001,LKUS_physical_order_create,recaptchaV3Enabled,77
0001,LKUS_payment,app,79
0001,LKUS_payment,reviewRepeat,77
0001,LKUS_payment,recaptchaV3Token,77
0001,LKUS_payment,recaptchaV3Action,77
0001,LKUS_payment,recaptchaV3Enabled,77
0001,LKUS_login,app,11
0001,LKUS_login,reviewRepeat,13
0001,LKUS_login,recaptchaV3Token,13
0001,LKUS_login,recaptchaV3Action,13
0001,LKUS_login,recaptchaV3Enabled,13
0001,LKUS_grant_new_user_coupon,ip,5
0001,LKUS_grant_new_user_coupon,app,3
0001,LKUS_grant_new_user_coupon,cid,5
0001,LKUS_grant_new_user_coupon,uid,5
0001,LKUS_grant_new_user_coupon,phone,5
0001,LKUS_grant_new_user_coupon,extend,5
0001,LKUS_grant_new_user_coupon,tenant,5
0001,LKUS_grant_new_user_coupon,userNo,5
0001,LKUS_grant_new_user_coupon,sceneId,5
0001,LKUS_grant_new_user_coupon,version,5
0001,LKUS_grant_new_user_coupon,uniqueKey,5
0001,LKUS_grant_new_user_coupon,userAgent,5
0001,LKUS_grant_new_user_coupon,countryCode,5
0001,LKUS_grant_new_user_coupon,reviewRepeat,5
0001,LKUS_grant_new_user_coupon,cidOriginEnum,5
0001,LKUS_grant_new_user_coupon,recaptchaV3Token,5
0001,LKUS_grant_new_user_coupon,recaptchaV3Action,5
0001,LKUS_grant_new_user_coupon,recaptchaV3Enabled,5
0001,LKUS_physical_order_create,packagingBagPrice,1
0001,LKUS_physical_order_create,packagingBagNumber,1
0001,LKUS_payment,packagingBagPrice,1
0001,LKUS_payment,packagingBagNumber,1
0001,LKUS_physical_order_cancel,ip,1
0001,LKUS_physical_order_cancel,app,1
0001,LKUS_physical_order_cancel,cid,1
0001,LKUS_physical_order_cancel,uid,1
0001,LKUS_physical_order_cancel,phone,1
0001,LKUS_physical_order_cancel,shopId,1
0001,LKUS_physical_order_cancel,tenant,1
0001,LKUS_physical_order_cancel,userNo,1
0001,LKUS_physical_order_cancel,isGuest,1
0001,LKUS_physical_order_cancel,orderNo,1
0001,LKUS_physical_order_cancel,version,1
0001,LKUS_physical_order_cancel,shopCity,1
0001,LKUS_physical_order_cancel,uniqueKey,1
0001,LKUS_physical_order_cancel,userAgent,1
0001,LKUS_physical_order_cancel,countryCode,1
0001,LKUS_physical_order_cancel,totalOfMade,1
0001,LKUS_physical_order_cancel,reviewRepeat,1
0001,LKUS_physical_order_cancel,cidOriginEnum,1
0001,LKUS_physical_order_cancel,cancelTypeEnum,1
0001,LKUS_physical_order_cancel,recaptchaV3Token,1
0001,LKUS_physical_order_cancel,recaptchaV3Action,1
0001,LKUS_physical_order_cancel,recaptchaV3Enabled,1
0002,LKUS_push,ip,47
0002,LKUS_push,app,38
0002,LKUS_push,cid,47
0002,LKUS_push,uid,47
0002,LKUS_push,phone,47
0002,LKUS_push,tenant,47
0002,LKUS_push,version,47
0002,LKUS_push,uniqueKey,47
0002,LKUS_push,userAgent,47
0002,LKUS_push,countryCode,47
0002,LKUS_push,reviewRepeat,40
0002,LKUS_push,cidOriginEnum,47
0002,LKUS_push,recaptchaV3Token,40
0002,LKUS_push,recaptchaV3Action,40
0002,LKUS_push,recaptchaV3Enabled,40
0002,LKUS_login,ip,16
0002,LKUS_login,app,14
0002,LKUS_login,cid,16
0002,LKUS_login,uid,16
0002,LKUS_login,phone,16
0002,LKUS_login,tenant,16
0002,LKUS_login,userNo,16
0002,LKUS_login,version,16
0002,LKUS_login,uniqueKey,16
0002,LKUS_login,userAgent,16
0002,LKUS_login,countryCode,16
0002,LKUS_login,reviewRepeat,14
0002,LKUS_login,cidOriginEnum,16
0002,LKUS_login,recaptchaV3Token,14
0002,LKUS_login,recaptchaV3Action,14
0002,LKUS_login,recaptchaV3Enabled,14
0002,LKUS_grant_new_user_coupon,ip,7
0002,LKUS_grant_new_user_coupon,app,7
0002,LKUS_grant_new_user_coupon,cid,7
0002,LKUS_grant_new_user_coupon,uid,7
0002,LKUS_grant_new_user_coupon,phone,7
0002,LKUS_grant_new_user_coupon,extend,7
0002,LKUS_grant_new_user_coupon,tenant,7
0002,LKUS_grant_new_user_coupon,userNo,7
0002,LKUS_grant_new_user_coupon,sceneId,7
0002,LKUS_grant_new_user_coupon,version,7
0002,LKUS_grant_new_user_coupon,uniqueKey,7
0002,LKUS_grant_new_user_coupon,userAgent,7
0002,LKUS_grant_new_user_coupon,countryCode,7
0002,LKUS_grant_new_user_coupon,reviewRepeat,7
0002,LKUS_grant_new_user_coupon,cidOriginEnum,7
0002,LKUS_grant_new_user_coupon,recaptchaV3Token,7
0002,LKUS_grant_new_user_coupon,recaptchaV3Action,7
0002,LKUS_grant_new_user_coupon,recaptchaV3Enabled,7
0002,LKUS_register,ip,9
0002,LKUS_register,app,8
0002,LKUS_register,cid,9
0002,LKUS_register,uid,9
0002,LKUS_register,phone,9
0002,LKUS_register,tenant,9
0002,LKUS_register,version,9
0002,LKUS_register,uniqueKey,9
0002,LKUS_register,userAgent,9
0002,LKUS_register,countryCode,9
0002,LKUS_register,reviewRepeat,9
0002,LKUS_register,cidOriginEnum,9
0002,LKUS_register,recaptchaV3Token,9
0002,LKUS_register,recaptchaV3Action,9
0002,LKUS_register,recaptchaV3Enabled,9
0002,LKUS_physical_order_create,ip,102
0002,LKUS_physical_order_create,app,83
0002,LKUS_physical_order_create,cid,102
0002,LKUS_physical_order_create,uid,102
0002,LKUS_physical_order_create,phone,85
0002,LKUS_physical_order_create,shopId,102
0002,LKUS_physical_order_create,tenant,102
0002,LKUS_physical_order_create,userNo,102
0002,LKUS_physical_order_create,isGuest,102
0002,LKUS_physical_order_create,version,102
0002,LKUS_physical_order_create,latitude,85
0002,LKUS_physical_order_create,longitude,85
0002,LKUS_physical_order_create,orderType,102
0002,LKUS_physical_order_create,taxAmount,102
0002,LKUS_physical_order_create,uniqueKey,102
0002,LKUS_physical_order_create,userAgent,102
0002,LKUS_physical_order_create,couponList,102
0002,LKUS_physical_order_create,orderPrice,102
0002,LKUS_physical_order_create,countryCode,102
0002,LKUS_physical_order_create,shopAddress,102
0002,LKUS_physical_order_create,reviewRepeat,81
0002,LKUS_physical_order_create,shopCityName,102
0002,LKUS_physical_order_create,shopLatitude,102
0002,LKUS_physical_order_create,cidOriginEnum,102
0002,LKUS_physical_order_create,isTaxRequired,102
0002,LKUS_physical_order_create,orderProducts,102
0002,LKUS_physical_order_create,productAmount,102
0002,LKUS_physical_order_create,shopLongitude,102
0002,LKUS_physical_order_create,coffeeStoreList,102
0002,LKUS_physical_order_create,recaptchaV3Token,81
0002,LKUS_physical_order_create,recaptchaV3Action,81
0002,LKUS_physical_order_create,recaptchaV3Enabled,81
0002,LKUS_physical_order_create,packageOrderProducts,102
0002,LKUS_payment,ip,104
0002,LKUS_payment,app,83
0002,LKUS_payment,cid,104
0002,LKUS_payment,uid,104
0002,LKUS_payment,phone,85
0002,LKUS_payment,shopId,104
0002,LKUS_payment,tenant,104
0002,LKUS_payment,userNo,104
0002,LKUS_payment,isGuest,104
0002,LKUS_payment,orderNo,104
0002,LKUS_payment,payType,104
0002,LKUS_payment,version,104
0002,LKUS_payment,payMoney,104
0002,LKUS_payment,orderType,104
0002,LKUS_payment,taxAmount,104
0002,LKUS_payment,uniqueKey,104
0002,LKUS_payment,userAgent,104
0002,LKUS_payment,orderPrice,104
0002,LKUS_payment,countryCode,85
0002,LKUS_payment,reviewRepeat,81
0002,LKUS_payment,cidOriginEnum,104
0002,LKUS_payment,isTaxRequired,104
0002,LKUS_payment,orderProducts,104
0002,LKUS_payment,recaptchaV3Token,80
0002,LKUS_payment,recaptchaV3Action,80
0002,LKUS_payment,recaptchaV3Enabled,81
0002,LKUS_payment,packageOrderProducts,104
0002,LKUS_physical_order_create,did,17
0002,LKUS_physical_order_create,blackBox,17
0002,LKUS_physical_order_create,deviceId,17
0002,LKUS_physical_order_create,packagingBagPrice,2
0002,LKUS_physical_order_create,packagingBagNumber,2
0002,LKUS_payment,packagingBagPrice,2
0002,LKUS_payment,packagingBagNumber,2
0002,LKUS_push,userNo,3
0002,LKUS_physical_order_cancel,ip,1
0002,LKUS_physical_order_cancel,app,1
0002,LKUS_physical_order_cancel,cid,1
0002,LKUS_physical_order_cancel,uid,1
0002,LKUS_physical_order_cancel,phone,1
0002,LKUS_physical_order_cancel,shopId,1
0002,LKUS_physical_order_cancel,tenant,1
0002,LKUS_physical_order_cancel,userNo,1
0002,LKUS_physical_order_cancel,isGuest,1
0002,LKUS_physical_order_cancel,orderNo,1
0002,LKUS_physical_order_cancel,version,1
0002,LKUS_physical_order_cancel,shopCity,1
0002,LKUS_physical_order_cancel,uniqueKey,1
0002,LKUS_physical_order_cancel,userAgent,1
0002,LKUS_physical_order_cancel,countryCode,1
0002,LKUS_physical_order_cancel,totalOfMade,1
0002,LKUS_physical_order_cancel,reviewRepeat,1
0002,LKUS_physical_order_cancel,cidOriginEnum,1
0002,LKUS_physical_order_cancel,cancelTypeEnum,1
0002,LKUS_physical_order_cancel,recaptchaV3Token,1
0002,LKUS_physical_order_cancel,recaptchaV3Action,1
0002,LKUS_physical_order_cancel,recaptchaV3Enabled,1
0003,LKUS_push,ip,35
0003,LKUS_push,app,30
0003,LKUS_push,cid,35
0003,LKUS_push,uid,35
0003,LKUS_push,phone,35
0003,LKUS_push,tenant,35
0003,LKUS_push,version,35
0003,LKUS_push,uniqueKey,35
0003,LKUS_push,userAgent,35
0003,LKUS_push,countryCode,35
0003,LKUS_push,reviewRepeat,32
0003,LKUS_push,cidOriginEnum,35
0003,LKUS_push,recaptchaV3Token,32
0003,LKUS_push,recaptchaV3Action,32
0003,LKUS_push,recaptchaV3Enabled,32
0003,LKUS_physical_order_create,ip,80
0003,LKUS_physical_order_create,app,71
0003,LKUS_physical_order_create,cid,80
0003,LKUS_physical_order_create,uid,80
0003,LKUS_physical_order_create,phone,71
0003,LKUS_physical_order_create,shopId,80
0003,LKUS_physical_order_create,tenant,80
0003,LKUS_physical_order_create,userNo,80
0003,LKUS_physical_order_create,isGuest,80
0003,LKUS_physical_order_create,version,80
0003,LKUS_physical_order_create,latitude,71
0003,LKUS_physical_order_create,longitude,71
0003,LKUS_physical_order_create,orderType,80
0003,LKUS_physical_order_create,taxAmount,80
0003,LKUS_physical_order_create,uniqueKey,80
0003,LKUS_physical_order_create,userAgent,80
0003,LKUS_physical_order_create,couponList,80
0003,LKUS_physical_order_create,orderPrice,80
0003,LKUS_physical_order_create,countryCode,80
0003,LKUS_physical_order_create,shopAddress,80
0003,LKUS_physical_order_create,reviewRepeat,69
0003,LKUS_physical_order_create,shopCityName,80
0003,LKUS_physical_order_create,shopLatitude,80
0003,LKUS_physical_order_create,cidOriginEnum,80
0003,LKUS_physical_order_create,isTaxRequired,80
0003,LKUS_physical_order_create,orderProducts,80
0003,LKUS_physical_order_create,productAmount,80
0003,LKUS_physical_order_create,shopLongitude,80
0003,LKUS_physical_order_create,coffeeStoreList,80
0003,LKUS_physical_order_create,recaptchaV3Token,69
0003,LKUS_physical_order_create,recaptchaV3Action,69
0003,LKUS_physical_order_create,recaptchaV3Enabled,69
0003,LKUS_physical_order_create,packageOrderProducts,80
0003,LKUS_payment,ip,82
0003,LKUS_payment,app,73
0003,LKUS_payment,cid,82
0003,LKUS_payment,uid,82
0003,LKUS_payment,phone,73
0003,LKUS_payment,shopId,82
0003,LKUS_payment,tenant,82
0003,LKUS_payment,userNo,82
0003,LKUS_payment,isGuest,82
0003,LKUS_payment,orderNo,82
0003,LKUS_payment,payType,82
0003,LKUS_payment,version,82
0003,LKUS_payment,payMoney,82
0003,LKUS_payment,orderType,82
0003,LKUS_payment,taxAmount,82
0003,LKUS_payment,uniqueKey,82
0003,LKUS_payment,userAgent,82
0003,LKUS_payment,orderPrice,82
0003,LKUS_payment,countryCode,73
0003,LKUS_payment,reviewRepeat,71
0003,LKUS_payment,cidOriginEnum,82
0003,LKUS_payment,isTaxRequired,82
0003,LKUS_payment,orderProducts,82
0003,LKUS_payment,recaptchaV3Token,71
0003,LKUS_payment,recaptchaV3Action,71
0003,LKUS_payment,recaptchaV3Enabled,71
0003,LKUS_payment,packageOrderProducts,82
0003,LKUS_login,ip,10
0003,LKUS_login,app,10
0003,LKUS_login,cid,10
0003,LKUS_login,uid,10
0003,LKUS_login,phone,10
0003,LKUS_login,tenant,10
0003,LKUS_login,userNo,10
0003,LKUS_login,version,10
0003,LKUS_login,uniqueKey,10
0003,LKUS_login,userAgent,10
0003,LKUS_login,countryCode,10
0003,LKUS_login,reviewRepeat,9
0003,LKUS_login,cidOriginEnum,10
0003,LKUS_login,recaptchaV3Token,9
0003,LKUS_login,recaptchaV3Action,9
0003,LKUS_login,recaptchaV3Enabled,9
0003,LKUS_physical_order_create,packagingBagPrice,3
0003,LKUS_physical_order_create,packagingBagNumber,3
0003,LKUS_payment,packagingBagPrice,3
0003,LKUS_payment,packagingBagNumber,3
0003,LKUS_register,ip,6
0003,LKUS_register,cid,6
0003,LKUS_register,uid,6
0003,LKUS_register,phone,6
0003,LKUS_register,tenant,6
0003,LKUS_register,version,6
0003,LKUS_register,uniqueKey,6
0003,LKUS_register,userAgent,6
0003,LKUS_register,countryCode,6
0003,LKUS_register,reviewRepeat,6
0003,LKUS_register,cidOriginEnum,6
0003,LKUS_register,recaptchaV3Token,6
0003,LKUS_register,recaptchaV3Action,6
0003,LKUS_register,recaptchaV3Enabled,6
0003,LKUS_physical_order_create,did,9
0003,LKUS_physical_order_create,blackBox,9
0003,LKUS_physical_order_create,deviceId,9
0003,LKUS_register,app,4
0003,LKUS_grant_new_user_coupon,ip,4
0003,LKUS_grant_new_user_coupon,app,4
0003,LKUS_grant_new_user_coupon,cid,4
0003,LKUS_grant_new_user_coupon,uid,4
0003,LKUS_grant_new_user_coupon,phone,4
0003,LKUS_grant_new_user_coupon,extend,4
0003,LKUS_grant_new_user_coupon,tenant,4
0003,LKUS_grant_new_user_coupon,userNo,4
0003,LKUS_grant_new_user_coupon,sceneId,4
0003,LKUS_grant_new_user_coupon,version,4
0003,LKUS_grant_new_user_coupon,uniqueKey,4
0003,LKUS_grant_new_user_coupon,userAgent,4
0003,LKUS_grant_new_user_coupon,countryCode,4
0003,LKUS_grant_new_user_coupon,reviewRepeat,4
0003,LKUS_grant_new_user_coupon,cidOriginEnum,4
0003,LKUS_grant_new_user_coupon,recaptchaV3Token,4
0003,LKUS_grant_new_user_coupon,recaptchaV3Action,4
0003,LKUS_grant_new_user_coupon,recaptchaV3Enabled,4
0003,LKUS_physical_order_cancel,ip,1
0003,LKUS_physical_order_cancel,app,1
0003,LKUS_physical_order_cancel,cid,1
0003,LKUS_physical_order_cancel,uid,1
0003,LKUS_physical_order_cancel,phone,1
0003,LKUS_physical_order_cancel,shopId,1
0003,LKUS_physical_order_cancel,tenant,1
0003,LKUS_physical_order_cancel,userNo,1
0003,LKUS_physical_order_cancel,isGuest,1
0003,LKUS_physical_order_cancel,orderNo,1
0003,LKUS_physical_order_cancel,version,1
0003,LKUS_physical_order_cancel,shopCity,1
0003,LKUS_physical_order_cancel,uniqueKey,1
0003,LKUS_physical_order_cancel,userAgent,1
0003,LKUS_physical_order_cancel,countryCode,1
0003,LKUS_physical_order_cancel,totalOfMade,1
0003,LKUS_physical_order_cancel,reviewRepeat,1
0003,LKUS_physical_order_cancel,cidOriginEnum,1
0003,LKUS_physical_order_cancel,cancelTypeEnum,1
0003,LKUS_physical_order_cancel,recaptchaV3Token,1
0003,LKUS_physical_order_cancel,recaptchaV3Action,1
0003,LKUS_physical_order_cancel,recaptchaV3Enabled,1
0004,LKUS_push,ip,30
0004,LKUS_push,app,30
0004,LKUS_push,cid,30
0004,LKUS_push,uid,30
0004,LKUS_push,phone,30
0004,LKUS_push,tenant,30
0004,LKUS_push,version,30
0004,LKUS_push,uniqueKey,30
0004,LKUS_push,userAgent,30
0004,LKUS_push,countryCode,30
0004,LKUS_push,reviewRepeat,29
0004,LKUS_push,cidOriginEnum,30
0004,LKUS_push,recaptchaV3Token,29
0004,LKUS_push,recaptchaV3Action,29
0004,LKUS_push,recaptchaV3Enabled,29
0004,LKUS_register,ip,4
0004,LKUS_register,app,4
0004,LKUS_register,cid,4
0004,LKUS_register,uid,4
0004,LKUS_register,phone,4
0004,LKUS_register,tenant,4
0004,LKUS_register,version,4
0004,LKUS_register,uniqueKey,4
0004,LKUS_register,userAgent,4
0004,LKUS_register,countryCode,4
0004,LKUS_register,reviewRepeat,4
0004,LKUS_register,cidOriginEnum,4
0004,LKUS_register,recaptchaV3Token,4
0004,LKUS_register,recaptchaV3Action,4
0004,LKUS_register,recaptchaV3Enabled,4
0004,LKUS_physical_order_create,ip,86
0004,LKUS_physical_order_create,app,73
0004,LKUS_physical_order_create,cid,86
0004,LKUS_physical_order_create,uid,86
0004,LKUS_physical_order_create,phone,75
0004,LKUS_physical_order_create,shopId,86
0004,LKUS_physical_order_create,tenant,86
0004,LKUS_physical_order_create,userNo,86
0004,LKUS_physical_order_create,isGuest,86
0004,LKUS_physical_order_create,version,86
0004,LKUS_physical_order_create,latitude,75
0004,LKUS_physical_order_create,longitude,75
0004,LKUS_physical_order_create,orderType,86
0004,LKUS_physical_order_create,taxAmount,86
0004,LKUS_physical_order_create,uniqueKey,86
0004,LKUS_physical_order_create,userAgent,86
0004,LKUS_physical_order_create,couponList,86
0004,LKUS_physical_order_create,orderPrice,86
0004,LKUS_physical_order_create,countryCode,86
0004,LKUS_physical_order_create,shopAddress,86
0004,LKUS_physical_order_create,reviewRepeat,70
0004,LKUS_physical_order_create,shopCityName,86
0004,LKUS_physical_order_create,shopLatitude,86
0004,LKUS_physical_order_create,cidOriginEnum,86
0004,LKUS_physical_order_create,isTaxRequired,86
0004,LKUS_physical_order_create,orderProducts,86
0004,LKUS_physical_order_create,productAmount,86
0004,LKUS_physical_order_create,shopLongitude,86
0004,LKUS_physical_order_create,coffeeStoreList,86
0004,LKUS_physical_order_create,recaptchaV3Token,70
0004,LKUS_physical_order_create,packagingBagPrice,2
0004,LKUS_physical_order_create,recaptchaV3Action,70
0004,LKUS_physical_order_create,packagingBagNumber,2
0004,LKUS_physical_order_create,recaptchaV3Enabled,70
0004,LKUS_physical_order_create,packageOrderProducts,86
0004,LKUS_payment,ip,87
0004,LKUS_payment,app,73
0004,LKUS_payment,cid,87
0004,LKUS_payment,uid,87
0004,LKUS_payment,phone,76
0004,LKUS_payment,shopId,87
0004,LKUS_payment,tenant,87
0004,LKUS_payment,userNo,87
0004,LKUS_payment,isGuest,87
0004,LKUS_payment,orderNo,87
0004,LKUS_payment,payType,87
0004,LKUS_payment,version,87
0004,LKUS_payment,payMoney,87
0004,LKUS_payment,orderType,87
0004,LKUS_payment,taxAmount,87
0004,LKUS_payment,uniqueKey,87
0004,LKUS_payment,userAgent,87
0004,LKUS_payment,orderPrice,87
0004,LKUS_payment,countryCode,76
0004,LKUS_payment,reviewRepeat,71
0004,LKUS_payment,cidOriginEnum,87
0004,LKUS_payment,isTaxRequired,87
0004,LKUS_payment,orderProducts,87
0004,LKUS_payment,recaptchaV3Token,71
0004,LKUS_payment,packagingBagPrice,2
0004,LKUS_payment,recaptchaV3Action,71
0004,LKUS_payment,packagingBagNumber,2
0004,LKUS_payment,recaptchaV3Enabled,71
0004,LKUS_payment,packageOrderProducts,87
0004,LKUS_login,ip,10
0004,LKUS_login,app,8
0004,LKUS_login,cid,10
0004,LKUS_login,uid,10
0004,LKUS_login,phone,10
0004,LKUS_login,tenant,10
0004,LKUS_login,userNo,10
0004,LKUS_login,version,10
0004,LKUS_login,uniqueKey,10
0004,LKUS_login,userAgent,10
0004,LKUS_login,countryCode,10
0004,LKUS_login,reviewRepeat,10
0004,LKUS_login,cidOriginEnum,10
0004,LKUS_login,recaptchaV3Token,10
0004,LKUS_login,recaptchaV3Action,10
0004,LKUS_login,recaptchaV3Enabled,10
0004,LKUS_grant_new_user_coupon,ip,6
0004,LKUS_grant_new_user_coupon,app,4
0004,LKUS_grant_new_user_coupon,cid,6
0004,LKUS_grant_new_user_coupon,uid,6
0004,LKUS_grant_new_user_coupon,phone,6
0004,LKUS_grant_new_user_coupon,extend,6
0004,LKUS_grant_new_user_coupon,tenant,6
0004,LKUS_grant_new_user_coupon,userNo,6
0004,LKUS_grant_new_user_coupon,sceneId,6
0004,LKUS_grant_new_user_coupon,version,6
0004,LKUS_grant_new_user_coupon,uniqueKey,6
0004,LKUS_grant_new_user_coupon,userAgent,6
0004,LKUS_grant_new_user_coupon,countryCode,6
0004,LKUS_grant_new_user_coupon,reviewRepeat,6
0004,LKUS_grant_new_user_coupon,cidOriginEnum,6
0004,LKUS_grant_new_user_coupon,recaptchaV3Token,6
0004,LKUS_grant_new_user_coupon,recaptchaV3Action,6
0004,LKUS_grant_new_user_coupon,recaptchaV3Enabled,6
0004,LKUS_physical_order_create,did,11
0004,LKUS_physical_order_create,blackBox,11
0004,LKUS_physical_order_create,deviceId,11
0004,LKUS_physical_order_cancel,ip,1
0004,LKUS_physical_order_cancel,app,1
0004,LKUS_physical_order_cancel,cid,1
0004,LKUS_physical_order_cancel,uid,1
0004,LKUS_physical_order_cancel,phone,1
0004,LKUS_physical_order_cancel,shopId,1
0004,LKUS_physical_order_cancel,tenant,1
0004,LKUS_physical_order_cancel,userNo,1
0004,LKUS_physical_order_cancel,isGuest,1
0004,LKUS_physical_order_cancel,orderNo,1
0004,LKUS_physical_order_cancel,version,1
0004,LKUS_physical_order_cancel,shopCity,1
0004,LKUS_physical_order_cancel,uniqueKey,1
0004,LKUS_physical_order_cancel,userAgent,1
0004,LKUS_physical_order_cancel,countryCode,1
0004,LKUS_physical_order_cancel,totalOfMade,1
0004,LKUS_physical_order_cancel,reviewRepeat,1
0004,LKUS_physical_order_cancel,cidOriginEnum,1
0004,LKUS_physical_order_cancel,cancelTypeEnum,1
0004,LKUS_physical_order_cancel,recaptchaV3Token,1
0004,LKUS_physical_order_cancel,recaptchaV3Action,1
0004,LKUS_physical_order_cancel,recaptchaV3Enabled,1
0005,LKUS_push,ip,32
0005,LKUS_push,app,28
0005,LKUS_push,cid,32
0005,LKUS_push,uid,32
0005,LKUS_push,phone,32
0005,LKUS_push,tenant,32
0005,LKUS_push,version,32
0005,LKUS_push,uniqueKey,32
0005,LKUS_push,userAgent,32
0005,LKUS_push,countryCode,32
0005,LKUS_push,reviewRepeat,31
0005,LKUS_push,cidOriginEnum,32
0005,LKUS_push,recaptchaV3Token,31
0005,LKUS_push,recaptchaV3Action,31
0005,LKUS_push,recaptchaV3Enabled,31
0005,LKUS_physical_order_create,ip,101
0005,LKUS_physical_order_create,app,83
0005,LKUS_physical_order_create,cid,101
0005,LKUS_physical_order_create,uid,101
0005,LKUS_physical_order_create,phone,88
0005,LKUS_physical_order_create,shopId,101
0005,LKUS_physical_order_create,tenant,101
0005,LKUS_physical_order_create,userNo,101
0005,LKUS_physical_order_create,isGuest,101
0005,LKUS_physical_order_create,version,101
0005,LKUS_physical_order_create,latitude,85
0005,LKUS_physical_order_create,longitude,85
0005,LKUS_physical_order_create,orderType,101
0005,LKUS_physical_order_create,taxAmount,101
0005,LKUS_physical_order_create,uniqueKey,101
0005,LKUS_physical_order_create,userAgent,101
0005,LKUS_physical_order_create,couponList,101
0005,LKUS_physical_order_create,orderPrice,99
0005,LKUS_physical_order_create,countryCode,101
0005,LKUS_physical_order_create,shopAddress,101
0005,LKUS_physical_order_create,reviewRepeat,73
0005,LKUS_physical_order_create,shopCityName,101
0005,LKUS_physical_order_create,shopLatitude,101
0005,LKUS_physical_order_create,cidOriginEnum,101
0005,LKUS_physical_order_create,isTaxRequired,101
0005,LKUS_physical_order_create,orderProducts,101
0005,LKUS_physical_order_create,productAmount,101
0005,LKUS_physical_order_create,shopLongitude,101
0005,LKUS_physical_order_create,coffeeStoreList,101
0005,LKUS_physical_order_create,recaptchaV3Token,73
0005,LKUS_physical_order_create,recaptchaV3Action,73
0005,LKUS_physical_order_create,recaptchaV3Enabled,73
0005,LKUS_physical_order_create,packageOrderProducts,101
0005,LKUS_payment,ip,105
0005,LKUS_payment,app,85
0005,LKUS_payment,cid,105
0005,LKUS_payment,uid,105
0005,LKUS_payment,phone,91
0005,LKUS_payment,shopId,105
0005,LKUS_payment,tenant,105
0005,LKUS_payment,userNo,105
0005,LKUS_payment,isGuest,105
0005,LKUS_payment,orderNo,105
0005,LKUS_payment,payType,105
0005,LKUS_payment,version,105
0005,LKUS_payment,payMoney,105
0005,LKUS_payment,orderType,105
0005,LKUS_payment,taxAmount,105
0005,LKUS_payment,uniqueKey,105
0005,LKUS_payment,userAgent,105
0005,LKUS_payment,orderPrice,105
0005,LKUS_payment,countryCode,91
0005,LKUS_payment,reviewRepeat,75
0005,LKUS_payment,cidOriginEnum,105
0005,LKUS_payment,isTaxRequired,105
0005,LKUS_payment,orderProducts,105
0005,LKUS_payment,recaptchaV3Token,75
0005,LKUS_payment,recaptchaV3Action,75
0005,LKUS_payment,recaptchaV3Enabled,75
0005,LKUS_payment,packageOrderProducts,105
0005,LKUS_login,ip,18
0005,LKUS_login,app,12
0005,LKUS_login,cid,18
0005,LKUS_login,uid,18
0005,LKUS_login,phone,18
0005,LKUS_login,tenant,18
0005,LKUS_login,userNo,18
0005,LKUS_login,version,18
0005,LKUS_login,uniqueKey,18
0005,LKUS_login,userAgent,18
0005,LKUS_login,countryCode,18
0005,LKUS_login,reviewRepeat,14
0005,LKUS_login,cidOriginEnum,18
0005,LKUS_login,recaptchaV3Token,14
0005,LKUS_login,recaptchaV3Action,14
0005,LKUS_login,recaptchaV3Enabled,14
0005,LKUS_grant_new_user_coupon,ip,7
0005,LKUS_grant_new_user_coupon,app,6
0005,LKUS_grant_new_user_coupon,cid,7
0005,LKUS_grant_new_user_coupon,uid,7
0005,LKUS_grant_new_user_coupon,phone,7
0005,LKUS_grant_new_user_coupon,extend,7
0005,LKUS_grant_new_user_coupon,tenant,7
0005,LKUS_grant_new_user_coupon,userNo,7
0005,LKUS_grant_new_user_coupon,sceneId,7
0005,LKUS_grant_new_user_coupon,version,7
0005,LKUS_grant_new_user_coupon,uniqueKey,7
0005,LKUS_grant_new_user_coupon,userAgent,7
0005,LKUS_grant_new_user_coupon,countryCode,7
0005,LKUS_grant_new_user_coupon,reviewRepeat,7
0005,LKUS_grant_new_user_coupon,cidOriginEnum,7
0005,LKUS_grant_new_user_coupon,recaptchaV3Token,7
0005,LKUS_grant_new_user_coupon,recaptchaV3Action,7
0005,LKUS_grant_new_user_coupon,recaptchaV3Enabled,7
0005,LKUS_physical_order_create,did,16
0005,LKUS_physical_order_create,blackBox,16
0005,LKUS_physical_order_create,deviceId,16
0005,LKUS_register,ip,7
0005,LKUS_register,app,6
0005,LKUS_register,cid,7
0005,LKUS_register,uid,7
0005,LKUS_register,phone,7
0005,LKUS_register,tenant,7
0005,LKUS_register,version,7
0005,LKUS_register,uniqueKey,7
0005,LKUS_register,userAgent,7
0005,LKUS_register,countryCode,7
0005,LKUS_register,reviewRepeat,7
0005,LKUS_register,cidOriginEnum,7
0005,LKUS_register,recaptchaV3Token,7
0005,LKUS_register,recaptchaV3Action,7
0005,LKUS_register,recaptchaV3Enabled,7
0005,LKUS_physical_order_create,packagingBagPrice,3
0005,LKUS_physical_order_create,packagingBagNumber,3
0005,LKUS_payment,packagingBagPrice,3
0005,LKUS_payment,packagingBagNumber,3
0005,LKUS_push,userNo,1
0006,LKUS_push,ip,67
0006,LKUS_push,app,62
0006,LKUS_push,cid,67
0006,LKUS_push,uid,67
0006,LKUS_push,phone,67
0006,LKUS_push,tenant,67
0006,LKUS_push,version,67
0006,LKUS_push,uniqueKey,67
0006,LKUS_push,userAgent,67
0006,LKUS_push,countryCode,67
0006,LKUS_push,reviewRepeat,64
0006,LKUS_push,cidOriginEnum,67
0006,LKUS_push,recaptchaV3Token,64
0006,LKUS_push,recaptchaV3Action,64
0006,LKUS_push,recaptchaV3Enabled,64
0006,LKUS_physical_order_create,ip,88
0006,LKUS_physical_order_create,app,80
0006,LKUS_physical_order_create,cid,88
0006,LKUS_physical_order_create,uid,88
0006,LKUS_physical_order_create,phone,82
0006,LKUS_physical_order_create,shopId,88
0006,LKUS_physical_order_create,tenant,88
0006,LKUS_physical_order_create,userNo,88
0006,LKUS_physical_order_create,isGuest,88
0006,LKUS_physical_order_create,version,88
0006,LKUS_physical_order_create,latitude,80
0006,LKUS_physical_order_create,longitude,80
0006,LKUS_physical_order_create,orderType,88
0006,LKUS_physical_order_create,taxAmount,88
0006,LKUS_physical_order_create,uniqueKey,88
0006,LKUS_physical_order_create,userAgent,88
0006,LKUS_physical_order_create,couponList,88
0006,LKUS_physical_order_create,orderPrice,87
0006,LKUS_physical_order_create,countryCode,88
0006,LKUS_physical_order_create,shopAddress,88
0006,LKUS_physical_order_create,reviewRepeat,76
0006,LKUS_physical_order_create,shopCityName,88
0006,LKUS_physical_order_create,shopLatitude,88
0006,LKUS_physical_order_create,cidOriginEnum,88
0006,LKUS_physical_order_create,isTaxRequired,88
0006,LKUS_physical_order_create,orderProducts,88
0006,LKUS_physical_order_create,productAmount,88
0006,LKUS_physical_order_create,shopLongitude,88
0006,LKUS_physical_order_create,coffeeStoreList,88
0006,LKUS_physical_order_create,recaptchaV3Token,76
0006,LKUS_physical_order_create,recaptchaV3Action,76
0006,LKUS_physical_order_create,recaptchaV3Enabled,76
0006,LKUS_physical_order_create,packageOrderProducts,88
0006,LKUS_payment,ip,87
0006,LKUS_payment,app,79
0006,LKUS_payment,cid,87
0006,LKUS_payment,uid,87
0006,LKUS_payment,phone,81
0006,LKUS_payment,shopId,87
0006,LKUS_payment,tenant,87
0006,LKUS_payment,userNo,87
0006,LKUS_payment,isGuest,87
0006,LKUS_payment,orderNo,87
0006,LKUS_payment,payType,87
0006,LKUS_payment,version,87
0006,LKUS_payment,payMoney,87
0006,LKUS_payment,orderType,87
0006,LKUS_payment,taxAmount,87
0006,LKUS_payment,uniqueKey,87
0006,LKUS_payment,userAgent,87
0006,LKUS_payment,orderPrice,87
0006,LKUS_payment,countryCode,81
0006,LKUS_payment,reviewRepeat,75
0006,LKUS_payment,cidOriginEnum,87
0006,LKUS_payment,isTaxRequired,87
0006,LKUS_payment,orderProducts,87
0006,LKUS_payment,recaptchaV3Token,75
0006,LKUS_payment,recaptchaV3Action,75
0006,LKUS_payment,recaptchaV3Enabled,75
0006,LKUS_payment,packageOrderProducts,87
0006,LKUS_physical_order_create,did,8
0006,LKUS_physical_order_create,blackBox,8
0006,LKUS_physical_order_create,deviceId,8
0006,LKUS_register,ip,9
0006,LKUS_register,cid,9
0006,LKUS_register,uid,9
0006,LKUS_register,phone,9
0006,LKUS_register,tenant,9
0006,LKUS_register,version,9
0006,LKUS_register,uniqueKey,9
0006,LKUS_register,userAgent,9
0006,LKUS_register,countryCode,9
0006,LKUS_register,reviewRepeat,9
0006,LKUS_register,cidOriginEnum,9
0006,LKUS_register,recaptchaV3Token,9
0006,LKUS_register,recaptchaV3Action,9
0006,LKUS_register,recaptchaV3Enabled,9
0006,LKUS_login,ip,21
0006,LKUS_login,app,17
0006,LKUS_login,cid,21
0006,LKUS_login,uid,21
0006,LKUS_login,phone,21
0006,LKUS_login,tenant,21
0006,LKUS_login,userNo,21
0006,LKUS_login,version,21
0006,LKUS_login,uniqueKey,21
0006,LKUS_login,userAgent,21
0006,LKUS_login,countryCode,21
0006,LKUS_login,reviewRepeat,19
0006,LKUS_login,cidOriginEnum,21
0006,LKUS_login,recaptchaV3Token,19
0006,LKUS_login,recaptchaV3Action,19
0006,LKUS_login,recaptchaV3Enabled,19
0006,LKUS_grant_new_user_coupon,ip,9
0006,LKUS_grant_new_user_coupon,app,7
0006,LKUS_grant_new_user_coupon,cid,9
0006,LKUS_grant_new_user_coupon,uid,9
0006,LKUS_grant_new_user_coupon,phone,9
0006,LKUS_grant_new_user_coupon,extend,9
0006,LKUS_grant_new_user_coupon,tenant,9
0006,LKUS_grant_new_user_coupon,userNo,9
0006,LKUS_grant_new_user_coupon,sceneId,9
0006,LKUS_grant_new_user_coupon,version,9
0006,LKUS_grant_new_user_coupon,uniqueKey,9
0006,LKUS_grant_new_user_coupon,userAgent,9
0006,LKUS_grant_new_user_coupon,countryCode,9
0006,LKUS_grant_new_user_coupon,reviewRepeat,9
0006,LKUS_grant_new_user_coupon,cidOriginEnum,9
0006,LKUS_grant_new_user_coupon,recaptchaV3Token,9
0006,LKUS_grant_new_user_coupon,recaptchaV3Action,9
0006,LKUS_grant_new_user_coupon,recaptchaV3Enabled,9
0006,LKUS_register,app,7
0006,LKUS_physical_order_cancel,ip,1
0006,LKUS_physical_order_cancel,app,1
0006,LKUS_physical_order_cancel,cid,1
0006,LKUS_physical_order_cancel,uid,1
0006,LKUS_physical_order_cancel,phone,1
0006,LKUS_physical_order_cancel,shopId,1
0006,LKUS_physical_order_cancel,tenant,1
0006,LKUS_physical_order_cancel,userNo,1
0006,LKUS_physical_order_cancel,isGuest,1
0006,LKUS_physical_order_cancel,orderNo,1
0006,LKUS_physical_order_cancel,version,1
0006,LKUS_physical_order_cancel,shopCity,1
0006,LKUS_physical_order_cancel,uniqueKey,1
0006,LKUS_physical_order_cancel,userAgent,1
0006,LKUS_physical_order_cancel,countryCode,1
0006,LKUS_physical_order_cancel,totalOfMade,1
0006,LKUS_physical_order_cancel,reviewRepeat,1
0006,LKUS_physical_order_cancel,cidOriginEnum,1
0006,LKUS_physical_order_cancel,cancelTypeEnum,1
0006,LKUS_physical_order_cancel,recaptchaV3Token,1
0006,LKUS_physical_order_cancel,recaptchaV3Action,1
0006,LKUS_physical_order_cancel,recaptchaV3Enabled,1
0006,LKUS_physical_order_create,packagingBagPrice,3
0006,LKUS_physical_order_create,packagingBagNumber,3
0006,LKUS_payment,packagingBagPrice,3
0006,LKUS_payment,packagingBagNumber,3
0006,LKUS_push,userNo,1
0007,LKUS_push,ip,42
0007,LKUS_push,app,33
0007,LKUS_push,cid,42
0007,LKUS_push,uid,42
0007,LKUS_push,phone,42
0007,LKUS_push,tenant,42
0007,LKUS_push,version,42
0007,LKUS_push,uniqueKey,42
0007,LKUS_push,userAgent,42
0007,LKUS_push,countryCode,42
0007,LKUS_push,reviewRepeat,36
0007,LKUS_push,cidOriginEnum,42
0007,LKUS_push,recaptchaV3Token,36
0007,LKUS_push,recaptchaV3Action,36
0007,LKUS_push,recaptchaV3Enabled,36
0007,LKUS_register,ip,8
0007,LKUS_register,app,7
0007,LKUS_register,cid,8
0007,LKUS_register,uid,8
0007,LKUS_register,phone,8
0007,LKUS_register,tenant,8
0007,LKUS_register,version,8
0007,LKUS_register,uniqueKey,8
0007,LKUS_register,userAgent,8
0007,LKUS_register,countryCode,8
0007,LKUS_register,reviewRepeat,8
0007,LKUS_register,cidOriginEnum,8
0007,LKUS_register,recaptchaV3Token,8
0007,LKUS_register,recaptchaV3Action,8
0007,LKUS_register,recaptchaV3Enabled,8
0007,LKUS_payment,ip,102
0007,LKUS_payment,app,88
0007,LKUS_payment,cid,102
0007,LKUS_payment,uid,102
0007,LKUS_payment,phone,91
0007,LKUS_payment,shopId,102
0007,LKUS_payment,tenant,102
0007,LKUS_payment,userNo,102
0007,LKUS_payment,isGuest,102
0007,LKUS_payment,orderNo,102
0007,LKUS_payment,payType,102
0007,LKUS_payment,version,102
0007,LKUS_payment,payMoney,102
0007,LKUS_payment,orderType,102
0007,LKUS_payment,taxAmount,102
0007,LKUS_payment,uniqueKey,102
0007,LKUS_payment,userAgent,102
0007,LKUS_payment,orderPrice,102
0007,LKUS_payment,countryCode,91
0007,LKUS_payment,reviewRepeat,87
0007,LKUS_payment,cidOriginEnum,102
0007,LKUS_payment,isTaxRequired,102
0007,LKUS_payment,orderProducts,102
0007,LKUS_payment,recaptchaV3Token,87
0007,LKUS_payment,recaptchaV3Action,87
0007,LKUS_payment,recaptchaV3Enabled,87
0007,LKUS_payment,packageOrderProducts,102
0007,LKUS_physical_order_create,ip,106
0007,LKUS_physical_order_create,app,92
0007,LKUS_physical_order_create,cid,106
0007,LKUS_physical_order_create,uid,106
0007,LKUS_physical_order_create,phone,95
0007,LKUS_physical_order_create,shopId,106
0007,LKUS_physical_order_create,tenant,106
0007,LKUS_physical_order_create,userNo,106
0007,LKUS_physical_order_create,isGuest,106
0007,LKUS_physical_order_create,version,106
0007,LKUS_physical_order_create,latitude,95
0007,LKUS_physical_order_create,longitude,95
0007,LKUS_physical_order_create,orderType,106
0007,LKUS_physical_order_create,taxAmount,106
0007,LKUS_physical_order_create,uniqueKey,106
0007,LKUS_physical_order_create,userAgent,106
0007,LKUS_physical_order_create,couponList,106
0007,LKUS_physical_order_create,orderPrice,104
0007,LKUS_physical_order_create,countryCode,106
0007,LKUS_physical_order_create,shopAddress,106
0007,LKUS_physical_order_create,reviewRepeat,91
0007,LKUS_physical_order_create,shopCityName,106
0007,LKUS_physical_order_create,shopLatitude,106
0007,LKUS_physical_order_create,cidOriginEnum,106
0007,LKUS_physical_order_create,isTaxRequired,106
0007,LKUS_physical_order_create,orderProducts,106
0007,LKUS_physical_order_create,productAmount,106
0007,LKUS_physical_order_create,shopLongitude,106
0007,LKUS_physical_order_create,coffeeStoreList,106
0007,LKUS_physical_order_create,recaptchaV3Token,91
0007,LKUS_physical_order_create,recaptchaV3Action,91
0007,LKUS_physical_order_create,recaptchaV3Enabled,91
0007,LKUS_physical_order_create,packageOrderProducts,106
0007,LKUS_login,ip,22
0007,LKUS_login,app,16
0007,LKUS_login,cid,22
0007,LKUS_login,uid,22
0007,LKUS_login,phone,22
0007,LKUS_login,tenant,22
0007,LKUS_login,userNo,22
0007,LKUS_login,version,22
0007,LKUS_login,uniqueKey,22
0007,LKUS_login,userAgent,22
0007,LKUS_login,countryCode,22
0007,LKUS_login,reviewRepeat,21
0007,LKUS_login,cidOriginEnum,22
0007,LKUS_login,recaptchaV3Token,21
0007,LKUS_login,recaptchaV3Action,21
0007,LKUS_login,recaptchaV3Enabled,21
0007,LKUS_grant_new_user_coupon,ip,10
0007,LKUS_grant_new_user_coupon,app,7
0007,LKUS_grant_new_user_coupon,cid,10
0007,LKUS_grant_new_user_coupon,uid,10
0007,LKUS_grant_new_user_coupon,phone,10
0007,LKUS_grant_new_user_coupon,extend,10
0007,LKUS_grant_new_user_coupon,tenant,10
0007,LKUS_grant_new_user_coupon,userNo,10
0007,LKUS_grant_new_user_coupon,sceneId,10
0007,LKUS_grant_new_user_coupon,version,10
0007,LKUS_grant_new_user_coupon,uniqueKey,10
0007,LKUS_grant_new_user_coupon,userAgent,10
0007,LKUS_grant_new_user_coupon,countryCode,10
0007,LKUS_grant_new_user_coupon,reviewRepeat,10
0007,LKUS_grant_new_user_coupon,cidOriginEnum,10
0007,LKUS_grant_new_user_coupon,recaptchaV3Token,10
0007,LKUS_grant_new_user_coupon,recaptchaV3Action,10
0007,LKUS_grant_new_user_coupon,recaptchaV3Enabled,10
0007,LKUS_physical_order_create,did,11
0007,LKUS_physical_order_create,blackBox,11
0007,LKUS_physical_order_create,deviceId,11
0007,LKUS_physical_order_cancel,ip,4
0007,LKUS_physical_order_cancel,app,4
0007,LKUS_physical_order_cancel,cid,4
0007,LKUS_physical_order_cancel,uid,4
0007,LKUS_physical_order_cancel,phone,4
0007,LKUS_physical_order_cancel,shopId,4
0007,LKUS_physical_order_cancel,tenant,4
0007,LKUS_physical_order_cancel,userNo,4
0007,LKUS_physical_order_cancel,isGuest,4
0007,LKUS_physical_order_cancel,orderNo,4
0007,LKUS_physical_order_cancel,version,4
0007,LKUS_physical_order_cancel,shopCity,4
0007,LKUS_physical_order_cancel,uniqueKey,4
0007,LKUS_physical_order_cancel,userAgent,4
0007,LKUS_physical_order_cancel,countryCode,4
0007,LKUS_physical_order_cancel,totalOfMade,4
0007,LKUS_physical_order_cancel,reviewRepeat,4
0007,LKUS_physical_order_cancel,cidOriginEnum,4
0007,LKUS_physical_order_cancel,cancelTypeEnum,4
0007,LKUS_physical_order_cancel,recaptchaV3Token,4
0007,LKUS_physical_order_cancel,recaptchaV3Action,4
0007,LKUS_physical_order_cancel,recaptchaV3Enabled,4
0007,LKUS_push,userNo,2
0008,LKUS_push,ip,32
0008,LKUS_push,app,30
0008,LKUS_push,cid,32
0008,LKUS_push,uid,32
0008,LKUS_push,phone,32
0008,LKUS_push,tenant,32
0008,LKUS_push,version,32
0008,LKUS_push,uniqueKey,32
0008,LKUS_push,userAgent,32
0008,LKUS_push,countryCode,32
0008,LKUS_push,reviewRepeat,30
0008,LKUS_push,cidOriginEnum,32
0008,LKUS_push,recaptchaV3Token,30
0008,LKUS_push,recaptchaV3Action,30
0008,LKUS_push,recaptchaV3Enabled,30
0008,LKUS_physical_order_create,ip,95
0008,LKUS_physical_order_create,app,80
0008,LKUS_physical_order_create,cid,95
0008,LKUS_physical_order_create,uid,95
0008,LKUS_physical_order_create,phone,81
0008,LKUS_physical_order_create,shopId,95
0008,LKUS_physical_order_create,tenant,95
0008,LKUS_physical_order_create,userNo,95
0008,LKUS_physical_order_create,isGuest,95
0008,LKUS_physical_order_create,version,95
0008,LKUS_physical_order_create,latitude,81
0008,LKUS_physical_order_create,longitude,81
0008,LKUS_physical_order_create,orderType,95
0008,LKUS_physical_order_create,taxAmount,95
0008,LKUS_physical_order_create,uniqueKey,95
0008,LKUS_physical_order_create,userAgent,95
0008,LKUS_physical_order_create,couponList,95
0008,LKUS_physical_order_create,orderPrice,95
0008,LKUS_physical_order_create,countryCode,95
0008,LKUS_physical_order_create,shopAddress,95
0008,LKUS_physical_order_create,reviewRepeat,75
0008,LKUS_physical_order_create,shopCityName,95
0008,LKUS_physical_order_create,shopLatitude,95
0008,LKUS_physical_order_create,cidOriginEnum,95
0008,LKUS_physical_order_create,isTaxRequired,95
0008,LKUS_physical_order_create,orderProducts,95
0008,LKUS_physical_order_create,productAmount,95
0008,LKUS_physical_order_create,shopLongitude,95
0008,LKUS_physical_order_create,coffeeStoreList,95
0008,LKUS_physical_order_create,recaptchaV3Token,75
0008,LKUS_physical_order_create,recaptchaV3Action,75
0008,LKUS_physical_order_create,recaptchaV3Enabled,75
0008,LKUS_physical_order_create,packageOrderProducts,95
0008,LKUS_payment,ip,93
0008,LKUS_payment,app,78
0008,LKUS_payment,cid,93
0008,LKUS_payment,uid,93
0008,LKUS_payment,phone,79
0008,LKUS_payment,shopId,93
0008,LKUS_payment,tenant,93
0008,LKUS_payment,userNo,93
0008,LKUS_payment,isGuest,93
0008,LKUS_payment,orderNo,93
0008,LKUS_payment,payType,93
0008,LKUS_payment,version,93
0008,LKUS_payment,payMoney,93
0008,LKUS_payment,orderType,93
0008,LKUS_payment,taxAmount,93
0008,LKUS_payment,uniqueKey,93
0008,LKUS_payment,userAgent,93
0008,LKUS_payment,orderPrice,93
0008,LKUS_payment,countryCode,79
0008,LKUS_payment,reviewRepeat,73
0008,LKUS_payment,cidOriginEnum,93
0008,LKUS_payment,isTaxRequired,93
0008,LKUS_payment,orderProducts,93
0008,LKUS_payment,recaptchaV3Token,73
0008,LKUS_payment,recaptchaV3Action,73
0008,LKUS_payment,recaptchaV3Enabled,73
0008,LKUS_payment,packageOrderProducts,93
0008,LKUS_register,ip,11
0008,LKUS_register,app,9
0008,LKUS_register,cid,11
0008,LKUS_register,uid,11
0008,LKUS_register,phone,11
0008,LKUS_register,tenant,11
0008,LKUS_register,version,11
0008,LKUS_register,uniqueKey,11
0008,LKUS_register,userAgent,11
0008,LKUS_register,countryCode,11
0008,LKUS_register,reviewRepeat,11
0008,LKUS_register,cidOriginEnum,11
0008,LKUS_register,recaptchaV3Token,11
0008,LKUS_register,recaptchaV3Action,11
0008,LKUS_register,recaptchaV3Enabled,11
0008,LKUS_grant_new_user_coupon,ip,5
0008,LKUS_grant_new_user_coupon,app,5
0008,LKUS_grant_new_user_coupon,cid,5
0008,LKUS_grant_new_user_coupon,uid,5
0008,LKUS_grant_new_user_coupon,phone,5
0008,LKUS_grant_new_user_coupon,extend,5
0008,LKUS_grant_new_user_coupon,tenant,5
0008,LKUS_grant_new_user_coupon,userNo,5
0008,LKUS_grant_new_user_coupon,sceneId,5
0008,LKUS_grant_new_user_coupon,version,5
0008,LKUS_grant_new_user_coupon,uniqueKey,5
0008,LKUS_grant_new_user_coupon,userAgent,5
0008,LKUS_grant_new_user_coupon,countryCode,5
0008,LKUS_grant_new_user_coupon,reviewRepeat,5
0008,LKUS_grant_new_user_coupon,cidOriginEnum,5
0008,LKUS_grant_new_user_coupon,recaptchaV3Token,5
0008,LKUS_grant_new_user_coupon,recaptchaV3Action,5
0008,LKUS_grant_new_user_coupon,recaptchaV3Enabled,5
0008,LKUS_login,ip,9
0008,LKUS_login,app,8
0008,LKUS_login,cid,9
0008,LKUS_login,uid,9
0008,LKUS_login,phone,9
0008,LKUS_login,tenant,9
0008,LKUS_login,userNo,9
0008,LKUS_login,version,9
0008,LKUS_login,uniqueKey,9
0008,LKUS_login,userAgent,9
0008,LKUS_login,countryCode,9
0008,LKUS_login,reviewRepeat,8
0008,LKUS_login,cidOriginEnum,9
0008,LKUS_login,recaptchaV3Token,8
0008,LKUS_login,recaptchaV3Action,8
0008,LKUS_login,recaptchaV3Enabled,8
0008,LKUS_physical_order_create,did,14
0008,LKUS_physical_order_create,blackBox,14
0008,LKUS_physical_order_create,deviceId,14
0008,LKUS_payment,packagingBagPrice,1
0008,LKUS_payment,packagingBagNumber,1
0008,LKUS_physical_order_create,packagingBagPrice,1
0008,LKUS_physical_order_create,packagingBagNumber,1
0008,LKUS_physical_order_cancel,ip,1
0008,LKUS_physical_order_cancel,app,1
0008,LKUS_physical_order_cancel,cid,1
0008,LKUS_physical_order_cancel,uid,1
0008,LKUS_physical_order_cancel,phone,1
0008,LKUS_physical_order_cancel,shopId,1
0008,LKUS_physical_order_cancel,tenant,1
0008,LKUS_physical_order_cancel,userNo,1
0008,LKUS_physical_order_cancel,isGuest,1
0008,LKUS_physical_order_cancel,orderNo,1
0008,LKUS_physical_order_cancel,version,1
0008,LKUS_physical_order_cancel,shopCity,1
0008,LKUS_physical_order_cancel,uniqueKey,1
0008,LKUS_physical_order_cancel,userAgent,1
0008,LKUS_physical_order_cancel,countryCode,1
0008,LKUS_physical_order_cancel,totalOfMade,1
0008,LKUS_physical_order_cancel,reviewRepeat,1
0008,LKUS_physical_order_cancel,cidOriginEnum,1
0008,LKUS_physical_order_cancel,cancelTypeEnum,1
0008,LKUS_physical_order_cancel,recaptchaV3Token,1
0008,LKUS_physical_order_cancel,recaptchaV3Action,1
0008,LKUS_physical_order_cancel,recaptchaV3Enabled,1
0009,LKUS_push,ip,48
0009,LKUS_push,app,40
0009,LKUS_push,cid,48
0009,LKUS_push,uid,48
0009,LKUS_push,phone,48
0009,LKUS_push,tenant,48
0009,LKUS_push,version,48
0009,LKUS_push,uniqueKey,48
0009,LKUS_push,userAgent,48
0009,LKUS_push,countryCode,48
0009,LKUS_push,reviewRepeat,42
0009,LKUS_push,cidOriginEnum,48
0009,LKUS_push,recaptchaV3Token,42
0009,LKUS_push,recaptchaV3Action,42
0009,LKUS_push,recaptchaV3Enabled,42
0009,LKUS_physical_order_create,ip,81
0009,LKUS_physical_order_create,cid,81
0009,LKUS_physical_order_create,uid,81
0009,LKUS_physical_order_create,phone,70
0009,LKUS_physical_order_create,shopId,81
0009,LKUS_physical_order_create,tenant,81
0009,LKUS_physical_order_create,userNo,81
0009,LKUS_physical_order_create,isGuest,81
0009,LKUS_physical_order_create,version,81
0009,LKUS_physical_order_create,latitude,68
0009,LKUS_physical_order_create,longitude,68
0009,LKUS_physical_order_create,orderType,81
0009,LKUS_physical_order_create,taxAmount,81
0009,LKUS_physical_order_create,uniqueKey,81
0009,LKUS_physical_order_create,userAgent,81
0009,LKUS_physical_order_create,couponList,81
0009,LKUS_physical_order_create,orderPrice,80
0009,LKUS_physical_order_create,countryCode,81
0009,LKUS_physical_order_create,shopAddress,81
0009,LKUS_physical_order_create,reviewRepeat,64
0009,LKUS_physical_order_create,shopCityName,81
0009,LKUS_physical_order_create,shopLatitude,81
0009,LKUS_physical_order_create,cidOriginEnum,81
0009,LKUS_physical_order_create,isTaxRequired,81
0009,LKUS_physical_order_create,orderProducts,81
0009,LKUS_physical_order_create,productAmount,81
0009,LKUS_physical_order_create,shopLongitude,81
0009,LKUS_physical_order_create,coffeeStoreList,81
0009,LKUS_physical_order_create,recaptchaV3Token,64
0009,LKUS_physical_order_create,recaptchaV3Action,64
0009,LKUS_physical_order_create,recaptchaV3Enabled,64
0009,LKUS_physical_order_create,packageOrderProducts,81
0009,LKUS_payment,ip,83
0009,LKUS_payment,cid,83
0009,LKUS_payment,uid,83
0009,LKUS_payment,phone,70
0009,LKUS_payment,shopId,83
0009,LKUS_payment,tenant,83
0009,LKUS_payment,userNo,83
0009,LKUS_payment,isGuest,83
0009,LKUS_payment,orderNo,83
0009,LKUS_payment,payType,83
0009,LKUS_payment,version,83
0009,LKUS_payment,payMoney,83
0009,LKUS_payment,orderType,83
0009,LKUS_payment,taxAmount,83
0009,LKUS_payment,uniqueKey,83
0009,LKUS_payment,userAgent,83
0009,LKUS_payment,orderPrice,83
0009,LKUS_payment,countryCode,70
0009,LKUS_payment,reviewRepeat,64
0009,LKUS_payment,cidOriginEnum,83
0009,LKUS_payment,isTaxRequired,83
0009,LKUS_payment,orderProducts,83
0009,LKUS_payment,recaptchaV3Token,64
0009,LKUS_payment,recaptchaV3Action,64
0009,LKUS_payment,recaptchaV3Enabled,64
0009,LKUS_payment,packageOrderProducts,83
0009,LKUS_login,ip,18
0009,LKUS_login,app,13
0009,LKUS_login,cid,18
0009,LKUS_login,uid,18
0009,LKUS_login,phone,18
0009,LKUS_login,tenant,18
0009,LKUS_login,userNo,18
0009,LKUS_login,version,18
0009,LKUS_login,uniqueKey,18
0009,LKUS_login,userAgent,18
0009,LKUS_login,countryCode,18
0009,LKUS_login,reviewRepeat,16
0009,LKUS_login,cidOriginEnum,18
0009,LKUS_login,recaptchaV3Token,16
0009,LKUS_login,recaptchaV3Action,16
0009,LKUS_login,recaptchaV3Enabled,16
0009,LKUS_physical_order_create,app,67
0009,LKUS_payment,app,67
0009,LKUS_physical_order_create,did,13
0009,LKUS_physical_order_create,blackBox,13
0009,LKUS_physical_order_create,deviceId,13
0009,LKUS_register,ip,12
0009,LKUS_register,app,10
0009,LKUS_register,cid,12
0009,LKUS_register,uid,12
0009,LKUS_register,phone,12
0009,LKUS_register,tenant,12
0009,LKUS_register,version,12
0009,LKUS_register,uniqueKey,12
0009,LKUS_register,userAgent,12
0009,LKUS_register,countryCode,12
0009,LKUS_register,reviewRepeat,12
0009,LKUS_register,cidOriginEnum,12
0009,LKUS_register,recaptchaV3Token,12
0009,LKUS_register,recaptchaV3Action,12
0009,LKUS_register,recaptchaV3Enabled,12
0009,LKUS_push,email,2
0009,LKUS_push,userNo,4
0009,LKUS_grant_new_user_coupon,ip,6
0009,LKUS_grant_new_user_coupon,cid,6
0009,LKUS_grant_new_user_coupon,uid,6
0009,LKUS_grant_new_user_coupon,phone,6
0009,LKUS_grant_new_user_coupon,extend,6
0009,LKUS_grant_new_user_coupon,tenant,6
0009,LKUS_grant_new_user_coupon,userNo,6
0009,LKUS_grant_new_user_coupon,sceneId,6
0009,LKUS_grant_new_user_coupon,version,6
0009,LKUS_grant_new_user_coupon,uniqueKey,6
0009,LKUS_grant_new_user_coupon,userAgent,6
0009,LKUS_grant_new_user_coupon,countryCode,6
0009,LKUS_grant_new_user_coupon,reviewRepeat,6
0009,LKUS_grant_new_user_coupon,cidOriginEnum,6
0009,LKUS_grant_new_user_coupon,recaptchaV3Token,6
0009,LKUS_grant_new_user_coupon,recaptchaV3Action,6
0009,LKUS_grant_new_user_coupon,recaptchaV3Enabled,6
0009,LKUS_physical_order_create,packagingBagPrice,2
0009,LKUS_physical_order_create,packagingBagNumber,2
0009,LKUS_payment,packagingBagPrice,2
0009,LKUS_payment,packagingBagNumber,2
0009,LKUS_grant_new_user_coupon,app,4
0009,LKUS_physical_order_cancel,ip,1
0009,LKUS_physical_order_cancel,app,1
0009,LKUS_physical_order_cancel,cid,1
0009,LKUS_physical_order_cancel,uid,1
0009,LKUS_physical_order_cancel,phone,1
0009,LKUS_physical_order_cancel,shopId,1
0009,LKUS_physical_order_cancel,tenant,1
0009,LKUS_physical_order_cancel,userNo,1
0009,LKUS_physical_order_cancel,isGuest,1
0009,LKUS_physical_order_cancel,orderNo,1
0009,LKUS_physical_order_cancel,version,1
0009,LKUS_physical_order_cancel,shopCity,1
0009,LKUS_physical_order_cancel,uniqueKey,1
0009,LKUS_physical_order_cancel,userAgent,1
0009,LKUS_physical_order_cancel,countryCode,1
0009,LKUS_physical_order_cancel,totalOfMade,1
0009,LKUS_physical_order_cancel,reviewRepeat,1
0009,LKUS_physical_order_cancel,cidOriginEnum,1
0009,LKUS_physical_order_cancel,cancelTypeEnum,1
0009,LKUS_physical_order_cancel,recaptchaV3Token,1
0009,LKUS_physical_order_cancel,recaptchaV3Action,1
0009,LKUS_physical_order_cancel,recaptchaV3Enabled,1
0010,LKUS_push,ip,48
0010,LKUS_push,app,40
0010,LKUS_push,cid,48
0010,LKUS_push,uid,48
0010,LKUS_push,phone,48
0010,LKUS_push,tenant,48
0010,LKUS_push,version,48
0010,LKUS_push,uniqueKey,48
0010,LKUS_push,userAgent,48
0010,LKUS_push,countryCode,48
0010,LKUS_push,reviewRepeat,46
0010,LKUS_push,cidOriginEnum,48
0010,LKUS_push,recaptchaV3Token,45
0010,LKUS_push,recaptchaV3Action,45
0010,LKUS_push,recaptchaV3Enabled,46
0010,LKUS_physical_order_create,ip,94
0010,LKUS_physical_order_create,app,76
0010,LKUS_physical_order_create,cid,94
0010,LKUS_physical_order_create,uid,94
0010,LKUS_physical_order_create,phone,78
0010,LKUS_physical_order_create,shopId,94
0010,LKUS_physical_order_create,tenant,94
0010,LKUS_physical_order_create,userNo,94
0010,LKUS_physical_order_create,isGuest,94
0010,LKUS_physical_order_create,version,94
0010,LKUS_physical_order_create,latitude,77
0010,LKUS_physical_order_create,longitude,77
0010,LKUS_physical_order_create,orderType,94
0010,LKUS_physical_order_create,taxAmount,94
0010,LKUS_physical_order_create,uniqueKey,94
0010,LKUS_physical_order_create,userAgent,94
0010,LKUS_physical_order_create,couponList,94
0010,LKUS_physical_order_create,orderPrice,92
0010,LKUS_physical_order_create,countryCode,94
0010,LKUS_physical_order_create,shopAddress,94
0010,LKUS_physical_order_create,reviewRepeat,74
0010,LKUS_physical_order_create,shopCityName,94
0010,LKUS_physical_order_create,shopLatitude,94
0010,LKUS_physical_order_create,cidOriginEnum,94
0010,LKUS_physical_order_create,isTaxRequired,94
0010,LKUS_physical_order_create,orderProducts,94
0010,LKUS_physical_order_create,productAmount,94
0010,LKUS_physical_order_create,shopLongitude,94
0010,LKUS_physical_order_create,coffeeStoreList,94
0010,LKUS_physical_order_create,recaptchaV3Token,74
0010,LKUS_physical_order_create,recaptchaV3Action,74
0010,LKUS_physical_order_create,recaptchaV3Enabled,74
0010,LKUS_physical_order_create,packageOrderProducts,94
0010,LKUS_payment,ip,94
0010,LKUS_payment,app,76
0010,LKUS_payment,cid,94
0010,LKUS_payment,uid,94
0010,LKUS_payment,phone,77
0010,LKUS_payment,shopId,94
0010,LKUS_payment,tenant,94
0010,LKUS_payment,userNo,94
0010,LKUS_payment,isGuest,94
0010,LKUS_payment,orderNo,94
0010,LKUS_payment,payType,94
0010,LKUS_payment,version,94
0010,LKUS_payment,payMoney,94
0010,LKUS_payment,orderType,94
0010,LKUS_payment,taxAmount,94
0010,LKUS_payment,uniqueKey,94
0010,LKUS_payment,userAgent,94
0010,LKUS_payment,orderPrice,94
0010,LKUS_payment,countryCode,77
0010,LKUS_payment,reviewRepeat,74
0010,LKUS_payment,cidOriginEnum,94
0010,LKUS_payment,isTaxRequired,94
0010,LKUS_payment,orderProducts,94
0010,LKUS_payment,recaptchaV3Token,74
0010,LKUS_payment,recaptchaV3Action,74
0010,LKUS_payment,recaptchaV3Enabled,74
0010,LKUS_payment,packageOrderProducts,94
0010,LKUS_physical_order_create,did,17
0010,LKUS_physical_order_create,blackBox,17
0010,LKUS_physical_order_create,deviceId,17
0010,LKUS_register,ip,11
0010,LKUS_register,app,9
0010,LKUS_register,cid,11
0010,LKUS_register,uid,11
0010,LKUS_register,phone,11
0010,LKUS_register,tenant,11
0010,LKUS_register,version,11
0010,LKUS_register,uniqueKey,11
0010,LKUS_register,userAgent,11
0010,LKUS_register,countryCode,11
0010,LKUS_register,reviewRepeat,10
0010,LKUS_register,cidOriginEnum,11
0010,LKUS_register,recaptchaV3Token,10
0010,LKUS_register,recaptchaV3Action,10
0010,LKUS_register,recaptchaV3Enabled,10
0010,LKUS_login,ip,14
0010,LKUS_login,cid,14
0010,LKUS_login,uid,14
0010,LKUS_login,phone,14
0010,LKUS_login,tenant,14
0010,LKUS_login,userNo,14
0010,LKUS_login,version,14
0010,LKUS_login,uniqueKey,14
0010,LKUS_login,userAgent,14
0010,LKUS_login,countryCode,14
0010,LKUS_login,cidOriginEnum,14
0010,LKUS_login,app,12
0010,LKUS_login,reviewRepeat,12
0010,LKUS_login,recaptchaV3Token,12
0010,LKUS_login,recaptchaV3Action,12
0010,LKUS_login,recaptchaV3Enabled,12
0010,LKUS_grant_new_user_coupon,ip,8
0010,LKUS_grant_new_user_coupon,app,8
0010,LKUS_grant_new_user_coupon,cid,8
0010,LKUS_grant_new_user_coupon,uid,8
0010,LKUS_grant_new_user_coupon,phone,8
0010,LKUS_grant_new_user_coupon,extend,8
0010,LKUS_grant_new_user_coupon,tenant,8
0010,LKUS_grant_new_user_coupon,userNo,8
0010,LKUS_grant_new_user_coupon,sceneId,8
0010,LKUS_grant_new_user_coupon,version,8
0010,LKUS_grant_new_user_coupon,uniqueKey,8
0010,LKUS_grant_new_user_coupon,userAgent,8
0010,LKUS_grant_new_user_coupon,countryCode,8
0010,LKUS_grant_new_user_coupon,reviewRepeat,8
0010,LKUS_grant_new_user_coupon,cidOriginEnum,8
0010,LKUS_grant_new_user_coupon,recaptchaV3Token,8
0010,LKUS_grant_new_user_coupon,recaptchaV3Action,8
0010,LKUS_grant_new_user_coupon,recaptchaV3Enabled,8
0010,LKUS_push,userNo,2
0010,LKUS_physical_order_create,packagingBagPrice,1
0010,LKUS_physical_order_create,packagingBagNumber,1
0010,LKUS_payment,packagingBagPrice,1
0010,LKUS_payment,packagingBagNumber,1
0010,LKUS_captcha,ip,1
0010,LKUS_captcha,cid,1
0010,LKUS_captcha,uid,1
0010,LKUS_captcha,event,1
0010,LKUS_captcha,phone,1
0010,LKUS_captcha,tenant,1
0010,LKUS_captcha,isGuest,1
0010,LKUS_captcha,version,1
0010,LKUS_captcha,uniqueKey,1
0010,LKUS_captcha,userAgent,1
0010,LKUS_captcha,countryCode,1
0010,LKUS_captcha,reviewRepeat,1
0010,LKUS_captcha,cidOriginEnum,1
0010,LKUS_captcha,verifyCodeType,1
0010,LKUS_captcha,recaptchaV3Token,1
0010,LKUS_captcha,verifyCodeParams,1
0010,LKUS_captcha,recaptchaV3Action,1
0011,LKUS_push,ip,59
0011,LKUS_push,app,53
0011,LKUS_push,cid,59
0011,LKUS_push,uid,59
0011,LKUS_push,phone,59
0011,LKUS_push,tenant,59
0011,LKUS_push,version,59
0011,LKUS_push,uniqueKey,59
0011,LKUS_push,userAgent,59
0011,LKUS_push,countryCode,59
0011,LKUS_push,reviewRepeat,55
0011,LKUS_push,cidOriginEnum,59
0011,LKUS_push,recaptchaV3Token,55
0011,LKUS_push,recaptchaV3Action,55
0011,LKUS_push,recaptchaV3Enabled,55
0011,LKUS_physical_order_create,ip,92
0011,LKUS_physical_order_create,app,82
0011,LKUS_physical_order_create,cid,92
0011,LKUS_physical_order_create,uid,92
0011,LKUS_physical_order_create,phone,83
0011,LKUS_physical_order_create,shopId,92
0011,LKUS_physical_order_create,tenant,92
0011,LKUS_physical_order_create,userNo,92
0011,LKUS_physical_order_create,isGuest,92
0011,LKUS_physical_order_create,version,92
0011,LKUS_physical_order_create,latitude,83
0011,LKUS_physical_order_create,longitude,83
0011,LKUS_physical_order_create,orderType,92
0011,LKUS_physical_order_create,taxAmount,92
0011,LKUS_physical_order_create,uniqueKey,92
0011,LKUS_physical_order_create,userAgent,92
0011,LKUS_physical_order_create,couponList,92
0011,LKUS_physical_order_create,orderPrice,92
0011,LKUS_physical_order_create,countryCode,92
0011,LKUS_physical_order_create,shopAddress,92
0011,LKUS_physical_order_create,reviewRepeat,77
0011,LKUS_physical_order_create,shopCityName,92
0011,LKUS_physical_order_create,shopLatitude,92
0011,LKUS_physical_order_create,cidOriginEnum,92
0011,LKUS_physical_order_create,isTaxRequired,92
0011,LKUS_physical_order_create,orderProducts,92
0011,LKUS_physical_order_create,productAmount,92
0011,LKUS_physical_order_create,shopLongitude,92
0011,LKUS_physical_order_create,coffeeStoreList,92
0011,LKUS_physical_order_create,recaptchaV3Token,77
0011,LKUS_physical_order_create,recaptchaV3Action,77
0011,LKUS_physical_order_create,recaptchaV3Enabled,77
0011,LKUS_physical_order_create,packageOrderProducts,92
0011,LKUS_payment,ip,91
0011,LKUS_payment,app,81
0011,LKUS_payment,cid,91
0011,LKUS_payment,uid,91
0011,LKUS_payment,phone,82
0011,LKUS_payment,shopId,91
0011,LKUS_payment,tenant,91
0011,LKUS_payment,userNo,91
0011,LKUS_payment,isGuest,91
0011,LKUS_payment,orderNo,91
0011,LKUS_payment,payType,91
0011,LKUS_payment,version,91
0011,LKUS_payment,payMoney,91
0011,LKUS_payment,orderType,91
0011,LKUS_payment,taxAmount,91
0011,LKUS_payment,uniqueKey,91
0011,LKUS_payment,userAgent,91
0011,LKUS_payment,orderPrice,91
0011,LKUS_payment,countryCode,82
0011,LKUS_payment,reviewRepeat,76
0011,LKUS_payment,cidOriginEnum,91
0011,LKUS_payment,isTaxRequired,91
0011,LKUS_payment,orderProducts,91
0011,LKUS_payment,recaptchaV3Token,76
0011,LKUS_payment,recaptchaV3Action,76
0011,LKUS_payment,recaptchaV3Enabled,76
0011,LKUS_payment,packageOrderProducts,91
0011,LKUS_login,ip,14
0011,LKUS_login,app,12
0011,LKUS_login,cid,14
0011,LKUS_login,uid,14
0011,LKUS_login,phone,14
0011,LKUS_login,tenant,14
0011,LKUS_login,userNo,14
0011,LKUS_login,version,14
0011,LKUS_login,uniqueKey,14
0011,LKUS_login,userAgent,14
0011,LKUS_login,countryCode,14
0011,LKUS_login,reviewRepeat,14
0011,LKUS_login,cidOriginEnum,14
0011,LKUS_login,recaptchaV3Token,14
0011,LKUS_login,recaptchaV3Action,14
0011,LKUS_login,recaptchaV3Enabled,14
0011,LKUS_physical_order_create,packagingBagPrice,2
0011,LKUS_physical_order_create,packagingBagNumber,2
0011,LKUS_payment,packagingBagPrice,2
0011,LKUS_payment,packagingBagNumber,2
0011,LKUS_physical_order_create,did,9
0011,LKUS_physical_order_create,blackBox,9
0011,LKUS_physical_order_create,deviceId,9
0011,LKUS_push,userNo,4
0011,LKUS_physical_order_cancel,ip,2
0011,LKUS_physical_order_cancel,app,2
0011,LKUS_physical_order_cancel,cid,2
0011,LKUS_physical_order_cancel,uid,2
0011,LKUS_physical_order_cancel,phone,2
0011,LKUS_physical_order_cancel,shopId,2
0011,LKUS_physical_order_cancel,tenant,2
0011,LKUS_physical_order_cancel,userNo,2
0011,LKUS_physical_order_cancel,isGuest,2
0011,LKUS_physical_order_cancel,orderNo,2
0011,LKUS_physical_order_cancel,version,2
0011,LKUS_physical_order_cancel,shopCity,2
0011,LKUS_physical_order_cancel,uniqueKey,2
0011,LKUS_physical_order_cancel,userAgent,2
0011,LKUS_physical_order_cancel,countryCode,2
0011,LKUS_physical_order_cancel,totalOfMade,2
0011,LKUS_physical_order_cancel,reviewRepeat,2
0011,LKUS_physical_order_cancel,cidOriginEnum,2
0011,LKUS_physical_order_cancel,cancelTypeEnum,2
0011,LKUS_physical_order_cancel,recaptchaV3Token,2
0011,LKUS_physical_order_cancel,recaptchaV3Action,2
0011,LKUS_physical_order_cancel,recaptchaV3Enabled,2
0011,LKUS_register,ip,8
0011,LKUS_register,app,6
0011,LKUS_register,cid,8
0011,LKUS_register,uid,8
0011,LKUS_register,phone,8
0011,LKUS_register,tenant,8
0011,LKUS_register,version,8
0011,LKUS_register,uniqueKey,8
0011,LKUS_register,userAgent,8
0011,LKUS_register,countryCode,8
0011,LKUS_register,reviewRepeat,8
0011,LKUS_register,cidOriginEnum,8
0011,LKUS_register,recaptchaV3Token,8
0011,LKUS_register,recaptchaV3Action,8
0011,LKUS_register,recaptchaV3Enabled,8
0011,LKUS_grant_new_user_coupon,ip,9
0011,LKUS_grant_new_user_coupon,app,8
0011,LKUS_grant_new_user_coupon,cid,9
0011,LKUS_grant_new_user_coupon,uid,9
0011,LKUS_grant_new_user_coupon,phone,9
0011,LKUS_grant_new_user_coupon,extend,9
0011,LKUS_grant_new_user_coupon,tenant,9
0011,LKUS_grant_new_user_coupon,userNo,9
0011,LKUS_grant_new_user_coupon,sceneId,9
0011,LKUS_grant_new_user_coupon,version,9
0011,LKUS_grant_new_user_coupon,uniqueKey,9
0011,LKUS_grant_new_user_coupon,userAgent,9
0011,LKUS_grant_new_user_coupon,countryCode,9
0011,LKUS_grant_new_user_coupon,reviewRepeat,9
0011,LKUS_grant_new_user_coupon,cidOriginEnum,9
0011,LKUS_grant_new_user_coupon,recaptchaV3Token,9
0011,LKUS_grant_new_user_coupon,recaptchaV3Action,9
0011,LKUS_grant_new_user_coupon,recaptchaV3Enabled,9
0011,LKUS_push,email,1
0012,LKUS_push,ip,75
0012,LKUS_push,app,73
0012,LKUS_push,cid,75
0012,LKUS_push,uid,75
0012,LKUS_push,phone,75
0012,LKUS_push,tenant,75
0012,LKUS_push,version,75
0012,LKUS_push,uniqueKey,75
0012,LKUS_push,userAgent,75
0012,LKUS_push,countryCode,75
0012,LKUS_push,reviewRepeat,73
0012,LKUS_push,cidOriginEnum,75
0012,LKUS_push,recaptchaV3Token,73
0012,LKUS_push,recaptchaV3Action,73
0012,LKUS_push,recaptchaV3Enabled,73
0012,LKUS_physical_order_create,ip,98
0012,LKUS_physical_order_create,app,78
0012,LKUS_physical_order_create,cid,98
0012,LKUS_physical_order_create,uid,98
0012,LKUS_physical_order_create,phone,83
0012,LKUS_physical_order_create,shopId,98
0012,LKUS_physical_order_create,tenant,98
0012,LKUS_physical_order_create,userNo,98
0012,LKUS_physical_order_create,isGuest,98
0012,LKUS_physical_order_create,version,98
0012,LKUS_physical_order_create,latitude,83
0012,LKUS_physical_order_create,longitude,83
0012,LKUS_physical_order_create,orderType,98
0012,LKUS_physical_order_create,taxAmount,98
0012,LKUS_physical_order_create,uniqueKey,98
0012,LKUS_physical_order_create,userAgent,98
0012,LKUS_physical_order_create,couponList,98
0012,LKUS_physical_order_create,orderPrice,98
0012,LKUS_physical_order_create,countryCode,98
0012,LKUS_physical_order_create,shopAddress,98
0012,LKUS_physical_order_create,reviewRepeat,78
0012,LKUS_physical_order_create,shopCityName,98
0012,LKUS_physical_order_create,shopLatitude,98
0012,LKUS_physical_order_create,cidOriginEnum,98
0012,LKUS_physical_order_create,isTaxRequired,98
0012,LKUS_physical_order_create,orderProducts,98
0012,LKUS_physical_order_create,productAmount,98
0012,LKUS_physical_order_create,shopLongitude,98
0012,LKUS_physical_order_create,coffeeStoreList,98
0012,LKUS_physical_order_create,recaptchaV3Token,78
0012,LKUS_physical_order_create,packagingBagPrice,2
0012,LKUS_physical_order_create,recaptchaV3Action,78
0012,LKUS_physical_order_create,packagingBagNumber,2
0012,LKUS_physical_order_create,recaptchaV3Enabled,78
0012,LKUS_physical_order_create,packageOrderProducts,98
0012,LKUS_payment,ip,99
0012,LKUS_payment,app,77
0012,LKUS_payment,cid,99
0012,LKUS_payment,uid,99
0012,LKUS_payment,phone,82
0012,LKUS_payment,shopId,99
0012,LKUS_payment,tenant,99
0012,LKUS_payment,userNo,99
0012,LKUS_payment,isGuest,99
0012,LKUS_payment,orderNo,99
0012,LKUS_payment,payType,99
0012,LKUS_payment,version,99
0012,LKUS_payment,payMoney,99
0012,LKUS_payment,orderType,99
0012,LKUS_payment,taxAmount,99
0012,LKUS_payment,uniqueKey,99
0012,LKUS_payment,userAgent,99
0012,LKUS_payment,orderPrice,99
0012,LKUS_payment,countryCode,82
0012,LKUS_payment,reviewRepeat,77
0012,LKUS_payment,cidOriginEnum,99
0012,LKUS_payment,isTaxRequired,99
0012,LKUS_payment,orderProducts,99
0012,LKUS_payment,recaptchaV3Token,76
0012,LKUS_payment,packagingBagPrice,2
0012,LKUS_payment,recaptchaV3Action,76
0012,LKUS_payment,packagingBagNumber,2
0012,LKUS_payment,recaptchaV3Enabled,77
0012,LKUS_payment,packageOrderProducts,99
0012,LKUS_login,ip,14
0012,LKUS_login,app,11
0012,LKUS_login,cid,14
0012,LKUS_login,uid,14
0012,LKUS_login,phone,14
0012,LKUS_login,tenant,14
0012,LKUS_login,userNo,14
0012,LKUS_login,version,14
0012,LKUS_login,uniqueKey,14
0012,LKUS_login,userAgent,14
0012,LKUS_login,countryCode,14
0012,LKUS_login,reviewRepeat,14
0012,LKUS_login,cidOriginEnum,14
0012,LKUS_login,recaptchaV3Token,14
0012,LKUS_login,recaptchaV3Action,14
0012,LKUS_login,recaptchaV3Enabled,14
0012,LKUS_register,ip,10
0012,LKUS_register,app,9
0012,LKUS_register,cid,10
0012,LKUS_register,uid,10
0012,LKUS_register,phone,10
0012,LKUS_register,tenant,10
0012,LKUS_register,version,10
0012,LKUS_register,uniqueKey,10
0012,LKUS_register,userAgent,10
0012,LKUS_register,countryCode,10
0012,LKUS_register,reviewRepeat,9
0012,LKUS_register,cidOriginEnum,10
0012,LKUS_register,recaptchaV3Token,9
0012,LKUS_register,recaptchaV3Action,9
0012,LKUS_register,recaptchaV3Enabled,9
0012,LKUS_physical_order_create,did,15
0012,LKUS_physical_order_create,blackBox,15
0012,LKUS_physical_order_create,deviceId,15
0012,LKUS_grant_new_user_coupon,ip,7
0012,LKUS_grant_new_user_coupon,app,7
0012,LKUS_grant_new_user_coupon,cid,7
0012,LKUS_grant_new_user_coupon,uid,7
0012,LKUS_grant_new_user_coupon,phone,7
0012,LKUS_grant_new_user_coupon,extend,7
0012,LKUS_grant_new_user_coupon,tenant,7
0012,LKUS_grant_new_user_coupon,userNo,7
0012,LKUS_grant_new_user_coupon,sceneId,7
0012,LKUS_grant_new_user_coupon,version,7
0012,LKUS_grant_new_user_coupon,uniqueKey,7
0012,LKUS_grant_new_user_coupon,userAgent,7
0012,LKUS_grant_new_user_coupon,countryCode,7
0012,LKUS_grant_new_user_coupon,reviewRepeat,7
0012,LKUS_grant_new_user_coupon,cidOriginEnum,7
0012,LKUS_grant_new_user_coupon,recaptchaV3Token,7
0012,LKUS_grant_new_user_coupon,recaptchaV3Action,7
0012,LKUS_grant_new_user_coupon,recaptchaV3Enabled,7
0012,LKUS_physical_order_cancel,ip,1
0012,LKUS_physical_order_cancel,app,1
0012,LKUS_physical_order_cancel,cid,1
0012,LKUS_physical_order_cancel,uid,1
0012,LKUS_physical_order_cancel,phone,1
0012,LKUS_physical_order_cancel,shopId,1
0012,LKUS_physical_order_cancel,tenant,1
0012,LKUS_physical_order_cancel,userNo,1
0012,LKUS_physical_order_cancel,isGuest,1
0012,LKUS_physical_order_cancel,orderNo,1
0012,LKUS_physical_order_cancel,version,1
0012,LKUS_physical_order_cancel,shopCity,1
0012,LKUS_physical_order_cancel,uniqueKey,1
0012,LKUS_physical_order_cancel,userAgent,1
0012,LKUS_physical_order_cancel,countryCode,1
0012,LKUS_physical_order_cancel,totalOfMade,1
0012,LKUS_physical_order_cancel,reviewRepeat,1
0012,LKUS_physical_order_cancel,cidOriginEnum,1
0012,LKUS_physical_order_cancel,cancelTypeEnum,1
0012,LKUS_physical_order_cancel,recaptchaV3Token,1
0012,LKUS_physical_order_cancel,recaptchaV3Action,1
0012,LKUS_physical_order_cancel,recaptchaV3Enabled,1
0012,LKUS_push,userNo,2
0013,LKUS_push,ip,48
0013,LKUS_push,app,43
0013,LKUS_push,cid,48
0013,LKUS_push,uid,48
0013,LKUS_push,phone,48
0013,LKUS_push,tenant,48
0013,LKUS_push,version,48
0013,LKUS_push,uniqueKey,48
0013,LKUS_push,userAgent,48
0013,LKUS_push,countryCode,48
0013,LKUS_push,reviewRepeat,45
0013,LKUS_push,cidOriginEnum,48
0013,LKUS_push,recaptchaV3Token,45
0013,LKUS_push,recaptchaV3Action,45
0013,LKUS_push,recaptchaV3Enabled,45
0013,LKUS_login,ip,21
0013,LKUS_login,app,18
0013,LKUS_login,cid,21
0013,LKUS_login,uid,21
0013,LKUS_login,phone,21
0013,LKUS_login,tenant,21
0013,LKUS_login,userNo,21
0013,LKUS_login,version,21
0013,LKUS_login,uniqueKey,21
0013,LKUS_login,userAgent,21
0013,LKUS_login,countryCode,21
0013,LKUS_login,reviewRepeat,21
0013,LKUS_login,cidOriginEnum,21
0013,LKUS_login,recaptchaV3Token,21
0013,LKUS_login,recaptchaV3Action,21
0013,LKUS_login,recaptchaV3Enabled,21
0013,LKUS_grant_new_user_coupon,ip,13
0013,LKUS_grant_new_user_coupon,app,11
0013,LKUS_grant_new_user_coupon,cid,13
0013,LKUS_grant_new_user_coupon,uid,13
0013,LKUS_grant_new_user_coupon,phone,13
0013,LKUS_grant_new_user_coupon,extend,13
0013,LKUS_grant_new_user_coupon,tenant,13
0013,LKUS_grant_new_user_coupon,userNo,13
0013,LKUS_grant_new_user_coupon,sceneId,13
0013,LKUS_grant_new_user_coupon,version,13
0013,LKUS_grant_new_user_coupon,uniqueKey,13
0013,LKUS_grant_new_user_coupon,userAgent,13
0013,LKUS_grant_new_user_coupon,countryCode,13
0013,LKUS_grant_new_user_coupon,reviewRepeat,13
0013,LKUS_grant_new_user_coupon,cidOriginEnum,13
0013,LKUS_grant_new_user_coupon,recaptchaV3Token,13
0013,LKUS_grant_new_user_coupon,recaptchaV3Action,13
0013,LKUS_grant_new_user_coupon,recaptchaV3Enabled,13
0013,LKUS_register,ip,7
0013,LKUS_register,app,5
0013,LKUS_register,cid,7
0013,LKUS_register,uid,7
0013,LKUS_register,phone,7
0013,LKUS_register,tenant,7
0013,LKUS_register,version,7
0013,LKUS_register,uniqueKey,7
0013,LKUS_register,userAgent,7
0013,LKUS_register,countryCode,7
0013,LKUS_register,reviewRepeat,6
0013,LKUS_register,cidOriginEnum,7
0013,LKUS_register,recaptchaV3Token,6
0013,LKUS_register,recaptchaV3Action,6
0013,LKUS_register,recaptchaV3Enabled,6
0013,LKUS_physical_order_create,ip,114
0013,LKUS_physical_order_create,app,97
0013,LKUS_physical_order_create,cid,114
0013,LKUS_physical_order_create,uid,114
0013,LKUS_physical_order_create,phone,99
0013,LKUS_physical_order_create,shopId,114
0013,LKUS_physical_order_create,tenant,114
0013,LKUS_physical_order_create,userNo,114
0013,LKUS_physical_order_create,isGuest,114
0013,LKUS_physical_order_create,version,114
0013,LKUS_physical_order_create,latitude,100
0013,LKUS_physical_order_create,longitude,100
0013,LKUS_physical_order_create,orderType,114
0013,LKUS_physical_order_create,taxAmount,114
0013,LKUS_physical_order_create,uniqueKey,114
0013,LKUS_physical_order_create,userAgent,114
0013,LKUS_physical_order_create,couponList,114
0013,LKUS_physical_order_create,orderPrice,113
0013,LKUS_physical_order_create,countryCode,114
0013,LKUS_physical_order_create,shopAddress,114
0013,LKUS_physical_order_create,reviewRepeat,98
0013,LKUS_physical_order_create,shopCityName,114
0013,LKUS_physical_order_create,shopLatitude,114
0013,LKUS_physical_order_create,cidOriginEnum,114
0013,LKUS_physical_order_create,isTaxRequired,114
0013,LKUS_physical_order_create,orderProducts,114
0013,LKUS_physical_order_create,productAmount,114
0013,LKUS_physical_order_create,shopLongitude,114
0013,LKUS_physical_order_create,coffeeStoreList,114
0013,LKUS_physical_order_create,recaptchaV3Token,98
0013,LKUS_physical_order_create,recaptchaV3Action,98
0013,LKUS_physical_order_create,recaptchaV3Enabled,98
0013,LKUS_physical_order_create,packageOrderProducts,114
0013,LKUS_payment,ip,109
0013,LKUS_payment,app,92
0013,LKUS_payment,cid,109
0013,LKUS_payment,uid,109
0013,LKUS_payment,phone,94
0013,LKUS_payment,shopId,109
0013,LKUS_payment,tenant,109
0013,LKUS_payment,userNo,109
0013,LKUS_payment,isGuest,109
0013,LKUS_payment,orderNo,109
0013,LKUS_payment,payType,109
0013,LKUS_payment,version,109
0013,LKUS_payment,payMoney,109
0013,LKUS_payment,orderType,109
0013,LKUS_payment,taxAmount,109
0013,LKUS_payment,uniqueKey,109
0013,LKUS_payment,userAgent,109
0013,LKUS_payment,orderPrice,109
0013,LKUS_payment,countryCode,94
0013,LKUS_payment,reviewRepeat,93
0013,LKUS_payment,cidOriginEnum,109
0013,LKUS_payment,isTaxRequired,109
0013,LKUS_payment,orderProducts,109
0013,LKUS_payment,recaptchaV3Token,93
0013,LKUS_payment,recaptchaV3Action,93
0013,LKUS_payment,recaptchaV3Enabled,93
0013,LKUS_payment,packageOrderProducts,109
0013,LKUS_captcha,ip,1
0013,LKUS_captcha,cid,1
0013,LKUS_captcha,uid,1
0013,LKUS_captcha,event,1
0013,LKUS_captcha,phone,1
0013,LKUS_captcha,tenant,1
0013,LKUS_captcha,userNo,1
0013,LKUS_captcha,isGuest,1
0013,LKUS_captcha,version,1
0013,LKUS_captcha,uniqueKey,1
0013,LKUS_captcha,userAgent,1
0013,LKUS_captcha,countryCode,1
0013,LKUS_captcha,reviewRepeat,1
0013,LKUS_captcha,cidOriginEnum,1
0013,LKUS_captcha,verifyCodeType,1
0013,LKUS_captcha,recaptchaV3Token,1
0013,LKUS_captcha,verifyCodeParams,1
0013,LKUS_captcha,recaptchaV3Action,1
0013,LKUS_physical_order_create,did,14
0013,LKUS_physical_order_create,blackBox,14
0013,LKUS_physical_order_create,deviceId,14
0013,LKUS_physical_order_create,packagingBagPrice,4
0013,LKUS_physical_order_create,packagingBagNumber,4
0013,LKUS_payment,packagingBagPrice,4
0013,LKUS_payment,packagingBagNumber,4
0013,LKUS_push,userNo,3
0013,LKUS_physical_order_cancel,ip,2
0013,LKUS_physical_order_cancel,app,2
0013,LKUS_physical_order_cancel,cid,2
0013,LKUS_physical_order_cancel,uid,2
0013,LKUS_physical_order_cancel,phone,2
0013,LKUS_physical_order_cancel,shopId,2
0013,LKUS_physical_order_cancel,tenant,2
0013,LKUS_physical_order_cancel,userNo,2
0013,LKUS_physical_order_cancel,isGuest,2
0013,LKUS_physical_order_cancel,orderNo,2
0013,LKUS_physical_order_cancel,version,2
0013,LKUS_physical_order_cancel,shopCity,2
0013,LKUS_physical_order_cancel,uniqueKey,2
0013,LKUS_physical_order_cancel,userAgent,2
0013,LKUS_physical_order_cancel,countryCode,2
0013,LKUS_physical_order_cancel,totalOfMade,2
0013,LKUS_physical_order_cancel,reviewRepeat,2
0013,LKUS_physical_order_cancel,cidOriginEnum,2
0013,LKUS_physical_order_cancel,cancelTypeEnum,2
0013,LKUS_physical_order_cancel,recaptchaV3Token,2
0013,LKUS_physical_order_cancel,recaptchaV3Action,2
0013,LKUS_physical_order_cancel,recaptchaV3Enabled,2
0014,LKUS_push,ip,42
0014,LKUS_push,app,23
0014,LKUS_push,cid,42
0014,LKUS_push,uid,42
0014,LKUS_push,phone,42
0014,LKUS_push,tenant,42
0014,LKUS_push,version,42
0014,LKUS_push,uniqueKey,42
0014,LKUS_push,userAgent,42
0014,LKUS_push,countryCode,42
0014,LKUS_push,reviewRepeat,25
0014,LKUS_push,cidOriginEnum,42
0014,LKUS_push,recaptchaV3Token,25
0014,LKUS_push,recaptchaV3Action,25
0014,LKUS_push,recaptchaV3Enabled,25
0014,LKUS_login,ip,20
0014,LKUS_login,app,14
0014,LKUS_login,cid,20
0014,LKUS_login,uid,20
0014,LKUS_login,phone,20
0014,LKUS_login,tenant,20
0014,LKUS_login,userNo,20
0014,LKUS_login,version,20
0014,LKUS_login,uniqueKey,20
0014,LKUS_login,userAgent,20
0014,LKUS_login,countryCode,20
0014,LKUS_login,reviewRepeat,18
0014,LKUS_login,cidOriginEnum,20
0014,LKUS_login,recaptchaV3Token,18
0014,LKUS_login,recaptchaV3Action,18
0014,LKUS_login,recaptchaV3Enabled,18
0014,LKUS_physical_order_create,ip,89
0014,LKUS_physical_order_create,app,75
0014,LKUS_physical_order_create,cid,89
0014,LKUS_physical_order_create,uid,89
0014,LKUS_physical_order_create,phone,77
0014,LKUS_physical_order_create,shopId,89
0014,LKUS_physical_order_create,tenant,89
0014,LKUS_physical_order_create,userNo,89
0014,LKUS_physical_order_create,isGuest,89
0014,LKUS_physical_order_create,version,89
0014,LKUS_physical_order_create,latitude,77
0014,LKUS_physical_order_create,longitude,77
0014,LKUS_physical_order_create,orderType,89
0014,LKUS_physical_order_create,taxAmount,89
0014,LKUS_physical_order_create,uniqueKey,89
0014,LKUS_physical_order_create,userAgent,89
0014,LKUS_physical_order_create,couponList,89
0014,LKUS_physical_order_create,orderPrice,89
0014,LKUS_physical_order_create,countryCode,89
0014,LKUS_physical_order_create,shopAddress,89
0014,LKUS_physical_order_create,reviewRepeat,72
0014,LKUS_physical_order_create,shopCityName,89
0014,LKUS_physical_order_create,shopLatitude,89
0014,LKUS_physical_order_create,cidOriginEnum,89
0014,LKUS_physical_order_create,isTaxRequired,89
0014,LKUS_physical_order_create,orderProducts,89
0014,LKUS_physical_order_create,productAmount,89
0014,LKUS_physical_order_create,shopLongitude,89
0014,LKUS_physical_order_create,coffeeStoreList,89
0014,LKUS_physical_order_create,recaptchaV3Token,72
0014,LKUS_physical_order_create,recaptchaV3Action,72
0014,LKUS_physical_order_create,recaptchaV3Enabled,72
0014,LKUS_physical_order_create,packageOrderProducts,89
0014,LKUS_payment,ip,87
0014,LKUS_payment,app,73
0014,LKUS_payment,cid,87
0014,LKUS_payment,uid,87
0014,LKUS_payment,phone,75
0014,LKUS_payment,shopId,87
0014,LKUS_payment,tenant,87
0014,LKUS_payment,userNo,87
0014,LKUS_payment,isGuest,87
0014,LKUS_payment,orderNo,87
0014,LKUS_payment,payType,87
0014,LKUS_payment,version,87
0014,LKUS_payment,payMoney,87
0014,LKUS_payment,orderType,87
0014,LKUS_payment,taxAmount,87
0014,LKUS_payment,uniqueKey,87
0014,LKUS_payment,userAgent,87
0014,LKUS_payment,orderPrice,87
0014,LKUS_payment,countryCode,75
0014,LKUS_payment,reviewRepeat,70
0014,LKUS_payment,cidOriginEnum,87
0014,LKUS_payment,isTaxRequired,87
0014,LKUS_payment,orderProducts,87
0014,LKUS_payment,recaptchaV3Token,70
0014,LKUS_payment,recaptchaV3Action,70
0014,LKUS_payment,recaptchaV3Enabled,70
0014,LKUS_payment,packageOrderProducts,87
0014,LKUS_physical_order_create,did,12
0014,LKUS_physical_order_create,blackBox,12
0014,LKUS_physical_order_create,deviceId,12
0014,LKUS_register,ip,6
0014,LKUS_register,app,4
0014,LKUS_register,cid,6
0014,LKUS_register,uid,6
0014,LKUS_register,phone,6
0014,LKUS_register,tenant,6
0014,LKUS_register,version,6
0014,LKUS_register,uniqueKey,6
0014,LKUS_register,userAgent,6
0014,LKUS_register,countryCode,6
0014,LKUS_register,reviewRepeat,6
0014,LKUS_register,cidOriginEnum,6
0014,LKUS_register,recaptchaV3Token,6
0014,LKUS_register,recaptchaV3Action,6
0014,LKUS_register,recaptchaV3Enabled,6
0014,LKUS_push,userNo,1
0014,LKUS_grant_new_user_coupon,ip,8
0014,LKUS_grant_new_user_coupon,app,4
0014,LKUS_grant_new_user_coupon,cid,8
0014,LKUS_grant_new_user_coupon,uid,8
0014,LKUS_grant_new_user_coupon,phone,8
0014,LKUS_grant_new_user_coupon,extend,8
0014,LKUS_grant_new_user_coupon,tenant,8
0014,LKUS_grant_new_user_coupon,userNo,8
0014,LKUS_grant_new_user_coupon,sceneId,8
0014,LKUS_grant_new_user_coupon,version,8
0014,LKUS_grant_new_user_coupon,uniqueKey,8
0014,LKUS_grant_new_user_coupon,userAgent,8
0014,LKUS_grant_new_user_coupon,countryCode,8
0014,LKUS_grant_new_user_coupon,reviewRepeat,8
0014,LKUS_grant_new_user_coupon,cidOriginEnum,8
0014,LKUS_grant_new_user_coupon,recaptchaV3Token,8
0014,LKUS_grant_new_user_coupon,recaptchaV3Action,8
0014,LKUS_grant_new_user_coupon,recaptchaV3Enabled,8
0014,LKUS_physical_order_cancel,ip,2
0014,LKUS_physical_order_cancel,app,2
0014,LKUS_physical_order_cancel,cid,2
0014,LKUS_physical_order_cancel,uid,2
0014,LKUS_physical_order_cancel,phone,2
0014,LKUS_physical_order_cancel,shopId,2
0014,LKUS_physical_order_cancel,tenant,2
0014,LKUS_physical_order_cancel,userNo,2
0014,LKUS_physical_order_cancel,isGuest,2
0014,LKUS_physical_order_cancel,orderNo,2
0014,LKUS_physical_order_cancel,version,2
0014,LKUS_physical_order_cancel,shopCity,2
0014,LKUS_physical_order_cancel,uniqueKey,2
0014,LKUS_physical_order_cancel,userAgent,2
0014,LKUS_physical_order_cancel,countryCode,2
0014,LKUS_physical_order_cancel,totalOfMade,2
0014,LKUS_physical_order_cancel,reviewRepeat,2
0014,LKUS_physical_order_cancel,cidOriginEnum,2
0014,LKUS_physical_order_cancel,cancelTypeEnum,2
0014,LKUS_physical_order_cancel,recaptchaV3Token,2
0014,LKUS_physical_order_cancel,recaptchaV3Action,2
0014,LKUS_physical_order_cancel,recaptchaV3Enabled,2
0014,LKUS_physical_order_create,packagingBagPrice,2
0014,LKUS_physical_order_create,packagingBagNumber,2
0014,LKUS_payment,packagingBagPrice,2
0014,LKUS_payment,packagingBagNumber,2
0015,LKUS_push,ip,53
0015,LKUS_push,app,41
0015,LKUS_push,cid,53
0015,LKUS_push,uid,53
0015,LKUS_push,phone,53
0015,LKUS_push,tenant,53
0015,LKUS_push,version,53
0015,LKUS_push,uniqueKey,53
0015,LKUS_push,userAgent,53
0015,LKUS_push,countryCode,53
0015,LKUS_push,reviewRepeat,45
0015,LKUS_push,cidOriginEnum,53
0015,LKUS_push,recaptchaV3Token,44
0015,LKUS_push,recaptchaV3Action,44
0015,LKUS_push,recaptchaV3Enabled,45
0015,LKUS_physical_order_create,ip,99
0015,LKUS_physical_order_create,app,78
0015,LKUS_physical_order_create,cid,99
0015,LKUS_physical_order_create,uid,99
0015,LKUS_physical_order_create,phone,82
0015,LKUS_physical_order_create,shopId,99
0015,LKUS_physical_order_create,tenant,99
0015,LKUS_physical_order_create,userNo,99
0015,LKUS_physical_order_create,isGuest,99
0015,LKUS_physical_order_create,version,99
0015,LKUS_physical_order_create,latitude,84
0015,LKUS_physical_order_create,longitude,84
0015,LKUS_physical_order_create,orderType,99
0015,LKUS_physical_order_create,taxAmount,99
0015,LKUS_physical_order_create,uniqueKey,99
0015,LKUS_physical_order_create,userAgent,99
0015,LKUS_physical_order_create,couponList,99
0015,LKUS_physical_order_create,orderPrice,99
0015,LKUS_physical_order_create,countryCode,99
0015,LKUS_physical_order_create,shopAddress,99
0015,LKUS_physical_order_create,reviewRepeat,82
0015,LKUS_physical_order_create,shopCityName,99
0015,LKUS_physical_order_create,shopLatitude,99
0015,LKUS_physical_order_create,cidOriginEnum,99
0015,LKUS_physical_order_create,isTaxRequired,99
0015,LKUS_physical_order_create,orderProducts,99
0015,LKUS_physical_order_create,productAmount,99
0015,LKUS_physical_order_create,shopLongitude,99
0015,LKUS_physical_order_create,coffeeStoreList,99
0015,LKUS_physical_order_create,recaptchaV3Token,82
0015,LKUS_physical_order_create,recaptchaV3Action,82
0015,LKUS_physical_order_create,recaptchaV3Enabled,82
0015,LKUS_physical_order_create,packageOrderProducts,99
0015,LKUS_payment,ip,100
0015,LKUS_payment,app,79
0015,LKUS_payment,cid,100
0015,LKUS_payment,uid,100
0015,LKUS_payment,phone,83
0015,LKUS_payment,shopId,100
0015,LKUS_payment,tenant,100
0015,LKUS_payment,userNo,100
0015,LKUS_payment,isGuest,100
0015,LKUS_payment,orderNo,100
0015,LKUS_payment,payType,100
0015,LKUS_payment,version,100
0015,LKUS_payment,payMoney,100
0015,LKUS_payment,orderType,100
0015,LKUS_payment,taxAmount,100
0015,LKUS_payment,uniqueKey,100
0015,LKUS_payment,userAgent,100
0015,LKUS_payment,orderPrice,100
0015,LKUS_payment,countryCode,83
0015,LKUS_payment,reviewRepeat,83
0015,LKUS_payment,cidOriginEnum,100
0015,LKUS_payment,isTaxRequired,100
0015,LKUS_payment,orderProducts,100
0015,LKUS_payment,recaptchaV3Token,83
0015,LKUS_payment,recaptchaV3Action,83
0015,LKUS_payment,recaptchaV3Enabled,83
0015,LKUS_payment,packageOrderProducts,100
0015,LKUS_register,ip,4
0015,LKUS_register,app,4
0015,LKUS_register,cid,4
0015,LKUS_register,uid,4
0015,LKUS_register,phone,4
0015,LKUS_register,tenant,4
0015,LKUS_register,version,4
0015,LKUS_register,uniqueKey,4
0015,LKUS_register,userAgent,4
0015,LKUS_register,countryCode,4
0015,LKUS_register,reviewRepeat,4
0015,LKUS_register,cidOriginEnum,4
0015,LKUS_register,recaptchaV3Token,4
0015,LKUS_register,recaptchaV3Action,4
0015,LKUS_register,recaptchaV3Enabled,4
0015,LKUS_login,ip,16
0015,LKUS_login,app,14
0015,LKUS_login,cid,16
0015,LKUS_login,uid,16
0015,LKUS_login,phone,16
0015,LKUS_login,tenant,16
0015,LKUS_login,userNo,16
0015,LKUS_login,version,16
0015,LKUS_login,uniqueKey,16
0015,LKUS_login,userAgent,16
0015,LKUS_login,countryCode,16
0015,LKUS_login,reviewRepeat,16
0015,LKUS_login,cidOriginEnum,16
0015,LKUS_login,recaptchaV3Token,16
0015,LKUS_login,recaptchaV3Action,16
0015,LKUS_login,recaptchaV3Enabled,16
0015,LKUS_physical_order_create,did,15
0015,LKUS_physical_order_create,blackBox,15
0015,LKUS_physical_order_create,deviceId,15
0015,LKUS_physical_order_create,packagingBagPrice,5
0015,LKUS_physical_order_create,packagingBagNumber,5
0015,LKUS_payment,packagingBagPrice,5
0015,LKUS_payment,packagingBagNumber,5
0015,LKUS_grant_new_user_coupon,ip,8
0015,LKUS_grant_new_user_coupon,cid,8
0015,LKUS_grant_new_user_coupon,uid,8
0015,LKUS_grant_new_user_coupon,phone,8
0015,LKUS_grant_new_user_coupon,extend,8
0015,LKUS_grant_new_user_coupon,tenant,8
0015,LKUS_grant_new_user_coupon,userNo,8
0015,LKUS_grant_new_user_coupon,sceneId,8
0015,LKUS_grant_new_user_coupon,version,8
0015,LKUS_grant_new_user_coupon,uniqueKey,8
0015,LKUS_grant_new_user_coupon,userAgent,8
0015,LKUS_grant_new_user_coupon,countryCode,8
0015,LKUS_grant_new_user_coupon,reviewRepeat,8
0015,LKUS_grant_new_user_coupon,cidOriginEnum,8
0015,LKUS_grant_new_user_coupon,recaptchaV3Token,8
0015,LKUS_grant_new_user_coupon,recaptchaV3Action,8
0015,LKUS_grant_new_user_coupon,recaptchaV3Enabled,8
0015,LKUS_grant_new_user_coupon,app,7
0015,LKUS_push,userNo,1
0015,LKUS_captcha,ip,1
0015,LKUS_captcha,cid,1
0015,LKUS_captcha,uid,1
0015,LKUS_captcha,event,1
0015,LKUS_captcha,phone,1
0015,LKUS_captcha,tenant,1
0015,LKUS_captcha,isGuest,1
0015,LKUS_captcha,version,1
0015,LKUS_captcha,uniqueKey,1
0015,LKUS_captcha,userAgent,1
0015,LKUS_captcha,countryCode,1
0015,LKUS_captcha,reviewRepeat,1
0015,LKUS_captcha,cidOriginEnum,1
0015,LKUS_captcha,verifyCodeType,1
0015,LKUS_captcha,recaptchaV3Token,1
0015,LKUS_captcha,verifyCodeParams,1
0015,LKUS_captcha,recaptchaV3Action,1
0016,LKUS_push,ip,46
0016,LKUS_push,app,40
0016,LKUS_push,cid,46
0016,LKUS_push,uid,46
0016,LKUS_push,phone,46
0016,LKUS_push,tenant,46
0016,LKUS_push,version,46
0016,LKUS_push,uniqueKey,46
0016,LKUS_push,userAgent,46
0016,LKUS_push,countryCode,46
0016,LKUS_push,reviewRepeat,43
0016,LKUS_push,cidOriginEnum,46
0016,LKUS_push,recaptchaV3Token,43
0016,LKUS_push,recaptchaV3Action,43
0016,LKUS_push,recaptchaV3Enabled,43
0016,LKUS_physical_order_create,ip,74
0016,LKUS_physical_order_create,app,63
0016,LKUS_physical_order_create,cid,74
0016,LKUS_physical_order_create,uid,74
0016,LKUS_physical_order_create,phone,65
0016,LKUS_physical_order_create,shopId,74
0016,LKUS_physical_order_create,tenant,74
0016,LKUS_physical_order_create,userNo,74
0016,LKUS_physical_order_create,isGuest,74
0016,LKUS_physical_order_create,version,74
0016,LKUS_physical_order_create,latitude,65
0016,LKUS_physical_order_create,longitude,65
0016,LKUS_physical_order_create,orderType,74
0016,LKUS_physical_order_create,taxAmount,74
0016,LKUS_physical_order_create,uniqueKey,74
0016,LKUS_physical_order_create,userAgent,74
0016,LKUS_physical_order_create,couponList,74
0016,LKUS_physical_order_create,orderPrice,74
0016,LKUS_physical_order_create,countryCode,74
0016,LKUS_physical_order_create,shopAddress,74
0016,LKUS_physical_order_create,reviewRepeat,63
0016,LKUS_physical_order_create,shopCityName,74
0016,LKUS_physical_order_create,shopLatitude,74
0016,LKUS_physical_order_create,cidOriginEnum,74
0016,LKUS_physical_order_create,isTaxRequired,74
0016,LKUS_physical_order_create,orderProducts,74
0016,LKUS_physical_order_create,productAmount,74
0016,LKUS_physical_order_create,shopLongitude,74
0016,LKUS_physical_order_create,coffeeStoreList,74
0016,LKUS_physical_order_create,recaptchaV3Token,63
0016,LKUS_physical_order_create,recaptchaV3Action,63
0016,LKUS_physical_order_create,recaptchaV3Enabled,63
0016,LKUS_physical_order_create,packageOrderProducts,74
0016,LKUS_payment,ip,74
0016,LKUS_payment,app,63
0016,LKUS_payment,cid,74
0016,LKUS_payment,uid,74
0016,LKUS_payment,phone,65
0016,LKUS_payment,shopId,74
0016,LKUS_payment,tenant,74
0016,LKUS_payment,userNo,74
0016,LKUS_payment,isGuest,74
0016,LKUS_payment,orderNo,74
0016,LKUS_payment,payType,74
0016,LKUS_payment,version,74
0016,LKUS_payment,payMoney,74
0016,LKUS_payment,orderType,74
0016,LKUS_payment,taxAmount,74
0016,LKUS_payment,uniqueKey,74
0016,LKUS_payment,userAgent,74
0016,LKUS_payment,orderPrice,74
0016,LKUS_payment,countryCode,65
0016,LKUS_payment,reviewRepeat,63
0016,LKUS_payment,cidOriginEnum,74
0016,LKUS_payment,isTaxRequired,74
0016,LKUS_payment,orderProducts,74
0016,LKUS_payment,recaptchaV3Token,63
0016,LKUS_payment,recaptchaV3Action,63
0016,LKUS_payment,recaptchaV3Enabled,63
0016,LKUS_payment,packageOrderProducts,74
0016,LKUS_physical_order_create,did,9
0016,LKUS_physical_order_create,blackBox,9
0016,LKUS_physical_order_create,deviceId,9
0016,LKUS_register,ip,8
0016,LKUS_register,app,5
0016,LKUS_register,cid,8
0016,LKUS_register,uid,8
0016,LKUS_register,phone,8
0016,LKUS_register,tenant,8
0016,LKUS_register,version,8
0016,LKUS_register,uniqueKey,8
0016,LKUS_register,userAgent,8
0016,LKUS_register,countryCode,8
0016,LKUS_register,reviewRepeat,7
0016,LKUS_register,cidOriginEnum,8
0016,LKUS_register,recaptchaV3Token,7
0016,LKUS_register,recaptchaV3Action,7
0016,LKUS_register,recaptchaV3Enabled,7
0016,LKUS_login,ip,14
0016,LKUS_login,cid,14
0016,LKUS_login,uid,14
0016,LKUS_login,phone,14
0016,LKUS_login,tenant,14
0016,LKUS_login,userNo,14
0016,LKUS_login,version,14
0016,LKUS_login,uniqueKey,14
0016,LKUS_login,userAgent,14
0016,LKUS_login,countryCode,14
0016,LKUS_login,reviewRepeat,14
0016,LKUS_login,cidOriginEnum,14
0016,LKUS_login,recaptchaV3Token,14
0016,LKUS_login,recaptchaV3Action,14
0016,LKUS_login,recaptchaV3Enabled,14
0016,LKUS_grant_new_user_coupon,ip,11
0016,LKUS_grant_new_user_coupon,cid,11
0016,LKUS_grant_new_user_coupon,uid,11
0016,LKUS_grant_new_user_coupon,phone,11
0016,LKUS_grant_new_user_coupon,extend,11
0016,LKUS_grant_new_user_coupon,tenant,11
0016,LKUS_grant_new_user_coupon,userNo,11
0016,LKUS_grant_new_user_coupon,sceneId,11
0016,LKUS_grant_new_user_coupon,version,11
0016,LKUS_grant_new_user_coupon,uniqueKey,11
0016,LKUS_grant_new_user_coupon,userAgent,11
0016,LKUS_grant_new_user_coupon,countryCode,11
0016,LKUS_grant_new_user_coupon,reviewRepeat,11
0016,LKUS_grant_new_user_coupon,cidOriginEnum,11
0016,LKUS_grant_new_user_coupon,recaptchaV3Token,11
0016,LKUS_grant_new_user_coupon,recaptchaV3Action,11
0016,LKUS_grant_new_user_coupon,recaptchaV3Enabled,11
0016,LKUS_grant_new_user_coupon,app,8
0016,LKUS_login,app,10
0016,LKUS_push,userNo,3
0016,LKUS_physical_order_create,packagingBagPrice,1
0016,LKUS_physical_order_create,packagingBagNumber,1
0016,LKUS_payment,packagingBagPrice,1
0016,LKUS_payment,packagingBagNumber,1
0017,LKUS_login,ip,17
0017,LKUS_login,app,14
0017,LKUS_login,cid,17
0017,LKUS_login,uid,17
0017,LKUS_login,phone,17
0017,LKUS_login,tenant,17
0017,LKUS_login,userNo,17
0017,LKUS_login,version,17
0017,LKUS_login,uniqueKey,17
0017,LKUS_login,userAgent,17
0017,LKUS_login,countryCode,17
0017,LKUS_login,reviewRepeat,16
0017,LKUS_login,cidOriginEnum,17
0017,LKUS_login,recaptchaV3Token,16
0017,LKUS_login,recaptchaV3Action,16
0017,LKUS_login,recaptchaV3Enabled,16
0017,LKUS_push,ip,43
0017,LKUS_push,app,40
0017,LKUS_push,cid,43
0017,LKUS_push,uid,43
0017,LKUS_push,phone,43
0017,LKUS_push,tenant,43
0017,LKUS_push,version,43
0017,LKUS_push,uniqueKey,43
0017,LKUS_push,userAgent,43
0017,LKUS_push,countryCode,43
0017,LKUS_push,reviewRepeat,40
0017,LKUS_push,cidOriginEnum,43
0017,LKUS_push,recaptchaV3Token,40
0017,LKUS_push,recaptchaV3Action,40
0017,LKUS_push,recaptchaV3Enabled,40
0017,LKUS_physical_order_create,ip,103
0017,LKUS_physical_order_create,app,91
0017,LKUS_physical_order_create,cid,103
0017,LKUS_physical_order_create,uid,103
0017,LKUS_physical_order_create,phone,94
0017,LKUS_physical_order_create,shopId,103
0017,LKUS_physical_order_create,tenant,103
0017,LKUS_physical_order_create,userNo,103
0017,LKUS_physical_order_create,isGuest,103
0017,LKUS_physical_order_create,version,103
0017,LKUS_physical_order_create,latitude,96
0017,LKUS_physical_order_create,longitude,96
0017,LKUS_physical_order_create,orderType,103
0017,LKUS_physical_order_create,taxAmount,103
0017,LKUS_physical_order_create,uniqueKey,103
0017,LKUS_physical_order_create,userAgent,103
0017,LKUS_physical_order_create,couponList,103
0017,LKUS_physical_order_create,orderPrice,103
0017,LKUS_physical_order_create,countryCode,103
0017,LKUS_physical_order_create,shopAddress,103
0017,LKUS_physical_order_create,reviewRepeat,92
0017,LKUS_physical_order_create,shopCityName,103
0017,LKUS_physical_order_create,shopLatitude,103
0017,LKUS_physical_order_create,cidOriginEnum,103
0017,LKUS_physical_order_create,isTaxRequired,103
0017,LKUS_physical_order_create,orderProducts,103
0017,LKUS_physical_order_create,productAmount,103
0017,LKUS_physical_order_create,shopLongitude,103
0017,LKUS_physical_order_create,coffeeStoreList,103
0017,LKUS_physical_order_create,recaptchaV3Token,92
0017,LKUS_physical_order_create,recaptchaV3Action,92
0017,LKUS_physical_order_create,recaptchaV3Enabled,92
0017,LKUS_physical_order_create,packageOrderProducts,103
0017,LKUS_payment,ip,102
0017,LKUS_payment,app,89
0017,LKUS_payment,cid,102
0017,LKUS_payment,uid,102
0017,LKUS_payment,phone,93
0017,LKUS_payment,shopId,102
0017,LKUS_payment,tenant,102
0017,LKUS_payment,userNo,102
0017,LKUS_payment,isGuest,102
0017,LKUS_payment,orderNo,102
0017,LKUS_payment,payType,102
0017,LKUS_payment,version,102
0017,LKUS_payment,payMoney,102
0017,LKUS_payment,orderType,102
0017,LKUS_payment,taxAmount,102
0017,LKUS_payment,uniqueKey,102
0017,LKUS_payment,userAgent,102
0017,LKUS_payment,orderPrice,102
0017,LKUS_payment,countryCode,93
0017,LKUS_payment,reviewRepeat,90
0017,LKUS_payment,cidOriginEnum,102
0017,LKUS_payment,isTaxRequired,102
0017,LKUS_payment,orderProducts,102
0017,LKUS_payment,recaptchaV3Token,90
0017,LKUS_payment,recaptchaV3Action,90
0017,LKUS_payment,recaptchaV3Enabled,90
0017,LKUS_payment,packageOrderProducts,102
0017,LKUS_physical_order_create,did,7
0017,LKUS_physical_order_create,blackBox,7
0017,LKUS_physical_order_create,deviceId,7
0017,LKUS_push,userNo,3
0017,LKUS_grant_new_user_coupon,ip,7
0017,LKUS_grant_new_user_coupon,app,6
0017,LKUS_grant_new_user_coupon,cid,7
0017,LKUS_grant_new_user_coupon,uid,7
0017,LKUS_grant_new_user_coupon,phone,7
0017,LKUS_grant_new_user_coupon,extend,7
0017,LKUS_grant_new_user_coupon,tenant,7
0017,LKUS_grant_new_user_coupon,userNo,7
0017,LKUS_grant_new_user_coupon,sceneId,7
0017,LKUS_grant_new_user_coupon,version,7
0017,LKUS_grant_new_user_coupon,uniqueKey,7
0017,LKUS_grant_new_user_coupon,userAgent,7
0017,LKUS_grant_new_user_coupon,countryCode,7
0017,LKUS_grant_new_user_coupon,reviewRepeat,7
0017,LKUS_grant_new_user_coupon,cidOriginEnum,7
0017,LKUS_grant_new_user_coupon,recaptchaV3Token,7
0017,LKUS_grant_new_user_coupon,recaptchaV3Action,7
0017,LKUS_grant_new_user_coupon,recaptchaV3Enabled,7
0017,LKUS_register,ip,6
0017,LKUS_register,app,6
0017,LKUS_register,cid,6
0017,LKUS_register,uid,6
0017,LKUS_register,phone,6
0017,LKUS_register,tenant,6
0017,LKUS_register,version,6
0017,LKUS_register,uniqueKey,6
0017,LKUS_register,userAgent,6
0017,LKUS_register,countryCode,6
0017,LKUS_register,reviewRepeat,6
0017,LKUS_register,cidOriginEnum,6
0017,LKUS_register,recaptchaV3Token,6
0017,LKUS_register,recaptchaV3Action,6
0017,LKUS_register,recaptchaV3Enabled,6
0017,LKUS_physical_order_create,packagingBagPrice,1
0017,LKUS_physical_order_create,packagingBagNumber,1
0017,LKUS_payment,packagingBagPrice,1
0017,LKUS_payment,packagingBagNumber,1
0018,LKUS_push,ip,56
0018,LKUS_push,app,49
0018,LKUS_push,cid,56
0018,LKUS_push,uid,56
0018,LKUS_push,phone,56
0018,LKUS_push,tenant,56
0018,LKUS_push,version,56
0018,LKUS_push,uniqueKey,56
0018,LKUS_push,userAgent,56
0018,LKUS_push,countryCode,56
0018,LKUS_push,reviewRepeat,53
0018,LKUS_push,cidOriginEnum,56
0018,LKUS_push,recaptchaV3Token,53
0018,LKUS_push,recaptchaV3Action,53
0018,LKUS_push,recaptchaV3Enabled,53
0018,LKUS_physical_order_create,ip,93
0018,LKUS_physical_order_create,app,79
0018,LKUS_physical_order_create,cid,93
0018,LKUS_physical_order_create,uid,93
0018,LKUS_physical_order_create,phone,81
0018,LKUS_physical_order_create,shopId,93
0018,LKUS_physical_order_create,tenant,93
0018,LKUS_physical_order_create,userNo,93
0018,LKUS_physical_order_create,isGuest,93
0018,LKUS_physical_order_create,version,93
0018,LKUS_physical_order_create,latitude,82
0018,LKUS_physical_order_create,longitude,82
0018,LKUS_physical_order_create,orderType,93
0018,LKUS_physical_order_create,taxAmount,93
0018,LKUS_physical_order_create,uniqueKey,93
0018,LKUS_physical_order_create,userAgent,93
0018,LKUS_physical_order_create,couponList,93
0018,LKUS_physical_order_create,orderPrice,90
0018,LKUS_physical_order_create,countryCode,93
0018,LKUS_physical_order_create,shopAddress,93
0018,LKUS_physical_order_create,reviewRepeat,77
0018,LKUS_physical_order_create,shopCityName,93
0018,LKUS_physical_order_create,shopLatitude,93
0018,LKUS_physical_order_create,cidOriginEnum,93
0018,LKUS_physical_order_create,isTaxRequired,93
0018,LKUS_physical_order_create,orderProducts,93
0018,LKUS_physical_order_create,productAmount,93
0018,LKUS_physical_order_create,shopLongitude,93
0018,LKUS_physical_order_create,coffeeStoreList,93
0018,LKUS_physical_order_create,recaptchaV3Token,77
0018,LKUS_physical_order_create,packagingBagPrice,4
0018,LKUS_physical_order_create,recaptchaV3Action,77
0018,LKUS_physical_order_create,packagingBagNumber,4
0018,LKUS_physical_order_create,recaptchaV3Enabled,77
0018,LKUS_physical_order_create,packageOrderProducts,93
0018,LKUS_payment,ip,92
0018,LKUS_payment,app,76
0018,LKUS_payment,cid,92
0018,LKUS_payment,uid,92
0018,LKUS_payment,phone,78
0018,LKUS_payment,shopId,92
0018,LKUS_payment,tenant,92
0018,LKUS_payment,userNo,92
0018,LKUS_payment,isGuest,92
0018,LKUS_payment,orderNo,92
0018,LKUS_payment,payType,92
0018,LKUS_payment,version,92
0018,LKUS_payment,payMoney,92
0018,LKUS_payment,orderType,92
0018,LKUS_payment,taxAmount,92
0018,LKUS_payment,uniqueKey,92
0018,LKUS_payment,userAgent,92
0018,LKUS_payment,orderPrice,92
0018,LKUS_payment,countryCode,78
0018,LKUS_payment,reviewRepeat,74
0018,LKUS_payment,cidOriginEnum,92
0018,LKUS_payment,isTaxRequired,92
0018,LKUS_payment,orderProducts,92
0018,LKUS_payment,recaptchaV3Token,74
0018,LKUS_payment,packagingBagPrice,3
0018,LKUS_payment,recaptchaV3Action,74
0018,LKUS_payment,packagingBagNumber,3
0018,LKUS_payment,recaptchaV3Enabled,74
0018,LKUS_payment,packageOrderProducts,92
0018,LKUS_physical_order_create,did,11
0018,LKUS_physical_order_create,blackBox,11
0018,LKUS_physical_order_create,deviceId,11
0018,LKUS_grant_new_user_coupon,ip,11
0018,LKUS_grant_new_user_coupon,cid,11
0018,LKUS_grant_new_user_coupon,uid,11
0018,LKUS_grant_new_user_coupon,phone,11
0018,LKUS_grant_new_user_coupon,extend,11
0018,LKUS_grant_new_user_coupon,tenant,11
0018,LKUS_grant_new_user_coupon,userNo,11
0018,LKUS_grant_new_user_coupon,sceneId,11
0018,LKUS_grant_new_user_coupon,version,11
0018,LKUS_grant_new_user_coupon,uniqueKey,11
0018,LKUS_grant_new_user_coupon,userAgent,11
0018,LKUS_grant_new_user_coupon,countryCode,11
0018,LKUS_grant_new_user_coupon,reviewRepeat,11
0018,LKUS_grant_new_user_coupon,cidOriginEnum,11
0018,LKUS_grant_new_user_coupon,recaptchaV3Token,11
0018,LKUS_grant_new_user_coupon,recaptchaV3Action,11
0018,LKUS_grant_new_user_coupon,recaptchaV3Enabled,11
0018,LKUS_login,ip,14
0018,LKUS_login,cid,14
0018,LKUS_login,uid,14
0018,LKUS_login,phone,14
0018,LKUS_login,tenant,14
0018,LKUS_login,userNo,14
0018,LKUS_login,version,14
0018,LKUS_login,uniqueKey,14
0018,LKUS_login,userAgent,14
0018,LKUS_login,countryCode,14
0018,LKUS_login,reviewRepeat,14
0018,LKUS_login,cidOriginEnum,14
0018,LKUS_login,recaptchaV3Token,14
0018,LKUS_login,recaptchaV3Action,14
0018,LKUS_login,recaptchaV3Enabled,14
0018,LKUS_register,ip,17
0018,LKUS_register,app,14
0018,LKUS_register,cid,17
0018,LKUS_register,uid,17
0018,LKUS_register,phone,17
0018,LKUS_register,tenant,17
0018,LKUS_register,version,17
0018,LKUS_register,uniqueKey,17
0018,LKUS_register,userAgent,17
0018,LKUS_register,countryCode,17
0018,LKUS_register,reviewRepeat,17
0018,LKUS_register,cidOriginEnum,17
0018,LKUS_register,recaptchaV3Token,17
0018,LKUS_register,recaptchaV3Action,17
0018,LKUS_register,recaptchaV3Enabled,17
0018,LKUS_push,userNo,2
0018,LKUS_login,app,12
0018,LKUS_grant_new_user_coupon,app,10
0018,LKUS_physical_order_cancel,ip,1
0018,LKUS_physical_order_cancel,app,1
0018,LKUS_physical_order_cancel,cid,1
0018,LKUS_physical_order_cancel,uid,1
0018,LKUS_physical_order_cancel,phone,1
0018,LKUS_physical_order_cancel,shopId,1
0018,LKUS_physical_order_cancel,tenant,1
0018,LKUS_physical_order_cancel,userNo,1
0018,LKUS_physical_order_cancel,isGuest,1
0018,LKUS_physical_order_cancel,orderNo,1
0018,LKUS_physical_order_cancel,version,1
0018,LKUS_physical_order_cancel,shopCity,1
0018,LKUS_physical_order_cancel,uniqueKey,1
0018,LKUS_physical_order_cancel,userAgent,1
0018,LKUS_physical_order_cancel,countryCode,1
0018,LKUS_physical_order_cancel,totalOfMade,1
0018,LKUS_physical_order_cancel,reviewRepeat,1
0018,LKUS_physical_order_cancel,cidOriginEnum,1
0018,LKUS_physical_order_cancel,cancelTypeEnum,1
0018,LKUS_physical_order_cancel,recaptchaV3Token,1
0018,LKUS_physical_order_cancel,recaptchaV3Action,1
0018,LKUS_physical_order_cancel,recaptchaV3Enabled,1
0019,LKUS_push,ip,38
0019,LKUS_push,app,37
0019,LKUS_push,cid,38
0019,LKUS_push,uid,38
0019,LKUS_push,phone,38
0019,LKUS_push,tenant,38
0019,LKUS_push,version,38
0019,LKUS_push,uniqueKey,38
0019,LKUS_push,userAgent,38
0019,LKUS_push,countryCode,38
0019,LKUS_push,reviewRepeat,36
0019,LKUS_push,cidOriginEnum,38
0019,LKUS_push,recaptchaV3Token,36
0019,LKUS_push,recaptchaV3Action,36
0019,LKUS_push,recaptchaV3Enabled,36
0019,LKUS_physical_order_create,ip,91
0019,LKUS_physical_order_create,cid,91
0019,LKUS_physical_order_create,did,19
0019,LKUS_physical_order_create,uid,91
0019,LKUS_physical_order_create,shopId,91
0019,LKUS_physical_order_create,tenant,91
0019,LKUS_physical_order_create,userNo,91
0019,LKUS_physical_order_create,isGuest,91
0019,LKUS_physical_order_create,version,91
0019,LKUS_physical_order_create,blackBox,19
0019,LKUS_physical_order_create,deviceId,19
0019,LKUS_physical_order_create,orderType,91
0019,LKUS_physical_order_create,taxAmount,91
0019,LKUS_physical_order_create,uniqueKey,91
0019,LKUS_physical_order_create,userAgent,91
0019,LKUS_physical_order_create,couponList,91
0019,LKUS_physical_order_create,orderPrice,91
0019,LKUS_physical_order_create,countryCode,91
0019,LKUS_physical_order_create,shopAddress,91
0019,LKUS_physical_order_create,shopCityName,91
0019,LKUS_physical_order_create,shopLatitude,91
0019,LKUS_physical_order_create,cidOriginEnum,91
0019,LKUS_physical_order_create,isTaxRequired,91
0019,LKUS_physical_order_create,orderProducts,91
0019,LKUS_physical_order_create,productAmount,91
0019,LKUS_physical_order_create,shopLongitude,91
0019,LKUS_physical_order_create,coffeeStoreList,91
0019,LKUS_physical_order_create,packageOrderProducts,91
0019,LKUS_payment,ip,88
0019,LKUS_payment,cid,88
0019,LKUS_payment,uid,88
0019,LKUS_payment,shopId,88
0019,LKUS_payment,tenant,88
0019,LKUS_payment,userNo,88
0019,LKUS_payment,isGuest,88
0019,LKUS_payment,orderNo,88
0019,LKUS_payment,payType,88
0019,LKUS_payment,version,88
0019,LKUS_payment,payMoney,88
0019,LKUS_payment,orderType,88
0019,LKUS_payment,taxAmount,88
0019,LKUS_payment,uniqueKey,88
0019,LKUS_payment,userAgent,88
0019,LKUS_payment,orderPrice,88
0019,LKUS_payment,cidOriginEnum,88
0019,LKUS_payment,isTaxRequired,88
0019,LKUS_payment,orderProducts,88
0019,LKUS_payment,packageOrderProducts,88
0019,LKUS_physical_order_create,app,71
0019,LKUS_physical_order_create,phone,73
0019,LKUS_physical_order_create,latitude,72
0019,LKUS_physical_order_create,longitude,72
0019,LKUS_physical_order_create,reviewRepeat,69
0019,LKUS_physical_order_create,recaptchaV3Token,69
0019,LKUS_physical_order_create,recaptchaV3Action,69
0019,LKUS_physical_order_create,recaptchaV3Enabled,69
0019,LKUS_payment,app,68
0019,LKUS_payment,phone,70
0019,LKUS_payment,countryCode,70
0019,LKUS_payment,reviewRepeat,66
0019,LKUS_payment,recaptchaV3Token,66
0019,LKUS_payment,recaptchaV3Action,66
0019,LKUS_payment,recaptchaV3Enabled,66
0019,LKUS_physical_order_create,packagingBagPrice,3
0019,LKUS_physical_order_create,packagingBagNumber,3
0019,LKUS_payment,packagingBagPrice,3
0019,LKUS_payment,packagingBagNumber,3
0019,LKUS_login,ip,16
0019,LKUS_login,app,12
0019,LKUS_login,cid,16
0019,LKUS_login,uid,16
0019,LKUS_login,phone,16
0019,LKUS_login,tenant,16
0019,LKUS_login,userNo,16
0019,LKUS_login,version,16
0019,LKUS_login,uniqueKey,16
0019,LKUS_login,userAgent,16
0019,LKUS_login,countryCode,16
0019,LKUS_login,reviewRepeat,15
0019,LKUS_login,cidOriginEnum,16
0019,LKUS_login,recaptchaV3Token,15
0019,LKUS_login,recaptchaV3Action,15
0019,LKUS_login,recaptchaV3Enabled,15
0019,LKUS_grant_new_user_coupon,ip,12
0019,LKUS_grant_new_user_coupon,app,9
0019,LKUS_grant_new_user_coupon,cid,12
0019,LKUS_grant_new_user_coupon,uid,12
0019,LKUS_grant_new_user_coupon,phone,12
0019,LKUS_grant_new_user_coupon,extend,12
0019,LKUS_grant_new_user_coupon,tenant,12
0019,LKUS_grant_new_user_coupon,userNo,12
0019,LKUS_grant_new_user_coupon,sceneId,12
0019,LKUS_grant_new_user_coupon,version,12
0019,LKUS_grant_new_user_coupon,uniqueKey,12
0019,LKUS_grant_new_user_coupon,userAgent,12
0019,LKUS_grant_new_user_coupon,countryCode,12
0019,LKUS_grant_new_user_coupon,reviewRepeat,12
0019,LKUS_grant_new_user_coupon,cidOriginEnum,12
0019,LKUS_grant_new_user_coupon,recaptchaV3Token,12
0019,LKUS_grant_new_user_coupon,recaptchaV3Action,12
0019,LKUS_grant_new_user_coupon,recaptchaV3Enabled,12
0019,LKUS_register,ip,10
0019,LKUS_register,app,10
0019,LKUS_register,cid,10
0019,LKUS_register,uid,10
0019,LKUS_register,phone,10
0019,LKUS_register,tenant,10
0019,LKUS_register,version,10
0019,LKUS_register,uniqueKey,10
0019,LKUS_register,userAgent,10
0019,LKUS_register,countryCode,10
0019,LKUS_register,reviewRepeat,10
0019,LKUS_register,cidOriginEnum,10
0019,LKUS_register,recaptchaV3Token,10
0019,LKUS_register,recaptchaV3Action,10
0019,LKUS_register,recaptchaV3Enabled,10
0020,LKUS_push,ip,39
0020,LKUS_push,app,33
0020,LKUS_push,cid,39
0020,LKUS_push,uid,39
0020,LKUS_push,phone,39
0020,LKUS_push,tenant,39
0020,LKUS_push,version,39
0020,LKUS_push,uniqueKey,39
0020,LKUS_push,userAgent,39
0020,LKUS_push,countryCode,39
0020,LKUS_push,reviewRepeat,33
0020,LKUS_push,cidOriginEnum,39
0020,LKUS_push,recaptchaV3Token,33
0020,LKUS_push,recaptchaV3Action,33
0020,LKUS_push,recaptchaV3Enabled,33
0020,LKUS_physical_order_create,ip,121
0020,LKUS_physical_order_create,app,99
0020,LKUS_physical_order_create,cid,121
0020,LKUS_physical_order_create,uid,121
0020,LKUS_physical_order_create,phone,102
0020,LKUS_physical_order_create,shopId,121
0020,LKUS_physical_order_create,tenant,121
0020,LKUS_physical_order_create,userNo,121
0020,LKUS_physical_order_create,isGuest,121
0020,LKUS_physical_order_create,version,121
0020,LKUS_physical_order_create,latitude,104
0020,LKUS_physical_order_create,longitude,104
0020,LKUS_physical_order_create,orderType,121
0020,LKUS_physical_order_create,taxAmount,121
0020,LKUS_physical_order_create,uniqueKey,121
0020,LKUS_physical_order_create,userAgent,121
0020,LKUS_physical_order_create,couponList,121
0020,LKUS_physical_order_create,orderPrice,120
0020,LKUS_physical_order_create,countryCode,121
0020,LKUS_physical_order_create,shopAddress,121
0020,LKUS_physical_order_create,reviewRepeat,99
0020,LKUS_physical_order_create,shopCityName,121
0020,LKUS_physical_order_create,shopLatitude,121
0020,LKUS_physical_order_create,cidOriginEnum,121
0020,LKUS_physical_order_create,isTaxRequired,121
0020,LKUS_physical_order_create,orderProducts,121
0020,LKUS_physical_order_create,productAmount,121
0020,LKUS_physical_order_create,shopLongitude,121
0020,LKUS_physical_order_create,coffeeStoreList,121
0020,LKUS_physical_order_create,recaptchaV3Token,99
0020,LKUS_physical_order_create,recaptchaV3Action,99
0020,LKUS_physical_order_create,recaptchaV3Enabled,99
0020,LKUS_physical_order_create,packageOrderProducts,121
0020,LKUS_payment,ip,126
0020,LKUS_payment,app,104
0020,LKUS_payment,cid,126
0020,LKUS_payment,uid,126
0020,LKUS_payment,phone,107
0020,LKUS_payment,shopId,126
0020,LKUS_payment,tenant,126
0020,LKUS_payment,userNo,126
0020,LKUS_payment,isGuest,126
0020,LKUS_payment,orderNo,126
0020,LKUS_payment,payType,126
0020,LKUS_payment,version,126
0020,LKUS_payment,payMoney,126
0020,LKUS_payment,orderType,126
0020,LKUS_payment,taxAmount,126
0020,LKUS_payment,uniqueKey,126
0020,LKUS_payment,userAgent,126
0020,LKUS_payment,orderPrice,126
0020,LKUS_payment,countryCode,107
0020,LKUS_payment,reviewRepeat,103
0020,LKUS_payment,cidOriginEnum,126
0020,LKUS_payment,isTaxRequired,126
0020,LKUS_payment,orderProducts,126
0020,LKUS_payment,recaptchaV3Token,103
0020,LKUS_payment,recaptchaV3Action,103
0020,LKUS_payment,recaptchaV3Enabled,103
0020,LKUS_payment,packageOrderProducts,126
0020,LKUS_grant_new_user_coupon,ip,8
0020,LKUS_grant_new_user_coupon,app,8
0020,LKUS_grant_new_user_coupon,cid,8
0020,LKUS_grant_new_user_coupon,uid,8
0020,LKUS_grant_new_user_coupon,phone,8
0020,LKUS_grant_new_user_coupon,extend,8
0020,LKUS_grant_new_user_coupon,tenant,8
0020,LKUS_grant_new_user_coupon,userNo,8
0020,LKUS_grant_new_user_coupon,sceneId,8
0020,LKUS_grant_new_user_coupon,version,8
0020,LKUS_grant_new_user_coupon,uniqueKey,8
0020,LKUS_grant_new_user_coupon,userAgent,8
0020,LKUS_grant_new_user_coupon,countryCode,8
0020,LKUS_grant_new_user_coupon,reviewRepeat,8
0020,LKUS_grant_new_user_coupon,cidOriginEnum,8
0020,LKUS_grant_new_user_coupon,recaptchaV3Token,8
0020,LKUS_grant_new_user_coupon,recaptchaV3Action,8
0020,LKUS_grant_new_user_coupon,recaptchaV3Enabled,8
0020,LKUS_login,ip,14
0020,LKUS_login,app,12
0020,LKUS_login,cid,14
0020,LKUS_login,uid,14
0020,LKUS_login,phone,14
0020,LKUS_login,tenant,14
0020,LKUS_login,userNo,14
0020,LKUS_login,version,14
0020,LKUS_login,uniqueKey,14
0020,LKUS_login,userAgent,14
0020,LKUS_login,countryCode,14
0020,LKUS_login,reviewRepeat,12
0020,LKUS_login,cidOriginEnum,14
0020,LKUS_login,recaptchaV3Token,12
0020,LKUS_login,recaptchaV3Action,12
0020,LKUS_login,recaptchaV3Enabled,12
0020,LKUS_physical_order_create,did,17
0020,LKUS_physical_order_create,blackBox,17
0020,LKUS_physical_order_create,deviceId,17
0020,LKUS_register,ip,10
0020,LKUS_register,app,8
0020,LKUS_register,cid,10
0020,LKUS_register,uid,10
0020,LKUS_register,phone,10
0020,LKUS_register,tenant,10
0020,LKUS_register,version,10
0020,LKUS_register,uniqueKey,10
0020,LKUS_register,userAgent,10
0020,LKUS_register,countryCode,10
0020,LKUS_register,reviewRepeat,9
0020,LKUS_register,cidOriginEnum,10
0020,LKUS_register,recaptchaV3Token,9
0020,LKUS_register,recaptchaV3Action,9
0020,LKUS_register,recaptchaV3Enabled,9
0020,LKUS_physical_order_cancel,ip,1
0020,LKUS_physical_order_cancel,app,1
0020,LKUS_physical_order_cancel,cid,1
0020,LKUS_physical_order_cancel,uid,1
0020,LKUS_physical_order_cancel,phone,1
0020,LKUS_physical_order_cancel,shopId,1
0020,LKUS_physical_order_cancel,tenant,1
0020,LKUS_physical_order_cancel,userNo,1
0020,LKUS_physical_order_cancel,isGuest,1
0020,LKUS_physical_order_cancel,orderNo,1
0020,LKUS_physical_order_cancel,version,1
0020,LKUS_physical_order_cancel,shopCity,1
0020,LKUS_physical_order_cancel,uniqueKey,1
0020,LKUS_physical_order_cancel,userAgent,1
0020,LKUS_physical_order_cancel,countryCode,1
0020,LKUS_physical_order_cancel,totalOfMade,1
0020,LKUS_physical_order_cancel,reviewRepeat,1
0020,LKUS_physical_order_cancel,cidOriginEnum,1
0020,LKUS_physical_order_cancel,cancelTypeEnum,1
0020,LKUS_physical_order_cancel,recaptchaV3Token,1
0020,LKUS_physical_order_cancel,recaptchaV3Action,1
0020,LKUS_physical_order_cancel,recaptchaV3Enabled,1
0020,LKUS_push,userNo,1
0021,LKUS_push,ip,37
0021,LKUS_push,app,34
0021,LKUS_push,cid,37
0021,LKUS_push,uid,37
0021,LKUS_push,phone,37
0021,LKUS_push,tenant,37
0021,LKUS_push,version,37
0021,LKUS_push,uniqueKey,37
0021,LKUS_push,userAgent,37
0021,LKUS_push,countryCode,37
0021,LKUS_push,reviewRepeat,37
0021,LKUS_push,cidOriginEnum,37
0021,LKUS_push,recaptchaV3Token,37
0021,LKUS_push,recaptchaV3Action,37
0021,LKUS_push,recaptchaV3Enabled,37
0021,LKUS_register,ip,13
0021,LKUS_register,app,11
0021,LKUS_register,cid,13
0021,LKUS_register,uid,13
0021,LKUS_register,phone,13
0021,LKUS_register,tenant,13
0021,LKUS_register,version,13
0021,LKUS_register,uniqueKey,13
0021,LKUS_register,userAgent,13
0021,LKUS_register,countryCode,13
0021,LKUS_register,reviewRepeat,13
0021,LKUS_register,cidOriginEnum,13
0021,LKUS_register,recaptchaV3Token,13
0021,LKUS_register,recaptchaV3Action,13
0021,LKUS_register,recaptchaV3Enabled,13
0021,LKUS_login,ip,15
0021,LKUS_login,app,11
0021,LKUS_login,cid,15
0021,LKUS_login,uid,15
0021,LKUS_login,phone,15
0021,LKUS_login,tenant,15
0021,LKUS_login,userNo,15
0021,LKUS_login,version,15
0021,LKUS_login,uniqueKey,15
0021,LKUS_login,userAgent,15
0021,LKUS_login,countryCode,15
0021,LKUS_login,reviewRepeat,13
0021,LKUS_login,cidOriginEnum,15
0021,LKUS_login,recaptchaV3Token,13
0021,LKUS_login,recaptchaV3Action,13
0021,LKUS_login,recaptchaV3Enabled,13
0021,LKUS_physical_order_create,ip,102
0021,LKUS_physical_order_create,cid,102
0021,LKUS_physical_order_create,did,17
0021,LKUS_physical_order_create,uid,102
0021,LKUS_physical_order_create,shopId,102
0021,LKUS_physical_order_create,tenant,102
0021,LKUS_physical_order_create,userNo,102
0021,LKUS_physical_order_create,isGuest,102
0021,LKUS_physical_order_create,version,102
0021,LKUS_physical_order_create,blackBox,17
0021,LKUS_physical_order_create,deviceId,17
0021,LKUS_physical_order_create,orderType,102
0021,LKUS_physical_order_create,taxAmount,102
0021,LKUS_physical_order_create,uniqueKey,102
0021,LKUS_physical_order_create,userAgent,102
0021,LKUS_physical_order_create,couponList,102
0021,LKUS_physical_order_create,orderPrice,102
0021,LKUS_physical_order_create,countryCode,102
0021,LKUS_physical_order_create,shopAddress,102
0021,LKUS_physical_order_create,shopCityName,102
0021,LKUS_physical_order_create,shopLatitude,102
0021,LKUS_physical_order_create,cidOriginEnum,102
0021,LKUS_physical_order_create,isTaxRequired,102
0021,LKUS_physical_order_create,orderProducts,102
0021,LKUS_physical_order_create,productAmount,102
0021,LKUS_physical_order_create,shopLongitude,102
0021,LKUS_physical_order_create,coffeeStoreList,102
0021,LKUS_physical_order_create,packageOrderProducts,102
0021,LKUS_payment,ip,103
0021,LKUS_payment,cid,103
0021,LKUS_payment,uid,103
0021,LKUS_payment,shopId,103
0021,LKUS_payment,tenant,103
0021,LKUS_payment,userNo,103
0021,LKUS_payment,isGuest,103
0021,LKUS_payment,orderNo,103
0021,LKUS_payment,payType,103
0021,LKUS_payment,version,103
0021,LKUS_payment,payMoney,103
0021,LKUS_payment,orderType,103
0021,LKUS_payment,taxAmount,103
0021,LKUS_payment,uniqueKey,103
0021,LKUS_payment,userAgent,103
0021,LKUS_payment,orderPrice,103
0021,LKUS_payment,cidOriginEnum,103
0021,LKUS_payment,isTaxRequired,103
0021,LKUS_payment,orderProducts,103
0021,LKUS_payment,packageOrderProducts,103
0021,LKUS_grant_new_user_coupon,ip,7
0021,LKUS_grant_new_user_coupon,app,6
0021,LKUS_grant_new_user_coupon,cid,7
0021,LKUS_grant_new_user_coupon,uid,7
0021,LKUS_grant_new_user_coupon,phone,7
0021,LKUS_grant_new_user_coupon,extend,7
0021,LKUS_grant_new_user_coupon,tenant,7
0021,LKUS_grant_new_user_coupon,userNo,7
0021,LKUS_grant_new_user_coupon,sceneId,7
0021,LKUS_grant_new_user_coupon,version,7
0021,LKUS_grant_new_user_coupon,uniqueKey,7
0021,LKUS_grant_new_user_coupon,userAgent,7
0021,LKUS_grant_new_user_coupon,countryCode,7
0021,LKUS_grant_new_user_coupon,reviewRepeat,7
0021,LKUS_grant_new_user_coupon,cidOriginEnum,7
0021,LKUS_grant_new_user_coupon,recaptchaV3Token,7
0021,LKUS_grant_new_user_coupon,recaptchaV3Action,7
0021,LKUS_grant_new_user_coupon,recaptchaV3Enabled,7
0021,LKUS_physical_order_create,app,80
0021,LKUS_physical_order_create,phone,86
0021,LKUS_physical_order_create,latitude,85
0021,LKUS_physical_order_create,longitude,85
0021,LKUS_physical_order_create,reviewRepeat,82
0021,LKUS_physical_order_create,recaptchaV3Token,82
0021,LKUS_physical_order_create,recaptchaV3Action,82
0021,LKUS_physical_order_create,recaptchaV3Enabled,82
0021,LKUS_payment,app,80
0021,LKUS_payment,phone,87
0021,LKUS_payment,countryCode,87
0021,LKUS_payment,reviewRepeat,82
0021,LKUS_payment,recaptchaV3Token,82
0021,LKUS_payment,recaptchaV3Action,82
0021,LKUS_payment,recaptchaV3Enabled,82
0021,LKUS_physical_order_create,packagingBagPrice,2
0021,LKUS_physical_order_create,packagingBagNumber,2
0021,LKUS_payment,packagingBagPrice,3
0021,LKUS_payment,packagingBagNumber,3
0021,LKUS_physical_order_cancel,ip,1
0021,LKUS_physical_order_cancel,app,1
0021,LKUS_physical_order_cancel,cid,1
0021,LKUS_physical_order_cancel,uid,1
0021,LKUS_physical_order_cancel,phone,1
0021,LKUS_physical_order_cancel,shopId,1
0021,LKUS_physical_order_cancel,tenant,1
0021,LKUS_physical_order_cancel,userNo,1
0021,LKUS_physical_order_cancel,isGuest,1
0021,LKUS_physical_order_cancel,orderNo,1
0021,LKUS_physical_order_cancel,version,1
0021,LKUS_physical_order_cancel,shopCity,1
0021,LKUS_physical_order_cancel,uniqueKey,1
0021,LKUS_physical_order_cancel,userAgent,1
0021,LKUS_physical_order_cancel,countryCode,1
0021,LKUS_physical_order_cancel,totalOfMade,1
0021,LKUS_physical_order_cancel,reviewRepeat,1
0021,LKUS_physical_order_cancel,cidOriginEnum,1
0021,LKUS_physical_order_cancel,cancelTypeEnum,1
0021,LKUS_physical_order_cancel,recaptchaV3Token,1
0021,LKUS_physical_order_cancel,recaptchaV3Action,1
0021,LKUS_physical_order_cancel,recaptchaV3Enabled,1
0022,LKUS_push,ip,81
0022,LKUS_push,app,63
0022,LKUS_push,cid,81
0022,LKUS_push,uid,81
0022,LKUS_push,phone,81
0022,LKUS_push,tenant,81
0022,LKUS_push,version,81
0022,LKUS_push,uniqueKey,81
0022,LKUS_push,userAgent,81
0022,LKUS_push,countryCode,81
0022,LKUS_push,reviewRepeat,76
0022,LKUS_push,cidOriginEnum,81
0022,LKUS_push,recaptchaV3Token,76
0022,LKUS_push,recaptchaV3Action,76
0022,LKUS_push,recaptchaV3Enabled,76
0022,LKUS_physical_order_create,ip,83
0022,LKUS_physical_order_create,app,62
0022,LKUS_physical_order_create,cid,83
0022,LKUS_physical_order_create,uid,83
0022,LKUS_physical_order_create,phone,63
0022,LKUS_physical_order_create,shopId,83
0022,LKUS_physical_order_create,tenant,83
0022,LKUS_physical_order_create,userNo,83
0022,LKUS_physical_order_create,isGuest,83
0022,LKUS_physical_order_create,version,83
0022,LKUS_physical_order_create,latitude,62
0022,LKUS_physical_order_create,longitude,62
0022,LKUS_physical_order_create,orderType,83
0022,LKUS_physical_order_create,taxAmount,83
0022,LKUS_physical_order_create,uniqueKey,83
0022,LKUS_physical_order_create,userAgent,83
0022,LKUS_physical_order_create,couponList,83
0022,LKUS_physical_order_create,orderPrice,83
0022,LKUS_physical_order_create,countryCode,83
0022,LKUS_physical_order_create,shopAddress,83
0022,LKUS_physical_order_create,reviewRepeat,60
0022,LKUS_physical_order_create,shopCityName,83
0022,LKUS_physical_order_create,shopLatitude,83
0022,LKUS_physical_order_create,cidOriginEnum,83
0022,LKUS_physical_order_create,isTaxRequired,83
0022,LKUS_physical_order_create,orderProducts,83
0022,LKUS_physical_order_create,productAmount,83
0022,LKUS_physical_order_create,shopLongitude,83
0022,LKUS_physical_order_create,coffeeStoreList,83
0022,LKUS_physical_order_create,recaptchaV3Token,60
0022,LKUS_physical_order_create,packagingBagPrice,3
0022,LKUS_physical_order_create,recaptchaV3Action,60
0022,LKUS_physical_order_create,packagingBagNumber,3
0022,LKUS_physical_order_create,recaptchaV3Enabled,60
0022,LKUS_physical_order_create,packageOrderProducts,83
0022,LKUS_payment,ip,84
0022,LKUS_payment,app,62
0022,LKUS_payment,cid,84
0022,LKUS_payment,uid,84
0022,LKUS_payment,phone,63
0022,LKUS_payment,shopId,84
0022,LKUS_payment,tenant,84
0022,LKUS_payment,userNo,84
0022,LKUS_payment,isGuest,84
0022,LKUS_payment,orderNo,84
0022,LKUS_payment,payType,84
0022,LKUS_payment,version,84
0022,LKUS_payment,payMoney,84
0022,LKUS_payment,orderType,84
0022,LKUS_payment,taxAmount,84
0022,LKUS_payment,uniqueKey,84
0022,LKUS_payment,userAgent,84
0022,LKUS_payment,orderPrice,84
0022,LKUS_payment,countryCode,63
0022,LKUS_payment,reviewRepeat,60
0022,LKUS_payment,cidOriginEnum,84
0022,LKUS_payment,isTaxRequired,84
0022,LKUS_payment,orderProducts,84
0022,LKUS_payment,recaptchaV3Token,60
0022,LKUS_payment,packagingBagPrice,3
0022,LKUS_payment,recaptchaV3Action,60
0022,LKUS_payment,packagingBagNumber,3
0022,LKUS_payment,recaptchaV3Enabled,60
0022,LKUS_payment,packageOrderProducts,84
0022,LKUS_register,ip,8
0022,LKUS_register,app,4
0022,LKUS_register,cid,8
0022,LKUS_register,uid,8
0022,LKUS_register,phone,8
0022,LKUS_register,tenant,8
0022,LKUS_register,version,8
0022,LKUS_register,uniqueKey,8
0022,LKUS_register,userAgent,8
0022,LKUS_register,countryCode,8
0022,LKUS_register,reviewRepeat,5
0022,LKUS_register,cidOriginEnum,8
0022,LKUS_register,recaptchaV3Token,5
0022,LKUS_register,recaptchaV3Action,5
0022,LKUS_register,recaptchaV3Enabled,5
0022,LKUS_push,userNo,4
0022,LKUS_physical_order_cancel,ip,2
0022,LKUS_physical_order_cancel,app,2
0022,LKUS_physical_order_cancel,cid,2
0022,LKUS_physical_order_cancel,uid,2
0022,LKUS_physical_order_cancel,phone,2
0022,LKUS_physical_order_cancel,shopId,2
0022,LKUS_physical_order_cancel,tenant,2
0022,LKUS_physical_order_cancel,userNo,2
0022,LKUS_physical_order_cancel,isGuest,2
0022,LKUS_physical_order_cancel,orderNo,2
0022,LKUS_physical_order_cancel,version,2
0022,LKUS_physical_order_cancel,shopCity,2
0022,LKUS_physical_order_cancel,uniqueKey,2
0022,LKUS_physical_order_cancel,userAgent,2
0022,LKUS_physical_order_cancel,countryCode,2
0022,LKUS_physical_order_cancel,totalOfMade,2
0022,LKUS_physical_order_cancel,reviewRepeat,2
0022,LKUS_physical_order_cancel,cidOriginEnum,2
0022,LKUS_physical_order_cancel,cancelTypeEnum,2
0022,LKUS_physical_order_cancel,recaptchaV3Token,2
0022,LKUS_physical_order_cancel,recaptchaV3Action,2
0022,LKUS_physical_order_cancel,recaptchaV3Enabled,2
0022,LKUS_physical_order_create,did,21
0022,LKUS_physical_order_create,blackBox,21
0022,LKUS_physical_order_create,deviceId,21
0022,LKUS_grant_new_user_coupon,ip,6
0022,LKUS_grant_new_user_coupon,app,6
0022,LKUS_grant_new_user_coupon,cid,6
0022,LKUS_grant_new_user_coupon,uid,6
0022,LKUS_grant_new_user_coupon,phone,6
0022,LKUS_grant_new_user_coupon,extend,6
0022,LKUS_grant_new_user_coupon,tenant,6
0022,LKUS_grant_new_user_coupon,userNo,6
0022,LKUS_grant_new_user_coupon,sceneId,6
0022,LKUS_grant_new_user_coupon,version,6
0022,LKUS_grant_new_user_coupon,uniqueKey,6
0022,LKUS_grant_new_user_coupon,userAgent,6
0022,LKUS_grant_new_user_coupon,countryCode,6
0022,LKUS_grant_new_user_coupon,reviewRepeat,6
0022,LKUS_grant_new_user_coupon,cidOriginEnum,6
0022,LKUS_grant_new_user_coupon,recaptchaV3Token,6
0022,LKUS_grant_new_user_coupon,recaptchaV3Action,6
0022,LKUS_grant_new_user_coupon,recaptchaV3Enabled,6
0022,LKUS_login,ip,13
0022,LKUS_login,app,11
0022,LKUS_login,cid,13
0022,LKUS_login,uid,13
0022,LKUS_login,phone,13
0022,LKUS_login,tenant,13
0022,LKUS_login,userNo,13
0022,LKUS_login,version,13
0022,LKUS_login,uniqueKey,13
0022,LKUS_login,userAgent,13
0022,LKUS_login,countryCode,13
0022,LKUS_login,reviewRepeat,11
0022,LKUS_login,cidOriginEnum,13
0022,LKUS_login,recaptchaV3Token,11
0022,LKUS_login,recaptchaV3Action,11
0022,LKUS_login,recaptchaV3Enabled,11
0023,LKUS_push,ip,66
0023,LKUS_push,app,39
0023,LKUS_push,cid,66
0023,LKUS_push,uid,66
0023,LKUS_push,phone,66
0023,LKUS_push,tenant,66
0023,LKUS_push,version,66
0023,LKUS_push,uniqueKey,66
0023,LKUS_push,userAgent,66
0023,LKUS_push,countryCode,66
0023,LKUS_push,reviewRepeat,47
0023,LKUS_push,cidOriginEnum,66
0023,LKUS_push,recaptchaV3Token,46
0023,LKUS_push,recaptchaV3Action,46
0023,LKUS_push,recaptchaV3Enabled,47
0023,LKUS_login,ip,23
0023,LKUS_login,app,20
0023,LKUS_login,cid,23
0023,LKUS_login,uid,23
0023,LKUS_login,phone,23
0023,LKUS_login,tenant,23
0023,LKUS_login,userNo,23
0023,LKUS_login,version,23
0023,LKUS_login,uniqueKey,23
0023,LKUS_login,userAgent,23
0023,LKUS_login,countryCode,23
0023,LKUS_login,reviewRepeat,22
0023,LKUS_login,cidOriginEnum,23
0023,LKUS_login,recaptchaV3Token,22
0023,LKUS_login,recaptchaV3Action,22
0023,LKUS_login,recaptchaV3Enabled,22
0023,LKUS_grant_new_user_coupon,ip,13
0023,LKUS_grant_new_user_coupon,app,12
0023,LKUS_grant_new_user_coupon,cid,13
0023,LKUS_grant_new_user_coupon,uid,13
0023,LKUS_grant_new_user_coupon,phone,13
0023,LKUS_grant_new_user_coupon,extend,13
0023,LKUS_grant_new_user_coupon,tenant,13
0023,LKUS_grant_new_user_coupon,userNo,13
0023,LKUS_grant_new_user_coupon,sceneId,13
0023,LKUS_grant_new_user_coupon,version,13
0023,LKUS_grant_new_user_coupon,uniqueKey,13
0023,LKUS_grant_new_user_coupon,userAgent,13
0023,LKUS_grant_new_user_coupon,countryCode,13
0023,LKUS_grant_new_user_coupon,reviewRepeat,13
0023,LKUS_grant_new_user_coupon,cidOriginEnum,13
0023,LKUS_grant_new_user_coupon,recaptchaV3Token,13
0023,LKUS_grant_new_user_coupon,recaptchaV3Action,13
0023,LKUS_grant_new_user_coupon,recaptchaV3Enabled,13
0023,LKUS_physical_order_create,ip,94
0023,LKUS_physical_order_create,app,73
0023,LKUS_physical_order_create,cid,94
0023,LKUS_physical_order_create,uid,94
0023,LKUS_physical_order_create,phone,74
0023,LKUS_physical_order_create,shopId,94
0023,LKUS_physical_order_create,tenant,94
0023,LKUS_physical_order_create,userNo,94
0023,LKUS_physical_order_create,isGuest,94
0023,LKUS_physical_order_create,version,94
0023,LKUS_physical_order_create,latitude,73
0023,LKUS_physical_order_create,longitude,73
0023,LKUS_physical_order_create,orderType,94
0023,LKUS_physical_order_create,taxAmount,94
0023,LKUS_physical_order_create,uniqueKey,94
0023,LKUS_physical_order_create,userAgent,94
0023,LKUS_physical_order_create,couponList,94
0023,LKUS_physical_order_create,orderPrice,94
0023,LKUS_physical_order_create,countryCode,94
0023,LKUS_physical_order_create,shopAddress,94
0023,LKUS_physical_order_create,reviewRepeat,68
0023,LKUS_physical_order_create,shopCityName,94
0023,LKUS_physical_order_create,shopLatitude,94
0023,LKUS_physical_order_create,cidOriginEnum,94
0023,LKUS_physical_order_create,isTaxRequired,94
0023,LKUS_physical_order_create,orderProducts,94
0023,LKUS_physical_order_create,productAmount,94
0023,LKUS_physical_order_create,shopLongitude,94
0023,LKUS_physical_order_create,coffeeStoreList,94
0023,LKUS_physical_order_create,recaptchaV3Token,68
0023,LKUS_physical_order_create,recaptchaV3Action,68
0023,LKUS_physical_order_create,recaptchaV3Enabled,68
0023,LKUS_physical_order_create,packageOrderProducts,94
0023,LKUS_payment,ip,92
0023,LKUS_payment,app,71
0023,LKUS_payment,cid,92
0023,LKUS_payment,uid,92
0023,LKUS_payment,phone,71
0023,LKUS_payment,shopId,92
0023,LKUS_payment,tenant,92
0023,LKUS_payment,userNo,92
0023,LKUS_payment,isGuest,92
0023,LKUS_payment,orderNo,92
0023,LKUS_payment,payType,92
0023,LKUS_payment,version,92
0023,LKUS_payment,payMoney,92
0023,LKUS_payment,orderType,92
0023,LKUS_payment,taxAmount,92
0023,LKUS_payment,uniqueKey,92
0023,LKUS_payment,userAgent,92
0023,LKUS_payment,orderPrice,92
0023,LKUS_payment,countryCode,71
0023,LKUS_payment,reviewRepeat,67
0023,LKUS_payment,cidOriginEnum,92
0023,LKUS_payment,isTaxRequired,92
0023,LKUS_payment,orderProducts,92
0023,LKUS_payment,recaptchaV3Token,67
0023,LKUS_payment,recaptchaV3Action,67
0023,LKUS_payment,recaptchaV3Enabled,67
0023,LKUS_payment,packageOrderProducts,92
0023,LKUS_physical_order_create,did,21
0023,LKUS_physical_order_create,blackBox,21
0023,LKUS_physical_order_create,deviceId,21
0023,LKUS_physical_order_create,packagingBagPrice,1
0023,LKUS_physical_order_create,packagingBagNumber,1
0023,LKUS_payment,packagingBagPrice,1
0023,LKUS_payment,packagingBagNumber,1
0023,LKUS_register,ip,8
0023,LKUS_register,cid,8
0023,LKUS_register,uid,8
0023,LKUS_register,phone,8
0023,LKUS_register,tenant,8
0023,LKUS_register,version,8
0023,LKUS_register,uniqueKey,8
0023,LKUS_register,userAgent,8
0023,LKUS_register,countryCode,8
0023,LKUS_register,reviewRepeat,8
0023,LKUS_register,cidOriginEnum,8
0023,LKUS_register,recaptchaV3Token,8
0023,LKUS_register,recaptchaV3Action,8
0023,LKUS_register,recaptchaV3Enabled,8
0023,LKUS_register,app,7
0023,LKUS_push,userNo,1
0023,LKUS_physical_order_cancel,ip,1
0023,LKUS_physical_order_cancel,app,1
0023,LKUS_physical_order_cancel,cid,1
0023,LKUS_physical_order_cancel,uid,1
0023,LKUS_physical_order_cancel,phone,1
0023,LKUS_physical_order_cancel,shopId,1
0023,LKUS_physical_order_cancel,tenant,1
0023,LKUS_physical_order_cancel,userNo,1
0023,LKUS_physical_order_cancel,isGuest,1
0023,LKUS_physical_order_cancel,orderNo,1
0023,LKUS_physical_order_cancel,version,1
0023,LKUS_physical_order_cancel,shopCity,1
0023,LKUS_physical_order_cancel,uniqueKey,1
0023,LKUS_physical_order_cancel,userAgent,1
0023,LKUS_physical_order_cancel,countryCode,1
0023,LKUS_physical_order_cancel,totalOfMade,1
0023,LKUS_physical_order_cancel,reviewRepeat,1
0023,LKUS_physical_order_cancel,cidOriginEnum,1
0023,LKUS_physical_order_cancel,cancelTypeEnum,1
0023,LKUS_physical_order_cancel,recaptchaV3Token,1
0023,LKUS_physical_order_cancel,recaptchaV3Action,1
0023,LKUS_physical_order_cancel,recaptchaV3Enabled,1
0023,LKUS_captcha,ip,1
0023,LKUS_captcha,cid,1
0023,LKUS_captcha,uid,1
0023,LKUS_captcha,event,1
0023,LKUS_captcha,phone,1
0023,LKUS_captcha,tenant,1
0023,LKUS_captcha,isGuest,1
0023,LKUS_captcha,version,1
0023,LKUS_captcha,uniqueKey,1
0023,LKUS_captcha,userAgent,1
0023,LKUS_captcha,countryCode,1
0023,LKUS_captcha,reviewRepeat,1
0023,LKUS_captcha,cidOriginEnum,1
0023,LKUS_captcha,verifyCodeType,1
0023,LKUS_captcha,recaptchaV3Token,1
0023,LKUS_captcha,verifyCodeParams,1
0023,LKUS_captcha,recaptchaV3Action,1
0024,LKUS_push,ip,54
0024,LKUS_push,app,49
0024,LKUS_push,cid,54
0024,LKUS_push,uid,54
0024,LKUS_push,phone,54
0024,LKUS_push,tenant,54
0024,LKUS_push,version,54
0024,LKUS_push,uniqueKey,54
0024,LKUS_push,userAgent,54
0024,LKUS_push,countryCode,54
0024,LKUS_push,reviewRepeat,49
0024,LKUS_push,cidOriginEnum,54
0024,LKUS_push,recaptchaV3Token,49
0024,LKUS_push,recaptchaV3Action,49
0024,LKUS_push,recaptchaV3Enabled,49
0024,LKUS_physical_order_create,ip,91
0024,LKUS_physical_order_create,app,74
0024,LKUS_physical_order_create,cid,91
0024,LKUS_physical_order_create,uid,91
0024,LKUS_physical_order_create,phone,76
0024,LKUS_physical_order_create,shopId,91
0024,LKUS_physical_order_create,tenant,91
0024,LKUS_physical_order_create,userNo,91
0024,LKUS_physical_order_create,isGuest,91
0024,LKUS_physical_order_create,version,91
0024,LKUS_physical_order_create,latitude,75
0024,LKUS_physical_order_create,longitude,75
0024,LKUS_physical_order_create,orderType,91
0024,LKUS_physical_order_create,taxAmount,91
0024,LKUS_physical_order_create,uniqueKey,91
0024,LKUS_physical_order_create,userAgent,91
0024,LKUS_physical_order_create,couponList,91
0024,LKUS_physical_order_create,orderPrice,91
0024,LKUS_physical_order_create,countryCode,91
0024,LKUS_physical_order_create,shopAddress,91
0024,LKUS_physical_order_create,reviewRepeat,70
0024,LKUS_physical_order_create,shopCityName,91
0024,LKUS_physical_order_create,shopLatitude,91
0024,LKUS_physical_order_create,cidOriginEnum,91
0024,LKUS_physical_order_create,isTaxRequired,91
0024,LKUS_physical_order_create,orderProducts,91
0024,LKUS_physical_order_create,productAmount,91
0024,LKUS_physical_order_create,shopLongitude,91
0024,LKUS_physical_order_create,coffeeStoreList,91
0024,LKUS_physical_order_create,recaptchaV3Token,70
0024,LKUS_physical_order_create,recaptchaV3Action,70
0024,LKUS_physical_order_create,recaptchaV3Enabled,70
0024,LKUS_physical_order_create,packageOrderProducts,91
0024,LKUS_payment,ip,86
0024,LKUS_payment,app,69
0024,LKUS_payment,cid,86
0024,LKUS_payment,uid,86
0024,LKUS_payment,phone,71
0024,LKUS_payment,shopId,86
0024,LKUS_payment,tenant,86
0024,LKUS_payment,userNo,86
0024,LKUS_payment,isGuest,86
0024,LKUS_payment,orderNo,86
0024,LKUS_payment,payType,86
0024,LKUS_payment,version,86
0024,LKUS_payment,payMoney,86
0024,LKUS_payment,orderType,86
0024,LKUS_payment,taxAmount,86
0024,LKUS_payment,uniqueKey,86
0024,LKUS_payment,userAgent,86
0024,LKUS_payment,orderPrice,86
0024,LKUS_payment,countryCode,71
0024,LKUS_payment,reviewRepeat,65
0024,LKUS_payment,cidOriginEnum,86
0024,LKUS_payment,isTaxRequired,86
0024,LKUS_payment,orderProducts,86
0024,LKUS_payment,recaptchaV3Token,65
0024,LKUS_payment,recaptchaV3Action,65
0024,LKUS_payment,recaptchaV3Enabled,65
0024,LKUS_payment,packageOrderProducts,86
0024,LKUS_login,ip,15
0024,LKUS_login,cid,15
0024,LKUS_login,uid,15
0024,LKUS_login,phone,15
0024,LKUS_login,tenant,15
0024,LKUS_login,userNo,15
0024,LKUS_login,version,15
0024,LKUS_login,uniqueKey,15
0024,LKUS_login,userAgent,15
0024,LKUS_login,countryCode,15
0024,LKUS_login,reviewRepeat,14
0024,LKUS_login,cidOriginEnum,15
0024,LKUS_login,recaptchaV3Token,14
0024,LKUS_login,recaptchaV3Action,14
0024,LKUS_login,recaptchaV3Enabled,14
0024,LKUS_physical_order_create,packagingBagPrice,3
0024,LKUS_physical_order_create,packagingBagNumber,3
0024,LKUS_payment,packagingBagPrice,3
0024,LKUS_payment,packagingBagNumber,3
0024,LKUS_physical_order_create,did,16
0024,LKUS_physical_order_create,blackBox,16
0024,LKUS_physical_order_create,deviceId,16
0024,LKUS_login,app,13
0024,LKUS_register,ip,10
0024,LKUS_register,app,8
0024,LKUS_register,cid,10
0024,LKUS_register,uid,10
0024,LKUS_register,phone,10
0024,LKUS_register,tenant,10
0024,LKUS_register,version,10
0024,LKUS_register,uniqueKey,10
0024,LKUS_register,userAgent,10
0024,LKUS_register,countryCode,10
0024,LKUS_register,reviewRepeat,10
0024,LKUS_register,cidOriginEnum,10
0024,LKUS_register,recaptchaV3Token,10
0024,LKUS_register,recaptchaV3Action,10
0024,LKUS_register,recaptchaV3Enabled,10
0024,LKUS_grant_new_user_coupon,ip,6
0024,LKUS_grant_new_user_coupon,app,6
0024,LKUS_grant_new_user_coupon,cid,6
0024,LKUS_grant_new_user_coupon,uid,6
0024,LKUS_grant_new_user_coupon,phone,6
0024,LKUS_grant_new_user_coupon,extend,6
0024,LKUS_grant_new_user_coupon,tenant,6
0024,LKUS_grant_new_user_coupon,userNo,6
0024,LKUS_grant_new_user_coupon,sceneId,6
0024,LKUS_grant_new_user_coupon,version,6
0024,LKUS_grant_new_user_coupon,uniqueKey,6
0024,LKUS_grant_new_user_coupon,userAgent,6
0024,LKUS_grant_new_user_coupon,countryCode,6
0024,LKUS_grant_new_user_coupon,reviewRepeat,6
0024,LKUS_grant_new_user_coupon,cidOriginEnum,6
0024,LKUS_grant_new_user_coupon,recaptchaV3Token,6
0024,LKUS_grant_new_user_coupon,recaptchaV3Action,6
0024,LKUS_grant_new_user_coupon,recaptchaV3Enabled,6
0024,LKUS_push,email,2
0024,LKUS_push,userNo,2
0025,LKUS_push,ip,51
0025,LKUS_push,app,36
0025,LKUS_push,cid,51
0025,LKUS_push,uid,51
0025,LKUS_push,phone,51
0025,LKUS_push,tenant,51
0025,LKUS_push,version,51
0025,LKUS_push,uniqueKey,51
0025,LKUS_push,userAgent,51
0025,LKUS_push,countryCode,51
0025,LKUS_push,reviewRepeat,36
0025,LKUS_push,cidOriginEnum,51
0025,LKUS_push,recaptchaV3Token,36
0025,LKUS_push,recaptchaV3Action,36
0025,LKUS_push,recaptchaV3Enabled,36
0025,LKUS_physical_order_create,ip,96
0025,LKUS_physical_order_create,app,78
0025,LKUS_physical_order_create,cid,96
0025,LKUS_physical_order_create,uid,96
0025,LKUS_physical_order_create,phone,81
0025,LKUS_physical_order_create,shopId,96
0025,LKUS_physical_order_create,tenant,96
0025,LKUS_physical_order_create,userNo,96
0025,LKUS_physical_order_create,isGuest,96
0025,LKUS_physical_order_create,version,96
0025,LKUS_physical_order_create,latitude,82
0025,LKUS_physical_order_create,longitude,82
0025,LKUS_physical_order_create,orderType,96
0025,LKUS_physical_order_create,taxAmount,96
0025,LKUS_physical_order_create,uniqueKey,96
0025,LKUS_physical_order_create,userAgent,96
0025,LKUS_physical_order_create,couponList,96
0025,LKUS_physical_order_create,orderPrice,96
0025,LKUS_physical_order_create,countryCode,96
0025,LKUS_physical_order_create,shopAddress,96
0025,LKUS_physical_order_create,reviewRepeat,75
0025,LKUS_physical_order_create,shopCityName,96
0025,LKUS_physical_order_create,shopLatitude,96
0025,LKUS_physical_order_create,cidOriginEnum,96
0025,LKUS_physical_order_create,isTaxRequired,96
0025,LKUS_physical_order_create,orderProducts,96
0025,LKUS_physical_order_create,productAmount,96
0025,LKUS_physical_order_create,shopLongitude,96
0025,LKUS_physical_order_create,coffeeStoreList,96
0025,LKUS_physical_order_create,recaptchaV3Token,75
0025,LKUS_physical_order_create,recaptchaV3Action,75
0025,LKUS_physical_order_create,recaptchaV3Enabled,75
0025,LKUS_physical_order_create,packageOrderProducts,96
0025,LKUS_payment,ip,93
0025,LKUS_payment,app,75
0025,LKUS_payment,cid,93
0025,LKUS_payment,uid,93
0025,LKUS_payment,phone,78
0025,LKUS_payment,shopId,93
0025,LKUS_payment,tenant,93
0025,LKUS_payment,userNo,93
0025,LKUS_payment,isGuest,93
0025,LKUS_payment,orderNo,93
0025,LKUS_payment,payType,93
0025,LKUS_payment,version,93
0025,LKUS_payment,payMoney,93
0025,LKUS_payment,orderType,93
0025,LKUS_payment,taxAmount,93
0025,LKUS_payment,uniqueKey,93
0025,LKUS_payment,userAgent,93
0025,LKUS_payment,orderPrice,93
0025,LKUS_payment,countryCode,78
0025,LKUS_payment,reviewRepeat,73
0025,LKUS_payment,cidOriginEnum,93
0025,LKUS_payment,isTaxRequired,93
0025,LKUS_payment,orderProducts,93
0025,LKUS_payment,recaptchaV3Token,73
0025,LKUS_payment,recaptchaV3Action,73
0025,LKUS_payment,recaptchaV3Enabled,73
0025,LKUS_payment,packageOrderProducts,93
0025,LKUS_login,ip,16
0025,LKUS_login,app,13
0025,LKUS_login,cid,16
0025,LKUS_login,uid,16
0025,LKUS_login,phone,16
0025,LKUS_login,tenant,16
0025,LKUS_login,userNo,16
0025,LKUS_login,version,16
0025,LKUS_login,uniqueKey,16
0025,LKUS_login,userAgent,16
0025,LKUS_login,countryCode,16
0025,LKUS_login,reviewRepeat,15
0025,LKUS_login,cidOriginEnum,16
0025,LKUS_login,recaptchaV3Token,15
0025,LKUS_login,recaptchaV3Action,15
0025,LKUS_login,recaptchaV3Enabled,15
0025,LKUS_grant_new_user_coupon,ip,10
0025,LKUS_grant_new_user_coupon,app,8
0025,LKUS_grant_new_user_coupon,cid,10
0025,LKUS_grant_new_user_coupon,uid,10
0025,LKUS_grant_new_user_coupon,phone,10
0025,LKUS_grant_new_user_coupon,extend,10
0025,LKUS_grant_new_user_coupon,tenant,10
0025,LKUS_grant_new_user_coupon,userNo,10
0025,LKUS_grant_new_user_coupon,sceneId,10
0025,LKUS_grant_new_user_coupon,version,10
0025,LKUS_grant_new_user_coupon,uniqueKey,10
0025,LKUS_grant_new_user_coupon,userAgent,10
0025,LKUS_grant_new_user_coupon,countryCode,10
0025,LKUS_grant_new_user_coupon,reviewRepeat,10
0025,LKUS_grant_new_user_coupon,cidOriginEnum,10
0025,LKUS_grant_new_user_coupon,recaptchaV3Token,10
0025,LKUS_grant_new_user_coupon,recaptchaV3Action,10
0025,LKUS_grant_new_user_coupon,recaptchaV3Enabled,10
0025,LKUS_physical_order_create,did,14
0025,LKUS_physical_order_create,blackBox,14
0025,LKUS_physical_order_create,deviceId,14
0025,LKUS_register,ip,4
0025,LKUS_register,app,4
0025,LKUS_register,cid,4
0025,LKUS_register,uid,4
0025,LKUS_register,phone,4
0025,LKUS_register,tenant,4
0025,LKUS_register,version,4
0025,LKUS_register,uniqueKey,4
0025,LKUS_register,userAgent,4
0025,LKUS_register,countryCode,4
0025,LKUS_register,reviewRepeat,4
0025,LKUS_register,cidOriginEnum,4
0025,LKUS_register,recaptchaV3Token,4
0025,LKUS_register,recaptchaV3Action,4
0025,LKUS_register,recaptchaV3Enabled,4
0025,LKUS_push,userNo,4
0025,LKUS_physical_order_create,packagingBagPrice,1
0025,LKUS_physical_order_create,packagingBagNumber,1
0025,LKUS_payment,packagingBagPrice,1
0025,LKUS_payment,packagingBagNumber,1
0025,LKUS_physical_order_cancel,ip,1
0025,LKUS_physical_order_cancel,app,1
0025,LKUS_physical_order_cancel,cid,1
0025,LKUS_physical_order_cancel,uid,1
0025,LKUS_physical_order_cancel,phone,1
0025,LKUS_physical_order_cancel,shopId,1
0025,LKUS_physical_order_cancel,tenant,1
0025,LKUS_physical_order_cancel,userNo,1
0025,LKUS_physical_order_cancel,isGuest,1
0025,LKUS_physical_order_cancel,orderNo,1
0025,LKUS_physical_order_cancel,version,1
0025,LKUS_physical_order_cancel,shopCity,1
0025,LKUS_physical_order_cancel,uniqueKey,1
0025,LKUS_physical_order_cancel,userAgent,1
0025,LKUS_physical_order_cancel,countryCode,1
0025,LKUS_physical_order_cancel,totalOfMade,1
0025,LKUS_physical_order_cancel,reviewRepeat,1
0025,LKUS_physical_order_cancel,cidOriginEnum,1
0025,LKUS_physical_order_cancel,cancelTypeEnum,1
0025,LKUS_physical_order_cancel,recaptchaV3Token,1
0025,LKUS_physical_order_cancel,recaptchaV3Action,1
0025,LKUS_physical_order_cancel,recaptchaV3Enabled,1
0026,LKUS_push,ip,53
0026,LKUS_push,app,45
0026,LKUS_push,cid,53
0026,LKUS_push,uid,53
0026,LKUS_push,phone,53
0026,LKUS_push,tenant,53
0026,LKUS_push,version,53
0026,LKUS_push,uniqueKey,53
0026,LKUS_push,userAgent,53
0026,LKUS_push,countryCode,53
0026,LKUS_push,reviewRepeat,48
0026,LKUS_push,cidOriginEnum,53
0026,LKUS_push,recaptchaV3Token,47
0026,LKUS_push,recaptchaV3Action,47
0026,LKUS_push,recaptchaV3Enabled,48
0026,LKUS_login,ip,21
0026,LKUS_login,app,16
0026,LKUS_login,cid,21
0026,LKUS_login,uid,21
0026,LKUS_login,phone,21
0026,LKUS_login,tenant,21
0026,LKUS_login,userNo,21
0026,LKUS_login,version,21
0026,LKUS_login,uniqueKey,21
0026,LKUS_login,userAgent,21
0026,LKUS_login,countryCode,21
0026,LKUS_login,reviewRepeat,21
0026,LKUS_login,cidOriginEnum,21
0026,LKUS_login,recaptchaV3Token,21
0026,LKUS_login,recaptchaV3Action,21
0026,LKUS_login,recaptchaV3Enabled,21
0026,LKUS_physical_order_create,ip,99
0026,LKUS_physical_order_create,app,83
0026,LKUS_physical_order_create,cid,99
0026,LKUS_physical_order_create,uid,99
0026,LKUS_physical_order_create,phone,86
0026,LKUS_physical_order_create,shopId,99
0026,LKUS_physical_order_create,tenant,99
0026,LKUS_physical_order_create,userNo,99
0026,LKUS_physical_order_create,isGuest,99
0026,LKUS_physical_order_create,version,99
0026,LKUS_physical_order_create,latitude,87
0026,LKUS_physical_order_create,longitude,87
0026,LKUS_physical_order_create,orderType,99
0026,LKUS_physical_order_create,taxAmount,99
0026,LKUS_physical_order_create,uniqueKey,99
0026,LKUS_physical_order_create,userAgent,99
0026,LKUS_physical_order_create,couponList,99
0026,LKUS_physical_order_create,orderPrice,98
0026,LKUS_physical_order_create,countryCode,99
0026,LKUS_physical_order_create,shopAddress,99
0026,LKUS_physical_order_create,reviewRepeat,80
0026,LKUS_physical_order_create,shopCityName,99
0026,LKUS_physical_order_create,shopLatitude,99
0026,LKUS_physical_order_create,cidOriginEnum,99
0026,LKUS_physical_order_create,isTaxRequired,99
0026,LKUS_physical_order_create,orderProducts,99
0026,LKUS_physical_order_create,productAmount,99
0026,LKUS_physical_order_create,shopLongitude,99
0026,LKUS_physical_order_create,coffeeStoreList,99
0026,LKUS_physical_order_create,recaptchaV3Token,80
0026,LKUS_physical_order_create,recaptchaV3Action,80
0026,LKUS_physical_order_create,recaptchaV3Enabled,80
0026,LKUS_physical_order_create,packageOrderProducts,99
0026,LKUS_payment,ip,99
0026,LKUS_payment,app,83
0026,LKUS_payment,cid,99
0026,LKUS_payment,uid,99
0026,LKUS_payment,phone,86
0026,LKUS_payment,shopId,99
0026,LKUS_payment,tenant,99
0026,LKUS_payment,userNo,99
0026,LKUS_payment,isGuest,99
0026,LKUS_payment,orderNo,99
0026,LKUS_payment,payType,99
0026,LKUS_payment,version,99
0026,LKUS_payment,payMoney,99
0026,LKUS_payment,orderType,99
0026,LKUS_payment,taxAmount,99
0026,LKUS_payment,uniqueKey,99
0026,LKUS_payment,userAgent,99
0026,LKUS_payment,orderPrice,99
0026,LKUS_payment,countryCode,86
0026,LKUS_payment,reviewRepeat,81
0026,LKUS_payment,cidOriginEnum,99
0026,LKUS_payment,isTaxRequired,99
0026,LKUS_payment,orderProducts,99
0026,LKUS_payment,recaptchaV3Token,81
0026,LKUS_payment,recaptchaV3Action,81
0026,LKUS_payment,recaptchaV3Enabled,81
0026,LKUS_payment,packageOrderProducts,99
0026,LKUS_push,userNo,1
0026,LKUS_physical_order_cancel,ip,2
0026,LKUS_physical_order_cancel,app,2
0026,LKUS_physical_order_cancel,cid,2
0026,LKUS_physical_order_cancel,uid,2
0026,LKUS_physical_order_cancel,phone,2
0026,LKUS_physical_order_cancel,shopId,2
0026,LKUS_physical_order_cancel,tenant,2
0026,LKUS_physical_order_cancel,userNo,2
0026,LKUS_physical_order_cancel,isGuest,2
0026,LKUS_physical_order_cancel,orderNo,2
0026,LKUS_physical_order_cancel,version,2
0026,LKUS_physical_order_cancel,shopCity,2
0026,LKUS_physical_order_cancel,uniqueKey,2
0026,LKUS_physical_order_cancel,userAgent,2
0026,LKUS_physical_order_cancel,countryCode,2
0026,LKUS_physical_order_cancel,totalOfMade,2
0026,LKUS_physical_order_cancel,cidOriginEnum,2
0026,LKUS_physical_order_cancel,cancelTypeEnum,2
0026,LKUS_register,ip,6
0026,LKUS_register,app,5
0026,LKUS_register,cid,6
0026,LKUS_register,uid,6
0026,LKUS_register,phone,6
0026,LKUS_register,tenant,6
0026,LKUS_register,version,6
0026,LKUS_register,uniqueKey,6
0026,LKUS_register,userAgent,6
0026,LKUS_register,countryCode,6
0026,LKUS_register,reviewRepeat,6
0026,LKUS_register,cidOriginEnum,6
0026,LKUS_register,recaptchaV3Token,6
0026,LKUS_register,recaptchaV3Action,6
0026,LKUS_register,recaptchaV3Enabled,6
0026,LKUS_physical_order_cancel,reviewRepeat,1
0026,LKUS_physical_order_cancel,recaptchaV3Token,1
0026,LKUS_physical_order_cancel,recaptchaV3Action,1
0026,LKUS_physical_order_cancel,recaptchaV3Enabled,1
0026,LKUS_physical_order_create,packagingBagPrice,4
0026,LKUS_physical_order_create,packagingBagNumber,4
0026,LKUS_payment,packagingBagPrice,4
0026,LKUS_payment,packagingBagNumber,4
0026,LKUS_physical_order_create,did,12
0026,LKUS_physical_order_create,blackBox,12
0026,LKUS_physical_order_create,deviceId,12
0026,LKUS_grant_new_user_coupon,ip,13
0026,LKUS_grant_new_user_coupon,cid,13
0026,LKUS_grant_new_user_coupon,uid,13
0026,LKUS_grant_new_user_coupon,phone,13
0026,LKUS_grant_new_user_coupon,extend,13
0026,LKUS_grant_new_user_coupon,tenant,13
0026,LKUS_grant_new_user_coupon,userNo,13
0026,LKUS_grant_new_user_coupon,sceneId,13
0026,LKUS_grant_new_user_coupon,version,13
0026,LKUS_grant_new_user_coupon,uniqueKey,13
0026,LKUS_grant_new_user_coupon,userAgent,13
0026,LKUS_grant_new_user_coupon,countryCode,13
0026,LKUS_grant_new_user_coupon,reviewRepeat,13
0026,LKUS_grant_new_user_coupon,cidOriginEnum,13
0026,LKUS_grant_new_user_coupon,recaptchaV3Token,13
0026,LKUS_grant_new_user_coupon,recaptchaV3Action,13
0026,LKUS_grant_new_user_coupon,recaptchaV3Enabled,13
0026,LKUS_grant_new_user_coupon,app,8
0026,LKUS_captcha,ip,1
0026,LKUS_captcha,cid,1
0026,LKUS_captcha,uid,1
0026,LKUS_captcha,event,1
0026,LKUS_captcha,phone,1
0026,LKUS_captcha,tenant,1
0026,LKUS_captcha,isGuest,1
0026,LKUS_captcha,version,1
0026,LKUS_captcha,uniqueKey,1
0026,LKUS_captcha,userAgent,1
0026,LKUS_captcha,countryCode,1
0026,LKUS_captcha,reviewRepeat,1
0026,LKUS_captcha,cidOriginEnum,1
0026,LKUS_captcha,verifyCodeType,1
0026,LKUS_captcha,recaptchaV3Token,1
0026,LKUS_captcha,verifyCodeParams,1
0026,LKUS_captcha,recaptchaV3Action,1
0027,LKUS_push,ip,51
0027,LKUS_push,app,47
0027,LKUS_push,cid,51
0027,LKUS_push,uid,51
0027,LKUS_push,phone,51
0027,LKUS_push,tenant,51
0027,LKUS_push,version,51
0027,LKUS_push,uniqueKey,51
0027,LKUS_push,userAgent,51
0027,LKUS_push,countryCode,51
0027,LKUS_push,reviewRepeat,48
0027,LKUS_push,cidOriginEnum,51
0027,LKUS_push,recaptchaV3Token,48
0027,LKUS_push,recaptchaV3Action,48
0027,LKUS_push,recaptchaV3Enabled,48
0027,LKUS_login,ip,14
0027,LKUS_login,app,11
0027,LKUS_login,cid,14
0027,LKUS_login,uid,14
0027,LKUS_login,phone,14
0027,LKUS_login,tenant,14
0027,LKUS_login,userNo,14
0027,LKUS_login,version,14
0027,LKUS_login,uniqueKey,14
0027,LKUS_login,userAgent,14
0027,LKUS_login,countryCode,14
0027,LKUS_login,reviewRepeat,14
0027,LKUS_login,cidOriginEnum,14
0027,LKUS_login,recaptchaV3Token,14
0027,LKUS_login,recaptchaV3Action,14
0027,LKUS_login,recaptchaV3Enabled,14
0027,LKUS_register,ip,11
0027,LKUS_register,app,11
0027,LKUS_register,cid,11
0027,LKUS_register,uid,11
0027,LKUS_register,phone,11
0027,LKUS_register,tenant,11
0027,LKUS_register,version,11
0027,LKUS_register,uniqueKey,11
0027,LKUS_register,userAgent,11
0027,LKUS_register,countryCode,11
0027,LKUS_register,reviewRepeat,11
0027,LKUS_register,cidOriginEnum,11
0027,LKUS_register,recaptchaV3Token,11
0027,LKUS_register,recaptchaV3Action,11
0027,LKUS_register,recaptchaV3Enabled,11
0027,LKUS_physical_order_create,ip,75
0027,LKUS_physical_order_create,app,60
0027,LKUS_physical_order_create,cid,75
0027,LKUS_physical_order_create,uid,75
0027,LKUS_physical_order_create,phone,61
0027,LKUS_physical_order_create,shopId,75
0027,LKUS_physical_order_create,tenant,75
0027,LKUS_physical_order_create,userNo,75
0027,LKUS_physical_order_create,isGuest,75
0027,LKUS_physical_order_create,version,75
0027,LKUS_physical_order_create,latitude,62
0027,LKUS_physical_order_create,longitude,62
0027,LKUS_physical_order_create,orderType,75
0027,LKUS_physical_order_create,taxAmount,75
0027,LKUS_physical_order_create,uniqueKey,75
0027,LKUS_physical_order_create,userAgent,75
0027,LKUS_physical_order_create,couponList,75
0027,LKUS_physical_order_create,orderPrice,75
0027,LKUS_physical_order_create,countryCode,75
0027,LKUS_physical_order_create,shopAddress,75
0027,LKUS_physical_order_create,reviewRepeat,59
0027,LKUS_physical_order_create,shopCityName,75
0027,LKUS_physical_order_create,shopLatitude,75
0027,LKUS_physical_order_create,cidOriginEnum,75
0027,LKUS_physical_order_create,isTaxRequired,75
0027,LKUS_physical_order_create,orderProducts,75
0027,LKUS_physical_order_create,productAmount,75
0027,LKUS_physical_order_create,shopLongitude,75
0027,LKUS_physical_order_create,coffeeStoreList,75
0027,LKUS_physical_order_create,recaptchaV3Token,59
0027,LKUS_physical_order_create,recaptchaV3Action,59
0027,LKUS_physical_order_create,recaptchaV3Enabled,59
0027,LKUS_physical_order_create,packageOrderProducts,75
0027,LKUS_payment,ip,73
0027,LKUS_payment,app,58
0027,LKUS_payment,cid,73
0027,LKUS_payment,uid,73
0027,LKUS_payment,phone,59
0027,LKUS_payment,shopId,73
0027,LKUS_payment,tenant,73
0027,LKUS_payment,userNo,73
0027,LKUS_payment,isGuest,73
0027,LKUS_payment,orderNo,73
0027,LKUS_payment,payType,73
0027,LKUS_payment,version,73
0027,LKUS_payment,payMoney,73
0027,LKUS_payment,orderType,73
0027,LKUS_payment,taxAmount,73
0027,LKUS_payment,uniqueKey,73
0027,LKUS_payment,userAgent,73
0027,LKUS_payment,orderPrice,73
0027,LKUS_payment,countryCode,59
0027,LKUS_payment,reviewRepeat,56
0027,LKUS_payment,cidOriginEnum,73
0027,LKUS_payment,isTaxRequired,73
0027,LKUS_payment,orderProducts,73
0027,LKUS_payment,recaptchaV3Token,56
0027,LKUS_payment,recaptchaV3Action,56
0027,LKUS_payment,recaptchaV3Enabled,56
0027,LKUS_payment,packageOrderProducts,73
0027,LKUS_physical_order_create,did,13
0027,LKUS_physical_order_create,blackBox,13
0027,LKUS_physical_order_create,deviceId,13
0027,LKUS_grant_new_user_coupon,ip,9
0027,LKUS_grant_new_user_coupon,app,6
0027,LKUS_grant_new_user_coupon,cid,9
0027,LKUS_grant_new_user_coupon,uid,9
0027,LKUS_grant_new_user_coupon,phone,9
0027,LKUS_grant_new_user_coupon,extend,9
0027,LKUS_grant_new_user_coupon,tenant,9
0027,LKUS_grant_new_user_coupon,userNo,9
0027,LKUS_grant_new_user_coupon,sceneId,9
0027,LKUS_grant_new_user_coupon,version,9
0027,LKUS_grant_new_user_coupon,uniqueKey,9
0027,LKUS_grant_new_user_coupon,userAgent,9
0027,LKUS_grant_new_user_coupon,countryCode,9
0027,LKUS_grant_new_user_coupon,reviewRepeat,9
0027,LKUS_grant_new_user_coupon,cidOriginEnum,9
0027,LKUS_grant_new_user_coupon,recaptchaV3Token,9
0027,LKUS_grant_new_user_coupon,recaptchaV3Action,9
0027,LKUS_grant_new_user_coupon,recaptchaV3Enabled,9
0027,LKUS_push,userNo,1
0027,LKUS_physical_order_cancel,ip,1
0027,LKUS_physical_order_cancel,app,1
0027,LKUS_physical_order_cancel,cid,1
0027,LKUS_physical_order_cancel,uid,1
0027,LKUS_physical_order_cancel,phone,1
0027,LKUS_physical_order_cancel,shopId,1
0027,LKUS_physical_order_cancel,tenant,1
0027,LKUS_physical_order_cancel,userNo,1
0027,LKUS_physical_order_cancel,isGuest,1
0027,LKUS_physical_order_cancel,orderNo,1
0027,LKUS_physical_order_cancel,version,1
0027,LKUS_physical_order_cancel,shopCity,1
0027,LKUS_physical_order_cancel,uniqueKey,1
0027,LKUS_physical_order_cancel,userAgent,1
0027,LKUS_physical_order_cancel,countryCode,1
0027,LKUS_physical_order_cancel,totalOfMade,1
0027,LKUS_physical_order_cancel,reviewRepeat,1
0027,LKUS_physical_order_cancel,cidOriginEnum,1
0027,LKUS_physical_order_cancel,cancelTypeEnum,1
0027,LKUS_physical_order_cancel,recaptchaV3Token,1
0027,LKUS_physical_order_cancel,recaptchaV3Action,1
0027,LKUS_physical_order_cancel,recaptchaV3Enabled,1
0028,LKUS_push,ip,35
0028,LKUS_push,app,29
0028,LKUS_push,cid,35
0028,LKUS_push,uid,35
0028,LKUS_push,phone,35
0028,LKUS_push,tenant,35
0028,LKUS_push,version,35
0028,LKUS_push,uniqueKey,35
0028,LKUS_push,userAgent,35
0028,LKUS_push,countryCode,35
0028,LKUS_push,reviewRepeat,31
0028,LKUS_push,cidOriginEnum,35
0028,LKUS_push,recaptchaV3Token,31
0028,LKUS_push,recaptchaV3Action,31
0028,LKUS_push,recaptchaV3Enabled,31
0028,LKUS_physical_order_create,ip,86
0028,LKUS_physical_order_create,app,72
0028,LKUS_physical_order_create,cid,86
0028,LKUS_physical_order_create,uid,86
0028,LKUS_physical_order_create,phone,74
0028,LKUS_physical_order_create,shopId,86
0028,LKUS_physical_order_create,tenant,86
0028,LKUS_physical_order_create,userNo,86
0028,LKUS_physical_order_create,isGuest,86
0028,LKUS_physical_order_create,version,86
0028,LKUS_physical_order_create,latitude,74
0028,LKUS_physical_order_create,longitude,74
0028,LKUS_physical_order_create,orderType,86
0028,LKUS_physical_order_create,taxAmount,86
0028,LKUS_physical_order_create,uniqueKey,86
0028,LKUS_physical_order_create,userAgent,86
0028,LKUS_physical_order_create,couponList,86
0028,LKUS_physical_order_create,orderPrice,86
0028,LKUS_physical_order_create,countryCode,86
0028,LKUS_physical_order_create,shopAddress,86
0028,LKUS_physical_order_create,reviewRepeat,66
0028,LKUS_physical_order_create,shopCityName,86
0028,LKUS_physical_order_create,shopLatitude,86
0028,LKUS_physical_order_create,cidOriginEnum,86
0028,LKUS_physical_order_create,isTaxRequired,86
0028,LKUS_physical_order_create,orderProducts,86
0028,LKUS_physical_order_create,productAmount,86
0028,LKUS_physical_order_create,shopLongitude,86
0028,LKUS_physical_order_create,coffeeStoreList,86
0028,LKUS_physical_order_create,recaptchaV3Token,66
0028,LKUS_physical_order_create,recaptchaV3Action,66
0028,LKUS_physical_order_create,recaptchaV3Enabled,66
0028,LKUS_physical_order_create,packageOrderProducts,86
0028,LKUS_payment,ip,88
0028,LKUS_payment,app,74
0028,LKUS_payment,cid,88
0028,LKUS_payment,uid,88
0028,LKUS_payment,phone,76
0028,LKUS_payment,shopId,88
0028,LKUS_payment,tenant,88
0028,LKUS_payment,userNo,88
0028,LKUS_payment,isGuest,88
0028,LKUS_payment,orderNo,88
0028,LKUS_payment,payType,88
0028,LKUS_payment,version,88
0028,LKUS_payment,payMoney,88
0028,LKUS_payment,orderType,88
0028,LKUS_payment,taxAmount,88
0028,LKUS_payment,uniqueKey,88
0028,LKUS_payment,userAgent,88
0028,LKUS_payment,orderPrice,88
0028,LKUS_payment,countryCode,76
0028,LKUS_payment,reviewRepeat,68
0028,LKUS_payment,cidOriginEnum,88
0028,LKUS_payment,isTaxRequired,88
0028,LKUS_payment,orderProducts,88
0028,LKUS_payment,recaptchaV3Token,68
0028,LKUS_payment,recaptchaV3Action,68
0028,LKUS_payment,recaptchaV3Enabled,68
0028,LKUS_payment,packageOrderProducts,88
0028,LKUS_login,ip,12
0028,LKUS_login,app,12
0028,LKUS_login,cid,12
0028,LKUS_login,uid,12
0028,LKUS_login,phone,12
0028,LKUS_login,tenant,12
0028,LKUS_login,userNo,12
0028,LKUS_login,version,12
0028,LKUS_login,uniqueKey,12
0028,LKUS_login,userAgent,12
0028,LKUS_login,countryCode,12
0028,LKUS_login,reviewRepeat,11
0028,LKUS_login,cidOriginEnum,12
0028,LKUS_login,recaptchaV3Token,11
0028,LKUS_login,recaptchaV3Action,11
0028,LKUS_login,recaptchaV3Enabled,11
0028,LKUS_physical_order_create,did,12
0028,LKUS_physical_order_create,blackBox,12
0028,LKUS_physical_order_create,deviceId,12
0028,LKUS_grant_new_user_coupon,ip,3
0028,LKUS_grant_new_user_coupon,app,3
0028,LKUS_grant_new_user_coupon,cid,3
0028,LKUS_grant_new_user_coupon,uid,3
0028,LKUS_grant_new_user_coupon,phone,3
0028,LKUS_grant_new_user_coupon,extend,3
0028,LKUS_grant_new_user_coupon,tenant,3
0028,LKUS_grant_new_user_coupon,userNo,3
0028,LKUS_grant_new_user_coupon,sceneId,3
0028,LKUS_grant_new_user_coupon,version,3
0028,LKUS_grant_new_user_coupon,uniqueKey,3
0028,LKUS_grant_new_user_coupon,userAgent,3
0028,LKUS_grant_new_user_coupon,countryCode,3
0028,LKUS_grant_new_user_coupon,reviewRepeat,3
0028,LKUS_grant_new_user_coupon,cidOriginEnum,3
0028,LKUS_grant_new_user_coupon,recaptchaV3Token,3
0028,LKUS_grant_new_user_coupon,recaptchaV3Action,3
0028,LKUS_grant_new_user_coupon,recaptchaV3Enabled,3
0028,LKUS_physical_order_create,packagingBagPrice,1
0028,LKUS_physical_order_create,packagingBagNumber,1
0028,LKUS_payment,packagingBagPrice,1
0028,LKUS_payment,packagingBagNumber,1
0028,LKUS_register,ip,4
0028,LKUS_register,app,4
0028,LKUS_register,cid,4
0028,LKUS_register,uid,4
0028,LKUS_register,phone,4
0028,LKUS_register,tenant,4
0028,LKUS_register,version,4
0028,LKUS_register,uniqueKey,4
0028,LKUS_register,userAgent,4
0028,LKUS_register,countryCode,4
0028,LKUS_register,reviewRepeat,4
0028,LKUS_register,cidOriginEnum,4
0028,LKUS_register,recaptchaV3Token,4
0028,LKUS_register,recaptchaV3Action,4
0028,LKUS_register,recaptchaV3Enabled,4
0028,LKUS_push,userNo,1
0029,LKUS_push,ip,48
0029,LKUS_push,app,42
0029,LKUS_push,cid,48
0029,LKUS_push,uid,48
0029,LKUS_push,phone,48
0029,LKUS_push,tenant,48
0029,LKUS_push,version,48
0029,LKUS_push,uniqueKey,48
0029,LKUS_push,userAgent,48
0029,LKUS_push,countryCode,48
0029,LKUS_push,reviewRepeat,46
0029,LKUS_push,cidOriginEnum,48
0029,LKUS_push,recaptchaV3Token,46
0029,LKUS_push,recaptchaV3Action,46
0029,LKUS_push,recaptchaV3Enabled,46
0029,LKUS_register,ip,8
0029,LKUS_register,app,6
0029,LKUS_register,cid,8
0029,LKUS_register,uid,8
0029,LKUS_register,phone,8
0029,LKUS_register,tenant,8
0029,LKUS_register,version,8
0029,LKUS_register,uniqueKey,8
0029,LKUS_register,userAgent,8
0029,LKUS_register,countryCode,8
0029,LKUS_register,reviewRepeat,8
0029,LKUS_register,cidOriginEnum,8
0029,LKUS_register,recaptchaV3Token,8
0029,LKUS_register,recaptchaV3Action,8
0029,LKUS_register,recaptchaV3Enabled,8
0029,LKUS_physical_order_create,ip,86
0029,LKUS_physical_order_create,app,66
0029,LKUS_physical_order_create,cid,86
0029,LKUS_physical_order_create,uid,86
0029,LKUS_physical_order_create,phone,69
0029,LKUS_physical_order_create,shopId,86
0029,LKUS_physical_order_create,tenant,86
0029,LKUS_physical_order_create,userNo,86
0029,LKUS_physical_order_create,isGuest,86
0029,LKUS_physical_order_create,version,86
0029,LKUS_physical_order_create,latitude,69
0029,LKUS_physical_order_create,longitude,69
0029,LKUS_physical_order_create,orderType,86
0029,LKUS_physical_order_create,taxAmount,86
0029,LKUS_physical_order_create,uniqueKey,86
0029,LKUS_physical_order_create,userAgent,86
0029,LKUS_physical_order_create,couponList,86
0029,LKUS_physical_order_create,orderPrice,86
0029,LKUS_physical_order_create,countryCode,86
0029,LKUS_physical_order_create,shopAddress,86
0029,LKUS_physical_order_create,reviewRepeat,64
0029,LKUS_physical_order_create,shopCityName,86
0029,LKUS_physical_order_create,shopLatitude,86
0029,LKUS_physical_order_create,cidOriginEnum,86
0029,LKUS_physical_order_create,isTaxRequired,86
0029,LKUS_physical_order_create,orderProducts,86
0029,LKUS_physical_order_create,productAmount,86
0029,LKUS_physical_order_create,shopLongitude,86
0029,LKUS_physical_order_create,coffeeStoreList,86
0029,LKUS_physical_order_create,recaptchaV3Token,64
0029,LKUS_physical_order_create,recaptchaV3Action,64
0029,LKUS_physical_order_create,recaptchaV3Enabled,64
0029,LKUS_physical_order_create,packageOrderProducts,86
0029,LKUS_payment,ip,83
0029,LKUS_payment,app,62
0029,LKUS_payment,cid,83
0029,LKUS_payment,uid,83
0029,LKUS_payment,phone,65
0029,LKUS_payment,shopId,83
0029,LKUS_payment,tenant,83
0029,LKUS_payment,userNo,83
0029,LKUS_payment,isGuest,83
0029,LKUS_payment,orderNo,83
0029,LKUS_payment,payType,83
0029,LKUS_payment,version,83
0029,LKUS_payment,payMoney,83
0029,LKUS_payment,orderType,83
0029,LKUS_payment,taxAmount,83
0029,LKUS_payment,uniqueKey,83
0029,LKUS_payment,userAgent,83
0029,LKUS_payment,orderPrice,83
0029,LKUS_payment,countryCode,65
0029,LKUS_payment,reviewRepeat,60
0029,LKUS_payment,cidOriginEnum,83
0029,LKUS_payment,isTaxRequired,83
0029,LKUS_payment,orderProducts,83
0029,LKUS_payment,recaptchaV3Token,60
0029,LKUS_payment,recaptchaV3Action,60
0029,LKUS_payment,recaptchaV3Enabled,60
0029,LKUS_payment,packageOrderProducts,83
0029,LKUS_physical_order_cancel,ip,2
0029,LKUS_physical_order_cancel,app,2
0029,LKUS_physical_order_cancel,cid,2
0029,LKUS_physical_order_cancel,uid,2
0029,LKUS_physical_order_cancel,phone,2
0029,LKUS_physical_order_cancel,shopId,2
0029,LKUS_physical_order_cancel,tenant,2
0029,LKUS_physical_order_cancel,userNo,2
0029,LKUS_physical_order_cancel,isGuest,2
0029,LKUS_physical_order_cancel,orderNo,2
0029,LKUS_physical_order_cancel,version,2
0029,LKUS_physical_order_cancel,shopCity,2
0029,LKUS_physical_order_cancel,uniqueKey,2
0029,LKUS_physical_order_cancel,userAgent,2
0029,LKUS_physical_order_cancel,countryCode,2
0029,LKUS_physical_order_cancel,totalOfMade,2
0029,LKUS_physical_order_cancel,reviewRepeat,2
0029,LKUS_physical_order_cancel,cidOriginEnum,2
0029,LKUS_physical_order_cancel,cancelTypeEnum,2
0029,LKUS_physical_order_cancel,recaptchaV3Token,2
0029,LKUS_physical_order_cancel,recaptchaV3Action,2
0029,LKUS_physical_order_cancel,recaptchaV3Enabled,2
0029,LKUS_physical_order_create,did,17
0029,LKUS_physical_order_create,blackBox,17
0029,LKUS_physical_order_create,deviceId,17
0029,LKUS_login,ip,14
0029,LKUS_login,app,12
0029,LKUS_login,cid,14
0029,LKUS_login,uid,14
0029,LKUS_login,phone,14
0029,LKUS_login,tenant,14
0029,LKUS_login,userNo,14
0029,LKUS_login,version,14
0029,LKUS_login,uniqueKey,14
0029,LKUS_login,userAgent,14
0029,LKUS_login,countryCode,14
0029,LKUS_login,reviewRepeat,14
0029,LKUS_login,cidOriginEnum,14
0029,LKUS_login,recaptchaV3Token,14
0029,LKUS_login,recaptchaV3Action,14
0029,LKUS_login,recaptchaV3Enabled,14
0029,LKUS_grant_new_user_coupon,ip,9
0029,LKUS_grant_new_user_coupon,app,7
0029,LKUS_grant_new_user_coupon,cid,9
0029,LKUS_grant_new_user_coupon,uid,9
0029,LKUS_grant_new_user_coupon,phone,9
0029,LKUS_grant_new_user_coupon,extend,9
0029,LKUS_grant_new_user_coupon,tenant,9
0029,LKUS_grant_new_user_coupon,userNo,9
0029,LKUS_grant_new_user_coupon,sceneId,9
0029,LKUS_grant_new_user_coupon,version,9
0029,LKUS_grant_new_user_coupon,uniqueKey,9
0029,LKUS_grant_new_user_coupon,userAgent,9
0029,LKUS_grant_new_user_coupon,countryCode,9
0029,LKUS_grant_new_user_coupon,reviewRepeat,9
0029,LKUS_grant_new_user_coupon,cidOriginEnum,9
0029,LKUS_grant_new_user_coupon,recaptchaV3Token,9
0029,LKUS_grant_new_user_coupon,recaptchaV3Action,9
0029,LKUS_grant_new_user_coupon,recaptchaV3Enabled,9
0029,LKUS_physical_order_create,packagingBagPrice,3
0029,LKUS_physical_order_create,packagingBagNumber,3
0029,LKUS_payment,packagingBagPrice,3
0029,LKUS_payment,packagingBagNumber,3
0029,LKUS_push,userNo,1
0030,LKUS_push,ip,83
0030,LKUS_push,app,77
0030,LKUS_push,cid,83
0030,LKUS_push,uid,83
0030,LKUS_push,phone,83
0030,LKUS_push,tenant,83
0030,LKUS_push,version,83
0030,LKUS_push,uniqueKey,83
0030,LKUS_push,userAgent,83
0030,LKUS_push,countryCode,83
0030,LKUS_push,reviewRepeat,80
0030,LKUS_push,cidOriginEnum,83
0030,LKUS_push,recaptchaV3Token,80
0030,LKUS_push,recaptchaV3Action,80
0030,LKUS_push,recaptchaV3Enabled,80
0030,LKUS_login,ip,10
0030,LKUS_login,app,9
0030,LKUS_login,cid,10
0030,LKUS_login,uid,10
0030,LKUS_login,phone,10
0030,LKUS_login,tenant,10
0030,LKUS_login,userNo,10
0030,LKUS_login,version,10
0030,LKUS_login,uniqueKey,10
0030,LKUS_login,userAgent,10
0030,LKUS_login,countryCode,10
0030,LKUS_login,reviewRepeat,10
0030,LKUS_login,cidOriginEnum,10
0030,LKUS_login,recaptchaV3Token,10
0030,LKUS_login,recaptchaV3Action,10
0030,LKUS_login,recaptchaV3Enabled,10
0030,LKUS_grant_new_user_coupon,ip,5
0030,LKUS_grant_new_user_coupon,app,4
0030,LKUS_grant_new_user_coupon,cid,5
0030,LKUS_grant_new_user_coupon,uid,5
0030,LKUS_grant_new_user_coupon,phone,5
0030,LKUS_grant_new_user_coupon,extend,5
0030,LKUS_grant_new_user_coupon,tenant,5
0030,LKUS_grant_new_user_coupon,userNo,5
0030,LKUS_grant_new_user_coupon,sceneId,5
0030,LKUS_grant_new_user_coupon,version,5
0030,LKUS_grant_new_user_coupon,uniqueKey,5
0030,LKUS_grant_new_user_coupon,userAgent,5
0030,LKUS_grant_new_user_coupon,countryCode,5
0030,LKUS_grant_new_user_coupon,reviewRepeat,5
0030,LKUS_grant_new_user_coupon,cidOriginEnum,5
0030,LKUS_grant_new_user_coupon,recaptchaV3Token,5
0030,LKUS_grant_new_user_coupon,recaptchaV3Action,5
0030,LKUS_grant_new_user_coupon,recaptchaV3Enabled,5
0030,LKUS_physical_order_create,ip,81
0030,LKUS_physical_order_create,app,73
0030,LKUS_physical_order_create,cid,81
0030,LKUS_physical_order_create,uid,81
0030,LKUS_physical_order_create,phone,74
0030,LKUS_physical_order_create,shopId,81
0030,LKUS_physical_order_create,tenant,81
0030,LKUS_physical_order_create,userNo,81
0030,LKUS_physical_order_create,isGuest,81
0030,LKUS_physical_order_create,version,81
0030,LKUS_physical_order_create,latitude,74
0030,LKUS_physical_order_create,longitude,74
0030,LKUS_physical_order_create,orderType,81
0030,LKUS_physical_order_create,taxAmount,81
0030,LKUS_physical_order_create,uniqueKey,81
0030,LKUS_physical_order_create,userAgent,81
0030,LKUS_physical_order_create,couponList,81
0030,LKUS_physical_order_create,orderPrice,79
0030,LKUS_physical_order_create,countryCode,81
0030,LKUS_physical_order_create,shopAddress,81
0030,LKUS_physical_order_create,reviewRepeat,71
0030,LKUS_physical_order_create,shopCityName,81
0030,LKUS_physical_order_create,shopLatitude,81
0030,LKUS_physical_order_create,cidOriginEnum,81
0030,LKUS_physical_order_create,isTaxRequired,81
0030,LKUS_physical_order_create,orderProducts,81
0030,LKUS_physical_order_create,productAmount,81
0030,LKUS_physical_order_create,shopLongitude,81
0030,LKUS_physical_order_create,coffeeStoreList,81
0030,LKUS_physical_order_create,recaptchaV3Token,71
0030,LKUS_physical_order_create,recaptchaV3Action,71
0030,LKUS_physical_order_create,recaptchaV3Enabled,71
0030,LKUS_physical_order_create,packageOrderProducts,81
0030,LKUS_payment,ip,83
0030,LKUS_payment,app,75
0030,LKUS_payment,cid,83
0030,LKUS_payment,uid,83
0030,LKUS_payment,phone,76
0030,LKUS_payment,shopId,83
0030,LKUS_payment,tenant,83
0030,LKUS_payment,userNo,83
0030,LKUS_payment,isGuest,83
0030,LKUS_payment,orderNo,83
0030,LKUS_payment,payType,83
0030,LKUS_payment,version,83
0030,LKUS_payment,payMoney,83
0030,LKUS_payment,orderType,83
0030,LKUS_payment,taxAmount,83
0030,LKUS_payment,uniqueKey,83
0030,LKUS_payment,userAgent,83
0030,LKUS_payment,orderPrice,83
0030,LKUS_payment,countryCode,76
0030,LKUS_payment,reviewRepeat,73
0030,LKUS_payment,cidOriginEnum,83
0030,LKUS_payment,isTaxRequired,83
0030,LKUS_payment,orderProducts,83
0030,LKUS_payment,recaptchaV3Token,73
0030,LKUS_payment,recaptchaV3Action,73
0030,LKUS_payment,recaptchaV3Enabled,73
0030,LKUS_payment,packageOrderProducts,83
0030,LKUS_register,ip,14
0030,LKUS_register,app,11
0030,LKUS_register,cid,14
0030,LKUS_register,uid,14
0030,LKUS_register,phone,14
0030,LKUS_register,tenant,14
0030,LKUS_register,version,14
0030,LKUS_register,uniqueKey,14
0030,LKUS_register,userAgent,14
0030,LKUS_register,countryCode,14
0030,LKUS_register,reviewRepeat,13
0030,LKUS_register,cidOriginEnum,14
0030,LKUS_register,recaptchaV3Token,13
0030,LKUS_register,recaptchaV3Action,13
0030,LKUS_register,recaptchaV3Enabled,13
0030,LKUS_physical_order_create,did,7
0030,LKUS_physical_order_create,blackBox,7
0030,LKUS_physical_order_create,deviceId,7
0030,LKUS_physical_order_create,packagingBagPrice,7
0030,LKUS_physical_order_create,packagingBagNumber,7
0030,LKUS_payment,packagingBagPrice,7
0030,LKUS_payment,packagingBagNumber,7
0030,LKUS_physical_order_cancel,ip,1
0030,LKUS_physical_order_cancel,app,1
0030,LKUS_physical_order_cancel,cid,1
0030,LKUS_physical_order_cancel,uid,1
0030,LKUS_physical_order_cancel,phone,1
0030,LKUS_physical_order_cancel,shopId,1
0030,LKUS_physical_order_cancel,tenant,1
0030,LKUS_physical_order_cancel,userNo,1
0030,LKUS_physical_order_cancel,isGuest,1
0030,LKUS_physical_order_cancel,orderNo,1
0030,LKUS_physical_order_cancel,version,1
0030,LKUS_physical_order_cancel,shopCity,1
0030,LKUS_physical_order_cancel,uniqueKey,1
0030,LKUS_physical_order_cancel,userAgent,1
0030,LKUS_physical_order_cancel,countryCode,1
0030,LKUS_physical_order_cancel,totalOfMade,1
0030,LKUS_physical_order_cancel,reviewRepeat,1
0030,LKUS_physical_order_cancel,cidOriginEnum,1
0030,LKUS_physical_order_cancel,cancelTypeEnum,1
0030,LKUS_physical_order_cancel,recaptchaV3Token,1
0030,LKUS_physical_order_cancel,recaptchaV3Action,1
0030,LKUS_physical_order_cancel,recaptchaV3Enabled,1
0030,LKUS_push,userNo,2
0030,LKUS_push,email,1
0031,LKUS_push,ip,58
0031,LKUS_push,app,50
0031,LKUS_push,cid,58
0031,LKUS_push,uid,58
0031,LKUS_push,phone,58
0031,LKUS_push,tenant,58
0031,LKUS_push,version,58
0031,LKUS_push,uniqueKey,58
0031,LKUS_push,userAgent,58
0031,LKUS_push,countryCode,58
0031,LKUS_push,reviewRepeat,54
0031,LKUS_push,cidOriginEnum,58
0031,LKUS_push,recaptchaV3Token,54
0031,LKUS_push,recaptchaV3Action,54
0031,LKUS_push,recaptchaV3Enabled,54
0031,LKUS_physical_order_create,ip,97
0031,LKUS_physical_order_create,cid,97
0031,LKUS_physical_order_create,did,14
0031,LKUS_physical_order_create,uid,97
0031,LKUS_physical_order_create,shopId,97
0031,LKUS_physical_order_create,tenant,97
0031,LKUS_physical_order_create,userNo,97
0031,LKUS_physical_order_create,isGuest,97
0031,LKUS_physical_order_create,version,97
0031,LKUS_physical_order_create,blackBox,14
0031,LKUS_physical_order_create,deviceId,14
0031,LKUS_physical_order_create,orderType,97
0031,LKUS_physical_order_create,taxAmount,97
0031,LKUS_physical_order_create,uniqueKey,97
0031,LKUS_physical_order_create,userAgent,97
0031,LKUS_physical_order_create,couponList,97
0031,LKUS_physical_order_create,orderPrice,96
0031,LKUS_physical_order_create,countryCode,97
0031,LKUS_physical_order_create,shopAddress,97
0031,LKUS_physical_order_create,shopCityName,97
0031,LKUS_physical_order_create,shopLatitude,97
0031,LKUS_physical_order_create,cidOriginEnum,97
0031,LKUS_physical_order_create,isTaxRequired,97
0031,LKUS_physical_order_create,orderProducts,97
0031,LKUS_physical_order_create,productAmount,97
0031,LKUS_physical_order_create,shopLongitude,97
0031,LKUS_physical_order_create,coffeeStoreList,97
0031,LKUS_physical_order_create,packageOrderProducts,97
0031,LKUS_payment,ip,97
0031,LKUS_payment,cid,97
0031,LKUS_payment,uid,97
0031,LKUS_payment,shopId,97
0031,LKUS_payment,tenant,97
0031,LKUS_payment,userNo,97
0031,LKUS_payment,isGuest,97
0031,LKUS_payment,orderNo,97
0031,LKUS_payment,payType,97
0031,LKUS_payment,version,97
0031,LKUS_payment,payMoney,97
0031,LKUS_payment,orderType,97
0031,LKUS_payment,taxAmount,97
0031,LKUS_payment,uniqueKey,97
0031,LKUS_payment,userAgent,97
0031,LKUS_payment,orderPrice,97
0031,LKUS_payment,cidOriginEnum,97
0031,LKUS_payment,isTaxRequired,97
0031,LKUS_payment,orderProducts,97
0031,LKUS_payment,packageOrderProducts,97
0031,LKUS_physical_order_create,app,82
0031,LKUS_physical_order_create,phone,82
0031,LKUS_physical_order_create,latitude,83
0031,LKUS_physical_order_create,longitude,83
0031,LKUS_physical_order_create,reviewRepeat,80
0031,LKUS_physical_order_create,recaptchaV3Token,80
0031,LKUS_physical_order_create,recaptchaV3Action,80
0031,LKUS_physical_order_create,recaptchaV3Enabled,80
0031,LKUS_payment,app,82
0031,LKUS_payment,phone,82
0031,LKUS_payment,countryCode,82
0031,LKUS_payment,reviewRepeat,80
0031,LKUS_payment,recaptchaV3Token,80
0031,LKUS_payment,recaptchaV3Action,80
0031,LKUS_payment,recaptchaV3Enabled,80
0031,LKUS_register,ip,12
0031,LKUS_register,app,11
0031,LKUS_register,cid,12
0031,LKUS_register,uid,12
0031,LKUS_register,phone,12
0031,LKUS_register,tenant,12
0031,LKUS_register,version,12
0031,LKUS_register,uniqueKey,12
0031,LKUS_register,userAgent,12
0031,LKUS_register,countryCode,12
0031,LKUS_register,reviewRepeat,12
0031,LKUS_register,cidOriginEnum,12
0031,LKUS_register,recaptchaV3Token,12
0031,LKUS_register,recaptchaV3Action,12
0031,LKUS_register,recaptchaV3Enabled,12
0031,LKUS_physical_order_create,packagingBagPrice,3
0031,LKUS_physical_order_create,packagingBagNumber,3
0031,LKUS_payment,packagingBagPrice,3
0031,LKUS_payment,packagingBagNumber,3
0031,LKUS_login,ip,13
0031,LKUS_login,app,11
0031,LKUS_login,cid,13
0031,LKUS_login,uid,13
0031,LKUS_login,phone,13
0031,LKUS_login,tenant,13
0031,LKUS_login,userNo,13
0031,LKUS_login,version,13
0031,LKUS_login,uniqueKey,13
0031,LKUS_login,userAgent,13
0031,LKUS_login,countryCode,13
0031,LKUS_login,reviewRepeat,12
0031,LKUS_login,cidOriginEnum,13
0031,LKUS_login,recaptchaV3Token,12
0031,LKUS_login,recaptchaV3Action,12
0031,LKUS_login,recaptchaV3Enabled,12
0031,LKUS_physical_order_cancel,ip,1
0031,LKUS_physical_order_cancel,app,1
0031,LKUS_physical_order_cancel,cid,1
0031,LKUS_physical_order_cancel,uid,1
0031,LKUS_physical_order_cancel,phone,1
0031,LKUS_physical_order_cancel,shopId,1
0031,LKUS_physical_order_cancel,tenant,1
0031,LKUS_physical_order_cancel,userNo,1
0031,LKUS_physical_order_cancel,isGuest,1
0031,LKUS_physical_order_cancel,orderNo,1
0031,LKUS_physical_order_cancel,version,1
0031,LKUS_physical_order_cancel,shopCity,1
0031,LKUS_physical_order_cancel,uniqueKey,1
0031,LKUS_physical_order_cancel,userAgent,1
0031,LKUS_physical_order_cancel,countryCode,1
0031,LKUS_physical_order_cancel,totalOfMade,1
0031,LKUS_physical_order_cancel,reviewRepeat,1
0031,LKUS_physical_order_cancel,cidOriginEnum,1
0031,LKUS_physical_order_cancel,cancelTypeEnum,1
0031,LKUS_physical_order_cancel,recaptchaV3Token,1
0031,LKUS_physical_order_cancel,recaptchaV3Action,1
0031,LKUS_physical_order_cancel,recaptchaV3Enabled,1
0031,LKUS_grant_new_user_coupon,ip,5
0031,LKUS_grant_new_user_coupon,app,4
0031,LKUS_grant_new_user_coupon,cid,5
0031,LKUS_grant_new_user_coupon,uid,5
0031,LKUS_grant_new_user_coupon,phone,5
0031,LKUS_grant_new_user_coupon,extend,5
0031,LKUS_grant_new_user_coupon,tenant,5
0031,LKUS_grant_new_user_coupon,userNo,5
0031,LKUS_grant_new_user_coupon,sceneId,5
0031,LKUS_grant_new_user_coupon,version,5
0031,LKUS_grant_new_user_coupon,uniqueKey,5
0031,LKUS_grant_new_user_coupon,userAgent,5
0031,LKUS_grant_new_user_coupon,countryCode,5
0031,LKUS_grant_new_user_coupon,reviewRepeat,5
0031,LKUS_grant_new_user_coupon,cidOriginEnum,5
0031,LKUS_grant_new_user_coupon,recaptchaV3Token,5
0031,LKUS_grant_new_user_coupon,recaptchaV3Action,5
0031,LKUS_grant_new_user_coupon,recaptchaV3Enabled,5
0031,LKUS_push,userNo,2
0032,LKUS_push,ip,29
0032,LKUS_push,app,23
0032,LKUS_push,cid,29
0032,LKUS_push,uid,29
0032,LKUS_push,phone,29
0032,LKUS_push,tenant,29
0032,LKUS_push,version,29
0032,LKUS_push,uniqueKey,29
0032,LKUS_push,userAgent,29
0032,LKUS_push,countryCode,29
0032,LKUS_push,reviewRepeat,21
0032,LKUS_push,cidOriginEnum,29
0032,LKUS_push,recaptchaV3Token,21
0032,LKUS_push,recaptchaV3Action,21
0032,LKUS_push,recaptchaV3Enabled,21
0032,LKUS_physical_order_create,ip,101
0032,LKUS_physical_order_create,app,81
0032,LKUS_physical_order_create,cid,101
0032,LKUS_physical_order_create,uid,101
0032,LKUS_physical_order_create,phone,84
0032,LKUS_physical_order_create,shopId,101
0032,LKUS_physical_order_create,tenant,101
0032,LKUS_physical_order_create,userNo,101
0032,LKUS_physical_order_create,isGuest,101
0032,LKUS_physical_order_create,version,101
0032,LKUS_physical_order_create,latitude,84
0032,LKUS_physical_order_create,longitude,84
0032,LKUS_physical_order_create,orderType,101
0032,LKUS_physical_order_create,taxAmount,101
0032,LKUS_physical_order_create,uniqueKey,101
0032,LKUS_physical_order_create,userAgent,101
0032,LKUS_physical_order_create,couponList,101
0032,LKUS_physical_order_create,orderPrice,100
0032,LKUS_physical_order_create,countryCode,101
0032,LKUS_physical_order_create,shopAddress,101
0032,LKUS_physical_order_create,reviewRepeat,81
0032,LKUS_physical_order_create,shopCityName,101
0032,LKUS_physical_order_create,shopLatitude,101
0032,LKUS_physical_order_create,cidOriginEnum,101
0032,LKUS_physical_order_create,isTaxRequired,101
0032,LKUS_physical_order_create,orderProducts,101
0032,LKUS_physical_order_create,productAmount,101
0032,LKUS_physical_order_create,shopLongitude,101
0032,LKUS_physical_order_create,coffeeStoreList,101
0032,LKUS_physical_order_create,recaptchaV3Token,81
0032,LKUS_physical_order_create,recaptchaV3Action,81
0032,LKUS_physical_order_create,recaptchaV3Enabled,81
0032,LKUS_physical_order_create,packageOrderProducts,101
0032,LKUS_payment,ip,98
0032,LKUS_payment,app,78
0032,LKUS_payment,cid,98
0032,LKUS_payment,uid,98
0032,LKUS_payment,phone,81
0032,LKUS_payment,shopId,98
0032,LKUS_payment,tenant,98
0032,LKUS_payment,userNo,98
0032,LKUS_payment,isGuest,98
0032,LKUS_payment,orderNo,98
0032,LKUS_payment,payType,98
0032,LKUS_payment,version,98
0032,LKUS_payment,payMoney,98
0032,LKUS_payment,orderType,98
0032,LKUS_payment,taxAmount,98
0032,LKUS_payment,uniqueKey,98
0032,LKUS_payment,userAgent,98
0032,LKUS_payment,orderPrice,98
0032,LKUS_payment,countryCode,81
0032,LKUS_payment,reviewRepeat,78
0032,LKUS_payment,cidOriginEnum,98
0032,LKUS_payment,isTaxRequired,98
0032,LKUS_payment,orderProducts,98
0032,LKUS_payment,recaptchaV3Token,78
0032,LKUS_payment,recaptchaV3Action,78
0032,LKUS_payment,recaptchaV3Enabled,78
0032,LKUS_payment,packageOrderProducts,98
0032,LKUS_login,ip,6
0032,LKUS_login,cid,6
0032,LKUS_login,uid,6
0032,LKUS_login,phone,6
0032,LKUS_login,tenant,6
0032,LKUS_login,userNo,6
0032,LKUS_login,version,6
0032,LKUS_login,uniqueKey,6
0032,LKUS_login,userAgent,6
0032,LKUS_login,countryCode,6
0032,LKUS_login,cidOriginEnum,6
0032,LKUS_physical_order_create,did,17
0032,LKUS_physical_order_create,blackBox,17
0032,LKUS_physical_order_create,deviceId,17
0032,LKUS_push,userNo,3
0032,LKUS_login,reviewRepeat,5
0032,LKUS_login,recaptchaV3Token,5
0032,LKUS_login,recaptchaV3Action,5
0032,LKUS_login,recaptchaV3Enabled,5
0032,LKUS_grant_new_user_coupon,ip,3
0032,LKUS_grant_new_user_coupon,cid,3
0032,LKUS_grant_new_user_coupon,uid,3
0032,LKUS_grant_new_user_coupon,phone,3
0032,LKUS_grant_new_user_coupon,extend,3
0032,LKUS_grant_new_user_coupon,tenant,3
0032,LKUS_grant_new_user_coupon,userNo,3
0032,LKUS_grant_new_user_coupon,sceneId,3
0032,LKUS_grant_new_user_coupon,version,3
0032,LKUS_grant_new_user_coupon,uniqueKey,3
0032,LKUS_grant_new_user_coupon,userAgent,3
0032,LKUS_grant_new_user_coupon,countryCode,3
0032,LKUS_grant_new_user_coupon,reviewRepeat,3
0032,LKUS_grant_new_user_coupon,cidOriginEnum,3
0032,LKUS_grant_new_user_coupon,recaptchaV3Token,3
0032,LKUS_grant_new_user_coupon,recaptchaV3Action,3
0032,LKUS_grant_new_user_coupon,recaptchaV3Enabled,3
0032,LKUS_push,email,2
0032,LKUS_login,app,4
0032,LKUS_grant_new_user_coupon,app,2
0032,LKUS_register,ip,3
0032,LKUS_register,app,2
0032,LKUS_register,cid,3
0032,LKUS_register,uid,3
0032,LKUS_register,phone,3
0032,LKUS_register,tenant,3
0032,LKUS_register,version,3
0032,LKUS_register,uniqueKey,3
0032,LKUS_register,userAgent,3
0032,LKUS_register,countryCode,3
0032,LKUS_register,reviewRepeat,3
0032,LKUS_register,cidOriginEnum,3
0032,LKUS_register,recaptchaV3Token,3
0032,LKUS_register,recaptchaV3Action,3
0032,LKUS_register,recaptchaV3Enabled,3
0032,LKUS_physical_order_create,packagingBagPrice,2
0032,LKUS_physical_order_create,packagingBagNumber,2
0032,LKUS_payment,packagingBagPrice,2
0032,LKUS_payment,packagingBagNumber,2
0032,LKUS_physical_order_cancel,ip,1
0032,LKUS_physical_order_cancel,app,1
0032,LKUS_physical_order_cancel,cid,1
0032,LKUS_physical_order_cancel,uid,1
0032,LKUS_physical_order_cancel,phone,1
0032,LKUS_physical_order_cancel,shopId,1
0032,LKUS_physical_order_cancel,tenant,1
0032,LKUS_physical_order_cancel,userNo,1
0032,LKUS_physical_order_cancel,isGuest,1
0032,LKUS_physical_order_cancel,orderNo,1
0032,LKUS_physical_order_cancel,version,1
0032,LKUS_physical_order_cancel,shopCity,1
0032,LKUS_physical_order_cancel,uniqueKey,1
0032,LKUS_physical_order_cancel,userAgent,1
0032,LKUS_physical_order_cancel,countryCode,1
0032,LKUS_physical_order_cancel,totalOfMade,1
0032,LKUS_physical_order_cancel,reviewRepeat,1
0032,LKUS_physical_order_cancel,cidOriginEnum,1
0032,LKUS_physical_order_cancel,cancelTypeEnum,1
0032,LKUS_physical_order_cancel,recaptchaV3Token,1
0032,LKUS_physical_order_cancel,recaptchaV3Action,1
0032,LKUS_physical_order_cancel,recaptchaV3Enabled,1
0033,LKUS_push,ip,48
0033,LKUS_push,app,41
0033,LKUS_push,cid,48
0033,LKUS_push,uid,48
0033,LKUS_push,phone,48
0033,LKUS_push,tenant,48
0033,LKUS_push,version,48
0033,LKUS_push,uniqueKey,48
0033,LKUS_push,userAgent,48
0033,LKUS_push,countryCode,48
0033,LKUS_push,reviewRepeat,46
0033,LKUS_push,cidOriginEnum,48
0033,LKUS_push,recaptchaV3Token,44
0033,LKUS_push,recaptchaV3Action,44
0033,LKUS_push,recaptchaV3Enabled,46
0033,LKUS_physical_order_create,ip,92
0033,LKUS_physical_order_create,app,80
0033,LKUS_physical_order_create,cid,92
0033,LKUS_physical_order_create,uid,92
0033,LKUS_physical_order_create,phone,83
0033,LKUS_physical_order_create,shopId,92
0033,LKUS_physical_order_create,tenant,92
0033,LKUS_physical_order_create,userNo,92
0033,LKUS_physical_order_create,isGuest,92
0033,LKUS_physical_order_create,version,92
0033,LKUS_physical_order_create,latitude,83
0033,LKUS_physical_order_create,longitude,83
0033,LKUS_physical_order_create,orderType,92
0033,LKUS_physical_order_create,taxAmount,92
0033,LKUS_physical_order_create,uniqueKey,92
0033,LKUS_physical_order_create,userAgent,92
0033,LKUS_physical_order_create,couponList,92
0033,LKUS_physical_order_create,orderPrice,91
0033,LKUS_physical_order_create,countryCode,92
0033,LKUS_physical_order_create,shopAddress,92
0033,LKUS_physical_order_create,reviewRepeat,80
0033,LKUS_physical_order_create,shopCityName,92
0033,LKUS_physical_order_create,shopLatitude,92
0033,LKUS_physical_order_create,cidOriginEnum,92
0033,LKUS_physical_order_create,isTaxRequired,92
0033,LKUS_physical_order_create,orderProducts,92
0033,LKUS_physical_order_create,productAmount,92
0033,LKUS_physical_order_create,shopLongitude,92
0033,LKUS_physical_order_create,coffeeStoreList,92
0033,LKUS_physical_order_create,recaptchaV3Token,80
0033,LKUS_physical_order_create,recaptchaV3Action,80
0033,LKUS_physical_order_create,recaptchaV3Enabled,80
0033,LKUS_physical_order_create,packageOrderProducts,92
0033,LKUS_payment,ip,92
0033,LKUS_payment,app,80
0033,LKUS_payment,cid,92
0033,LKUS_payment,uid,92
0033,LKUS_payment,phone,83
0033,LKUS_payment,shopId,92
0033,LKUS_payment,tenant,92
0033,LKUS_payment,userNo,92
0033,LKUS_payment,isGuest,92
0033,LKUS_payment,orderNo,92
0033,LKUS_payment,payType,92
0033,LKUS_payment,version,92
0033,LKUS_payment,payMoney,92
0033,LKUS_payment,orderType,92
0033,LKUS_payment,taxAmount,92
0033,LKUS_payment,uniqueKey,92
0033,LKUS_payment,userAgent,92
0033,LKUS_payment,orderPrice,92
0033,LKUS_payment,countryCode,83
0033,LKUS_payment,reviewRepeat,80
0033,LKUS_payment,cidOriginEnum,92
0033,LKUS_payment,isTaxRequired,92
0033,LKUS_payment,orderProducts,92
0033,LKUS_payment,recaptchaV3Token,80
0033,LKUS_payment,recaptchaV3Action,80
0033,LKUS_payment,recaptchaV3Enabled,80
0033,LKUS_payment,packageOrderProducts,92
0033,LKUS_register,ip,8
0033,LKUS_register,app,7
0033,LKUS_register,cid,8
0033,LKUS_register,uid,8
0033,LKUS_register,phone,8
0033,LKUS_register,tenant,8
0033,LKUS_register,version,8
0033,LKUS_register,uniqueKey,8
0033,LKUS_register,userAgent,8
0033,LKUS_register,countryCode,8
0033,LKUS_register,reviewRepeat,8
0033,LKUS_register,cidOriginEnum,8
0033,LKUS_register,recaptchaV3Token,8
0033,LKUS_register,recaptchaV3Action,8
0033,LKUS_register,recaptchaV3Enabled,8
0033,LKUS_physical_order_create,did,9
0033,LKUS_physical_order_create,blackBox,9
0033,LKUS_physical_order_create,deviceId,9
0033,LKUS_grant_new_user_coupon,ip,8
0033,LKUS_grant_new_user_coupon,app,6
0033,LKUS_grant_new_user_coupon,cid,8
0033,LKUS_grant_new_user_coupon,uid,8
0033,LKUS_grant_new_user_coupon,phone,8
0033,LKUS_grant_new_user_coupon,extend,8
0033,LKUS_grant_new_user_coupon,tenant,8
0033,LKUS_grant_new_user_coupon,userNo,8
0033,LKUS_grant_new_user_coupon,sceneId,8
0033,LKUS_grant_new_user_coupon,version,8
0033,LKUS_grant_new_user_coupon,uniqueKey,8
0033,LKUS_grant_new_user_coupon,userAgent,8
0033,LKUS_grant_new_user_coupon,countryCode,8
0033,LKUS_grant_new_user_coupon,reviewRepeat,8
0033,LKUS_grant_new_user_coupon,cidOriginEnum,8
0033,LKUS_grant_new_user_coupon,recaptchaV3Token,8
0033,LKUS_grant_new_user_coupon,recaptchaV3Action,8
0033,LKUS_grant_new_user_coupon,recaptchaV3Enabled,8
0033,LKUS_login,ip,12
0033,LKUS_login,app,10
0033,LKUS_login,cid,12
0033,LKUS_login,uid,12
0033,LKUS_login,phone,12
0033,LKUS_login,tenant,12
0033,LKUS_login,userNo,12
0033,LKUS_login,version,12
0033,LKUS_login,uniqueKey,12
0033,LKUS_login,userAgent,12
0033,LKUS_login,countryCode,12
0033,LKUS_login,reviewRepeat,12
0033,LKUS_login,cidOriginEnum,12
0033,LKUS_login,recaptchaV3Token,12
0033,LKUS_login,recaptchaV3Action,12
0033,LKUS_login,recaptchaV3Enabled,12
0033,LKUS_push,userNo,3
0034,LKUS_push,ip,49
0034,LKUS_push,app,44
0034,LKUS_push,cid,49
0034,LKUS_push,uid,49
0034,LKUS_push,phone,49
0034,LKUS_push,tenant,49
0034,LKUS_push,version,49
0034,LKUS_push,uniqueKey,49
0034,LKUS_push,userAgent,49
0034,LKUS_push,countryCode,49
0034,LKUS_push,reviewRepeat,46
0034,LKUS_push,cidOriginEnum,49
0034,LKUS_push,recaptchaV3Token,46
0034,LKUS_push,recaptchaV3Action,46
0034,LKUS_push,recaptchaV3Enabled,46
0034,LKUS_physical_order_create,ip,111
0034,LKUS_physical_order_create,app,94
0034,LKUS_physical_order_create,cid,111
0034,LKUS_physical_order_create,uid,111
0034,LKUS_physical_order_create,phone,95
0034,LKUS_physical_order_create,shopId,111
0034,LKUS_physical_order_create,tenant,111
0034,LKUS_physical_order_create,userNo,111
0034,LKUS_physical_order_create,isGuest,111
0034,LKUS_physical_order_create,version,111
0034,LKUS_physical_order_create,latitude,95
0034,LKUS_physical_order_create,longitude,95
0034,LKUS_physical_order_create,orderType,111
0034,LKUS_physical_order_create,taxAmount,111
0034,LKUS_physical_order_create,uniqueKey,111
0034,LKUS_physical_order_create,userAgent,111
0034,LKUS_physical_order_create,couponList,111
0034,LKUS_physical_order_create,orderPrice,111
0034,LKUS_physical_order_create,countryCode,111
0034,LKUS_physical_order_create,shopAddress,111
0034,LKUS_physical_order_create,reviewRepeat,92
0034,LKUS_physical_order_create,shopCityName,111
0034,LKUS_physical_order_create,shopLatitude,111
0034,LKUS_physical_order_create,cidOriginEnum,111
0034,LKUS_physical_order_create,isTaxRequired,111
0034,LKUS_physical_order_create,orderProducts,111
0034,LKUS_physical_order_create,productAmount,111
0034,LKUS_physical_order_create,shopLongitude,111
0034,LKUS_physical_order_create,coffeeStoreList,111
0034,LKUS_physical_order_create,recaptchaV3Token,92
0034,LKUS_physical_order_create,recaptchaV3Action,92
0034,LKUS_physical_order_create,recaptchaV3Enabled,92
0034,LKUS_physical_order_create,packageOrderProducts,111
0034,LKUS_payment,ip,109
0034,LKUS_payment,app,92
0034,LKUS_payment,cid,109
0034,LKUS_payment,uid,109
0034,LKUS_payment,phone,93
0034,LKUS_payment,shopId,109
0034,LKUS_payment,tenant,109
0034,LKUS_payment,userNo,109
0034,LKUS_payment,isGuest,109
0034,LKUS_payment,orderNo,109
0034,LKUS_payment,payType,109
0034,LKUS_payment,version,109
0034,LKUS_payment,payMoney,109
0034,LKUS_payment,orderType,109
0034,LKUS_payment,taxAmount,109
0034,LKUS_payment,uniqueKey,109
0034,LKUS_payment,userAgent,109
0034,LKUS_payment,orderPrice,109
0034,LKUS_payment,countryCode,93
0034,LKUS_payment,reviewRepeat,90
0034,LKUS_payment,cidOriginEnum,109
0034,LKUS_payment,isTaxRequired,109
0034,LKUS_payment,orderProducts,109
0034,LKUS_payment,recaptchaV3Token,90
0034,LKUS_payment,recaptchaV3Action,90
0034,LKUS_payment,recaptchaV3Enabled,90
0034,LKUS_payment,packageOrderProducts,109
0034,LKUS_register,ip,8
0034,LKUS_register,app,6
0034,LKUS_register,cid,8
0034,LKUS_register,uid,8
0034,LKUS_register,phone,8
0034,LKUS_register,tenant,8
0034,LKUS_register,version,8
0034,LKUS_register,uniqueKey,8
0034,LKUS_register,userAgent,8
0034,LKUS_register,countryCode,8
0034,LKUS_register,reviewRepeat,7
0034,LKUS_register,cidOriginEnum,8
0034,LKUS_register,recaptchaV3Token,7
0034,LKUS_register,recaptchaV3Action,7
0034,LKUS_register,recaptchaV3Enabled,7
0034,LKUS_physical_order_create,did,16
0034,LKUS_physical_order_create,blackBox,16
0034,LKUS_physical_order_create,deviceId,16
0034,IQA2_login,ip,1
0034,IQA2_login,app,1
0034,IQA2_login,cid,1
0034,IQA2_login,uid,1
0034,IQA2_login,phone,1
0034,IQA2_login,tenant,1
0034,IQA2_login,userNo,1
0034,IQA2_login,version,1
0034,IQA2_login,uniqueKey,1
0034,IQA2_login,userAgent,1
0034,IQA2_login,countryCode,1
0034,IQA2_login,reviewRepeat,1
0034,IQA2_login,cidOriginEnum,1
0034,IQA2_login,recaptchaV3Token,1
0034,IQA2_login,recaptchaV3Action,1
0034,IQA2_login,recaptchaV3Enabled,1
0034,LKUS_login,ip,10
0034,LKUS_login,app,9
0034,LKUS_login,cid,10
0034,LKUS_login,uid,10
0034,LKUS_login,phone,10
0034,LKUS_login,tenant,10
0034,LKUS_login,userNo,10
0034,LKUS_login,version,10
0034,LKUS_login,uniqueKey,10
0034,LKUS_login,userAgent,10
0034,LKUS_login,countryCode,10
0034,LKUS_login,reviewRepeat,10
0034,LKUS_login,cidOriginEnum,10
0034,LKUS_login,recaptchaV3Token,10
0034,LKUS_login,recaptchaV3Action,10
0034,LKUS_login,recaptchaV3Enabled,10
0034,LKUS_grant_new_user_coupon,ip,8
0034,LKUS_grant_new_user_coupon,app,7
0034,LKUS_grant_new_user_coupon,cid,8
0034,LKUS_grant_new_user_coupon,uid,8
0034,LKUS_grant_new_user_coupon,phone,8
0034,LKUS_grant_new_user_coupon,extend,8
0034,LKUS_grant_new_user_coupon,tenant,8
0034,LKUS_grant_new_user_coupon,userNo,8
0034,LKUS_grant_new_user_coupon,sceneId,8
0034,LKUS_grant_new_user_coupon,version,8
0034,LKUS_grant_new_user_coupon,uniqueKey,8
0034,LKUS_grant_new_user_coupon,userAgent,8
0034,LKUS_grant_new_user_coupon,countryCode,8
0034,LKUS_grant_new_user_coupon,reviewRepeat,8
0034,LKUS_grant_new_user_coupon,cidOriginEnum,8
0034,LKUS_grant_new_user_coupon,recaptchaV3Token,8
0034,LKUS_grant_new_user_coupon,recaptchaV3Action,8
0034,LKUS_grant_new_user_coupon,recaptchaV3Enabled,8
0034,LKUS_physical_order_create,packagingBagPrice,3
0034,LKUS_physical_order_create,packagingBagNumber,3
0034,LKUS_payment,packagingBagPrice,3
0034,LKUS_payment,packagingBagNumber,3
0034,LKUS_physical_order_cancel,ip,1
0034,LKUS_physical_order_cancel,app,1
0034,LKUS_physical_order_cancel,cid,1
0034,LKUS_physical_order_cancel,uid,1
0034,LKUS_physical_order_cancel,phone,1
0034,LKUS_physical_order_cancel,shopId,1
0034,LKUS_physical_order_cancel,tenant,1
0034,LKUS_physical_order_cancel,userNo,1
0034,LKUS_physical_order_cancel,isGuest,1
0034,LKUS_physical_order_cancel,orderNo,1
0034,LKUS_physical_order_cancel,version,1
0034,LKUS_physical_order_cancel,shopCity,1
0034,LKUS_physical_order_cancel,uniqueKey,1
0034,LKUS_physical_order_cancel,userAgent,1
0034,LKUS_physical_order_cancel,countryCode,1
0034,LKUS_physical_order_cancel,totalOfMade,1
0034,LKUS_physical_order_cancel,reviewRepeat,1
0034,LKUS_physical_order_cancel,cidOriginEnum,1
0034,LKUS_physical_order_cancel,cancelTypeEnum,1
0034,LKUS_physical_order_cancel,recaptchaV3Token,1
0034,LKUS_physical_order_cancel,recaptchaV3Action,1
0034,LKUS_physical_order_cancel,recaptchaV3Enabled,1
0034,LKUS_push,userNo,1
0035,LKUS_push,ip,60
0035,LKUS_push,app,45
0035,LKUS_push,cid,60
0035,LKUS_push,uid,60
0035,LKUS_push,phone,60
0035,LKUS_push,tenant,60
0035,LKUS_push,version,60
0035,LKUS_push,uniqueKey,60
0035,LKUS_push,userAgent,60
0035,LKUS_push,countryCode,60
0035,LKUS_push,reviewRepeat,60
0035,LKUS_push,cidOriginEnum,60
0035,LKUS_push,recaptchaV3Token,59
0035,LKUS_push,recaptchaV3Action,59
0035,LKUS_push,recaptchaV3Enabled,60
0035,LKUS_physical_order_create,ip,91
0035,LKUS_physical_order_create,app,73
0035,LKUS_physical_order_create,cid,91
0035,LKUS_physical_order_create,uid,91
0035,LKUS_physical_order_create,phone,76
0035,LKUS_physical_order_create,shopId,91
0035,LKUS_physical_order_create,tenant,91
0035,LKUS_physical_order_create,userNo,91
0035,LKUS_physical_order_create,isGuest,91
0035,LKUS_physical_order_create,version,91
0035,LKUS_physical_order_create,latitude,75
0035,LKUS_physical_order_create,longitude,75
0035,LKUS_physical_order_create,orderType,91
0035,LKUS_physical_order_create,taxAmount,91
0035,LKUS_physical_order_create,uniqueKey,91
0035,LKUS_physical_order_create,userAgent,91
0035,LKUS_physical_order_create,couponList,91
0035,LKUS_physical_order_create,orderPrice,90
0035,LKUS_physical_order_create,countryCode,91
0035,LKUS_physical_order_create,shopAddress,91
0035,LKUS_physical_order_create,reviewRepeat,72
0035,LKUS_physical_order_create,shopCityName,91
0035,LKUS_physical_order_create,shopLatitude,91
0035,LKUS_physical_order_create,cidOriginEnum,91
0035,LKUS_physical_order_create,isTaxRequired,91
0035,LKUS_physical_order_create,orderProducts,91
0035,LKUS_physical_order_create,productAmount,91
0035,LKUS_physical_order_create,shopLongitude,91
0035,LKUS_physical_order_create,coffeeStoreList,91
0035,LKUS_physical_order_create,recaptchaV3Token,72
0035,LKUS_physical_order_create,recaptchaV3Action,72
0035,LKUS_physical_order_create,recaptchaV3Enabled,72
0035,LKUS_physical_order_create,packageOrderProducts,91
0035,LKUS_payment,ip,89
0035,LKUS_payment,app,70
0035,LKUS_payment,cid,89
0035,LKUS_payment,uid,89
0035,LKUS_payment,phone,73
0035,LKUS_payment,shopId,89
0035,LKUS_payment,tenant,89
0035,LKUS_payment,userNo,89
0035,LKUS_payment,isGuest,89
0035,LKUS_payment,orderNo,89
0035,LKUS_payment,payType,89
0035,LKUS_payment,version,89
0035,LKUS_payment,payMoney,89
0035,LKUS_payment,orderType,89
0035,LKUS_payment,taxAmount,89
0035,LKUS_payment,uniqueKey,89
0035,LKUS_payment,userAgent,89
0035,LKUS_payment,orderPrice,89
0035,LKUS_payment,countryCode,73
0035,LKUS_payment,reviewRepeat,69
0035,LKUS_payment,cidOriginEnum,89
0035,LKUS_payment,isTaxRequired,89
0035,LKUS_payment,orderProducts,89
0035,LKUS_payment,recaptchaV3Token,69
0035,LKUS_payment,recaptchaV3Action,69
0035,LKUS_payment,recaptchaV3Enabled,69
0035,LKUS_payment,packageOrderProducts,89
0035,LKUS_login,ip,11
0035,LKUS_login,app,9
0035,LKUS_login,cid,11
0035,LKUS_login,uid,11
0035,LKUS_login,phone,11
0035,LKUS_login,tenant,11
0035,LKUS_login,userNo,11
0035,LKUS_login,version,11
0035,LKUS_login,uniqueKey,11
0035,LKUS_login,userAgent,11
0035,LKUS_login,countryCode,11
0035,LKUS_login,reviewRepeat,10
0035,LKUS_login,cidOriginEnum,11
0035,LKUS_login,recaptchaV3Token,10
0035,LKUS_login,recaptchaV3Action,10
0035,LKUS_login,recaptchaV3Enabled,10
0035,LKUS_physical_order_create,did,16
0035,LKUS_physical_order_create,blackBox,16
0035,LKUS_physical_order_create,deviceId,16
0035,LKUS_physical_order_create,packagingBagPrice,2
0035,LKUS_physical_order_create,packagingBagNumber,2
0035,LKUS_payment,packagingBagPrice,2
0035,LKUS_payment,packagingBagNumber,2
0035,LKUS_grant_new_user_coupon,ip,5
0035,LKUS_grant_new_user_coupon,app,5
0035,LKUS_grant_new_user_coupon,cid,5
0035,LKUS_grant_new_user_coupon,uid,5
0035,LKUS_grant_new_user_coupon,phone,5
0035,LKUS_grant_new_user_coupon,extend,5
0035,LKUS_grant_new_user_coupon,tenant,5
0035,LKUS_grant_new_user_coupon,userNo,5
0035,LKUS_grant_new_user_coupon,sceneId,5
0035,LKUS_grant_new_user_coupon,version,5
0035,LKUS_grant_new_user_coupon,uniqueKey,5
0035,LKUS_grant_new_user_coupon,userAgent,5
0035,LKUS_grant_new_user_coupon,countryCode,5
0035,LKUS_grant_new_user_coupon,reviewRepeat,5
0035,LKUS_grant_new_user_coupon,cidOriginEnum,5
0035,LKUS_grant_new_user_coupon,recaptchaV3Token,5
0035,LKUS_grant_new_user_coupon,recaptchaV3Action,5
0035,LKUS_grant_new_user_coupon,recaptchaV3Enabled,5
0035,LKUS_register,ip,10
0035,LKUS_register,app,8
0035,LKUS_register,cid,10
0035,LKUS_register,uid,10
0035,LKUS_register,phone,10
0035,LKUS_register,tenant,10
0035,LKUS_register,version,10
0035,LKUS_register,uniqueKey,10
0035,LKUS_register,userAgent,10
0035,LKUS_register,countryCode,10
0035,LKUS_register,reviewRepeat,10
0035,LKUS_register,cidOriginEnum,10
0035,LKUS_register,recaptchaV3Token,10
0035,LKUS_register,recaptchaV3Action,10
0035,LKUS_register,recaptchaV3Enabled,10
0035,LKUS_captcha,ip,1
0035,LKUS_captcha,cid,1
0035,LKUS_captcha,uid,1
0035,LKUS_captcha,event,1
0035,LKUS_captcha,phone,1
0035,LKUS_captcha,tenant,1
0035,LKUS_captcha,isGuest,1
0035,LKUS_captcha,version,1
0035,LKUS_captcha,uniqueKey,1
0035,LKUS_captcha,userAgent,1
0035,LKUS_captcha,countryCode,1
0035,LKUS_captcha,reviewRepeat,1
0035,LKUS_captcha,cidOriginEnum,1
0035,LKUS_captcha,verifyCodeType,1
0035,LKUS_captcha,recaptchaV3Token,1
0035,LKUS_captcha,verifyCodeParams,1
0035,LKUS_captcha,recaptchaV3Action,1
0035,LKUS_physical_order_cancel,ip,1
0035,LKUS_physical_order_cancel,app,1
0035,LKUS_physical_order_cancel,cid,1
0035,LKUS_physical_order_cancel,uid,1
0035,LKUS_physical_order_cancel,phone,1
0035,LKUS_physical_order_cancel,shopId,1
0035,LKUS_physical_order_cancel,tenant,1
0035,LKUS_physical_order_cancel,userNo,1
0035,LKUS_physical_order_cancel,isGuest,1
0035,LKUS_physical_order_cancel,orderNo,1
0035,LKUS_physical_order_cancel,version,1
0035,LKUS_physical_order_cancel,shopCity,1
0035,LKUS_physical_order_cancel,uniqueKey,1
0035,LKUS_physical_order_cancel,userAgent,1
0035,LKUS_physical_order_cancel,countryCode,1
0035,LKUS_physical_order_cancel,totalOfMade,1
0035,LKUS_physical_order_cancel,reviewRepeat,1
0035,LKUS_physical_order_cancel,cidOriginEnum,1
0035,LKUS_physical_order_cancel,cancelTypeEnum,1
0035,LKUS_physical_order_cancel,recaptchaV3Token,1
0035,LKUS_physical_order_cancel,recaptchaV3Action,1
0035,LKUS_physical_order_cancel,recaptchaV3Enabled,1
0036,LKUS_push,ip,37
0036,LKUS_push,app,28
0036,LKUS_push,cid,37
0036,LKUS_push,uid,37
0036,LKUS_push,phone,37
0036,LKUS_push,tenant,37
0036,LKUS_push,version,37
0036,LKUS_push,uniqueKey,37
0036,LKUS_push,userAgent,37
0036,LKUS_push,countryCode,37
0036,LKUS_push,reviewRepeat,33
0036,LKUS_push,cidOriginEnum,37
0036,LKUS_push,recaptchaV3Token,33
0036,LKUS_push,recaptchaV3Action,33
0036,LKUS_push,recaptchaV3Enabled,33
0036,LKUS_physical_order_create,ip,98
0036,LKUS_physical_order_create,app,74
0036,LKUS_physical_order_create,cid,98
0036,LKUS_physical_order_create,uid,98
0036,LKUS_physical_order_create,phone,78
0036,LKUS_physical_order_create,shopId,98
0036,LKUS_physical_order_create,tenant,98
0036,LKUS_physical_order_create,userNo,98
0036,LKUS_physical_order_create,isGuest,98
0036,LKUS_physical_order_create,version,98
0036,LKUS_physical_order_create,latitude,81
0036,LKUS_physical_order_create,longitude,81
0036,LKUS_physical_order_create,orderType,98
0036,LKUS_physical_order_create,taxAmount,98
0036,LKUS_physical_order_create,uniqueKey,98
0036,LKUS_physical_order_create,userAgent,98
0036,LKUS_physical_order_create,couponList,98
0036,LKUS_physical_order_create,orderPrice,97
0036,LKUS_physical_order_create,countryCode,98
0036,LKUS_physical_order_create,shopAddress,98
0036,LKUS_physical_order_create,reviewRepeat,74
0036,LKUS_physical_order_create,shopCityName,98
0036,LKUS_physical_order_create,shopLatitude,98
0036,LKUS_physical_order_create,cidOriginEnum,98
0036,LKUS_physical_order_create,isTaxRequired,98
0036,LKUS_physical_order_create,orderProducts,98
0036,LKUS_physical_order_create,productAmount,98
0036,LKUS_physical_order_create,shopLongitude,98
0036,LKUS_physical_order_create,coffeeStoreList,98
0036,LKUS_physical_order_create,recaptchaV3Token,74
0036,LKUS_physical_order_create,recaptchaV3Action,74
0036,LKUS_physical_order_create,recaptchaV3Enabled,74
0036,LKUS_physical_order_create,packageOrderProducts,98
0036,LKUS_payment,ip,96
0036,LKUS_payment,app,72
0036,LKUS_payment,cid,96
0036,LKUS_payment,uid,96
0036,LKUS_payment,phone,76
0036,LKUS_payment,shopId,96
0036,LKUS_payment,tenant,96
0036,LKUS_payment,userNo,96
0036,LKUS_payment,isGuest,96
0036,LKUS_payment,orderNo,96
0036,LKUS_payment,payType,96
0036,LKUS_payment,version,96
0036,LKUS_payment,payMoney,96
0036,LKUS_payment,orderType,96
0036,LKUS_payment,taxAmount,96
0036,LKUS_payment,uniqueKey,96
0036,LKUS_payment,userAgent,96
0036,LKUS_payment,orderPrice,96
0036,LKUS_payment,countryCode,76
0036,LKUS_payment,reviewRepeat,72
0036,LKUS_payment,cidOriginEnum,96
0036,LKUS_payment,isTaxRequired,96
0036,LKUS_payment,orderProducts,96
0036,LKUS_payment,recaptchaV3Token,72
0036,LKUS_payment,recaptchaV3Action,72
0036,LKUS_payment,recaptchaV3Enabled,72
0036,LKUS_payment,packageOrderProducts,96
0036,LKUS_physical_order_create,did,17
0036,LKUS_physical_order_create,blackBox,17
0036,LKUS_physical_order_create,deviceId,17
0036,LKUS_login,ip,17
0036,LKUS_login,app,15
0036,LKUS_login,cid,17
0036,LKUS_login,uid,17
0036,LKUS_login,phone,17
0036,LKUS_login,tenant,17
0036,LKUS_login,userNo,17
0036,LKUS_login,version,17
0036,LKUS_login,uniqueKey,17
0036,LKUS_login,userAgent,17
0036,LKUS_login,countryCode,17
0036,LKUS_login,reviewRepeat,17
0036,LKUS_login,cidOriginEnum,17
0036,LKUS_login,recaptchaV3Token,17
0036,LKUS_login,recaptchaV3Action,17
0036,LKUS_login,recaptchaV3Enabled,17
0036,LKUS_grant_new_user_coupon,ip,9
0036,LKUS_grant_new_user_coupon,app,8
0036,LKUS_grant_new_user_coupon,cid,9
0036,LKUS_grant_new_user_coupon,uid,9
0036,LKUS_grant_new_user_coupon,phone,9
0036,LKUS_grant_new_user_coupon,extend,9
0036,LKUS_grant_new_user_coupon,tenant,9
0036,LKUS_grant_new_user_coupon,userNo,9
0036,LKUS_grant_new_user_coupon,sceneId,9
0036,LKUS_grant_new_user_coupon,version,9
0036,LKUS_grant_new_user_coupon,uniqueKey,9
0036,LKUS_grant_new_user_coupon,userAgent,9
0036,LKUS_grant_new_user_coupon,countryCode,9
0036,LKUS_grant_new_user_coupon,reviewRepeat,9
0036,LKUS_grant_new_user_coupon,cidOriginEnum,9
0036,LKUS_grant_new_user_coupon,recaptchaV3Token,9
0036,LKUS_grant_new_user_coupon,recaptchaV3Action,9
0036,LKUS_grant_new_user_coupon,recaptchaV3Enabled,9
0036,LKUS_register,ip,10
0036,LKUS_register,cid,10
0036,LKUS_register,uid,10
0036,LKUS_register,phone,10
0036,LKUS_register,tenant,10
0036,LKUS_register,version,10
0036,LKUS_register,uniqueKey,10
0036,LKUS_register,userAgent,10
0036,LKUS_register,countryCode,10
0036,LKUS_register,reviewRepeat,10
0036,LKUS_register,cidOriginEnum,10
0036,LKUS_register,recaptchaV3Token,10
0036,LKUS_register,recaptchaV3Action,10
0036,LKUS_register,recaptchaV3Enabled,10
0036,LKUS_register,app,6
0036,LKUS_physical_order_cancel,ip,1
0036,LKUS_physical_order_cancel,app,1
0036,LKUS_physical_order_cancel,cid,1
0036,LKUS_physical_order_cancel,uid,1
0036,LKUS_physical_order_cancel,phone,1
0036,LKUS_physical_order_cancel,shopId,1
0036,LKUS_physical_order_cancel,tenant,1
0036,LKUS_physical_order_cancel,userNo,1
0036,LKUS_physical_order_cancel,isGuest,1
0036,LKUS_physical_order_cancel,orderNo,1
0036,LKUS_physical_order_cancel,version,1
0036,LKUS_physical_order_cancel,shopCity,1
0036,LKUS_physical_order_cancel,uniqueKey,1
0036,LKUS_physical_order_cancel,userAgent,1
0036,LKUS_physical_order_cancel,countryCode,1
0036,LKUS_physical_order_cancel,totalOfMade,1
0036,LKUS_physical_order_cancel,reviewRepeat,1
0036,LKUS_physical_order_cancel,cidOriginEnum,1
0036,LKUS_physical_order_cancel,cancelTypeEnum,1
0036,LKUS_physical_order_cancel,recaptchaV3Token,1
0036,LKUS_physical_order_cancel,recaptchaV3Action,1
0036,LKUS_physical_order_cancel,recaptchaV3Enabled,1
0036,LKUS_push,userNo,3
0036,LKUS_physical_order_create,packagingBagPrice,1
0036,LKUS_physical_order_create,packagingBagNumber,1
0036,LKUS_payment,packagingBagPrice,1
0036,LKUS_payment,packagingBagNumber,1
0037,LKUS_push,ip,57
0037,LKUS_push,app,51
0037,LKUS_push,cid,57
0037,LKUS_push,uid,57
0037,LKUS_push,phone,57
0037,LKUS_push,tenant,57
0037,LKUS_push,version,57
0037,LKUS_push,uniqueKey,57
0037,LKUS_push,userAgent,57
0037,LKUS_push,countryCode,57
0037,LKUS_push,reviewRepeat,55
0037,LKUS_push,cidOriginEnum,57
0037,LKUS_push,recaptchaV3Token,55
0037,LKUS_push,recaptchaV3Action,55
0037,LKUS_push,recaptchaV3Enabled,55
0037,LKUS_physical_order_create,ip,114
0037,LKUS_physical_order_create,app,96
0037,LKUS_physical_order_create,cid,114
0037,LKUS_physical_order_create,uid,114
0037,LKUS_physical_order_create,phone,101
0037,LKUS_physical_order_create,shopId,114
0037,LKUS_physical_order_create,tenant,114
0037,LKUS_physical_order_create,userNo,114
0037,LKUS_physical_order_create,isGuest,114
0037,LKUS_physical_order_create,version,114
0037,LKUS_physical_order_create,latitude,99
0037,LKUS_physical_order_create,longitude,99
0037,LKUS_physical_order_create,orderType,114
0037,LKUS_physical_order_create,taxAmount,114
0037,LKUS_physical_order_create,uniqueKey,114
0037,LKUS_physical_order_create,userAgent,114
0037,LKUS_physical_order_create,couponList,114
0037,LKUS_physical_order_create,orderPrice,114
0037,LKUS_physical_order_create,countryCode,114
0037,LKUS_physical_order_create,shopAddress,114
0037,LKUS_physical_order_create,reviewRepeat,90
0037,LKUS_physical_order_create,shopCityName,114
0037,LKUS_physical_order_create,shopLatitude,114
0037,LKUS_physical_order_create,cidOriginEnum,114
0037,LKUS_physical_order_create,isTaxRequired,114
0037,LKUS_physical_order_create,orderProducts,114
0037,LKUS_physical_order_create,productAmount,114
0037,LKUS_physical_order_create,shopLongitude,114
0037,LKUS_physical_order_create,coffeeStoreList,114
0037,LKUS_physical_order_create,recaptchaV3Token,90
0037,LKUS_physical_order_create,recaptchaV3Action,90
0037,LKUS_physical_order_create,recaptchaV3Enabled,90
0037,LKUS_physical_order_create,packageOrderProducts,114
0037,LKUS_payment,ip,111
0037,LKUS_payment,app,93
0037,LKUS_payment,cid,111
0037,LKUS_payment,uid,111
0037,LKUS_payment,phone,98
0037,LKUS_payment,shopId,111
0037,LKUS_payment,tenant,111
0037,LKUS_payment,userNo,111
0037,LKUS_payment,isGuest,111
0037,LKUS_payment,orderNo,111
0037,LKUS_payment,payType,111
0037,LKUS_payment,version,111
0037,LKUS_payment,payMoney,111
0037,LKUS_payment,orderType,111
0037,LKUS_payment,taxAmount,111
0037,LKUS_payment,uniqueKey,111
0037,LKUS_payment,userAgent,111
0037,LKUS_payment,orderPrice,111
0037,LKUS_payment,countryCode,98
0037,LKUS_payment,reviewRepeat,87
0037,LKUS_payment,cidOriginEnum,111
0037,LKUS_payment,isTaxRequired,111
0037,LKUS_payment,orderProducts,111
0037,LKUS_payment,recaptchaV3Token,87
0037,LKUS_payment,recaptchaV3Action,87
0037,LKUS_payment,recaptchaV3Enabled,87
0037,LKUS_payment,packageOrderProducts,111
0037,LKUS_login,ip,19
0037,LKUS_login,app,14
0037,LKUS_login,cid,19
0037,LKUS_login,uid,19
0037,LKUS_login,phone,19
0037,LKUS_login,tenant,19
0037,LKUS_login,userNo,19
0037,LKUS_login,version,19
0037,LKUS_login,uniqueKey,19
0037,LKUS_login,userAgent,19
0037,LKUS_login,countryCode,19
0037,LKUS_login,reviewRepeat,17
0037,LKUS_login,cidOriginEnum,19
0037,LKUS_login,recaptchaV3Token,17
0037,LKUS_login,recaptchaV3Action,17
0037,LKUS_login,recaptchaV3Enabled,17
0037,LKUS_push,userNo,2
0037,LKUS_physical_order_create,did,15
0037,LKUS_physical_order_create,blackBox,15
0037,LKUS_physical_order_create,deviceId,15
0037,LKUS_register,ip,5
0037,LKUS_register,app,5
0037,LKUS_register,cid,5
0037,LKUS_register,uid,5
0037,LKUS_register,phone,5
0037,LKUS_register,tenant,5
0037,LKUS_register,version,5
0037,LKUS_register,uniqueKey,5
0037,LKUS_register,userAgent,5
0037,LKUS_register,countryCode,5
0037,LKUS_register,reviewRepeat,5
0037,LKUS_register,cidOriginEnum,5
0037,LKUS_register,recaptchaV3Token,5
0037,LKUS_register,recaptchaV3Action,5
0037,LKUS_register,recaptchaV3Enabled,5
0037,LKUS_grant_new_user_coupon,ip,14
0037,LKUS_grant_new_user_coupon,app,11
0037,LKUS_grant_new_user_coupon,cid,14
0037,LKUS_grant_new_user_coupon,uid,14
0037,LKUS_grant_new_user_coupon,phone,14
0037,LKUS_grant_new_user_coupon,extend,14
0037,LKUS_grant_new_user_coupon,tenant,14
0037,LKUS_grant_new_user_coupon,userNo,14
0037,LKUS_grant_new_user_coupon,sceneId,14
0037,LKUS_grant_new_user_coupon,version,14
0037,LKUS_grant_new_user_coupon,uniqueKey,14
0037,LKUS_grant_new_user_coupon,userAgent,14
0037,LKUS_grant_new_user_coupon,countryCode,14
0037,LKUS_grant_new_user_coupon,reviewRepeat,14
0037,LKUS_grant_new_user_coupon,cidOriginEnum,14
0037,LKUS_grant_new_user_coupon,recaptchaV3Token,14
0037,LKUS_grant_new_user_coupon,recaptchaV3Action,14
0037,LKUS_grant_new_user_coupon,recaptchaV3Enabled,14
0037,LKUS_physical_order_create,packagingBagPrice,1
0037,LKUS_physical_order_create,packagingBagNumber,1
0037,LKUS_payment,packagingBagPrice,1
0037,LKUS_payment,packagingBagNumber,1
0038,LKUS_push,ip,47
0038,LKUS_push,app,42
0038,LKUS_push,cid,47
0038,LKUS_push,uid,47
0038,LKUS_push,phone,47
0038,LKUS_push,tenant,47
0038,LKUS_push,version,47
0038,LKUS_push,uniqueKey,47
0038,LKUS_push,userAgent,47
0038,LKUS_push,countryCode,47
0038,LKUS_push,reviewRepeat,42
0038,LKUS_push,cidOriginEnum,47
0038,LKUS_push,recaptchaV3Token,42
0038,LKUS_push,recaptchaV3Action,42
0038,LKUS_push,recaptchaV3Enabled,42
0038,LKUS_physical_order_create,ip,82
0038,LKUS_physical_order_create,app,62
0038,LKUS_physical_order_create,cid,82
0038,LKUS_physical_order_create,uid,82
0038,LKUS_physical_order_create,phone,67
0038,LKUS_physical_order_create,shopId,82
0038,LKUS_physical_order_create,tenant,82
0038,LKUS_physical_order_create,userNo,82
0038,LKUS_physical_order_create,isGuest,82
0038,LKUS_physical_order_create,version,82
0038,LKUS_physical_order_create,latitude,67
0038,LKUS_physical_order_create,longitude,67
0038,LKUS_physical_order_create,orderType,82
0038,LKUS_physical_order_create,taxAmount,82
0038,LKUS_physical_order_create,uniqueKey,82
0038,LKUS_physical_order_create,userAgent,82
0038,LKUS_physical_order_create,couponList,82
0038,LKUS_physical_order_create,orderPrice,82
0038,LKUS_physical_order_create,countryCode,82
0038,LKUS_physical_order_create,shopAddress,82
0038,LKUS_physical_order_create,reviewRepeat,65
0038,LKUS_physical_order_create,shopCityName,82
0038,LKUS_physical_order_create,shopLatitude,82
0038,LKUS_physical_order_create,cidOriginEnum,82
0038,LKUS_physical_order_create,isTaxRequired,82
0038,LKUS_physical_order_create,orderProducts,82
0038,LKUS_physical_order_create,productAmount,82
0038,LKUS_physical_order_create,shopLongitude,82
0038,LKUS_physical_order_create,coffeeStoreList,82
0038,LKUS_physical_order_create,recaptchaV3Token,65
0038,LKUS_physical_order_create,packagingBagPrice,2
0038,LKUS_physical_order_create,recaptchaV3Action,65
0038,LKUS_physical_order_create,packagingBagNumber,2
0038,LKUS_physical_order_create,recaptchaV3Enabled,65
0038,LKUS_physical_order_create,packageOrderProducts,82
0038,LKUS_payment,ip,81
0038,LKUS_payment,app,61
0038,LKUS_payment,cid,81
0038,LKUS_payment,uid,81
0038,LKUS_payment,phone,66
0038,LKUS_payment,shopId,81
0038,LKUS_payment,tenant,81
0038,LKUS_payment,userNo,81
0038,LKUS_payment,isGuest,81
0038,LKUS_payment,orderNo,81
0038,LKUS_payment,payType,81
0038,LKUS_payment,version,81
0038,LKUS_payment,payMoney,81
0038,LKUS_payment,orderType,81
0038,LKUS_payment,taxAmount,81
0038,LKUS_payment,uniqueKey,81
0038,LKUS_payment,userAgent,81
0038,LKUS_payment,orderPrice,81
0038,LKUS_payment,countryCode,66
0038,LKUS_payment,reviewRepeat,64
0038,LKUS_payment,cidOriginEnum,81
0038,LKUS_payment,isTaxRequired,81
0038,LKUS_payment,orderProducts,81
0038,LKUS_payment,recaptchaV3Token,64
0038,LKUS_payment,packagingBagPrice,2
0038,LKUS_payment,recaptchaV3Action,64
0038,LKUS_payment,packagingBagNumber,2
0038,LKUS_payment,recaptchaV3Enabled,64
0038,LKUS_payment,packageOrderProducts,81
0038,LKUS_login,ip,17
0038,LKUS_login,cid,17
0038,LKUS_login,uid,17
0038,LKUS_login,phone,17
0038,LKUS_login,tenant,17
0038,LKUS_login,userNo,17
0038,LKUS_login,version,17
0038,LKUS_login,uniqueKey,17
0038,LKUS_login,userAgent,17
0038,LKUS_login,countryCode,17
0038,LKUS_login,reviewRepeat,15
0038,LKUS_login,cidOriginEnum,17
0038,LKUS_login,recaptchaV3Token,15
0038,LKUS_login,recaptchaV3Action,15
0038,LKUS_login,recaptchaV3Enabled,15
0038,LKUS_register,ip,6
0038,LKUS_register,cid,6
0038,LKUS_register,uid,6
0038,LKUS_register,phone,6
0038,LKUS_register,tenant,6
0038,LKUS_register,version,6
0038,LKUS_register,uniqueKey,6
0038,LKUS_register,userAgent,6
0038,LKUS_register,countryCode,6
0038,LKUS_register,reviewRepeat,6
0038,LKUS_register,cidOriginEnum,6
0038,LKUS_register,recaptchaV3Token,6
0038,LKUS_register,recaptchaV3Action,6
0038,LKUS_register,recaptchaV3Enabled,6
0038,LKUS_grant_new_user_coupon,ip,7
0038,LKUS_grant_new_user_coupon,cid,7
0038,LKUS_grant_new_user_coupon,uid,7
0038,LKUS_grant_new_user_coupon,phone,7
0038,LKUS_grant_new_user_coupon,extend,7
0038,LKUS_grant_new_user_coupon,tenant,7
0038,LKUS_grant_new_user_coupon,userNo,7
0038,LKUS_grant_new_user_coupon,sceneId,7
0038,LKUS_grant_new_user_coupon,version,7
0038,LKUS_grant_new_user_coupon,uniqueKey,7
0038,LKUS_grant_new_user_coupon,userAgent,7
0038,LKUS_grant_new_user_coupon,countryCode,7
0038,LKUS_grant_new_user_coupon,reviewRepeat,7
0038,LKUS_grant_new_user_coupon,cidOriginEnum,7
0038,LKUS_grant_new_user_coupon,recaptchaV3Token,7
0038,LKUS_grant_new_user_coupon,recaptchaV3Action,7
0038,LKUS_grant_new_user_coupon,recaptchaV3Enabled,7
0038,LKUS_physical_order_cancel,ip,2
0038,LKUS_physical_order_cancel,app,2
0038,LKUS_physical_order_cancel,cid,2
0038,LKUS_physical_order_cancel,uid,2
0038,LKUS_physical_order_cancel,phone,2
0038,LKUS_physical_order_cancel,shopId,2
0038,LKUS_physical_order_cancel,tenant,2
0038,LKUS_physical_order_cancel,userNo,2
0038,LKUS_physical_order_cancel,isGuest,2
0038,LKUS_physical_order_cancel,orderNo,2
0038,LKUS_physical_order_cancel,version,2
0038,LKUS_physical_order_cancel,shopCity,2
0038,LKUS_physical_order_cancel,uniqueKey,2
0038,LKUS_physical_order_cancel,userAgent,2
0038,LKUS_physical_order_cancel,countryCode,2
0038,LKUS_physical_order_cancel,totalOfMade,2
0038,LKUS_physical_order_cancel,reviewRepeat,2
0038,LKUS_physical_order_cancel,cidOriginEnum,2
0038,LKUS_physical_order_cancel,cancelTypeEnum,2
0038,LKUS_physical_order_cancel,recaptchaV3Token,2
0038,LKUS_physical_order_cancel,recaptchaV3Action,2
0038,LKUS_physical_order_cancel,recaptchaV3Enabled,2
0038,LKUS_physical_order_create,did,15
0038,LKUS_physical_order_create,blackBox,15
0038,LKUS_physical_order_create,deviceId,15
0038,LKUS_login,app,11
0038,LKUS_grant_new_user_coupon,app,4
0038,LKUS_register,app,3
0039,LKUS_push,ip,47
0039,LKUS_push,app,41
0039,LKUS_push,cid,47
0039,LKUS_push,uid,47
0039,LKUS_push,phone,47
0039,LKUS_push,tenant,47
0039,LKUS_push,version,47
0039,LKUS_push,uniqueKey,47
0039,LKUS_push,userAgent,47
0039,LKUS_push,countryCode,47
0039,LKUS_push,reviewRepeat,44
0039,LKUS_push,cidOriginEnum,47
0039,LKUS_push,recaptchaV3Token,44
0039,LKUS_push,recaptchaV3Action,44
0039,LKUS_push,recaptchaV3Enabled,44
0039,LKUS_login,ip,23
0039,LKUS_login,app,18
0039,LKUS_login,cid,23
0039,LKUS_login,uid,23
0039,LKUS_login,phone,23
0039,LKUS_login,tenant,23
0039,LKUS_login,userNo,23
0039,LKUS_login,version,23
0039,LKUS_login,uniqueKey,23
0039,LKUS_login,userAgent,23
0039,LKUS_login,countryCode,23
0039,LKUS_login,reviewRepeat,21
0039,LKUS_login,cidOriginEnum,23
0039,LKUS_login,recaptchaV3Token,21
0039,LKUS_login,recaptchaV3Action,21
0039,LKUS_login,recaptchaV3Enabled,21
0039,LKUS_grant_new_user_coupon,ip,14
0039,LKUS_grant_new_user_coupon,app,12
0039,LKUS_grant_new_user_coupon,cid,14
0039,LKUS_grant_new_user_coupon,uid,14
0039,LKUS_grant_new_user_coupon,phone,14
0039,LKUS_grant_new_user_coupon,extend,14
0039,LKUS_grant_new_user_coupon,tenant,14
0039,LKUS_grant_new_user_coupon,userNo,14
0039,LKUS_grant_new_user_coupon,sceneId,14
0039,LKUS_grant_new_user_coupon,version,14
0039,LKUS_grant_new_user_coupon,uniqueKey,14
0039,LKUS_grant_new_user_coupon,userAgent,14
0039,LKUS_grant_new_user_coupon,countryCode,14
0039,LKUS_grant_new_user_coupon,reviewRepeat,14
0039,LKUS_grant_new_user_coupon,cidOriginEnum,14
0039,LKUS_grant_new_user_coupon,recaptchaV3Token,14
0039,LKUS_grant_new_user_coupon,recaptchaV3Action,14
0039,LKUS_grant_new_user_coupon,recaptchaV3Enabled,14
0039,LKUS_payment,ip,112
0039,LKUS_payment,app,101
0039,LKUS_payment,cid,112
0039,LKUS_payment,uid,112
0039,LKUS_payment,phone,103
0039,LKUS_payment,shopId,112
0039,LKUS_payment,tenant,112
0039,LKUS_payment,userNo,112
0039,LKUS_payment,isGuest,112
0039,LKUS_payment,orderNo,112
0039,LKUS_payment,payType,112
0039,LKUS_payment,version,112
0039,LKUS_payment,payMoney,112
0039,LKUS_payment,orderType,112
0039,LKUS_payment,taxAmount,112
0039,LKUS_payment,uniqueKey,112
0039,LKUS_payment,userAgent,112
0039,LKUS_payment,orderPrice,112
0039,LKUS_payment,countryCode,103
0039,LKUS_payment,reviewRepeat,100
0039,LKUS_payment,cidOriginEnum,112
0039,LKUS_payment,isTaxRequired,112
0039,LKUS_payment,orderProducts,112
0039,LKUS_payment,recaptchaV3Token,100
0039,LKUS_payment,recaptchaV3Action,100
0039,LKUS_payment,recaptchaV3Enabled,100
0039,LKUS_payment,packageOrderProducts,112
0039,LKUS_physical_order_create,ip,116
0039,LKUS_physical_order_create,app,105
0039,LKUS_physical_order_create,cid,116
0039,LKUS_physical_order_create,uid,116
0039,LKUS_physical_order_create,phone,107
0039,LKUS_physical_order_create,shopId,116
0039,LKUS_physical_order_create,tenant,116
0039,LKUS_physical_order_create,userNo,116
0039,LKUS_physical_order_create,isGuest,116
0039,LKUS_physical_order_create,version,116
0039,LKUS_physical_order_create,latitude,106
0039,LKUS_physical_order_create,longitude,106
0039,LKUS_physical_order_create,orderType,116
0039,LKUS_physical_order_create,taxAmount,116
0039,LKUS_physical_order_create,uniqueKey,116
0039,LKUS_physical_order_create,userAgent,116
0039,LKUS_physical_order_create,couponList,116
0039,LKUS_physical_order_create,orderPrice,115
0039,LKUS_physical_order_create,countryCode,116
0039,LKUS_physical_order_create,shopAddress,116
0039,LKUS_physical_order_create,reviewRepeat,104
0039,LKUS_physical_order_create,shopCityName,116
0039,LKUS_physical_order_create,shopLatitude,116
0039,LKUS_physical_order_create,cidOriginEnum,116
0039,LKUS_physical_order_create,isTaxRequired,116
0039,LKUS_physical_order_create,orderProducts,116
0039,LKUS_physical_order_create,productAmount,116
0039,LKUS_physical_order_create,shopLongitude,116
0039,LKUS_physical_order_create,coffeeStoreList,116
0039,LKUS_physical_order_create,recaptchaV3Token,104
0039,LKUS_physical_order_create,recaptchaV3Action,104
0039,LKUS_physical_order_create,recaptchaV3Enabled,104
0039,LKUS_physical_order_create,packageOrderProducts,116
0039,LKUS_physical_order_cancel,ip,4
0039,LKUS_physical_order_cancel,app,4
0039,LKUS_physical_order_cancel,cid,4
0039,LKUS_physical_order_cancel,uid,4
0039,LKUS_physical_order_cancel,phone,4
0039,LKUS_physical_order_cancel,shopId,4
0039,LKUS_physical_order_cancel,tenant,4
0039,LKUS_physical_order_cancel,userNo,4
0039,LKUS_physical_order_cancel,isGuest,4
0039,LKUS_physical_order_cancel,orderNo,4
0039,LKUS_physical_order_cancel,version,4
0039,LKUS_physical_order_cancel,shopCity,4
0039,LKUS_physical_order_cancel,uniqueKey,4
0039,LKUS_physical_order_cancel,userAgent,4
0039,LKUS_physical_order_cancel,countryCode,4
0039,LKUS_physical_order_cancel,totalOfMade,4
0039,LKUS_physical_order_cancel,reviewRepeat,4
0039,LKUS_physical_order_cancel,cidOriginEnum,4
0039,LKUS_physical_order_cancel,cancelTypeEnum,4
0039,LKUS_physical_order_cancel,recaptchaV3Token,4
0039,LKUS_physical_order_cancel,recaptchaV3Action,4
0039,LKUS_physical_order_cancel,recaptchaV3Enabled,4
0039,LKUS_physical_order_create,did,10
0039,LKUS_physical_order_create,blackBox,10
0039,LKUS_physical_order_create,deviceId,10
0039,LKUS_payment,packagingBagPrice,4
0039,LKUS_payment,packagingBagNumber,4
0039,LKUS_physical_order_create,packagingBagPrice,4
0039,LKUS_physical_order_create,packagingBagNumber,4
0039,LKUS_register,ip,5
0039,LKUS_register,cid,5
0039,LKUS_register,uid,5
0039,LKUS_register,phone,5
0039,LKUS_register,tenant,5
0039,LKUS_register,version,5
0039,LKUS_register,uniqueKey,5
0039,LKUS_register,userAgent,5
0039,LKUS_register,countryCode,5
0039,LKUS_register,reviewRepeat,5
0039,LKUS_register,cidOriginEnum,5
0039,LKUS_register,recaptchaV3Token,5
0039,LKUS_register,recaptchaV3Action,5
0039,LKUS_register,recaptchaV3Enabled,5
0039,LKUS_register,app,2
0040,LKUS_push,ip,36
0040,LKUS_push,app,32
0040,LKUS_push,cid,36
0040,LKUS_push,uid,36
0040,LKUS_push,phone,36
0040,LKUS_push,tenant,36
0040,LKUS_push,version,36
0040,LKUS_push,uniqueKey,36
0040,LKUS_push,userAgent,36
0040,LKUS_push,countryCode,36
0040,LKUS_push,reviewRepeat,33
0040,LKUS_push,cidOriginEnum,36
0040,LKUS_push,recaptchaV3Token,33
0040,LKUS_push,recaptchaV3Action,33
0040,LKUS_push,recaptchaV3Enabled,33
0040,LKUS_physical_order_create,ip,110
0040,LKUS_physical_order_create,app,88
0040,LKUS_physical_order_create,cid,110
0040,LKUS_physical_order_create,uid,110
0040,LKUS_physical_order_create,phone,91
0040,LKUS_physical_order_create,shopId,110
0040,LKUS_physical_order_create,tenant,110
0040,LKUS_physical_order_create,userNo,110
0040,LKUS_physical_order_create,isGuest,110
0040,LKUS_physical_order_create,version,110
0040,LKUS_physical_order_create,latitude,90
0040,LKUS_physical_order_create,longitude,90
0040,LKUS_physical_order_create,orderType,110
0040,LKUS_physical_order_create,taxAmount,110
0040,LKUS_physical_order_create,uniqueKey,110
0040,LKUS_physical_order_create,userAgent,110
0040,LKUS_physical_order_create,couponList,110
0040,LKUS_physical_order_create,orderPrice,110
0040,LKUS_physical_order_create,countryCode,110
0040,LKUS_physical_order_create,shopAddress,110
0040,LKUS_physical_order_create,reviewRepeat,86
0040,LKUS_physical_order_create,shopCityName,110
0040,LKUS_physical_order_create,shopLatitude,110
0040,LKUS_physical_order_create,cidOriginEnum,110
0040,LKUS_physical_order_create,isTaxRequired,110
0040,LKUS_physical_order_create,orderProducts,110
0040,LKUS_physical_order_create,productAmount,110
0040,LKUS_physical_order_create,shopLongitude,110
0040,LKUS_physical_order_create,coffeeStoreList,110
0040,LKUS_physical_order_create,recaptchaV3Token,86
0040,LKUS_physical_order_create,recaptchaV3Action,86
0040,LKUS_physical_order_create,recaptchaV3Enabled,86
0040,LKUS_physical_order_create,packageOrderProducts,110
0040,LKUS_physical_order_create,did,20
0040,LKUS_physical_order_create,blackBox,20
0040,LKUS_physical_order_create,deviceId,20
0040,LKUS_payment,ip,111
0040,LKUS_payment,cid,111
0040,LKUS_payment,uid,111
0040,LKUS_payment,shopId,111
0040,LKUS_payment,tenant,111
0040,LKUS_payment,userNo,111
0040,LKUS_payment,isGuest,111
0040,LKUS_payment,orderNo,111
0040,LKUS_payment,payType,111
0040,LKUS_payment,version,111
0040,LKUS_payment,payMoney,111
0040,LKUS_payment,orderType,111
0040,LKUS_payment,taxAmount,111
0040,LKUS_payment,uniqueKey,111
0040,LKUS_payment,userAgent,111
0040,LKUS_payment,orderPrice,111
0040,LKUS_payment,cidOriginEnum,111
0040,LKUS_payment,isTaxRequired,111
0040,LKUS_payment,orderProducts,111
0040,LKUS_payment,packageOrderProducts,111
0040,LKUS_payment,app,88
0040,LKUS_payment,phone,91
0040,LKUS_payment,countryCode,91
0040,LKUS_payment,reviewRepeat,86
0040,LKUS_payment,recaptchaV3Token,86
0040,LKUS_payment,recaptchaV3Action,86
0040,LKUS_payment,recaptchaV3Enabled,86
0040,LKUS_login,ip,18
0040,LKUS_login,cid,18
0040,LKUS_login,uid,18
0040,LKUS_login,phone,18
0040,LKUS_login,tenant,18
0040,LKUS_login,userNo,18
0040,LKUS_login,version,18
0040,LKUS_login,uniqueKey,18
0040,LKUS_login,userAgent,18
0040,LKUS_login,countryCode,18
0040,LKUS_login,reviewRepeat,17
0040,LKUS_login,cidOriginEnum,18
0040,LKUS_login,recaptchaV3Token,17
0040,LKUS_login,recaptchaV3Action,17
0040,LKUS_login,recaptchaV3Enabled,17
0040,LKUS_register,ip,5
0040,LKUS_register,cid,5
0040,LKUS_register,uid,5
0040,LKUS_register,phone,5
0040,LKUS_register,tenant,5
0040,LKUS_register,version,5
0040,LKUS_register,uniqueKey,5
0040,LKUS_register,userAgent,5
0040,LKUS_register,countryCode,5
0040,LKUS_register,reviewRepeat,5
0040,LKUS_register,cidOriginEnum,5
0040,LKUS_register,recaptchaV3Token,5
0040,LKUS_register,recaptchaV3Action,5
0040,LKUS_register,recaptchaV3Enabled,5
0040,LKUS_physical_order_create,packagingBagPrice,3
0040,LKUS_physical_order_create,packagingBagNumber,3
0040,LKUS_payment,packagingBagPrice,3
0040,LKUS_payment,packagingBagNumber,3
0040,LKUS_register,app,3
0040,LKUS_login,app,15
0040,LKUS_grant_new_user_coupon,ip,10
0040,LKUS_grant_new_user_coupon,app,10
0040,LKUS_grant_new_user_coupon,cid,10
0040,LKUS_grant_new_user_coupon,uid,10
0040,LKUS_grant_new_user_coupon,phone,10
0040,LKUS_grant_new_user_coupon,extend,10
0040,LKUS_grant_new_user_coupon,tenant,10
0040,LKUS_grant_new_user_coupon,userNo,10
0040,LKUS_grant_new_user_coupon,sceneId,10
0040,LKUS_grant_new_user_coupon,version,10
0040,LKUS_grant_new_user_coupon,uniqueKey,10
0040,LKUS_grant_new_user_coupon,userAgent,10
0040,LKUS_grant_new_user_coupon,countryCode,10
0040,LKUS_grant_new_user_coupon,reviewRepeat,10
0040,LKUS_grant_new_user_coupon,cidOriginEnum,10
0040,LKUS_grant_new_user_coupon,recaptchaV3Token,10
0040,LKUS_grant_new_user_coupon,recaptchaV3Action,10
0040,LKUS_grant_new_user_coupon,recaptchaV3Enabled,10
0040,LKUS_physical_order_cancel,ip,1
0040,LKUS_physical_order_cancel,app,1
0040,LKUS_physical_order_cancel,cid,1
0040,LKUS_physical_order_cancel,uid,1
0040,LKUS_physical_order_cancel,phone,1
0040,LKUS_physical_order_cancel,shopId,1
0040,LKUS_physical_order_cancel,tenant,1
0040,LKUS_physical_order_cancel,userNo,1
0040,LKUS_physical_order_cancel,isGuest,1
0040,LKUS_physical_order_cancel,orderNo,1
0040,LKUS_physical_order_cancel,version,1
0040,LKUS_physical_order_cancel,shopCity,1
0040,LKUS_physical_order_cancel,uniqueKey,1
0040,LKUS_physical_order_cancel,userAgent,1
0040,LKUS_physical_order_cancel,countryCode,1
0040,LKUS_physical_order_cancel,totalOfMade,1
0040,LKUS_physical_order_cancel,reviewRepeat,1
0040,LKUS_physical_order_cancel,cidOriginEnum,1
0040,LKUS_physical_order_cancel,cancelTypeEnum,1
0040,LKUS_physical_order_cancel,recaptchaV3Token,1
0040,LKUS_physical_order_cancel,recaptchaV3Action,1
0040,LKUS_physical_order_cancel,recaptchaV3Enabled,1
0040,LKUS_push,userNo,1
0041,LKUS_login,ip,16
0041,LKUS_login,app,12
0041,LKUS_login,cid,16
0041,LKUS_login,uid,16
0041,LKUS_login,phone,16
0041,LKUS_login,tenant,16
0041,LKUS_login,userNo,16
0041,LKUS_login,version,16
0041,LKUS_login,uniqueKey,16
0041,LKUS_login,userAgent,16
0041,LKUS_login,countryCode,16
0041,LKUS_login,reviewRepeat,12
0041,LKUS_login,cidOriginEnum,16
0041,LKUS_login,recaptchaV3Token,12
0041,LKUS_login,recaptchaV3Action,12
0041,LKUS_login,recaptchaV3Enabled,12
0041,LKUS_grant_new_user_coupon,ip,9
0041,LKUS_grant_new_user_coupon,app,8
0041,LKUS_grant_new_user_coupon,cid,9
0041,LKUS_grant_new_user_coupon,uid,9
0041,LKUS_grant_new_user_coupon,phone,9
0041,LKUS_grant_new_user_coupon,extend,9
0041,LKUS_grant_new_user_coupon,tenant,9
0041,LKUS_grant_new_user_coupon,userNo,9
0041,LKUS_grant_new_user_coupon,sceneId,9
0041,LKUS_grant_new_user_coupon,version,9
0041,LKUS_grant_new_user_coupon,uniqueKey,9
0041,LKUS_grant_new_user_coupon,userAgent,9
0041,LKUS_grant_new_user_coupon,countryCode,9
0041,LKUS_grant_new_user_coupon,reviewRepeat,9
0041,LKUS_grant_new_user_coupon,cidOriginEnum,9
0041,LKUS_grant_new_user_coupon,recaptchaV3Token,9
0041,LKUS_grant_new_user_coupon,recaptchaV3Action,9
0041,LKUS_grant_new_user_coupon,recaptchaV3Enabled,9
0041,LKUS_push,ip,46
0041,LKUS_push,app,41
0041,LKUS_push,cid,46
0041,LKUS_push,uid,46
0041,LKUS_push,phone,46
0041,LKUS_push,tenant,46
0041,LKUS_push,version,46
0041,LKUS_push,uniqueKey,46
0041,LKUS_push,userAgent,46
0041,LKUS_push,countryCode,46
0041,LKUS_push,reviewRepeat,43
0041,LKUS_push,cidOriginEnum,46
0041,LKUS_push,recaptchaV3Token,42
0041,LKUS_push,recaptchaV3Action,42
0041,LKUS_push,recaptchaV3Enabled,43
0041,LKUS_register,ip,9
0041,LKUS_register,app,8
0041,LKUS_register,cid,9
0041,LKUS_register,uid,9
0041,LKUS_register,phone,9
0041,LKUS_register,tenant,9
0041,LKUS_register,version,9
0041,LKUS_register,uniqueKey,9
0041,LKUS_register,userAgent,9
0041,LKUS_register,countryCode,9
0041,LKUS_register,reviewRepeat,9
0041,LKUS_register,cidOriginEnum,9
0041,LKUS_register,recaptchaV3Token,9
0041,LKUS_register,recaptchaV3Action,9
0041,LKUS_register,recaptchaV3Enabled,9
0041,LKUS_physical_order_create,ip,106
0041,LKUS_physical_order_create,app,86
0041,LKUS_physical_order_create,cid,106
0041,LKUS_physical_order_create,uid,106
0041,LKUS_physical_order_create,phone,90
0041,LKUS_physical_order_create,shopId,106
0041,LKUS_physical_order_create,tenant,106
0041,LKUS_physical_order_create,userNo,106
0041,LKUS_physical_order_create,isGuest,106
0041,LKUS_physical_order_create,version,106
0041,LKUS_physical_order_create,latitude,89
0041,LKUS_physical_order_create,longitude,89
0041,LKUS_physical_order_create,orderType,106
0041,LKUS_physical_order_create,taxAmount,106
0041,LKUS_physical_order_create,uniqueKey,106
0041,LKUS_physical_order_create,userAgent,106
0041,LKUS_physical_order_create,couponList,106
0041,LKUS_physical_order_create,orderPrice,105
0041,LKUS_physical_order_create,countryCode,106
0041,LKUS_physical_order_create,shopAddress,106
0041,LKUS_physical_order_create,reviewRepeat,83
0041,LKUS_physical_order_create,shopCityName,106
0041,LKUS_physical_order_create,shopLatitude,106
0041,LKUS_physical_order_create,cidOriginEnum,106
0041,LKUS_physical_order_create,isTaxRequired,106
0041,LKUS_physical_order_create,orderProducts,106
0041,LKUS_physical_order_create,productAmount,106
0041,LKUS_physical_order_create,shopLongitude,106
0041,LKUS_physical_order_create,coffeeStoreList,106
0041,LKUS_physical_order_create,recaptchaV3Token,83
0041,LKUS_physical_order_create,recaptchaV3Action,83
0041,LKUS_physical_order_create,recaptchaV3Enabled,83
0041,LKUS_physical_order_create,packageOrderProducts,106
0041,LKUS_payment,ip,110
0041,LKUS_payment,app,91
0041,LKUS_payment,cid,110
0041,LKUS_payment,uid,110
0041,LKUS_payment,phone,94
0041,LKUS_payment,shopId,110
0041,LKUS_payment,tenant,110
0041,LKUS_payment,userNo,110
0041,LKUS_payment,isGuest,110
0041,LKUS_payment,orderNo,110
0041,LKUS_payment,payType,110
0041,LKUS_payment,version,110
0041,LKUS_payment,payMoney,110
0041,LKUS_payment,orderType,110
0041,LKUS_payment,taxAmount,110
0041,LKUS_payment,uniqueKey,110
0041,LKUS_payment,userAgent,110
0041,LKUS_payment,orderPrice,110
0041,LKUS_payment,countryCode,94
0041,LKUS_payment,reviewRepeat,88
0041,LKUS_payment,cidOriginEnum,110
0041,LKUS_payment,isTaxRequired,110
0041,LKUS_payment,orderProducts,110
0041,LKUS_payment,recaptchaV3Token,88
0041,LKUS_payment,recaptchaV3Action,88
0041,LKUS_payment,recaptchaV3Enabled,88
0041,LKUS_payment,packageOrderProducts,110
0041,LKUS_physical_order_create,did,17
0041,LKUS_physical_order_create,blackBox,17
0041,LKUS_physical_order_create,deviceId,17
0041,LKUS_physical_order_create,packagingBagPrice,4
0041,LKUS_physical_order_create,packagingBagNumber,4
0041,LKUS_payment,packagingBagPrice,4
0041,LKUS_payment,packagingBagNumber,4
0041,LKUS_captcha,ip,1
0041,LKUS_captcha,cid,1
0041,LKUS_captcha,uid,1
0041,LKUS_captcha,event,1
0041,LKUS_captcha,phone,1
0041,LKUS_captcha,tenant,1
0041,LKUS_captcha,isGuest,1
0041,LKUS_captcha,version,1
0041,LKUS_captcha,uniqueKey,1
0041,LKUS_captcha,userAgent,1
0041,LKUS_captcha,countryCode,1
0041,LKUS_captcha,reviewRepeat,1
0041,LKUS_captcha,cidOriginEnum,1
0041,LKUS_captcha,verifyCodeType,1
0041,LKUS_captcha,recaptchaV3Token,1
0041,LKUS_captcha,verifyCodeParams,1
0041,LKUS_captcha,recaptchaV3Action,1
0041,LKUS_physical_order_cancel,ip,2
0041,LKUS_physical_order_cancel,app,2
0041,LKUS_physical_order_cancel,cid,2
0041,LKUS_physical_order_cancel,uid,2
0041,LKUS_physical_order_cancel,phone,2
0041,LKUS_physical_order_cancel,shopId,2
0041,LKUS_physical_order_cancel,tenant,2
0041,LKUS_physical_order_cancel,userNo,2
0041,LKUS_physical_order_cancel,isGuest,2
0041,LKUS_physical_order_cancel,orderNo,2
0041,LKUS_physical_order_cancel,version,2
0041,LKUS_physical_order_cancel,shopCity,2
0041,LKUS_physical_order_cancel,uniqueKey,2
0041,LKUS_physical_order_cancel,userAgent,2
0041,LKUS_physical_order_cancel,countryCode,2
0041,LKUS_physical_order_cancel,totalOfMade,2
0041,LKUS_physical_order_cancel,reviewRepeat,2
0041,LKUS_physical_order_cancel,cidOriginEnum,2
0041,LKUS_physical_order_cancel,cancelTypeEnum,2
0041,LKUS_physical_order_cancel,recaptchaV3Token,2
0041,LKUS_physical_order_cancel,recaptchaV3Action,2
0041,LKUS_physical_order_cancel,recaptchaV3Enabled,2
0042,LKUS_login,ip,14
0042,LKUS_login,app,11
0042,LKUS_login,cid,14
0042,LKUS_login,uid,14
0042,LKUS_login,phone,14
0042,LKUS_login,tenant,14
0042,LKUS_login,userNo,14
0042,LKUS_login,version,14
0042,LKUS_login,uniqueKey,14
0042,LKUS_login,userAgent,14
0042,LKUS_login,countryCode,14
0042,LKUS_login,reviewRepeat,13
0042,LKUS_login,cidOriginEnum,14
0042,LKUS_login,recaptchaV3Token,13
0042,LKUS_login,recaptchaV3Action,13
0042,LKUS_login,recaptchaV3Enabled,13
0042,LKUS_grant_new_user_coupon,ip,7
0042,LKUS_grant_new_user_coupon,app,6
0042,LKUS_grant_new_user_coupon,cid,7
0042,LKUS_grant_new_user_coupon,uid,7
0042,LKUS_grant_new_user_coupon,phone,7
0042,LKUS_grant_new_user_coupon,extend,7
0042,LKUS_grant_new_user_coupon,tenant,7
0042,LKUS_grant_new_user_coupon,userNo,7
0042,LKUS_grant_new_user_coupon,sceneId,7
0042,LKUS_grant_new_user_coupon,version,7
0042,LKUS_grant_new_user_coupon,uniqueKey,7
0042,LKUS_grant_new_user_coupon,userAgent,7
0042,LKUS_grant_new_user_coupon,countryCode,7
0042,LKUS_grant_new_user_coupon,reviewRepeat,7
0042,LKUS_grant_new_user_coupon,cidOriginEnum,7
0042,LKUS_grant_new_user_coupon,recaptchaV3Token,7
0042,LKUS_grant_new_user_coupon,recaptchaV3Action,7
0042,LKUS_grant_new_user_coupon,recaptchaV3Enabled,7
0042,LKUS_push,ip,48
0042,LKUS_push,app,31
0042,LKUS_push,cid,48
0042,LKUS_push,uid,48
0042,LKUS_push,phone,48
0042,LKUS_push,tenant,48
0042,LKUS_push,version,48
0042,LKUS_push,uniqueKey,48
0042,LKUS_push,userAgent,48
0042,LKUS_push,countryCode,48
0042,LKUS_push,reviewRepeat,46
0042,LKUS_push,cidOriginEnum,48
0042,LKUS_push,recaptchaV3Token,45
0042,LKUS_push,recaptchaV3Action,45
0042,LKUS_push,recaptchaV3Enabled,46
0042,LKUS_physical_order_create,ip,89
0042,LKUS_physical_order_create,app,77
0042,LKUS_physical_order_create,cid,89
0042,LKUS_physical_order_create,uid,89
0042,LKUS_physical_order_create,phone,80
0042,LKUS_physical_order_create,shopId,89
0042,LKUS_physical_order_create,tenant,89
0042,LKUS_physical_order_create,userNo,89
0042,LKUS_physical_order_create,isGuest,89
0042,LKUS_physical_order_create,version,89
0042,LKUS_physical_order_create,latitude,80
0042,LKUS_physical_order_create,longitude,80
0042,LKUS_physical_order_create,orderType,89
0042,LKUS_physical_order_create,taxAmount,89
0042,LKUS_physical_order_create,uniqueKey,89
0042,LKUS_physical_order_create,userAgent,89
0042,LKUS_physical_order_create,couponList,89
0042,LKUS_physical_order_create,orderPrice,89
0042,LKUS_physical_order_create,countryCode,89
0042,LKUS_physical_order_create,shopAddress,89
0042,LKUS_physical_order_create,reviewRepeat,74
0042,LKUS_physical_order_create,shopCityName,89
0042,LKUS_physical_order_create,shopLatitude,89
0042,LKUS_physical_order_create,cidOriginEnum,89
0042,LKUS_physical_order_create,isTaxRequired,89
0042,LKUS_physical_order_create,orderProducts,89
0042,LKUS_physical_order_create,productAmount,89
0042,LKUS_physical_order_create,shopLongitude,89
0042,LKUS_physical_order_create,coffeeStoreList,89
0042,LKUS_physical_order_create,recaptchaV3Token,74
0042,LKUS_physical_order_create,recaptchaV3Action,74
0042,LKUS_physical_order_create,recaptchaV3Enabled,74
0042,LKUS_physical_order_create,packageOrderProducts,89
0042,LKUS_payment,ip,88
0042,LKUS_payment,app,76
0042,LKUS_payment,cid,88
0042,LKUS_payment,uid,88
0042,LKUS_payment,phone,79
0042,LKUS_payment,shopId,88
0042,LKUS_payment,tenant,88
0042,LKUS_payment,userNo,88
0042,LKUS_payment,isGuest,88
0042,LKUS_payment,orderNo,88
0042,LKUS_payment,payType,88
0042,LKUS_payment,version,88
0042,LKUS_payment,payMoney,88
0042,LKUS_payment,orderType,88
0042,LKUS_payment,taxAmount,88
0042,LKUS_payment,uniqueKey,88
0042,LKUS_payment,userAgent,88
0042,LKUS_payment,orderPrice,88
0042,LKUS_payment,countryCode,79
0042,LKUS_payment,reviewRepeat,74
0042,LKUS_payment,cidOriginEnum,88
0042,LKUS_payment,isTaxRequired,88
0042,LKUS_payment,orderProducts,88
0042,LKUS_payment,recaptchaV3Token,74
0042,LKUS_payment,recaptchaV3Action,74
0042,LKUS_payment,recaptchaV3Enabled,74
0042,LKUS_payment,packageOrderProducts,88
0042,LKUS_push,userNo,2
0042,LKUS_physical_order_create,did,9
0042,LKUS_physical_order_create,blackBox,9
0042,LKUS_physical_order_create,deviceId,9
0042,LKUS_physical_order_create,packagingBagPrice,4
0042,LKUS_physical_order_create,packagingBagNumber,4
0042,LKUS_payment,packagingBagPrice,4
0042,LKUS_payment,packagingBagNumber,4
0042,LKUS_register,ip,13
0042,LKUS_register,app,10
0042,LKUS_register,cid,13
0042,LKUS_register,uid,13
0042,LKUS_register,phone,13
0042,LKUS_register,tenant,13
0042,LKUS_register,version,13
0042,LKUS_register,uniqueKey,13
0042,LKUS_register,userAgent,13
0042,LKUS_register,countryCode,13
0042,LKUS_register,reviewRepeat,13
0042,LKUS_register,cidOriginEnum,13
0042,LKUS_register,recaptchaV3Token,13
0042,LKUS_register,recaptchaV3Action,13
0042,LKUS_register,recaptchaV3Enabled,13
0042,LKUS_captcha,ip,1
0042,LKUS_captcha,cid,1
0042,LKUS_captcha,uid,1
0042,LKUS_captcha,event,1
0042,LKUS_captcha,phone,1
0042,LKUS_captcha,tenant,1
0042,LKUS_captcha,isGuest,1
0042,LKUS_captcha,version,1
0042,LKUS_captcha,uniqueKey,1
0042,LKUS_captcha,userAgent,1
0042,LKUS_captcha,countryCode,1
0042,LKUS_captcha,reviewRepeat,1
0042,LKUS_captcha,cidOriginEnum,1
0042,LKUS_captcha,verifyCodeType,1
0042,LKUS_captcha,recaptchaV3Token,1
0042,LKUS_captcha,verifyCodeParams,1
0042,LKUS_captcha,recaptchaV3Action,1
0042,LKUS_physical_order_cancel,ip,1
0042,LKUS_physical_order_cancel,app,1
0042,LKUS_physical_order_cancel,cid,1
0042,LKUS_physical_order_cancel,uid,1
0042,LKUS_physical_order_cancel,phone,1
0042,LKUS_physical_order_cancel,shopId,1
0042,LKUS_physical_order_cancel,tenant,1
0042,LKUS_physical_order_cancel,userNo,1
0042,LKUS_physical_order_cancel,isGuest,1
0042,LKUS_physical_order_cancel,orderNo,1
0042,LKUS_physical_order_cancel,version,1
0042,LKUS_physical_order_cancel,shopCity,1
0042,LKUS_physical_order_cancel,uniqueKey,1
0042,LKUS_physical_order_cancel,userAgent,1
0042,LKUS_physical_order_cancel,countryCode,1
0042,LKUS_physical_order_cancel,totalOfMade,1
0042,LKUS_physical_order_cancel,cidOriginEnum,1
0042,LKUS_physical_order_cancel,cancelTypeEnum,1
0043,LKUS_push,ip,52
0043,LKUS_push,app,30
0043,LKUS_push,cid,52
0043,LKUS_push,uid,52
0043,LKUS_push,phone,52
0043,LKUS_push,tenant,52
0043,LKUS_push,version,52
0043,LKUS_push,uniqueKey,52
0043,LKUS_push,userAgent,52
0043,LKUS_push,countryCode,52
0043,LKUS_push,reviewRepeat,33
0043,LKUS_push,cidOriginEnum,52
0043,LKUS_push,recaptchaV3Token,33
0043,LKUS_push,recaptchaV3Action,33
0043,LKUS_push,recaptchaV3Enabled,33
0043,LKUS_register,ip,11
0043,LKUS_register,app,10
0043,LKUS_register,cid,11
0043,LKUS_register,uid,11
0043,LKUS_register,phone,11
0043,LKUS_register,tenant,11
0043,LKUS_register,version,11
0043,LKUS_register,uniqueKey,11
0043,LKUS_register,userAgent,11
0043,LKUS_register,countryCode,11
0043,LKUS_register,reviewRepeat,11
0043,LKUS_register,cidOriginEnum,11
0043,LKUS_register,recaptchaV3Token,11
0043,LKUS_register,recaptchaV3Action,11
0043,LKUS_register,recaptchaV3Enabled,11
0043,LKUS_login,ip,23
0043,LKUS_login,app,15
0043,LKUS_login,cid,23
0043,LKUS_login,uid,23
0043,LKUS_login,phone,23
0043,LKUS_login,tenant,23
0043,LKUS_login,userNo,23
0043,LKUS_login,version,23
0043,LKUS_login,uniqueKey,23
0043,LKUS_login,userAgent,23
0043,LKUS_login,countryCode,23
0043,LKUS_login,reviewRepeat,18
0043,LKUS_login,cidOriginEnum,23
0043,LKUS_login,recaptchaV3Token,18
0043,LKUS_login,recaptchaV3Action,18
0043,LKUS_login,recaptchaV3Enabled,18
0043,LKUS_grant_new_user_coupon,ip,10
0043,LKUS_grant_new_user_coupon,app,8
0043,LKUS_grant_new_user_coupon,cid,10
0043,LKUS_grant_new_user_coupon,uid,10
0043,LKUS_grant_new_user_coupon,phone,10
0043,LKUS_grant_new_user_coupon,extend,10
0043,LKUS_grant_new_user_coupon,tenant,10
0043,LKUS_grant_new_user_coupon,userNo,10
0043,LKUS_grant_new_user_coupon,sceneId,10
0043,LKUS_grant_new_user_coupon,version,10
0043,LKUS_grant_new_user_coupon,uniqueKey,10
0043,LKUS_grant_new_user_coupon,userAgent,10
0043,LKUS_grant_new_user_coupon,countryCode,10
0043,LKUS_grant_new_user_coupon,reviewRepeat,10
0043,LKUS_grant_new_user_coupon,cidOriginEnum,10
0043,LKUS_grant_new_user_coupon,recaptchaV3Token,10
0043,LKUS_grant_new_user_coupon,recaptchaV3Action,10
0043,LKUS_grant_new_user_coupon,recaptchaV3Enabled,10
0043,LKUS_physical_order_create,ip,98
0043,LKUS_physical_order_create,app,82
0043,LKUS_physical_order_create,cid,98
0043,LKUS_physical_order_create,uid,98
0043,LKUS_physical_order_create,phone,87
0043,LKUS_physical_order_create,shopId,98
0043,LKUS_physical_order_create,tenant,98
0043,LKUS_physical_order_create,userNo,98
0043,LKUS_physical_order_create,isGuest,98
0043,LKUS_physical_order_create,version,98
0043,LKUS_physical_order_create,latitude,85
0043,LKUS_physical_order_create,longitude,85
0043,LKUS_physical_order_create,orderType,98
0043,LKUS_physical_order_create,taxAmount,98
0043,LKUS_physical_order_create,uniqueKey,98
0043,LKUS_physical_order_create,userAgent,98
0043,LKUS_physical_order_create,couponList,98
0043,LKUS_physical_order_create,orderPrice,97
0043,LKUS_physical_order_create,countryCode,98
0043,LKUS_physical_order_create,shopAddress,98
0043,LKUS_physical_order_create,reviewRepeat,79
0043,LKUS_physical_order_create,shopCityName,98
0043,LKUS_physical_order_create,shopLatitude,98
0043,LKUS_physical_order_create,cidOriginEnum,98
0043,LKUS_physical_order_create,isTaxRequired,98
0043,LKUS_physical_order_create,orderProducts,98
0043,LKUS_physical_order_create,productAmount,98
0043,LKUS_physical_order_create,shopLongitude,98
0043,LKUS_physical_order_create,coffeeStoreList,98
0043,LKUS_physical_order_create,recaptchaV3Token,79
0043,LKUS_physical_order_create,recaptchaV3Action,79
0043,LKUS_physical_order_create,recaptchaV3Enabled,79
0043,LKUS_physical_order_create,packageOrderProducts,98
0043,LKUS_payment,ip,100
0043,LKUS_payment,app,82
0043,LKUS_payment,cid,100
0043,LKUS_payment,uid,100
0043,LKUS_payment,phone,87
0043,LKUS_payment,shopId,100
0043,LKUS_payment,tenant,100
0043,LKUS_payment,userNo,100
0043,LKUS_payment,isGuest,100
0043,LKUS_payment,orderNo,100
0043,LKUS_payment,payType,100
0043,LKUS_payment,version,100
0043,LKUS_payment,payMoney,100
0043,LKUS_payment,orderType,100
0043,LKUS_payment,taxAmount,100
0043,LKUS_payment,uniqueKey,100
0043,LKUS_payment,userAgent,100
0043,LKUS_payment,orderPrice,100
0043,LKUS_payment,countryCode,87
0043,LKUS_payment,reviewRepeat,78
0043,LKUS_payment,cidOriginEnum,100
0043,LKUS_payment,isTaxRequired,100
0043,LKUS_payment,orderProducts,100
0043,LKUS_payment,recaptchaV3Token,78
0043,LKUS_payment,recaptchaV3Action,78
0043,LKUS_payment,recaptchaV3Enabled,78
0043,LKUS_payment,packageOrderProducts,100
0043,LKUS_physical_order_create,did,13
0043,LKUS_physical_order_create,blackBox,13
0043,LKUS_physical_order_create,deviceId,13
0043,LKUS_physical_order_cancel,ip,1
0043,LKUS_physical_order_cancel,app,1
0043,LKUS_physical_order_cancel,cid,1
0043,LKUS_physical_order_cancel,uid,1
0043,LKUS_physical_order_cancel,phone,1
0043,LKUS_physical_order_cancel,shopId,1
0043,LKUS_physical_order_cancel,tenant,1
0043,LKUS_physical_order_cancel,userNo,1
0043,LKUS_physical_order_cancel,isGuest,1
0043,LKUS_physical_order_cancel,orderNo,1
0043,LKUS_physical_order_cancel,version,1
0043,LKUS_physical_order_cancel,shopCity,1
0043,LKUS_physical_order_cancel,uniqueKey,1
0043,LKUS_physical_order_cancel,userAgent,1
0043,LKUS_physical_order_cancel,countryCode,1
0043,LKUS_physical_order_cancel,totalOfMade,1
0043,LKUS_physical_order_cancel,reviewRepeat,1
0043,LKUS_physical_order_cancel,cidOriginEnum,1
0043,LKUS_physical_order_cancel,cancelTypeEnum,1
0043,LKUS_physical_order_cancel,recaptchaV3Token,1
0043,LKUS_physical_order_cancel,recaptchaV3Action,1
0043,LKUS_physical_order_cancel,recaptchaV3Enabled,1
0043,LKUS_physical_order_create,packagingBagPrice,2
0043,LKUS_physical_order_create,packagingBagNumber,2
0043,LKUS_payment,packagingBagPrice,2
0043,LKUS_payment,packagingBagNumber,2
0043,LKUS_push,userNo,1
0044,LKUS_push,ip,33
0044,LKUS_push,app,26
0044,LKUS_push,cid,33
0044,LKUS_push,uid,33
0044,LKUS_push,phone,33
0044,LKUS_push,tenant,33
0044,LKUS_push,version,33
0044,LKUS_push,uniqueKey,33
0044,LKUS_push,userAgent,33
0044,LKUS_push,countryCode,33
0044,LKUS_push,reviewRepeat,29
0044,LKUS_push,cidOriginEnum,33
0044,LKUS_push,recaptchaV3Token,29
0044,LKUS_push,recaptchaV3Action,29
0044,LKUS_push,recaptchaV3Enabled,29
0044,LKUS_physical_order_create,ip,101
0044,LKUS_physical_order_create,app,89
0044,LKUS_physical_order_create,cid,101
0044,LKUS_physical_order_create,uid,101
0044,LKUS_physical_order_create,phone,91
0044,LKUS_physical_order_create,shopId,101
0044,LKUS_physical_order_create,tenant,101
0044,LKUS_physical_order_create,userNo,101
0044,LKUS_physical_order_create,isGuest,101
0044,LKUS_physical_order_create,version,101
0044,LKUS_physical_order_create,latitude,90
0044,LKUS_physical_order_create,longitude,90
0044,LKUS_physical_order_create,orderType,101
0044,LKUS_physical_order_create,taxAmount,101
0044,LKUS_physical_order_create,uniqueKey,101
0044,LKUS_physical_order_create,userAgent,101
0044,LKUS_physical_order_create,couponList,101
0044,LKUS_physical_order_create,orderPrice,101
0044,LKUS_physical_order_create,countryCode,101
0044,LKUS_physical_order_create,shopAddress,101
0044,LKUS_physical_order_create,reviewRepeat,84
0044,LKUS_physical_order_create,shopCityName,101
0044,LKUS_physical_order_create,shopLatitude,101
0044,LKUS_physical_order_create,cidOriginEnum,101
0044,LKUS_physical_order_create,isTaxRequired,101
0044,LKUS_physical_order_create,orderProducts,101
0044,LKUS_physical_order_create,productAmount,101
0044,LKUS_physical_order_create,shopLongitude,101
0044,LKUS_physical_order_create,coffeeStoreList,101
0044,LKUS_physical_order_create,recaptchaV3Token,84
0044,LKUS_physical_order_create,recaptchaV3Action,84
0044,LKUS_physical_order_create,recaptchaV3Enabled,84
0044,LKUS_physical_order_create,packageOrderProducts,101
0044,LKUS_payment,ip,99
0044,LKUS_payment,app,87
0044,LKUS_payment,cid,99
0044,LKUS_payment,uid,99
0044,LKUS_payment,phone,89
0044,LKUS_payment,shopId,99
0044,LKUS_payment,tenant,99
0044,LKUS_payment,userNo,99
0044,LKUS_payment,isGuest,99
0044,LKUS_payment,orderNo,99
0044,LKUS_payment,payType,99
0044,LKUS_payment,version,99
0044,LKUS_payment,payMoney,99
0044,LKUS_payment,orderType,99
0044,LKUS_payment,taxAmount,99
0044,LKUS_payment,uniqueKey,99
0044,LKUS_payment,userAgent,99
0044,LKUS_payment,orderPrice,99
0044,LKUS_payment,countryCode,89
0044,LKUS_payment,reviewRepeat,82
0044,LKUS_payment,cidOriginEnum,99
0044,LKUS_payment,isTaxRequired,99
0044,LKUS_payment,orderProducts,99
0044,LKUS_payment,recaptchaV3Token,82
0044,LKUS_payment,recaptchaV3Action,82
0044,LKUS_payment,recaptchaV3Enabled,82
0044,LKUS_payment,packageOrderProducts,99
0044,LKUS_physical_order_create,did,11
0044,LKUS_physical_order_create,blackBox,11
0044,LKUS_physical_order_create,deviceId,11
0044,LKUS_login,ip,13
0044,LKUS_login,app,12
0044,LKUS_login,cid,13
0044,LKUS_login,uid,13
0044,LKUS_login,phone,13
0044,LKUS_login,tenant,13
0044,LKUS_login,userNo,13
0044,LKUS_login,version,13
0044,LKUS_login,uniqueKey,13
0044,LKUS_login,userAgent,13
0044,LKUS_login,countryCode,13
0044,LKUS_login,reviewRepeat,12
0044,LKUS_login,cidOriginEnum,13
0044,LKUS_login,recaptchaV3Token,12
0044,LKUS_login,recaptchaV3Action,12
0044,LKUS_login,recaptchaV3Enabled,12
0044,LKUS_grant_new_user_coupon,ip,8
0044,LKUS_grant_new_user_coupon,app,8
0044,LKUS_grant_new_user_coupon,cid,8
0044,LKUS_grant_new_user_coupon,uid,8
0044,LKUS_grant_new_user_coupon,phone,8
0044,LKUS_grant_new_user_coupon,extend,8
0044,LKUS_grant_new_user_coupon,tenant,8
0044,LKUS_grant_new_user_coupon,userNo,8
0044,LKUS_grant_new_user_coupon,sceneId,8
0044,LKUS_grant_new_user_coupon,version,8
0044,LKUS_grant_new_user_coupon,uniqueKey,8
0044,LKUS_grant_new_user_coupon,userAgent,8
0044,LKUS_grant_new_user_coupon,countryCode,8
0044,LKUS_grant_new_user_coupon,reviewRepeat,8
0044,LKUS_grant_new_user_coupon,cidOriginEnum,8
0044,LKUS_grant_new_user_coupon,recaptchaV3Token,8
0044,LKUS_grant_new_user_coupon,recaptchaV3Action,8
0044,LKUS_grant_new_user_coupon,recaptchaV3Enabled,8
0044,LKUS_register,ip,10
0044,LKUS_register,app,7
0044,LKUS_register,cid,10
0044,LKUS_register,uid,10
0044,LKUS_register,phone,10
0044,LKUS_register,tenant,10
0044,LKUS_register,version,10
0044,LKUS_register,uniqueKey,10
0044,LKUS_register,userAgent,10
0044,LKUS_register,countryCode,10
0044,LKUS_register,reviewRepeat,9
0044,LKUS_register,cidOriginEnum,10
0044,LKUS_register,recaptchaV3Token,9
0044,LKUS_register,recaptchaV3Action,9
0044,LKUS_register,recaptchaV3Enabled,9
0044,LKUS_push,userNo,5
0045,LKUS_push,ip,35
0045,LKUS_push,app,30
0045,LKUS_push,cid,35
0045,LKUS_push,uid,35
0045,LKUS_push,phone,35
0045,LKUS_push,tenant,35
0045,LKUS_push,version,35
0045,LKUS_push,uniqueKey,35
0045,LKUS_push,userAgent,35
0045,LKUS_push,countryCode,35
0045,LKUS_push,reviewRepeat,31
0045,LKUS_push,cidOriginEnum,35
0045,LKUS_push,recaptchaV3Token,31
0045,LKUS_push,recaptchaV3Action,31
0045,LKUS_push,recaptchaV3Enabled,31
0045,LKUS_grant_new_user_coupon,ip,6
0045,LKUS_grant_new_user_coupon,cid,6
0045,LKUS_grant_new_user_coupon,uid,6
0045,LKUS_grant_new_user_coupon,phone,6
0045,LKUS_grant_new_user_coupon,extend,6
0045,LKUS_grant_new_user_coupon,tenant,6
0045,LKUS_grant_new_user_coupon,userNo,6
0045,LKUS_grant_new_user_coupon,sceneId,6
0045,LKUS_grant_new_user_coupon,version,6
0045,LKUS_grant_new_user_coupon,uniqueKey,6
0045,LKUS_grant_new_user_coupon,userAgent,6
0045,LKUS_grant_new_user_coupon,countryCode,6
0045,LKUS_grant_new_user_coupon,reviewRepeat,6
0045,LKUS_grant_new_user_coupon,cidOriginEnum,6
0045,LKUS_grant_new_user_coupon,recaptchaV3Token,6
0045,LKUS_grant_new_user_coupon,recaptchaV3Action,6
0045,LKUS_grant_new_user_coupon,recaptchaV3Enabled,6
0045,LKUS_login,ip,17
0045,LKUS_login,cid,17
0045,LKUS_login,uid,17
0045,LKUS_login,phone,17
0045,LKUS_login,tenant,17
0045,LKUS_login,userNo,17
0045,LKUS_login,version,17
0045,LKUS_login,uniqueKey,17
0045,LKUS_login,userAgent,17
0045,LKUS_login,countryCode,17
0045,LKUS_login,reviewRepeat,16
0045,LKUS_login,cidOriginEnum,17
0045,LKUS_login,recaptchaV3Token,16
0045,LKUS_login,recaptchaV3Action,16
0045,LKUS_login,recaptchaV3Enabled,16
0045,LKUS_physical_order_create,ip,106
0045,LKUS_physical_order_create,app,88
0045,LKUS_physical_order_create,cid,106
0045,LKUS_physical_order_create,uid,106
0045,LKUS_physical_order_create,phone,94
0045,LKUS_physical_order_create,shopId,106
0045,LKUS_physical_order_create,tenant,106
0045,LKUS_physical_order_create,userNo,106
0045,LKUS_physical_order_create,isGuest,106
0045,LKUS_physical_order_create,version,106
0045,LKUS_physical_order_create,latitude,93
0045,LKUS_physical_order_create,longitude,93
0045,LKUS_physical_order_create,orderType,106
0045,LKUS_physical_order_create,taxAmount,106
0045,LKUS_physical_order_create,uniqueKey,106
0045,LKUS_physical_order_create,userAgent,106
0045,LKUS_physical_order_create,couponList,106
0045,LKUS_physical_order_create,orderPrice,103
0045,LKUS_physical_order_create,countryCode,106
0045,LKUS_physical_order_create,shopAddress,106
0045,LKUS_physical_order_create,reviewRepeat,85
0045,LKUS_physical_order_create,shopCityName,106
0045,LKUS_physical_order_create,shopLatitude,106
0045,LKUS_physical_order_create,cidOriginEnum,106
0045,LKUS_physical_order_create,isTaxRequired,106
0045,LKUS_physical_order_create,orderProducts,106
0045,LKUS_physical_order_create,productAmount,106
0045,LKUS_physical_order_create,shopLongitude,106
0045,LKUS_physical_order_create,coffeeStoreList,106
0045,LKUS_physical_order_create,recaptchaV3Token,85
0045,LKUS_physical_order_create,recaptchaV3Action,85
0045,LKUS_physical_order_create,recaptchaV3Enabled,85
0045,LKUS_physical_order_create,packageOrderProducts,106
0045,LKUS_payment,ip,104
0045,LKUS_payment,app,86
0045,LKUS_payment,cid,104
0045,LKUS_payment,uid,104
0045,LKUS_payment,phone,92
0045,LKUS_payment,shopId,104
0045,LKUS_payment,tenant,104
0045,LKUS_payment,userNo,104
0045,LKUS_payment,isGuest,104
0045,LKUS_payment,orderNo,104
0045,LKUS_payment,payType,104
0045,LKUS_payment,version,104
0045,LKUS_payment,payMoney,104
0045,LKUS_payment,orderType,104
0045,LKUS_payment,taxAmount,104
0045,LKUS_payment,uniqueKey,104
0045,LKUS_payment,userAgent,104
0045,LKUS_payment,orderPrice,104
0045,LKUS_payment,countryCode,92
0045,LKUS_payment,reviewRepeat,83
0045,LKUS_payment,cidOriginEnum,104
0045,LKUS_payment,isTaxRequired,104
0045,LKUS_payment,orderProducts,104
0045,LKUS_payment,recaptchaV3Token,83
0045,LKUS_payment,recaptchaV3Action,83
0045,LKUS_payment,recaptchaV3Enabled,83
0045,LKUS_payment,packageOrderProducts,104
0045,LKUS_physical_order_cancel,ip,2
0045,LKUS_physical_order_cancel,app,1
0045,LKUS_physical_order_cancel,cid,2
0045,LKUS_physical_order_cancel,uid,2
0045,LKUS_physical_order_cancel,phone,2
0045,LKUS_physical_order_cancel,shopId,2
0045,LKUS_physical_order_cancel,tenant,2
0045,LKUS_physical_order_cancel,userNo,2
0045,LKUS_physical_order_cancel,isGuest,2
0045,LKUS_physical_order_cancel,orderNo,2
0045,LKUS_physical_order_cancel,version,2
0045,LKUS_physical_order_cancel,shopCity,2
0045,LKUS_physical_order_cancel,uniqueKey,2
0045,LKUS_physical_order_cancel,userAgent,2
0045,LKUS_physical_order_cancel,countryCode,2
0045,LKUS_physical_order_cancel,totalOfMade,2
0045,LKUS_physical_order_cancel,reviewRepeat,2
0045,LKUS_physical_order_cancel,cidOriginEnum,2
0045,LKUS_physical_order_cancel,cancelTypeEnum,2
0045,LKUS_physical_order_cancel,recaptchaV3Token,2
0045,LKUS_physical_order_cancel,recaptchaV3Action,2
0045,LKUS_physical_order_cancel,recaptchaV3Enabled,2
0045,LKUS_login,app,13
0045,LKUS_grant_new_user_coupon,app,4
0045,LKUS_physical_order_create,did,13
0045,LKUS_physical_order_create,blackBox,13
0045,LKUS_physical_order_create,deviceId,13
0045,LKUS_physical_order_create,packagingBagPrice,1
0045,LKUS_physical_order_create,packagingBagNumber,1
0045,LKUS_payment,packagingBagPrice,1
0045,LKUS_payment,packagingBagNumber,1
0045,LKUS_register,ip,7
0045,LKUS_register,app,7
0045,LKUS_register,cid,7
0045,LKUS_register,uid,7
0045,LKUS_register,phone,7
0045,LKUS_register,tenant,7
0045,LKUS_register,version,7
0045,LKUS_register,uniqueKey,7
0045,LKUS_register,userAgent,7
0045,LKUS_register,countryCode,7
0045,LKUS_register,reviewRepeat,7
0045,LKUS_register,cidOriginEnum,7
0045,LKUS_register,recaptchaV3Token,7
0045,LKUS_register,recaptchaV3Action,7
0045,LKUS_register,recaptchaV3Enabled,7
0045,LKUS_push,userNo,1
0046,LKUS_push,ip,61
0046,LKUS_push,cid,61
0046,LKUS_push,uid,61
0046,LKUS_push,phone,61
0046,LKUS_push,tenant,61
0046,LKUS_push,version,61
0046,LKUS_push,uniqueKey,61
0046,LKUS_push,userAgent,61
0046,LKUS_push,countryCode,61
0046,LKUS_push,cidOriginEnum,61
0046,LKUS_login,ip,16
0046,LKUS_login,cid,16
0046,LKUS_login,uid,16
0046,LKUS_login,phone,16
0046,LKUS_login,tenant,16
0046,LKUS_login,userNo,16
0046,LKUS_login,version,16
0046,LKUS_login,uniqueKey,16
0046,LKUS_login,userAgent,16
0046,LKUS_login,countryCode,16
0046,LKUS_login,reviewRepeat,16
0046,LKUS_login,cidOriginEnum,16
0046,LKUS_login,recaptchaV3Token,16
0046,LKUS_login,recaptchaV3Action,16
0046,LKUS_login,recaptchaV3Enabled,16
0046,LKUS_push,app,56
0046,LKUS_push,reviewRepeat,56
0046,LKUS_push,recaptchaV3Token,56
0046,LKUS_push,recaptchaV3Action,56
0046,LKUS_push,recaptchaV3Enabled,56
0046,LKUS_physical_order_create,ip,85
0046,LKUS_physical_order_create,app,69
0046,LKUS_physical_order_create,cid,85
0046,LKUS_physical_order_create,uid,85
0046,LKUS_physical_order_create,phone,70
0046,LKUS_physical_order_create,shopId,85
0046,LKUS_physical_order_create,tenant,85
0046,LKUS_physical_order_create,userNo,85
0046,LKUS_physical_order_create,isGuest,85
0046,LKUS_physical_order_create,version,85
0046,LKUS_physical_order_create,latitude,70
0046,LKUS_physical_order_create,longitude,70
0046,LKUS_physical_order_create,orderType,85
0046,LKUS_physical_order_create,taxAmount,85
0046,LKUS_physical_order_create,uniqueKey,85
0046,LKUS_physical_order_create,userAgent,85
0046,LKUS_physical_order_create,couponList,85
0046,LKUS_physical_order_create,orderPrice,84
0046,LKUS_physical_order_create,countryCode,85
0046,LKUS_physical_order_create,shopAddress,85
0046,LKUS_physical_order_create,reviewRepeat,64
0046,LKUS_physical_order_create,shopCityName,85
0046,LKUS_physical_order_create,shopLatitude,85
0046,LKUS_physical_order_create,cidOriginEnum,85
0046,LKUS_physical_order_create,isTaxRequired,85
0046,LKUS_physical_order_create,orderProducts,85
0046,LKUS_physical_order_create,productAmount,85
0046,LKUS_physical_order_create,shopLongitude,85
0046,LKUS_physical_order_create,coffeeStoreList,85
0046,LKUS_physical_order_create,recaptchaV3Token,64
0046,LKUS_physical_order_create,recaptchaV3Action,64
0046,LKUS_physical_order_create,recaptchaV3Enabled,64
0046,LKUS_physical_order_create,packageOrderProducts,85
0046,LKUS_payment,ip,87
0046,LKUS_payment,app,71
0046,LKUS_payment,cid,87
0046,LKUS_payment,uid,87
0046,LKUS_payment,phone,72
0046,LKUS_payment,shopId,87
0046,LKUS_payment,tenant,87
0046,LKUS_payment,userNo,87
0046,LKUS_payment,isGuest,87
0046,LKUS_payment,orderNo,87
0046,LKUS_payment,payType,87
0046,LKUS_payment,version,87
0046,LKUS_payment,payMoney,87
0046,LKUS_payment,orderType,87
0046,LKUS_payment,taxAmount,87
0046,LKUS_payment,uniqueKey,87
0046,LKUS_payment,userAgent,87
0046,LKUS_payment,orderPrice,87
0046,LKUS_payment,countryCode,72
0046,LKUS_payment,reviewRepeat,66
0046,LKUS_payment,cidOriginEnum,87
0046,LKUS_payment,isTaxRequired,87
0046,LKUS_payment,orderProducts,87
0046,LKUS_payment,recaptchaV3Token,66
0046,LKUS_payment,recaptchaV3Action,66
0046,LKUS_payment,recaptchaV3Enabled,66
0046,LKUS_payment,packageOrderProducts,87
0046,LKUS_physical_order_create,did,15
0046,LKUS_physical_order_create,blackBox,15
0046,LKUS_physical_order_create,deviceId,15
0046,LKUS_login,app,13
0046,LKUS_register,ip,9
0046,LKUS_register,app,8
0046,LKUS_register,cid,9
0046,LKUS_register,uid,9
0046,LKUS_register,phone,9
0046,LKUS_register,tenant,9
0046,LKUS_register,version,9
0046,LKUS_register,uniqueKey,9
0046,LKUS_register,userAgent,9
0046,LKUS_register,countryCode,9
0046,LKUS_register,reviewRepeat,9
0046,LKUS_register,cidOriginEnum,9
0046,LKUS_register,recaptchaV3Token,9
0046,LKUS_register,recaptchaV3Action,9
0046,LKUS_register,recaptchaV3Enabled,9
0046,LKUS_grant_new_user_coupon,ip,8
0046,LKUS_grant_new_user_coupon,app,8
0046,LKUS_grant_new_user_coupon,cid,8
0046,LKUS_grant_new_user_coupon,uid,8
0046,LKUS_grant_new_user_coupon,phone,8
0046,LKUS_grant_new_user_coupon,extend,8
0046,LKUS_grant_new_user_coupon,tenant,8
0046,LKUS_grant_new_user_coupon,userNo,8
0046,LKUS_grant_new_user_coupon,sceneId,8
0046,LKUS_grant_new_user_coupon,version,8
0046,LKUS_grant_new_user_coupon,uniqueKey,8
0046,LKUS_grant_new_user_coupon,userAgent,8
0046,LKUS_grant_new_user_coupon,countryCode,8
0046,LKUS_grant_new_user_coupon,reviewRepeat,8
0046,LKUS_grant_new_user_coupon,cidOriginEnum,8
0046,LKUS_grant_new_user_coupon,recaptchaV3Token,8
0046,LKUS_grant_new_user_coupon,recaptchaV3Action,8
0046,LKUS_grant_new_user_coupon,recaptchaV3Enabled,8
0046,LKUS_physical_order_create,packagingBagPrice,3
0046,LKUS_physical_order_create,packagingBagNumber,3
0046,LKUS_payment,packagingBagPrice,3
0046,LKUS_payment,packagingBagNumber,3
0047,LKUS_push,ip,34
0047,LKUS_push,app,27
0047,LKUS_push,cid,34
0047,LKUS_push,uid,34
0047,LKUS_push,phone,34
0047,LKUS_push,tenant,34
0047,LKUS_push,version,34
0047,LKUS_push,uniqueKey,34
0047,LKUS_push,userAgent,34
0047,LKUS_push,countryCode,34
0047,LKUS_push,reviewRepeat,30
0047,LKUS_push,cidOriginEnum,34
0047,LKUS_push,recaptchaV3Token,30
0047,LKUS_push,recaptchaV3Action,30
0047,LKUS_push,recaptchaV3Enabled,30
0047,LKUS_physical_order_create,ip,95
0047,LKUS_physical_order_create,app,80
0047,LKUS_physical_order_create,cid,95
0047,LKUS_physical_order_create,uid,95
0047,LKUS_physical_order_create,phone,84
0047,LKUS_physical_order_create,shopId,95
0047,LKUS_physical_order_create,tenant,95
0047,LKUS_physical_order_create,userNo,95
0047,LKUS_physical_order_create,isGuest,95
0047,LKUS_physical_order_create,version,95
0047,LKUS_physical_order_create,latitude,84
0047,LKUS_physical_order_create,longitude,84
0047,LKUS_physical_order_create,orderType,95
0047,LKUS_physical_order_create,taxAmount,95
0047,LKUS_physical_order_create,uniqueKey,95
0047,LKUS_physical_order_create,userAgent,95
0047,LKUS_physical_order_create,couponList,95
0047,LKUS_physical_order_create,orderPrice,95
0047,LKUS_physical_order_create,countryCode,95
0047,LKUS_physical_order_create,shopAddress,95
0047,LKUS_physical_order_create,reviewRepeat,76
0047,LKUS_physical_order_create,shopCityName,95
0047,LKUS_physical_order_create,shopLatitude,95
0047,LKUS_physical_order_create,cidOriginEnum,95
0047,LKUS_physical_order_create,isTaxRequired,95
0047,LKUS_physical_order_create,orderProducts,95
0047,LKUS_physical_order_create,productAmount,95
0047,LKUS_physical_order_create,shopLongitude,95
0047,LKUS_physical_order_create,coffeeStoreList,95
0047,LKUS_physical_order_create,recaptchaV3Token,76
0047,LKUS_physical_order_create,recaptchaV3Action,76
0047,LKUS_physical_order_create,recaptchaV3Enabled,76
0047,LKUS_physical_order_create,packageOrderProducts,95
0047,LKUS_payment,ip,94
0047,LKUS_payment,app,79
0047,LKUS_payment,cid,94
0047,LKUS_payment,uid,94
0047,LKUS_payment,phone,83
0047,LKUS_payment,shopId,94
0047,LKUS_payment,tenant,94
0047,LKUS_payment,userNo,94
0047,LKUS_payment,isGuest,94
0047,LKUS_payment,orderNo,94
0047,LKUS_payment,payType,94
0047,LKUS_payment,version,94
0047,LKUS_payment,payMoney,94
0047,LKUS_payment,orderType,94
0047,LKUS_payment,taxAmount,94
0047,LKUS_payment,uniqueKey,94
0047,LKUS_payment,userAgent,94
0047,LKUS_payment,orderPrice,94
0047,LKUS_payment,countryCode,83
0047,LKUS_payment,reviewRepeat,76
0047,LKUS_payment,cidOriginEnum,94
0047,LKUS_payment,isTaxRequired,94
0047,LKUS_payment,orderProducts,94
0047,LKUS_payment,recaptchaV3Token,76
0047,LKUS_payment,recaptchaV3Action,76
0047,LKUS_payment,recaptchaV3Enabled,76
0047,LKUS_payment,packageOrderProducts,94
0047,LKUS_physical_order_create,did,11
0047,LKUS_physical_order_create,blackBox,11
0047,LKUS_physical_order_create,deviceId,11
0047,LKUS_push,userNo,2
0047,LKUS_physical_order_create,packagingBagPrice,2
0047,LKUS_physical_order_create,packagingBagNumber,2
0047,LKUS_payment,packagingBagPrice,2
0047,LKUS_payment,packagingBagNumber,2
0047,LKUS_login,ip,9
0047,LKUS_login,app,7
0047,LKUS_login,cid,9
0047,LKUS_login,uid,9
0047,LKUS_login,phone,9
0047,LKUS_login,tenant,9
0047,LKUS_login,userNo,9
0047,LKUS_login,version,9
0047,LKUS_login,uniqueKey,9
0047,LKUS_login,userAgent,9
0047,LKUS_login,countryCode,9
0047,LKUS_login,reviewRepeat,8
0047,LKUS_login,cidOriginEnum,9
0047,LKUS_login,recaptchaV3Token,8
0047,LKUS_login,recaptchaV3Action,8
0047,LKUS_login,recaptchaV3Enabled,8
0047,LKUS_grant_new_user_coupon,ip,8
0047,LKUS_grant_new_user_coupon,app,7
0047,LKUS_grant_new_user_coupon,cid,8
0047,LKUS_grant_new_user_coupon,uid,8
0047,LKUS_grant_new_user_coupon,phone,8
0047,LKUS_grant_new_user_coupon,extend,8
0047,LKUS_grant_new_user_coupon,tenant,8
0047,LKUS_grant_new_user_coupon,userNo,8
0047,LKUS_grant_new_user_coupon,sceneId,8
0047,LKUS_grant_new_user_coupon,version,8
0047,LKUS_grant_new_user_coupon,uniqueKey,8
0047,LKUS_grant_new_user_coupon,userAgent,8
0047,LKUS_grant_new_user_coupon,countryCode,8
0047,LKUS_grant_new_user_coupon,reviewRepeat,8
0047,LKUS_grant_new_user_coupon,cidOriginEnum,8
0047,LKUS_grant_new_user_coupon,recaptchaV3Token,8
0047,LKUS_grant_new_user_coupon,recaptchaV3Action,8
0047,LKUS_grant_new_user_coupon,recaptchaV3Enabled,8
0047,LKUS_register,ip,16
0047,LKUS_register,app,13
0047,LKUS_register,cid,16
0047,LKUS_register,uid,16
0047,LKUS_register,phone,16
0047,LKUS_register,tenant,16
0047,LKUS_register,version,16
0047,LKUS_register,uniqueKey,16
0047,LKUS_register,userAgent,16
0047,LKUS_register,countryCode,16
0047,LKUS_register,reviewRepeat,16
0047,LKUS_register,cidOriginEnum,16
0047,LKUS_register,recaptchaV3Token,16
0047,LKUS_register,recaptchaV3Action,16
0047,LKUS_register,recaptchaV3Enabled,16
0048,LKUS_push,ip,53
0048,LKUS_push,app,44
0048,LKUS_push,cid,53
0048,LKUS_push,uid,53
0048,LKUS_push,phone,53
0048,LKUS_push,tenant,53
0048,LKUS_push,version,53
0048,LKUS_push,uniqueKey,53
0048,LKUS_push,userAgent,53
0048,LKUS_push,countryCode,53
0048,LKUS_push,reviewRepeat,45
0048,LKUS_push,cidOriginEnum,53
0048,LKUS_push,recaptchaV3Token,45
0048,LKUS_push,recaptchaV3Action,45
0048,LKUS_push,recaptchaV3Enabled,45
0048,LKUS_physical_order_create,ip,111
0048,LKUS_physical_order_create,app,95
0048,LKUS_physical_order_create,cid,111
0048,LKUS_physical_order_create,uid,111
0048,LKUS_physical_order_create,phone,99
0048,LKUS_physical_order_create,shopId,111
0048,LKUS_physical_order_create,tenant,111
0048,LKUS_physical_order_create,userNo,111
0048,LKUS_physical_order_create,isGuest,111
0048,LKUS_physical_order_create,version,111
0048,LKUS_physical_order_create,latitude,99
0048,LKUS_physical_order_create,longitude,99
0048,LKUS_physical_order_create,orderType,111
0048,LKUS_physical_order_create,taxAmount,111
0048,LKUS_physical_order_create,uniqueKey,111
0048,LKUS_physical_order_create,userAgent,111
0048,LKUS_physical_order_create,couponList,111
0048,LKUS_physical_order_create,orderPrice,110
0048,LKUS_physical_order_create,countryCode,111
0048,LKUS_physical_order_create,shopAddress,111
0048,LKUS_physical_order_create,reviewRepeat,88
0048,LKUS_physical_order_create,shopCityName,111
0048,LKUS_physical_order_create,shopLatitude,111
0048,LKUS_physical_order_create,cidOriginEnum,111
0048,LKUS_physical_order_create,isTaxRequired,111
0048,LKUS_physical_order_create,orderProducts,111
0048,LKUS_physical_order_create,productAmount,111
0048,LKUS_physical_order_create,shopLongitude,111
0048,LKUS_physical_order_create,coffeeStoreList,111
0048,LKUS_physical_order_create,recaptchaV3Token,88
0048,LKUS_physical_order_create,recaptchaV3Action,88
0048,LKUS_physical_order_create,recaptchaV3Enabled,88
0048,LKUS_physical_order_create,packageOrderProducts,111
0048,LKUS_payment,ip,117
0048,LKUS_payment,app,99
0048,LKUS_payment,cid,117
0048,LKUS_payment,uid,117
0048,LKUS_payment,phone,103
0048,LKUS_payment,shopId,117
0048,LKUS_payment,tenant,117
0048,LKUS_payment,userNo,117
0048,LKUS_payment,isGuest,117
0048,LKUS_payment,orderNo,117
0048,LKUS_payment,payType,117
0048,LKUS_payment,version,117
0048,LKUS_payment,payMoney,117
0048,LKUS_payment,orderType,117
0048,LKUS_payment,taxAmount,117
0048,LKUS_payment,uniqueKey,117
0048,LKUS_payment,userAgent,117
0048,LKUS_payment,orderPrice,117
0048,LKUS_payment,countryCode,103
0048,LKUS_payment,reviewRepeat,93
0048,LKUS_payment,cidOriginEnum,117
0048,LKUS_payment,isTaxRequired,117
0048,LKUS_payment,orderProducts,117
0048,LKUS_payment,recaptchaV3Token,93
0048,LKUS_payment,recaptchaV3Action,93
0048,LKUS_payment,recaptchaV3Enabled,93
0048,LKUS_payment,packageOrderProducts,117
0048,LKUS_register,ip,8
0048,LKUS_register,app,7
0048,LKUS_register,cid,8
0048,LKUS_register,uid,8
0048,LKUS_register,phone,8
0048,LKUS_register,tenant,8
0048,LKUS_register,version,8
0048,LKUS_register,uniqueKey,8
0048,LKUS_register,userAgent,8
0048,LKUS_register,countryCode,8
0048,LKUS_register,reviewRepeat,8
0048,LKUS_register,cidOriginEnum,8
0048,LKUS_register,recaptchaV3Token,8
0048,LKUS_register,recaptchaV3Action,8
0048,LKUS_register,recaptchaV3Enabled,8
0048,LKUS_physical_order_create,did,12
0048,LKUS_physical_order_create,blackBox,12
0048,LKUS_physical_order_create,deviceId,12
0048,LKUS_login,ip,19
0048,LKUS_login,app,17
0048,LKUS_login,cid,19
0048,LKUS_login,uid,19
0048,LKUS_login,phone,19
0048,LKUS_login,tenant,19
0048,LKUS_login,userNo,19
0048,LKUS_login,version,19
0048,LKUS_login,uniqueKey,19
0048,LKUS_login,userAgent,19
0048,LKUS_login,countryCode,19
0048,LKUS_login,reviewRepeat,19
0048,LKUS_login,cidOriginEnum,19
0048,LKUS_login,recaptchaV3Token,19
0048,LKUS_login,recaptchaV3Action,19
0048,LKUS_login,recaptchaV3Enabled,19
0048,LKUS_grant_new_user_coupon,ip,10
0048,LKUS_grant_new_user_coupon,app,9
0048,LKUS_grant_new_user_coupon,cid,10
0048,LKUS_grant_new_user_coupon,uid,10
0048,LKUS_grant_new_user_coupon,phone,10
0048,LKUS_grant_new_user_coupon,extend,10
0048,LKUS_grant_new_user_coupon,tenant,10
0048,LKUS_grant_new_user_coupon,userNo,10
0048,LKUS_grant_new_user_coupon,sceneId,10
0048,LKUS_grant_new_user_coupon,version,10
0048,LKUS_grant_new_user_coupon,uniqueKey,10
0048,LKUS_grant_new_user_coupon,userAgent,10
0048,LKUS_grant_new_user_coupon,countryCode,10
0048,LKUS_grant_new_user_coupon,reviewRepeat,10
0048,LKUS_grant_new_user_coupon,cidOriginEnum,10
0048,LKUS_grant_new_user_coupon,recaptchaV3Token,10
0048,LKUS_grant_new_user_coupon,recaptchaV3Action,10
0048,LKUS_grant_new_user_coupon,recaptchaV3Enabled,10
0048,LKUS_physical_order_create,packagingBagPrice,2
0048,LKUS_physical_order_create,packagingBagNumber,2
0048,LKUS_payment,packagingBagPrice,2
0048,LKUS_payment,packagingBagNumber,2
0048,LKUS_physical_order_cancel,ip,1
0048,LKUS_physical_order_cancel,app,1
0048,LKUS_physical_order_cancel,cid,1
0048,LKUS_physical_order_cancel,uid,1
0048,LKUS_physical_order_cancel,phone,1
0048,LKUS_physical_order_cancel,shopId,1
0048,LKUS_physical_order_cancel,tenant,1
0048,LKUS_physical_order_cancel,userNo,1
0048,LKUS_physical_order_cancel,isGuest,1
0048,LKUS_physical_order_cancel,orderNo,1
0048,LKUS_physical_order_cancel,version,1
0048,LKUS_physical_order_cancel,shopCity,1
0048,LKUS_physical_order_cancel,uniqueKey,1
0048,LKUS_physical_order_cancel,userAgent,1
0048,LKUS_physical_order_cancel,countryCode,1
0048,LKUS_physical_order_cancel,totalOfMade,1
0048,LKUS_physical_order_cancel,reviewRepeat,1
0048,LKUS_physical_order_cancel,cidOriginEnum,1
0048,LKUS_physical_order_cancel,cancelTypeEnum,1
0048,LKUS_physical_order_cancel,recaptchaV3Token,1
0048,LKUS_physical_order_cancel,recaptchaV3Action,1
0048,LKUS_physical_order_cancel,recaptchaV3Enabled,1
0049,LKUS_push,ip,57
0049,LKUS_push,app,50
0049,LKUS_push,cid,57
0049,LKUS_push,uid,57
0049,LKUS_push,phone,57
0049,LKUS_push,tenant,57
0049,LKUS_push,version,57
0049,LKUS_push,uniqueKey,57
0049,LKUS_push,userAgent,57
0049,LKUS_push,countryCode,57
0049,LKUS_push,reviewRepeat,51
0049,LKUS_push,cidOriginEnum,57
0049,LKUS_push,recaptchaV3Token,51
0049,LKUS_push,recaptchaV3Action,51
0049,LKUS_push,recaptchaV3Enabled,51
0049,LKUS_physical_order_create,ip,95
0049,LKUS_physical_order_create,cid,95
0049,LKUS_physical_order_create,did,10
0049,LKUS_physical_order_create,uid,95
0049,LKUS_physical_order_create,shopId,95
0049,LKUS_physical_order_create,tenant,95
0049,LKUS_physical_order_create,userNo,95
0049,LKUS_physical_order_create,isGuest,95
0049,LKUS_physical_order_create,version,95
0049,LKUS_physical_order_create,blackBox,10
0049,LKUS_physical_order_create,deviceId,10
0049,LKUS_physical_order_create,orderType,95
0049,LKUS_physical_order_create,taxAmount,95
0049,LKUS_physical_order_create,uniqueKey,95
0049,LKUS_physical_order_create,userAgent,95
0049,LKUS_physical_order_create,couponList,95
0049,LKUS_physical_order_create,orderPrice,94
0049,LKUS_physical_order_create,countryCode,95
0049,LKUS_physical_order_create,shopAddress,95
0049,LKUS_physical_order_create,shopCityName,95
0049,LKUS_physical_order_create,shopLatitude,95
0049,LKUS_physical_order_create,cidOriginEnum,95
0049,LKUS_physical_order_create,isTaxRequired,95
0049,LKUS_physical_order_create,orderProducts,95
0049,LKUS_physical_order_create,productAmount,95
0049,LKUS_physical_order_create,shopLongitude,95
0049,LKUS_physical_order_create,coffeeStoreList,95
0049,LKUS_physical_order_create,packageOrderProducts,95
0049,LKUS_payment,ip,101
0049,LKUS_payment,cid,101
0049,LKUS_payment,uid,101
0049,LKUS_payment,shopId,101
0049,LKUS_payment,tenant,101
0049,LKUS_payment,userNo,101
0049,LKUS_payment,isGuest,101
0049,LKUS_payment,orderNo,101
0049,LKUS_payment,payType,101
0049,LKUS_payment,version,101
0049,LKUS_payment,payMoney,101
0049,LKUS_payment,orderType,101
0049,LKUS_payment,taxAmount,101
0049,LKUS_payment,uniqueKey,101
0049,LKUS_payment,userAgent,101
0049,LKUS_payment,orderPrice,101
0049,LKUS_payment,cidOriginEnum,101
0049,LKUS_payment,isTaxRequired,101
0049,LKUS_payment,orderProducts,101
0049,LKUS_payment,packageOrderProducts,101
0049,LKUS_physical_order_create,app,82
0049,LKUS_physical_order_create,phone,84
0049,LKUS_physical_order_create,latitude,85
0049,LKUS_physical_order_create,longitude,85
0049,LKUS_payment,app,88
0049,LKUS_payment,phone,90
0049,LKUS_payment,countryCode,90
0049,LKUS_physical_order_create,reviewRepeat,75
0049,LKUS_physical_order_create,recaptchaV3Token,75
0049,LKUS_physical_order_create,recaptchaV3Action,75
0049,LKUS_physical_order_create,recaptchaV3Enabled,75
0049,LKUS_payment,reviewRepeat,82
0049,LKUS_payment,recaptchaV3Token,82
0049,LKUS_payment,recaptchaV3Action,82
0049,LKUS_payment,recaptchaV3Enabled,82
0049,LKUS_login,ip,13
0049,LKUS_login,app,11
0049,LKUS_login,cid,13
0049,LKUS_login,uid,13
0049,LKUS_login,phone,13
0049,LKUS_login,tenant,13
0049,LKUS_login,userNo,13
0049,LKUS_login,version,13
0049,LKUS_login,uniqueKey,13
0049,LKUS_login,userAgent,13
0049,LKUS_login,countryCode,13
0049,LKUS_login,reviewRepeat,11
0049,LKUS_login,cidOriginEnum,13
0049,LKUS_login,recaptchaV3Token,11
0049,LKUS_login,recaptchaV3Action,11
0049,LKUS_login,recaptchaV3Enabled,11
0049,LKUS_grant_new_user_coupon,ip,6
0049,LKUS_grant_new_user_coupon,app,5
0049,LKUS_grant_new_user_coupon,cid,6
0049,LKUS_grant_new_user_coupon,uid,6
0049,LKUS_grant_new_user_coupon,phone,6
0049,LKUS_grant_new_user_coupon,extend,6
0049,LKUS_grant_new_user_coupon,tenant,6
0049,LKUS_grant_new_user_coupon,userNo,6
0049,LKUS_grant_new_user_coupon,sceneId,6
0049,LKUS_grant_new_user_coupon,version,6
0049,LKUS_grant_new_user_coupon,uniqueKey,6
0049,LKUS_grant_new_user_coupon,userAgent,6
0049,LKUS_grant_new_user_coupon,countryCode,6
0049,LKUS_grant_new_user_coupon,reviewRepeat,6
0049,LKUS_grant_new_user_coupon,cidOriginEnum,6
0049,LKUS_grant_new_user_coupon,recaptchaV3Token,6
0049,LKUS_grant_new_user_coupon,recaptchaV3Action,6
0049,LKUS_grant_new_user_coupon,recaptchaV3Enabled,6
0049,LKUS_register,ip,9
0049,LKUS_register,app,8
0049,LKUS_register,cid,9
0049,LKUS_register,uid,9
0049,LKUS_register,phone,9
0049,LKUS_register,tenant,9
0049,LKUS_register,version,9
0049,LKUS_register,uniqueKey,9
0049,LKUS_register,userAgent,9
0049,LKUS_register,countryCode,9
0049,LKUS_register,reviewRepeat,8
0049,LKUS_register,cidOriginEnum,9
0049,LKUS_register,recaptchaV3Token,8
0049,LKUS_register,recaptchaV3Action,8
0049,LKUS_register,recaptchaV3Enabled,8
0049,LKUS_physical_order_create,packagingBagPrice,2
0049,LKUS_physical_order_create,packagingBagNumber,2
0049,LKUS_payment,packagingBagPrice,2
0049,LKUS_payment,packagingBagNumber,2
0049,LKUS_push,userNo,6
0049,LKUS_push,email,2
0049,LKUS_physical_order_cancel,ip,2
0049,LKUS_physical_order_cancel,app,2
0049,LKUS_physical_order_cancel,cid,2
0049,LKUS_physical_order_cancel,uid,2
0049,LKUS_physical_order_cancel,phone,2
0049,LKUS_physical_order_cancel,shopId,2
0049,LKUS_physical_order_cancel,tenant,2
0049,LKUS_physical_order_cancel,userNo,2
0049,LKUS_physical_order_cancel,isGuest,2
0049,LKUS_physical_order_cancel,orderNo,2
0049,LKUS_physical_order_cancel,version,2
0049,LKUS_physical_order_cancel,shopCity,2
0049,LKUS_physical_order_cancel,uniqueKey,2
0049,LKUS_physical_order_cancel,userAgent,2
0049,LKUS_physical_order_cancel,countryCode,2
0049,LKUS_physical_order_cancel,totalOfMade,2
0049,LKUS_physical_order_cancel,reviewRepeat,1
0049,LKUS_physical_order_cancel,cidOriginEnum,2
0049,LKUS_physical_order_cancel,cancelTypeEnum,2
0049,LKUS_physical_order_cancel,recaptchaV3Token,1
0049,LKUS_physical_order_cancel,recaptchaV3Action,1
0049,LKUS_physical_order_cancel,recaptchaV3Enabled,1
0050,LKUS_push,ip,51
0050,LKUS_push,app,42
0050,LKUS_push,cid,51
0050,LKUS_push,uid,51
0050,LKUS_push,phone,51
0050,LKUS_push,tenant,51
0050,LKUS_push,version,51
0050,LKUS_push,uniqueKey,51
0050,LKUS_push,userAgent,51
0050,LKUS_push,countryCode,51
0050,LKUS_push,reviewRepeat,49
0050,LKUS_push,cidOriginEnum,51
0050,LKUS_push,recaptchaV3Token,48
0050,LKUS_push,recaptchaV3Action,48
0050,LKUS_push,recaptchaV3Enabled,49
0050,LKUS_physical_order_create,ip,103
0050,LKUS_physical_order_create,app,82
0050,LKUS_physical_order_create,cid,103
0050,LKUS_physical_order_create,uid,103
0050,LKUS_physical_order_create,phone,84
0050,LKUS_physical_order_create,shopId,103
0050,LKUS_physical_order_create,tenant,103
0050,LKUS_physical_order_create,userNo,103
0050,LKUS_physical_order_create,isGuest,103
0050,LKUS_physical_order_create,version,103
0050,LKUS_physical_order_create,latitude,85
0050,LKUS_physical_order_create,longitude,85
0050,LKUS_physical_order_create,orderType,103
0050,LKUS_physical_order_create,taxAmount,103
0050,LKUS_physical_order_create,uniqueKey,103
0050,LKUS_physical_order_create,userAgent,103
0050,LKUS_physical_order_create,couponList,103
0050,LKUS_physical_order_create,orderPrice,103
0050,LKUS_physical_order_create,countryCode,103
0050,LKUS_physical_order_create,shopAddress,103
0050,LKUS_physical_order_create,reviewRepeat,81
0050,LKUS_physical_order_create,shopCityName,103
0050,LKUS_physical_order_create,shopLatitude,103
0050,LKUS_physical_order_create,cidOriginEnum,103
0050,LKUS_physical_order_create,isTaxRequired,103
0050,LKUS_physical_order_create,orderProducts,103
0050,LKUS_physical_order_create,productAmount,103
0050,LKUS_physical_order_create,shopLongitude,103
0050,LKUS_physical_order_create,coffeeStoreList,103
0050,LKUS_physical_order_create,recaptchaV3Token,81
0050,LKUS_physical_order_create,recaptchaV3Action,81
0050,LKUS_physical_order_create,recaptchaV3Enabled,81
0050,LKUS_physical_order_create,packageOrderProducts,103
0050,LKUS_payment,ip,104
0050,LKUS_payment,app,82
0050,LKUS_payment,cid,104
0050,LKUS_payment,uid,104
0050,LKUS_payment,phone,84
0050,LKUS_payment,shopId,104
0050,LKUS_payment,tenant,104
0050,LKUS_payment,userNo,104
0050,LKUS_payment,isGuest,104
0050,LKUS_payment,orderNo,104
0050,LKUS_payment,payType,104
0050,LKUS_payment,version,104
0050,LKUS_payment,payMoney,104
0050,LKUS_payment,orderType,104
0050,LKUS_payment,taxAmount,104
0050,LKUS_payment,uniqueKey,104
0050,LKUS_payment,userAgent,104
0050,LKUS_payment,orderPrice,104
0050,LKUS_payment,countryCode,84
0050,LKUS_payment,reviewRepeat,81
0050,LKUS_payment,cidOriginEnum,104
0050,LKUS_payment,isTaxRequired,104
0050,LKUS_payment,orderProducts,104
0050,LKUS_payment,recaptchaV3Token,81
0050,LKUS_payment,recaptchaV3Action,81
0050,LKUS_payment,recaptchaV3Enabled,81
0050,LKUS_payment,packageOrderProducts,104
0050,LKUS_login,ip,16
0050,LKUS_login,app,13
0050,LKUS_login,cid,16
0050,LKUS_login,uid,16
0050,LKUS_login,phone,16
0050,LKUS_login,tenant,16
0050,LKUS_login,userNo,16
0050,LKUS_login,version,16
0050,LKUS_login,uniqueKey,16
0050,LKUS_login,userAgent,16
0050,LKUS_login,countryCode,16
0050,LKUS_login,reviewRepeat,16
0050,LKUS_login,cidOriginEnum,16
0050,LKUS_login,recaptchaV3Token,16
0050,LKUS_login,recaptchaV3Action,16
0050,LKUS_login,recaptchaV3Enabled,16
0050,LKUS_grant_new_user_coupon,ip,8
0050,LKUS_grant_new_user_coupon,app,6
0050,LKUS_grant_new_user_coupon,cid,8
0050,LKUS_grant_new_user_coupon,uid,8
0050,LKUS_grant_new_user_coupon,phone,8
0050,LKUS_grant_new_user_coupon,extend,8
0050,LKUS_grant_new_user_coupon,tenant,8
0050,LKUS_grant_new_user_coupon,userNo,8
0050,LKUS_grant_new_user_coupon,sceneId,8
0050,LKUS_grant_new_user_coupon,version,8
0050,LKUS_grant_new_user_coupon,uniqueKey,8
0050,LKUS_grant_new_user_coupon,userAgent,8
0050,LKUS_grant_new_user_coupon,countryCode,8
0050,LKUS_grant_new_user_coupon,reviewRepeat,8
0050,LKUS_grant_new_user_coupon,cidOriginEnum,8
0050,LKUS_grant_new_user_coupon,recaptchaV3Token,8
0050,LKUS_grant_new_user_coupon,recaptchaV3Action,8
0050,LKUS_grant_new_user_coupon,recaptchaV3Enabled,8
0050,LKUS_physical_order_create,did,18
0050,LKUS_physical_order_create,blackBox,18
0050,LKUS_physical_order_create,deviceId,18
0050,LKUS_register,ip,7
0050,LKUS_register,app,5
0050,LKUS_register,cid,7
0050,LKUS_register,uid,7
0050,LKUS_register,phone,7
0050,LKUS_register,tenant,7
0050,LKUS_register,version,7
0050,LKUS_register,uniqueKey,7
0050,LKUS_register,userAgent,7
0050,LKUS_register,countryCode,7
0050,LKUS_register,reviewRepeat,7
0050,LKUS_register,cidOriginEnum,7
0050,LKUS_register,recaptchaV3Token,7
0050,LKUS_register,recaptchaV3Action,7
0050,LKUS_register,recaptchaV3Enabled,7
0050,LKUS_push,userNo,1
0050,LKUS_physical_order_create,packagingBagPrice,2
0050,LKUS_physical_order_create,packagingBagNumber,2
0050,LKUS_payment,packagingBagPrice,2
0050,LKUS_payment,packagingBagNumber,2
0050,LKUS_captcha,ip,1
0050,LKUS_captcha,cid,1
0050,LKUS_captcha,uid,1
0050,LKUS_captcha,event,1
0050,LKUS_captcha,phone,1
0050,LKUS_captcha,tenant,1
0050,LKUS_captcha,isGuest,1
0050,LKUS_captcha,version,1
0050,LKUS_captcha,uniqueKey,1
0050,LKUS_captcha,userAgent,1
0050,LKUS_captcha,countryCode,1
0050,LKUS_captcha,reviewRepeat,1
0050,LKUS_captcha,cidOriginEnum,1
0050,LKUS_captcha,verifyCodeType,1
0050,LKUS_captcha,recaptchaV3Token,1
0050,LKUS_captcha,verifyCodeParams,1
0050,LKUS_captcha,recaptchaV3Action,1
0051,LKUS_push,ip,84
0051,LKUS_push,app,77
0051,LKUS_push,cid,84
0051,LKUS_push,uid,84
0051,LKUS_push,phone,84
0051,LKUS_push,tenant,84
0051,LKUS_push,version,84
0051,LKUS_push,uniqueKey,84
0051,LKUS_push,userAgent,84
0051,LKUS_push,countryCode,84
0051,LKUS_push,reviewRepeat,78
0051,LKUS_push,cidOriginEnum,84
0051,LKUS_push,recaptchaV3Token,78
0051,LKUS_push,recaptchaV3Action,78
0051,LKUS_push,recaptchaV3Enabled,78
0051,LKUS_physical_order_create,ip,78
0051,LKUS_physical_order_create,app,67
0051,LKUS_physical_order_create,cid,78
0051,LKUS_physical_order_create,uid,78
0051,LKUS_physical_order_create,phone,70
0051,LKUS_physical_order_create,shopId,78
0051,LKUS_physical_order_create,tenant,78
0051,LKUS_physical_order_create,userNo,78
0051,LKUS_physical_order_create,isGuest,78
0051,LKUS_physical_order_create,version,78
0051,LKUS_physical_order_create,latitude,68
0051,LKUS_physical_order_create,longitude,68
0051,LKUS_physical_order_create,orderType,78
0051,LKUS_physical_order_create,taxAmount,78
0051,LKUS_physical_order_create,uniqueKey,78
0051,LKUS_physical_order_create,userAgent,78
0051,LKUS_physical_order_create,couponList,78
0051,LKUS_physical_order_create,orderPrice,78
0051,LKUS_physical_order_create,countryCode,78
0051,LKUS_physical_order_create,shopAddress,78
0051,LKUS_physical_order_create,reviewRepeat,65
0051,LKUS_physical_order_create,shopCityName,78
0051,LKUS_physical_order_create,shopLatitude,78
0051,LKUS_physical_order_create,cidOriginEnum,78
0051,LKUS_physical_order_create,isTaxRequired,78
0051,LKUS_physical_order_create,orderProducts,78
0051,LKUS_physical_order_create,productAmount,78
0051,LKUS_physical_order_create,shopLongitude,78
0051,LKUS_physical_order_create,coffeeStoreList,78
0051,LKUS_physical_order_create,recaptchaV3Token,65
0051,LKUS_physical_order_create,recaptchaV3Action,65
0051,LKUS_physical_order_create,recaptchaV3Enabled,65
0051,LKUS_physical_order_create,packageOrderProducts,78
0051,LKUS_payment,ip,76
0051,LKUS_payment,app,65
0051,LKUS_payment,cid,76
0051,LKUS_payment,uid,76
0051,LKUS_payment,phone,68
0051,LKUS_payment,shopId,76
0051,LKUS_payment,tenant,76
0051,LKUS_payment,userNo,76
0051,LKUS_payment,isGuest,76
0051,LKUS_payment,orderNo,76
0051,LKUS_payment,payType,76
0051,LKUS_payment,version,76
0051,LKUS_payment,payMoney,76
0051,LKUS_payment,orderType,76
0051,LKUS_payment,taxAmount,76
0051,LKUS_payment,uniqueKey,76
0051,LKUS_payment,userAgent,76
0051,LKUS_payment,orderPrice,76
0051,LKUS_payment,countryCode,68
0051,LKUS_payment,reviewRepeat,63
0051,LKUS_payment,cidOriginEnum,76
0051,LKUS_payment,isTaxRequired,76
0051,LKUS_payment,orderProducts,76
0051,LKUS_payment,recaptchaV3Token,63
0051,LKUS_payment,recaptchaV3Action,63
0051,LKUS_payment,recaptchaV3Enabled,63
0051,LKUS_payment,packageOrderProducts,76
0051,LKUS_register,ip,10
0051,LKUS_register,app,9
0051,LKUS_register,cid,10
0051,LKUS_register,uid,10
0051,LKUS_register,phone,10
0051,LKUS_register,tenant,10
0051,LKUS_register,version,10
0051,LKUS_register,uniqueKey,10
0051,LKUS_register,userAgent,10
0051,LKUS_register,countryCode,10
0051,LKUS_register,reviewRepeat,10
0051,LKUS_register,cidOriginEnum,10
0051,LKUS_register,recaptchaV3Token,10
0051,LKUS_register,recaptchaV3Action,10
0051,LKUS_register,recaptchaV3Enabled,10
0051,LKUS_push,userNo,3
0051,LKUS_grant_new_user_coupon,ip,7
0051,LKUS_grant_new_user_coupon,app,7
0051,LKUS_grant_new_user_coupon,cid,7
0051,LKUS_grant_new_user_coupon,uid,7
0051,LKUS_grant_new_user_coupon,phone,7
0051,LKUS_grant_new_user_coupon,extend,7
0051,LKUS_grant_new_user_coupon,tenant,7
0051,LKUS_grant_new_user_coupon,userNo,7
0051,LKUS_grant_new_user_coupon,sceneId,7
0051,LKUS_grant_new_user_coupon,version,7
0051,LKUS_grant_new_user_coupon,uniqueKey,7
0051,LKUS_grant_new_user_coupon,userAgent,7
0051,LKUS_grant_new_user_coupon,countryCode,7
0051,LKUS_grant_new_user_coupon,reviewRepeat,7
0051,LKUS_grant_new_user_coupon,cidOriginEnum,7
0051,LKUS_grant_new_user_coupon,recaptchaV3Token,7
0051,LKUS_grant_new_user_coupon,recaptchaV3Action,7
0051,LKUS_grant_new_user_coupon,recaptchaV3Enabled,7
0051,LKUS_login,ip,17
0051,LKUS_login,app,15
0051,LKUS_login,cid,17
0051,LKUS_login,uid,17
0051,LKUS_login,phone,17
0051,LKUS_login,tenant,17
0051,LKUS_login,userNo,17
0051,LKUS_login,version,17
0051,LKUS_login,uniqueKey,17
0051,LKUS_login,userAgent,17
0051,LKUS_login,countryCode,17
0051,LKUS_login,reviewRepeat,13
0051,LKUS_login,cidOriginEnum,17
0051,LKUS_login,recaptchaV3Token,13
0051,LKUS_login,recaptchaV3Action,13
0051,LKUS_login,recaptchaV3Enabled,13
0051,LKUS_physical_order_create,packagingBagPrice,3
0051,LKUS_physical_order_create,packagingBagNumber,3
0051,LKUS_payment,packagingBagPrice,3
0051,LKUS_payment,packagingBagNumber,3
0051,LKUS_physical_order_create,did,10
0051,LKUS_physical_order_create,blackBox,10
0051,LKUS_physical_order_create,deviceId,10
0052,LKUS_login,ip,25
0052,LKUS_login,cid,25
0052,LKUS_login,uid,25
0052,LKUS_login,phone,25
0052,LKUS_login,tenant,25
0052,LKUS_login,userNo,25
0052,LKUS_login,version,25
0052,LKUS_login,uniqueKey,25
0052,LKUS_login,userAgent,25
0052,LKUS_login,countryCode,25
0052,LKUS_login,reviewRepeat,23
0052,LKUS_login,cidOriginEnum,25
0052,LKUS_login,recaptchaV3Token,23
0052,LKUS_login,recaptchaV3Action,23
0052,LKUS_login,recaptchaV3Enabled,23
0052,LKUS_push,ip,54
0052,LKUS_push,app,46
0052,LKUS_push,cid,54
0052,LKUS_push,uid,54
0052,LKUS_push,phone,54
0052,LKUS_push,tenant,54
0052,LKUS_push,version,54
0052,LKUS_push,uniqueKey,54
0052,LKUS_push,userAgent,54
0052,LKUS_push,countryCode,54
0052,LKUS_push,reviewRepeat,50
0052,LKUS_push,cidOriginEnum,54
0052,LKUS_push,recaptchaV3Token,50
0052,LKUS_push,recaptchaV3Action,50
0052,LKUS_push,recaptchaV3Enabled,50
0052,LKUS_physical_order_create,ip,108
0052,LKUS_physical_order_create,app,97
0052,LKUS_physical_order_create,cid,108
0052,LKUS_physical_order_create,uid,108
0052,LKUS_physical_order_create,phone,100
0052,LKUS_physical_order_create,shopId,108
0052,LKUS_physical_order_create,tenant,108
0052,LKUS_physical_order_create,userNo,108
0052,LKUS_physical_order_create,isGuest,108
0052,LKUS_physical_order_create,version,108
0052,LKUS_physical_order_create,latitude,100
0052,LKUS_physical_order_create,longitude,100
0052,LKUS_physical_order_create,orderType,108
0052,LKUS_physical_order_create,taxAmount,108
0052,LKUS_physical_order_create,uniqueKey,108
0052,LKUS_physical_order_create,userAgent,108
0052,LKUS_physical_order_create,couponList,108
0052,LKUS_physical_order_create,orderPrice,108
0052,LKUS_physical_order_create,countryCode,108
0052,LKUS_physical_order_create,shopAddress,108
0052,LKUS_physical_order_create,reviewRepeat,92
0052,LKUS_physical_order_create,shopCityName,108
0052,LKUS_physical_order_create,shopLatitude,108
0052,LKUS_physical_order_create,cidOriginEnum,108
0052,LKUS_physical_order_create,isTaxRequired,108
0052,LKUS_physical_order_create,orderProducts,108
0052,LKUS_physical_order_create,productAmount,108
0052,LKUS_physical_order_create,shopLongitude,108
0052,LKUS_physical_order_create,coffeeStoreList,108
0052,LKUS_physical_order_create,recaptchaV3Token,92
0052,LKUS_physical_order_create,recaptchaV3Action,92
0052,LKUS_physical_order_create,recaptchaV3Enabled,92
0052,LKUS_physical_order_create,packageOrderProducts,108
0052,LKUS_payment,ip,105
0052,LKUS_payment,app,94
0052,LKUS_payment,cid,105
0052,LKUS_payment,uid,105
0052,LKUS_payment,phone,97
0052,LKUS_payment,shopId,105
0052,LKUS_payment,tenant,105
0052,LKUS_payment,userNo,105
0052,LKUS_payment,isGuest,105
0052,LKUS_payment,orderNo,105
0052,LKUS_payment,payType,105
0052,LKUS_payment,version,105
0052,LKUS_payment,payMoney,105
0052,LKUS_payment,orderType,105
0052,LKUS_payment,taxAmount,105
0052,LKUS_payment,uniqueKey,105
0052,LKUS_payment,userAgent,105
0052,LKUS_payment,orderPrice,105
0052,LKUS_payment,countryCode,97
0052,LKUS_payment,reviewRepeat,89
0052,LKUS_payment,cidOriginEnum,105
0052,LKUS_payment,isTaxRequired,105
0052,LKUS_payment,orderProducts,105
0052,LKUS_payment,recaptchaV3Token,89
0052,LKUS_payment,recaptchaV3Action,89
0052,LKUS_payment,recaptchaV3Enabled,89
0052,LKUS_payment,packageOrderProducts,105
0052,LKUS_physical_order_create,did,8
0052,LKUS_physical_order_create,blackBox,8
0052,LKUS_physical_order_create,deviceId,8
0052,LKUS_push,userNo,4
0052,LKUS_login,app,23
0052,LKUS_grant_new_user_coupon,ip,15
0052,LKUS_grant_new_user_coupon,app,15
0052,LKUS_grant_new_user_coupon,cid,15
0052,LKUS_grant_new_user_coupon,uid,15
0052,LKUS_grant_new_user_coupon,phone,15
0052,LKUS_grant_new_user_coupon,extend,15
0052,LKUS_grant_new_user_coupon,tenant,15
0052,LKUS_grant_new_user_coupon,userNo,15
0052,LKUS_grant_new_user_coupon,sceneId,15
0052,LKUS_grant_new_user_coupon,version,15
0052,LKUS_grant_new_user_coupon,uniqueKey,15
0052,LKUS_grant_new_user_coupon,userAgent,15
0052,LKUS_grant_new_user_coupon,countryCode,15
0052,LKUS_grant_new_user_coupon,reviewRepeat,15
0052,LKUS_grant_new_user_coupon,cidOriginEnum,15
0052,LKUS_grant_new_user_coupon,recaptchaV3Token,15
0052,LKUS_grant_new_user_coupon,recaptchaV3Action,15
0052,LKUS_grant_new_user_coupon,recaptchaV3Enabled,15
0052,LKUS_register,ip,13
0052,LKUS_register,cid,13
0052,LKUS_register,uid,13
0052,LKUS_register,phone,13
0052,LKUS_register,tenant,13
0052,LKUS_register,version,13
0052,LKUS_register,uniqueKey,13
0052,LKUS_register,userAgent,13
0052,LKUS_register,countryCode,13
0052,LKUS_register,reviewRepeat,13
0052,LKUS_register,cidOriginEnum,13
0052,LKUS_register,recaptchaV3Token,13
0052,LKUS_register,recaptchaV3Action,13
0052,LKUS_register,recaptchaV3Enabled,13
0052,LKUS_register,app,12
0052,LKUS_physical_order_create,packagingBagPrice,1
0052,LKUS_physical_order_create,packagingBagNumber,1
0052,LKUS_payment,packagingBagPrice,1
0052,LKUS_payment,packagingBagNumber,1
0052,LKUS_physical_order_cancel,ip,2
0052,LKUS_physical_order_cancel,app,2
0052,LKUS_physical_order_cancel,cid,2
0052,LKUS_physical_order_cancel,uid,2
0052,LKUS_physical_order_cancel,phone,2
0052,LKUS_physical_order_cancel,shopId,2
0052,LKUS_physical_order_cancel,tenant,2
0052,LKUS_physical_order_cancel,userNo,2
0052,LKUS_physical_order_cancel,isGuest,2
0052,LKUS_physical_order_cancel,orderNo,2
0052,LKUS_physical_order_cancel,version,2
0052,LKUS_physical_order_cancel,shopCity,2
0052,LKUS_physical_order_cancel,uniqueKey,2
0052,LKUS_physical_order_cancel,userAgent,2
0052,LKUS_physical_order_cancel,countryCode,2
0052,LKUS_physical_order_cancel,totalOfMade,2
0052,LKUS_physical_order_cancel,reviewRepeat,2
0052,LKUS_physical_order_cancel,cidOriginEnum,2
0052,LKUS_physical_order_cancel,cancelTypeEnum,2
0052,LKUS_physical_order_cancel,recaptchaV3Token,2
0052,LKUS_physical_order_cancel,recaptchaV3Action,2
0052,LKUS_physical_order_cancel,recaptchaV3Enabled,2
0053,LKUS_push,ip,57
0053,LKUS_push,app,52
0053,LKUS_push,cid,57
0053,LKUS_push,uid,57
0053,LKUS_push,phone,57
0053,LKUS_push,tenant,57
0053,LKUS_push,version,57
0053,LKUS_push,uniqueKey,57
0053,LKUS_push,userAgent,57
0053,LKUS_push,countryCode,57
0053,LKUS_push,reviewRepeat,54
0053,LKUS_push,cidOriginEnum,57
0053,LKUS_push,recaptchaV3Token,54
0053,LKUS_push,recaptchaV3Action,54
0053,LKUS_push,recaptchaV3Enabled,54
0053,LKUS_physical_order_create,ip,107
0053,LKUS_physical_order_create,app,88
0053,LKUS_physical_order_create,cid,107
0053,LKUS_physical_order_create,uid,107
0053,LKUS_physical_order_create,phone,92
0053,LKUS_physical_order_create,shopId,107
0053,LKUS_physical_order_create,tenant,107
0053,LKUS_physical_order_create,userNo,107
0053,LKUS_physical_order_create,isGuest,107
0053,LKUS_physical_order_create,version,107
0053,LKUS_physical_order_create,latitude,91
0053,LKUS_physical_order_create,longitude,91
0053,LKUS_physical_order_create,orderType,107
0053,LKUS_physical_order_create,taxAmount,107
0053,LKUS_physical_order_create,uniqueKey,107
0053,LKUS_physical_order_create,userAgent,107
0053,LKUS_physical_order_create,couponList,107
0053,LKUS_physical_order_create,orderPrice,107
0053,LKUS_physical_order_create,countryCode,107
0053,LKUS_physical_order_create,shopAddress,107
0053,LKUS_physical_order_create,reviewRepeat,85
0053,LKUS_physical_order_create,shopCityName,107
0053,LKUS_physical_order_create,shopLatitude,107
0053,LKUS_physical_order_create,cidOriginEnum,107
0053,LKUS_physical_order_create,isTaxRequired,107
0053,LKUS_physical_order_create,orderProducts,107
0053,LKUS_physical_order_create,productAmount,107
0053,LKUS_physical_order_create,shopLongitude,107
0053,LKUS_physical_order_create,coffeeStoreList,107
0053,LKUS_physical_order_create,recaptchaV3Token,85
0053,LKUS_physical_order_create,recaptchaV3Action,85
0053,LKUS_physical_order_create,recaptchaV3Enabled,85
0053,LKUS_physical_order_create,packageOrderProducts,107
0053,LKUS_payment,ip,107
0053,LKUS_payment,app,87
0053,LKUS_payment,cid,107
0053,LKUS_payment,uid,107
0053,LKUS_payment,phone,91
0053,LKUS_payment,shopId,107
0053,LKUS_payment,tenant,107
0053,LKUS_payment,userNo,107
0053,LKUS_payment,isGuest,107
0053,LKUS_payment,orderNo,107
0053,LKUS_payment,payType,107
0053,LKUS_payment,version,107
0053,LKUS_payment,payMoney,107
0053,LKUS_payment,orderType,107
0053,LKUS_payment,taxAmount,107
0053,LKUS_payment,uniqueKey,107
0053,LKUS_payment,userAgent,107
0053,LKUS_payment,orderPrice,107
0053,LKUS_payment,countryCode,91
0053,LKUS_payment,reviewRepeat,85
0053,LKUS_payment,cidOriginEnum,107
0053,LKUS_payment,isTaxRequired,107
0053,LKUS_payment,orderProducts,107
0053,LKUS_payment,recaptchaV3Token,85
0053,LKUS_payment,recaptchaV3Action,85
0053,LKUS_payment,recaptchaV3Enabled,85
0053,LKUS_payment,packageOrderProducts,107
0053,LKUS_physical_order_create,did,16
0053,LKUS_physical_order_create,blackBox,16
0053,LKUS_physical_order_create,deviceId,16
0053,LKUS_login,ip,18
0053,LKUS_login,app,13
0053,LKUS_login,cid,18
0053,LKUS_login,uid,18
0053,LKUS_login,phone,18
0053,LKUS_login,tenant,18
0053,LKUS_login,userNo,18
0053,LKUS_login,version,18
0053,LKUS_login,uniqueKey,18
0053,LKUS_login,userAgent,18
0053,LKUS_login,countryCode,18
0053,LKUS_login,reviewRepeat,17
0053,LKUS_login,cidOriginEnum,18
0053,LKUS_login,recaptchaV3Token,17
0053,LKUS_login,recaptchaV3Action,17
0053,LKUS_login,recaptchaV3Enabled,17
0053,LKUS_grant_new_user_coupon,ip,15
0053,LKUS_grant_new_user_coupon,app,11
0053,LKUS_grant_new_user_coupon,cid,15
0053,LKUS_grant_new_user_coupon,uid,15
0053,LKUS_grant_new_user_coupon,phone,15
0053,LKUS_grant_new_user_coupon,extend,15
0053,LKUS_grant_new_user_coupon,tenant,15
0053,LKUS_grant_new_user_coupon,userNo,15
0053,LKUS_grant_new_user_coupon,sceneId,15
0053,LKUS_grant_new_user_coupon,version,15
0053,LKUS_grant_new_user_coupon,uniqueKey,15
0053,LKUS_grant_new_user_coupon,userAgent,15
0053,LKUS_grant_new_user_coupon,countryCode,15
0053,LKUS_grant_new_user_coupon,reviewRepeat,15
0053,LKUS_grant_new_user_coupon,cidOriginEnum,15
0053,LKUS_grant_new_user_coupon,recaptchaV3Token,15
0053,LKUS_grant_new_user_coupon,recaptchaV3Action,15
0053,LKUS_grant_new_user_coupon,recaptchaV3Enabled,15
0053,LKUS_register,ip,8
0053,LKUS_register,app,7
0053,LKUS_register,cid,8
0053,LKUS_register,uid,8
0053,LKUS_register,phone,8
0053,LKUS_register,tenant,8
0053,LKUS_register,version,8
0053,LKUS_register,uniqueKey,8
0053,LKUS_register,userAgent,8
0053,LKUS_register,countryCode,8
0053,LKUS_register,reviewRepeat,8
0053,LKUS_register,cidOriginEnum,8
0053,LKUS_register,recaptchaV3Token,8
0053,LKUS_register,recaptchaV3Action,8
0053,LKUS_register,recaptchaV3Enabled,8
0053,LKUS_physical_order_create,packagingBagPrice,5
0053,LKUS_physical_order_create,packagingBagNumber,5
0053,LKUS_payment,packagingBagPrice,5
0053,LKUS_payment,packagingBagNumber,5
0053,LKUS_physical_order_cancel,ip,3
0053,LKUS_physical_order_cancel,app,3
0053,LKUS_physical_order_cancel,cid,3
0053,LKUS_physical_order_cancel,uid,3
0053,LKUS_physical_order_cancel,phone,3
0053,LKUS_physical_order_cancel,shopId,3
0053,LKUS_physical_order_cancel,tenant,3
0053,LKUS_physical_order_cancel,userNo,3
0053,LKUS_physical_order_cancel,isGuest,3
0053,LKUS_physical_order_cancel,orderNo,3
0053,LKUS_physical_order_cancel,version,3
0053,LKUS_physical_order_cancel,shopCity,3
0053,LKUS_physical_order_cancel,uniqueKey,3
0053,LKUS_physical_order_cancel,userAgent,3
0053,LKUS_physical_order_cancel,countryCode,3
0053,LKUS_physical_order_cancel,totalOfMade,3
0053,LKUS_physical_order_cancel,reviewRepeat,2
0053,LKUS_physical_order_cancel,cidOriginEnum,3
0053,LKUS_physical_order_cancel,cancelTypeEnum,3
0053,LKUS_physical_order_cancel,recaptchaV3Token,2
0053,LKUS_physical_order_cancel,recaptchaV3Action,2
0053,LKUS_physical_order_cancel,recaptchaV3Enabled,2
0053,LKUS_push,userNo,2
0054,LKUS_push,ip,34
0054,LKUS_push,app,30
0054,LKUS_push,cid,34
0054,LKUS_push,uid,34
0054,LKUS_push,phone,34
0054,LKUS_push,tenant,34
0054,LKUS_push,version,34
0054,LKUS_push,uniqueKey,34
0054,LKUS_push,userAgent,34
0054,LKUS_push,countryCode,34
0054,LKUS_push,reviewRepeat,31
0054,LKUS_push,cidOriginEnum,34
0054,LKUS_push,recaptchaV3Token,31
0054,LKUS_push,recaptchaV3Action,31
0054,LKUS_push,recaptchaV3Enabled,31
0054,LKUS_login,ip,16
0054,LKUS_login,app,14
0054,LKUS_login,cid,16
0054,LKUS_login,uid,16
0054,LKUS_login,phone,16
0054,LKUS_login,tenant,16
0054,LKUS_login,userNo,16
0054,LKUS_login,version,16
0054,LKUS_login,uniqueKey,16
0054,LKUS_login,userAgent,16
0054,LKUS_login,countryCode,16
0054,LKUS_login,reviewRepeat,16
0054,LKUS_login,cidOriginEnum,16
0054,LKUS_login,recaptchaV3Token,16
0054,LKUS_login,recaptchaV3Action,16
0054,LKUS_login,recaptchaV3Enabled,16
0054,LKUS_grant_new_user_coupon,ip,10
0054,LKUS_grant_new_user_coupon,app,9
0054,LKUS_grant_new_user_coupon,cid,10
0054,LKUS_grant_new_user_coupon,uid,10
0054,LKUS_grant_new_user_coupon,phone,10
0054,LKUS_grant_new_user_coupon,extend,10
0054,LKUS_grant_new_user_coupon,tenant,10
0054,LKUS_grant_new_user_coupon,userNo,10
0054,LKUS_grant_new_user_coupon,sceneId,10
0054,LKUS_grant_new_user_coupon,version,10
0054,LKUS_grant_new_user_coupon,uniqueKey,10
0054,LKUS_grant_new_user_coupon,userAgent,10
0054,LKUS_grant_new_user_coupon,countryCode,10
0054,LKUS_grant_new_user_coupon,reviewRepeat,10
0054,LKUS_grant_new_user_coupon,cidOriginEnum,10
0054,LKUS_grant_new_user_coupon,recaptchaV3Token,10
0054,LKUS_grant_new_user_coupon,recaptchaV3Action,10
0054,LKUS_grant_new_user_coupon,recaptchaV3Enabled,10
0054,LKUS_physical_order_create,ip,94
0054,LKUS_physical_order_create,app,81
0054,LKUS_physical_order_create,cid,94
0054,LKUS_physical_order_create,uid,94
0054,LKUS_physical_order_create,phone,83
0054,LKUS_physical_order_create,shopId,94
0054,LKUS_physical_order_create,tenant,94
0054,LKUS_physical_order_create,userNo,94
0054,LKUS_physical_order_create,isGuest,94
0054,LKUS_physical_order_create,version,94
0054,LKUS_physical_order_create,latitude,83
0054,LKUS_physical_order_create,longitude,83
0054,LKUS_physical_order_create,orderType,94
0054,LKUS_physical_order_create,taxAmount,94
0054,LKUS_physical_order_create,uniqueKey,94
0054,LKUS_physical_order_create,userAgent,94
0054,LKUS_physical_order_create,couponList,94
0054,LKUS_physical_order_create,orderPrice,94
0054,LKUS_physical_order_create,countryCode,94
0054,LKUS_physical_order_create,shopAddress,94
0054,LKUS_physical_order_create,reviewRepeat,80
0054,LKUS_physical_order_create,shopCityName,94
0054,LKUS_physical_order_create,shopLatitude,94
0054,LKUS_physical_order_create,cidOriginEnum,94
0054,LKUS_physical_order_create,isTaxRequired,94
0054,LKUS_physical_order_create,orderProducts,94
0054,LKUS_physical_order_create,productAmount,94
0054,LKUS_physical_order_create,shopLongitude,94
0054,LKUS_physical_order_create,coffeeStoreList,94
0054,LKUS_physical_order_create,recaptchaV3Token,80
0054,LKUS_physical_order_create,recaptchaV3Action,80
0054,LKUS_physical_order_create,recaptchaV3Enabled,80
0054,LKUS_physical_order_create,packageOrderProducts,94
0054,LKUS_payment,ip,91
0054,LKUS_payment,app,78
0054,LKUS_payment,cid,91
0054,LKUS_payment,uid,91
0054,LKUS_payment,phone,80
0054,LKUS_payment,shopId,91
0054,LKUS_payment,tenant,91
0054,LKUS_payment,userNo,91
0054,LKUS_payment,isGuest,91
0054,LKUS_payment,orderNo,91
0054,LKUS_payment,payType,91
0054,LKUS_payment,version,91
0054,LKUS_payment,payMoney,91
0054,LKUS_payment,orderType,91
0054,LKUS_payment,taxAmount,91
0054,LKUS_payment,uniqueKey,91
0054,LKUS_payment,userAgent,91
0054,LKUS_payment,orderPrice,91
0054,LKUS_payment,countryCode,80
0054,LKUS_payment,reviewRepeat,77
0054,LKUS_payment,cidOriginEnum,91
0054,LKUS_payment,isTaxRequired,91
0054,LKUS_payment,orderProducts,91
0054,LKUS_payment,recaptchaV3Token,77
0054,LKUS_payment,recaptchaV3Action,77
0054,LKUS_payment,recaptchaV3Enabled,77
0054,LKUS_payment,packageOrderProducts,91
0054,LKUS_physical_order_create,did,11
0054,LKUS_physical_order_create,blackBox,11
0054,LKUS_physical_order_create,deviceId,11
0054,LKUS_register,ip,5
0054,LKUS_register,app,5
0054,LKUS_register,cid,5
0054,LKUS_register,uid,5
0054,LKUS_register,phone,5
0054,LKUS_register,tenant,5
0054,LKUS_register,version,5
0054,LKUS_register,uniqueKey,5
0054,LKUS_register,userAgent,5
0054,LKUS_register,countryCode,5
0054,LKUS_register,reviewRepeat,5
0054,LKUS_register,cidOriginEnum,5
0054,LKUS_register,recaptchaV3Token,5
0054,LKUS_register,recaptchaV3Action,5
0054,LKUS_register,recaptchaV3Enabled,5
0054,LKUS_physical_order_create,packagingBagPrice,2
0054,LKUS_physical_order_create,packagingBagNumber,2
0054,LKUS_payment,packagingBagPrice,2
0054,LKUS_payment,packagingBagNumber,2
0054,LKUS_physical_order_cancel,ip,1
0054,LKUS_physical_order_cancel,app,1
0054,LKUS_physical_order_cancel,cid,1
0054,LKUS_physical_order_cancel,uid,1
0054,LKUS_physical_order_cancel,phone,1
0054,LKUS_physical_order_cancel,shopId,1
0054,LKUS_physical_order_cancel,tenant,1
0054,LKUS_physical_order_cancel,userNo,1
0054,LKUS_physical_order_cancel,isGuest,1
0054,LKUS_physical_order_cancel,orderNo,1
0054,LKUS_physical_order_cancel,version,1
0054,LKUS_physical_order_cancel,shopCity,1
0054,LKUS_physical_order_cancel,uniqueKey,1
0054,LKUS_physical_order_cancel,userAgent,1
0054,LKUS_physical_order_cancel,countryCode,1
0054,LKUS_physical_order_cancel,totalOfMade,1
0054,LKUS_physical_order_cancel,reviewRepeat,1
0054,LKUS_physical_order_cancel,cidOriginEnum,1
0054,LKUS_physical_order_cancel,cancelTypeEnum,1
0054,LKUS_physical_order_cancel,recaptchaV3Token,1
0054,LKUS_physical_order_cancel,recaptchaV3Action,1
0054,LKUS_physical_order_cancel,recaptchaV3Enabled,1
0055,LKUS_push,ip,45
0055,LKUS_push,app,40
0055,LKUS_push,cid,45
0055,LKUS_push,uid,45
0055,LKUS_push,phone,45
0055,LKUS_push,tenant,45
0055,LKUS_push,version,45
0055,LKUS_push,uniqueKey,45
0055,LKUS_push,userAgent,45
0055,LKUS_push,countryCode,45
0055,LKUS_push,reviewRepeat,41
0055,LKUS_push,cidOriginEnum,45
0055,LKUS_push,recaptchaV3Token,41
0055,LKUS_push,recaptchaV3Action,41
0055,LKUS_push,recaptchaV3Enabled,41
0055,LKUS_login,ip,23
0055,LKUS_login,app,19
0055,LKUS_login,cid,23
0055,LKUS_login,uid,23
0055,LKUS_login,phone,23
0055,LKUS_login,tenant,23
0055,LKUS_login,userNo,23
0055,LKUS_login,version,23
0055,LKUS_login,uniqueKey,23
0055,LKUS_login,userAgent,23
0055,LKUS_login,countryCode,23
0055,LKUS_login,reviewRepeat,20
0055,LKUS_login,cidOriginEnum,23
0055,LKUS_login,recaptchaV3Token,20
0055,LKUS_login,recaptchaV3Action,20
0055,LKUS_login,recaptchaV3Enabled,20
0055,LKUS_grant_new_user_coupon,ip,10
0055,LKUS_grant_new_user_coupon,app,9
0055,LKUS_grant_new_user_coupon,cid,10
0055,LKUS_grant_new_user_coupon,uid,10
0055,LKUS_grant_new_user_coupon,phone,10
0055,LKUS_grant_new_user_coupon,extend,10
0055,LKUS_grant_new_user_coupon,tenant,10
0055,LKUS_grant_new_user_coupon,userNo,10
0055,LKUS_grant_new_user_coupon,sceneId,10
0055,LKUS_grant_new_user_coupon,version,10
0055,LKUS_grant_new_user_coupon,uniqueKey,10
0055,LKUS_grant_new_user_coupon,userAgent,10
0055,LKUS_grant_new_user_coupon,countryCode,10
0055,LKUS_grant_new_user_coupon,reviewRepeat,10
0055,LKUS_grant_new_user_coupon,cidOriginEnum,10
0055,LKUS_grant_new_user_coupon,recaptchaV3Token,10
0055,LKUS_grant_new_user_coupon,recaptchaV3Action,10
0055,LKUS_grant_new_user_coupon,recaptchaV3Enabled,10
0055,LKUS_physical_order_create,ip,111
0055,LKUS_physical_order_create,app,99
0055,LKUS_physical_order_create,cid,111
0055,LKUS_physical_order_create,uid,111
0055,LKUS_physical_order_create,phone,100
0055,LKUS_physical_order_create,shopId,111
0055,LKUS_physical_order_create,tenant,111
0055,LKUS_physical_order_create,userNo,111
0055,LKUS_physical_order_create,isGuest,111
0055,LKUS_physical_order_create,version,111
0055,LKUS_physical_order_create,latitude,101
0055,LKUS_physical_order_create,longitude,101
0055,LKUS_physical_order_create,orderType,111
0055,LKUS_physical_order_create,taxAmount,111
0055,LKUS_physical_order_create,uniqueKey,111
0055,LKUS_physical_order_create,userAgent,111
0055,LKUS_physical_order_create,couponList,111
0055,LKUS_physical_order_create,orderPrice,110
0055,LKUS_physical_order_create,countryCode,111
0055,LKUS_physical_order_create,shopAddress,111
0055,LKUS_physical_order_create,reviewRepeat,94
0055,LKUS_physical_order_create,shopCityName,111
0055,LKUS_physical_order_create,shopLatitude,111
0055,LKUS_physical_order_create,cidOriginEnum,111
0055,LKUS_physical_order_create,isTaxRequired,111
0055,LKUS_physical_order_create,orderProducts,111
0055,LKUS_physical_order_create,productAmount,111
0055,LKUS_physical_order_create,shopLongitude,111
0055,LKUS_physical_order_create,coffeeStoreList,111
0055,LKUS_physical_order_create,recaptchaV3Token,94
0055,LKUS_physical_order_create,recaptchaV3Action,94
0055,LKUS_physical_order_create,recaptchaV3Enabled,94
0055,LKUS_physical_order_create,packageOrderProducts,111
0055,LKUS_payment,ip,106
0055,LKUS_payment,app,94
0055,LKUS_payment,cid,106
0055,LKUS_payment,uid,106
0055,LKUS_payment,phone,95
0055,LKUS_payment,shopId,106
0055,LKUS_payment,tenant,106
0055,LKUS_payment,userNo,106
0055,LKUS_payment,isGuest,106
0055,LKUS_payment,orderNo,106
0055,LKUS_payment,payType,106
0055,LKUS_payment,version,106
0055,LKUS_payment,payMoney,106
0055,LKUS_payment,orderType,106
0055,LKUS_payment,taxAmount,106
0055,LKUS_payment,uniqueKey,106
0055,LKUS_payment,userAgent,106
0055,LKUS_payment,orderPrice,106
0055,LKUS_payment,countryCode,95
0055,LKUS_payment,reviewRepeat,90
0055,LKUS_payment,cidOriginEnum,106
0055,LKUS_payment,isTaxRequired,106
0055,LKUS_payment,orderProducts,106
0055,LKUS_payment,recaptchaV3Token,90
0055,LKUS_payment,recaptchaV3Action,90
0055,LKUS_payment,recaptchaV3Enabled,90
0055,LKUS_payment,packageOrderProducts,106
0055,LKUS_physical_order_cancel,ip,4
0055,LKUS_physical_order_cancel,app,4
0055,LKUS_physical_order_cancel,cid,4
0055,LKUS_physical_order_cancel,uid,4
0055,LKUS_physical_order_cancel,phone,4
0055,LKUS_physical_order_cancel,shopId,4
0055,LKUS_physical_order_cancel,tenant,4
0055,LKUS_physical_order_cancel,userNo,4
0055,LKUS_physical_order_cancel,isGuest,4
0055,LKUS_physical_order_cancel,orderNo,4
0055,LKUS_physical_order_cancel,version,4
0055,LKUS_physical_order_cancel,shopCity,4
0055,LKUS_physical_order_cancel,uniqueKey,4
0055,LKUS_physical_order_cancel,userAgent,4
0055,LKUS_physical_order_cancel,countryCode,4
0055,LKUS_physical_order_cancel,totalOfMade,4
0055,LKUS_physical_order_cancel,reviewRepeat,4
0055,LKUS_physical_order_cancel,cidOriginEnum,4
0055,LKUS_physical_order_cancel,cancelTypeEnum,4
0055,LKUS_physical_order_cancel,recaptchaV3Token,4
0055,LKUS_physical_order_cancel,recaptchaV3Action,4
0055,LKUS_physical_order_cancel,recaptchaV3Enabled,4
0055,LKUS_physical_order_create,did,10
0055,LKUS_physical_order_create,blackBox,10
0055,LKUS_physical_order_create,deviceId,10
0055,LKUS_push,userNo,2
0055,LKUS_register,ip,4
0055,LKUS_register,app,3
0055,LKUS_register,cid,4
0055,LKUS_register,uid,4
0055,LKUS_register,phone,4
0055,LKUS_register,tenant,4
0055,LKUS_register,version,4
0055,LKUS_register,uniqueKey,4
0055,LKUS_register,userAgent,4
0055,LKUS_register,countryCode,4
0055,LKUS_register,reviewRepeat,3
0055,LKUS_register,cidOriginEnum,4
0055,LKUS_register,recaptchaV3Token,3
0055,LKUS_register,recaptchaV3Action,3
0055,LKUS_register,recaptchaV3Enabled,3
0055,LKUS_physical_order_create,packagingBagPrice,1
0055,LKUS_physical_order_create,packagingBagNumber,1
0055,LKUS_payment,packagingBagPrice,1
0055,LKUS_payment,packagingBagNumber,1
0056,LKUS_push,ip,72
0056,LKUS_push,app,49
0056,LKUS_push,cid,72
0056,LKUS_push,uid,72
0056,LKUS_push,phone,72
0056,LKUS_push,tenant,72
0056,LKUS_push,version,72
0056,LKUS_push,uniqueKey,72
0056,LKUS_push,userAgent,72
0056,LKUS_push,countryCode,72
0056,LKUS_push,reviewRepeat,68
0056,LKUS_push,cidOriginEnum,72
0056,LKUS_push,recaptchaV3Token,67
0056,LKUS_push,recaptchaV3Action,67
0056,LKUS_push,recaptchaV3Enabled,68
0056,LKUS_login,ip,19
0056,LKUS_login,app,15
0056,LKUS_login,cid,19
0056,LKUS_login,uid,19
0056,LKUS_login,phone,19
0056,LKUS_login,tenant,19
0056,LKUS_login,userNo,19
0056,LKUS_login,version,19
0056,LKUS_login,uniqueKey,19
0056,LKUS_login,userAgent,19
0056,LKUS_login,countryCode,19
0056,LKUS_login,reviewRepeat,17
0056,LKUS_login,cidOriginEnum,19
0056,LKUS_login,recaptchaV3Token,17
0056,LKUS_login,recaptchaV3Action,17
0056,LKUS_login,recaptchaV3Enabled,17
0056,LKUS_grant_new_user_coupon,ip,14
0056,LKUS_grant_new_user_coupon,app,12
0056,LKUS_grant_new_user_coupon,cid,14
0056,LKUS_grant_new_user_coupon,uid,14
0056,LKUS_grant_new_user_coupon,phone,14
0056,LKUS_grant_new_user_coupon,extend,14
0056,LKUS_grant_new_user_coupon,tenant,14
0056,LKUS_grant_new_user_coupon,userNo,14
0056,LKUS_grant_new_user_coupon,sceneId,14
0056,LKUS_grant_new_user_coupon,version,14
0056,LKUS_grant_new_user_coupon,uniqueKey,14
0056,LKUS_grant_new_user_coupon,userAgent,14
0056,LKUS_grant_new_user_coupon,countryCode,14
0056,LKUS_grant_new_user_coupon,reviewRepeat,14
0056,LKUS_grant_new_user_coupon,cidOriginEnum,14
0056,LKUS_grant_new_user_coupon,recaptchaV3Token,14
0056,LKUS_grant_new_user_coupon,recaptchaV3Action,14
0056,LKUS_grant_new_user_coupon,recaptchaV3Enabled,14
0056,LKUS_physical_order_create,ip,95
0056,LKUS_physical_order_create,app,76
0056,LKUS_physical_order_create,cid,95
0056,LKUS_physical_order_create,uid,95
0056,LKUS_physical_order_create,phone,79
0056,LKUS_physical_order_create,shopId,95
0056,LKUS_physical_order_create,tenant,95
0056,LKUS_physical_order_create,userNo,95
0056,LKUS_physical_order_create,isGuest,95
0056,LKUS_physical_order_create,version,95
0056,LKUS_physical_order_create,latitude,78
0056,LKUS_physical_order_create,longitude,78
0056,LKUS_physical_order_create,orderType,95
0056,LKUS_physical_order_create,taxAmount,95
0056,LKUS_physical_order_create,uniqueKey,95
0056,LKUS_physical_order_create,userAgent,95
0056,LKUS_physical_order_create,couponList,95
0056,LKUS_physical_order_create,orderPrice,95
0056,LKUS_physical_order_create,countryCode,95
0056,LKUS_physical_order_create,shopAddress,95
0056,LKUS_physical_order_create,reviewRepeat,75
0056,LKUS_physical_order_create,shopCityName,95
0056,LKUS_physical_order_create,shopLatitude,95
0056,LKUS_physical_order_create,cidOriginEnum,95
0056,LKUS_physical_order_create,isTaxRequired,95
0056,LKUS_physical_order_create,orderProducts,95
0056,LKUS_physical_order_create,productAmount,95
0056,LKUS_physical_order_create,shopLongitude,95
0056,LKUS_physical_order_create,coffeeStoreList,95
0056,LKUS_physical_order_create,recaptchaV3Token,75
0056,LKUS_physical_order_create,recaptchaV3Action,75
0056,LKUS_physical_order_create,recaptchaV3Enabled,75
0056,LKUS_physical_order_create,packageOrderProducts,95
0056,LKUS_payment,ip,94
0056,LKUS_payment,app,75
0056,LKUS_payment,cid,94
0056,LKUS_payment,uid,94
0056,LKUS_payment,phone,78
0056,LKUS_payment,shopId,94
0056,LKUS_payment,tenant,94
0056,LKUS_payment,userNo,94
0056,LKUS_payment,isGuest,94
0056,LKUS_payment,orderNo,94
0056,LKUS_payment,payType,94
0056,LKUS_payment,version,94
0056,LKUS_payment,payMoney,94
0056,LKUS_payment,orderType,94
0056,LKUS_payment,taxAmount,94
0056,LKUS_payment,uniqueKey,94
0056,LKUS_payment,userAgent,94
0056,LKUS_payment,orderPrice,94
0056,LKUS_payment,countryCode,78
0056,LKUS_payment,reviewRepeat,74
0056,LKUS_payment,cidOriginEnum,94
0056,LKUS_payment,isTaxRequired,94
0056,LKUS_payment,orderProducts,94
0056,LKUS_payment,recaptchaV3Token,74
0056,LKUS_payment,recaptchaV3Action,74
0056,LKUS_payment,recaptchaV3Enabled,74
0056,LKUS_payment,packageOrderProducts,94
0056,LKUS_physical_order_create,did,17
0056,LKUS_physical_order_create,blackBox,17
0056,LKUS_physical_order_create,deviceId,17
0056,LKUS_register,ip,10
0056,LKUS_register,app,7
0056,LKUS_register,cid,10
0056,LKUS_register,uid,10
0056,LKUS_register,phone,10
0056,LKUS_register,tenant,10
0056,LKUS_register,version,10
0056,LKUS_register,uniqueKey,10
0056,LKUS_register,userAgent,10
0056,LKUS_register,countryCode,10
0056,LKUS_register,reviewRepeat,9
0056,LKUS_register,cidOriginEnum,10
0056,LKUS_register,recaptchaV3Token,9
0056,LKUS_register,recaptchaV3Action,9
0056,LKUS_register,recaptchaV3Enabled,9
0056,LKUS_physical_order_cancel,ip,1
0056,LKUS_physical_order_cancel,app,1
0056,LKUS_physical_order_cancel,cid,1
0056,LKUS_physical_order_cancel,uid,1
0056,LKUS_physical_order_cancel,phone,1
0056,LKUS_physical_order_cancel,shopId,1
0056,LKUS_physical_order_cancel,tenant,1
0056,LKUS_physical_order_cancel,userNo,1
0056,LKUS_physical_order_cancel,isGuest,1
0056,LKUS_physical_order_cancel,orderNo,1
0056,LKUS_physical_order_cancel,version,1
0056,LKUS_physical_order_cancel,shopCity,1
0056,LKUS_physical_order_cancel,uniqueKey,1
0056,LKUS_physical_order_cancel,userAgent,1
0056,LKUS_physical_order_cancel,countryCode,1
0056,LKUS_physical_order_cancel,totalOfMade,1
0056,LKUS_physical_order_cancel,reviewRepeat,1
0056,LKUS_physical_order_cancel,cidOriginEnum,1
0056,LKUS_physical_order_cancel,cancelTypeEnum,1
0056,LKUS_physical_order_cancel,recaptchaV3Token,1
0056,LKUS_physical_order_cancel,recaptchaV3Action,1
0056,LKUS_physical_order_cancel,recaptchaV3Enabled,1
0056,LKUS_push,userNo,1
0056,LKUS_physical_order_create,packagingBagPrice,1
0056,LKUS_physical_order_create,packagingBagNumber,1
0056,LKUS_payment,packagingBagPrice,1
0056,LKUS_payment,packagingBagNumber,1
0056,LKUS_captcha,ip,2
0056,LKUS_captcha,cid,2
0056,LKUS_captcha,uid,2
0056,LKUS_captcha,event,2
0056,LKUS_captcha,phone,2
0056,LKUS_captcha,tenant,2
0056,LKUS_captcha,isGuest,2
0056,LKUS_captcha,version,2
0056,LKUS_captcha,uniqueKey,2
0056,LKUS_captcha,userAgent,2
0056,LKUS_captcha,countryCode,2
0056,LKUS_captcha,reviewRepeat,2
0056,LKUS_captcha,cidOriginEnum,2
0056,LKUS_captcha,verifyCodeType,2
0056,LKUS_captcha,recaptchaV3Token,2
0056,LKUS_captcha,verifyCodeParams,2
0056,LKUS_captcha,recaptchaV3Action,2
0057,LKUS_push,ip,66
0057,LKUS_push,app,63
0057,LKUS_push,cid,66
0057,LKUS_push,uid,66
0057,LKUS_push,phone,66
0057,LKUS_push,tenant,66
0057,LKUS_push,version,66
0057,LKUS_push,uniqueKey,66
0057,LKUS_push,userAgent,66
0057,LKUS_push,countryCode,66
0057,LKUS_push,reviewRepeat,66
0057,LKUS_push,cidOriginEnum,66
0057,LKUS_push,recaptchaV3Token,66
0057,LKUS_push,recaptchaV3Action,66
0057,LKUS_push,recaptchaV3Enabled,66
0057,LKUS_physical_order_create,ip,95
0057,LKUS_physical_order_create,app,75
0057,LKUS_physical_order_create,cid,95
0057,LKUS_physical_order_create,uid,95
0057,LKUS_physical_order_create,phone,79
0057,LKUS_physical_order_create,shopId,95
0057,LKUS_physical_order_create,tenant,95
0057,LKUS_physical_order_create,userNo,95
0057,LKUS_physical_order_create,isGuest,95
0057,LKUS_physical_order_create,version,95
0057,LKUS_physical_order_create,latitude,78
0057,LKUS_physical_order_create,longitude,78
0057,LKUS_physical_order_create,orderType,95
0057,LKUS_physical_order_create,taxAmount,95
0057,LKUS_physical_order_create,uniqueKey,95
0057,LKUS_physical_order_create,userAgent,95
0057,LKUS_physical_order_create,couponList,95
0057,LKUS_physical_order_create,orderPrice,95
0057,LKUS_physical_order_create,countryCode,95
0057,LKUS_physical_order_create,shopAddress,95
0057,LKUS_physical_order_create,reviewRepeat,73
0057,LKUS_physical_order_create,shopCityName,95
0057,LKUS_physical_order_create,shopLatitude,95
0057,LKUS_physical_order_create,cidOriginEnum,95
0057,LKUS_physical_order_create,isTaxRequired,95
0057,LKUS_physical_order_create,orderProducts,95
0057,LKUS_physical_order_create,productAmount,95
0057,LKUS_physical_order_create,shopLongitude,95
0057,LKUS_physical_order_create,coffeeStoreList,95
0057,LKUS_physical_order_create,recaptchaV3Token,73
0057,LKUS_physical_order_create,recaptchaV3Action,73
0057,LKUS_physical_order_create,recaptchaV3Enabled,73
0057,LKUS_physical_order_create,packageOrderProducts,95
0057,LKUS_payment,ip,95
0057,LKUS_payment,app,75
0057,LKUS_payment,cid,95
0057,LKUS_payment,uid,95
0057,LKUS_payment,phone,79
0057,LKUS_payment,shopId,95
0057,LKUS_payment,tenant,95
0057,LKUS_payment,userNo,95
0057,LKUS_payment,isGuest,95
0057,LKUS_payment,orderNo,95
0057,LKUS_payment,payType,95
0057,LKUS_payment,version,95
0057,LKUS_payment,payMoney,95
0057,LKUS_payment,orderType,95
0057,LKUS_payment,taxAmount,95
0057,LKUS_payment,uniqueKey,95
0057,LKUS_payment,userAgent,95
0057,LKUS_payment,orderPrice,95
0057,LKUS_payment,countryCode,79
0057,LKUS_payment,reviewRepeat,72
0057,LKUS_payment,cidOriginEnum,95
0057,LKUS_payment,isTaxRequired,95
0057,LKUS_payment,orderProducts,95
0057,LKUS_payment,recaptchaV3Token,72
0057,LKUS_payment,recaptchaV3Action,72
0057,LKUS_payment,recaptchaV3Enabled,72
0057,LKUS_payment,packageOrderProducts,95
0057,LKUS_login,ip,9
0057,LKUS_login,app,7
0057,LKUS_login,cid,9
0057,LKUS_login,uid,9
0057,LKUS_login,phone,9
0057,LKUS_login,tenant,9
0057,LKUS_login,userNo,9
0057,LKUS_login,version,9
0057,LKUS_login,uniqueKey,9
0057,LKUS_login,userAgent,9
0057,LKUS_login,countryCode,9
0057,LKUS_login,reviewRepeat,8
0057,LKUS_login,cidOriginEnum,9
0057,LKUS_login,recaptchaV3Token,8
0057,LKUS_login,recaptchaV3Action,8
0057,LKUS_login,recaptchaV3Enabled,8
0057,LKUS_physical_order_create,did,17
0057,LKUS_physical_order_create,blackBox,17
0057,LKUS_physical_order_create,deviceId,17
0057,LKUS_register,ip,6
0057,LKUS_register,app,4
0057,LKUS_register,cid,6
0057,LKUS_register,uid,6
0057,LKUS_register,phone,6
0057,LKUS_register,tenant,6
0057,LKUS_register,version,6
0057,LKUS_register,uniqueKey,6
0057,LKUS_register,userAgent,6
0057,LKUS_register,countryCode,6
0057,LKUS_register,reviewRepeat,6
0057,LKUS_register,cidOriginEnum,6
0057,LKUS_register,recaptchaV3Token,6
0057,LKUS_register,recaptchaV3Action,6
0057,LKUS_register,recaptchaV3Enabled,6
0057,LKUS_grant_new_user_coupon,ip,6
0057,LKUS_grant_new_user_coupon,app,5
0057,LKUS_grant_new_user_coupon,cid,6
0057,LKUS_grant_new_user_coupon,uid,6
0057,LKUS_grant_new_user_coupon,phone,6
0057,LKUS_grant_new_user_coupon,extend,6
0057,LKUS_grant_new_user_coupon,tenant,6
0057,LKUS_grant_new_user_coupon,userNo,6
0057,LKUS_grant_new_user_coupon,sceneId,6
0057,LKUS_grant_new_user_coupon,version,6
0057,LKUS_grant_new_user_coupon,uniqueKey,6
0057,LKUS_grant_new_user_coupon,userAgent,6
0057,LKUS_grant_new_user_coupon,countryCode,6
0057,LKUS_grant_new_user_coupon,reviewRepeat,6
0057,LKUS_grant_new_user_coupon,cidOriginEnum,6
0057,LKUS_grant_new_user_coupon,recaptchaV3Token,6
0057,LKUS_grant_new_user_coupon,recaptchaV3Action,6
0057,LKUS_grant_new_user_coupon,recaptchaV3Enabled,6
0057,LKUS_push,userNo,2
0058,LKUS_push,ip,47
0058,LKUS_push,app,38
0058,LKUS_push,cid,47
0058,LKUS_push,uid,47
0058,LKUS_push,phone,47
0058,LKUS_push,tenant,47
0058,LKUS_push,version,47
0058,LKUS_push,uniqueKey,47
0058,LKUS_push,userAgent,47
0058,LKUS_push,countryCode,47
0058,LKUS_push,reviewRepeat,43
0058,LKUS_push,cidOriginEnum,47
0058,LKUS_push,recaptchaV3Token,43
0058,LKUS_push,recaptchaV3Action,43
0058,LKUS_push,recaptchaV3Enabled,43
0058,LKUS_login,ip,25
0058,LKUS_login,app,17
0058,LKUS_login,cid,25
0058,LKUS_login,uid,25
0058,LKUS_login,phone,25
0058,LKUS_login,tenant,25
0058,LKUS_login,userNo,25
0058,LKUS_login,version,25
0058,LKUS_login,uniqueKey,25
0058,LKUS_login,userAgent,25
0058,LKUS_login,countryCode,25
0058,LKUS_login,reviewRepeat,22
0058,LKUS_login,cidOriginEnum,25
0058,LKUS_login,recaptchaV3Token,22
0058,LKUS_login,recaptchaV3Action,22
0058,LKUS_login,recaptchaV3Enabled,22
0058,LKUS_grant_new_user_coupon,ip,13
0058,LKUS_grant_new_user_coupon,app,9
0058,LKUS_grant_new_user_coupon,cid,13
0058,LKUS_grant_new_user_coupon,uid,13
0058,LKUS_grant_new_user_coupon,phone,13
0058,LKUS_grant_new_user_coupon,extend,13
0058,LKUS_grant_new_user_coupon,tenant,13
0058,LKUS_grant_new_user_coupon,userNo,13
0058,LKUS_grant_new_user_coupon,sceneId,13
0058,LKUS_grant_new_user_coupon,version,13
0058,LKUS_grant_new_user_coupon,uniqueKey,13
0058,LKUS_grant_new_user_coupon,userAgent,13
0058,LKUS_grant_new_user_coupon,countryCode,13
0058,LKUS_grant_new_user_coupon,reviewRepeat,13
0058,LKUS_grant_new_user_coupon,cidOriginEnum,13
0058,LKUS_grant_new_user_coupon,recaptchaV3Token,13
0058,LKUS_grant_new_user_coupon,recaptchaV3Action,13
0058,LKUS_grant_new_user_coupon,recaptchaV3Enabled,13
0058,LKUS_physical_order_create,ip,110
0058,LKUS_physical_order_create,app,88
0058,LKUS_physical_order_create,cid,110
0058,LKUS_physical_order_create,uid,110
0058,LKUS_physical_order_create,phone,95
0058,LKUS_physical_order_create,shopId,110
0058,LKUS_physical_order_create,tenant,110
0058,LKUS_physical_order_create,userNo,110
0058,LKUS_physical_order_create,isGuest,110
0058,LKUS_physical_order_create,version,110
0058,LKUS_physical_order_create,latitude,93
0058,LKUS_physical_order_create,longitude,93
0058,LKUS_physical_order_create,orderType,110
0058,LKUS_physical_order_create,taxAmount,110
0058,LKUS_physical_order_create,uniqueKey,110
0058,LKUS_physical_order_create,userAgent,110
0058,LKUS_physical_order_create,couponList,110
0058,LKUS_physical_order_create,orderPrice,110
0058,LKUS_physical_order_create,countryCode,110
0058,LKUS_physical_order_create,shopAddress,110
0058,LKUS_physical_order_create,reviewRepeat,89
0058,LKUS_physical_order_create,shopCityName,110
0058,LKUS_physical_order_create,shopLatitude,110
0058,LKUS_physical_order_create,cidOriginEnum,110
0058,LKUS_physical_order_create,isTaxRequired,110
0058,LKUS_physical_order_create,orderProducts,110
0058,LKUS_physical_order_create,productAmount,110
0058,LKUS_physical_order_create,shopLongitude,110
0058,LKUS_physical_order_create,coffeeStoreList,110
0058,LKUS_physical_order_create,recaptchaV3Token,89
0058,LKUS_physical_order_create,recaptchaV3Action,89
0058,LKUS_physical_order_create,recaptchaV3Enabled,89
0058,LKUS_physical_order_create,packageOrderProducts,110
0058,LKUS_payment,ip,114
0058,LKUS_payment,app,86
0058,LKUS_payment,cid,114
0058,LKUS_payment,uid,114
0058,LKUS_payment,phone,97
0058,LKUS_payment,shopId,114
0058,LKUS_payment,tenant,114
0058,LKUS_payment,userNo,114
0058,LKUS_payment,isGuest,114
0058,LKUS_payment,orderNo,114
0058,LKUS_payment,payType,114
0058,LKUS_payment,version,114
0058,LKUS_payment,payMoney,114
0058,LKUS_payment,orderType,114
0058,LKUS_payment,taxAmount,114
0058,LKUS_payment,uniqueKey,114
0058,LKUS_payment,userAgent,114
0058,LKUS_payment,orderPrice,114
0058,LKUS_payment,countryCode,97
0058,LKUS_payment,reviewRepeat,90
0058,LKUS_payment,cidOriginEnum,114
0058,LKUS_payment,isTaxRequired,114
0058,LKUS_payment,orderProducts,114
0058,LKUS_payment,recaptchaV3Token,89
0058,LKUS_payment,recaptchaV3Action,89
0058,LKUS_payment,recaptchaV3Enabled,90
0058,LKUS_payment,packageOrderProducts,114
0058,LKUS_register,ip,9
0058,LKUS_register,app,5
0058,LKUS_register,cid,9
0058,LKUS_register,uid,9
0058,LKUS_register,phone,9
0058,LKUS_register,tenant,9
0058,LKUS_register,version,9
0058,LKUS_register,uniqueKey,9
0058,LKUS_register,userAgent,9
0058,LKUS_register,countryCode,9
0058,LKUS_register,reviewRepeat,8
0058,LKUS_register,cidOriginEnum,9
0058,LKUS_register,recaptchaV3Token,8
0058,LKUS_register,recaptchaV3Action,8
0058,LKUS_register,recaptchaV3Enabled,8
0058,LKUS_physical_order_create,did,17
0058,LKUS_physical_order_create,blackBox,17
0058,LKUS_physical_order_create,deviceId,17
0058,LKUS_push,userNo,3
0058,LKUS_physical_order_cancel,ip,4
0058,LKUS_physical_order_cancel,app,4
0058,LKUS_physical_order_cancel,cid,4
0058,LKUS_physical_order_cancel,uid,4
0058,LKUS_physical_order_cancel,phone,4
0058,LKUS_physical_order_cancel,shopId,4
0058,LKUS_physical_order_cancel,tenant,4
0058,LKUS_physical_order_cancel,userNo,4
0058,LKUS_physical_order_cancel,isGuest,4
0058,LKUS_physical_order_cancel,orderNo,4
0058,LKUS_physical_order_cancel,version,4
0058,LKUS_physical_order_cancel,shopCity,4
0058,LKUS_physical_order_cancel,uniqueKey,4
0058,LKUS_physical_order_cancel,userAgent,4
0058,LKUS_physical_order_cancel,countryCode,4
0058,LKUS_physical_order_cancel,totalOfMade,4
0058,LKUS_physical_order_cancel,reviewRepeat,4
0058,LKUS_physical_order_cancel,cidOriginEnum,4
0058,LKUS_physical_order_cancel,cancelTypeEnum,4
0058,LKUS_physical_order_cancel,recaptchaV3Token,4
0058,LKUS_physical_order_cancel,recaptchaV3Action,4
0058,LKUS_physical_order_cancel,recaptchaV3Enabled,4
0059,LKUS_push,ip,57
0059,LKUS_push,app,54
0059,LKUS_push,cid,57
0059,LKUS_push,uid,57
0059,LKUS_push,phone,57
0059,LKUS_push,tenant,57
0059,LKUS_push,version,57
0059,LKUS_push,uniqueKey,57
0059,LKUS_push,userAgent,57
0059,LKUS_push,countryCode,57
0059,LKUS_push,reviewRepeat,54
0059,LKUS_push,cidOriginEnum,57
0059,LKUS_push,recaptchaV3Token,54
0059,LKUS_push,recaptchaV3Action,54
0059,LKUS_push,recaptchaV3Enabled,54
0059,LKUS_login,ip,17
0059,LKUS_login,app,16
0059,LKUS_login,cid,17
0059,LKUS_login,uid,17
0059,LKUS_login,phone,17
0059,LKUS_login,tenant,17
0059,LKUS_login,userNo,17
0059,LKUS_login,version,17
0059,LKUS_login,uniqueKey,17
0059,LKUS_login,userAgent,17
0059,LKUS_login,countryCode,17
0059,LKUS_login,reviewRepeat,16
0059,LKUS_login,cidOriginEnum,17
0059,LKUS_login,recaptchaV3Token,16
0059,LKUS_login,recaptchaV3Action,16
0059,LKUS_login,recaptchaV3Enabled,16
0059,LKUS_physical_order_create,ip,101
0059,LKUS_physical_order_create,app,89
0059,LKUS_physical_order_create,cid,101
0059,LKUS_physical_order_create,uid,101
0059,LKUS_physical_order_create,phone,91
0059,LKUS_physical_order_create,shopId,101
0059,LKUS_physical_order_create,tenant,101
0059,LKUS_physical_order_create,userNo,101
0059,LKUS_physical_order_create,isGuest,101
0059,LKUS_physical_order_create,version,101
0059,LKUS_physical_order_create,latitude,90
0059,LKUS_physical_order_create,longitude,90
0059,LKUS_physical_order_create,orderType,101
0059,LKUS_physical_order_create,taxAmount,101
0059,LKUS_physical_order_create,uniqueKey,101
0059,LKUS_physical_order_create,userAgent,101
0059,LKUS_physical_order_create,couponList,101
0059,LKUS_physical_order_create,orderPrice,100
0059,LKUS_physical_order_create,countryCode,101
0059,LKUS_physical_order_create,shopAddress,101
0059,LKUS_physical_order_create,reviewRepeat,86
0059,LKUS_physical_order_create,shopCityName,101
0059,LKUS_physical_order_create,shopLatitude,101
0059,LKUS_physical_order_create,cidOriginEnum,101
0059,LKUS_physical_order_create,isTaxRequired,101
0059,LKUS_physical_order_create,orderProducts,101
0059,LKUS_physical_order_create,productAmount,101
0059,LKUS_physical_order_create,shopLongitude,101
0059,LKUS_physical_order_create,coffeeStoreList,101
0059,LKUS_physical_order_create,recaptchaV3Token,86
0059,LKUS_physical_order_create,recaptchaV3Action,86
0059,LKUS_physical_order_create,recaptchaV3Enabled,86
0059,LKUS_physical_order_create,packageOrderProducts,101
0059,LKUS_payment,ip,101
0059,LKUS_payment,app,89
0059,LKUS_payment,cid,101
0059,LKUS_payment,uid,101
0059,LKUS_payment,phone,91
0059,LKUS_payment,shopId,101
0059,LKUS_payment,tenant,101
0059,LKUS_payment,userNo,101
0059,LKUS_payment,isGuest,101
0059,LKUS_payment,orderNo,101
0059,LKUS_payment,payType,101
0059,LKUS_payment,version,101
0059,LKUS_payment,payMoney,101
0059,LKUS_payment,orderType,101
0059,LKUS_payment,taxAmount,101
0059,LKUS_payment,uniqueKey,101
0059,LKUS_payment,userAgent,101
0059,LKUS_payment,orderPrice,101
0059,LKUS_payment,countryCode,91
0059,LKUS_payment,reviewRepeat,86
0059,LKUS_payment,cidOriginEnum,101
0059,LKUS_payment,isTaxRequired,101
0059,LKUS_payment,orderProducts,101
0059,LKUS_payment,recaptchaV3Token,86
0059,LKUS_payment,recaptchaV3Action,86
0059,LKUS_payment,recaptchaV3Enabled,86
0059,LKUS_payment,packageOrderProducts,101
0059,LKUS_physical_order_create,did,11
0059,LKUS_physical_order_create,blackBox,11
0059,LKUS_physical_order_create,deviceId,11
0059,LKUS_physical_order_create,packagingBagPrice,1
0059,LKUS_physical_order_create,packagingBagNumber,1
0059,LKUS_payment,packagingBagPrice,1
0059,LKUS_payment,packagingBagNumber,1
0059,LKUS_physical_order_cancel,ip,1
0059,LKUS_physical_order_cancel,app,1
0059,LKUS_physical_order_cancel,cid,1
0059,LKUS_physical_order_cancel,uid,1
0059,LKUS_physical_order_cancel,phone,1
0059,LKUS_physical_order_cancel,shopId,1
0059,LKUS_physical_order_cancel,tenant,1
0059,LKUS_physical_order_cancel,userNo,1
0059,LKUS_physical_order_cancel,isGuest,1
0059,LKUS_physical_order_cancel,orderNo,1
0059,LKUS_physical_order_cancel,version,1
0059,LKUS_physical_order_cancel,shopCity,1
0059,LKUS_physical_order_cancel,uniqueKey,1
0059,LKUS_physical_order_cancel,userAgent,1
0059,LKUS_physical_order_cancel,countryCode,1
0059,LKUS_physical_order_cancel,totalOfMade,1
0059,LKUS_physical_order_cancel,reviewRepeat,1
0059,LKUS_physical_order_cancel,cidOriginEnum,1
0059,LKUS_physical_order_cancel,cancelTypeEnum,1
0059,LKUS_physical_order_cancel,recaptchaV3Token,1
0059,LKUS_physical_order_cancel,recaptchaV3Action,1
0059,LKUS_physical_order_cancel,recaptchaV3Enabled,1
0059,LKUS_grant_new_user_coupon,ip,9
0059,LKUS_grant_new_user_coupon,app,9
0059,LKUS_grant_new_user_coupon,cid,9
0059,LKUS_grant_new_user_coupon,uid,9
0059,LKUS_grant_new_user_coupon,phone,9
0059,LKUS_grant_new_user_coupon,extend,9
0059,LKUS_grant_new_user_coupon,tenant,9
0059,LKUS_grant_new_user_coupon,userNo,9
0059,LKUS_grant_new_user_coupon,sceneId,9
0059,LKUS_grant_new_user_coupon,version,9
0059,LKUS_grant_new_user_coupon,uniqueKey,9
0059,LKUS_grant_new_user_coupon,userAgent,9
0059,LKUS_grant_new_user_coupon,countryCode,9
0059,LKUS_grant_new_user_coupon,reviewRepeat,9
0059,LKUS_grant_new_user_coupon,cidOriginEnum,9
0059,LKUS_grant_new_user_coupon,recaptchaV3Token,9
0059,LKUS_grant_new_user_coupon,recaptchaV3Action,9
0059,LKUS_grant_new_user_coupon,recaptchaV3Enabled,9
0059,LKUS_register,ip,4
0059,LKUS_register,app,3
0059,LKUS_register,cid,4
0059,LKUS_register,uid,4
0059,LKUS_register,phone,4
0059,LKUS_register,tenant,4
0059,LKUS_register,version,4
0059,LKUS_register,uniqueKey,4
0059,LKUS_register,userAgent,4
0059,LKUS_register,countryCode,4
0059,LKUS_register,reviewRepeat,4
0059,LKUS_register,cidOriginEnum,4
0059,LKUS_register,recaptchaV3Token,4
0059,LKUS_register,recaptchaV3Action,4
0059,LKUS_register,recaptchaV3Enabled,4
0059,LKUS_push,userNo,1
0060,LKUS_push,ip,57
0060,LKUS_push,app,44
0060,LKUS_push,cid,57
0060,LKUS_push,uid,57
0060,LKUS_push,phone,57
0060,LKUS_push,tenant,57
0060,LKUS_push,version,57
0060,LKUS_push,uniqueKey,57
0060,LKUS_push,userAgent,57
0060,LKUS_push,countryCode,57
0060,LKUS_push,reviewRepeat,51
0060,LKUS_push,cidOriginEnum,57
0060,LKUS_push,recaptchaV3Token,51
0060,LKUS_push,recaptchaV3Action,51
0060,LKUS_push,recaptchaV3Enabled,51
0060,LKUS_physical_order_create,ip,93
0060,LKUS_physical_order_create,app,74
0060,LKUS_physical_order_create,cid,93
0060,LKUS_physical_order_create,uid,93
0060,LKUS_physical_order_create,phone,81
0060,LKUS_physical_order_create,shopId,93
0060,LKUS_physical_order_create,tenant,93
0060,LKUS_physical_order_create,userNo,93
0060,LKUS_physical_order_create,isGuest,93
0060,LKUS_physical_order_create,version,93
0060,LKUS_physical_order_create,latitude,77
0060,LKUS_physical_order_create,longitude,77
0060,LKUS_physical_order_create,orderType,93
0060,LKUS_physical_order_create,taxAmount,93
0060,LKUS_physical_order_create,uniqueKey,93
0060,LKUS_physical_order_create,userAgent,93
0060,LKUS_physical_order_create,couponList,93
0060,LKUS_physical_order_create,orderPrice,92
0060,LKUS_physical_order_create,countryCode,93
0060,LKUS_physical_order_create,shopAddress,93
0060,LKUS_physical_order_create,reviewRepeat,74
0060,LKUS_physical_order_create,shopCityName,93
0060,LKUS_physical_order_create,shopLatitude,93
0060,LKUS_physical_order_create,cidOriginEnum,93
0060,LKUS_physical_order_create,isTaxRequired,93
0060,LKUS_physical_order_create,orderProducts,93
0060,LKUS_physical_order_create,productAmount,93
0060,LKUS_physical_order_create,shopLongitude,93
0060,LKUS_physical_order_create,coffeeStoreList,93
0060,LKUS_physical_order_create,recaptchaV3Token,74
0060,LKUS_physical_order_create,recaptchaV3Action,74
0060,LKUS_physical_order_create,recaptchaV3Enabled,74
0060,LKUS_physical_order_create,packageOrderProducts,93
0060,LKUS_payment,ip,94
0060,LKUS_payment,app,75
0060,LKUS_payment,cid,94
0060,LKUS_payment,uid,94
0060,LKUS_payment,phone,81
0060,LKUS_payment,shopId,94
0060,LKUS_payment,tenant,94
0060,LKUS_payment,userNo,94
0060,LKUS_payment,isGuest,94
0060,LKUS_payment,orderNo,94
0060,LKUS_payment,payType,94
0060,LKUS_payment,version,94
0060,LKUS_payment,payMoney,94
0060,LKUS_payment,orderType,94
0060,LKUS_payment,taxAmount,94
0060,LKUS_payment,uniqueKey,94
0060,LKUS_payment,userAgent,94
0060,LKUS_payment,orderPrice,94
0060,LKUS_payment,countryCode,81
0060,LKUS_payment,reviewRepeat,74
0060,LKUS_payment,cidOriginEnum,94
0060,LKUS_payment,isTaxRequired,94
0060,LKUS_payment,orderProducts,94
0060,LKUS_payment,recaptchaV3Token,74
0060,LKUS_payment,recaptchaV3Action,74
0060,LKUS_payment,recaptchaV3Enabled,74
0060,LKUS_payment,packageOrderProducts,94
0060,LKUS_physical_order_create,did,16
0060,LKUS_physical_order_create,blackBox,16
0060,LKUS_physical_order_create,deviceId,16
0060,LKUS_login,ip,16
0060,LKUS_login,cid,16
0060,LKUS_login,uid,16
0060,LKUS_login,phone,16
0060,LKUS_login,tenant,16
0060,LKUS_login,userNo,16
0060,LKUS_login,version,16
0060,LKUS_login,uniqueKey,16
0060,LKUS_login,userAgent,16
0060,LKUS_login,countryCode,16
0060,LKUS_login,reviewRepeat,12
0060,LKUS_login,cidOriginEnum,16
0060,LKUS_login,recaptchaV3Token,12
0060,LKUS_login,recaptchaV3Action,12
0060,LKUS_login,recaptchaV3Enabled,12
0060,LKUS_grant_new_user_coupon,ip,3
0060,LKUS_grant_new_user_coupon,cid,3
0060,LKUS_grant_new_user_coupon,uid,3
0060,LKUS_grant_new_user_coupon,phone,3
0060,LKUS_grant_new_user_coupon,extend,3
0060,LKUS_grant_new_user_coupon,tenant,3
0060,LKUS_grant_new_user_coupon,userNo,3
0060,LKUS_grant_new_user_coupon,sceneId,3
0060,LKUS_grant_new_user_coupon,version,3
0060,LKUS_grant_new_user_coupon,uniqueKey,3
0060,LKUS_grant_new_user_coupon,userAgent,3
0060,LKUS_grant_new_user_coupon,countryCode,3
0060,LKUS_grant_new_user_coupon,reviewRepeat,3
0060,LKUS_grant_new_user_coupon,cidOriginEnum,3
0060,LKUS_grant_new_user_coupon,recaptchaV3Token,3
0060,LKUS_grant_new_user_coupon,recaptchaV3Action,3
0060,LKUS_grant_new_user_coupon,recaptchaV3Enabled,3
0060,LKUS_login,app,10
0060,IQA2_push,ip,1
0060,IQA2_push,app,1
0060,IQA2_push,cid,1
0060,IQA2_push,uid,1
0060,IQA2_push,phone,1
0060,IQA2_push,tenant,1
0060,IQA2_push,version,1
0060,IQA2_push,uniqueKey,1
0060,IQA2_push,userAgent,1
0060,IQA2_push,countryCode,1
0060,IQA2_push,reviewRepeat,1
0060,IQA2_push,cidOriginEnum,1
0060,IQA2_push,recaptchaV3Token,1
0060,IQA2_push,recaptchaV3Action,1
0060,IQA2_push,recaptchaV3Enabled,1
0060,IQA2_register,ip,1
0060,IQA2_register,app,1
0060,IQA2_register,cid,1
0060,IQA2_register,uid,1
0060,IQA2_register,phone,1
0060,IQA2_register,tenant,1
0060,IQA2_register,version,1
0060,IQA2_register,uniqueKey,1
0060,IQA2_register,userAgent,1
0060,IQA2_register,countryCode,1
0060,IQA2_register,reviewRepeat,1
0060,IQA2_register,cidOriginEnum,1
0060,IQA2_register,recaptchaV3Token,1
0060,IQA2_register,recaptchaV3Action,1
0060,IQA2_register,recaptchaV3Enabled,1
0060,LKUS_grant_new_user_coupon,app,2
0060,LKUS_register,ip,3
0060,LKUS_register,app,3
0060,LKUS_register,cid,3
0060,LKUS_register,uid,3
0060,LKUS_register,phone,3
0060,LKUS_register,tenant,3
0060,LKUS_register,version,3
0060,LKUS_register,uniqueKey,3
0060,LKUS_register,userAgent,3
0060,LKUS_register,countryCode,3
0060,LKUS_register,reviewRepeat,3
0060,LKUS_register,cidOriginEnum,3
0060,LKUS_register,recaptchaV3Token,3
0060,LKUS_register,recaptchaV3Action,3
0060,LKUS_register,recaptchaV3Enabled,3
0061,LKUS_push,ip,63
0061,LKUS_push,app,52
0061,LKUS_push,cid,63
0061,LKUS_push,uid,63
0061,LKUS_push,phone,63
0061,LKUS_push,tenant,63
0061,LKUS_push,version,63
0061,LKUS_push,uniqueKey,63
0061,LKUS_push,userAgent,63
0061,LKUS_push,countryCode,63
0061,LKUS_push,reviewRepeat,61
0061,LKUS_push,cidOriginEnum,63
0061,LKUS_push,recaptchaV3Token,60
0061,LKUS_push,recaptchaV3Action,60
0061,LKUS_push,recaptchaV3Enabled,61
0061,LKUS_push,userNo,8
0061,LKUS_physical_order_create,ip,110
0061,LKUS_physical_order_create,app,86
0061,LKUS_physical_order_create,cid,110
0061,LKUS_physical_order_create,uid,110
0061,LKUS_physical_order_create,phone,91
0061,LKUS_physical_order_create,shopId,110
0061,LKUS_physical_order_create,tenant,110
0061,LKUS_physical_order_create,userNo,110
0061,LKUS_physical_order_create,isGuest,110
0061,LKUS_physical_order_create,version,110
0061,LKUS_physical_order_create,latitude,89
0061,LKUS_physical_order_create,longitude,89
0061,LKUS_physical_order_create,orderType,110
0061,LKUS_physical_order_create,taxAmount,110
0061,LKUS_physical_order_create,uniqueKey,110
0061,LKUS_physical_order_create,userAgent,110
0061,LKUS_physical_order_create,couponList,110
0061,LKUS_physical_order_create,orderPrice,110
0061,LKUS_physical_order_create,countryCode,110
0061,LKUS_physical_order_create,shopAddress,110
0061,LKUS_physical_order_create,reviewRepeat,87
0061,LKUS_physical_order_create,shopCityName,110
0061,LKUS_physical_order_create,shopLatitude,110
0061,LKUS_physical_order_create,cidOriginEnum,110
0061,LKUS_physical_order_create,isTaxRequired,110
0061,LKUS_physical_order_create,orderProducts,110
0061,LKUS_physical_order_create,productAmount,110
0061,LKUS_physical_order_create,shopLongitude,110
0061,LKUS_physical_order_create,coffeeStoreList,110
0061,LKUS_physical_order_create,recaptchaV3Token,87
0061,LKUS_physical_order_create,recaptchaV3Action,87
0061,LKUS_physical_order_create,recaptchaV3Enabled,87
0061,LKUS_physical_order_create,packageOrderProducts,110
0061,LKUS_payment,ip,105
0061,LKUS_payment,app,81
0061,LKUS_payment,cid,105
0061,LKUS_payment,uid,105
0061,LKUS_payment,phone,85
0061,LKUS_payment,shopId,105
0061,LKUS_payment,tenant,105
0061,LKUS_payment,userNo,105
0061,LKUS_payment,isGuest,105
0061,LKUS_payment,orderNo,105
0061,LKUS_payment,payType,105
0061,LKUS_payment,version,105
0061,LKUS_payment,payMoney,105
0061,LKUS_payment,orderType,105
0061,LKUS_payment,taxAmount,105
0061,LKUS_payment,uniqueKey,105
0061,LKUS_payment,userAgent,105
0061,LKUS_payment,orderPrice,105
0061,LKUS_payment,countryCode,85
0061,LKUS_payment,reviewRepeat,82
0061,LKUS_payment,cidOriginEnum,105
0061,LKUS_payment,isTaxRequired,105
0061,LKUS_payment,orderProducts,105
0061,LKUS_payment,recaptchaV3Token,82
0061,LKUS_payment,recaptchaV3Action,82
0061,LKUS_payment,recaptchaV3Enabled,82
0061,LKUS_payment,packageOrderProducts,105
0061,LKUS_physical_order_create,did,21
0061,LKUS_physical_order_create,blackBox,21
0061,LKUS_physical_order_create,deviceId,21
0061,LKUS_login,ip,16
0061,LKUS_login,app,12
0061,LKUS_login,cid,16
0061,LKUS_login,uid,16
0061,LKUS_login,phone,16
0061,LKUS_login,tenant,16
0061,LKUS_login,userNo,16
0061,LKUS_login,version,16
0061,LKUS_login,uniqueKey,16
0061,LKUS_login,userAgent,16
0061,LKUS_login,countryCode,16
0061,LKUS_login,reviewRepeat,15
0061,LKUS_login,cidOriginEnum,16
0061,LKUS_login,recaptchaV3Token,15
0061,LKUS_login,recaptchaV3Action,15
0061,LKUS_login,recaptchaV3Enabled,15
0061,LKUS_register,ip,11
0061,LKUS_register,cid,11
0061,LKUS_register,uid,11
0061,LKUS_register,phone,11
0061,LKUS_register,tenant,11
0061,LKUS_register,version,11
0061,LKUS_register,uniqueKey,11
0061,LKUS_register,userAgent,11
0061,LKUS_register,countryCode,11
0061,LKUS_register,reviewRepeat,11
0061,LKUS_register,cidOriginEnum,11
0061,LKUS_register,recaptchaV3Token,11
0061,LKUS_register,recaptchaV3Action,11
0061,LKUS_register,recaptchaV3Enabled,11
0061,LKUS_register,app,7
0061,LKUS_push,email,4
0061,LKUS_grant_new_user_coupon,ip,8
0061,LKUS_grant_new_user_coupon,app,5
0061,LKUS_grant_new_user_coupon,cid,8
0061,LKUS_grant_new_user_coupon,uid,8
0061,LKUS_grant_new_user_coupon,phone,8
0061,LKUS_grant_new_user_coupon,extend,8
0061,LKUS_grant_new_user_coupon,tenant,8
0061,LKUS_grant_new_user_coupon,userNo,8
0061,LKUS_grant_new_user_coupon,sceneId,8
0061,LKUS_grant_new_user_coupon,version,8
0061,LKUS_grant_new_user_coupon,uniqueKey,8
0061,LKUS_grant_new_user_coupon,userAgent,8
0061,LKUS_grant_new_user_coupon,countryCode,8
0061,LKUS_grant_new_user_coupon,reviewRepeat,8
0061,LKUS_grant_new_user_coupon,cidOriginEnum,8
0061,LKUS_grant_new_user_coupon,recaptchaV3Token,8
0061,LKUS_grant_new_user_coupon,recaptchaV3Action,8
0061,LKUS_grant_new_user_coupon,recaptchaV3Enabled,8
0061,LKUS_physical_order_create,packagingBagPrice,2
0061,LKUS_physical_order_create,packagingBagNumber,2
0061,LKUS_payment,packagingBagPrice,1
0061,LKUS_payment,packagingBagNumber,1
0061,LKUS_physical_order_cancel,ip,2
0061,LKUS_physical_order_cancel,app,2
0061,LKUS_physical_order_cancel,cid,2
0061,LKUS_physical_order_cancel,uid,2
0061,LKUS_physical_order_cancel,phone,2
0061,LKUS_physical_order_cancel,shopId,2
0061,LKUS_physical_order_cancel,tenant,2
0061,LKUS_physical_order_cancel,userNo,2
0061,LKUS_physical_order_cancel,isGuest,2
0061,LKUS_physical_order_cancel,orderNo,2
0061,LKUS_physical_order_cancel,version,2
0061,LKUS_physical_order_cancel,shopCity,2
0061,LKUS_physical_order_cancel,uniqueKey,2
0061,LKUS_physical_order_cancel,userAgent,2
0061,LKUS_physical_order_cancel,countryCode,2
0061,LKUS_physical_order_cancel,totalOfMade,2
0061,LKUS_physical_order_cancel,reviewRepeat,2
0061,LKUS_physical_order_cancel,cidOriginEnum,2
0061,LKUS_physical_order_cancel,cancelTypeEnum,2
0061,LKUS_physical_order_cancel,recaptchaV3Token,2
0061,LKUS_physical_order_cancel,recaptchaV3Action,2
0061,LKUS_physical_order_cancel,recaptchaV3Enabled,2
0062,LKUS_push,ip,48
0062,LKUS_push,app,42
0062,LKUS_push,cid,48
0062,LKUS_push,uid,48
0062,LKUS_push,phone,48
0062,LKUS_push,tenant,48
0062,LKUS_push,version,48
0062,LKUS_push,uniqueKey,48
0062,LKUS_push,userAgent,48
0062,LKUS_push,countryCode,48
0062,LKUS_push,reviewRepeat,46
0062,LKUS_push,cidOriginEnum,48
0062,LKUS_push,recaptchaV3Token,45
0062,LKUS_push,recaptchaV3Action,45
0062,LKUS_push,recaptchaV3Enabled,46
0062,LKUS_login,ip,15
0062,LKUS_login,app,12
0062,LKUS_login,cid,15
0062,LKUS_login,uid,15
0062,LKUS_login,phone,15
0062,LKUS_login,tenant,15
0062,LKUS_login,userNo,15
0062,LKUS_login,version,15
0062,LKUS_login,uniqueKey,15
0062,LKUS_login,userAgent,15
0062,LKUS_login,countryCode,15
0062,LKUS_login,reviewRepeat,12
0062,LKUS_login,cidOriginEnum,15
0062,LKUS_login,recaptchaV3Token,12
0062,LKUS_login,recaptchaV3Action,12
0062,LKUS_login,recaptchaV3Enabled,12
0062,LKUS_grant_new_user_coupon,ip,6
0062,LKUS_grant_new_user_coupon,app,6
0062,LKUS_grant_new_user_coupon,cid,6
0062,LKUS_grant_new_user_coupon,uid,6
0062,LKUS_grant_new_user_coupon,phone,6
0062,LKUS_grant_new_user_coupon,extend,6
0062,LKUS_grant_new_user_coupon,tenant,6
0062,LKUS_grant_new_user_coupon,userNo,6
0062,LKUS_grant_new_user_coupon,sceneId,6
0062,LKUS_grant_new_user_coupon,version,6
0062,LKUS_grant_new_user_coupon,uniqueKey,6
0062,LKUS_grant_new_user_coupon,userAgent,6
0062,LKUS_grant_new_user_coupon,countryCode,6
0062,LKUS_grant_new_user_coupon,reviewRepeat,6
0062,LKUS_grant_new_user_coupon,cidOriginEnum,6
0062,LKUS_grant_new_user_coupon,recaptchaV3Token,6
0062,LKUS_grant_new_user_coupon,recaptchaV3Action,6
0062,LKUS_grant_new_user_coupon,recaptchaV3Enabled,6
0062,LKUS_register,ip,10
0062,LKUS_register,app,8
0062,LKUS_register,cid,10
0062,LKUS_register,uid,10
0062,LKUS_register,phone,10
0062,LKUS_register,tenant,10
0062,LKUS_register,version,10
0062,LKUS_register,uniqueKey,10
0062,LKUS_register,userAgent,10
0062,LKUS_register,countryCode,10
0062,LKUS_register,reviewRepeat,9
0062,LKUS_register,cidOriginEnum,10
0062,LKUS_register,recaptchaV3Token,9
0062,LKUS_register,recaptchaV3Action,9
0062,LKUS_register,recaptchaV3Enabled,9
0062,LKUS_physical_order_create,ip,86
0062,LKUS_physical_order_create,app,76
0062,LKUS_physical_order_create,cid,86
0062,LKUS_physical_order_create,uid,86
0062,LKUS_physical_order_create,phone,78
0062,LKUS_physical_order_create,shopId,86
0062,LKUS_physical_order_create,tenant,86
0062,LKUS_physical_order_create,userNo,86
0062,LKUS_physical_order_create,isGuest,86
0062,LKUS_physical_order_create,version,86
0062,LKUS_physical_order_create,latitude,77
0062,LKUS_physical_order_create,longitude,77
0062,LKUS_physical_order_create,orderType,86
0062,LKUS_physical_order_create,taxAmount,86
0062,LKUS_physical_order_create,uniqueKey,86
0062,LKUS_physical_order_create,userAgent,86
0062,LKUS_physical_order_create,couponList,86
0062,LKUS_physical_order_create,orderPrice,86
0062,LKUS_physical_order_create,countryCode,86
0062,LKUS_physical_order_create,shopAddress,86
0062,LKUS_physical_order_create,reviewRepeat,72
0062,LKUS_physical_order_create,shopCityName,86
0062,LKUS_physical_order_create,shopLatitude,86
0062,LKUS_physical_order_create,cidOriginEnum,86
0062,LKUS_physical_order_create,isTaxRequired,86
0062,LKUS_physical_order_create,orderProducts,86
0062,LKUS_physical_order_create,productAmount,86
0062,LKUS_physical_order_create,shopLongitude,86
0062,LKUS_physical_order_create,coffeeStoreList,86
0062,LKUS_physical_order_create,recaptchaV3Token,72
0062,LKUS_physical_order_create,recaptchaV3Action,72
0062,LKUS_physical_order_create,recaptchaV3Enabled,72
0062,LKUS_physical_order_create,packageOrderProducts,86
0062,LKUS_payment,ip,82
0062,LKUS_payment,app,72
0062,LKUS_payment,cid,82
0062,LKUS_payment,uid,82
0062,LKUS_payment,phone,74
0062,LKUS_payment,shopId,82
0062,LKUS_payment,tenant,82
0062,LKUS_payment,userNo,82
0062,LKUS_payment,isGuest,82
0062,LKUS_payment,orderNo,82
0062,LKUS_payment,payType,82
0062,LKUS_payment,version,82
0062,LKUS_payment,payMoney,82
0062,LKUS_payment,orderType,82
0062,LKUS_payment,taxAmount,82
0062,LKUS_payment,uniqueKey,82
0062,LKUS_payment,userAgent,82
0062,LKUS_payment,orderPrice,82
0062,LKUS_payment,countryCode,74
0062,LKUS_payment,reviewRepeat,68
0062,LKUS_payment,cidOriginEnum,82
0062,LKUS_payment,isTaxRequired,82
0062,LKUS_payment,orderProducts,82
0062,LKUS_payment,recaptchaV3Token,68
0062,LKUS_payment,recaptchaV3Action,68
0062,LKUS_payment,recaptchaV3Enabled,68
0062,LKUS_payment,packageOrderProducts,82
0062,LKUS_physical_order_create,did,9
0062,LKUS_physical_order_create,blackBox,9
0062,LKUS_physical_order_create,deviceId,9
0062,LKUS_push,userNo,2
0062,LKUS_physical_order_create,packagingBagPrice,2
0062,LKUS_physical_order_create,packagingBagNumber,2
0062,LKUS_payment,packagingBagPrice,2
0062,LKUS_payment,packagingBagNumber,2
0062,LKUS_physical_order_cancel,ip,1
0062,LKUS_physical_order_cancel,app,1
0062,LKUS_physical_order_cancel,cid,1
0062,LKUS_physical_order_cancel,uid,1
0062,LKUS_physical_order_cancel,phone,1
0062,LKUS_physical_order_cancel,shopId,1
0062,LKUS_physical_order_cancel,tenant,1
0062,LKUS_physical_order_cancel,userNo,1
0062,LKUS_physical_order_cancel,isGuest,1
0062,LKUS_physical_order_cancel,orderNo,1
0062,LKUS_physical_order_cancel,version,1
0062,LKUS_physical_order_cancel,shopCity,1
0062,LKUS_physical_order_cancel,uniqueKey,1
0062,LKUS_physical_order_cancel,userAgent,1
0062,LKUS_physical_order_cancel,countryCode,1
0062,LKUS_physical_order_cancel,totalOfMade,1
0062,LKUS_physical_order_cancel,reviewRepeat,1
0062,LKUS_physical_order_cancel,cidOriginEnum,1
0062,LKUS_physical_order_cancel,cancelTypeEnum,1
0062,LKUS_physical_order_cancel,recaptchaV3Token,1
0062,LKUS_physical_order_cancel,recaptchaV3Action,1
0062,LKUS_physical_order_cancel,recaptchaV3Enabled,1
0062,LKUS_captcha,ip,1
0062,LKUS_captcha,cid,1
0062,LKUS_captcha,uid,1
0062,LKUS_captcha,event,1
0062,LKUS_captcha,phone,1
0062,LKUS_captcha,tenant,1
0062,LKUS_captcha,isGuest,1
0062,LKUS_captcha,version,1
0062,LKUS_captcha,uniqueKey,1
0062,LKUS_captcha,userAgent,1
0062,LKUS_captcha,countryCode,1
0062,LKUS_captcha,reviewRepeat,1
0062,LKUS_captcha,cidOriginEnum,1
0062,LKUS_captcha,verifyCodeType,1
0062,LKUS_captcha,recaptchaV3Token,1
0062,LKUS_captcha,verifyCodeParams,1
0062,LKUS_captcha,recaptchaV3Action,1
0063,LKUS_push,ip,51
0063,LKUS_push,app,41
0063,LKUS_push,cid,51
0063,LKUS_push,uid,51
0063,LKUS_push,phone,51
0063,LKUS_push,tenant,51
0063,LKUS_push,version,51
0063,LKUS_push,uniqueKey,51
0063,LKUS_push,userAgent,51
0063,LKUS_push,countryCode,51
0063,LKUS_push,reviewRepeat,48
0063,LKUS_push,cidOriginEnum,51
0063,LKUS_push,recaptchaV3Token,46
0063,LKUS_push,recaptchaV3Action,46
0063,LKUS_push,recaptchaV3Enabled,48
0063,LKUS_login,ip,18
0063,LKUS_login,app,11
0063,LKUS_login,cid,18
0063,LKUS_login,uid,18
0063,LKUS_login,phone,18
0063,LKUS_login,tenant,18
0063,LKUS_login,userNo,18
0063,LKUS_login,version,18
0063,LKUS_login,uniqueKey,18
0063,LKUS_login,userAgent,18
0063,LKUS_login,countryCode,18
0063,LKUS_login,reviewRepeat,15
0063,LKUS_login,cidOriginEnum,18
0063,LKUS_login,recaptchaV3Token,15
0063,LKUS_login,recaptchaV3Action,15
0063,LKUS_login,recaptchaV3Enabled,15
0063,LKUS_physical_order_create,ip,112
0063,LKUS_physical_order_create,app,94
0063,LKUS_physical_order_create,cid,112
0063,LKUS_physical_order_create,uid,112
0063,LKUS_physical_order_create,phone,98
0063,LKUS_physical_order_create,shopId,112
0063,LKUS_physical_order_create,tenant,112
0063,LKUS_physical_order_create,userNo,112
0063,LKUS_physical_order_create,isGuest,112
0063,LKUS_physical_order_create,version,112
0063,LKUS_physical_order_create,latitude,95
0063,LKUS_physical_order_create,longitude,95
0063,LKUS_physical_order_create,orderType,112
0063,LKUS_physical_order_create,taxAmount,112
0063,LKUS_physical_order_create,uniqueKey,112
0063,LKUS_physical_order_create,userAgent,112
0063,LKUS_physical_order_create,couponList,112
0063,LKUS_physical_order_create,orderPrice,112
0063,LKUS_physical_order_create,countryCode,112
0063,LKUS_physical_order_create,shopAddress,112
0063,LKUS_physical_order_create,reviewRepeat,91
0063,LKUS_physical_order_create,shopCityName,112
0063,LKUS_physical_order_create,shopLatitude,112
0063,LKUS_physical_order_create,cidOriginEnum,112
0063,LKUS_physical_order_create,isTaxRequired,112
0063,LKUS_physical_order_create,orderProducts,112
0063,LKUS_physical_order_create,productAmount,112
0063,LKUS_physical_order_create,shopLongitude,112
0063,LKUS_physical_order_create,coffeeStoreList,112
0063,LKUS_physical_order_create,recaptchaV3Token,91
0063,LKUS_physical_order_create,recaptchaV3Action,91
0063,LKUS_physical_order_create,recaptchaV3Enabled,91
0063,LKUS_physical_order_create,packageOrderProducts,112
0063,LKUS_payment,ip,115
0063,LKUS_payment,app,98
0063,LKUS_payment,cid,115
0063,LKUS_payment,uid,115
0063,LKUS_payment,phone,101
0063,LKUS_payment,shopId,115
0063,LKUS_payment,tenant,115
0063,LKUS_payment,userNo,115
0063,LKUS_payment,isGuest,115
0063,LKUS_payment,orderNo,115
0063,LKUS_payment,payType,115
0063,LKUS_payment,version,115
0063,LKUS_payment,payMoney,115
0063,LKUS_payment,orderType,115
0063,LKUS_payment,taxAmount,115
0063,LKUS_payment,uniqueKey,115
0063,LKUS_payment,userAgent,115
0063,LKUS_payment,orderPrice,115
0063,LKUS_payment,countryCode,101
0063,LKUS_payment,reviewRepeat,95
0063,LKUS_payment,cidOriginEnum,115
0063,LKUS_payment,isTaxRequired,115
0063,LKUS_payment,orderProducts,115
0063,LKUS_payment,recaptchaV3Token,95
0063,LKUS_payment,recaptchaV3Action,95
0063,LKUS_payment,recaptchaV3Enabled,95
0063,LKUS_payment,packageOrderProducts,115
0063,LKUS_physical_order_create,packagingBagPrice,4
0063,LKUS_physical_order_create,packagingBagNumber,4
0063,LKUS_payment,packagingBagPrice,4
0063,LKUS_payment,packagingBagNumber,4
0063,LKUS_grant_new_user_coupon,ip,9
0063,LKUS_grant_new_user_coupon,app,6
0063,LKUS_grant_new_user_coupon,cid,9
0063,LKUS_grant_new_user_coupon,uid,9
0063,LKUS_grant_new_user_coupon,phone,9
0063,LKUS_grant_new_user_coupon,extend,9
0063,LKUS_grant_new_user_coupon,tenant,9
0063,LKUS_grant_new_user_coupon,userNo,9
0063,LKUS_grant_new_user_coupon,sceneId,9
0063,LKUS_grant_new_user_coupon,version,9
0063,LKUS_grant_new_user_coupon,uniqueKey,9
0063,LKUS_grant_new_user_coupon,userAgent,9
0063,LKUS_grant_new_user_coupon,countryCode,9
0063,LKUS_grant_new_user_coupon,reviewRepeat,9
0063,LKUS_grant_new_user_coupon,cidOriginEnum,9
0063,LKUS_grant_new_user_coupon,recaptchaV3Token,9
0063,LKUS_grant_new_user_coupon,recaptchaV3Action,9
0063,LKUS_grant_new_user_coupon,recaptchaV3Enabled,9
0063,LKUS_physical_order_create,did,17
0063,LKUS_physical_order_create,blackBox,17
0063,LKUS_physical_order_create,deviceId,17
0063,LKUS_register,ip,15
0063,LKUS_register,app,9
0063,LKUS_register,cid,15
0063,LKUS_register,uid,15
0063,LKUS_register,phone,15
0063,LKUS_register,tenant,15
0063,LKUS_register,version,15
0063,LKUS_register,uniqueKey,15
0063,LKUS_register,userAgent,15
0063,LKUS_register,countryCode,15
0063,LKUS_register,reviewRepeat,15
0063,LKUS_register,cidOriginEnum,15
0063,LKUS_register,recaptchaV3Token,15
0063,LKUS_register,recaptchaV3Action,15
0063,LKUS_register,recaptchaV3Enabled,15
0063,LKUS_push,userNo,2
0063,LKUS_captcha,ip,1
0063,LKUS_captcha,cid,1
0063,LKUS_captcha,uid,1
0063,LKUS_captcha,event,1
0063,LKUS_captcha,phone,1
0063,LKUS_captcha,tenant,1
0063,LKUS_captcha,isGuest,1
0063,LKUS_captcha,version,1
0063,LKUS_captcha,uniqueKey,1
0063,LKUS_captcha,userAgent,1
0063,LKUS_captcha,countryCode,1
0063,LKUS_captcha,reviewRepeat,1
0063,LKUS_captcha,cidOriginEnum,1
0063,LKUS_captcha,verifyCodeType,1
0063,LKUS_captcha,recaptchaV3Token,1
0063,LKUS_captcha,verifyCodeParams,1
0063,LKUS_captcha,recaptchaV3Action,1
