name,window_start_utc,shards,batch,seconds,rows
p0_timing_b1,2026-09-24 04:00:00,0000..0000,1,0.0452,50
p0_timing_b1,2026-09-24 04:00:00,0001..0001,1,0.0342,49
p0_timing_b1,2026-09-24 04:00:00,0002..0002,1,0.0374,50
p0_timing_b1,2026-09-24 04:00:00,0003..0003,1,0.029,49
p0_timing_b1,2026-09-24 04:00:00,0004..0004,1,0.0237,49
p0_timing_b1,2026-09-24 04:00:00,0005..0005,1,0.0249,51
p0_timing_b1,2026-09-24 04:00:00,0006..0006,1,0.0466,50
p0_timing_b1,2026-09-24 04:00:00,0007..0007,1,0.0285,50
p0_timing_b1,2026-09-24 04:00:00,0008..0008,1,0.0263,49
p0_timing_b1,2026-09-24 04:00:00,0009..0009,1,0.0327,53
p0_timing_b1,2026-09-24 04:00:00,0010..0010,1,0.032,51
p0_timing_b1,2026-09-24 04:00:00,0011..0011,1,0.0376,53
p0_timing_b1,2026-09-24 04:00:00,0012..0012,1,0.0534,51
p0_timing_b1,2026-09-24 04:00:00,0013..0013,1,0.0327,50
p0_timing_b1,2026-09-24 04:00:00,0014..0014,1,0.0288,50
p0_timing_b1,2026-09-24 04:00:00,0015..0015,1,0.035,50
p0_timing_b4,2026-09-24 04:00:00,0000..0003,4,0.1199,198
p0_timing_b4,2026-09-24 04:00:00,0004..0007,4,0.1041,200
p0_timing_b4,2026-09-24 04:00:00,0008..0011,4,0.1151,206
p0_timing_b4,2026-09-24 04:00:00,0012..0015,4,0.129,201
p0_timing_b8,2026-09-24 04:00:00,0000..0007,8,0.2146,398
p0_timing_b8,2026-09-24 04:00:00,0008..0015,8,0.2971,407
p0_timing_b16,2026-09-24 04:00:00,0000..0015,16,0.5113,805
p1_row_profile,2026-09-24 04:00:00,0000..0015,16,2.4468,114
p1_row_profile,2026-09-24 04:00:00,0016..0031,16,2.6483,109
p1_row_profile,2026-09-24 04:00:00,0032..0047,16,2.4066,111
p1_row_profile,2026-09-24 04:00:00,0048..0063,16,2.7129,113
p1_keys_req_top,2026-09-24 04:00:00,0000..0015,16,0.1355,342
p1_keys_req_top,2026-09-24 04:00:00,0016..0031,16,0.1182,327
p1_keys_req_top,2026-09-24 04:00:00,0032..0047,16,0.12,333
p1_keys_req_top,2026-09-24 04:00:00,0048..0063,16,0.1275,339
p1_keys_para,2026-09-24 04:00:00,0000..0015,16,0.4647,3267
p1_keys_para,2026-09-24 04:00:00,0016..0031,16,0.4691,3137
p1_keys_para,2026-09-24 04:00:00,0032..0047,16,0.4731,3178
p1_keys_para,2026-09-24 04:00:00,0048..0063,16,0.5107,3204
p1_keys_resp_top,2026-09-24 04:00:00,0000..0015,16,0.6444,456
p1_keys_resp_top,2026-09-24 04:00:00,0016..0031,16,0.9964,436
p1_keys_resp_top,2026-09-24 04:00:00,0032..0047,16,0.6735,444
p1_keys_resp_top,2026-09-24 04:00:00,0048..0063,16,0.7331,452
p1_keys_re,2026-09-24 04:00:00,0000..0015,16,1.7197,1446
p1_keys_re,2026-09-24 04:00:00,0016..0031,16,1.7541,1387
p1_keys_re,2026-09-24 04:00:00,0032..0047,16,1.6927,1415
p1_keys_re,2026-09-24 04:00:00,0048..0063,16,1.9103,1445
p1_keys_response,2026-09-24 04:00:00,0000..0015,16,0.0736,459
p1_keys_response,2026-09-24 04:00:00,0016..0031,16,0.0726,438
p1_keys_response,2026-09-24 04:00:00,0032..0047,16,0.0863,448
p1_keys_response,2026-09-24 04:00:00,0048..0063,16,0.1181,457
p1_keys_request,2026-09-24 04:00:00,0000..0015,16,0.3689,2479
p1_keys_request,2026-09-24 04:00:00,0016..0031,16,0.3672,2380
p1_keys_request,2026-09-24 04:00:00,0032..0047,16,0.3351,2405
p1_keys_request,2026-09-24 04:00:00,0048..0063,16,0.357,2439
p1_keys_extend,2026-09-24 04:00:00,0000..0015,16,0.0488,106
p1_keys_extend,2026-09-24 04:00:00,0016..0031,16,0.0473,102
p1_keys_extend,2026-09-24 04:00:00,0032..0047,16,0.0499,102
p1_keys_extend,2026-09-24 04:00:00,0048..0063,16,0.1872,102
p1_keys_hitPreOnlineStrategy_elem,2026-09-24 04:00:00,0000..0015,16,1.9774,259
p1_keys_hitPreOnlineStrategy_elem,2026-09-24 04:00:00,0016..0031,16,1.5986,231
p1_keys_hitPreOnlineStrategy_elem,2026-09-24 04:00:00,0032..0047,16,1.5381,245
p1_keys_hitPreOnlineStrategy_elem,2026-09-24 04:00:00,0048..0063,16,1.7392,252
p1_keys_hitBreakStrategy_elem,2026-09-24 04:00:00,0000..0015,16,1.4735,0
p1_keys_hitBreakStrategy_elem,2026-09-24 04:00:00,0016..0031,16,1.4817,0
p1_keys_hitBreakStrategy_elem,2026-09-24 04:00:00,0032..0047,16,1.5285,0
p1_keys_hitBreakStrategy_elem,2026-09-24 04:00:00,0048..0063,16,1.6777,0
p1_keys_ruleDetail_elem,2026-09-24 04:00:00,0000..0015,16,4.4522,684
p1_keys_ruleDetail_elem,2026-09-24 04:00:00,0016..0023,8,2.2818,324
p1_keys_ruleDetail_elem,2026-09-24 04:00:00,0024..0031,8,2.3527,330
p1_keys_ruleDetail_elem,2026-09-24 04:00:00,0032..0039,8,2.2797,336
p1_keys_ruleDetail_elem,2026-09-24 04:00:00,0040..0047,8,2.1647,330
p1_keys_ruleDetail_elem,2026-09-24 04:00:00,0048..0055,8,2.4794,330
p1_keys_ruleDetail_elem,2026-09-24 04:00:00,0056..0063,8,2.492,336
p1_keys_hitStrategy_elem,2026-09-24 04:00:00,0000..0015,16,1.537,413
p1_keys_hitStrategy_elem,2026-09-24 04:00:00,0016..0031,16,1.546,427
p1_keys_hitStrategy_elem,2026-09-24 04:00:00,0032..0047,16,1.5559,434
p1_keys_hitStrategy_elem,2026-09-24 04:00:00,0048..0063,16,1.6937,455
p1_keys_featureDetail_elem,2026-09-24 04:00:00,0000..0015,16,3.1579,684
p1_keys_featureDetail_elem,2026-09-24 04:00:00,0016..0023,8,1.8015,324
p1_keys_featureDetail_elem,2026-09-24 04:00:00,0024..0031,8,1.6143,330
p1_keys_featureDetail_elem,2026-09-24 04:00:00,0032..0039,8,1.6579,336
p1_keys_featureDetail_elem,2026-09-24 04:00:00,0040..0047,8,1.5541,330
p1_keys_featureDetail_elem,2026-09-24 04:00:00,0048..0055,8,1.7385,330
p1_keys_featureDetail_elem,2026-09-24 04:00:00,0056..0063,8,1.7601,336
p1_keys_featureDetail_comments,2026-09-24 04:00:00,0000..0015,16,1.6948,69
p1_keys_featureDetail_comments,2026-09-24 04:00:00,0016..0031,16,1.7041,66
p1_keys_featureDetail_comments,2026-09-24 04:00:00,0032..0047,16,1.6446,68
p1_keys_featureDetail_comments,2026-09-24 04:00:00,0048..0063,16,1.8056,68
p1_freshness,2026-09-25 11:39:05,0000..0015,16,0.0067,16
p1_freshness,2026-09-25 11:39:05,0016..0031,16,0.0072,16
p1_freshness,2026-09-25 11:39:05,0032..0047,16,0.0073,16
p1_freshness,2026-09-25 11:39:05,0048..0063,16,0.0071,16
p1_freshness,2026-09-25 12:39:05,0000..0015,16,0.0068,16
p1_freshness,2026-09-25 12:39:05,0016..0031,16,0.0062,16
p1_freshness,2026-09-25 12:39:05,0032..0047,16,0.0062,16
p1_freshness,2026-09-25 12:39:05,0048..0063,16,0.0063,16
p1_chk_cid_app,2026-09-18 04:00:00,0000..0015,16,1.7487,96
p1_chk_cid_app,2026-09-18 04:00:00,0016..0031,16,2.1352,99
p1_chk_cid_app,2026-09-18 04:00:00,0032..0047,16,2.0504,91
p1_chk_cid_app,2026-09-18 04:00:00,0048..0063,16,2.1594,109
p1_chk_cid_app,2026-09-19 04:00:00,0000..0015,16,1.3957,101
p1_chk_cid_app,2026-09-19 04:00:00,0016..0031,16,1.3016,92
p1_chk_cid_app,2026-09-19 04:00:00,0032..0047,16,1.199,101
p1_chk_cid_app,2026-09-19 04:00:00,0048..0063,16,1.6817,102
p1_chk_cid_app,2026-09-20 04:00:00,0000..0015,16,1.0441,95
p1_chk_cid_app,2026-09-20 04:00:00,0016..0031,16,0.8295,94
p1_chk_cid_app,2026-09-20 04:00:00,0032..0047,16,0.7933,99
p1_chk_cid_app,2026-09-20 04:00:00,0048..0063,16,0.8796,99
p1_chk_cid_app,2026-09-21 04:00:00,0000..0015,16,1.3001,97
p1_chk_cid_app,2026-09-21 04:00:00,0016..0031,16,1.3452,89
p1_chk_cid_app,2026-09-21 04:00:00,0032..0047,16,1.8232,98
p1_chk_cid_app,2026-09-21 04:00:00,0048..0063,16,1.5088,104
p1_chk_cid_app,2026-09-22 04:00:00,0000..0015,16,1.4501,95
p1_chk_cid_app,2026-09-22 04:00:00,0016..0031,16,1.6923,112
p1_chk_cid_app,2026-09-22 04:00:00,0032..0047,16,1.6636,95
p1_chk_cid_app,2026-09-22 04:00:00,0048..0063,16,1.6743,98
p1_chk_cid_app,2026-09-23 04:00:00,0000..0015,16,0.7749,82
p1_chk_cid_app,2026-09-23 04:00:00,0016..0031,16,0.8177,90
p1_chk_cid_app,2026-09-23 04:00:00,0032..0047,16,0.6916,91
p1_chk_cid_app,2026-09-23 04:00:00,0048..0063,16,0.7976,84
p1_chk_cid_app,2026-09-24 04:00:00,0000..0015,16,0.1508,94
p1_chk_cid_app,2026-09-24 04:00:00,0016..0031,16,0.1645,96
p1_chk_cid_app,2026-09-24 04:00:00,0032..0047,16,0.1493,101
p1_chk_cid_app,2026-09-24 04:00:00,0048..0063,16,0.2081,105
p1_chk_country_pairs,2026-09-18 04:00:00,0000..0015,16,1.6564,394
p1_chk_country_pairs,2026-09-18 04:00:00,0016..0031,16,2.2636,410
p1_chk_country_pairs,2026-09-18 04:00:00,0032..0047,16,1.8959,384
p1_chk_country_pairs,2026-09-18 04:00:00,0048..0063,16,2.0508,410
p1_chk_country_pairs,2026-09-19 04:00:00,0000..0015,16,1.4763,514
p1_chk_country_pairs,2026-09-19 04:00:00,0016..0031,16,1.3192,483
p1_chk_country_pairs,2026-09-19 04:00:00,0032..0047,16,1.3234,452
p1_chk_country_pairs,2026-09-19 04:00:00,0048..0063,16,1.6933,536
p1_chk_country_pairs,2026-09-20 04:00:00,0000..0015,16,0.9864,417
p1_chk_country_pairs,2026-09-20 04:00:00,0016..0031,16,0.7542,363
p1_chk_country_pairs,2026-09-20 04:00:00,0032..0047,16,0.8539,357
p1_chk_country_pairs,2026-09-20 04:00:00,0048..0063,16,0.8789,363
p1_chk_country_pairs,2026-09-21 04:00:00,0000..0015,16,1.2242,376
p1_chk_country_pairs,2026-09-21 04:00:00,0016..0031,16,1.2631,381
p1_chk_country_pairs,2026-09-21 04:00:00,0032..0047,16,1.4396,381
p1_chk_country_pairs,2026-09-21 04:00:00,0048..0063,16,1.3843,401
p1_chk_country_pairs,2026-09-22 04:00:00,0000..0015,16,1.5113,459
p1_chk_country_pairs,2026-09-22 04:00:00,0016..0031,16,1.6502,540
p1_chk_country_pairs,2026-09-22 04:00:00,0032..0047,16,1.6322,491
p1_chk_country_pairs,2026-09-22 04:00:00,0048..0063,16,1.6938,484
p1_chk_country_pairs,2026-09-23 04:00:00,0000..0015,16,0.6793,506
p1_chk_country_pairs,2026-09-23 04:00:00,0016..0031,16,0.9136,493
p1_chk_country_pairs,2026-09-23 04:00:00,0032..0047,16,0.6083,415
p1_chk_country_pairs,2026-09-23 04:00:00,0048..0063,16,0.7257,416
p1_chk_country_pairs,2026-09-24 04:00:00,0000..0015,16,0.105,252
p1_chk_country_pairs,2026-09-24 04:00:00,0016..0031,16,0.113,267
p1_chk_country_pairs,2026-09-24 04:00:00,0032..0047,16,0.0999,244
p1_chk_country_pairs,2026-09-24 04:00:00,0048..0063,16,0.1236,268
p1_chk_consistency,2026-09-18 04:00:00,0000..0015,16,5.9601,100
p1_chk_consistency,2026-09-18 04:00:00,0016..0023,8,3.4409,52
p1_chk_consistency,2026-09-18 04:00:00,0024..0027,4,2.0634,27
p1_chk_consistency,2026-09-18 04:00:00,0028..0031,4,1.455,26
p1_chk_consistency,2026-09-18 04:00:00,0032..0035,4,1.4788,23
p1_chk_consistency,2026-09-18 04:00:00,0036..0039,4,1.6401,21
p1_chk_consistency,2026-09-18 04:00:00,0040..0043,4,1.5261,24
p1_chk_consistency,2026-09-18 04:00:00,0044..0047,4,1.4657,23
p1_chk_consistency,2026-09-18 04:00:00,0048..0051,4,1.9452,26
p1_chk_consistency,2026-09-18 04:00:00,0052..0055,4,1.8997,26
p1_chk_consistency,2026-09-18 04:00:00,0056..0059,4,1.629,23
p1_chk_consistency,2026-09-18 04:00:00,0060..0063,4,1.5847,23
p1_chk_consistency,2026-09-19 04:00:00,0000..0003,4,1.6664,24
p1_chk_consistency,2026-09-19 04:00:00,0004..0007,4,1.3949,24
p1_chk_consistency,2026-09-19 04:00:00,0008..0011,4,1.4536,29
p1_chk_consistency,2026-09-19 04:00:00,0012..0015,4,1.6877,25
p1_chk_consistency,2026-09-19 04:00:00,0016..0019,4,1.4624,28
p1_chk_consistency,2026-09-19 04:00:00,0020..0023,4,1.5438,24
p1_chk_consistency,2026-09-19 04:00:00,0024..0027,4,1.5223,24
p1_chk_consistency,2026-09-19 04:00:00,0028..0031,4,1.6435,26
p1_chk_consistency,2026-09-19 04:00:00,0032..0035,4,1.5598,28
p1_chk_consistency,2026-09-19 04:00:00,0036..0039,4,1.5189,25
p1_chk_consistency,2026-09-19 04:00:00,0040..0043,4,1.2729,28
p1_chk_consistency,2026-09-19 04:00:00,0044..0047,4,1.3455,26
p1_chk_consistency,2026-09-19 04:00:00,0048..0051,4,1.8487,23
p1_chk_consistency,2026-09-19 04:00:00,0052..0055,4,1.9216,30
p1_chk_consistency,2026-09-19 04:00:00,0056..0059,4,1.5969,24
p1_chk_consistency,2026-09-19 04:00:00,0060..0063,4,1.3618,22
p1_chk_consistency,2026-09-20 04:00:00,0000..0003,4,1.0598,21
p1_chk_consistency,2026-09-20 04:00:00,0004..0007,4,1.0974,23
p1_chk_consistency,2026-09-20 04:00:00,0008..0011,4,1.0013,17
p1_chk_consistency,2026-09-20 04:00:00,0012..0015,4,1.214,22
p1_chk_consistency,2026-09-20 04:00:00,0016..0019,4,0.9166,23
p1_chk_consistency,2026-09-20 04:00:00,0020..0023,4,0.949,21
p1_chk_consistency,2026-09-20 04:00:00,0024..0027,4,0.9897,23
p1_chk_consistency,2026-09-20 04:00:00,0028..0031,4,0.8779,19
p1_chk_consistency,2026-09-20 04:00:00,0032..0035,4,0.9671,25
p1_chk_consistency,2026-09-20 04:00:00,0036..0039,4,1.0822,21
p1_chk_consistency,2026-09-20 04:00:00,0040..0043,4,0.8331,20
p1_chk_consistency,2026-09-20 04:00:00,0044..0047,4,1.0534,22
p1_chk_consistency,2026-09-20 04:00:00,0048..0051,4,1.2896,22
p1_chk_consistency,2026-09-20 04:00:00,0052..0055,4,0.7609,22
p1_chk_consistency,2026-09-20 04:00:00,0056..0059,4,1.0187,21
p1_chk_consistency,2026-09-20 04:00:00,0060..0063,4,0.9659,24
p1_chk_consistency,2026-09-21 04:00:00,0000..0003,4,1.2633,30
p1_chk_consistency,2026-09-21 04:00:00,0004..0007,4,1.2199,24
p1_chk_consistency,2026-09-21 04:00:00,0008..0011,4,1.2514,30
p1_chk_consistency,2026-09-21 04:00:00,0012..0015,4,1.4046,28
p1_chk_consistency,2026-09-21 04:00:00,0016..0019,4,1.3509,23
p1_chk_consistency,2026-09-21 04:00:00,0020..0023,4,1.6152,27
p1_chk_consistency,2026-09-21 04:00:00,0024..0027,4,1.2951,26
p1_chk_consistency,2026-09-21 04:00:00,0028..0031,4,1.3252,24
p1_chk_consistency,2026-09-21 04:00:00,0032..0035,4,1.3717,28
p1_chk_consistency,2026-09-21 04:00:00,0036..0039,4,1.3551,25
p1_chk_consistency,2026-09-21 04:00:00,0040..0043,4,1.3053,30
p1_chk_consistency,2026-09-21 04:00:00,0044..0047,4,1.6841,28
p1_chk_consistency,2026-09-21 04:00:00,0048..0051,4,1.4734,26
p1_chk_consistency,2026-09-21 04:00:00,0052..0055,4,1.39,26
p1_chk_consistency,2026-09-21 04:00:00,0056..0059,4,1.7851,25
p1_chk_consistency,2026-09-21 04:00:00,0060..0063,4,1.6615,30
p1_chk_consistency,2026-09-22 04:00:00,0000..0003,4,1.4261,25
p1_chk_consistency,2026-09-22 04:00:00,0004..0007,4,1.4106,26
p1_chk_consistency,2026-09-22 04:00:00,0008..0011,4,1.3652,22
p1_chk_consistency,2026-09-22 04:00:00,0012..0015,4,1.6054,30
p1_chk_consistency,2026-09-22 04:00:00,0016..0019,4,1.709,33
p1_chk_consistency,2026-09-22 04:00:00,0020..0023,4,2.0866,37
p1_chk_consistency,2026-09-22 04:00:00,0024..0027,4,1.668,32
p1_chk_consistency,2026-09-22 04:00:00,0028..0031,4,1.5996,29
p1_chk_consistency,2026-09-22 04:00:00,0032..0035,4,1.7175,34
p1_chk_consistency,2026-09-22 04:00:00,0036..0039,4,1.728,30
p1_chk_consistency,2026-09-22 04:00:00,0040..0043,4,1.3276,28
p1_chk_consistency,2026-09-22 04:00:00,0044..0047,4,1.8098,30
p1_chk_consistency,2026-09-22 04:00:00,0048..0051,4,1.7797,35
p1_chk_consistency,2026-09-22 04:00:00,0052..0055,4,1.4614,25
p1_chk_consistency,2026-09-22 04:00:00,0056..0059,4,1.6921,28
p1_chk_consistency,2026-09-22 04:00:00,0060..0063,4,1.5982,24
p1_chk_consistency,2026-09-23 04:00:00,0000..0003,4,1.1529,25
p1_chk_consistency,2026-09-23 04:00:00,0004..0007,4,1.0569,26
p1_chk_consistency,2026-09-23 04:00:00,0008..0011,4,1.3085,31
p1_chk_consistency,2026-09-23 04:00:00,0012..0015,4,1.1488,29
p1_chk_consistency,2026-09-23 04:00:00,0016..0019,4,1.1728,28
p1_chk_consistency,2026-09-23 04:00:00,0020..0023,4,1.3334,31
p1_chk_consistency,2026-09-23 04:00:00,0024..0027,4,1.1869,28
p1_chk_consistency,2026-09-23 04:00:00,0028..0031,4,1.4315,33
p1_chk_consistency,2026-09-23 04:00:00,0032..0035,4,1.3258,27
p1_chk_consistency,2026-09-23 04:00:00,0036..0039,4,1.196,32
p1_chk_consistency,2026-09-23 04:00:00,0040..0043,4,0.9559,26
p1_chk_consistency,2026-09-23 04:00:00,0044..0047,4,1.0069,26
p1_chk_consistency,2026-09-23 04:00:00,0048..0051,4,1.1392,29
p1_chk_consistency,2026-09-23 04:00:00,0052..0055,4,0.9405,31
p1_chk_consistency,2026-09-23 04:00:00,0056..0059,4,1.0193,30
p1_chk_consistency,2026-09-23 04:00:00,0060..0063,4,1.4247,34
p1_chk_consistency,2026-09-24 04:00:00,0000..0003,4,0.3324,27
p1_chk_consistency,2026-09-24 04:00:00,0004..0007,4,0.2932,24
p1_chk_consistency,2026-09-24 04:00:00,0008..0011,4,0.3189,26
p1_chk_consistency,2026-09-24 04:00:00,0012..0015,4,0.3749,26
p1_chk_consistency,2026-09-24 04:00:00,0016..0019,4,0.3479,25
p1_chk_consistency,2026-09-24 04:00:00,0020..0023,4,0.3939,27
p1_chk_consistency,2026-09-24 04:00:00,0024..0027,4,0.3896,29
p1_chk_consistency,2026-09-24 04:00:00,0028..0031,4,0.4922,28
p1_chk_consistency,2026-09-24 04:00:00,0032..0035,4,0.3813,30
p1_chk_consistency,2026-09-24 04:00:00,0036..0039,4,0.3493,25
p1_chk_consistency,2026-09-24 04:00:00,0040..0043,4,0.3062,29
p1_chk_consistency,2026-09-24 04:00:00,0044..0047,4,0.2891,23
p1_chk_consistency,2026-09-24 04:00:00,0048..0051,4,0.4258,27
p1_chk_consistency,2026-09-24 04:00:00,0052..0055,4,0.3399,24
p1_chk_consistency,2026-09-24 04:00:00,0056..0059,4,0.4198,28
p1_chk_consistency,2026-09-24 04:00:00,0060..0063,4,0.5815,34
p4_daily_series,2026-06-01 04:00:00,0000..0015,16,0.7127,47
p4_daily_series,2026-06-01 04:00:00,0016..0031,16,0.6953,42
p4_daily_series,2026-06-01 04:00:00,0032..0047,16,0.7037,30
p4_daily_series,2026-06-01 04:00:00,0048..0063,16,0.7193,28
p4_daily_series,2026-06-02 04:00:00,0000..0015,16,0.7024,31
p4_daily_series,2026-06-02 04:00:00,0016..0031,16,0.7277,32
p4_daily_series,2026-06-02 04:00:00,0032..0047,16,0.6646,28
p4_daily_series,2026-06-02 04:00:00,0048..0063,16,0.7427,31
p4_daily_series,2026-06-03 04:00:00,0000..0015,16,0.6206,38
p4_daily_series,2026-06-03 04:00:00,0016..0031,16,0.7249,32
p4_daily_series,2026-06-03 04:00:00,0032..0047,16,0.591,39
p4_daily_series,2026-06-03 04:00:00,0048..0063,16,0.46,30
p4_daily_series,2026-06-04 04:00:00,0000..0015,16,0.5004,33
p4_daily_series,2026-06-04 04:00:00,0016..0031,16,0.5866,34
p4_daily_series,2026-06-04 04:00:00,0032..0047,16,0.53,43
p4_daily_series,2026-06-04 04:00:00,0048..0063,16,0.4882,39
p4_daily_series,2026-06-05 04:00:00,0000..0015,16,0.4142,37
p4_daily_series,2026-06-05 04:00:00,0016..0031,16,0.4354,45
p4_daily_series,2026-06-05 04:00:00,0032..0047,16,0.4449,39
p4_daily_series,2026-06-05 04:00:00,0048..0063,16,0.563,38
p4_daily_series,2026-06-06 04:00:00,0000..0015,16,0.4725,32
p4_daily_series,2026-06-06 04:00:00,0016..0031,16,0.5029,39
p4_daily_series,2026-06-06 04:00:00,0032..0047,16,0.5443,38
p4_daily_series,2026-06-06 04:00:00,0048..0063,16,0.4861,38
p4_daily_series,2026-06-07 04:00:00,0000..0015,16,0.5457,40
p4_daily_series,2026-06-07 04:00:00,0016..0031,16,0.5604,41
p4_daily_series,2026-06-07 04:00:00,0032..0047,16,0.4627,38
p4_daily_series,2026-06-07 04:00:00,0048..0063,16,0.4558,32
p4_daily_series,2026-06-08 04:00:00,0000..0015,16,0.464,40
p4_daily_series,2026-06-08 04:00:00,0016..0031,16,0.4431,36
p4_daily_series,2026-06-08 04:00:00,0032..0047,16,0.5436,33
p4_daily_series,2026-06-08 04:00:00,0048..0063,16,0.5124,34
p4_daily_series,2026-06-09 04:00:00,0000..0015,16,0.4525,31
p4_daily_series,2026-06-09 04:00:00,0016..0031,16,0.4325,36
p4_daily_series,2026-06-09 04:00:00,0032..0047,16,0.5218,37
p4_daily_series,2026-06-09 04:00:00,0048..0063,16,0.4912,33
p4_daily_series,2026-06-10 04:00:00,0000..0015,16,0.5016,35
p4_daily_series,2026-06-10 04:00:00,0016..0031,16,0.4787,40
p4_daily_series,2026-06-10 04:00:00,0032..0047,16,0.433,28
p4_daily_series,2026-06-10 04:00:00,0048..0063,16,0.5724,30
p4_daily_series,2026-06-11 04:00:00,0000..0015,16,0.4894,49
p4_daily_series,2026-06-11 04:00:00,0016..0031,16,0.4476,36
p4_daily_series,2026-06-11 04:00:00,0032..0047,16,0.4639,39
p4_daily_series,2026-06-11 04:00:00,0048..0063,16,0.5076,39
p4_daily_series,2026-06-12 04:00:00,0000..0015,16,0.5805,45
p4_daily_series,2026-06-12 04:00:00,0016..0031,16,0.4984,30
p4_daily_series,2026-06-12 04:00:00,0032..0047,16,0.6254,33
p4_daily_series,2026-06-12 04:00:00,0048..0063,16,0.5278,50
p4_daily_series,2026-06-13 04:00:00,0000..0015,16,0.5004,31
p4_daily_series,2026-06-13 04:00:00,0016..0031,16,0.4923,36
p4_daily_series,2026-06-13 04:00:00,0032..0047,16,0.4821,39
p4_daily_series,2026-06-13 04:00:00,0048..0063,16,0.4455,36
p4_daily_series,2026-06-14 04:00:00,0000..0015,16,0.5613,48
p4_daily_series,2026-06-14 04:00:00,0016..0031,16,0.4882,41
p4_daily_series,2026-06-14 04:00:00,0032..0047,16,0.5085,43
p4_daily_series,2026-06-14 04:00:00,0048..0063,16,0.3824,37
p4_daily_series,2026-06-15 04:00:00,0000..0015,16,0.5371,40
p4_daily_series,2026-06-15 04:00:00,0016..0031,16,0.4473,33
p4_daily_series,2026-06-15 04:00:00,0032..0047,16,0.4368,41
p4_daily_series,2026-06-15 04:00:00,0048..0063,16,0.4948,38
p4_daily_series,2026-06-16 04:00:00,0000..0015,16,0.4948,47
p4_daily_series,2026-06-16 04:00:00,0016..0031,16,0.4515,39
p4_daily_series,2026-06-16 04:00:00,0032..0047,16,0.4381,40
p4_daily_series,2026-06-16 04:00:00,0048..0063,16,0.5491,34
p4_daily_series,2026-06-17 04:00:00,0000..0015,16,0.5202,51
p4_daily_series,2026-06-17 04:00:00,0016..0031,16,0.5905,46
p4_daily_series,2026-06-17 04:00:00,0032..0047,16,0.4455,38
p4_daily_series,2026-06-17 04:00:00,0048..0063,16,0.5199,47
p4_daily_series,2026-06-18 04:00:00,0000..0015,16,0.5269,40
p4_daily_series,2026-06-18 04:00:00,0016..0031,16,0.5285,34
p4_daily_series,2026-06-18 04:00:00,0032..0047,16,0.5113,33
p4_daily_series,2026-06-18 04:00:00,0048..0063,16,0.6253,46
p4_daily_series,2026-06-19 04:00:00,0000..0015,16,0.4446,45
p4_daily_series,2026-06-19 04:00:00,0016..0031,16,0.4329,39
p4_daily_series,2026-06-19 04:00:00,0032..0047,16,0.5054,34
p4_daily_series,2026-06-19 04:00:00,0048..0063,16,0.5177,41
p4_daily_series,2026-06-20 04:00:00,0000..0015,16,0.3559,32
p4_daily_series,2026-06-20 04:00:00,0016..0031,16,0.4213,33
p4_daily_series,2026-06-20 04:00:00,0032..0047,16,0.3618,30
p4_daily_series,2026-06-20 04:00:00,0048..0063,16,0.3367,26
p4_daily_series,2026-06-21 04:00:00,0000..0015,16,0.3705,28
p4_daily_series,2026-06-21 04:00:00,0016..0031,16,0.5149,40
p4_daily_series,2026-06-21 04:00:00,0032..0047,16,0.3622,36
p4_daily_series,2026-06-21 04:00:00,0048..0063,16,0.2485,26
p4_daily_series,2026-06-22 04:00:00,0000..0015,16,0.2768,34
p4_daily_series,2026-06-22 04:00:00,0016..0031,16,0.2945,30
p4_daily_series,2026-06-22 04:00:00,0032..0047,16,0.3201,25
p4_daily_series,2026-06-22 04:00:00,0048..0063,16,0.219,25
p4_daily_series,2026-06-23 04:00:00,0000..0015,16,0.2794,26
p4_daily_series,2026-06-23 04:00:00,0016..0031,16,0.2673,28
p4_daily_series,2026-06-23 04:00:00,0032..0047,16,0.4155,23
p4_daily_series,2026-06-23 04:00:00,0048..0063,16,0.3473,35
p4_daily_series,2026-06-24 04:00:00,0000..0015,16,0.5668,34
p4_daily_series,2026-06-24 04:00:00,0016..0031,16,0.5597,50
p4_daily_series,2026-06-24 04:00:00,0032..0047,16,0.5032,29
p4_daily_series,2026-06-24 04:00:00,0048..0063,16,0.5703,34
p4_daily_series,2026-06-25 04:00:00,0000..0015,16,0.5307,27
p4_daily_series,2026-06-25 04:00:00,0016..0031,16,0.4016,36
p4_daily_series,2026-06-25 04:00:00,0032..0047,16,0.4638,29
p4_daily_series,2026-06-25 04:00:00,0048..0063,16,0.4321,33
p4_daily_series,2026-06-26 04:00:00,0000..0015,16,0.4596,39
p4_daily_series,2026-06-26 04:00:00,0016..0031,16,0.3362,32
p4_daily_series,2026-06-26 04:00:00,0032..0047,16,0.3427,28
p4_daily_series,2026-06-26 04:00:00,0048..0063,16,0.3411,36
p4_daily_series,2026-06-27 04:00:00,0000..0015,16,0.3358,29
p4_daily_series,2026-06-27 04:00:00,0016..0031,16,0.3526,34
p4_daily_series,2026-06-27 04:00:00,0032..0047,16,0.3904,33
p4_daily_series,2026-06-27 04:00:00,0048..0063,16,0.3076,36
p4_daily_series,2026-06-28 04:00:00,0000..0015,16,0.3775,26
p4_daily_series,2026-06-28 04:00:00,0016..0031,16,0.4877,31
p4_daily_series,2026-06-28 04:00:00,0032..0047,16,0.4155,39
p4_daily_series,2026-06-28 04:00:00,0048..0063,16,0.4207,30
p4_daily_series,2026-06-29 04:00:00,0000..0015,16,0.4639,33
p4_daily_series,2026-06-29 04:00:00,0016..0031,16,0.448,29
p4_daily_series,2026-06-29 04:00:00,0032..0047,16,0.3964,26
p4_daily_series,2026-06-29 04:00:00,0048..0063,16,0.3918,33
p4_daily_series,2026-06-30 04:00:00,0000..0015,16,0.4701,34
p4_daily_series,2026-06-30 04:00:00,0016..0031,16,0.4155,36
p4_daily_series,2026-06-30 04:00:00,0032..0047,16,0.545,35
p4_daily_series,2026-06-30 04:00:00,0048..0063,16,0.3841,30
p4_daily_series,2026-07-01 04:00:00,0000..0015,16,0.4717,33
p4_daily_series,2026-07-01 04:00:00,0016..0031,16,0.4809,31
p4_daily_series,2026-07-01 04:00:00,0032..0047,16,0.422,39
p4_daily_series,2026-07-01 04:00:00,0048..0063,16,0.5356,36
p4_daily_series,2026-07-02 04:00:00,0000..0015,16,0.3706,31
p4_daily_series,2026-07-02 04:00:00,0016..0031,16,0.4392,41
p4_daily_series,2026-07-02 04:00:00,0032..0047,16,0.3545,38
p4_daily_series,2026-07-02 04:00:00,0048..0063,16,0.4304,41
p4_daily_series,2026-07-03 04:00:00,0000..0015,16,0.2842,35
p4_daily_series,2026-07-03 04:00:00,0016..0031,16,0.3238,31
p4_daily_series,2026-07-03 04:00:00,0032..0047,16,0.2649,37
p4_daily_series,2026-07-03 04:00:00,0048..0063,16,0.3016,36
p4_daily_series,2026-07-04 04:00:00,0000..0015,16,0.3322,30
p4_daily_series,2026-07-04 04:00:00,0016..0031,16,0.3138,20
p4_daily_series,2026-07-04 04:00:00,0032..0047,16,0.2762,27
p4_daily_series,2026-07-04 04:00:00,0048..0063,16,0.2987,28
p4_daily_series,2026-07-05 04:00:00,0000..0015,16,0.3548,35
p4_daily_series,2026-07-05 04:00:00,0016..0031,16,0.3998,34
p4_daily_series,2026-07-05 04:00:00,0032..0047,16,0.29,35
p4_daily_series,2026-07-05 04:00:00,0048..0063,16,0.3436,25
p4_daily_series,2026-07-06 04:00:00,0000..0015,16,0.2817,30
p4_daily_series,2026-07-06 04:00:00,0016..0031,16,0.3432,32
p4_daily_series,2026-07-06 04:00:00,0032..0047,16,0.3115,31
p4_daily_series,2026-07-06 04:00:00,0048..0063,16,0.3646,33
p4_daily_series,2026-07-07 04:00:00,0000..0015,16,0.4248,34
p4_daily_series,2026-07-07 04:00:00,0016..0031,16,0.3375,44
p4_daily_series,2026-07-07 04:00:00,0032..0047,16,0.3885,35
p4_daily_series,2026-07-07 04:00:00,0048..0063,16,0.394,35
p4_daily_series,2026-07-08 04:00:00,0000..0015,16,0.4953,33
p4_daily_series,2026-07-08 04:00:00,0016..0031,16,0.6079,36
p4_daily_series,2026-07-08 04:00:00,0032..0047,16,0.6162,32
p4_daily_series,2026-07-08 04:00:00,0048..0063,16,0.5315,41
p4_daily_series,2026-07-09 04:00:00,0000..0015,16,0.4828,36
p4_daily_series,2026-07-09 04:00:00,0016..0031,16,0.5158,28
p4_daily_series,2026-07-09 04:00:00,0032..0047,16,0.4603,37
p4_daily_series,2026-07-09 04:00:00,0048..0063,16,0.5605,31
p4_daily_series,2026-07-10 04:00:00,0000..0015,16,0.5062,44
p4_daily_series,2026-07-10 04:00:00,0016..0031,16,0.4891,39
p4_daily_series,2026-07-10 04:00:00,0032..0047,16,0.3911,40
p4_daily_series,2026-07-10 04:00:00,0048..0063,16,0.4681,36
p4_daily_series,2026-07-11 04:00:00,0000..0015,16,0.3582,35
p4_daily_series,2026-07-11 04:00:00,0016..0031,16,0.4404,30
p4_daily_series,2026-07-11 04:00:00,0032..0047,16,0.416,38
p4_daily_series,2026-07-11 04:00:00,0048..0063,16,0.4523,33
p4_daily_series,2026-07-12 04:00:00,0000..0015,16,0.4,36
p4_daily_series,2026-07-12 04:00:00,0016..0031,16,0.4075,47
p4_daily_series,2026-07-12 04:00:00,0032..0047,16,0.324,32
p4_daily_series,2026-07-12 04:00:00,0048..0063,16,0.4284,39
p4_daily_series,2026-07-13 04:00:00,0000..0015,16,0.4702,44
p4_daily_series,2026-07-13 04:00:00,0016..0031,16,0.4281,41
p4_daily_series,2026-07-13 04:00:00,0032..0047,16,0.441,23
p4_daily_series,2026-07-13 04:00:00,0048..0063,16,0.5532,33
p4_daily_series,2026-07-14 04:00:00,0000..0015,16,0.5267,41
p4_daily_series,2026-07-14 04:00:00,0016..0031,16,0.4594,30
p4_daily_series,2026-07-14 04:00:00,0032..0047,16,0.4396,34
p4_daily_series,2026-07-14 04:00:00,0048..0063,16,0.3902,28
p4_daily_series,2026-07-15 04:00:00,0000..0015,16,0.3351,36
p4_daily_series,2026-07-15 04:00:00,0016..0031,16,0.5163,27
p4_daily_series,2026-07-15 04:00:00,0032..0047,16,0.7868,33
p4_daily_series,2026-07-15 04:00:00,0048..0063,16,0.5489,27
p4_daily_series,2026-07-16 04:00:00,0000..0015,16,0.5808,33
p4_daily_series,2026-07-16 04:00:00,0016..0031,16,0.4449,32
p4_daily_series,2026-07-16 04:00:00,0032..0047,16,0.6351,37
p4_daily_series,2026-07-16 04:00:00,0048..0063,16,0.5983,42
p4_daily_series,2026-07-17 04:00:00,0000..0015,16,0.47,50
p4_daily_series,2026-07-17 04:00:00,0016..0031,16,0.5056,34
p4_daily_series,2026-07-17 04:00:00,0032..0047,16,0.5714,30
p4_daily_series,2026-07-17 04:00:00,0048..0063,16,0.4613,33
p4_daily_series,2026-07-18 04:00:00,0000..0015,16,0.3143,33
p4_daily_series,2026-07-18 04:00:00,0016..0031,16,0.3096,45
p4_daily_series,2026-07-18 04:00:00,0032..0047,16,0.3065,29
p4_daily_series,2026-07-18 04:00:00,0048..0063,16,0.2751,28
p4_daily_series,2026-07-19 04:00:00,0000..0015,16,0.3318,36
p4_daily_series,2026-07-19 04:00:00,0016..0031,16,0.3458,25
p4_daily_series,2026-07-19 04:00:00,0032..0047,16,0.3608,26
p4_daily_series,2026-07-19 04:00:00,0048..0063,16,0.3651,30
p4_daily_series,2026-07-20 04:00:00,0000..0015,16,0.4985,33
p4_daily_series,2026-07-20 04:00:00,0016..0031,16,0.3964,38
p4_daily_series,2026-07-20 04:00:00,0032..0047,16,0.4668,34
p4_daily_series,2026-07-20 04:00:00,0048..0063,16,0.539,37
p4_daily_series,2026-07-21 04:00:00,0000..0015,16,0.5042,31
p4_daily_series,2026-07-21 04:00:00,0016..0031,16,0.4589,34
p4_daily_series,2026-07-21 04:00:00,0032..0047,16,0.5007,27
p4_daily_series,2026-07-21 04:00:00,0048..0063,16,0.4459,34
p4_daily_series,2026-07-22 04:00:00,0000..0015,16,0.609,29
p4_daily_series,2026-07-22 04:00:00,0016..0031,16,0.5817,34
p4_daily_series,2026-07-22 04:00:00,0032..0047,16,0.5424,36
p4_daily_series,2026-07-22 04:00:00,0048..0063,16,0.6192,43
p4_daily_series,2026-07-23 04:00:00,0000..0015,16,0.5624,40
p4_daily_series,2026-07-23 04:00:00,0016..0031,16,0.56,31
p4_daily_series,2026-07-23 04:00:00,0032..0047,16,0.6283,39
p4_daily_series,2026-07-23 04:00:00,0048..0063,16,0.6031,51
p4_daily_series,2026-07-24 04:00:00,0000..0015,16,0.5117,40
p4_daily_series,2026-07-24 04:00:00,0016..0031,16,0.4477,37
p4_daily_series,2026-07-24 04:00:00,0032..0047,16,0.59,48
p4_daily_series,2026-07-24 04:00:00,0048..0063,16,0.5464,36
p4_daily_series,2026-07-25 04:00:00,0000..0015,16,0.4428,40
p4_daily_series,2026-07-25 04:00:00,0016..0031,16,0.499,28
p4_daily_series,2026-07-25 04:00:00,0032..0047,16,0.405,36
p4_daily_series,2026-07-25 04:00:00,0048..0063,16,0.5042,30
p4_daily_series,2026-07-26 04:00:00,0000..0015,16,0.3579,35
p4_daily_series,2026-07-26 04:00:00,0016..0031,16,0.4375,35
p4_daily_series,2026-07-26 04:00:00,0032..0047,16,0.3703,44
p4_daily_series,2026-07-26 04:00:00,0048..0063,16,0.5163,34
p4_daily_series,2026-07-27 04:00:00,0000..0015,16,0.5245,45
p4_daily_series,2026-07-27 04:00:00,0016..0031,16,0.4447,38
p4_daily_series,2026-07-27 04:00:00,0032..0047,16,0.4248,26
p4_daily_series,2026-07-27 04:00:00,0048..0063,16,0.5462,42
p4_daily_series,2026-07-28 04:00:00,0000..0015,16,0.7442,37
p4_daily_series,2026-07-28 04:00:00,0016..0031,16,0.6492,35
p4_daily_series,2026-07-28 04:00:00,0032..0047,16,0.5638,30
p4_daily_series,2026-07-28 04:00:00,0048..0063,16,0.7042,44
p4_daily_series,2026-07-29 04:00:00,0000..0015,16,0.9088,38
p4_daily_series,2026-07-29 04:00:00,0016..0031,16,0.6435,32
p4_daily_series,2026-07-29 04:00:00,0032..0047,16,0.7516,32
p4_daily_series,2026-07-29 04:00:00,0048..0063,16,0.7855,39
p4_daily_series,2026-07-30 04:00:00,0000..0015,16,0.8181,28
p4_daily_series,2026-07-30 04:00:00,0016..0031,16,0.77,39
p4_daily_series,2026-07-30 04:00:00,0032..0047,16,0.7007,35
p4_daily_series,2026-07-30 04:00:00,0048..0063,16,0.8242,35
p4_daily_series,2026-07-31 04:00:00,0000..0015,16,0.8466,40
p4_daily_series,2026-07-31 04:00:00,0016..0031,16,0.8004,47
p4_daily_series,2026-07-31 04:00:00,0032..0047,16,0.8832,47
p4_daily_series,2026-07-31 04:00:00,0048..0063,16,0.7031,39
p4_daily_series,2026-08-01 04:00:00,0000..0015,16,0.7085,31
p4_daily_series,2026-08-01 04:00:00,0016..0031,16,0.7091,38
p4_daily_series,2026-08-01 04:00:00,0032..0047,16,0.8132,37
p4_daily_series,2026-08-01 04:00:00,0048..0063,16,0.6734,35
p4_daily_series,2026-08-02 04:00:00,0000..0015,16,0.6543,35
p4_daily_series,2026-08-02 04:00:00,0016..0031,16,0.6017,39
p4_daily_series,2026-08-02 04:00:00,0032..0047,16,0.7155,39
p4_daily_series,2026-08-02 04:00:00,0048..0063,16,0.6716,46
p4_daily_series,2026-08-03 04:00:00,0000..0015,16,0.5922,40
p4_daily_series,2026-08-03 04:00:00,0016..0031,16,0.5882,46
p4_daily_series,2026-08-03 04:00:00,0032..0047,16,0.5246,42
p4_daily_series,2026-08-03 04:00:00,0048..0063,16,0.8193,44
p4_daily_series,2026-08-04 04:00:00,0000..0015,16,0.7833,46
p4_daily_series,2026-08-04 04:00:00,0016..0031,16,0.8995,41
p4_daily_series,2026-08-04 04:00:00,0032..0047,16,0.7868,37
p4_daily_series,2026-08-04 04:00:00,0048..0063,16,0.7818,46
p4_daily_series,2026-08-05 04:00:00,0000..0015,16,0.8568,32
p4_daily_series,2026-08-05 04:00:00,0016..0031,16,0.7815,35
p4_daily_series,2026-08-05 04:00:00,0032..0047,16,0.8357,30
p4_daily_series,2026-08-05 04:00:00,0048..0063,16,0.843,31
p4_daily_series,2026-08-06 04:00:00,0000..0015,16,0.7967,52
p4_daily_series,2026-08-06 04:00:00,0016..0031,16,0.9349,38
p4_daily_series,2026-08-06 04:00:00,0032..0047,16,0.8011,44
p4_daily_series,2026-08-06 04:00:00,0048..0063,16,0.8848,47
p4_daily_series,2026-08-07 04:00:00,0000..0015,16,0.7162,33
p4_daily_series,2026-08-07 04:00:00,0016..0031,16,0.7692,38
p4_daily_series,2026-08-07 04:00:00,0032..0047,16,0.7336,36
p4_daily_series,2026-08-07 04:00:00,0048..0063,16,0.7077,50
p4_daily_series,2026-08-08 04:00:00,0000..0015,16,0.7829,33
p4_daily_series,2026-08-08 04:00:00,0016..0031,16,0.6051,30
p4_daily_series,2026-08-08 04:00:00,0032..0047,16,0.6718,33
p4_daily_series,2026-08-08 04:00:00,0048..0063,16,0.762,29
p4_daily_series,2026-08-09 04:00:00,0000..0015,16,0.5565,27
p4_daily_series,2026-08-09 04:00:00,0016..0031,16,0.6042,39
p4_daily_series,2026-08-09 04:00:00,0032..0047,16,0.6722,28
p4_daily_series,2026-08-09 04:00:00,0048..0063,16,0.5822,38
p4_daily_series,2026-08-10 04:00:00,0000..0015,16,0.7462,36
p4_daily_series,2026-08-10 04:00:00,0016..0031,16,0.8434,50
p4_daily_series,2026-08-10 04:00:00,0032..0047,16,0.8094,33
p4_daily_series,2026-08-10 04:00:00,0048..0063,16,0.7375,40
p4_daily_series,2026-08-11 04:00:00,0000..0015,16,0.8338,33
p4_daily_series,2026-08-11 04:00:00,0016..0031,16,0.9257,36
p4_daily_series,2026-08-11 04:00:00,0032..0047,16,1.0793,34
p4_daily_series,2026-08-11 04:00:00,0048..0063,16,0.8659,44
p4_daily_series,2026-08-12 04:00:00,0000..0015,16,0.8036,40
p4_daily_series,2026-08-12 04:00:00,0016..0031,16,0.8887,37
p4_daily_series,2026-08-12 04:00:00,0032..0047,16,0.8994,36
p4_daily_series,2026-08-12 04:00:00,0048..0063,16,0.9181,40
p4_daily_series,2026-08-13 04:00:00,0000..0015,16,0.9454,41
p4_daily_series,2026-08-13 04:00:00,0016..0031,16,0.9312,40
p4_daily_series,2026-08-13 04:00:00,0032..0047,16,0.8799,39
p4_daily_series,2026-08-13 04:00:00,0048..0063,16,0.8201,43
p4_daily_series,2026-08-14 04:00:00,0000..0015,16,0.7823,32
p4_daily_series,2026-08-14 04:00:00,0016..0031,16,0.8301,33
p4_daily_series,2026-08-14 04:00:00,0032..0047,16,0.7823,39
p4_daily_series,2026-08-14 04:00:00,0048..0063,16,0.7983,40
p4_daily_series,2026-08-15 04:00:00,0000..0015,16,0.912,39
p4_daily_series,2026-08-15 04:00:00,0016..0031,16,0.6324,28
p4_daily_series,2026-08-15 04:00:00,0032..0047,16,0.7638,33
p4_daily_series,2026-08-15 04:00:00,0048..0063,16,0.6989,44
p4_daily_series,2026-08-16 04:00:00,0000..0015,16,0.6095,39
p4_daily_series,2026-08-16 04:00:00,0016..0031,16,0.5849,31
p4_daily_series,2026-08-16 04:00:00,0032..0047,16,0.6062,38
p4_daily_series,2026-08-16 04:00:00,0048..0063,16,0.5709,43
p4_daily_series,2026-08-17 04:00:00,0000..0015,16,0.8128,37
p4_daily_series,2026-08-17 04:00:00,0016..0031,16,0.7671,39
p4_daily_series,2026-08-17 04:00:00,0032..0047,16,0.8286,36
p4_daily_series,2026-08-17 04:00:00,0048..0063,16,0.8107,39
p4_daily_series,2026-08-18 04:00:00,0000..0015,16,0.9677,44
p4_daily_series,2026-08-18 04:00:00,0016..0031,16,0.9914,38
p4_daily_series,2026-08-18 04:00:00,0032..0047,16,0.7809,34
p4_daily_series,2026-08-18 04:00:00,0048..0063,16,1.0888,39
p4_daily_series,2026-08-19 04:00:00,0000..0015,16,0.9007,43
p4_daily_series,2026-08-19 04:00:00,0016..0031,16,0.9221,43
p4_daily_series,2026-08-19 04:00:00,0032..0047,16,0.9307,43
p4_daily_series,2026-08-19 04:00:00,0048..0063,16,0.8479,44
p4_daily_series,2026-08-20 04:00:00,0000..0015,16,1.0211,45
p4_daily_series,2026-08-20 04:00:00,0016..0031,16,0.894,40
p4_daily_series,2026-08-20 04:00:00,0032..0047,16,1.0017,42
p4_daily_series,2026-08-20 04:00:00,0048..0063,16,0.9646,42
p4_daily_series,2026-08-21 04:00:00,0000..0015,16,1.1275,47
p4_daily_series,2026-08-21 04:00:00,0016..0031,16,0.9089,47
p4_daily_series,2026-08-21 04:00:00,0032..0047,16,0.9742,36
p4_daily_series,2026-08-21 04:00:00,0048..0063,16,1.0517,44
p4_daily_series,2026-08-22 04:00:00,0000..0015,16,1.0226,43
p4_daily_series,2026-08-22 04:00:00,0016..0031,16,1.1267,42
p4_daily_series,2026-08-22 04:00:00,0032..0047,16,1.065,40
p4_daily_series,2026-08-22 04:00:00,0048..0063,16,1.0634,44
p4_daily_series,2026-08-23 04:00:00,0000..0015,16,0.9888,43
p4_daily_series,2026-08-23 04:00:00,0016..0031,16,0.9238,39
p4_daily_series,2026-08-23 04:00:00,0032..0047,16,0.9207,40
p4_daily_series,2026-08-23 04:00:00,0048..0063,16,1.0058,38
p4_daily_series,2026-08-24 04:00:00,0000..0015,16,0.9119,38
p4_daily_series,2026-08-24 04:00:00,0016..0031,16,1.1708,34
p4_daily_series,2026-08-24 04:00:00,0032..0047,16,0.8751,34
p4_daily_series,2026-08-24 04:00:00,0048..0063,16,1.0939,40
p4_daily_series,2026-08-25 04:00:00,0000..0015,16,1.2037,34
p4_daily_series,2026-08-25 04:00:00,0016..0031,16,1.1804,43
p4_daily_series,2026-08-25 04:00:00,0032..0047,16,1.1767,36
p4_daily_series,2026-08-25 04:00:00,0048..0063,16,1.107,48
p4_daily_series,2026-08-26 04:00:00,0000..0015,16,0.9999,46
p4_daily_series,2026-08-26 04:00:00,0016..0031,16,1.1347,47
p4_daily_series,2026-08-26 04:00:00,0032..0047,16,1.0997,41
p4_daily_series,2026-08-26 04:00:00,0048..0063,16,1.2008,46
p4_daily_series,2026-08-27 04:00:00,0000..0015,16,0.8419,36
p4_daily_series,2026-08-27 04:00:00,0016..0031,16,1.0312,36
p4_daily_series,2026-08-27 04:00:00,0032..0047,16,0.8232,35
p4_daily_series,2026-08-27 04:00:00,0048..0063,16,1.0245,40
p4_daily_series,2026-08-28 04:00:00,0000..0015,16,1.1588,40
p4_daily_series,2026-08-28 04:00:00,0016..0031,16,1.1702,45
p4_daily_series,2026-08-28 04:00:00,0032..0047,16,0.9149,40
p4_daily_series,2026-08-28 04:00:00,0048..0063,16,1.0222,40
p4_daily_series,2026-08-29 04:00:00,0000..0015,16,0.9307,37
p4_daily_series,2026-08-29 04:00:00,0016..0031,16,1.1275,35
p4_daily_series,2026-08-29 04:00:00,0032..0047,16,0.946,38
p4_daily_series,2026-08-29 04:00:00,0048..0063,16,0.9344,35
p4_daily_series,2026-08-30 04:00:00,0000..0015,16,0.907,35
p4_daily_series,2026-08-30 04:00:00,0016..0031,16,0.9161,42
p4_daily_series,2026-08-30 04:00:00,0032..0047,16,0.8735,42
p4_daily_series,2026-08-30 04:00:00,0048..0063,16,0.9978,41
p4_daily_series,2026-08-31 04:00:00,0000..0015,16,1.6017,45
p4_daily_series,2026-08-31 04:00:00,0016..0031,16,0.9972,45
p4_daily_series,2026-08-31 04:00:00,0032..0047,16,1.2069,48
p4_daily_series,2026-08-31 04:00:00,0048..0063,16,1.1293,43
p4_daily_series,2026-09-01 04:00:00,0000..0015,16,1.1066,41
p4_daily_series,2026-09-01 04:00:00,0016..0031,16,1.1398,39
p4_daily_series,2026-09-01 04:00:00,0032..0047,16,1.075,48
p4_daily_series,2026-09-01 04:00:00,0048..0063,16,1.1001,40
p4_daily_series,2026-09-02 04:00:00,0000..0015,16,1.2972,50
p4_daily_series,2026-09-02 04:00:00,0016..0031,16,1.1409,40
p4_daily_series,2026-09-02 04:00:00,0032..0047,16,1.1016,47
p4_daily_series,2026-09-02 04:00:00,0048..0063,16,1.1331,56
p4_daily_series,2026-09-03 04:00:00,0000..0015,16,1.2027,56
p4_daily_series,2026-09-03 04:00:00,0016..0031,16,1.136,53
p4_daily_series,2026-09-03 04:00:00,0032..0047,16,1.1604,52
p4_daily_series,2026-09-03 04:00:00,0048..0063,16,1.3029,52
p4_daily_series,2026-09-04 04:00:00,0000..0015,16,1.9366,51
p4_daily_series,2026-09-04 04:00:00,0016..0031,16,2.04,58
p4_daily_series,2026-09-04 04:00:00,0032..0047,16,2.0323,52
p4_daily_series,2026-09-04 04:00:00,0048..0063,16,1.9357,56
p4_daily_series,2026-09-05 04:00:00,0000..0015,16,3.2739,52
p4_daily_series,2026-09-05 04:00:00,0016..0023,8,1.5381,27
p4_daily_series,2026-09-05 04:00:00,0024..0031,8,1.5099,29
p4_daily_series,2026-09-05 04:00:00,0032..0039,8,1.3494,28
p4_daily_series,2026-09-05 04:00:00,0040..0047,8,1.3178,27
p4_daily_series,2026-09-05 04:00:00,0048..0055,8,1.4869,26
p4_daily_series,2026-09-05 04:00:00,0056..0063,8,1.4743,27
p4_daily_series,2026-09-06 04:00:00,0000..0007,8,1.4644,25
p4_daily_series,2026-09-06 04:00:00,0008..0015,8,1.66,28
p4_daily_series,2026-09-06 04:00:00,0016..0023,8,1.4422,27
p4_daily_series,2026-09-06 04:00:00,0024..0031,8,1.6516,26
p4_daily_series,2026-09-06 04:00:00,0032..0039,8,1.4378,29
p4_daily_series,2026-09-06 04:00:00,0040..0047,8,1.4135,26
p4_daily_series,2026-09-06 04:00:00,0048..0055,8,1.5831,27
p4_daily_series,2026-09-06 04:00:00,0056..0063,8,1.658,28
p4_daily_series,2026-09-07 04:00:00,0000..0007,8,1.4275,27
p4_daily_series,2026-09-07 04:00:00,0008..0015,8,1.6185,25
p4_daily_series,2026-09-07 04:00:00,0016..0023,8,1.377,24
p4_daily_series,2026-09-07 04:00:00,0024..0031,8,1.5219,29
p4_daily_series,2026-09-07 04:00:00,0032..0039,8,1.2983,25
p4_daily_series,2026-09-07 04:00:00,0040..0047,8,1.1318,26
p4_daily_series,2026-09-07 04:00:00,0048..0055,8,1.4016,26
p4_daily_series,2026-09-07 04:00:00,0056..0063,8,1.5495,28
p4_daily_series,2026-09-08 04:00:00,0000..0007,8,1.5146,26
p4_daily_series,2026-09-08 04:00:00,0008..0015,8,1.6254,27
p4_daily_series,2026-09-08 04:00:00,0016..0023,8,1.5625,27
p4_daily_series,2026-09-08 04:00:00,0024..0031,8,1.7,24
p4_daily_series,2026-09-08 04:00:00,0032..0039,8,1.5427,26
p4_daily_series,2026-09-08 04:00:00,0040..0047,8,1.3916,29
p4_daily_series,2026-09-08 04:00:00,0048..0055,8,1.6199,26
p4_daily_series,2026-09-08 04:00:00,0056..0063,8,1.3943,25
p4_daily_series,2026-09-09 04:00:00,0000..0007,8,1.7623,28
p4_daily_series,2026-09-09 04:00:00,0008..0015,8,1.6086,26
p4_daily_series,2026-09-09 04:00:00,0016..0023,8,1.4718,27
p4_daily_series,2026-09-09 04:00:00,0024..0031,8,1.6368,26
p4_daily_series,2026-09-09 04:00:00,0032..0039,8,1.7306,27
p4_daily_series,2026-09-09 04:00:00,0040..0047,8,1.5769,26
p4_daily_series,2026-09-09 04:00:00,0048..0055,8,1.5993,27
p4_daily_series,2026-09-09 04:00:00,0056..0063,8,1.4562,28
p4_daily_series,2026-09-10 04:00:00,0000..0007,8,1.4681,27
p4_daily_series,2026-09-10 04:00:00,0008..0015,8,1.336,28
p4_daily_series,2026-09-10 04:00:00,0016..0023,8,1.3723,24
p4_daily_series,2026-09-10 04:00:00,0024..0031,8,1.3649,27
p4_daily_series,2026-09-10 04:00:00,0032..0039,8,1.4158,26
p4_daily_series,2026-09-10 04:00:00,0040..0047,8,1.2937,27
p4_daily_series,2026-09-10 04:00:00,0048..0055,8,1.3897,26
p4_daily_series,2026-09-10 04:00:00,0056..0063,8,1.3309,25
p4_daily_series,2026-09-11 04:00:00,0000..0007,8,1.1911,28
p4_daily_series,2026-09-11 04:00:00,0008..0015,8,1.1481,27
p4_daily_series,2026-09-11 04:00:00,0016..0023,8,1.1079,26
p4_daily_series,2026-09-11 04:00:00,0024..0031,8,1.0558,26
p4_daily_series,2026-09-11 04:00:00,0032..0039,8,1.2425,25
p4_daily_series,2026-09-11 04:00:00,0040..0047,8,1.0624,26
p4_daily_series,2026-09-11 04:00:00,0048..0055,8,1.3764,26
p4_daily_series,2026-09-11 04:00:00,0056..0063,8,1.2299,29
p4_daily_series,2026-09-12 04:00:00,0000..0007,8,0.9828,25
p4_daily_series,2026-09-12 04:00:00,0008..0015,8,1.0114,30
p4_daily_series,2026-09-12 04:00:00,0016..0023,8,0.902,26
p4_daily_series,2026-09-12 04:00:00,0024..0031,8,0.9797,25
p4_daily_series,2026-09-12 04:00:00,0032..0039,8,1.1901,28
p4_daily_series,2026-09-12 04:00:00,0040..0047,8,1.0084,28
p4_daily_series,2026-09-12 04:00:00,0048..0055,8,0.9994,27
p4_daily_series,2026-09-12 04:00:00,0056..0063,8,1.1195,27
p4_daily_series,2026-09-13 04:00:00,0000..0007,8,0.7971,29
p4_daily_series,2026-09-13 04:00:00,0008..0015,8,0.9485,28
p4_daily_series,2026-09-13 04:00:00,0016..0023,8,0.9859,26
p4_daily_series,2026-09-13 04:00:00,0024..0031,8,0.957,30
p4_daily_series,2026-09-13 04:00:00,0032..0039,8,0.8559,25
p4_daily_series,2026-09-13 04:00:00,0040..0047,8,0.8108,26
p4_daily_series,2026-09-13 04:00:00,0048..0055,8,0.8586,28
p4_daily_series,2026-09-13 04:00:00,0056..0063,8,0.8555,26
p4_daily_series,2026-09-14 04:00:00,0000..0007,8,0.9538,27
p4_daily_series,2026-09-14 04:00:00,0008..0015,8,1.0176,28
p4_daily_series,2026-09-14 04:00:00,0016..0023,8,1.0584,29
p4_daily_series,2026-09-14 04:00:00,0024..0031,8,0.7871,26
p4_daily_series,2026-09-14 04:00:00,0032..0039,8,1.0391,25
p4_daily_series,2026-09-14 04:00:00,0040..0047,8,0.932,26
p4_daily_series,2026-09-14 04:00:00,0048..0055,8,0.9659,28
p4_daily_series,2026-09-14 04:00:00,0056..0063,8,0.7912,28
p4_daily_series,2026-09-15 04:00:00,0000..0007,8,1.0935,26
p4_daily_series,2026-09-15 04:00:00,0008..0015,8,1.0618,27
p4_daily_series,2026-09-15 04:00:00,0016..0023,8,1.1091,26
p4_daily_series,2026-09-15 04:00:00,0024..0031,8,0.8877,27
p4_daily_series,2026-09-15 04:00:00,0032..0039,8,1.0245,26
p4_daily_series,2026-09-15 04:00:00,0040..0047,8,1.011,25
p4_daily_series,2026-09-15 04:00:00,0048..0055,8,1.2276,25
p4_daily_series,2026-09-15 04:00:00,0056..0063,8,0.9754,29
p4_daily_series,2026-09-16 04:00:00,0000..0007,8,1.1457,28
p4_daily_series,2026-09-16 04:00:00,0008..0015,8,0.9874,30
p4_daily_series,2026-09-16 04:00:00,0016..0023,8,1.0549,26
p4_daily_series,2026-09-16 04:00:00,0024..0031,8,1.0254,29
p4_daily_series,2026-09-16 04:00:00,0032..0039,8,1.1551,30
p4_daily_series,2026-09-16 04:00:00,0040..0047,8,1.0593,27
p4_daily_series,2026-09-16 04:00:00,0048..0055,8,1.134,27
p4_daily_series,2026-09-16 04:00:00,0056..0063,8,1.0481,30
p4_daily_series,2026-09-17 04:00:00,0000..0007,8,1.1922,28
p4_daily_series,2026-09-17 04:00:00,0008..0015,8,1.0098,27
p4_daily_series,2026-09-17 04:00:00,0016..0023,8,0.9694,25
p4_daily_series,2026-09-17 04:00:00,0024..0031,8,1.1546,29
p4_daily_series,2026-09-17 04:00:00,0032..0039,8,1.0346,26
p4_daily_series,2026-09-17 04:00:00,0040..0047,8,1.0524,26
p4_daily_series,2026-09-17 04:00:00,0048..0055,8,1.0481,26
p4_daily_series,2026-09-17 04:00:00,0056..0063,8,1.2007,27
p4_daily_series,2026-09-18 04:00:00,0000..0007,8,0.8742,27
p4_daily_series,2026-09-18 04:00:00,0008..0015,8,0.8798,26
p4_daily_series,2026-09-18 04:00:00,0016..0023,8,1.0859,27
p4_daily_series,2026-09-18 04:00:00,0024..0031,8,0.8812,28
p4_daily_series,2026-09-18 04:00:00,0032..0039,8,0.9874,24
p4_daily_series,2026-09-18 04:00:00,0040..0047,8,0.9553,25
p4_daily_series,2026-09-18 04:00:00,0048..0055,8,1.0973,29
p4_daily_series,2026-09-18 04:00:00,0056..0063,8,0.9459,26
p4_daily_series,2026-09-19 04:00:00,0000..0007,8,1.0233,27
p4_daily_series,2026-09-19 04:00:00,0008..0015,8,0.9516,26
p4_daily_series,2026-09-19 04:00:00,0016..0023,8,0.7988,27
p4_daily_series,2026-09-19 04:00:00,0024..0031,8,0.8622,25
p4_daily_series,2026-09-19 04:00:00,0032..0039,8,0.9266,26
p4_daily_series,2026-09-19 04:00:00,0040..0047,8,0.831,27
p4_daily_series,2026-09-19 04:00:00,0048..0055,8,1.1178,27
p4_daily_series,2026-09-19 04:00:00,0056..0063,8,1.0936,26
p4_daily_series,2026-09-20 04:00:00,0000..0007,8,0.6954,25
p4_daily_series,2026-09-20 04:00:00,0008..0015,8,0.7898,24
p4_daily_series,2026-09-20 04:00:00,0016..0023,8,0.6094,28
p4_daily_series,2026-09-20 04:00:00,0024..0031,8,0.574,26
p4_daily_series,2026-09-20 04:00:00,0032..0039,8,0.6315,27
p4_daily_series,2026-09-20 04:00:00,0040..0047,8,0.5071,26
p4_daily_series,2026-09-20 04:00:00,0048..0055,8,0.6134,25
p4_daily_series,2026-09-20 04:00:00,0056..0063,8,0.5829,27
p4_daily_series,2026-09-21 04:00:00,0000..0007,8,0.8516,27
p4_daily_series,2026-09-21 04:00:00,0008..0015,8,0.883,30
p4_daily_series,2026-09-21 04:00:00,0016..0023,8,0.8508,26
p4_daily_series,2026-09-21 04:00:00,0024..0031,8,0.893,25
p4_daily_series,2026-09-21 04:00:00,0032..0039,8,0.8728,28
p4_daily_series,2026-09-21 04:00:00,0040..0047,8,0.9663,28
p4_daily_series,2026-09-21 04:00:00,0048..0055,8,0.9193,28
p4_daily_series,2026-09-21 04:00:00,0056..0063,8,0.9161,31
p4_daily_series,2026-09-22 04:00:00,0000..0007,8,0.874,24
p4_daily_series,2026-09-22 04:00:00,0008..0015,8,0.9996,25
p4_daily_series,2026-09-22 04:00:00,0016..0023,8,1.2351,32
p4_daily_series,2026-09-22 04:00:00,0024..0031,8,1.0912,26
p4_daily_series,2026-09-22 04:00:00,0032..0039,8,1.1576,25
p4_daily_series,2026-09-22 04:00:00,0040..0047,8,1.0516,25
p4_daily_series,2026-09-22 04:00:00,0048..0055,8,1.0898,28
p4_daily_series,2026-09-22 04:00:00,0056..0063,8,1.2076,26
p4_daily_series,2026-09-23 04:00:00,0000..0007,8,1.1582,25
p4_daily_series,2026-09-23 04:00:00,0008..0015,8,1.0242,26
p4_daily_series,2026-09-23 04:00:00,0016..0023,8,1.1326,24
p4_daily_series,2026-09-23 04:00:00,0024..0031,8,0.9778,24
p4_daily_series,2026-09-23 04:00:00,0032..0039,8,1.1932,28
p4_daily_series,2026-09-23 04:00:00,0040..0047,8,0.7662,26
p4_daily_series,2026-09-23 04:00:00,0048..0055,8,0.6946,26
p4_daily_series,2026-09-23 04:00:00,0056..0063,8,0.6951,27
p4_daily_series,2026-09-24 04:00:00,0000..0007,8,0.2466,27
p4_daily_series,2026-09-24 04:00:00,0008..0015,8,0.2455,29
p4_daily_series,2026-09-24 04:00:00,0016..0023,8,0.2881,27
p4_daily_series,2026-09-24 04:00:00,0024..0031,8,0.3007,29
p4_daily_series,2026-09-24 04:00:00,0032..0039,8,0.2213,29
p4_daily_series,2026-09-24 04:00:00,0040..0047,8,0.2059,28
p4_daily_series,2026-09-24 04:00:00,0048..0055,8,0.2767,26
p4_daily_series,2026-09-24 04:00:00,0056..0063,8,0.2803,30
p1_sk_transition_hourly,2026-08-18 04:00:00,0000..0015,16,1.0788,159
p1_sk_transition_hourly,2026-08-18 04:00:00,0016..0031,16,1.0493,158
p1_sk_transition_hourly,2026-08-18 04:00:00,0032..0047,16,1.0621,162
p1_sk_transition_hourly,2026-08-18 04:00:00,0048..0063,16,1.0856,173
p1_chk_consistency_pre,2026-08-17 04:00:00,0000..0007,8,0.6159,19
p1_chk_consistency_pre,2026-08-17 04:00:00,0008..0015,8,0.6771,23
p1_chk_consistency_pre,2026-08-17 04:00:00,0016..0023,8,0.6474,29
p1_chk_consistency_pre,2026-08-17 04:00:00,0024..0031,8,0.7192,20
p1_chk_consistency_pre,2026-08-17 04:00:00,0032..0039,8,0.6691,25
p1_chk_consistency_pre,2026-08-17 04:00:00,0040..0047,8,0.7401,21
p1_chk_consistency_pre,2026-08-17 04:00:00,0048..0055,8,0.6165,26
p1_chk_consistency_pre,2026-08-17 04:00:00,0056..0063,8,0.6062,24
p1_sk_concat_check_20260601,2026-06-01 04:00:00,0000..0015,16,0.5623,16
p1_sk_concat_check_20260601,2026-06-01 04:00:00,0016..0031,16,0.5721,16
p1_sk_concat_check_20260601,2026-06-01 04:00:00,0032..0047,16,0.6188,16
p1_sk_concat_check_20260601,2026-06-01 04:00:00,0048..0063,16,0.6186,16
p1_sk_concat_check_20260817,2026-08-17 04:00:00,0000..0015,16,0.0269,16
p1_sk_concat_check_20260817,2026-08-17 04:00:00,0016..0031,16,0.0291,16
p1_sk_concat_check_20260817,2026-08-17 04:00:00,0032..0047,16,0.0295,16
p1_sk_concat_check_20260817,2026-08-17 04:00:00,0048..0063,16,0.0281,16
p1_sk_concat_check_20260924,2026-09-24 04:00:00,0000..0015,16,0.0501,16
p1_sk_concat_check_20260924,2026-09-24 04:00:00,0016..0031,16,0.0541,16
p1_sk_concat_check_20260924,2026-09-24 04:00:00,0032..0047,16,0.0492,16
p1_sk_concat_check_20260924,2026-09-24 04:00:00,0048..0063,16,0.0581,16
p1_payload_size,2026-09-24 04:00:00,0000..0015,16,1.3201,114
p1_payload_size,2026-09-24 04:00:00,0016..0031,16,1.3612,109
p1_payload_size,2026-09-24 04:00:00,0032..0047,16,1.3638,111
p1_payload_size,2026-09-24 04:00:00,0048..0063,16,1.7726,113
p1_dr002_email_signals,2026-09-18 04:00:00,0000..0015,16,4.6742,2
p1_dr002_email_signals,2026-09-18 04:00:00,0016..0023,8,2.5701,2
p1_dr002_email_signals,2026-09-18 04:00:00,0024..0031,8,2.6284,1
p1_dr002_email_signals,2026-09-18 04:00:00,0032..0039,8,2.3372,0
p1_dr002_email_signals,2026-09-18 04:00:00,0040..0047,8,2.2875,1
p1_dr002_email_signals,2026-09-18 04:00:00,0048..0055,8,2.8674,4
p1_dr002_email_signals,2026-09-18 04:00:00,0056..0063,8,2.7026,2
p1_dr002_email_signals,2026-09-19 04:00:00,0000..0007,8,2.1257,3
p1_dr002_email_signals,2026-09-19 04:00:00,0008..0015,8,2.3706,4
p1_dr002_email_signals,2026-09-19 04:00:00,0016..0023,8,2.017,2
p1_dr002_email_signals,2026-09-19 04:00:00,0024..0031,8,2.2209,2
p1_dr002_email_signals,2026-09-19 04:00:00,0032..0039,8,2.1311,2
p1_dr002_email_signals,2026-09-19 04:00:00,0040..0047,8,2.0821,4
p1_dr002_email_signals,2026-09-19 04:00:00,0048..0055,8,2.6084,4
p1_dr002_email_signals,2026-09-19 04:00:00,0056..0063,8,2.2186,0
p1_dr002_email_signals,2026-09-20 04:00:00,0000..0007,8,1.5163,0
p1_dr002_email_signals,2026-09-20 04:00:00,0008..0015,8,1.6828,0
p1_dr002_email_signals,2026-09-20 04:00:00,0016..0023,8,1.3333,0
p1_dr002_email_signals,2026-09-20 04:00:00,0024..0031,8,1.5029,0
p1_dr002_email_signals,2026-09-20 04:00:00,0032..0039,8,1.3259,0
p1_dr002_email_signals,2026-09-20 04:00:00,0040..0047,8,1.4749,2
p1_dr002_email_signals,2026-09-20 04:00:00,0048..0055,8,1.4538,0
p1_dr002_email_signals,2026-09-20 04:00:00,0056..0063,8,1.428,2
p1_dr002_email_signals,2026-09-21 04:00:00,0000..0007,8,1.9138,4
p1_dr002_email_signals,2026-09-21 04:00:00,0008..0015,8,2.0122,4
p1_dr002_email_signals,2026-09-21 04:00:00,0016..0023,8,2.2622,1
p1_dr002_email_signals,2026-09-21 04:00:00,0024..0031,8,2.0413,0
p1_dr002_email_signals,2026-09-21 04:00:00,0032..0039,8,2.0947,4
p1_dr002_email_signals,2026-09-21 04:00:00,0040..0047,8,2.3148,6
p1_dr002_email_signals,2026-09-21 04:00:00,0048..0055,8,2.0013,0
p1_dr002_email_signals,2026-09-21 04:00:00,0056..0063,8,2.5315,4
p1_dr002_email_signals,2026-09-22 04:00:00,0000..0007,8,2.2009,0
p1_dr002_email_signals,2026-09-22 04:00:00,0008..0015,8,2.2275,0
p1_dr002_email_signals,2026-09-22 04:00:00,0016..0023,8,4.8983,7
p1_dr002_email_signals,2026-09-22 04:00:00,0024..0027,4,1.1706,0
p1_dr002_email_signals,2026-09-22 04:00:00,0028..0031,4,1.2279,1
p1_dr002_email_signals,2026-09-22 04:00:00,0032..0035,4,1.2027,2
p1_dr002_email_signals,2026-09-22 04:00:00,0036..0039,4,1.2944,0
p1_dr002_email_signals,2026-09-22 04:00:00,0040..0043,4,0.995,0
p1_dr002_email_signals,2026-09-22 04:00:00,0044..0047,4,1.4192,0
p1_dr002_email_signals,2026-09-22 04:00:00,0048..0051,4,1.254,5
p1_dr002_email_signals,2026-09-22 04:00:00,0052..0055,4,1.0674,0
p1_dr002_email_signals,2026-09-22 04:00:00,0056..0059,4,1.3217,1
p1_dr002_email_signals,2026-09-22 04:00:00,0060..0063,4,1.2371,0
p1_dr002_email_signals,2026-09-23 04:00:00,0000..0003,4,1.0952,0
p1_dr002_email_signals,2026-09-23 04:00:00,0004..0007,4,1.1291,0
p1_dr002_email_signals,2026-09-23 04:00:00,0008..0011,4,1.2902,0
p1_dr002_email_signals,2026-09-23 04:00:00,0012..0015,4,1.1486,2
p1_dr002_email_signals,2026-09-23 04:00:00,0016..0019,4,1.1877,0
p1_dr002_email_signals,2026-09-23 04:00:00,0020..0023,4,1.3401,0
p1_dr002_email_signals,2026-09-23 04:00:00,0024..0027,4,1.2009,0
p1_dr002_email_signals,2026-09-23 04:00:00,0028..0031,4,1.1518,0
p1_dr002_email_signals,2026-09-23 04:00:00,0032..0035,4,1.1682,0
p1_dr002_email_signals,2026-09-23 04:00:00,0036..0039,4,1.4943,1
p1_dr002_email_signals,2026-09-23 04:00:00,0040..0043,4,1.0276,1
p1_dr002_email_signals,2026-09-23 04:00:00,0044..0047,4,0.9849,0
p1_dr002_email_signals,2026-09-23 04:00:00,0048..0051,4,1.0664,0
p1_dr002_email_signals,2026-09-23 04:00:00,0052..0055,4,0.8033,0
p1_dr002_email_signals,2026-09-23 04:00:00,0056..0059,4,0.9288,1
p1_dr002_email_signals,2026-09-23 04:00:00,0060..0063,4,1.0489,0
p1_dr002_email_signals,2026-09-24 04:00:00,0000..0003,4,0.1125,2
p1_dr002_email_signals,2026-09-24 04:00:00,0004..0007,4,0.0973,0
p1_dr002_email_signals,2026-09-24 04:00:00,0008..0011,4,0.1158,4
p1_dr002_email_signals,2026-09-24 04:00:00,0012..0015,4,0.1233,2
p1_dr002_email_signals,2026-09-24 04:00:00,0016..0019,4,0.1321,0
p1_dr002_email_signals,2026-09-24 04:00:00,0020..0023,4,0.1257,2
p1_dr002_email_signals,2026-09-24 04:00:00,0024..0027,4,0.1332,3
p1_dr002_email_signals,2026-09-24 04:00:00,0028..0031,4,0.1262,1
p1_dr002_email_signals,2026-09-24 04:00:00,0032..0035,4,0.1097,5
p1_dr002_email_signals,2026-09-24 04:00:00,0036..0039,4,0.1183,1
p1_dr002_email_signals,2026-09-24 04:00:00,0040..0043,4,0.106,3
p1_dr002_email_signals,2026-09-24 04:00:00,0044..0047,4,0.0933,0
p1_dr002_email_signals,2026-09-24 04:00:00,0048..0051,4,0.1406,3
p1_dr002_email_signals,2026-09-24 04:00:00,0052..0055,4,0.1211,0
p1_dr002_email_signals,2026-09-24 04:00:00,0056..0059,4,0.1395,2
p1_dr002_email_signals,2026-09-24 04:00:00,0060..0063,4,0.1591,7
p2_hits_7d,2026-09-18 04:00:00,0000..0015,16,4.4087,453
p2_hits_7d,2026-09-18 04:00:00,0016..0023,8,2.327,240
p2_hits_7d,2026-09-18 04:00:00,0024..0031,8,2.4865,241
p2_hits_7d,2026-09-18 04:00:00,0032..0039,8,2.2251,237
p2_hits_7d,2026-09-18 04:00:00,0040..0047,8,2.1834,236
p2_hits_7d,2026-09-18 04:00:00,0048..0055,8,2.6793,267
p2_hits_7d,2026-09-18 04:00:00,0056..0063,8,2.5722,264
p2_hits_7d,2026-09-19 04:00:00,0000..0007,8,2.0969,269
p2_hits_7d,2026-09-19 04:00:00,0008..0015,8,2.1786,280
p2_hits_7d,2026-09-19 04:00:00,0016..0023,8,1.8881,261
p2_hits_7d,2026-09-19 04:00:00,0024..0031,8,2.0627,274
p2_hits_7d,2026-09-19 04:00:00,0032..0039,8,2.0584,272
p2_hits_7d,2026-09-19 04:00:00,0040..0047,8,1.88,266
p2_hits_7d,2026-09-19 04:00:00,0048..0055,8,2.597,298
p2_hits_7d,2026-09-19 04:00:00,0056..0063,8,2.0832,273
p2_hits_7d,2026-09-20 04:00:00,0000..0007,8,1.4175,218
p2_hits_7d,2026-09-20 04:00:00,0008..0015,8,1.586,224
p2_hits_7d,2026-09-20 04:00:00,0016..0023,8,1.2727,217
p2_hits_7d,2026-09-20 04:00:00,0024..0031,8,1.4586,212
p2_hits_7d,2026-09-20 04:00:00,0032..0039,8,1.261,228
p2_hits_7d,2026-09-20 04:00:00,0040..0047,8,1.3515,216
p2_hits_7d,2026-09-20 04:00:00,0048..0055,8,1.368,220
p2_hits_7d,2026-09-20 04:00:00,0056..0063,8,1.2955,219
p2_hits_7d,2026-09-21 04:00:00,0000..0007,8,1.7392,258
p2_hits_7d,2026-09-21 04:00:00,0008..0015,8,1.9472,257
p2_hits_7d,2026-09-21 04:00:00,0016..0023,8,2.0106,244
p2_hits_7d,2026-09-21 04:00:00,0024..0031,8,1.8909,234
p2_hits_7d,2026-09-21 04:00:00,0032..0039,8,1.8629,247
p2_hits_7d,2026-09-21 04:00:00,0040..0047,8,2.2737,257
p2_hits_7d,2026-09-21 04:00:00,0048..0055,8,1.8552,225
p2_hits_7d,2026-09-21 04:00:00,0056..0063,8,2.3633,257
p2_hits_7d,2026-09-22 04:00:00,0000..0007,8,2.0389,244
p2_hits_7d,2026-09-22 04:00:00,0008..0015,8,1.9705,236
p2_hits_7d,2026-09-22 04:00:00,0016..0023,8,2.6618,282
p2_hits_7d,2026-09-22 04:00:00,0024..0031,8,2.2351,276
p2_hits_7d,2026-09-22 04:00:00,0032..0039,8,2.5749,264
p2_hits_7d,2026-09-22 04:00:00,0040..0047,8,2.1012,231
p2_hits_7d,2026-09-22 04:00:00,0048..0055,8,2.1516,258
p2_hits_7d,2026-09-22 04:00:00,0056..0063,8,2.3008,247
p2_hits_7d,2026-09-23 04:00:00,0000..0007,8,2.2634,241
p2_hits_7d,2026-09-23 04:00:00,0008..0015,8,2.1612,256
p2_hits_7d,2026-09-23 04:00:00,0016..0023,8,2.333,249
p2_hits_7d,2026-09-23 04:00:00,0024..0031,8,2.1466,248
p2_hits_7d,2026-09-23 04:00:00,0032..0039,8,2.4048,259
p2_hits_7d,2026-09-23 04:00:00,0040..0047,8,1.8991,239
p2_hits_7d,2026-09-23 04:00:00,0048..0055,8,1.9157,244
p2_hits_7d,2026-09-23 04:00:00,0056..0063,8,1.8693,263
p2_hits_7d,2026-09-24 04:00:00,0000..0007,8,0.2658,186
p2_hits_7d,2026-09-24 04:00:00,0008..0015,8,0.272,217
p2_hits_7d,2026-09-24 04:00:00,0016..0023,8,0.27,211
p2_hits_7d,2026-09-24 04:00:00,0024..0031,8,0.3571,214
p2_hits_7d,2026-09-24 04:00:00,0032..0039,8,0.2599,199
p2_hits_7d,2026-09-24 04:00:00,0040..0047,8,0.2385,206
p2_hits_7d,2026-09-24 04:00:00,0048..0055,8,0.2903,211
p2_hits_7d,2026-09-24 04:00:00,0056..0063,8,0.3151,247
dbg_hits,2026-09-24 04:00:00,0000..0000,1,0.2326,14
p2_hits_7d,2026-09-18 04:00:00,0000..0015,16,4.3006,453
p2_hits_7d,2026-09-18 04:00:00,0016..0023,8,2.2781,240
p2_hits_7d,2026-09-18 04:00:00,0024..0031,8,2.4824,241
p2_hits_7d,2026-09-18 04:00:00,0032..0039,8,2.2105,237
p2_hits_7d,2026-09-18 04:00:00,0040..0047,8,2.2158,236
p2_hits_7d,2026-09-18 04:00:00,0048..0055,8,2.6189,267
p2_hits_7d,2026-09-18 04:00:00,0056..0063,8,2.4664,264
p2_hits_7d,2026-09-19 04:00:00,0000..0007,8,2.0661,269
p2_hits_7d,2026-09-19 04:00:00,0008..0015,8,2.1463,280
p2_hits_7d,2026-09-19 04:00:00,0016..0023,8,1.9967,261
p2_hits_7d,2026-09-19 04:00:00,0024..0031,8,2.0788,274
p2_hits_7d,2026-09-19 04:00:00,0032..0039,8,2.0797,272
p2_hits_7d,2026-09-19 04:00:00,0040..0047,8,1.9754,266
p2_hits_7d,2026-09-19 04:00:00,0048..0055,8,2.6364,298
p2_hits_7d,2026-09-19 04:00:00,0056..0063,8,2.064,273
p2_hits_7d,2026-09-20 04:00:00,0000..0007,8,1.4099,218
p2_hits_7d,2026-09-20 04:00:00,0008..0015,8,1.61,224
p2_hits_7d,2026-09-20 04:00:00,0016..0023,8,1.3194,217
p2_hits_7d,2026-09-20 04:00:00,0024..0031,8,1.5148,212
p2_hits_7d,2026-09-20 04:00:00,0032..0039,8,1.2644,228
p2_hits_7d,2026-09-20 04:00:00,0040..0047,8,1.3586,216
p2_hits_7d,2026-09-20 04:00:00,0048..0055,8,1.3758,220
p2_hits_7d,2026-09-20 04:00:00,0056..0063,8,1.3512,219
p2_hits_7d,2026-09-21 04:00:00,0000..0007,8,1.8342,258
p2_hits_7d,2026-09-21 04:00:00,0008..0015,8,1.9773,257
p2_hits_7d,2026-09-21 04:00:00,0016..0023,8,2.0939,244
p2_hits_7d,2026-09-21 04:00:00,0024..0031,8,1.9472,234
p2_hits_7d,2026-09-21 04:00:00,0032..0039,8,1.9203,247
p2_hits_7d,2026-09-21 04:00:00,0040..0047,8,2.2073,257
p2_hits_7d,2026-09-21 04:00:00,0048..0055,8,1.9484,225
p2_hits_7d,2026-09-21 04:00:00,0056..0063,8,2.4312,257
p2_hits_7d,2026-09-22 04:00:00,0000..0007,8,2.0732,244
p2_hits_7d,2026-09-22 04:00:00,0008..0015,8,2.1291,236
p2_hits_7d,2026-09-22 04:00:00,0016..0023,8,2.6463,282
p2_hits_7d,2026-09-22 04:00:00,0024..0031,8,2.3238,276
p2_hits_7d,2026-09-22 04:00:00,0032..0039,8,2.3132,264
p2_hits_7d,2026-09-22 04:00:00,0040..0047,8,2.1983,231
p2_hits_7d,2026-09-22 04:00:00,0048..0055,8,2.2612,258
p2_hits_7d,2026-09-22 04:00:00,0056..0063,8,2.286,247
p2_hits_7d,2026-09-23 04:00:00,0000..0007,8,2.1107,241
p2_hits_7d,2026-09-23 04:00:00,0008..0015,8,2.3855,256
p2_hits_7d,2026-09-23 04:00:00,0016..0023,8,2.3659,249
p2_hits_7d,2026-09-23 04:00:00,0024..0031,8,2.1525,248
p2_hits_7d,2026-09-23 04:00:00,0032..0039,8,2.3152,259
p2_hits_7d,2026-09-23 04:00:00,0040..0047,8,1.9066,239
p2_hits_7d,2026-09-23 04:00:00,0048..0055,8,1.9703,244
p2_hits_7d,2026-09-23 04:00:00,0056..0063,8,1.8768,263
p2_hits_7d,2026-09-24 04:00:00,0000..0007,8,0.2602,186
p2_hits_7d,2026-09-24 04:00:00,0008..0015,8,0.2876,217
p2_hits_7d,2026-09-24 04:00:00,0016..0023,8,0.2845,211
p2_hits_7d,2026-09-24 04:00:00,0024..0031,8,0.3291,214
p2_hits_7d,2026-09-24 04:00:00,0032..0039,8,0.2877,199
p2_hits_7d,2026-09-24 04:00:00,0040..0047,8,0.2874,206
p2_hits_7d,2026-09-24 04:00:00,0048..0055,8,0.3095,211
p2_hits_7d,2026-09-24 04:00:00,0056..0063,8,0.3473,247
p3_v3_shape_probe,2026-09-24 04:00:00,0000..0015,16,0.5549,32
p3_v3_shape_probe,2026-09-24 04:00:00,0016..0031,16,0.6052,32
p3_v3_shape_probe,2026-09-24 04:00:00,0032..0047,16,0.5204,32
p3_v3_shape_probe,2026-09-24 04:00:00,0048..0063,16,0.6741,32
e1_test,2026-09-24 12:00:00,0000..0015,16,0.2705,35
e1_test,2026-09-24 12:00:00,0016..0031,16,0.2314,30
e1_test,2026-09-24 12:00:00,0032..0047,16,0.278,33
e1_test,2026-09-24 12:00:00,0048..0063,16,0.276,35
e1_a,2026-09-17 04:00:00,0000..0015,16,0.7686,87
e1_a,2026-09-17 04:00:00,0016..0031,16,0.8213,96
e1_a,2026-09-17 04:00:00,0032..0047,16,0.4066,43
e1_a,2026-09-17 04:00:00,0048..0063,16,0.582,64
e1_a,2026-09-17 05:00:00,0000..0015,16,0.7911,75
e1_a,2026-09-17 05:00:00,0016..0031,16,0.5987,66
e1_a,2026-09-17 05:00:00,0032..0047,16,0.4498,49
e1_a,2026-09-17 05:00:00,0048..0063,16,0.6685,75
e1_a,2026-09-17 06:00:00,0000..0015,16,0.5066,55
e1_a,2026-09-17 06:00:00,0016..0031,16,0.6176,68
e1_a,2026-09-17 06:00:00,0032..0047,16,0.7077,79
e1_a,2026-09-17 06:00:00,0048..0063,16,0.6505,75
e1_a,2026-09-17 07:00:00,0000..0015,16,0.3869,45
e1_a,2026-09-17 07:00:00,0016..0031,16,0.4761,55
e1_a,2026-09-17 07:00:00,0032..0047,16,0.5322,65
e1_a,2026-09-17 07:00:00,0048..0063,16,0.4559,54
e1_a,2026-09-17 08:00:00,0000..0015,16,0.3942,39
e1_a,2026-09-17 08:00:00,0016..0031,16,0.3745,38
e1_a,2026-09-17 08:00:00,0032..0047,16,0.2887,27
e1_a,2026-09-17 08:00:00,0048..0063,16,0.4102,45
e1_a,2026-09-17 09:00:00,0000..0015,16,0.6308,79
e1_a,2026-09-17 09:00:00,0016..0031,16,0.3558,37
e1_a,2026-09-17 09:00:00,0032..0047,16,0.5579,67
e1_a,2026-09-17 09:00:00,0048..0063,16,0.411,43
e1_a,2026-09-17 10:00:00,0000..0015,16,1.0484,76
e1_a,2026-09-17 10:00:00,0016..0031,16,0.8077,96
e1_a,2026-09-17 10:00:00,0032..0047,16,0.5761,64
e1_a,2026-09-17 10:00:00,0048..0063,16,0.5398,59
e1_a,2026-09-17 11:00:00,0000..0015,16,0.6031,46
e1_a,2026-09-17 11:00:00,0016..0031,16,0.6391,58
e1_a,2026-09-17 11:00:00,0032..0047,16,0.634,51
e1_a,2026-09-17 11:00:00,0048..0063,16,0.8611,88
e1_a,2026-09-17 12:00:00,0000..0015,16,1.094,85
e1_a,2026-09-17 12:00:00,0016..0031,16,1.1079,92
e1_a,2026-09-17 12:00:00,0032..0047,16,1.2734,102
e1_a,2026-09-17 12:00:00,0048..0063,16,0.9588,75
e1_a,2026-09-17 13:00:00,0000..0015,16,1.0998,97
e1_a,2026-09-17 13:00:00,0016..0031,16,1.1722,90
e1_a,2026-09-17 13:00:00,0032..0047,16,1.0535,86
e1_a,2026-09-17 13:00:00,0048..0063,16,0.8893,65
e1_a,2026-09-17 14:00:00,0000..0015,16,1.3136,135
e1_a,2026-09-17 14:00:00,0016..0031,16,1.0283,92
e1_a,2026-09-17 14:00:00,0032..0047,16,1.0197,94
e1_a,2026-09-17 14:00:00,0048..0063,16,1.0234,107
e1_a,2026-09-17 15:00:00,0000..0015,16,1.1504,126
e1_a,2026-09-17 15:00:00,0016..0031,16,1.1116,121
e1_a,2026-09-17 15:00:00,0032..0047,16,0.8681,88
e1_a,2026-09-17 15:00:00,0048..0063,16,0.8501,82
e1_a,2026-09-17 16:00:00,0000..0015,16,0.8423,81
e1_a,2026-09-17 16:00:00,0016..0031,16,0.81,71
e1_a,2026-09-17 16:00:00,0032..0047,16,0.7107,58
e1_a,2026-09-17 16:00:00,0048..0063,16,0.6759,58
e1_a,2026-09-17 17:00:00,0000..0015,16,0.7593,71
e1_a,2026-09-17 17:00:00,0016..0031,16,0.8484,81
e1_a,2026-09-17 17:00:00,0032..0047,16,0.6981,58
e1_a,2026-09-17 17:00:00,0048..0063,16,0.793,69
e1_a,2026-09-17 18:00:00,0000..0015,16,0.6031,53
e1_a,2026-09-17 18:00:00,0016..0031,16,0.7778,75
e1_a,2026-09-17 18:00:00,0032..0047,16,0.867,81
e1_a,2026-09-17 18:00:00,0048..0063,16,0.7343,67
e1_a,2026-09-17 19:00:00,0000..0015,16,0.4221,25
e1_a,2026-09-17 19:00:00,0016..0031,16,0.5948,46
e1_a,2026-09-17 19:00:00,0032..0047,16,0.3973,31
e1_a,2026-09-17 19:00:00,0048..0063,16,0.5391,41
e1_a,2026-09-17 20:00:00,0000..0015,16,0.5671,59
e1_a,2026-09-17 20:00:00,0016..0031,16,0.3757,33
e1_a,2026-09-17 20:00:00,0032..0047,16,0.3346,33
e1_a,2026-09-17 20:00:00,0048..0063,16,0.663,62
e1_a,2026-09-17 21:00:00,0000..0015,16,0.3331,32
e1_a,2026-09-17 21:00:00,0016..0031,16,0.3604,32
e1_a,2026-09-17 21:00:00,0032..0047,16,0.2168,13
e1_a,2026-09-17 21:00:00,0048..0063,16,0.3317,32
e1_a,2026-09-17 22:00:00,0000..0015,16,0.1945,16
e1_a,2026-09-17 22:00:00,0016..0031,16,0.3007,29
e1_a,2026-09-17 22:00:00,0032..0047,16,0.3014,29
e1_a,2026-09-17 22:00:00,0048..0063,16,0.2092,17
e1_a,2026-09-17 23:00:00,0000..0015,16,0.2342,23
e1_a,2026-09-17 23:00:00,0016..0031,16,0.3573,41
e1_a,2026-09-17 23:00:00,0032..0047,16,0.353,34
e1_a,2026-09-17 23:00:00,0048..0063,16,0.3684,38
e1_a,2026-09-18 00:00:00,0000..0015,16,0.1208,9
e1_a,2026-09-18 00:00:00,0016..0031,16,0.1341,10
e1_a,2026-09-18 00:00:00,0032..0047,16,0.1593,16
e1_a,2026-09-18 00:00:00,0048..0063,16,0.1299,10
e1_a,2026-09-18 01:00:00,0000..0015,16,0.406,45
e1_a,2026-09-18 01:00:00,0016..0031,16,0.3633,40
e1_a,2026-09-18 01:00:00,0032..0047,16,0.2155,22
e1_a,2026-09-18 01:00:00,0048..0063,16,0.3795,39
e1_a,2026-09-18 02:00:00,0000..0015,16,0.3698,40
e1_a,2026-09-18 02:00:00,0016..0031,16,0.343,37
e1_a,2026-09-18 02:00:00,0032..0047,16,0.4296,51
e1_a,2026-09-18 02:00:00,0048..0063,16,0.4165,50
e1_a,2026-09-18 03:00:00,0000..0015,16,0.3999,46
e1_a,2026-09-18 03:00:00,0016..0031,16,0.5441,63
e1_a,2026-09-18 03:00:00,0032..0047,16,0.8911,63
e1_a,2026-09-18 03:00:00,0048..0063,16,0.3838,45
e1_a,2026-09-18 04:00:00,0000..0015,16,0.3652,44
e1_a,2026-09-18 04:00:00,0016..0031,16,0.5485,69
e1_a,2026-09-18 04:00:00,0032..0047,16,0.3628,44
e1_a,2026-09-18 04:00:00,0048..0063,16,0.3027,38
e1_a,2026-09-18 05:00:00,0000..0015,16,0.2913,30
e1_a,2026-09-18 05:00:00,0016..0031,16,0.3498,39
e1_a,2026-09-18 05:00:00,0032..0047,16,0.3966,37
e1_a,2026-09-18 05:00:00,0048..0063,16,0.4435,51
e1_a,2026-09-18 06:00:00,0000..0015,16,0.4775,56
e1_a,2026-09-18 06:00:00,0016..0031,16,0.5737,69
e1_a,2026-09-18 06:00:00,0032..0047,16,0.4021,46
e1_a,2026-09-18 06:00:00,0048..0063,16,0.5699,71
e1_a,2026-09-18 07:00:00,0000..0015,16,0.3357,37
e1_a,2026-09-18 07:00:00,0016..0031,16,0.41,45
e1_a,2026-09-18 07:00:00,0032..0047,16,0.3123,28
e1_a,2026-09-18 07:00:00,0048..0063,16,0.5125,60
e1_a,2026-09-18 08:00:00,0000..0015,16,0.1389,13
e1_a,2026-09-18 08:00:00,0016..0031,16,0.251,27
e1_a,2026-09-18 08:00:00,0032..0047,16,0.3243,38
e1_a,2026-09-18 08:00:00,0048..0063,16,0.4304,53
e1_a,2026-09-18 09:00:00,0000..0015,16,0.4346,51
e1_a,2026-09-18 09:00:00,0016..0031,16,0.6826,81
e1_a,2026-09-18 09:00:00,0032..0047,16,0.7701,92
e1_a,2026-09-18 09:00:00,0048..0063,16,0.8739,128
e1_a,2026-09-18 10:00:00,0000..0015,16,0.3273,37
e1_a,2026-09-18 10:00:00,0016..0031,16,0.4963,60
e1_a,2026-09-18 10:00:00,0032..0047,16,0.374,41
e1_a,2026-09-18 10:00:00,0048..0063,16,0.6062,75
e1_a,2026-09-18 11:00:00,0000..0015,16,0.3814,38
e1_a,2026-09-18 11:00:00,0016..0031,16,0.73,80
e1_a,2026-09-18 11:00:00,0032..0047,16,0.584,61
e1_a,2026-09-18 11:00:00,0048..0063,16,0.5945,64
e1_a,2026-09-18 12:00:00,0000..0015,16,0.5996,68
e1_a,2026-09-18 12:00:00,0016..0031,16,0.684,71
e1_a,2026-09-18 12:00:00,0032..0047,16,0.6696,54
e1_a,2026-09-18 12:00:00,0048..0063,16,0.6231,53
e1_a,2026-09-18 13:00:00,0000..0015,16,0.6707,64
e1_a,2026-09-18 13:00:00,0016..0031,16,0.8464,89
e1_a,2026-09-18 13:00:00,0032..0047,16,0.6947,66
e1_a,2026-09-18 13:00:00,0048..0063,16,0.7675,60
e1_a,2026-09-18 14:00:00,0000..0015,16,0.6254,63
e1_a,2026-09-18 14:00:00,0016..0031,16,0.7301,77
e1_a,2026-09-18 14:00:00,0032..0047,16,0.6268,63
e1_a,2026-09-18 14:00:00,0048..0063,16,0.5963,64
e1_a,2026-09-18 15:00:00,0000..0015,16,0.6229,66
e1_a,2026-09-18 15:00:00,0016..0031,16,0.7028,79
e1_a,2026-09-18 15:00:00,0032..0047,16,0.6072,58
e1_a,2026-09-18 15:00:00,0048..0063,16,0.7234,82
e1_a,2026-09-18 16:00:00,0000..0015,16,0.739,84
e1_a,2026-09-18 16:00:00,0016..0031,16,0.6884,73
e1_a,2026-09-18 16:00:00,0032..0047,16,0.5774,54
e1_a,2026-09-18 16:00:00,0048..0063,16,0.8591,90
e1_a,2026-09-18 17:00:00,0000..0015,16,0.7716,84
e1_a,2026-09-18 17:00:00,0016..0031,16,0.6092,63
e1_a,2026-09-18 17:00:00,0032..0047,16,0.9187,94
e1_a,2026-09-18 17:00:00,0048..0063,16,0.7999,71
e1_a,2026-09-18 18:00:00,0000..0015,16,0.4432,42
e1_a,2026-09-18 18:00:00,0016..0031,16,0.4351,44
e1_a,2026-09-18 18:00:00,0032..0047,16,0.424,36
e1_a,2026-09-18 18:00:00,0048..0063,16,0.5414,53
e1_a,2026-09-18 19:00:00,0000..0015,16,0.4532,46
e1_a,2026-09-18 19:00:00,0016..0031,16,0.3659,33
e1_a,2026-09-18 19:00:00,0032..0047,16,0.4114,32
e1_a,2026-09-18 19:00:00,0048..0063,16,0.3441,27
e1_a,2026-09-18 20:00:00,0000..0015,16,0.3494,36
e1_a,2026-09-18 20:00:00,0016..0031,16,0.3457,32
e1_a,2026-09-18 20:00:00,0032..0047,16,0.3598,35
e1_a,2026-09-18 20:00:00,0048..0063,16,0.2662,22
e1_a,2026-09-18 21:00:00,0000..0015,16,0.2659,25
e1_a,2026-09-18 21:00:00,0016..0031,16,0.2628,24
e1_a,2026-09-18 21:00:00,0032..0047,16,0.1791,12
e1_a,2026-09-18 21:00:00,0048..0063,16,0.2973,25
e1_a,2026-09-18 22:00:00,0000..0015,16,0.2295,20
e1_a,2026-09-18 22:00:00,0016..0031,16,0.3284,22
e1_a,2026-09-18 22:00:00,0032..0047,16,0.2111,18
e1_a,2026-09-18 22:00:00,0048..0063,16,0.2395,21
e1_a,2026-09-18 23:00:00,0000..0015,16,0.4205,58
e1_a,2026-09-18 23:00:00,0016..0031,16,0.8554,118
e1_a,2026-09-18 23:00:00,0032..0047,16,0.3469,42
e1_a,2026-09-18 23:00:00,0048..0063,16,0.4094,51
e1_a,2026-09-19 00:00:00,0000..0015,16,0.5217,20
e1_a,2026-09-19 00:00:00,0016..0031,16,0.3741,39
e1_a,2026-09-19 00:00:00,0032..0047,16,0.3596,42
e1_a,2026-09-19 00:00:00,0048..0063,16,0.4348,46
e1_a,2026-09-19 01:00:00,0000..0015,16,0.7234,82
e1_a,2026-09-19 01:00:00,0016..0031,16,0.5024,56
e1_a,2026-09-19 01:00:00,0032..0047,16,0.5893,62
e1_a,2026-09-19 01:00:00,0048..0063,16,0.6399,57
e1_a,2026-09-19 02:00:00,0000..0015,16,0.2014,20
e1_a,2026-09-19 02:00:00,0016..0031,16,0.238,26
e1_a,2026-09-19 02:00:00,0032..0047,16,0.2488,25
e1_a,2026-09-19 02:00:00,0048..0063,16,0.3643,41
e1_a,2026-09-19 03:00:00,0000..0015,16,0.6163,72
e1_a,2026-09-19 03:00:00,0016..0031,16,0.5507,65
e1_a,2026-09-19 03:00:00,0032..0047,16,0.8313,69
e1_a,2026-09-19 03:00:00,0048..0063,16,0.8423,103
e1_a,2026-09-19 04:00:00,0000..0015,16,0.4619,49
e1_a,2026-09-19 04:00:00,0016..0031,16,0.4168,43
e1_a,2026-09-19 04:00:00,0032..0047,16,0.4028,45
e1_a,2026-09-19 04:00:00,0048..0063,16,0.5054,58
e1_a,2026-09-19 05:00:00,0000..0015,16,0.5076,57
e1_a,2026-09-19 05:00:00,0016..0031,16,0.4848,53
e1_a,2026-09-19 05:00:00,0032..0047,16,0.5193,57
e1_a,2026-09-19 05:00:00,0048..0063,16,0.5397,62
e1_a,2026-09-19 06:00:00,0000..0015,16,0.613,66
e1_a,2026-09-19 06:00:00,0016..0031,16,0.6269,68
e1_a,2026-09-19 06:00:00,0032..0047,16,0.6995,79
e1_a,2026-09-19 06:00:00,0048..0063,16,0.8481,98
e1_a,2026-09-19 07:00:00,0000..0015,16,0.2844,31
e1_a,2026-09-19 07:00:00,0016..0031,16,0.3246,37
e1_a,2026-09-19 07:00:00,0032..0047,16,0.2943,32
e1_a,2026-09-19 07:00:00,0048..0063,16,0.2686,29
e1_a,2026-09-19 08:00:00,0000..0015,16,0.4741,51
e1_a,2026-09-19 08:00:00,0016..0031,16,0.3194,34
e1_a,2026-09-19 08:00:00,0032..0047,16,0.4645,55
e1_a,2026-09-19 08:00:00,0048..0063,16,0.6816,64
e1_a,2026-09-19 09:00:00,0000..0015,16,0.408,42
e1_a,2026-09-19 09:00:00,0016..0031,16,0.3384,36
e1_a,2026-09-19 09:00:00,0032..0047,16,0.5153,57
e1_a,2026-09-19 09:00:00,0048..0063,16,0.6082,67
e1_a,2026-09-19 10:00:00,0000..0015,16,0.6519,72
e1_a,2026-09-19 10:00:00,0016..0031,16,0.606,48
e1_a,2026-09-19 10:00:00,0032..0047,16,0.565,63
e1_a,2026-09-19 10:00:00,0048..0063,16,0.9798,118
e1_a,2026-09-19 11:00:00,0000..0015,16,0.4496,45
e1_a,2026-09-19 11:00:00,0016..0031,16,0.4773,50
e1_a,2026-09-19 11:00:00,0032..0047,16,0.3476,32
e1_a,2026-09-19 11:00:00,0048..0063,16,0.6006,62
e1_a,2026-09-19 12:00:00,0000..0015,16,0.2298,17
e1_a,2026-09-19 12:00:00,0016..0031,16,0.3582,31
e1_a,2026-09-19 12:00:00,0032..0047,16,0.2903,24
e1_a,2026-09-19 12:00:00,0048..0063,16,0.3757,34
e1_a,2026-09-19 13:00:00,0000..0015,16,1.0803,111
e1_a,2026-09-19 13:00:00,0016..0031,16,0.8089,83
e1_a,2026-09-19 13:00:00,0032..0047,16,0.7865,72
e1_a,2026-09-19 13:00:00,0048..0063,16,1.025,113
e1_a,2026-09-19 14:00:00,0000..0015,16,0.5675,49
e1_a,2026-09-19 14:00:00,0016..0031,16,0.4862,45
e1_a,2026-09-19 14:00:00,0032..0047,16,0.4659,36
e1_a,2026-09-19 14:00:00,0048..0063,16,0.8329,78
e1_a,2026-09-19 15:00:00,0000..0015,16,1.1051,118
e1_a,2026-09-19 15:00:00,0016..0031,16,0.9545,105
e1_a,2026-09-19 15:00:00,0032..0047,16,0.736,75
e1_a,2026-09-19 15:00:00,0048..0063,16,0.6777,74
e1_a,2026-09-19 16:00:00,0000..0015,16,0.8491,85
e1_a,2026-09-19 16:00:00,0016..0031,16,0.755,73
e1_a,2026-09-19 16:00:00,0032..0047,16,0.8061,84
e1_a,2026-09-19 16:00:00,0048..0063,16,0.6254,64
e1_a,2026-09-19 17:00:00,0000..0015,16,0.567,51
e1_a,2026-09-19 17:00:00,0016..0031,16,0.6299,52
e1_a,2026-09-19 17:00:00,0032..0047,16,0.7099,66
e1_a,2026-09-19 17:00:00,0048..0063,16,0.5814,60
e1_a,2026-09-19 18:00:00,0000..0015,16,0.6264,57
e1_a,2026-09-19 18:00:00,0016..0031,16,0.5394,52
e1_a,2026-09-19 18:00:00,0032..0047,16,0.5239,46
e1_a,2026-09-19 18:00:00,0048..0063,16,0.9863,63
e1_a,2026-09-19 19:00:00,0000..0015,16,0.7203,75
e1_a,2026-09-19 19:00:00,0016..0031,16,0.7612,79
e1_a,2026-09-19 19:00:00,0032..0047,16,0.4732,44
e1_a,2026-09-19 19:00:00,0048..0063,16,0.4395,43
e1_a,2026-09-19 20:00:00,0000..0015,16,0.6704,65
e1_a,2026-09-19 20:00:00,0016..0031,16,0.5833,54
e1_a,2026-09-19 20:00:00,0032..0047,16,0.5737,56
e1_a,2026-09-19 20:00:00,0048..0063,16,0.3642,37
e1_a,2026-09-19 21:00:00,0000..0015,16,0.3654,35
e1_a,2026-09-19 21:00:00,0016..0031,16,0.3621,30
e1_a,2026-09-19 21:00:00,0032..0047,16,0.3841,39
e1_a,2026-09-19 21:00:00,0048..0063,16,0.3112,30
e1_a,2026-09-19 22:00:00,0000..0015,16,0.2925,20
e1_a,2026-09-19 22:00:00,0016..0031,16,0.1772,8
e1_a,2026-09-19 22:00:00,0032..0047,16,0.2553,20
e1_a,2026-09-19 22:00:00,0048..0063,16,0.1747,14
e1_a,2026-09-19 23:00:00,0000..0015,16,0.6411,77
e1_a,2026-09-19 23:00:00,0016..0031,16,0.6714,79
e1_a,2026-09-19 23:00:00,0032..0047,16,0.5833,69
e1_a,2026-09-19 23:00:00,0048..0063,16,0.5343,69
e1_a,2026-09-20 00:00:00,0000..0015,16,0.4677,52
e1_a,2026-09-20 00:00:00,0016..0031,16,0.4394,51
e1_a,2026-09-20 00:00:00,0032..0047,16,0.6182,70
e1_a,2026-09-20 00:00:00,0048..0063,16,0.438,54
e1_a,2026-09-20 01:00:00,0000..0015,16,0.5297,58
e1_a,2026-09-20 01:00:00,0016..0031,16,0.6787,76
e1_a,2026-09-20 01:00:00,0032..0047,16,0.4594,47
e1_a,2026-09-20 01:00:00,0048..0063,16,0.4491,49
e1_a,2026-09-20 02:00:00,0000..0015,16,0.4695,54
e1_a,2026-09-20 02:00:00,0016..0031,16,0.3101,34
e1_a,2026-09-20 02:00:00,0032..0047,16,0.3202,37
e1_a,2026-09-20 02:00:00,0048..0063,16,0.3645,44
e1_a,2026-09-20 03:00:00,0000..0015,16,0.3636,40
e1_a,2026-09-20 03:00:00,0016..0031,16,0.649,75
e1_a,2026-09-20 03:00:00,0032..0047,16,0.4376,43
e1_a,2026-09-20 03:00:00,0048..0063,16,0.7534,86
e1_a,2026-09-20 04:00:00,0000..0015,16,0.2732,29
e1_a,2026-09-20 04:00:00,0016..0031,16,0.2252,23
e1_a,2026-09-20 04:00:00,0032..0047,16,0.3081,36
e1_a,2026-09-20 04:00:00,0048..0063,16,0.2771,30
e1_a,2026-09-20 05:00:00,0000..0015,16,0.4942,59
e1_a,2026-09-20 05:00:00,0016..0031,16,0.4103,43
e1_a,2026-09-20 05:00:00,0032..0047,16,0.6252,69
e1_a,2026-09-20 05:00:00,0048..0063,16,0.4746,49
e1_a,2026-09-20 06:00:00,0000..0015,16,0.3652,42
e1_a,2026-09-20 06:00:00,0016..0031,16,0.5968,71
e1_a,2026-09-20 06:00:00,0032..0047,16,0.3067,31
e1_a,2026-09-20 06:00:00,0048..0063,16,0.2986,31
e1_a,2026-09-20 07:00:00,0000..0015,16,0.2055,20
e1_a,2026-09-20 07:00:00,0016..0031,16,0.2415,24
e1_a,2026-09-20 07:00:00,0032..0047,16,0.1481,12
e1_a,2026-09-20 07:00:00,0048..0063,16,0.2679,26
e1_a,2026-09-20 08:00:00,0000..0015,16,0.4537,53
e1_a,2026-09-20 08:00:00,0016..0031,16,0.354,40
e1_a,2026-09-20 08:00:00,0032..0047,16,0.2522,26
e1_a,2026-09-20 08:00:00,0048..0063,16,0.3524,35
e1_a,2026-09-20 09:00:00,0000..0015,16,0.5389,62
e1_a,2026-09-20 09:00:00,0016..0031,16,0.6438,73
e1_a,2026-09-20 09:00:00,0032..0047,16,0.6181,65
e1_a,2026-09-20 09:00:00,0048..0063,16,0.4029,42
e1_a,2026-09-20 10:00:00,0000..0015,16,0.2043,21
e1_a,2026-09-20 10:00:00,0016..0031,16,0.283,29
e1_a,2026-09-20 10:00:00,0032..0047,16,0.1253,12
e1_a,2026-09-20 10:00:00,0048..0063,16,0.446,47
e1_a,2026-09-20 11:00:00,0000..0015,16,0.1725,15
e1_a,2026-09-20 11:00:00,0016..0031,16,0.4077,45
e1_a,2026-09-20 11:00:00,0032..0047,16,0.2889,29
e1_a,2026-09-20 11:00:00,0048..0063,16,0.3672,24
e1_a,2026-09-20 12:00:00,0000..0015,16,0.4984,56
e1_a,2026-09-20 12:00:00,0016..0031,16,0.2792,24
e1_a,2026-09-20 12:00:00,0032..0047,16,0.2923,27
e1_a,2026-09-20 12:00:00,0048..0063,16,0.4783,46
e1_a,2026-09-20 13:00:00,0000..0015,16,0.2678,22
e1_a,2026-09-20 13:00:00,0016..0031,16,0.3075,26
e1_a,2026-09-20 13:00:00,0032..0047,16,0.2989,28
e1_a,2026-09-20 13:00:00,0048..0063,16,0.3623,29
e1_a,2026-09-20 14:00:00,0000..0015,16,0.5309,49
e1_a,2026-09-20 14:00:00,0016..0031,16,0.3581,35
e1_a,2026-09-20 14:00:00,0032..0047,16,0.5687,69
e1_a,2026-09-20 14:00:00,0048..0063,16,0.4416,38
e1_a,2026-09-20 15:00:00,0000..0015,16,0.4653,54
e1_a,2026-09-20 15:00:00,0016..0031,16,0.351,31
e1_a,2026-09-20 15:00:00,0032..0047,16,0.3974,43
e1_a,2026-09-20 15:00:00,0048..0063,16,0.4165,29
e1_a,2026-09-20 16:00:00,0000..0015,16,0.9295,95
e1_a,2026-09-20 16:00:00,0016..0031,16,0.6027,60
e1_a,2026-09-20 16:00:00,0032..0047,16,0.7868,92
e1_a,2026-09-20 16:00:00,0048..0063,16,0.8451,86
e1_a,2026-09-20 17:00:00,0000..0015,16,0.9933,68
e1_a,2026-09-20 17:00:00,0016..0031,16,0.5129,52
e1_a,2026-09-20 17:00:00,0032..0047,16,0.4519,44
e1_a,2026-09-20 17:00:00,0048..0063,16,0.4332,39
e1_a,2026-09-20 18:00:00,0000..0015,16,0.5942,61
e1_a,2026-09-20 18:00:00,0016..0031,16,0.6668,66
e1_a,2026-09-20 18:00:00,0032..0047,16,0.3983,39
e1_a,2026-09-20 18:00:00,0048..0063,16,0.6485,64
e1_a,2026-09-20 19:00:00,0000..0015,16,0.3216,32
e1_a,2026-09-20 19:00:00,0016..0031,16,0.3067,27
e1_a,2026-09-20 19:00:00,0032..0047,16,0.3073,28
e1_a,2026-09-20 19:00:00,0048..0063,16,0.3377,26
e1_a,2026-09-20 20:00:00,0000..0015,16,0.1873,14
e1_a,2026-09-20 20:00:00,0016..0031,16,0.1199,6
e1_a,2026-09-20 20:00:00,0032..0047,16,0.2001,17
e1_a,2026-09-20 20:00:00,0048..0063,16,0.2864,24
e1_a,2026-09-20 21:00:00,0000..0015,16,0.32,17
e1_a,2026-09-20 21:00:00,0016..0031,16,0.1378,4
e1_a,2026-09-20 21:00:00,0032..0047,16,0.1471,12
e1_a,2026-09-20 21:00:00,0048..0063,16,0.2004,18
e1_a,2026-09-20 22:00:00,0000..0015,16,0.2542,23
e1_a,2026-09-20 22:00:00,0016..0031,16,0.0965,5
e1_a,2026-09-20 22:00:00,0032..0047,16,0.1409,11
e1_a,2026-09-20 22:00:00,0048..0063,16,0.1933,13
e1_a,2026-09-20 23:00:00,0000..0015,16,0.3985,44
e1_a,2026-09-20 23:00:00,0016..0031,16,0.3898,48
e1_a,2026-09-20 23:00:00,0032..0047,16,0.4155,45
e1_a,2026-09-20 23:00:00,0048..0063,16,0.5013,55
e1_a,2026-09-21 00:00:00,0000..0015,16,0.3335,38
e1_a,2026-09-21 00:00:00,0016..0031,16,0.2949,29
e1_a,2026-09-21 00:00:00,0032..0047,16,0.285,35
e1_a,2026-09-21 00:00:00,0048..0063,16,0.2947,30
e1_a,2026-09-21 01:00:00,0000..0015,16,0.2889,31
e1_a,2026-09-21 01:00:00,0016..0031,16,0.2287,25
e1_a,2026-09-21 01:00:00,0032..0047,16,0.2219,23
e1_a,2026-09-21 01:00:00,0048..0063,16,0.4241,45
e1_a,2026-09-21 02:00:00,0000..0015,16,0.2483,27
e1_a,2026-09-21 02:00:00,0016..0031,16,0.2826,36
e1_a,2026-09-21 02:00:00,0032..0047,16,0.268,35
e1_a,2026-09-21 02:00:00,0048..0063,16,0.2356,26
e1_a,2026-09-21 03:00:00,0000..0015,16,0.2125,23
e1_a,2026-09-21 03:00:00,0016..0031,16,0.2843,32
e1_a,2026-09-21 03:00:00,0032..0047,16,0.1917,18
e1_a,2026-09-21 03:00:00,0048..0063,16,0.3951,44
e1_b,2026-09-21 04:00:00,0000..0015,16,0.2188,21
e1_b,2026-09-21 04:00:00,0016..0031,16,0.4297,51
e1_b,2026-09-21 04:00:00,0032..0047,16,0.3523,38
e1_b,2026-09-21 04:00:00,0048..0063,16,0.5125,61
e1_b,2026-09-21 05:00:00,0000..0015,16,0.4022,45
e1_b,2026-09-21 05:00:00,0016..0031,16,0.6311,75
e1_b,2026-09-21 05:00:00,0032..0047,16,0.4491,53
e1_b,2026-09-21 05:00:00,0048..0063,16,0.4981,58
e1_b,2026-09-21 06:00:00,0000..0015,16,0.2688,27
e1_b,2026-09-21 06:00:00,0016..0031,16,0.256,26
e1_b,2026-09-21 06:00:00,0032..0047,16,0.298,36
e1_b,2026-09-21 06:00:00,0048..0063,16,0.2452,27
e1_b,2026-09-21 07:00:00,0000..0015,16,0.291,30
e1_b,2026-09-21 07:00:00,0016..0031,16,0.3908,45
e1_b,2026-09-21 07:00:00,0032..0047,16,0.4841,53
e1_b,2026-09-21 07:00:00,0048..0063,16,0.3765,43
e1_b,2026-09-21 08:00:00,0000..0015,16,0.2213,23
e1_b,2026-09-21 08:00:00,0016..0031,16,0.4915,60
e1_b,2026-09-21 08:00:00,0032..0047,16,0.3658,45
e1_b,2026-09-21 08:00:00,0048..0063,16,0.4139,49
e1_b,2026-09-21 09:00:00,0000..0015,16,0.3731,43
e1_b,2026-09-21 09:00:00,0016..0031,16,0.2928,33
e1_b,2026-09-21 09:00:00,0032..0047,16,0.5456,37
e1_b,2026-09-21 09:00:00,0048..0063,16,0.3416,38
e1_b,2026-09-21 10:00:00,0000..0015,16,0.515,62
e1_b,2026-09-21 10:00:00,0016..0031,16,0.4819,59
e1_b,2026-09-21 10:00:00,0032..0047,16,0.3052,32
e1_b,2026-09-21 10:00:00,0048..0063,16,0.3718,45
e1_b,2026-09-21 11:00:00,0000..0015,16,0.6467,70
e1_b,2026-09-21 11:00:00,0016..0031,16,0.7083,80
e1_b,2026-09-21 11:00:00,0032..0047,16,0.9472,103
e1_b,2026-09-21 11:00:00,0048..0063,16,1.1725,205
e1_b,2026-09-21 12:00:00,0000..0015,16,0.6271,54
e1_b,2026-09-21 12:00:00,0016..0031,16,0.4975,45
e1_b,2026-09-21 12:00:00,0032..0047,16,0.6806,51
e1_b,2026-09-21 12:00:00,0048..0063,16,0.5055,42
e1_b,2026-09-21 13:00:00,0000..0015,16,0.7035,66
e1_b,2026-09-21 13:00:00,0016..0031,16,0.6256,57
e1_b,2026-09-21 13:00:00,0032..0047,16,0.755,73
e1_b,2026-09-21 13:00:00,0048..0063,16,0.6395,52
e1_b,2026-09-21 14:00:00,0000..0015,16,0.6641,67
e1_b,2026-09-21 14:00:00,0016..0031,16,0.5011,38
e1_b,2026-09-21 14:00:00,0032..0047,16,0.6424,60
e1_b,2026-09-21 14:00:00,0048..0063,16,0.7663,84
e1_b,2026-09-21 15:00:00,0000..0015,16,0.7779,73
e1_b,2026-09-21 15:00:00,0016..0031,16,0.7351,69
e1_b,2026-09-21 15:00:00,0032..0047,16,0.6224,62
e1_b,2026-09-21 15:00:00,0048..0063,16,0.6258,61
e1_b,2026-09-21 16:00:00,0000..0015,16,0.9662,111
e1_b,2026-09-21 16:00:00,0016..0031,16,0.7211,82
e1_b,2026-09-21 16:00:00,0032..0047,16,0.8377,76
e1_b,2026-09-21 16:00:00,0048..0063,16,0.8456,97
e1_b,2026-09-21 17:00:00,0000..0015,16,0.7465,70
e1_b,2026-09-21 17:00:00,0016..0031,16,0.7675,74
e1_b,2026-09-21 17:00:00,0032..0047,16,0.6747,65
e1_b,2026-09-21 17:00:00,0048..0063,16,0.7011,80
e1_b,2026-09-21 18:00:00,0000..0015,16,0.3624,30
e1_b,2026-09-21 18:00:00,0016..0031,16,0.3774,30
e1_b,2026-09-21 18:00:00,0032..0047,16,0.489,53
e1_b,2026-09-21 18:00:00,0048..0063,16,0.6298,70
e1_b,2026-09-21 19:00:00,0000..0015,16,0.5083,51
e1_b,2026-09-21 19:00:00,0016..0031,16,0.5183,50
e1_b,2026-09-21 19:00:00,0032..0047,16,0.5954,62
e1_b,2026-09-21 19:00:00,0048..0063,16,0.4719,48
e1_b,2026-09-21 20:00:00,0000..0015,16,0.313,28
e1_b,2026-09-21 20:00:00,0016..0031,16,0.3091,27
e1_b,2026-09-21 20:00:00,0032..0047,16,0.2685,23
e1_b,2026-09-21 20:00:00,0048..0063,16,0.2853,26
e1_b,2026-09-21 21:00:00,0000..0015,16,0.2528,22
e1_b,2026-09-21 21:00:00,0016..0031,16,0.2392,17
e1_b,2026-09-21 21:00:00,0032..0047,16,0.2898,22
e1_b,2026-09-21 21:00:00,0048..0063,16,0.2273,19
e1_b,2026-09-21 22:00:00,0000..0015,16,0.2194,17
e1_b,2026-09-21 22:00:00,0016..0031,16,0.1572,12
e1_b,2026-09-21 22:00:00,0032..0047,16,0.1671,15
e1_b,2026-09-21 22:00:00,0048..0063,16,0.2049,16
e1_b,2026-09-21 23:00:00,0000..0015,16,0.4045,48
e1_b,2026-09-21 23:00:00,0016..0031,16,0.4271,48
e1_b,2026-09-21 23:00:00,0032..0047,16,0.3368,38
e1_b,2026-09-21 23:00:00,0048..0063,16,0.3579,43
e1_b,2026-09-22 00:00:00,0000..0015,16,0.4491,43
e1_b,2026-09-22 00:00:00,0016..0031,16,0.3693,43
e1_b,2026-09-22 00:00:00,0032..0047,16,0.2521,28
e1_b,2026-09-22 00:00:00,0048..0063,16,0.2276,26
e1_b,2026-09-22 01:00:00,0000..0015,16,0.265,26
e1_b,2026-09-22 01:00:00,0016..0031,16,0.2203,24
e1_b,2026-09-22 01:00:00,0032..0047,16,0.3003,31
e1_b,2026-09-22 01:00:00,0048..0063,16,0.2551,28
e1_b,2026-09-22 02:00:00,0000..0015,16,0.3677,38
e1_b,2026-09-22 02:00:00,0016..0031,16,0.5289,53
e1_b,2026-09-22 02:00:00,0032..0047,16,0.6648,73
e1_b,2026-09-22 02:00:00,0048..0063,16,0.725,82
e1_b,2026-09-22 03:00:00,0000..0015,16,0.2869,30
e1_b,2026-09-22 03:00:00,0016..0031,16,0.3365,35
e1_b,2026-09-22 03:00:00,0032..0047,16,0.3552,37
e1_b,2026-09-22 03:00:00,0048..0063,16,0.414,44
e1_b,2026-09-22 04:00:00,0000..0015,16,0.4668,47
e1_b,2026-09-22 04:00:00,0016..0031,16,0.6841,69
e1_b,2026-09-22 04:00:00,0032..0047,16,0.5748,58
e1_b,2026-09-22 04:00:00,0048..0063,16,0.6769,72
e1_b,2026-09-22 05:00:00,0000..0015,16,0.6439,72
e1_b,2026-09-22 05:00:00,0016..0031,16,0.5876,66
e1_b,2026-09-22 05:00:00,0032..0047,16,0.8754,61
e1_b,2026-09-22 05:00:00,0048..0063,16,0.7095,78
e1_b,2026-09-22 06:00:00,0000..0015,16,0.419,46
e1_b,2026-09-22 06:00:00,0016..0031,16,0.583,63
e1_b,2026-09-22 06:00:00,0032..0047,16,0.6322,74
e1_b,2026-09-22 06:00:00,0048..0063,16,0.604,66
e1_b,2026-09-22 07:00:00,0000..0015,16,0.5169,47
e1_b,2026-09-22 07:00:00,0016..0031,16,0.4634,48
e1_b,2026-09-22 07:00:00,0032..0047,16,0.4988,54
e1_b,2026-09-22 07:00:00,0048..0063,16,0.3544,36
e1_b,2026-09-22 08:00:00,0000..0015,16,0.3638,38
e1_b,2026-09-22 08:00:00,0016..0031,16,0.2067,19
e1_b,2026-09-22 08:00:00,0032..0047,16,0.3363,35
e1_b,2026-09-22 08:00:00,0048..0063,16,0.4342,47
e1_b,2026-09-22 09:00:00,0000..0015,16,0.3754,37
e1_b,2026-09-22 09:00:00,0016..0031,16,0.8178,92
e1_b,2026-09-22 09:00:00,0032..0047,16,0.4614,53
e1_b,2026-09-22 09:00:00,0048..0063,16,0.4457,51
e1_b,2026-09-22 10:00:00,0000..0015,16,0.6079,73
e1_b,2026-09-22 10:00:00,0016..0031,16,0.8182,100
e1_b,2026-09-22 10:00:00,0032..0047,16,0.91,98
e1_b,2026-09-22 10:00:00,0048..0063,16,0.5563,61
e1_b,2026-09-22 11:00:00,0000..0015,16,0.4143,37
e1_b,2026-09-22 11:00:00,0016..0031,16,0.8501,96
e1_b,2026-09-22 11:00:00,0032..0047,16,0.789,83
e1_b,2026-09-22 11:00:00,0048..0063,16,0.6781,62
e1_b,2026-09-22 12:00:00,0000..0015,16,0.7118,54
e1_b,2026-09-22 12:00:00,0016..0031,16,0.7494,62
e1_b,2026-09-22 12:00:00,0032..0047,16,0.9505,82
e1_b,2026-09-22 12:00:00,0048..0063,16,0.7562,53
e1_b,2026-09-22 13:00:00,0000..0015,16,1.0132,94
e1_b,2026-09-22 13:00:00,0016..0031,16,1.1727,116
e1_b,2026-09-22 13:00:00,0032..0047,16,0.7901,68
e1_b,2026-09-22 13:00:00,0048..0063,16,1.0516,99
e1_b,2026-09-22 14:00:00,0000..0015,16,0.5956,41
e1_b,2026-09-22 14:00:00,0016..0031,16,0.7197,68
e1_b,2026-09-22 14:00:00,0032..0047,16,0.5731,49
e1_b,2026-09-22 14:00:00,0048..0063,16,0.5765,51
e1_b,2026-09-22 15:00:00,0000..0015,16,0.5879,56
e1_b,2026-09-22 15:00:00,0016..0031,16,1.024,118
e1_b,2026-09-22 15:00:00,0032..0047,16,0.6968,69
e1_b,2026-09-22 15:00:00,0048..0063,16,0.794,80
e1_b,2026-09-22 16:00:00,0000..0015,16,0.6954,69
e1_b,2026-09-22 16:00:00,0016..0031,16,0.8504,90
e1_b,2026-09-22 16:00:00,0032..0047,16,0.6756,69
e1_b,2026-09-22 16:00:00,0048..0063,16,1.0047,96
e1_b,2026-09-22 17:00:00,0000..0015,16,0.8073,81
e1_b,2026-09-22 17:00:00,0016..0031,16,0.807,86
e1_b,2026-09-22 17:00:00,0032..0047,16,0.558,49
e1_b,2026-09-22 17:00:00,0048..0063,16,0.8052,78
e1_b,2026-09-22 18:00:00,0000..0015,16,0.6004,47
e1_b,2026-09-22 18:00:00,0016..0031,16,0.5542,54
e1_b,2026-09-22 18:00:00,0032..0047,16,0.3927,35
e1_b,2026-09-22 18:00:00,0048..0063,16,0.4501,37
e1_b,2026-09-22 19:00:00,0000..0015,16,0.4742,41
e1_b,2026-09-22 19:00:00,0016..0031,16,0.3538,30
e1_b,2026-09-22 19:00:00,0032..0047,16,0.4306,38
e1_b,2026-09-22 19:00:00,0048..0063,16,0.5918,57
e1_b,2026-09-22 20:00:00,0000..0015,16,0.3411,30
e1_b,2026-09-22 20:00:00,0016..0031,16,0.3336,27
e1_b,2026-09-22 20:00:00,0032..0047,16,0.2685,21
e1_b,2026-09-22 20:00:00,0048..0063,16,0.264,21
e1_b,2026-09-22 21:00:00,0000..0015,16,0.2069,18
e1_b,2026-09-22 21:00:00,0016..0031,16,0.2005,17
e1_b,2026-09-22 21:00:00,0032..0047,16,0.2271,20
e1_b,2026-09-22 21:00:00,0048..0063,16,0.1875,14
e1_b,2026-09-22 22:00:00,0000..0015,16,0.1963,18
e1_b,2026-09-22 22:00:00,0016..0031,16,0.3661,36
e1_b,2026-09-22 22:00:00,0032..0047,16,0.2904,29
e1_b,2026-09-22 22:00:00,0048..0063,16,0.1013,5
e1_b,2026-09-22 23:00:00,0000..0015,16,0.4383,58
e1_b,2026-09-22 23:00:00,0016..0031,16,0.5706,66
e1_b,2026-09-22 23:00:00,0032..0047,16,0.2929,29
e1_b,2026-09-22 23:00:00,0048..0063,16,0.4188,47
e1_b,2026-09-23 00:00:00,0000..0015,16,0.4034,45
e1_b,2026-09-23 00:00:00,0016..0031,16,1.3194,44
e1_b,2026-09-23 00:00:00,0032..0047,16,0.6658,77
e1_b,2026-09-23 00:00:00,0048..0063,16,0.4312,44
e1_b,2026-09-23 01:00:00,0000..0015,16,0.2649,28
e1_b,2026-09-23 01:00:00,0016..0031,16,0.5096,51
e1_b,2026-09-23 01:00:00,0032..0047,16,0.4601,48
e1_b,2026-09-23 01:00:00,0048..0063,16,0.5874,59
e1_b,2026-09-23 02:00:00,0000..0015,16,0.2307,21
e1_b,2026-09-23 02:00:00,0016..0031,16,0.3815,41
e1_b,2026-09-23 02:00:00,0032..0047,16,0.2988,29
e1_b,2026-09-23 02:00:00,0048..0063,16,0.2921,30
e1_b,2026-09-23 03:00:00,0000..0015,16,0.3893,40
e1_b,2026-09-23 03:00:00,0016..0031,16,0.2677,25
e1_b,2026-09-23 03:00:00,0032..0047,16,0.2734,27
e1_b,2026-09-23 03:00:00,0048..0063,16,0.2499,23
e1_b,2026-09-23 04:00:00,0000..0015,16,0.5457,57
e1_b,2026-09-23 04:00:00,0016..0031,16,0.4212,46
e1_b,2026-09-23 04:00:00,0032..0047,16,0.4869,52
e1_b,2026-09-23 04:00:00,0048..0063,16,0.3263,33
e1_b,2026-09-23 05:00:00,0000..0015,16,0.4806,52
e1_b,2026-09-23 05:00:00,0016..0031,16,0.7299,80
e1_b,2026-09-23 05:00:00,0032..0047,16,0.6891,78
e1_b,2026-09-23 05:00:00,0048..0063,16,0.8394,95
e1_b,2026-09-23 06:00:00,0000..0015,16,0.6015,66
e1_b,2026-09-23 06:00:00,0016..0031,16,0.636,78
e1_b,2026-09-23 06:00:00,0032..0047,16,0.4257,47
e1_b,2026-09-23 06:00:00,0048..0063,16,0.5467,65
e1_b,2026-09-23 07:00:00,0000..0015,16,0.4937,53
e1_b,2026-09-23 07:00:00,0016..0031,16,0.5258,56
e1_b,2026-09-23 07:00:00,0032..0047,16,0.5394,58
e1_b,2026-09-23 07:00:00,0048..0063,16,0.6119,68
e1_b,2026-09-23 08:00:00,0000..0015,16,1.01,110
e1_b,2026-09-23 08:00:00,0016..0031,16,1.0697,128
e1_b,2026-09-23 08:00:00,0032..0047,16,0.8342,50
e1_b,2026-09-23 08:00:00,0048..0063,16,0.5244,56
e1_b,2026-09-23 09:00:00,0000..0015,16,0.3544,35
e1_b,2026-09-23 09:00:00,0016..0031,16,0.4444,48
e1_b,2026-09-23 09:00:00,0032..0047,16,0.4169,41
e1_b,2026-09-23 09:00:00,0048..0063,16,0.2623,24
e1_b,2026-09-23 10:00:00,0000..0015,16,0.4079,44
e1_b,2026-09-23 10:00:00,0016..0031,16,0.6868,70
e1_b,2026-09-23 10:00:00,0032..0047,16,0.5349,70
e1_b,2026-09-23 10:00:00,0048..0063,16,0.3933,46
e1_b,2026-09-23 11:00:00,0000..0015,16,0.7264,68
e1_b,2026-09-23 11:00:00,0016..0031,16,0.573,64
e1_b,2026-09-23 11:00:00,0032..0047,16,0.4487,39
e1_b,2026-09-23 11:00:00,0048..0063,16,0.5815,54
e1_b,2026-09-23 12:00:00,0000..0015,16,0.9986,90
e1_b,2026-09-23 12:00:00,0016..0031,16,0.8721,85
e1_b,2026-09-23 12:00:00,0032..0047,16,0.7112,61
e1_b,2026-09-23 12:00:00,0048..0063,16,0.7576,70
e1_b,2026-09-23 13:00:00,0000..0015,16,0.7537,55
e1_b,2026-09-23 13:00:00,0016..0031,16,0.6145,50
e1_b,2026-09-23 13:00:00,0032..0047,16,0.7475,58
e1_b,2026-09-23 13:00:00,0048..0063,16,0.5874,61
e1_b,2026-09-23 14:00:00,0000..0015,16,1.2008,120
e1_b,2026-09-23 14:00:00,0016..0031,16,0.7569,68
e1_b,2026-09-23 14:00:00,0032..0047,16,1.0433,102
e1_b,2026-09-23 14:00:00,0048..0063,16,0.8664,102
e1_b,2026-09-23 15:00:00,0000..0015,16,0.5709,50
e1_b,2026-09-23 15:00:00,0016..0031,16,0.4292,38
e1_b,2026-09-23 15:00:00,0032..0047,16,0.6129,48
e1_b,2026-09-23 15:00:00,0048..0063,16,0.2905,29
e1_b,2026-09-23 16:00:00,0000..0015,16,0.7334,67
e1_b,2026-09-23 16:00:00,0016..0031,16,0.5657,56
e1_b,2026-09-23 16:00:00,0032..0047,16,0.8857,84
e1_b,2026-09-23 16:00:00,0048..0063,16,0.4467,45
e1_b,2026-09-23 17:00:00,0000..0015,16,0.7554,62
e1_b,2026-09-23 17:00:00,0016..0031,16,0.8332,75
e1_b,2026-09-23 17:00:00,0032..0047,16,0.7119,60
e1_b,2026-09-23 17:00:00,0048..0063,16,0.5428,57
e1_b,2026-09-23 18:00:00,0000..0015,16,0.5762,46
e1_b,2026-09-23 18:00:00,0016..0031,16,0.4977,47
e1_b,2026-09-23 18:00:00,0032..0047,16,0.931,46
e1_b,2026-09-23 18:00:00,0048..0063,16,0.4499,50
e1_b,2026-09-23 19:00:00,0000..0015,16,0.5497,44
e1_b,2026-09-23 19:00:00,0016..0031,16,0.3733,36
e1_b,2026-09-23 19:00:00,0032..0047,16,0.4048,30
e1_b,2026-09-23 19:00:00,0048..0063,16,0.3041,26
e1_b,2026-09-23 20:00:00,0000..0015,16,0.3638,33
e1_b,2026-09-23 20:00:00,0016..0031,16,0.3126,22
e1_b,2026-09-23 20:00:00,0032..0047,16,0.2936,25
e1_b,2026-09-23 20:00:00,0048..0063,16,0.1991,17
e1_b,2026-09-23 21:00:00,0000..0015,16,0.2307,19
e1_b,2026-09-23 21:00:00,0016..0031,16,0.1993,14
e1_b,2026-09-23 21:00:00,0032..0047,16,0.2272,15
e1_b,2026-09-23 21:00:00,0048..0063,16,0.1734,14
e1_b,2026-09-23 22:00:00,0000..0015,16,0.1798,10
e1_b,2026-09-23 22:00:00,0016..0031,16,0.1693,14
e1_b,2026-09-23 22:00:00,0032..0047,16,0.1914,15
e1_b,2026-09-23 22:00:00,0048..0063,16,0.126,11
e1_b,2026-09-23 23:00:00,0000..0015,16,0.2716,26
e1_b,2026-09-23 23:00:00,0016..0031,16,0.499,50
e1_b,2026-09-23 23:00:00,0032..0047,16,0.4786,51
e1_b,2026-09-23 23:00:00,0048..0063,16,0.4161,52
e1_b,2026-09-24 00:00:00,0000..0015,16,0.3003,29
e1_b,2026-09-24 00:00:00,0016..0031,16,0.348,38
e1_b,2026-09-24 00:00:00,0032..0047,16,0.1894,17
e1_b,2026-09-24 00:00:00,0048..0063,16,0.2745,29
e1_b,2026-09-24 01:00:00,0000..0015,16,0.1524,13
e1_b,2026-09-24 01:00:00,0016..0031,16,0.1799,16
e1_b,2026-09-24 01:00:00,0032..0047,16,0.3728,40
e1_b,2026-09-24 01:00:00,0048..0063,16,0.402,47
e1_b,2026-09-24 02:00:00,0000..0015,16,0.2707,25
e1_b,2026-09-24 02:00:00,0016..0031,16,0.1737,17
e1_b,2026-09-24 02:00:00,0032..0047,16,0.1294,10
e1_b,2026-09-24 02:00:00,0048..0063,16,0.2235,23
e1_b,2026-09-24 03:00:00,0000..0015,16,0.3022,31
e1_b,2026-09-24 03:00:00,0016..0031,16,0.4711,50
e1_b,2026-09-24 03:00:00,0032..0047,16,0.2863,28
e1_b,2026-09-24 03:00:00,0048..0063,16,0.4664,41
e1_b,2026-09-24 04:00:00,0000..0015,16,0.3302,44
e1_b,2026-09-24 04:00:00,0016..0031,16,0.289,34
e1_b,2026-09-24 04:00:00,0032..0047,16,0.1852,18
e1_b,2026-09-24 04:00:00,0048..0063,16,0.3989,47
e1_b,2026-09-24 05:00:00,0000..0015,16,0.2139,23
e1_b,2026-09-24 05:00:00,0016..0031,16,0.2403,22
e1_b,2026-09-24 05:00:00,0032..0047,16,0.1378,13
e1_b,2026-09-24 05:00:00,0048..0063,16,0.1817,20
e1_b,2026-09-24 06:00:00,0000..0015,16,0.3553,50
e1_b,2026-09-24 06:00:00,0016..0031,16,0.3395,35
e1_b,2026-09-24 06:00:00,0032..0047,16,0.2828,28
e1_b,2026-09-24 06:00:00,0048..0063,16,0.3014,36
e1_b,2026-09-24 07:00:00,0000..0015,16,0.2001,20
e1_b,2026-09-24 07:00:00,0016..0031,16,0.2231,25
e1_b,2026-09-24 07:00:00,0032..0047,16,0.2094,21
e1_b,2026-09-24 07:00:00,0048..0063,16,0.142,13
e1_b,2026-09-24 08:00:00,0000..0015,16,0.2955,34
e1_b,2026-09-24 08:00:00,0016..0031,16,0.3609,42
e1_b,2026-09-24 08:00:00,0032..0047,16,0.2751,32
e1_b,2026-09-24 08:00:00,0048..0063,16,0.4841,48
e1_b,2026-09-24 09:00:00,0000..0015,16,0.3108,39
e1_b,2026-09-24 09:00:00,0016..0031,16,0.1927,20
e1_b,2026-09-24 09:00:00,0032..0047,16,0.3477,45
e1_b,2026-09-24 09:00:00,0048..0063,16,0.1024,8
e1_b,2026-09-24 10:00:00,0000..0015,16,0.3865,50
e1_b,2026-09-24 10:00:00,0016..0031,16,0.2433,30
e1_b,2026-09-24 10:00:00,0032..0047,16,0.2136,25
e1_b,2026-09-24 10:00:00,0048..0063,16,0.3678,45
e1_b,2026-09-24 11:00:00,0000..0015,16,0.2657,33
e1_b,2026-09-24 11:00:00,0016..0031,16,0.3954,51
e1_b,2026-09-24 11:00:00,0032..0047,16,0.2499,34
e1_b,2026-09-24 11:00:00,0048..0063,16,0.315,39
e1_b,2026-09-24 12:00:00,0000..0015,16,0.2651,35
e1_b,2026-09-24 12:00:00,0016..0031,16,0.2816,30
e1_b,2026-09-24 12:00:00,0032..0047,16,0.2501,33
e1_b,2026-09-24 12:00:00,0048..0063,16,0.3008,35
e1_b,2026-09-24 13:00:00,0000..0015,16,0.4116,54
e1_b,2026-09-24 13:00:00,0016..0031,16,0.3013,44
e1_b,2026-09-24 13:00:00,0032..0047,16,0.3764,45
e1_b,2026-09-24 13:00:00,0048..0063,16,0.5018,62
e1_b,2026-09-24 14:00:00,0000..0015,16,0.2875,35
e1_b,2026-09-24 14:00:00,0016..0031,16,0.4604,62
e1_b,2026-09-24 14:00:00,0032..0047,16,0.5014,70
e1_b,2026-09-24 14:00:00,0048..0063,16,0.344,48
e1_b,2026-09-24 15:00:00,0000..0015,16,0.3187,43
e1_b,2026-09-24 15:00:00,0016..0031,16,0.6931,93
e1_b,2026-09-24 15:00:00,0032..0047,16,0.5501,76
e1_b,2026-09-24 15:00:00,0048..0063,16,0.2508,31
e1_b,2026-09-24 16:00:00,0000..0015,16,0.2555,35
e1_b,2026-09-24 16:00:00,0016..0031,16,0.4153,60
e1_b,2026-09-24 16:00:00,0032..0047,16,0.2963,39
e1_b,2026-09-24 16:00:00,0048..0063,16,0.2929,42
e1_b,2026-09-24 17:00:00,0000..0015,16,0.212,27
e1_b,2026-09-24 17:00:00,0016..0031,16,0.2844,39
e1_b,2026-09-24 17:00:00,0032..0047,16,0.2157,27
e1_b,2026-09-24 17:00:00,0048..0063,16,0.4604,56
e1_b,2026-09-24 18:00:00,0000..0015,16,0.29,38
e1_b,2026-09-24 18:00:00,0016..0031,16,0.2585,34
e1_b,2026-09-24 18:00:00,0032..0047,16,0.3102,40
e1_b,2026-09-24 18:00:00,0048..0063,16,0.4046,53
e1_b,2026-09-24 19:00:00,0000..0015,16,0.1664,19
e1_b,2026-09-24 19:00:00,0016..0031,16,0.1816,25
e1_b,2026-09-24 19:00:00,0032..0047,16,0.2258,32
e1_b,2026-09-24 19:00:00,0048..0063,16,0.2941,41
e1_b,2026-09-24 20:00:00,0000..0015,16,0.2424,29
e1_b,2026-09-24 20:00:00,0016..0031,16,0.182,22
e1_b,2026-09-24 20:00:00,0032..0047,16,0.1556,17
e1_b,2026-09-24 20:00:00,0048..0063,16,0.2183,29
e1_b,2026-09-24 21:00:00,0000..0015,16,0.1956,25
e1_b,2026-09-24 21:00:00,0016..0031,16,0.1393,17
e1_b,2026-09-24 21:00:00,0032..0047,16,0.1493,17
e1_b,2026-09-24 21:00:00,0048..0063,16,0.1866,22
e1_b,2026-09-24 22:00:00,0000..0015,16,0.1327,13
e1_b,2026-09-24 22:00:00,0016..0031,16,0.1234,11
e1_b,2026-09-24 22:00:00,0032..0047,16,0.1232,11
e1_b,2026-09-24 22:00:00,0048..0063,16,0.0942,8
e1_b,2026-09-24 23:00:00,0000..0015,16,0.2768,34
e1_b,2026-09-24 23:00:00,0016..0031,16,0.3904,20
e1_b,2026-09-24 23:00:00,0032..0047,16,0.1686,18
e1_b,2026-09-24 23:00:00,0048..0063,16,0.4306,53
e1_b,2026-09-25 00:00:00,0000..0015,16,0.1812,18
e1_b,2026-09-25 00:00:00,0016..0031,16,0.2031,22
e1_b,2026-09-25 00:00:00,0032..0047,16,0.1273,13
e1_b,2026-09-25 00:00:00,0048..0063,16,0.3764,44
e1_b,2026-09-25 01:00:00,0000..0015,16,0.181,19
e1_b,2026-09-25 01:00:00,0016..0031,16,0.1818,17
e1_b,2026-09-25 01:00:00,0032..0047,16,0.1143,10
e1_b,2026-09-25 01:00:00,0048..0063,16,0.1408,14
e1_b,2026-09-25 02:00:00,0000..0015,16,0.273,28
e1_b,2026-09-25 02:00:00,0016..0031,16,0.4187,52
e1_b,2026-09-25 02:00:00,0032..0047,16,0.1611,16
e1_b,2026-09-25 02:00:00,0048..0063,16,0.4604,63
e1_b,2026-09-25 03:00:00,0000..0015,16,0.2154,26
e1_b,2026-09-25 03:00:00,0016..0031,16,0.2734,32
e1_b,2026-09-25 03:00:00,0032..0047,16,0.312,39
e1_b,2026-09-25 03:00:00,0048..0063,16,0.354,39
dr005_feature_names,2026-08-20 04:00:00,0000..0015,16,2.8875,1853
dr005_feature_names,2026-08-20 04:00:00,0016..0031,16,2.8619,1835
dr005_feature_names,2026-08-20 04:00:00,0032..0047,16,2.9741,1783
dr005_feature_names,2026-08-20 04:00:00,0048..0063,16,2.9524,1756
dr005_feature_names,2026-08-21 04:00:00,0000..0015,16,2.3591,1832
dr005_feature_names,2026-08-21 04:00:00,0016..0031,16,2.2374,1831
dr005_feature_names,2026-08-21 04:00:00,0032..0047,16,2.4615,1817
dr005_feature_names,2026-08-21 04:00:00,0048..0063,16,2.4736,1819
dr005_feature_names,2026-08-22 04:00:00,0000..0015,16,2.4933,1776
dr005_feature_names,2026-08-22 04:00:00,0016..0031,16,2.2252,1762
dr005_feature_names,2026-08-22 04:00:00,0032..0047,16,2.287,1803
dr005_feature_names,2026-08-22 04:00:00,0048..0063,16,2.3022,1789
dr005_feature_names,2026-08-23 04:00:00,0000..0015,16,2.2126,1820
dr005_feature_names,2026-08-23 04:00:00,0016..0031,16,2.024,1775
dr005_feature_names,2026-08-23 04:00:00,0032..0047,16,2.0541,1761
dr005_feature_names,2026-08-23 04:00:00,0048..0063,16,2.0071,1775
dr005_feature_names,2026-08-24 04:00:00,0000..0015,16,2.2298,1818
dr005_feature_names,2026-08-24 04:00:00,0016..0031,16,2.3557,1705
dr005_feature_names,2026-08-24 04:00:00,0032..0047,16,2.2917,1753
dr005_feature_names,2026-08-24 04:00:00,0048..0063,16,2.4848,1762
dr005_feature_names,2026-08-25 04:00:00,0000..0015,16,2.6873,1771
dr005_feature_names,2026-08-25 04:00:00,0016..0031,16,2.6633,1707
dr005_feature_names,2026-08-25 04:00:00,0032..0047,16,2.6125,1766
dr005_feature_names,2026-08-25 04:00:00,0048..0063,16,2.6763,1715
dr005_feature_names,2026-08-26 04:00:00,0000..0015,16,2.5847,1742
dr005_feature_names,2026-08-26 04:00:00,0016..0031,16,2.7115,1783
dr005_feature_names,2026-08-26 04:00:00,0032..0047,16,2.543,1768
dr005_feature_names,2026-08-26 04:00:00,0048..0063,16,2.6962,1826
dr005_feature_names,2026-08-27 04:00:00,0000..0015,16,2.0185,1898
dr005_feature_names,2026-08-27 04:00:00,0016..0031,16,2.2746,1868
dr005_feature_names,2026-08-27 04:00:00,0032..0047,16,1.9774,1908
dr005_feature_names,2026-08-27 04:00:00,0048..0063,16,2.7142,1857
dr005_feature_names,2026-08-28 04:00:00,0000..0015,16,2.5993,1828
dr005_feature_names,2026-08-28 04:00:00,0016..0031,16,2.4979,1912
dr005_feature_names,2026-08-28 04:00:00,0032..0047,16,2.4405,1869
dr005_feature_names,2026-08-28 04:00:00,0048..0063,16,2.7063,1854
dr005_feature_names,2026-08-29 04:00:00,0000..0015,16,2.0511,1826
dr005_feature_names,2026-08-29 04:00:00,0016..0031,16,2.4797,1827
dr005_feature_names,2026-08-29 04:00:00,0032..0047,16,2.1146,1870
dr005_feature_names,2026-08-29 04:00:00,0048..0063,16,2.2416,1870
dr005_feature_names,2026-08-30 04:00:00,0000..0015,16,2.0278,1896
dr005_feature_names,2026-08-30 04:00:00,0016..0031,16,2.0492,1841
dr005_feature_names,2026-08-30 04:00:00,0032..0047,16,1.989,1869
dr005_feature_names,2026-08-30 04:00:00,0048..0063,16,2.2679,1770
dr005_feature_names,2026-08-31 04:00:00,0000..0015,16,2.6954,1855
dr005_feature_names,2026-08-31 04:00:00,0016..0031,16,2.5272,1896
dr005_feature_names,2026-08-31 04:00:00,0032..0047,16,2.7712,1826
dr005_feature_names,2026-08-31 04:00:00,0048..0063,16,2.7394,1868
dr005_feature_names,2026-09-01 04:00:00,0000..0015,16,2.6847,1892
dr005_feature_names,2026-09-01 04:00:00,0016..0031,16,2.711,1916
dr005_feature_names,2026-09-01 04:00:00,0032..0047,16,2.5868,1951
dr005_feature_names,2026-09-01 04:00:00,0048..0063,16,2.509,1903
dr005_feature_names,2026-09-02 04:00:00,0000..0015,16,2.8928,1963
dr005_feature_names,2026-09-02 04:00:00,0016..0031,16,3.0797,1947
dr005_feature_names,2026-09-02 04:00:00,0032..0039,8,1.3848,1008
dr005_feature_names,2026-09-02 04:00:00,0040..0047,8,1.4151,1010
dr005_feature_names,2026-09-02 04:00:00,0048..0055,8,1.3081,967
dr005_feature_names,2026-09-02 04:00:00,0056..0063,8,1.4412,1026
dr005_feature_names,2026-09-03 04:00:00,0000..0007,8,1.4977,981
dr005_feature_names,2026-09-03 04:00:00,0008..0015,8,1.5354,994
dr005_feature_names,2026-09-03 04:00:00,0016..0023,8,1.596,995
dr005_feature_names,2026-09-03 04:00:00,0024..0031,8,1.4751,1024
dr005_feature_names,2026-09-03 04:00:00,0032..0039,8,1.5217,994
dr005_feature_names,2026-09-03 04:00:00,0040..0047,8,1.4499,1011
dr005_feature_names,2026-09-03 04:00:00,0048..0055,8,1.5219,967
dr005_feature_names,2026-09-03 04:00:00,0056..0063,8,1.5862,1009
dr005_feature_names,2026-09-04 04:00:00,0000..0007,8,1.8832,981
dr005_feature_names,2026-09-04 04:00:00,0008..0015,8,2.1625,966
dr005_feature_names,2026-09-04 04:00:00,0016..0023,8,1.897,982
dr005_feature_names,2026-09-04 04:00:00,0024..0031,8,1.8989,1009
dr005_feature_names,2026-09-04 04:00:00,0032..0039,8,2.1079,966
dr005_feature_names,2026-09-04 04:00:00,0040..0047,8,1.9625,967
dr005_feature_names,2026-09-04 04:00:00,0048..0055,8,2.0182,1039
dr005_feature_names,2026-09-04 04:00:00,0056..0063,8,1.9543,952
dr005_feature_names,2026-09-05 04:00:00,0000..0007,8,2.6499,981
dr005_feature_names,2026-09-05 04:00:00,0008..0015,8,2.9834,954
dr005_feature_names,2026-09-05 04:00:00,0016..0023,8,2.7044,952
dr005_feature_names,2026-09-05 04:00:00,0024..0031,8,2.5431,968
dr005_feature_names,2026-09-05 04:00:00,0032..0039,8,2.5023,996
dr005_feature_names,2026-09-05 04:00:00,0040..0047,8,2.3045,953
dr005_feature_names,2026-09-05 04:00:00,0048..0055,8,2.5109,967
dr005_feature_names,2026-09-05 04:00:00,0056..0063,8,2.8324,953
dr005_feature_names,2026-09-06 04:00:00,0000..0007,8,2.4493,960
dr005_feature_names,2026-09-06 04:00:00,0008..0015,8,2.8997,991
dr005_feature_names,2026-09-06 04:00:00,0016..0023,8,2.6246,947
dr005_feature_names,2026-09-06 04:00:00,0024..0031,8,3.0847,918
dr005_feature_names,2026-09-06 04:00:00,0032..0035,4,1.4267,496
dr005_feature_names,2026-09-06 04:00:00,0036..0039,4,1.1412,495
dr005_feature_names,2026-09-06 04:00:00,0040..0043,4,1.3355,494
dr005_feature_names,2026-09-06 04:00:00,0044..0047,4,1.1534,508
dr005_feature_names,2026-09-06 04:00:00,0048..0051,4,1.3181,466
dr005_feature_names,2026-09-06 04:00:00,0052..0055,4,1.5562,466
dr005_feature_names,2026-09-06 04:00:00,0056..0059,4,1.2957,466
dr005_feature_names,2026-09-06 04:00:00,0060..0063,4,1.3698,495
dr005_feature_names,2026-09-07 04:00:00,0000..0003,4,1.1304,470
dr005_feature_names,2026-09-07 04:00:00,0004..0007,4,1.3538,456
dr005_feature_names,2026-09-07 04:00:00,0008..0011,4,1.2187,469
dr005_feature_names,2026-09-07 04:00:00,0012..0015,4,1.2062,469
dr005_feature_names,2026-09-07 04:00:00,0016..0019,4,1.3426,469
dr005_feature_names,2026-09-07 04:00:00,0020..0023,4,1.0259,469
dr005_feature_names,2026-09-07 04:00:00,0024..0027,4,1.3133,483
dr005_feature_names,2026-09-07 04:00:00,0028..0031,4,1.3204,497
dr005_feature_names,2026-09-07 04:00:00,0032..0035,4,1.1256,454
dr005_feature_names,2026-09-07 04:00:00,0036..0039,4,1.102,483
dr005_feature_names,2026-09-07 04:00:00,0040..0043,4,1.059,440
dr005_feature_names,2026-09-07 04:00:00,0044..0047,4,1.1297,482
dr005_feature_names,2026-09-07 04:00:00,0048..0051,4,1.1453,455
dr005_feature_names,2026-09-07 04:00:00,0052..0055,4,1.3065,482
dr005_feature_names,2026-09-07 04:00:00,0056..0059,4,1.3836,469
dr005_feature_names,2026-09-07 04:00:00,0060..0063,4,1.4619,483
dr005_feature_names,2026-09-08 04:00:00,0000..0003,4,1.4656,478
dr005_feature_names,2026-09-08 04:00:00,0004..0007,4,1.4025,478
dr005_feature_names,2026-09-08 04:00:00,0008..0011,4,1.63,494
dr005_feature_names,2026-09-08 04:00:00,0012..0015,4,1.4827,478
dr005_feature_names,2026-09-08 04:00:00,0016..0019,4,1.5721,507
dr005_feature_names,2026-09-08 04:00:00,0020..0023,4,1.5072,507
dr005_feature_names,2026-09-08 04:00:00,0024..0027,4,1.9158,464
dr005_feature_names,2026-09-08 04:00:00,0028..0031,4,1.4425,492
dr005_feature_names,2026-09-08 04:00:00,0032..0035,4,1.3916,464
dr005_feature_names,2026-09-08 04:00:00,0036..0039,4,1.4273,450
dr005_feature_names,2026-09-08 04:00:00,0040..0043,4,1.3628,507
dr005_feature_names,2026-09-08 04:00:00,0044..0047,4,1.4947,507
dr005_feature_names,2026-09-08 04:00:00,0048..0051,4,1.6049,507
dr005_feature_names,2026-09-08 04:00:00,0052..0055,4,1.6018,478
dr005_feature_names,2026-09-08 04:00:00,0056..0059,4,1.4757,478
dr005_feature_names,2026-09-08 04:00:00,0060..0063,4,1.5162,507
dr005_feature_names,2026-09-09 04:00:00,0000..0003,4,1.4818,478
dr005_feature_names,2026-09-09 04:00:00,0004..0007,4,1.9805,507
dr005_feature_names,2026-09-09 04:00:00,0008..0011,4,1.5824,492
dr005_feature_names,2026-09-09 04:00:00,0012..0015,4,1.5668,492
dr005_feature_names,2026-09-09 04:00:00,0016..0019,4,1.3963,492
dr005_feature_names,2026-09-09 04:00:00,0020..0023,4,1.8103,492
dr005_feature_names,2026-09-09 04:00:00,0024..0027,4,1.6446,492
dr005_feature_names,2026-09-09 04:00:00,0028..0031,4,1.5393,492
dr005_feature_names,2026-09-09 04:00:00,0032..0035,4,1.6236,492
dr005_feature_names,2026-09-09 04:00:00,0036..0039,4,1.5331,478
dr005_feature_names,2026-09-09 04:00:00,0040..0043,4,1.529,507
dr005_feature_names,2026-09-09 04:00:00,0044..0047,4,1.5284,492
dr005_feature_names,2026-09-09 04:00:00,0048..0051,4,1.6324,478
dr005_feature_names,2026-09-09 04:00:00,0052..0055,4,1.6659,493
dr005_feature_names,2026-09-09 04:00:00,0056..0059,4,1.5142,492
dr005_feature_names,2026-09-09 04:00:00,0060..0063,4,1.5334,492
dr005_feature_names,2026-09-10 04:00:00,0000..0003,4,1.3454,478
dr005_feature_names,2026-09-10 04:00:00,0004..0007,4,1.6641,492
dr005_feature_names,2026-09-10 04:00:00,0008..0011,4,1.5694,493
dr005_feature_names,2026-09-10 04:00:00,0012..0015,4,1.4294,478
dr005_feature_names,2026-09-10 04:00:00,0016..0019,4,1.2836,478
dr005_feature_names,2026-09-10 04:00:00,0020..0023,4,1.5361,492
dr005_feature_names,2026-09-10 04:00:00,0024..0027,4,1.4257,478
dr005_feature_names,2026-09-10 04:00:00,0028..0031,4,1.397,465
dr005_feature_names,2026-09-10 04:00:00,0032..0035,4,1.4765,478
dr005_feature_names,2026-09-10 04:00:00,0036..0039,4,1.9067,493
dr005_feature_names,2026-09-10 04:00:00,0040..0043,4,1.3881,478
dr005_feature_names,2026-09-10 04:00:00,0044..0047,4,1.2906,478
dr005_feature_names,2026-09-10 04:00:00,0048..0051,4,1.5012,492
dr005_feature_names,2026-09-10 04:00:00,0052..0055,4,1.4077,478
dr005_feature_names,2026-09-10 04:00:00,0056..0059,4,1.3319,478
dr005_feature_names,2026-09-10 04:00:00,0060..0063,4,1.389,492
dr005_feature_names,2026-09-11 04:00:00,0000..0003,4,1.0805,478
dr005_feature_names,2026-09-11 04:00:00,0004..0007,4,1.1928,465
dr005_feature_names,2026-09-11 04:00:00,0008..0011,4,1.1291,507
dr005_feature_names,2026-09-11 04:00:00,0012..0015,4,1.3202,478
dr005_feature_names,2026-09-11 04:00:00,0016..0019,4,1.2027,507
dr005_feature_names,2026-09-11 04:00:00,0020..0023,4,1.2836,478
dr005_feature_names,2026-09-11 04:00:00,0024..0027,4,1.1262,507
dr005_feature_names,2026-09-11 04:00:00,0028..0031,4,1.0575,464
dr005_feature_names,2026-09-11 04:00:00,0032..0035,4,1.3354,478
dr005_feature_names,2026-09-11 04:00:00,0036..0039,4,1.2441,507
dr005_feature_names,2026-09-11 04:00:00,0040..0043,4,1.2179,464
dr005_feature_names,2026-09-11 04:00:00,0044..0047,4,1.0592,478
dr005_feature_names,2026-09-11 04:00:00,0048..0051,4,1.1007,450
dr005_feature_names,2026-09-11 04:00:00,0052..0055,4,1.3594,507
dr005_feature_names,2026-09-11 04:00:00,0056..0059,4,1.2152,508
dr005_feature_names,2026-09-11 04:00:00,0060..0063,4,1.2391,478
dr005_feature_names,2026-09-12 04:00:00,0000..0003,4,0.9415,464
dr005_feature_names,2026-09-12 04:00:00,0004..0007,4,1.2344,478
dr005_feature_names,2026-09-12 04:00:00,0008..0011,4,1.1004,508
dr005_feature_names,2026-09-12 04:00:00,0012..0015,4,1.117,465
dr005_feature_names,2026-09-12 04:00:00,0016..0019,4,1.1106,464
dr005_feature_names,2026-09-12 04:00:00,0020..0023,4,1.0732,436
dr005_feature_names,2026-09-12 04:00:00,0024..0027,4,1.0569,478
dr005_feature_names,2026-09-12 04:00:00,0028..0031,4,1.0225,464
dr005_feature_names,2026-09-12 04:00:00,0032..0035,4,1.0374,465
dr005_feature_names,2026-09-12 04:00:00,0036..0039,4,1.3403,493
dr005_feature_names,2026-09-12 04:00:00,0040..0043,4,1.0839,465
dr005_feature_names,2026-09-12 04:00:00,0044..0047,4,1.057,492
dr005_feature_names,2026-09-12 04:00:00,0048..0051,4,0.9477,478
dr005_feature_names,2026-09-12 04:00:00,0052..0055,4,1.125,492
dr005_feature_names,2026-09-12 04:00:00,0056..0059,4,1.2233,436
dr005_feature_names,2026-09-12 04:00:00,0060..0063,4,1.1331,464
dr005_feature_names,2026-09-13 04:00:00,0000..0003,4,0.8488,486
dr005_feature_names,2026-09-13 04:00:00,0004..0007,4,0.9412,502
dr005_feature_names,2026-09-13 04:00:00,0008..0011,4,0.9189,444
dr005_feature_names,2026-09-13 04:00:00,0012..0015,4,0.9212,517
dr005_feature_names,2026-09-13 04:00:00,0016..0019,4,0.8921,487
dr005_feature_names,2026-09-13 04:00:00,0020..0023,4,1.3838,458
dr005_feature_names,2026-09-13 04:00:00,0024..0027,4,0.9765,472
dr005_feature_names,2026-09-13 04:00:00,0028..0031,4,0.9179,516
dr005_feature_names,2026-09-13 04:00:00,0032..0035,4,0.8392,472
dr005_feature_names,2026-09-13 04:00:00,0036..0039,4,0.9842,472
dr005_feature_names,2026-09-13 04:00:00,0040..0043,4,0.9626,501
dr005_feature_names,2026-09-13 04:00:00,0044..0047,4,0.8487,458
dr005_feature_names,2026-09-13 04:00:00,0048..0051,4,0.85,487
dr005_feature_names,2026-09-13 04:00:00,0052..0055,4,0.98,487
dr005_feature_names,2026-09-13 04:00:00,0056..0059,4,0.9185,472
dr005_feature_names,2026-09-13 04:00:00,0060..0063,4,0.9659,486
dr005_feature_names,2026-09-14 04:00:00,0000..0003,4,1.071,487
dr005_feature_names,2026-09-14 04:00:00,0004..0007,4,1.072,486
dr005_feature_names,2026-09-14 04:00:00,0008..0011,4,1.1674,472
dr005_feature_names,2026-09-14 04:00:00,0012..0015,4,1.0711,486
dr005_feature_names,2026-09-14 04:00:00,0016..0019,4,1.261,486
dr005_feature_names,2026-09-14 04:00:00,0020..0023,4,1.1731,487
dr005_feature_names,2026-09-14 04:00:00,0024..0027,4,0.8794,486
dr005_feature_names,2026-09-14 04:00:00,0028..0031,4,1.0101,502
dr005_feature_names,2026-09-14 04:00:00,0032..0035,4,0.9674,472
dr005_feature_names,2026-09-14 04:00:00,0036..0039,4,1.0559,458
dr005_feature_names,2026-09-14 04:00:00,0040..0043,4,1.1476,486
dr005_feature_names,2026-09-14 04:00:00,0044..0047,4,1.1504,501
dr005_feature_names,2026-09-14 04:00:00,0048..0051,4,1.1243,472
dr005_feature_names,2026-09-14 04:00:00,0052..0055,4,1.2067,531
dr005_feature_names,2026-09-14 04:00:00,0056..0059,4,0.9604,501
dr005_feature_names,2026-09-14 04:00:00,0060..0063,4,1.0334,486
dr005_feature_names,2026-09-15 04:00:00,0000..0003,4,1.0561,517
dr005_feature_names,2026-09-15 04:00:00,0004..0007,4,1.1983,489
dr005_feature_names,2026-09-15 04:00:00,0008..0011,4,1.0749,503
dr005_feature_names,2026-09-15 04:00:00,0012..0015,4,1.3287,531
dr005_feature_names,2026-09-15 04:00:00,0016..0019,4,1.4044,488
dr005_feature_names,2026-09-15 04:00:00,0020..0023,4,1.2514,488
dr005_feature_names,2026-09-15 04:00:00,0024..0027,4,1.2823,517
dr005_feature_names,2026-09-15 04:00:00,0028..0031,4,1.1048,531
dr005_feature_names,2026-09-15 04:00:00,0032..0035,4,1.3804,502
dr005_feature_names,2026-09-15 04:00:00,0036..0039,4,1.3008,488
dr005_feature_names,2026-09-15 04:00:00,0040..0043,4,1.1068,474
dr005_feature_names,2026-09-15 04:00:00,0044..0047,4,1.3913,474
dr005_feature_names,2026-09-15 04:00:00,0048..0051,4,1.4964,517
dr005_feature_names,2026-09-15 04:00:00,0052..0055,4,1.3647,488
dr005_feature_names,2026-09-15 04:00:00,0056..0059,4,1.1709,531
dr005_feature_names,2026-09-15 04:00:00,0060..0063,4,1.2754,517
dr005_feature_names,2026-09-16 04:00:00,0000..0003,4,1.1193,536
dr005_feature_names,2026-09-16 04:00:00,0004..0007,4,1.3157,521
dr005_feature_names,2026-09-16 04:00:00,0008..0011,4,1.8445,550
dr005_feature_names,2026-09-16 04:00:00,0012..0015,4,1.2527,506
dr005_feature_names,2026-09-16 04:00:00,0016..0019,4,1.2429,520
dr005_feature_names,2026-09-16 04:00:00,0020..0023,4,1.1254,521
dr005_feature_names,2026-09-16 04:00:00,0024..0027,4,1.3534,493
dr005_feature_names,2026-09-16 04:00:00,0028..0031,4,1.1075,507
dr005_feature_names,2026-09-16 04:00:00,0032..0035,4,1.2392,536
dr005_feature_names,2026-09-16 04:00:00,0036..0039,4,1.5348,522
dr005_feature_names,2026-09-16 04:00:00,0040..0043,4,1.356,478
dr005_feature_names,2026-09-16 04:00:00,0044..0047,4,1.1928,492
dr005_feature_names,2026-09-16 04:00:00,0048..0051,4,1.3052,520
dr005_feature_names,2026-09-16 04:00:00,0052..0055,4,1.3575,507
dr005_feature_names,2026-09-16 04:00:00,0056..0059,4,1.2746,521
dr005_feature_names,2026-09-16 04:00:00,0060..0063,4,1.1561,521
dr005_feature_names,2026-09-17 04:00:00,0000..0003,4,1.2415,509
dr005_feature_names,2026-09-17 04:00:00,0004..0007,4,1.3569,525
dr005_feature_names,2026-09-17 04:00:00,0008..0011,4,1.2581,523
dr005_feature_names,2026-09-17 04:00:00,0012..0015,4,1.4238,482
dr005_feature_names,2026-09-17 04:00:00,0016..0019,4,1.1277,510
dr005_feature_names,2026-09-17 04:00:00,0020..0023,4,1.3596,523
dr005_feature_names,2026-09-17 04:00:00,0024..0027,4,1.5031,524
dr005_feature_names,2026-09-17 04:00:00,0028..0031,4,1.227,511
dr005_feature_names,2026-09-17 04:00:00,0032..0035,4,1.2018,497
dr005_feature_names,2026-09-17 04:00:00,0036..0039,4,1.2292,510
dr005_feature_names,2026-09-17 04:00:00,0040..0043,4,1.2868,508
dr005_feature_names,2026-09-17 04:00:00,0044..0047,4,1.2113,467
dr005_feature_names,2026-09-17 04:00:00,0048..0051,4,1.2829,509
dr005_feature_names,2026-09-17 04:00:00,0052..0055,4,1.3345,538
dr005_feature_names,2026-09-17 04:00:00,0056..0059,4,1.1014,509
dr005_feature_names,2026-09-17 04:00:00,0060..0063,4,1.1878,539
dr005_feature_names,2026-09-18 04:00:00,0000..0003,4,1.2087,503
dr005_feature_names,2026-09-18 04:00:00,0004..0007,4,1.0566,504
dr005_feature_names,2026-09-18 04:00:00,0008..0011,4,1.0708,547
dr005_feature_names,2026-09-18 04:00:00,0012..0015,4,1.1817,518
dr005_feature_names,2026-09-18 04:00:00,0016..0019,4,1.3404,533
dr005_feature_names,2026-09-18 04:00:00,0020..0023,4,1.139,518
dr005_feature_names,2026-09-18 04:00:00,0024..0027,4,1.3244,504
dr005_feature_names,2026-09-18 04:00:00,0028..0031,4,1.0043,519
dr005_feature_names,2026-09-18 04:00:00,0032..0035,4,1.0944,504
dr005_feature_names,2026-09-18 04:00:00,0036..0039,4,1.2109,532
dr005_feature_names,2026-09-18 04:00:00,0040..0043,4,1.1003,518
dr005_feature_names,2026-09-18 04:00:00,0044..0047,4,1.5407,518
dr005_feature_names,2026-09-18 04:00:00,0048..0051,4,1.3458,533
dr005_feature_names,2026-09-18 04:00:00,0052..0055,4,1.1991,518
dr005_feature_names,2026-09-18 04:00:00,0056..0059,4,1.1549,519
dr005_feature_names,2026-09-18 04:00:00,0060..0063,4,0.9655,518
dr005_feature_names,2026-09-19 04:00:00,0000..0003,4,1.1768,509
dr005_feature_names,2026-09-19 04:00:00,0004..0007,4,0.9826,507
dr005_feature_names,2026-09-19 04:00:00,0008..0011,4,1.0157,521
dr005_feature_names,2026-09-19 04:00:00,0012..0015,4,1.3354,521
dr005_feature_names,2026-09-19 04:00:00,0016..0019,4,1.0303,494
dr005_feature_names,2026-09-19 04:00:00,0020..0023,4,0.9773,523
dr005_feature_names,2026-09-19 04:00:00,0024..0027,4,1.1469,522
dr005_feature_names,2026-09-19 04:00:00,0028..0031,4,1.0267,521
dr005_feature_names,2026-09-19 04:00:00,0032..0035,4,1.0745,537
dr005_feature_names,2026-09-19 04:00:00,0036..0039,4,1.0537,508
dr005_feature_names,2026-09-19 04:00:00,0040..0043,4,0.9695,520
dr005_feature_names,2026-09-19 04:00:00,0044..0047,4,1.0081,506
dr005_feature_names,2026-09-19 04:00:00,0048..0051,4,1.2833,494
dr005_feature_names,2026-09-19 04:00:00,0052..0055,4,1.1732,536
dr005_feature_names,2026-09-19 04:00:00,0056..0059,4,1.1666,494
dr005_feature_names,2026-09-19 04:00:00,0060..0063,4,1.1305,494
dr005_feature_names,2026-09-20 04:00:00,0000..0003,4,0.7249,486
dr005_feature_names,2026-09-20 04:00:00,0004..0007,4,0.7518,500
dr005_feature_names,2026-09-20 04:00:00,0008..0011,4,0.7493,486
dr005_feature_names,2026-09-20 04:00:00,0012..0015,4,0.9415,486
dr005_feature_names,2026-09-20 04:00:00,0016..0019,4,0.6493,500
dr005_feature_names,2026-09-20 04:00:00,0020..0023,4,0.6779,514
dr005_feature_names,2026-09-20 04:00:00,0024..0027,4,0.7072,472
dr005_feature_names,2026-09-20 04:00:00,0028..0031,4,0.6027,486
dr005_feature_names,2026-09-20 04:00:00,0032..0035,4,0.6822,486
dr005_feature_names,2026-09-20 04:00:00,0036..0039,4,0.6403,486
dr005_feature_names,2026-09-20 04:00:00,0040..0043,4,0.5902,486
dr005_feature_names,2026-09-20 04:00:00,0044..0047,4,0.7809,529
dr005_feature_names,2026-09-20 04:00:00,0048..0051,4,0.8317,500
dr005_feature_names,2026-09-20 04:00:00,0052..0055,4,0.5846,472
dr005_feature_names,2026-09-20 04:00:00,0056..0059,4,0.7485,514
dr005_feature_names,2026-09-20 04:00:00,0060..0063,4,0.6916,487
dr005_feature_names,2026-09-21 04:00:00,0000..0003,4,1.0788,530
dr005_feature_names,2026-09-21 04:00:00,0004..0007,4,0.8997,500
dr005_feature_names,2026-09-21 04:00:00,0008..0011,4,0.9492,501
dr005_feature_names,2026-09-21 04:00:00,0012..0015,4,1.1414,515
dr005_feature_names,2026-09-21 04:00:00,0016..0019,4,0.9363,514
dr005_feature_names,2026-09-21 04:00:00,0020..0023,4,1.1917,529
dr005_feature_names,2026-09-21 04:00:00,0024..0027,4,1.047,514
dr005_feature_names,2026-09-21 04:00:00,0028..0031,4,1.046,472
dr005_feature_names,2026-09-21 04:00:00,0032..0035,4,0.9759,515
dr005_feature_names,2026-09-21 04:00:00,0036..0039,4,1.0512,543
dr005_feature_names,2026-09-21 04:00:00,0040..0043,4,1.0188,544
dr005_feature_names,2026-09-21 04:00:00,0044..0047,4,1.2851,515
dr005_feature_names,2026-09-21 04:00:00,0048..0051,4,1.0677,500
dr005_feature_names,2026-09-21 04:00:00,0052..0055,4,0.9703,528
dr005_feature_names,2026-09-21 04:00:00,0056..0059,4,1.5772,500
dr005_feature_names,2026-09-21 04:00:00,0060..0063,4,1.1787,501
dr005_feature_names,2026-09-22 04:00:00,0000..0003,4,0.834,522
dr005_feature_names,2026-09-22 04:00:00,0004..0007,4,0.9528,494
dr005_feature_names,2026-09-22 04:00:00,0008..0011,4,1.0045,522
dr005_feature_names,2026-09-22 04:00:00,0012..0015,4,1.246,536
dr005_feature_names,2026-09-22 04:00:00,0016..0019,4,0.8753,552
dr005_feature_names,2026-09-22 04:00:00,0020..0023,4,1.4983,536
dr005_feature_names,2026-09-22 04:00:00,0024..0027,4,1.3855,522
dr005_feature_names,2026-09-22 04:00:00,0028..0031,4,1.1403,551
dr005_feature_names,2026-09-22 04:00:00,0032..0035,4,0.9615,495
dr005_feature_names,2026-09-22 04:00:00,0036..0039,4,0.8823,522
dr005_feature_names,2026-09-22 04:00:00,0040..0043,4,1.1003,536
dr005_feature_names,2026-09-22 04:00:00,0044..0047,4,1.3527,494
dr005_feature_names,2026-09-22 04:00:00,0048..0051,4,1.3447,552
dr005_feature_names,2026-09-22 04:00:00,0052..0055,4,0.8342,522
dr005_feature_names,2026-09-22 04:00:00,0056..0059,4,1.2477,522
dr005_feature_names,2026-09-22 04:00:00,0060..0063,4,1.2397,536
dr005_feature_names,2026-09-23 04:00:00,0000..0003,4,1.1733,536
dr005_feature_names,2026-09-23 04:00:00,0004..0007,4,1.5144,522
dr005_feature_names,2026-09-23 04:00:00,0008..0011,4,1.355,522
dr005_feature_names,2026-09-23 04:00:00,0012..0015,4,1.3425,523
dr005_feature_names,2026-09-23 04:00:00,0016..0019,4,0.8275,522
dr005_feature_names,2026-09-23 04:00:00,0020..0023,4,0.8604,536
dr005_feature_names,2026-09-23 04:00:00,0024..0027,4,1.1026,522
dr005_feature_names,2026-09-23 04:00:00,0028..0031,4,1.1687,536
dr005_feature_names,2026-09-23 04:00:00,0032..0035,4,0.9844,522
dr005_feature_names,2026-09-23 04:00:00,0036..0039,4,1.3335,522
dr005_feature_names,2026-09-23 04:00:00,0040..0043,4,1.0884,537
dr005_feature_names,2026-09-23 04:00:00,0044..0047,4,1.0922,522
dr005_feature_names,2026-09-23 04:00:00,0048..0051,4,0.9684,522
dr005_feature_names,2026-09-23 04:00:00,0052..0055,4,0.6018,522
dr005_feature_names,2026-09-23 04:00:00,0056..0059,4,0.6059,522
dr005_feature_names,2026-09-23 04:00:00,0060..0063,4,1.1048,536
dr005_feature_names,2026-09-24 04:00:00,0000..0003,4,0.2336,566
dr005_feature_names,2026-09-24 04:00:00,0004..0007,4,0.227,522
dr005_feature_names,2026-09-24 04:00:00,0008..0011,4,0.2367,537
dr005_feature_names,2026-09-24 04:00:00,0012..0015,4,0.3099,552
dr005_feature_names,2026-09-24 04:00:00,0016..0019,4,0.227,494
dr005_feature_names,2026-09-24 04:00:00,0020..0023,4,0.2575,551
dr005_feature_names,2026-09-24 04:00:00,0024..0027,4,0.2384,537
dr005_feature_names,2026-09-24 04:00:00,0028..0031,4,0.2443,522
dr005_feature_names,2026-09-24 04:00:00,0032..0035,4,0.2306,537
dr005_feature_names,2026-09-24 04:00:00,0036..0039,4,0.2427,522
dr005_feature_names,2026-09-24 04:00:00,0040..0043,4,0.2395,566
dr005_feature_names,2026-09-24 04:00:00,0044..0047,4,0.2188,494
dr005_feature_names,2026-09-24 04:00:00,0048..0051,4,0.2662,523
dr005_feature_names,2026-09-24 04:00:00,0052..0055,4,0.2493,536
dr005_feature_names,2026-09-24 04:00:00,0056..0059,4,0.2795,537
dr005_feature_names,2026-09-24 04:00:00,0060..0063,4,0.2543,538
dr003_long,2026-08-20 04:00:00,0000..0015,16,2.252,16
dr003_long,2026-08-20 04:00:00,0016..0031,16,2.1995,16
dr003_long,2026-08-20 04:00:00,0032..0047,16,2.2994,16
dr003_long,2026-08-20 04:00:00,0048..0063,16,2.4706,16
dr003_long,2026-08-21 04:00:00,0000..0015,16,1.9918,16
dr003_long,2026-08-21 04:00:00,0016..0031,16,2.1168,16
dr003_long,2026-08-21 04:00:00,0032..0047,16,1.892,16
dr003_long,2026-08-21 04:00:00,0048..0063,16,2.0148,16
dr003_long,2026-08-22 04:00:00,0000..0015,16,1.8506,16
dr003_long,2026-08-22 04:00:00,0016..0031,16,1.8935,16
dr003_long,2026-08-22 04:00:00,0032..0047,16,1.894,16
dr003_long,2026-08-22 04:00:00,0048..0063,16,1.9756,16
dr003_long,2026-08-23 04:00:00,0000..0015,16,1.8123,16
dr003_long,2026-08-23 04:00:00,0016..0031,16,1.673,16
dr003_long,2026-08-23 04:00:00,0032..0047,16,1.7051,16
dr003_long,2026-08-23 04:00:00,0048..0063,16,1.7976,16
dr003_long,2026-08-24 04:00:00,0000..0015,16,1.7969,16
dr003_long,2026-08-24 04:00:00,0016..0031,16,1.9181,16
dr003_long,2026-08-24 04:00:00,0032..0047,16,1.7001,16
dr003_long,2026-08-24 04:00:00,0048..0063,16,2.0924,16
dr003_long,2026-08-25 04:00:00,0000..0015,16,2.0549,16
dr003_long,2026-08-25 04:00:00,0016..0031,16,2.0546,16
dr003_long,2026-08-25 04:00:00,0032..0047,16,2.0031,16
dr003_long,2026-08-25 04:00:00,0048..0063,16,2.1207,16
dr003_long,2026-08-26 04:00:00,0000..0015,16,2.0692,16
dr003_long,2026-08-26 04:00:00,0016..0031,16,2.1472,16
dr003_long,2026-08-26 04:00:00,0032..0047,16,2.0982,16
dr003_long,2026-08-26 04:00:00,0048..0063,16,2.102,16
dr003_long,2026-08-27 04:00:00,0000..0015,16,1.7094,16
dr003_long,2026-08-27 04:00:00,0016..0031,16,1.773,16
dr003_long,2026-08-27 04:00:00,0032..0047,16,1.6696,16
dr003_long,2026-08-27 04:00:00,0048..0063,16,1.9322,16
dr003_long,2026-08-28 04:00:00,0000..0015,16,2.3365,16
dr003_long,2026-08-28 04:00:00,0016..0031,16,2.1063,16
dr003_long,2026-08-28 04:00:00,0032..0047,16,1.9781,16
dr003_long,2026-08-28 04:00:00,0048..0063,16,2.2431,16
dr003_long,2026-08-29 04:00:00,0000..0015,16,1.6999,16
dr003_long,2026-08-29 04:00:00,0016..0031,16,2.1027,16
dr003_long,2026-08-29 04:00:00,0032..0047,16,1.7782,16
dr003_long,2026-08-29 04:00:00,0048..0063,16,2.0374,16
dr003_long,2026-08-30 04:00:00,0000..0015,16,1.6861,16
dr003_long,2026-08-30 04:00:00,0016..0031,16,1.6599,16
dr003_long,2026-08-30 04:00:00,0032..0047,16,1.7155,16
dr003_long,2026-08-30 04:00:00,0048..0063,16,1.777,16
dr003_long,2026-08-31 04:00:00,0000..0015,16,2.368,16
dr003_long,2026-08-31 04:00:00,0016..0031,16,2.0493,16
dr003_long,2026-08-31 04:00:00,0032..0047,16,2.4065,16
dr003_long,2026-08-31 04:00:00,0048..0063,16,2.1826,16
dr003_long,2026-09-01 04:00:00,0000..0015,16,2.094,16
dr003_long,2026-09-01 04:00:00,0016..0031,16,2.2056,16
dr003_long,2026-09-01 04:00:00,0032..0047,16,2.0749,16
dr003_long,2026-09-01 04:00:00,0048..0063,16,2.1423,16
dr003_long,2026-09-02 04:00:00,0000..0015,16,2.2601,16
dr003_long,2026-09-02 04:00:00,0016..0031,16,2.2445,16
dr003_long,2026-09-02 04:00:00,0032..0047,16,2.4932,16
dr003_long,2026-09-02 04:00:00,0048..0063,16,2.2657,16
dr003_long,2026-09-03 04:00:00,0000..0015,16,2.5416,16
dr003_long,2026-09-03 04:00:00,0016..0031,16,2.4835,16
dr003_long,2026-09-03 04:00:00,0032..0047,16,2.6529,16
dr003_long,2026-09-03 04:00:00,0048..0063,16,2.5479,16
dr003_long,2026-09-04 04:00:00,0000..0015,16,3.4316,16
dr003_long,2026-09-04 04:00:00,0016..0023,8,1.65,8
dr003_long,2026-09-04 04:00:00,0024..0031,8,1.7684,8
dr003_long,2026-09-04 04:00:00,0032..0039,8,1.6929,8
dr003_long,2026-09-04 04:00:00,0040..0047,8,1.7976,8
dr003_long,2026-09-04 04:00:00,0048..0055,8,1.8671,8
dr003_long,2026-09-04 04:00:00,0056..0063,8,1.6854,8
dr003_long,2026-09-05 04:00:00,0000..0007,8,2.3515,8
dr003_long,2026-09-05 04:00:00,0008..0015,8,2.667,8
dr003_long,2026-09-05 04:00:00,0016..0023,8,2.4872,8
dr003_long,2026-09-05 04:00:00,0024..0031,8,2.3845,8
dr003_long,2026-09-05 04:00:00,0032..0039,8,2.3226,8
dr003_long,2026-09-05 04:00:00,0040..0047,8,2.0704,8
dr003_long,2026-09-05 04:00:00,0048..0055,8,2.3053,8
dr003_long,2026-09-05 04:00:00,0056..0063,8,2.3161,8
dr003_long,2026-09-06 04:00:00,0000..0007,8,2.4154,8
dr003_long,2026-09-06 04:00:00,0008..0015,8,2.7662,8
dr003_long,2026-09-06 04:00:00,0016..0023,8,2.4138,8
dr003_long,2026-09-06 04:00:00,0024..0031,8,2.818,8
dr003_long,2026-09-06 04:00:00,0032..0039,8,2.3508,8
dr003_long,2026-09-06 04:00:00,0040..0047,8,2.2771,8
dr003_long,2026-09-06 04:00:00,0048..0055,8,2.5681,8
dr003_long,2026-09-06 04:00:00,0056..0063,8,2.9597,8
dr003_long,2026-09-07 04:00:00,0000..0007,8,2.2238,8
dr003_long,2026-09-07 04:00:00,0008..0015,8,2.2094,8
dr003_long,2026-09-07 04:00:00,0016..0023,8,2.2079,8
dr003_long,2026-09-07 04:00:00,0024..0031,8,2.5974,8
dr003_long,2026-09-07 04:00:00,0032..0039,8,2.0374,8
dr003_long,2026-09-07 04:00:00,0040..0047,8,2.087,8
dr003_long,2026-09-07 04:00:00,0048..0055,8,2.1757,8
dr003_long,2026-09-07 04:00:00,0056..0063,8,2.5802,8
dr003_long,2026-09-08 04:00:00,0000..0007,8,2.4475,8
dr003_long,2026-09-08 04:00:00,0008..0015,8,2.961,8
dr003_long,2026-09-08 04:00:00,0016..0023,8,2.751,8
dr003_long,2026-09-08 04:00:00,0024..0031,8,2.7062,8
dr003_long,2026-09-08 04:00:00,0032..0039,8,2.4693,8
dr003_long,2026-09-08 04:00:00,0040..0047,8,2.6372,8
dr003_long,2026-09-08 04:00:00,0048..0055,8,2.8207,8
dr003_long,2026-09-08 04:00:00,0056..0063,8,2.6942,8
dr003_long,2026-09-09 04:00:00,0000..0007,8,2.9776,8
dr003_long,2026-09-09 04:00:00,0008..0015,8,2.8063,8
dr003_long,2026-09-09 04:00:00,0016..0023,8,2.5029,8
dr003_long,2026-09-09 04:00:00,0024..0031,8,2.8572,8
dr003_long,2026-09-09 04:00:00,0032..0039,8,3.0888,8
dr003_long,2026-09-09 04:00:00,0040..0043,4,1.3968,4
dr003_long,2026-09-09 04:00:00,0044..0047,4,1.3428,4
dr003_long,2026-09-09 04:00:00,0048..0051,4,1.4898,4
dr003_long,2026-09-09 04:00:00,0052..0055,4,1.5229,4
dr003_long,2026-09-09 04:00:00,0056..0059,4,1.3523,4
dr003_long,2026-09-09 04:00:00,0060..0063,4,1.3702,4
dr003_long,2026-09-10 04:00:00,0000..0003,4,1.1525,4
dr003_long,2026-09-10 04:00:00,0004..0007,4,1.5009,4
dr003_long,2026-09-10 04:00:00,0008..0011,4,1.4665,4
dr003_long,2026-09-10 04:00:00,0012..0015,4,1.1494,4
dr003_long,2026-09-10 04:00:00,0016..0019,4,1.1031,4
dr003_long,2026-09-10 04:00:00,0020..0023,4,1.3603,4
dr003_long,2026-09-10 04:00:00,0024..0027,4,1.3218,4
dr003_long,2026-09-10 04:00:00,0028..0031,4,1.1851,4
dr003_long,2026-09-10 04:00:00,0032..0035,4,1.2966,4
dr003_long,2026-09-10 04:00:00,0036..0039,4,1.2922,4
dr003_long,2026-09-10 04:00:00,0040..0043,4,1.3191,4
dr003_long,2026-09-10 04:00:00,0044..0047,4,1.1753,4
dr003_long,2026-09-10 04:00:00,0048..0051,4,1.3276,4
dr003_long,2026-09-10 04:00:00,0052..0055,4,1.324,4
dr003_long,2026-09-10 04:00:00,0056..0059,4,1.2099,4
dr003_long,2026-09-10 04:00:00,0060..0063,4,1.1581,4
dr003_long,2026-09-11 04:00:00,0000..0003,4,0.9388,4
dr003_long,2026-09-11 04:00:00,0004..0007,4,1.0875,4
dr003_long,2026-09-11 04:00:00,0008..0011,4,1.0068,4
dr003_long,2026-09-11 04:00:00,0012..0015,4,1.2521,4
dr003_long,2026-09-11 04:00:00,0016..0019,4,1.0492,4
dr003_long,2026-09-11 04:00:00,0020..0023,4,1.0787,4
dr003_long,2026-09-11 04:00:00,0024..0027,4,1.022,4
dr003_long,2026-09-11 04:00:00,0028..0031,4,0.9666,4
dr003_long,2026-09-11 04:00:00,0032..0035,4,1.2747,4
dr003_long,2026-09-11 04:00:00,0036..0039,4,1.121,4
dr003_long,2026-09-11 04:00:00,0040..0043,4,1.0096,4
dr003_long,2026-09-11 04:00:00,0044..0047,4,0.9239,4
dr003_long,2026-09-11 04:00:00,0048..0051,4,1.1121,4
dr003_long,2026-09-11 04:00:00,0052..0055,4,1.1223,4
dr003_long,2026-09-11 04:00:00,0056..0059,4,1.0408,4
dr003_long,2026-09-11 04:00:00,0060..0063,4,1.1219,4
dr003_long,2026-09-12 04:00:00,0000..0003,4,0.882,4
dr003_long,2026-09-12 04:00:00,0004..0007,4,1.0885,4
dr003_long,2026-09-12 04:00:00,0008..0011,4,0.9942,4
dr003_long,2026-09-12 04:00:00,0012..0015,4,0.9962,4
dr003_long,2026-09-12 04:00:00,0016..0019,4,1.257,4
dr003_long,2026-09-12 04:00:00,0020..0023,4,0.9179,4
dr003_long,2026-09-12 04:00:00,0024..0027,4,0.9158,4
dr003_long,2026-09-12 04:00:00,0028..0031,4,0.892,4
dr003_long,2026-09-12 04:00:00,0032..0035,4,0.9273,4
dr003_long,2026-09-12 04:00:00,0036..0039,4,1.1851,4
dr003_long,2026-09-12 04:00:00,0040..0043,4,0.9924,4
dr003_long,2026-09-12 04:00:00,0044..0047,4,0.9562,4
dr003_long,2026-09-12 04:00:00,0048..0051,4,0.8505,4
dr003_long,2026-09-12 04:00:00,0052..0055,4,1.1504,4
dr003_long,2026-09-12 04:00:00,0056..0059,4,1.138,4
dr003_long,2026-09-12 04:00:00,0060..0063,4,1.0545,4
dr003_long,2026-09-13 04:00:00,0000..0003,4,0.7977,4
dr003_long,2026-09-13 04:00:00,0004..0007,4,0.8145,4
dr003_long,2026-09-13 04:00:00,0008..0011,4,0.837,4
dr003_long,2026-09-13 04:00:00,0012..0015,4,0.8602,4
dr003_long,2026-09-13 04:00:00,0016..0019,4,0.808,4
dr003_long,2026-09-13 04:00:00,0020..0023,4,0.9178,4
dr003_long,2026-09-13 04:00:00,0024..0027,4,0.8887,4
dr003_long,2026-09-13 04:00:00,0028..0031,4,0.8871,4
dr003_long,2026-09-13 04:00:00,0032..0035,4,0.8289,4
dr003_long,2026-09-13 04:00:00,0036..0039,4,0.902,4
dr003_long,2026-09-13 04:00:00,0040..0043,4,0.9034,4
dr003_long,2026-09-13 04:00:00,0044..0047,4,0.7751,4
dr003_long,2026-09-13 04:00:00,0048..0051,4,0.7723,4
dr003_long,2026-09-13 04:00:00,0052..0055,4,0.9257,4
dr003_long,2026-09-13 04:00:00,0056..0059,4,0.7719,4
dr003_long,2026-09-13 04:00:00,0060..0063,4,0.8775,4
dr003_long,2026-09-14 04:00:00,0000..0003,4,0.9405,4
dr003_long,2026-09-14 04:00:00,0004..0007,4,0.9451,4
dr003_long,2026-09-14 04:00:00,0008..0011,4,0.99,4
dr003_long,2026-09-14 04:00:00,0012..0015,4,0.9302,4
dr003_long,2026-09-14 04:00:00,0016..0019,4,1.1133,4
dr003_long,2026-09-14 04:00:00,0020..0023,4,1.007,4
dr003_long,2026-09-14 04:00:00,0024..0027,4,0.7731,4
dr003_long,2026-09-14 04:00:00,0028..0031,4,0.8572,4
dr003_long,2026-09-14 04:00:00,0032..0035,4,0.8876,4
dr003_long,2026-09-14 04:00:00,0036..0039,4,0.9309,4
dr003_long,2026-09-14 04:00:00,0040..0043,4,0.9463,4
dr003_long,2026-09-14 04:00:00,0044..0047,4,0.9651,4
dr003_long,2026-09-14 04:00:00,0048..0051,4,1.0448,4
dr003_long,2026-09-14 04:00:00,0052..0055,4,1.017,4
dr003_long,2026-09-14 04:00:00,0056..0059,4,0.8129,4
dr003_long,2026-09-14 04:00:00,0060..0063,4,0.8898,4
dr003_long,2026-09-15 04:00:00,0000..0003,4,0.9624,4
dr003_long,2026-09-15 04:00:00,0004..0007,4,1.0818,4
dr003_long,2026-09-15 04:00:00,0008..0011,4,0.9335,4
dr003_long,2026-09-15 04:00:00,0012..0015,4,1.1762,4
dr003_long,2026-09-15 04:00:00,0016..0019,4,1.2374,4
dr003_long,2026-09-15 04:00:00,0020..0023,4,1.0464,4
dr003_long,2026-09-15 04:00:00,0024..0027,4,1.1428,4
dr003_long,2026-09-15 04:00:00,0028..0031,4,0.9308,4
dr003_long,2026-09-15 04:00:00,0032..0035,4,1.5071,4
dr003_long,2026-09-15 04:00:00,0036..0039,4,1.1635,4
dr003_long,2026-09-15 04:00:00,0040..0043,4,0.9777,4
dr003_long,2026-09-15 04:00:00,0044..0047,4,1.163,4
dr003_long,2026-09-15 04:00:00,0048..0051,4,1.2692,4
dr003_long,2026-09-15 04:00:00,0052..0055,4,1.2197,4
dr003_long,2026-09-15 04:00:00,0056..0059,4,1.0943,4
dr003_long,2026-09-15 04:00:00,0060..0063,4,1.0299,4
dr003_long,2026-09-16 04:00:00,0000..0003,4,1.0092,4
dr003_long,2026-09-16 04:00:00,0004..0007,4,1.1374,4
dr003_long,2026-09-16 04:00:00,0008..0011,4,0.9478,4
dr003_long,2026-09-16 04:00:00,0012..0015,4,1.0775,4
dr003_long,2026-09-16 04:00:00,0016..0019,4,1.1039,4
dr003_long,2026-09-16 04:00:00,0020..0023,4,0.9722,4
dr003_long,2026-09-16 04:00:00,0024..0027,4,1.2007,4
dr003_long,2026-09-16 04:00:00,0028..0031,4,0.9424,4
dr003_long,2026-09-16 04:00:00,0032..0035,4,1.1383,4
dr003_long,2026-09-16 04:00:00,0036..0039,4,1.1867,4
dr003_long,2026-09-16 04:00:00,0040..0043,4,1.2086,4
dr003_long,2026-09-16 04:00:00,0044..0047,4,1.1595,4
dr003_long,2026-09-16 04:00:00,0048..0051,4,1.1696,4
dr003_long,2026-09-16 04:00:00,0052..0055,4,1.1644,4
dr003_long,2026-09-16 04:00:00,0056..0059,4,1.2632,4
dr003_long,2026-09-16 04:00:00,0060..0063,4,1.0061,4
dr003_long,2026-09-17 04:00:00,0000..0003,4,1.0974,4
dr003_long,2026-09-17 04:00:00,0004..0007,4,1.1785,4
dr003_long,2026-09-17 04:00:00,0008..0011,4,1.1302,4
dr003_long,2026-09-17 04:00:00,0012..0015,4,1.1863,4
dr003_long,2026-09-17 04:00:00,0016..0019,4,0.9529,4
dr003_long,2026-09-17 04:00:00,0020..0023,4,1.1793,4
dr003_long,2026-09-17 04:00:00,0024..0027,4,1.3631,4
dr003_long,2026-09-17 04:00:00,0028..0031,4,1.0903,4
dr003_long,2026-09-17 04:00:00,0032..0035,4,1.0714,4
dr003_long,2026-09-17 04:00:00,0036..0039,4,1.0612,4
dr003_long,2026-09-17 04:00:00,0040..0043,4,1.1686,4
dr003_long,2026-09-17 04:00:00,0044..0047,4,1.065,4
dr003_long,2026-09-17 04:00:00,0048..0051,4,1.1228,4
dr003_long,2026-09-17 04:00:00,0052..0055,4,1.1215,4
dr003_long,2026-09-17 04:00:00,0056..0059,4,1.0159,4
dr003_long,2026-09-17 04:00:00,0060..0063,4,1.0332,4
dr003_long,2026-09-18 04:00:00,0000..0003,4,0.9889,4
dr003_long,2026-09-18 04:00:00,0004..0007,4,0.9648,4
dr003_long,2026-09-18 04:00:00,0008..0011,4,1.0145,4
dr003_long,2026-09-18 04:00:00,0012..0015,4,1.0354,4
dr003_long,2026-09-18 04:00:00,0016..0019,4,1.1179,4
dr003_long,2026-09-18 04:00:00,0020..0023,4,1.4611,4
dr003_long,2026-09-18 04:00:00,0024..0027,4,1.2354,4
dr003_long,2026-09-18 04:00:00,0028..0031,4,0.882,4
dr003_long,2026-09-18 04:00:00,0032..0035,4,0.9168,4
dr003_long,2026-09-18 04:00:00,0036..0039,4,1.0378,4
dr003_long,2026-09-18 04:00:00,0040..0043,4,0.9925,4
dr003_long,2026-09-18 04:00:00,0044..0047,4,0.9678,4
dr003_long,2026-09-18 04:00:00,0048..0051,4,1.1925,4
dr003_long,2026-09-18 04:00:00,0052..0055,4,1.0739,4
dr003_long,2026-09-18 04:00:00,0056..0059,4,1.0547,4
dr003_long,2026-09-18 04:00:00,0060..0063,4,0.9173,4
dr003_long,2026-09-19 04:00:00,0000..0003,4,1.052,4
dr003_long,2026-09-19 04:00:00,0004..0007,4,0.9217,4
dr003_long,2026-09-19 04:00:00,0008..0011,4,0.8848,4
dr003_long,2026-09-19 04:00:00,0012..0015,4,1.0952,4
dr003_long,2026-09-19 04:00:00,0016..0019,4,0.9135,4
dr003_long,2026-09-19 04:00:00,0020..0023,4,0.8601,4
dr003_long,2026-09-19 04:00:00,0024..0027,4,1.0181,4
dr003_long,2026-09-19 04:00:00,0028..0031,4,0.9283,4
dr003_long,2026-09-19 04:00:00,0032..0035,4,0.9373,4
dr003_long,2026-09-19 04:00:00,0036..0039,4,0.9625,4
dr003_long,2026-09-19 04:00:00,0040..0043,4,0.8751,4
dr003_long,2026-09-19 04:00:00,0044..0047,4,0.8912,4
dr003_long,2026-09-19 04:00:00,0048..0051,4,1.1768,4
dr003_long,2026-09-19 04:00:00,0052..0055,4,1.1022,4
dr003_long,2026-09-19 04:00:00,0056..0059,4,1.1032,4
dr003_long,2026-09-19 04:00:00,0060..0063,4,0.8969,4
dr003_long,2026-09-20 04:00:00,0000..0003,4,0.6603,4
dr003_long,2026-09-20 04:00:00,0004..0007,4,0.6883,4
dr003_long,2026-09-20 04:00:00,0008..0011,4,0.6598,4
dr003_long,2026-09-20 04:00:00,0012..0015,4,0.8084,4
dr003_long,2026-09-20 04:00:00,0016..0019,4,0.5816,4
dr003_long,2026-09-20 04:00:00,0020..0023,4,0.6417,4
dr003_long,2026-09-20 04:00:00,0024..0027,4,0.6512,4
dr003_long,2026-09-20 04:00:00,0028..0031,4,0.5302,4
dr003_long,2026-09-20 04:00:00,0032..0035,4,0.6472,4
dr003_long,2026-09-20 04:00:00,0036..0039,4,0.5776,4
dr003_long,2026-09-20 04:00:00,0040..0043,4,0.6443,4
dr003_long,2026-09-20 04:00:00,0044..0047,4,0.7047,4
dr003_long,2026-09-20 04:00:00,0048..0051,4,0.7777,4
dr003_long,2026-09-20 04:00:00,0052..0055,4,0.5045,4
dr003_long,2026-09-20 04:00:00,0056..0059,4,0.6585,4
dr003_long,2026-09-20 04:00:00,0060..0063,4,0.6773,4
dr003_long,2026-09-21 04:00:00,0000..0003,4,0.9231,4
dr003_long,2026-09-21 04:00:00,0004..0007,4,0.8297,4
dr003_long,2026-09-21 04:00:00,0008..0011,4,0.8755,4
dr003_long,2026-09-21 04:00:00,0012..0015,4,0.9929,4
dr003_long,2026-09-21 04:00:00,0016..0019,4,0.8632,4
dr003_long,2026-09-21 04:00:00,0020..0023,4,1.0681,4
dr003_long,2026-09-21 04:00:00,0024..0027,4,0.9144,4
dr003_long,2026-09-21 04:00:00,0028..0031,4,0.8772,4
dr003_long,2026-09-21 04:00:00,0032..0035,4,0.8472,4
dr003_long,2026-09-21 04:00:00,0036..0039,4,0.9607,4
dr003_long,2026-09-21 04:00:00,0040..0043,4,0.9162,4
dr003_long,2026-09-21 04:00:00,0044..0047,4,1.0971,4
dr003_long,2026-09-21 04:00:00,0048..0051,4,1.2658,4
dr003_long,2026-09-21 04:00:00,0052..0055,4,0.8616,4
dr003_long,2026-09-21 04:00:00,0056..0059,4,1.2185,4
dr003_long,2026-09-21 04:00:00,0060..0063,4,1.0436,4
dr003_long,2026-09-22 04:00:00,0000..0003,4,0.9708,4
dr003_long,2026-09-22 04:00:00,0004..0007,4,1.0051,4
dr003_long,2026-09-22 04:00:00,0008..0011,4,0.9198,4
dr003_long,2026-09-22 04:00:00,0012..0015,4,1.0027,4
dr003_long,2026-09-22 04:00:00,0016..0019,4,0.718,4
dr003_long,2026-09-22 04:00:00,0020..0023,4,1.3676,4
dr003_long,2026-09-22 04:00:00,0024..0027,4,1.0341,4
dr003_long,2026-09-22 04:00:00,0028..0031,4,0.9739,4
dr003_long,2026-09-22 04:00:00,0032..0035,4,0.8667,4
dr003_long,2026-09-22 04:00:00,0036..0039,4,0.7611,4
dr003_long,2026-09-22 04:00:00,0040..0043,4,0.9515,4
dr003_long,2026-09-22 04:00:00,0044..0047,4,1.176,4
dr003_long,2026-09-22 04:00:00,0048..0051,4,1.0621,4
dr003_long,2026-09-22 04:00:00,0052..0055,4,0.6892,4
dr003_long,2026-09-22 04:00:00,0056..0059,4,1.088,4
dr003_long,2026-09-22 04:00:00,0060..0063,4,1.0886,4
dr003_long,2026-09-23 04:00:00,0000..0003,4,0.9967,4
dr003_long,2026-09-23 04:00:00,0004..0007,4,1.072,4
dr003_long,2026-09-23 04:00:00,0008..0011,4,1.1673,4
dr003_long,2026-09-23 04:00:00,0012..0015,4,1.1411,4
dr003_long,2026-09-23 04:00:00,0016..0019,4,0.6393,4
dr003_long,2026-09-23 04:00:00,0020..0023,4,0.8215,4
dr003_long,2026-09-23 04:00:00,0024..0027,4,0.9518,4
dr003_long,2026-09-23 04:00:00,0028..0031,4,1.0274,4
dr003_long,2026-09-23 04:00:00,0032..0035,4,0.831,4
dr003_long,2026-09-23 04:00:00,0036..0039,4,1.1281,4
dr003_long,2026-09-23 04:00:00,0040..0043,4,0.9297,4
dr003_long,2026-09-23 04:00:00,0044..0047,4,0.9198,4
dr003_long,2026-09-23 04:00:00,0048..0051,4,0.8109,4
dr003_long,2026-09-23 04:00:00,0052..0055,4,0.4499,4
dr003_long,2026-09-23 04:00:00,0056..0059,4,0.4324,4
dr003_long,2026-09-23 04:00:00,0060..0063,4,0.9924,4
dr003_long,2026-09-24 04:00:00,0000..0003,4,0.1202,4
dr003_long,2026-09-24 04:00:00,0004..0007,4,0.108,4
dr003_long,2026-09-24 04:00:00,0008..0011,4,0.1194,4
dr003_long,2026-09-24 04:00:00,0012..0015,4,0.1356,4
dr003_long,2026-09-24 04:00:00,0016..0019,4,0.1124,4
dr003_long,2026-09-24 04:00:00,0020..0023,4,0.1378,4
dr003_long,2026-09-24 04:00:00,0024..0027,4,0.1264,4
dr003_long,2026-09-24 04:00:00,0028..0031,4,0.1417,4
dr003_long,2026-09-24 04:00:00,0032..0035,4,0.1196,4
dr003_long,2026-09-24 04:00:00,0036..0039,4,0.117,4
dr003_long,2026-09-24 04:00:00,0040..0043,4,0.1134,4
dr003_long,2026-09-24 04:00:00,0044..0047,4,0.1031,4
dr003_long,2026-09-24 04:00:00,0048..0051,4,0.154,4
dr003_long,2026-09-24 04:00:00,0052..0055,4,0.1162,4
dr003_long,2026-09-24 04:00:00,0056..0059,4,0.1546,4
dr003_long,2026-09-24 04:00:00,0060..0063,4,0.1356,4
dr001_conflicts,2026-08-25 04:00:00,0000..0015,16,2.8936,36
dr001_conflicts,2026-08-25 04:00:00,0016..0031,16,2.7906,39
dr001_conflicts,2026-08-25 04:00:00,0032..0047,16,2.6255,31
dr001_conflicts,2026-08-25 04:00:00,0048..0063,16,2.8879,41
dr001_conflicts,2026-08-26 04:00:00,0000..0015,16,2.5546,51
dr001_conflicts,2026-08-26 04:00:00,0016..0031,16,2.5761,54
dr001_conflicts,2026-08-26 04:00:00,0032..0047,16,2.5841,37
dr001_conflicts,2026-08-26 04:00:00,0048..0063,16,2.5111,45
dr001_conflicts,2026-08-27 04:00:00,0000..0015,16,2.2064,37
dr001_conflicts,2026-08-27 04:00:00,0016..0031,16,2.2591,48
dr001_conflicts,2026-08-27 04:00:00,0032..0047,16,2.2746,43
dr001_conflicts,2026-08-27 04:00:00,0048..0063,16,3.9576,41
dr001_conflicts,2026-08-28 04:00:00,0000..0007,8,1.7822,23
dr001_conflicts,2026-08-28 04:00:00,0008..0015,8,1.4024,16
dr001_conflicts,2026-08-28 04:00:00,0016..0023,8,1.1422,22
dr001_conflicts,2026-08-28 04:00:00,0024..0031,8,1.5832,28
dr001_conflicts,2026-08-28 04:00:00,0032..0039,8,1.4555,16
dr001_conflicts,2026-08-28 04:00:00,0040..0047,8,1.3385,24
dr001_conflicts,2026-08-28 04:00:00,0048..0055,8,1.4185,20
dr001_conflicts,2026-08-28 04:00:00,0056..0063,8,1.3322,15
dr001_conflicts,2026-08-29 04:00:00,0000..0007,8,1.3066,15
dr001_conflicts,2026-08-29 04:00:00,0008..0015,8,1.0307,14
dr001_conflicts,2026-08-29 04:00:00,0016..0023,8,1.444,22
dr001_conflicts,2026-08-29 04:00:00,0024..0031,8,1.5033,16
dr001_conflicts,2026-08-29 04:00:00,0032..0039,8,1.1181,16
dr001_conflicts,2026-08-29 04:00:00,0040..0047,8,1.2932,24
dr001_conflicts,2026-08-29 04:00:00,0048..0055,8,1.2147,16
dr001_conflicts,2026-08-29 04:00:00,0056..0063,8,1.4403,24
dr001_conflicts,2026-08-30 04:00:00,0000..0007,8,1.0738,15
dr001_conflicts,2026-08-30 04:00:00,0008..0015,8,1.4748,20
dr001_conflicts,2026-08-30 04:00:00,0016..0023,8,1.1908,20
dr001_conflicts,2026-08-30 04:00:00,0024..0031,8,1.1868,16
dr001_conflicts,2026-08-30 04:00:00,0032..0039,8,1.231,23
dr001_conflicts,2026-08-30 04:00:00,0040..0047,8,1.2168,17
dr001_conflicts,2026-08-30 04:00:00,0048..0055,8,1.3602,23
dr001_conflicts,2026-08-30 04:00:00,0056..0063,8,1.2986,26
dr001_conflicts,2026-08-31 04:00:00,0000..0007,8,1.5161,24
dr001_conflicts,2026-08-31 04:00:00,0008..0015,8,1.5384,19
dr001_conflicts,2026-08-31 04:00:00,0016..0023,8,1.4243,25
dr001_conflicts,2026-08-31 04:00:00,0024..0031,8,1.4388,24
dr001_conflicts,2026-08-31 04:00:00,0032..0039,8,1.491,32
dr001_conflicts,2026-08-31 04:00:00,0040..0047,8,1.5331,25
dr001_conflicts,2026-08-31 04:00:00,0048..0055,8,1.4332,19
dr001_conflicts,2026-08-31 04:00:00,0056..0063,8,1.5589,22
dr001_conflicts,2026-09-01 04:00:00,0000..0007,8,1.4546,21
dr001_conflicts,2026-09-01 04:00:00,0008..0015,8,1.416,20
dr001_conflicts,2026-09-01 04:00:00,0016..0023,8,1.5056,23
dr001_conflicts,2026-09-01 04:00:00,0024..0031,8,1.3832,25
dr001_conflicts,2026-09-01 04:00:00,0032..0039,8,1.5874,22
dr001_conflicts,2026-09-01 04:00:00,0040..0047,8,1.6019,27
dr001_conflicts,2026-09-01 04:00:00,0048..0055,8,1.4855,24
dr001_conflicts,2026-09-01 04:00:00,0056..0063,8,1.384,20
dr001_conflicts,2026-09-02 04:00:00,0000..0007,8,1.593,23
dr001_conflicts,2026-09-02 04:00:00,0008..0015,8,1.5217,23
dr001_conflicts,2026-09-02 04:00:00,0016..0023,8,1.7282,22
dr001_conflicts,2026-09-02 04:00:00,0024..0031,8,1.4874,22
dr001_conflicts,2026-09-02 04:00:00,0032..0039,8,1.4252,19
dr001_conflicts,2026-09-02 04:00:00,0040..0047,8,1.7128,27
dr001_conflicts,2026-09-02 04:00:00,0048..0055,8,1.5224,28
dr001_conflicts,2026-09-02 04:00:00,0056..0063,8,1.61,28
dr001_conflicts,2026-09-03 04:00:00,0000..0007,8,1.8071,26
dr001_conflicts,2026-09-03 04:00:00,0008..0015,8,1.8412,26
dr001_conflicts,2026-09-03 04:00:00,0016..0023,8,1.8989,26
dr001_conflicts,2026-09-03 04:00:00,0024..0031,8,1.7677,31
dr001_conflicts,2026-09-03 04:00:00,0032..0039,8,1.6097,24
dr001_conflicts,2026-09-03 04:00:00,0040..0047,8,1.8609,33
dr001_conflicts,2026-09-03 04:00:00,0048..0055,8,1.8777,30
dr001_conflicts,2026-09-03 04:00:00,0056..0063,8,1.9099,24
dr001_conflicts,2026-09-04 04:00:00,0000..0007,8,2.9981,37
dr001_conflicts,2026-09-04 04:00:00,0008..0015,8,3.2297,31
dr001_conflicts,2026-09-04 04:00:00,0016..0019,4,1.4342,17
dr001_conflicts,2026-09-04 04:00:00,0020..0023,4,1.4295,19
dr001_conflicts,2026-09-04 04:00:00,0024..0027,4,1.3669,16
dr001_conflicts,2026-09-04 04:00:00,0028..0031,4,1.6724,14
dr001_conflicts,2026-09-04 04:00:00,0032..0035,4,1.4597,13
dr001_conflicts,2026-09-04 04:00:00,0036..0039,4,1.3562,16
dr001_conflicts,2026-09-04 04:00:00,0040..0043,4,1.5509,18
dr001_conflicts,2026-09-04 04:00:00,0044..0047,4,1.6195,19
dr001_conflicts,2026-09-04 04:00:00,0048..0051,4,1.5061,18
dr001_conflicts,2026-09-04 04:00:00,0052..0055,4,1.5566,21
dr001_conflicts,2026-09-04 04:00:00,0056..0059,4,1.5016,14
dr001_conflicts,2026-09-04 04:00:00,0060..0063,4,1.6049,15
dr001_conflicts,2026-09-05 04:00:00,0000..0003,4,2.2946,24
dr001_conflicts,2026-09-05 04:00:00,0004..0007,4,2.389,23
dr001_conflicts,2026-09-05 04:00:00,0008..0011,4,2.5823,24
dr001_conflicts,2026-09-05 04:00:00,0012..0015,4,2.9978,27
dr001_conflicts,2026-09-05 04:00:00,0016..0019,4,2.1142,20
dr001_conflicts,2026-09-05 04:00:00,0020..0023,4,2.6788,21
dr001_conflicts,2026-09-05 04:00:00,0024..0027,4,2.0556,20
dr001_conflicts,2026-09-05 04:00:00,0028..0031,4,2.5192,25
dr001_conflicts,2026-09-05 04:00:00,0032..0035,4,2.5111,21
dr001_conflicts,2026-09-05 04:00:00,0036..0039,4,2.1503,25
dr001_conflicts,2026-09-05 04:00:00,0040..0043,4,2.0217,21
dr001_conflicts,2026-09-05 04:00:00,0044..0047,4,2.0978,22
dr001_conflicts,2026-09-05 04:00:00,0048..0051,4,2.2187,22
dr001_conflicts,2026-09-05 04:00:00,0052..0055,4,2.355,22
dr001_conflicts,2026-09-05 04:00:00,0056..0059,4,2.0283,24
dr001_conflicts,2026-09-05 04:00:00,0060..0063,4,2.5926,20
dr001_conflicts,2026-09-06 04:00:00,0000..0003,4,2.3231,22
dr001_conflicts,2026-09-06 04:00:00,0004..0007,4,2.2487,24
dr001_conflicts,2026-09-06 04:00:00,0008..0011,4,2.656,32
dr001_conflicts,2026-09-06 04:00:00,0012..0015,4,3.0506,32
dr001_conflicts,2026-09-06 04:00:00,0016..0017,2,1.3162,14
dr001_conflicts,2026-09-06 04:00:00,0018..0019,2,1.047,14
dr001_conflicts,2026-09-06 04:00:00,0020..0021,2,1.374,13
dr001_conflicts,2026-09-06 04:00:00,0022..0023,2,1.6555,13
dr001_conflicts,2026-09-06 04:00:00,0024..0025,2,1.1937,11
dr001_conflicts,2026-09-06 04:00:00,0026..0027,2,1.6611,17
dr001_conflicts,2026-09-06 04:00:00,0028..0029,2,1.6645,13
dr001_conflicts,2026-09-06 04:00:00,0030..0031,2,1.2869,10
dr001_conflicts,2026-09-06 04:00:00,0032..0033,2,1.4284,19
dr001_conflicts,2026-09-06 04:00:00,0034..0035,2,1.2885,15
dr001_conflicts,2026-09-06 04:00:00,0036..0037,2,1.1381,17
dr001_conflicts,2026-09-06 04:00:00,0038..0039,2,1.0526,8
dr001_conflicts,2026-09-06 04:00:00,0040..0041,2,1.5057,16
dr001_conflicts,2026-09-06 04:00:00,0042..0043,2,1.0341,11
dr001_conflicts,2026-09-06 04:00:00,0044..0045,2,1.0926,11
dr001_conflicts,2026-09-06 04:00:00,0046..0047,2,0.8849,11
dr001_conflicts,2026-09-06 04:00:00,0048..0049,2,1.1806,13
dr001_conflicts,2026-09-06 04:00:00,0050..0051,2,1.1366,13
dr001_conflicts,2026-09-06 04:00:00,0052..0053,2,1.4233,13
dr001_conflicts,2026-09-06 04:00:00,0054..0055,2,1.5035,11
dr001_conflicts,2026-09-06 04:00:00,0056..0057,2,1.2375,12
dr001_conflicts,2026-09-06 04:00:00,0058..0059,2,1.2518,8
dr001_conflicts,2026-09-06 04:00:00,0060..0061,2,1.4743,17
dr001_conflicts,2026-09-06 04:00:00,0062..0063,2,1.2266,10
dr001_conflicts,2026-09-07 04:00:00,0000..0001,2,0.8254,11
dr001_conflicts,2026-09-07 04:00:00,0002..0003,2,1.0776,11
dr001_conflicts,2026-09-07 04:00:00,0004..0005,2,1.2489,11
dr001_conflicts,2026-09-07 04:00:00,0006..0007,2,1.387,9
dr001_conflicts,2026-09-07 04:00:00,0008..0009,2,1.2174,8
dr001_conflicts,2026-09-07 04:00:00,0010..0011,2,1.2052,10
dr001_conflicts,2026-09-07 04:00:00,0012..0013,2,0.9206,8
dr001_conflicts,2026-09-07 04:00:00,0014..0015,2,1.2868,9
dr001_conflicts,2026-09-07 04:00:00,0016..0017,2,1.2584,11
dr001_conflicts,2026-09-07 04:00:00,0018..0019,2,1.3439,12
dr001_conflicts,2026-09-07 04:00:00,0020..0021,2,0.9514,9
dr001_conflicts,2026-09-07 04:00:00,0022..0023,2,1.0062,10
dr001_conflicts,2026-09-07 04:00:00,0024..0025,2,1.0581,9
dr001_conflicts,2026-09-07 04:00:00,0026..0027,2,1.2787,13
dr001_conflicts,2026-09-07 04:00:00,0028..0029,2,1.2561,11
dr001_conflicts,2026-09-07 04:00:00,0030..0031,2,1.2754,9
dr001_conflicts,2026-09-07 04:00:00,0032..0033,2,0.9564,10
dr001_conflicts,2026-09-07 04:00:00,0034..0035,2,1.0059,11
dr001_conflicts,2026-09-07 04:00:00,0036..0037,2,1.1354,12
dr001_conflicts,2026-09-07 04:00:00,0038..0039,2,1.0438,9
dr001_conflicts,2026-09-07 04:00:00,0040..0041,2,0.9263,11
dr001_conflicts,2026-09-07 04:00:00,0042..0043,2,0.9981,10
dr001_conflicts,2026-09-07 04:00:00,0044..0045,2,1.0894,10
dr001_conflicts,2026-09-07 04:00:00,0046..0047,2,1.0523,11
dr001_conflicts,2026-09-07 04:00:00,0048..0049,2,1.0622,10
dr001_conflicts,2026-09-07 04:00:00,0050..0051,2,0.9983,8
dr001_conflicts,2026-09-07 04:00:00,0052..0053,2,1.1542,9
dr001_conflicts,2026-09-07 04:00:00,0054..0055,2,1.3268,10
dr001_conflicts,2026-09-07 04:00:00,0056..0057,2,1.0971,11
dr001_conflicts,2026-09-07 04:00:00,0058..0059,2,1.158,9
dr001_conflicts,2026-09-07 04:00:00,0060..0061,2,1.2543,10
dr001_conflicts,2026-09-07 04:00:00,0062..0063,2,1.6075,15
dr001_conflicts,2026-09-08 04:00:00,0000..0001,2,1.1595,9
dr001_conflicts,2026-09-08 04:00:00,0002..0003,2,1.2506,10
dr001_conflicts,2026-09-08 04:00:00,0004..0005,2,1.1827,8
dr001_conflicts,2026-09-08 04:00:00,0006..0007,2,1.2119,10
dr001_conflicts,2026-09-08 04:00:00,0008..0009,2,1.337,10
dr001_conflicts,2026-09-08 04:00:00,0010..0011,2,1.4233,14
dr001_conflicts,2026-09-08 04:00:00,0012..0013,2,1.1599,8
dr001_conflicts,2026-09-08 04:00:00,0014..0015,2,1.2842,10
dr001_conflicts,2026-09-08 04:00:00,0016..0017,2,1.3022,12
dr001_conflicts,2026-09-08 04:00:00,0018..0019,2,1.2833,11
dr001_conflicts,2026-09-08 04:00:00,0020..0021,2,1.2376,11
dr001_conflicts,2026-09-08 04:00:00,0022..0023,2,1.3181,9
dr001_conflicts,2026-09-08 04:00:00,0024..0025,2,1.3687,10
dr001_conflicts,2026-09-08 04:00:00,0026..0027,2,1.368,9
dr001_conflicts,2026-09-08 04:00:00,0028..0029,2,1.2315,7
dr001_conflicts,2026-09-08 04:00:00,0030..0031,2,1.1095,9
dr001_conflicts,2026-09-08 04:00:00,0032..0033,2,1.2942,9
dr001_conflicts,2026-09-08 04:00:00,0034..0035,2,1.1216,11
dr001_conflicts,2026-09-08 04:00:00,0036..0037,2,1.3744,10
dr001_conflicts,2026-09-08 04:00:00,0038..0039,2,1.1058,9
dr001_conflicts,2026-09-08 04:00:00,0040..0041,2,1.1905,11
dr001_conflicts,2026-09-08 04:00:00,0042..0043,2,1.229,8
dr001_conflicts,2026-09-08 04:00:00,0044..0045,2,1.2811,9
dr001_conflicts,2026-09-08 04:00:00,0046..0047,2,1.2529,12
dr001_conflicts,2026-09-08 04:00:00,0048..0049,2,1.5056,11
dr001_conflicts,2026-09-08 04:00:00,0050..0051,2,1.2342,10
dr001_conflicts,2026-09-08 04:00:00,0052..0053,2,1.1775,10
dr001_conflicts,2026-09-08 04:00:00,0054..0055,2,1.3007,10
dr001_conflicts,2026-09-08 04:00:00,0056..0057,2,1.4108,9
dr001_conflicts,2026-09-08 04:00:00,0058..0059,2,1.1831,7
dr001_conflicts,2026-09-08 04:00:00,0060..0061,2,1.1737,11
dr001_conflicts,2026-09-08 04:00:00,0062..0063,2,1.6822,10
dr001_conflicts,2026-09-09 04:00:00,0000..0001,2,1.3288,10
dr001_conflicts,2026-09-09 04:00:00,0002..0003,2,1.1332,12
dr001_conflicts,2026-09-09 04:00:00,0004..0005,2,1.9015,12
dr001_conflicts,2026-09-09 04:00:00,0006..0007,2,1.6989,12
dr001_conflicts,2026-09-09 04:00:00,0008..0009,2,1.2293,11
dr001_conflicts,2026-09-09 04:00:00,0010..0011,2,1.5097,9
dr001_conflicts,2026-09-09 04:00:00,0012..0013,2,1.3526,11
dr001_conflicts,2026-09-09 04:00:00,0014..0015,2,1.1803,9
dr001_conflicts,2026-09-09 04:00:00,0016..0017,2,1.0994,8
dr001_conflicts,2026-09-09 04:00:00,0018..0019,2,1.1459,13
dr001_conflicts,2026-09-09 04:00:00,0020..0021,2,1.2369,13
dr001_conflicts,2026-09-09 04:00:00,0022..0023,2,1.3385,11
dr001_conflicts,2026-09-09 04:00:00,0024..0025,2,1.2438,8
dr001_conflicts,2026-09-09 04:00:00,0026..0027,2,1.4153,10
dr001_conflicts,2026-09-09 04:00:00,0028..0029,2,1.319,13
dr001_conflicts,2026-09-09 04:00:00,0030..0031,2,1.2934,11
dr001_conflicts,2026-09-09 04:00:00,0032..0033,2,1.3933,8
dr001_conflicts,2026-09-09 04:00:00,0034..0035,2,1.3279,9
dr001_conflicts,2026-09-09 04:00:00,0036..0037,2,1.6516,15
dr001_conflicts,2026-09-09 04:00:00,0038..0039,2,1.1844,12
dr001_conflicts,2026-09-09 04:00:00,0040..0041,2,1.3342,15
dr001_conflicts,2026-09-09 04:00:00,0042..0043,2,1.0909,13
dr001_conflicts,2026-09-09 04:00:00,0044..0045,2,1.1722,8
dr001_conflicts,2026-09-09 04:00:00,0046..0047,2,1.3309,10
dr001_conflicts,2026-09-09 04:00:00,0048..0049,2,1.4485,9
dr001_conflicts,2026-09-09 04:00:00,0050..0051,2,1.1701,14
dr001_conflicts,2026-09-09 04:00:00,0052..0053,2,1.3618,16
dr001_conflicts,2026-09-09 04:00:00,0054..0055,2,1.5498,10
dr001_conflicts,2026-09-09 04:00:00,0056..0057,2,1.5054,10
dr001_conflicts,2026-09-09 04:00:00,0058..0059,2,1.0467,9
dr001_conflicts,2026-09-09 04:00:00,0060..0061,2,1.1778,10
dr001_conflicts,2026-09-09 04:00:00,0062..0063,2,1.4068,10
dr001_conflicts,2026-09-10 04:00:00,0000..0001,2,1.0242,11
dr001_conflicts,2026-09-10 04:00:00,0002..0003,2,1.1323,12
dr001_conflicts,2026-09-10 04:00:00,0004..0005,2,1.4322,12
dr001_conflicts,2026-09-10 04:00:00,0006..0007,2,1.5145,11
dr001_conflicts,2026-09-10 04:00:00,0008..0009,2,1.2354,13
dr001_conflicts,2026-09-10 04:00:00,0010..0011,2,1.3137,11
dr001_conflicts,2026-09-10 04:00:00,0012..0013,2,1.2798,11
dr001_conflicts,2026-09-10 04:00:00,0014..0015,2,1.0436,13
dr001_conflicts,2026-09-10 04:00:00,0016..0017,2,1.2049,13
dr001_conflicts,2026-09-10 04:00:00,0018..0019,2,0.9143,12
dr001_conflicts,2026-09-10 04:00:00,0020..0021,2,1.2007,11
dr001_conflicts,2026-09-10 04:00:00,0022..0023,2,1.3333,10
dr001_conflicts,2026-09-10 04:00:00,0024..0025,2,1.1874,12
dr001_conflicts,2026-09-10 04:00:00,0026..0027,2,1.0647,13
dr001_conflicts,2026-09-10 04:00:00,0028..0029,2,1.117,11
dr001_conflicts,2026-09-10 04:00:00,0030..0031,2,1.2783,14
dr001_conflicts,2026-09-10 04:00:00,0032..0033,2,1.1609,12
dr001_conflicts,2026-09-10 04:00:00,0034..0035,2,1.101,12
dr001_conflicts,2026-09-10 04:00:00,0036..0037,2,1.2349,15
dr001_conflicts,2026-09-10 04:00:00,0038..0039,2,1.188,10
dr001_conflicts,2026-09-10 04:00:00,0040..0041,2,1.1595,12
dr001_conflicts,2026-09-10 04:00:00,0042..0043,2,1.2139,12
dr001_conflicts,2026-09-10 04:00:00,0044..0045,2,1.0752,10
dr001_conflicts,2026-09-10 04:00:00,0046..0047,2,1.1527,11
dr001_conflicts,2026-09-10 04:00:00,0048..0049,2,1.2712,12
dr001_conflicts,2026-09-10 04:00:00,0050..0051,2,1.1691,13
dr001_conflicts,2026-09-10 04:00:00,0052..0053,2,1.2119,11
dr001_conflicts,2026-09-10 04:00:00,0054..0055,2,1.1903,13
dr001_conflicts,2026-09-10 04:00:00,0056..0057,2,1.2741,11
dr001_conflicts,2026-09-10 04:00:00,0058..0059,2,1.0953,14
dr001_conflicts,2026-09-10 04:00:00,0060..0061,2,1.0125,12
dr001_conflicts,2026-09-10 04:00:00,0062..0063,2,1.1537,12
dr001_conflicts,2026-09-11 04:00:00,0000..0001,2,1.1268,12
dr001_conflicts,2026-09-11 04:00:00,0002..0003,2,0.9025,11
dr001_conflicts,2026-09-11 04:00:00,0004..0005,2,1.2686,16
dr001_conflicts,2026-09-11 04:00:00,0006..0007,2,1.0258,13
dr001_conflicts,2026-09-11 04:00:00,0008..0009,2,0.9215,14
dr001_conflicts,2026-09-11 04:00:00,0010..0011,2,1.1175,14
dr001_conflicts,2026-09-11 04:00:00,0012..0013,2,1.3395,14
dr001_conflicts,2026-09-11 04:00:00,0014..0015,2,1.3547,10
dr001_conflicts,2026-09-11 04:00:00,0016..0017,2,1.1304,15
dr001_conflicts,2026-09-11 04:00:00,0018..0019,2,1.0559,12
dr001_conflicts,2026-09-11 04:00:00,0020..0021,2,1.1361,11
dr001_conflicts,2026-09-11 04:00:00,0022..0023,2,1.1317,13
dr001_conflicts,2026-09-11 04:00:00,0024..0025,2,1.0232,13
dr001_conflicts,2026-09-11 04:00:00,0026..0027,2,0.9926,14
dr001_conflicts,2026-09-11 04:00:00,0028..0029,2,0.9059,12
dr001_conflicts,2026-09-11 04:00:00,0030..0031,2,1.0506,12
dr001_conflicts,2026-09-11 04:00:00,0032..0033,2,1.2586,11
dr001_conflicts,2026-09-11 04:00:00,0034..0035,2,1.2735,12
dr001_conflicts,2026-09-11 04:00:00,0036..0037,2,1.0951,13
dr001_conflicts,2026-09-11 04:00:00,0038..0039,2,1.4259,14
dr001_conflicts,2026-09-11 04:00:00,0040..0041,2,1.0306,12
dr001_conflicts,2026-09-11 04:00:00,0042..0043,2,1.0516,12
dr001_conflicts,2026-09-11 04:00:00,0044..0045,2,0.8786,12
dr001_conflicts,2026-09-11 04:00:00,0046..0047,2,0.8744,13
dr001_conflicts,2026-09-11 04:00:00,0048..0049,2,0.9295,11
dr001_conflicts,2026-09-11 04:00:00,0050..0051,2,1.0712,12
dr001_conflicts,2026-09-11 04:00:00,0052..0053,2,1.0933,16
dr001_conflicts,2026-09-11 04:00:00,0054..0055,2,1.3537,12
dr001_conflicts,2026-09-11 04:00:00,0056..0057,2,1.0439,13
dr001_conflicts,2026-09-11 04:00:00,0058..0059,2,0.8466,16
dr001_conflicts,2026-09-11 04:00:00,0060..0061,2,1.1845,14
dr001_conflicts,2026-09-11 04:00:00,0062..0063,2,1.0279,10
dr001_conflicts,2026-09-12 04:00:00,0000..0001,2,0.8597,12
dr001_conflicts,2026-09-12 04:00:00,0002..0003,2,0.7963,12
dr001_conflicts,2026-09-12 04:00:00,0004..0005,2,1.1062,14
dr001_conflicts,2026-09-12 04:00:00,0006..0007,2,0.9286,14
dr001_conflicts,2026-09-12 04:00:00,0008..0009,2,1.0548,13
dr001_conflicts,2026-09-12 04:00:00,0010..0011,2,0.853,17
dr001_conflicts,2026-09-12 04:00:00,0012..0013,2,0.9403,15
dr001_conflicts,2026-09-12 04:00:00,0014..0015,2,1.0621,16
dr001_conflicts,2026-09-12 04:00:00,0016..0017,2,1.17,11
dr001_conflicts,2026-09-12 04:00:00,0018..0019,2,0.8209,11
dr001_conflicts,2026-09-12 04:00:00,0020..0021,2,0.8326,14
dr001_conflicts,2026-09-12 04:00:00,0022..0023,2,0.8554,11
dr001_conflicts,2026-09-12 04:00:00,0024..0025,2,0.9912,15
dr001_conflicts,2026-09-12 04:00:00,0026..0027,2,0.7886,9
dr001_conflicts,2026-09-12 04:00:00,0028..0029,2,0.8936,13
dr001_conflicts,2026-09-12 04:00:00,0030..0031,2,0.8084,14
dr001_conflicts,2026-09-12 04:00:00,0032..0033,2,0.942,13
dr001_conflicts,2026-09-12 04:00:00,0034..0035,2,0.7144,11
dr001_conflicts,2026-09-12 04:00:00,0036..0037,2,1.4724,23
dr001_conflicts,2026-09-12 04:00:00,0038..0039,2,0.8163,12
dr001_conflicts,2026-09-12 04:00:00,0040..0041,2,1.0077,20
dr001_conflicts,2026-09-12 04:00:00,0042..0043,2,0.9669,11
dr001_conflicts,2026-09-12 04:00:00,0044..0045,2,0.8036,12
dr001_conflicts,2026-09-12 04:00:00,0046..0047,2,0.9081,12
dr001_conflicts,2026-09-12 04:00:00,0048..0049,2,0.955,13
dr001_conflicts,2026-09-12 04:00:00,0050..0051,2,0.7962,11
dr001_conflicts,2026-09-12 04:00:00,0052..0053,2,0.876,12
dr001_conflicts,2026-09-12 04:00:00,0054..0055,2,0.9302,11
dr001_conflicts,2026-09-12 04:00:00,0056..0057,2,1.1835,11
dr001_conflicts,2026-09-12 04:00:00,0058..0059,2,0.9418,15
dr001_conflicts,2026-09-12 04:00:00,0060..0061,2,0.7208,12
dr001_conflicts,2026-09-12 04:00:00,0062..0063,2,1.2612,14
dr001_conflicts,2026-09-13 04:00:00,0000..0001,2,0.876,12
dr001_conflicts,2026-09-13 04:00:00,0002..0003,2,0.5664,10
dr001_conflicts,2026-09-13 04:00:00,0004..0005,2,0.8233,19
dr001_conflicts,2026-09-13 04:00:00,0006..0007,2,0.7529,10
dr001_conflicts,2026-09-13 04:00:00,0008..0009,2,0.6381,12
dr001_conflicts,2026-09-13 04:00:00,0010..0011,2,0.9073,10
dr001_conflicts,2026-09-13 04:00:00,0012..0013,2,0.8388,16
dr001_conflicts,2026-09-13 04:00:00,0014..0015,2,1.0978,14
dr001_conflicts,2026-09-13 04:00:00,0016..0017,2,0.7997,13
dr001_conflicts,2026-09-13 04:00:00,0018..0019,2,0.7202,13
dr001_conflicts,2026-09-13 04:00:00,0020..0021,2,0.9356,12
dr001_conflicts,2026-09-13 04:00:00,0022..0023,2,0.8918,12
dr001_conflicts,2026-09-13 04:00:00,0024..0025,2,0.7545,14
dr001_conflicts,2026-09-13 04:00:00,0026..0027,2,0.9516,16
dr001_conflicts,2026-09-13 04:00:00,0028..0029,2,1.0301,14
dr001_conflicts,2026-09-13 04:00:00,0030..0031,2,0.6304,15
dr001_conflicts,2026-09-13 04:00:00,0032..0033,2,0.7441,15
dr001_conflicts,2026-09-13 04:00:00,0034..0035,2,0.9095,15
dr001_conflicts,2026-09-13 04:00:00,0036..0037,2,1.0095,17
dr001_conflicts,2026-09-13 04:00:00,0038..0039,2,0.7659,13
dr001_conflicts,2026-09-13 04:00:00,0040..0041,2,0.8617,11
dr001_conflicts,2026-09-13 04:00:00,0042..0043,2,0.9117,15
dr001_conflicts,2026-09-13 04:00:00,0044..0045,2,0.7562,14
dr001_conflicts,2026-09-13 04:00:00,0046..0047,2,0.7358,12
dr001_conflicts,2026-09-13 04:00:00,0048..0049,2,0.8087,14
dr001_conflicts,2026-09-13 04:00:00,0050..0051,2,0.7042,17
dr001_conflicts,2026-09-13 04:00:00,0052..0053,2,0.6699,9
dr001_conflicts,2026-09-13 04:00:00,0054..0055,2,1.2064,15
dr001_conflicts,2026-09-13 04:00:00,0056..0057,2,0.7415,13
dr001_conflicts,2026-09-13 04:00:00,0058..0059,2,0.7901,13
dr001_conflicts,2026-09-13 04:00:00,0060..0061,2,0.861,14
dr001_conflicts,2026-09-13 04:00:00,0062..0063,2,0.8691,14
dr001_conflicts,2026-09-14 04:00:00,0000..0001,2,0.8881,14
dr001_conflicts,2026-09-14 04:00:00,0002..0003,2,0.7296,13
dr001_conflicts,2026-09-14 04:00:00,0004..0005,2,0.9392,15
dr001_conflicts,2026-09-14 04:00:00,0006..0007,2,0.8299,13
dr001_conflicts,2026-09-14 04:00:00,0008..0009,2,0.8681,10
dr001_conflicts,2026-09-14 04:00:00,0010..0011,2,0.9649,16
dr001_conflicts,2026-09-14 04:00:00,0012..0013,2,0.7289,14
dr001_conflicts,2026-09-14 04:00:00,0014..0015,2,0.9495,15
dr001_conflicts,2026-09-14 04:00:00,0016..0017,2,0.9854,10
dr001_conflicts,2026-09-14 04:00:00,0018..0019,2,1.0435,16
dr001_conflicts,2026-09-14 04:00:00,0020..0021,2,0.7546,10
dr001_conflicts,2026-09-14 04:00:00,0022..0023,2,1.1384,13
dr001_conflicts,2026-09-14 04:00:00,0024..0025,2,0.7573,11
dr001_conflicts,2026-09-14 04:00:00,0026..0027,2,0.5709,11
dr001_conflicts,2026-09-14 04:00:00,0028..0029,2,0.8773,15
dr001_conflicts,2026-09-14 04:00:00,0030..0031,2,0.7365,13
dr001_conflicts,2026-09-14 04:00:00,0032..0033,2,0.6476,10
dr001_conflicts,2026-09-14 04:00:00,0034..0035,2,0.6889,9
dr001_conflicts,2026-09-14 04:00:00,0036..0037,2,0.8616,12
dr001_conflicts,2026-09-14 04:00:00,0038..0039,2,0.7987,13
dr001_conflicts,2026-09-14 04:00:00,0040..0041,2,0.6409,12
dr001_conflicts,2026-09-14 04:00:00,0042..0043,2,1.055,15
dr001_conflicts,2026-09-14 04:00:00,0044..0045,2,0.9287,13
dr001_conflicts,2026-09-14 04:00:00,0046..0047,2,0.7821,13
dr001_conflicts,2026-09-14 04:00:00,0048..0049,2,1.0591,16
dr001_conflicts,2026-09-14 04:00:00,0050..0051,2,0.8191,16
dr001_conflicts,2026-09-14 04:00:00,0052..0053,2,0.8566,15
dr001_conflicts,2026-09-14 04:00:00,0054..0055,2,0.9672,17
dr001_conflicts,2026-09-14 04:00:00,0056..0057,2,0.7976,15
dr001_conflicts,2026-09-14 04:00:00,0058..0059,2,0.6967,13
dr001_conflicts,2026-09-14 04:00:00,0060..0061,2,0.7268,11
dr001_conflicts,2026-09-14 04:00:00,0062..0063,2,0.8683,12
dr001_conflicts,2026-09-15 04:00:00,0000..0001,2,0.8648,12
dr001_conflicts,2026-09-15 04:00:00,0002..0003,2,1.103,15
dr001_conflicts,2026-09-15 04:00:00,0004..0005,2,1.0322,10
dr001_conflicts,2026-09-15 04:00:00,0006..0007,2,0.9493,15
dr001_conflicts,2026-09-15 04:00:00,0008..0009,2,0.861,12
dr001_conflicts,2026-09-15 04:00:00,0010..0011,2,0.7499,12
dr001_conflicts,2026-09-15 04:00:00,0012..0013,2,1.0307,15
dr001_conflicts,2026-09-15 04:00:00,0014..0015,2,1.0659,16
dr001_conflicts,2026-09-15 04:00:00,0016..0017,2,1.2395,15
dr001_conflicts,2026-09-15 04:00:00,0018..0019,2,1.0461,10
dr001_conflicts,2026-09-15 04:00:00,0020..0021,2,0.9246,13
dr001_conflicts,2026-09-15 04:00:00,0022..0023,2,0.9675,8
dr001_conflicts,2026-09-15 04:00:00,0024..0025,2,0.8529,10
dr001_conflicts,2026-09-15 04:00:00,0026..0027,2,1.2478,15
dr001_conflicts,2026-09-15 04:00:00,0028..0029,2,0.9094,12
dr001_conflicts,2026-09-15 04:00:00,0030..0031,2,0.7539,11
dr001_conflicts,2026-09-15 04:00:00,0032..0033,2,1.0538,13
dr001_conflicts,2026-09-15 04:00:00,0034..0035,2,0.9779,10
dr001_conflicts,2026-09-15 04:00:00,0036..0037,2,1.0403,11
dr001_conflicts,2026-09-15 04:00:00,0038..0039,2,0.9949,13
dr001_conflicts,2026-09-15 04:00:00,0040..0041,2,0.7419,9
dr001_conflicts,2026-09-15 04:00:00,0042..0043,2,0.9266,11
dr001_conflicts,2026-09-15 04:00:00,0044..0045,2,1.0095,14
dr001_conflicts,2026-09-15 04:00:00,0046..0047,2,1.0801,13
dr001_conflicts,2026-09-15 04:00:00,0048..0049,2,1.3095,16
dr001_conflicts,2026-09-15 04:00:00,0050..0051,2,1.2059,14
dr001_conflicts,2026-09-15 04:00:00,0052..0053,2,0.9239,12
dr001_conflicts,2026-09-15 04:00:00,0054..0055,2,1.3371,18
dr001_conflicts,2026-09-15 04:00:00,0056..0057,2,0.9698,14
dr001_conflicts,2026-09-15 04:00:00,0058..0059,2,0.8865,10
dr001_conflicts,2026-09-15 04:00:00,0060..0061,2,0.8866,13
dr001_conflicts,2026-09-15 04:00:00,0062..0063,2,0.9594,15
dr001_conflicts,2026-09-16 04:00:00,0000..0001,2,0.6471,11
dr001_conflicts,2026-09-16 04:00:00,0002..0003,2,1.1173,13
dr001_conflicts,2026-09-16 04:00:00,0004..0005,2,1.1382,21
dr001_conflicts,2026-09-16 04:00:00,0006..0007,2,1.0488,24
dr001_conflicts,2026-09-16 04:00:00,0008..0009,2,0.8447,19
dr001_conflicts,2026-09-16 04:00:00,0010..0011,2,0.7664,15
dr001_conflicts,2026-09-16 04:00:00,0012..0013,2,1.1291,12
dr001_conflicts,2026-09-16 04:00:00,0014..0015,2,0.7811,13
dr001_conflicts,2026-09-16 04:00:00,0016..0017,2,1.2226,13
dr001_conflicts,2026-09-16 04:00:00,0018..0019,2,0.7735,12
dr001_conflicts,2026-09-16 04:00:00,0020..0021,2,0.7423,10
dr001_conflicts,2026-09-16 04:00:00,0022..0023,2,0.9635,14
dr001_conflicts,2026-09-16 04:00:00,0024..0025,2,0.9831,15
dr001_conflicts,2026-09-16 04:00:00,0026..0027,2,1.2131,24
dr001_conflicts,2026-09-16 04:00:00,0028..0029,2,0.8884,11
dr001_conflicts,2026-09-16 04:00:00,0030..0031,2,0.7749,14
dr001_conflicts,2026-09-16 04:00:00,0032..0033,2,1.0726,20
dr001_conflicts,2026-09-16 04:00:00,0034..0035,2,1.0255,15
dr001_conflicts,2026-09-16 04:00:00,0036..0037,2,1.1771,19
dr001_conflicts,2026-09-16 04:00:00,0038..0039,2,1.4077,15
dr001_conflicts,2026-09-16 04:00:00,0040..0041,2,0.9799,13
dr001_conflicts,2026-09-16 04:00:00,0042..0043,2,1.2677,21
dr001_conflicts,2026-09-16 04:00:00,0044..0045,2,0.9238,14
dr001_conflicts,2026-09-16 04:00:00,0046..0047,2,0.7979,11
dr001_conflicts,2026-09-16 04:00:00,0048..0049,2,0.9969,12
dr001_conflicts,2026-09-16 04:00:00,0050..0051,2,0.9923,12
dr001_conflicts,2026-09-16 04:00:00,0052..0053,2,1.0519,19
dr001_conflicts,2026-09-16 04:00:00,0054..0055,2,1.0025,20
dr001_conflicts,2026-09-16 04:00:00,0056..0057,2,0.9927,15
dr001_conflicts,2026-09-16 04:00:00,0058..0059,2,1.1579,15
dr001_conflicts,2026-09-16 04:00:00,0060..0061,2,0.8286,13
dr001_conflicts,2026-09-16 04:00:00,0062..0063,2,0.9278,14
dr001_conflicts,2026-09-17 04:00:00,0000..0001,2,1.0336,12
dr001_conflicts,2026-09-17 04:00:00,0002..0003,2,1.0458,11
dr001_conflicts,2026-09-17 04:00:00,0004..0005,2,1.283,13
dr001_conflicts,2026-09-17 04:00:00,0006..0007,2,0.9208,12
dr001_conflicts,2026-09-17 04:00:00,0008..0009,2,1.2775,19
dr001_conflicts,2026-09-17 04:00:00,0010..0011,2,0.9023,17
dr001_conflicts,2026-09-17 04:00:00,0012..0013,2,1.057,16
dr001_conflicts,2026-09-17 04:00:00,0014..0015,2,1.2652,13
dr001_conflicts,2026-09-17 04:00:00,0016..0017,2,0.9597,13
dr001_conflicts,2026-09-17 04:00:00,0018..0019,2,0.8756,13
dr001_conflicts,2026-09-17 04:00:00,0020..0021,2,1.1624,14
dr001_conflicts,2026-09-17 04:00:00,0022..0023,2,1.1508,13
dr001_conflicts,2026-09-17 04:00:00,0024..0025,2,1.4326,15
dr001_conflicts,2026-09-17 04:00:00,0026..0027,2,0.9948,15
dr001_conflicts,2026-09-17 04:00:00,0028..0029,2,0.7982,19
dr001_conflicts,2026-09-17 04:00:00,0030..0031,2,1.0783,13
dr001_conflicts,2026-09-17 04:00:00,0032..0033,2,1.0182,17
dr001_conflicts,2026-09-17 04:00:00,0034..0035,2,0.8635,12
dr001_conflicts,2026-09-17 04:00:00,0036..0037,2,0.9564,11
dr001_conflicts,2026-09-17 04:00:00,0038..0039,2,0.9312,12
dr001_conflicts,2026-09-17 04:00:00,0040..0041,2,0.8968,10
dr001_conflicts,2026-09-17 04:00:00,0042..0043,2,1.3593,18
dr001_conflicts,2026-09-17 04:00:00,0044..0045,2,0.8123,11
dr001_conflicts,2026-09-17 04:00:00,0046..0047,2,1.0411,12
dr001_conflicts,2026-09-17 04:00:00,0048..0049,2,1.1043,12
dr001_conflicts,2026-09-17 04:00:00,0050..0051,2,0.9653,13
dr001_conflicts,2026-09-17 04:00:00,0052..0053,2,1.0905,16
dr001_conflicts,2026-09-17 04:00:00,0054..0055,2,1.0933,15
dr001_conflicts,2026-09-17 04:00:00,0056..0057,2,0.7346,13
dr001_conflicts,2026-09-17 04:00:00,0058..0059,2,0.8971,15
dr001_conflicts,2026-09-17 04:00:00,0060..0061,2,0.883,12
dr001_conflicts,2026-09-17 04:00:00,0062..0063,2,1.0773,14
dr001_conflicts,2026-09-18 04:00:00,0000..0001,2,1.0085,14
dr001_conflicts,2026-09-18 04:00:00,0002..0003,2,0.9783,13
dr001_conflicts,2026-09-18 04:00:00,0004..0005,2,0.7785,12
dr001_conflicts,2026-09-18 04:00:00,0006..0007,2,0.8353,13
dr001_conflicts,2026-09-18 04:00:00,0008..0009,2,1.127,13
dr001_conflicts,2026-09-18 04:00:00,0010..0011,2,0.8345,14
dr001_conflicts,2026-09-18 04:00:00,0012..0013,2,0.9559,12
dr001_conflicts,2026-09-18 04:00:00,0014..0015,2,0.8796,12
dr001_conflicts,2026-09-18 04:00:00,0016..0017,2,0.7333,14
dr001_conflicts,2026-09-18 04:00:00,0018..0019,2,1.4148,17
dr001_conflicts,2026-09-18 04:00:00,0020..0021,2,0.7729,11
dr001_conflicts,2026-09-18 04:00:00,0022..0023,2,1.1076,12
dr001_conflicts,2026-09-18 04:00:00,0024..0025,2,1.3277,15
dr001_conflicts,2026-09-18 04:00:00,0026..0027,2,1.2273,20
dr001_conflicts,2026-09-18 04:00:00,0028..0029,2,0.8295,14
dr001_conflicts,2026-09-18 04:00:00,0030..0031,2,0.7668,12
dr001_conflicts,2026-09-18 04:00:00,0032..0033,2,0.7728,14
dr001_conflicts,2026-09-18 04:00:00,0034..0035,2,0.9726,13
dr001_conflicts,2026-09-18 04:00:00,0036..0037,2,1.1576,16
dr001_conflicts,2026-09-18 04:00:00,0038..0039,2,0.8832,11
dr001_conflicts,2026-09-18 04:00:00,0040..0041,2,0.8812,12
dr001_conflicts,2026-09-18 04:00:00,0042..0043,2,0.8528,13
dr001_conflicts,2026-09-18 04:00:00,0044..0045,2,0.9365,14
dr001_conflicts,2026-09-18 04:00:00,0046..0047,2,0.7957,12
dr001_conflicts,2026-09-18 04:00:00,0048..0049,2,1.0874,16
dr001_conflicts,2026-09-18 04:00:00,0050..0051,2,1.2938,15
dr001_conflicts,2026-09-18 04:00:00,0052..0053,2,1.4164,20
dr001_conflicts,2026-09-18 04:00:00,0054..0055,2,0.8686,14
dr001_conflicts,2026-09-18 04:00:00,0056..0057,2,1.0234,16
dr001_conflicts,2026-09-18 04:00:00,0058..0059,2,0.9393,14
dr001_conflicts,2026-09-18 04:00:00,0060..0061,2,0.898,12
dr001_conflicts,2026-09-18 04:00:00,0062..0063,2,0.8363,12
dr001_conflicts,2026-09-19 04:00:00,0000..0001,2,0.9285,15
dr001_conflicts,2026-09-19 04:00:00,0002..0003,2,1.1401,15
dr001_conflicts,2026-09-19 04:00:00,0004..0005,2,0.7331,12
dr001_conflicts,2026-09-19 04:00:00,0006..0007,2,0.9905,17
dr001_conflicts,2026-09-19 04:00:00,0008..0009,2,0.7036,13
dr001_conflicts,2026-09-19 04:00:00,0010..0011,2,1.0986,17
dr001_conflicts,2026-09-19 04:00:00,0012..0013,2,1.2391,14
dr001_conflicts,2026-09-19 04:00:00,0014..0015,2,0.9786,14
dr001_conflicts,2026-09-19 04:00:00,0016..0017,2,0.974,16
dr001_conflicts,2026-09-19 04:00:00,0018..0019,2,0.8417,11
dr001_conflicts,2026-09-19 04:00:00,0020..0021,2,1.0094,14
dr001_conflicts,2026-09-19 04:00:00,0022..0023,2,0.8835,15
dr001_conflicts,2026-09-19 04:00:00,0024..0025,2,0.9075,12
dr001_conflicts,2026-09-19 04:00:00,0026..0027,2,1.0983,14
dr001_conflicts,2026-09-19 04:00:00,0028..0029,2,0.7618,12
dr001_conflicts,2026-09-19 04:00:00,0030..0031,2,1.1052,16
dr001_conflicts,2026-09-19 04:00:00,0032..0033,2,0.8065,14
dr001_conflicts,2026-09-19 04:00:00,0034..0035,2,1.1217,21
dr001_conflicts,2026-09-19 04:00:00,0036..0037,2,1.1555,15
dr001_conflicts,2026-09-19 04:00:00,0038..0039,2,0.7755,14
dr001_conflicts,2026-09-19 04:00:00,0040..0041,2,0.8108,13
dr001_conflicts,2026-09-19 04:00:00,0042..0043,2,0.8438,23
dr001_conflicts,2026-09-19 04:00:00,0044..0045,2,0.7924,11
dr001_conflicts,2026-09-19 04:00:00,0046..0047,2,0.9695,10
dr001_conflicts,2026-09-19 04:00:00,0048..0049,2,1.5467,15
dr001_conflicts,2026-09-19 04:00:00,0050..0051,2,1.2985,13
dr001_conflicts,2026-09-19 04:00:00,0052..0053,2,1.0446,14
dr001_conflicts,2026-09-19 04:00:00,0054..0055,2,1.2093,23
dr001_conflicts,2026-09-19 04:00:00,0056..0057,2,1.095,14
dr001_conflicts,2026-09-19 04:00:00,0058..0059,2,0.9479,16
dr001_conflicts,2026-09-19 04:00:00,0060..0061,2,0.7367,14
dr001_conflicts,2026-09-19 04:00:00,0062..0063,2,0.9875,14
dr001_conflicts,2026-09-20 04:00:00,0000..0001,2,0.4804,12
dr001_conflicts,2026-09-20 04:00:00,0002..0003,2,0.9051,13
dr001_conflicts,2026-09-20 04:00:00,0004..0005,2,0.7161,11
dr001_conflicts,2026-09-20 04:00:00,0006..0007,2,0.6288,11
dr001_conflicts,2026-09-20 04:00:00,0008..0009,2,0.5565,11
dr001_conflicts,2026-09-20 04:00:00,0010..0011,2,0.8029,11
dr001_conflicts,2026-09-20 04:00:00,0012..0013,2,0.7708,12
dr001_conflicts,2026-09-20 04:00:00,0014..0015,2,0.7743,11
dr001_conflicts,2026-09-20 04:00:00,0016..0017,2,0.7211,12
dr001_conflicts,2026-09-20 04:00:00,0018..0019,2,0.4477,8
dr001_conflicts,2026-09-20 04:00:00,0020..0021,2,0.6043,11
dr001_conflicts,2026-09-20 04:00:00,0022..0023,2,0.6373,11
dr001_conflicts,2026-09-20 04:00:00,0024..0025,2,0.6165,14
dr001_conflicts,2026-09-20 04:00:00,0026..0027,2,0.7067,14
dr001_conflicts,2026-09-20 04:00:00,0028..0029,2,0.6649,12
dr001_conflicts,2026-09-20 04:00:00,0030..0031,2,0.4817,10
dr001_conflicts,2026-09-20 04:00:00,0032..0033,2,0.5673,13
dr001_conflicts,2026-09-20 04:00:00,0034..0035,2,0.6129,14
dr001_conflicts,2026-09-20 04:00:00,0036..0037,2,0.7831,11
dr001_conflicts,2026-09-20 04:00:00,0038..0039,2,0.5716,12
dr001_conflicts,2026-09-20 04:00:00,0040..0041,2,0.5566,11
dr001_conflicts,2026-09-20 04:00:00,0042..0043,2,0.5463,13
dr001_conflicts,2026-09-20 04:00:00,0044..0045,2,0.993,18
dr001_conflicts,2026-09-20 04:00:00,0046..0047,2,0.5422,13
dr001_conflicts,2026-09-20 04:00:00,0048..0049,2,0.7977,13
dr001_conflicts,2026-09-20 04:00:00,0050..0051,2,0.7394,12
dr001_conflicts,2026-09-20 04:00:00,0052..0053,2,0.4719,12
dr001_conflicts,2026-09-20 04:00:00,0054..0055,2,0.4459,11
dr001_conflicts,2026-09-20 04:00:00,0056..0057,2,0.5379,13
dr001_conflicts,2026-09-20 04:00:00,0058..0059,2,0.7085,12
dr001_conflicts,2026-09-20 04:00:00,0060..0061,2,0.4953,14
dr001_conflicts,2026-09-20 04:00:00,0062..0063,2,0.7515,16
dr001_conflicts,2026-09-21 04:00:00,0000..0001,2,0.8624,17
dr001_conflicts,2026-09-21 04:00:00,0002..0003,2,0.889,12
dr001_conflicts,2026-09-21 04:00:00,0004..0005,2,0.6017,12
dr001_conflicts,2026-09-21 04:00:00,0006..0007,2,1.0066,16
dr001_conflicts,2026-09-21 04:00:00,0008..0009,2,0.6712,13
dr001_conflicts,2026-09-21 04:00:00,0010..0011,2,0.9838,17
dr001_conflicts,2026-09-21 04:00:00,0012..0013,2,0.7813,12
dr001_conflicts,2026-09-21 04:00:00,0014..0015,2,1.2155,16
dr001_conflicts,2026-09-21 04:00:00,0016..0017,2,0.7118,11
dr001_conflicts,2026-09-21 04:00:00,0018..0019,2,0.8418,11
dr001_conflicts,2026-09-21 04:00:00,0020..0021,2,1.1121,15
dr001_conflicts,2026-09-21 04:00:00,0022..0023,2,1.0179,15
dr001_conflicts,2026-09-21 04:00:00,0024..0025,2,0.8466,12
dr001_conflicts,2026-09-21 04:00:00,0026..0027,2,0.8119,11
dr001_conflicts,2026-09-21 04:00:00,0028..0029,2,0.8176,14
dr001_conflicts,2026-09-21 04:00:00,0030..0031,2,0.8157,12
dr001_conflicts,2026-09-21 04:00:00,0032..0033,2,0.7608,12
dr001_conflicts,2026-09-21 04:00:00,0034..0035,2,0.9112,15
dr001_conflicts,2026-09-21 04:00:00,0036..0037,2,0.8488,10
dr001_conflicts,2026-09-21 04:00:00,0038..0039,2,0.8916,14
dr001_conflicts,2026-09-21 04:00:00,0040..0041,2,0.8174,15
dr001_conflicts,2026-09-21 04:00:00,0042..0043,2,1.0407,18
dr001_conflicts,2026-09-21 04:00:00,0044..0045,2,0.7914,11
dr001_conflicts,2026-09-21 04:00:00,0046..0047,2,1.4055,23
dr001_conflicts,2026-09-21 04:00:00,0048..0049,2,0.9117,14
dr001_conflicts,2026-09-21 04:00:00,0050..0051,2,0.981,11
dr001_conflicts,2026-09-21 04:00:00,0052..0053,2,0.7198,12
dr001_conflicts,2026-09-21 04:00:00,0054..0055,2,0.7499,12
dr001_conflicts,2026-09-21 04:00:00,0056..0057,2,0.731,10
dr001_conflicts,2026-09-21 04:00:00,0058..0059,2,1.8741,20
dr001_conflicts,2026-09-21 04:00:00,0060..0061,2,0.9746,15
dr001_conflicts,2026-09-21 04:00:00,0062..0063,2,1.0634,18
dr001_conflicts,2026-09-22 04:00:00,0000..0001,2,0.8358,12
dr001_conflicts,2026-09-22 04:00:00,0002..0003,2,1.0463,13
dr001_conflicts,2026-09-22 04:00:00,0004..0005,2,1.0581,15
dr001_conflicts,2026-09-22 04:00:00,0006..0007,2,0.8773,11
dr001_conflicts,2026-09-22 04:00:00,0008..0009,2,0.7167,10
dr001_conflicts,2026-09-22 04:00:00,0010..0011,2,0.8962,10
dr001_conflicts,2026-09-22 04:00:00,0012..0013,2,0.9653,13
dr001_conflicts,2026-09-22 04:00:00,0014..0015,2,1.0132,12
dr001_conflicts,2026-09-22 04:00:00,0016..0017,2,1.0811,13
dr001_conflicts,2026-09-22 04:00:00,0018..0019,2,1.0842,19
dr001_conflicts,2026-09-22 04:00:00,0020..0021,2,1.1621,12
dr001_conflicts,2026-09-22 04:00:00,0022..0023,2,1.4706,16
dr001_conflicts,2026-09-22 04:00:00,0024..0025,2,1.0089,14
dr001_conflicts,2026-09-22 04:00:00,0026..0027,2,1.1581,14
dr001_conflicts,2026-09-22 04:00:00,0028..0029,2,0.9577,15
dr001_conflicts,2026-09-22 04:00:00,0030..0031,2,1.0594,15
dr001_conflicts,2026-09-22 04:00:00,0032..0033,2,1.0036,15
dr001_conflicts,2026-09-22 04:00:00,0034..0035,2,0.9842,15
dr001_conflicts,2026-09-22 04:00:00,0036..0037,2,1.0476,13
dr001_conflicts,2026-09-22 04:00:00,0038..0039,2,1.0668,12
dr001_conflicts,2026-09-22 04:00:00,0040..0041,2,0.7445,12
dr001_conflicts,2026-09-22 04:00:00,0042..0043,2,0.9055,13
dr001_conflicts,2026-09-22 04:00:00,0044..0045,2,1.1097,10
dr001_conflicts,2026-09-22 04:00:00,0046..0047,2,1.1514,14
dr001_conflicts,2026-09-22 04:00:00,0048..0049,2,1.2394,13
dr001_conflicts,2026-09-22 04:00:00,0050..0051,2,0.9645,14
dr001_conflicts,2026-09-22 04:00:00,0052..0053,2,1.0686,13
dr001_conflicts,2026-09-22 04:00:00,0054..0055,2,0.5281,12
dr001_conflicts,2026-09-22 04:00:00,0056..0057,2,0.9695,14
dr001_conflicts,2026-09-22 04:00:00,0058..0059,2,1.0656,12
dr001_conflicts,2026-09-22 04:00:00,0060..0061,2,1.0467,13
dr001_conflicts,2026-09-22 04:00:00,0062..0063,2,1.0631,12
dr001_conflicts,2026-09-23 04:00:00,0000..0001,2,0.8798,14
dr001_conflicts,2026-09-23 04:00:00,0002..0003,2,0.9475,12
dr001_conflicts,2026-09-23 04:00:00,0004..0005,2,1.0198,11
dr001_conflicts,2026-09-23 04:00:00,0006..0007,2,0.8124,11
dr001_conflicts,2026-09-23 04:00:00,0008..0009,2,0.9878,11
dr001_conflicts,2026-09-23 04:00:00,0010..0011,2,1.2901,14
dr001_conflicts,2026-09-23 04:00:00,0012..0013,2,1.459,13
dr001_conflicts,2026-09-23 04:00:00,0014..0015,2,0.8447,14
dr001_conflicts,2026-09-23 04:00:00,0016..0017,2,0.7657,13
dr001_conflicts,2026-09-23 04:00:00,0018..0019,2,0.833,13
dr001_conflicts,2026-09-23 04:00:00,0020..0021,2,0.7426,14
dr001_conflicts,2026-09-23 04:00:00,0022..0023,2,0.9893,11
dr001_conflicts,2026-09-23 04:00:00,0024..0025,2,0.873,13
dr001_conflicts,2026-09-23 04:00:00,0026..0027,2,0.9377,10
dr001_conflicts,2026-09-23 04:00:00,0028..0029,2,0.8304,14
dr001_conflicts,2026-09-23 04:00:00,0030..0031,2,0.9858,12
dr001_conflicts,2026-09-23 04:00:00,0032..0033,2,0.8447,13
dr001_conflicts,2026-09-23 04:00:00,0034..0035,2,0.974,13
dr001_conflicts,2026-09-23 04:00:00,0036..0037,2,0.9175,13
dr001_conflicts,2026-09-23 04:00:00,0038..0039,2,1.1661,14
dr001_conflicts,2026-09-23 04:00:00,0040..0041,2,0.7736,12
dr001_conflicts,2026-09-23 04:00:00,0042..0043,2,0.9166,11
dr001_conflicts,2026-09-23 04:00:00,0044..0045,2,0.839,10
dr001_conflicts,2026-09-23 04:00:00,0046..0047,2,0.7234,13
dr001_conflicts,2026-09-23 04:00:00,0048..0049,2,0.8831,17
dr001_conflicts,2026-09-23 04:00:00,0050..0051,2,0.8178,10
dr001_conflicts,2026-09-23 04:00:00,0052..0053,2,0.5969,13
dr001_conflicts,2026-09-23 04:00:00,0054..0055,2,0.5382,12
dr001_conflicts,2026-09-23 04:00:00,0056..0057,2,0.5174,12
dr001_conflicts,2026-09-23 04:00:00,0058..0059,2,0.6805,14
dr001_conflicts,2026-09-23 04:00:00,0060..0061,2,1.1093,14
dr001_conflicts,2026-09-23 04:00:00,0062..0063,2,0.8807,12
dr001_conflicts,2026-09-24 04:00:00,0000..0001,2,0.4014,13
dr001_conflicts,2026-09-24 04:00:00,0002..0003,2,0.2836,11
dr001_conflicts,2026-09-24 04:00:00,0004..0005,2,0.2375,10
dr001_conflicts,2026-09-24 04:00:00,0006..0007,2,0.4581,14
dr001_conflicts,2026-09-24 04:00:00,0008..0009,2,0.277,11
dr001_conflicts,2026-09-24 04:00:00,0010..0011,2,0.4285,14
dr001_conflicts,2026-09-24 04:00:00,0012..0013,2,0.4445,15
dr001_conflicts,2026-09-24 04:00:00,0014..0015,2,0.3493,17
dr001_conflicts,2026-09-24 04:00:00,0016..0017,2,0.3056,14
dr001_conflicts,2026-09-24 04:00:00,0018..0019,2,0.329,10
dr001_conflicts,2026-09-24 04:00:00,0020..0021,2,0.2593,10
dr001_conflicts,2026-09-24 04:00:00,0022..0023,2,0.5163,22
dr001_conflicts,2026-09-24 04:00:00,0024..0025,2,0.355,11
dr001_conflicts,2026-09-24 04:00:00,0026..0027,2,0.375,13
dr001_conflicts,2026-09-24 04:00:00,0028..0029,2,0.2979,11
dr001_conflicts,2026-09-24 04:00:00,0030..0031,2,0.5376,17
dr001_conflicts,2026-09-24 04:00:00,0032..0033,2,0.2754,12
dr001_conflicts,2026-09-24 04:00:00,0034..0035,2,0.3892,20
dr001_conflicts,2026-09-24 04:00:00,0036..0037,2,0.332,10
dr001_conflicts,2026-09-24 04:00:00,0038..0039,2,0.3538,13
dr001_conflicts,2026-09-24 04:00:00,0040..0041,2,0.2959,15
dr001_conflicts,2026-09-24 04:00:00,0042..0043,2,0.4098,17
dr001_conflicts,2026-09-24 04:00:00,0044..0045,2,0.2346,10
dr001_conflicts,2026-09-24 04:00:00,0046..0047,2,0.3351,13
dr001_conflicts,2026-09-24 04:00:00,0048..0049,2,0.4185,12
dr001_conflicts,2026-09-24 04:00:00,0050..0051,2,0.5691,17
dr001_conflicts,2026-09-24 04:00:00,0052..0053,2,0.4126,12
dr001_conflicts,2026-09-24 04:00:00,0054..0055,2,0.2802,11
dr001_conflicts,2026-09-24 04:00:00,0056..0057,2,0.5246,19
dr001_conflicts,2026-09-24 04:00:00,0058..0059,2,0.4191,14
dr001_conflicts,2026-09-24 04:00:00,0060..0061,2,0.4524,17
dr001_conflicts,2026-09-24 04:00:00,0062..0063,2,0.4122,16
p5_checkpoint,2026-08-21 20:09:00,0000..0015,16,0.9561,16
p5_checkpoint,2026-08-21 20:09:00,0016..0031,16,0.9705,16
p5_checkpoint,2026-08-21 20:09:00,0032..0047,16,1.0135,16
p5_checkpoint,2026-08-21 20:09:00,0048..0063,16,1.0147,16
p5_checkpoint,2026-08-22 20:09:00,0000..0015,16,0.7756,16
p5_checkpoint,2026-08-22 20:09:00,0016..0031,16,0.745,16
p5_checkpoint,2026-08-22 20:09:00,0032..0047,16,0.6369,16
p5_checkpoint,2026-08-22 20:09:00,0048..0063,16,0.7851,16
p5_checkpoint,2026-08-23 20:09:00,0000..0015,16,0.6544,16
p5_checkpoint,2026-08-23 20:09:00,0016..0031,16,0.9033,16
p5_checkpoint,2026-08-23 20:09:00,0032..0047,16,0.6646,16
p5_checkpoint,2026-08-23 20:09:00,0048..0063,16,0.8246,16
p5_checkpoint,2026-08-24 20:09:00,0000..0015,16,0.8304,16
p5_checkpoint,2026-08-24 20:09:00,0016..0031,16,0.8917,16
p5_checkpoint,2026-08-24 20:09:00,0032..0047,16,0.9152,16
p5_checkpoint,2026-08-24 20:09:00,0048..0063,16,0.8489,16
p5_checkpoint,2026-08-25 20:09:00,0000..0015,16,0.855,16
p5_checkpoint,2026-08-25 20:09:00,0016..0031,16,0.8519,16
p5_checkpoint,2026-08-25 20:09:00,0032..0047,16,0.9458,16
p5_checkpoint,2026-08-25 20:09:00,0048..0063,16,0.9397,16
p5_checkpoint,2026-08-26 20:09:00,0000..0015,16,0.7919,16
p5_checkpoint,2026-08-26 20:09:00,0016..0031,16,0.8865,16
p5_checkpoint,2026-08-26 20:09:00,0032..0047,16,0.6772,16
p5_checkpoint,2026-08-26 20:09:00,0048..0063,16,0.9382,16
p5_checkpoint,2026-08-27 20:09:00,0000..0015,16,0.9518,16
p5_checkpoint,2026-08-27 20:09:00,0016..0031,16,0.7688,16
p5_checkpoint,2026-08-27 20:09:00,0032..0047,16,0.6247,16
p5_checkpoint,2026-08-27 20:09:00,0048..0063,16,0.637,16
p5_checkpoint,2026-08-28 20:09:00,0000..0015,16,0.6034,16
p5_checkpoint,2026-08-28 20:09:00,0016..0031,16,0.7819,16
p5_checkpoint,2026-08-28 20:09:00,0032..0047,16,0.627,16
p5_checkpoint,2026-08-28 20:09:00,0048..0063,16,0.7055,16
p5_checkpoint,2026-08-29 20:09:00,0000..0015,16,0.772,16
p5_checkpoint,2026-08-29 20:09:00,0016..0031,16,0.7131,16
p5_checkpoint,2026-08-29 20:09:00,0032..0047,16,0.5929,16
p5_checkpoint,2026-08-29 20:09:00,0048..0063,16,0.6804,16
p5_checkpoint,2026-08-30 20:09:00,0000..0015,16,0.8715,16
p5_checkpoint,2026-08-30 20:09:00,0016..0031,16,0.7249,16
p5_checkpoint,2026-08-30 20:09:00,0032..0047,16,0.8722,16
p5_checkpoint,2026-08-30 20:09:00,0048..0063,16,0.8612,16
p5_checkpoint,2026-08-31 20:09:00,0000..0015,16,0.9415,16
p5_checkpoint,2026-08-31 20:09:00,0016..0031,16,0.8608,16
p5_checkpoint,2026-08-31 20:09:00,0032..0047,16,0.7074,16
p5_checkpoint,2026-08-31 20:09:00,0048..0063,16,0.8433,16
p5_checkpoint,2026-09-01 20:09:00,0000..0015,16,0.7662,16
p5_checkpoint,2026-09-01 20:09:00,0016..0031,16,0.7866,16
p5_checkpoint,2026-09-01 20:09:00,0032..0047,16,0.6781,16
p5_checkpoint,2026-09-01 20:09:00,0048..0063,16,0.78,16
p5_checkpoint,2026-09-02 20:09:00,0000..0015,16,0.6943,16
p5_checkpoint,2026-09-02 20:09:00,0016..0031,16,0.8342,16
p5_checkpoint,2026-09-02 20:09:00,0032..0047,16,0.9414,16
p5_checkpoint,2026-09-02 20:09:00,0048..0063,16,0.8201,16
p5_checkpoint,2026-09-03 20:09:00,0000..0015,16,0.6865,16
p5_checkpoint,2026-09-03 20:09:00,0016..0031,16,0.7612,16
p5_checkpoint,2026-09-03 20:09:00,0032..0047,16,0.8407,16
p5_checkpoint,2026-09-03 20:09:00,0048..0063,16,0.7428,16
p5_checkpoint,2026-09-04 20:09:00,0000..0015,16,0.8762,16
p5_checkpoint,2026-09-04 20:09:00,0016..0031,16,0.9089,16
p5_checkpoint,2026-09-04 20:09:00,0032..0047,16,0.8625,16
p5_checkpoint,2026-09-04 20:09:00,0048..0063,16,0.782,16
p5_checkpoint,2026-09-05 20:09:00,0000..0015,16,0.9535,16
p5_checkpoint,2026-09-05 20:09:00,0016..0031,16,0.8994,16
p5_checkpoint,2026-09-05 20:09:00,0032..0047,16,0.8895,16
p5_checkpoint,2026-09-05 20:09:00,0048..0063,16,0.7612,16
p5_checkpoint,2026-09-06 20:09:00,0000..0015,16,0.8974,16
p5_checkpoint,2026-09-06 20:09:00,0016..0031,16,0.938,16
p5_checkpoint,2026-09-06 20:09:00,0032..0047,16,0.8743,16
p5_checkpoint,2026-09-06 20:09:00,0048..0063,16,0.8127,16
p5_checkpoint,2026-09-07 20:09:00,0000..0015,16,1.0498,16
p5_checkpoint,2026-09-07 20:09:00,0016..0031,16,1.1196,16
p5_checkpoint,2026-09-07 20:09:00,0032..0047,16,1.139,16
p5_checkpoint,2026-09-07 20:09:00,0048..0063,16,0.9595,16
p5_checkpoint,2026-09-08 20:09:00,0000..0015,16,1.309,16
p5_checkpoint,2026-09-08 20:09:00,0016..0031,16,1.1213,16
p5_checkpoint,2026-09-08 20:09:00,0032..0047,16,1.1646,16
p5_checkpoint,2026-09-08 20:09:00,0048..0063,16,1.1177,16
p5_checkpoint,2026-09-09 20:09:00,0000..0015,16,1.0475,16
p5_checkpoint,2026-09-09 20:09:00,0016..0031,16,1.1529,16
p5_checkpoint,2026-09-09 20:09:00,0032..0047,16,1.0776,16
p5_checkpoint,2026-09-09 20:09:00,0048..0063,16,1.1023,16
p5_checkpoint_edges,2026-08-21 20:04:00,0000..0015,16,0.0315,16
p5_checkpoint_edges,2026-08-21 20:04:00,0016..0031,16,0.0318,16
p5_checkpoint_edges,2026-08-21 20:04:00,0032..0047,16,0.0308,16
p5_checkpoint_edges,2026-08-21 20:04:00,0048..0063,16,0.0374,16
p5_checkpoint_edges_end,2026-09-10 20:04:00,0000..0015,16,0.0138,16
p5_checkpoint_edges_end,2026-09-10 20:04:00,0016..0031,16,0.0167,16
p5_checkpoint_edges_end,2026-09-10 20:04:00,0032..0047,16,0.0137,16
p5_checkpoint_edges_end,2026-09-10 20:04:00,0048..0063,16,0.0129,16
toolkit_tests/tk01_volume_users,2026-09-24 04:00:00,0000..0015,16,0.3547,172
toolkit_tests/tk01_volume_users,2026-09-24 04:00:00,0016..0031,16,0.4014,188
toolkit_tests/tk01_volume_users,2026-09-24 04:00:00,0032..0047,16,0.2944,176
toolkit_tests/tk01_volume_users,2026-09-24 04:00:00,0048..0063,16,0.4655,188
toolkit_tests/tk01_volume_users,2026-09-23 04:00:00,0000..0015,16,1.6358,294
toolkit_tests/tk01_volume_users,2026-09-23 04:00:00,0016..0031,16,1.3979,291
toolkit_tests/tk01_volume_users,2026-09-23 04:00:00,0032..0047,16,1.4223,271
toolkit_tests/tk01_volume_users,2026-09-23 04:00:00,0048..0063,16,0.8679,272
toolkit_tests/tk01_volume_users,2026-09-22 04:00:00,0000..0015,16,1.8987,285
toolkit_tests/tk01_volume_users,2026-09-22 04:00:00,0016..0031,16,1.9039,314
toolkit_tests/tk01_volume_users,2026-09-22 04:00:00,0032..0047,16,2.0138,292
toolkit_tests/tk01_volume_users,2026-09-22 04:00:00,0048..0063,16,1.6912,288
toolkit_tests/tk01_volume_users,2026-09-21 04:00:00,0000..0015,16,1.6805,263
toolkit_tests/tk01_volume_users,2026-09-21 04:00:00,0016..0031,16,1.6651,256
toolkit_tests/tk01_volume_users,2026-09-21 04:00:00,0032..0047,16,1.5813,259
toolkit_tests/tk01_volume_users,2026-09-21 04:00:00,0048..0063,16,1.9512,260
toolkit_tests/tk01_volume_users,2026-09-20 04:00:00,0000..0015,16,1.3262,228
toolkit_tests/tk01_volume_users,2026-09-20 04:00:00,0016..0031,16,1.1433,229
toolkit_tests/tk01_volume_users,2026-09-20 04:00:00,0032..0047,16,1.0122,227
toolkit_tests/tk01_volume_users,2026-09-20 04:00:00,0048..0063,16,1.2595,233
toolkit_tests/tk01_volume_users,2026-09-19 04:00:00,0000..0015,16,1.7607,302
toolkit_tests/tk01_volume_users,2026-09-19 04:00:00,0016..0031,16,1.5536,308
toolkit_tests/tk01_volume_users,2026-09-19 04:00:00,0032..0047,16,1.716,298
toolkit_tests/tk01_volume_users,2026-09-19 04:00:00,0048..0063,16,1.7283,296
toolkit_tests/tk01_volume_users,2026-09-18 04:00:00,0000..0015,16,1.6903,271
toolkit_tests/tk01_volume_users,2026-09-18 04:00:00,0016..0031,16,1.9733,277
toolkit_tests/tk01_volume_users,2026-09-18 04:00:00,0032..0047,16,1.7503,245
toolkit_tests/tk01_volume_users,2026-09-18 04:00:00,0048..0063,16,1.8915,283
toolkit_tests/tk01_volume_users,2026-09-17 04:00:00,0000..0015,16,2.0981,298
toolkit_tests/tk01_volume_users,2026-09-17 04:00:00,0016..0031,16,2.08,294
toolkit_tests/tk01_volume_users,2026-09-17 04:00:00,0032..0047,16,1.9946,302
toolkit_tests/tk01_volume_users,2026-09-17 04:00:00,0048..0063,16,2.0926,302
toolkit_tests/tk02_strategy_hits,2026-09-18 04:00:00,0000..0015,16,2.8718,144
toolkit_tests/tk02_strategy_hits,2026-09-18 04:00:00,0016..0031,16,3.3092,153
toolkit_tests/tk02_strategy_hits,2026-09-18 04:00:00,0032..0039,8,1.4799,68
toolkit_tests/tk02_strategy_hits,2026-09-18 04:00:00,0040..0047,8,1.4641,63
toolkit_tests/tk02_strategy_hits,2026-09-18 04:00:00,0048..0055,8,1.7562,83
toolkit_tests/tk02_strategy_hits,2026-09-18 04:00:00,0056..0063,8,1.4691,70
toolkit_tests/tk02_strategy_hits,2026-09-19 04:00:00,0000..0007,8,1.9,73
toolkit_tests/tk02_strategy_hits,2026-09-19 04:00:00,0008..0015,8,1.9913,64
toolkit_tests/tk02_strategy_hits,2026-09-19 04:00:00,0016..0023,8,1.9495,69
toolkit_tests/tk02_strategy_hits,2026-09-19 04:00:00,0024..0031,8,1.8586,75
toolkit_tests/tk02_strategy_hits,2026-09-19 04:00:00,0032..0039,8,2.0876,68
toolkit_tests/tk02_strategy_hits,2026-09-19 04:00:00,0040..0047,8,1.7783,62
toolkit_tests/tk02_strategy_hits,2026-09-19 04:00:00,0048..0055,8,2.2158,74
toolkit_tests/tk02_strategy_hits,2026-09-19 04:00:00,0056..0063,8,1.9333,61
toolkit_tests/tk02_strategy_hits,2026-09-20 04:00:00,0000..0007,8,1.2937,53
toolkit_tests/tk02_strategy_hits,2026-09-20 04:00:00,0008..0015,8,1.439,44
toolkit_tests/tk02_strategy_hits,2026-09-20 04:00:00,0016..0023,8,1.2091,48
toolkit_tests/tk02_strategy_hits,2026-09-20 04:00:00,0024..0031,8,1.2182,53
toolkit_tests/tk02_strategy_hits,2026-09-20 04:00:00,0032..0039,8,1.1411,46
toolkit_tests/tk02_strategy_hits,2026-09-20 04:00:00,0040..0047,8,1.225,42
toolkit_tests/tk02_strategy_hits,2026-09-20 04:00:00,0048..0055,8,1.2892,50
toolkit_tests/tk02_strategy_hits,2026-09-20 04:00:00,0056..0063,8,1.2162,48
toolkit_tests/tk02_strategy_hits,2026-09-21 04:00:00,0000..0007,8,1.6946,51
toolkit_tests/tk02_strategy_hits,2026-09-21 04:00:00,0008..0015,8,1.8429,55
toolkit_tests/tk02_strategy_hits,2026-09-21 04:00:00,0016..0023,8,1.8601,47
toolkit_tests/tk02_strategy_hits,2026-09-21 04:00:00,0024..0031,8,1.8361,57
toolkit_tests/tk02_strategy_hits,2026-09-21 04:00:00,0032..0039,8,1.8277,53
toolkit_tests/tk02_strategy_hits,2026-09-21 04:00:00,0040..0047,8,1.9833,51
toolkit_tests/tk02_strategy_hits,2026-09-21 04:00:00,0048..0055,8,1.8707,50
toolkit_tests/tk02_strategy_hits,2026-09-21 04:00:00,0056..0063,8,2.0447,54
toolkit_tests/tk02_strategy_hits,2026-09-22 04:00:00,0000..0007,8,1.8888,65
toolkit_tests/tk02_strategy_hits,2026-09-22 04:00:00,0008..0015,8,1.8931,60
toolkit_tests/tk02_strategy_hits,2026-09-22 04:00:00,0016..0023,8,2.4231,71
toolkit_tests/tk02_strategy_hits,2026-09-22 04:00:00,0024..0031,8,2.0087,69
toolkit_tests/tk02_strategy_hits,2026-09-22 04:00:00,0032..0039,8,2.2046,68
toolkit_tests/tk02_strategy_hits,2026-09-22 04:00:00,0040..0047,8,2.0382,61
toolkit_tests/tk02_strategy_hits,2026-09-22 04:00:00,0048..0055,8,1.9853,64
toolkit_tests/tk02_strategy_hits,2026-09-22 04:00:00,0056..0063,8,2.0188,62
toolkit_tests/tk02_strategy_hits,2026-09-23 04:00:00,0000..0007,8,1.8692,65
toolkit_tests/tk02_strategy_hits,2026-09-23 04:00:00,0008..0015,8,2.2268,84
toolkit_tests/tk02_strategy_hits,2026-09-23 04:00:00,0016..0023,8,1.8666,74
toolkit_tests/tk02_strategy_hits,2026-09-23 04:00:00,0024..0031,8,3.0234,71
toolkit_tests/tk02_strategy_hits,2026-09-23 04:00:00,0032..0035,4,1.0027,34
toolkit_tests/tk02_strategy_hits,2026-09-23 04:00:00,0036..0039,4,1.056,35
toolkit_tests/tk02_strategy_hits,2026-09-23 04:00:00,0040..0043,4,0.8625,31
toolkit_tests/tk02_strategy_hits,2026-09-23 04:00:00,0044..0047,4,0.8587,28
toolkit_tests/tk02_strategy_hits,2026-09-23 04:00:00,0048..0051,4,0.9521,34
toolkit_tests/tk02_strategy_hits,2026-09-23 04:00:00,0052..0055,4,0.7061,32
toolkit_tests/tk02_strategy_hits,2026-09-23 04:00:00,0056..0059,4,0.8768,34
toolkit_tests/tk02_strategy_hits,2026-09-23 04:00:00,0060..0063,4,0.8613,30
toolkit_tests/tk02_strategy_hits,2026-09-24 04:00:00,0000..0003,4,0.5433,21
toolkit_tests/tk02_strategy_hits,2026-09-24 04:00:00,0004..0007,4,0.5122,15
toolkit_tests/tk02_strategy_hits,2026-09-24 04:00:00,0008..0011,4,0.0748,18
toolkit_tests/tk02_strategy_hits,2026-09-24 04:00:00,0012..0015,4,0.0935,19
toolkit_tests/tk02_strategy_hits,2026-09-24 04:00:00,0016..0019,4,0.0743,19
toolkit_tests/tk02_strategy_hits,2026-09-24 04:00:00,0020..0023,4,0.0907,21
toolkit_tests/tk02_strategy_hits,2026-09-24 04:00:00,0024..0027,4,0.0889,22
toolkit_tests/tk02_strategy_hits,2026-09-24 04:00:00,0028..0031,4,0.1043,22
toolkit_tests/tk02_strategy_hits,2026-09-24 04:00:00,0032..0035,4,0.075,14
toolkit_tests/tk02_strategy_hits,2026-09-24 04:00:00,0036..0039,4,0.0794,21
toolkit_tests/tk02_strategy_hits,2026-09-24 04:00:00,0040..0043,4,0.0745,23
toolkit_tests/tk02_strategy_hits,2026-09-24 04:00:00,0044..0047,4,0.0672,17
toolkit_tests/tk02_strategy_hits,2026-09-24 04:00:00,0048..0051,4,0.0968,25
toolkit_tests/tk02_strategy_hits,2026-09-24 04:00:00,0052..0055,4,0.0785,15
toolkit_tests/tk02_strategy_hits,2026-09-24 04:00:00,0056..0059,4,0.1076,25
toolkit_tests/tk02_strategy_hits,2026-09-24 04:00:00,0060..0063,4,0.0881,18
toolkit_tests/tk03_extra_recall,2026-09-18 04:00:00,0000..0015,16,2.8394,70
toolkit_tests/tk03_extra_recall,2026-09-18 04:00:00,0016..0031,16,3.1521,75
toolkit_tests/tk03_extra_recall,2026-09-18 04:00:00,0032..0039,8,1.3441,31
toolkit_tests/tk03_extra_recall,2026-09-18 04:00:00,0040..0047,8,1.4676,31
toolkit_tests/tk03_extra_recall,2026-09-18 04:00:00,0048..0055,8,1.5982,40
toolkit_tests/tk03_extra_recall,2026-09-18 04:00:00,0056..0063,8,1.3457,33
toolkit_tests/tk03_extra_recall,2026-09-19 04:00:00,0000..0007,8,1.78,37
toolkit_tests/tk03_extra_recall,2026-09-19 04:00:00,0008..0015,8,1.7999,31
toolkit_tests/tk03_extra_recall,2026-09-19 04:00:00,0016..0023,8,1.6694,34
toolkit_tests/tk03_extra_recall,2026-09-19 04:00:00,0024..0031,8,1.7619,38
toolkit_tests/tk03_extra_recall,2026-09-19 04:00:00,0032..0039,8,1.76,37
toolkit_tests/tk03_extra_recall,2026-09-19 04:00:00,0040..0047,8,1.7183,30
toolkit_tests/tk03_extra_recall,2026-09-19 04:00:00,0048..0055,8,1.9733,35
toolkit_tests/tk03_extra_recall,2026-09-19 04:00:00,0056..0063,8,1.7615,32
toolkit_tests/tk03_extra_recall,2026-09-20 04:00:00,0000..0007,8,1.2248,25
toolkit_tests/tk03_extra_recall,2026-09-20 04:00:00,0008..0015,8,1.367,23
toolkit_tests/tk03_extra_recall,2026-09-20 04:00:00,0016..0023,8,1.0673,24
toolkit_tests/tk03_extra_recall,2026-09-20 04:00:00,0024..0031,8,1.1599,26
toolkit_tests/tk03_extra_recall,2026-09-20 04:00:00,0032..0039,8,1.0685,21
toolkit_tests/tk03_extra_recall,2026-09-20 04:00:00,0040..0047,8,1.1527,20
toolkit_tests/tk03_extra_recall,2026-09-20 04:00:00,0048..0055,8,1.1187,24
toolkit_tests/tk03_extra_recall,2026-09-20 04:00:00,0056..0063,8,1.4725,24
toolkit_tests/tk03_extra_recall,2026-09-21 04:00:00,0000..0007,8,1.5784,23
toolkit_tests/tk03_extra_recall,2026-09-21 04:00:00,0008..0015,8,1.6687,27
toolkit_tests/tk03_extra_recall,2026-09-21 04:00:00,0016..0023,8,1.7046,23
toolkit_tests/tk03_extra_recall,2026-09-21 04:00:00,0024..0031,8,1.6266,29
toolkit_tests/tk03_extra_recall,2026-09-21 04:00:00,0032..0039,8,1.7173,23
toolkit_tests/tk03_extra_recall,2026-09-21 04:00:00,0040..0047,8,1.7941,25
toolkit_tests/tk03_extra_recall,2026-09-21 04:00:00,0048..0055,8,1.7681,25
toolkit_tests/tk03_extra_recall,2026-09-21 04:00:00,0056..0063,8,2.012,25
toolkit_tests/tk03_extra_recall,2026-09-22 04:00:00,0000..0007,8,1.821,36
toolkit_tests/tk03_extra_recall,2026-09-22 04:00:00,0008..0015,8,1.7955,33
toolkit_tests/tk03_extra_recall,2026-09-22 04:00:00,0016..0023,8,2.176,36
toolkit_tests/tk03_extra_recall,2026-09-22 04:00:00,0024..0031,8,1.9225,32
toolkit_tests/tk03_extra_recall,2026-09-22 04:00:00,0032..0039,8,2.0561,36
toolkit_tests/tk03_extra_recall,2026-09-22 04:00:00,0040..0047,8,1.932,34
toolkit_tests/tk03_extra_recall,2026-09-22 04:00:00,0048..0055,8,1.8941,32
toolkit_tests/tk03_extra_recall,2026-09-22 04:00:00,0056..0063,8,1.8925,33
toolkit_tests/tk03_extra_recall,2026-09-23 04:00:00,0000..0007,8,1.793,35
toolkit_tests/tk03_extra_recall,2026-09-23 04:00:00,0008..0015,8,2.0265,44
toolkit_tests/tk03_extra_recall,2026-09-23 04:00:00,0016..0023,8,1.7387,40
toolkit_tests/tk03_extra_recall,2026-09-23 04:00:00,0024..0031,8,1.8039,34
toolkit_tests/tk03_extra_recall,2026-09-23 04:00:00,0032..0039,8,1.9919,32
toolkit_tests/tk03_extra_recall,2026-09-23 04:00:00,0040..0047,8,1.7336,28
toolkit_tests/tk03_extra_recall,2026-09-23 04:00:00,0048..0055,8,1.5438,34
toolkit_tests/tk03_extra_recall,2026-09-23 04:00:00,0056..0063,8,1.4953,32
toolkit_tests/tk03_extra_recall,2026-09-24 04:00:00,0000..0007,8,0.99,16
toolkit_tests/tk03_extra_recall,2026-09-24 04:00:00,0008..0015,8,0.1005,15
toolkit_tests/tk03_extra_recall,2026-09-24 04:00:00,0016..0023,8,0.0938,16
toolkit_tests/tk03_extra_recall,2026-09-24 04:00:00,0024..0031,8,0.0889,19
toolkit_tests/tk03_extra_recall,2026-09-24 04:00:00,0032..0039,8,0.0864,14
toolkit_tests/tk03_extra_recall,2026-09-24 04:00:00,0040..0047,8,0.0781,17
toolkit_tests/tk03_extra_recall,2026-09-24 04:00:00,0048..0055,8,0.097,18
toolkit_tests/tk03_extra_recall,2026-09-24 04:00:00,0056..0063,8,0.0923,17
toolkit_tests/tk04_pass_leakage,2026-09-18 04:00:00,0000..0015,16,0.715,201
toolkit_tests/tk04_pass_leakage,2026-09-18 04:00:00,0016..0031,16,0.8299,210
toolkit_tests/tk04_pass_leakage,2026-09-18 04:00:00,0032..0047,16,0.727,209
toolkit_tests/tk04_pass_leakage,2026-09-18 04:00:00,0048..0063,16,0.8185,225
toolkit_tests/tk04_pass_leakage,2026-09-19 04:00:00,0000..0015,16,1.788,262
toolkit_tests/tk04_pass_leakage,2026-09-19 04:00:00,0016..0031,16,1.6268,267
toolkit_tests/tk04_pass_leakage,2026-09-19 04:00:00,0032..0047,16,1.6326,265
toolkit_tests/tk04_pass_leakage,2026-09-19 04:00:00,0048..0063,16,1.8019,278
toolkit_tests/tk04_pass_leakage,2026-09-20 04:00:00,0000..0015,16,1.2326,189
toolkit_tests/tk04_pass_leakage,2026-09-20 04:00:00,0016..0031,16,1.1412,184
toolkit_tests/tk04_pass_leakage,2026-09-20 04:00:00,0032..0047,16,0.9858,180
toolkit_tests/tk04_pass_leakage,2026-09-20 04:00:00,0048..0063,16,1.0634,180
toolkit_tests/tk04_pass_leakage,2026-09-21 04:00:00,0000..0015,16,1.5096,196
toolkit_tests/tk04_pass_leakage,2026-09-21 04:00:00,0016..0031,16,1.6568,220
toolkit_tests/tk04_pass_leakage,2026-09-21 04:00:00,0032..0047,16,1.6289,217
toolkit_tests/tk04_pass_leakage,2026-09-21 04:00:00,0048..0063,16,1.714,225
toolkit_tests/tk04_pass_leakage,2026-09-22 04:00:00,0000..0015,16,1.7659,277
toolkit_tests/tk04_pass_leakage,2026-09-22 04:00:00,0016..0031,16,1.8161,317
toolkit_tests/tk04_pass_leakage,2026-09-22 04:00:00,0032..0047,16,1.9256,286
toolkit_tests/tk04_pass_leakage,2026-09-22 04:00:00,0048..0063,16,1.7558,261
toolkit_tests/tk04_pass_leakage,2026-09-23 04:00:00,0000..0015,16,1.7927,225
toolkit_tests/tk04_pass_leakage,2026-09-23 04:00:00,0016..0031,16,1.5049,237
toolkit_tests/tk04_pass_leakage,2026-09-23 04:00:00,0032..0047,16,1.5035,197
toolkit_tests/tk04_pass_leakage,2026-09-23 04:00:00,0048..0063,16,1.0141,197
toolkit_tests/tk04_pass_leakage,2026-09-24 04:00:00,0000..0015,16,0.3851,78
toolkit_tests/tk04_pass_leakage,2026-09-24 04:00:00,0016..0031,16,0.4352,86
toolkit_tests/tk04_pass_leakage,2026-09-24 04:00:00,0032..0047,16,0.3483,79
toolkit_tests/tk04_pass_leakage,2026-09-24 04:00:00,0048..0063,16,0.488,78
toolkit_tests/tk01_volume_users,2026-09-24 04:00:00,0000..0015,16,0.1683,188
toolkit_tests/tk01_volume_users,2026-09-24 04:00:00,0016..0031,16,0.1748,204
toolkit_tests/tk01_volume_users,2026-09-24 04:00:00,0032..0047,16,0.2112,192
toolkit_tests/tk01_volume_users,2026-09-24 04:00:00,0048..0063,16,0.1971,204
toolkit_tests/tk01_volume_users,2026-09-23 04:00:00,0000..0015,16,0.2482,310
toolkit_tests/tk01_volume_users,2026-09-23 04:00:00,0016..0031,16,0.2948,307
toolkit_tests/tk01_volume_users,2026-09-23 04:00:00,0032..0047,16,0.2369,287
toolkit_tests/tk01_volume_users,2026-09-23 04:00:00,0048..0063,16,0.2307,288
toolkit_tests/tk01_volume_users,2026-09-22 04:00:00,0000..0015,16,0.2383,301
toolkit_tests/tk01_volume_users,2026-09-22 04:00:00,0016..0031,16,0.2929,330
toolkit_tests/tk01_volume_users,2026-09-22 04:00:00,0032..0047,16,0.2592,308
toolkit_tests/tk01_volume_users,2026-09-22 04:00:00,0048..0063,16,0.2938,304
toolkit_tests/tk01_volume_users,2026-09-21 04:00:00,0000..0015,16,0.2282,279
toolkit_tests/tk01_volume_users,2026-09-21 04:00:00,0016..0031,16,0.2167,272
toolkit_tests/tk01_volume_users,2026-09-21 04:00:00,0032..0047,16,0.2323,275
toolkit_tests/tk01_volume_users,2026-09-21 04:00:00,0048..0063,16,0.2291,276
toolkit_tests/tk01_volume_users,2026-09-20 04:00:00,0000..0015,16,0.2443,244
toolkit_tests/tk01_volume_users,2026-09-20 04:00:00,0016..0031,16,0.1985,245
toolkit_tests/tk01_volume_users,2026-09-20 04:00:00,0032..0047,16,0.1685,243
toolkit_tests/tk01_volume_users,2026-09-20 04:00:00,0048..0063,16,0.1775,249
toolkit_tests/tk01_volume_users,2026-09-19 04:00:00,0000..0015,16,1.5931,318
toolkit_tests/tk01_volume_users,2026-09-19 04:00:00,0016..0031,16,1.5047,324
toolkit_tests/tk01_volume_users,2026-09-19 04:00:00,0032..0047,16,1.5468,314
toolkit_tests/tk01_volume_users,2026-09-19 04:00:00,0048..0063,16,1.7466,312
toolkit_tests/tk01_volume_users,2026-09-18 04:00:00,0000..0015,16,0.7288,287
toolkit_tests/tk01_volume_users,2026-09-18 04:00:00,0016..0031,16,0.7785,293
toolkit_tests/tk01_volume_users,2026-09-18 04:00:00,0032..0047,16,0.6716,261
toolkit_tests/tk01_volume_users,2026-09-18 04:00:00,0048..0063,16,0.7582,299
toolkit_tests/tk01_volume_users,2026-09-17 04:00:00,0000..0015,16,2.2174,314
toolkit_tests/tk01_volume_users,2026-09-17 04:00:00,0016..0031,16,2.1609,310
toolkit_tests/tk01_volume_users,2026-09-17 04:00:00,0032..0047,16,2.0964,318
toolkit_tests/tk01_volume_users,2026-09-17 04:00:00,0048..0063,16,2.2649,318
toolkit_tests/tk02_strategy_hits,2026-09-18 04:00:00,0000..0015,16,3.1922,160
toolkit_tests/tk02_strategy_hits,2026-09-18 04:00:00,0016..0023,8,1.705,82
toolkit_tests/tk02_strategy_hits,2026-09-18 04:00:00,0024..0031,8,1.8356,87
toolkit_tests/tk02_strategy_hits,2026-09-18 04:00:00,0032..0039,8,1.6088,76
toolkit_tests/tk02_strategy_hits,2026-09-18 04:00:00,0040..0047,8,1.5316,71
toolkit_tests/tk02_strategy_hits,2026-09-18 04:00:00,0048..0055,8,1.9525,91
toolkit_tests/tk02_strategy_hits,2026-09-18 04:00:00,0056..0063,8,1.6201,78
toolkit_tests/tk02_strategy_hits,2026-09-19 04:00:00,0000..0007,8,2.0499,81
toolkit_tests/tk02_strategy_hits,2026-09-19 04:00:00,0008..0015,8,2.0982,72
toolkit_tests/tk02_strategy_hits,2026-09-19 04:00:00,0016..0023,8,2.1577,77
toolkit_tests/tk02_strategy_hits,2026-09-19 04:00:00,0024..0031,8,2.0172,83
toolkit_tests/tk02_strategy_hits,2026-09-19 04:00:00,0032..0039,8,2.0185,76
toolkit_tests/tk02_strategy_hits,2026-09-19 04:00:00,0040..0047,8,1.855,70
toolkit_tests/tk02_strategy_hits,2026-09-19 04:00:00,0048..0055,8,2.2136,82
toolkit_tests/tk02_strategy_hits,2026-09-19 04:00:00,0056..0063,8,2.2319,69
toolkit_tests/tk02_strategy_hits,2026-09-20 04:00:00,0000..0007,8,1.1797,61
toolkit_tests/tk02_strategy_hits,2026-09-20 04:00:00,0008..0015,8,1.2388,52
toolkit_tests/tk02_strategy_hits,2026-09-20 04:00:00,0016..0023,8,1.0908,56
toolkit_tests/tk02_strategy_hits,2026-09-20 04:00:00,0024..0031,8,1.0728,61
toolkit_tests/tk02_strategy_hits,2026-09-20 04:00:00,0032..0039,8,1.0231,54
toolkit_tests/tk02_strategy_hits,2026-09-20 04:00:00,0040..0047,8,1.1727,50
toolkit_tests/tk02_strategy_hits,2026-09-20 04:00:00,0048..0055,8,1.098,58
toolkit_tests/tk02_strategy_hits,2026-09-20 04:00:00,0056..0063,8,1.1267,56
toolkit_tests/tk02_strategy_hits,2026-09-21 04:00:00,0000..0007,8,1.5918,59
toolkit_tests/tk02_strategy_hits,2026-09-21 04:00:00,0008..0015,8,1.5688,63
toolkit_tests/tk02_strategy_hits,2026-09-21 04:00:00,0016..0023,8,1.6419,55
toolkit_tests/tk02_strategy_hits,2026-09-21 04:00:00,0024..0031,8,1.568,65
toolkit_tests/tk02_strategy_hits,2026-09-21 04:00:00,0032..0039,8,1.5287,61
toolkit_tests/tk02_strategy_hits,2026-09-21 04:00:00,0040..0047,8,1.6168,59
toolkit_tests/tk02_strategy_hits,2026-09-21 04:00:00,0048..0055,8,1.496,58
toolkit_tests/tk02_strategy_hits,2026-09-21 04:00:00,0056..0063,8,1.905,62
toolkit_tests/tk02_strategy_hits,2026-09-22 04:00:00,0000..0007,8,1.6646,73
toolkit_tests/tk02_strategy_hits,2026-09-22 04:00:00,0008..0015,8,1.6566,68
toolkit_tests/tk02_strategy_hits,2026-09-22 04:00:00,0016..0023,8,2.3378,79
toolkit_tests/tk02_strategy_hits,2026-09-22 04:00:00,0024..0031,8,2.0554,77
toolkit_tests/tk02_strategy_hits,2026-09-22 04:00:00,0032..0039,8,1.9109,76
toolkit_tests/tk02_strategy_hits,2026-09-22 04:00:00,0040..0047,8,1.8536,69
toolkit_tests/tk02_strategy_hits,2026-09-22 04:00:00,0048..0055,8,1.9809,72
toolkit_tests/tk02_strategy_hits,2026-09-22 04:00:00,0056..0063,8,2.0592,70
toolkit_tests/tk02_strategy_hits,2026-09-23 04:00:00,0000..0007,8,2.0179,73
toolkit_tests/tk02_strategy_hits,2026-09-23 04:00:00,0008..0015,8,2.0474,92
toolkit_tests/tk02_strategy_hits,2026-09-23 04:00:00,0016..0023,8,2.6887,82
toolkit_tests/tk02_strategy_hits,2026-09-23 04:00:00,0024..0031,8,1.9743,79
toolkit_tests/tk02_strategy_hits,2026-09-23 04:00:00,0032..0039,8,2.0842,77
toolkit_tests/tk02_strategy_hits,2026-09-23 04:00:00,0040..0047,8,1.7175,67
toolkit_tests/tk02_strategy_hits,2026-09-23 04:00:00,0048..0055,8,2.017,74
toolkit_tests/tk02_strategy_hits,2026-09-23 04:00:00,0056..0063,8,2.3214,72
toolkit_tests/tk02_strategy_hits,2026-09-24 04:00:00,0000..0007,8,1.7172,44
toolkit_tests/tk02_strategy_hits,2026-09-24 04:00:00,0008..0015,8,1.7184,45
toolkit_tests/tk02_strategy_hits,2026-09-24 04:00:00,0016..0023,8,1.7169,48
toolkit_tests/tk02_strategy_hits,2026-09-24 04:00:00,0024..0031,8,1.7866,52
toolkit_tests/tk02_strategy_hits,2026-09-24 04:00:00,0032..0039,8,1.6207,43
toolkit_tests/tk02_strategy_hits,2026-09-24 04:00:00,0040..0047,8,1.6154,48
toolkit_tests/tk02_strategy_hits,2026-09-24 04:00:00,0048..0055,8,1.8907,48
toolkit_tests/tk02_strategy_hits,2026-09-24 04:00:00,0056..0063,8,1.7698,51
toolkit_tests/tk05_v3_distribution,2026-09-18 04:00:00,0000..0015,16,2.9475,505
toolkit_tests/tk05_v3_distribution,2026-09-18 04:00:00,0016..0031,16,4.1955,486
toolkit_tests/tk05_v3_distribution,2026-09-18 04:00:00,0032..0039,8,1.509,243
toolkit_tests/tk05_v3_distribution,2026-09-18 04:00:00,0040..0047,8,1.3627,220
toolkit_tests/tk05_v3_distribution,2026-09-18 04:00:00,0048..0055,8,2.0867,252
toolkit_tests/tk05_v3_distribution,2026-09-18 04:00:00,0056..0063,8,1.5476,253
toolkit_tests/tk05_v3_distribution,2026-09-19 04:00:00,0000..0007,8,1.9729,277
toolkit_tests/tk05_v3_distribution,2026-09-19 04:00:00,0008..0015,8,2.0255,256
toolkit_tests/tk05_v3_distribution,2026-09-19 04:00:00,0016..0023,8,1.8387,267
toolkit_tests/tk05_v3_distribution,2026-09-19 04:00:00,0024..0031,8,1.876,275
toolkit_tests/tk05_v3_distribution,2026-09-19 04:00:00,0032..0039,8,1.9849,273
toolkit_tests/tk05_v3_distribution,2026-09-19 04:00:00,0040..0047,8,1.7966,252
toolkit_tests/tk05_v3_distribution,2026-09-19 04:00:00,0048..0055,8,1.9132,298
toolkit_tests/tk05_v3_distribution,2026-09-19 04:00:00,0056..0063,8,2.5441,262
toolkit_tests/tk05_v3_distribution,2026-09-20 04:00:00,0000..0007,8,1.2196,218
toolkit_tests/tk05_v3_distribution,2026-09-20 04:00:00,0008..0015,8,0.8125,183
toolkit_tests/tk05_v3_distribution,2026-09-20 04:00:00,0016..0023,8,1.1439,193
toolkit_tests/tk05_v3_distribution,2026-09-20 04:00:00,0024..0031,8,0.7233,203
toolkit_tests/tk05_v3_distribution,2026-09-20 04:00:00,0032..0039,8,0.9817,213
toolkit_tests/tk05_v3_distribution,2026-09-20 04:00:00,0040..0047,8,0.725,191
toolkit_tests/tk05_v3_distribution,2026-09-20 04:00:00,0048..0055,8,1.1835,212
toolkit_tests/tk05_v3_distribution,2026-09-20 04:00:00,0056..0063,8,1.155,206
toolkit_tests/tk05_v3_distribution,2026-09-21 04:00:00,0000..0007,8,1.6745,236
toolkit_tests/tk05_v3_distribution,2026-09-21 04:00:00,0008..0015,8,1.7504,260
toolkit_tests/tk05_v3_distribution,2026-09-21 04:00:00,0016..0023,8,1.8799,235
toolkit_tests/tk05_v3_distribution,2026-09-21 04:00:00,0024..0031,8,1.2497,228
toolkit_tests/tk05_v3_distribution,2026-09-21 04:00:00,0032..0039,8,2.1881,234
toolkit_tests/tk05_v3_distribution,2026-09-21 04:00:00,0040..0047,8,1.5244,239
toolkit_tests/tk05_v3_distribution,2026-09-21 04:00:00,0048..0055,8,1.3154,225
toolkit_tests/tk05_v3_distribution,2026-09-21 04:00:00,0056..0063,8,1.9112,256
toolkit_tests/tk05_v3_distribution,2026-09-22 04:00:00,0000..0007,8,1.8959,247
toolkit_tests/tk05_v3_distribution,2026-09-22 04:00:00,0008..0015,8,1.952,245
toolkit_tests/tk05_v3_distribution,2026-09-22 04:00:00,0016..0023,8,2.2843,289
toolkit_tests/tk05_v3_distribution,2026-09-22 04:00:00,0024..0031,8,2.2965,272
toolkit_tests/tk05_v3_distribution,2026-09-22 04:00:00,0032..0039,8,2.2417,265
toolkit_tests/tk05_v3_distribution,2026-09-22 04:00:00,0040..0047,8,1.7482,241
toolkit_tests/tk05_v3_distribution,2026-09-22 04:00:00,0048..0055,8,2.001,253
toolkit_tests/tk05_v3_distribution,2026-09-22 04:00:00,0056..0063,8,1.8304,264
toolkit_tests/tk05_v3_distribution,2026-09-23 04:00:00,0000..0007,8,2.275,218
toolkit_tests/tk05_v3_distribution,2026-09-23 04:00:00,0008..0015,8,2.3059,259
toolkit_tests/tk05_v3_distribution,2026-09-23 04:00:00,0016..0023,8,2.6371,255
toolkit_tests/tk05_v3_distribution,2026-09-23 04:00:00,0024..0031,8,1.9143,243
toolkit_tests/tk05_v3_distribution,2026-09-23 04:00:00,0032..0039,8,2.2119,240
toolkit_tests/tk05_v3_distribution,2026-09-23 04:00:00,0040..0047,8,1.7679,206
toolkit_tests/tk05_v3_distribution,2026-09-23 04:00:00,0048..0055,8,2.0679,220
toolkit_tests/tk05_v3_distribution,2026-09-23 04:00:00,0056..0063,8,2.2472,243
toolkit_tests/tk05_v3_distribution,2026-09-24 04:00:00,0000..0007,8,1.5266,148
toolkit_tests/tk05_v3_distribution,2026-09-24 04:00:00,0008..0015,8,1.8818,149
toolkit_tests/tk05_v3_distribution,2026-09-24 04:00:00,0016..0023,8,1.2446,150
toolkit_tests/tk05_v3_distribution,2026-09-24 04:00:00,0024..0031,8,1.7011,169
toolkit_tests/tk05_v3_distribution,2026-09-24 04:00:00,0032..0039,8,1.8021,149
toolkit_tests/tk05_v3_distribution,2026-09-24 04:00:00,0040..0047,8,1.2102,152
toolkit_tests/tk05_v3_distribution,2026-09-24 04:00:00,0048..0055,8,2.0551,162
toolkit_tests/tk05_v3_distribution,2026-09-24 04:00:00,0056..0063,8,1.669,175
tk06_extract_REnWr_20260924,2026-09-24 03:00:00,0000..0015,16,0.1028,31
tk06_extract_REnWr_20260924,2026-09-24 03:00:00,0016..0031,16,0.1203,50
tk06_extract_REnWr_20260924,2026-09-24 03:00:00,0032..0047,16,0.0637,28
tk06_extract_REnWr_20260924,2026-09-24 03:00:00,0048..0063,16,0.0804,41
tk06_extract_REnWr_20260924,2026-09-24 04:00:00,0000..0015,16,0.0781,44
tk06_extract_REnWr_20260924,2026-09-24 04:00:00,0016..0031,16,0.0707,34
tk06_extract_REnWr_20260924,2026-09-24 04:00:00,0032..0047,16,0.042,18
tk06_extract_REnWr_20260924,2026-09-24 04:00:00,0048..0063,16,0.0894,47
tk06_extract_REnWr_20260924,2026-09-24 05:00:00,0000..0015,16,0.063,23
tk06_extract_REnWr_20260924,2026-09-24 05:00:00,0016..0031,16,0.0531,22
tk06_extract_REnWr_20260924,2026-09-24 05:00:00,0032..0047,16,0.035,13
tk06_extract_REnWr_20260924,2026-09-24 05:00:00,0048..0063,16,0.047,20
tk06_extract_REnWr_20260924,2026-09-24 06:00:00,0000..0015,16,0.0843,50
tk06_extract_REnWr_20260924,2026-09-24 06:00:00,0016..0031,16,0.0691,35
tk06_extract_REnWr_20260924,2026-09-24 06:00:00,0032..0047,16,0.0629,28
tk06_extract_REnWr_20260924,2026-09-24 06:00:00,0048..0063,16,0.0701,36
tk06_extract_REnWr_20260924,2026-09-24 07:00:00,0000..0015,16,0.0464,20
tk06_extract_REnWr_20260924,2026-09-24 07:00:00,0016..0031,16,0.0527,25
tk06_extract_REnWr_20260924,2026-09-24 07:00:00,0032..0047,16,0.0447,21
tk06_extract_REnWr_20260924,2026-09-24 07:00:00,0048..0063,16,0.0343,13
tk06_extract_REnWr_20260924,2026-09-24 08:00:00,0000..0015,16,0.0689,34
tk06_extract_REnWr_20260924,2026-09-24 08:00:00,0016..0031,16,0.0819,42
tk06_extract_REnWr_20260924,2026-09-24 08:00:00,0032..0047,16,0.0764,32
tk06_extract_REnWr_20260924,2026-09-24 08:00:00,0048..0063,16,0.0936,48
tk06_extract_REnWr_20260924,2026-09-24 09:00:00,0000..0015,16,0.0882,39
tk06_extract_REnWr_20260924,2026-09-24 09:00:00,0016..0031,16,0.0486,20
tk06_extract_REnWr_20260924,2026-09-24 09:00:00,0032..0047,16,0.0826,45
tk06_extract_REnWr_20260924,2026-09-24 09:00:00,0048..0063,16,0.0272,8
tk06_extract_REnWr_20260924,2026-09-24 10:00:00,0000..0015,16,0.0864,50
tk06_extract_REnWr_20260924,2026-09-24 10:00:00,0016..0031,16,0.0567,30
tk06_extract_REnWr_20260924,2026-09-24 10:00:00,0032..0047,16,0.0505,25
tk06_extract_REnWr_20260924,2026-09-24 10:00:00,0048..0063,16,0.0866,45
tk06_extract_REnWr_20260924,2026-09-24 11:00:00,0000..0015,16,0.0639,33
tk06_extract_REnWr_20260924,2026-09-24 11:00:00,0016..0031,16,0.0899,51
tk06_extract_REnWr_20260924,2026-09-24 11:00:00,0032..0047,16,0.0628,34
tk06_extract_REnWr_20260924,2026-09-24 11:00:00,0048..0063,16,0.0727,39
tk06_extract_REnWr_20260924,2026-09-24 12:00:00,0000..0015,16,0.0684,35
tk06_extract_REnWr_20260924,2026-09-24 12:00:00,0016..0031,16,0.0658,30
tk06_extract_REnWr_20260924,2026-09-24 12:00:00,0032..0047,16,0.066,33
tk06_extract_REnWr_20260924,2026-09-24 12:00:00,0048..0063,16,0.0757,35
tk06_extract_REnWr_20260924,2026-09-24 13:00:00,0000..0015,16,0.12,54
tk06_extract_REnWr_20260924,2026-09-24 13:00:00,0016..0031,16,0.0923,44
tk06_extract_REnWr_20260924,2026-09-24 13:00:00,0032..0047,16,0.0781,45
tk06_extract_REnWr_20260924,2026-09-24 13:00:00,0048..0063,16,0.1179,62
tk06_extract_REnWr_20260924,2026-09-24 14:00:00,0000..0015,16,0.0713,35
tk06_extract_REnWr_20260924,2026-09-24 14:00:00,0016..0031,16,0.1165,62
tk06_extract_REnWr_20260924,2026-09-24 14:00:00,0032..0047,16,0.1385,70
tk06_extract_REnWr_20260924,2026-09-24 14:00:00,0048..0063,16,0.0854,48
tk06_extract_REnWr_20260924,2026-09-24 15:00:00,0000..0015,16,0.0782,43
tk06_extract_REnWr_20260924,2026-09-24 15:00:00,0016..0031,16,0.1539,93
tk06_extract_REnWr_20260924,2026-09-24 15:00:00,0032..0047,16,0.1308,76
tk06_extract_REnWr_20260924,2026-09-24 15:00:00,0048..0063,16,0.0681,31
tk06_extract_REnWr_20260924,2026-09-24 16:00:00,0000..0015,16,0.0673,35
tk06_extract_REnWr_20260924,2026-09-24 16:00:00,0016..0031,16,0.1011,60
tk06_extract_REnWr_20260924,2026-09-24 16:00:00,0032..0047,16,0.0796,39
tk06_extract_REnWr_20260924,2026-09-24 16:00:00,0048..0063,16,0.0728,42
tk06_extract_REnWr_20260924,2026-09-24 17:00:00,0000..0015,16,0.0592,27
tk06_extract_REnWr_20260924,2026-09-24 17:00:00,0016..0031,16,0.0747,39
tk06_extract_REnWr_20260924,2026-09-24 17:00:00,0032..0047,16,0.0593,27
tk06_extract_REnWr_20260924,2026-09-24 17:00:00,0048..0063,16,0.1002,56
tk06_extract_REnWr_20260924,2026-09-24 18:00:00,0000..0015,16,0.0713,38
tk06_extract_REnWr_20260924,2026-09-24 18:00:00,0016..0031,16,0.0622,34
tk06_extract_REnWr_20260924,2026-09-24 18:00:00,0032..0047,16,0.0748,40
tk06_extract_REnWr_20260924,2026-09-24 18:00:00,0048..0063,16,0.0938,53
tk06_extract_REnWr_20260924,2026-09-24 19:00:00,0000..0015,16,0.0456,19
tk06_extract_REnWr_20260924,2026-09-24 19:00:00,0016..0031,16,0.0489,25
tk06_extract_REnWr_20260924,2026-09-24 19:00:00,0032..0047,16,0.0602,32
tk06_extract_REnWr_20260924,2026-09-24 19:00:00,0048..0063,16,0.0739,41
tk06_extract_REnWr_20260924,2026-09-24 20:00:00,0000..0015,16,0.0612,29
tk06_extract_REnWr_20260924,2026-09-24 20:00:00,0016..0031,16,0.0465,22
tk06_extract_REnWr_20260924,2026-09-24 20:00:00,0032..0047,16,0.0392,17
tk06_extract_REnWr_20260924,2026-09-24 20:00:00,0048..0063,16,0.0565,29
tk06_extract_REnWr_20260924,2026-09-24 21:00:00,0000..0015,16,0.0529,25
tk06_extract_REnWr_20260924,2026-09-24 21:00:00,0016..0031,16,0.0384,17
tk06_extract_REnWr_20260924,2026-09-24 21:00:00,0032..0047,16,0.0406,17
tk06_extract_REnWr_20260924,2026-09-24 21:00:00,0048..0063,16,0.0585,22
tk06_extract_REnWr_20260924,2026-09-24 22:00:00,0000..0015,16,0.0368,13
tk06_extract_REnWr_20260924,2026-09-24 22:00:00,0016..0031,16,0.0318,11
tk06_extract_REnWr_20260924,2026-09-24 22:00:00,0032..0047,16,0.0307,11
tk06_extract_REnWr_20260924,2026-09-24 22:00:00,0048..0063,16,0.0257,8
tk06_extract_REnWr_20260924,2026-09-24 23:00:00,0000..0015,16,0.0662,34
tk06_extract_REnWr_20260924,2026-09-24 23:00:00,0016..0031,16,0.0457,20
tk06_extract_REnWr_20260924,2026-09-24 23:00:00,0032..0047,16,0.0409,18
tk06_extract_REnWr_20260924,2026-09-24 23:00:00,0048..0063,16,0.1136,53
tk06_extract_REnWr_20260924,2026-09-25 00:00:00,0000..0015,16,0.0454,18
tk06_extract_REnWr_20260924,2026-09-25 00:00:00,0016..0031,16,0.0484,22
tk06_extract_REnWr_20260924,2026-09-25 00:00:00,0032..0047,16,0.036,13
tk06_extract_REnWr_20260924,2026-09-25 00:00:00,0048..0063,16,0.0826,44
tk06_extract_REnWr_20260924,2026-09-25 01:00:00,0000..0015,16,0.0402,19
tk06_extract_REnWr_20260924,2026-09-25 01:00:00,0016..0031,16,0.0386,17
tk06_extract_REnWr_20260924,2026-09-25 01:00:00,0032..0047,16,0.0292,10
tk06_extract_REnWr_20260924,2026-09-25 01:00:00,0048..0063,16,0.0389,14
tk06_extract_REnWr_20260924,2026-09-25 02:00:00,0000..0015,16,0.0556,28
tk06_extract_REnWr_20260924,2026-09-25 02:00:00,0016..0031,16,0.0941,52
tk06_extract_REnWr_20260924,2026-09-25 02:00:00,0032..0047,16,0.0415,16
tk06_extract_REnWr_20260924,2026-09-25 02:00:00,0048..0063,16,0.1097,63
tk06_extract_REnWr_20260924,2026-09-25 03:00:00,0000..0015,16,0.0526,26
tk06_extract_REnWr_20260924,2026-09-25 03:00:00,0016..0031,16,0.0745,32
tk06_extract_REnWr_20260924,2026-09-25 03:00:00,0032..0047,16,0.0753,39
tk06_extract_REnWr_20260924,2026-09-25 03:00:00,0048..0063,16,0.0876,39
toolkit_tests/tk07_patrol_20260924,2026-09-24 04:00:00,0000..0015,16,0.5921,575
toolkit_tests/tk07_patrol_20260924,2026-09-24 04:00:00,0016..0031,16,0.6466,613
toolkit_tests/tk07_patrol_20260924,2026-09-24 04:00:00,0032..0047,16,0.5544,581
toolkit_tests/tk07_patrol_20260924,2026-09-24 04:00:00,0048..0063,16,0.7579,646
p7_stability_tk01_20260924,2026-09-24 04:00:00,0000..0015,16,0.1693,188
p7_stability_tk01_20260924,2026-09-24 04:00:00,0016..0031,16,0.1754,204
p7_stability_tk01_20260924,2026-09-24 04:00:00,0032..0047,16,0.1676,192
p7_stability_tk01_20260924,2026-09-24 04:00:00,0048..0063,16,0.217,204
p7_stability_tk02_20260924,2026-09-24 04:00:00,0000..0015,16,0.5238,42
p7_stability_tk02_20260924,2026-09-24 04:00:00,0016..0031,16,0.5481,40
p7_stability_tk02_20260924,2026-09-24 04:00:00,0032..0047,16,0.4933,38
p7_stability_tk02_20260924,2026-09-24 04:00:00,0048..0063,16,0.5842,42
