shard,ny_date,scene_id,feature_id,feature_name,n_rows
0000,2026-08-20,LKUS_login,feature_TLXI8MNiNglz,reCAPTCHA V3风险分,10
0000,2026-08-20,LKUS_push,feature_Fik6gvwY1tA6,手机号近1天的访问次数,13
0000,2026-08-20,LKUS_push,feature_TLXI8MNiNglz,reCAPTCHA V3风险分,1
0000,2026-08-20,LKUS_push,feature_JaT2oyzVtD0q,手机号近1分钟的访问次数,12
0000,2026-08-20,LKUS_push,feature_SdA1CjZvNCMG,区号近1分钟的访问次数,12
0000,2026-08-20,LKUS_push,feature_pf88qk27w76j,区号近5分钟的访问次数,12
0000,2026-08-20,LKUS_push,feature_TGPe0mjAPwR5,IP近60分钟关联的国家区号个数,12
0000,2026-08-20,LKUS_push,feature_UOJYBEifd5Jn,区号近60分钟的访问次数,12
0000,2026-08-20,LKUS_push,feature_53Ck9TgChpTW,IP近5分钟关联的手机号个数,12
0000,2026-08-20,LKUS_push,feature_lydpDiga6SB9,手机号近5分钟的访问次数,12
0000,2026-08-20,LKUS_push,feature_Wg4dZ6VJBuTb,IP近1分钟关联的手机号个数,12
0000,2026-08-20,LKUS_push,feature_r1bhlQnbfRHb,IP近60分钟关联的手机号个数,12
0000,2026-08-20,LKUS_push,feature_YkpmaKaJhcdG,区号近1天内的访问次数,12
0000,2026-08-20,LKUS_push,feature_7DbBgowc2mEl,IP近1分钟的访问次数,12
0000,2026-08-20,LKUS_physical_order_create,feature_oxYJ6qJ3BAfv,用户编号白名单,94
0000,2026-08-20,LKUS_physical_order_create,feature_vTICzBPfD3Ds,ip C段白名单,94
0000,2026-08-20,LKUS_physical_order_create,feature_P5eYl9a699fA,ip白名单,94
0000,2026-08-20,LKUS_physical_order_create,feature_yo8MLsBsGIsV,三方unionId白名单,94
0000,2026-08-20,LKUS_physical_order_create,feature_kqtp6XVcXXiQ,手机号白名单,94
0000,2026-08-20,LKUS_physical_order_create,feature_5caBWmAHDcCQ,邮箱白名单,94
0000,2026-08-20,LKUS_physical_order_create,feature_K0JuGvXPoQsS,网关uid白名单,94
0000,2026-08-20,LKUS_physical_order_create,feature_3CSh3LRVobu7,手机号黑名单,79
0000,2026-08-20,LKUS_physical_order_create,feature_jkeS0N10RDAn,网关uid黑名单,79
0000,2026-08-20,LKUS_physical_order_create,feature_7qCVo92BIECU,三方unionId黑名单,79
0000,2026-08-20,LKUS_physical_order_create,feature_9tl8mW2Gembc,邮箱黑名单,79
0000,2026-08-20,LKUS_physical_order_create,feature_XtxCPW1x9QTU,ip C段黑名单,79
0000,2026-08-20,LKUS_physical_order_create,feature_g43LuQcahzCJ,用户编号黑名单,79
0000,2026-08-20,LKUS_physical_order_create,feature_cOkhRQVI91IV,ip黑名单,79
0000,2026-08-20,LKUS_physical_order_create,feature_MHv7nra5Z6T5,reCAPTCHA V3 token是否有效,42
0000,2026-08-20,LKUS_payment,feature_vTICzBPfD3Ds,ip C段白名单,96
0000,2026-08-20,LKUS_payment,feature_oxYJ6qJ3BAfv,用户编号白名单,96
0000,2026-08-20,LKUS_payment,feature_P5eYl9a699fA,ip白名单,96
0000,2026-08-20,LKUS_payment,feature_yo8MLsBsGIsV,三方unionId白名单,96
0000,2026-08-20,LKUS_payment,feature_kqtp6XVcXXiQ,手机号白名单,96
0000,2026-08-20,LKUS_payment,feature_K0JuGvXPoQsS,网关uid白名单,96
0000,2026-08-20,LKUS_payment,feature_5caBWmAHDcCQ,邮箱白名单,96
0000,2026-08-20,LKUS_payment,feature_3CSh3LRVobu7,手机号黑名单,81
0000,2026-08-20,LKUS_payment,feature_jkeS0N10RDAn,网关uid黑名单,81
0000,2026-08-20,LKUS_payment,feature_7qCVo92BIECU,三方unionId黑名单,81
0000,2026-08-20,LKUS_payment,feature_9tl8mW2Gembc,邮箱黑名单,81
0000,2026-08-20,LKUS_payment,feature_g43LuQcahzCJ,用户编号黑名单,81
0000,2026-08-20,LKUS_payment,feature_XtxCPW1x9QTU,ip C段黑名单,81
0000,2026-08-20,LKUS_payment,feature_cOkhRQVI91IV,ip黑名单,81
0000,2026-08-20,LKUS_payment,feature_TLXI8MNiNglz,reCAPTCHA V3风险分,33
0000,2026-08-20,LKUS_payment,feature_MHv7nra5Z6T5,reCAPTCHA V3 token是否有效,48
0000,2026-08-20,LKUS_physical_order_create,feature_TLXI8MNiNglz,reCAPTCHA V3风险分,37
0000,2026-08-20,LKUS_push,feature_vTICzBPfD3Ds,ip C段白名单,12
0000,2026-08-20,LKUS_push,feature_oxYJ6qJ3BAfv,用户编号白名单,12
0000,2026-08-20,LKUS_push,feature_P5eYl9a699fA,ip白名单,12
0000,2026-08-20,LKUS_push,feature_yo8MLsBsGIsV,三方unionId白名单,12
0000,2026-08-20,LKUS_push,feature_kqtp6XVcXXiQ,手机号白名单,12
0000,2026-08-20,LKUS_push,feature_K0JuGvXPoQsS,网关uid白名单,12
0000,2026-08-20,LKUS_push,feature_5caBWmAHDcCQ,邮箱白名单,12
0000,2026-08-20,LKUS_push,feature_3CSh3LRVobu7,手机号黑名单,11
0000,2026-08-20,LKUS_push,feature_jkeS0N10RDAn,网关uid黑名单,11
0000,2026-08-20,LKUS_push,feature_7qCVo92BIECU,三方unionId黑名单,11
0000,2026-08-20,LKUS_push,feature_9tl8mW2Gembc,邮箱黑名单,11
0000,2026-08-20,LKUS_push,feature_g43LuQcahzCJ,用户编号黑名单,11
0000,2026-08-20,LKUS_push,feature_XtxCPW1x9QTU,ip C段黑名单,11
0000,2026-08-20,LKUS_push,feature_cOkhRQVI91IV,ip黑名单,11
0000,2026-08-20,LKUS_push,feature_MHv7nra5Z6T5,reCAPTCHA V3 token是否有效,11
0000,2026-08-20,LKUS_login,feature_vTICzBPfD3Ds,ip C段白名单,15
0000,2026-08-20,LKUS_login,feature_oxYJ6qJ3BAfv,用户编号白名单,15
0000,2026-08-20,LKUS_login,feature_P5eYl9a699fA,ip白名单,15
0000,2026-08-20,LKUS_login,feature_yo8MLsBsGIsV,三方unionId白名单,15
0000,2026-08-20,LKUS_login,feature_kqtp6XVcXXiQ,手机号白名单,15
0000,2026-08-20,LKUS_login,feature_K0JuGvXPoQsS,网关uid白名单,15
0000,2026-08-20,LKUS_login,feature_5caBWmAHDcCQ,邮箱白名单,15
0000,2026-08-20,LKUS_login,feature_3CSh3LRVobu7,手机号黑名单,14
0000,2026-08-20,LKUS_login,feature_jkeS0N10RDAn,网关uid黑名单,14
0000,2026-08-20,LKUS_login,feature_7qCVo92BIECU,三方unionId黑名单,14
0000,2026-08-20,LKUS_login,feature_9tl8mW2Gembc,邮箱黑名单,14
0000,2026-08-20,LKUS_login,feature_g43LuQcahzCJ,用户编号黑名单,14
0000,2026-08-20,LKUS_login,feature_XtxCPW1x9QTU,ip C段黑名单,14
0000,2026-08-20,LKUS_login,feature_cOkhRQVI91IV,ip黑名单,14
0000,2026-08-20,LKUS_login,feature_MHv7nra5Z6T5,reCAPTCHA V3 token是否有效,5
0000,2026-08-20,LKUS_grant_new_user_coupon,feature_vTICzBPfD3Ds,ip C段白名单,7
0000,2026-08-20,LKUS_grant_new_user_coupon,feature_oxYJ6qJ3BAfv,用户编号白名单,7
0000,2026-08-20,LKUS_grant_new_user_coupon,feature_P5eYl9a699fA,ip白名单,7
0000,2026-08-20,LKUS_grant_new_user_coupon,feature_yo8MLsBsGIsV,三方unionId白名单,7
0000,2026-08-20,LKUS_grant_new_user_coupon,feature_kqtp6XVcXXiQ,手机号白名单,7
0000,2026-08-20,LKUS_grant_new_user_coupon,feature_K0JuGvXPoQsS,网关uid白名单,7
0000,2026-08-20,LKUS_grant_new_user_coupon,feature_5caBWmAHDcCQ,邮箱白名单,7
0000,2026-08-20,LKUS_grant_new_user_coupon,feature_3CSh3LRVobu7,手机号黑名单,7
0000,2026-08-20,LKUS_grant_new_user_coupon,feature_jkeS0N10RDAn,网关uid黑名单,7
0000,2026-08-20,LKUS_grant_new_user_coupon,feature_7qCVo92BIECU,三方unionId黑名单,7
0000,2026-08-20,LKUS_grant_new_user_coupon,feature_9tl8mW2Gembc,邮箱黑名单,7
0000,2026-08-20,LKUS_grant_new_user_coupon,feature_g43LuQcahzCJ,用户编号黑名单,7
0000,2026-08-20,LKUS_grant_new_user_coupon,feature_XtxCPW1x9QTU,ip C段黑名单,7
0000,2026-08-20,LKUS_grant_new_user_coupon,feature_cOkhRQVI91IV,ip黑名单,7
0000,2026-08-20,LKUS_register,feature_vTICzBPfD3Ds,ip C段白名单,6
0000,2026-08-20,LKUS_register,feature_oxYJ6qJ3BAfv,用户编号白名单,6
0000,2026-08-20,LKUS_register,feature_P5eYl9a699fA,ip白名单,6
0000,2026-08-20,LKUS_register,feature_yo8MLsBsGIsV,三方unionId白名单,6
0000,2026-08-20,LKUS_register,feature_kqtp6XVcXXiQ,手机号白名单,6
0000,2026-08-20,LKUS_register,feature_K0JuGvXPoQsS,网关uid白名单,6
0000,2026-08-20,LKUS_register,feature_5caBWmAHDcCQ,邮箱白名单,6
0000,2026-08-20,LKUS_register,feature_3CSh3LRVobu7,手机号黑名单,6
0000,2026-08-20,LKUS_register,feature_jkeS0N10RDAn,网关uid黑名单,6
0000,2026-08-20,LKUS_register,feature_7qCVo92BIECU,三方unionId黑名单,6
0000,2026-08-20,LKUS_register,feature_9tl8mW2Gembc,邮箱黑名单,6
0000,2026-08-20,LKUS_register,feature_g43LuQcahzCJ,用户编号黑名单,6
0000,2026-08-20,LKUS_register,feature_XtxCPW1x9QTU,ip C段黑名单,6
0000,2026-08-20,LKUS_register,feature_cOkhRQVI91IV,ip黑名单,6
0000,2026-08-20,LKUS_physical_order_cancel,feature_oxYJ6qJ3BAfv,用户编号白名单,1
0000,2026-08-20,LKUS_physical_order_cancel,feature_vTICzBPfD3Ds,ip C段白名单,1
0000,2026-08-20,LKUS_physical_order_cancel,feature_P5eYl9a699fA,ip白名单,1
0000,2026-08-20,LKUS_physical_order_cancel,feature_yo8MLsBsGIsV,三方unionId白名单,1
0000,2026-08-20,LKUS_physical_order_cancel,feature_kqtp6XVcXXiQ,手机号白名单,1
0000,2026-08-20,LKUS_physical_order_cancel,feature_5caBWmAHDcCQ,邮箱白名单,1
0000,2026-08-20,LKUS_physical_order_cancel,feature_K0JuGvXPoQsS,网关uid白名单,1
0000,2026-08-20,LKUS_physical_order_cancel,feature_3CSh3LRVobu7,手机号黑名单,1
0000,2026-08-20,LKUS_physical_order_cancel,feature_jkeS0N10RDAn,网关uid黑名单,1
0000,2026-08-20,LKUS_physical_order_cancel,feature_7qCVo92BIECU,三方unionId黑名单,1
0000,2026-08-20,LKUS_physical_order_cancel,feature_9tl8mW2Gembc,邮箱黑名单,1
0000,2026-08-20,LKUS_physical_order_cancel,feature_XtxCPW1x9QTU,ip C段黑名单,1
0000,2026-08-20,LKUS_physical_order_cancel,feature_g43LuQcahzCJ,用户编号黑名单,1
0000,2026-08-20,LKUS_physical_order_cancel,feature_cOkhRQVI91IV,ip黑名单,1
0000,2026-08-21,LKUS_push,feature_vTICzBPfD3Ds,ip C段白名单,20
0000,2026-08-21,LKUS_push,feature_oxYJ6qJ3BAfv,用户编号白名单,20
0000,2026-08-21,LKUS_push,feature_P5eYl9a699fA,ip白名单,20
0000,2026-08-21,LKUS_push,feature_yo8MLsBsGIsV,三方unionId白名单,20
0000,2026-08-21,LKUS_push,feature_kqtp6XVcXXiQ,手机号白名单,20
0000,2026-08-21,LKUS_push,feature_K0JuGvXPoQsS,网关uid白名单,20
0000,2026-08-21,LKUS_push,feature_5caBWmAHDcCQ,邮箱白名单,20
0000,2026-08-21,LKUS_push,feature_Fik6gvwY1tA6,手机号近1天的访问次数,20
0000,2026-08-21,LKUS_push,feature_3CSh3LRVobu7,手机号黑名单,18
0000,2026-08-21,LKUS_push,feature_jkeS0N10RDAn,网关uid黑名单,18
0000,2026-08-21,LKUS_push,feature_7qCVo92BIECU,三方unionId黑名单,18
0000,2026-08-21,LKUS_push,feature_9tl8mW2Gembc,邮箱黑名单,18
0000,2026-08-21,LKUS_push,feature_g43LuQcahzCJ,用户编号黑名单,18
0000,2026-08-21,LKUS_push,feature_XtxCPW1x9QTU,ip C段黑名单,18
0000,2026-08-21,LKUS_push,feature_cOkhRQVI91IV,ip黑名单,18
0000,2026-08-21,LKUS_push,feature_r1bhlQnbfRHb,IP近60分钟关联的手机号个数,18
0000,2026-08-21,LKUS_push,feature_pf88qk27w76j,区号近5分钟的访问次数,18
0000,2026-08-21,LKUS_push,feature_lydpDiga6SB9,手机号近5分钟的访问次数,18
0000,2026-08-21,LKUS_push,feature_UOJYBEifd5Jn,区号近60分钟的访问次数,18
0000,2026-08-21,LKUS_push,feature_MHv7nra5Z6T5,reCAPTCHA V3 token是否有效,18
0000,2026-08-21,LKUS_push,feature_53Ck9TgChpTW,IP近5分钟关联的手机号个数,18
0000,2026-08-21,LKUS_push,feature_TGPe0mjAPwR5,IP近60分钟关联的国家区号个数,18
0000,2026-08-21,LKUS_push,feature_Wg4dZ6VJBuTb,IP近1分钟关联的手机号个数,18
0000,2026-08-21,LKUS_push,feature_SdA1CjZvNCMG,区号近1分钟的访问次数,18
0000,2026-08-21,LKUS_push,feature_JaT2oyzVtD0q,手机号近1分钟的访问次数,18
0000,2026-08-21,LKUS_push,feature_YkpmaKaJhcdG,区号近1天内的访问次数,18
0000,2026-08-21,LKUS_push,feature_7DbBgowc2mEl,IP近1分钟的访问次数,18
0000,2026-08-21,LKUS_register,feature_vTICzBPfD3Ds,ip C段白名单,9
0000,2026-08-21,LKUS_register,feature_oxYJ6qJ3BAfv,用户编号白名单,9
0000,2026-08-21,LKUS_register,feature_P5eYl9a699fA,ip白名单,9
0000,2026-08-21,LKUS_register,feature_yo8MLsBsGIsV,三方unionId白名单,9
0000,2026-08-21,LKUS_register,feature_kqtp6XVcXXiQ,手机号白名单,9
0000,2026-08-21,LKUS_register,feature_K0JuGvXPoQsS,网关uid白名单,9
0000,2026-08-21,LKUS_register,feature_5caBWmAHDcCQ,邮箱白名单,9
0000,2026-08-21,LKUS_register,feature_3CSh3LRVobu7,手机号黑名单,8
0000,2026-08-21,LKUS_register,feature_jkeS0N10RDAn,网关uid黑名单,8
0000,2026-08-21,LKUS_register,feature_7qCVo92BIECU,三方unionId黑名单,8
0000,2026-08-21,LKUS_register,feature_9tl8mW2Gembc,邮箱黑名单,8
0000,2026-08-21,LKUS_register,feature_g43LuQcahzCJ,用户编号黑名单,8
0000,2026-08-21,LKUS_register,feature_XtxCPW1x9QTU,ip C段黑名单,8
0000,2026-08-21,LKUS_register,feature_cOkhRQVI91IV,ip黑名单,8
0000,2026-08-21,LKUS_physical_order_create,feature_vTICzBPfD3Ds,ip C段白名单,82
0000,2026-08-21,LKUS_physical_order_create,feature_oxYJ6qJ3BAfv,用户编号白名单,82
0000,2026-08-21,LKUS_physical_order_create,feature_P5eYl9a699fA,ip白名单,82
0000,2026-08-21,LKUS_physical_order_create,feature_yo8MLsBsGIsV,三方unionId白名单,82
0000,2026-08-21,LKUS_physical_order_create,feature_kqtp6XVcXXiQ,手机号白名单,82
0000,2026-08-21,LKUS_physical_order_create,feature_K0JuGvXPoQsS,网关uid白名单,82
0000,2026-08-21,LKUS_physical_order_create,feature_5caBWmAHDcCQ,邮箱白名单,82
0000,2026-08-21,LKUS_physical_order_create,feature_3CSh3LRVobu7,手机号黑名单,71
0000,2026-08-21,LKUS_physical_order_create,feature_jkeS0N10RDAn,网关uid黑名单,71
0000,2026-08-21,LKUS_physical_order_create,feature_7qCVo92BIECU,三方unionId黑名单,71
0000,2026-08-21,LKUS_physical_order_create,feature_9tl8mW2Gembc,邮箱黑名单,71
0000,2026-08-21,LKUS_physical_order_create,feature_g43LuQcahzCJ,用户编号黑名单,71
0000,2026-08-21,LKUS_physical_order_create,feature_XtxCPW1x9QTU,ip C段黑名单,71
0000,2026-08-21,LKUS_physical_order_create,feature_cOkhRQVI91IV,ip黑名单,71
0000,2026-08-21,LKUS_physical_order_create,feature_TLXI8MNiNglz,reCAPTCHA V3风险分,39
0000,2026-08-21,LKUS_payment,feature_oxYJ6qJ3BAfv,用户编号白名单,84
0000,2026-08-21,LKUS_payment,feature_vTICzBPfD3Ds,ip C段白名单,84
0000,2026-08-21,LKUS_payment,feature_P5eYl9a699fA,ip白名单,84
0000,2026-08-21,LKUS_payment,feature_yo8MLsBsGIsV,三方unionId白名单,84
0000,2026-08-21,LKUS_payment,feature_kqtp6XVcXXiQ,手机号白名单,84
0000,2026-08-21,LKUS_payment,feature_5caBWmAHDcCQ,邮箱白名单,84
0000,2026-08-21,LKUS_payment,feature_K0JuGvXPoQsS,网关uid白名单,84
0000,2026-08-21,LKUS_payment,feature_3CSh3LRVobu7,手机号黑名单,73
0000,2026-08-21,LKUS_payment,feature_jkeS0N10RDAn,网关uid黑名单,73
0000,2026-08-21,LKUS_payment,feature_7qCVo92BIECU,三方unionId黑名单,73
0000,2026-08-21,LKUS_payment,feature_9tl8mW2Gembc,邮箱黑名单,73
0000,2026-08-21,LKUS_payment,feature_XtxCPW1x9QTU,ip C段黑名单,73
0000,2026-08-21,LKUS_payment,feature_g43LuQcahzCJ,用户编号黑名单,73
0000,2026-08-21,LKUS_payment,feature_cOkhRQVI91IV,ip黑名单,73
0000,2026-08-21,LKUS_payment,feature_MHv7nra5Z6T5,reCAPTCHA V3 token是否有效,39
0000,2026-08-21,LKUS_payment,feature_TLXI8MNiNglz,reCAPTCHA V3风险分,34
0000,2026-08-21,LKUS_physical_order_create,feature_MHv7nra5Z6T5,reCAPTCHA V3 token是否有效,32
0000,2026-08-21,LKUS_login,feature_oxYJ6qJ3BAfv,用户编号白名单,22
0000,2026-08-21,LKUS_login,feature_vTICzBPfD3Ds,ip C段白名单,22
0000,2026-08-21,LKUS_login,feature_P5eYl9a699fA,ip白名单,22
0000,2026-08-21,LKUS_login,feature_yo8MLsBsGIsV,三方unionId白名单,22
0000,2026-08-21,LKUS_login,feature_kqtp6XVcXXiQ,手机号白名单,22
0000,2026-08-21,LKUS_login,feature_5caBWmAHDcCQ,邮箱白名单,22
0000,2026-08-21,LKUS_login,feature_K0JuGvXPoQsS,网关uid白名单,22
0000,2026-08-21,LKUS_login,feature_3CSh3LRVobu7,手机号黑名单,21
0000,2026-08-21,LKUS_login,feature_jkeS0N10RDAn,网关uid黑名单,21
0000,2026-08-21,LKUS_login,feature_7qCVo92BIECU,三方unionId黑名单,21
0000,2026-08-21,LKUS_login,feature_9tl8mW2Gembc,邮箱黑名单,21
0000,2026-08-21,LKUS_login,feature_XtxCPW1x9QTU,ip C段黑名单,21
0000,2026-08-21,LKUS_login,feature_g43LuQcahzCJ,用户编号黑名单,21
0000,2026-08-21,LKUS_login,feature_cOkhRQVI91IV,ip黑名单,21
0000,2026-08-21,LKUS_login,feature_MHv7nra5Z6T5,reCAPTCHA V3 token是否有效,13
0000,2026-08-21,LKUS_grant_new_user_coupon,feature_oxYJ6qJ3BAfv,用户编号白名单,13
0000,2026-08-21,LKUS_grant_new_user_coupon,feature_vTICzBPfD3Ds,ip C段白名单,13
0000,2026-08-21,LKUS_grant_new_user_coupon,feature_P5eYl9a699fA,ip白名单,13
0000,2026-08-21,LKUS_grant_new_user_coupon,feature_yo8MLsBsGIsV,三方unionId白名单,13
0000,2026-08-21,LKUS_grant_new_user_coupon,feature_kqtp6XVcXXiQ,手机号白名单,13
0000,2026-08-21,LKUS_grant_new_user_coupon,feature_5caBWmAHDcCQ,邮箱白名单,13
0000,2026-08-21,LKUS_grant_new_user_coupon,feature_K0JuGvXPoQsS,网关uid白名单,13
0000,2026-08-21,LKUS_grant_new_user_coupon,feature_3CSh3LRVobu7,手机号黑名单,13
0000,2026-08-21,LKUS_grant_new_user_coupon,feature_jkeS0N10RDAn,网关uid黑名单,13
0000,2026-08-21,LKUS_grant_new_user_coupon,feature_7qCVo92BIECU,三方unionId黑名单,13
0000,2026-08-21,LKUS_grant_new_user_coupon,feature_9tl8mW2Gembc,邮箱黑名单,13
0000,2026-08-21,LKUS_grant_new_user_coupon,feature_XtxCPW1x9QTU,ip C段黑名单,13
0000,2026-08-21,LKUS_grant_new_user_coupon,feature_g43LuQcahzCJ,用户编号黑名单,13
0000,2026-08-21,LKUS_grant_new_user_coupon,feature_cOkhRQVI91IV,ip黑名单,13
0000,2026-08-21,LKUS_login,feature_TLXI8MNiNglz,reCAPTCHA V3风险分,8
0000,2026-08-21,LKUS_physical_order_cancel,feature_oxYJ6qJ3BAfv,用户编号白名单,1
0000,2026-08-21,LKUS_physical_order_cancel,feature_vTICzBPfD3Ds,ip C段白名单,1
0000,2026-08-21,LKUS_physical_order_cancel,feature_P5eYl9a699fA,ip白名单,1
0000,2026-08-21,LKUS_physical_order_cancel,feature_yo8MLsBsGIsV,三方unionId白名单,1
0000,2026-08-21,LKUS_physical_order_cancel,feature_kqtp6XVcXXiQ,手机号白名单,1
0000,2026-08-21,LKUS_physical_order_cancel,feature_5caBWmAHDcCQ,邮箱白名单,1
0000,2026-08-21,LKUS_physical_order_cancel,feature_K0JuGvXPoQsS,网关uid白名单,1
0000,2026-08-21,LKUS_physical_order_cancel,feature_3CSh3LRVobu7,手机号黑名单,1
0000,2026-08-21,LKUS_physical_order_cancel,feature_jkeS0N10RDAn,网关uid黑名单,1
0000,2026-08-21,LKUS_physical_order_cancel,feature_7qCVo92BIECU,三方unionId黑名单,1
0000,2026-08-21,LKUS_physical_order_cancel,feature_9tl8mW2Gembc,邮箱黑名单,1
0000,2026-08-21,LKUS_physical_order_cancel,feature_XtxCPW1x9QTU,ip C段黑名单,1
0000,2026-08-21,LKUS_physical_order_cancel,feature_g43LuQcahzCJ,用户编号黑名单,1
0000,2026-08-21,LKUS_physical_order_cancel,feature_cOkhRQVI91IV,ip黑名单,1
0000,2026-08-22,LKUS_login,feature_oxYJ6qJ3BAfv,用户编号白名单,17
0000,2026-08-22,LKUS_login,feature_vTICzBPfD3Ds,ip C段白名单,17
0000,2026-08-22,LKUS_login,feature_P5eYl9a699fA,ip白名单,17
0000,2026-08-22,LKUS_login,feature_yo8MLsBsGIsV,三方unionId白名单,17
0000,2026-08-22,LKUS_login,feature_kqtp6XVcXXiQ,手机号白名单,17
0000,2026-08-22,LKUS_login,feature_5caBWmAHDcCQ,邮箱白名单,17
0000,2026-08-22,LKUS_login,feature_K0JuGvXPoQsS,网关uid白名单,17
0000,2026-08-22,LKUS_login,feature_3CSh3LRVobu7,手机号黑名单,16
0000,2026-08-22,LKUS_login,feature_jkeS0N10RDAn,网关uid黑名单,16
0000,2026-08-22,LKUS_login,feature_7qCVo92BIECU,三方unionId黑名单,16
0000,2026-08-22,LKUS_login,feature_9tl8mW2Gembc,邮箱黑名单,16
0000,2026-08-22,LKUS_login,feature_XtxCPW1x9QTU,ip C段黑名单,16
0000,2026-08-22,LKUS_login,feature_g43LuQcahzCJ,用户编号黑名单,16
0000,2026-08-22,LKUS_login,feature_cOkhRQVI91IV,ip黑名单,16
0000,2026-08-22,LKUS_login,feature_MHv7nra5Z6T5,reCAPTCHA V3 token是否有效,8
0000,2026-08-22,LKUS_push,feature_oxYJ6qJ3BAfv,用户编号白名单,15
0000,2026-08-22,LKUS_push,feature_vTICzBPfD3Ds,ip C段白名单,15
0000,2026-08-22,LKUS_push,feature_P5eYl9a699fA,ip白名单,15
0000,2026-08-22,LKUS_push,feature_yo8MLsBsGIsV,三方unionId白名单,15
0000,2026-08-22,LKUS_push,feature_kqtp6XVcXXiQ,手机号白名单,15
0000,2026-08-22,LKUS_push,feature_5caBWmAHDcCQ,邮箱白名单,15
0000,2026-08-22,LKUS_push,feature_K0JuGvXPoQsS,网关uid白名单,15
0000,2026-08-22,LKUS_push,feature_Fik6gvwY1tA6,手机号近1天的访问次数,15
0000,2026-08-22,LKUS_push,feature_3CSh3LRVobu7,手机号黑名单,15
0000,2026-08-22,LKUS_push,feature_jkeS0N10RDAn,网关uid黑名单,15
0000,2026-08-22,LKUS_push,feature_7qCVo92BIECU,三方unionId黑名单,15
0000,2026-08-22,LKUS_push,feature_9tl8mW2Gembc,邮箱黑名单,15
0000,2026-08-22,LKUS_push,feature_XtxCPW1x9QTU,ip C段黑名单,15
0000,2026-08-22,LKUS_push,feature_g43LuQcahzCJ,用户编号黑名单,15
0000,2026-08-22,LKUS_push,feature_cOkhRQVI91IV,ip黑名单,15
0000,2026-08-22,LKUS_push,feature_lydpDiga6SB9,手机号近5分钟的访问次数,15
0000,2026-08-22,LKUS_push,feature_MHv7nra5Z6T5,reCAPTCHA V3 token是否有效,15
0000,2026-08-22,LKUS_push,feature_UOJYBEifd5Jn,区号近60分钟的访问次数,15
0000,2026-08-22,LKUS_push,feature_Wg4dZ6VJBuTb,IP近1分钟关联的手机号个数,15
0000,2026-08-22,LKUS_push,feature_r1bhlQnbfRHb,IP近60分钟关联的手机号个数,15
0000,2026-08-22,LKUS_push,feature_YkpmaKaJhcdG,区号近1天内的访问次数,15
0000,2026-08-22,LKUS_push,feature_7DbBgowc2mEl,IP近1分钟的访问次数,15
0000,2026-08-22,LKUS_push,feature_JaT2oyzVtD0q,手机号近1分钟的访问次数,15
0000,2026-08-22,LKUS_push,feature_TGPe0mjAPwR5,IP近60分钟关联的国家区号个数,15
0000,2026-08-22,LKUS_push,feature_pf88qk27w76j,区号近5分钟的访问次数,15
0000,2026-08-22,LKUS_push,feature_SdA1CjZvNCMG,区号近1分钟的访问次数,15
0000,2026-08-22,LKUS_push,feature_53Ck9TgChpTW,IP近5分钟关联的手机号个数,15
0000,2026-08-22,LKUS_register,feature_vTICzBPfD3Ds,ip C段白名单,6
0000,2026-08-22,LKUS_register,feature_oxYJ6qJ3BAfv,用户编号白名单,6
0000,2026-08-22,LKUS_register,feature_P5eYl9a699fA,ip白名单,6
0000,2026-08-22,LKUS_register,feature_yo8MLsBsGIsV,三方unionId白名单,6
0000,2026-08-22,LKUS_register,feature_kqtp6XVcXXiQ,手机号白名单,6
0000,2026-08-22,LKUS_register,feature_K0JuGvXPoQsS,网关uid白名单,6
0000,2026-08-22,LKUS_register,feature_5caBWmAHDcCQ,邮箱白名单,6
0000,2026-08-22,LKUS_register,feature_3CSh3LRVobu7,手机号黑名单,6
0000,2026-08-22,LKUS_register,feature_jkeS0N10RDAn,网关uid黑名单,6
0000,2026-08-22,LKUS_register,feature_7qCVo92BIECU,三方unionId黑名单,6
0000,2026-08-22,LKUS_register,feature_9tl8mW2Gembc,邮箱黑名单,6
0000,2026-08-22,LKUS_register,feature_g43LuQcahzCJ,用户编号黑名单,6
0000,2026-08-22,LKUS_register,feature_XtxCPW1x9QTU,ip C段黑名单,6
0000,2026-08-22,LKUS_register,feature_cOkhRQVI91IV,ip黑名单,6
0000,2026-08-22,LKUS_login,feature_TLXI8MNiNglz,reCAPTCHA V3风险分,8
0000,2026-08-22,LKUS_grant_new_user_coupon,feature_vTICzBPfD3Ds,ip C段白名单,10
0000,2026-08-22,LKUS_grant_new_user_coupon,feature_oxYJ6qJ3BAfv,用户编号白名单,10
0000,2026-08-22,LKUS_grant_new_user_coupon,feature_P5eYl9a699fA,ip白名单,10
0000,2026-08-22,LKUS_grant_new_user_coupon,feature_yo8MLsBsGIsV,三方unionId白名单,10
0000,2026-08-22,LKUS_grant_new_user_coupon,feature_kqtp6XVcXXiQ,手机号白名单,10
0000,2026-08-22,LKUS_grant_new_user_coupon,feature_K0JuGvXPoQsS,网关uid白名单,10
0000,2026-08-22,LKUS_grant_new_user_coupon,feature_5caBWmAHDcCQ,邮箱白名单,10
0000,2026-08-22,LKUS_grant_new_user_coupon,feature_3CSh3LRVobu7,手机号黑名单,10
0000,2026-08-22,LKUS_grant_new_user_coupon,feature_jkeS0N10RDAn,网关uid黑名单,10
0000,2026-08-22,LKUS_grant_new_user_coupon,feature_7qCVo92BIECU,三方unionId黑名单,10
0000,2026-08-22,LKUS_grant_new_user_coupon,feature_9tl8mW2Gembc,邮箱黑名单,10
0000,2026-08-22,LKUS_grant_new_user_coupon,feature_g43LuQcahzCJ,用户编号黑名单,10
0000,2026-08-22,LKUS_grant_new_user_coupon,feature_XtxCPW1x9QTU,ip C段黑名单,10
0000,2026-08-22,LKUS_grant_new_user_coupon,feature_cOkhRQVI91IV,ip黑名单,10
0000,2026-08-22,LKUS_physical_order_create,feature_vTICzBPfD3Ds,ip C段白名单,71
0000,2026-08-22,LKUS_physical_order_create,feature_oxYJ6qJ3BAfv,用户编号白名单,71
0000,2026-08-22,LKUS_physical_order_create,feature_P5eYl9a699fA,ip白名单,71
0000,2026-08-22,LKUS_physical_order_create,feature_yo8MLsBsGIsV,三方unionId白名单,71
0000,2026-08-22,LKUS_physical_order_create,feature_kqtp6XVcXXiQ,手机号白名单,71
0000,2026-08-22,LKUS_physical_order_create,feature_K0JuGvXPoQsS,网关uid白名单,71
0000,2026-08-22,LKUS_physical_order_create,feature_5caBWmAHDcCQ,邮箱白名单,71
0000,2026-08-22,LKUS_payment,feature_vTICzBPfD3Ds,ip C段白名单,70
0000,2026-08-22,LKUS_payment,feature_oxYJ6qJ3BAfv,用户编号白名单,70
0000,2026-08-22,LKUS_payment,feature_P5eYl9a699fA,ip白名单,70
0000,2026-08-22,LKUS_payment,feature_yo8MLsBsGIsV,三方unionId白名单,70
0000,2026-08-22,LKUS_payment,feature_kqtp6XVcXXiQ,手机号白名单,70
0000,2026-08-22,LKUS_payment,feature_K0JuGvXPoQsS,网关uid白名单,70
0000,2026-08-22,LKUS_payment,feature_5caBWmAHDcCQ,邮箱白名单,70
0000,2026-08-22,LKUS_physical_order_create,feature_3CSh3LRVobu7,手机号黑名单,60
0000,2026-08-22,LKUS_physical_order_create,feature_jkeS0N10RDAn,网关uid黑名单,60
0000,2026-08-22,LKUS_physical_order_create,feature_7qCVo92BIECU,三方unionId黑名单,60
0000,2026-08-22,LKUS_physical_order_create,feature_9tl8mW2Gembc,邮箱黑名单,60
0000,2026-08-22,LKUS_physical_order_create,feature_g43LuQcahzCJ,用户编号黑名单,60
0000,2026-08-22,LKUS_physical_order_create,feature_XtxCPW1x9QTU,ip C段黑名单,60
0000,2026-08-22,LKUS_physical_order_create,feature_cOkhRQVI91IV,ip黑名单,60
0000,2026-08-22,LKUS_physical_order_create,feature_TLXI8MNiNglz,reCAPTCHA V3风险分,30
0000,2026-08-22,LKUS_payment,feature_3CSh3LRVobu7,手机号黑名单,59
0000,2026-08-22,LKUS_payment,feature_jkeS0N10RDAn,网关uid黑名单,59
0000,2026-08-22,LKUS_payment,feature_7qCVo92BIECU,三方unionId黑名单,59
0000,2026-08-22,LKUS_payment,feature_9tl8mW2Gembc,邮箱黑名单,59
0000,2026-08-22,LKUS_payment,feature_XtxCPW1x9QTU,ip C段黑名单,59
0000,2026-08-22,LKUS_payment,feature_g43LuQcahzCJ,用户编号黑名单,59
0000,2026-08-22,LKUS_payment,feature_cOkhRQVI91IV,ip黑名单,59
0000,2026-08-22,LKUS_payment,feature_MHv7nra5Z6T5,reCAPTCHA V3 token是否有效,31
0000,2026-08-22,LKUS_payment,feature_TLXI8MNiNglz,reCAPTCHA V3风险分,28
0000,2026-08-22,LKUS_physical_order_create,feature_MHv7nra5Z6T5,reCAPTCHA V3 token是否有效,30
0000,2026-08-23,LKUS_push,feature_vTICzBPfD3Ds,ip C段白名单,23
0000,2026-08-23,LKUS_push,feature_oxYJ6qJ3BAfv,用户编号白名单,23
0000,2026-08-23,LKUS_push,feature_P5eYl9a699fA,ip白名单,23
0000,2026-08-23,LKUS_push,feature_yo8MLsBsGIsV,三方unionId白名单,23
0000,2026-08-23,LKUS_push,feature_kqtp6XVcXXiQ,手机号白名单,23
0000,2026-08-23,LKUS_push,feature_K0JuGvXPoQsS,网关uid白名单,23
0000,2026-08-23,LKUS_push,feature_5caBWmAHDcCQ,邮箱白名单,23
0000,2026-08-23,LKUS_push,feature_Fik6gvwY1tA6,手机号近1天的访问次数,23
0000,2026-08-23,LKUS_push,feature_3CSh3LRVobu7,手机号黑名单,21
0000,2026-08-23,LKUS_push,feature_jkeS0N10RDAn,网关uid黑名单,21
0000,2026-08-23,LKUS_push,feature_7qCVo92BIECU,三方unionId黑名单,21
0000,2026-08-23,LKUS_push,feature_9tl8mW2Gembc,邮箱黑名单,21
0000,2026-08-23,LKUS_push,feature_g43LuQcahzCJ,用户编号黑名单,21
0000,2026-08-23,LKUS_push,feature_XtxCPW1x9QTU,ip C段黑名单,21
0000,2026-08-23,LKUS_push,feature_cOkhRQVI91IV,ip黑名单,21
0000,2026-08-23,LKUS_push,feature_r1bhlQnbfRHb,IP近60分钟关联的手机号个数,21
0000,2026-08-23,LKUS_push,feature_pf88qk27w76j,区号近5分钟的访问次数,21
0000,2026-08-23,LKUS_push,feature_lydpDiga6SB9,手机号近5分钟的访问次数,21
0000,2026-08-23,LKUS_push,feature_UOJYBEifd5Jn,区号近60分钟的访问次数,21
0000,2026-08-23,LKUS_push,feature_MHv7nra5Z6T5,reCAPTCHA V3 token是否有效,21
0000,2026-08-23,LKUS_push,feature_53Ck9TgChpTW,IP近5分钟关联的手机号个数,21
0000,2026-08-23,LKUS_push,feature_TGPe0mjAPwR5,IP近60分钟关联的国家区号个数,21
0000,2026-08-23,LKUS_push,feature_Wg4dZ6VJBuTb,IP近1分钟关联的手机号个数,21
0000,2026-08-23,LKUS_push,feature_SdA1CjZvNCMG,区号近1分钟的访问次数,21
0000,2026-08-23,LKUS_push,feature_JaT2oyzVtD0q,手机号近1分钟的访问次数,21
0000,2026-08-23,LKUS_push,feature_YkpmaKaJhcdG,区号近1天内的访问次数,21
0000,2026-08-23,LKUS_push,feature_7DbBgowc2mEl,IP近1分钟的访问次数,21
0000,2026-08-23,LKUS_register,feature_oxYJ6qJ3BAfv,用户编号白名单,8
0000,2026-08-23,LKUS_register,feature_vTICzBPfD3Ds,ip C段白名单,8
0000,2026-08-23,LKUS_register,feature_P5eYl9a699fA,ip白名单,8
0000,2026-08-23,LKUS_register,feature_yo8MLsBsGIsV,三方unionId白名单,8
0000,2026-08-23,LKUS_register,feature_kqtp6XVcXXiQ,手机号白名单,8
0000,2026-08-23,LKUS_register,feature_5caBWmAHDcCQ,邮箱白名单,8
0000,2026-08-23,LKUS_register,feature_K0JuGvXPoQsS,网关uid白名单,8
0000,2026-08-23,LKUS_register,feature_3CSh3LRVobu7,手机号黑名单,7
0000,2026-08-23,LKUS_register,feature_jkeS0N10RDAn,网关uid黑名单,7
0000,2026-08-23,LKUS_register,feature_7qCVo92BIECU,三方unionId黑名单,7
0000,2026-08-23,LKUS_register,feature_9tl8mW2Gembc,邮箱黑名单,7
0000,2026-08-23,LKUS_register,feature_XtxCPW1x9QTU,ip C段黑名单,7
0000,2026-08-23,LKUS_register,feature_g43LuQcahzCJ,用户编号黑名单,7
0000,2026-08-23,LKUS_register,feature_cOkhRQVI91IV,ip黑名单,7
0000,2026-08-23,LKUS_physical_order_create,feature_oxYJ6qJ3BAfv,用户编号白名单,65
0000,2026-08-23,LKUS_physical_order_create,feature_vTICzBPfD3Ds,ip C段白名单,65
0000,2026-08-23,LKUS_physical_order_create,feature_P5eYl9a699fA,ip白名单,65
0000,2026-08-23,LKUS_physical_order_create,feature_yo8MLsBsGIsV,三方unionId白名单,65
0000,2026-08-23,LKUS_physical_order_create,feature_kqtp6XVcXXiQ,手机号白名单,65
0000,2026-08-23,LKUS_physical_order_create,feature_5caBWmAHDcCQ,邮箱白名单,65
0000,2026-08-23,LKUS_physical_order_create,feature_K0JuGvXPoQsS,网关uid白名单,65
0000,2026-08-23,LKUS_physical_order_create,feature_3CSh3LRVobu7,手机号黑名单,41
0000,2026-08-23,LKUS_physical_order_create,feature_jkeS0N10RDAn,网关uid黑名单,41
0000,2026-08-23,LKUS_physical_order_create,feature_7qCVo92BIECU,三方unionId黑名单,41
0000,2026-08-23,LKUS_physical_order_create,feature_9tl8mW2Gembc,邮箱黑名单,41
0000,2026-08-23,LKUS_physical_order_create,feature_XtxCPW1x9QTU,ip C段黑名单,41
0000,2026-08-23,LKUS_physical_order_create,feature_g43LuQcahzCJ,用户编号黑名单,41
0000,2026-08-23,LKUS_physical_order_create,feature_cOkhRQVI91IV,ip黑名单,41
0000,2026-08-23,LKUS_physical_order_create,feature_MHv7nra5Z6T5,reCAPTCHA V3 token是否有效,13
0000,2026-08-23,LKUS_payment,feature_oxYJ6qJ3BAfv,用户编号白名单,68
0000,2026-08-23,LKUS_payment,feature_vTICzBPfD3Ds,ip C段白名单,68
0000,2026-08-23,LKUS_payment,feature_P5eYl9a699fA,ip白名单,68
0000,2026-08-23,LKUS_payment,feature_yo8MLsBsGIsV,三方unionId白名单,68
0000,2026-08-23,LKUS_payment,feature_kqtp6XVcXXiQ,手机号白名单,68
0000,2026-08-23,LKUS_payment,feature_5caBWmAHDcCQ,邮箱白名单,68
0000,2026-08-23,LKUS_payment,feature_K0JuGvXPoQsS,网关uid白名单,68
0000,2026-08-23,LKUS_payment,feature_3CSh3LRVobu7,手机号黑名单,42
0000,2026-08-23,LKUS_payment,feature_jkeS0N10RDAn,网关uid黑名单,42
0000,2026-08-23,LKUS_payment,feature_7qCVo92BIECU,三方unionId黑名单,42
0000,2026-08-23,LKUS_payment,feature_9tl8mW2Gembc,邮箱黑名单,42
0000,2026-08-23,LKUS_payment,feature_XtxCPW1x9QTU,ip C段黑名单,42
0000,2026-08-23,LKUS_payment,feature_g43LuQcahzCJ,用户编号黑名单,42
0000,2026-08-23,LKUS_payment,feature_cOkhRQVI91IV,ip黑名单,42
0000,2026-08-23,LKUS_payment,feature_MHv7nra5Z6T5,reCAPTCHA V3 token是否有效,17
0000,2026-08-23,LKUS_login,feature_vTICzBPfD3Ds,ip C段白名单,16
0000,2026-08-23,LKUS_login,feature_oxYJ6qJ3BAfv,用户编号白名单,16
0000,2026-08-23,LKUS_login,feature_P5eYl9a699fA,ip白名单,16
0000,2026-08-23,LKUS_login,feature_yo8MLsBsGIsV,三方unionId白名单,16
0000,2026-08-23,LKUS_login,feature_kqtp6XVcXXiQ,手机号白名单,16
0000,2026-08-23,LKUS_login,feature_K0JuGvXPoQsS,网关uid白名单,16
0000,2026-08-23,LKUS_login,feature_5caBWmAHDcCQ,邮箱白名单,16
0000,2026-08-23,LKUS_login,feature_3CSh3LRVobu7,手机号黑名单,14
0000,2026-08-23,LKUS_login,feature_jkeS0N10RDAn,网关uid黑名单,14
0000,2026-08-23,LKUS_login,feature_7qCVo92BIECU,三方unionId黑名单,14
0000,2026-08-23,LKUS_login,feature_9tl8mW2Gembc,邮箱黑名单,14
0000,2026-08-23,LKUS_login,feature_g43LuQcahzCJ,用户编号黑名单,14
0000,2026-08-23,LKUS_login,feature_XtxCPW1x9QTU,ip C段黑名单,14
0000,2026-08-23,LKUS_login,feature_cOkhRQVI91IV,ip黑名单,14
0000,2026-08-23,LKUS_login,feature_TLXI8MNiNglz,reCAPTCHA V3风险分,10
0000,2026-08-23,LKUS_grant_new_user_coupon,feature_vTICzBPfD3Ds,ip C段白名单,10
0000,2026-08-23,LKUS_grant_new_user_coupon,feature_oxYJ6qJ3BAfv,用户编号白名单,10
0000,2026-08-23,LKUS_grant_new_user_coupon,feature_P5eYl9a699fA,ip白名单,10
0000,2026-08-23,LKUS_grant_new_user_coupon,feature_yo8MLsBsGIsV,三方unionId白名单,10
0000,2026-08-23,LKUS_grant_new_user_coupon,feature_kqtp6XVcXXiQ,手机号白名单,10
0000,2026-08-23,LKUS_grant_new_user_coupon,feature_K0JuGvXPoQsS,网关uid白名单,10
0000,2026-08-23,LKUS_grant_new_user_coupon,feature_5caBWmAHDcCQ,邮箱白名单,10
0000,2026-08-23,LKUS_grant_new_user_coupon,feature_3CSh3LRVobu7,手机号黑名单,10
0000,2026-08-23,LKUS_grant_new_user_coupon,feature_jkeS0N10RDAn,网关uid黑名单,10
0000,2026-08-23,LKUS_grant_new_user_coupon,feature_7qCVo92BIECU,三方unionId黑名单,10
0000,2026-08-23,LKUS_grant_new_user_coupon,feature_9tl8mW2Gembc,邮箱黑名单,10
0000,2026-08-23,LKUS_grant_new_user_coupon,feature_g43LuQcahzCJ,用户编号黑名单,10
0000,2026-08-23,LKUS_grant_new_user_coupon,feature_XtxCPW1x9QTU,ip C段黑名单,10
0000,2026-08-23,LKUS_grant_new_user_coupon,feature_cOkhRQVI91IV,ip黑名单,10
0000,2026-08-23,LKUS_physical_order_create,feature_TLXI8MNiNglz,reCAPTCHA V3风险分,28
0000,2026-08-23,LKUS_payment,feature_TLXI8MNiNglz,reCAPTCHA V3风险分,25
0000,2026-08-23,LKUS_login,feature_MHv7nra5Z6T5,reCAPTCHA V3 token是否有效,4
0000,2026-08-23,LKUS_physical_order_cancel,feature_vTICzBPfD3Ds,ip C段白名单,1
0000,2026-08-23,LKUS_physical_order_cancel,feature_oxYJ6qJ3BAfv,用户编号白名单,1
0000,2026-08-23,LKUS_physical_order_cancel,feature_P5eYl9a699fA,ip白名单,1
0000,2026-08-23,LKUS_physical_order_cancel,feature_yo8MLsBsGIsV,三方unionId白名单,1
0000,2026-08-23,LKUS_physical_order_cancel,feature_kqtp6XVcXXiQ,手机号白名单,1
0000,2026-08-23,LKUS_physical_order_cancel,feature_K0JuGvXPoQsS,网关uid白名单,1
0000,2026-08-23,LKUS_physical_order_cancel,feature_5caBWmAHDcCQ,邮箱白名单,1
0000,2026-08-23,LKUS_physical_order_cancel,feature_3CSh3LRVobu7,手机号黑名单,1
0000,2026-08-23,LKUS_physical_order_cancel,feature_jkeS0N10RDAn,网关uid黑名单,1
0000,2026-08-23,LKUS_physical_order_cancel,feature_7qCVo92BIECU,三方unionId黑名单,1
0000,2026-08-23,LKUS_physical_order_cancel,feature_9tl8mW2Gembc,邮箱黑名单,1
0000,2026-08-23,LKUS_physical_order_cancel,feature_g43LuQcahzCJ,用户编号黑名单,1
0000,2026-08-23,LKUS_physical_order_cancel,feature_XtxCPW1x9QTU,ip C段黑名单,1
0000,2026-08-23,LKUS_physical_order_cancel,feature_cOkhRQVI91IV,ip黑名单,1
0000,2026-08-24,LKUS_push,feature_vTICzBPfD3Ds,ip C段白名单,23
0000,2026-08-24,LKUS_push,feature_oxYJ6qJ3BAfv,用户编号白名单,23
0000,2026-08-24,LKUS_push,feature_P5eYl9a699fA,ip白名单,23
0000,2026-08-24,LKUS_push,feature_yo8MLsBsGIsV,三方unionId白名单,23
0000,2026-08-24,LKUS_push,feature_kqtp6XVcXXiQ,手机号白名单,23
0000,2026-08-24,LKUS_push,feature_K0JuGvXPoQsS,网关uid白名单,23
0000,2026-08-24,LKUS_push,feature_5caBWmAHDcCQ,邮箱白名单,23
0000,2026-08-24,LKUS_push,feature_Fik6gvwY1tA6,手机号近1天的访问次数,23
0000,2026-08-24,LKUS_push,feature_3CSh3LRVobu7,手机号黑名单,23
0000,2026-08-24,LKUS_push,feature_jkeS0N10RDAn,网关uid黑名单,23
0000,2026-08-24,LKUS_push,feature_7qCVo92BIECU,三方unionId黑名单,23
0000,2026-08-24,LKUS_push,feature_9tl8mW2Gembc,邮箱黑名单,23
0000,2026-08-24,LKUS_push,feature_g43LuQcahzCJ,用户编号黑名单,23
0000,2026-08-24,LKUS_push,feature_XtxCPW1x9QTU,ip C段黑名单,23
0000,2026-08-24,LKUS_push,feature_cOkhRQVI91IV,ip黑名单,23
0000,2026-08-24,LKUS_push,feature_r1bhlQnbfRHb,IP近60分钟关联的手机号个数,23
0000,2026-08-24,LKUS_push,feature_pf88qk27w76j,区号近5分钟的访问次数,23
0000,2026-08-24,LKUS_push,feature_lydpDiga6SB9,手机号近5分钟的访问次数,23
0000,2026-08-24,LKUS_push,feature_UOJYBEifd5Jn,区号近60分钟的访问次数,23
0000,2026-08-24,LKUS_push,feature_MHv7nra5Z6T5,reCAPTCHA V3 token是否有效,23
0000,2026-08-24,LKUS_push,feature_53Ck9TgChpTW,IP近5分钟关联的手机号个数,23
0000,2026-08-24,LKUS_push,feature_TGPe0mjAPwR5,IP近60分钟关联的国家区号个数,23
0000,2026-08-24,LKUS_push,feature_Wg4dZ6VJBuTb,IP近1分钟关联的手机号个数,23
0000,2026-08-24,LKUS_push,feature_SdA1CjZvNCMG,区号近1分钟的访问次数,23
0000,2026-08-24,LKUS_push,feature_JaT2oyzVtD0q,手机号近1分钟的访问次数,23
0000,2026-08-24,LKUS_push,feature_YkpmaKaJhcdG,区号近1天内的访问次数,23
0000,2026-08-24,LKUS_push,feature_7DbBgowc2mEl,IP近1分钟的访问次数,23
0000,2026-08-24,LKUS_payment,feature_vTICzBPfD3Ds,ip C段白名单,60
0000,2026-08-24,LKUS_payment,feature_oxYJ6qJ3BAfv,用户编号白名单,60
0000,2026-08-24,LKUS_payment,feature_P5eYl9a699fA,ip白名单,60
0000,2026-08-24,LKUS_payment,feature_yo8MLsBsGIsV,三方unionId白名单,60
0000,2026-08-24,LKUS_payment,feature_kqtp6XVcXXiQ,手机号白名单,60
0000,2026-08-24,LKUS_payment,feature_K0JuGvXPoQsS,网关uid白名单,60
0000,2026-08-24,LKUS_payment,feature_5caBWmAHDcCQ,邮箱白名单,60
0000,2026-08-24,LKUS_physical_order_create,feature_oxYJ6qJ3BAfv,用户编号白名单,60
0000,2026-08-24,LKUS_physical_order_create,feature_vTICzBPfD3Ds,ip C段白名单,60
0000,2026-08-24,LKUS_physical_order_create,feature_P5eYl9a699fA,ip白名单,60
0000,2026-08-24,LKUS_physical_order_create,feature_yo8MLsBsGIsV,三方unionId白名单,60
0000,2026-08-24,LKUS_physical_order_create,feature_kqtp6XVcXXiQ,手机号白名单,60
0000,2026-08-24,LKUS_physical_order_create,feature_5caBWmAHDcCQ,邮箱白名单,60
0000,2026-08-24,LKUS_physical_order_create,feature_K0JuGvXPoQsS,网关uid白名单,60
0000,2026-08-24,LKUS_physical_order_create,feature_3CSh3LRVobu7,手机号黑名单,50
0000,2026-08-24,LKUS_physical_order_create,feature_jkeS0N10RDAn,网关uid黑名单,50
0000,2026-08-24,LKUS_physical_order_create,feature_7qCVo92BIECU,三方unionId黑名单,50
0000,2026-08-24,LKUS_physical_order_create,feature_9tl8mW2Gembc,邮箱黑名单,50
0000,2026-08-24,LKUS_physical_order_create,feature_g43LuQcahzCJ,用户编号黑名单,50
0000,2026-08-24,LKUS_physical_order_create,feature_XtxCPW1x9QTU,ip C段黑名单,50
0000,2026-08-24,LKUS_physical_order_create,feature_cOkhRQVI91IV,ip黑名单,50
0000,2026-08-24,LKUS_physical_order_create,feature_TLXI8MNiNglz,reCAPTCHA V3风险分,28
0000,2026-08-24,LKUS_register,feature_vTICzBPfD3Ds,ip C段白名单,12
0000,2026-08-24,LKUS_register,feature_oxYJ6qJ3BAfv,用户编号白名单,12
0000,2026-08-24,LKUS_register,feature_P5eYl9a699fA,ip白名单,12
0000,2026-08-24,LKUS_register,feature_yo8MLsBsGIsV,三方unionId白名单,12
0000,2026-08-24,LKUS_register,feature_kqtp6XVcXXiQ,手机号白名单,12
0000,2026-08-24,LKUS_register,feature_K0JuGvXPoQsS,网关uid白名单,12
0000,2026-08-24,LKUS_register,feature_5caBWmAHDcCQ,邮箱白名单,12
0000,2026-08-24,LKUS_register,feature_3CSh3LRVobu7,手机号黑名单,12
0000,2026-08-24,LKUS_register,feature_jkeS0N10RDAn,网关uid黑名单,12
0000,2026-08-24,LKUS_register,feature_7qCVo92BIECU,三方unionId黑名单,12
0000,2026-08-24,LKUS_register,feature_9tl8mW2Gembc,邮箱黑名单,12
0000,2026-08-24,LKUS_register,feature_g43LuQcahzCJ,用户编号黑名单,12
0000,2026-08-24,LKUS_register,feature_XtxCPW1x9QTU,ip C段黑名单,12
0000,2026-08-24,LKUS_register,feature_cOkhRQVI91IV,ip黑名单,12
0000,2026-08-24,LKUS_login,feature_vTICzBPfD3Ds,ip C段白名单,9
0000,2026-08-24,LKUS_login,feature_oxYJ6qJ3BAfv,用户编号白名单,9
0000,2026-08-24,LKUS_login,feature_P5eYl9a699fA,ip白名单,9
0000,2026-08-24,LKUS_login,feature_yo8MLsBsGIsV,三方unionId白名单,9
0000,2026-08-24,LKUS_login,feature_kqtp6XVcXXiQ,手机号白名单,9
0000,2026-08-24,LKUS_login,feature_K0JuGvXPoQsS,网关uid白名单,9
0000,2026-08-24,LKUS_login,feature_5caBWmAHDcCQ,邮箱白名单,9
0000,2026-08-24,LKUS_login,feature_3CSh3LRVobu7,手机号黑名单,8
0000,2026-08-24,LKUS_login,feature_jkeS0N10RDAn,网关uid黑名单,8
0000,2026-08-24,LKUS_login,feature_7qCVo92BIECU,三方unionId黑名单,8
0000,2026-08-24,LKUS_login,feature_9tl8mW2Gembc,邮箱黑名单,8
0000,2026-08-24,LKUS_login,feature_g43LuQcahzCJ,用户编号黑名单,8
0000,2026-08-24,LKUS_login,feature_XtxCPW1x9QTU,ip C段黑名单,8
0000,2026-08-24,LKUS_login,feature_cOkhRQVI91IV,ip黑名单,8
0000,2026-08-24,LKUS_login,feature_TLXI8MNiNglz,reCAPTCHA V3风险分,4
0000,2026-08-24,LKUS_grant_new_user_coupon,feature_vTICzBPfD3Ds,ip C段白名单,6
0000,2026-08-24,LKUS_grant_new_user_coupon,feature_oxYJ6qJ3BAfv,用户编号白名单,6
0000,2026-08-24,LKUS_grant_new_user_coupon,feature_P5eYl9a699fA,ip白名单,6
0000,2026-08-24,LKUS_grant_new_user_coupon,feature_yo8MLsBsGIsV,三方unionId白名单,6
0000,2026-08-24,LKUS_grant_new_user_coupon,feature_kqtp6XVcXXiQ,手机号白名单,6
0000,2026-08-24,LKUS_grant_new_user_coupon,feature_K0JuGvXPoQsS,网关uid白名单,6
0000,2026-08-24,LKUS_grant_new_user_coupon,feature_5caBWmAHDcCQ,邮箱白名单,6
0000,2026-08-24,LKUS_grant_new_user_coupon,feature_3CSh3LRVobu7,手机号黑名单,6
0000,2026-08-24,LKUS_grant_new_user_coupon,feature_jkeS0N10RDAn,网关uid黑名单,6
0000,2026-08-24,LKUS_grant_new_user_coupon,feature_7qCVo92BIECU,三方unionId黑名单,6
0000,2026-08-24,LKUS_grant_new_user_coupon,feature_9tl8mW2Gembc,邮箱黑名单,6
0000,2026-08-24,LKUS_grant_new_user_coupon,feature_g43LuQcahzCJ,用户编号黑名单,6
0000,2026-08-24,LKUS_grant_new_user_coupon,feature_XtxCPW1x9QTU,ip C段黑名单,6
0000,2026-08-24,LKUS_grant_new_user_coupon,feature_cOkhRQVI91IV,ip黑名单,6
0000,2026-08-24,LKUS_payment,feature_3CSh3LRVobu7,手机号黑名单,50
0000,2026-08-24,LKUS_payment,feature_jkeS0N10RDAn,网关uid黑名单,50
0000,2026-08-24,LKUS_payment,feature_7qCVo92BIECU,三方unionId黑名单,50
0000,2026-08-24,LKUS_payment,feature_9tl8mW2Gembc,邮箱黑名单,50
0000,2026-08-24,LKUS_payment,feature_g43LuQcahzCJ,用户编号黑名单,50
0000,2026-08-24,LKUS_payment,feature_XtxCPW1x9QTU,ip C段黑名单,50
0000,2026-08-24,LKUS_payment,feature_cOkhRQVI91IV,ip黑名单,50
0000,2026-08-24,LKUS_payment,feature_TLXI8MNiNglz,reCAPTCHA V3风险分,27
0000,2026-08-24,LKUS_payment,feature_MHv7nra5Z6T5,reCAPTCHA V3 token是否有效,23
0000,2026-08-24,LKUS_physical_order_create,feature_MHv7nra5Z6T5,reCAPTCHA V3 token是否有效,22
0000,2026-08-24,LKUS_login,feature_MHv7nra5Z6T5,reCAPTCHA V3 token是否有效,4
0000,2026-08-24,LKUS_captcha,feature_vTICzBPfD3Ds,ip C段白名单,1
0000,2026-08-24,LKUS_captcha,feature_oxYJ6qJ3BAfv,用户编号白名单,1
0000,2026-08-24,LKUS_captcha,feature_P5eYl9a699fA,ip白名单,1
0000,2026-08-24,LKUS_captcha,feature_yo8MLsBsGIsV,三方unionId白名单,1
0000,2026-08-24,LKUS_captcha,feature_kqtp6XVcXXiQ,手机号白名单,1
0000,2026-08-24,LKUS_captcha,feature_K0JuGvXPoQsS,网关uid白名单,1
0000,2026-08-24,LKUS_captcha,feature_5caBWmAHDcCQ,邮箱白名单,1
0000,2026-08-24,LKUS_captcha,feature_3CSh3LRVobu7,手机号黑名单,1
0000,2026-08-24,LKUS_captcha,feature_jkeS0N10RDAn,网关uid黑名单,1
0000,2026-08-24,LKUS_captcha,feature_7qCVo92BIECU,三方unionId黑名单,1
0000,2026-08-24,LKUS_captcha,feature_9tl8mW2Gembc,邮箱黑名单,1
0000,2026-08-24,LKUS_captcha,feature_g43LuQcahzCJ,用户编号黑名单,1
0000,2026-08-24,LKUS_captcha,feature_XtxCPW1x9QTU,ip C段黑名单,1
0000,2026-08-24,LKUS_captcha,feature_cOkhRQVI91IV,ip黑名单,1
0000,2026-08-24,LKUS_captcha,feature_nm9NTGYLKhWV,reCAPTCHA V2 token是否有效,1
0000,2026-08-25,LKUS_physical_order_create,feature_vTICzBPfD3Ds,ip C段白名单,66
0000,2026-08-25,LKUS_physical_order_create,feature_oxYJ6qJ3BAfv,用户编号白名单,66
0000,2026-08-25,LKUS_physical_order_create,feature_P5eYl9a699fA,ip白名单,66
0000,2026-08-25,LKUS_physical_order_create,feature_yo8MLsBsGIsV,三方unionId白名单,66
0000,2026-08-25,LKUS_physical_order_create,feature_kqtp6XVcXXiQ,手机号白名单,66
0000,2026-08-25,LKUS_physical_order_create,feature_K0JuGvXPoQsS,网关uid白名单,66
0000,2026-08-25,LKUS_physical_order_create,feature_5caBWmAHDcCQ,邮箱白名单,66
0000,2026-08-25,LKUS_physical_order_create,feature_3CSh3LRVobu7,手机号黑名单,60
0000,2026-08-25,LKUS_physical_order_create,feature_jkeS0N10RDAn,网关uid黑名单,60
0000,2026-08-25,LKUS_physical_order_create,feature_7qCVo92BIECU,三方unionId黑名单,60
0000,2026-08-25,LKUS_physical_order_create,feature_9tl8mW2Gembc,邮箱黑名单,60
0000,2026-08-25,LKUS_physical_order_create,feature_g43LuQcahzCJ,用户编号黑名单,60
0000,2026-08-25,LKUS_physical_order_create,feature_cOkhRQVI91IV,ip黑名单,60
0000,2026-08-25,LKUS_physical_order_create,feature_XtxCPW1x9QTU,ip C段黑名单,60
0000,2026-08-25,LKUS_physical_order_create,feature_MHv7nra5Z6T5,reCAPTCHA V3 token是否有效,60
0000,2026-08-25,LKUS_payment,feature_vTICzBPfD3Ds,ip C段白名单,70
0000,2026-08-25,LKUS_payment,feature_oxYJ6qJ3BAfv,用户编号白名单,70
0000,2026-08-25,LKUS_payment,feature_P5eYl9a699fA,ip白名单,70
0000,2026-08-25,LKUS_payment,feature_yo8MLsBsGIsV,三方unionId白名单,70
0000,2026-08-25,LKUS_payment,feature_kqtp6XVcXXiQ,手机号白名单,70
0000,2026-08-25,LKUS_payment,feature_K0JuGvXPoQsS,网关uid白名单,70
0000,2026-08-25,LKUS_payment,feature_5caBWmAHDcCQ,邮箱白名单,70
0000,2026-08-25,LKUS_payment,feature_3CSh3LRVobu7,手机号黑名单,61
0000,2026-08-25,LKUS_payment,feature_jkeS0N10RDAn,网关uid黑名单,61
0000,2026-08-25,LKUS_payment,feature_7qCVo92BIECU,三方unionId黑名单,61
0000,2026-08-25,LKUS_payment,feature_9tl8mW2Gembc,邮箱黑名单,61
0000,2026-08-25,LKUS_payment,feature_g43LuQcahzCJ,用户编号黑名单,61
0000,2026-08-25,LKUS_payment,feature_cOkhRQVI91IV,ip黑名单,61
0000,2026-08-25,LKUS_payment,feature_XtxCPW1x9QTU,ip C段黑名单,61
0000,2026-08-25,LKUS_payment,feature_MHv7nra5Z6T5,reCAPTCHA V3 token是否有效,61
0000,2026-08-25,LKUS_push,feature_vTICzBPfD3Ds,ip C段白名单,21
0000,2026-08-25,LKUS_push,feature_oxYJ6qJ3BAfv,用户编号白名单,21
0000,2026-08-25,LKUS_push,feature_P5eYl9a699fA,ip白名单,21
0000,2026-08-25,LKUS_push,feature_yo8MLsBsGIsV,三方unionId白名单,21
0000,2026-08-25,LKUS_push,feature_kqtp6XVcXXiQ,手机号白名单,21
0000,2026-08-25,LKUS_push,feature_K0JuGvXPoQsS,网关uid白名单,21
0000,2026-08-25,LKUS_push,feature_5caBWmAHDcCQ,邮箱白名单,21
0000,2026-08-25,LKUS_push,feature_Fik6gvwY1tA6,手机号近1天的访问次数,21
0000,2026-08-25,LKUS_push,feature_3CSh3LRVobu7,手机号黑名单,21
0000,2026-08-25,LKUS_push,feature_jkeS0N10RDAn,网关uid黑名单,21
0000,2026-08-25,LKUS_push,feature_7qCVo92BIECU,三方unionId黑名单,21
0000,2026-08-25,LKUS_push,feature_9tl8mW2Gembc,邮箱黑名单,21
0000,2026-08-25,LKUS_push,feature_g43LuQcahzCJ,用户编号黑名单,21
0000,2026-08-25,LKUS_push,feature_cOkhRQVI91IV,ip黑名单,21
0000,2026-08-25,LKUS_push,feature_XtxCPW1x9QTU,ip C段黑名单,21
0000,2026-08-25,LKUS_push,feature_SdA1CjZvNCMG,区号近1分钟的访问次数,21
0000,2026-08-25,LKUS_push,feature_53Ck9TgChpTW,IP近5分钟关联的手机号个数,21
0000,2026-08-25,LKUS_push,feature_Wg4dZ6VJBuTb,IP近1分钟关联的手机号个数,21
0000,2026-08-25,LKUS_push,feature_TGPe0mjAPwR5,IP近60分钟关联的国家区号个数,21
0000,2026-08-25,LKUS_push,feature_7DbBgowc2mEl,IP近1分钟的访问次数,21
0000,2026-08-25,LKUS_push,feature_UOJYBEifd5Jn,区号近60分钟的访问次数,21
0000,2026-08-25,LKUS_push,feature_JaT2oyzVtD0q,手机号近1分钟的访问次数,21
0000,2026-08-25,LKUS_push,feature_pf88qk27w76j,区号近5分钟的访问次数,21
0000,2026-08-25,LKUS_push,feature_r1bhlQnbfRHb,IP近60分钟关联的手机号个数,21
0000,2026-08-25,LKUS_push,feature_MHv7nra5Z6T5,reCAPTCHA V3 token是否有效,21
0000,2026-08-25,LKUS_push,feature_YkpmaKaJhcdG,区号近1天内的访问次数,21
0000,2026-08-25,LKUS_push,feature_lydpDiga6SB9,手机号近5分钟的访问次数,21
0000,2026-08-25,LKUS_register,feature_vTICzBPfD3Ds,ip C段白名单,13
0000,2026-08-25,LKUS_register,feature_oxYJ6qJ3BAfv,用户编号白名单,13
0000,2026-08-25,LKUS_register,feature_P5eYl9a699fA,ip白名单,13
0000,2026-08-25,LKUS_register,feature_yo8MLsBsGIsV,三方unionId白名单,13
0000,2026-08-25,LKUS_register,feature_kqtp6XVcXXiQ,手机号白名单,13
0000,2026-08-25,LKUS_register,feature_K0JuGvXPoQsS,网关uid白名单,13
0000,2026-08-25,LKUS_register,feature_5caBWmAHDcCQ,邮箱白名单,13
0000,2026-08-25,LKUS_register,feature_3CSh3LRVobu7,手机号黑名单,13
0000,2026-08-25,LKUS_register,feature_jkeS0N10RDAn,网关uid黑名单,13
0000,2026-08-25,LKUS_register,feature_7qCVo92BIECU,三方unionId黑名单,13
0000,2026-08-25,LKUS_register,feature_9tl8mW2Gembc,邮箱黑名单,13
0000,2026-08-25,LKUS_register,feature_g43LuQcahzCJ,用户编号黑名单,13
0000,2026-08-25,LKUS_register,feature_cOkhRQVI91IV,ip黑名单,13
0000,2026-08-25,LKUS_register,feature_XtxCPW1x9QTU,ip C段黑名单,13
0000,2026-08-25,LKUS_grant_new_user_coupon,feature_vTICzBPfD3Ds,ip C段白名单,6
0000,2026-08-25,LKUS_grant_new_user_coupon,feature_oxYJ6qJ3BAfv,用户编号白名单,6
0000,2026-08-25,LKUS_grant_new_user_coupon,feature_P5eYl9a699fA,ip白名单,6
0000,2026-08-25,LKUS_grant_new_user_coupon,feature_yo8MLsBsGIsV,三方unionId白名单,6
0000,2026-08-25,LKUS_grant_new_user_coupon,feature_kqtp6XVcXXiQ,手机号白名单,6
0000,2026-08-25,LKUS_grant_new_user_coupon,feature_K0JuGvXPoQsS,网关uid白名单,6
0000,2026-08-25,LKUS_grant_new_user_coupon,feature_5caBWmAHDcCQ,邮箱白名单,6
0000,2026-08-25,LKUS_grant_new_user_coupon,feature_3CSh3LRVobu7,手机号黑名单,6
0000,2026-08-25,LKUS_grant_new_user_coupon,feature_jkeS0N10RDAn,网关uid黑名单,6
0000,2026-08-25,LKUS_grant_new_user_coupon,feature_7qCVo92BIECU,三方unionId黑名单,6
0000,2026-08-25,LKUS_grant_new_user_coupon,feature_9tl8mW2Gembc,邮箱黑名单,6
0000,2026-08-25,LKUS_grant_new_user_coupon,feature_g43LuQcahzCJ,用户编号黑名单,6
0000,2026-08-25,LKUS_grant_new_user_coupon,feature_cOkhRQVI91IV,ip黑名单,6
0000,2026-08-25,LKUS_grant_new_user_coupon,feature_XtxCPW1x9QTU,ip C段黑名单,6
0000,2026-08-25,LKUS_login,feature_vTICzBPfD3Ds,ip C段白名单,12
0000,2026-08-25,LKUS_login,feature_oxYJ6qJ3BAfv,用户编号白名单,12
0000,2026-08-25,LKUS_login,feature_P5eYl9a699fA,ip白名单,12
0000,2026-08-25,LKUS_login,feature_yo8MLsBsGIsV,三方unionId白名单,12
0000,2026-08-25,LKUS_login,feature_kqtp6XVcXXiQ,手机号白名单,12
0000,2026-08-25,LKUS_login,feature_K0JuGvXPoQsS,网关uid白名单,12
0000,2026-08-25,LKUS_login,feature_5caBWmAHDcCQ,邮箱白名单,12
0000,2026-08-25,LKUS_login,feature_3CSh3LRVobu7,手机号黑名单,12
0000,2026-08-25,LKUS_login,feature_jkeS0N10RDAn,网关uid黑名单,12
0000,2026-08-25,LKUS_login,feature_7qCVo92BIECU,三方unionId黑名单,12
0000,2026-08-25,LKUS_login,feature_9tl8mW2Gembc,邮箱黑名单,12
0000,2026-08-25,LKUS_login,feature_g43LuQcahzCJ,用户编号黑名单,12
0000,2026-08-25,LKUS_login,feature_cOkhRQVI91IV,ip黑名单,12
0000,2026-08-25,LKUS_login,feature_XtxCPW1x9QTU,ip C段黑名单,12
0000,2026-08-25,LKUS_login,feature_MHv7nra5Z6T5,reCAPTCHA V3 token是否有效,12
0000,2026-08-26,LKUS_push,feature_vTICzBPfD3Ds,ip C段白名单,23
0000,2026-08-26,LKUS_push,feature_oxYJ6qJ3BAfv,用户编号白名单,23
0000,2026-08-26,LKUS_push,feature_P5eYl9a699fA,ip白名单,23
0000,2026-08-26,LKUS_push,feature_yo8MLsBsGIsV,三方unionId白名单,23
0000,2026-08-26,LKUS_push,feature_kqtp6XVcXXiQ,手机号白名单,23
0000,2026-08-26,LKUS_push,feature_K0JuGvXPoQsS,网关uid白名单,23
0000,2026-08-26,LKUS_push,feature_5caBWmAHDcCQ,邮箱白名单,23
0000,2026-08-26,LKUS_push,feature_Fik6gvwY1tA6,手机号近1天的访问次数,23
0000,2026-08-26,LKUS_push,feature_3CSh3LRVobu7,手机号黑名单,22
0000,2026-08-26,LKUS_push,feature_jkeS0N10RDAn,网关uid黑名单,22
0000,2026-08-26,LKUS_push,feature_7qCVo92BIECU,三方unionId黑名单,22
0000,2026-08-26,LKUS_push,feature_9tl8mW2Gembc,邮箱黑名单,22
0000,2026-08-26,LKUS_push,feature_g43LuQcahzCJ,用户编号黑名单,22
0000,2026-08-26,LKUS_push,feature_cOkhRQVI91IV,ip黑名单,22
0000,2026-08-26,LKUS_push,feature_XtxCPW1x9QTU,ip C段黑名单,22
0000,2026-08-26,LKUS_push,feature_SdA1CjZvNCMG,区号近1分钟的访问次数,22
0000,2026-08-26,LKUS_push,feature_53Ck9TgChpTW,IP近5分钟关联的手机号个数,22
0000,2026-08-26,LKUS_push,feature_Wg4dZ6VJBuTb,IP近1分钟关联的手机号个数,22
0000,2026-08-26,LKUS_push,feature_TGPe0mjAPwR5,IP近60分钟关联的国家区号个数,22
0000,2026-08-26,LKUS_push,feature_7DbBgowc2mEl,IP近1分钟的访问次数,22
0000,2026-08-26,LKUS_push,feature_UOJYBEifd5Jn,区号近60分钟的访问次数,22
0000,2026-08-26,LKUS_push,feature_JaT2oyzVtD0q,手机号近1分钟的访问次数,22
0000,2026-08-26,LKUS_push,feature_pf88qk27w76j,区号近5分钟的访问次数,22
0000,2026-08-26,LKUS_push,feature_r1bhlQnbfRHb,IP近60分钟关联的手机号个数,22
0000,2026-08-26,LKUS_push,feature_MHv7nra5Z6T5,reCAPTCHA V3 token是否有效,22
0000,2026-08-26,LKUS_push,feature_YkpmaKaJhcdG,区号近1天内的访问次数,22
0000,2026-08-26,LKUS_push,feature_lydpDiga6SB9,手机号近5分钟的访问次数,22
0000,2026-08-26,LKUS_physical_order_create,feature_vTICzBPfD3Ds,ip C段白名单,81
0000,2026-08-26,LKUS_physical_order_create,feature_oxYJ6qJ3BAfv,用户编号白名单,81
0000,2026-08-26,LKUS_physical_order_create,feature_P5eYl9a699fA,ip白名单,81
0000,2026-08-26,LKUS_physical_order_create,feature_yo8MLsBsGIsV,三方unionId白名单,81
0000,2026-08-26,LKUS_physical_order_create,feature_kqtp6XVcXXiQ,手机号白名单,81
0000,2026-08-26,LKUS_physical_order_create,feature_K0JuGvXPoQsS,网关uid白名单,81
0000,2026-08-26,LKUS_physical_order_create,feature_5caBWmAHDcCQ,邮箱白名单,81
0000,2026-08-26,LKUS_physical_order_create,feature_3CSh3LRVobu7,手机号黑名单,70
0000,2026-08-26,LKUS_physical_order_create,feature_jkeS0N10RDAn,网关uid黑名单,70
0000,2026-08-26,LKUS_physical_order_create,feature_7qCVo92BIECU,三方unionId黑名单,70
0000,2026-08-26,LKUS_physical_order_create,feature_9tl8mW2Gembc,邮箱黑名单,70
0000,2026-08-26,LKUS_physical_order_create,feature_g43LuQcahzCJ,用户编号黑名单,70
0000,2026-08-26,LKUS_physical_order_create,feature_cOkhRQVI91IV,ip黑名单,70
0000,2026-08-26,LKUS_physical_order_create,feature_XtxCPW1x9QTU,ip C段黑名单,70
0000,2026-08-26,LKUS_physical_order_create,feature_MHv7nra5Z6T5,reCAPTCHA V3 token是否有效,70
0000,2026-08-26,LKUS_payment,feature_vTICzBPfD3Ds,ip C段白名单,83
0000,2026-08-26,LKUS_payment,feature_oxYJ6qJ3BAfv,用户编号白名单,83
0000,2026-08-26,LKUS_payment,feature_P5eYl9a699fA,ip白名单,83
0000,2026-08-26,LKUS_payment,feature_yo8MLsBsGIsV,三方unionId白名单,83
0000,2026-08-26,LKUS_payment,feature_kqtp6XVcXXiQ,手机号白名单,83
0000,2026-08-26,LKUS_payment,feature_K0JuGvXPoQsS,网关uid白名单,83
0000,2026-08-26,LKUS_payment,feature_5caBWmAHDcCQ,邮箱白名单,83
0000,2026-08-26,LKUS_payment,feature_3CSh3LRVobu7,手机号黑名单,73
0000,2026-08-26,LKUS_payment,feature_jkeS0N10RDAn,网关uid黑名单,73
0000,2026-08-26,LKUS_payment,feature_7qCVo92BIECU,三方unionId黑名单,73
0000,2026-08-26,LKUS_payment,feature_9tl8mW2Gembc,邮箱黑名单,73
0000,2026-08-26,LKUS_payment,feature_g43LuQcahzCJ,用户编号黑名单,73
0000,2026-08-26,LKUS_payment,feature_cOkhRQVI91IV,ip黑名单,73
0000,2026-08-26,LKUS_payment,feature_XtxCPW1x9QTU,ip C段黑名单,73
0000,2026-08-26,LKUS_payment,feature_MHv7nra5Z6T5,reCAPTCHA V3 token是否有效,73
0000,2026-08-26,LKUS_grant_new_user_coupon,feature_vTICzBPfD3Ds,ip C段白名单,6
0000,2026-08-26,LKUS_grant_new_user_coupon,feature_oxYJ6qJ3BAfv,用户编号白名单,6
0000,2026-08-26,LKUS_grant_new_user_coupon,feature_P5eYl9a699fA,ip白名单,6
0000,2026-08-26,LKUS_grant_new_user_coupon,feature_yo8MLsBsGIsV,三方unionId白名单,6
0000,2026-08-26,LKUS_grant_new_user_coupon,feature_kqtp6XVcXXiQ,手机号白名单,6
0000,2026-08-26,LKUS_grant_new_user_coupon,feature_K0JuGvXPoQsS,网关uid白名单,6
0000,2026-08-26,LKUS_grant_new_user_coupon,feature_5caBWmAHDcCQ,邮箱白名单,6
0000,2026-08-26,LKUS_grant_new_user_coupon,feature_3CSh3LRVobu7,手机号黑名单,6
0000,2026-08-26,LKUS_grant_new_user_coupon,feature_jkeS0N10RDAn,网关uid黑名单,6
0000,2026-08-26,LKUS_grant_new_user_coupon,feature_7qCVo92BIECU,三方unionId黑名单,6
0000,2026-08-26,LKUS_grant_new_user_coupon,feature_9tl8mW2Gembc,邮箱黑名单,6
0000,2026-08-26,LKUS_grant_new_user_coupon,feature_g43LuQcahzCJ,用户编号黑名单,6
0000,2026-08-26,LKUS_grant_new_user_coupon,feature_cOkhRQVI91IV,ip黑名单,6
0000,2026-08-26,LKUS_grant_new_user_coupon,feature_XtxCPW1x9QTU,ip C段黑名单,6
0000,2026-08-26,LKUS_login,feature_vTICzBPfD3Ds,ip C段白名单,14
0000,2026-08-26,LKUS_login,feature_oxYJ6qJ3BAfv,用户编号白名单,14
0000,2026-08-26,LKUS_login,feature_P5eYl9a699fA,ip白名单,14
0000,2026-08-26,LKUS_login,feature_yo8MLsBsGIsV,三方unionId白名单,14
0000,2026-08-26,LKUS_login,feature_kqtp6XVcXXiQ,手机号白名单,14
0000,2026-08-26,LKUS_login,feature_K0JuGvXPoQsS,网关uid白名单,14
0000,2026-08-26,LKUS_login,feature_5caBWmAHDcCQ,邮箱白名单,14
0000,2026-08-26,LKUS_login,feature_3CSh3LRVobu7,手机号黑名单,11
0000,2026-08-26,LKUS_login,feature_jkeS0N10RDAn,网关uid黑名单,11
0000,2026-08-26,LKUS_login,feature_7qCVo92BIECU,三方unionId黑名单,11
0000,2026-08-26,LKUS_login,feature_9tl8mW2Gembc,邮箱黑名单,11
0000,2026-08-26,LKUS_login,feature_g43LuQcahzCJ,用户编号黑名单,11
0000,2026-08-26,LKUS_login,feature_cOkhRQVI91IV,ip黑名单,11
0000,2026-08-26,LKUS_login,feature_XtxCPW1x9QTU,ip C段黑名单,11
0000,2026-08-26,LKUS_login,feature_MHv7nra5Z6T5,reCAPTCHA V3 token是否有效,11
0000,2026-08-26,LKUS_register,feature_vTICzBPfD3Ds,ip C段白名单,8
0000,2026-08-26,LKUS_register,feature_oxYJ6qJ3BAfv,用户编号白名单,8
0000,2026-08-26,LKUS_register,feature_P5eYl9a699fA,ip白名单,8
0000,2026-08-26,LKUS_register,feature_yo8MLsBsGIsV,三方unionId白名单,8
0000,2026-08-26,LKUS_register,feature_kqtp6XVcXXiQ,手机号白名单,8
0000,2026-08-26,LKUS_register,feature_K0JuGvXPoQsS,网关uid白名单,8
0000,2026-08-26,LKUS_register,feature_5caBWmAHDcCQ,邮箱白名单,8
0000,2026-08-26,LKUS_register,feature_3CSh3LRVobu7,手机号黑名单,8
0000,2026-08-26,LKUS_register,feature_jkeS0N10RDAn,网关uid黑名单,8
0000,2026-08-26,LKUS_register,feature_7qCVo92BIECU,三方unionId黑名单,8
0000,2026-08-26,LKUS_register,feature_9tl8mW2Gembc,邮箱黑名单,8
0000,2026-08-26,LKUS_register,feature_g43LuQcahzCJ,用户编号黑名单,8
0000,2026-08-26,LKUS_register,feature_cOkhRQVI91IV,ip黑名单,8
0000,2026-08-26,LKUS_register,feature_XtxCPW1x9QTU,ip C段黑名单,8
0000,2026-08-27,LKUS_push,feature_vTICzBPfD3Ds,ip C段白名单,12
0000,2026-08-27,LKUS_push,feature_oxYJ6qJ3BAfv,用户编号白名单,12
0000,2026-08-27,LKUS_push,feature_P5eYl9a699fA,ip白名单,12
0000,2026-08-27,LKUS_push,feature_yo8MLsBsGIsV,三方unionId白名单,12
0000,2026-08-27,LKUS_push,feature_kqtp6XVcXXiQ,手机号白名单,12
0000,2026-08-27,LKUS_push,feature_K0JuGvXPoQsS,网关uid白名单,12
0000,2026-08-27,LKUS_push,feature_5caBWmAHDcCQ,邮箱白名单,12
0000,2026-08-27,LKUS_push,feature_Fik6gvwY1tA6,手机号近1天的访问次数,12
0000,2026-08-27,LKUS_push,feature_3CSh3LRVobu7,手机号黑名单,12
0000,2026-08-27,LKUS_push,feature_jkeS0N10RDAn,网关uid黑名单,12
0000,2026-08-27,LKUS_push,feature_7qCVo92BIECU,三方unionId黑名单,12
0000,2026-08-27,LKUS_push,feature_9tl8mW2Gembc,邮箱黑名单,12
0000,2026-08-27,LKUS_push,feature_g43LuQcahzCJ,用户编号黑名单,12
0000,2026-08-27,LKUS_push,feature_cOkhRQVI91IV,ip黑名单,12
0000,2026-08-27,LKUS_push,feature_XtxCPW1x9QTU,ip C段黑名单,12
0000,2026-08-27,LKUS_push,feature_SdA1CjZvNCMG,区号近1分钟的访问次数,12
0000,2026-08-27,LKUS_push,feature_53Ck9TgChpTW,IP近5分钟关联的手机号个数,12
0000,2026-08-27,LKUS_push,feature_Wg4dZ6VJBuTb,IP近1分钟关联的手机号个数,12
0000,2026-08-27,LKUS_push,feature_TGPe0mjAPwR5,IP近60分钟关联的国家区号个数,12
0000,2026-08-27,LKUS_push,feature_7DbBgowc2mEl,IP近1分钟的访问次数,12
0000,2026-08-27,LKUS_push,feature_UOJYBEifd5Jn,区号近60分钟的访问次数,12
0000,2026-08-27,LKUS_push,feature_JaT2oyzVtD0q,手机号近1分钟的访问次数,12
0000,2026-08-27,LKUS_push,feature_pf88qk27w76j,区号近5分钟的访问次数,12
0000,2026-08-27,LKUS_push,feature_r1bhlQnbfRHb,IP近60分钟关联的手机号个数,12
0000,2026-08-27,LKUS_push,feature_MHv7nra5Z6T5,reCAPTCHA V3 token是否有效,1
0000,2026-08-27,LKUS_push,feature_YkpmaKaJhcdG,区号近1天内的访问次数,12
0000,2026-08-27,LKUS_push,feature_lydpDiga6SB9,手机号近5分钟的访问次数,12
0000,2026-08-27,LKUS_register,feature_vTICzBPfD3Ds,ip C段白名单,6
0000,2026-08-27,LKUS_register,feature_oxYJ6qJ3BAfv,用户编号白名单,6
0000,2026-08-27,LKUS_register,feature_P5eYl9a699fA,ip白名单,6
0000,2026-08-27,LKUS_register,feature_yo8MLsBsGIsV,三方unionId白名单,6
0000,2026-08-27,LKUS_register,feature_kqtp6XVcXXiQ,手机号白名单,6
0000,2026-08-27,LKUS_register,feature_K0JuGvXPoQsS,网关uid白名单,6
0000,2026-08-27,LKUS_register,feature_5caBWmAHDcCQ,邮箱白名单,6
0000,2026-08-27,LKUS_register,feature_3CSh3LRVobu7,手机号黑名单,6
0000,2026-08-27,LKUS_register,feature_jkeS0N10RDAn,网关uid黑名单,6
0000,2026-08-27,LKUS_register,feature_7qCVo92BIECU,三方unionId黑名单,6
0000,2026-08-27,LKUS_register,feature_9tl8mW2Gembc,邮箱黑名单,6
0000,2026-08-27,LKUS_register,feature_g43LuQcahzCJ,用户编号黑名单,6
0000,2026-08-27,LKUS_register,feature_cOkhRQVI91IV,ip黑名单,6
0000,2026-08-27,LKUS_register,feature_XtxCPW1x9QTU,ip C段黑名单,6
0000,2026-08-27,LKUS_physical_order_create,feature_vTICzBPfD3Ds,ip C段白名单,62
0000,2026-08-27,LKUS_physical_order_create,feature_oxYJ6qJ3BAfv,用户编号白名单,62
0000,2026-08-27,LKUS_physical_order_create,feature_P5eYl9a699fA,ip白名单,62
0000,2026-08-27,LKUS_physical_order_create,feature_yo8MLsBsGIsV,三方unionId白名单,62
0000,2026-08-27,LKUS_physical_order_create,feature_kqtp6XVcXXiQ,手机号白名单,62
0000,2026-08-27,LKUS_physical_order_create,feature_K0JuGvXPoQsS,网关uid白名单,62
0000,2026-08-27,LKUS_physical_order_create,feature_5caBWmAHDcCQ,邮箱白名单,62
0000,2026-08-27,LKUS_physical_order_create,feature_3CSh3LRVobu7,手机号黑名单,56
0000,2026-08-27,LKUS_physical_order_create,feature_jkeS0N10RDAn,网关uid黑名单,56
0000,2026-08-27,LKUS_physical_order_create,feature_7qCVo92BIECU,三方unionId黑名单,56
0000,2026-08-27,LKUS_physical_order_create,feature_9tl8mW2Gembc,邮箱黑名单,56
0000,2026-08-27,LKUS_physical_order_create,feature_XtxCPW1x9QTU,ip C段黑名单,56
0000,2026-08-27,LKUS_physical_order_create,feature_cOkhRQVI91IV,ip黑名单,56
0000,2026-08-27,LKUS_physical_order_create,feature_g43LuQcahzCJ,用户编号黑名单,56
0000,2026-08-27,LKUS_physical_order_create,feature_TLXI8MNiNglz,reCAPTCHA V3风险分,56
0000,2026-08-27,LKUS_payment,feature_oxYJ6qJ3BAfv,用户编号白名单,68
0000,2026-08-27,LKUS_payment,feature_vTICzBPfD3Ds,ip C段白名单,68
0000,2026-08-27,LKUS_payment,feature_P5eYl9a699fA,ip白名单,68
0000,2026-08-27,LKUS_payment,feature_yo8MLsBsGIsV,三方unionId白名单,68
0000,2026-08-27,LKUS_payment,feature_kqtp6XVcXXiQ,手机号白名单,68
0000,2026-08-27,LKUS_payment,feature_K0JuGvXPoQsS,网关uid白名单,68
0000,2026-08-27,LKUS_payment,feature_5caBWmAHDcCQ,邮箱白名单,68
0000,2026-08-27,LKUS_payment,feature_3CSh3LRVobu7,手机号黑名单,61
0000,2026-08-27,LKUS_payment,feature_jkeS0N10RDAn,网关uid黑名单,61
0000,2026-08-27,LKUS_payment,feature_7qCVo92BIECU,三方unionId黑名单,61
0000,2026-08-27,LKUS_payment,feature_9tl8mW2Gembc,邮箱黑名单,61
0000,2026-08-27,LKUS_payment,feature_g43LuQcahzCJ,用户编号黑名单,61
0000,2026-08-27,LKUS_payment,feature_cOkhRQVI91IV,ip黑名单,61
0000,2026-08-27,LKUS_payment,feature_XtxCPW1x9QTU,ip C段黑名单,61
0000,2026-08-27,LKUS_payment,feature_TLXI8MNiNglz,reCAPTCHA V3风险分,61
0000,2026-08-27,LKUS_push,feature_TLXI8MNiNglz,reCAPTCHA V3风险分,11
0000,2026-08-27,LKUS_push,feature_hspErCH8fSCE,手机号近30分钟的访问次数,11
0000,2026-08-27,LKUS_push,feature_dqBHKec09Wwa,同区号近60分钟未携带recaptchaV3token 访问次数,11
0000,2026-08-27,LKUS_push,feature_WxHUxqIN0IuS,同IP近10分钟的访问次数,11
0000,2026-08-27,LKUS_push,feature_IPwzfPamC8eW,同手机号30分钟关联的IP city个数,11
0000,2026-08-27,LKUS_push,feature_6qwgYPGGuJZ4,IPC段近10分钟关联的手机号个数,11
0000,2026-08-27,LKUS_push,feature_Ym70ZsfxQKSc,一小时请求量,11
0000,2026-08-27,LKUS_push,feature_nnsdzZLQKPZ7,IP近10分钟关联的手机号个数,11
0000,2026-08-27,LKUS_push,feature_n91JeGM6gD6i,同区号近60分钟非美国IP访问次数,11
0000,2026-08-27,LKUS_grant_new_user_coupon,feature_oxYJ6qJ3BAfv,用户编号白名单,6
0000,2026-08-27,LKUS_grant_new_user_coupon,feature_vTICzBPfD3Ds,ip C段白名单,6
0000,2026-08-27,LKUS_grant_new_user_coupon,feature_P5eYl9a699fA,ip白名单,6
0000,2026-08-27,LKUS_grant_new_user_coupon,feature_yo8MLsBsGIsV,三方unionId白名单,6
0000,2026-08-27,LKUS_grant_new_user_coupon,feature_kqtp6XVcXXiQ,手机号白名单,6
0000,2026-08-27,LKUS_grant_new_user_coupon,feature_K0JuGvXPoQsS,网关uid白名单,6
0000,2026-08-27,LKUS_grant_new_user_coupon,feature_5caBWmAHDcCQ,邮箱白名单,6
0000,2026-08-27,LKUS_grant_new_user_coupon,feature_3CSh3LRVobu7,手机号黑名单,6
0000,2026-08-27,LKUS_grant_new_user_coupon,feature_jkeS0N10RDAn,网关uid黑名单,6
0000,2026-08-27,LKUS_grant_new_user_coupon,feature_7qCVo92BIECU,三方unionId黑名单,6
0000,2026-08-27,LKUS_grant_new_user_coupon,feature_9tl8mW2Gembc,邮箱黑名单,6
0000,2026-08-27,LKUS_grant_new_user_coupon,feature_g43LuQcahzCJ,用户编号黑名单,6
0000,2026-08-27,LKUS_grant_new_user_coupon,feature_cOkhRQVI91IV,ip黑名单,6
0000,2026-08-27,LKUS_grant_new_user_coupon,feature_XtxCPW1x9QTU,ip C段黑名单,6
0000,2026-08-27,LKUS_login,feature_vTICzBPfD3Ds,ip C段白名单,15
0000,2026-08-27,LKUS_login,feature_oxYJ6qJ3BAfv,用户编号白名单,15
0000,2026-08-27,LKUS_login,feature_P5eYl9a699fA,ip白名单,15
0000,2026-08-27,LKUS_login,feature_yo8MLsBsGIsV,三方unionId白名单,15
0000,2026-08-27,LKUS_login,feature_kqtp6XVcXXiQ,手机号白名单,15
0000,2026-08-27,LKUS_login,feature_K0JuGvXPoQsS,网关uid白名单,15
0000,2026-08-27,LKUS_login,feature_5caBWmAHDcCQ,邮箱白名单,15
0000,2026-08-27,LKUS_login,feature_3CSh3LRVobu7,手机号黑名单,15
0000,2026-08-27,LKUS_login,feature_jkeS0N10RDAn,网关uid黑名单,15
0000,2026-08-27,LKUS_login,feature_7qCVo92BIECU,三方unionId黑名单,15
0000,2026-08-27,LKUS_login,feature_9tl8mW2Gembc,邮箱黑名单,15
0000,2026-08-27,LKUS_login,feature_XtxCPW1x9QTU,ip C段黑名单,15
0000,2026-08-27,LKUS_login,feature_cOkhRQVI91IV,ip黑名单,15
0000,2026-08-27,LKUS_login,feature_g43LuQcahzCJ,用户编号黑名单,15
0000,2026-08-27,LKUS_login,feature_TLXI8MNiNglz,reCAPTCHA V3风险分,15
0000,2026-08-28,LKUS_payment,feature_vTICzBPfD3Ds,ip C段白名单,90
0000,2026-08-28,LKUS_payment,feature_oxYJ6qJ3BAfv,用户编号白名单,90
0000,2026-08-28,LKUS_payment,feature_P5eYl9a699fA,ip白名单,90
0000,2026-08-28,LKUS_payment,feature_yo8MLsBsGIsV,三方unionId白名单,90
0000,2026-08-28,LKUS_payment,feature_kqtp6XVcXXiQ,手机号白名单,90
0000,2026-08-28,LKUS_payment,feature_K0JuGvXPoQsS,网关uid白名单,90
0000,2026-08-28,LKUS_payment,feature_5caBWmAHDcCQ,邮箱白名单,90
0000,2026-08-28,LKUS_payment,feature_3CSh3LRVobu7,手机号黑名单,79
0000,2026-08-28,LKUS_payment,feature_jkeS0N10RDAn,网关uid黑名单,79
0000,2026-08-28,LKUS_payment,feature_7qCVo92BIECU,三方unionId黑名单,79
0000,2026-08-28,LKUS_payment,feature_9tl8mW2Gembc,邮箱黑名单,79
0000,2026-08-28,LKUS_payment,feature_XtxCPW1x9QTU,ip C段黑名单,79
0000,2026-08-28,LKUS_payment,feature_cOkhRQVI91IV,ip黑名单,79
0000,2026-08-28,LKUS_payment,feature_g43LuQcahzCJ,用户编号黑名单,79
0000,2026-08-28,LKUS_payment,feature_TLXI8MNiNglz,reCAPTCHA V3风险分,79
0000,2026-08-28,LKUS_physical_order_create,feature_oxYJ6qJ3BAfv,用户编号白名单,82
0000,2026-08-28,LKUS_physical_order_create,feature_vTICzBPfD3Ds,ip C段白名单,82
0000,2026-08-28,LKUS_physical_order_create,feature_P5eYl9a699fA,ip白名单,82
0000,2026-08-28,LKUS_physical_order_create,feature_yo8MLsBsGIsV,三方unionId白名单,82
0000,2026-08-28,LKUS_physical_order_create,feature_kqtp6XVcXXiQ,手机号白名单,82
0000,2026-08-28,LKUS_physical_order_create,feature_K0JuGvXPoQsS,网关uid白名单,82
0000,2026-08-28,LKUS_physical_order_create,feature_5caBWmAHDcCQ,邮箱白名单,82
0000,2026-08-28,LKUS_physical_order_create,feature_3CSh3LRVobu7,手机号黑名单,71
0000,2026-08-28,LKUS_physical_order_create,feature_jkeS0N10RDAn,网关uid黑名单,71
0000,2026-08-28,LKUS_physical_order_create,feature_7qCVo92BIECU,三方unionId黑名单,71
0000,2026-08-28,LKUS_physical_order_create,feature_9tl8mW2Gembc,邮箱黑名单,71
0000,2026-08-28,LKUS_physical_order_create,feature_g43LuQcahzCJ,用户编号黑名单,71
0000,2026-08-28,LKUS_physical_order_create,feature_cOkhRQVI91IV,ip黑名单,71
0000,2026-08-28,LKUS_physical_order_create,feature_XtxCPW1x9QTU,ip C段黑名单,71
0000,2026-08-28,LKUS_physical_order_create,feature_TLXI8MNiNglz,reCAPTCHA V3风险分,71
0000,2026-08-28,LKUS_push,feature_vTICzBPfD3Ds,ip C段白名单,26
0000,2026-08-28,LKUS_push,feature_oxYJ6qJ3BAfv,用户编号白名单,26
0000,2026-08-28,LKUS_push,feature_P5eYl9a699fA,ip白名单,26
0000,2026-08-28,LKUS_push,feature_yo8MLsBsGIsV,三方unionId白名单,26
0000,2026-08-28,LKUS_push,feature_kqtp6XVcXXiQ,手机号白名单,26
0000,2026-08-28,LKUS_push,feature_K0JuGvXPoQsS,网关uid白名单,26
0000,2026-08-28,LKUS_push,feature_5caBWmAHDcCQ,邮箱白名单,26
0000,2026-08-28,LKUS_push,feature_Fik6gvwY1tA6,手机号近1天的访问次数,26
0000,2026-08-28,LKUS_register,feature_vTICzBPfD3Ds,ip C段白名单,14
0000,2026-08-28,LKUS_register,feature_oxYJ6qJ3BAfv,用户编号白名单,14
0000,2026-08-28,LKUS_register,feature_P5eYl9a699fA,ip白名单,14
0000,2026-08-28,LKUS_register,feature_yo8MLsBsGIsV,三方unionId白名单,14
0000,2026-08-28,LKUS_register,feature_kqtp6XVcXXiQ,手机号白名单,14
0000,2026-08-28,LKUS_register,feature_K0JuGvXPoQsS,网关uid白名单,14
0000,2026-08-28,LKUS_register,feature_5caBWmAHDcCQ,邮箱白名单,14
0000,2026-08-28,LKUS_push,feature_3CSh3LRVobu7,手机号黑名单,22
0000,2026-08-28,LKUS_push,feature_jkeS0N10RDAn,网关uid黑名单,22
0000,2026-08-28,LKUS_push,feature_7qCVo92BIECU,三方unionId黑名单,22
0000,2026-08-28,LKUS_push,feature_9tl8mW2Gembc,邮箱黑名单,22
0000,2026-08-28,LKUS_push,feature_g43LuQcahzCJ,用户编号黑名单,22
0000,2026-08-28,LKUS_push,feature_cOkhRQVI91IV,ip黑名单,22
0000,2026-08-28,LKUS_push,feature_XtxCPW1x9QTU,ip C段黑名单,22
0000,2026-08-28,LKUS_push,feature_TLXI8MNiNglz,reCAPTCHA V3风险分,22
0000,2026-08-28,LKUS_push,feature_JaT2oyzVtD0q,手机号近1分钟的访问次数,22
0000,2026-08-28,LKUS_push,feature_r1bhlQnbfRHb,IP近60分钟关联的手机号个数,22
0000,2026-08-28,LKUS_push,feature_YkpmaKaJhcdG,区号近1天内的访问次数,22
0000,2026-08-28,LKUS_push,feature_7DbBgowc2mEl,IP近1分钟的访问次数,22
0000,2026-08-28,LKUS_push,feature_hspErCH8fSCE,手机号近30分钟的访问次数,22
0000,2026-08-28,LKUS_push,feature_Wg4dZ6VJBuTb,IP近1分钟关联的手机号个数,22
0000,2026-08-28,LKUS_push,feature_UOJYBEifd5Jn,区号近60分钟的访问次数,22
0000,2026-08-28,LKUS_push,feature_dqBHKec09Wwa,同区号近60分钟未携带recaptchaV3token 访问次数,22
0000,2026-08-28,LKUS_push,feature_53Ck9TgChpTW,IP近5分钟关联的手机号个数,22
0000,2026-08-28,LKUS_push,feature_WxHUxqIN0IuS,同IP近10分钟的访问次数,22
0000,2026-08-28,LKUS_push,feature_IPwzfPamC8eW,同手机号30分钟关联的IP city个数,22
0000,2026-08-28,LKUS_push,feature_6qwgYPGGuJZ4,IPC段近10分钟关联的手机号个数,22
0000,2026-08-28,LKUS_push,feature_lydpDiga6SB9,手机号近5分钟的访问次数,22
0000,2026-08-28,LKUS_push,feature_SdA1CjZvNCMG,区号近1分钟的访问次数,22
0000,2026-08-28,LKUS_push,feature_Ym70ZsfxQKSc,一小时请求量,22
0000,2026-08-28,LKUS_push,feature_nnsdzZLQKPZ7,IP近10分钟关联的手机号个数,22
0000,2026-08-28,LKUS_push,feature_n91JeGM6gD6i,同区号近60分钟非美国IP访问次数,22
0000,2026-08-28,LKUS_push,feature_pf88qk27w76j,区号近5分钟的访问次数,22
0000,2026-08-28,LKUS_push,feature_TGPe0mjAPwR5,IP近60分钟关联的国家区号个数,22
0000,2026-08-28,LKUS_register,feature_3CSh3LRVobu7,手机号黑名单,12
0000,2026-08-28,LKUS_register,feature_jkeS0N10RDAn,网关uid黑名单,12
0000,2026-08-28,LKUS_register,feature_7qCVo92BIECU,三方unionId黑名单,12
0000,2026-08-28,LKUS_register,feature_9tl8mW2Gembc,邮箱黑名单,12
0000,2026-08-28,LKUS_register,feature_g43LuQcahzCJ,用户编号黑名单,12
0000,2026-08-28,LKUS_register,feature_cOkhRQVI91IV,ip黑名单,12
0000,2026-08-28,LKUS_register,feature_XtxCPW1x9QTU,ip C段黑名单,12
0000,2026-08-28,LKUS_grant_new_user_coupon,feature_oxYJ6qJ3BAfv,用户编号白名单,9
0000,2026-08-28,LKUS_grant_new_user_coupon,feature_vTICzBPfD3Ds,ip C段白名单,9
0000,2026-08-28,LKUS_grant_new_user_coupon,feature_P5eYl9a699fA,ip白名单,9
0000,2026-08-28,LKUS_grant_new_user_coupon,feature_yo8MLsBsGIsV,三方unionId白名单,9
0000,2026-08-28,LKUS_grant_new_user_coupon,feature_kqtp6XVcXXiQ,手机号白名单,9
0000,2026-08-28,LKUS_grant_new_user_coupon,feature_K0JuGvXPoQsS,网关uid白名单,9
0000,2026-08-28,LKUS_grant_new_user_coupon,feature_5caBWmAHDcCQ,邮箱白名单,9
0000,2026-08-28,LKUS_grant_new_user_coupon,feature_3CSh3LRVobu7,手机号黑名单,9
0000,2026-08-28,LKUS_grant_new_user_coupon,feature_jkeS0N10RDAn,网关uid黑名单,9
0000,2026-08-28,LKUS_grant_new_user_coupon,feature_7qCVo92BIECU,三方unionId黑名单,9
0000,2026-08-28,LKUS_grant_new_user_coupon,feature_9tl8mW2Gembc,邮箱黑名单,9
0000,2026-08-28,LKUS_grant_new_user_coupon,feature_g43LuQcahzCJ,用户编号黑名单,9
0000,2026-08-28,LKUS_grant_new_user_coupon,feature_cOkhRQVI91IV,ip黑名单,9
0000,2026-08-28,LKUS_grant_new_user_coupon,feature_XtxCPW1x9QTU,ip C段黑名单,9
0000,2026-08-28,LKUS_login,feature_vTICzBPfD3Ds,ip C段白名单,17
0000,2026-08-28,LKUS_login,feature_oxYJ6qJ3BAfv,用户编号白名单,17
0000,2026-08-28,LKUS_login,feature_P5eYl9a699fA,ip白名单,17
0000,2026-08-28,LKUS_login,feature_yo8MLsBsGIsV,三方unionId白名单,17
0000,2026-08-28,LKUS_login,feature_kqtp6XVcXXiQ,手机号白名单,17
0000,2026-08-28,LKUS_login,feature_K0JuGvXPoQsS,网关uid白名单,17
0000,2026-08-28,LKUS_login,feature_5caBWmAHDcCQ,邮箱白名单,17
0000,2026-08-28,LKUS_login,feature_3CSh3LRVobu7,手机号黑名单,16
0000,2026-08-28,LKUS_login,feature_jkeS0N10RDAn,网关uid黑名单,16
0000,2026-08-28,LKUS_login,feature_7qCVo92BIECU,三方unionId黑名单,16
0000,2026-08-28,LKUS_login,feature_9tl8mW2Gembc,邮箱黑名单,16
0000,2026-08-28,LKUS_login,feature_XtxCPW1x9QTU,ip C段黑名单,16
0000,2026-08-28,LKUS_login,feature_cOkhRQVI91IV,ip黑名单,16
0000,2026-08-28,LKUS_login,feature_g43LuQcahzCJ,用户编号黑名单,16
0000,2026-08-28,LKUS_login,feature_TLXI8MNiNglz,reCAPTCHA V3风险分,16
0000,2026-08-29,LKUS_physical_order_create,feature_vTICzBPfD3Ds,ip C段白名单,54
0000,2026-08-29,LKUS_physical_order_create,feature_oxYJ6qJ3BAfv,用户编号白名单,54
0000,2026-08-29,LKUS_physical_order_create,feature_P5eYl9a699fA,ip白名单,54
0000,2026-08-29,LKUS_physical_order_create,feature_yo8MLsBsGIsV,三方unionId白名单,54
0000,2026-08-29,LKUS_physical_order_create,feature_kqtp6XVcXXiQ,手机号白名单,54
0000,2026-08-29,LKUS_physical_order_create,feature_K0JuGvXPoQsS,网关uid白名单,54
0000,2026-08-29,LKUS_physical_order_create,feature_5caBWmAHDcCQ,邮箱白名单,54
0000,2026-08-29,LKUS_physical_order_create,feature_3CSh3LRVobu7,手机号黑名单,38
0000,2026-08-29,LKUS_physical_order_create,feature_jkeS0N10RDAn,网关uid黑名单,38
0000,2026-08-29,LKUS_physical_order_create,feature_7qCVo92BIECU,三方unionId黑名单,38
0000,2026-08-29,LKUS_physical_order_create,feature_9tl8mW2Gembc,邮箱黑名单,38
0000,2026-08-29,LKUS_physical_order_create,feature_XtxCPW1x9QTU,ip C段黑名单,38
0000,2026-08-29,LKUS_physical_order_create,feature_cOkhRQVI91IV,ip黑名单,38
0000,2026-08-29,LKUS_physical_order_create,feature_g43LuQcahzCJ,用户编号黑名单,38
0000,2026-08-29,LKUS_physical_order_create,feature_TLXI8MNiNglz,reCAPTCHA V3风险分,38
0000,2026-08-29,LKUS_payment,feature_vTICzBPfD3Ds,ip C段白名单,58
0000,2026-08-29,LKUS_payment,feature_oxYJ6qJ3BAfv,用户编号白名单,58
0000,2026-08-29,LKUS_payment,feature_P5eYl9a699fA,ip白名单,58
0000,2026-08-29,LKUS_payment,feature_yo8MLsBsGIsV,三方unionId白名单,58
0000,2026-08-29,LKUS_payment,feature_kqtp6XVcXXiQ,手机号白名单,58
0000,2026-08-29,LKUS_payment,feature_K0JuGvXPoQsS,网关uid白名单,58
0000,2026-08-29,LKUS_payment,feature_5caBWmAHDcCQ,邮箱白名单,58
0000,2026-08-29,LKUS_payment,feature_3CSh3LRVobu7,手机号黑名单,41
0000,2026-08-29,LKUS_payment,feature_jkeS0N10RDAn,网关uid黑名单,41
0000,2026-08-29,LKUS_payment,feature_7qCVo92BIECU,三方unionId黑名单,41
0000,2026-08-29,LKUS_payment,feature_9tl8mW2Gembc,邮箱黑名单,41
0000,2026-08-29,LKUS_payment,feature_XtxCPW1x9QTU,ip C段黑名单,41
0000,2026-08-29,LKUS_payment,feature_cOkhRQVI91IV,ip黑名单,41
0000,2026-08-29,LKUS_payment,feature_g43LuQcahzCJ,用户编号黑名单,41
0000,2026-08-29,LKUS_payment,feature_TLXI8MNiNglz,reCAPTCHA V3风险分,41
0000,2026-08-29,LKUS_push,feature_vTICzBPfD3Ds,ip C段白名单,24
0000,2026-08-29,LKUS_push,feature_oxYJ6qJ3BAfv,用户编号白名单,24
0000,2026-08-29,LKUS_push,feature_P5eYl9a699fA,ip白名单,24
0000,2026-08-29,LKUS_push,feature_yo8MLsBsGIsV,三方unionId白名单,24
0000,2026-08-29,LKUS_push,feature_kqtp6XVcXXiQ,手机号白名单,24
0000,2026-08-29,LKUS_push,feature_K0JuGvXPoQsS,网关uid白名单,24
0000,2026-08-29,LKUS_push,feature_5caBWmAHDcCQ,邮箱白名单,24
0000,2026-08-29,LKUS_push,feature_Fik6gvwY1tA6,手机号近1天的访问次数,24
0000,2026-08-29,LKUS_push,feature_3CSh3LRVobu7,手机号黑名单,21
0000,2026-08-29,LKUS_push,feature_jkeS0N10RDAn,网关uid黑名单,21
0000,2026-08-29,LKUS_push,feature_7qCVo92BIECU,三方unionId黑名单,21
0000,2026-08-29,LKUS_push,feature_9tl8mW2Gembc,邮箱黑名单,21
0000,2026-08-29,LKUS_push,feature_XtxCPW1x9QTU,ip C段黑名单,21
0000,2026-08-29,LKUS_push,feature_cOkhRQVI91IV,ip黑名单,21
0000,2026-08-29,LKUS_push,feature_g43LuQcahzCJ,用户编号黑名单,21
0000,2026-08-29,LKUS_push,feature_TLXI8MNiNglz,reCAPTCHA V3风险分,21
0000,2026-08-29,LKUS_push,feature_JaT2oyzVtD0q,手机号近1分钟的访问次数,21
0000,2026-08-29,LKUS_push,feature_TGPe0mjAPwR5,IP近60分钟关联的国家区号个数,21
0000,2026-08-29,LKUS_push,feature_YkpmaKaJhcdG,区号近1天内的访问次数,21
0000,2026-08-29,LKUS_push,feature_Wg4dZ6VJBuTb,IP近1分钟关联的手机号个数,21
0000,2026-08-29,LKUS_push,feature_SdA1CjZvNCMG,区号近1分钟的访问次数,21
0000,2026-08-29,LKUS_push,feature_7DbBgowc2mEl,IP近1分钟的访问次数,21
0000,2026-08-29,LKUS_push,feature_Ym70ZsfxQKSc,一小时请求量,21
0000,2026-08-29,LKUS_push,feature_6qwgYPGGuJZ4,IPC段近10分钟关联的手机号个数,21
0000,2026-08-29,LKUS_push,feature_pf88qk27w76j,区号近5分钟的访问次数,21
0000,2026-08-29,LKUS_push,feature_UOJYBEifd5Jn,区号近60分钟的访问次数,21
0000,2026-08-29,LKUS_push,feature_dqBHKec09Wwa,同区号近60分钟未携带recaptchaV3token 访问次数,21
0000,2026-08-29,LKUS_push,feature_lydpDiga6SB9,手机号近5分钟的访问次数,21
0000,2026-08-29,LKUS_push,feature_nnsdzZLQKPZ7,IP近10分钟关联的手机号个数,21
0000,2026-08-29,LKUS_push,feature_n91JeGM6gD6i,同区号近60分钟非美国IP访问次数,21
0000,2026-08-29,LKUS_push,feature_WxHUxqIN0IuS,同IP近10分钟的访问次数,21
0000,2026-08-29,LKUS_push,feature_IPwzfPamC8eW,同手机号30分钟关联的IP city个数,21
0000,2026-08-29,LKUS_push,feature_r1bhlQnbfRHb,IP近60分钟关联的手机号个数,21
0000,2026-08-29,LKUS_push,feature_53Ck9TgChpTW,IP近5分钟关联的手机号个数,21
0000,2026-08-29,LKUS_push,feature_hspErCH8fSCE,手机号近30分钟的访问次数,21
0000,2026-08-29,LKUS_login,feature_oxYJ6qJ3BAfv,用户编号白名单,12
0000,2026-08-29,LKUS_login,feature_vTICzBPfD3Ds,ip C段白名单,12
0000,2026-08-29,LKUS_login,feature_P5eYl9a699fA,ip白名单,12
0000,2026-08-29,LKUS_login,feature_yo8MLsBsGIsV,三方unionId白名单,12
0000,2026-08-29,LKUS_login,feature_kqtp6XVcXXiQ,手机号白名单,12
0000,2026-08-29,LKUS_login,feature_K0JuGvXPoQsS,网关uid白名单,12
0000,2026-08-29,LKUS_login,feature_5caBWmAHDcCQ,邮箱白名单,12
0000,2026-08-29,LKUS_login,feature_3CSh3LRVobu7,手机号黑名单,10
0000,2026-08-29,LKUS_login,feature_jkeS0N10RDAn,网关uid黑名单,10
0000,2026-08-29,LKUS_login,feature_7qCVo92BIECU,三方unionId黑名单,10
0000,2026-08-29,LKUS_login,feature_9tl8mW2Gembc,邮箱黑名单,10
0000,2026-08-29,LKUS_login,feature_g43LuQcahzCJ,用户编号黑名单,10
0000,2026-08-29,LKUS_login,feature_cOkhRQVI91IV,ip黑名单,10
0000,2026-08-29,LKUS_login,feature_XtxCPW1x9QTU,ip C段黑名单,10
0000,2026-08-29,LKUS_login,feature_TLXI8MNiNglz,reCAPTCHA V3风险分,10
0000,2026-08-29,LKUS_grant_new_user_coupon,feature_oxYJ6qJ3BAfv,用户编号白名单,7
0000,2026-08-29,LKUS_grant_new_user_coupon,feature_vTICzBPfD3Ds,ip C段白名单,7
0000,2026-08-29,LKUS_grant_new_user_coupon,feature_P5eYl9a699fA,ip白名单,7
0000,2026-08-29,LKUS_grant_new_user_coupon,feature_yo8MLsBsGIsV,三方unionId白名单,7
0000,2026-08-29,LKUS_grant_new_user_coupon,feature_kqtp6XVcXXiQ,手机号白名单,7
0000,2026-08-29,LKUS_grant_new_user_coupon,feature_K0JuGvXPoQsS,网关uid白名单,7
0000,2026-08-29,LKUS_grant_new_user_coupon,feature_5caBWmAHDcCQ,邮箱白名单,7
0000,2026-08-29,LKUS_grant_new_user_coupon,feature_3CSh3LRVobu7,手机号黑名单,7
0000,2026-08-29,LKUS_grant_new_user_coupon,feature_jkeS0N10RDAn,网关uid黑名单,7
0000,2026-08-29,LKUS_grant_new_user_coupon,feature_7qCVo92BIECU,三方unionId黑名单,7
0000,2026-08-29,LKUS_grant_new_user_coupon,feature_9tl8mW2Gembc,邮箱黑名单,7
0000,2026-08-29,LKUS_grant_new_user_coupon,feature_g43LuQcahzCJ,用户编号黑名单,7
0000,2026-08-29,LKUS_grant_new_user_coupon,feature_cOkhRQVI91IV,ip黑名单,7
0000,2026-08-29,LKUS_grant_new_user_coupon,feature_XtxCPW1x9QTU,ip C段黑名单,7
0000,2026-08-29,LKUS_register,feature_vTICzBPfD3Ds,ip C段白名单,10
0000,2026-08-29,LKUS_register,feature_oxYJ6qJ3BAfv,用户编号白名单,10
0000,2026-08-29,LKUS_register,feature_P5eYl9a699fA,ip白名单,10
0000,2026-08-29,LKUS_register,feature_yo8MLsBsGIsV,三方unionId白名单,10
0000,2026-08-29,LKUS_register,feature_kqtp6XVcXXiQ,手机号白名单,10
0000,2026-08-29,LKUS_register,feature_K0JuGvXPoQsS,网关uid白名单,10
0000,2026-08-29,LKUS_register,feature_5caBWmAHDcCQ,邮箱白名单,10
0000,2026-08-29,LKUS_register,feature_3CSh3LRVobu7,手机号黑名单,9
0000,2026-08-29,LKUS_register,feature_jkeS0N10RDAn,网关uid黑名单,9
0000,2026-08-29,LKUS_register,feature_7qCVo92BIECU,三方unionId黑名单,9
0000,2026-08-29,LKUS_register,feature_9tl8mW2Gembc,邮箱黑名单,9
0000,2026-08-29,LKUS_register,feature_XtxCPW1x9QTU,ip C段黑名单,9
0000,2026-08-29,LKUS_register,feature_cOkhRQVI91IV,ip黑名单,9
0000,2026-08-29,LKUS_register,feature_g43LuQcahzCJ,用户编号黑名单,9
0000,2026-08-30,LKUS_push,feature_vTICzBPfD3Ds,ip C段白名单,14
0000,2026-08-30,LKUS_push,feature_oxYJ6qJ3BAfv,用户编号白名单,14
0000,2026-08-30,LKUS_push,feature_P5eYl9a699fA,ip白名单,14
0000,2026-08-30,LKUS_push,feature_yo8MLsBsGIsV,三方unionId白名单,14
0000,2026-08-30,LKUS_push,feature_kqtp6XVcXXiQ,手机号白名单,14
0000,2026-08-30,LKUS_push,feature_K0JuGvXPoQsS,网关uid白名单,14
0000,2026-08-30,LKUS_push,feature_5caBWmAHDcCQ,邮箱白名单,14
0000,2026-08-30,LKUS_push,feature_Fik6gvwY1tA6,手机号近1天的访问次数,14
0000,2026-08-30,LKUS_push,feature_3CSh3LRVobu7,手机号黑名单,14
0000,2026-08-30,LKUS_push,feature_jkeS0N10RDAn,网关uid黑名单,14
0000,2026-08-30,LKUS_push,feature_7qCVo92BIECU,三方unionId黑名单,14
0000,2026-08-30,LKUS_push,feature_9tl8mW2Gembc,邮箱黑名单,14
0000,2026-08-30,LKUS_push,feature_XtxCPW1x9QTU,ip C段黑名单,14
0000,2026-08-30,LKUS_push,feature_cOkhRQVI91IV,ip黑名单,14
0000,2026-08-30,LKUS_push,feature_g43LuQcahzCJ,用户编号黑名单,14
0000,2026-08-30,LKUS_push,feature_TLXI8MNiNglz,reCAPTCHA V3风险分,14
0000,2026-08-30,LKUS_push,feature_JaT2oyzVtD0q,手机号近1分钟的访问次数,14
0000,2026-08-30,LKUS_push,feature_TGPe0mjAPwR5,IP近60分钟关联的国家区号个数,14
0000,2026-08-30,LKUS_push,feature_YkpmaKaJhcdG,区号近1天内的访问次数,14
0000,2026-08-30,LKUS_push,feature_Wg4dZ6VJBuTb,IP近1分钟关联的手机号个数,14
0000,2026-08-30,LKUS_push,feature_SdA1CjZvNCMG,区号近1分钟的访问次数,14
0000,2026-08-30,LKUS_push,feature_7DbBgowc2mEl,IP近1分钟的访问次数,14
0000,2026-08-30,LKUS_push,feature_Ym70ZsfxQKSc,一小时请求量,14
0000,2026-08-30,LKUS_push,feature_6qwgYPGGuJZ4,IPC段近10分钟关联的手机号个数,14
0000,2026-08-30,LKUS_push,feature_pf88qk27w76j,区号近5分钟的访问次数,14
0000,2026-08-30,LKUS_push,feature_UOJYBEifd5Jn,区号近60分钟的访问次数,14
0000,2026-08-30,LKUS_push,feature_dqBHKec09Wwa,同区号近60分钟未携带recaptchaV3token 访问次数,14
0000,2026-08-30,LKUS_push,feature_lydpDiga6SB9,手机号近5分钟的访问次数,14
0000,2026-08-30,LKUS_push,feature_nnsdzZLQKPZ7,IP近10分钟关联的手机号个数,14
0000,2026-08-30,LKUS_push,feature_n91JeGM6gD6i,同区号近60分钟非美国IP访问次数,14
0000,2026-08-30,LKUS_push,feature_WxHUxqIN0IuS,同IP近10分钟的访问次数,14
0000,2026-08-30,LKUS_push,feature_IPwzfPamC8eW,同手机号30分钟关联的IP city个数,14
0000,2026-08-30,LKUS_push,feature_r1bhlQnbfRHb,IP近60分钟关联的手机号个数,14
0000,2026-08-30,LKUS_push,feature_53Ck9TgChpTW,IP近5分钟关联的手机号个数,14
0000,2026-08-30,LKUS_push,feature_hspErCH8fSCE,手机号近30分钟的访问次数,14
0000,2026-08-30,LKUS_login,feature_vTICzBPfD3Ds,ip C段白名单,18
0000,2026-08-30,LKUS_login,feature_oxYJ6qJ3BAfv,用户编号白名单,18
0000,2026-08-30,LKUS_login,feature_P5eYl9a699fA,ip白名单,18
0000,2026-08-30,LKUS_login,feature_yo8MLsBsGIsV,三方unionId白名单,18
0000,2026-08-30,LKUS_login,feature_kqtp6XVcXXiQ,手机号白名单,18
0000,2026-08-30,LKUS_login,feature_K0JuGvXPoQsS,网关uid白名单,18
0000,2026-08-30,LKUS_login,feature_5caBWmAHDcCQ,邮箱白名单,18
0000,2026-08-30,LKUS_login,feature_3CSh3LRVobu7,手机号黑名单,18
0000,2026-08-30,LKUS_login,feature_jkeS0N10RDAn,网关uid黑名单,18
0000,2026-08-30,LKUS_login,feature_7qCVo92BIECU,三方unionId黑名单,18
0000,2026-08-30,LKUS_login,feature_9tl8mW2Gembc,邮箱黑名单,18
0000,2026-08-30,LKUS_login,feature_XtxCPW1x9QTU,ip C段黑名单,18
0000,2026-08-30,LKUS_login,feature_cOkhRQVI91IV,ip黑名单,18
0000,2026-08-30,LKUS_login,feature_g43LuQcahzCJ,用户编号黑名单,18
0000,2026-08-30,LKUS_login,feature_TLXI8MNiNglz,reCAPTCHA V3风险分,18
0000,2026-08-30,LKUS_grant_new_user_coupon,feature_vTICzBPfD3Ds,ip C段白名单,10
0000,2026-08-30,LKUS_grant_new_user_coupon,feature_oxYJ6qJ3BAfv,用户编号白名单,10
0000,2026-08-30,LKUS_grant_new_user_coupon,feature_P5eYl9a699fA,ip白名单,10
0000,2026-08-30,LKUS_grant_new_user_coupon,feature_yo8MLsBsGIsV,三方unionId白名单,10
0000,2026-08-30,LKUS_grant_new_user_coupon,feature_kqtp6XVcXXiQ,手机号白名单,10
0000,2026-08-30,LKUS_grant_new_user_coupon,feature_K0JuGvXPoQsS,网关uid白名单,10
0000,2026-08-30,LKUS_grant_new_user_coupon,feature_5caBWmAHDcCQ,邮箱白名单,10
0000,2026-08-30,LKUS_grant_new_user_coupon,feature_3CSh3LRVobu7,手机号黑名单,10
0000,2026-08-30,LKUS_grant_new_user_coupon,feature_jkeS0N10RDAn,网关uid黑名单,10
0000,2026-08-30,LKUS_grant_new_user_coupon,feature_7qCVo92BIECU,三方unionId黑名单,10
0000,2026-08-30,LKUS_grant_new_user_coupon,feature_9tl8mW2Gembc,邮箱黑名单,10
0000,2026-08-30,LKUS_grant_new_user_coupon,feature_XtxCPW1x9QTU,ip C段黑名单,10
0000,2026-08-30,LKUS_grant_new_user_coupon,feature_cOkhRQVI91IV,ip黑名单,10
0000,2026-08-30,LKUS_grant_new_user_coupon,feature_g43LuQcahzCJ,用户编号黑名单,10
0000,2026-08-30,LKUS_physical_order_create,feature_vTICzBPfD3Ds,ip C段白名单,52
0000,2026-08-30,LKUS_physical_order_create,feature_oxYJ6qJ3BAfv,用户编号白名单,52
0000,2026-08-30,LKUS_physical_order_create,feature_P5eYl9a699fA,ip白名单,52
0000,2026-08-30,LKUS_physical_order_create,feature_yo8MLsBsGIsV,三方unionId白名单,52
0000,2026-08-30,LKUS_physical_order_create,feature_kqtp6XVcXXiQ,手机号白名单,52
0000,2026-08-30,LKUS_physical_order_create,feature_K0JuGvXPoQsS,网关uid白名单,52
0000,2026-08-30,LKUS_physical_order_create,feature_5caBWmAHDcCQ,邮箱白名单,52
0000,2026-08-30,LKUS_physical_order_create,feature_3CSh3LRVobu7,手机号黑名单,43
0000,2026-08-30,LKUS_physical_order_create,feature_jkeS0N10RDAn,网关uid黑名单,43
0000,2026-08-30,LKUS_physical_order_create,feature_7qCVo92BIECU,三方unionId黑名单,43
0000,2026-08-30,LKUS_physical_order_create,feature_9tl8mW2Gembc,邮箱黑名单,43
0000,2026-08-30,LKUS_physical_order_create,feature_XtxCPW1x9QTU,ip C段黑名单,43
0000,2026-08-30,LKUS_physical_order_create,feature_cOkhRQVI91IV,ip黑名单,43
0000,2026-08-30,LKUS_physical_order_create,feature_g43LuQcahzCJ,用户编号黑名单,43
0000,2026-08-30,LKUS_physical_order_create,feature_TLXI8MNiNglz,reCAPTCHA V3风险分,43
0000,2026-08-30,LKUS_payment,feature_oxYJ6qJ3BAfv,用户编号白名单,54
0000,2026-08-30,LKUS_payment,feature_vTICzBPfD3Ds,ip C段白名单,54
0000,2026-08-30,LKUS_payment,feature_P5eYl9a699fA,ip白名单,54
0000,2026-08-30,LKUS_payment,feature_yo8MLsBsGIsV,三方unionId白名单,54
0000,2026-08-30,LKUS_payment,feature_kqtp6XVcXXiQ,手机号白名单,54
0000,2026-08-30,LKUS_payment,feature_K0JuGvXPoQsS,网关uid白名单,54
0000,2026-08-30,LKUS_payment,feature_5caBWmAHDcCQ,邮箱白名单,54
0000,2026-08-30,LKUS_payment,feature_3CSh3LRVobu7,手机号黑名单,44
0000,2026-08-30,LKUS_payment,feature_jkeS0N10RDAn,网关uid黑名单,44
0000,2026-08-30,LKUS_payment,feature_7qCVo92BIECU,三方unionId黑名单,44
0000,2026-08-30,LKUS_payment,feature_9tl8mW2Gembc,邮箱黑名单,44
0000,2026-08-30,LKUS_payment,feature_g43LuQcahzCJ,用户编号黑名单,44
0000,2026-08-30,LKUS_payment,feature_cOkhRQVI91IV,ip黑名单,44
0000,2026-08-30,LKUS_payment,feature_XtxCPW1x9QTU,ip C段黑名单,44
0000,2026-08-30,LKUS_payment,feature_TLXI8MNiNglz,reCAPTCHA V3风险分,44
0000,2026-08-30,LKUS_register,feature_vTICzBPfD3Ds,ip C段白名单,10
0000,2026-08-30,LKUS_register,feature_oxYJ6qJ3BAfv,用户编号白名单,10
0000,2026-08-30,LKUS_register,feature_P5eYl9a699fA,ip白名单,10
0000,2026-08-30,LKUS_register,feature_yo8MLsBsGIsV,三方unionId白名单,10
0000,2026-08-30,LKUS_register,feature_kqtp6XVcXXiQ,手机号白名单,10
0000,2026-08-30,LKUS_register,feature_K0JuGvXPoQsS,网关uid白名单,10
0000,2026-08-30,LKUS_register,feature_5caBWmAHDcCQ,邮箱白名单,10
0000,2026-08-30,LKUS_register,feature_3CSh3LRVobu7,手机号黑名单,10
0000,2026-08-30,LKUS_register,feature_jkeS0N10RDAn,网关uid黑名单,10
0000,2026-08-30,LKUS_register,feature_7qCVo92BIECU,三方unionId黑名单,10
0000,2026-08-30,LKUS_register,feature_9tl8mW2Gembc,邮箱黑名单,10
0000,2026-08-30,LKUS_register,feature_XtxCPW1x9QTU,ip C段黑名单,10
0000,2026-08-30,LKUS_register,feature_cOkhRQVI91IV,ip黑名单,10
0000,2026-08-30,LKUS_register,feature_g43LuQcahzCJ,用户编号黑名单,10
0000,2026-08-30,LKUS_physical_order_cancel,feature_oxYJ6qJ3BAfv,用户编号白名单,1
0000,2026-08-30,LKUS_physical_order_cancel,feature_vTICzBPfD3Ds,ip C段白名单,1
0000,2026-08-30,LKUS_physical_order_cancel,feature_P5eYl9a699fA,ip白名单,1
0000,2026-08-30,LKUS_physical_order_cancel,feature_yo8MLsBsGIsV,三方unionId白名单,1
0000,2026-08-30,LKUS_physical_order_cancel,feature_kqtp6XVcXXiQ,手机号白名单,1
0000,2026-08-30,LKUS_physical_order_cancel,feature_K0JuGvXPoQsS,网关uid白名单,1
0000,2026-08-30,LKUS_physical_order_cancel,feature_5caBWmAHDcCQ,邮箱白名单,1
0000,2026-08-30,LKUS_physical_order_cancel,feature_3CSh3LRVobu7,手机号黑名单,1
0000,2026-08-30,LKUS_physical_order_cancel,feature_jkeS0N10RDAn,网关uid黑名单,1
0000,2026-08-30,LKUS_physical_order_cancel,feature_7qCVo92BIECU,三方unionId黑名单,1
0000,2026-08-30,LKUS_physical_order_cancel,feature_9tl8mW2Gembc,邮箱黑名单,1
0000,2026-08-30,LKUS_physical_order_cancel,feature_g43LuQcahzCJ,用户编号黑名单,1
0000,2026-08-30,LKUS_physical_order_cancel,feature_cOkhRQVI91IV,ip黑名单,1
0000,2026-08-30,LKUS_physical_order_cancel,feature_XtxCPW1x9QTU,ip C段黑名单,1
0000,2026-08-31,LKUS_push,feature_vTICzBPfD3Ds,ip C段白名单,17
0000,2026-08-31,LKUS_push,feature_oxYJ6qJ3BAfv,用户编号白名单,17
0000,2026-08-31,LKUS_push,feature_P5eYl9a699fA,ip白名单,17
0000,2026-08-31,LKUS_push,feature_yo8MLsBsGIsV,三方unionId白名单,17
0000,2026-08-31,LKUS_push,feature_kqtp6XVcXXiQ,手机号白名单,17
0000,2026-08-31,LKUS_push,feature_K0JuGvXPoQsS,网关uid白名单,17
0000,2026-08-31,LKUS_push,feature_5caBWmAHDcCQ,邮箱白名单,17
0000,2026-08-31,LKUS_push,feature_Fik6gvwY1tA6,手机号近1天的访问次数,17
0000,2026-08-31,LKUS_push,feature_3CSh3LRVobu7,手机号黑名单,16
0000,2026-08-31,LKUS_push,feature_jkeS0N10RDAn,网关uid黑名单,16
0000,2026-08-31,LKUS_push,feature_7qCVo92BIECU,三方unionId黑名单,16
0000,2026-08-31,LKUS_push,feature_9tl8mW2Gembc,邮箱黑名单,16
0000,2026-08-31,LKUS_push,feature_XtxCPW1x9QTU,ip C段黑名单,16
0000,2026-08-31,LKUS_push,feature_cOkhRQVI91IV,ip黑名单,16
0000,2026-08-31,LKUS_push,feature_g43LuQcahzCJ,用户编号黑名单,16
0000,2026-08-31,LKUS_push,feature_TLXI8MNiNglz,reCAPTCHA V3风险分,16
0000,2026-08-31,LKUS_push,feature_JaT2oyzVtD0q,手机号近1分钟的访问次数,16
0000,2026-08-31,LKUS_push,feature_TGPe0mjAPwR5,IP近60分钟关联的国家区号个数,16
0000,2026-08-31,LKUS_push,feature_YkpmaKaJhcdG,区号近1天内的访问次数,16
0000,2026-08-31,LKUS_push,feature_Wg4dZ6VJBuTb,IP近1分钟关联的手机号个数,16
0000,2026-08-31,LKUS_push,feature_SdA1CjZvNCMG,区号近1分钟的访问次数,16
0000,2026-08-31,LKUS_push,feature_7DbBgowc2mEl,IP近1分钟的访问次数,16
0000,2026-08-31,LKUS_push,feature_Ym70ZsfxQKSc,一小时请求量,16
0000,2026-08-31,LKUS_push,feature_6qwgYPGGuJZ4,IPC段近10分钟关联的手机号个数,16
0000,2026-08-31,LKUS_push,feature_pf88qk27w76j,区号近5分钟的访问次数,16
0000,2026-08-31,LKUS_push,feature_UOJYBEifd5Jn,区号近60分钟的访问次数,16
0000,2026-08-31,LKUS_push,feature_dqBHKec09Wwa,同区号近60分钟未携带recaptchaV3token 访问次数,16
0000,2026-08-31,LKUS_push,feature_lydpDiga6SB9,手机号近5分钟的访问次数,16
0000,2026-08-31,LKUS_push,feature_nnsdzZLQKPZ7,IP近10分钟关联的手机号个数,16
0000,2026-08-31,LKUS_push,feature_n91JeGM6gD6i,同区号近60分钟非美国IP访问次数,16
0000,2026-08-31,LKUS_push,feature_WxHUxqIN0IuS,同IP近10分钟的访问次数,16
0000,2026-08-31,LKUS_push,feature_IPwzfPamC8eW,同手机号30分钟关联的IP city个数,16
0000,2026-08-31,LKUS_push,feature_r1bhlQnbfRHb,IP近60分钟关联的手机号个数,16
0000,2026-08-31,LKUS_push,feature_53Ck9TgChpTW,IP近5分钟关联的手机号个数,16
0000,2026-08-31,LKUS_push,feature_hspErCH8fSCE,手机号近30分钟的访问次数,16
0000,2026-08-31,LKUS_register,feature_vTICzBPfD3Ds,ip C段白名单,5
0000,2026-08-31,LKUS_register,feature_oxYJ6qJ3BAfv,用户编号白名单,5
0000,2026-08-31,LKUS_register,feature_P5eYl9a699fA,ip白名单,5
0000,2026-08-31,LKUS_register,feature_yo8MLsBsGIsV,三方unionId白名单,5
0000,2026-08-31,LKUS_register,feature_kqtp6XVcXXiQ,手机号白名单,5
0000,2026-08-31,LKUS_register,feature_K0JuGvXPoQsS,网关uid白名单,5
0000,2026-08-31,LKUS_register,feature_5caBWmAHDcCQ,邮箱白名单,5
0000,2026-08-31,LKUS_register,feature_3CSh3LRVobu7,手机号黑名单,5
0000,2026-08-31,LKUS_register,feature_jkeS0N10RDAn,网关uid黑名单,5
0000,2026-08-31,LKUS_register,feature_7qCVo92BIECU,三方unionId黑名单,5
0000,2026-08-31,LKUS_register,feature_9tl8mW2Gembc,邮箱黑名单,5
0000,2026-08-31,LKUS_register,feature_XtxCPW1x9QTU,ip C段黑名单,5
0000,2026-08-31,LKUS_register,feature_cOkhRQVI91IV,ip黑名单,5
0000,2026-08-31,LKUS_register,feature_g43LuQcahzCJ,用户编号黑名单,5
0000,2026-08-31,LKUS_physical_order_create,feature_vTICzBPfD3Ds,ip C段白名单,74
0000,2026-08-31,LKUS_physical_order_create,feature_oxYJ6qJ3BAfv,用户编号白名单,74
0000,2026-08-31,LKUS_physical_order_create,feature_P5eYl9a699fA,ip白名单,74
0000,2026-08-31,LKUS_physical_order_create,feature_yo8MLsBsGIsV,三方unionId白名单,74
0000,2026-08-31,LKUS_physical_order_create,feature_kqtp6XVcXXiQ,手机号白名单,74
0000,2026-08-31,LKUS_physical_order_create,feature_K0JuGvXPoQsS,网关uid白名单,74
0000,2026-08-31,LKUS_physical_order_create,feature_5caBWmAHDcCQ,邮箱白名单,74
0000,2026-08-31,LKUS_physical_order_create,feature_3CSh3LRVobu7,手机号黑名单,63
0000,2026-08-31,LKUS_physical_order_create,feature_jkeS0N10RDAn,网关uid黑名单,63
0000,2026-08-31,LKUS_physical_order_create,feature_7qCVo92BIECU,三方unionId黑名单,63
0000,2026-08-31,LKUS_physical_order_create,feature_9tl8mW2Gembc,邮箱黑名单,63
0000,2026-08-31,LKUS_physical_order_create,feature_XtxCPW1x9QTU,ip C段黑名单,63
0000,2026-08-31,LKUS_physical_order_create,feature_cOkhRQVI91IV,ip黑名单,63
0000,2026-08-31,LKUS_physical_order_create,feature_g43LuQcahzCJ,用户编号黑名单,63
0000,2026-08-31,LKUS_physical_order_create,feature_TLXI8MNiNglz,reCAPTCHA V3风险分,63
0000,2026-08-31,LKUS_payment,feature_oxYJ6qJ3BAfv,用户编号白名单,82
0000,2026-08-31,LKUS_payment,feature_vTICzBPfD3Ds,ip C段白名单,82
0000,2026-08-31,LKUS_payment,feature_P5eYl9a699fA,ip白名单,82
0000,2026-08-31,LKUS_payment,feature_yo8MLsBsGIsV,三方unionId白名单,82
0000,2026-08-31,LKUS_payment,feature_kqtp6XVcXXiQ,手机号白名单,82
0000,2026-08-31,LKUS_payment,feature_K0JuGvXPoQsS,网关uid白名单,82
0000,2026-08-31,LKUS_payment,feature_5caBWmAHDcCQ,邮箱白名单,82
0000,2026-08-31,LKUS_payment,feature_3CSh3LRVobu7,手机号黑名单,69
0000,2026-08-31,LKUS_payment,feature_jkeS0N10RDAn,网关uid黑名单,69
0000,2026-08-31,LKUS_payment,feature_7qCVo92BIECU,三方unionId黑名单,69
0000,2026-08-31,LKUS_payment,feature_9tl8mW2Gembc,邮箱黑名单,69
0000,2026-08-31,LKUS_payment,feature_g43LuQcahzCJ,用户编号黑名单,69
0000,2026-08-31,LKUS_payment,feature_cOkhRQVI91IV,ip黑名单,69
0000,2026-08-31,LKUS_payment,feature_XtxCPW1x9QTU,ip C段黑名单,69
0000,2026-08-31,LKUS_payment,feature_TLXI8MNiNglz,reCAPTCHA V3风险分,69
0000,2026-08-31,LKUS_login,feature_vTICzBPfD3Ds,ip C段白名单,10
0000,2026-08-31,LKUS_login,feature_oxYJ6qJ3BAfv,用户编号白名单,10
0000,2026-08-31,LKUS_login,feature_P5eYl9a699fA,ip白名单,10
0000,2026-08-31,LKUS_login,feature_yo8MLsBsGIsV,三方unionId白名单,10
0000,2026-08-31,LKUS_login,feature_kqtp6XVcXXiQ,手机号白名单,10
0000,2026-08-31,LKUS_login,feature_K0JuGvXPoQsS,网关uid白名单,10
0000,2026-08-31,LKUS_login,feature_5caBWmAHDcCQ,邮箱白名单,10
0000,2026-08-31,LKUS_login,feature_3CSh3LRVobu7,手机号黑名单,10
0000,2026-08-31,LKUS_login,feature_jkeS0N10RDAn,网关uid黑名单,10
0000,2026-08-31,LKUS_login,feature_7qCVo92BIECU,三方unionId黑名单,10
0000,2026-08-31,LKUS_login,feature_9tl8mW2Gembc,邮箱黑名单,10
0000,2026-08-31,LKUS_login,feature_XtxCPW1x9QTU,ip C段黑名单,10
0000,2026-08-31,LKUS_login,feature_cOkhRQVI91IV,ip黑名单,10
0000,2026-08-31,LKUS_login,feature_g43LuQcahzCJ,用户编号黑名单,10
0000,2026-08-31,LKUS_login,feature_TLXI8MNiNglz,reCAPTCHA V3风险分,10
0000,2026-08-31,LKUS_grant_new_user_coupon,feature_oxYJ6qJ3BAfv,用户编号白名单,4
0000,2026-08-31,LKUS_grant_new_user_coupon,feature_vTICzBPfD3Ds,ip C段白名单,4
0000,2026-08-31,LKUS_grant_new_user_coupon,feature_P5eYl9a699fA,ip白名单,4
0000,2026-08-31,LKUS_grant_new_user_coupon,feature_yo8MLsBsGIsV,三方unionId白名单,4
0000,2026-08-31,LKUS_grant_new_user_coupon,feature_kqtp6XVcXXiQ,手机号白名单,4
0000,2026-08-31,LKUS_grant_new_user_coupon,feature_K0JuGvXPoQsS,网关uid白名单,4
0000,2026-08-31,LKUS_grant_new_user_coupon,feature_5caBWmAHDcCQ,邮箱白名单,4
0000,2026-08-31,LKUS_grant_new_user_coupon,feature_3CSh3LRVobu7,手机号黑名单,4
0000,2026-08-31,LKUS_grant_new_user_coupon,feature_jkeS0N10RDAn,网关uid黑名单,4
0000,2026-08-31,LKUS_grant_new_user_coupon,feature_7qCVo92BIECU,三方unionId黑名单,4
0000,2026-08-31,LKUS_grant_new_user_coupon,feature_9tl8mW2Gembc,邮箱黑名单,4
0000,2026-08-31,LKUS_grant_new_user_coupon,feature_g43LuQcahzCJ,用户编号黑名单,4
0000,2026-08-31,LKUS_grant_new_user_coupon,feature_cOkhRQVI91IV,ip黑名单,4
0000,2026-08-31,LKUS_grant_new_user_coupon,feature_XtxCPW1x9QTU,ip C段黑名单,4
0000,2026-09-01,LKUS_push,feature_vTICzBPfD3Ds,ip C段白名单,26
0000,2026-09-01,LKUS_push,feature_oxYJ6qJ3BAfv,用户编号白名单,26
0000,2026-09-01,LKUS_push,feature_P5eYl9a699fA,ip白名单,26
0000,2026-09-01,LKUS_push,feature_yo8MLsBsGIsV,三方unionId白名单,26
0000,2026-09-01,LKUS_push,feature_kqtp6XVcXXiQ,手机号白名单,26
0000,2026-09-01,LKUS_push,feature_K0JuGvXPoQsS,网关uid白名单,26
0000,2026-09-01,LKUS_push,feature_5caBWmAHDcCQ,邮箱白名单,26
0000,2026-09-01,LKUS_push,feature_Fik6gvwY1tA6,手机号近1天的访问次数,26
0000,2026-09-01,LKUS_push,feature_3CSh3LRVobu7,手机号黑名单,24
0000,2026-09-01,LKUS_push,feature_jkeS0N10RDAn,网关uid黑名单,24
0000,2026-09-01,LKUS_push,feature_7qCVo92BIECU,三方unionId黑名单,24
0000,2026-09-01,LKUS_push,feature_9tl8mW2Gembc,邮箱黑名单,24
0000,2026-09-01,LKUS_push,feature_XtxCPW1x9QTU,ip C段黑名单,24
0000,2026-09-01,LKUS_push,feature_cOkhRQVI91IV,ip黑名单,24
0000,2026-09-01,LKUS_push,feature_g43LuQcahzCJ,用户编号黑名单,24
0000,2026-09-01,LKUS_push,feature_TLXI8MNiNglz,reCAPTCHA V3风险分,24
0000,2026-09-01,LKUS_push,feature_JaT2oyzVtD0q,手机号近1分钟的访问次数,24
0000,2026-09-01,LKUS_push,feature_TGPe0mjAPwR5,IP近60分钟关联的国家区号个数,24
0000,2026-09-01,LKUS_push,feature_YkpmaKaJhcdG,区号近1天内的访问次数,24
0000,2026-09-01,LKUS_push,feature_Wg4dZ6VJBuTb,IP近1分钟关联的手机号个数,24
0000,2026-09-01,LKUS_push,feature_SdA1CjZvNCMG,区号近1分钟的访问次数,24
0000,2026-09-01,LKUS_push,feature_7DbBgowc2mEl,IP近1分钟的访问次数,24
0000,2026-09-01,LKUS_push,feature_Ym70ZsfxQKSc,一小时请求量,5
0000,2026-09-01,LKUS_push,feature_6qwgYPGGuJZ4,IPC段近10分钟关联的手机号个数,24
0000,2026-09-01,LKUS_push,feature_pf88qk27w76j,区号近5分钟的访问次数,24
0000,2026-09-01,LKUS_push,feature_UOJYBEifd5Jn,区号近60分钟的访问次数,24
0000,2026-09-01,LKUS_push,feature_dqBHKec09Wwa,同区号近60分钟未携带recaptchaV3token 访问次数,24
0000,2026-09-01,LKUS_push,feature_lydpDiga6SB9,手机号近5分钟的访问次数,24
0000,2026-09-01,LKUS_push,feature_nnsdzZLQKPZ7,IP近10分钟关联的手机号个数,24
0000,2026-09-01,LKUS_push,feature_n91JeGM6gD6i,同区号近60分钟非美国IP访问次数,24
0000,2026-09-01,LKUS_push,feature_WxHUxqIN0IuS,同IP近10分钟的访问次数,5
0000,2026-09-01,LKUS_push,feature_IPwzfPamC8eW,同手机号30分钟关联的IP city个数,24
0000,2026-09-01,LKUS_push,feature_r1bhlQnbfRHb,IP近60分钟关联的手机号个数,24
0000,2026-09-01,LKUS_push,feature_53Ck9TgChpTW,IP近5分钟关联的手机号个数,24
0000,2026-09-01,LKUS_push,feature_hspErCH8fSCE,手机号近30分钟的访问次数,24
0000,2026-09-01,LKUS_register,feature_vTICzBPfD3Ds,ip C段白名单,10
0000,2026-09-01,LKUS_register,feature_oxYJ6qJ3BAfv,用户编号白名单,10
0000,2026-09-01,LKUS_register,feature_P5eYl9a699fA,ip白名单,10
0000,2026-09-01,LKUS_register,feature_yo8MLsBsGIsV,三方unionId白名单,10
0000,2026-09-01,LKUS_register,feature_kqtp6XVcXXiQ,手机号白名单,10
0000,2026-09-01,LKUS_register,feature_K0JuGvXPoQsS,网关uid白名单,10
0000,2026-09-01,LKUS_register,feature_5caBWmAHDcCQ,邮箱白名单,10
0000,2026-09-01,LKUS_register,feature_3CSh3LRVobu7,手机号黑名单,10
0000,2026-09-01,LKUS_register,feature_jkeS0N10RDAn,网关uid黑名单,10
0000,2026-09-01,LKUS_register,feature_7qCVo92BIECU,三方unionId黑名单,10
0000,2026-09-01,LKUS_register,feature_9tl8mW2Gembc,邮箱黑名单,10
0000,2026-09-01,LKUS_register,feature_XtxCPW1x9QTU,ip C段黑名单,10
0000,2026-09-01,LKUS_register,feature_cOkhRQVI91IV,ip黑名单,10
0000,2026-09-01,LKUS_register,feature_g43LuQcahzCJ,用户编号黑名单,10
0000,2026-09-01,LKUS_captcha,feature_vTICzBPfD3Ds,ip C段白名单,1
0000,2026-09-01,LKUS_captcha,feature_oxYJ6qJ3BAfv,用户编号白名单,1
0000,2026-09-01,LKUS_captcha,feature_P5eYl9a699fA,ip白名单,1
0000,2026-09-01,LKUS_captcha,feature_yo8MLsBsGIsV,三方unionId白名单,1
0000,2026-09-01,LKUS_captcha,feature_kqtp6XVcXXiQ,手机号白名单,1
0000,2026-09-01,LKUS_captcha,feature_K0JuGvXPoQsS,网关uid白名单,1
0000,2026-09-01,LKUS_captcha,feature_5caBWmAHDcCQ,邮箱白名单,1
0000,2026-09-01,LKUS_captcha,feature_3CSh3LRVobu7,手机号黑名单,1
0000,2026-09-01,LKUS_captcha,feature_jkeS0N10RDAn,网关uid黑名单,1
0000,2026-09-01,LKUS_captcha,feature_7qCVo92BIECU,三方unionId黑名单,1
0000,2026-09-01,LKUS_captcha,feature_9tl8mW2Gembc,邮箱黑名单,1
0000,2026-09-01,LKUS_captcha,feature_XtxCPW1x9QTU,ip C段黑名单,1
0000,2026-09-01,LKUS_captcha,feature_cOkhRQVI91IV,ip黑名单,1
0000,2026-09-01,LKUS_captcha,feature_g43LuQcahzCJ,用户编号黑名单,1
0000,2026-09-01,LKUS_captcha,feature_nm9NTGYLKhWV,reCAPTCHA V2 token是否有效,1
0000,2026-09-01,LKUS_physical_order_create,feature_oxYJ6qJ3BAfv,用户编号白名单,95
0000,2026-09-01,LKUS_physical_order_create,feature_vTICzBPfD3Ds,ip C段白名单,95
0000,2026-09-01,LKUS_physical_order_create,feature_P5eYl9a699fA,ip白名单,95
0000,2026-09-01,LKUS_physical_order_create,feature_yo8MLsBsGIsV,三方unionId白名单,95
0000,2026-09-01,LKUS_physical_order_create,feature_kqtp6XVcXXiQ,手机号白名单,95
0000,2026-09-01,LKUS_physical_order_create,feature_K0JuGvXPoQsS,网关uid白名单,95
0000,2026-09-01,LKUS_physical_order_create,feature_5caBWmAHDcCQ,邮箱白名单,95
0000,2026-09-01,LKUS_payment,feature_vTICzBPfD3Ds,ip C段白名单,95
0000,2026-09-01,LKUS_payment,feature_oxYJ6qJ3BAfv,用户编号白名单,95
0000,2026-09-01,LKUS_payment,feature_P5eYl9a699fA,ip白名单,95
0000,2026-09-01,LKUS_payment,feature_yo8MLsBsGIsV,三方unionId白名单,95
0000,2026-09-01,LKUS_payment,feature_kqtp6XVcXXiQ,手机号白名单,95
0000,2026-09-01,LKUS_payment,feature_K0JuGvXPoQsS,网关uid白名单,95
0000,2026-09-01,LKUS_payment,feature_5caBWmAHDcCQ,邮箱白名单,95
0000,2026-09-01,LKUS_push,feature_WxHUxqIN0IuS,同IP近5分钟的访问次数,19
0000,2026-09-01,LKUS_push,feature_KtSZtJ9w7f9r,IPC段近1分钟关联的手机号个数,19
0000,2026-09-01,LKUS_push,feature_Ym70ZsfxQKSc,一分钟请求量,19
0000,2026-09-01,LKUS_physical_order_create,feature_3CSh3LRVobu7,手机号黑名单,79
0000,2026-09-01,LKUS_physical_order_create,feature_jkeS0N10RDAn,网关uid黑名单,79
0000,2026-09-01,LKUS_physical_order_create,feature_7qCVo92BIECU,三方unionId黑名单,79
0000,2026-09-01,LKUS_physical_order_create,feature_9tl8mW2Gembc,邮箱黑名单,79
0000,2026-09-01,LKUS_physical_order_create,feature_XtxCPW1x9QTU,ip C段黑名单,79
0000,2026-09-01,LKUS_physical_order_create,feature_cOkhRQVI91IV,ip黑名单,79
0000,2026-09-01,LKUS_physical_order_create,feature_g43LuQcahzCJ,用户编号黑名单,79
0000,2026-09-01,LKUS_physical_order_create,feature_TLXI8MNiNglz,reCAPTCHA V3风险分,79
0000,2026-09-01,LKUS_payment,feature_3CSh3LRVobu7,手机号黑名单,78
0000,2026-09-01,LKUS_payment,feature_jkeS0N10RDAn,网关uid黑名单,78
0000,2026-09-01,LKUS_payment,feature_7qCVo92BIECU,三方unionId黑名单,78
0000,2026-09-01,LKUS_payment,feature_9tl8mW2Gembc,邮箱黑名单,78
0000,2026-09-01,LKUS_payment,feature_g43LuQcahzCJ,用户编号黑名单,78
0000,2026-09-01,LKUS_payment,feature_cOkhRQVI91IV,ip黑名单,78
0000,2026-09-01,LKUS_payment,feature_XtxCPW1x9QTU,ip C段黑名单,78
0000,2026-09-01,LKUS_payment,feature_TLXI8MNiNglz,reCAPTCHA V3风险分,78
0000,2026-09-01,LKUS_login,feature_vTICzBPfD3Ds,ip C段白名单,11
0000,2026-09-01,LKUS_login,feature_oxYJ6qJ3BAfv,用户编号白名单,11
0000,2026-09-01,LKUS_login,feature_P5eYl9a699fA,ip白名单,11
0000,2026-09-01,LKUS_login,feature_yo8MLsBsGIsV,三方unionId白名单,11
0000,2026-09-01,LKUS_login,feature_kqtp6XVcXXiQ,手机号白名单,11
0000,2026-09-01,LKUS_login,feature_K0JuGvXPoQsS,网关uid白名单,11
0000,2026-09-01,LKUS_login,feature_5caBWmAHDcCQ,邮箱白名单,11
0000,2026-09-01,LKUS_login,feature_3CSh3LRVobu7,手机号黑名单,11
0000,2026-09-01,LKUS_login,feature_jkeS0N10RDAn,网关uid黑名单,11
0000,2026-09-01,LKUS_login,feature_7qCVo92BIECU,三方unionId黑名单,11
0000,2026-09-01,LKUS_login,feature_9tl8mW2Gembc,邮箱黑名单,11
0000,2026-09-01,LKUS_login,feature_XtxCPW1x9QTU,ip C段黑名单,11
0000,2026-09-01,LKUS_login,feature_cOkhRQVI91IV,ip黑名单,11
0000,2026-09-01,LKUS_login,feature_g43LuQcahzCJ,用户编号黑名单,11
0000,2026-09-01,LKUS_login,feature_TLXI8MNiNglz,reCAPTCHA V3风险分,11
0000,2026-09-01,LKUS_grant_new_user_coupon,feature_oxYJ6qJ3BAfv,用户编号白名单,7
0000,2026-09-01,LKUS_grant_new_user_coupon,feature_vTICzBPfD3Ds,ip C段白名单,7
0000,2026-09-01,LKUS_grant_new_user_coupon,feature_P5eYl9a699fA,ip白名单,7
0000,2026-09-01,LKUS_grant_new_user_coupon,feature_yo8MLsBsGIsV,三方unionId白名单,7
0000,2026-09-01,LKUS_grant_new_user_coupon,feature_kqtp6XVcXXiQ,手机号白名单,7
0000,2026-09-01,LKUS_grant_new_user_coupon,feature_K0JuGvXPoQsS,网关uid白名单,7
0000,2026-09-01,LKUS_grant_new_user_coupon,feature_5caBWmAHDcCQ,邮箱白名单,7
0000,2026-09-01,LKUS_grant_new_user_coupon,feature_3CSh3LRVobu7,手机号黑名单,7
0000,2026-09-01,LKUS_grant_new_user_coupon,feature_jkeS0N10RDAn,网关uid黑名单,7
0000,2026-09-01,LKUS_grant_new_user_coupon,feature_7qCVo92BIECU,三方unionId黑名单,7
0000,2026-09-01,LKUS_grant_new_user_coupon,feature_9tl8mW2Gembc,邮箱黑名单,7
0000,2026-09-01,LKUS_grant_new_user_coupon,feature_g43LuQcahzCJ,用户编号黑名单,7
0000,2026-09-01,LKUS_grant_new_user_coupon,feature_cOkhRQVI91IV,ip黑名单,7
0000,2026-09-01,LKUS_grant_new_user_coupon,feature_XtxCPW1x9QTU,ip C段黑名单,7
0000,2026-09-02,LKUS_login,feature_vTICzBPfD3Ds,ip C段白名单,19
0000,2026-09-02,LKUS_login,feature_oxYJ6qJ3BAfv,用户编号白名单,19
0000,2026-09-02,LKUS_login,feature_P5eYl9a699fA,ip白名单,19
0000,2026-09-02,LKUS_login,feature_yo8MLsBsGIsV,三方unionId白名单,19
0000,2026-09-02,LKUS_login,feature_kqtp6XVcXXiQ,手机号白名单,19
0000,2026-09-02,LKUS_login,feature_K0JuGvXPoQsS,网关uid白名单,19
0000,2026-09-02,LKUS_login,feature_5caBWmAHDcCQ,邮箱白名单,19
0000,2026-09-02,LKUS_login,feature_3CSh3LRVobu7,手机号黑名单,18
0000,2026-09-02,LKUS_login,feature_jkeS0N10RDAn,网关uid黑名单,18
0000,2026-09-02,LKUS_login,feature_7qCVo92BIECU,三方unionId黑名单,18
0000,2026-09-02,LKUS_login,feature_9tl8mW2Gembc,邮箱黑名单,18
0000,2026-09-02,LKUS_login,feature_XtxCPW1x9QTU,ip C段黑名单,18
0000,2026-09-02,LKUS_login,feature_cOkhRQVI91IV,ip黑名单,18
0000,2026-09-02,LKUS_login,feature_g43LuQcahzCJ,用户编号黑名单,18
0000,2026-09-02,LKUS_login,feature_TLXI8MNiNglz,reCAPTCHA V3风险分,9
0000,2026-09-02,LKUS_push,feature_vTICzBPfD3Ds,ip C段白名单,23
0000,2026-09-02,LKUS_push,feature_oxYJ6qJ3BAfv,用户编号白名单,23
0000,2026-09-02,LKUS_push,feature_P5eYl9a699fA,ip白名单,23
0000,2026-09-02,LKUS_push,feature_yo8MLsBsGIsV,三方unionId白名单,23
0000,2026-09-02,LKUS_push,feature_kqtp6XVcXXiQ,手机号白名单,23
0000,2026-09-02,LKUS_push,feature_K0JuGvXPoQsS,网关uid白名单,23
0000,2026-09-02,LKUS_push,feature_5caBWmAHDcCQ,邮箱白名单,23
0000,2026-09-02,LKUS_push,feature_Fik6gvwY1tA6,手机号近1天的访问次数,23
0000,2026-09-02,LKUS_push,feature_3CSh3LRVobu7,手机号黑名单,22
0000,2026-09-02,LKUS_push,feature_jkeS0N10RDAn,网关uid黑名单,22
0000,2026-09-02,LKUS_push,feature_7qCVo92BIECU,三方unionId黑名单,22
0000,2026-09-02,LKUS_push,feature_9tl8mW2Gembc,邮箱黑名单,22
0000,2026-09-02,LKUS_push,feature_XtxCPW1x9QTU,ip C段黑名单,22
0000,2026-09-02,LKUS_push,feature_cOkhRQVI91IV,ip黑名单,22
0000,2026-09-02,LKUS_push,feature_g43LuQcahzCJ,用户编号黑名单,22
0000,2026-09-02,LKUS_push,feature_TLXI8MNiNglz,reCAPTCHA V3风险分,22
0000,2026-09-02,LKUS_push,feature_WxHUxqIN0IuS,同IP近5分钟的访问次数,22
0000,2026-09-02,LKUS_push,feature_JaT2oyzVtD0q,手机号近1分钟的访问次数,22
0000,2026-09-02,LKUS_push,feature_TGPe0mjAPwR5,IP近60分钟关联的国家区号个数,22
0000,2026-09-02,LKUS_push,feature_YkpmaKaJhcdG,区号近1天内的访问次数,22
0000,2026-09-02,LKUS_push,feature_Wg4dZ6VJBuTb,IP近1分钟关联的手机号个数,22
0000,2026-09-02,LKUS_push,feature_SdA1CjZvNCMG,区号近1分钟的访问次数,22
0000,2026-09-02,LKUS_push,feature_7DbBgowc2mEl,IP近1分钟的访问次数,22
0000,2026-09-02,LKUS_push,feature_6qwgYPGGuJZ4,IPC段近10分钟关联的手机号个数,22
0000,2026-09-02,LKUS_push,feature_pf88qk27w76j,区号近5分钟的访问次数,22
0000,2026-09-02,LKUS_push,feature_UOJYBEifd5Jn,区号近60分钟的访问次数,22
0000,2026-09-02,LKUS_push,feature_dqBHKec09Wwa,同区号近60分钟未携带recaptchaV3token 访问次数,22
0000,2026-09-02,LKUS_push,feature_KtSZtJ9w7f9r,IPC段近1分钟关联的手机号个数,22
0000,2026-09-02,LKUS_push,feature_lydpDiga6SB9,手机号近5分钟的访问次数,22
0000,2026-09-02,LKUS_push,feature_nnsdzZLQKPZ7,IP近10分钟关联的手机号个数,22
0000,2026-09-02,LKUS_push,feature_n91JeGM6gD6i,同区号近60分钟非美国IP访问次数,22
0000,2026-09-02,LKUS_push,feature_IPwzfPamC8eW,同手机号30分钟关联的IP city个数,22
0000,2026-09-02,LKUS_push,feature_r1bhlQnbfRHb,IP近60分钟关联的手机号个数,22
0000,2026-09-02,LKUS_push,feature_Ym70ZsfxQKSc,一分钟请求量,22
0000,2026-09-02,LKUS_push,feature_53Ck9TgChpTW,IP近5分钟关联的手机号个数,22
0000,2026-09-02,LKUS_push,feature_hspErCH8fSCE,手机号近30分钟的访问次数,22
0000,2026-09-02,LKUS_physical_order_create,feature_oxYJ6qJ3BAfv,用户编号白名单,92
0000,2026-09-02,LKUS_physical_order_create,feature_P5eYl9a699fA,ip白名单,92
0000,2026-09-02,LKUS_physical_order_create,feature_vTICzBPfD3Ds,ip C段白名单,92
0000,2026-09-02,LKUS_physical_order_create,feature_yo8MLsBsGIsV,三方unionId白名单,92
0000,2026-09-02,LKUS_physical_order_create,feature_kqtp6XVcXXiQ,手机号白名单,92
0000,2026-09-02,LKUS_physical_order_create,feature_K0JuGvXPoQsS,网关uid白名单,92
0000,2026-09-02,LKUS_physical_order_create,feature_5caBWmAHDcCQ,邮箱白名单,92
0000,2026-09-02,LKUS_physical_order_create,feature_3CSh3LRVobu7,手机号黑名单,74
0000,2026-09-02,LKUS_physical_order_create,feature_jkeS0N10RDAn,网关uid黑名单,74
0000,2026-09-02,LKUS_physical_order_create,feature_7qCVo92BIECU,三方unionId黑名单,74
0000,2026-09-02,LKUS_physical_order_create,feature_9tl8mW2Gembc,邮箱黑名单,74
0000,2026-09-02,LKUS_physical_order_create,feature_g43LuQcahzCJ,用户编号黑名单,74
0000,2026-09-02,LKUS_physical_order_create,feature_XtxCPW1x9QTU,ip C段黑名单,74
0000,2026-09-02,LKUS_physical_order_create,feature_cOkhRQVI91IV,ip黑名单,74
0000,2026-09-02,LKUS_physical_order_create,feature_TLXI8MNiNglz,reCAPTCHA V3风险分,29
0000,2026-09-02,LKUS_payment,feature_vTICzBPfD3Ds,ip C段白名单,91
0000,2026-09-02,LKUS_payment,feature_P5eYl9a699fA,ip白名单,91
0000,2026-09-02,LKUS_payment,feature_oxYJ6qJ3BAfv,用户编号白名单,91
0000,2026-09-02,LKUS_payment,feature_yo8MLsBsGIsV,三方unionId白名单,91
0000,2026-09-02,LKUS_payment,feature_kqtp6XVcXXiQ,手机号白名单,91
0000,2026-09-02,LKUS_payment,feature_5caBWmAHDcCQ,邮箱白名单,91
0000,2026-09-02,LKUS_payment,feature_K0JuGvXPoQsS,网关uid白名单,91
0000,2026-09-02,LKUS_payment,feature_3CSh3LRVobu7,手机号黑名单,73
0000,2026-09-02,LKUS_payment,feature_jkeS0N10RDAn,网关uid黑名单,73
0000,2026-09-02,LKUS_payment,feature_7qCVo92BIECU,三方unionId黑名单,73
0000,2026-09-02,LKUS_payment,feature_9tl8mW2Gembc,邮箱黑名单,73
0000,2026-09-02,LKUS_payment,feature_XtxCPW1x9QTU,ip C段黑名单,73
0000,2026-09-02,LKUS_payment,feature_g43LuQcahzCJ,用户编号黑名单,73
0000,2026-09-02,LKUS_payment,feature_cOkhRQVI91IV,ip黑名单,73
0000,2026-09-02,LKUS_payment,feature_MHv7nra5Z6T5,reCAPTCHA V3 token是否有效,31
0000,2026-09-02,LKUS_payment,feature_TLXI8MNiNglz,reCAPTCHA V3风险分,42
0000,2026-09-02,LKUS_physical_order_create,feature_MHv7nra5Z6T5,reCAPTCHA V3 token是否有效,45
0000,2026-09-02,LKUS_register,feature_oxYJ6qJ3BAfv,用户编号白名单,8
0000,2026-09-02,LKUS_register,feature_P5eYl9a699fA,ip白名单,8
0000,2026-09-02,LKUS_register,feature_vTICzBPfD3Ds,ip C段白名单,8
0000,2026-09-02,LKUS_register,feature_yo8MLsBsGIsV,三方unionId白名单,8
0000,2026-09-02,LKUS_register,feature_kqtp6XVcXXiQ,手机号白名单,8
0000,2026-09-02,LKUS_register,feature_K0JuGvXPoQsS,网关uid白名单,8
0000,2026-09-02,LKUS_register,feature_5caBWmAHDcCQ,邮箱白名单,8
0000,2026-09-02,LKUS_register,feature_3CSh3LRVobu7,手机号黑名单,8
0000,2026-09-02,LKUS_register,feature_jkeS0N10RDAn,网关uid黑名单,8
0000,2026-09-02,LKUS_register,feature_7qCVo92BIECU,三方unionId黑名单,8
0000,2026-09-02,LKUS_register,feature_9tl8mW2Gembc,邮箱黑名单,8
0000,2026-09-02,LKUS_register,feature_g43LuQcahzCJ,用户编号黑名单,8
0000,2026-09-02,LKUS_register,feature_XtxCPW1x9QTU,ip C段黑名单,8
0000,2026-09-02,LKUS_register,feature_cOkhRQVI91IV,ip黑名单,8
0000,2026-09-02,LKUS_login,feature_MHv7nra5Z6T5,reCAPTCHA V3 token是否有效,9
0000,2026-09-02,LKUS_grant_new_user_coupon,feature_vTICzBPfD3Ds,ip C段白名单,7
0000,2026-09-02,LKUS_grant_new_user_coupon,feature_P5eYl9a699fA,ip白名单,7
0000,2026-09-02,LKUS_grant_new_user_coupon,feature_oxYJ6qJ3BAfv,用户编号白名单,7
0000,2026-09-02,LKUS_grant_new_user_coupon,feature_yo8MLsBsGIsV,三方unionId白名单,7
0000,2026-09-02,LKUS_grant_new_user_coupon,feature_kqtp6XVcXXiQ,手机号白名单,7
0000,2026-09-02,LKUS_grant_new_user_coupon,feature_5caBWmAHDcCQ,邮箱白名单,7
0000,2026-09-02,LKUS_grant_new_user_coupon,feature_K0JuGvXPoQsS,网关uid白名单,7
0000,2026-09-02,LKUS_grant_new_user_coupon,feature_3CSh3LRVobu7,手机号黑名单,7
0000,2026-09-02,LKUS_grant_new_user_coupon,feature_jkeS0N10RDAn,网关uid黑名单,7
0000,2026-09-02,LKUS_grant_new_user_coupon,feature_7qCVo92BIECU,三方unionId黑名单,7
0000,2026-09-02,LKUS_grant_new_user_coupon,feature_9tl8mW2Gembc,邮箱黑名单,7
0000,2026-09-02,LKUS_grant_new_user_coupon,feature_XtxCPW1x9QTU,ip C段黑名单,7
0000,2026-09-02,LKUS_grant_new_user_coupon,feature_g43LuQcahzCJ,用户编号黑名单,7
0000,2026-09-02,LKUS_grant_new_user_coupon,feature_cOkhRQVI91IV,ip黑名单,7
0000,2026-09-03,LKUS_push,feature_vTICzBPfD3Ds,ip C段白名单,42
0000,2026-09-03,LKUS_push,feature_P5eYl9a699fA,ip白名单,42
0000,2026-09-03,LKUS_push,feature_oxYJ6qJ3BAfv,用户编号白名单,42
0000,2026-09-03,LKUS_push,feature_yo8MLsBsGIsV,三方unionId白名单,42
0000,2026-09-03,LKUS_push,feature_kqtp6XVcXXiQ,手机号白名单,42
0000,2026-09-03,LKUS_push,feature_5caBWmAHDcCQ,邮箱白名单,42
0000,2026-09-03,LKUS_push,feature_K0JuGvXPoQsS,网关uid白名单,42
0000,2026-09-03,LKUS_push,feature_Fik6gvwY1tA6,手机号近1天的访问次数,42
0000,2026-09-03,LKUS_push,feature_3CSh3LRVobu7,手机号黑名单,40
0000,2026-09-03,LKUS_push,feature_jkeS0N10RDAn,网关uid黑名单,40
0000,2026-09-03,LKUS_push,feature_7qCVo92BIECU,三方unionId黑名单,40
0000,2026-09-03,LKUS_push,feature_9tl8mW2Gembc,邮箱黑名单,40
0000,2026-09-03,LKUS_push,feature_XtxCPW1x9QTU,ip C段黑名单,40
0000,2026-09-03,LKUS_push,feature_g43LuQcahzCJ,用户编号黑名单,40
0000,2026-09-03,LKUS_push,feature_cOkhRQVI91IV,ip黑名单,40
0000,2026-09-03,LKUS_push,feature_n91JeGM6gD6i,同区号近60分钟非美国IP访问次数,40
0000,2026-09-03,LKUS_push,feature_IPwzfPamC8eW,同手机号30分钟关联的IP city个数,40
0000,2026-09-03,LKUS_push,feature_Ym70ZsfxQKSc,一分钟请求量,40
0000,2026-09-03,LKUS_push,feature_53Ck9TgChpTW,IP近5分钟关联的手机号个数,40
0000,2026-09-03,LKUS_push,feature_6qwgYPGGuJZ4,IPC段近10分钟关联的手机号个数,40
0000,2026-09-03,LKUS_push,feature_dqBHKec09Wwa,同区号近60分钟未携带recaptchaV3token 访问次数,40
0000,2026-09-03,LKUS_push,feature_UOJYBEifd5Jn,区号近60分钟的访问次数,40
0000,2026-09-03,LKUS_push,feature_lydpDiga6SB9,手机号近5分钟的访问次数,40
0000,2026-09-03,LKUS_push,feature_Wg4dZ6VJBuTb,IP近1分钟关联的手机号个数,40
0000,2026-09-03,LKUS_push,feature_hspErCH8fSCE,手机号近30分钟的访问次数,40
0000,2026-09-03,LKUS_push,feature_r1bhlQnbfRHb,IP近60分钟关联的手机号个数,40
0000,2026-09-03,LKUS_push,feature_YkpmaKaJhcdG,区号近1天内的访问次数,40
0000,2026-09-03,LKUS_push,feature_7DbBgowc2mEl,IP近1分钟的访问次数,40
0000,2026-09-03,LKUS_push,feature_TLXI8MNiNglz,reCAPTCHA V3风险分,40
0000,2026-09-03,LKUS_push,feature_JaT2oyzVtD0q,手机号近1分钟的访问次数,40
0000,2026-09-03,LKUS_push,feature_WxHUxqIN0IuS,同IP近5分钟的访问次数,40
0000,2026-09-03,LKUS_push,feature_KtSZtJ9w7f9r,IPC段近1分钟关联的手机号个数,40
0000,2026-09-03,LKUS_push,feature_pf88qk27w76j,区号近5分钟的访问次数,40
0000,2026-09-03,LKUS_push,feature_nnsdzZLQKPZ7,IP近10分钟关联的手机号个数,40
0000,2026-09-03,LKUS_push,feature_SdA1CjZvNCMG,区号近1分钟的访问次数,40
0000,2026-09-03,LKUS_push,feature_TGPe0mjAPwR5,IP近60分钟关联的国家区号个数,40
0000,2026-09-03,LKUS_register,feature_vTICzBPfD3Ds,ip C段白名单,17
0000,2026-09-03,LKUS_register,feature_P5eYl9a699fA,ip白名单,17
0000,2026-09-03,LKUS_register,feature_oxYJ6qJ3BAfv,用户编号白名单,17
0000,2026-09-03,LKUS_register,feature_yo8MLsBsGIsV,三方unionId白名单,17
0000,2026-09-03,LKUS_register,feature_kqtp6XVcXXiQ,手机号白名单,17
0000,2026-09-03,LKUS_register,feature_5caBWmAHDcCQ,邮箱白名单,17
0000,2026-09-03,LKUS_register,feature_K0JuGvXPoQsS,网关uid白名单,17
0000,2026-09-03,LKUS_register,feature_3CSh3LRVobu7,手机号黑名单,16
0000,2026-09-03,LKUS_register,feature_jkeS0N10RDAn,网关uid黑名单,16
0000,2026-09-03,LKUS_register,feature_7qCVo92BIECU,三方unionId黑名单,16
0000,2026-09-03,LKUS_register,feature_9tl8mW2Gembc,邮箱黑名单,16
0000,2026-09-03,LKUS_register,feature_XtxCPW1x9QTU,ip C段黑名单,16
0000,2026-09-03,LKUS_register,feature_g43LuQcahzCJ,用户编号黑名单,16
0000,2026-09-03,LKUS_register,feature_cOkhRQVI91IV,ip黑名单,16
0000,2026-09-03,LKUS_physical_order_create,feature_vTICzBPfD3Ds,ip C段白名单,89
0000,2026-09-03,LKUS_physical_order_create,feature_P5eYl9a699fA,ip白名单,89
0000,2026-09-03,LKUS_physical_order_create,feature_oxYJ6qJ3BAfv,用户编号白名单,89
0000,2026-09-03,LKUS_physical_order_create,feature_yo8MLsBsGIsV,三方unionId白名单,89
0000,2026-09-03,LKUS_physical_order_create,feature_kqtp6XVcXXiQ,手机号白名单,89
0000,2026-09-03,LKUS_physical_order_create,feature_5caBWmAHDcCQ,邮箱白名单,89
0000,2026-09-03,LKUS_physical_order_create,feature_K0JuGvXPoQsS,网关uid白名单,89
0000,2026-09-03,LKUS_physical_order_create,feature_3CSh3LRVobu7,手机号黑名单,81
0000,2026-09-03,LKUS_physical_order_create,feature_jkeS0N10RDAn,网关uid黑名单,81
0000,2026-09-03,LKUS_physical_order_create,feature_7qCVo92BIECU,三方unionId黑名单,81
0000,2026-09-03,LKUS_physical_order_create,feature_9tl8mW2Gembc,邮箱黑名单,81
0000,2026-09-03,LKUS_physical_order_create,feature_XtxCPW1x9QTU,ip C段黑名单,81
0000,2026-09-03,LKUS_physical_order_create,feature_g43LuQcahzCJ,用户编号黑名单,81
0000,2026-09-03,LKUS_physical_order_create,feature_cOkhRQVI91IV,ip黑名单,81
0000,2026-09-03,LKUS_physical_order_create,feature_MHv7nra5Z6T5,reCAPTCHA V3 token是否有效,41
0000,2026-09-03,LKUS_payment,feature_oxYJ6qJ3BAfv,用户编号白名单,90
0000,2026-09-03,LKUS_payment,feature_P5eYl9a699fA,ip白名单,90
0000,2026-09-03,LKUS_payment,feature_vTICzBPfD3Ds,ip C段白名单,90
0000,2026-09-03,LKUS_payment,feature_yo8MLsBsGIsV,三方unionId白名单,90
0000,2026-09-03,LKUS_payment,feature_kqtp6XVcXXiQ,手机号白名单,90
0000,2026-09-03,LKUS_payment,feature_K0JuGvXPoQsS,网关uid白名单,90
0000,2026-09-03,LKUS_payment,feature_5caBWmAHDcCQ,邮箱白名单,90
0000,2026-09-03,LKUS_payment,feature_3CSh3LRVobu7,手机号黑名单,82
0000,2026-09-03,LKUS_payment,feature_jkeS0N10RDAn,网关uid黑名单,82
0000,2026-09-03,LKUS_payment,feature_7qCVo92BIECU,三方unionId黑名单,82
0000,2026-09-03,LKUS_payment,feature_9tl8mW2Gembc,邮箱黑名单,82
0000,2026-09-03,LKUS_payment,feature_g43LuQcahzCJ,用户编号黑名单,82
0000,2026-09-03,LKUS_payment,feature_XtxCPW1x9QTU,ip C段黑名单,82
0000,2026-09-03,LKUS_payment,feature_cOkhRQVI91IV,ip黑名单,82
0000,2026-09-03,LKUS_payment,feature_TLXI8MNiNglz,reCAPTCHA V3风险分,38
0000,2026-09-03,LKUS_payment,feature_MHv7nra5Z6T5,reCAPTCHA V3 token是否有效,44
0000,2026-09-03,LKUS_physical_order_create,feature_TLXI8MNiNglz,reCAPTCHA V3风险分,40
0000,2026-09-03,LKUS_login,feature_oxYJ6qJ3BAfv,用户编号白名单,22
0000,2026-09-03,LKUS_login,feature_P5eYl9a699fA,ip白名单,22
0000,2026-09-03,LKUS_login,feature_vTICzBPfD3Ds,ip C段白名单,22
0000,2026-09-03,LKUS_login,feature_yo8MLsBsGIsV,三方unionId白名单,22
0000,2026-09-03,LKUS_login,feature_kqtp6XVcXXiQ,手机号白名单,22
0000,2026-09-03,LKUS_login,feature_K0JuGvXPoQsS,网关uid白名单,22
0000,2026-09-03,LKUS_login,feature_5caBWmAHDcCQ,邮箱白名单,22
0000,2026-09-03,LKUS_login,feature_3CSh3LRVobu7,手机号黑名单,22
0000,2026-09-03,LKUS_login,feature_jkeS0N10RDAn,网关uid黑名单,22
0000,2026-09-03,LKUS_login,feature_7qCVo92BIECU,三方unionId黑名单,22
0000,2026-09-03,LKUS_login,feature_9tl8mW2Gembc,邮箱黑名单,22
0000,2026-09-03,LKUS_login,feature_g43LuQcahzCJ,用户编号黑名单,22
0000,2026-09-03,LKUS_login,feature_XtxCPW1x9QTU,ip C段黑名单,22
0000,2026-09-03,LKUS_login,feature_cOkhRQVI91IV,ip黑名单,22
0000,2026-09-03,LKUS_login,feature_TLXI8MNiNglz,reCAPTCHA V3风险分,11
0000,2026-09-03,LKUS_login,feature_MHv7nra5Z6T5,reCAPTCHA V3 token是否有效,11
0000,2026-09-03,LKUS_grant_new_user_coupon,feature_oxYJ6qJ3BAfv,用户编号白名单,13
0000,2026-09-03,LKUS_grant_new_user_coupon,feature_P5eYl9a699fA,ip白名单,13
0000,2026-09-03,LKUS_grant_new_user_coupon,feature_vTICzBPfD3Ds,ip C段白名单,13
0000,2026-09-03,LKUS_grant_new_user_coupon,feature_yo8MLsBsGIsV,三方unionId白名单,13
0000,2026-09-03,LKUS_grant_new_user_coupon,feature_kqtp6XVcXXiQ,手机号白名单,13
0000,2026-09-03,LKUS_grant_new_user_coupon,feature_K0JuGvXPoQsS,网关uid白名单,13
0000,2026-09-03,LKUS_grant_new_user_coupon,feature_5caBWmAHDcCQ,邮箱白名单,13
0000,2026-09-03,LKUS_grant_new_user_coupon,feature_3CSh3LRVobu7,手机号黑名单,13
0000,2026-09-03,LKUS_grant_new_user_coupon,feature_jkeS0N10RDAn,网关uid黑名单,13
0000,2026-09-03,LKUS_grant_new_user_coupon,feature_7qCVo92BIECU,三方unionId黑名单,13
0000,2026-09-03,LKUS_grant_new_user_coupon,feature_9tl8mW2Gembc,邮箱黑名单,13
0000,2026-09-03,LKUS_grant_new_user_coupon,feature_g43LuQcahzCJ,用户编号黑名单,13
0000,2026-09-03,LKUS_grant_new_user_coupon,feature_XtxCPW1x9QTU,ip C段黑名单,13
0000,2026-09-03,LKUS_grant_new_user_coupon,feature_cOkhRQVI91IV,ip黑名单,13
0000,2026-09-03,LKUS_captcha,feature_vTICzBPfD3Ds,ip C段白名单,1
0000,2026-09-03,LKUS_captcha,feature_P5eYl9a699fA,ip白名单,1
0000,2026-09-03,LKUS_captcha,feature_oxYJ6qJ3BAfv,用户编号白名单,1
0000,2026-09-03,LKUS_captcha,feature_yo8MLsBsGIsV,三方unionId白名单,1
0000,2026-09-03,LKUS_captcha,feature_kqtp6XVcXXiQ,手机号白名单,1
0000,2026-09-03,LKUS_captcha,feature_5caBWmAHDcCQ,邮箱白名单,1
0000,2026-09-03,LKUS_captcha,feature_K0JuGvXPoQsS,网关uid白名单,1
0000,2026-09-03,LKUS_captcha,feature_3CSh3LRVobu7,手机号黑名单,1
0000,2026-09-03,LKUS_captcha,feature_jkeS0N10RDAn,网关uid黑名单,1
0000,2026-09-03,LKUS_captcha,feature_7qCVo92BIECU,三方unionId黑名单,1
0000,2026-09-03,LKUS_captcha,feature_9tl8mW2Gembc,邮箱黑名单,1
0000,2026-09-03,LKUS_captcha,feature_XtxCPW1x9QTU,ip C段黑名单,1
0000,2026-09-03,LKUS_captcha,feature_g43LuQcahzCJ,用户编号黑名单,1
0000,2026-09-03,LKUS_captcha,feature_cOkhRQVI91IV,ip黑名单,1
0000,2026-09-03,LKUS_captcha,feature_MDSagDqKF5R8,reCAPTCHA V2风险分,1
0000,2026-09-04,LKUS_push,feature_vTICzBPfD3Ds,ip C段白名单,44
0000,2026-09-04,LKUS_push,feature_P5eYl9a699fA,ip白名单,44
0000,2026-09-04,LKUS_push,feature_oxYJ6qJ3BAfv,用户编号白名单,44
0000,2026-09-04,LKUS_push,feature_yo8MLsBsGIsV,三方unionId白名单,44
0000,2026-09-04,LKUS_push,feature_kqtp6XVcXXiQ,手机号白名单,44
0000,2026-09-04,LKUS_push,feature_5caBWmAHDcCQ,邮箱白名单,44
0000,2026-09-04,LKUS_push,feature_K0JuGvXPoQsS,网关uid白名单,44
0000,2026-09-04,LKUS_push,feature_Fik6gvwY1tA6,手机号近1天的访问次数,44
0000,2026-09-04,LKUS_push,feature_3CSh3LRVobu7,手机号黑名单,44
0000,2026-09-04,LKUS_push,feature_jkeS0N10RDAn,网关uid黑名单,44
0000,2026-09-04,LKUS_push,feature_7qCVo92BIECU,三方unionId黑名单,44
0000,2026-09-04,LKUS_push,feature_9tl8mW2Gembc,邮箱黑名单,44
0000,2026-09-04,LKUS_push,feature_XtxCPW1x9QTU,ip C段黑名单,44
0000,2026-09-04,LKUS_push,feature_g43LuQcahzCJ,用户编号黑名单,44
0000,2026-09-04,LKUS_push,feature_cOkhRQVI91IV,ip黑名单,44
0000,2026-09-04,LKUS_push,feature_n91JeGM6gD6i,同区号近60分钟非美国IP访问次数,44
0000,2026-09-04,LKUS_push,feature_IPwzfPamC8eW,同手机号30分钟关联的IP city个数,44
0000,2026-09-04,LKUS_push,feature_Ym70ZsfxQKSc,一分钟请求量,44
0000,2026-09-04,LKUS_push,feature_53Ck9TgChpTW,IP近5分钟关联的手机号个数,44
0000,2026-09-04,LKUS_push,feature_6qwgYPGGuJZ4,IPC段近10分钟关联的手机号个数,44
0000,2026-09-04,LKUS_push,feature_dqBHKec09Wwa,同区号近60分钟未携带recaptchaV3token 访问次数,44
0000,2026-09-04,LKUS_push,feature_UOJYBEifd5Jn,区号近60分钟的访问次数,44
0000,2026-09-04,LKUS_push,feature_lydpDiga6SB9,手机号近5分钟的访问次数,44
0000,2026-09-04,LKUS_push,feature_Wg4dZ6VJBuTb,IP近1分钟关联的手机号个数,44
0000,2026-09-04,LKUS_push,feature_hspErCH8fSCE,手机号近30分钟的访问次数,44
0000,2026-09-04,LKUS_push,feature_r1bhlQnbfRHb,IP近60分钟关联的手机号个数,44
0000,2026-09-04,LKUS_push,feature_YkpmaKaJhcdG,区号近1天内的访问次数,44
0000,2026-09-04,LKUS_push,feature_7DbBgowc2mEl,IP近1分钟的访问次数,44
0000,2026-09-04,LKUS_push,feature_TLXI8MNiNglz,reCAPTCHA V3风险分,44
0000,2026-09-04,LKUS_push,feature_JaT2oyzVtD0q,手机号近1分钟的访问次数,44
0000,2026-09-04,LKUS_push,feature_WxHUxqIN0IuS,同IP近5分钟的访问次数,44
0000,2026-09-04,LKUS_push,feature_KtSZtJ9w7f9r,IPC段近1分钟关联的手机号个数,44
0000,2026-09-04,LKUS_push,feature_pf88qk27w76j,区号近5分钟的访问次数,44
0000,2026-09-04,LKUS_push,feature_nnsdzZLQKPZ7,IP近10分钟关联的手机号个数,44
0000,2026-09-04,LKUS_push,feature_SdA1CjZvNCMG,区号近1分钟的访问次数,44
0000,2026-09-04,LKUS_push,feature_TGPe0mjAPwR5,IP近60分钟关联的国家区号个数,44
0000,2026-09-04,LKUS_login,feature_oxYJ6qJ3BAfv,用户编号白名单,18
0000,2026-09-04,LKUS_login,feature_P5eYl9a699fA,ip白名单,18
0000,2026-09-04,LKUS_login,feature_vTICzBPfD3Ds,ip C段白名单,18
0000,2026-09-04,LKUS_login,feature_yo8MLsBsGIsV,三方unionId白名单,18
0000,2026-09-04,LKUS_login,feature_kqtp6XVcXXiQ,手机号白名单,18
0000,2026-09-04,LKUS_login,feature_K0JuGvXPoQsS,网关uid白名单,18
0000,2026-09-04,LKUS_login,feature_5caBWmAHDcCQ,邮箱白名单,18
0000,2026-09-04,LKUS_login,feature_3CSh3LRVobu7,手机号黑名单,18
0000,2026-09-04,LKUS_login,feature_jkeS0N10RDAn,网关uid黑名单,18
0000,2026-09-04,LKUS_login,feature_7qCVo92BIECU,三方unionId黑名单,18
0000,2026-09-04,LKUS_login,feature_9tl8mW2Gembc,邮箱黑名单,18
0000,2026-09-04,LKUS_login,feature_g43LuQcahzCJ,用户编号黑名单,18
0000,2026-09-04,LKUS_login,feature_XtxCPW1x9QTU,ip C段黑名单,18
0000,2026-09-04,LKUS_login,feature_cOkhRQVI91IV,ip黑名单,18
0000,2026-09-04,LKUS_login,feature_TLXI8MNiNglz,reCAPTCHA V3风险分,10
0000,2026-09-04,LKUS_grant_new_user_coupon,feature_vTICzBPfD3Ds,ip C段白名单,10
0000,2026-09-04,LKUS_grant_new_user_coupon,feature_P5eYl9a699fA,ip白名单,10
0000,2026-09-04,LKUS_grant_new_user_coupon,feature_oxYJ6qJ3BAfv,用户编号白名单,10
0000,2026-09-04,LKUS_grant_new_user_coupon,feature_yo8MLsBsGIsV,三方unionId白名单,10
0000,2026-09-04,LKUS_grant_new_user_coupon,feature_kqtp6XVcXXiQ,手机号白名单,10
0000,2026-09-04,LKUS_grant_new_user_coupon,feature_5caBWmAHDcCQ,邮箱白名单,10
0000,2026-09-04,LKUS_grant_new_user_coupon,feature_K0JuGvXPoQsS,网关uid白名单,10
0000,2026-09-04,LKUS_grant_new_user_coupon,feature_3CSh3LRVobu7,手机号黑名单,10
0000,2026-09-04,LKUS_grant_new_user_coupon,feature_jkeS0N10RDAn,网关uid黑名单,10
0000,2026-09-04,LKUS_grant_new_user_coupon,feature_7qCVo92BIECU,三方unionId黑名单,10
0000,2026-09-04,LKUS_grant_new_user_coupon,feature_9tl8mW2Gembc,邮箱黑名单,10
0000,2026-09-04,LKUS_grant_new_user_coupon,feature_XtxCPW1x9QTU,ip C段黑名单,10
0000,2026-09-04,LKUS_grant_new_user_coupon,feature_g43LuQcahzCJ,用户编号黑名单,10
0000,2026-09-04,LKUS_grant_new_user_coupon,feature_cOkhRQVI91IV,ip黑名单,10
0000,2026-09-04,LKUS_physical_order_create,feature_vTICzBPfD3Ds,ip C段白名单,82
0000,2026-09-04,LKUS_physical_order_create,feature_P5eYl9a699fA,ip白名单,82
0000,2026-09-04,LKUS_physical_order_create,feature_oxYJ6qJ3BAfv,用户编号白名单,82
0000,2026-09-04,LKUS_physical_order_create,feature_yo8MLsBsGIsV,三方unionId白名单,82
0000,2026-09-04,LKUS_physical_order_create,feature_kqtp6XVcXXiQ,手机号白名单,82
0000,2026-09-04,LKUS_physical_order_create,feature_5caBWmAHDcCQ,邮箱白名单,82
0000,2026-09-04,LKUS_physical_order_create,feature_K0JuGvXPoQsS,网关uid白名单,82
0000,2026-09-04,LKUS_physical_order_create,feature_3CSh3LRVobu7,手机号黑名单,68
0000,2026-09-04,LKUS_physical_order_create,feature_jkeS0N10RDAn,网关uid黑名单,68
0000,2026-09-04,LKUS_physical_order_create,feature_7qCVo92BIECU,三方unionId黑名单,68
0000,2026-09-04,LKUS_physical_order_create,feature_9tl8mW2Gembc,邮箱黑名单,68
0000,2026-09-04,LKUS_physical_order_create,feature_XtxCPW1x9QTU,ip C段黑名单,68
0000,2026-09-04,LKUS_physical_order_create,feature_g43LuQcahzCJ,用户编号黑名单,68
0000,2026-09-04,LKUS_physical_order_create,feature_cOkhRQVI91IV,ip黑名单,68
0000,2026-09-04,LKUS_physical_order_create,feature_MHv7nra5Z6T5,reCAPTCHA V3 token是否有效,30
0000,2026-09-04,LKUS_payment,feature_vTICzBPfD3Ds,ip C段白名单,81
0000,2026-09-04,LKUS_payment,feature_P5eYl9a699fA,ip白名单,81
0000,2026-09-04,LKUS_payment,feature_oxYJ6qJ3BAfv,用户编号白名单,81
0000,2026-09-04,LKUS_payment,feature_yo8MLsBsGIsV,三方unionId白名单,81
0000,2026-09-04,LKUS_payment,feature_kqtp6XVcXXiQ,手机号白名单,81
0000,2026-09-04,LKUS_payment,feature_5caBWmAHDcCQ,邮箱白名单,81
0000,2026-09-04,LKUS_payment,feature_K0JuGvXPoQsS,网关uid白名单,81
0000,2026-09-04,LKUS_payment,feature_3CSh3LRVobu7,手机号黑名单,67
0000,2026-09-04,LKUS_payment,feature_jkeS0N10RDAn,网关uid黑名单,67
0000,2026-09-04,LKUS_payment,feature_7qCVo92BIECU,三方unionId黑名单,67
0000,2026-09-04,LKUS_payment,feature_9tl8mW2Gembc,邮箱黑名单,67
0000,2026-09-04,LKUS_payment,feature_XtxCPW1x9QTU,ip C段黑名单,67
0000,2026-09-04,LKUS_payment,feature_g43LuQcahzCJ,用户编号黑名单,67
0000,2026-09-04,LKUS_payment,feature_cOkhRQVI91IV,ip黑名单,67
0000,2026-09-04,LKUS_payment,feature_MHv7nra5Z6T5,reCAPTCHA V3 token是否有效,33
0000,2026-09-04,LKUS_physical_order_create,feature_TLXI8MNiNglz,reCAPTCHA V3风险分,38
0000,2026-09-04,LKUS_login,feature_MHv7nra5Z6T5,reCAPTCHA V3 token是否有效,8
0000,2026-09-04,LKUS_register,feature_oxYJ6qJ3BAfv,用户编号白名单,12
0000,2026-09-04,LKUS_register,feature_P5eYl9a699fA,ip白名单,12
0000,2026-09-04,LKUS_register,feature_vTICzBPfD3Ds,ip C段白名单,12
0000,2026-09-04,LKUS_register,feature_yo8MLsBsGIsV,三方unionId白名单,12
0000,2026-09-04,LKUS_register,feature_kqtp6XVcXXiQ,手机号白名单,12
0000,2026-09-04,LKUS_register,feature_K0JuGvXPoQsS,网关uid白名单,12
0000,2026-09-04,LKUS_register,feature_5caBWmAHDcCQ,邮箱白名单,12
0000,2026-09-04,LKUS_register,feature_3CSh3LRVobu7,手机号黑名单,12
0000,2026-09-04,LKUS_register,feature_jkeS0N10RDAn,网关uid黑名单,12
0000,2026-09-04,LKUS_register,feature_7qCVo92BIECU,三方unionId黑名单,12
0000,2026-09-04,LKUS_register,feature_9tl8mW2Gembc,邮箱黑名单,12
0000,2026-09-04,LKUS_register,feature_g43LuQcahzCJ,用户编号黑名单,12
0000,2026-09-04,LKUS_register,feature_XtxCPW1x9QTU,ip C段黑名单,12
0000,2026-09-04,LKUS_register,feature_cOkhRQVI91IV,ip黑名单,12
0000,2026-09-04,LKUS_payment,feature_TLXI8MNiNglz,reCAPTCHA V3风险分,34
0000,2026-09-04,LKUS_physical_order_cancel,feature_oxYJ6qJ3BAfv,用户编号白名单,1
0000,2026-09-04,LKUS_physical_order_cancel,feature_P5eYl9a699fA,ip白名单,1
0000,2026-09-04,LKUS_physical_order_cancel,feature_vTICzBPfD3Ds,ip C段白名单,1
0000,2026-09-04,LKUS_physical_order_cancel,feature_yo8MLsBsGIsV,三方unionId白名单,1
0000,2026-09-04,LKUS_physical_order_cancel,feature_kqtp6XVcXXiQ,手机号白名单,1
0000,2026-09-04,LKUS_physical_order_cancel,feature_K0JuGvXPoQsS,网关uid白名单,1
0000,2026-09-04,LKUS_physical_order_cancel,feature_5caBWmAHDcCQ,邮箱白名单,1
0000,2026-09-04,LKUS_physical_order_cancel,feature_3CSh3LRVobu7,手机号黑名单,1
0000,2026-09-04,LKUS_physical_order_cancel,feature_jkeS0N10RDAn,网关uid黑名单,1
0000,2026-09-04,LKUS_physical_order_cancel,feature_7qCVo92BIECU,三方unionId黑名单,1
0000,2026-09-04,LKUS_physical_order_cancel,feature_9tl8mW2Gembc,邮箱黑名单,1
0000,2026-09-04,LKUS_physical_order_cancel,feature_g43LuQcahzCJ,用户编号黑名单,1
0000,2026-09-04,LKUS_physical_order_cancel,feature_XtxCPW1x9QTU,ip C段黑名单,1
0000,2026-09-04,LKUS_physical_order_cancel,feature_cOkhRQVI91IV,ip黑名单,1
0000,2026-09-05,LKUS_push,feature_oxYJ6qJ3BAfv,用户编号白名单,87
0000,2026-09-05,LKUS_push,feature_P5eYl9a699fA,ip白名单,87
0000,2026-09-05,LKUS_push,feature_vTICzBPfD3Ds,ip C段白名单,87
0000,2026-09-05,LKUS_push,feature_yo8MLsBsGIsV,三方unionId白名单,87
0000,2026-09-05,LKUS_push,feature_kqtp6XVcXXiQ,手机号白名单,87
0000,2026-09-05,LKUS_push,feature_K0JuGvXPoQsS,网关uid白名单,87
0000,2026-09-05,LKUS_push,feature_5caBWmAHDcCQ,邮箱白名单,87
0000,2026-09-05,LKUS_push,feature_Fik6gvwY1tA6,手机号近1天的访问次数,87
0000,2026-09-05,LKUS_push,feature_3CSh3LRVobu7,手机号黑名单,87
0000,2026-09-05,LKUS_push,feature_jkeS0N10RDAn,网关uid黑名单,87
0000,2026-09-05,LKUS_push,feature_7qCVo92BIECU,三方unionId黑名单,87
0000,2026-09-05,LKUS_push,feature_9tl8mW2Gembc,邮箱黑名单,87
0000,2026-09-05,LKUS_push,feature_g43LuQcahzCJ,用户编号黑名单,87
0000,2026-09-05,LKUS_push,feature_XtxCPW1x9QTU,ip C段黑名单,87
0000,2026-09-05,LKUS_push,feature_cOkhRQVI91IV,ip黑名单,87
0000,2026-09-05,LKUS_push,feature_hspErCH8fSCE,手机号近30分钟的访问次数,87
0000,2026-09-05,LKUS_push,feature_pf88qk27w76j,区号近5分钟的访问次数,87
0000,2026-09-05,LKUS_push,feature_TLXI8MNiNglz,reCAPTCHA V3风险分,87
0000,2026-09-05,LKUS_push,feature_YkpmaKaJhcdG,区号近1天内的访问次数,87
0000,2026-09-05,LKUS_push,feature_7DbBgowc2mEl,IP近1分钟的访问次数,87
0000,2026-09-05,LKUS_push,feature_JaT2oyzVtD0q,手机号近1分钟的访问次数,87
0000,2026-09-05,LKUS_push,feature_IPwzfPamC8eW,同手机号30分钟关联的IP city个数,87
0000,2026-09-05,LKUS_push,feature_Ym70ZsfxQKSc,一分钟请求量,87
0000,2026-09-05,LKUS_push,feature_r1bhlQnbfRHb,IP近60分钟关联的手机号个数,87
0000,2026-09-05,LKUS_push,feature_6qwgYPGGuJZ4,IPC段近10分钟关联的手机号个数,87
0000,2026-09-05,LKUS_push,feature_Wg4dZ6VJBuTb,IP近1分钟关联的手机号个数,87
0000,2026-09-05,LKUS_push,feature_UOJYBEifd5Jn,区号近60分钟的访问次数,87
0000,2026-09-05,LKUS_push,feature_KtSZtJ9w7f9r,IPC段近1分钟关联的手机号个数,87
0000,2026-09-05,LKUS_push,feature_dqBHKec09Wwa,同区号近60分钟未携带recaptchaV3token 访问次数,87
0000,2026-09-05,LKUS_push,feature_TGPe0mjAPwR5,IP近60分钟关联的国家区号个数,87
0000,2026-09-05,LKUS_push,feature_n91JeGM6gD6i,同区号近60分钟非美国IP访问次数,87
0000,2026-09-05,LKUS_push,feature_WxHUxqIN0IuS,同IP近5分钟的访问次数,87
0000,2026-09-05,LKUS_push,feature_lydpDiga6SB9,手机号近5分钟的访问次数,87
0000,2026-09-05,LKUS_push,feature_nnsdzZLQKPZ7,IP近10分钟关联的手机号个数,87
0000,2026-09-05,LKUS_push,feature_SdA1CjZvNCMG,区号近1分钟的访问次数,87
0000,2026-09-05,LKUS_push,feature_53Ck9TgChpTW,IP近5分钟关联的手机号个数,87
0000,2026-09-05,LKUS_login,feature_vTICzBPfD3Ds,ip C段白名单,21
0000,2026-09-05,LKUS_login,feature_P5eYl9a699fA,ip白名单,21
0000,2026-09-05,LKUS_login,feature_oxYJ6qJ3BAfv,用户编号白名单,21
0000,2026-09-05,LKUS_login,feature_yo8MLsBsGIsV,三方unionId白名单,21
0000,2026-09-05,LKUS_login,feature_kqtp6XVcXXiQ,手机号白名单,21
0000,2026-09-05,LKUS_login,feature_5caBWmAHDcCQ,邮箱白名单,21
0000,2026-09-05,LKUS_login,feature_K0JuGvXPoQsS,网关uid白名单,21
0000,2026-09-05,LKUS_login,feature_3CSh3LRVobu7,手机号黑名单,20
0000,2026-09-05,LKUS_login,feature_jkeS0N10RDAn,网关uid黑名单,20
0000,2026-09-05,LKUS_login,feature_7qCVo92BIECU,三方unionId黑名单,20
0000,2026-09-05,LKUS_login,feature_9tl8mW2Gembc,邮箱黑名单,20
0000,2026-09-05,LKUS_login,feature_XtxCPW1x9QTU,ip C段黑名单,20
0000,2026-09-05,LKUS_login,feature_g43LuQcahzCJ,用户编号黑名单,20
0000,2026-09-05,LKUS_login,feature_cOkhRQVI91IV,ip黑名单,20
0000,2026-09-05,LKUS_login,feature_MHv7nra5Z6T5,reCAPTCHA V3 token是否有效,9
0000,2026-09-05,LKUS_grant_new_user_coupon,feature_vTICzBPfD3Ds,ip C段白名单,13
0000,2026-09-05,LKUS_grant_new_user_coupon,feature_P5eYl9a699fA,ip白名单,13
0000,2026-09-05,LKUS_grant_new_user_coupon,feature_oxYJ6qJ3BAfv,用户编号白名单,13
0000,2026-09-05,LKUS_grant_new_user_coupon,feature_yo8MLsBsGIsV,三方unionId白名单,13
0000,2026-09-05,LKUS_grant_new_user_coupon,feature_kqtp6XVcXXiQ,手机号白名单,13
0000,2026-09-05,LKUS_grant_new_user_coupon,feature_5caBWmAHDcCQ,邮箱白名单,13
0000,2026-09-05,LKUS_grant_new_user_coupon,feature_K0JuGvXPoQsS,网关uid白名单,13
0000,2026-09-05,LKUS_grant_new_user_coupon,feature_3CSh3LRVobu7,手机号黑名单,13
0000,2026-09-05,LKUS_grant_new_user_coupon,feature_jkeS0N10RDAn,网关uid黑名单,13
0000,2026-09-05,LKUS_grant_new_user_coupon,feature_7qCVo92BIECU,三方unionId黑名单,13
0000,2026-09-05,LKUS_grant_new_user_coupon,feature_9tl8mW2Gembc,邮箱黑名单,13
0000,2026-09-05,LKUS_grant_new_user_coupon,feature_XtxCPW1x9QTU,ip C段黑名单,13
0000,2026-09-05,LKUS_grant_new_user_coupon,feature_g43LuQcahzCJ,用户编号黑名单,13
0000,2026-09-05,LKUS_grant_new_user_coupon,feature_cOkhRQVI91IV,ip黑名单,13
0000,2026-09-05,LKUS_login,feature_TLXI8MNiNglz,reCAPTCHA V3风险分,11
0000,2026-09-05,LKUS_register,feature_vTICzBPfD3Ds,ip C段白名单,11
0000,2026-09-05,LKUS_register,feature_P5eYl9a699fA,ip白名单,11
0000,2026-09-05,LKUS_register,feature_oxYJ6qJ3BAfv,用户编号白名单,11
0000,2026-09-05,LKUS_register,feature_yo8MLsBsGIsV,三方unionId白名单,11
0000,2026-09-05,LKUS_register,feature_kqtp6XVcXXiQ,手机号白名单,11
0000,2026-09-05,LKUS_register,feature_5caBWmAHDcCQ,邮箱白名单,11
0000,2026-09-05,LKUS_register,feature_K0JuGvXPoQsS,网关uid白名单,11
0000,2026-09-05,LKUS_register,feature_3CSh3LRVobu7,手机号黑名单,11
0000,2026-09-05,LKUS_register,feature_jkeS0N10RDAn,网关uid黑名单,11
0000,2026-09-05,LKUS_register,feature_7qCVo92BIECU,三方unionId黑名单,11
0000,2026-09-05,LKUS_register,feature_9tl8mW2Gembc,邮箱黑名单,11
0000,2026-09-05,LKUS_register,feature_XtxCPW1x9QTU,ip C段黑名单,11
0000,2026-09-05,LKUS_register,feature_g43LuQcahzCJ,用户编号黑名单,11
0000,2026-09-05,LKUS_register,feature_cOkhRQVI91IV,ip黑名单,11
0000,2026-09-05,LKUS_physical_order_create,feature_oxYJ6qJ3BAfv,用户编号白名单,74
0000,2026-09-05,LKUS_physical_order_create,feature_P5eYl9a699fA,ip白名单,74
0000,2026-09-05,LKUS_physical_order_create,feature_vTICzBPfD3Ds,ip C段白名单,74
0000,2026-09-05,LKUS_physical_order_create,feature_yo8MLsBsGIsV,三方unionId白名单,74
0000,2026-09-05,LKUS_physical_order_create,feature_kqtp6XVcXXiQ,手机号白名单,74
0000,2026-09-05,LKUS_physical_order_create,feature_K0JuGvXPoQsS,网关uid白名单,74
0000,2026-09-05,LKUS_physical_order_create,feature_5caBWmAHDcCQ,邮箱白名单,74
0000,2026-09-05,LKUS_physical_order_create,feature_3CSh3LRVobu7,手机号黑名单,50
0000,2026-09-05,LKUS_physical_order_create,feature_jkeS0N10RDAn,网关uid黑名单,50
0000,2026-09-05,LKUS_physical_order_create,feature_7qCVo92BIECU,三方unionId黑名单,50
0000,2026-09-05,LKUS_physical_order_create,feature_9tl8mW2Gembc,邮箱黑名单,50
0000,2026-09-05,LKUS_physical_order_create,feature_g43LuQcahzCJ,用户编号黑名单,50
0000,2026-09-05,LKUS_physical_order_create,feature_XtxCPW1x9QTU,ip C段黑名单,50
0000,2026-09-05,LKUS_physical_order_create,feature_cOkhRQVI91IV,ip黑名单,50
0000,2026-09-05,LKUS_physical_order_create,feature_TLXI8MNiNglz,reCAPTCHA V3风险分,30
0000,2026-09-05,LKUS_payment,feature_vTICzBPfD3Ds,ip C段白名单,74
0000,2026-09-05,LKUS_payment,feature_P5eYl9a699fA,ip白名单,74
0000,2026-09-05,LKUS_payment,feature_oxYJ6qJ3BAfv,用户编号白名单,74
0000,2026-09-05,LKUS_payment,feature_yo8MLsBsGIsV,三方unionId白名单,74
0000,2026-09-05,LKUS_payment,feature_kqtp6XVcXXiQ,手机号白名单,74
0000,2026-09-05,LKUS_payment,feature_5caBWmAHDcCQ,邮箱白名单,74
0000,2026-09-05,LKUS_payment,feature_K0JuGvXPoQsS,网关uid白名单,74
0000,2026-09-05,LKUS_payment,feature_3CSh3LRVobu7,手机号黑名单,50
0000,2026-09-05,LKUS_payment,feature_jkeS0N10RDAn,网关uid黑名单,50
0000,2026-09-05,LKUS_payment,feature_7qCVo92BIECU,三方unionId黑名单,50
0000,2026-09-05,LKUS_payment,feature_9tl8mW2Gembc,邮箱黑名单,50
0000,2026-09-05,LKUS_payment,feature_XtxCPW1x9QTU,ip C段黑名单,50
0000,2026-09-05,LKUS_payment,feature_g43LuQcahzCJ,用户编号黑名单,50
0000,2026-09-05,LKUS_payment,feature_cOkhRQVI91IV,ip黑名单,50
0000,2026-09-05,LKUS_payment,feature_MHv7nra5Z6T5,reCAPTCHA V3 token是否有效,28
0000,2026-09-05,LKUS_physical_order_create,feature_MHv7nra5Z6T5,reCAPTCHA V3 token是否有效,20
0000,2026-09-05,LKUS_payment,feature_TLXI8MNiNglz,reCAPTCHA V3风险分,22
0000,2026-09-05,LKUS_physical_order_cancel,feature_vTICzBPfD3Ds,ip C段白名单,1
0000,2026-09-05,LKUS_physical_order_cancel,feature_P5eYl9a699fA,ip白名单,1
0000,2026-09-05,LKUS_physical_order_cancel,feature_oxYJ6qJ3BAfv,用户编号白名单,1
0000,2026-09-05,LKUS_physical_order_cancel,feature_yo8MLsBsGIsV,三方unionId白名单,1
0000,2026-09-05,LKUS_physical_order_cancel,feature_kqtp6XVcXXiQ,手机号白名单,1
0000,2026-09-05,LKUS_physical_order_cancel,feature_5caBWmAHDcCQ,邮箱白名单,1
0000,2026-09-05,LKUS_physical_order_cancel,feature_K0JuGvXPoQsS,网关uid白名单,1
0000,2026-09-05,LKUS_physical_order_cancel,feature_3CSh3LRVobu7,手机号黑名单,1
0000,2026-09-05,LKUS_physical_order_cancel,feature_jkeS0N10RDAn,网关uid黑名单,1
0000,2026-09-05,LKUS_physical_order_cancel,feature_7qCVo92BIECU,三方unionId黑名单,1
0000,2026-09-05,LKUS_physical_order_cancel,feature_9tl8mW2Gembc,邮箱黑名单,1
0000,2026-09-05,LKUS_physical_order_cancel,feature_XtxCPW1x9QTU,ip C段黑名单,1
0000,2026-09-05,LKUS_physical_order_cancel,feature_g43LuQcahzCJ,用户编号黑名单,1
0000,2026-09-05,LKUS_physical_order_cancel,feature_cOkhRQVI91IV,ip黑名单,1
0000,2026-09-06,LKUS_push,feature_vTICzBPfD3Ds,ip C段白名单,135
0000,2026-09-06,LKUS_push,feature_P5eYl9a699fA,ip白名单,135
0000,2026-09-06,LKUS_push,feature_oxYJ6qJ3BAfv,用户编号白名单,135
0000,2026-09-06,LKUS_push,feature_yo8MLsBsGIsV,三方unionId白名单,135
0000,2026-09-06,LKUS_push,feature_kqtp6XVcXXiQ,手机号白名单,135
0000,2026-09-06,LKUS_push,feature_5caBWmAHDcCQ,邮箱白名单,135
0000,2026-09-06,LKUS_push,feature_K0JuGvXPoQsS,网关uid白名单,135
0000,2026-09-06,LKUS_push,feature_Fik6gvwY1tA6,手机号近1天的访问次数,135
0000,2026-09-06,LKUS_push,feature_3CSh3LRVobu7,手机号黑名单,131
0000,2026-09-06,LKUS_push,feature_jkeS0N10RDAn,网关uid黑名单,131
0000,2026-09-06,LKUS_push,feature_7qCVo92BIECU,三方unionId黑名单,131
0000,2026-09-06,LKUS_push,feature_9tl8mW2Gembc,邮箱黑名单,131
0000,2026-09-06,LKUS_push,feature_XtxCPW1x9QTU,ip C段黑名单,131
0000,2026-09-06,LKUS_push,feature_g43LuQcahzCJ,用户编号黑名单,131
0000,2026-09-06,LKUS_push,feature_cOkhRQVI91IV,ip黑名单,131
0000,2026-09-06,LKUS_push,feature_n91JeGM6gD6i,同区号近60分钟非美国IP访问次数,131
0000,2026-09-06,LKUS_push,feature_IPwzfPamC8eW,同手机号30分钟关联的IP city个数,131
0000,2026-09-06,LKUS_push,feature_Ym70ZsfxQKSc,一分钟请求量,131
0000,2026-09-06,LKUS_push,feature_53Ck9TgChpTW,IP近5分钟关联的手机号个数,131
0000,2026-09-06,LKUS_push,feature_6qwgYPGGuJZ4,IPC段近10分钟关联的手机号个数,131
0000,2026-09-06,LKUS_push,feature_dqBHKec09Wwa,同区号近60分钟未携带recaptchaV3token 访问次数,131
0000,2026-09-06,LKUS_push,feature_UOJYBEifd5Jn,区号近60分钟的访问次数,131
0000,2026-09-06,LKUS_push,feature_lydpDiga6SB9,手机号近5分钟的访问次数,131
0000,2026-09-06,LKUS_push,feature_Wg4dZ6VJBuTb,IP近1分钟关联的手机号个数,131
0000,2026-09-06,LKUS_push,feature_hspErCH8fSCE,手机号近30分钟的访问次数,131
0000,2026-09-06,LKUS_push,feature_r1bhlQnbfRHb,IP近60分钟关联的手机号个数,131
0000,2026-09-06,LKUS_push,feature_YkpmaKaJhcdG,区号近1天内的访问次数,131
0000,2026-09-06,LKUS_push,feature_7DbBgowc2mEl,IP近1分钟的访问次数,131
0000,2026-09-06,LKUS_push,feature_TLXI8MNiNglz,reCAPTCHA V3风险分,83
0000,2026-09-06,LKUS_push,feature_JaT2oyzVtD0q,手机号近1分钟的访问次数,131
0000,2026-09-06,LKUS_push,feature_WxHUxqIN0IuS,同IP近5分钟的访问次数,131
0000,2026-09-06,LKUS_push,feature_KtSZtJ9w7f9r,IPC段近1分钟关联的手机号个数,131
0000,2026-09-06,LKUS_push,feature_pf88qk27w76j,区号近5分钟的访问次数,131
0000,2026-09-06,LKUS_push,feature_nnsdzZLQKPZ7,IP近10分钟关联的手机号个数,131
0000,2026-09-06,LKUS_push,feature_SdA1CjZvNCMG,区号近1分钟的访问次数,131
0000,2026-09-06,LKUS_push,feature_TGPe0mjAPwR5,IP近60分钟关联的国家区号个数,131
0000,2026-09-06,LKUS_push,feature_MHv7nra5Z6T5,reCAPTCHA V3 token是否有效,48
0000,2026-09-06,LKUS_physical_order_create,feature_P5eYl9a699fA,ip白名单,56
0000,2026-09-06,LKUS_physical_order_create,feature_vTICzBPfD3Ds,ip C段白名单,56
0000,2026-09-06,LKUS_physical_order_create,feature_oxYJ6qJ3BAfv,用户编号白名单,56
0000,2026-09-06,LKUS_physical_order_create,feature_yo8MLsBsGIsV,三方unionId白名单,56
0000,2026-09-06,LKUS_physical_order_create,feature_kqtp6XVcXXiQ,手机号白名单,56
0000,2026-09-06,LKUS_physical_order_create,feature_5caBWmAHDcCQ,邮箱白名单,56
0000,2026-09-06,LKUS_physical_order_create,feature_K0JuGvXPoQsS,网关uid白名单,56
0000,2026-09-06,LKUS_physical_order_create,feature_3CSh3LRVobu7,手机号黑名单,43
0000,2026-09-06,LKUS_physical_order_create,feature_jkeS0N10RDAn,网关uid黑名单,43
0000,2026-09-06,LKUS_physical_order_create,feature_7qCVo92BIECU,三方unionId黑名单,43
0000,2026-09-06,LKUS_physical_order_create,feature_9tl8mW2Gembc,邮箱黑名单,43
0000,2026-09-06,LKUS_physical_order_create,feature_g43LuQcahzCJ,用户编号黑名单,43
0000,2026-09-06,LKUS_physical_order_create,feature_XtxCPW1x9QTU,ip C段黑名单,43
0000,2026-09-06,LKUS_physical_order_create,feature_cOkhRQVI91IV,ip黑名单,43
0000,2026-09-06,LKUS_physical_order_create,feature_MHv7nra5Z6T5,reCAPTCHA V3 token是否有效,19
0000,2026-09-06,LKUS_payment,feature_P5eYl9a699fA,ip白名单,57
0000,2026-09-06,LKUS_payment,feature_vTICzBPfD3Ds,ip C段白名单,57
0000,2026-09-06,LKUS_payment,feature_oxYJ6qJ3BAfv,用户编号白名单,57
0000,2026-09-06,LKUS_payment,feature_yo8MLsBsGIsV,三方unionId白名单,57
0000,2026-09-06,LKUS_payment,feature_kqtp6XVcXXiQ,手机号白名单,57
0000,2026-09-06,LKUS_payment,feature_5caBWmAHDcCQ,邮箱白名单,57
0000,2026-09-06,LKUS_payment,feature_K0JuGvXPoQsS,网关uid白名单,57
0000,2026-09-06,LKUS_payment,feature_3CSh3LRVobu7,手机号黑名单,43
0000,2026-09-06,LKUS_payment,feature_jkeS0N10RDAn,网关uid黑名单,43
0000,2026-09-06,LKUS_payment,feature_7qCVo92BIECU,三方unionId黑名单,43
0000,2026-09-06,LKUS_payment,feature_9tl8mW2Gembc,邮箱黑名单,43
0000,2026-09-06,LKUS_payment,feature_g43LuQcahzCJ,用户编号黑名单,43
0000,2026-09-06,LKUS_payment,feature_XtxCPW1x9QTU,ip C段黑名单,43
0000,2026-09-06,LKUS_payment,feature_cOkhRQVI91IV,ip黑名单,43
0000,2026-09-06,LKUS_payment,feature_MHv7nra5Z6T5,reCAPTCHA V3 token是否有效,24
0000,2026-09-06,LKUS_physical_order_create,feature_TLXI8MNiNglz,reCAPTCHA V3风险分,24
0000,2026-09-06,LKUS_register,feature_P5eYl9a699fA,ip白名单,14
0000,2026-09-06,LKUS_register,feature_vTICzBPfD3Ds,ip C段白名单,14
0000,2026-09-06,LKUS_register,feature_oxYJ6qJ3BAfv,用户编号白名单,14
0000,2026-09-06,LKUS_register,feature_yo8MLsBsGIsV,三方unionId白名单,14
0000,2026-09-06,LKUS_register,feature_kqtp6XVcXXiQ,手机号白名单,14
0000,2026-09-06,LKUS_register,feature_5caBWmAHDcCQ,邮箱白名单,14
0000,2026-09-06,LKUS_register,feature_K0JuGvXPoQsS,网关uid白名单,14
0000,2026-09-06,LKUS_register,feature_3CSh3LRVobu7,手机号黑名单,14
0000,2026-09-06,LKUS_register,feature_jkeS0N10RDAn,网关uid黑名单,14
0000,2026-09-06,LKUS_register,feature_7qCVo92BIECU,三方unionId黑名单,14
0000,2026-09-06,LKUS_register,feature_9tl8mW2Gembc,邮箱黑名单,14
0000,2026-09-06,LKUS_register,feature_g43LuQcahzCJ,用户编号黑名单,14
0000,2026-09-06,LKUS_register,feature_XtxCPW1x9QTU,ip C段黑名单,14
0000,2026-09-06,LKUS_register,feature_cOkhRQVI91IV,ip黑名单,14
0000,2026-09-06,LKUS_payment,feature_TLXI8MNiNglz,reCAPTCHA V3风险分,19
0000,2026-09-06,LKUS_login,feature_P5eYl9a699fA,ip白名单,17
0000,2026-09-06,LKUS_login,feature_vTICzBPfD3Ds,ip C段白名单,17
0000,2026-09-06,LKUS_login,feature_oxYJ6qJ3BAfv,用户编号白名单,17
0000,2026-09-06,LKUS_login,feature_yo8MLsBsGIsV,三方unionId白名单,17
0000,2026-09-06,LKUS_login,feature_kqtp6XVcXXiQ,手机号白名单,17
0000,2026-09-06,LKUS_login,feature_5caBWmAHDcCQ,邮箱白名单,17
0000,2026-09-06,LKUS_login,feature_K0JuGvXPoQsS,网关uid白名单,17
0000,2026-09-06,LKUS_login,feature_3CSh3LRVobu7,手机号黑名单,16
0000,2026-09-06,LKUS_login,feature_jkeS0N10RDAn,网关uid黑名单,16
0000,2026-09-06,LKUS_login,feature_7qCVo92BIECU,三方unionId黑名单,16
0000,2026-09-06,LKUS_login,feature_9tl8mW2Gembc,邮箱黑名单,16
0000,2026-09-06,LKUS_login,feature_g43LuQcahzCJ,用户编号黑名单,16
0000,2026-09-06,LKUS_login,feature_XtxCPW1x9QTU,ip C段黑名单,16
0000,2026-09-06,LKUS_login,feature_cOkhRQVI91IV,ip黑名单,16
0000,2026-09-06,LKUS_login,feature_MHv7nra5Z6T5,reCAPTCHA V3 token是否有效,11
0000,2026-09-06,LKUS_grant_new_user_coupon,feature_P5eYl9a699fA,ip白名单,7
0000,2026-09-06,LKUS_grant_new_user_coupon,feature_vTICzBPfD3Ds,ip C段白名单,7
0000,2026-09-06,LKUS_grant_new_user_coupon,feature_oxYJ6qJ3BAfv,用户编号白名单,7
0000,2026-09-06,LKUS_grant_new_user_coupon,feature_yo8MLsBsGIsV,三方unionId白名单,7
0000,2026-09-06,LKUS_grant_new_user_coupon,feature_kqtp6XVcXXiQ,手机号白名单,7
0000,2026-09-06,LKUS_grant_new_user_coupon,feature_5caBWmAHDcCQ,邮箱白名单,7
0000,2026-09-06,LKUS_grant_new_user_coupon,feature_K0JuGvXPoQsS,网关uid白名单,7
0000,2026-09-06,LKUS_grant_new_user_coupon,feature_3CSh3LRVobu7,手机号黑名单,7
0000,2026-09-06,LKUS_grant_new_user_coupon,feature_jkeS0N10RDAn,网关uid黑名单,7
0000,2026-09-06,LKUS_grant_new_user_coupon,feature_7qCVo92BIECU,三方unionId黑名单,7
0000,2026-09-06,LKUS_grant_new_user_coupon,feature_9tl8mW2Gembc,邮箱黑名单,7
0000,2026-09-06,LKUS_grant_new_user_coupon,feature_g43LuQcahzCJ,用户编号黑名单,7
0000,2026-09-06,LKUS_grant_new_user_coupon,feature_XtxCPW1x9QTU,ip C段黑名单,7
0000,2026-09-06,LKUS_grant_new_user_coupon,feature_cOkhRQVI91IV,ip黑名单,7
0000,2026-09-06,LKUS_login,feature_TLXI8MNiNglz,reCAPTCHA V3风险分,5
0000,2026-09-06,LKUS_physical_order_cancel,feature_P5eYl9a699fA,ip白名单,2
0000,2026-09-06,LKUS_physical_order_cancel,feature_vTICzBPfD3Ds,ip C段白名单,2
0000,2026-09-06,LKUS_physical_order_cancel,feature_oxYJ6qJ3BAfv,用户编号白名单,2
0000,2026-09-06,LKUS_physical_order_cancel,feature_yo8MLsBsGIsV,三方unionId白名单,2
0000,2026-09-06,LKUS_physical_order_cancel,feature_kqtp6XVcXXiQ,手机号白名单,2
0000,2026-09-06,LKUS_physical_order_cancel,feature_5caBWmAHDcCQ,邮箱白名单,2
0000,2026-09-06,LKUS_physical_order_cancel,feature_K0JuGvXPoQsS,网关uid白名单,2
0000,2026-09-06,LKUS_physical_order_cancel,feature_3CSh3LRVobu7,手机号黑名单,2
0000,2026-09-06,LKUS_physical_order_cancel,feature_jkeS0N10RDAn,网关uid黑名单,2
0000,2026-09-06,LKUS_physical_order_cancel,feature_7qCVo92BIECU,三方unionId黑名单,2
0000,2026-09-06,LKUS_physical_order_cancel,feature_9tl8mW2Gembc,邮箱黑名单,2
0000,2026-09-06,LKUS_physical_order_cancel,feature_g43LuQcahzCJ,用户编号黑名单,2
0000,2026-09-06,LKUS_physical_order_cancel,feature_XtxCPW1x9QTU,ip C段黑名单,2
0000,2026-09-06,LKUS_physical_order_cancel,feature_cOkhRQVI91IV,ip黑名单,2
0000,2026-09-07,LKUS_push,feature_vTICzBPfD3Ds,ip C段白名单,88
0000,2026-09-07,LKUS_push,feature_P5eYl9a699fA,ip白名单,88
0000,2026-09-07,LKUS_push,feature_oxYJ6qJ3BAfv,用户编号白名单,88
0000,2026-09-07,LKUS_push,feature_yo8MLsBsGIsV,三方unionId白名单,88
0000,2026-09-07,LKUS_push,feature_kqtp6XVcXXiQ,手机号白名单,88
0000,2026-09-07,LKUS_push,feature_5caBWmAHDcCQ,邮箱白名单,88
0000,2026-09-07,LKUS_push,feature_K0JuGvXPoQsS,网关uid白名单,88
0000,2026-09-07,LKUS_push,feature_Fik6gvwY1tA6,手机号近1天的访问次数,88
0000,2026-09-07,LKUS_push,feature_3CSh3LRVobu7,手机号黑名单,85
0000,2026-09-07,LKUS_push,feature_jkeS0N10RDAn,网关uid黑名单,85
0000,2026-09-07,LKUS_push,feature_7qCVo92BIECU,三方unionId黑名单,85
0000,2026-09-07,LKUS_push,feature_9tl8mW2Gembc,邮箱黑名单,85
0000,2026-09-07,LKUS_push,feature_g43LuQcahzCJ,用户编号黑名单,85
0000,2026-09-07,LKUS_push,feature_XtxCPW1x9QTU,ip C段黑名单,85
0000,2026-09-07,LKUS_push,feature_cOkhRQVI91IV,ip黑名单,85
0000,2026-09-07,LKUS_push,feature_hspErCH8fSCE,手机号近30分钟的访问次数,85
0000,2026-09-07,LKUS_push,feature_pf88qk27w76j,区号近5分钟的访问次数,85
0000,2026-09-07,LKUS_push,feature_TLXI8MNiNglz,reCAPTCHA V3风险分,11
0000,2026-09-07,LKUS_push,feature_r1bhlQnbfRHb,IP近60分钟关联的手机号个数,85
0000,2026-09-07,LKUS_push,feature_7DbBgowc2mEl,IP近1分钟的访问次数,85
0000,2026-09-07,LKUS_push,feature_JaT2oyzVtD0q,手机号近1分钟的访问次数,85
0000,2026-09-07,LKUS_push,feature_TGPe0mjAPwR5,IP近60分钟关联的国家区号个数,85
0000,2026-09-07,LKUS_push,feature_n91JeGM6gD6i,同区号近60分钟非美国IP访问次数,85
0000,2026-09-07,LKUS_push,feature_UOJYBEifd5Jn,区号近60分钟的访问次数,85
0000,2026-09-07,LKUS_push,feature_dqBHKec09Wwa,同区号近60分钟未携带recaptchaV3token 访问次数,85
0000,2026-09-07,LKUS_push,feature_KtSZtJ9w7f9r,IPC段近1分钟关联的手机号个数,85
0000,2026-09-07,LKUS_push,feature_6qwgYPGGuJZ4,IPC段近10分钟关联的手机号个数,85
0000,2026-09-07,LKUS_push,feature_53Ck9TgChpTW,IP近5分钟关联的手机号个数,85
0000,2026-09-07,LKUS_push,feature_IPwzfPamC8eW,同手机号30分钟关联的IP city个数,85
0000,2026-09-07,LKUS_push,feature_SdA1CjZvNCMG,区号近1分钟的访问次数,85
0000,2026-09-07,LKUS_push,feature_Ym70ZsfxQKSc,一分钟请求量,85
0000,2026-09-07,LKUS_push,feature_WxHUxqIN0IuS,同IP近5分钟的访问次数,85
0000,2026-09-07,LKUS_push,feature_nnsdzZLQKPZ7,IP近10分钟关联的手机号个数,85
0000,2026-09-07,LKUS_push,feature_lydpDiga6SB9,手机号近5分钟的访问次数,85
0000,2026-09-07,LKUS_push,feature_YkpmaKaJhcdG,区号近1天内的访问次数,85
0000,2026-09-07,LKUS_push,feature_Wg4dZ6VJBuTb,IP近1分钟关联的手机号个数,85
0000,2026-09-07,LKUS_push,feature_MHv7nra5Z6T5,reCAPTCHA V3 token是否有效,74
0000,2026-09-07,LKUS_payment,feature_vTICzBPfD3Ds,ip C段白名单,59
0000,2026-09-07,LKUS_payment,feature_P5eYl9a699fA,ip白名单,59
0000,2026-09-07,LKUS_payment,feature_oxYJ6qJ3BAfv,用户编号白名单,59
0000,2026-09-07,LKUS_payment,feature_yo8MLsBsGIsV,三方unionId白名单,59
0000,2026-09-07,LKUS_payment,feature_kqtp6XVcXXiQ,手机号白名单,59
0000,2026-09-07,LKUS_payment,feature_5caBWmAHDcCQ,邮箱白名单,59
0000,2026-09-07,LKUS_payment,feature_K0JuGvXPoQsS,网关uid白名单,59
0000,2026-09-07,LKUS_physical_order_create,feature_oxYJ6qJ3BAfv,用户编号白名单,56
0000,2026-09-07,LKUS_physical_order_create,feature_vTICzBPfD3Ds,ip C段白名单,56
0000,2026-09-07,LKUS_physical_order_create,feature_P5eYl9a699fA,ip白名单,56
0000,2026-09-07,LKUS_physical_order_create,feature_yo8MLsBsGIsV,三方unionId白名单,56
0000,2026-09-07,LKUS_physical_order_create,feature_kqtp6XVcXXiQ,手机号白名单,56
0000,2026-09-07,LKUS_physical_order_create,feature_K0JuGvXPoQsS,网关uid白名单,56
0000,2026-09-07,LKUS_physical_order_create,feature_5caBWmAHDcCQ,邮箱白名单,56
0000,2026-09-07,LKUS_login,feature_oxYJ6qJ3BAfv,用户编号白名单,15
0000,2026-09-07,LKUS_login,feature_vTICzBPfD3Ds,ip C段白名单,15
0000,2026-09-07,LKUS_login,feature_P5eYl9a699fA,ip白名单,15
0000,2026-09-07,LKUS_login,feature_yo8MLsBsGIsV,三方unionId白名单,15
0000,2026-09-07,LKUS_login,feature_kqtp6XVcXXiQ,手机号白名单,15
0000,2026-09-07,LKUS_login,feature_K0JuGvXPoQsS,网关uid白名单,15
0000,2026-09-07,LKUS_login,feature_5caBWmAHDcCQ,邮箱白名单,15
0000,2026-09-07,LKUS_login,feature_3CSh3LRVobu7,手机号黑名单,14
0000,2026-09-07,LKUS_login,feature_jkeS0N10RDAn,网关uid黑名单,14
0000,2026-09-07,LKUS_login,feature_7qCVo92BIECU,三方unionId黑名单,14
0000,2026-09-07,LKUS_login,feature_9tl8mW2Gembc,邮箱黑名单,14
0000,2026-09-07,LKUS_login,feature_g43LuQcahzCJ,用户编号黑名单,14
0000,2026-09-07,LKUS_login,feature_XtxCPW1x9QTU,ip C段黑名单,14
0000,2026-09-07,LKUS_login,feature_cOkhRQVI91IV,ip黑名单,14
0000,2026-09-07,LKUS_login,feature_MHv7nra5Z6T5,reCAPTCHA V3 token是否有效,14
0000,2026-09-07,LKUS_grant_new_user_coupon,feature_oxYJ6qJ3BAfv,用户编号白名单,8
0000,2026-09-07,LKUS_grant_new_user_coupon,feature_vTICzBPfD3Ds,ip C段白名单,8
0000,2026-09-07,LKUS_grant_new_user_coupon,feature_P5eYl9a699fA,ip白名单,8
0000,2026-09-07,LKUS_grant_new_user_coupon,feature_yo8MLsBsGIsV,三方unionId白名单,8
0000,2026-09-07,LKUS_grant_new_user_coupon,feature_kqtp6XVcXXiQ,手机号白名单,8
0000,2026-09-07,LKUS_grant_new_user_coupon,feature_K0JuGvXPoQsS,网关uid白名单,8
0000,2026-09-07,LKUS_grant_new_user_coupon,feature_5caBWmAHDcCQ,邮箱白名单,8
0000,2026-09-07,LKUS_grant_new_user_coupon,feature_3CSh3LRVobu7,手机号黑名单,8
0000,2026-09-07,LKUS_grant_new_user_coupon,feature_jkeS0N10RDAn,网关uid黑名单,8
0000,2026-09-07,LKUS_grant_new_user_coupon,feature_7qCVo92BIECU,三方unionId黑名单,8
0000,2026-09-07,LKUS_grant_new_user_coupon,feature_9tl8mW2Gembc,邮箱黑名单,8
0000,2026-09-07,LKUS_grant_new_user_coupon,feature_g43LuQcahzCJ,用户编号黑名单,8
0000,2026-09-07,LKUS_grant_new_user_coupon,feature_XtxCPW1x9QTU,ip C段黑名单,8
0000,2026-09-07,LKUS_grant_new_user_coupon,feature_cOkhRQVI91IV,ip黑名单,8
0000,2026-09-07,LKUS_register,feature_oxYJ6qJ3BAfv,用户编号白名单,11
0000,2026-09-07,LKUS_register,feature_vTICzBPfD3Ds,ip C段白名单,11
0000,2026-09-07,LKUS_register,feature_P5eYl9a699fA,ip白名单,11
0000,2026-09-07,LKUS_register,feature_yo8MLsBsGIsV,三方unionId白名单,11
0000,2026-09-07,LKUS_register,feature_kqtp6XVcXXiQ,手机号白名单,11
0000,2026-09-07,LKUS_register,feature_K0JuGvXPoQsS,网关uid白名单,11
0000,2026-09-07,LKUS_register,feature_5caBWmAHDcCQ,邮箱白名单,11
0000,2026-09-07,LKUS_register,feature_3CSh3LRVobu7,手机号黑名单,11
0000,2026-09-07,LKUS_register,feature_jkeS0N10RDAn,网关uid黑名单,11
0000,2026-09-07,LKUS_register,feature_7qCVo92BIECU,三方unionId黑名单,11
0000,2026-09-07,LKUS_register,feature_9tl8mW2Gembc,邮箱黑名单,11
0000,2026-09-07,LKUS_register,feature_g43LuQcahzCJ,用户编号黑名单,11
0000,2026-09-07,LKUS_register,feature_XtxCPW1x9QTU,ip C段黑名单,11
0000,2026-09-07,LKUS_register,feature_cOkhRQVI91IV,ip黑名单,11
0000,2026-09-07,LKUS_physical_order_create,feature_3CSh3LRVobu7,手机号黑名单,40
0000,2026-09-07,LKUS_physical_order_create,feature_jkeS0N10RDAn,网关uid黑名单,40
0000,2026-09-07,LKUS_physical_order_create,feature_7qCVo92BIECU,三方unionId黑名单,40
0000,2026-09-07,LKUS_physical_order_create,feature_9tl8mW2Gembc,邮箱黑名单,40
0000,2026-09-07,LKUS_physical_order_create,feature_XtxCPW1x9QTU,ip C段黑名单,40
0000,2026-09-07,LKUS_physical_order_create,feature_cOkhRQVI91IV,ip黑名单,40
0000,2026-09-07,LKUS_physical_order_create,feature_g43LuQcahzCJ,用户编号黑名单,40
0000,2026-09-07,LKUS_physical_order_create,feature_MHv7nra5Z6T5,reCAPTCHA V3 token是否有效,40
0000,2026-09-07,LKUS_payment,feature_3CSh3LRVobu7,手机号黑名单,39
0000,2026-09-07,LKUS_payment,feature_jkeS0N10RDAn,网关uid黑名单,39
0000,2026-09-07,LKUS_payment,feature_7qCVo92BIECU,三方unionId黑名单,39
0000,2026-09-07,LKUS_payment,feature_9tl8mW2Gembc,邮箱黑名单,39
0000,2026-09-07,LKUS_payment,feature_g43LuQcahzCJ,用户编号黑名单,39
0000,2026-09-07,LKUS_payment,feature_XtxCPW1x9QTU,ip C段黑名单,39
0000,2026-09-07,LKUS_payment,feature_cOkhRQVI91IV,ip黑名单,39
0000,2026-09-07,LKUS_payment,feature_MHv7nra5Z6T5,reCAPTCHA V3 token是否有效,39
0000,2026-09-08,LKUS_login,feature_vTICzBPfD3Ds,ip C段白名单,25
0000,2026-09-08,LKUS_login,feature_P5eYl9a699fA,ip白名单,25
0000,2026-09-08,LKUS_login,feature_oxYJ6qJ3BAfv,用户编号白名单,25
0000,2026-09-08,LKUS_login,feature_yo8MLsBsGIsV,三方unionId白名单,25
0000,2026-09-08,LKUS_login,feature_kqtp6XVcXXiQ,手机号白名单,25
0000,2026-09-08,LKUS_login,feature_5caBWmAHDcCQ,邮箱白名单,25
0000,2026-09-08,LKUS_login,feature_K0JuGvXPoQsS,网关uid白名单,25
0000,2026-09-08,LKUS_login,feature_3CSh3LRVobu7,手机号黑名单,23
0000,2026-09-08,LKUS_login,feature_jkeS0N10RDAn,网关uid黑名单,23
0000,2026-09-08,LKUS_login,feature_7qCVo92BIECU,三方unionId黑名单,23
0000,2026-09-08,LKUS_login,feature_9tl8mW2Gembc,邮箱黑名单,23
0000,2026-09-08,LKUS_login,feature_XtxCPW1x9QTU,ip C段黑名单,23
0000,2026-09-08,LKUS_login,feature_cOkhRQVI91IV,ip黑名单,23
0000,2026-09-08,LKUS_login,feature_g43LuQcahzCJ,用户编号黑名单,23
0000,2026-09-08,LKUS_login,feature_MHv7nra5Z6T5,reCAPTCHA V3 token是否有效,23
0000,2026-09-08,LKUS_grant_new_user_coupon,feature_oxYJ6qJ3BAfv,用户编号白名单,16
0000,2026-09-08,LKUS_grant_new_user_coupon,feature_vTICzBPfD3Ds,ip C段白名单,16
0000,2026-09-08,LKUS_grant_new_user_coupon,feature_P5eYl9a699fA,ip白名单,16
0000,2026-09-08,LKUS_grant_new_user_coupon,feature_yo8MLsBsGIsV,三方unionId白名单,16
0000,2026-09-08,LKUS_grant_new_user_coupon,feature_kqtp6XVcXXiQ,手机号白名单,16
0000,2026-09-08,LKUS_grant_new_user_coupon,feature_K0JuGvXPoQsS,网关uid白名单,16
0000,2026-09-08,LKUS_grant_new_user_coupon,feature_5caBWmAHDcCQ,邮箱白名单,16
0000,2026-09-08,LKUS_grant_new_user_coupon,feature_3CSh3LRVobu7,手机号黑名单,16
0000,2026-09-08,LKUS_grant_new_user_coupon,feature_jkeS0N10RDAn,网关uid黑名单,16
0000,2026-09-08,LKUS_grant_new_user_coupon,feature_7qCVo92BIECU,三方unionId黑名单,16
0000,2026-09-08,LKUS_grant_new_user_coupon,feature_9tl8mW2Gembc,邮箱黑名单,16
0000,2026-09-08,LKUS_grant_new_user_coupon,feature_g43LuQcahzCJ,用户编号黑名单,16
0000,2026-09-08,LKUS_grant_new_user_coupon,feature_XtxCPW1x9QTU,ip C段黑名单,16
0000,2026-09-08,LKUS_grant_new_user_coupon,feature_cOkhRQVI91IV,ip黑名单,16
0000,2026-09-08,LKUS_push,feature_oxYJ6qJ3BAfv,用户编号白名单,109
0000,2026-09-08,LKUS_push,feature_vTICzBPfD3Ds,ip C段白名单,109
0000,2026-09-08,LKUS_push,feature_P5eYl9a699fA,ip白名单,109
0000,2026-09-08,LKUS_push,feature_yo8MLsBsGIsV,三方unionId白名单,109
0000,2026-09-08,LKUS_push,feature_kqtp6XVcXXiQ,手机号白名单,109
0000,2026-09-08,LKUS_push,feature_K0JuGvXPoQsS,网关uid白名单,109
0000,2026-09-08,LKUS_push,feature_5caBWmAHDcCQ,邮箱白名单,109
0000,2026-09-08,LKUS_push,feature_Fik6gvwY1tA6,手机号近1天的访问次数,109
0000,2026-09-08,LKUS_push,feature_3CSh3LRVobu7,手机号黑名单,107
0000,2026-09-08,LKUS_push,feature_jkeS0N10RDAn,网关uid黑名单,107
0000,2026-09-08,LKUS_push,feature_7qCVo92BIECU,三方unionId黑名单,107
0000,2026-09-08,LKUS_push,feature_9tl8mW2Gembc,邮箱黑名单,107
0000,2026-09-08,LKUS_push,feature_g43LuQcahzCJ,用户编号黑名单,107
0000,2026-09-08,LKUS_push,feature_XtxCPW1x9QTU,ip C段黑名单,107
0000,2026-09-08,LKUS_push,feature_cOkhRQVI91IV,ip黑名单,107
0000,2026-09-08,LKUS_push,feature_Wg4dZ6VJBuTb,IP近1分钟关联的手机号个数,107
0000,2026-09-08,LKUS_push,feature_MHv7nra5Z6T5,reCAPTCHA V3 token是否有效,107
0000,2026-09-08,LKUS_push,feature_SdA1CjZvNCMG,区号近1分钟的访问次数,107
0000,2026-09-08,LKUS_push,feature_53Ck9TgChpTW,IP近5分钟关联的手机号个数,107
0000,2026-09-08,LKUS_push,feature_TGPe0mjAPwR5,IP近60分钟关联的国家区号个数,107
0000,2026-09-08,LKUS_push,feature_YkpmaKaJhcdG,区号近1天内的访问次数,107
0000,2026-09-08,LKUS_push,feature_7DbBgowc2mEl,IP近1分钟的访问次数,107
0000,2026-09-08,LKUS_push,feature_IPwzfPamC8eW,同手机号30分钟关联的IP city个数,107
0000,2026-09-08,LKUS_push,feature_n91JeGM6gD6i,同区号近60分钟非美国IP访问次数,107
0000,2026-09-08,LKUS_push,feature_Ym70ZsfxQKSc,一分钟请求量,107
0000,2026-09-08,LKUS_push,feature_6qwgYPGGuJZ4,IPC段近10分钟关联的手机号个数,107
0000,2026-09-08,LKUS_push,feature_JaT2oyzVtD0q,手机号近1分钟的访问次数,107
0000,2026-09-08,LKUS_push,feature_dqBHKec09Wwa,同区号近60分钟未携带recaptchaV3token 访问次数,107
0000,2026-09-08,LKUS_push,feature_KtSZtJ9w7f9r,IPC段近1分钟关联的手机号个数,107
0000,2026-09-08,LKUS_push,feature_UOJYBEifd5Jn,区号近60分钟的访问次数,107
0000,2026-09-08,LKUS_push,feature_pf88qk27w76j,区号近5分钟的访问次数,107
0000,2026-09-08,LKUS_push,feature_hspErCH8fSCE,手机号近30分钟的访问次数,107
0000,2026-09-08,LKUS_push,feature_nnsdzZLQKPZ7,IP近10分钟关联的手机号个数,107
0000,2026-09-08,LKUS_push,feature_r1bhlQnbfRHb,IP近60分钟关联的手机号个数,107
0000,2026-09-08,LKUS_push,feature_lydpDiga6SB9,手机号近5分钟的访问次数,107
0000,2026-09-08,LKUS_push,feature_WxHUxqIN0IuS,同IP近5分钟的访问次数,107
0000,2026-09-08,LKUS_register,feature_oxYJ6qJ3BAfv,用户编号白名单,11
0000,2026-09-08,LKUS_register,feature_vTICzBPfD3Ds,ip C段白名单,11
0000,2026-09-08,LKUS_register,feature_P5eYl9a699fA,ip白名单,11
0000,2026-09-08,LKUS_register,feature_yo8MLsBsGIsV,三方unionId白名单,11
0000,2026-09-08,LKUS_register,feature_kqtp6XVcXXiQ,手机号白名单,11
0000,2026-09-08,LKUS_register,feature_K0JuGvXPoQsS,网关uid白名单,11
0000,2026-09-08,LKUS_register,feature_5caBWmAHDcCQ,邮箱白名单,11
0000,2026-09-08,LKUS_register,feature_3CSh3LRVobu7,手机号黑名单,11
0000,2026-09-08,LKUS_register,feature_jkeS0N10RDAn,网关uid黑名单,11
0000,2026-09-08,LKUS_register,feature_7qCVo92BIECU,三方unionId黑名单,11
0000,2026-09-08,LKUS_register,feature_9tl8mW2Gembc,邮箱黑名单,11
0000,2026-09-08,LKUS_register,feature_g43LuQcahzCJ,用户编号黑名单,11
0000,2026-09-08,LKUS_register,feature_XtxCPW1x9QTU,ip C段黑名单,11
0000,2026-09-08,LKUS_register,feature_cOkhRQVI91IV,ip黑名单,11
0000,2026-09-08,LKUS_physical_order_create,feature_oxYJ6qJ3BAfv,用户编号白名单,99
0000,2026-09-08,LKUS_physical_order_create,feature_vTICzBPfD3Ds,ip C段白名单,99
0000,2026-09-08,LKUS_physical_order_create,feature_P5eYl9a699fA,ip白名单,99
0000,2026-09-08,LKUS_physical_order_create,feature_yo8MLsBsGIsV,三方unionId白名单,99
0000,2026-09-08,LKUS_physical_order_create,feature_kqtp6XVcXXiQ,手机号白名单,99
0000,2026-09-08,LKUS_physical_order_create,feature_K0JuGvXPoQsS,网关uid白名单,99
0000,2026-09-08,LKUS_physical_order_create,feature_5caBWmAHDcCQ,邮箱白名单,99
0000,2026-09-08,LKUS_physical_order_create,feature_3CSh3LRVobu7,手机号黑名单,81
0000,2026-09-08,LKUS_physical_order_create,feature_jkeS0N10RDAn,网关uid黑名单,81
0000,2026-09-08,LKUS_physical_order_create,feature_7qCVo92BIECU,三方unionId黑名单,81
0000,2026-09-08,LKUS_physical_order_create,feature_9tl8mW2Gembc,邮箱黑名单,81
0000,2026-09-08,LKUS_physical_order_create,feature_g43LuQcahzCJ,用户编号黑名单,81
0000,2026-09-08,LKUS_physical_order_create,feature_XtxCPW1x9QTU,ip C段黑名单,81
0000,2026-09-08,LKUS_physical_order_create,feature_cOkhRQVI91IV,ip黑名单,81
0000,2026-09-08,LKUS_physical_order_create,feature_MHv7nra5Z6T5,reCAPTCHA V3 token是否有效,81
0000,2026-09-08,LKUS_payment,feature_oxYJ6qJ3BAfv,用户编号白名单,99
0000,2026-09-08,LKUS_payment,feature_vTICzBPfD3Ds,ip C段白名单,99
0000,2026-09-08,LKUS_payment,feature_P5eYl9a699fA,ip白名单,99
0000,2026-09-08,LKUS_payment,feature_yo8MLsBsGIsV,三方unionId白名单,99
0000,2026-09-08,LKUS_payment,feature_kqtp6XVcXXiQ,手机号白名单,99
0000,2026-09-08,LKUS_payment,feature_K0JuGvXPoQsS,网关uid白名单,99
0000,2026-09-08,LKUS_payment,feature_5caBWmAHDcCQ,邮箱白名单,99
0000,2026-09-08,LKUS_payment,feature_3CSh3LRVobu7,手机号黑名单,81
0000,2026-09-08,LKUS_payment,feature_jkeS0N10RDAn,网关uid黑名单,81
0000,2026-09-08,LKUS_payment,feature_7qCVo92BIECU,三方unionId黑名单,81
0000,2026-09-08,LKUS_payment,feature_9tl8mW2Gembc,邮箱黑名单,81
0000,2026-09-08,LKUS_payment,feature_g43LuQcahzCJ,用户编号黑名单,81
0000,2026-09-08,LKUS_payment,feature_XtxCPW1x9QTU,ip C段黑名单,81
0000,2026-09-08,LKUS_payment,feature_cOkhRQVI91IV,ip黑名单,81
0000,2026-09-08,LKUS_payment,feature_MHv7nra5Z6T5,reCAPTCHA V3 token是否有效,81
0000,2026-09-08,LKUS_physical_order_cancel,feature_oxYJ6qJ3BAfv,用户编号白名单,2
0000,2026-09-08,LKUS_physical_order_cancel,feature_vTICzBPfD3Ds,ip C段白名单,2
0000,2026-09-08,LKUS_physical_order_cancel,feature_P5eYl9a699fA,ip白名单,2
0000,2026-09-08,LKUS_physical_order_cancel,feature_yo8MLsBsGIsV,三方unionId白名单,2
0000,2026-09-08,LKUS_physical_order_cancel,feature_kqtp6XVcXXiQ,手机号白名单,2
0000,2026-09-08,LKUS_physical_order_cancel,feature_K0JuGvXPoQsS,网关uid白名单,2
0000,2026-09-08,LKUS_physical_order_cancel,feature_5caBWmAHDcCQ,邮箱白名单,2
0000,2026-09-08,LKUS_physical_order_cancel,feature_3CSh3LRVobu7,手机号黑名单,2
0000,2026-09-08,LKUS_physical_order_cancel,feature_jkeS0N10RDAn,网关uid黑名单,2
0000,2026-09-08,LKUS_physical_order_cancel,feature_7qCVo92BIECU,三方unionId黑名单,2
0000,2026-09-08,LKUS_physical_order_cancel,feature_9tl8mW2Gembc,邮箱黑名单,2
0000,2026-09-08,LKUS_physical_order_cancel,feature_g43LuQcahzCJ,用户编号黑名单,2
0000,2026-09-08,LKUS_physical_order_cancel,feature_XtxCPW1x9QTU,ip C段黑名单,2
0000,2026-09-08,LKUS_physical_order_cancel,feature_cOkhRQVI91IV,ip黑名单,2
0000,2026-09-09,LKUS_push,feature_Fik6gvwY1tA6,手机号近1天的访问次数,103
0000,2026-09-09,LKUS_push,feature_oxYJ6qJ3BAfv,用户编号白名单,103
0000,2026-09-09,LKUS_push,feature_vTICzBPfD3Ds,ip C段白名单,103
0000,2026-09-09,LKUS_push,feature_P5eYl9a699fA,ip白名单,103
0000,2026-09-09,LKUS_push,feature_yo8MLsBsGIsV,三方unionId白名单,103
0000,2026-09-09,LKUS_push,feature_kqtp6XVcXXiQ,手机号白名单,103
0000,2026-09-09,LKUS_push,feature_K0JuGvXPoQsS,网关uid白名单,103
0000,2026-09-09,LKUS_push,feature_5caBWmAHDcCQ,邮箱白名单,103
0000,2026-09-09,LKUS_push,feature_3CSh3LRVobu7,手机号黑名单,102
0000,2026-09-09,LKUS_push,feature_jkeS0N10RDAn,网关uid黑名单,102
0000,2026-09-09,LKUS_push,feature_7qCVo92BIECU,三方unionId黑名单,102
0000,2026-09-09,LKUS_push,feature_9tl8mW2Gembc,邮箱黑名单,102
0000,2026-09-09,LKUS_push,feature_g43LuQcahzCJ,用户编号黑名单,102
0000,2026-09-09,LKUS_push,feature_XtxCPW1x9QTU,ip C段黑名单,102
0000,2026-09-09,LKUS_push,feature_cOkhRQVI91IV,ip黑名单,102
0000,2026-09-09,LKUS_push,feature_Wg4dZ6VJBuTb,IP近1分钟关联的手机号个数,102
0000,2026-09-09,LKUS_push,feature_MHv7nra5Z6T5,reCAPTCHA V3 token是否有效,102
0000,2026-09-09,LKUS_push,feature_SdA1CjZvNCMG,区号近1分钟的访问次数,102
0000,2026-09-09,LKUS_push,feature_53Ck9TgChpTW,IP近5分钟关联的手机号个数,102
0000,2026-09-09,LKUS_push,feature_TGPe0mjAPwR5,IP近60分钟关联的国家区号个数,102
0000,2026-09-09,LKUS_push,feature_YkpmaKaJhcdG,区号近1天内的访问次数,102
0000,2026-09-09,LKUS_push,feature_7DbBgowc2mEl,IP近1分钟的访问次数,102
0000,2026-09-09,LKUS_push,feature_IPwzfPamC8eW,同手机号30分钟关联的IP city个数,102
0000,2026-09-09,LKUS_push,feature_n91JeGM6gD6i,同区号近60分钟非美国IP访问次数,102
0000,2026-09-09,LKUS_push,feature_Ym70ZsfxQKSc,一分钟请求量,102
0000,2026-09-09,LKUS_push,feature_6qwgYPGGuJZ4,IPC段近10分钟关联的手机号个数,102
0000,2026-09-09,LKUS_push,feature_JaT2oyzVtD0q,手机号近1分钟的访问次数,102
0000,2026-09-09,LKUS_push,feature_dqBHKec09Wwa,同区号近60分钟未携带recaptchaV3token 访问次数,102
0000,2026-09-09,LKUS_push,feature_KtSZtJ9w7f9r,IPC段近1分钟关联的手机号个数,102
0000,2026-09-09,LKUS_push,feature_UOJYBEifd5Jn,区号近60分钟的访问次数,102
0000,2026-09-09,LKUS_push,feature_pf88qk27w76j,区号近5分钟的访问次数,102
0000,2026-09-09,LKUS_push,feature_hspErCH8fSCE,手机号近30分钟的访问次数,102
0000,2026-09-09,LKUS_push,feature_nnsdzZLQKPZ7,IP近10分钟关联的手机号个数,102
0000,2026-09-09,LKUS_push,feature_r1bhlQnbfRHb,IP近60分钟关联的手机号个数,102
0000,2026-09-09,LKUS_push,feature_lydpDiga6SB9,手机号近5分钟的访问次数,102
0000,2026-09-09,LKUS_push,feature_WxHUxqIN0IuS,同IP近5分钟的访问次数,102
0000,2026-09-09,LKUS_physical_order_create,feature_oxYJ6qJ3BAfv,用户编号白名单,97
0000,2026-09-09,LKUS_physical_order_create,feature_vTICzBPfD3Ds,ip C段白名单,97
0000,2026-09-09,LKUS_physical_order_create,feature_P5eYl9a699fA,ip白名单,97
0000,2026-09-09,LKUS_physical_order_create,feature_yo8MLsBsGIsV,三方unionId白名单,97
0000,2026-09-09,LKUS_physical_order_create,feature_kqtp6XVcXXiQ,手机号白名单,97
0000,2026-09-09,LKUS_physical_order_create,feature_K0JuGvXPoQsS,网关uid白名单,97
0000,2026-09-09,LKUS_physical_order_create,feature_5caBWmAHDcCQ,邮箱白名单,97
0000,2026-09-09,LKUS_physical_order_create,feature_3CSh3LRVobu7,手机号黑名单,91
0000,2026-09-09,LKUS_physical_order_create,feature_jkeS0N10RDAn,网关uid黑名单,91
0000,2026-09-09,LKUS_physical_order_create,feature_7qCVo92BIECU,三方unionId黑名单,91
0000,2026-09-09,LKUS_physical_order_create,feature_9tl8mW2Gembc,邮箱黑名单,91
0000,2026-09-09,LKUS_physical_order_create,feature_g43LuQcahzCJ,用户编号黑名单,91
0000,2026-09-09,LKUS_physical_order_create,feature_XtxCPW1x9QTU,ip C段黑名单,91
0000,2026-09-09,LKUS_physical_order_create,feature_cOkhRQVI91IV,ip黑名单,91
0000,2026-09-09,LKUS_physical_order_create,feature_MHv7nra5Z6T5,reCAPTCHA V3 token是否有效,91
0000,2026-09-09,LKUS_payment,feature_vTICzBPfD3Ds,ip C段白名单,100
0000,2026-09-09,LKUS_payment,feature_P5eYl9a699fA,ip白名单,100
0000,2026-09-09,LKUS_payment,feature_oxYJ6qJ3BAfv,用户编号白名单,100
0000,2026-09-09,LKUS_payment,feature_yo8MLsBsGIsV,三方unionId白名单,100
0000,2026-09-09,LKUS_payment,feature_kqtp6XVcXXiQ,手机号白名单,100
0000,2026-09-09,LKUS_payment,feature_5caBWmAHDcCQ,邮箱白名单,100
0000,2026-09-09,LKUS_payment,feature_K0JuGvXPoQsS,网关uid白名单,100
0000,2026-09-09,LKUS_payment,feature_3CSh3LRVobu7,手机号黑名单,93
0000,2026-09-09,LKUS_payment,feature_jkeS0N10RDAn,网关uid黑名单,93
0000,2026-09-09,LKUS_payment,feature_7qCVo92BIECU,三方unionId黑名单,93
0000,2026-09-09,LKUS_payment,feature_9tl8mW2Gembc,邮箱黑名单,93
0000,2026-09-09,LKUS_payment,feature_XtxCPW1x9QTU,ip C段黑名单,93
0000,2026-09-09,LKUS_payment,feature_cOkhRQVI91IV,ip黑名单,93
0000,2026-09-09,LKUS_payment,feature_g43LuQcahzCJ,用户编号黑名单,93
0000,2026-09-09,LKUS_payment,feature_MHv7nra5Z6T5,reCAPTCHA V3 token是否有效,93
0000,2026-09-09,LKUS_register,feature_vTICzBPfD3Ds,ip C段白名单,17
0000,2026-09-09,LKUS_register,feature_P5eYl9a699fA,ip白名单,17
0000,2026-09-09,LKUS_register,feature_oxYJ6qJ3BAfv,用户编号白名单,17
0000,2026-09-09,LKUS_register,feature_yo8MLsBsGIsV,三方unionId白名单,17
0000,2026-09-09,LKUS_register,feature_kqtp6XVcXXiQ,手机号白名单,17
0000,2026-09-09,LKUS_register,feature_5caBWmAHDcCQ,邮箱白名单,17
0000,2026-09-09,LKUS_register,feature_K0JuGvXPoQsS,网关uid白名单,17
0000,2026-09-09,LKUS_register,feature_3CSh3LRVobu7,手机号黑名单,17
0000,2026-09-09,LKUS_register,feature_jkeS0N10RDAn,网关uid黑名单,17
0000,2026-09-09,LKUS_register,feature_7qCVo92BIECU,三方unionId黑名单,17
0000,2026-09-09,LKUS_register,feature_9tl8mW2Gembc,邮箱黑名单,17
0000,2026-09-09,LKUS_register,feature_XtxCPW1x9QTU,ip C段黑名单,17
0000,2026-09-09,LKUS_register,feature_cOkhRQVI91IV,ip黑名单,17
0000,2026-09-09,LKUS_register,feature_g43LuQcahzCJ,用户编号黑名单,17
0000,2026-09-09,LKUS_login,feature_vTICzBPfD3Ds,ip C段白名单,24
0000,2026-09-09,LKUS_login,feature_P5eYl9a699fA,ip白名单,24
0000,2026-09-09,LKUS_login,feature_oxYJ6qJ3BAfv,用户编号白名单,24
0000,2026-09-09,LKUS_login,feature_yo8MLsBsGIsV,三方unionId白名单,24
0000,2026-09-09,LKUS_login,feature_kqtp6XVcXXiQ,手机号白名单,24
0000,2026-09-09,LKUS_login,feature_5caBWmAHDcCQ,邮箱白名单,24
0000,2026-09-09,LKUS_login,feature_K0JuGvXPoQsS,网关uid白名单,24
0000,2026-09-09,LKUS_login,feature_3CSh3LRVobu7,手机号黑名单,23
0000,2026-09-09,LKUS_login,feature_jkeS0N10RDAn,网关uid黑名单,23
0000,2026-09-09,LKUS_login,feature_7qCVo92BIECU,三方unionId黑名单,23
0000,2026-09-09,LKUS_login,feature_9tl8mW2Gembc,邮箱黑名单,23
0000,2026-09-09,LKUS_login,feature_XtxCPW1x9QTU,ip C段黑名单,23
0000,2026-09-09,LKUS_login,feature_cOkhRQVI91IV,ip黑名单,23
0000,2026-09-09,LKUS_login,feature_g43LuQcahzCJ,用户编号黑名单,23
0000,2026-09-09,LKUS_login,feature_MHv7nra5Z6T5,reCAPTCHA V3 token是否有效,23
0000,2026-09-09,LKUS_grant_new_user_coupon,feature_vTICzBPfD3Ds,ip C段白名单,14
0000,2026-09-09,LKUS_grant_new_user_coupon,feature_P5eYl9a699fA,ip白名单,14
0000,2026-09-09,LKUS_grant_new_user_coupon,feature_oxYJ6qJ3BAfv,用户编号白名单,14
0000,2026-09-09,LKUS_grant_new_user_coupon,feature_yo8MLsBsGIsV,三方unionId白名单,14
0000,2026-09-09,LKUS_grant_new_user_coupon,feature_kqtp6XVcXXiQ,手机号白名单,14
0000,2026-09-09,LKUS_grant_new_user_coupon,feature_5caBWmAHDcCQ,邮箱白名单,14
0000,2026-09-09,LKUS_grant_new_user_coupon,feature_K0JuGvXPoQsS,网关uid白名单,14
0000,2026-09-09,LKUS_grant_new_user_coupon,feature_3CSh3LRVobu7,手机号黑名单,14
0000,2026-09-09,LKUS_grant_new_user_coupon,feature_jkeS0N10RDAn,网关uid黑名单,14
0000,2026-09-09,LKUS_grant_new_user_coupon,feature_7qCVo92BIECU,三方unionId黑名单,14
0000,2026-09-09,LKUS_grant_new_user_coupon,feature_9tl8mW2Gembc,邮箱黑名单,14
0000,2026-09-09,LKUS_grant_new_user_coupon,feature_XtxCPW1x9QTU,ip C段黑名单,14
0000,2026-09-09,LKUS_grant_new_user_coupon,feature_cOkhRQVI91IV,ip黑名单,14
0000,2026-09-09,LKUS_grant_new_user_coupon,feature_g43LuQcahzCJ,用户编号黑名单,14
0000,2026-09-10,LKUS_push,feature_Fik6gvwY1tA6,手机号近1天的访问次数,89
0000,2026-09-10,LKUS_push,feature_vTICzBPfD3Ds,ip C段白名单,89
0000,2026-09-10,LKUS_push,feature_P5eYl9a699fA,ip白名单,89
0000,2026-09-10,LKUS_push,feature_oxYJ6qJ3BAfv,用户编号白名单,89
0000,2026-09-10,LKUS_push,feature_yo8MLsBsGIsV,三方unionId白名单,89
0000,2026-09-10,LKUS_push,feature_kqtp6XVcXXiQ,手机号白名单,89
0000,2026-09-10,LKUS_push,feature_5caBWmAHDcCQ,邮箱白名单,89
0000,2026-09-10,LKUS_push,feature_K0JuGvXPoQsS,网关uid白名单,89
0000,2026-09-10,LKUS_push,feature_3CSh3LRVobu7,手机号黑名单,87
0000,2026-09-10,LKUS_push,feature_jkeS0N10RDAn,网关uid黑名单,87
0000,2026-09-10,LKUS_push,feature_7qCVo92BIECU,三方unionId黑名单,87
0000,2026-09-10,LKUS_push,feature_9tl8mW2Gembc,邮箱黑名单,87
0000,2026-09-10,LKUS_push,feature_XtxCPW1x9QTU,ip C段黑名单,87
0000,2026-09-10,LKUS_push,feature_cOkhRQVI91IV,ip黑名单,87
0000,2026-09-10,LKUS_push,feature_g43LuQcahzCJ,用户编号黑名单,87
0000,2026-09-10,LKUS_push,feature_hspErCH8fSCE,手机号近30分钟的访问次数,87
0000,2026-09-10,LKUS_push,feature_pf88qk27w76j,区号近5分钟的访问次数,87
0000,2026-09-10,LKUS_push,feature_r1bhlQnbfRHb,IP近60分钟关联的手机号个数,87
0000,2026-09-10,LKUS_push,feature_nnsdzZLQKPZ7,IP近10分钟关联的手机号个数,87
0000,2026-09-10,LKUS_push,feature_MHv7nra5Z6T5,reCAPTCHA V3 token是否有效,87
0000,2026-09-10,LKUS_push,feature_JaT2oyzVtD0q,手机号近1分钟的访问次数,87
0000,2026-09-10,LKUS_push,feature_Ym70ZsfxQKSc,一分钟请求量,87
0000,2026-09-10,LKUS_push,feature_YkpmaKaJhcdG,区号近1天内的访问次数,87
0000,2026-09-10,LKUS_push,feature_Wg4dZ6VJBuTb,IP近1分钟关联的手机号个数,87
0000,2026-09-10,LKUS_push,feature_IPwzfPamC8eW,同手机号30分钟关联的IP city个数,87
0000,2026-09-10,LKUS_push,feature_7DbBgowc2mEl,IP近1分钟的访问次数,87
0000,2026-09-10,LKUS_push,feature_6qwgYPGGuJZ4,IPC段近10分钟关联的手机号个数,87
0000,2026-09-10,LKUS_push,feature_53Ck9TgChpTW,IP近5分钟关联的手机号个数,87
0000,2026-09-10,LKUS_push,feature_SdA1CjZvNCMG,区号近1分钟的访问次数,87
0000,2026-09-10,LKUS_push,feature_dqBHKec09Wwa,同区号近60分钟未携带recaptchaV3token 访问次数,87
0000,2026-09-10,LKUS_push,feature_KtSZtJ9w7f9r,IPC段近1分钟关联的手机号个数,87
0000,2026-09-10,LKUS_push,feature_UOJYBEifd5Jn,区号近60分钟的访问次数,87
0000,2026-09-10,LKUS_push,feature_WxHUxqIN0IuS,同IP近5分钟的访问次数,87
0000,2026-09-10,LKUS_push,feature_lydpDiga6SB9,手机号近5分钟的访问次数,87
0000,2026-09-10,LKUS_push,feature_n91JeGM6gD6i,同区号近60分钟非美国IP访问次数,87
0000,2026-09-10,LKUS_push,feature_TGPe0mjAPwR5,IP近60分钟关联的国家区号个数,87
0000,2026-09-10,LKUS_physical_order_create,feature_vTICzBPfD3Ds,ip C段白名单,96
0000,2026-09-10,LKUS_physical_order_create,feature_P5eYl9a699fA,ip白名单,96
0000,2026-09-10,LKUS_physical_order_create,feature_oxYJ6qJ3BAfv,用户编号白名单,96
0000,2026-09-10,LKUS_physical_order_create,feature_yo8MLsBsGIsV,三方unionId白名单,96
0000,2026-09-10,LKUS_physical_order_create,feature_kqtp6XVcXXiQ,手机号白名单,96
0000,2026-09-10,LKUS_physical_order_create,feature_5caBWmAHDcCQ,邮箱白名单,96
0000,2026-09-10,LKUS_physical_order_create,feature_K0JuGvXPoQsS,网关uid白名单,96
0000,2026-09-10,LKUS_payment,feature_vTICzBPfD3Ds,ip C段白名单,95
0000,2026-09-10,LKUS_payment,feature_P5eYl9a699fA,ip白名单,95
0000,2026-09-10,LKUS_payment,feature_oxYJ6qJ3BAfv,用户编号白名单,95
0000,2026-09-10,LKUS_payment,feature_yo8MLsBsGIsV,三方unionId白名单,95
0000,2026-09-10,LKUS_payment,feature_kqtp6XVcXXiQ,手机号白名单,95
0000,2026-09-10,LKUS_payment,feature_5caBWmAHDcCQ,邮箱白名单,95
0000,2026-09-10,LKUS_payment,feature_K0JuGvXPoQsS,网关uid白名单,95
0000,2026-09-10,LKUS_physical_order_create,feature_3CSh3LRVobu7,手机号黑名单,80
0000,2026-09-10,LKUS_physical_order_create,feature_jkeS0N10RDAn,网关uid黑名单,80
0000,2026-09-10,LKUS_physical_order_create,feature_7qCVo92BIECU,三方unionId黑名单,80
0000,2026-09-10,LKUS_physical_order_create,feature_9tl8mW2Gembc,邮箱黑名单,80
0000,2026-09-10,LKUS_physical_order_create,feature_XtxCPW1x9QTU,ip C段黑名单,80
0000,2026-09-10,LKUS_physical_order_create,feature_cOkhRQVI91IV,ip黑名单,80
0000,2026-09-10,LKUS_physical_order_create,feature_g43LuQcahzCJ,用户编号黑名单,80
0000,2026-09-10,LKUS_physical_order_create,feature_MHv7nra5Z6T5,reCAPTCHA V3 token是否有效,80
0000,2026-09-10,LKUS_payment,feature_3CSh3LRVobu7,手机号黑名单,79
0000,2026-09-10,LKUS_payment,feature_jkeS0N10RDAn,网关uid黑名单,79
0000,2026-09-10,LKUS_payment,feature_7qCVo92BIECU,三方unionId黑名单,79
0000,2026-09-10,LKUS_payment,feature_9tl8mW2Gembc,邮箱黑名单,79
0000,2026-09-10,LKUS_payment,feature_XtxCPW1x9QTU,ip C段黑名单,79
0000,2026-09-10,LKUS_payment,feature_cOkhRQVI91IV,ip黑名单,79
0000,2026-09-10,LKUS_payment,feature_g43LuQcahzCJ,用户编号黑名单,79
0000,2026-09-10,LKUS_payment,feature_MHv7nra5Z6T5,reCAPTCHA V3 token是否有效,79
0000,2026-09-10,LKUS_login,feature_oxYJ6qJ3BAfv,用户编号白名单,16
0000,2026-09-10,LKUS_login,feature_vTICzBPfD3Ds,ip C段白名单,16
0000,2026-09-10,LKUS_login,feature_P5eYl9a699fA,ip白名单,16
0000,2026-09-10,LKUS_login,feature_yo8MLsBsGIsV,三方unionId白名单,16
0000,2026-09-10,LKUS_login,feature_kqtp6XVcXXiQ,手机号白名单,16
0000,2026-09-10,LKUS_login,feature_K0JuGvXPoQsS,网关uid白名单,16
0000,2026-09-10,LKUS_login,feature_5caBWmAHDcCQ,邮箱白名单,16
0000,2026-09-10,LKUS_login,feature_3CSh3LRVobu7,手机号黑名单,14
0000,2026-09-10,LKUS_login,feature_jkeS0N10RDAn,网关uid黑名单,14
0000,2026-09-10,LKUS_login,feature_7qCVo92BIECU,三方unionId黑名单,14
0000,2026-09-10,LKUS_login,feature_9tl8mW2Gembc,邮箱黑名单,14
0000,2026-09-10,LKUS_login,feature_g43LuQcahzCJ,用户编号黑名单,14
0000,2026-09-10,LKUS_login,feature_XtxCPW1x9QTU,ip C段黑名单,14
0000,2026-09-10,LKUS_login,feature_cOkhRQVI91IV,ip黑名单,14
0000,2026-09-10,LKUS_login,feature_MHv7nra5Z6T5,reCAPTCHA V3 token是否有效,14
0000,2026-09-10,LKUS_physical_order_cancel,feature_vTICzBPfD3Ds,ip C段白名单,2
0000,2026-09-10,LKUS_physical_order_cancel,feature_P5eYl9a699fA,ip白名单,2
0000,2026-09-10,LKUS_physical_order_cancel,feature_oxYJ6qJ3BAfv,用户编号白名单,2
0000,2026-09-10,LKUS_physical_order_cancel,feature_yo8MLsBsGIsV,三方unionId白名单,2
0000,2026-09-10,LKUS_physical_order_cancel,feature_kqtp6XVcXXiQ,手机号白名单,2
0000,2026-09-10,LKUS_physical_order_cancel,feature_5caBWmAHDcCQ,邮箱白名单,2
0000,2026-09-10,LKUS_physical_order_cancel,feature_K0JuGvXPoQsS,网关uid白名单,2
0000,2026-09-10,LKUS_physical_order_cancel,feature_3CSh3LRVobu7,手机号黑名单,2
0000,2026-09-10,LKUS_physical_order_cancel,feature_jkeS0N10RDAn,网关uid黑名单,2
0000,2026-09-10,LKUS_physical_order_cancel,feature_7qCVo92BIECU,三方unionId黑名单,2
0000,2026-09-10,LKUS_physical_order_cancel,feature_9tl8mW2Gembc,邮箱黑名单,2
0000,2026-09-10,LKUS_physical_order_cancel,feature_XtxCPW1x9QTU,ip C段黑名单,2
0000,2026-09-10,LKUS_physical_order_cancel,feature_cOkhRQVI91IV,ip黑名单,2
0000,2026-09-10,LKUS_physical_order_cancel,feature_g43LuQcahzCJ,用户编号黑名单,2
0000,2026-09-10,LKUS_register,feature_oxYJ6qJ3BAfv,用户编号白名单,7
0000,2026-09-10,LKUS_register,feature_vTICzBPfD3Ds,ip C段白名单,7
0000,2026-09-10,LKUS_register,feature_P5eYl9a699fA,ip白名单,7
0000,2026-09-10,LKUS_register,feature_yo8MLsBsGIsV,三方unionId白名单,7
0000,2026-09-10,LKUS_register,feature_kqtp6XVcXXiQ,手机号白名单,7
0000,2026-09-10,LKUS_register,feature_K0JuGvXPoQsS,网关uid白名单,7
0000,2026-09-10,LKUS_register,feature_5caBWmAHDcCQ,邮箱白名单,7
0000,2026-09-10,LKUS_register,feature_3CSh3LRVobu7,手机号黑名单,6
0000,2026-09-10,LKUS_register,feature_jkeS0N10RDAn,网关uid黑名单,6
0000,2026-09-10,LKUS_register,feature_7qCVo92BIECU,三方unionId黑名单,6
0000,2026-09-10,LKUS_register,feature_9tl8mW2Gembc,邮箱黑名单,6
0000,2026-09-10,LKUS_register,feature_g43LuQcahzCJ,用户编号黑名单,6
0000,2026-09-10,LKUS_register,feature_XtxCPW1x9QTU,ip C段黑名单,6
0000,2026-09-10,LKUS_register,feature_cOkhRQVI91IV,ip黑名单,6
0000,2026-09-10,LKUS_grant_new_user_coupon,feature_vTICzBPfD3Ds,ip C段白名单,7
0000,2026-09-10,LKUS_grant_new_user_coupon,feature_P5eYl9a699fA,ip白名单,7
0000,2026-09-10,LKUS_grant_new_user_coupon,feature_oxYJ6qJ3BAfv,用户编号白名单,7
0000,2026-09-10,LKUS_grant_new_user_coupon,feature_yo8MLsBsGIsV,三方unionId白名单,7
0000,2026-09-10,LKUS_grant_new_user_coupon,feature_kqtp6XVcXXiQ,手机号白名单,7
0000,2026-09-10,LKUS_grant_new_user_coupon,feature_5caBWmAHDcCQ,邮箱白名单,7
0000,2026-09-10,LKUS_grant_new_user_coupon,feature_K0JuGvXPoQsS,网关uid白名单,7
0000,2026-09-10,LKUS_grant_new_user_coupon,feature_3CSh3LRVobu7,手机号黑名单,7
0000,2026-09-10,LKUS_grant_new_user_coupon,feature_jkeS0N10RDAn,网关uid黑名单,7
0000,2026-09-10,LKUS_grant_new_user_coupon,feature_7qCVo92BIECU,三方unionId黑名单,7
0000,2026-09-10,LKUS_grant_new_user_coupon,feature_9tl8mW2Gembc,邮箱黑名单,7
0000,2026-09-10,LKUS_grant_new_user_coupon,feature_XtxCPW1x9QTU,ip C段黑名单,7
0000,2026-09-10,LKUS_grant_new_user_coupon,feature_cOkhRQVI91IV,ip黑名单,7
0000,2026-09-10,LKUS_grant_new_user_coupon,feature_g43LuQcahzCJ,用户编号黑名单,7
0000,2026-09-11,LKUS_push,feature_Fik6gvwY1tA6,手机号近1天的访问次数,87
0000,2026-09-11,LKUS_push,feature_oxYJ6qJ3BAfv,用户编号白名单,87
0000,2026-09-11,LKUS_push,feature_vTICzBPfD3Ds,ip C段白名单,87
0000,2026-09-11,LKUS_push,feature_P5eYl9a699fA,ip白名单,87
0000,2026-09-11,LKUS_push,feature_yo8MLsBsGIsV,三方unionId白名单,87
0000,2026-09-11,LKUS_push,feature_kqtp6XVcXXiQ,手机号白名单,87
0000,2026-09-11,LKUS_push,feature_K0JuGvXPoQsS,网关uid白名单,87
0000,2026-09-11,LKUS_push,feature_5caBWmAHDcCQ,邮箱白名单,87
0000,2026-09-11,LKUS_push,feature_3CSh3LRVobu7,手机号黑名单,87
0000,2026-09-11,LKUS_push,feature_jkeS0N10RDAn,网关uid黑名单,87
0000,2026-09-11,LKUS_push,feature_7qCVo92BIECU,三方unionId黑名单,87
0000,2026-09-11,LKUS_push,feature_9tl8mW2Gembc,邮箱黑名单,87
0000,2026-09-11,LKUS_push,feature_g43LuQcahzCJ,用户编号黑名单,87
0000,2026-09-11,LKUS_push,feature_XtxCPW1x9QTU,ip C段黑名单,87
0000,2026-09-11,LKUS_push,feature_cOkhRQVI91IV,ip黑名单,87
0000,2026-09-11,LKUS_push,feature_Wg4dZ6VJBuTb,IP近1分钟关联的手机号个数,87
0000,2026-09-11,LKUS_push,feature_MHv7nra5Z6T5,reCAPTCHA V3 token是否有效,87
0000,2026-09-11,LKUS_push,feature_SdA1CjZvNCMG,区号近1分钟的访问次数,87
0000,2026-09-11,LKUS_push,feature_53Ck9TgChpTW,IP近5分钟关联的手机号个数,87
0000,2026-09-11,LKUS_push,feature_TGPe0mjAPwR5,IP近60分钟关联的国家区号个数,87
0000,2026-09-11,LKUS_push,feature_YkpmaKaJhcdG,区号近1天内的访问次数,87
0000,2026-09-11,LKUS_push,feature_7DbBgowc2mEl,IP近1分钟的访问次数,87
0000,2026-09-11,LKUS_push,feature_IPwzfPamC8eW,同手机号30分钟关联的IP city个数,87
0000,2026-09-11,LKUS_push,feature_n91JeGM6gD6i,同区号近60分钟非美国IP访问次数,87
0000,2026-09-11,LKUS_push,feature_Ym70ZsfxQKSc,一分钟请求量,87
0000,2026-09-11,LKUS_push,feature_6qwgYPGGuJZ4,IPC段近10分钟关联的手机号个数,87
0000,2026-09-11,LKUS_push,feature_JaT2oyzVtD0q,手机号近1分钟的访问次数,87
0000,2026-09-11,LKUS_push,feature_dqBHKec09Wwa,同区号近60分钟未携带recaptchaV3token 访问次数,87
0000,2026-09-11,LKUS_push,feature_KtSZtJ9w7f9r,IPC段近1分钟关联的手机号个数,87
0000,2026-09-11,LKUS_push,feature_UOJYBEifd5Jn,区号近60分钟的访问次数,87
0000,2026-09-11,LKUS_push,feature_pf88qk27w76j,区号近5分钟的访问次数,87
0000,2026-09-11,LKUS_push,feature_hspErCH8fSCE,手机号近30分钟的访问次数,87
0000,2026-09-11,LKUS_push,feature_nnsdzZLQKPZ7,IP近10分钟关联的手机号个数,87
0000,2026-09-11,LKUS_push,feature_r1bhlQnbfRHb,IP近60分钟关联的手机号个数,87
0000,2026-09-11,LKUS_push,feature_lydpDiga6SB9,手机号近5分钟的访问次数,87
0000,2026-09-11,LKUS_push,feature_WxHUxqIN0IuS,同IP近5分钟的访问次数,87
0000,2026-09-11,LKUS_login,feature_vTICzBPfD3Ds,ip C段白名单,7
0000,2026-09-11,LKUS_login,feature_P5eYl9a699fA,ip白名单,7
0000,2026-09-11,LKUS_login,feature_oxYJ6qJ3BAfv,用户编号白名单,7
0000,2026-09-11,LKUS_login,feature_yo8MLsBsGIsV,三方unionId白名单,7
0000,2026-09-11,LKUS_login,feature_kqtp6XVcXXiQ,手机号白名单,7
0000,2026-09-11,LKUS_login,feature_5caBWmAHDcCQ,邮箱白名单,7
0000,2026-09-11,LKUS_login,feature_K0JuGvXPoQsS,网关uid白名单,7
0000,2026-09-11,LKUS_login,feature_3CSh3LRVobu7,手机号黑名单,6
0000,2026-09-11,LKUS_login,feature_jkeS0N10RDAn,网关uid黑名单,6
0000,2026-09-11,LKUS_login,feature_7qCVo92BIECU,三方unionId黑名单,6
0000,2026-09-11,LKUS_login,feature_9tl8mW2Gembc,邮箱黑名单,6
0000,2026-09-11,LKUS_login,feature_XtxCPW1x9QTU,ip C段黑名单,6
0000,2026-09-11,LKUS_login,feature_cOkhRQVI91IV,ip黑名单,6
0000,2026-09-11,LKUS_login,feature_g43LuQcahzCJ,用户编号黑名单,6
0000,2026-09-11,LKUS_login,feature_MHv7nra5Z6T5,reCAPTCHA V3 token是否有效,6
0000,2026-09-11,LKUS_register,feature_vTICzBPfD3Ds,ip C段白名单,11
0000,2026-09-11,LKUS_register,feature_P5eYl9a699fA,ip白名单,11
0000,2026-09-11,LKUS_register,feature_oxYJ6qJ3BAfv,用户编号白名单,11
0000,2026-09-11,LKUS_register,feature_yo8MLsBsGIsV,三方unionId白名单,11
0000,2026-09-11,LKUS_register,feature_kqtp6XVcXXiQ,手机号白名单,11
0000,2026-09-11,LKUS_register,feature_5caBWmAHDcCQ,邮箱白名单,11
0000,2026-09-11,LKUS_register,feature_K0JuGvXPoQsS,网关uid白名单,11
0000,2026-09-11,LKUS_register,feature_3CSh3LRVobu7,手机号黑名单,11
0000,2026-09-11,LKUS_register,feature_jkeS0N10RDAn,网关uid黑名单,11
0000,2026-09-11,LKUS_register,feature_7qCVo92BIECU,三方unionId黑名单,11
0000,2026-09-11,LKUS_register,feature_9tl8mW2Gembc,邮箱黑名单,11
0000,2026-09-11,LKUS_register,feature_XtxCPW1x9QTU,ip C段黑名单,11
0000,2026-09-11,LKUS_register,feature_cOkhRQVI91IV,ip黑名单,11
0000,2026-09-11,LKUS_register,feature_g43LuQcahzCJ,用户编号黑名单,11
0000,2026-09-11,LKUS_physical_order_create,feature_oxYJ6qJ3BAfv,用户编号白名单,92
0000,2026-09-11,LKUS_physical_order_create,feature_vTICzBPfD3Ds,ip C段白名单,92
0000,2026-09-11,LKUS_physical_order_create,feature_P5eYl9a699fA,ip白名单,92
0000,2026-09-11,LKUS_physical_order_create,feature_yo8MLsBsGIsV,三方unionId白名单,92
0000,2026-09-11,LKUS_physical_order_create,feature_kqtp6XVcXXiQ,手机号白名单,92
0000,2026-09-11,LKUS_physical_order_create,feature_K0JuGvXPoQsS,网关uid白名单,92
0000,2026-09-11,LKUS_physical_order_create,feature_5caBWmAHDcCQ,邮箱白名单,92
0000,2026-09-11,LKUS_physical_order_create,feature_3CSh3LRVobu7,手机号黑名单,73
0000,2026-09-11,LKUS_physical_order_create,feature_jkeS0N10RDAn,网关uid黑名单,73
0000,2026-09-11,LKUS_physical_order_create,feature_7qCVo92BIECU,三方unionId黑名单,73
0000,2026-09-11,LKUS_physical_order_create,feature_9tl8mW2Gembc,邮箱黑名单,73
0000,2026-09-11,LKUS_physical_order_create,feature_g43LuQcahzCJ,用户编号黑名单,73
0000,2026-09-11,LKUS_physical_order_create,feature_XtxCPW1x9QTU,ip C段黑名单,73
0000,2026-09-11,LKUS_physical_order_create,feature_cOkhRQVI91IV,ip黑名单,73
0000,2026-09-11,LKUS_physical_order_create,feature_MHv7nra5Z6T5,reCAPTCHA V3 token是否有效,73
0000,2026-09-11,LKUS_payment,feature_oxYJ6qJ3BAfv,用户编号白名单,97
0000,2026-09-11,LKUS_payment,feature_vTICzBPfD3Ds,ip C段白名单,97
0000,2026-09-11,LKUS_payment,feature_P5eYl9a699fA,ip白名单,97
0000,2026-09-11,LKUS_payment,feature_yo8MLsBsGIsV,三方unionId白名单,97
0000,2026-09-11,LKUS_payment,feature_kqtp6XVcXXiQ,手机号白名单,97
0000,2026-09-11,LKUS_payment,feature_K0JuGvXPoQsS,网关uid白名单,97
0000,2026-09-11,LKUS_payment,feature_5caBWmAHDcCQ,邮箱白名单,97
0000,2026-09-11,LKUS_payment,feature_3CSh3LRVobu7,手机号黑名单,74
0000,2026-09-11,LKUS_payment,feature_jkeS0N10RDAn,网关uid黑名单,74
0000,2026-09-11,LKUS_payment,feature_7qCVo92BIECU,三方unionId黑名单,74
0000,2026-09-11,LKUS_payment,feature_9tl8mW2Gembc,邮箱黑名单,74
0000,2026-09-11,LKUS_payment,feature_g43LuQcahzCJ,用户编号黑名单,74
0000,2026-09-11,LKUS_payment,feature_XtxCPW1x9QTU,ip C段黑名单,74
0000,2026-09-11,LKUS_payment,feature_cOkhRQVI91IV,ip黑名单,74
0000,2026-09-11,LKUS_payment,feature_MHv7nra5Z6T5,reCAPTCHA V3 token是否有效,74
0000,2026-09-11,LKUS_grant_new_user_coupon,feature_oxYJ6qJ3BAfv,用户编号白名单,2
0000,2026-09-11,LKUS_grant_new_user_coupon,feature_vTICzBPfD3Ds,ip C段白名单,2
0000,2026-09-11,LKUS_grant_new_user_coupon,feature_P5eYl9a699fA,ip白名单,2
0000,2026-09-11,LKUS_grant_new_user_coupon,feature_yo8MLsBsGIsV,三方unionId白名单,2
0000,2026-09-11,LKUS_grant_new_user_coupon,feature_kqtp6XVcXXiQ,手机号白名单,2
0000,2026-09-11,LKUS_grant_new_user_coupon,feature_K0JuGvXPoQsS,网关uid白名单,2
0000,2026-09-11,LKUS_grant_new_user_coupon,feature_5caBWmAHDcCQ,邮箱白名单,2
0000,2026-09-11,LKUS_grant_new_user_coupon,feature_3CSh3LRVobu7,手机号黑名单,2
0000,2026-09-11,LKUS_grant_new_user_coupon,feature_jkeS0N10RDAn,网关uid黑名单,2
0000,2026-09-11,LKUS_grant_new_user_coupon,feature_7qCVo92BIECU,三方unionId黑名单,2
0000,2026-09-11,LKUS_grant_new_user_coupon,feature_9tl8mW2Gembc,邮箱黑名单,2
0000,2026-09-11,LKUS_grant_new_user_coupon,feature_g43LuQcahzCJ,用户编号黑名单,2
0000,2026-09-11,LKUS_grant_new_user_coupon,feature_XtxCPW1x9QTU,ip C段黑名单,2
0000,2026-09-11,LKUS_grant_new_user_coupon,feature_cOkhRQVI91IV,ip黑名单,2
0000,2026-09-12,LKUS_push,feature_Fik6gvwY1tA6,手机号近1天的访问次数,60
0000,2026-09-12,LKUS_push,feature_oxYJ6qJ3BAfv,用户编号白名单,60
0000,2026-09-12,LKUS_push,feature_vTICzBPfD3Ds,ip C段白名单,60
0000,2026-09-12,LKUS_push,feature_P5eYl9a699fA,ip白名单,60
0000,2026-09-12,LKUS_push,feature_yo8MLsBsGIsV,三方unionId白名单,60
0000,2026-09-12,LKUS_push,feature_kqtp6XVcXXiQ,手机号白名单,60
0000,2026-09-12,LKUS_push,feature_K0JuGvXPoQsS,网关uid白名单,60
0000,2026-09-12,LKUS_push,feature_5caBWmAHDcCQ,邮箱白名单,60
0000,2026-09-12,LKUS_push,feature_3CSh3LRVobu7,手机号黑名单,58
0000,2026-09-12,LKUS_push,feature_jkeS0N10RDAn,网关uid黑名单,58
0000,2026-09-12,LKUS_push,feature_7qCVo92BIECU,三方unionId黑名单,58
0000,2026-09-12,LKUS_push,feature_9tl8mW2Gembc,邮箱黑名单,58
0000,2026-09-12,LKUS_push,feature_g43LuQcahzCJ,用户编号黑名单,58
0000,2026-09-12,LKUS_push,feature_XtxCPW1x9QTU,ip C段黑名单,58
0000,2026-09-12,LKUS_push,feature_cOkhRQVI91IV,ip黑名单,58
0000,2026-09-12,LKUS_push,feature_Wg4dZ6VJBuTb,IP近1分钟关联的手机号个数,58
0000,2026-09-12,LKUS_push,feature_MHv7nra5Z6T5,reCAPTCHA V3 token是否有效,58
0000,2026-09-12,LKUS_push,feature_SdA1CjZvNCMG,区号近1分钟的访问次数,58
0000,2026-09-12,LKUS_push,feature_53Ck9TgChpTW,IP近5分钟关联的手机号个数,58
0000,2026-09-12,LKUS_push,feature_TGPe0mjAPwR5,IP近60分钟关联的国家区号个数,58
0000,2026-09-12,LKUS_push,feature_YkpmaKaJhcdG,区号近1天内的访问次数,58
0000,2026-09-12,LKUS_push,feature_7DbBgowc2mEl,IP近1分钟的访问次数,58
0000,2026-09-12,LKUS_push,feature_IPwzfPamC8eW,同手机号30分钟关联的IP city个数,58
0000,2026-09-12,LKUS_push,feature_n91JeGM6gD6i,同区号近60分钟非美国IP访问次数,58
0000,2026-09-12,LKUS_push,feature_Ym70ZsfxQKSc,一分钟请求量,58
0000,2026-09-12,LKUS_push,feature_6qwgYPGGuJZ4,IPC段近10分钟关联的手机号个数,58
0000,2026-09-12,LKUS_push,feature_JaT2oyzVtD0q,手机号近1分钟的访问次数,58
0000,2026-09-12,LKUS_push,feature_dqBHKec09Wwa,同区号近60分钟未携带recaptchaV3token 访问次数,58
0000,2026-09-12,LKUS_push,feature_KtSZtJ9w7f9r,IPC段近1分钟关联的手机号个数,58
0000,2026-09-12,LKUS_push,feature_UOJYBEifd5Jn,区号近60分钟的访问次数,58
0000,2026-09-12,LKUS_push,feature_pf88qk27w76j,区号近5分钟的访问次数,58
0000,2026-09-12,LKUS_push,feature_hspErCH8fSCE,手机号近30分钟的访问次数,58
0000,2026-09-12,LKUS_push,feature_nnsdzZLQKPZ7,IP近10分钟关联的手机号个数,58
0000,2026-09-12,LKUS_push,feature_r1bhlQnbfRHb,IP近60分钟关联的手机号个数,58
0000,2026-09-12,LKUS_push,feature_lydpDiga6SB9,手机号近5分钟的访问次数,58
0000,2026-09-12,LKUS_push,feature_WxHUxqIN0IuS,同IP近5分钟的访问次数,58
0000,2026-09-12,LKUS_physical_order_create,feature_oxYJ6qJ3BAfv,用户编号白名单,67
0000,2026-09-12,LKUS_physical_order_create,feature_vTICzBPfD3Ds,ip C段白名单,67
0000,2026-09-12,LKUS_physical_order_create,feature_P5eYl9a699fA,ip白名单,67
0000,2026-09-12,LKUS_physical_order_create,feature_yo8MLsBsGIsV,三方unionId白名单,67
0000,2026-09-12,LKUS_physical_order_create,feature_kqtp6XVcXXiQ,手机号白名单,67
0000,2026-09-12,LKUS_physical_order_create,feature_K0JuGvXPoQsS,网关uid白名单,67
0000,2026-09-12,LKUS_physical_order_create,feature_5caBWmAHDcCQ,邮箱白名单,67
0000,2026-09-12,LKUS_physical_order_create,feature_3CSh3LRVobu7,手机号黑名单,49
0000,2026-09-12,LKUS_physical_order_create,feature_jkeS0N10RDAn,网关uid黑名单,49
0000,2026-09-12,LKUS_physical_order_create,feature_7qCVo92BIECU,三方unionId黑名单,49
0000,2026-09-12,LKUS_physical_order_create,feature_9tl8mW2Gembc,邮箱黑名单,49
0000,2026-09-12,LKUS_physical_order_create,feature_g43LuQcahzCJ,用户编号黑名单,49
0000,2026-09-12,LKUS_physical_order_create,feature_XtxCPW1x9QTU,ip C段黑名单,49
0000,2026-09-12,LKUS_physical_order_create,feature_cOkhRQVI91IV,ip黑名单,49
0000,2026-09-12,LKUS_physical_order_create,feature_MHv7nra5Z6T5,reCAPTCHA V3 token是否有效,49
0000,2026-09-12,LKUS_payment,feature_vTICzBPfD3Ds,ip C段白名单,69
0000,2026-09-12,LKUS_payment,feature_P5eYl9a699fA,ip白名单,69
0000,2026-09-12,LKUS_payment,feature_oxYJ6qJ3BAfv,用户编号白名单,69
0000,2026-09-12,LKUS_payment,feature_yo8MLsBsGIsV,三方unionId白名单,69
0000,2026-09-12,LKUS_payment,feature_kqtp6XVcXXiQ,手机号白名单,69
0000,2026-09-12,LKUS_payment,feature_5caBWmAHDcCQ,邮箱白名单,69
0000,2026-09-12,LKUS_payment,feature_K0JuGvXPoQsS,网关uid白名单,69
0000,2026-09-12,LKUS_payment,feature_3CSh3LRVobu7,手机号黑名单,49
0000,2026-09-12,LKUS_payment,feature_jkeS0N10RDAn,网关uid黑名单,49
0000,2026-09-12,LKUS_payment,feature_7qCVo92BIECU,三方unionId黑名单,49
0000,2026-09-12,LKUS_payment,feature_9tl8mW2Gembc,邮箱黑名单,49
0000,2026-09-12,LKUS_payment,feature_XtxCPW1x9QTU,ip C段黑名单,49
0000,2026-09-12,LKUS_payment,feature_cOkhRQVI91IV,ip黑名单,49
0000,2026-09-12,LKUS_payment,feature_g43LuQcahzCJ,用户编号黑名单,49
0000,2026-09-12,LKUS_payment,feature_MHv7nra5Z6T5,reCAPTCHA V3 token是否有效,49
0000,2026-09-12,LKUS_login,feature_oxYJ6qJ3BAfv,用户编号白名单,19
0000,2026-09-12,LKUS_login,feature_vTICzBPfD3Ds,ip C段白名单,19
0000,2026-09-12,LKUS_login,feature_P5eYl9a699fA,ip白名单,19
0000,2026-09-12,LKUS_login,feature_yo8MLsBsGIsV,三方unionId白名单,19
0000,2026-09-12,LKUS_login,feature_kqtp6XVcXXiQ,手机号白名单,19
0000,2026-09-12,LKUS_login,feature_K0JuGvXPoQsS,网关uid白名单,19
0000,2026-09-12,LKUS_login,feature_5caBWmAHDcCQ,邮箱白名单,19
0000,2026-09-12,LKUS_login,feature_3CSh3LRVobu7,手机号黑名单,19
0000,2026-09-12,LKUS_login,feature_jkeS0N10RDAn,网关uid黑名单,19
0000,2026-09-12,LKUS_login,feature_7qCVo92BIECU,三方unionId黑名单,19
0000,2026-09-12,LKUS_login,feature_9tl8mW2Gembc,邮箱黑名单,19
0000,2026-09-12,LKUS_login,feature_g43LuQcahzCJ,用户编号黑名单,19
0000,2026-09-12,LKUS_login,feature_XtxCPW1x9QTU,ip C段黑名单,19
0000,2026-09-12,LKUS_login,feature_cOkhRQVI91IV,ip黑名单,19
0000,2026-09-12,LKUS_login,feature_MHv7nra5Z6T5,reCAPTCHA V3 token是否有效,19
0000,2026-09-12,LKUS_register,feature_vTICzBPfD3Ds,ip C段白名单,6
0000,2026-09-12,LKUS_register,feature_P5eYl9a699fA,ip白名单,6
0000,2026-09-12,LKUS_register,feature_oxYJ6qJ3BAfv,用户编号白名单,6
0000,2026-09-12,LKUS_register,feature_yo8MLsBsGIsV,三方unionId白名单,6
0000,2026-09-12,LKUS_register,feature_kqtp6XVcXXiQ,手机号白名单,6
0000,2026-09-12,LKUS_register,feature_5caBWmAHDcCQ,邮箱白名单,6
0000,2026-09-12,LKUS_register,feature_K0JuGvXPoQsS,网关uid白名单,6
0000,2026-09-12,LKUS_register,feature_3CSh3LRVobu7,手机号黑名单,6
0000,2026-09-12,LKUS_register,feature_jkeS0N10RDAn,网关uid黑名单,6
0000,2026-09-12,LKUS_register,feature_7qCVo92BIECU,三方unionId黑名单,6
0000,2026-09-12,LKUS_register,feature_9tl8mW2Gembc,邮箱黑名单,6
0000,2026-09-12,LKUS_register,feature_XtxCPW1x9QTU,ip C段黑名单,6
0000,2026-09-12,LKUS_register,feature_cOkhRQVI91IV,ip黑名单,6
0000,2026-09-12,LKUS_register,feature_g43LuQcahzCJ,用户编号黑名单,6
0000,2026-09-12,LKUS_grant_new_user_coupon,feature_vTICzBPfD3Ds,ip C段白名单,9
0000,2026-09-12,LKUS_grant_new_user_coupon,feature_P5eYl9a699fA,ip白名单,9
0000,2026-09-12,LKUS_grant_new_user_coupon,feature_oxYJ6qJ3BAfv,用户编号白名单,9
0000,2026-09-12,LKUS_grant_new_user_coupon,feature_yo8MLsBsGIsV,三方unionId白名单,9
0000,2026-09-12,LKUS_grant_new_user_coupon,feature_kqtp6XVcXXiQ,手机号白名单,9
0000,2026-09-12,LKUS_grant_new_user_coupon,feature_5caBWmAHDcCQ,邮箱白名单,9
0000,2026-09-12,LKUS_grant_new_user_coupon,feature_K0JuGvXPoQsS,网关uid白名单,9
0000,2026-09-12,LKUS_grant_new_user_coupon,feature_3CSh3LRVobu7,手机号黑名单,9
0000,2026-09-12,LKUS_grant_new_user_coupon,feature_jkeS0N10RDAn,网关uid黑名单,9
0000,2026-09-12,LKUS_grant_new_user_coupon,feature_7qCVo92BIECU,三方unionId黑名单,9
0000,2026-09-12,LKUS_grant_new_user_coupon,feature_9tl8mW2Gembc,邮箱黑名单,9
0000,2026-09-12,LKUS_grant_new_user_coupon,feature_XtxCPW1x9QTU,ip C段黑名单,9
0000,2026-09-12,LKUS_grant_new_user_coupon,feature_cOkhRQVI91IV,ip黑名单,9
0000,2026-09-12,LKUS_grant_new_user_coupon,feature_g43LuQcahzCJ,用户编号黑名单,9
0000,2026-09-13,LKUS_login,feature_vTICzBPfD3Ds,ip C段白名单,8
0000,2026-09-13,LKUS_login,feature_P5eYl9a699fA,ip白名单,8
0000,2026-09-13,LKUS_login,feature_oxYJ6qJ3BAfv,用户编号白名单,8
0000,2026-09-13,LKUS_login,feature_yo8MLsBsGIsV,三方unionId白名单,8
0000,2026-09-13,LKUS_login,feature_kqtp6XVcXXiQ,手机号白名单,8
0000,2026-09-13,LKUS_login,feature_5caBWmAHDcCQ,邮箱白名单,8
0000,2026-09-13,LKUS_login,feature_K0JuGvXPoQsS,网关uid白名单,8
0000,2026-09-13,LKUS_login,feature_3CSh3LRVobu7,手机号黑名单,8
0000,2026-09-13,LKUS_login,feature_jkeS0N10RDAn,网关uid黑名单,8
0000,2026-09-13,LKUS_login,feature_7qCVo92BIECU,三方unionId黑名单,8
0000,2026-09-13,LKUS_login,feature_9tl8mW2Gembc,邮箱黑名单,8
0000,2026-09-13,LKUS_login,feature_XtxCPW1x9QTU,ip C段黑名单,8
0000,2026-09-13,LKUS_login,feature_cOkhRQVI91IV,ip黑名单,8
0000,2026-09-13,LKUS_login,feature_g43LuQcahzCJ,用户编号黑名单,8
0000,2026-09-13,LKUS_login,feature_MHv7nra5Z6T5,reCAPTCHA V3 token是否有效,8
0000,2026-09-13,LKUS_push,feature_Fik6gvwY1tA6,手机号近1天的访问次数,62
0000,2026-09-13,LKUS_push,feature_oxYJ6qJ3BAfv,用户编号白名单,62
0000,2026-09-13,LKUS_push,feature_vTICzBPfD3Ds,ip C段白名单,62
0000,2026-09-13,LKUS_push,feature_P5eYl9a699fA,ip白名单,62
0000,2026-09-13,LKUS_push,feature_yo8MLsBsGIsV,三方unionId白名单,62
0000,2026-09-13,LKUS_push,feature_kqtp6XVcXXiQ,手机号白名单,62
0000,2026-09-13,LKUS_push,feature_K0JuGvXPoQsS,网关uid白名单,62
0000,2026-09-13,LKUS_push,feature_5caBWmAHDcCQ,邮箱白名单,62
0000,2026-09-13,LKUS_push,feature_3CSh3LRVobu7,手机号黑名单,61
0000,2026-09-13,LKUS_push,feature_jkeS0N10RDAn,网关uid黑名单,61
0000,2026-09-13,LKUS_push,feature_7qCVo92BIECU,三方unionId黑名单,61
0000,2026-09-13,LKUS_push,feature_9tl8mW2Gembc,邮箱黑名单,61
0000,2026-09-13,LKUS_push,feature_g43LuQcahzCJ,用户编号黑名单,61
0000,2026-09-13,LKUS_push,feature_XtxCPW1x9QTU,ip C段黑名单,61
0000,2026-09-13,LKUS_push,feature_cOkhRQVI91IV,ip黑名单,61
0000,2026-09-13,LKUS_push,feature_Wg4dZ6VJBuTb,IP近1分钟关联的手机号个数,61
0000,2026-09-13,LKUS_push,feature_MHv7nra5Z6T5,reCAPTCHA V3 token是否有效,61
0000,2026-09-13,LKUS_push,feature_SdA1CjZvNCMG,区号近1分钟的访问次数,61
0000,2026-09-13,LKUS_push,feature_53Ck9TgChpTW,IP近5分钟关联的手机号个数,61
0000,2026-09-13,LKUS_push,feature_TGPe0mjAPwR5,IP近60分钟关联的国家区号个数,61
0000,2026-09-13,LKUS_push,feature_YkpmaKaJhcdG,区号近1天内的访问次数,61
0000,2026-09-13,LKUS_push,feature_7DbBgowc2mEl,IP近1分钟的访问次数,61
0000,2026-09-13,LKUS_push,feature_IPwzfPamC8eW,同手机号30分钟关联的IP city个数,61
0000,2026-09-13,LKUS_push,feature_n91JeGM6gD6i,同区号近60分钟非美国IP访问次数,61
0000,2026-09-13,LKUS_push,feature_Ym70ZsfxQKSc,一分钟请求量,61
0000,2026-09-13,LKUS_push,feature_6qwgYPGGuJZ4,IPC段近10分钟关联的手机号个数,61
0000,2026-09-13,LKUS_push,feature_JaT2oyzVtD0q,手机号近1分钟的访问次数,61
0000,2026-09-13,LKUS_push,feature_dqBHKec09Wwa,同区号近60分钟未携带recaptchaV3token 访问次数,61
0000,2026-09-13,LKUS_push,feature_KtSZtJ9w7f9r,IPC段近1分钟关联的手机号个数,61
0000,2026-09-13,LKUS_push,feature_UOJYBEifd5Jn,区号近60分钟的访问次数,61
0000,2026-09-13,LKUS_push,feature_pf88qk27w76j,区号近5分钟的访问次数,61
0000,2026-09-13,LKUS_push,feature_hspErCH8fSCE,手机号近30分钟的访问次数,61
0000,2026-09-13,LKUS_push,feature_nnsdzZLQKPZ7,IP近10分钟关联的手机号个数,61
0000,2026-09-13,LKUS_push,feature_r1bhlQnbfRHb,IP近60分钟关联的手机号个数,61
0000,2026-09-13,LKUS_push,feature_lydpDiga6SB9,手机号近5分钟的访问次数,61
0000,2026-09-13,LKUS_push,feature_WxHUxqIN0IuS,同IP近5分钟的访问次数,61
0000,2026-09-13,LKUS_push,feature_e1Kmz7JqzsWc,同区号近60分钟V3token为空对应手机号个数,51
0000,2026-09-13,LKUS_push,feature_dtoJoDcUgCcr,同区号近60分钟对应手机号个数,51
0000,2026-09-13,LKUS_physical_order_create,feature_oxYJ6qJ3BAfv,用户编号白名单,38
0000,2026-09-13,LKUS_physical_order_create,feature_vTICzBPfD3Ds,ip C段白名单,38
0000,2026-09-13,LKUS_physical_order_create,feature_P5eYl9a699fA,ip白名单,38
0000,2026-09-13,LKUS_physical_order_create,feature_yo8MLsBsGIsV,三方unionId白名单,38
0000,2026-09-13,LKUS_physical_order_create,feature_kqtp6XVcXXiQ,手机号白名单,38
0000,2026-09-13,LKUS_physical_order_create,feature_K0JuGvXPoQsS,网关uid白名单,38
0000,2026-09-13,LKUS_physical_order_create,feature_5caBWmAHDcCQ,邮箱白名单,38
0000,2026-09-13,LKUS_physical_order_create,feature_3CSh3LRVobu7,手机号黑名单,35
0000,2026-09-13,LKUS_physical_order_create,feature_jkeS0N10RDAn,网关uid黑名单,35
0000,2026-09-13,LKUS_physical_order_create,feature_7qCVo92BIECU,三方unionId黑名单,35
0000,2026-09-13,LKUS_physical_order_create,feature_9tl8mW2Gembc,邮箱黑名单,35
0000,2026-09-13,LKUS_physical_order_create,feature_g43LuQcahzCJ,用户编号黑名单,35
0000,2026-09-13,LKUS_physical_order_create,feature_XtxCPW1x9QTU,ip C段黑名单,35
0000,2026-09-13,LKUS_physical_order_create,feature_cOkhRQVI91IV,ip黑名单,35
0000,2026-09-13,LKUS_physical_order_create,feature_MHv7nra5Z6T5,reCAPTCHA V3 token是否有效,35
0000,2026-09-13,LKUS_payment,feature_vTICzBPfD3Ds,ip C段白名单,37
0000,2026-09-13,LKUS_payment,feature_P5eYl9a699fA,ip白名单,37
0000,2026-09-13,LKUS_payment,feature_oxYJ6qJ3BAfv,用户编号白名单,37
0000,2026-09-13,LKUS_payment,feature_yo8MLsBsGIsV,三方unionId白名单,37
0000,2026-09-13,LKUS_payment,feature_kqtp6XVcXXiQ,手机号白名单,37
0000,2026-09-13,LKUS_payment,feature_5caBWmAHDcCQ,邮箱白名单,37
0000,2026-09-13,LKUS_payment,feature_K0JuGvXPoQsS,网关uid白名单,37
0000,2026-09-13,LKUS_payment,feature_3CSh3LRVobu7,手机号黑名单,34
0000,2026-09-13,LKUS_payment,feature_jkeS0N10RDAn,网关uid黑名单,34
0000,2026-09-13,LKUS_payment,feature_7qCVo92BIECU,三方unionId黑名单,34
0000,2026-09-13,LKUS_payment,feature_9tl8mW2Gembc,邮箱黑名单,34
0000,2026-09-13,LKUS_payment,feature_XtxCPW1x9QTU,ip C段黑名单,34
0000,2026-09-13,LKUS_payment,feature_cOkhRQVI91IV,ip黑名单,34
0000,2026-09-13,LKUS_payment,feature_g43LuQcahzCJ,用户编号黑名单,34
0000,2026-09-13,LKUS_payment,feature_MHv7nra5Z6T5,reCAPTCHA V3 token是否有效,34
0000,2026-09-13,LKUS_grant_new_user_coupon,feature_vTICzBPfD3Ds,ip C段白名单,5
0000,2026-09-13,LKUS_grant_new_user_coupon,feature_P5eYl9a699fA,ip白名单,5
0000,2026-09-13,LKUS_grant_new_user_coupon,feature_oxYJ6qJ3BAfv,用户编号白名单,5
0000,2026-09-13,LKUS_grant_new_user_coupon,feature_yo8MLsBsGIsV,三方unionId白名单,5
0000,2026-09-13,LKUS_grant_new_user_coupon,feature_kqtp6XVcXXiQ,手机号白名单,5
0000,2026-09-13,LKUS_grant_new_user_coupon,feature_5caBWmAHDcCQ,邮箱白名单,5
0000,2026-09-13,LKUS_grant_new_user_coupon,feature_K0JuGvXPoQsS,网关uid白名单,5
0000,2026-09-13,LKUS_grant_new_user_coupon,feature_3CSh3LRVobu7,手机号黑名单,5
0000,2026-09-13,LKUS_grant_new_user_coupon,feature_jkeS0N10RDAn,网关uid黑名单,5
0000,2026-09-13,LKUS_grant_new_user_coupon,feature_7qCVo92BIECU,三方unionId黑名单,5
0000,2026-09-13,LKUS_grant_new_user_coupon,feature_9tl8mW2Gembc,邮箱黑名单,5
0000,2026-09-13,LKUS_grant_new_user_coupon,feature_XtxCPW1x9QTU,ip C段黑名单,5
0000,2026-09-13,LKUS_grant_new_user_coupon,feature_cOkhRQVI91IV,ip黑名单,5
0000,2026-09-13,LKUS_grant_new_user_coupon,feature_g43LuQcahzCJ,用户编号黑名单,5
0000,2026-09-13,LKUS_register,feature_oxYJ6qJ3BAfv,用户编号白名单,7
0000,2026-09-13,LKUS_register,feature_vTICzBPfD3Ds,ip C段白名单,7
0000,2026-09-13,LKUS_register,feature_P5eYl9a699fA,ip白名单,7
0000,2026-09-13,LKUS_register,feature_yo8MLsBsGIsV,三方unionId白名单,7
0000,2026-09-13,LKUS_register,feature_kqtp6XVcXXiQ,手机号白名单,7
0000,2026-09-13,LKUS_register,feature_K0JuGvXPoQsS,网关uid白名单,7
0000,2026-09-13,LKUS_register,feature_5caBWmAHDcCQ,邮箱白名单,7
0000,2026-09-13,LKUS_register,feature_3CSh3LRVobu7,手机号黑名单,7
0000,2026-09-13,LKUS_register,feature_jkeS0N10RDAn,网关uid黑名单,7
0000,2026-09-13,LKUS_register,feature_7qCVo92BIECU,三方unionId黑名单,7
0000,2026-09-13,LKUS_register,feature_9tl8mW2Gembc,邮箱黑名单,7
0000,2026-09-13,LKUS_register,feature_g43LuQcahzCJ,用户编号黑名单,7
0000,2026-09-13,LKUS_register,feature_XtxCPW1x9QTU,ip C段黑名单,7
0000,2026-09-13,LKUS_register,feature_cOkhRQVI91IV,ip黑名单,7
0000,2026-09-13,LKUS_physical_order_cancel,feature_vTICzBPfD3Ds,ip C段白名单,1
0000,2026-09-13,LKUS_physical_order_cancel,feature_P5eYl9a699fA,ip白名单,1
0000,2026-09-13,LKUS_physical_order_cancel,feature_oxYJ6qJ3BAfv,用户编号白名单,1
0000,2026-09-13,LKUS_physical_order_cancel,feature_yo8MLsBsGIsV,三方unionId白名单,1
0000,2026-09-13,LKUS_physical_order_cancel,feature_kqtp6XVcXXiQ,手机号白名单,1
0000,2026-09-13,LKUS_physical_order_cancel,feature_5caBWmAHDcCQ,邮箱白名单,1
0000,2026-09-13,LKUS_physical_order_cancel,feature_K0JuGvXPoQsS,网关uid白名单,1
0000,2026-09-13,LKUS_physical_order_cancel,feature_3CSh3LRVobu7,手机号黑名单,1
0000,2026-09-13,LKUS_physical_order_cancel,feature_jkeS0N10RDAn,网关uid黑名单,1
0000,2026-09-13,LKUS_physical_order_cancel,feature_7qCVo92BIECU,三方unionId黑名单,1
0000,2026-09-13,LKUS_physical_order_cancel,feature_9tl8mW2Gembc,邮箱黑名单,1
0000,2026-09-13,LKUS_physical_order_cancel,feature_XtxCPW1x9QTU,ip C段黑名单,1
0000,2026-09-13,LKUS_physical_order_cancel,feature_cOkhRQVI91IV,ip黑名单,1
0000,2026-09-13,LKUS_physical_order_cancel,feature_g43LuQcahzCJ,用户编号黑名单,1
0000,2026-09-14,LKUS_push,feature_Fik6gvwY1tA6,手机号近1天的访问次数,74
0000,2026-09-14,LKUS_push,feature_vTICzBPfD3Ds,ip C段白名单,74
0000,2026-09-14,LKUS_push,feature_P5eYl9a699fA,ip白名单,74
0000,2026-09-14,LKUS_push,feature_oxYJ6qJ3BAfv,用户编号白名单,74
0000,2026-09-14,LKUS_push,feature_yo8MLsBsGIsV,三方unionId白名单,74
0000,2026-09-14,LKUS_push,feature_kqtp6XVcXXiQ,手机号白名单,74
0000,2026-09-14,LKUS_push,feature_5caBWmAHDcCQ,邮箱白名单,74
0000,2026-09-14,LKUS_push,feature_K0JuGvXPoQsS,网关uid白名单,74
0000,2026-09-14,LKUS_push,feature_3CSh3LRVobu7,手机号黑名单,73
0000,2026-09-14,LKUS_push,feature_jkeS0N10RDAn,网关uid黑名单,73
0000,2026-09-14,LKUS_push,feature_7qCVo92BIECU,三方unionId黑名单,73
0000,2026-09-14,LKUS_push,feature_9tl8mW2Gembc,邮箱黑名单,73
0000,2026-09-14,LKUS_push,feature_XtxCPW1x9QTU,ip C段黑名单,73
0000,2026-09-14,LKUS_push,feature_cOkhRQVI91IV,ip黑名单,73
0000,2026-09-14,LKUS_push,feature_g43LuQcahzCJ,用户编号黑名单,73
0000,2026-09-14,LKUS_push,feature_hspErCH8fSCE,手机号近30分钟的访问次数,73
0000,2026-09-14,LKUS_push,feature_r1bhlQnbfRHb,IP近60分钟关联的手机号个数,73
0000,2026-09-14,LKUS_push,feature_e1Kmz7JqzsWc,同区号近60分钟V3token为空对应手机号个数,73
0000,2026-09-14,LKUS_push,feature_YkpmaKaJhcdG,区号近1天内的访问次数,73
0000,2026-09-14,LKUS_push,feature_IPwzfPamC8eW,同手机号30分钟关联的IP city个数,73
0000,2026-09-14,LKUS_push,feature_SdA1CjZvNCMG,区号近1分钟的访问次数,73
0000,2026-09-14,LKUS_push,feature_dqBHKec09Wwa,同区号近60分钟未携带recaptchaV3token 访问次数,73
0000,2026-09-14,LKUS_push,feature_WxHUxqIN0IuS,同IP近5分钟的访问次数,73
0000,2026-09-14,LKUS_push,feature_lydpDiga6SB9,手机号近5分钟的访问次数,73
0000,2026-09-14,LKUS_push,feature_n91JeGM6gD6i,同区号近60分钟非美国IP访问次数,73
0000,2026-09-14,LKUS_push,feature_pf88qk27w76j,区号近5分钟的访问次数,73
0000,2026-09-14,LKUS_push,feature_nnsdzZLQKPZ7,IP近10分钟关联的手机号个数,73
0000,2026-09-14,LKUS_push,feature_MHv7nra5Z6T5,reCAPTCHA V3 token是否有效,73
0000,2026-09-14,LKUS_push,feature_JaT2oyzVtD0q,手机号近1分钟的访问次数,73
0000,2026-09-14,LKUS_push,feature_Ym70ZsfxQKSc,一分钟请求量,73
0000,2026-09-14,LKUS_push,feature_Wg4dZ6VJBuTb,IP近1分钟关联的手机号个数,73
0000,2026-09-14,LKUS_push,feature_7DbBgowc2mEl,IP近1分钟的访问次数,73
0000,2026-09-14,LKUS_push,feature_6qwgYPGGuJZ4,IPC段近10分钟关联的手机号个数,73
0000,2026-09-14,LKUS_push,feature_53Ck9TgChpTW,IP近5分钟关联的手机号个数,73
0000,2026-09-14,LKUS_push,feature_KtSZtJ9w7f9r,IPC段近1分钟关联的手机号个数,73
0000,2026-09-14,LKUS_push,feature_UOJYBEifd5Jn,区号近60分钟的访问次数,73
0000,2026-09-14,LKUS_push,feature_dtoJoDcUgCcr,同区号近60分钟对应手机号个数,73
0000,2026-09-14,LKUS_push,feature_TGPe0mjAPwR5,IP近60分钟关联的国家区号个数,73
0000,2026-09-14,LKUS_physical_order_create,feature_vTICzBPfD3Ds,ip C段白名单,92
0000,2026-09-14,LKUS_physical_order_create,feature_P5eYl9a699fA,ip白名单,92
0000,2026-09-14,LKUS_physical_order_create,feature_oxYJ6qJ3BAfv,用户编号白名单,92
0000,2026-09-14,LKUS_physical_order_create,feature_yo8MLsBsGIsV,三方unionId白名单,92
0000,2026-09-14,LKUS_physical_order_create,feature_kqtp6XVcXXiQ,手机号白名单,92
0000,2026-09-14,LKUS_physical_order_create,feature_K0JuGvXPoQsS,网关uid白名单,92
0000,2026-09-14,LKUS_physical_order_create,feature_5caBWmAHDcCQ,邮箱白名单,92
0000,2026-09-14,LKUS_physical_order_create,feature_3CSh3LRVobu7,手机号黑名单,76
0000,2026-09-14,LKUS_physical_order_create,feature_jkeS0N10RDAn,网关uid黑名单,76
0000,2026-09-14,LKUS_physical_order_create,feature_7qCVo92BIECU,三方unionId黑名单,76
0000,2026-09-14,LKUS_physical_order_create,feature_9tl8mW2Gembc,邮箱黑名单,76
0000,2026-09-14,LKUS_physical_order_create,feature_g43LuQcahzCJ,用户编号黑名单,76
0000,2026-09-14,LKUS_physical_order_create,feature_XtxCPW1x9QTU,ip C段黑名单,76
0000,2026-09-14,LKUS_physical_order_create,feature_cOkhRQVI91IV,ip黑名单,76
0000,2026-09-14,LKUS_physical_order_create,feature_MHv7nra5Z6T5,reCAPTCHA V3 token是否有效,76
0000,2026-09-14,LKUS_payment,feature_vTICzBPfD3Ds,ip C段白名单,98
0000,2026-09-14,LKUS_payment,feature_oxYJ6qJ3BAfv,用户编号白名单,98
0000,2026-09-14,LKUS_payment,feature_P5eYl9a699fA,ip白名单,98
0000,2026-09-14,LKUS_payment,feature_yo8MLsBsGIsV,三方unionId白名单,98
0000,2026-09-14,LKUS_payment,feature_kqtp6XVcXXiQ,手机号白名单,98
0000,2026-09-14,LKUS_payment,feature_K0JuGvXPoQsS,网关uid白名单,98
0000,2026-09-14,LKUS_payment,feature_5caBWmAHDcCQ,邮箱白名单,98
0000,2026-09-14,LKUS_payment,feature_3CSh3LRVobu7,手机号黑名单,81
0000,2026-09-14,LKUS_payment,feature_jkeS0N10RDAn,网关uid黑名单,81
0000,2026-09-14,LKUS_payment,feature_7qCVo92BIECU,三方unionId黑名单,81
0000,2026-09-14,LKUS_payment,feature_9tl8mW2Gembc,邮箱黑名单,81
0000,2026-09-14,LKUS_payment,feature_cOkhRQVI91IV,ip黑名单,81
0000,2026-09-14,LKUS_payment,feature_XtxCPW1x9QTU,ip C段黑名单,81
0000,2026-09-14,LKUS_payment,feature_g43LuQcahzCJ,用户编号黑名单,81
0000,2026-09-14,LKUS_payment,feature_MHv7nra5Z6T5,reCAPTCHA V3 token是否有效,81
0000,2026-09-14,LKUS_login,feature_vTICzBPfD3Ds,ip C段白名单,13
0000,2026-09-14,LKUS_login,feature_P5eYl9a699fA,ip白名单,13
0000,2026-09-14,LKUS_login,feature_oxYJ6qJ3BAfv,用户编号白名单,13
0000,2026-09-14,LKUS_login,feature_yo8MLsBsGIsV,三方unionId白名单,13
0000,2026-09-14,LKUS_login,feature_kqtp6XVcXXiQ,手机号白名单,13
0000,2026-09-14,LKUS_login,feature_K0JuGvXPoQsS,网关uid白名单,13
0000,2026-09-14,LKUS_login,feature_5caBWmAHDcCQ,邮箱白名单,13
0000,2026-09-14,LKUS_login,feature_3CSh3LRVobu7,手机号黑名单,12
0000,2026-09-14,LKUS_login,feature_jkeS0N10RDAn,网关uid黑名单,12
0000,2026-09-14,LKUS_login,feature_7qCVo92BIECU,三方unionId黑名单,12
0000,2026-09-14,LKUS_login,feature_9tl8mW2Gembc,邮箱黑名单,12
0000,2026-09-14,LKUS_login,feature_g43LuQcahzCJ,用户编号黑名单,12
0000,2026-09-14,LKUS_login,feature_XtxCPW1x9QTU,ip C段黑名单,12
0000,2026-09-14,LKUS_login,feature_cOkhRQVI91IV,ip黑名单,12
0000,2026-09-14,LKUS_login,feature_MHv7nra5Z6T5,reCAPTCHA V3 token是否有效,12
0000,2026-09-14,LKUS_register,feature_vTICzBPfD3Ds,ip C段白名单,8
0000,2026-09-14,LKUS_register,feature_oxYJ6qJ3BAfv,用户编号白名单,8
0000,2026-09-14,LKUS_register,feature_P5eYl9a699fA,ip白名单,8
0000,2026-09-14,LKUS_register,feature_yo8MLsBsGIsV,三方unionId白名单,8
0000,2026-09-14,LKUS_register,feature_kqtp6XVcXXiQ,手机号白名单,8
0000,2026-09-14,LKUS_register,feature_K0JuGvXPoQsS,网关uid白名单,8
0000,2026-09-14,LKUS_register,feature_5caBWmAHDcCQ,邮箱白名单,8
0000,2026-09-14,LKUS_register,feature_3CSh3LRVobu7,手机号黑名单,8
0000,2026-09-14,LKUS_register,feature_jkeS0N10RDAn,网关uid黑名单,8
0000,2026-09-14,LKUS_register,feature_7qCVo92BIECU,三方unionId黑名单,8
0000,2026-09-14,LKUS_register,feature_9tl8mW2Gembc,邮箱黑名单,8
0000,2026-09-14,LKUS_register,feature_cOkhRQVI91IV,ip黑名单,8
0000,2026-09-14,LKUS_register,feature_XtxCPW1x9QTU,ip C段黑名单,8
0000,2026-09-14,LKUS_register,feature_g43LuQcahzCJ,用户编号黑名单,8
0000,2026-09-14,LKUS_physical_order_cancel,feature_vTICzBPfD3Ds,ip C段白名单,1
0000,2026-09-14,LKUS_physical_order_cancel,feature_oxYJ6qJ3BAfv,用户编号白名单,1
0000,2026-09-14,LKUS_physical_order_cancel,feature_P5eYl9a699fA,ip白名单,1
0000,2026-09-14,LKUS_physical_order_cancel,feature_yo8MLsBsGIsV,三方unionId白名单,1
0000,2026-09-14,LKUS_physical_order_cancel,feature_kqtp6XVcXXiQ,手机号白名单,1
0000,2026-09-14,LKUS_physical_order_cancel,feature_K0JuGvXPoQsS,网关uid白名单,1
0000,2026-09-14,LKUS_physical_order_cancel,feature_5caBWmAHDcCQ,邮箱白名单,1
0000,2026-09-14,LKUS_physical_order_cancel,feature_3CSh3LRVobu7,手机号黑名单,1
0000,2026-09-14,LKUS_physical_order_cancel,feature_jkeS0N10RDAn,网关uid黑名单,1
0000,2026-09-14,LKUS_physical_order_cancel,feature_7qCVo92BIECU,三方unionId黑名单,1
0000,2026-09-14,LKUS_physical_order_cancel,feature_9tl8mW2Gembc,邮箱黑名单,1
0000,2026-09-14,LKUS_physical_order_cancel,feature_cOkhRQVI91IV,ip黑名单,1
0000,2026-09-14,LKUS_physical_order_cancel,feature_XtxCPW1x9QTU,ip C段黑名单,1
0000,2026-09-14,LKUS_physical_order_cancel,feature_g43LuQcahzCJ,用户编号黑名单,1
0000,2026-09-14,LKUS_grant_new_user_coupon,feature_vTICzBPfD3Ds,ip C段白名单,5
0000,2026-09-14,LKUS_grant_new_user_coupon,feature_P5eYl9a699fA,ip白名单,5
0000,2026-09-14,LKUS_grant_new_user_coupon,feature_oxYJ6qJ3BAfv,用户编号白名单,5
0000,2026-09-14,LKUS_grant_new_user_coupon,feature_yo8MLsBsGIsV,三方unionId白名单,5
0000,2026-09-14,LKUS_grant_new_user_coupon,feature_kqtp6XVcXXiQ,手机号白名单,5
0000,2026-09-14,LKUS_grant_new_user_coupon,feature_K0JuGvXPoQsS,网关uid白名单,5
0000,2026-09-14,LKUS_grant_new_user_coupon,feature_5caBWmAHDcCQ,邮箱白名单,5
0000,2026-09-14,LKUS_grant_new_user_coupon,feature_3CSh3LRVobu7,手机号黑名单,5
0000,2026-09-14,LKUS_grant_new_user_coupon,feature_jkeS0N10RDAn,网关uid黑名单,5
0000,2026-09-14,LKUS_grant_new_user_coupon,feature_7qCVo92BIECU,三方unionId黑名单,5
0000,2026-09-14,LKUS_grant_new_user_coupon,feature_9tl8mW2Gembc,邮箱黑名单,5
0000,2026-09-14,LKUS_grant_new_user_coupon,feature_g43LuQcahzCJ,用户编号黑名单,5
0000,2026-09-14,LKUS_grant_new_user_coupon,feature_XtxCPW1x9QTU,ip C段黑名单,5
0000,2026-09-14,LKUS_grant_new_user_coupon,feature_cOkhRQVI91IV,ip黑名单,5
0000,2026-09-15,LKUS_push,feature_Fik6gvwY1tA6,手机号近1天的访问次数,81
0000,2026-09-15,LKUS_push,feature_vTICzBPfD3Ds,ip C段白名单,81
0000,2026-09-15,LKUS_push,feature_oxYJ6qJ3BAfv,用户编号白名单,81
0000,2026-09-15,LKUS_push,feature_P5eYl9a699fA,ip白名单,81
0000,2026-09-15,LKUS_push,feature_yo8MLsBsGIsV,三方unionId白名单,81
0000,2026-09-15,LKUS_push,feature_kqtp6XVcXXiQ,手机号白名单,81
0000,2026-09-15,LKUS_push,feature_K0JuGvXPoQsS,网关uid白名单,81
0000,2026-09-15,LKUS_push,feature_5caBWmAHDcCQ,邮箱白名单,81
0000,2026-09-15,LKUS_push,feature_3CSh3LRVobu7,手机号黑名单,79
0000,2026-09-15,LKUS_push,feature_jkeS0N10RDAn,网关uid黑名单,79
0000,2026-09-15,LKUS_push,feature_7qCVo92BIECU,三方unionId黑名单,79
0000,2026-09-15,LKUS_push,feature_9tl8mW2Gembc,邮箱黑名单,79
0000,2026-09-15,LKUS_push,feature_cOkhRQVI91IV,ip黑名单,79
0000,2026-09-15,LKUS_push,feature_XtxCPW1x9QTU,ip C段黑名单,79
0000,2026-09-15,LKUS_push,feature_g43LuQcahzCJ,用户编号黑名单,79
0000,2026-09-15,LKUS_push,feature_IPwzfPamC8eW,同手机号30分钟关联的IP city个数,79
0000,2026-09-15,LKUS_push,feature_MHv7nra5Z6T5,reCAPTCHA V3 token是否有效,38
0000,2026-09-15,LKUS_push,feature_6qwgYPGGuJZ4,IPC段近10分钟关联的手机号个数,79
0000,2026-09-15,LKUS_push,feature_n91JeGM6gD6i,同区号近60分钟非美国IP访问次数,79
0000,2026-09-15,LKUS_push,feature_KtSZtJ9w7f9r,IPC段近1分钟关联的手机号个数,79
0000,2026-09-15,LKUS_push,feature_Wg4dZ6VJBuTb,IP近1分钟关联的手机号个数,79
0000,2026-09-15,LKUS_push,feature_JaT2oyzVtD0q,手机号近1分钟的访问次数,79
0000,2026-09-15,LKUS_push,feature_r1bhlQnbfRHb,IP近60分钟关联的手机号个数,79
0000,2026-09-15,LKUS_push,feature_TGPe0mjAPwR5,IP近60分钟关联的国家区号个数,79
0000,2026-09-15,LKUS_push,feature_hspErCH8fSCE,手机号近30分钟的访问次数,79
0000,2026-09-15,LKUS_push,feature_53Ck9TgChpTW,IP近5分钟关联的手机号个数,79
0000,2026-09-15,LKUS_push,feature_nnsdzZLQKPZ7,IP近10分钟关联的手机号个数,79
0000,2026-09-15,LKUS_push,feature_UOJYBEifd5Jn,区号近60分钟的访问次数,79
0000,2026-09-15,LKUS_push,feature_dqBHKec09Wwa,同区号近60分钟未携带recaptchaV3token 访问次数,79
0000,2026-09-15,LKUS_push,feature_dtoJoDcUgCcr,同区号近60分钟对应手机号个数,79
0000,2026-09-15,LKUS_push,feature_Ym70ZsfxQKSc,一分钟请求量,79
0000,2026-09-15,LKUS_push,feature_7DbBgowc2mEl,IP近1分钟的访问次数,79
0000,2026-09-15,LKUS_push,feature_YkpmaKaJhcdG,区号近1天内的访问次数,79
0000,2026-09-15,LKUS_push,feature_pf88qk27w76j,区号近5分钟的访问次数,79
0000,2026-09-15,LKUS_push,feature_WxHUxqIN0IuS,同IP近5分钟的访问次数,79
0000,2026-09-15,LKUS_push,feature_lydpDiga6SB9,手机号近5分钟的访问次数,79
0000,2026-09-15,LKUS_push,feature_SdA1CjZvNCMG,区号近1分钟的访问次数,79
0000,2026-09-15,LKUS_push,feature_e1Kmz7JqzsWc,同区号近60分钟V3token为空对应手机号个数,79
0000,2026-09-15,LKUS_push,feature_TLXI8MNiNglz,reCAPTCHA V3风险分,41
0000,2026-09-15,LKUS_register,feature_oxYJ6qJ3BAfv,用户编号白名单,10
0000,2026-09-15,LKUS_register,feature_P5eYl9a699fA,ip白名单,10
0000,2026-09-15,LKUS_register,feature_vTICzBPfD3Ds,ip C段白名单,10
0000,2026-09-15,LKUS_register,feature_yo8MLsBsGIsV,三方unionId白名单,10
0000,2026-09-15,LKUS_register,feature_kqtp6XVcXXiQ,手机号白名单,10
0000,2026-09-15,LKUS_register,feature_5caBWmAHDcCQ,邮箱白名单,10
0000,2026-09-15,LKUS_register,feature_K0JuGvXPoQsS,网关uid白名单,10
0000,2026-09-15,LKUS_register,feature_3CSh3LRVobu7,手机号黑名单,10
0000,2026-09-15,LKUS_register,feature_jkeS0N10RDAn,网关uid黑名单,10
0000,2026-09-15,LKUS_register,feature_7qCVo92BIECU,三方unionId黑名单,10
0000,2026-09-15,LKUS_register,feature_9tl8mW2Gembc,邮箱黑名单,10
0000,2026-09-15,LKUS_register,feature_XtxCPW1x9QTU,ip C段黑名单,10
0000,2026-09-15,LKUS_register,feature_g43LuQcahzCJ,用户编号黑名单,10
0000,2026-09-15,LKUS_register,feature_cOkhRQVI91IV,ip黑名单,10
0000,2026-09-15,LKUS_physical_order_create,feature_oxYJ6qJ3BAfv,用户编号白名单,114
0000,2026-09-15,LKUS_physical_order_create,feature_P5eYl9a699fA,ip白名单,114
0000,2026-09-15,LKUS_physical_order_create,feature_vTICzBPfD3Ds,ip C段白名单,114
0000,2026-09-15,LKUS_physical_order_create,feature_yo8MLsBsGIsV,三方unionId白名单,114
0000,2026-09-15,LKUS_physical_order_create,feature_kqtp6XVcXXiQ,手机号白名单,114
0000,2026-09-15,LKUS_physical_order_create,feature_5caBWmAHDcCQ,邮箱白名单,114
0000,2026-09-15,LKUS_physical_order_create,feature_K0JuGvXPoQsS,网关uid白名单,114
0000,2026-09-15,LKUS_physical_order_create,feature_3CSh3LRVobu7,手机号黑名单,102
0000,2026-09-15,LKUS_physical_order_create,feature_jkeS0N10RDAn,网关uid黑名单,102
0000,2026-09-15,LKUS_physical_order_create,feature_7qCVo92BIECU,三方unionId黑名单,102
0000,2026-09-15,LKUS_physical_order_create,feature_9tl8mW2Gembc,邮箱黑名单,102
0000,2026-09-15,LKUS_physical_order_create,feature_XtxCPW1x9QTU,ip C段黑名单,102
0000,2026-09-15,LKUS_physical_order_create,feature_g43LuQcahzCJ,用户编号黑名单,102
0000,2026-09-15,LKUS_physical_order_create,feature_cOkhRQVI91IV,ip黑名单,102
0000,2026-09-15,LKUS_physical_order_create,feature_TLXI8MNiNglz,reCAPTCHA V3风险分,46
0000,2026-09-15,LKUS_payment,feature_oxYJ6qJ3BAfv,用户编号白名单,116
0000,2026-09-15,LKUS_payment,feature_P5eYl9a699fA,ip白名单,116
0000,2026-09-15,LKUS_payment,feature_vTICzBPfD3Ds,ip C段白名单,116
0000,2026-09-15,LKUS_payment,feature_yo8MLsBsGIsV,三方unionId白名单,116
0000,2026-09-15,LKUS_payment,feature_kqtp6XVcXXiQ,手机号白名单,116
0000,2026-09-15,LKUS_payment,feature_5caBWmAHDcCQ,邮箱白名单,116
0000,2026-09-15,LKUS_payment,feature_K0JuGvXPoQsS,网关uid白名单,116
0000,2026-09-15,LKUS_payment,feature_3CSh3LRVobu7,手机号黑名单,103
0000,2026-09-15,LKUS_payment,feature_jkeS0N10RDAn,网关uid黑名单,103
0000,2026-09-15,LKUS_payment,feature_7qCVo92BIECU,三方unionId黑名单,103
0000,2026-09-15,LKUS_payment,feature_9tl8mW2Gembc,邮箱黑名单,103
0000,2026-09-15,LKUS_payment,feature_XtxCPW1x9QTU,ip C段黑名单,103
0000,2026-09-15,LKUS_payment,feature_g43LuQcahzCJ,用户编号黑名单,103
0000,2026-09-15,LKUS_payment,feature_cOkhRQVI91IV,ip黑名单,103
0000,2026-09-15,LKUS_payment,feature_TLXI8MNiNglz,reCAPTCHA V3风险分,52
0000,2026-09-15,LKUS_physical_order_create,feature_MHv7nra5Z6T5,reCAPTCHA V3 token是否有效,56
0000,2026-09-15,LKUS_payment,feature_MHv7nra5Z6T5,reCAPTCHA V3 token是否有效,51
0000,2026-09-15,LKUS_grant_new_user_coupon,feature_oxYJ6qJ3BAfv,用户编号白名单,19
0000,2026-09-15,LKUS_grant_new_user_coupon,feature_P5eYl9a699fA,ip白名单,19
0000,2026-09-15,LKUS_grant_new_user_coupon,feature_vTICzBPfD3Ds,ip C段白名单,19
0000,2026-09-15,LKUS_grant_new_user_coupon,feature_yo8MLsBsGIsV,三方unionId白名单,19
0000,2026-09-15,LKUS_grant_new_user_coupon,feature_kqtp6XVcXXiQ,手机号白名单,19
0000,2026-09-15,LKUS_grant_new_user_coupon,feature_5caBWmAHDcCQ,邮箱白名单,19
0000,2026-09-15,LKUS_grant_new_user_coupon,feature_K0JuGvXPoQsS,网关uid白名单,19
0000,2026-09-15,LKUS_grant_new_user_coupon,feature_3CSh3LRVobu7,手机号黑名单,19
0000,2026-09-15,LKUS_grant_new_user_coupon,feature_jkeS0N10RDAn,网关uid黑名单,19
0000,2026-09-15,LKUS_grant_new_user_coupon,feature_7qCVo92BIECU,三方unionId黑名单,19
0000,2026-09-15,LKUS_grant_new_user_coupon,feature_9tl8mW2Gembc,邮箱黑名单,19
0000,2026-09-15,LKUS_grant_new_user_coupon,feature_XtxCPW1x9QTU,ip C段黑名单,19
0000,2026-09-15,LKUS_grant_new_user_coupon,feature_g43LuQcahzCJ,用户编号黑名单,19
0000,2026-09-15,LKUS_grant_new_user_coupon,feature_cOkhRQVI91IV,ip黑名单,19
0000,2026-09-15,LKUS_login,feature_oxYJ6qJ3BAfv,用户编号白名单,32
0000,2026-09-15,LKUS_login,feature_P5eYl9a699fA,ip白名单,32
0000,2026-09-15,LKUS_login,feature_vTICzBPfD3Ds,ip C段白名单,32
0000,2026-09-15,LKUS_login,feature_yo8MLsBsGIsV,三方unionId白名单,32
0000,2026-09-15,LKUS_login,feature_kqtp6XVcXXiQ,手机号白名单,32
0000,2026-09-15,LKUS_login,feature_5caBWmAHDcCQ,邮箱白名单,32
0000,2026-09-15,LKUS_login,feature_K0JuGvXPoQsS,网关uid白名单,32
0000,2026-09-15,LKUS_login,feature_3CSh3LRVobu7,手机号黑名单,30
0000,2026-09-15,LKUS_login,feature_jkeS0N10RDAn,网关uid黑名单,30
0000,2026-09-15,LKUS_login,feature_7qCVo92BIECU,三方unionId黑名单,30
0000,2026-09-15,LKUS_login,feature_9tl8mW2Gembc,邮箱黑名单,30
0000,2026-09-15,LKUS_login,feature_cOkhRQVI91IV,ip黑名单,30
0000,2026-09-15,LKUS_login,feature_XtxCPW1x9QTU,ip C段黑名单,30
0000,2026-09-15,LKUS_login,feature_g43LuQcahzCJ,用户编号黑名单,30
0000,2026-09-15,LKUS_login,feature_MHv7nra5Z6T5,reCAPTCHA V3 token是否有效,10
0000,2026-09-15,LKUS_physical_order_cancel,feature_oxYJ6qJ3BAfv,用户编号白名单,1
0000,2026-09-15,LKUS_physical_order_cancel,feature_P5eYl9a699fA,ip白名单,1
0000,2026-09-15,LKUS_physical_order_cancel,feature_vTICzBPfD3Ds,ip C段白名单,1
0000,2026-09-15,LKUS_physical_order_cancel,feature_yo8MLsBsGIsV,三方unionId白名单,1
0000,2026-09-15,LKUS_physical_order_cancel,feature_kqtp6XVcXXiQ,手机号白名单,1
0000,2026-09-15,LKUS_physical_order_cancel,feature_5caBWmAHDcCQ,邮箱白名单,1
0000,2026-09-15,LKUS_physical_order_cancel,feature_K0JuGvXPoQsS,网关uid白名单,1
0000,2026-09-15,LKUS_physical_order_cancel,feature_3CSh3LRVobu7,手机号黑名单,1
0000,2026-09-15,LKUS_physical_order_cancel,feature_jkeS0N10RDAn,网关uid黑名单,1
0000,2026-09-15,LKUS_physical_order_cancel,feature_7qCVo92BIECU,三方unionId黑名单,1
0000,2026-09-15,LKUS_physical_order_cancel,feature_9tl8mW2Gembc,邮箱黑名单,1
0000,2026-09-15,LKUS_physical_order_cancel,feature_XtxCPW1x9QTU,ip C段黑名单,1
0000,2026-09-15,LKUS_physical_order_cancel,feature_g43LuQcahzCJ,用户编号黑名单,1
0000,2026-09-15,LKUS_physical_order_cancel,feature_cOkhRQVI91IV,ip黑名单,1
0000,2026-09-15,LKUS_login,feature_TLXI8MNiNglz,reCAPTCHA V3风险分,20
0000,2026-09-16,LKUS_push,feature_Fik6gvwY1tA6,手机号近1天的访问次数,42
0000,2026-09-16,LKUS_push,feature_oxYJ6qJ3BAfv,用户编号白名单,42
0000,2026-09-16,LKUS_push,feature_P5eYl9a699fA,ip白名单,42
0000,2026-09-16,LKUS_push,feature_vTICzBPfD3Ds,ip C段白名单,42
0000,2026-09-16,LKUS_push,feature_yo8MLsBsGIsV,三方unionId白名单,42
0000,2026-09-16,LKUS_push,feature_kqtp6XVcXXiQ,手机号白名单,42
0000,2026-09-16,LKUS_push,feature_5caBWmAHDcCQ,邮箱白名单,42
0000,2026-09-16,LKUS_push,feature_K0JuGvXPoQsS,网关uid白名单,42
0000,2026-09-16,LKUS_push,feature_3CSh3LRVobu7,手机号黑名单,39
0000,2026-09-16,LKUS_push,feature_jkeS0N10RDAn,网关uid黑名单,39
0000,2026-09-16,LKUS_push,feature_7qCVo92BIECU,三方unionId黑名单,39
0000,2026-09-16,LKUS_push,feature_9tl8mW2Gembc,邮箱黑名单,39
0000,2026-09-16,LKUS_push,feature_XtxCPW1x9QTU,ip C段黑名单,39
0000,2026-09-16,LKUS_push,feature_g43LuQcahzCJ,用户编号黑名单,39
0000,2026-09-16,LKUS_push,feature_cOkhRQVI91IV,ip黑名单,39
0000,2026-09-16,LKUS_push,feature_Ym70ZsfxQKSc,一分钟请求量,39
0000,2026-09-16,LKUS_push,feature_dtoJoDcUgCcr,同区号近60分钟对应手机号个数,39
0000,2026-09-16,LKUS_push,feature_pf88qk27w76j,区号近5分钟的访问次数,39
0000,2026-09-16,LKUS_push,feature_dqBHKec09Wwa,同区号近60分钟未携带recaptchaV3token 访问次数,39
0000,2026-09-16,LKUS_push,feature_UOJYBEifd5Jn,区号近60分钟的访问次数,39
0000,2026-09-16,LKUS_push,feature_YkpmaKaJhcdG,区号近1天内的访问次数,39
0000,2026-09-16,LKUS_push,feature_7DbBgowc2mEl,IP近1分钟的访问次数,39
0000,2026-09-16,LKUS_push,feature_SdA1CjZvNCMG,区号近1分钟的访问次数,39
0000,2026-09-16,LKUS_push,feature_e1Kmz7JqzsWc,同区号近60分钟V3token为空对应手机号个数,39
0000,2026-09-16,LKUS_push,feature_WxHUxqIN0IuS,同IP近5分钟的访问次数,39
0000,2026-09-16,LKUS_push,feature_lydpDiga6SB9,手机号近5分钟的访问次数,39
0000,2026-09-16,LKUS_push,feature_n91JeGM6gD6i,同区号近60分钟非美国IP访问次数,39
0000,2026-09-16,LKUS_push,feature_IPwzfPamC8eW,同手机号30分钟关联的IP city个数,39
0000,2026-09-16,LKUS_push,feature_53Ck9TgChpTW,IP近5分钟关联的手机号个数,39
0000,2026-09-16,LKUS_push,feature_TLXI8MNiNglz,reCAPTCHA V3风险分,22
0000,2026-09-16,LKUS_push,feature_KtSZtJ9w7f9r,IPC段近1分钟关联的手机号个数,39
0000,2026-09-16,LKUS_push,feature_r1bhlQnbfRHb,IP近60分钟关联的手机号个数,39
0000,2026-09-16,LKUS_push,feature_6qwgYPGGuJZ4,IPC段近10分钟关联的手机号个数,39
0000,2026-09-16,LKUS_push,feature_JaT2oyzVtD0q,手机号近1分钟的访问次数,39
0000,2026-09-16,LKUS_push,feature_TGPe0mjAPwR5,IP近60分钟关联的国家区号个数,39
0000,2026-09-16,LKUS_push,feature_Wg4dZ6VJBuTb,IP近1分钟关联的手机号个数,39
0000,2026-09-16,LKUS_push,feature_hspErCH8fSCE,手机号近30分钟的访问次数,39
0000,2026-09-16,LKUS_push,feature_nnsdzZLQKPZ7,IP近10分钟关联的手机号个数,39
0000,2026-09-16,LKUS_push,feature_MHv7nra5Z6T5,reCAPTCHA V3 token是否有效,17
0000,2026-09-16,LKUS_register,feature_oxYJ6qJ3BAfv,用户编号白名单,9
0000,2026-09-16,LKUS_register,feature_P5eYl9a699fA,ip白名单,9
0000,2026-09-16,LKUS_register,feature_vTICzBPfD3Ds,ip C段白名单,9
0000,2026-09-16,LKUS_register,feature_yo8MLsBsGIsV,三方unionId白名单,9
0000,2026-09-16,LKUS_register,feature_kqtp6XVcXXiQ,手机号白名单,9
0000,2026-09-16,LKUS_register,feature_5caBWmAHDcCQ,邮箱白名单,9
0000,2026-09-16,LKUS_register,feature_K0JuGvXPoQsS,网关uid白名单,9
0000,2026-09-16,LKUS_physical_order_create,feature_oxYJ6qJ3BAfv,用户编号白名单,106
0000,2026-09-16,LKUS_physical_order_create,feature_P5eYl9a699fA,ip白名单,106
0000,2026-09-16,LKUS_physical_order_create,feature_vTICzBPfD3Ds,ip C段白名单,106
0000,2026-09-16,LKUS_physical_order_create,feature_yo8MLsBsGIsV,三方unionId白名单,106
0000,2026-09-16,LKUS_physical_order_create,feature_kqtp6XVcXXiQ,手机号白名单,106
0000,2026-09-16,LKUS_physical_order_create,feature_5caBWmAHDcCQ,邮箱白名单,106
0000,2026-09-16,LKUS_physical_order_create,feature_K0JuGvXPoQsS,网关uid白名单,106
0000,2026-09-16,LKUS_physical_order_create,feature_3CSh3LRVobu7,手机号黑名单,93
0000,2026-09-16,LKUS_physical_order_create,feature_jkeS0N10RDAn,网关uid黑名单,93
0000,2026-09-16,LKUS_physical_order_create,feature_7qCVo92BIECU,三方unionId黑名单,93
0000,2026-09-16,LKUS_physical_order_create,feature_9tl8mW2Gembc,邮箱黑名单,93
0000,2026-09-16,LKUS_physical_order_create,feature_cOkhRQVI91IV,ip黑名单,93
0000,2026-09-16,LKUS_physical_order_create,feature_XtxCPW1x9QTU,ip C段黑名单,93
0000,2026-09-16,LKUS_physical_order_create,feature_g43LuQcahzCJ,用户编号黑名单,93
0000,2026-09-16,LKUS_physical_order_create,feature_MHv7nra5Z6T5,reCAPTCHA V3 token是否有效,42
0000,2026-09-16,LKUS_payment,feature_oxYJ6qJ3BAfv,用户编号白名单,105
0000,2026-09-16,LKUS_payment,feature_P5eYl9a699fA,ip白名单,105
0000,2026-09-16,LKUS_payment,feature_vTICzBPfD3Ds,ip C段白名单,105
0000,2026-09-16,LKUS_payment,feature_yo8MLsBsGIsV,三方unionId白名单,105
0000,2026-09-16,LKUS_payment,feature_kqtp6XVcXXiQ,手机号白名单,105
0000,2026-09-16,LKUS_payment,feature_5caBWmAHDcCQ,邮箱白名单,105
0000,2026-09-16,LKUS_payment,feature_K0JuGvXPoQsS,网关uid白名单,105
0000,2026-09-16,LKUS_payment,feature_3CSh3LRVobu7,手机号黑名单,92
0000,2026-09-16,LKUS_payment,feature_jkeS0N10RDAn,网关uid黑名单,92
0000,2026-09-16,LKUS_payment,feature_7qCVo92BIECU,三方unionId黑名单,92
0000,2026-09-16,LKUS_payment,feature_9tl8mW2Gembc,邮箱黑名单,92
0000,2026-09-16,LKUS_payment,feature_XtxCPW1x9QTU,ip C段黑名单,92
0000,2026-09-16,LKUS_payment,feature_g43LuQcahzCJ,用户编号黑名单,92
0000,2026-09-16,LKUS_payment,feature_cOkhRQVI91IV,ip黑名单,92
0000,2026-09-16,LKUS_payment,feature_TLXI8MNiNglz,reCAPTCHA V3风险分,45
0000,2026-09-16,LKUS_physical_order_create,feature_TLXI8MNiNglz,reCAPTCHA V3风险分,51
0000,2026-09-16,LKUS_payment,feature_MHv7nra5Z6T5,reCAPTCHA V3 token是否有效,47
0000,2026-09-16,LKUS_login,feature_oxYJ6qJ3BAfv,用户编号白名单,23
0000,2026-09-16,LKUS_login,feature_P5eYl9a699fA,ip白名单,23
0000,2026-09-16,LKUS_login,feature_vTICzBPfD3Ds,ip C段白名单,23
0000,2026-09-16,LKUS_login,feature_yo8MLsBsGIsV,三方unionId白名单,23
0000,2026-09-16,LKUS_login,feature_kqtp6XVcXXiQ,手机号白名单,23
0000,2026-09-16,LKUS_login,feature_5caBWmAHDcCQ,邮箱白名单,23
0000,2026-09-16,LKUS_login,feature_K0JuGvXPoQsS,网关uid白名单,23
0000,2026-09-16,LKUS_login,feature_3CSh3LRVobu7,手机号黑名单,22
0000,2026-09-16,LKUS_login,feature_jkeS0N10RDAn,网关uid黑名单,22
0000,2026-09-16,LKUS_login,feature_7qCVo92BIECU,三方unionId黑名单,22
0000,2026-09-16,LKUS_login,feature_9tl8mW2Gembc,邮箱黑名单,22
0000,2026-09-16,LKUS_login,feature_XtxCPW1x9QTU,ip C段黑名单,22
0000,2026-09-16,LKUS_login,feature_g43LuQcahzCJ,用户编号黑名单,22
0000,2026-09-16,LKUS_login,feature_cOkhRQVI91IV,ip黑名单,22
0000,2026-09-16,LKUS_login,feature_TLXI8MNiNglz,reCAPTCHA V3风险分,9
0000,2026-09-16,LKUS_grant_new_user_coupon,feature_oxYJ6qJ3BAfv,用户编号白名单,13
0000,2026-09-16,LKUS_grant_new_user_coupon,feature_P5eYl9a699fA,ip白名单,13
0000,2026-09-16,LKUS_grant_new_user_coupon,feature_vTICzBPfD3Ds,ip C段白名单,13
0000,2026-09-16,LKUS_grant_new_user_coupon,feature_yo8MLsBsGIsV,三方unionId白名单,13
0000,2026-09-16,LKUS_grant_new_user_coupon,feature_kqtp6XVcXXiQ,手机号白名单,13
0000,2026-09-16,LKUS_grant_new_user_coupon,feature_5caBWmAHDcCQ,邮箱白名单,13
0000,2026-09-16,LKUS_grant_new_user_coupon,feature_K0JuGvXPoQsS,网关uid白名单,13
0000,2026-09-16,LKUS_grant_new_user_coupon,feature_3CSh3LRVobu7,手机号黑名单,13
0000,2026-09-16,LKUS_grant_new_user_coupon,feature_jkeS0N10RDAn,网关uid黑名单,13
0000,2026-09-16,LKUS_grant_new_user_coupon,feature_7qCVo92BIECU,三方unionId黑名单,13
0000,2026-09-16,LKUS_grant_new_user_coupon,feature_9tl8mW2Gembc,邮箱黑名单,13
0000,2026-09-16,LKUS_grant_new_user_coupon,feature_XtxCPW1x9QTU,ip C段黑名单,13
0000,2026-09-16,LKUS_grant_new_user_coupon,feature_g43LuQcahzCJ,用户编号黑名单,13
0000,2026-09-16,LKUS_grant_new_user_coupon,feature_cOkhRQVI91IV,ip黑名单,13
0000,2026-09-16,LKUS_login,feature_MHv7nra5Z6T5,reCAPTCHA V3 token是否有效,13
0000,2026-09-16,LKUS_register,feature_3CSh3LRVobu7,手机号黑名单,8
0000,2026-09-16,LKUS_register,feature_jkeS0N10RDAn,网关uid黑名单,8
0000,2026-09-16,LKUS_register,feature_7qCVo92BIECU,三方unionId黑名单,8
0000,2026-09-16,LKUS_register,feature_9tl8mW2Gembc,邮箱黑名单,8
0000,2026-09-16,LKUS_register,feature_XtxCPW1x9QTU,ip C段黑名单,8
0000,2026-09-16,LKUS_register,feature_g43LuQcahzCJ,用户编号黑名单,8
0000,2026-09-16,LKUS_register,feature_cOkhRQVI91IV,ip黑名单,8
0000,2026-09-16,LKUS_physical_order_cancel,feature_oxYJ6qJ3BAfv,用户编号白名单,1
0000,2026-09-16,LKUS_physical_order_cancel,feature_P5eYl9a699fA,ip白名单,1
0000,2026-09-16,LKUS_physical_order_cancel,feature_vTICzBPfD3Ds,ip C段白名单,1
0000,2026-09-16,LKUS_physical_order_cancel,feature_yo8MLsBsGIsV,三方unionId白名单,1
0000,2026-09-16,LKUS_physical_order_cancel,feature_kqtp6XVcXXiQ,手机号白名单,1
0000,2026-09-16,LKUS_physical_order_cancel,feature_5caBWmAHDcCQ,邮箱白名单,1
0000,2026-09-16,LKUS_physical_order_cancel,feature_K0JuGvXPoQsS,网关uid白名单,1
0000,2026-09-16,LKUS_physical_order_cancel,feature_3CSh3LRVobu7,手机号黑名单,1
0000,2026-09-16,LKUS_physical_order_cancel,feature_jkeS0N10RDAn,网关uid黑名单,1
0000,2026-09-16,LKUS_physical_order_cancel,feature_7qCVo92BIECU,三方unionId黑名单,1
0000,2026-09-16,LKUS_physical_order_cancel,feature_9tl8mW2Gembc,邮箱黑名单,1
0000,2026-09-16,LKUS_physical_order_cancel,feature_cOkhRQVI91IV,ip黑名单,1
0000,2026-09-16,LKUS_physical_order_cancel,feature_XtxCPW1x9QTU,ip C段黑名单,1
0000,2026-09-16,LKUS_physical_order_cancel,feature_g43LuQcahzCJ,用户编号黑名单,1
0000,2026-09-16,LKUS_push,feature_VItdlLjtEYnQ,IPC段近1天关联的手机号个数,1
0000,2026-09-17,LKUS_push,feature_Fik6gvwY1tA6,手机号近1天的访问次数,70
0000,2026-09-17,LKUS_push,feature_oxYJ6qJ3BAfv,用户编号白名单,70
0000,2026-09-17,LKUS_push,feature_P5eYl9a699fA,ip白名单,70
0000,2026-09-17,LKUS_push,feature_vTICzBPfD3Ds,ip C段白名单,70
0000,2026-09-17,LKUS_push,feature_yo8MLsBsGIsV,三方unionId白名单,70
0000,2026-09-17,LKUS_push,feature_kqtp6XVcXXiQ,手机号白名单,70
0000,2026-09-17,LKUS_push,feature_5caBWmAHDcCQ,邮箱白名单,70
0000,2026-09-17,LKUS_push,feature_K0JuGvXPoQsS,网关uid白名单,70
0000,2026-09-17,LKUS_push,feature_3CSh3LRVobu7,手机号黑名单,68
0000,2026-09-17,LKUS_push,feature_jkeS0N10RDAn,网关uid黑名单,68
0000,2026-09-17,LKUS_push,feature_7qCVo92BIECU,三方unionId黑名单,68
0000,2026-09-17,LKUS_push,feature_9tl8mW2Gembc,邮箱黑名单,68
0000,2026-09-17,LKUS_push,feature_cOkhRQVI91IV,ip黑名单,68
0000,2026-09-17,LKUS_push,feature_XtxCPW1x9QTU,ip C段黑名单,68
0000,2026-09-17,LKUS_push,feature_g43LuQcahzCJ,用户编号黑名单,68
0000,2026-09-17,LKUS_push,feature_dqBHKec09Wwa,同区号近60分钟未携带recaptchaV3token 访问次数,68
0000,2026-09-17,LKUS_push,feature_UOJYBEifd5Jn,区号近60分钟的访问次数,68
0000,2026-09-17,LKUS_push,feature_dtoJoDcUgCcr,同区号近60分钟对应手机号个数,68
0000,2026-09-17,LKUS_push,feature_Ym70ZsfxQKSc,一分钟请求量,68
0000,2026-09-17,LKUS_push,feature_TGPe0mjAPwR5,IP近60分钟关联的国家区号个数,68
0000,2026-09-17,LKUS_push,feature_pf88qk27w76j,区号近5分钟的访问次数,68
0000,2026-09-17,LKUS_push,feature_7DbBgowc2mEl,IP近1分钟的访问次数,68
0000,2026-09-17,LKUS_push,feature_WxHUxqIN0IuS,同IP近5分钟的访问次数,68
0000,2026-09-17,LKUS_push,feature_YkpmaKaJhcdG,区号近1天内的访问次数,68
0000,2026-09-17,LKUS_push,feature_e1Kmz7JqzsWc,同区号近60分钟V3token为空对应手机号个数,68
0000,2026-09-17,LKUS_push,feature_lydpDiga6SB9,手机号近5分钟的访问次数,68
0000,2026-09-17,LKUS_push,feature_n91JeGM6gD6i,同区号近60分钟非美国IP访问次数,68
0000,2026-09-17,LKUS_push,feature_SdA1CjZvNCMG,区号近1分钟的访问次数,68
0000,2026-09-17,LKUS_push,feature_MHv7nra5Z6T5,reCAPTCHA V3 token是否有效,32
0000,2026-09-17,LKUS_push,feature_53Ck9TgChpTW,IP近5分钟关联的手机号个数,68
0000,2026-09-17,LKUS_push,feature_IPwzfPamC8eW,同手机号30分钟关联的IP city个数,68
0000,2026-09-17,LKUS_push,feature_JaT2oyzVtD0q,手机号近1分钟的访问次数,68
0000,2026-09-17,LKUS_push,feature_6qwgYPGGuJZ4,IPC段近10分钟关联的手机号个数,68
0000,2026-09-17,LKUS_push,feature_KtSZtJ9w7f9r,IPC段近1分钟关联的手机号个数,68
0000,2026-09-17,LKUS_push,feature_VItdlLjtEYnQ,IPC段近1天关联的手机号个数,68
0000,2026-09-17,LKUS_push,feature_r1bhlQnbfRHb,IP近60分钟关联的手机号个数,68
0000,2026-09-17,LKUS_push,feature_nnsdzZLQKPZ7,IP近10分钟关联的手机号个数,68
0000,2026-09-17,LKUS_push,feature_Wg4dZ6VJBuTb,IP近1分钟关联的手机号个数,68
0000,2026-09-17,LKUS_push,feature_hspErCH8fSCE,手机号近30分钟的访问次数,68
0000,2026-09-17,LKUS_push,feature_TLXI8MNiNglz,reCAPTCHA V3风险分,36
0000,2026-09-17,LKUS_physical_order_create,feature_oxYJ6qJ3BAfv,用户编号白名单,95
0000,2026-09-17,LKUS_physical_order_create,feature_P5eYl9a699fA,ip白名单,95
0000,2026-09-17,LKUS_physical_order_create,feature_vTICzBPfD3Ds,ip C段白名单,95
0000,2026-09-17,LKUS_physical_order_create,feature_yo8MLsBsGIsV,三方unionId白名单,95
0000,2026-09-17,LKUS_physical_order_create,feature_kqtp6XVcXXiQ,手机号白名单,95
0000,2026-09-17,LKUS_physical_order_create,feature_5caBWmAHDcCQ,邮箱白名单,95
0000,2026-09-17,LKUS_physical_order_create,feature_K0JuGvXPoQsS,网关uid白名单,95
0000,2026-09-17,LKUS_physical_order_create,feature_3CSh3LRVobu7,手机号黑名单,87
0000,2026-09-17,LKUS_physical_order_create,feature_jkeS0N10RDAn,网关uid黑名单,87
0000,2026-09-17,LKUS_physical_order_create,feature_7qCVo92BIECU,三方unionId黑名单,87
0000,2026-09-17,LKUS_physical_order_create,feature_9tl8mW2Gembc,邮箱黑名单,87
0000,2026-09-17,LKUS_physical_order_create,feature_XtxCPW1x9QTU,ip C段黑名单,87
0000,2026-09-17,LKUS_physical_order_create,feature_g43LuQcahzCJ,用户编号黑名单,87
0000,2026-09-17,LKUS_physical_order_create,feature_cOkhRQVI91IV,ip黑名单,87
0000,2026-09-17,LKUS_physical_order_create,feature_TLXI8MNiNglz,reCAPTCHA V3风险分,40
0000,2026-09-17,LKUS_payment,feature_oxYJ6qJ3BAfv,用户编号白名单,104
0000,2026-09-17,LKUS_payment,feature_P5eYl9a699fA,ip白名单,104
0000,2026-09-17,LKUS_payment,feature_vTICzBPfD3Ds,ip C段白名单,104
0000,2026-09-17,LKUS_payment,feature_yo8MLsBsGIsV,三方unionId白名单,104
0000,2026-09-17,LKUS_payment,feature_kqtp6XVcXXiQ,手机号白名单,104
0000,2026-09-17,LKUS_payment,feature_5caBWmAHDcCQ,邮箱白名单,104
0000,2026-09-17,LKUS_payment,feature_K0JuGvXPoQsS,网关uid白名单,104
0000,2026-09-17,LKUS_payment,feature_3CSh3LRVobu7,手机号黑名单,93
0000,2026-09-17,LKUS_payment,feature_jkeS0N10RDAn,网关uid黑名单,93
0000,2026-09-17,LKUS_payment,feature_7qCVo92BIECU,三方unionId黑名单,93
0000,2026-09-17,LKUS_payment,feature_9tl8mW2Gembc,邮箱黑名单,93
0000,2026-09-17,LKUS_payment,feature_XtxCPW1x9QTU,ip C段黑名单,93
0000,2026-09-17,LKUS_payment,feature_g43LuQcahzCJ,用户编号黑名单,93
0000,2026-09-17,LKUS_payment,feature_cOkhRQVI91IV,ip黑名单,93
0000,2026-09-17,LKUS_payment,feature_TLXI8MNiNglz,reCAPTCHA V3风险分,43
0000,2026-09-17,LKUS_physical_order_create,feature_MHv7nra5Z6T5,reCAPTCHA V3 token是否有效,47
0000,2026-09-17,LKUS_payment,feature_MHv7nra5Z6T5,reCAPTCHA V3 token是否有效,50
0000,2026-09-17,LKUS_login,feature_oxYJ6qJ3BAfv,用户编号白名单,16
0000,2026-09-17,LKUS_login,feature_P5eYl9a699fA,ip白名单,16
0000,2026-09-17,LKUS_login,feature_vTICzBPfD3Ds,ip C段白名单,16
0000,2026-09-17,LKUS_login,feature_yo8MLsBsGIsV,三方unionId白名单,16
0000,2026-09-17,LKUS_login,feature_kqtp6XVcXXiQ,手机号白名单,16
0000,2026-09-17,LKUS_login,feature_5caBWmAHDcCQ,邮箱白名单,16
0000,2026-09-17,LKUS_login,feature_K0JuGvXPoQsS,网关uid白名单,16
0000,2026-09-17,LKUS_login,feature_3CSh3LRVobu7,手机号黑名单,16
0000,2026-09-17,LKUS_login,feature_jkeS0N10RDAn,网关uid黑名单,16
0000,2026-09-17,LKUS_login,feature_7qCVo92BIECU,三方unionId黑名单,16
0000,2026-09-17,LKUS_login,feature_9tl8mW2Gembc,邮箱黑名单,16
0000,2026-09-17,LKUS_login,feature_XtxCPW1x9QTU,ip C段黑名单,16
0000,2026-09-17,LKUS_login,feature_g43LuQcahzCJ,用户编号黑名单,16
0000,2026-09-17,LKUS_login,feature_cOkhRQVI91IV,ip黑名单,16
0000,2026-09-17,LKUS_login,feature_TLXI8MNiNglz,reCAPTCHA V3风险分,10
0000,2026-09-17,LKUS_grant_new_user_coupon,feature_oxYJ6qJ3BAfv,用户编号白名单,10
0000,2026-09-17,LKUS_grant_new_user_coupon,feature_P5eYl9a699fA,ip白名单,10
0000,2026-09-17,LKUS_grant_new_user_coupon,feature_vTICzBPfD3Ds,ip C段白名单,10
0000,2026-09-17,LKUS_grant_new_user_coupon,feature_yo8MLsBsGIsV,三方unionId白名单,10
0000,2026-09-17,LKUS_grant_new_user_coupon,feature_kqtp6XVcXXiQ,手机号白名单,10
0000,2026-09-17,LKUS_grant_new_user_coupon,feature_5caBWmAHDcCQ,邮箱白名单,10
0000,2026-09-17,LKUS_grant_new_user_coupon,feature_K0JuGvXPoQsS,网关uid白名单,10
0000,2026-09-17,LKUS_grant_new_user_coupon,feature_3CSh3LRVobu7,手机号黑名单,10
0000,2026-09-17,LKUS_grant_new_user_coupon,feature_jkeS0N10RDAn,网关uid黑名单,10
0000,2026-09-17,LKUS_grant_new_user_coupon,feature_7qCVo92BIECU,三方unionId黑名单,10
0000,2026-09-17,LKUS_grant_new_user_coupon,feature_9tl8mW2Gembc,邮箱黑名单,10
0000,2026-09-17,LKUS_grant_new_user_coupon,feature_cOkhRQVI91IV,ip黑名单,10
0000,2026-09-17,LKUS_grant_new_user_coupon,feature_XtxCPW1x9QTU,ip C段黑名单,10
0000,2026-09-17,LKUS_grant_new_user_coupon,feature_g43LuQcahzCJ,用户编号黑名单,10
0000,2026-09-17,LKUS_register,feature_oxYJ6qJ3BAfv,用户编号白名单,6
0000,2026-09-17,LKUS_register,feature_P5eYl9a699fA,ip白名单,6
0000,2026-09-17,LKUS_register,feature_vTICzBPfD3Ds,ip C段白名单,6
0000,2026-09-17,LKUS_register,feature_yo8MLsBsGIsV,三方unionId白名单,6
0000,2026-09-17,LKUS_register,feature_kqtp6XVcXXiQ,手机号白名单,6
0000,2026-09-17,LKUS_register,feature_5caBWmAHDcCQ,邮箱白名单,6
0000,2026-09-17,LKUS_register,feature_K0JuGvXPoQsS,网关uid白名单,6
0000,2026-09-17,LKUS_register,feature_3CSh3LRVobu7,手机号黑名单,6
0000,2026-09-17,LKUS_register,feature_jkeS0N10RDAn,网关uid黑名单,6
0000,2026-09-17,LKUS_register,feature_7qCVo92BIECU,三方unionId黑名单,6
0000,2026-09-17,LKUS_register,feature_9tl8mW2Gembc,邮箱黑名单,6
0000,2026-09-17,LKUS_register,feature_XtxCPW1x9QTU,ip C段黑名单,6
0000,2026-09-17,LKUS_register,feature_g43LuQcahzCJ,用户编号黑名单,6
0000,2026-09-17,LKUS_register,feature_cOkhRQVI91IV,ip黑名单,6
0000,2026-09-17,LKUS_login,feature_MHv7nra5Z6T5,reCAPTCHA V3 token是否有效,6
0000,2026-09-17,LKUS_push,feature_9EHsNcVBo6IN,IPC段近1天关联的国家区号个数,1
0000,2026-09-18,LKUS_push,feature_Fik6gvwY1tA6,手机号近1天的访问次数,52
0000,2026-09-18,LKUS_push,feature_oxYJ6qJ3BAfv,用户编号白名单,52
0000,2026-09-18,LKUS_push,feature_P5eYl9a699fA,ip白名单,52
0000,2026-09-18,LKUS_push,feature_vTICzBPfD3Ds,ip C段白名单,52
0000,2026-09-18,LKUS_push,feature_yo8MLsBsGIsV,三方unionId白名单,52
0000,2026-09-18,LKUS_push,feature_kqtp6XVcXXiQ,手机号白名单,52
0000,2026-09-18,LKUS_push,feature_5caBWmAHDcCQ,邮箱白名单,52
0000,2026-09-18,LKUS_push,feature_K0JuGvXPoQsS,网关uid白名单,52
0000,2026-09-18,LKUS_push,feature_3CSh3LRVobu7,手机号黑名单,51
0000,2026-09-18,LKUS_push,feature_jkeS0N10RDAn,网关uid黑名单,51
0000,2026-09-18,LKUS_push,feature_7qCVo92BIECU,三方unionId黑名单,51
0000,2026-09-18,LKUS_push,feature_9tl8mW2Gembc,邮箱黑名单,51
0000,2026-09-18,LKUS_push,feature_XtxCPW1x9QTU,ip C段黑名单,51
0000,2026-09-18,LKUS_push,feature_g43LuQcahzCJ,用户编号黑名单,51
0000,2026-09-18,LKUS_push,feature_cOkhRQVI91IV,ip黑名单,51
0000,2026-09-18,LKUS_push,feature_Ym70ZsfxQKSc,一分钟请求量,51
0000,2026-09-18,LKUS_push,feature_dtoJoDcUgCcr,同区号近60分钟对应手机号个数,51
0000,2026-09-18,LKUS_push,feature_9EHsNcVBo6IN,IPC段近1天关联的国家区号个数,51
0000,2026-09-18,LKUS_push,feature_pf88qk27w76j,区号近5分钟的访问次数,51
0000,2026-09-18,LKUS_push,feature_dqBHKec09Wwa,同区号近60分钟未携带recaptchaV3token 访问次数,51
0000,2026-09-18,LKUS_push,feature_UOJYBEifd5Jn,区号近60分钟的访问次数,51
0000,2026-09-18,LKUS_push,feature_YkpmaKaJhcdG,区号近1天内的访问次数,51
0000,2026-09-18,LKUS_push,feature_7DbBgowc2mEl,IP近1分钟的访问次数,51
0000,2026-09-18,LKUS_push,feature_SdA1CjZvNCMG,区号近1分钟的访问次数,51
0000,2026-09-18,LKUS_push,feature_e1Kmz7JqzsWc,同区号近60分钟V3token为空对应手机号个数,51
0000,2026-09-18,LKUS_push,feature_WxHUxqIN0IuS,同IP近5分钟的访问次数,51
0000,2026-09-18,LKUS_push,feature_lydpDiga6SB9,手机号近5分钟的访问次数,51
0000,2026-09-18,LKUS_push,feature_n91JeGM6gD6i,同区号近60分钟非美国IP访问次数,51
0000,2026-09-18,LKUS_push,feature_IPwzfPamC8eW,同手机号30分钟关联的IP city个数,51
0000,2026-09-18,LKUS_push,feature_53Ck9TgChpTW,IP近5分钟关联的手机号个数,51
0000,2026-09-18,LKUS_push,feature_TLXI8MNiNglz,reCAPTCHA V3风险分,51
0000,2026-09-18,LKUS_push,feature_KtSZtJ9w7f9r,IPC段近1分钟关联的手机号个数,51
0000,2026-09-18,LKUS_push,feature_r1bhlQnbfRHb,IP近60分钟关联的手机号个数,51
0000,2026-09-18,LKUS_push,feature_6qwgYPGGuJZ4,IPC段近10分钟关联的手机号个数,51
0000,2026-09-18,LKUS_push,feature_VItdlLjtEYnQ,IPC段近1天关联的手机号个数,51
0000,2026-09-18,LKUS_push,feature_JaT2oyzVtD0q,手机号近1分钟的访问次数,51
0000,2026-09-18,LKUS_push,feature_TGPe0mjAPwR5,IP近60分钟关联的国家区号个数,51
0000,2026-09-18,LKUS_push,feature_Wg4dZ6VJBuTb,IP近1分钟关联的手机号个数,51
0000,2026-09-18,LKUS_push,feature_hspErCH8fSCE,手机号近30分钟的访问次数,51
0000,2026-09-18,LKUS_push,feature_nnsdzZLQKPZ7,IP近10分钟关联的手机号个数,51
0000,2026-09-18,LKUS_login,feature_vTICzBPfD3Ds,ip C段白名单,9
0000,2026-09-18,LKUS_login,feature_oxYJ6qJ3BAfv,用户编号白名单,9
0000,2026-09-18,LKUS_login,feature_P5eYl9a699fA,ip白名单,9
0000,2026-09-18,LKUS_login,feature_yo8MLsBsGIsV,三方unionId白名单,9
0000,2026-09-18,LKUS_login,feature_kqtp6XVcXXiQ,手机号白名单,9
0000,2026-09-18,LKUS_login,feature_K0JuGvXPoQsS,网关uid白名单,9
0000,2026-09-18,LKUS_login,feature_5caBWmAHDcCQ,邮箱白名单,9
0000,2026-09-18,LKUS_login,feature_3CSh3LRVobu7,手机号黑名单,9
0000,2026-09-18,LKUS_login,feature_jkeS0N10RDAn,网关uid黑名单,9
0000,2026-09-18,LKUS_login,feature_7qCVo92BIECU,三方unionId黑名单,9
0000,2026-09-18,LKUS_login,feature_9tl8mW2Gembc,邮箱黑名单,9
0000,2026-09-18,LKUS_login,feature_g43LuQcahzCJ,用户编号黑名单,9
0000,2026-09-18,LKUS_login,feature_XtxCPW1x9QTU,ip C段黑名单,9
0000,2026-09-18,LKUS_login,feature_cOkhRQVI91IV,ip黑名单,9
0000,2026-09-18,LKUS_login,feature_MHv7nra5Z6T5,reCAPTCHA V3 token是否有效,8
0000,2026-09-18,LKUS_grant_new_user_coupon,feature_vTICzBPfD3Ds,ip C段白名单,7
0000,2026-09-18,LKUS_grant_new_user_coupon,feature_P5eYl9a699fA,ip白名单,7
0000,2026-09-18,LKUS_grant_new_user_coupon,feature_oxYJ6qJ3BAfv,用户编号白名单,7
0000,2026-09-18,LKUS_grant_new_user_coupon,feature_yo8MLsBsGIsV,三方unionId白名单,7
0000,2026-09-18,LKUS_grant_new_user_coupon,feature_kqtp6XVcXXiQ,手机号白名单,7
0000,2026-09-18,LKUS_grant_new_user_coupon,feature_K0JuGvXPoQsS,网关uid白名单,7
0000,2026-09-18,LKUS_grant_new_user_coupon,feature_5caBWmAHDcCQ,邮箱白名单,7
0000,2026-09-18,LKUS_grant_new_user_coupon,feature_3CSh3LRVobu7,手机号黑名单,7
0000,2026-09-18,LKUS_grant_new_user_coupon,feature_jkeS0N10RDAn,网关uid黑名单,7
0000,2026-09-18,LKUS_grant_new_user_coupon,feature_7qCVo92BIECU,三方unionId黑名单,7
0000,2026-09-18,LKUS_grant_new_user_coupon,feature_9tl8mW2Gembc,邮箱黑名单,7
0000,2026-09-18,LKUS_grant_new_user_coupon,feature_XtxCPW1x9QTU,ip C段黑名单,7
0000,2026-09-18,LKUS_grant_new_user_coupon,feature_g43LuQcahzCJ,用户编号黑名单,7
0000,2026-09-18,LKUS_grant_new_user_coupon,feature_cOkhRQVI91IV,ip黑名单,7
0000,2026-09-18,LKUS_physical_order_create,feature_vTICzBPfD3Ds,ip C段白名单,70
0000,2026-09-18,LKUS_physical_order_create,feature_P5eYl9a699fA,ip白名单,70
0000,2026-09-18,LKUS_physical_order_create,feature_oxYJ6qJ3BAfv,用户编号白名单,70
0000,2026-09-18,LKUS_physical_order_create,feature_yo8MLsBsGIsV,三方unionId白名单,70
0000,2026-09-18,LKUS_physical_order_create,feature_kqtp6XVcXXiQ,手机号白名单,70
0000,2026-09-18,LKUS_physical_order_create,feature_K0JuGvXPoQsS,网关uid白名单,70
0000,2026-09-18,LKUS_physical_order_create,feature_5caBWmAHDcCQ,邮箱白名单,70
0000,2026-09-18,LKUS_payment,feature_vTICzBPfD3Ds,ip C段白名单,71
0000,2026-09-18,LKUS_payment,feature_oxYJ6qJ3BAfv,用户编号白名单,71
0000,2026-09-18,LKUS_payment,feature_P5eYl9a699fA,ip白名单,71
0000,2026-09-18,LKUS_payment,feature_yo8MLsBsGIsV,三方unionId白名单,71
0000,2026-09-18,LKUS_payment,feature_kqtp6XVcXXiQ,手机号白名单,71
0000,2026-09-18,LKUS_payment,feature_K0JuGvXPoQsS,网关uid白名单,71
0000,2026-09-18,LKUS_payment,feature_5caBWmAHDcCQ,邮箱白名单,71
0000,2026-09-18,LKUS_physical_order_create,feature_3CSh3LRVobu7,手机号黑名单,59
0000,2026-09-18,LKUS_physical_order_create,feature_jkeS0N10RDAn,网关uid黑名单,59
0000,2026-09-18,LKUS_physical_order_create,feature_7qCVo92BIECU,三方unionId黑名单,59
0000,2026-09-18,LKUS_physical_order_create,feature_9tl8mW2Gembc,邮箱黑名单,59
0000,2026-09-18,LKUS_physical_order_create,feature_XtxCPW1x9QTU,ip C段黑名单,59
0000,2026-09-18,LKUS_physical_order_create,feature_g43LuQcahzCJ,用户编号黑名单,59
0000,2026-09-18,LKUS_physical_order_create,feature_cOkhRQVI91IV,ip黑名单,59
0000,2026-09-18,LKUS_physical_order_create,feature_TLXI8MNiNglz,reCAPTCHA V3风险分,32
0000,2026-09-18,LKUS_payment,feature_3CSh3LRVobu7,手机号黑名单,60
0000,2026-09-18,LKUS_payment,feature_jkeS0N10RDAn,网关uid黑名单,60
0000,2026-09-18,LKUS_payment,feature_7qCVo92BIECU,三方unionId黑名单,60
0000,2026-09-18,LKUS_payment,feature_9tl8mW2Gembc,邮箱黑名单,60
0000,2026-09-18,LKUS_payment,feature_XtxCPW1x9QTU,ip C段黑名单,60
0000,2026-09-18,LKUS_payment,feature_g43LuQcahzCJ,用户编号黑名单,60
0000,2026-09-18,LKUS_payment,feature_cOkhRQVI91IV,ip黑名单,60
0000,2026-09-18,LKUS_payment,feature_TLXI8MNiNglz,reCAPTCHA V3风险分,33
0000,2026-09-18,LKUS_physical_order_create,feature_MHv7nra5Z6T5,reCAPTCHA V3 token是否有效,27
0000,2026-09-18,LKUS_payment,feature_MHv7nra5Z6T5,reCAPTCHA V3 token是否有效,27
0000,2026-09-18,LKUS_register,feature_vTICzBPfD3Ds,ip C段白名单,6
0000,2026-09-18,LKUS_register,feature_oxYJ6qJ3BAfv,用户编号白名单,6
0000,2026-09-18,LKUS_register,feature_P5eYl9a699fA,ip白名单,6
0000,2026-09-18,LKUS_register,feature_yo8MLsBsGIsV,三方unionId白名单,6
0000,2026-09-18,LKUS_register,feature_kqtp6XVcXXiQ,手机号白名单,6
0000,2026-09-18,LKUS_register,feature_K0JuGvXPoQsS,网关uid白名单,6
0000,2026-09-18,LKUS_register,feature_5caBWmAHDcCQ,邮箱白名单,6
0000,2026-09-18,LKUS_register,feature_3CSh3LRVobu7,手机号黑名单,6
0000,2026-09-18,LKUS_register,feature_jkeS0N10RDAn,网关uid黑名单,6
0000,2026-09-18,LKUS_register,feature_7qCVo92BIECU,三方unionId黑名单,6
0000,2026-09-18,LKUS_register,feature_9tl8mW2Gembc,邮箱黑名单,6
0000,2026-09-18,LKUS_register,feature_g43LuQcahzCJ,用户编号黑名单,6
0000,2026-09-18,LKUS_register,feature_XtxCPW1x9QTU,ip C段黑名单,6
0000,2026-09-18,LKUS_register,feature_cOkhRQVI91IV,ip黑名单,6
0000,2026-09-18,LKUS_login,feature_TLXI8MNiNglz,reCAPTCHA V3风险分,1
0000,2026-09-18,LKUS_push,feature_bvE9FL19wqag,同IP近5分钟关联手机号累计数,8
0000,2026-09-18,LKUS_push,feature_AemrK847uPtt,同IP近1分钟关联手机号累计数,8
0000,2026-09-19,LKUS_push,feature_Fik6gvwY1tA6,手机号近1天的访问次数,53
0000,2026-09-19,LKUS_push,feature_vTICzBPfD3Ds,ip C段白名单,53
0000,2026-09-19,LKUS_push,feature_P5eYl9a699fA,ip白名单,53
0000,2026-09-19,LKUS_push,feature_oxYJ6qJ3BAfv,用户编号白名单,53
0000,2026-09-19,LKUS_push,feature_yo8MLsBsGIsV,三方unionId白名单,53
0000,2026-09-19,LKUS_push,feature_kqtp6XVcXXiQ,手机号白名单,53
0000,2026-09-19,LKUS_push,feature_K0JuGvXPoQsS,网关uid白名单,53
0000,2026-09-19,LKUS_push,feature_5caBWmAHDcCQ,邮箱白名单,53
0000,2026-09-19,LKUS_push,feature_3CSh3LRVobu7,手机号黑名单,52
0000,2026-09-19,LKUS_push,feature_jkeS0N10RDAn,网关uid黑名单,52
0000,2026-09-19,LKUS_push,feature_7qCVo92BIECU,三方unionId黑名单,52
0000,2026-09-19,LKUS_push,feature_9tl8mW2Gembc,邮箱黑名单,52
0000,2026-09-19,LKUS_push,feature_XtxCPW1x9QTU,ip C段黑名单,52
0000,2026-09-19,LKUS_push,feature_g43LuQcahzCJ,用户编号黑名单,52
0000,2026-09-19,LKUS_push,feature_cOkhRQVI91IV,ip黑名单,52
0000,2026-09-19,LKUS_push,feature_53Ck9TgChpTW,IP近5分钟关联的手机号个数,52
0000,2026-09-19,LKUS_push,feature_TLXI8MNiNglz,reCAPTCHA V3风险分,52
0000,2026-09-19,LKUS_push,feature_Wg4dZ6VJBuTb,IP近1分钟关联的手机号个数,52
0000,2026-09-19,LKUS_push,feature_IPwzfPamC8eW,同手机号30分钟关联的IP city个数,52
0000,2026-09-19,LKUS_push,feature_SdA1CjZvNCMG,区号近1分钟的访问次数,52
0000,2026-09-19,LKUS_push,feature_AemrK847uPtt,同IP近1分钟关联手机号累计数,47
0000,2026-09-19,LKUS_push,feature_WxHUxqIN0IuS,同IP近5分钟的访问次数,52
0000,2026-09-19,LKUS_push,feature_lydpDiga6SB9,手机号近5分钟的访问次数,52
0000,2026-09-19,LKUS_push,feature_e1Kmz7JqzsWc,同区号近60分钟V3token为空对应手机号个数,52
0000,2026-09-19,LKUS_push,feature_hspErCH8fSCE,手机号近30分钟的访问次数,52
0000,2026-09-19,LKUS_push,feature_pf88qk27w76j,区号近5分钟的访问次数,52
0000,2026-09-19,LKUS_push,feature_r1bhlQnbfRHb,IP近60分钟关联的手机号个数,52
0000,2026-09-19,LKUS_push,feature_n91JeGM6gD6i,同区号近60分钟非美国IP访问次数,52
0000,2026-09-19,LKUS_push,feature_dqBHKec09Wwa,同区号近60分钟未携带recaptchaV3token 访问次数,52
0000,2026-09-19,LKUS_push,feature_VItdlLjtEYnQ,IPC段近1天关联的手机号个数,52
0000,2026-09-19,LKUS_push,feature_9EHsNcVBo6IN,IPC段近1天关联的国家区号个数,52
0000,2026-09-19,LKUS_push,feature_Ym70ZsfxQKSc,一分钟请求量,52
0000,2026-09-19,LKUS_push,feature_nnsdzZLQKPZ7,IP近10分钟关联的手机号个数,52
0000,2026-09-19,LKUS_push,feature_YkpmaKaJhcdG,区号近1天内的访问次数,52
0000,2026-09-19,LKUS_push,feature_7DbBgowc2mEl,IP近1分钟的访问次数,52
0000,2026-09-19,LKUS_push,feature_bvE9FL19wqag,同IP近5分钟关联手机号累计数,47
0000,2026-09-19,LKUS_push,feature_dtoJoDcUgCcr,同区号近60分钟对应手机号个数,52
0000,2026-09-19,LKUS_push,feature_JaT2oyzVtD0q,手机号近1分钟的访问次数,52
0000,2026-09-19,LKUS_push,feature_TGPe0mjAPwR5,IP近60分钟关联的国家区号个数,52
0000,2026-09-19,LKUS_push,feature_UOJYBEifd5Jn,区号近60分钟的访问次数,52
0000,2026-09-19,LKUS_push,feature_KtSZtJ9w7f9r,IPC段近1分钟关联的手机号个数,52
0000,2026-09-19,LKUS_push,feature_6qwgYPGGuJZ4,IPC段近10分钟关联的手机号个数,52
0000,2026-09-19,LKUS_physical_order_create,feature_vTICzBPfD3Ds,ip C段白名单,70
0000,2026-09-19,LKUS_physical_order_create,feature_oxYJ6qJ3BAfv,用户编号白名单,70
0000,2026-09-19,LKUS_physical_order_create,feature_P5eYl9a699fA,ip白名单,70
0000,2026-09-19,LKUS_physical_order_create,feature_yo8MLsBsGIsV,三方unionId白名单,70
0000,2026-09-19,LKUS_physical_order_create,feature_kqtp6XVcXXiQ,手机号白名单,70
0000,2026-09-19,LKUS_physical_order_create,feature_K0JuGvXPoQsS,网关uid白名单,70
0000,2026-09-19,LKUS_physical_order_create,feature_5caBWmAHDcCQ,邮箱白名单,70
0000,2026-09-19,LKUS_physical_order_create,feature_3CSh3LRVobu7,手机号黑名单,58
0000,2026-09-19,LKUS_physical_order_create,feature_jkeS0N10RDAn,网关uid黑名单,58
0000,2026-09-19,LKUS_physical_order_create,feature_7qCVo92BIECU,三方unionId黑名单,58
0000,2026-09-19,LKUS_physical_order_create,feature_9tl8mW2Gembc,邮箱黑名单,58
0000,2026-09-19,LKUS_physical_order_create,feature_g43LuQcahzCJ,用户编号黑名单,58
0000,2026-09-19,LKUS_physical_order_create,feature_XtxCPW1x9QTU,ip C段黑名单,58
0000,2026-09-19,LKUS_physical_order_create,feature_cOkhRQVI91IV,ip黑名单,58
0000,2026-09-19,LKUS_physical_order_create,feature_MHv7nra5Z6T5,reCAPTCHA V3 token是否有效,32
0000,2026-09-19,LKUS_payment,feature_vTICzBPfD3Ds,ip C段白名单,67
0000,2026-09-19,LKUS_payment,feature_oxYJ6qJ3BAfv,用户编号白名单,67
0000,2026-09-19,LKUS_payment,feature_P5eYl9a699fA,ip白名单,67
0000,2026-09-19,LKUS_payment,feature_yo8MLsBsGIsV,三方unionId白名单,67
0000,2026-09-19,LKUS_payment,feature_kqtp6XVcXXiQ,手机号白名单,67
0000,2026-09-19,LKUS_payment,feature_K0JuGvXPoQsS,网关uid白名单,67
0000,2026-09-19,LKUS_payment,feature_5caBWmAHDcCQ,邮箱白名单,67
0000,2026-09-19,LKUS_payment,feature_3CSh3LRVobu7,手机号黑名单,55
0000,2026-09-19,LKUS_payment,feature_jkeS0N10RDAn,网关uid黑名单,55
0000,2026-09-19,LKUS_payment,feature_7qCVo92BIECU,三方unionId黑名单,55
0000,2026-09-19,LKUS_payment,feature_9tl8mW2Gembc,邮箱黑名单,55
0000,2026-09-19,LKUS_payment,feature_g43LuQcahzCJ,用户编号黑名单,55
0000,2026-09-19,LKUS_payment,feature_XtxCPW1x9QTU,ip C段黑名单,55
0000,2026-09-19,LKUS_payment,feature_cOkhRQVI91IV,ip黑名单,55
0000,2026-09-19,LKUS_payment,feature_MHv7nra5Z6T5,reCAPTCHA V3 token是否有效,29
0000,2026-09-19,LKUS_payment,feature_TLXI8MNiNglz,reCAPTCHA V3风险分,26
0000,2026-09-19,LKUS_physical_order_create,feature_TLXI8MNiNglz,reCAPTCHA V3风险分,26
0000,2026-09-19,LKUS_register,feature_vTICzBPfD3Ds,ip C段白名单,9
0000,2026-09-19,LKUS_register,feature_P5eYl9a699fA,ip白名单,9
0000,2026-09-19,LKUS_register,feature_oxYJ6qJ3BAfv,用户编号白名单,9
0000,2026-09-19,LKUS_register,feature_yo8MLsBsGIsV,三方unionId白名单,9
0000,2026-09-19,LKUS_register,feature_kqtp6XVcXXiQ,手机号白名单,9
0000,2026-09-19,LKUS_register,feature_K0JuGvXPoQsS,网关uid白名单,9
0000,2026-09-19,LKUS_register,feature_5caBWmAHDcCQ,邮箱白名单,9
0000,2026-09-19,LKUS_register,feature_3CSh3LRVobu7,手机号黑名单,9
0000,2026-09-19,LKUS_register,feature_jkeS0N10RDAn,网关uid黑名单,9
0000,2026-09-19,LKUS_register,feature_7qCVo92BIECU,三方unionId黑名单,9
0000,2026-09-19,LKUS_register,feature_9tl8mW2Gembc,邮箱黑名单,9
0000,2026-09-19,LKUS_register,feature_XtxCPW1x9QTU,ip C段黑名单,9
0000,2026-09-19,LKUS_register,feature_g43LuQcahzCJ,用户编号黑名单,9
0000,2026-09-19,LKUS_register,feature_cOkhRQVI91IV,ip黑名单,9
0000,2026-09-19,LKUS_login,feature_vTICzBPfD3Ds,ip C段白名单,22
0000,2026-09-19,LKUS_login,feature_P5eYl9a699fA,ip白名单,22
0000,2026-09-19,LKUS_login,feature_oxYJ6qJ3BAfv,用户编号白名单,22
0000,2026-09-19,LKUS_login,feature_yo8MLsBsGIsV,三方unionId白名单,22
0000,2026-09-19,LKUS_login,feature_kqtp6XVcXXiQ,手机号白名单,22
0000,2026-09-19,LKUS_login,feature_K0JuGvXPoQsS,网关uid白名单,22
0000,2026-09-19,LKUS_login,feature_5caBWmAHDcCQ,邮箱白名单,22
0000,2026-09-19,LKUS_login,feature_3CSh3LRVobu7,手机号黑名单,21
0000,2026-09-19,LKUS_login,feature_jkeS0N10RDAn,网关uid黑名单,21
0000,2026-09-19,LKUS_login,feature_7qCVo92BIECU,三方unionId黑名单,21
0000,2026-09-19,LKUS_login,feature_9tl8mW2Gembc,邮箱黑名单,21
0000,2026-09-19,LKUS_login,feature_XtxCPW1x9QTU,ip C段黑名单,21
0000,2026-09-19,LKUS_login,feature_g43LuQcahzCJ,用户编号黑名单,21
0000,2026-09-19,LKUS_login,feature_cOkhRQVI91IV,ip黑名单,21
0000,2026-09-19,LKUS_login,feature_TLXI8MNiNglz,reCAPTCHA V3风险分,12
0000,2026-09-19,LKUS_grant_new_user_coupon,feature_vTICzBPfD3Ds,ip C段白名单,11
0000,2026-09-19,LKUS_grant_new_user_coupon,feature_P5eYl9a699fA,ip白名单,11
0000,2026-09-19,LKUS_grant_new_user_coupon,feature_oxYJ6qJ3BAfv,用户编号白名单,11
0000,2026-09-19,LKUS_grant_new_user_coupon,feature_yo8MLsBsGIsV,三方unionId白名单,11
0000,2026-09-19,LKUS_grant_new_user_coupon,feature_kqtp6XVcXXiQ,手机号白名单,11
0000,2026-09-19,LKUS_grant_new_user_coupon,feature_K0JuGvXPoQsS,网关uid白名单,11
0000,2026-09-19,LKUS_grant_new_user_coupon,feature_5caBWmAHDcCQ,邮箱白名单,11
0000,2026-09-19,LKUS_grant_new_user_coupon,feature_3CSh3LRVobu7,手机号黑名单,11
0000,2026-09-19,LKUS_grant_new_user_coupon,feature_jkeS0N10RDAn,网关uid黑名单,11
0000,2026-09-19,LKUS_grant_new_user_coupon,feature_7qCVo92BIECU,三方unionId黑名单,11
0000,2026-09-19,LKUS_grant_new_user_coupon,feature_9tl8mW2Gembc,邮箱黑名单,11
0000,2026-09-19,LKUS_grant_new_user_coupon,feature_XtxCPW1x9QTU,ip C段黑名单,11
0000,2026-09-19,LKUS_grant_new_user_coupon,feature_g43LuQcahzCJ,用户编号黑名单,11
0000,2026-09-19,LKUS_grant_new_user_coupon,feature_cOkhRQVI91IV,ip黑名单,11
0000,2026-09-19,LKUS_login,feature_MHv7nra5Z6T5,reCAPTCHA V3 token是否有效,9
0000,2026-09-19,LKUS_physical_order_cancel,feature_vTICzBPfD3Ds,ip C段白名单,2
0000,2026-09-19,LKUS_physical_order_cancel,feature_P5eYl9a699fA,ip白名单,2
0000,2026-09-19,LKUS_physical_order_cancel,feature_oxYJ6qJ3BAfv,用户编号白名单,2
0000,2026-09-19,LKUS_physical_order_cancel,feature_yo8MLsBsGIsV,三方unionId白名单,2
0000,2026-09-19,LKUS_physical_order_cancel,feature_kqtp6XVcXXiQ,手机号白名单,2
0000,2026-09-19,LKUS_physical_order_cancel,feature_K0JuGvXPoQsS,网关uid白名单,2
0000,2026-09-19,LKUS_physical_order_cancel,feature_5caBWmAHDcCQ,邮箱白名单,2
0000,2026-09-19,LKUS_physical_order_cancel,feature_3CSh3LRVobu7,手机号黑名单,2
0000,2026-09-19,LKUS_physical_order_cancel,feature_jkeS0N10RDAn,网关uid黑名单,2
0000,2026-09-19,LKUS_physical_order_cancel,feature_7qCVo92BIECU,三方unionId黑名单,2
0000,2026-09-19,LKUS_physical_order_cancel,feature_9tl8mW2Gembc,邮箱黑名单,2
0000,2026-09-19,LKUS_physical_order_cancel,feature_XtxCPW1x9QTU,ip C段黑名单,2
0000,2026-09-19,LKUS_physical_order_cancel,feature_g43LuQcahzCJ,用户编号黑名单,2
0000,2026-09-19,LKUS_physical_order_cancel,feature_cOkhRQVI91IV,ip黑名单,2
0000,2026-09-19,LKUS_push,feature_AemrK847uPtt,同IP同手机号近1分钟累计请求次数,5
0000,2026-09-19,LKUS_push,feature_bvE9FL19wqag,同IP同手机号近5分钟累计请求次数,5
0000,2026-09-20,LKUS_push,feature_Fik6gvwY1tA6,手机号近1天的访问次数,37
0000,2026-09-20,LKUS_push,feature_vTICzBPfD3Ds,ip C段白名单,37
0000,2026-09-20,LKUS_push,feature_P5eYl9a699fA,ip白名单,37
0000,2026-09-20,LKUS_push,feature_oxYJ6qJ3BAfv,用户编号白名单,37
0000,2026-09-20,LKUS_push,feature_yo8MLsBsGIsV,三方unionId白名单,37
0000,2026-09-20,LKUS_push,feature_kqtp6XVcXXiQ,手机号白名单,37
0000,2026-09-20,LKUS_push,feature_K0JuGvXPoQsS,网关uid白名单,37
0000,2026-09-20,LKUS_push,feature_5caBWmAHDcCQ,邮箱白名单,37
0000,2026-09-20,LKUS_push,feature_3CSh3LRVobu7,手机号黑名单,36
0000,2026-09-20,LKUS_push,feature_jkeS0N10RDAn,网关uid黑名单,36
0000,2026-09-20,LKUS_push,feature_7qCVo92BIECU,三方unionId黑名单,36
0000,2026-09-20,LKUS_push,feature_9tl8mW2Gembc,邮箱黑名单,36
0000,2026-09-20,LKUS_push,feature_XtxCPW1x9QTU,ip C段黑名单,36
0000,2026-09-20,LKUS_push,feature_g43LuQcahzCJ,用户编号黑名单,36
0000,2026-09-20,LKUS_push,feature_cOkhRQVI91IV,ip黑名单,36
0000,2026-09-20,LKUS_push,feature_53Ck9TgChpTW,IP近5分钟关联的手机号个数,36
0000,2026-09-20,LKUS_push,feature_TLXI8MNiNglz,reCAPTCHA V3风险分,36
0000,2026-09-20,LKUS_push,feature_Wg4dZ6VJBuTb,IP近1分钟关联的手机号个数,36
0000,2026-09-20,LKUS_push,feature_IPwzfPamC8eW,同手机号30分钟关联的IP city个数,36
0000,2026-09-20,LKUS_push,feature_SdA1CjZvNCMG,区号近1分钟的访问次数,36
0000,2026-09-20,LKUS_push,feature_WxHUxqIN0IuS,同IP近5分钟的访问次数,36
0000,2026-09-20,LKUS_push,feature_lydpDiga6SB9,手机号近5分钟的访问次数,36
0000,2026-09-20,LKUS_push,feature_e1Kmz7JqzsWc,同区号近60分钟V3token为空对应手机号个数,36
0000,2026-09-20,LKUS_push,feature_hspErCH8fSCE,手机号近30分钟的访问次数,36
0000,2026-09-20,LKUS_push,feature_pf88qk27w76j,区号近5分钟的访问次数,36
0000,2026-09-20,LKUS_push,feature_r1bhlQnbfRHb,IP近60分钟关联的手机号个数,36
0000,2026-09-20,LKUS_push,feature_n91JeGM6gD6i,同区号近60分钟非美国IP访问次数,36
0000,2026-09-20,LKUS_push,feature_dqBHKec09Wwa,同区号近60分钟未携带recaptchaV3token 访问次数,36
0000,2026-09-20,LKUS_push,feature_VItdlLjtEYnQ,IPC段近1天关联的手机号个数,36
0000,2026-09-20,LKUS_push,feature_9EHsNcVBo6IN,IPC段近1天关联的国家区号个数,36
0000,2026-09-20,LKUS_push,feature_Ym70ZsfxQKSc,一分钟请求量,36
0000,2026-09-20,LKUS_push,feature_nnsdzZLQKPZ7,IP近10分钟关联的手机号个数,36
0000,2026-09-20,LKUS_push,feature_YkpmaKaJhcdG,区号近1天内的访问次数,36
0000,2026-09-20,LKUS_push,feature_AemrK847uPtt,同IP同手机号近1分钟累计请求次数,36
0000,2026-09-20,LKUS_push,feature_7DbBgowc2mEl,IP近1分钟的访问次数,36
0000,2026-09-20,LKUS_push,feature_dtoJoDcUgCcr,同区号近60分钟对应手机号个数,36
0000,2026-09-20,LKUS_push,feature_JaT2oyzVtD0q,手机号近1分钟的访问次数,36
0000,2026-09-20,LKUS_push,feature_bvE9FL19wqag,同IP同手机号近5分钟累计请求次数,36
0000,2026-09-20,LKUS_push,feature_TGPe0mjAPwR5,IP近60分钟关联的国家区号个数,36
0000,2026-09-20,LKUS_push,feature_UOJYBEifd5Jn,区号近60分钟的访问次数,36
0000,2026-09-20,LKUS_push,feature_KtSZtJ9w7f9r,IPC段近1分钟关联的手机号个数,36
0000,2026-09-20,LKUS_push,feature_6qwgYPGGuJZ4,IPC段近10分钟关联的手机号个数,36
0000,2026-09-20,LKUS_physical_order_create,feature_vTICzBPfD3Ds,ip C段白名单,43
0000,2026-09-20,LKUS_physical_order_create,feature_oxYJ6qJ3BAfv,用户编号白名单,43
0000,2026-09-20,LKUS_physical_order_create,feature_P5eYl9a699fA,ip白名单,43
0000,2026-09-20,LKUS_physical_order_create,feature_yo8MLsBsGIsV,三方unionId白名单,43
0000,2026-09-20,LKUS_physical_order_create,feature_kqtp6XVcXXiQ,手机号白名单,43
0000,2026-09-20,LKUS_physical_order_create,feature_K0JuGvXPoQsS,网关uid白名单,43
0000,2026-09-20,LKUS_physical_order_create,feature_5caBWmAHDcCQ,邮箱白名单,43
0000,2026-09-20,LKUS_physical_order_create,feature_3CSh3LRVobu7,手机号黑名单,36
0000,2026-09-20,LKUS_physical_order_create,feature_jkeS0N10RDAn,网关uid黑名单,36
0000,2026-09-20,LKUS_physical_order_create,feature_7qCVo92BIECU,三方unionId黑名单,36
0000,2026-09-20,LKUS_physical_order_create,feature_9tl8mW2Gembc,邮箱黑名单,36
0000,2026-09-20,LKUS_physical_order_create,feature_g43LuQcahzCJ,用户编号黑名单,36
0000,2026-09-20,LKUS_physical_order_create,feature_XtxCPW1x9QTU,ip C段黑名单,36
0000,2026-09-20,LKUS_physical_order_create,feature_cOkhRQVI91IV,ip黑名单,36
0000,2026-09-20,LKUS_physical_order_create,feature_MHv7nra5Z6T5,reCAPTCHA V3 token是否有效,19
0000,2026-09-20,LKUS_payment,feature_vTICzBPfD3Ds,ip C段白名单,44
0000,2026-09-20,LKUS_payment,feature_P5eYl9a699fA,ip白名单,44
0000,2026-09-20,LKUS_payment,feature_oxYJ6qJ3BAfv,用户编号白名单,44
0000,2026-09-20,LKUS_payment,feature_yo8MLsBsGIsV,三方unionId白名单,44
0000,2026-09-20,LKUS_payment,feature_kqtp6XVcXXiQ,手机号白名单,44
0000,2026-09-20,LKUS_payment,feature_K0JuGvXPoQsS,网关uid白名单,44
0000,2026-09-20,LKUS_payment,feature_5caBWmAHDcCQ,邮箱白名单,44
0000,2026-09-20,LKUS_payment,feature_3CSh3LRVobu7,手机号黑名单,36
0000,2026-09-20,LKUS_payment,feature_jkeS0N10RDAn,网关uid黑名单,36
0000,2026-09-20,LKUS_payment,feature_7qCVo92BIECU,三方unionId黑名单,36
0000,2026-09-20,LKUS_payment,feature_9tl8mW2Gembc,邮箱黑名单,36
0000,2026-09-20,LKUS_payment,feature_XtxCPW1x9QTU,ip C段黑名单,36
0000,2026-09-20,LKUS_payment,feature_g43LuQcahzCJ,用户编号黑名单,36
0000,2026-09-20,LKUS_payment,feature_cOkhRQVI91IV,ip黑名单,36
0000,2026-09-20,LKUS_payment,feature_TLXI8MNiNglz,reCAPTCHA V3风险分,20
0000,2026-09-20,LKUS_physical_order_create,feature_TLXI8MNiNglz,reCAPTCHA V3风险分,17
0000,2026-09-20,LKUS_payment,feature_MHv7nra5Z6T5,reCAPTCHA V3 token是否有效,16
0000,2026-09-20,LKUS_register,feature_vTICzBPfD3Ds,ip C段白名单,6
0000,2026-09-20,LKUS_register,feature_P5eYl9a699fA,ip白名单,6
0000,2026-09-20,LKUS_register,feature_oxYJ6qJ3BAfv,用户编号白名单,6
0000,2026-09-20,LKUS_register,feature_yo8MLsBsGIsV,三方unionId白名单,6
0000,2026-09-20,LKUS_register,feature_kqtp6XVcXXiQ,手机号白名单,6
0000,2026-09-20,LKUS_register,feature_K0JuGvXPoQsS,网关uid白名单,6
0000,2026-09-20,LKUS_register,feature_5caBWmAHDcCQ,邮箱白名单,6
0000,2026-09-20,LKUS_register,feature_3CSh3LRVobu7,手机号黑名单,6
0000,2026-09-20,LKUS_register,feature_jkeS0N10RDAn,网关uid黑名单,6
0000,2026-09-20,LKUS_register,feature_7qCVo92BIECU,三方unionId黑名单,6
0000,2026-09-20,LKUS_register,feature_9tl8mW2Gembc,邮箱黑名单,6
0000,2026-09-20,LKUS_register,feature_XtxCPW1x9QTU,ip C段黑名单,6
0000,2026-09-20,LKUS_register,feature_g43LuQcahzCJ,用户编号黑名单,6
0000,2026-09-20,LKUS_register,feature_cOkhRQVI91IV,ip黑名单,6
0000,2026-09-20,LKUS_login,feature_vTICzBPfD3Ds,ip C段白名单,12
0000,2026-09-20,LKUS_login,feature_P5eYl9a699fA,ip白名单,12
0000,2026-09-20,LKUS_login,feature_oxYJ6qJ3BAfv,用户编号白名单,12
0000,2026-09-20,LKUS_login,feature_yo8MLsBsGIsV,三方unionId白名单,12
0000,2026-09-20,LKUS_login,feature_kqtp6XVcXXiQ,手机号白名单,12
0000,2026-09-20,LKUS_login,feature_K0JuGvXPoQsS,网关uid白名单,12
0000,2026-09-20,LKUS_login,feature_5caBWmAHDcCQ,邮箱白名单,12
0000,2026-09-20,LKUS_login,feature_3CSh3LRVobu7,手机号黑名单,12
0000,2026-09-20,LKUS_login,feature_jkeS0N10RDAn,网关uid黑名单,12
0000,2026-09-20,LKUS_login,feature_7qCVo92BIECU,三方unionId黑名单,12
0000,2026-09-20,LKUS_login,feature_9tl8mW2Gembc,邮箱黑名单,12
0000,2026-09-20,LKUS_login,feature_XtxCPW1x9QTU,ip C段黑名单,12
0000,2026-09-20,LKUS_login,feature_g43LuQcahzCJ,用户编号黑名单,12
0000,2026-09-20,LKUS_login,feature_cOkhRQVI91IV,ip黑名单,12
0000,2026-09-20,LKUS_login,feature_TLXI8MNiNglz,reCAPTCHA V3风险分,5
0000,2026-09-20,LKUS_login,feature_MHv7nra5Z6T5,reCAPTCHA V3 token是否有效,7
0000,2026-09-20,LKUS_grant_new_user_coupon,feature_vTICzBPfD3Ds,ip C段白名单,9
0000,2026-09-20,LKUS_grant_new_user_coupon,feature_oxYJ6qJ3BAfv,用户编号白名单,9
0000,2026-09-20,LKUS_grant_new_user_coupon,feature_P5eYl9a699fA,ip白名单,9
0000,2026-09-20,LKUS_grant_new_user_coupon,feature_yo8MLsBsGIsV,三方unionId白名单,9
0000,2026-09-20,LKUS_grant_new_user_coupon,feature_kqtp6XVcXXiQ,手机号白名单,9
0000,2026-09-20,LKUS_grant_new_user_coupon,feature_K0JuGvXPoQsS,网关uid白名单,9
0000,2026-09-20,LKUS_grant_new_user_coupon,feature_5caBWmAHDcCQ,邮箱白名单,9
0000,2026-09-20,LKUS_grant_new_user_coupon,feature_3CSh3LRVobu7,手机号黑名单,9
0000,2026-09-20,LKUS_grant_new_user_coupon,feature_jkeS0N10RDAn,网关uid黑名单,9
0000,2026-09-20,LKUS_grant_new_user_coupon,feature_7qCVo92BIECU,三方unionId黑名单,9
0000,2026-09-20,LKUS_grant_new_user_coupon,feature_9tl8mW2Gembc,邮箱黑名单,9
0000,2026-09-20,LKUS_grant_new_user_coupon,feature_g43LuQcahzCJ,用户编号黑名单,9
0000,2026-09-20,LKUS_grant_new_user_coupon,feature_XtxCPW1x9QTU,ip C段黑名单,9
0000,2026-09-20,LKUS_grant_new_user_coupon,feature_cOkhRQVI91IV,ip黑名单,9
0000,2026-09-21,LKUS_login,feature_vTICzBPfD3Ds,ip C段白名单,17
0000,2026-09-21,LKUS_login,feature_P5eYl9a699fA,ip白名单,17
0000,2026-09-21,LKUS_login,feature_oxYJ6qJ3BAfv,用户编号白名单,17
0000,2026-09-21,LKUS_login,feature_yo8MLsBsGIsV,三方unionId白名单,17
0000,2026-09-21,LKUS_login,feature_kqtp6XVcXXiQ,手机号白名单,17
0000,2026-09-21,LKUS_login,feature_K0JuGvXPoQsS,网关uid白名单,17
0000,2026-09-21,LKUS_login,feature_5caBWmAHDcCQ,邮箱白名单,17
0000,2026-09-21,LKUS_login,feature_3CSh3LRVobu7,手机号黑名单,16
0000,2026-09-21,LKUS_login,feature_jkeS0N10RDAn,网关uid黑名单,16
0000,2026-09-21,LKUS_login,feature_7qCVo92BIECU,三方unionId黑名单,16
0000,2026-09-21,LKUS_login,feature_9tl8mW2Gembc,邮箱黑名单,16
0000,2026-09-21,LKUS_login,feature_XtxCPW1x9QTU,ip C段黑名单,16
0000,2026-09-21,LKUS_login,feature_g43LuQcahzCJ,用户编号黑名单,16
0000,2026-09-21,LKUS_login,feature_cOkhRQVI91IV,ip黑名单,16
0000,2026-09-21,LKUS_login,feature_TLXI8MNiNglz,reCAPTCHA V3风险分,6
0000,2026-09-21,LKUS_grant_new_user_coupon,feature_vTICzBPfD3Ds,ip C段白名单,9
0000,2026-09-21,LKUS_grant_new_user_coupon,feature_oxYJ6qJ3BAfv,用户编号白名单,9
0000,2026-09-21,LKUS_grant_new_user_coupon,feature_P5eYl9a699fA,ip白名单,9
0000,2026-09-21,LKUS_grant_new_user_coupon,feature_yo8MLsBsGIsV,三方unionId白名单,9
0000,2026-09-21,LKUS_grant_new_user_coupon,feature_kqtp6XVcXXiQ,手机号白名单,9
0000,2026-09-21,LKUS_grant_new_user_coupon,feature_K0JuGvXPoQsS,网关uid白名单,9
0000,2026-09-21,LKUS_grant_new_user_coupon,feature_5caBWmAHDcCQ,邮箱白名单,9
0000,2026-09-21,LKUS_grant_new_user_coupon,feature_3CSh3LRVobu7,手机号黑名单,9
0000,2026-09-21,LKUS_grant_new_user_coupon,feature_jkeS0N10RDAn,网关uid黑名单,9
0000,2026-09-21,LKUS_grant_new_user_coupon,feature_7qCVo92BIECU,三方unionId黑名单,9
0000,2026-09-21,LKUS_grant_new_user_coupon,feature_9tl8mW2Gembc,邮箱黑名单,9
0000,2026-09-21,LKUS_grant_new_user_coupon,feature_g43LuQcahzCJ,用户编号黑名单,9
0000,2026-09-21,LKUS_grant_new_user_coupon,feature_XtxCPW1x9QTU,ip C段黑名单,9
0000,2026-09-21,LKUS_grant_new_user_coupon,feature_cOkhRQVI91IV,ip黑名单,9
0000,2026-09-21,LKUS_login,feature_MHv7nra5Z6T5,reCAPTCHA V3 token是否有效,10
0000,2026-09-21,LKUS_push,feature_Fik6gvwY1tA6,手机号近1天的访问次数,61
0000,2026-09-21,LKUS_push,feature_vTICzBPfD3Ds,ip C段白名单,61
0000,2026-09-21,LKUS_push,feature_oxYJ6qJ3BAfv,用户编号白名单,61
0000,2026-09-21,LKUS_push,feature_P5eYl9a699fA,ip白名单,61
0000,2026-09-21,LKUS_push,feature_yo8MLsBsGIsV,三方unionId白名单,61
0000,2026-09-21,LKUS_push,feature_kqtp6XVcXXiQ,手机号白名单,61
0000,2026-09-21,LKUS_push,feature_K0JuGvXPoQsS,网关uid白名单,61
0000,2026-09-21,LKUS_push,feature_5caBWmAHDcCQ,邮箱白名单,61
0000,2026-09-21,LKUS_push,feature_3CSh3LRVobu7,手机号黑名单,61
0000,2026-09-21,LKUS_push,feature_jkeS0N10RDAn,网关uid黑名单,61
0000,2026-09-21,LKUS_push,feature_7qCVo92BIECU,三方unionId黑名单,61
0000,2026-09-21,LKUS_push,feature_9tl8mW2Gembc,邮箱黑名单,61
0000,2026-09-21,LKUS_push,feature_g43LuQcahzCJ,用户编号黑名单,61
0000,2026-09-21,LKUS_push,feature_XtxCPW1x9QTU,ip C段黑名单,61
0000,2026-09-21,LKUS_push,feature_cOkhRQVI91IV,ip黑名单,61
0000,2026-09-21,LKUS_push,feature_nnsdzZLQKPZ7,IP近10分钟关联的手机号个数,61
0000,2026-09-21,LKUS_push,feature_Ym70ZsfxQKSc,一分钟请求量,61
0000,2026-09-21,LKUS_push,feature_pf88qk27w76j,区号近5分钟的访问次数,61
0000,2026-09-21,LKUS_push,feature_dtoJoDcUgCcr,同区号近60分钟对应手机号个数,61
0000,2026-09-21,LKUS_push,feature_AemrK847uPtt,同IP同手机号近1分钟累计请求次数,61
0000,2026-09-21,LKUS_push,feature_TLXI8MNiNglz,reCAPTCHA V3风险分,61
0000,2026-09-21,LKUS_push,feature_TGPe0mjAPwR5,IP近60分钟关联的国家区号个数,61
0000,2026-09-21,LKUS_push,feature_YkpmaKaJhcdG,区号近1天内的访问次数,61
0000,2026-09-21,LKUS_push,feature_bvE9FL19wqag,同IP同手机号近5分钟累计请求次数,61
0000,2026-09-21,LKUS_push,feature_7DbBgowc2mEl,IP近1分钟的访问次数,61
0000,2026-09-21,LKUS_push,feature_6qwgYPGGuJZ4,IPC段近10分钟关联的手机号个数,61
0000,2026-09-21,LKUS_push,feature_KtSZtJ9w7f9r,IPC段近1分钟关联的手机号个数,61
0000,2026-09-21,LKUS_push,feature_JaT2oyzVtD0q,手机号近1分钟的访问次数,61
0000,2026-09-21,LKUS_push,feature_UOJYBEifd5Jn,区号近60分钟的访问次数,61
0000,2026-09-21,LKUS_push,feature_e1Kmz7JqzsWc,同区号近60分钟V3token为空对应手机号个数,61
0000,2026-09-21,LKUS_push,feature_IPwzfPamC8eW,同手机号30分钟关联的IP city个数,61
0000,2026-09-21,LKUS_push,feature_n91JeGM6gD6i,同区号近60分钟非美国IP访问次数,61
0000,2026-09-21,LKUS_push,feature_53Ck9TgChpTW,IP近5分钟关联的手机号个数,61
0000,2026-09-21,LKUS_push,feature_hspErCH8fSCE,手机号近30分钟的访问次数,61
0000,2026-09-21,LKUS_push,feature_SdA1CjZvNCMG,区号近1分钟的访问次数,61
0000,2026-09-21,LKUS_push,feature_lydpDiga6SB9,手机号近5分钟的访问次数,61
0000,2026-09-21,LKUS_push,feature_WxHUxqIN0IuS,同IP近5分钟的访问次数,61
0000,2026-09-21,LKUS_push,feature_VItdlLjtEYnQ,IPC段近1天关联的手机号个数,61
0000,2026-09-21,LKUS_push,feature_Wg4dZ6VJBuTb,IP近1分钟关联的手机号个数,61
0000,2026-09-21,LKUS_push,feature_9EHsNcVBo6IN,IPC段近1天关联的国家区号个数,61
0000,2026-09-21,LKUS_push,feature_r1bhlQnbfRHb,IP近60分钟关联的手机号个数,61
0000,2026-09-21,LKUS_push,feature_dqBHKec09Wwa,同区号近60分钟未携带recaptchaV3token 访问次数,61
0000,2026-09-21,LKUS_captcha,feature_vTICzBPfD3Ds,ip C段白名单,1
0000,2026-09-21,LKUS_captcha,feature_oxYJ6qJ3BAfv,用户编号白名单,1
0000,2026-09-21,LKUS_captcha,feature_P5eYl9a699fA,ip白名单,1
0000,2026-09-21,LKUS_captcha,feature_yo8MLsBsGIsV,三方unionId白名单,1
0000,2026-09-21,LKUS_captcha,feature_kqtp6XVcXXiQ,手机号白名单,1
0000,2026-09-21,LKUS_captcha,feature_K0JuGvXPoQsS,网关uid白名单,1
0000,2026-09-21,LKUS_captcha,feature_5caBWmAHDcCQ,邮箱白名单,1
0000,2026-09-21,LKUS_captcha,feature_3CSh3LRVobu7,手机号黑名单,1
0000,2026-09-21,LKUS_captcha,feature_jkeS0N10RDAn,网关uid黑名单,1
0000,2026-09-21,LKUS_captcha,feature_7qCVo92BIECU,三方unionId黑名单,1
0000,2026-09-21,LKUS_captcha,feature_9tl8mW2Gembc,邮箱黑名单,1
0000,2026-09-21,LKUS_captcha,feature_g43LuQcahzCJ,用户编号黑名单,1
0000,2026-09-21,LKUS_captcha,feature_XtxCPW1x9QTU,ip C段黑名单,1
0000,2026-09-21,LKUS_captcha,feature_cOkhRQVI91IV,ip黑名单,1
0000,2026-09-21,LKUS_captcha,feature_nm9NTGYLKhWV,reCAPTCHA V2 token是否有效,1
0000,2026-09-21,LKUS_physical_order_create,feature_vTICzBPfD3Ds,ip C段白名单,74
0000,2026-09-21,LKUS_physical_order_create,feature_oxYJ6qJ3BAfv,用户编号白名单,74
0000,2026-09-21,LKUS_physical_order_create,feature_P5eYl9a699fA,ip白名单,74
0000,2026-09-21,LKUS_physical_order_create,feature_yo8MLsBsGIsV,三方unionId白名单,74
0000,2026-09-21,LKUS_physical_order_create,feature_kqtp6XVcXXiQ,手机号白名单,74
0000,2026-09-21,LKUS_physical_order_create,feature_K0JuGvXPoQsS,网关uid白名单,74
0000,2026-09-21,LKUS_physical_order_create,feature_5caBWmAHDcCQ,邮箱白名单,74
0000,2026-09-21,LKUS_physical_order_create,feature_3CSh3LRVobu7,手机号黑名单,65
0000,2026-09-21,LKUS_physical_order_create,feature_jkeS0N10RDAn,网关uid黑名单,65
0000,2026-09-21,LKUS_physical_order_create,feature_7qCVo92BIECU,三方unionId黑名单,65
0000,2026-09-21,LKUS_physical_order_create,feature_9tl8mW2Gembc,邮箱黑名单,65
0000,2026-09-21,LKUS_physical_order_create,feature_g43LuQcahzCJ,用户编号黑名单,65
0000,2026-09-21,LKUS_physical_order_create,feature_XtxCPW1x9QTU,ip C段黑名单,65
0000,2026-09-21,LKUS_physical_order_create,feature_cOkhRQVI91IV,ip黑名单,65
0000,2026-09-21,LKUS_physical_order_create,feature_MHv7nra5Z6T5,reCAPTCHA V3 token是否有效,31
0000,2026-09-21,LKUS_payment,feature_vTICzBPfD3Ds,ip C段白名单,72
0000,2026-09-21,LKUS_payment,feature_oxYJ6qJ3BAfv,用户编号白名单,72
0000,2026-09-21,LKUS_payment,feature_P5eYl9a699fA,ip白名单,72
0000,2026-09-21,LKUS_payment,feature_yo8MLsBsGIsV,三方unionId白名单,72
0000,2026-09-21,LKUS_payment,feature_kqtp6XVcXXiQ,手机号白名单,72
0000,2026-09-21,LKUS_payment,feature_K0JuGvXPoQsS,网关uid白名单,72
0000,2026-09-21,LKUS_payment,feature_5caBWmAHDcCQ,邮箱白名单,72
0000,2026-09-21,LKUS_payment,feature_3CSh3LRVobu7,手机号黑名单,63
0000,2026-09-21,LKUS_payment,feature_jkeS0N10RDAn,网关uid黑名单,63
0000,2026-09-21,LKUS_payment,feature_7qCVo92BIECU,三方unionId黑名单,63
0000,2026-09-21,LKUS_payment,feature_9tl8mW2Gembc,邮箱黑名单,63
0000,2026-09-21,LKUS_payment,feature_g43LuQcahzCJ,用户编号黑名单,63
0000,2026-09-21,LKUS_payment,feature_XtxCPW1x9QTU,ip C段黑名单,63
0000,2026-09-21,LKUS_payment,feature_cOkhRQVI91IV,ip黑名单,63
0000,2026-09-21,LKUS_payment,feature_MHv7nra5Z6T5,reCAPTCHA V3 token是否有效,33
0000,2026-09-21,LKUS_physical_order_create,feature_TLXI8MNiNglz,reCAPTCHA V3风险分,34
0000,2026-09-21,LKUS_payment,feature_TLXI8MNiNglz,reCAPTCHA V3风险分,30
0000,2026-09-21,LKUS_register,feature_vTICzBPfD3Ds,ip C段白名单,5
0000,2026-09-21,LKUS_register,feature_oxYJ6qJ3BAfv,用户编号白名单,5
0000,2026-09-21,LKUS_register,feature_P5eYl9a699fA,ip白名单,5
0000,2026-09-21,LKUS_register,feature_yo8MLsBsGIsV,三方unionId白名单,5
0000,2026-09-21,LKUS_register,feature_kqtp6XVcXXiQ,手机号白名单,5
0000,2026-09-21,LKUS_register,feature_K0JuGvXPoQsS,网关uid白名单,5
0000,2026-09-21,LKUS_register,feature_5caBWmAHDcCQ,邮箱白名单,5
0000,2026-09-21,LKUS_register,feature_3CSh3LRVobu7,手机号黑名单,5
0000,2026-09-21,LKUS_register,feature_jkeS0N10RDAn,网关uid黑名单,5
0000,2026-09-21,LKUS_register,feature_7qCVo92BIECU,三方unionId黑名单,5
0000,2026-09-21,LKUS_register,feature_9tl8mW2Gembc,邮箱黑名单,5
0000,2026-09-21,LKUS_register,feature_g43LuQcahzCJ,用户编号黑名单,5
0000,2026-09-21,LKUS_register,feature_XtxCPW1x9QTU,ip C段黑名单,5
0000,2026-09-21,LKUS_register,feature_cOkhRQVI91IV,ip黑名单,5
0000,2026-09-22,LKUS_push,feature_Fik6gvwY1tA6,手机号近1天的访问次数,48
0000,2026-09-22,LKUS_push,feature_vTICzBPfD3Ds,ip C段白名单,48
0000,2026-09-22,LKUS_push,feature_P5eYl9a699fA,ip白名单,48
0000,2026-09-22,LKUS_push,feature_oxYJ6qJ3BAfv,用户编号白名单,48
0000,2026-09-22,LKUS_push,feature_yo8MLsBsGIsV,三方unionId白名单,48
0000,2026-09-22,LKUS_push,feature_kqtp6XVcXXiQ,手机号白名单,48
0000,2026-09-22,LKUS_push,feature_K0JuGvXPoQsS,网关uid白名单,48
0000,2026-09-22,LKUS_push,feature_5caBWmAHDcCQ,邮箱白名单,48
0000,2026-09-22,LKUS_push,feature_3CSh3LRVobu7,手机号黑名单,48
0000,2026-09-22,LKUS_push,feature_jkeS0N10RDAn,网关uid黑名单,48
0000,2026-09-22,LKUS_push,feature_7qCVo92BIECU,三方unionId黑名单,48
0000,2026-09-22,LKUS_push,feature_9tl8mW2Gembc,邮箱黑名单,48
0000,2026-09-22,LKUS_push,feature_XtxCPW1x9QTU,ip C段黑名单,48
0000,2026-09-22,LKUS_push,feature_g43LuQcahzCJ,用户编号黑名单,48
0000,2026-09-22,LKUS_push,feature_cOkhRQVI91IV,ip黑名单,48
0000,2026-09-22,LKUS_push,feature_53Ck9TgChpTW,IP近5分钟关联的手机号个数,48
0000,2026-09-22,LKUS_push,feature_TLXI8MNiNglz,reCAPTCHA V3风险分,48
0000,2026-09-22,LKUS_push,feature_Wg4dZ6VJBuTb,IP近1分钟关联的手机号个数,48
0000,2026-09-22,LKUS_push,feature_IPwzfPamC8eW,同手机号30分钟关联的IP city个数,48
0000,2026-09-22,LKUS_push,feature_SdA1CjZvNCMG,区号近1分钟的访问次数,48
0000,2026-09-22,LKUS_push,feature_WxHUxqIN0IuS,同IP近5分钟的访问次数,48
0000,2026-09-22,LKUS_push,feature_lydpDiga6SB9,手机号近5分钟的访问次数,48
0000,2026-09-22,LKUS_push,feature_e1Kmz7JqzsWc,同区号近60分钟V3token为空对应手机号个数,48
0000,2026-09-22,LKUS_push,feature_hspErCH8fSCE,手机号近30分钟的访问次数,48
0000,2026-09-22,LKUS_push,feature_pf88qk27w76j,区号近5分钟的访问次数,48
0000,2026-09-22,LKUS_push,feature_r1bhlQnbfRHb,IP近60分钟关联的手机号个数,48
0000,2026-09-22,LKUS_push,feature_n91JeGM6gD6i,同区号近60分钟非美国IP访问次数,48
0000,2026-09-22,LKUS_push,feature_dqBHKec09Wwa,同区号近60分钟未携带recaptchaV3token 访问次数,48
0000,2026-09-22,LKUS_push,feature_VItdlLjtEYnQ,IPC段近1天关联的手机号个数,48
0000,2026-09-22,LKUS_push,feature_9EHsNcVBo6IN,IPC段近1天关联的国家区号个数,48
0000,2026-09-22,LKUS_push,feature_Ym70ZsfxQKSc,一分钟请求量,48
0000,2026-09-22,LKUS_push,feature_nnsdzZLQKPZ7,IP近10分钟关联的手机号个数,48
0000,2026-09-22,LKUS_push,feature_YkpmaKaJhcdG,区号近1天内的访问次数,48
0000,2026-09-22,LKUS_push,feature_AemrK847uPtt,同IP同手机号近1分钟累计请求次数,48
0000,2026-09-22,LKUS_push,feature_7DbBgowc2mEl,IP近1分钟的访问次数,48
0000,2026-09-22,LKUS_push,feature_dtoJoDcUgCcr,同区号近60分钟对应手机号个数,48
0000,2026-09-22,LKUS_push,feature_JaT2oyzVtD0q,手机号近1分钟的访问次数,48
0000,2026-09-22,LKUS_push,feature_bvE9FL19wqag,同IP同手机号近5分钟累计请求次数,48
0000,2026-09-22,LKUS_push,feature_TGPe0mjAPwR5,IP近60分钟关联的国家区号个数,48
0000,2026-09-22,LKUS_push,feature_UOJYBEifd5Jn,区号近60分钟的访问次数,48
0000,2026-09-22,LKUS_push,feature_KtSZtJ9w7f9r,IPC段近1分钟关联的手机号个数,48
0000,2026-09-22,LKUS_push,feature_6qwgYPGGuJZ4,IPC段近10分钟关联的手机号个数,48
0000,2026-09-22,LKUS_physical_order_create,feature_vTICzBPfD3Ds,ip C段白名单,99
0000,2026-09-22,LKUS_physical_order_create,feature_P5eYl9a699fA,ip白名单,99
0000,2026-09-22,LKUS_physical_order_create,feature_oxYJ6qJ3BAfv,用户编号白名单,99
0000,2026-09-22,LKUS_physical_order_create,feature_yo8MLsBsGIsV,三方unionId白名单,99
0000,2026-09-22,LKUS_physical_order_create,feature_kqtp6XVcXXiQ,手机号白名单,99
0000,2026-09-22,LKUS_physical_order_create,feature_K0JuGvXPoQsS,网关uid白名单,99
0000,2026-09-22,LKUS_physical_order_create,feature_5caBWmAHDcCQ,邮箱白名单,99
0000,2026-09-22,LKUS_physical_order_create,feature_3CSh3LRVobu7,手机号黑名单,87
0000,2026-09-22,LKUS_physical_order_create,feature_jkeS0N10RDAn,网关uid黑名单,87
0000,2026-09-22,LKUS_physical_order_create,feature_7qCVo92BIECU,三方unionId黑名单,87
0000,2026-09-22,LKUS_physical_order_create,feature_9tl8mW2Gembc,邮箱黑名单,87
0000,2026-09-22,LKUS_physical_order_create,feature_XtxCPW1x9QTU,ip C段黑名单,87
0000,2026-09-22,LKUS_physical_order_create,feature_g43LuQcahzCJ,用户编号黑名单,87
0000,2026-09-22,LKUS_physical_order_create,feature_cOkhRQVI91IV,ip黑名单,87
0000,2026-09-22,LKUS_physical_order_create,feature_TLXI8MNiNglz,reCAPTCHA V3风险分,51
0000,2026-09-22,LKUS_payment,feature_vTICzBPfD3Ds,ip C段白名单,98
0000,2026-09-22,LKUS_payment,feature_oxYJ6qJ3BAfv,用户编号白名单,98
0000,2026-09-22,LKUS_payment,feature_P5eYl9a699fA,ip白名单,98
0000,2026-09-22,LKUS_payment,feature_yo8MLsBsGIsV,三方unionId白名单,98
0000,2026-09-22,LKUS_payment,feature_kqtp6XVcXXiQ,手机号白名单,98
0000,2026-09-22,LKUS_payment,feature_K0JuGvXPoQsS,网关uid白名单,98
0000,2026-09-22,LKUS_payment,feature_5caBWmAHDcCQ,邮箱白名单,98
0000,2026-09-22,LKUS_payment,feature_3CSh3LRVobu7,手机号黑名单,84
0000,2026-09-22,LKUS_payment,feature_jkeS0N10RDAn,网关uid黑名单,84
0000,2026-09-22,LKUS_payment,feature_7qCVo92BIECU,三方unionId黑名单,84
0000,2026-09-22,LKUS_payment,feature_9tl8mW2Gembc,邮箱黑名单,84
0000,2026-09-22,LKUS_payment,feature_g43LuQcahzCJ,用户编号黑名单,84
0000,2026-09-22,LKUS_payment,feature_XtxCPW1x9QTU,ip C段黑名单,84
0000,2026-09-22,LKUS_payment,feature_cOkhRQVI91IV,ip黑名单,84
0000,2026-09-22,LKUS_payment,feature_MHv7nra5Z6T5,reCAPTCHA V3 token是否有效,48
0000,2026-09-22,LKUS_physical_order_create,feature_MHv7nra5Z6T5,reCAPTCHA V3 token是否有效,36
0000,2026-09-22,LKUS_payment,feature_TLXI8MNiNglz,reCAPTCHA V3风险分,36
0000,2026-09-22,LKUS_physical_order_cancel,feature_vTICzBPfD3Ds,ip C段白名单,3
0000,2026-09-22,LKUS_physical_order_cancel,feature_P5eYl9a699fA,ip白名单,3
0000,2026-09-22,LKUS_physical_order_cancel,feature_oxYJ6qJ3BAfv,用户编号白名单,3
0000,2026-09-22,LKUS_physical_order_cancel,feature_yo8MLsBsGIsV,三方unionId白名单,3
0000,2026-09-22,LKUS_physical_order_cancel,feature_kqtp6XVcXXiQ,手机号白名单,3
0000,2026-09-22,LKUS_physical_order_cancel,feature_K0JuGvXPoQsS,网关uid白名单,3
0000,2026-09-22,LKUS_physical_order_cancel,feature_5caBWmAHDcCQ,邮箱白名单,3
0000,2026-09-22,LKUS_physical_order_cancel,feature_3CSh3LRVobu7,手机号黑名单,3
0000,2026-09-22,LKUS_physical_order_cancel,feature_jkeS0N10RDAn,网关uid黑名单,3
0000,2026-09-22,LKUS_physical_order_cancel,feature_7qCVo92BIECU,三方unionId黑名单,3
0000,2026-09-22,LKUS_physical_order_cancel,feature_9tl8mW2Gembc,邮箱黑名单,3
0000,2026-09-22,LKUS_physical_order_cancel,feature_XtxCPW1x9QTU,ip C段黑名单,3
0000,2026-09-22,LKUS_physical_order_cancel,feature_g43LuQcahzCJ,用户编号黑名单,3
0000,2026-09-22,LKUS_physical_order_cancel,feature_cOkhRQVI91IV,ip黑名单,3
0000,2026-09-22,LKUS_login,feature_vTICzBPfD3Ds,ip C段白名单,13
0000,2026-09-22,LKUS_login,feature_oxYJ6qJ3BAfv,用户编号白名单,13
0000,2026-09-22,LKUS_login,feature_P5eYl9a699fA,ip白名单,13
0000,2026-09-22,LKUS_login,feature_yo8MLsBsGIsV,三方unionId白名单,13
0000,2026-09-22,LKUS_login,feature_kqtp6XVcXXiQ,手机号白名单,13
0000,2026-09-22,LKUS_login,feature_K0JuGvXPoQsS,网关uid白名单,13
0000,2026-09-22,LKUS_login,feature_5caBWmAHDcCQ,邮箱白名单,13
0000,2026-09-22,LKUS_login,feature_3CSh3LRVobu7,手机号黑名单,13
0000,2026-09-22,LKUS_login,feature_jkeS0N10RDAn,网关uid黑名单,13
0000,2026-09-22,LKUS_login,feature_7qCVo92BIECU,三方unionId黑名单,13
0000,2026-09-22,LKUS_login,feature_9tl8mW2Gembc,邮箱黑名单,13
0000,2026-09-22,LKUS_login,feature_g43LuQcahzCJ,用户编号黑名单,13
0000,2026-09-22,LKUS_login,feature_XtxCPW1x9QTU,ip C段黑名单,13
0000,2026-09-22,LKUS_login,feature_cOkhRQVI91IV,ip黑名单,13
0000,2026-09-22,LKUS_login,feature_MHv7nra5Z6T5,reCAPTCHA V3 token是否有效,7
0000,2026-09-22,LKUS_grant_new_user_coupon,feature_vTICzBPfD3Ds,ip C段白名单,7
0000,2026-09-22,LKUS_grant_new_user_coupon,feature_oxYJ6qJ3BAfv,用户编号白名单,7
0000,2026-09-22,LKUS_grant_new_user_coupon,feature_P5eYl9a699fA,ip白名单,7
0000,2026-09-22,LKUS_grant_new_user_coupon,feature_yo8MLsBsGIsV,三方unionId白名单,7
0000,2026-09-22,LKUS_grant_new_user_coupon,feature_kqtp6XVcXXiQ,手机号白名单,7
0000,2026-09-22,LKUS_grant_new_user_coupon,feature_K0JuGvXPoQsS,网关uid白名单,7
0000,2026-09-22,LKUS_grant_new_user_coupon,feature_5caBWmAHDcCQ,邮箱白名单,7
0000,2026-09-22,LKUS_grant_new_user_coupon,feature_3CSh3LRVobu7,手机号黑名单,7
0000,2026-09-22,LKUS_grant_new_user_coupon,feature_jkeS0N10RDAn,网关uid黑名单,7
0000,2026-09-22,LKUS_grant_new_user_coupon,feature_7qCVo92BIECU,三方unionId黑名单,7
0000,2026-09-22,LKUS_grant_new_user_coupon,feature_9tl8mW2Gembc,邮箱黑名单,7
0000,2026-09-22,LKUS_grant_new_user_coupon,feature_g43LuQcahzCJ,用户编号黑名单,7
0000,2026-09-22,LKUS_grant_new_user_coupon,feature_XtxCPW1x9QTU,ip C段黑名单,7
0000,2026-09-22,LKUS_grant_new_user_coupon,feature_cOkhRQVI91IV,ip黑名单,7
0000,2026-09-22,LKUS_register,feature_vTICzBPfD3Ds,ip C段白名单,9
0000,2026-09-22,LKUS_register,feature_P5eYl9a699fA,ip白名单,9
0000,2026-09-22,LKUS_register,feature_oxYJ6qJ3BAfv,用户编号白名单,9
0000,2026-09-22,LKUS_register,feature_yo8MLsBsGIsV,三方unionId白名单,9
0000,2026-09-22,LKUS_register,feature_kqtp6XVcXXiQ,手机号白名单,9
0000,2026-09-22,LKUS_register,feature_K0JuGvXPoQsS,网关uid白名单,9
0000,2026-09-22,LKUS_register,feature_5caBWmAHDcCQ,邮箱白名单,9
0000,2026-09-22,LKUS_register,feature_3CSh3LRVobu7,手机号黑名单,9
0000,2026-09-22,LKUS_register,feature_jkeS0N10RDAn,网关uid黑名单,9
0000,2026-09-22,LKUS_register,feature_7qCVo92BIECU,三方unionId黑名单,9
0000,2026-09-22,LKUS_register,feature_9tl8mW2Gembc,邮箱黑名单,9
0000,2026-09-22,LKUS_register,feature_XtxCPW1x9QTU,ip C段黑名单,9
0000,2026-09-22,LKUS_register,feature_g43LuQcahzCJ,用户编号黑名单,9
0000,2026-09-22,LKUS_register,feature_cOkhRQVI91IV,ip黑名单,9
0000,2026-09-22,LKUS_login,feature_TLXI8MNiNglz,reCAPTCHA V3风险分,6
0000,2026-09-22,LKUS_push,feature_Gwh0jqPAdVNL,uid近1天关联的手机号个数,23
0000,2026-09-22,LKUS_push,feature_OE4u7WlFb1BT,uid近1天关联的IP国家个数,23
0000,2026-09-23,LKUS_push,feature_Fik6gvwY1tA6,手机号近1天的访问次数,68
0000,2026-09-23,LKUS_push,feature_vTICzBPfD3Ds,ip C段白名单,68
0000,2026-09-23,LKUS_push,feature_P5eYl9a699fA,ip白名单,68
0000,2026-09-23,LKUS_push,feature_oxYJ6qJ3BAfv,用户编号白名单,68
0000,2026-09-23,LKUS_push,feature_yo8MLsBsGIsV,三方unionId白名单,68
0000,2026-09-23,LKUS_push,feature_kqtp6XVcXXiQ,手机号白名单,68
0000,2026-09-23,LKUS_push,feature_K0JuGvXPoQsS,网关uid白名单,68
0000,2026-09-23,LKUS_push,feature_5caBWmAHDcCQ,邮箱白名单,68
0000,2026-09-23,LKUS_push,feature_3CSh3LRVobu7,手机号黑名单,67
0000,2026-09-23,LKUS_push,feature_jkeS0N10RDAn,网关uid黑名单,67
0000,2026-09-23,LKUS_push,feature_7qCVo92BIECU,三方unionId黑名单,67
0000,2026-09-23,LKUS_push,feature_9tl8mW2Gembc,邮箱黑名单,67
0000,2026-09-23,LKUS_push,feature_XtxCPW1x9QTU,ip C段黑名单,67
0000,2026-09-23,LKUS_push,feature_g43LuQcahzCJ,用户编号黑名单,67
0000,2026-09-23,LKUS_push,feature_cOkhRQVI91IV,ip黑名单,67
0000,2026-09-23,LKUS_push,feature_53Ck9TgChpTW,IP近5分钟关联的手机号个数,67
0000,2026-09-23,LKUS_push,feature_Gwh0jqPAdVNL,uid近1天关联的手机号个数,67
0000,2026-09-23,LKUS_push,feature_TLXI8MNiNglz,reCAPTCHA V3风险分,67
0000,2026-09-23,LKUS_push,feature_Wg4dZ6VJBuTb,IP近1分钟关联的手机号个数,67
0000,2026-09-23,LKUS_push,feature_IPwzfPamC8eW,同手机号30分钟关联的IP city个数,67
0000,2026-09-23,LKUS_push,feature_SdA1CjZvNCMG,区号近1分钟的访问次数,67
0000,2026-09-23,LKUS_push,feature_WxHUxqIN0IuS,同IP近5分钟的访问次数,67
0000,2026-09-23,LKUS_push,feature_lydpDiga6SB9,手机号近5分钟的访问次数,67
0000,2026-09-23,LKUS_push,feature_e1Kmz7JqzsWc,同区号近60分钟V3token为空对应手机号个数,67
0000,2026-09-23,LKUS_push,feature_hspErCH8fSCE,手机号近30分钟的访问次数,67
0000,2026-09-23,LKUS_push,feature_pf88qk27w76j,区号近5分钟的访问次数,67
0000,2026-09-23,LKUS_push,feature_r1bhlQnbfRHb,IP近60分钟关联的手机号个数,67
0000,2026-09-23,LKUS_push,feature_n91JeGM6gD6i,同区号近60分钟非美国IP访问次数,67
0000,2026-09-23,LKUS_push,feature_dqBHKec09Wwa,同区号近60分钟未携带recaptchaV3token 访问次数,67
0000,2026-09-23,LKUS_push,feature_VItdlLjtEYnQ,IPC段近1天关联的手机号个数,67
0000,2026-09-23,LKUS_push,feature_9EHsNcVBo6IN,IPC段近1天关联的国家区号个数,67
0000,2026-09-23,LKUS_push,feature_Ym70ZsfxQKSc,一分钟请求量,67
0000,2026-09-23,LKUS_push,feature_nnsdzZLQKPZ7,IP近10分钟关联的手机号个数,67
0000,2026-09-23,LKUS_push,feature_YkpmaKaJhcdG,区号近1天内的访问次数,67
0000,2026-09-23,LKUS_push,feature_OE4u7WlFb1BT,uid近1天关联的IP国家个数,67
0000,2026-09-23,LKUS_push,feature_AemrK847uPtt,同IP同手机号近1分钟累计请求次数,67
0000,2026-09-23,LKUS_push,feature_7DbBgowc2mEl,IP近1分钟的访问次数,67
0000,2026-09-23,LKUS_push,feature_dtoJoDcUgCcr,同区号近60分钟对应手机号个数,67
0000,2026-09-23,LKUS_push,feature_JaT2oyzVtD0q,手机号近1分钟的访问次数,67
0000,2026-09-23,LKUS_push,feature_bvE9FL19wqag,同IP同手机号近5分钟累计请求次数,67
0000,2026-09-23,LKUS_push,feature_TGPe0mjAPwR5,IP近60分钟关联的国家区号个数,67
0000,2026-09-23,LKUS_push,feature_UOJYBEifd5Jn,区号近60分钟的访问次数,67
0000,2026-09-23,LKUS_push,feature_KtSZtJ9w7f9r,IPC段近1分钟关联的手机号个数,67
0000,2026-09-23,LKUS_push,feature_6qwgYPGGuJZ4,IPC段近10分钟关联的手机号个数,67
0000,2026-09-23,LKUS_physical_order_create,feature_vTICzBPfD3Ds,ip C段白名单,110
0000,2026-09-23,LKUS_physical_order_create,feature_oxYJ6qJ3BAfv,用户编号白名单,110
0000,2026-09-23,LKUS_physical_order_create,feature_P5eYl9a699fA,ip白名单,110
0000,2026-09-23,LKUS_physical_order_create,feature_yo8MLsBsGIsV,三方unionId白名单,110
0000,2026-09-23,LKUS_physical_order_create,feature_kqtp6XVcXXiQ,手机号白名单,110
0000,2026-09-23,LKUS_physical_order_create,feature_K0JuGvXPoQsS,网关uid白名单,110
0000,2026-09-23,LKUS_physical_order_create,feature_5caBWmAHDcCQ,邮箱白名单,110
0000,2026-09-23,LKUS_physical_order_create,feature_3CSh3LRVobu7,手机号黑名单,96
0000,2026-09-23,LKUS_physical_order_create,feature_jkeS0N10RDAn,网关uid黑名单,96
0000,2026-09-23,LKUS_physical_order_create,feature_7qCVo92BIECU,三方unionId黑名单,96
0000,2026-09-23,LKUS_physical_order_create,feature_9tl8mW2Gembc,邮箱黑名单,96
0000,2026-09-23,LKUS_physical_order_create,feature_g43LuQcahzCJ,用户编号黑名单,96
0000,2026-09-23,LKUS_physical_order_create,feature_XtxCPW1x9QTU,ip C段黑名单,96
0000,2026-09-23,LKUS_physical_order_create,feature_cOkhRQVI91IV,ip黑名单,96
0000,2026-09-23,LKUS_physical_order_create,feature_MHv7nra5Z6T5,reCAPTCHA V3 token是否有效,48
0000,2026-09-23,LKUS_payment,feature_vTICzBPfD3Ds,ip C段白名单,113
0000,2026-09-23,LKUS_payment,feature_oxYJ6qJ3BAfv,用户编号白名单,113
0000,2026-09-23,LKUS_payment,feature_P5eYl9a699fA,ip白名单,113
0000,2026-09-23,LKUS_payment,feature_yo8MLsBsGIsV,三方unionId白名单,113
0000,2026-09-23,LKUS_payment,feature_kqtp6XVcXXiQ,手机号白名单,113
0000,2026-09-23,LKUS_payment,feature_K0JuGvXPoQsS,网关uid白名单,113
0000,2026-09-23,LKUS_payment,feature_5caBWmAHDcCQ,邮箱白名单,113
0000,2026-09-23,LKUS_payment,feature_3CSh3LRVobu7,手机号黑名单,98
0000,2026-09-23,LKUS_payment,feature_jkeS0N10RDAn,网关uid黑名单,98
0000,2026-09-23,LKUS_payment,feature_7qCVo92BIECU,三方unionId黑名单,98
0000,2026-09-23,LKUS_payment,feature_9tl8mW2Gembc,邮箱黑名单,98
0000,2026-09-23,LKUS_payment,feature_g43LuQcahzCJ,用户编号黑名单,98
0000,2026-09-23,LKUS_payment,feature_XtxCPW1x9QTU,ip C段黑名单,98
0000,2026-09-23,LKUS_payment,feature_cOkhRQVI91IV,ip黑名单,98
0000,2026-09-23,LKUS_payment,feature_MHv7nra5Z6T5,reCAPTCHA V3 token是否有效,51
0000,2026-09-23,LKUS_payment,feature_TLXI8MNiNglz,reCAPTCHA V3风险分,47
0000,2026-09-23,LKUS_physical_order_create,feature_TLXI8MNiNglz,reCAPTCHA V3风险分,48
0000,2026-09-23,LKUS_login,feature_vTICzBPfD3Ds,ip C段白名单,19
0000,2026-09-23,LKUS_login,feature_oxYJ6qJ3BAfv,用户编号白名单,19
0000,2026-09-23,LKUS_login,feature_P5eYl9a699fA,ip白名单,19
0000,2026-09-23,LKUS_login,feature_yo8MLsBsGIsV,三方unionId白名单,19
0000,2026-09-23,LKUS_login,feature_kqtp6XVcXXiQ,手机号白名单,19
0000,2026-09-23,LKUS_login,feature_K0JuGvXPoQsS,网关uid白名单,19
0000,2026-09-23,LKUS_login,feature_5caBWmAHDcCQ,邮箱白名单,19
0000,2026-09-23,LKUS_login,feature_3CSh3LRVobu7,手机号黑名单,19
0000,2026-09-23,LKUS_login,feature_jkeS0N10RDAn,网关uid黑名单,19
0000,2026-09-23,LKUS_login,feature_7qCVo92BIECU,三方unionId黑名单,19
0000,2026-09-23,LKUS_login,feature_9tl8mW2Gembc,邮箱黑名单,19
0000,2026-09-23,LKUS_login,feature_g43LuQcahzCJ,用户编号黑名单,19
0000,2026-09-23,LKUS_login,feature_XtxCPW1x9QTU,ip C段黑名单,19
0000,2026-09-23,LKUS_login,feature_cOkhRQVI91IV,ip黑名单,19
0000,2026-09-23,LKUS_login,feature_MHv7nra5Z6T5,reCAPTCHA V3 token是否有效,5
0000,2026-09-23,LKUS_grant_new_user_coupon,feature_vTICzBPfD3Ds,ip C段白名单,10
0000,2026-09-23,LKUS_grant_new_user_coupon,feature_oxYJ6qJ3BAfv,用户编号白名单,10
0000,2026-09-23,LKUS_grant_new_user_coupon,feature_P5eYl9a699fA,ip白名单,10
0000,2026-09-23,LKUS_grant_new_user_coupon,feature_yo8MLsBsGIsV,三方unionId白名单,10
0000,2026-09-23,LKUS_grant_new_user_coupon,feature_kqtp6XVcXXiQ,手机号白名单,10
0000,2026-09-23,LKUS_grant_new_user_coupon,feature_K0JuGvXPoQsS,网关uid白名单,10
0000,2026-09-23,LKUS_grant_new_user_coupon,feature_5caBWmAHDcCQ,邮箱白名单,10
0000,2026-09-23,LKUS_grant_new_user_coupon,feature_3CSh3LRVobu7,手机号黑名单,10
0000,2026-09-23,LKUS_grant_new_user_coupon,feature_jkeS0N10RDAn,网关uid黑名单,10
0000,2026-09-23,LKUS_grant_new_user_coupon,feature_7qCVo92BIECU,三方unionId黑名单,10
0000,2026-09-23,LKUS_grant_new_user_coupon,feature_9tl8mW2Gembc,邮箱黑名单,10
0000,2026-09-23,LKUS_grant_new_user_coupon,feature_g43LuQcahzCJ,用户编号黑名单,10
0000,2026-09-23,LKUS_grant_new_user_coupon,feature_XtxCPW1x9QTU,ip C段黑名单,10
0000,2026-09-23,LKUS_grant_new_user_coupon,feature_cOkhRQVI91IV,ip黑名单,10
0000,2026-09-23,LKUS_login,feature_TLXI8MNiNglz,reCAPTCHA V3风险分,14
0000,2026-09-23,LKUS_physical_order_cancel,feature_vTICzBPfD3Ds,ip C段白名单,2
0000,2026-09-23,LKUS_physical_order_cancel,feature_oxYJ6qJ3BAfv,用户编号白名单,2
0000,2026-09-23,LKUS_physical_order_cancel,feature_P5eYl9a699fA,ip白名单,2
0000,2026-09-23,LKUS_physical_order_cancel,feature_yo8MLsBsGIsV,三方unionId白名单,2
0000,2026-09-23,LKUS_physical_order_cancel,feature_kqtp6XVcXXiQ,手机号白名单,2
0000,2026-09-23,LKUS_physical_order_cancel,feature_K0JuGvXPoQsS,网关uid白名单,2
0000,2026-09-23,LKUS_physical_order_cancel,feature_5caBWmAHDcCQ,邮箱白名单,2
0000,2026-09-23,LKUS_physical_order_cancel,feature_3CSh3LRVobu7,手机号黑名单,2
0000,2026-09-23,LKUS_physical_order_cancel,feature_jkeS0N10RDAn,网关uid黑名单,2
0000,2026-09-23,LKUS_physical_order_cancel,feature_7qCVo92BIECU,三方unionId黑名单,2
0000,2026-09-23,LKUS_physical_order_cancel,feature_9tl8mW2Gembc,邮箱黑名单,2
0000,2026-09-23,LKUS_physical_order_cancel,feature_g43LuQcahzCJ,用户编号黑名单,2
0000,2026-09-23,LKUS_physical_order_cancel,feature_XtxCPW1x9QTU,ip C段黑名单,2
0000,2026-09-23,LKUS_physical_order_cancel,feature_cOkhRQVI91IV,ip黑名单,2
0000,2026-09-23,LKUS_register,feature_vTICzBPfD3Ds,ip C段白名单,7
0000,2026-09-23,LKUS_register,feature_oxYJ6qJ3BAfv,用户编号白名单,7
0000,2026-09-23,LKUS_register,feature_P5eYl9a699fA,ip白名单,7
0000,2026-09-23,LKUS_register,feature_yo8MLsBsGIsV,三方unionId白名单,7
0000,2026-09-23,LKUS_register,feature_kqtp6XVcXXiQ,手机号白名单,7
0000,2026-09-23,LKUS_register,feature_K0JuGvXPoQsS,网关uid白名单,7
0000,2026-09-23,LKUS_register,feature_5caBWmAHDcCQ,邮箱白名单,7
0000,2026-09-23,LKUS_register,feature_3CSh3LRVobu7,手机号黑名单,7
0000,2026-09-23,LKUS_register,feature_jkeS0N10RDAn,网关uid黑名单,7
0000,2026-09-23,LKUS_register,feature_7qCVo92BIECU,三方unionId黑名单,7
0000,2026-09-23,LKUS_register,feature_9tl8mW2Gembc,邮箱黑名单,7
0000,2026-09-23,LKUS_register,feature_g43LuQcahzCJ,用户编号黑名单,7
0000,2026-09-23,LKUS_register,feature_XtxCPW1x9QTU,ip C段黑名单,7
0000,2026-09-23,LKUS_register,feature_cOkhRQVI91IV,ip黑名单,7
0000,2026-09-24,LKUS_push,feature_Fik6gvwY1tA6,手机号近1天的访问次数,70
0000,2026-09-24,LKUS_push,feature_vTICzBPfD3Ds,ip C段白名单,70
0000,2026-09-24,LKUS_push,feature_oxYJ6qJ3BAfv,用户编号白名单,70
0000,2026-09-24,LKUS_push,feature_P5eYl9a699fA,ip白名单,70
0000,2026-09-24,LKUS_push,feature_yo8MLsBsGIsV,三方unionId白名单,70
0000,2026-09-24,LKUS_push,feature_kqtp6XVcXXiQ,手机号白名单,70
0000,2026-09-24,LKUS_push,feature_K0JuGvXPoQsS,网关uid白名单,70
0000,2026-09-24,LKUS_push,feature_5caBWmAHDcCQ,邮箱白名单,70
0000,2026-09-24,LKUS_push,feature_3CSh3LRVobu7,手机号黑名单,69
0000,2026-09-24,LKUS_push,feature_jkeS0N10RDAn,网关uid黑名单,69
0000,2026-09-24,LKUS_push,feature_7qCVo92BIECU,三方unionId黑名单,69
0000,2026-09-24,LKUS_push,feature_9tl8mW2Gembc,邮箱黑名单,69
0000,2026-09-24,LKUS_push,feature_g43LuQcahzCJ,用户编号黑名单,69
0000,2026-09-24,LKUS_push,feature_XtxCPW1x9QTU,ip C段黑名单,69
0000,2026-09-24,LKUS_push,feature_cOkhRQVI91IV,ip黑名单,69
0000,2026-09-24,LKUS_push,feature_nnsdzZLQKPZ7,IP近10分钟关联的手机号个数,69
0000,2026-09-24,LKUS_push,feature_Ym70ZsfxQKSc,一分钟请求量,69
0000,2026-09-24,LKUS_push,feature_pf88qk27w76j,区号近5分钟的访问次数,69
0000,2026-09-24,LKUS_push,feature_dtoJoDcUgCcr,同区号近60分钟对应手机号个数,69
0000,2026-09-24,LKUS_push,feature_AemrK847uPtt,同IP同手机号近1分钟累计请求次数,69
0000,2026-09-24,LKUS_push,feature_OE4u7WlFb1BT,uid近1天关联的IP国家个数,69
0000,2026-09-24,LKUS_push,feature_TLXI8MNiNglz,reCAPTCHA V3风险分,69
0000,2026-09-24,LKUS_push,feature_TGPe0mjAPwR5,IP近60分钟关联的国家区号个数,69
0000,2026-09-24,LKUS_push,feature_YkpmaKaJhcdG,区号近1天内的访问次数,69
0000,2026-09-24,LKUS_push,feature_bvE9FL19wqag,同IP同手机号近5分钟累计请求次数,69
0000,2026-09-24,LKUS_push,feature_7DbBgowc2mEl,IP近1分钟的访问次数,69
0000,2026-09-24,LKUS_push,feature_6qwgYPGGuJZ4,IPC段近10分钟关联的手机号个数,69
0000,2026-09-24,LKUS_push,feature_Gwh0jqPAdVNL,uid近1天关联的手机号个数,69
0000,2026-09-24,LKUS_push,feature_KtSZtJ9w7f9r,IPC段近1分钟关联的手机号个数,69
0000,2026-09-24,LKUS_push,feature_JaT2oyzVtD0q,手机号近1分钟的访问次数,69
0000,2026-09-24,LKUS_push,feature_UOJYBEifd5Jn,区号近60分钟的访问次数,69
0000,2026-09-24,LKUS_push,feature_e1Kmz7JqzsWc,同区号近60分钟V3token为空对应手机号个数,69
0000,2026-09-24,LKUS_push,feature_IPwzfPamC8eW,同手机号30分钟关联的IP city个数,69
0000,2026-09-24,LKUS_push,feature_n91JeGM6gD6i,同区号近60分钟非美国IP访问次数,69
0000,2026-09-24,LKUS_push,feature_53Ck9TgChpTW,IP近5分钟关联的手机号个数,69
0000,2026-09-24,LKUS_push,feature_hspErCH8fSCE,手机号近30分钟的访问次数,69
0000,2026-09-24,LKUS_push,feature_SdA1CjZvNCMG,区号近1分钟的访问次数,69
0000,2026-09-24,LKUS_push,feature_lydpDiga6SB9,手机号近5分钟的访问次数,69
0000,2026-09-24,LKUS_push,feature_WxHUxqIN0IuS,同IP近5分钟的访问次数,69
0000,2026-09-24,LKUS_push,feature_VItdlLjtEYnQ,IPC段近1天关联的手机号个数,69
0000,2026-09-24,LKUS_push,feature_Wg4dZ6VJBuTb,IP近1分钟关联的手机号个数,69
0000,2026-09-24,LKUS_push,feature_9EHsNcVBo6IN,IPC段近1天关联的国家区号个数,69
0000,2026-09-24,LKUS_push,feature_r1bhlQnbfRHb,IP近60分钟关联的手机号个数,69
0000,2026-09-24,LKUS_push,feature_dqBHKec09Wwa,同区号近60分钟未携带recaptchaV3token 访问次数,69
0000,2026-09-24,LKUS_login,feature_vTICzBPfD3Ds,ip C段白名单,11
0000,2026-09-24,LKUS_login,feature_P5eYl9a699fA,ip白名单,11
0000,2026-09-24,LKUS_login,feature_oxYJ6qJ3BAfv,用户编号白名单,11
0000,2026-09-24,LKUS_login,feature_yo8MLsBsGIsV,三方unionId白名单,11
0000,2026-09-24,LKUS_login,feature_kqtp6XVcXXiQ,手机号白名单,11
0000,2026-09-24,LKUS_login,feature_K0JuGvXPoQsS,网关uid白名单,11
0000,2026-09-24,LKUS_login,feature_5caBWmAHDcCQ,邮箱白名单,11
0000,2026-09-24,LKUS_login,feature_3CSh3LRVobu7,手机号黑名单,11
0000,2026-09-24,LKUS_login,feature_jkeS0N10RDAn,网关uid黑名单,11
0000,2026-09-24,LKUS_login,feature_7qCVo92BIECU,三方unionId黑名单,11
0000,2026-09-24,LKUS_login,feature_9tl8mW2Gembc,邮箱黑名单,11
0000,2026-09-24,LKUS_login,feature_XtxCPW1x9QTU,ip C段黑名单,11
0000,2026-09-24,LKUS_login,feature_g43LuQcahzCJ,用户编号黑名单,11
0000,2026-09-24,LKUS_login,feature_cOkhRQVI91IV,ip黑名单,11
0000,2026-09-24,LKUS_login,feature_TLXI8MNiNglz,reCAPTCHA V3风险分,6
0000,2026-09-24,LKUS_grant_new_user_coupon,feature_vTICzBPfD3Ds,ip C段白名单,6
0000,2026-09-24,LKUS_grant_new_user_coupon,feature_P5eYl9a699fA,ip白名单,6
0000,2026-09-24,LKUS_grant_new_user_coupon,feature_oxYJ6qJ3BAfv,用户编号白名单,6
0000,2026-09-24,LKUS_grant_new_user_coupon,feature_yo8MLsBsGIsV,三方unionId白名单,6
0000,2026-09-24,LKUS_grant_new_user_coupon,feature_kqtp6XVcXXiQ,手机号白名单,6
0000,2026-09-24,LKUS_grant_new_user_coupon,feature_K0JuGvXPoQsS,网关uid白名单,6
0000,2026-09-24,LKUS_grant_new_user_coupon,feature_5caBWmAHDcCQ,邮箱白名单,6
0000,2026-09-24,LKUS_grant_new_user_coupon,feature_3CSh3LRVobu7,手机号黑名单,6
0000,2026-09-24,LKUS_grant_new_user_coupon,feature_jkeS0N10RDAn,网关uid黑名单,6
0000,2026-09-24,LKUS_grant_new_user_coupon,feature_7qCVo92BIECU,三方unionId黑名单,6
0000,2026-09-24,LKUS_grant_new_user_coupon,feature_9tl8mW2Gembc,邮箱黑名单,6
0000,2026-09-24,LKUS_grant_new_user_coupon,feature_XtxCPW1x9QTU,ip C段黑名单,6
0000,2026-09-24,LKUS_grant_new_user_coupon,feature_g43LuQcahzCJ,用户编号黑名单,6
0000,2026-09-24,LKUS_grant_new_user_coupon,feature_cOkhRQVI91IV,ip黑名单,6
0000,2026-09-24,LKUS_physical_order_create,feature_vTICzBPfD3Ds,ip C段白名单,89
0000,2026-09-24,LKUS_physical_order_create,feature_P5eYl9a699fA,ip白名单,89
0000,2026-09-24,LKUS_physical_order_create,feature_oxYJ6qJ3BAfv,用户编号白名单,89
0000,2026-09-24,LKUS_physical_order_create,feature_yo8MLsBsGIsV,三方unionId白名单,89
0000,2026-09-24,LKUS_physical_order_create,feature_kqtp6XVcXXiQ,手机号白名单,89
0000,2026-09-24,LKUS_physical_order_create,feature_K0JuGvXPoQsS,网关uid白名单,89
0000,2026-09-24,LKUS_physical_order_create,feature_5caBWmAHDcCQ,邮箱白名单,89
0000,2026-09-24,LKUS_physical_order_create,feature_3CSh3LRVobu7,手机号黑名单,74
0000,2026-09-24,LKUS_physical_order_create,feature_jkeS0N10RDAn,网关uid黑名单,74
0000,2026-09-24,LKUS_physical_order_create,feature_7qCVo92BIECU,三方unionId黑名单,74
0000,2026-09-24,LKUS_physical_order_create,feature_9tl8mW2Gembc,邮箱黑名单,74
0000,2026-09-24,LKUS_physical_order_create,feature_XtxCPW1x9QTU,ip C段黑名单,74
0000,2026-09-24,LKUS_physical_order_create,feature_g43LuQcahzCJ,用户编号黑名单,74
0000,2026-09-24,LKUS_physical_order_create,feature_cOkhRQVI91IV,ip黑名单,74
0000,2026-09-24,LKUS_physical_order_create,feature_TLXI8MNiNglz,reCAPTCHA V3风险分,38
0000,2026-09-24,LKUS_payment,feature_vTICzBPfD3Ds,ip C段白名单,90
0000,2026-09-24,LKUS_payment,feature_oxYJ6qJ3BAfv,用户编号白名单,90
0000,2026-09-24,LKUS_payment,feature_P5eYl9a699fA,ip白名单,90
0000,2026-09-24,LKUS_payment,feature_yo8MLsBsGIsV,三方unionId白名单,90
0000,2026-09-24,LKUS_payment,feature_kqtp6XVcXXiQ,手机号白名单,90
0000,2026-09-24,LKUS_payment,feature_K0JuGvXPoQsS,网关uid白名单,90
0000,2026-09-24,LKUS_payment,feature_5caBWmAHDcCQ,邮箱白名单,90
0000,2026-09-24,LKUS_payment,feature_3CSh3LRVobu7,手机号黑名单,72
0000,2026-09-24,LKUS_payment,feature_jkeS0N10RDAn,网关uid黑名单,72
0000,2026-09-24,LKUS_payment,feature_7qCVo92BIECU,三方unionId黑名单,72
0000,2026-09-24,LKUS_payment,feature_9tl8mW2Gembc,邮箱黑名单,72
0000,2026-09-24,LKUS_payment,feature_g43LuQcahzCJ,用户编号黑名单,72
0000,2026-09-24,LKUS_payment,feature_XtxCPW1x9QTU,ip C段黑名单,72
0000,2026-09-24,LKUS_payment,feature_cOkhRQVI91IV,ip黑名单,72
0000,2026-09-24,LKUS_payment,feature_MHv7nra5Z6T5,reCAPTCHA V3 token是否有效,38
0000,2026-09-24,LKUS_login,feature_MHv7nra5Z6T5,reCAPTCHA V3 token是否有效,5
0000,2026-09-24,LKUS_physical_order_create,feature_MHv7nra5Z6T5,reCAPTCHA V3 token是否有效,36
0000,2026-09-24,LKUS_payment,feature_TLXI8MNiNglz,reCAPTCHA V3风险分,34
0000,2026-09-24,LKUS_register,feature_vTICzBPfD3Ds,ip C段白名单,6
0000,2026-09-24,LKUS_register,feature_P5eYl9a699fA,ip白名单,6
0000,2026-09-24,LKUS_register,feature_oxYJ6qJ3BAfv,用户编号白名单,6
0000,2026-09-24,LKUS_register,feature_yo8MLsBsGIsV,三方unionId白名单,6
0000,2026-09-24,LKUS_register,feature_kqtp6XVcXXiQ,手机号白名单,6
0000,2026-09-24,LKUS_register,feature_K0JuGvXPoQsS,网关uid白名单,6
0000,2026-09-24,LKUS_register,feature_5caBWmAHDcCQ,邮箱白名单,6
0000,2026-09-24,LKUS_register,feature_3CSh3LRVobu7,手机号黑名单,6
0000,2026-09-24,LKUS_register,feature_jkeS0N10RDAn,网关uid黑名单,6
0000,2026-09-24,LKUS_register,feature_7qCVo92BIECU,三方unionId黑名单,6
0000,2026-09-24,LKUS_register,feature_9tl8mW2Gembc,邮箱黑名单,6
0000,2026-09-24,LKUS_register,feature_XtxCPW1x9QTU,ip C段黑名单,6
0000,2026-09-24,LKUS_register,feature_g43LuQcahzCJ,用户编号黑名单,6
0000,2026-09-24,LKUS_register,feature_cOkhRQVI91IV,ip黑名单,6
0000,2026-09-24,LKUS_physical_order_cancel,feature_vTICzBPfD3Ds,ip C段白名单,2
0000,2026-09-24,LKUS_physical_order_cancel,feature_oxYJ6qJ3BAfv,用户编号白名单,2
0000,2026-09-24,LKUS_physical_order_cancel,feature_P5eYl9a699fA,ip白名单,2
0000,2026-09-24,LKUS_physical_order_cancel,feature_yo8MLsBsGIsV,三方unionId白名单,2
0000,2026-09-24,LKUS_physical_order_cancel,feature_kqtp6XVcXXiQ,手机号白名单,2
0000,2026-09-24,LKUS_physical_order_cancel,feature_K0JuGvXPoQsS,网关uid白名单,2
0000,2026-09-24,LKUS_physical_order_cancel,feature_5caBWmAHDcCQ,邮箱白名单,2
0000,2026-09-24,LKUS_physical_order_cancel,feature_3CSh3LRVobu7,手机号黑名单,2
0000,2026-09-24,LKUS_physical_order_cancel,feature_jkeS0N10RDAn,网关uid黑名单,2
0000,2026-09-24,LKUS_physical_order_cancel,feature_7qCVo92BIECU,三方unionId黑名单,2
0000,2026-09-24,LKUS_physical_order_cancel,feature_9tl8mW2Gembc,邮箱黑名单,2
0000,2026-09-24,LKUS_physical_order_cancel,feature_g43LuQcahzCJ,用户编号黑名单,2
0000,2026-09-24,LKUS_physical_order_cancel,feature_XtxCPW1x9QTU,ip C段黑名单,2
0000,2026-09-24,LKUS_physical_order_cancel,feature_cOkhRQVI91IV,ip黑名单,2
0000,2026-09-24,LKUS_captcha,feature_vTICzBPfD3Ds,ip C段白名单,1
0000,2026-09-24,LKUS_captcha,feature_oxYJ6qJ3BAfv,用户编号白名单,1
0000,2026-09-24,LKUS_captcha,feature_P5eYl9a699fA,ip白名单,1
0000,2026-09-24,LKUS_captcha,feature_yo8MLsBsGIsV,三方unionId白名单,1
0000,2026-09-24,LKUS_captcha,feature_kqtp6XVcXXiQ,手机号白名单,1
0000,2026-09-24,LKUS_captcha,feature_K0JuGvXPoQsS,网关uid白名单,1
0000,2026-09-24,LKUS_captcha,feature_5caBWmAHDcCQ,邮箱白名单,1
0000,2026-09-24,LKUS_captcha,feature_3CSh3LRVobu7,手机号黑名单,1
0000,2026-09-24,LKUS_captcha,feature_jkeS0N10RDAn,网关uid黑名单,1
0000,2026-09-24,LKUS_captcha,feature_7qCVo92BIECU,三方unionId黑名单,1
0000,2026-09-24,LKUS_captcha,feature_9tl8mW2Gembc,邮箱黑名单,1
0000,2026-09-24,LKUS_captcha,feature_g43LuQcahzCJ,用户编号黑名单,1
0000,2026-09-24,LKUS_captcha,feature_XtxCPW1x9QTU,ip C段黑名单,1
0000,2026-09-24,LKUS_captcha,feature_cOkhRQVI91IV,ip黑名单,1
0000,2026-09-24,LKUS_captcha,feature_nm9NTGYLKhWV,reCAPTCHA V2 token是否有效,1
