shard,ny_date,scene_id,feature_id,feature_name,n_rows
0011,2026-08-20,LKUS_push,feature_vTICzBPfD3Ds,ip C段白名单,23
0011,2026-08-20,LKUS_push,feature_oxYJ6qJ3BAfv,用户编号白名单,23
0011,2026-08-20,LKUS_push,feature_P5eYl9a699fA,ip白名单,23
0011,2026-08-20,LKUS_push,feature_yo8MLsBsGIsV,三方unionId白名单,23
0011,2026-08-20,LKUS_push,feature_kqtp6XVcXXiQ,手机号白名单,23
0011,2026-08-20,LKUS_push,feature_K0JuGvXPoQsS,网关uid白名单,23
0011,2026-08-20,LKUS_push,feature_5caBWmAHDcCQ,邮箱白名单,23
0011,2026-08-20,LKUS_push,feature_Fik6gvwY1tA6,手机号近1天的访问次数,23
0011,2026-08-20,LKUS_push,feature_3CSh3LRVobu7,手机号黑名单,20
0011,2026-08-20,LKUS_push,feature_jkeS0N10RDAn,网关uid黑名单,20
0011,2026-08-20,LKUS_push,feature_7qCVo92BIECU,三方unionId黑名单,20
0011,2026-08-20,LKUS_push,feature_9tl8mW2Gembc,邮箱黑名单,20
0011,2026-08-20,LKUS_push,feature_g43LuQcahzCJ,用户编号黑名单,20
0011,2026-08-20,LKUS_push,feature_XtxCPW1x9QTU,ip C段黑名单,20
0011,2026-08-20,LKUS_push,feature_cOkhRQVI91IV,ip黑名单,20
0011,2026-08-20,LKUS_push,feature_r1bhlQnbfRHb,IP近60分钟关联的手机号个数,20
0011,2026-08-20,LKUS_push,feature_pf88qk27w76j,区号近5分钟的访问次数,20
0011,2026-08-20,LKUS_push,feature_lydpDiga6SB9,手机号近5分钟的访问次数,20
0011,2026-08-20,LKUS_push,feature_UOJYBEifd5Jn,区号近60分钟的访问次数,20
0011,2026-08-20,LKUS_push,feature_MHv7nra5Z6T5,reCAPTCHA V3 token是否有效,20
0011,2026-08-20,LKUS_push,feature_53Ck9TgChpTW,IP近5分钟关联的手机号个数,20
0011,2026-08-20,LKUS_push,feature_TGPe0mjAPwR5,IP近60分钟关联的国家区号个数,20
0011,2026-08-20,LKUS_push,feature_Wg4dZ6VJBuTb,IP近1分钟关联的手机号个数,20
0011,2026-08-20,LKUS_push,feature_SdA1CjZvNCMG,区号近1分钟的访问次数,20
0011,2026-08-20,LKUS_push,feature_JaT2oyzVtD0q,手机号近1分钟的访问次数,20
0011,2026-08-20,LKUS_push,feature_YkpmaKaJhcdG,区号近1天内的访问次数,20
0011,2026-08-20,LKUS_push,feature_7DbBgowc2mEl,IP近1分钟的访问次数,20
0011,2026-08-20,LKUS_register,feature_oxYJ6qJ3BAfv,用户编号白名单,11
0011,2026-08-20,LKUS_register,feature_vTICzBPfD3Ds,ip C段白名单,11
0011,2026-08-20,LKUS_register,feature_P5eYl9a699fA,ip白名单,11
0011,2026-08-20,LKUS_register,feature_yo8MLsBsGIsV,三方unionId白名单,11
0011,2026-08-20,LKUS_register,feature_kqtp6XVcXXiQ,手机号白名单,11
0011,2026-08-20,LKUS_register,feature_5caBWmAHDcCQ,邮箱白名单,11
0011,2026-08-20,LKUS_register,feature_K0JuGvXPoQsS,网关uid白名单,11
0011,2026-08-20,LKUS_register,feature_3CSh3LRVobu7,手机号黑名单,10
0011,2026-08-20,LKUS_register,feature_jkeS0N10RDAn,网关uid黑名单,10
0011,2026-08-20,LKUS_register,feature_7qCVo92BIECU,三方unionId黑名单,10
0011,2026-08-20,LKUS_register,feature_9tl8mW2Gembc,邮箱黑名单,10
0011,2026-08-20,LKUS_register,feature_XtxCPW1x9QTU,ip C段黑名单,10
0011,2026-08-20,LKUS_register,feature_g43LuQcahzCJ,用户编号黑名单,10
0011,2026-08-20,LKUS_register,feature_cOkhRQVI91IV,ip黑名单,10
0011,2026-08-20,LKUS_physical_order_create,feature_oxYJ6qJ3BAfv,用户编号白名单,115
0011,2026-08-20,LKUS_physical_order_create,feature_vTICzBPfD3Ds,ip C段白名单,115
0011,2026-08-20,LKUS_physical_order_create,feature_P5eYl9a699fA,ip白名单,115
0011,2026-08-20,LKUS_physical_order_create,feature_yo8MLsBsGIsV,三方unionId白名单,115
0011,2026-08-20,LKUS_physical_order_create,feature_kqtp6XVcXXiQ,手机号白名单,115
0011,2026-08-20,LKUS_physical_order_create,feature_5caBWmAHDcCQ,邮箱白名单,115
0011,2026-08-20,LKUS_physical_order_create,feature_K0JuGvXPoQsS,网关uid白名单,115
0011,2026-08-20,LKUS_physical_order_create,feature_3CSh3LRVobu7,手机号黑名单,104
0011,2026-08-20,LKUS_physical_order_create,feature_jkeS0N10RDAn,网关uid黑名单,104
0011,2026-08-20,LKUS_physical_order_create,feature_7qCVo92BIECU,三方unionId黑名单,104
0011,2026-08-20,LKUS_physical_order_create,feature_9tl8mW2Gembc,邮箱黑名单,104
0011,2026-08-20,LKUS_physical_order_create,feature_XtxCPW1x9QTU,ip C段黑名单,104
0011,2026-08-20,LKUS_physical_order_create,feature_g43LuQcahzCJ,用户编号黑名单,104
0011,2026-08-20,LKUS_physical_order_create,feature_cOkhRQVI91IV,ip黑名单,104
0011,2026-08-20,LKUS_physical_order_create,feature_MHv7nra5Z6T5,reCAPTCHA V3 token是否有效,44
0011,2026-08-20,LKUS_payment,feature_oxYJ6qJ3BAfv,用户编号白名单,118
0011,2026-08-20,LKUS_payment,feature_vTICzBPfD3Ds,ip C段白名单,118
0011,2026-08-20,LKUS_payment,feature_P5eYl9a699fA,ip白名单,118
0011,2026-08-20,LKUS_payment,feature_yo8MLsBsGIsV,三方unionId白名单,118
0011,2026-08-20,LKUS_payment,feature_kqtp6XVcXXiQ,手机号白名单,118
0011,2026-08-20,LKUS_payment,feature_5caBWmAHDcCQ,邮箱白名单,118
0011,2026-08-20,LKUS_payment,feature_K0JuGvXPoQsS,网关uid白名单,118
0011,2026-08-20,LKUS_payment,feature_3CSh3LRVobu7,手机号黑名单,107
0011,2026-08-20,LKUS_payment,feature_jkeS0N10RDAn,网关uid黑名单,107
0011,2026-08-20,LKUS_payment,feature_7qCVo92BIECU,三方unionId黑名单,107
0011,2026-08-20,LKUS_payment,feature_9tl8mW2Gembc,邮箱黑名单,107
0011,2026-08-20,LKUS_payment,feature_XtxCPW1x9QTU,ip C段黑名单,107
0011,2026-08-20,LKUS_payment,feature_g43LuQcahzCJ,用户编号黑名单,107
0011,2026-08-20,LKUS_payment,feature_cOkhRQVI91IV,ip黑名单,107
0011,2026-08-20,LKUS_payment,feature_MHv7nra5Z6T5,reCAPTCHA V3 token是否有效,54
0011,2026-08-20,LKUS_physical_order_create,feature_TLXI8MNiNglz,reCAPTCHA V3风险分,60
0011,2026-08-20,LKUS_payment,feature_TLXI8MNiNglz,reCAPTCHA V3风险分,53
0011,2026-08-20,LKUS_grant_new_user_coupon,feature_oxYJ6qJ3BAfv,用户编号白名单,8
0011,2026-08-20,LKUS_grant_new_user_coupon,feature_vTICzBPfD3Ds,ip C段白名单,8
0011,2026-08-20,LKUS_grant_new_user_coupon,feature_P5eYl9a699fA,ip白名单,8
0011,2026-08-20,LKUS_grant_new_user_coupon,feature_yo8MLsBsGIsV,三方unionId白名单,8
0011,2026-08-20,LKUS_grant_new_user_coupon,feature_kqtp6XVcXXiQ,手机号白名单,8
0011,2026-08-20,LKUS_grant_new_user_coupon,feature_5caBWmAHDcCQ,邮箱白名单,8
0011,2026-08-20,LKUS_grant_new_user_coupon,feature_K0JuGvXPoQsS,网关uid白名单,8
0011,2026-08-20,LKUS_grant_new_user_coupon,feature_3CSh3LRVobu7,手机号黑名单,8
0011,2026-08-20,LKUS_grant_new_user_coupon,feature_jkeS0N10RDAn,网关uid黑名单,8
0011,2026-08-20,LKUS_grant_new_user_coupon,feature_7qCVo92BIECU,三方unionId黑名单,8
0011,2026-08-20,LKUS_grant_new_user_coupon,feature_9tl8mW2Gembc,邮箱黑名单,8
0011,2026-08-20,LKUS_grant_new_user_coupon,feature_XtxCPW1x9QTU,ip C段黑名单,8
0011,2026-08-20,LKUS_grant_new_user_coupon,feature_g43LuQcahzCJ,用户编号黑名单,8
0011,2026-08-20,LKUS_grant_new_user_coupon,feature_cOkhRQVI91IV,ip黑名单,8
0011,2026-08-20,LKUS_login,feature_vTICzBPfD3Ds,ip C段白名单,15
0011,2026-08-20,LKUS_login,feature_oxYJ6qJ3BAfv,用户编号白名单,15
0011,2026-08-20,LKUS_login,feature_P5eYl9a699fA,ip白名单,15
0011,2026-08-20,LKUS_login,feature_yo8MLsBsGIsV,三方unionId白名单,15
0011,2026-08-20,LKUS_login,feature_kqtp6XVcXXiQ,手机号白名单,15
0011,2026-08-20,LKUS_login,feature_K0JuGvXPoQsS,网关uid白名单,15
0011,2026-08-20,LKUS_login,feature_5caBWmAHDcCQ,邮箱白名单,15
0011,2026-08-20,LKUS_login,feature_3CSh3LRVobu7,手机号黑名单,12
0011,2026-08-20,LKUS_login,feature_jkeS0N10RDAn,网关uid黑名单,12
0011,2026-08-20,LKUS_login,feature_7qCVo92BIECU,三方unionId黑名单,12
0011,2026-08-20,LKUS_login,feature_9tl8mW2Gembc,邮箱黑名单,12
0011,2026-08-20,LKUS_login,feature_g43LuQcahzCJ,用户编号黑名单,12
0011,2026-08-20,LKUS_login,feature_XtxCPW1x9QTU,ip C段黑名单,12
0011,2026-08-20,LKUS_login,feature_cOkhRQVI91IV,ip黑名单,12
0011,2026-08-20,LKUS_login,feature_TLXI8MNiNglz,reCAPTCHA V3风险分,7
0011,2026-08-20,LKUS_login,feature_MHv7nra5Z6T5,reCAPTCHA V3 token是否有效,5
0011,2026-08-21,LKUS_physical_order_create,feature_vTICzBPfD3Ds,ip C段白名单,85
0011,2026-08-21,LKUS_physical_order_create,feature_oxYJ6qJ3BAfv,用户编号白名单,85
0011,2026-08-21,LKUS_physical_order_create,feature_P5eYl9a699fA,ip白名单,85
0011,2026-08-21,LKUS_physical_order_create,feature_yo8MLsBsGIsV,三方unionId白名单,85
0011,2026-08-21,LKUS_physical_order_create,feature_kqtp6XVcXXiQ,手机号白名单,85
0011,2026-08-21,LKUS_physical_order_create,feature_K0JuGvXPoQsS,网关uid白名单,85
0011,2026-08-21,LKUS_physical_order_create,feature_5caBWmAHDcCQ,邮箱白名单,85
0011,2026-08-21,LKUS_physical_order_create,feature_3CSh3LRVobu7,手机号黑名单,71
0011,2026-08-21,LKUS_physical_order_create,feature_jkeS0N10RDAn,网关uid黑名单,71
0011,2026-08-21,LKUS_physical_order_create,feature_7qCVo92BIECU,三方unionId黑名单,71
0011,2026-08-21,LKUS_physical_order_create,feature_9tl8mW2Gembc,邮箱黑名单,71
0011,2026-08-21,LKUS_physical_order_create,feature_g43LuQcahzCJ,用户编号黑名单,71
0011,2026-08-21,LKUS_physical_order_create,feature_XtxCPW1x9QTU,ip C段黑名单,71
0011,2026-08-21,LKUS_physical_order_create,feature_cOkhRQVI91IV,ip黑名单,71
0011,2026-08-21,LKUS_physical_order_create,feature_TLXI8MNiNglz,reCAPTCHA V3风险分,37
0011,2026-08-21,LKUS_payment,feature_vTICzBPfD3Ds,ip C段白名单,85
0011,2026-08-21,LKUS_payment,feature_oxYJ6qJ3BAfv,用户编号白名单,85
0011,2026-08-21,LKUS_payment,feature_P5eYl9a699fA,ip白名单,85
0011,2026-08-21,LKUS_payment,feature_yo8MLsBsGIsV,三方unionId白名单,85
0011,2026-08-21,LKUS_payment,feature_kqtp6XVcXXiQ,手机号白名单,85
0011,2026-08-21,LKUS_payment,feature_K0JuGvXPoQsS,网关uid白名单,85
0011,2026-08-21,LKUS_payment,feature_5caBWmAHDcCQ,邮箱白名单,85
0011,2026-08-21,LKUS_payment,feature_3CSh3LRVobu7,手机号黑名单,71
0011,2026-08-21,LKUS_payment,feature_jkeS0N10RDAn,网关uid黑名单,71
0011,2026-08-21,LKUS_payment,feature_7qCVo92BIECU,三方unionId黑名单,71
0011,2026-08-21,LKUS_payment,feature_9tl8mW2Gembc,邮箱黑名单,71
0011,2026-08-21,LKUS_payment,feature_g43LuQcahzCJ,用户编号黑名单,71
0011,2026-08-21,LKUS_payment,feature_XtxCPW1x9QTU,ip C段黑名单,71
0011,2026-08-21,LKUS_payment,feature_cOkhRQVI91IV,ip黑名单,71
0011,2026-08-21,LKUS_payment,feature_TLXI8MNiNglz,reCAPTCHA V3风险分,41
0011,2026-08-21,LKUS_physical_order_create,feature_MHv7nra5Z6T5,reCAPTCHA V3 token是否有效,34
0011,2026-08-21,LKUS_payment,feature_MHv7nra5Z6T5,reCAPTCHA V3 token是否有效,30
0011,2026-08-21,LKUS_push,feature_oxYJ6qJ3BAfv,用户编号白名单,23
0011,2026-08-21,LKUS_push,feature_vTICzBPfD3Ds,ip C段白名单,23
0011,2026-08-21,LKUS_push,feature_P5eYl9a699fA,ip白名单,23
0011,2026-08-21,LKUS_push,feature_yo8MLsBsGIsV,三方unionId白名单,23
0011,2026-08-21,LKUS_push,feature_kqtp6XVcXXiQ,手机号白名单,23
0011,2026-08-21,LKUS_push,feature_5caBWmAHDcCQ,邮箱白名单,23
0011,2026-08-21,LKUS_push,feature_K0JuGvXPoQsS,网关uid白名单,23
0011,2026-08-21,LKUS_push,feature_Fik6gvwY1tA6,手机号近1天的访问次数,23
0011,2026-08-21,LKUS_push,feature_3CSh3LRVobu7,手机号黑名单,22
0011,2026-08-21,LKUS_push,feature_jkeS0N10RDAn,网关uid黑名单,22
0011,2026-08-21,LKUS_push,feature_7qCVo92BIECU,三方unionId黑名单,22
0011,2026-08-21,LKUS_push,feature_9tl8mW2Gembc,邮箱黑名单,22
0011,2026-08-21,LKUS_push,feature_XtxCPW1x9QTU,ip C段黑名单,22
0011,2026-08-21,LKUS_push,feature_g43LuQcahzCJ,用户编号黑名单,22
0011,2026-08-21,LKUS_push,feature_cOkhRQVI91IV,ip黑名单,22
0011,2026-08-21,LKUS_push,feature_lydpDiga6SB9,手机号近5分钟的访问次数,22
0011,2026-08-21,LKUS_push,feature_MHv7nra5Z6T5,reCAPTCHA V3 token是否有效,22
0011,2026-08-21,LKUS_push,feature_UOJYBEifd5Jn,区号近60分钟的访问次数,22
0011,2026-08-21,LKUS_push,feature_Wg4dZ6VJBuTb,IP近1分钟关联的手机号个数,22
0011,2026-08-21,LKUS_push,feature_r1bhlQnbfRHb,IP近60分钟关联的手机号个数,22
0011,2026-08-21,LKUS_push,feature_YkpmaKaJhcdG,区号近1天内的访问次数,22
0011,2026-08-21,LKUS_push,feature_7DbBgowc2mEl,IP近1分钟的访问次数,22
0011,2026-08-21,LKUS_push,feature_JaT2oyzVtD0q,手机号近1分钟的访问次数,22
0011,2026-08-21,LKUS_push,feature_TGPe0mjAPwR5,IP近60分钟关联的国家区号个数,22
0011,2026-08-21,LKUS_push,feature_pf88qk27w76j,区号近5分钟的访问次数,22
0011,2026-08-21,LKUS_push,feature_SdA1CjZvNCMG,区号近1分钟的访问次数,22
0011,2026-08-21,LKUS_push,feature_53Ck9TgChpTW,IP近5分钟关联的手机号个数,22
0011,2026-08-21,LKUS_login,feature_oxYJ6qJ3BAfv,用户编号白名单,14
0011,2026-08-21,LKUS_login,feature_vTICzBPfD3Ds,ip C段白名单,14
0011,2026-08-21,LKUS_login,feature_P5eYl9a699fA,ip白名单,14
0011,2026-08-21,LKUS_login,feature_yo8MLsBsGIsV,三方unionId白名单,14
0011,2026-08-21,LKUS_login,feature_kqtp6XVcXXiQ,手机号白名单,14
0011,2026-08-21,LKUS_login,feature_5caBWmAHDcCQ,邮箱白名单,14
0011,2026-08-21,LKUS_login,feature_K0JuGvXPoQsS,网关uid白名单,14
0011,2026-08-21,LKUS_login,feature_3CSh3LRVobu7,手机号黑名单,13
0011,2026-08-21,LKUS_login,feature_jkeS0N10RDAn,网关uid黑名单,13
0011,2026-08-21,LKUS_login,feature_7qCVo92BIECU,三方unionId黑名单,13
0011,2026-08-21,LKUS_login,feature_9tl8mW2Gembc,邮箱黑名单,13
0011,2026-08-21,LKUS_login,feature_XtxCPW1x9QTU,ip C段黑名单,13
0011,2026-08-21,LKUS_login,feature_g43LuQcahzCJ,用户编号黑名单,13
0011,2026-08-21,LKUS_login,feature_cOkhRQVI91IV,ip黑名单,13
0011,2026-08-21,LKUS_login,feature_MHv7nra5Z6T5,reCAPTCHA V3 token是否有效,7
0011,2026-08-21,LKUS_register,feature_vTICzBPfD3Ds,ip C段白名单,10
0011,2026-08-21,LKUS_register,feature_oxYJ6qJ3BAfv,用户编号白名单,10
0011,2026-08-21,LKUS_register,feature_P5eYl9a699fA,ip白名单,10
0011,2026-08-21,LKUS_register,feature_yo8MLsBsGIsV,三方unionId白名单,10
0011,2026-08-21,LKUS_register,feature_kqtp6XVcXXiQ,手机号白名单,10
0011,2026-08-21,LKUS_register,feature_K0JuGvXPoQsS,网关uid白名单,10
0011,2026-08-21,LKUS_register,feature_5caBWmAHDcCQ,邮箱白名单,10
0011,2026-08-21,LKUS_register,feature_3CSh3LRVobu7,手机号黑名单,10
0011,2026-08-21,LKUS_register,feature_jkeS0N10RDAn,网关uid黑名单,10
0011,2026-08-21,LKUS_register,feature_7qCVo92BIECU,三方unionId黑名单,10
0011,2026-08-21,LKUS_register,feature_9tl8mW2Gembc,邮箱黑名单,10
0011,2026-08-21,LKUS_register,feature_g43LuQcahzCJ,用户编号黑名单,10
0011,2026-08-21,LKUS_register,feature_XtxCPW1x9QTU,ip C段黑名单,10
0011,2026-08-21,LKUS_register,feature_cOkhRQVI91IV,ip黑名单,10
0011,2026-08-21,LKUS_login,feature_TLXI8MNiNglz,reCAPTCHA V3风险分,6
0011,2026-08-21,LKUS_grant_new_user_coupon,feature_oxYJ6qJ3BAfv,用户编号白名单,8
0011,2026-08-21,LKUS_grant_new_user_coupon,feature_vTICzBPfD3Ds,ip C段白名单,8
0011,2026-08-21,LKUS_grant_new_user_coupon,feature_P5eYl9a699fA,ip白名单,8
0011,2026-08-21,LKUS_grant_new_user_coupon,feature_yo8MLsBsGIsV,三方unionId白名单,8
0011,2026-08-21,LKUS_grant_new_user_coupon,feature_kqtp6XVcXXiQ,手机号白名单,8
0011,2026-08-21,LKUS_grant_new_user_coupon,feature_5caBWmAHDcCQ,邮箱白名单,8
0011,2026-08-21,LKUS_grant_new_user_coupon,feature_K0JuGvXPoQsS,网关uid白名单,8
0011,2026-08-21,LKUS_grant_new_user_coupon,feature_3CSh3LRVobu7,手机号黑名单,8
0011,2026-08-21,LKUS_grant_new_user_coupon,feature_jkeS0N10RDAn,网关uid黑名单,8
0011,2026-08-21,LKUS_grant_new_user_coupon,feature_7qCVo92BIECU,三方unionId黑名单,8
0011,2026-08-21,LKUS_grant_new_user_coupon,feature_9tl8mW2Gembc,邮箱黑名单,8
0011,2026-08-21,LKUS_grant_new_user_coupon,feature_XtxCPW1x9QTU,ip C段黑名单,8
0011,2026-08-21,LKUS_grant_new_user_coupon,feature_g43LuQcahzCJ,用户编号黑名单,8
0011,2026-08-21,LKUS_grant_new_user_coupon,feature_cOkhRQVI91IV,ip黑名单,8
0011,2026-08-21,LKUS_physical_order_cancel,feature_oxYJ6qJ3BAfv,用户编号白名单,3
0011,2026-08-21,LKUS_physical_order_cancel,feature_vTICzBPfD3Ds,ip C段白名单,3
0011,2026-08-21,LKUS_physical_order_cancel,feature_P5eYl9a699fA,ip白名单,3
0011,2026-08-21,LKUS_physical_order_cancel,feature_yo8MLsBsGIsV,三方unionId白名单,3
0011,2026-08-21,LKUS_physical_order_cancel,feature_kqtp6XVcXXiQ,手机号白名单,3
0011,2026-08-21,LKUS_physical_order_cancel,feature_5caBWmAHDcCQ,邮箱白名单,3
0011,2026-08-21,LKUS_physical_order_cancel,feature_K0JuGvXPoQsS,网关uid白名单,3
0011,2026-08-21,LKUS_physical_order_cancel,feature_3CSh3LRVobu7,手机号黑名单,3
0011,2026-08-21,LKUS_physical_order_cancel,feature_jkeS0N10RDAn,网关uid黑名单,3
0011,2026-08-21,LKUS_physical_order_cancel,feature_7qCVo92BIECU,三方unionId黑名单,3
0011,2026-08-21,LKUS_physical_order_cancel,feature_9tl8mW2Gembc,邮箱黑名单,3
0011,2026-08-21,LKUS_physical_order_cancel,feature_XtxCPW1x9QTU,ip C段黑名单,3
0011,2026-08-21,LKUS_physical_order_cancel,feature_g43LuQcahzCJ,用户编号黑名单,3
0011,2026-08-21,LKUS_physical_order_cancel,feature_cOkhRQVI91IV,ip黑名单,3
0011,2026-08-22,LKUS_physical_order_create,feature_oxYJ6qJ3BAfv,用户编号白名单,63
0011,2026-08-22,LKUS_physical_order_create,feature_vTICzBPfD3Ds,ip C段白名单,63
0011,2026-08-22,LKUS_physical_order_create,feature_P5eYl9a699fA,ip白名单,63
0011,2026-08-22,LKUS_physical_order_create,feature_yo8MLsBsGIsV,三方unionId白名单,63
0011,2026-08-22,LKUS_physical_order_create,feature_kqtp6XVcXXiQ,手机号白名单,63
0011,2026-08-22,LKUS_physical_order_create,feature_5caBWmAHDcCQ,邮箱白名单,63
0011,2026-08-22,LKUS_physical_order_create,feature_K0JuGvXPoQsS,网关uid白名单,63
0011,2026-08-22,LKUS_physical_order_create,feature_3CSh3LRVobu7,手机号黑名单,52
0011,2026-08-22,LKUS_physical_order_create,feature_jkeS0N10RDAn,网关uid黑名单,52
0011,2026-08-22,LKUS_physical_order_create,feature_7qCVo92BIECU,三方unionId黑名单,52
0011,2026-08-22,LKUS_physical_order_create,feature_9tl8mW2Gembc,邮箱黑名单,52
0011,2026-08-22,LKUS_physical_order_create,feature_XtxCPW1x9QTU,ip C段黑名单,52
0011,2026-08-22,LKUS_physical_order_create,feature_g43LuQcahzCJ,用户编号黑名单,52
0011,2026-08-22,LKUS_physical_order_create,feature_cOkhRQVI91IV,ip黑名单,52
0011,2026-08-22,LKUS_physical_order_create,feature_MHv7nra5Z6T5,reCAPTCHA V3 token是否有效,27
0011,2026-08-22,LKUS_payment,feature_vTICzBPfD3Ds,ip C段白名单,65
0011,2026-08-22,LKUS_payment,feature_oxYJ6qJ3BAfv,用户编号白名单,65
0011,2026-08-22,LKUS_payment,feature_P5eYl9a699fA,ip白名单,65
0011,2026-08-22,LKUS_payment,feature_yo8MLsBsGIsV,三方unionId白名单,65
0011,2026-08-22,LKUS_payment,feature_kqtp6XVcXXiQ,手机号白名单,65
0011,2026-08-22,LKUS_payment,feature_K0JuGvXPoQsS,网关uid白名单,65
0011,2026-08-22,LKUS_payment,feature_5caBWmAHDcCQ,邮箱白名单,65
0011,2026-08-22,LKUS_payment,feature_3CSh3LRVobu7,手机号黑名单,54
0011,2026-08-22,LKUS_payment,feature_jkeS0N10RDAn,网关uid黑名单,54
0011,2026-08-22,LKUS_payment,feature_7qCVo92BIECU,三方unionId黑名单,54
0011,2026-08-22,LKUS_payment,feature_9tl8mW2Gembc,邮箱黑名单,54
0011,2026-08-22,LKUS_payment,feature_g43LuQcahzCJ,用户编号黑名单,54
0011,2026-08-22,LKUS_payment,feature_XtxCPW1x9QTU,ip C段黑名单,54
0011,2026-08-22,LKUS_payment,feature_cOkhRQVI91IV,ip黑名单,54
0011,2026-08-22,LKUS_payment,feature_TLXI8MNiNglz,reCAPTCHA V3风险分,24
0011,2026-08-22,LKUS_login,feature_oxYJ6qJ3BAfv,用户编号白名单,19
0011,2026-08-22,LKUS_login,feature_vTICzBPfD3Ds,ip C段白名单,19
0011,2026-08-22,LKUS_login,feature_P5eYl9a699fA,ip白名单,19
0011,2026-08-22,LKUS_login,feature_yo8MLsBsGIsV,三方unionId白名单,19
0011,2026-08-22,LKUS_login,feature_kqtp6XVcXXiQ,手机号白名单,19
0011,2026-08-22,LKUS_login,feature_5caBWmAHDcCQ,邮箱白名单,19
0011,2026-08-22,LKUS_login,feature_K0JuGvXPoQsS,网关uid白名单,19
0011,2026-08-22,LKUS_login,feature_3CSh3LRVobu7,手机号黑名单,19
0011,2026-08-22,LKUS_login,feature_jkeS0N10RDAn,网关uid黑名单,19
0011,2026-08-22,LKUS_login,feature_7qCVo92BIECU,三方unionId黑名单,19
0011,2026-08-22,LKUS_login,feature_9tl8mW2Gembc,邮箱黑名单,19
0011,2026-08-22,LKUS_login,feature_XtxCPW1x9QTU,ip C段黑名单,19
0011,2026-08-22,LKUS_login,feature_g43LuQcahzCJ,用户编号黑名单,19
0011,2026-08-22,LKUS_login,feature_cOkhRQVI91IV,ip黑名单,19
0011,2026-08-22,LKUS_login,feature_MHv7nra5Z6T5,reCAPTCHA V3 token是否有效,9
0011,2026-08-22,LKUS_payment,feature_MHv7nra5Z6T5,reCAPTCHA V3 token是否有效,30
0011,2026-08-22,LKUS_push,feature_vTICzBPfD3Ds,ip C段白名单,19
0011,2026-08-22,LKUS_push,feature_oxYJ6qJ3BAfv,用户编号白名单,19
0011,2026-08-22,LKUS_push,feature_P5eYl9a699fA,ip白名单,19
0011,2026-08-22,LKUS_push,feature_yo8MLsBsGIsV,三方unionId白名单,19
0011,2026-08-22,LKUS_push,feature_kqtp6XVcXXiQ,手机号白名单,19
0011,2026-08-22,LKUS_push,feature_K0JuGvXPoQsS,网关uid白名单,19
0011,2026-08-22,LKUS_push,feature_5caBWmAHDcCQ,邮箱白名单,19
0011,2026-08-22,LKUS_push,feature_Fik6gvwY1tA6,手机号近1天的访问次数,19
0011,2026-08-22,LKUS_push,feature_3CSh3LRVobu7,手机号黑名单,18
0011,2026-08-22,LKUS_push,feature_jkeS0N10RDAn,网关uid黑名单,18
0011,2026-08-22,LKUS_push,feature_7qCVo92BIECU,三方unionId黑名单,18
0011,2026-08-22,LKUS_push,feature_9tl8mW2Gembc,邮箱黑名单,18
0011,2026-08-22,LKUS_push,feature_g43LuQcahzCJ,用户编号黑名单,18
0011,2026-08-22,LKUS_push,feature_XtxCPW1x9QTU,ip C段黑名单,18
0011,2026-08-22,LKUS_push,feature_cOkhRQVI91IV,ip黑名单,18
0011,2026-08-22,LKUS_push,feature_r1bhlQnbfRHb,IP近60分钟关联的手机号个数,18
0011,2026-08-22,LKUS_push,feature_pf88qk27w76j,区号近5分钟的访问次数,18
0011,2026-08-22,LKUS_push,feature_lydpDiga6SB9,手机号近5分钟的访问次数,18
0011,2026-08-22,LKUS_push,feature_UOJYBEifd5Jn,区号近60分钟的访问次数,18
0011,2026-08-22,LKUS_push,feature_MHv7nra5Z6T5,reCAPTCHA V3 token是否有效,18
0011,2026-08-22,LKUS_push,feature_53Ck9TgChpTW,IP近5分钟关联的手机号个数,18
0011,2026-08-22,LKUS_push,feature_TGPe0mjAPwR5,IP近60分钟关联的国家区号个数,18
0011,2026-08-22,LKUS_push,feature_Wg4dZ6VJBuTb,IP近1分钟关联的手机号个数,18
0011,2026-08-22,LKUS_push,feature_SdA1CjZvNCMG,区号近1分钟的访问次数,18
0011,2026-08-22,LKUS_push,feature_JaT2oyzVtD0q,手机号近1分钟的访问次数,18
0011,2026-08-22,LKUS_push,feature_YkpmaKaJhcdG,区号近1天内的访问次数,18
0011,2026-08-22,LKUS_push,feature_7DbBgowc2mEl,IP近1分钟的访问次数,18
0011,2026-08-22,LKUS_register,feature_vTICzBPfD3Ds,ip C段白名单,13
0011,2026-08-22,LKUS_register,feature_oxYJ6qJ3BAfv,用户编号白名单,13
0011,2026-08-22,LKUS_register,feature_P5eYl9a699fA,ip白名单,13
0011,2026-08-22,LKUS_register,feature_yo8MLsBsGIsV,三方unionId白名单,13
0011,2026-08-22,LKUS_register,feature_kqtp6XVcXXiQ,手机号白名单,13
0011,2026-08-22,LKUS_register,feature_K0JuGvXPoQsS,网关uid白名单,13
0011,2026-08-22,LKUS_register,feature_5caBWmAHDcCQ,邮箱白名单,13
0011,2026-08-22,LKUS_register,feature_3CSh3LRVobu7,手机号黑名单,12
0011,2026-08-22,LKUS_register,feature_jkeS0N10RDAn,网关uid黑名单,12
0011,2026-08-22,LKUS_register,feature_7qCVo92BIECU,三方unionId黑名单,12
0011,2026-08-22,LKUS_register,feature_9tl8mW2Gembc,邮箱黑名单,12
0011,2026-08-22,LKUS_register,feature_g43LuQcahzCJ,用户编号黑名单,12
0011,2026-08-22,LKUS_register,feature_XtxCPW1x9QTU,ip C段黑名单,12
0011,2026-08-22,LKUS_register,feature_cOkhRQVI91IV,ip黑名单,12
0011,2026-08-22,LKUS_physical_order_create,feature_TLXI8MNiNglz,reCAPTCHA V3风险分,25
0011,2026-08-22,LKUS_grant_new_user_coupon,feature_oxYJ6qJ3BAfv,用户编号白名单,10
0011,2026-08-22,LKUS_grant_new_user_coupon,feature_vTICzBPfD3Ds,ip C段白名单,10
0011,2026-08-22,LKUS_grant_new_user_coupon,feature_P5eYl9a699fA,ip白名单,10
0011,2026-08-22,LKUS_grant_new_user_coupon,feature_yo8MLsBsGIsV,三方unionId白名单,10
0011,2026-08-22,LKUS_grant_new_user_coupon,feature_kqtp6XVcXXiQ,手机号白名单,10
0011,2026-08-22,LKUS_grant_new_user_coupon,feature_5caBWmAHDcCQ,邮箱白名单,10
0011,2026-08-22,LKUS_grant_new_user_coupon,feature_K0JuGvXPoQsS,网关uid白名单,10
0011,2026-08-22,LKUS_grant_new_user_coupon,feature_3CSh3LRVobu7,手机号黑名单,10
0011,2026-08-22,LKUS_grant_new_user_coupon,feature_jkeS0N10RDAn,网关uid黑名单,10
0011,2026-08-22,LKUS_grant_new_user_coupon,feature_7qCVo92BIECU,三方unionId黑名单,10
0011,2026-08-22,LKUS_grant_new_user_coupon,feature_9tl8mW2Gembc,邮箱黑名单,10
0011,2026-08-22,LKUS_grant_new_user_coupon,feature_XtxCPW1x9QTU,ip C段黑名单,10
0011,2026-08-22,LKUS_grant_new_user_coupon,feature_g43LuQcahzCJ,用户编号黑名单,10
0011,2026-08-22,LKUS_grant_new_user_coupon,feature_cOkhRQVI91IV,ip黑名单,10
0011,2026-08-22,LKUS_login,feature_TLXI8MNiNglz,reCAPTCHA V3风险分,10
0011,2026-08-22,LKUS_physical_order_cancel,feature_vTICzBPfD3Ds,ip C段白名单,1
0011,2026-08-22,LKUS_physical_order_cancel,feature_oxYJ6qJ3BAfv,用户编号白名单,1
0011,2026-08-22,LKUS_physical_order_cancel,feature_P5eYl9a699fA,ip白名单,1
0011,2026-08-22,LKUS_physical_order_cancel,feature_yo8MLsBsGIsV,三方unionId白名单,1
0011,2026-08-22,LKUS_physical_order_cancel,feature_kqtp6XVcXXiQ,手机号白名单,1
0011,2026-08-22,LKUS_physical_order_cancel,feature_K0JuGvXPoQsS,网关uid白名单,1
0011,2026-08-22,LKUS_physical_order_cancel,feature_5caBWmAHDcCQ,邮箱白名单,1
0011,2026-08-22,LKUS_physical_order_cancel,feature_3CSh3LRVobu7,手机号黑名单,1
0011,2026-08-22,LKUS_physical_order_cancel,feature_jkeS0N10RDAn,网关uid黑名单,1
0011,2026-08-22,LKUS_physical_order_cancel,feature_7qCVo92BIECU,三方unionId黑名单,1
0011,2026-08-22,LKUS_physical_order_cancel,feature_9tl8mW2Gembc,邮箱黑名单,1
0011,2026-08-22,LKUS_physical_order_cancel,feature_g43LuQcahzCJ,用户编号黑名单,1
0011,2026-08-22,LKUS_physical_order_cancel,feature_XtxCPW1x9QTU,ip C段黑名单,1
0011,2026-08-22,LKUS_physical_order_cancel,feature_cOkhRQVI91IV,ip黑名单,1
0011,2026-08-22,LKUS_captcha,feature_vTICzBPfD3Ds,ip C段白名单,1
0011,2026-08-22,LKUS_captcha,feature_oxYJ6qJ3BAfv,用户编号白名单,1
0011,2026-08-22,LKUS_captcha,feature_P5eYl9a699fA,ip白名单,1
0011,2026-08-22,LKUS_captcha,feature_yo8MLsBsGIsV,三方unionId白名单,1
0011,2026-08-22,LKUS_captcha,feature_kqtp6XVcXXiQ,手机号白名单,1
0011,2026-08-22,LKUS_captcha,feature_K0JuGvXPoQsS,网关uid白名单,1
0011,2026-08-22,LKUS_captcha,feature_5caBWmAHDcCQ,邮箱白名单,1
0011,2026-08-22,LKUS_captcha,feature_3CSh3LRVobu7,手机号黑名单,1
0011,2026-08-22,LKUS_captcha,feature_jkeS0N10RDAn,网关uid黑名单,1
0011,2026-08-22,LKUS_captcha,feature_7qCVo92BIECU,三方unionId黑名单,1
0011,2026-08-22,LKUS_captcha,feature_9tl8mW2Gembc,邮箱黑名单,1
0011,2026-08-22,LKUS_captcha,feature_g43LuQcahzCJ,用户编号黑名单,1
0011,2026-08-22,LKUS_captcha,feature_XtxCPW1x9QTU,ip C段黑名单,1
0011,2026-08-22,LKUS_captcha,feature_cOkhRQVI91IV,ip黑名单,1
0011,2026-08-22,LKUS_captcha,feature_nm9NTGYLKhWV,reCAPTCHA V2 token是否有效,1
0011,2026-08-23,LKUS_push,feature_vTICzBPfD3Ds,ip C段白名单,17
0011,2026-08-23,LKUS_push,feature_oxYJ6qJ3BAfv,用户编号白名单,17
0011,2026-08-23,LKUS_push,feature_P5eYl9a699fA,ip白名单,17
0011,2026-08-23,LKUS_push,feature_yo8MLsBsGIsV,三方unionId白名单,17
0011,2026-08-23,LKUS_push,feature_kqtp6XVcXXiQ,手机号白名单,17
0011,2026-08-23,LKUS_push,feature_K0JuGvXPoQsS,网关uid白名单,17
0011,2026-08-23,LKUS_push,feature_5caBWmAHDcCQ,邮箱白名单,17
0011,2026-08-23,LKUS_push,feature_Fik6gvwY1tA6,手机号近1天的访问次数,17
0011,2026-08-23,LKUS_push,feature_3CSh3LRVobu7,手机号黑名单,17
0011,2026-08-23,LKUS_push,feature_jkeS0N10RDAn,网关uid黑名单,17
0011,2026-08-23,LKUS_push,feature_7qCVo92BIECU,三方unionId黑名单,17
0011,2026-08-23,LKUS_push,feature_9tl8mW2Gembc,邮箱黑名单,17
0011,2026-08-23,LKUS_push,feature_g43LuQcahzCJ,用户编号黑名单,17
0011,2026-08-23,LKUS_push,feature_XtxCPW1x9QTU,ip C段黑名单,17
0011,2026-08-23,LKUS_push,feature_cOkhRQVI91IV,ip黑名单,17
0011,2026-08-23,LKUS_push,feature_r1bhlQnbfRHb,IP近60分钟关联的手机号个数,17
0011,2026-08-23,LKUS_push,feature_pf88qk27w76j,区号近5分钟的访问次数,17
0011,2026-08-23,LKUS_push,feature_lydpDiga6SB9,手机号近5分钟的访问次数,17
0011,2026-08-23,LKUS_push,feature_UOJYBEifd5Jn,区号近60分钟的访问次数,17
0011,2026-08-23,LKUS_push,feature_MHv7nra5Z6T5,reCAPTCHA V3 token是否有效,17
0011,2026-08-23,LKUS_push,feature_53Ck9TgChpTW,IP近5分钟关联的手机号个数,17
0011,2026-08-23,LKUS_push,feature_TGPe0mjAPwR5,IP近60分钟关联的国家区号个数,17
0011,2026-08-23,LKUS_push,feature_Wg4dZ6VJBuTb,IP近1分钟关联的手机号个数,17
0011,2026-08-23,LKUS_push,feature_SdA1CjZvNCMG,区号近1分钟的访问次数,17
0011,2026-08-23,LKUS_push,feature_JaT2oyzVtD0q,手机号近1分钟的访问次数,17
0011,2026-08-23,LKUS_push,feature_YkpmaKaJhcdG,区号近1天内的访问次数,17
0011,2026-08-23,LKUS_push,feature_7DbBgowc2mEl,IP近1分钟的访问次数,17
0011,2026-08-23,LKUS_register,feature_oxYJ6qJ3BAfv,用户编号白名单,8
0011,2026-08-23,LKUS_register,feature_vTICzBPfD3Ds,ip C段白名单,8
0011,2026-08-23,LKUS_register,feature_P5eYl9a699fA,ip白名单,8
0011,2026-08-23,LKUS_register,feature_yo8MLsBsGIsV,三方unionId白名单,8
0011,2026-08-23,LKUS_register,feature_kqtp6XVcXXiQ,手机号白名单,8
0011,2026-08-23,LKUS_register,feature_5caBWmAHDcCQ,邮箱白名单,8
0011,2026-08-23,LKUS_register,feature_K0JuGvXPoQsS,网关uid白名单,8
0011,2026-08-23,LKUS_register,feature_3CSh3LRVobu7,手机号黑名单,8
0011,2026-08-23,LKUS_register,feature_jkeS0N10RDAn,网关uid黑名单,8
0011,2026-08-23,LKUS_register,feature_7qCVo92BIECU,三方unionId黑名单,8
0011,2026-08-23,LKUS_register,feature_9tl8mW2Gembc,邮箱黑名单,8
0011,2026-08-23,LKUS_register,feature_XtxCPW1x9QTU,ip C段黑名单,8
0011,2026-08-23,LKUS_register,feature_g43LuQcahzCJ,用户编号黑名单,8
0011,2026-08-23,LKUS_register,feature_cOkhRQVI91IV,ip黑名单,8
0011,2026-08-23,LKUS_login,feature_oxYJ6qJ3BAfv,用户编号白名单,17
0011,2026-08-23,LKUS_login,feature_vTICzBPfD3Ds,ip C段白名单,17
0011,2026-08-23,LKUS_login,feature_P5eYl9a699fA,ip白名单,17
0011,2026-08-23,LKUS_login,feature_yo8MLsBsGIsV,三方unionId白名单,17
0011,2026-08-23,LKUS_login,feature_kqtp6XVcXXiQ,手机号白名单,17
0011,2026-08-23,LKUS_login,feature_5caBWmAHDcCQ,邮箱白名单,17
0011,2026-08-23,LKUS_login,feature_K0JuGvXPoQsS,网关uid白名单,17
0011,2026-08-23,LKUS_login,feature_3CSh3LRVobu7,手机号黑名单,15
0011,2026-08-23,LKUS_login,feature_jkeS0N10RDAn,网关uid黑名单,15
0011,2026-08-23,LKUS_login,feature_7qCVo92BIECU,三方unionId黑名单,15
0011,2026-08-23,LKUS_login,feature_9tl8mW2Gembc,邮箱黑名单,15
0011,2026-08-23,LKUS_login,feature_XtxCPW1x9QTU,ip C段黑名单,15
0011,2026-08-23,LKUS_login,feature_g43LuQcahzCJ,用户编号黑名单,15
0011,2026-08-23,LKUS_login,feature_cOkhRQVI91IV,ip黑名单,15
0011,2026-08-23,LKUS_login,feature_MHv7nra5Z6T5,reCAPTCHA V3 token是否有效,5
0011,2026-08-23,LKUS_grant_new_user_coupon,feature_vTICzBPfD3Ds,ip C段白名单,8
0011,2026-08-23,LKUS_grant_new_user_coupon,feature_oxYJ6qJ3BAfv,用户编号白名单,8
0011,2026-08-23,LKUS_grant_new_user_coupon,feature_P5eYl9a699fA,ip白名单,8
0011,2026-08-23,LKUS_grant_new_user_coupon,feature_yo8MLsBsGIsV,三方unionId白名单,8
0011,2026-08-23,LKUS_grant_new_user_coupon,feature_kqtp6XVcXXiQ,手机号白名单,8
0011,2026-08-23,LKUS_grant_new_user_coupon,feature_K0JuGvXPoQsS,网关uid白名单,8
0011,2026-08-23,LKUS_grant_new_user_coupon,feature_5caBWmAHDcCQ,邮箱白名单,8
0011,2026-08-23,LKUS_grant_new_user_coupon,feature_3CSh3LRVobu7,手机号黑名单,8
0011,2026-08-23,LKUS_grant_new_user_coupon,feature_jkeS0N10RDAn,网关uid黑名单,8
0011,2026-08-23,LKUS_grant_new_user_coupon,feature_7qCVo92BIECU,三方unionId黑名单,8
0011,2026-08-23,LKUS_grant_new_user_coupon,feature_9tl8mW2Gembc,邮箱黑名单,8
0011,2026-08-23,LKUS_grant_new_user_coupon,feature_g43LuQcahzCJ,用户编号黑名单,8
0011,2026-08-23,LKUS_grant_new_user_coupon,feature_XtxCPW1x9QTU,ip C段黑名单,8
0011,2026-08-23,LKUS_grant_new_user_coupon,feature_cOkhRQVI91IV,ip黑名单,8
0011,2026-08-23,LKUS_physical_order_create,feature_vTICzBPfD3Ds,ip C段白名单,59
0011,2026-08-23,LKUS_physical_order_create,feature_oxYJ6qJ3BAfv,用户编号白名单,59
0011,2026-08-23,LKUS_physical_order_create,feature_P5eYl9a699fA,ip白名单,59
0011,2026-08-23,LKUS_physical_order_create,feature_yo8MLsBsGIsV,三方unionId白名单,59
0011,2026-08-23,LKUS_physical_order_create,feature_kqtp6XVcXXiQ,手机号白名单,59
0011,2026-08-23,LKUS_physical_order_create,feature_K0JuGvXPoQsS,网关uid白名单,59
0011,2026-08-23,LKUS_physical_order_create,feature_5caBWmAHDcCQ,邮箱白名单,59
0011,2026-08-23,LKUS_physical_order_create,feature_3CSh3LRVobu7,手机号黑名单,43
0011,2026-08-23,LKUS_physical_order_create,feature_jkeS0N10RDAn,网关uid黑名单,43
0011,2026-08-23,LKUS_physical_order_create,feature_7qCVo92BIECU,三方unionId黑名单,43
0011,2026-08-23,LKUS_physical_order_create,feature_9tl8mW2Gembc,邮箱黑名单,43
0011,2026-08-23,LKUS_physical_order_create,feature_g43LuQcahzCJ,用户编号黑名单,43
0011,2026-08-23,LKUS_physical_order_create,feature_XtxCPW1x9QTU,ip C段黑名单,43
0011,2026-08-23,LKUS_physical_order_create,feature_cOkhRQVI91IV,ip黑名单,43
0011,2026-08-23,LKUS_physical_order_create,feature_TLXI8MNiNglz,reCAPTCHA V3风险分,23
0011,2026-08-23,LKUS_payment,feature_oxYJ6qJ3BAfv,用户编号白名单,62
0011,2026-08-23,LKUS_payment,feature_vTICzBPfD3Ds,ip C段白名单,62
0011,2026-08-23,LKUS_payment,feature_P5eYl9a699fA,ip白名单,62
0011,2026-08-23,LKUS_payment,feature_yo8MLsBsGIsV,三方unionId白名单,62
0011,2026-08-23,LKUS_payment,feature_kqtp6XVcXXiQ,手机号白名单,62
0011,2026-08-23,LKUS_payment,feature_5caBWmAHDcCQ,邮箱白名单,62
0011,2026-08-23,LKUS_payment,feature_K0JuGvXPoQsS,网关uid白名单,62
0011,2026-08-23,LKUS_payment,feature_3CSh3LRVobu7,手机号黑名单,46
0011,2026-08-23,LKUS_payment,feature_jkeS0N10RDAn,网关uid黑名单,46
0011,2026-08-23,LKUS_payment,feature_7qCVo92BIECU,三方unionId黑名单,46
0011,2026-08-23,LKUS_payment,feature_9tl8mW2Gembc,邮箱黑名单,46
0011,2026-08-23,LKUS_payment,feature_XtxCPW1x9QTU,ip C段黑名单,46
0011,2026-08-23,LKUS_payment,feature_g43LuQcahzCJ,用户编号黑名单,46
0011,2026-08-23,LKUS_payment,feature_cOkhRQVI91IV,ip黑名单,46
0011,2026-08-23,LKUS_payment,feature_MHv7nra5Z6T5,reCAPTCHA V3 token是否有效,17
0011,2026-08-23,LKUS_physical_order_create,feature_MHv7nra5Z6T5,reCAPTCHA V3 token是否有效,20
0011,2026-08-23,LKUS_payment,feature_TLXI8MNiNglz,reCAPTCHA V3风险分,29
0011,2026-08-23,LKUS_login,feature_TLXI8MNiNglz,reCAPTCHA V3风险分,10
0011,2026-08-24,LKUS_login,feature_oxYJ6qJ3BAfv,用户编号白名单,10
0011,2026-08-24,LKUS_login,feature_vTICzBPfD3Ds,ip C段白名单,10
0011,2026-08-24,LKUS_login,feature_P5eYl9a699fA,ip白名单,10
0011,2026-08-24,LKUS_login,feature_yo8MLsBsGIsV,三方unionId白名单,10
0011,2026-08-24,LKUS_login,feature_kqtp6XVcXXiQ,手机号白名单,10
0011,2026-08-24,LKUS_login,feature_5caBWmAHDcCQ,邮箱白名单,10
0011,2026-08-24,LKUS_login,feature_K0JuGvXPoQsS,网关uid白名单,10
0011,2026-08-24,LKUS_login,feature_3CSh3LRVobu7,手机号黑名单,10
0011,2026-08-24,LKUS_login,feature_jkeS0N10RDAn,网关uid黑名单,10
0011,2026-08-24,LKUS_login,feature_7qCVo92BIECU,三方unionId黑名单,10
0011,2026-08-24,LKUS_login,feature_9tl8mW2Gembc,邮箱黑名单,10
0011,2026-08-24,LKUS_login,feature_XtxCPW1x9QTU,ip C段黑名单,10
0011,2026-08-24,LKUS_login,feature_g43LuQcahzCJ,用户编号黑名单,10
0011,2026-08-24,LKUS_login,feature_cOkhRQVI91IV,ip黑名单,10
0011,2026-08-24,LKUS_login,feature_MHv7nra5Z6T5,reCAPTCHA V3 token是否有效,6
0011,2026-08-24,LKUS_grant_new_user_coupon,feature_vTICzBPfD3Ds,ip C段白名单,6
0011,2026-08-24,LKUS_grant_new_user_coupon,feature_oxYJ6qJ3BAfv,用户编号白名单,6
0011,2026-08-24,LKUS_grant_new_user_coupon,feature_P5eYl9a699fA,ip白名单,6
0011,2026-08-24,LKUS_grant_new_user_coupon,feature_yo8MLsBsGIsV,三方unionId白名单,6
0011,2026-08-24,LKUS_grant_new_user_coupon,feature_kqtp6XVcXXiQ,手机号白名单,6
0011,2026-08-24,LKUS_grant_new_user_coupon,feature_K0JuGvXPoQsS,网关uid白名单,6
0011,2026-08-24,LKUS_grant_new_user_coupon,feature_5caBWmAHDcCQ,邮箱白名单,6
0011,2026-08-24,LKUS_grant_new_user_coupon,feature_3CSh3LRVobu7,手机号黑名单,6
0011,2026-08-24,LKUS_grant_new_user_coupon,feature_jkeS0N10RDAn,网关uid黑名单,6
0011,2026-08-24,LKUS_grant_new_user_coupon,feature_7qCVo92BIECU,三方unionId黑名单,6
0011,2026-08-24,LKUS_grant_new_user_coupon,feature_9tl8mW2Gembc,邮箱黑名单,6
0011,2026-08-24,LKUS_grant_new_user_coupon,feature_g43LuQcahzCJ,用户编号黑名单,6
0011,2026-08-24,LKUS_grant_new_user_coupon,feature_XtxCPW1x9QTU,ip C段黑名单,6
0011,2026-08-24,LKUS_grant_new_user_coupon,feature_cOkhRQVI91IV,ip黑名单,6
0011,2026-08-24,LKUS_push,feature_vTICzBPfD3Ds,ip C段白名单,18
0011,2026-08-24,LKUS_push,feature_oxYJ6qJ3BAfv,用户编号白名单,18
0011,2026-08-24,LKUS_push,feature_P5eYl9a699fA,ip白名单,18
0011,2026-08-24,LKUS_push,feature_yo8MLsBsGIsV,三方unionId白名单,18
0011,2026-08-24,LKUS_push,feature_kqtp6XVcXXiQ,手机号白名单,18
0011,2026-08-24,LKUS_push,feature_K0JuGvXPoQsS,网关uid白名单,18
0011,2026-08-24,LKUS_push,feature_5caBWmAHDcCQ,邮箱白名单,18
0011,2026-08-24,LKUS_push,feature_Fik6gvwY1tA6,手机号近1天的访问次数,18
0011,2026-08-24,LKUS_push,feature_3CSh3LRVobu7,手机号黑名单,18
0011,2026-08-24,LKUS_push,feature_jkeS0N10RDAn,网关uid黑名单,18
0011,2026-08-24,LKUS_push,feature_7qCVo92BIECU,三方unionId黑名单,18
0011,2026-08-24,LKUS_push,feature_9tl8mW2Gembc,邮箱黑名单,18
0011,2026-08-24,LKUS_push,feature_g43LuQcahzCJ,用户编号黑名单,18
0011,2026-08-24,LKUS_push,feature_XtxCPW1x9QTU,ip C段黑名单,18
0011,2026-08-24,LKUS_push,feature_cOkhRQVI91IV,ip黑名单,18
0011,2026-08-24,LKUS_push,feature_r1bhlQnbfRHb,IP近60分钟关联的手机号个数,18
0011,2026-08-24,LKUS_push,feature_pf88qk27w76j,区号近5分钟的访问次数,18
0011,2026-08-24,LKUS_push,feature_lydpDiga6SB9,手机号近5分钟的访问次数,18
0011,2026-08-24,LKUS_push,feature_UOJYBEifd5Jn,区号近60分钟的访问次数,18
0011,2026-08-24,LKUS_push,feature_MHv7nra5Z6T5,reCAPTCHA V3 token是否有效,18
0011,2026-08-24,LKUS_push,feature_53Ck9TgChpTW,IP近5分钟关联的手机号个数,18
0011,2026-08-24,LKUS_push,feature_TGPe0mjAPwR5,IP近60分钟关联的国家区号个数,18
0011,2026-08-24,LKUS_push,feature_Wg4dZ6VJBuTb,IP近1分钟关联的手机号个数,18
0011,2026-08-24,LKUS_push,feature_SdA1CjZvNCMG,区号近1分钟的访问次数,18
0011,2026-08-24,LKUS_push,feature_JaT2oyzVtD0q,手机号近1分钟的访问次数,18
0011,2026-08-24,LKUS_push,feature_YkpmaKaJhcdG,区号近1天内的访问次数,18
0011,2026-08-24,LKUS_push,feature_7DbBgowc2mEl,IP近1分钟的访问次数,18
0011,2026-08-24,LKUS_physical_order_create,feature_oxYJ6qJ3BAfv,用户编号白名单,74
0011,2026-08-24,LKUS_physical_order_create,feature_vTICzBPfD3Ds,ip C段白名单,74
0011,2026-08-24,LKUS_physical_order_create,feature_P5eYl9a699fA,ip白名单,74
0011,2026-08-24,LKUS_physical_order_create,feature_yo8MLsBsGIsV,三方unionId白名单,74
0011,2026-08-24,LKUS_physical_order_create,feature_kqtp6XVcXXiQ,手机号白名单,74
0011,2026-08-24,LKUS_physical_order_create,feature_5caBWmAHDcCQ,邮箱白名单,74
0011,2026-08-24,LKUS_physical_order_create,feature_K0JuGvXPoQsS,网关uid白名单,74
0011,2026-08-24,LKUS_physical_order_create,feature_3CSh3LRVobu7,手机号黑名单,66
0011,2026-08-24,LKUS_physical_order_create,feature_jkeS0N10RDAn,网关uid黑名单,66
0011,2026-08-24,LKUS_physical_order_create,feature_7qCVo92BIECU,三方unionId黑名单,66
0011,2026-08-24,LKUS_physical_order_create,feature_9tl8mW2Gembc,邮箱黑名单,66
0011,2026-08-24,LKUS_physical_order_create,feature_XtxCPW1x9QTU,ip C段黑名单,66
0011,2026-08-24,LKUS_physical_order_create,feature_g43LuQcahzCJ,用户编号黑名单,66
0011,2026-08-24,LKUS_physical_order_create,feature_cOkhRQVI91IV,ip黑名单,66
0011,2026-08-24,LKUS_physical_order_create,feature_MHv7nra5Z6T5,reCAPTCHA V3 token是否有效,36
0011,2026-08-24,LKUS_payment,feature_oxYJ6qJ3BAfv,用户编号白名单,74
0011,2026-08-24,LKUS_payment,feature_vTICzBPfD3Ds,ip C段白名单,74
0011,2026-08-24,LKUS_payment,feature_P5eYl9a699fA,ip白名单,74
0011,2026-08-24,LKUS_payment,feature_yo8MLsBsGIsV,三方unionId白名单,74
0011,2026-08-24,LKUS_payment,feature_kqtp6XVcXXiQ,手机号白名单,74
0011,2026-08-24,LKUS_payment,feature_5caBWmAHDcCQ,邮箱白名单,74
0011,2026-08-24,LKUS_payment,feature_K0JuGvXPoQsS,网关uid白名单,74
0011,2026-08-24,LKUS_payment,feature_3CSh3LRVobu7,手机号黑名单,65
0011,2026-08-24,LKUS_payment,feature_jkeS0N10RDAn,网关uid黑名单,65
0011,2026-08-24,LKUS_payment,feature_7qCVo92BIECU,三方unionId黑名单,65
0011,2026-08-24,LKUS_payment,feature_9tl8mW2Gembc,邮箱黑名单,65
0011,2026-08-24,LKUS_payment,feature_XtxCPW1x9QTU,ip C段黑名单,65
0011,2026-08-24,LKUS_payment,feature_g43LuQcahzCJ,用户编号黑名单,65
0011,2026-08-24,LKUS_payment,feature_cOkhRQVI91IV,ip黑名单,65
0011,2026-08-24,LKUS_payment,feature_MHv7nra5Z6T5,reCAPTCHA V3 token是否有效,33
0011,2026-08-24,LKUS_register,feature_oxYJ6qJ3BAfv,用户编号白名单,6
0011,2026-08-24,LKUS_register,feature_vTICzBPfD3Ds,ip C段白名单,6
0011,2026-08-24,LKUS_register,feature_P5eYl9a699fA,ip白名单,6
0011,2026-08-24,LKUS_register,feature_yo8MLsBsGIsV,三方unionId白名单,6
0011,2026-08-24,LKUS_register,feature_kqtp6XVcXXiQ,手机号白名单,6
0011,2026-08-24,LKUS_register,feature_5caBWmAHDcCQ,邮箱白名单,6
0011,2026-08-24,LKUS_register,feature_K0JuGvXPoQsS,网关uid白名单,6
0011,2026-08-24,LKUS_register,feature_3CSh3LRVobu7,手机号黑名单,6
0011,2026-08-24,LKUS_register,feature_jkeS0N10RDAn,网关uid黑名单,6
0011,2026-08-24,LKUS_register,feature_7qCVo92BIECU,三方unionId黑名单,6
0011,2026-08-24,LKUS_register,feature_9tl8mW2Gembc,邮箱黑名单,6
0011,2026-08-24,LKUS_register,feature_XtxCPW1x9QTU,ip C段黑名单,6
0011,2026-08-24,LKUS_register,feature_g43LuQcahzCJ,用户编号黑名单,6
0011,2026-08-24,LKUS_register,feature_cOkhRQVI91IV,ip黑名单,6
0011,2026-08-24,LKUS_physical_order_create,feature_TLXI8MNiNglz,reCAPTCHA V3风险分,30
0011,2026-08-24,LKUS_payment,feature_TLXI8MNiNglz,reCAPTCHA V3风险分,32
0011,2026-08-24,LKUS_physical_order_cancel,feature_oxYJ6qJ3BAfv,用户编号白名单,2
0011,2026-08-24,LKUS_physical_order_cancel,feature_vTICzBPfD3Ds,ip C段白名单,2
0011,2026-08-24,LKUS_physical_order_cancel,feature_P5eYl9a699fA,ip白名单,2
0011,2026-08-24,LKUS_physical_order_cancel,feature_yo8MLsBsGIsV,三方unionId白名单,2
0011,2026-08-24,LKUS_physical_order_cancel,feature_kqtp6XVcXXiQ,手机号白名单,2
0011,2026-08-24,LKUS_physical_order_cancel,feature_5caBWmAHDcCQ,邮箱白名单,2
0011,2026-08-24,LKUS_physical_order_cancel,feature_K0JuGvXPoQsS,网关uid白名单,2
0011,2026-08-24,LKUS_physical_order_cancel,feature_3CSh3LRVobu7,手机号黑名单,2
0011,2026-08-24,LKUS_physical_order_cancel,feature_jkeS0N10RDAn,网关uid黑名单,2
0011,2026-08-24,LKUS_physical_order_cancel,feature_7qCVo92BIECU,三方unionId黑名单,2
0011,2026-08-24,LKUS_physical_order_cancel,feature_9tl8mW2Gembc,邮箱黑名单,2
0011,2026-08-24,LKUS_physical_order_cancel,feature_XtxCPW1x9QTU,ip C段黑名单,2
0011,2026-08-24,LKUS_physical_order_cancel,feature_g43LuQcahzCJ,用户编号黑名单,2
0011,2026-08-24,LKUS_physical_order_cancel,feature_cOkhRQVI91IV,ip黑名单,2
0011,2026-08-24,LKUS_login,feature_TLXI8MNiNglz,reCAPTCHA V3风险分,4
0011,2026-08-25,LKUS_login,feature_vTICzBPfD3Ds,ip C段白名单,21
0011,2026-08-25,LKUS_login,feature_oxYJ6qJ3BAfv,用户编号白名单,21
0011,2026-08-25,LKUS_login,feature_P5eYl9a699fA,ip白名单,21
0011,2026-08-25,LKUS_login,feature_yo8MLsBsGIsV,三方unionId白名单,21
0011,2026-08-25,LKUS_login,feature_kqtp6XVcXXiQ,手机号白名单,21
0011,2026-08-25,LKUS_login,feature_K0JuGvXPoQsS,网关uid白名单,21
0011,2026-08-25,LKUS_login,feature_5caBWmAHDcCQ,邮箱白名单,21
0011,2026-08-25,LKUS_login,feature_3CSh3LRVobu7,手机号黑名单,21
0011,2026-08-25,LKUS_login,feature_jkeS0N10RDAn,网关uid黑名单,21
0011,2026-08-25,LKUS_login,feature_7qCVo92BIECU,三方unionId黑名单,21
0011,2026-08-25,LKUS_login,feature_9tl8mW2Gembc,邮箱黑名单,21
0011,2026-08-25,LKUS_login,feature_g43LuQcahzCJ,用户编号黑名单,21
0011,2026-08-25,LKUS_login,feature_cOkhRQVI91IV,ip黑名单,21
0011,2026-08-25,LKUS_login,feature_XtxCPW1x9QTU,ip C段黑名单,21
0011,2026-08-25,LKUS_login,feature_MHv7nra5Z6T5,reCAPTCHA V3 token是否有效,21
0011,2026-08-25,LKUS_push,feature_vTICzBPfD3Ds,ip C段白名单,22
0011,2026-08-25,LKUS_push,feature_oxYJ6qJ3BAfv,用户编号白名单,22
0011,2026-08-25,LKUS_push,feature_P5eYl9a699fA,ip白名单,22
0011,2026-08-25,LKUS_push,feature_yo8MLsBsGIsV,三方unionId白名单,22
0011,2026-08-25,LKUS_push,feature_kqtp6XVcXXiQ,手机号白名单,22
0011,2026-08-25,LKUS_push,feature_K0JuGvXPoQsS,网关uid白名单,22
0011,2026-08-25,LKUS_push,feature_5caBWmAHDcCQ,邮箱白名单,22
0011,2026-08-25,LKUS_push,feature_Fik6gvwY1tA6,手机号近1天的访问次数,22
0011,2026-08-25,LKUS_push,feature_3CSh3LRVobu7,手机号黑名单,22
0011,2026-08-25,LKUS_push,feature_jkeS0N10RDAn,网关uid黑名单,22
0011,2026-08-25,LKUS_push,feature_7qCVo92BIECU,三方unionId黑名单,22
0011,2026-08-25,LKUS_push,feature_9tl8mW2Gembc,邮箱黑名单,22
0011,2026-08-25,LKUS_push,feature_g43LuQcahzCJ,用户编号黑名单,22
0011,2026-08-25,LKUS_push,feature_cOkhRQVI91IV,ip黑名单,22
0011,2026-08-25,LKUS_push,feature_XtxCPW1x9QTU,ip C段黑名单,22
0011,2026-08-25,LKUS_push,feature_r1bhlQnbfRHb,IP近60分钟关联的手机号个数,22
0011,2026-08-25,LKUS_push,feature_MHv7nra5Z6T5,reCAPTCHA V3 token是否有效,22
0011,2026-08-25,LKUS_push,feature_pf88qk27w76j,区号近5分钟的访问次数,22
0011,2026-08-25,LKUS_push,feature_53Ck9TgChpTW,IP近5分钟关联的手机号个数,22
0011,2026-08-25,LKUS_push,feature_lydpDiga6SB9,手机号近5分钟的访问次数,22
0011,2026-08-25,LKUS_push,feature_Wg4dZ6VJBuTb,IP近1分钟关联的手机号个数,22
0011,2026-08-25,LKUS_push,feature_SdA1CjZvNCMG,区号近1分钟的访问次数,22
0011,2026-08-25,LKUS_push,feature_YkpmaKaJhcdG,区号近1天内的访问次数,22
0011,2026-08-25,LKUS_push,feature_TGPe0mjAPwR5,IP近60分钟关联的国家区号个数,22
0011,2026-08-25,LKUS_push,feature_7DbBgowc2mEl,IP近1分钟的访问次数,22
0011,2026-08-25,LKUS_push,feature_JaT2oyzVtD0q,手机号近1分钟的访问次数,22
0011,2026-08-25,LKUS_push,feature_UOJYBEifd5Jn,区号近60分钟的访问次数,22
0011,2026-08-25,LKUS_physical_order_create,feature_vTICzBPfD3Ds,ip C段白名单,81
0011,2026-08-25,LKUS_physical_order_create,feature_oxYJ6qJ3BAfv,用户编号白名单,81
0011,2026-08-25,LKUS_physical_order_create,feature_P5eYl9a699fA,ip白名单,81
0011,2026-08-25,LKUS_physical_order_create,feature_yo8MLsBsGIsV,三方unionId白名单,81
0011,2026-08-25,LKUS_physical_order_create,feature_kqtp6XVcXXiQ,手机号白名单,81
0011,2026-08-25,LKUS_physical_order_create,feature_K0JuGvXPoQsS,网关uid白名单,81
0011,2026-08-25,LKUS_physical_order_create,feature_5caBWmAHDcCQ,邮箱白名单,81
0011,2026-08-25,LKUS_physical_order_create,feature_3CSh3LRVobu7,手机号黑名单,75
0011,2026-08-25,LKUS_physical_order_create,feature_jkeS0N10RDAn,网关uid黑名单,75
0011,2026-08-25,LKUS_physical_order_create,feature_7qCVo92BIECU,三方unionId黑名单,75
0011,2026-08-25,LKUS_physical_order_create,feature_9tl8mW2Gembc,邮箱黑名单,75
0011,2026-08-25,LKUS_physical_order_create,feature_g43LuQcahzCJ,用户编号黑名单,75
0011,2026-08-25,LKUS_physical_order_create,feature_cOkhRQVI91IV,ip黑名单,75
0011,2026-08-25,LKUS_physical_order_create,feature_XtxCPW1x9QTU,ip C段黑名单,75
0011,2026-08-25,LKUS_physical_order_create,feature_MHv7nra5Z6T5,reCAPTCHA V3 token是否有效,75
0011,2026-08-25,LKUS_payment,feature_vTICzBPfD3Ds,ip C段白名单,83
0011,2026-08-25,LKUS_payment,feature_oxYJ6qJ3BAfv,用户编号白名单,83
0011,2026-08-25,LKUS_payment,feature_P5eYl9a699fA,ip白名单,83
0011,2026-08-25,LKUS_payment,feature_yo8MLsBsGIsV,三方unionId白名单,83
0011,2026-08-25,LKUS_payment,feature_kqtp6XVcXXiQ,手机号白名单,83
0011,2026-08-25,LKUS_payment,feature_K0JuGvXPoQsS,网关uid白名单,83
0011,2026-08-25,LKUS_payment,feature_5caBWmAHDcCQ,邮箱白名单,83
0011,2026-08-25,LKUS_payment,feature_3CSh3LRVobu7,手机号黑名单,77
0011,2026-08-25,LKUS_payment,feature_jkeS0N10RDAn,网关uid黑名单,77
0011,2026-08-25,LKUS_payment,feature_7qCVo92BIECU,三方unionId黑名单,77
0011,2026-08-25,LKUS_payment,feature_9tl8mW2Gembc,邮箱黑名单,77
0011,2026-08-25,LKUS_payment,feature_g43LuQcahzCJ,用户编号黑名单,77
0011,2026-08-25,LKUS_payment,feature_cOkhRQVI91IV,ip黑名单,77
0011,2026-08-25,LKUS_payment,feature_XtxCPW1x9QTU,ip C段黑名单,77
0011,2026-08-25,LKUS_payment,feature_MHv7nra5Z6T5,reCAPTCHA V3 token是否有效,77
0011,2026-08-25,LKUS_register,feature_vTICzBPfD3Ds,ip C段白名单,8
0011,2026-08-25,LKUS_register,feature_oxYJ6qJ3BAfv,用户编号白名单,8
0011,2026-08-25,LKUS_register,feature_P5eYl9a699fA,ip白名单,8
0011,2026-08-25,LKUS_register,feature_yo8MLsBsGIsV,三方unionId白名单,8
0011,2026-08-25,LKUS_register,feature_kqtp6XVcXXiQ,手机号白名单,8
0011,2026-08-25,LKUS_register,feature_K0JuGvXPoQsS,网关uid白名单,8
0011,2026-08-25,LKUS_register,feature_5caBWmAHDcCQ,邮箱白名单,8
0011,2026-08-25,LKUS_register,feature_3CSh3LRVobu7,手机号黑名单,8
0011,2026-08-25,LKUS_register,feature_jkeS0N10RDAn,网关uid黑名单,8
0011,2026-08-25,LKUS_register,feature_7qCVo92BIECU,三方unionId黑名单,8
0011,2026-08-25,LKUS_register,feature_9tl8mW2Gembc,邮箱黑名单,8
0011,2026-08-25,LKUS_register,feature_g43LuQcahzCJ,用户编号黑名单,8
0011,2026-08-25,LKUS_register,feature_cOkhRQVI91IV,ip黑名单,8
0011,2026-08-25,LKUS_register,feature_XtxCPW1x9QTU,ip C段黑名单,8
0011,2026-08-25,LKUS_grant_new_user_coupon,feature_vTICzBPfD3Ds,ip C段白名单,8
0011,2026-08-25,LKUS_grant_new_user_coupon,feature_oxYJ6qJ3BAfv,用户编号白名单,8
0011,2026-08-25,LKUS_grant_new_user_coupon,feature_P5eYl9a699fA,ip白名单,8
0011,2026-08-25,LKUS_grant_new_user_coupon,feature_yo8MLsBsGIsV,三方unionId白名单,8
0011,2026-08-25,LKUS_grant_new_user_coupon,feature_kqtp6XVcXXiQ,手机号白名单,8
0011,2026-08-25,LKUS_grant_new_user_coupon,feature_K0JuGvXPoQsS,网关uid白名单,8
0011,2026-08-25,LKUS_grant_new_user_coupon,feature_5caBWmAHDcCQ,邮箱白名单,8
0011,2026-08-25,LKUS_grant_new_user_coupon,feature_3CSh3LRVobu7,手机号黑名单,8
0011,2026-08-25,LKUS_grant_new_user_coupon,feature_jkeS0N10RDAn,网关uid黑名单,8
0011,2026-08-25,LKUS_grant_new_user_coupon,feature_7qCVo92BIECU,三方unionId黑名单,8
0011,2026-08-25,LKUS_grant_new_user_coupon,feature_9tl8mW2Gembc,邮箱黑名单,8
0011,2026-08-25,LKUS_grant_new_user_coupon,feature_g43LuQcahzCJ,用户编号黑名单,8
0011,2026-08-25,LKUS_grant_new_user_coupon,feature_cOkhRQVI91IV,ip黑名单,8
0011,2026-08-25,LKUS_grant_new_user_coupon,feature_XtxCPW1x9QTU,ip C段黑名单,8
0011,2026-08-25,LKUS_physical_order_cancel,feature_vTICzBPfD3Ds,ip C段白名单,1
0011,2026-08-25,LKUS_physical_order_cancel,feature_oxYJ6qJ3BAfv,用户编号白名单,1
0011,2026-08-25,LKUS_physical_order_cancel,feature_P5eYl9a699fA,ip白名单,1
0011,2026-08-25,LKUS_physical_order_cancel,feature_yo8MLsBsGIsV,三方unionId白名单,1
0011,2026-08-25,LKUS_physical_order_cancel,feature_kqtp6XVcXXiQ,手机号白名单,1
0011,2026-08-25,LKUS_physical_order_cancel,feature_K0JuGvXPoQsS,网关uid白名单,1
0011,2026-08-25,LKUS_physical_order_cancel,feature_5caBWmAHDcCQ,邮箱白名单,1
0011,2026-08-25,LKUS_physical_order_cancel,feature_3CSh3LRVobu7,手机号黑名单,1
0011,2026-08-25,LKUS_physical_order_cancel,feature_jkeS0N10RDAn,网关uid黑名单,1
0011,2026-08-25,LKUS_physical_order_cancel,feature_7qCVo92BIECU,三方unionId黑名单,1
0011,2026-08-25,LKUS_physical_order_cancel,feature_9tl8mW2Gembc,邮箱黑名单,1
0011,2026-08-25,LKUS_physical_order_cancel,feature_g43LuQcahzCJ,用户编号黑名单,1
0011,2026-08-25,LKUS_physical_order_cancel,feature_cOkhRQVI91IV,ip黑名单,1
0011,2026-08-25,LKUS_physical_order_cancel,feature_XtxCPW1x9QTU,ip C段黑名单,1
0011,2026-08-26,LKUS_payment,feature_vTICzBPfD3Ds,ip C段白名单,103
0011,2026-08-26,LKUS_payment,feature_oxYJ6qJ3BAfv,用户编号白名单,103
0011,2026-08-26,LKUS_payment,feature_P5eYl9a699fA,ip白名单,103
0011,2026-08-26,LKUS_payment,feature_yo8MLsBsGIsV,三方unionId白名单,103
0011,2026-08-26,LKUS_payment,feature_kqtp6XVcXXiQ,手机号白名单,103
0011,2026-08-26,LKUS_payment,feature_K0JuGvXPoQsS,网关uid白名单,103
0011,2026-08-26,LKUS_payment,feature_5caBWmAHDcCQ,邮箱白名单,103
0011,2026-08-26,LKUS_payment,feature_3CSh3LRVobu7,手机号黑名单,86
0011,2026-08-26,LKUS_payment,feature_jkeS0N10RDAn,网关uid黑名单,86
0011,2026-08-26,LKUS_payment,feature_7qCVo92BIECU,三方unionId黑名单,86
0011,2026-08-26,LKUS_payment,feature_9tl8mW2Gembc,邮箱黑名单,86
0011,2026-08-26,LKUS_payment,feature_g43LuQcahzCJ,用户编号黑名单,86
0011,2026-08-26,LKUS_payment,feature_cOkhRQVI91IV,ip黑名单,86
0011,2026-08-26,LKUS_payment,feature_XtxCPW1x9QTU,ip C段黑名单,86
0011,2026-08-26,LKUS_payment,feature_MHv7nra5Z6T5,reCAPTCHA V3 token是否有效,86
0011,2026-08-26,LKUS_physical_order_create,feature_vTICzBPfD3Ds,ip C段白名单,97
0011,2026-08-26,LKUS_physical_order_create,feature_oxYJ6qJ3BAfv,用户编号白名单,97
0011,2026-08-26,LKUS_physical_order_create,feature_P5eYl9a699fA,ip白名单,97
0011,2026-08-26,LKUS_physical_order_create,feature_yo8MLsBsGIsV,三方unionId白名单,97
0011,2026-08-26,LKUS_physical_order_create,feature_kqtp6XVcXXiQ,手机号白名单,97
0011,2026-08-26,LKUS_physical_order_create,feature_K0JuGvXPoQsS,网关uid白名单,97
0011,2026-08-26,LKUS_physical_order_create,feature_5caBWmAHDcCQ,邮箱白名单,97
0011,2026-08-26,LKUS_physical_order_create,feature_3CSh3LRVobu7,手机号黑名单,82
0011,2026-08-26,LKUS_physical_order_create,feature_jkeS0N10RDAn,网关uid黑名单,82
0011,2026-08-26,LKUS_physical_order_create,feature_7qCVo92BIECU,三方unionId黑名单,82
0011,2026-08-26,LKUS_physical_order_create,feature_9tl8mW2Gembc,邮箱黑名单,82
0011,2026-08-26,LKUS_physical_order_create,feature_g43LuQcahzCJ,用户编号黑名单,82
0011,2026-08-26,LKUS_physical_order_create,feature_cOkhRQVI91IV,ip黑名单,82
0011,2026-08-26,LKUS_physical_order_create,feature_XtxCPW1x9QTU,ip C段黑名单,82
0011,2026-08-26,LKUS_physical_order_create,feature_MHv7nra5Z6T5,reCAPTCHA V3 token是否有效,82
0011,2026-08-26,LKUS_push,feature_vTICzBPfD3Ds,ip C段白名单,20
0011,2026-08-26,LKUS_push,feature_oxYJ6qJ3BAfv,用户编号白名单,20
0011,2026-08-26,LKUS_push,feature_P5eYl9a699fA,ip白名单,20
0011,2026-08-26,LKUS_push,feature_yo8MLsBsGIsV,三方unionId白名单,20
0011,2026-08-26,LKUS_push,feature_kqtp6XVcXXiQ,手机号白名单,20
0011,2026-08-26,LKUS_push,feature_K0JuGvXPoQsS,网关uid白名单,20
0011,2026-08-26,LKUS_push,feature_5caBWmAHDcCQ,邮箱白名单,20
0011,2026-08-26,LKUS_push,feature_Fik6gvwY1tA6,手机号近1天的访问次数,20
0011,2026-08-26,LKUS_push,feature_3CSh3LRVobu7,手机号黑名单,19
0011,2026-08-26,LKUS_push,feature_jkeS0N10RDAn,网关uid黑名单,19
0011,2026-08-26,LKUS_push,feature_7qCVo92BIECU,三方unionId黑名单,19
0011,2026-08-26,LKUS_push,feature_9tl8mW2Gembc,邮箱黑名单,19
0011,2026-08-26,LKUS_push,feature_g43LuQcahzCJ,用户编号黑名单,19
0011,2026-08-26,LKUS_push,feature_cOkhRQVI91IV,ip黑名单,19
0011,2026-08-26,LKUS_push,feature_XtxCPW1x9QTU,ip C段黑名单,19
0011,2026-08-26,LKUS_push,feature_SdA1CjZvNCMG,区号近1分钟的访问次数,19
0011,2026-08-26,LKUS_push,feature_53Ck9TgChpTW,IP近5分钟关联的手机号个数,19
0011,2026-08-26,LKUS_push,feature_Wg4dZ6VJBuTb,IP近1分钟关联的手机号个数,19
0011,2026-08-26,LKUS_push,feature_TGPe0mjAPwR5,IP近60分钟关联的国家区号个数,19
0011,2026-08-26,LKUS_push,feature_7DbBgowc2mEl,IP近1分钟的访问次数,19
0011,2026-08-26,LKUS_push,feature_UOJYBEifd5Jn,区号近60分钟的访问次数,19
0011,2026-08-26,LKUS_push,feature_JaT2oyzVtD0q,手机号近1分钟的访问次数,19
0011,2026-08-26,LKUS_push,feature_pf88qk27w76j,区号近5分钟的访问次数,19
0011,2026-08-26,LKUS_push,feature_r1bhlQnbfRHb,IP近60分钟关联的手机号个数,19
0011,2026-08-26,LKUS_push,feature_MHv7nra5Z6T5,reCAPTCHA V3 token是否有效,19
0011,2026-08-26,LKUS_push,feature_YkpmaKaJhcdG,区号近1天内的访问次数,19
0011,2026-08-26,LKUS_push,feature_lydpDiga6SB9,手机号近5分钟的访问次数,19
0011,2026-08-26,LKUS_register,feature_vTICzBPfD3Ds,ip C段白名单,9
0011,2026-08-26,LKUS_register,feature_oxYJ6qJ3BAfv,用户编号白名单,9
0011,2026-08-26,LKUS_register,feature_P5eYl9a699fA,ip白名单,9
0011,2026-08-26,LKUS_register,feature_yo8MLsBsGIsV,三方unionId白名单,9
0011,2026-08-26,LKUS_register,feature_kqtp6XVcXXiQ,手机号白名单,9
0011,2026-08-26,LKUS_register,feature_K0JuGvXPoQsS,网关uid白名单,9
0011,2026-08-26,LKUS_register,feature_5caBWmAHDcCQ,邮箱白名单,9
0011,2026-08-26,LKUS_register,feature_3CSh3LRVobu7,手机号黑名单,9
0011,2026-08-26,LKUS_register,feature_jkeS0N10RDAn,网关uid黑名单,9
0011,2026-08-26,LKUS_register,feature_7qCVo92BIECU,三方unionId黑名单,9
0011,2026-08-26,LKUS_register,feature_9tl8mW2Gembc,邮箱黑名单,9
0011,2026-08-26,LKUS_register,feature_g43LuQcahzCJ,用户编号黑名单,9
0011,2026-08-26,LKUS_register,feature_cOkhRQVI91IV,ip黑名单,9
0011,2026-08-26,LKUS_register,feature_XtxCPW1x9QTU,ip C段黑名单,9
0011,2026-08-26,LKUS_login,feature_vTICzBPfD3Ds,ip C段白名单,8
0011,2026-08-26,LKUS_login,feature_oxYJ6qJ3BAfv,用户编号白名单,8
0011,2026-08-26,LKUS_login,feature_P5eYl9a699fA,ip白名单,8
0011,2026-08-26,LKUS_login,feature_yo8MLsBsGIsV,三方unionId白名单,8
0011,2026-08-26,LKUS_login,feature_kqtp6XVcXXiQ,手机号白名单,8
0011,2026-08-26,LKUS_login,feature_K0JuGvXPoQsS,网关uid白名单,8
0011,2026-08-26,LKUS_login,feature_5caBWmAHDcCQ,邮箱白名单,8
0011,2026-08-26,LKUS_login,feature_3CSh3LRVobu7,手机号黑名单,7
0011,2026-08-26,LKUS_login,feature_jkeS0N10RDAn,网关uid黑名单,7
0011,2026-08-26,LKUS_login,feature_7qCVo92BIECU,三方unionId黑名单,7
0011,2026-08-26,LKUS_login,feature_9tl8mW2Gembc,邮箱黑名单,7
0011,2026-08-26,LKUS_login,feature_g43LuQcahzCJ,用户编号黑名单,7
0011,2026-08-26,LKUS_login,feature_cOkhRQVI91IV,ip黑名单,7
0011,2026-08-26,LKUS_login,feature_XtxCPW1x9QTU,ip C段黑名单,7
0011,2026-08-26,LKUS_login,feature_MHv7nra5Z6T5,reCAPTCHA V3 token是否有效,7
0011,2026-08-26,LKUS_grant_new_user_coupon,feature_vTICzBPfD3Ds,ip C段白名单,7
0011,2026-08-26,LKUS_grant_new_user_coupon,feature_oxYJ6qJ3BAfv,用户编号白名单,7
0011,2026-08-26,LKUS_grant_new_user_coupon,feature_P5eYl9a699fA,ip白名单,7
0011,2026-08-26,LKUS_grant_new_user_coupon,feature_yo8MLsBsGIsV,三方unionId白名单,7
0011,2026-08-26,LKUS_grant_new_user_coupon,feature_kqtp6XVcXXiQ,手机号白名单,7
0011,2026-08-26,LKUS_grant_new_user_coupon,feature_K0JuGvXPoQsS,网关uid白名单,7
0011,2026-08-26,LKUS_grant_new_user_coupon,feature_5caBWmAHDcCQ,邮箱白名单,7
0011,2026-08-26,LKUS_grant_new_user_coupon,feature_3CSh3LRVobu7,手机号黑名单,7
0011,2026-08-26,LKUS_grant_new_user_coupon,feature_jkeS0N10RDAn,网关uid黑名单,7
0011,2026-08-26,LKUS_grant_new_user_coupon,feature_7qCVo92BIECU,三方unionId黑名单,7
0011,2026-08-26,LKUS_grant_new_user_coupon,feature_9tl8mW2Gembc,邮箱黑名单,7
0011,2026-08-26,LKUS_grant_new_user_coupon,feature_g43LuQcahzCJ,用户编号黑名单,7
0011,2026-08-26,LKUS_grant_new_user_coupon,feature_cOkhRQVI91IV,ip黑名单,7
0011,2026-08-26,LKUS_grant_new_user_coupon,feature_XtxCPW1x9QTU,ip C段黑名单,7
0011,2026-08-26,LKUS_physical_order_cancel,feature_vTICzBPfD3Ds,ip C段白名单,2
0011,2026-08-26,LKUS_physical_order_cancel,feature_oxYJ6qJ3BAfv,用户编号白名单,2
0011,2026-08-26,LKUS_physical_order_cancel,feature_P5eYl9a699fA,ip白名单,2
0011,2026-08-26,LKUS_physical_order_cancel,feature_yo8MLsBsGIsV,三方unionId白名单,2
0011,2026-08-26,LKUS_physical_order_cancel,feature_kqtp6XVcXXiQ,手机号白名单,2
0011,2026-08-26,LKUS_physical_order_cancel,feature_K0JuGvXPoQsS,网关uid白名单,2
0011,2026-08-26,LKUS_physical_order_cancel,feature_5caBWmAHDcCQ,邮箱白名单,2
0011,2026-08-26,LKUS_physical_order_cancel,feature_3CSh3LRVobu7,手机号黑名单,2
0011,2026-08-26,LKUS_physical_order_cancel,feature_jkeS0N10RDAn,网关uid黑名单,2
0011,2026-08-26,LKUS_physical_order_cancel,feature_7qCVo92BIECU,三方unionId黑名单,2
0011,2026-08-26,LKUS_physical_order_cancel,feature_9tl8mW2Gembc,邮箱黑名单,2
0011,2026-08-26,LKUS_physical_order_cancel,feature_g43LuQcahzCJ,用户编号黑名单,2
0011,2026-08-26,LKUS_physical_order_cancel,feature_cOkhRQVI91IV,ip黑名单,2
0011,2026-08-26,LKUS_physical_order_cancel,feature_XtxCPW1x9QTU,ip C段黑名单,2
0011,2026-08-27,LKUS_push,feature_oxYJ6qJ3BAfv,用户编号白名单,15
0011,2026-08-27,LKUS_push,feature_P5eYl9a699fA,ip白名单,15
0011,2026-08-27,LKUS_push,feature_vTICzBPfD3Ds,ip C段白名单,15
0011,2026-08-27,LKUS_push,feature_yo8MLsBsGIsV,三方unionId白名单,15
0011,2026-08-27,LKUS_push,feature_kqtp6XVcXXiQ,手机号白名单,15
0011,2026-08-27,LKUS_push,feature_5caBWmAHDcCQ,邮箱白名单,15
0011,2026-08-27,LKUS_push,feature_K0JuGvXPoQsS,网关uid白名单,15
0011,2026-08-27,LKUS_push,feature_Fik6gvwY1tA6,手机号近1天的访问次数,15
0011,2026-08-27,LKUS_push,feature_3CSh3LRVobu7,手机号黑名单,14
0011,2026-08-27,LKUS_push,feature_jkeS0N10RDAn,网关uid黑名单,14
0011,2026-08-27,LKUS_push,feature_7qCVo92BIECU,三方unionId黑名单,14
0011,2026-08-27,LKUS_push,feature_9tl8mW2Gembc,邮箱黑名单,14
0011,2026-08-27,LKUS_push,feature_g43LuQcahzCJ,用户编号黑名单,14
0011,2026-08-27,LKUS_push,feature_XtxCPW1x9QTU,ip C段黑名单,14
0011,2026-08-27,LKUS_push,feature_cOkhRQVI91IV,ip黑名单,14
0011,2026-08-27,LKUS_push,feature_JaT2oyzVtD0q,手机号近1分钟的访问次数,14
0011,2026-08-27,LKUS_push,feature_YkpmaKaJhcdG,区号近1天内的访问次数,14
0011,2026-08-27,LKUS_push,feature_TGPe0mjAPwR5,IP近60分钟关联的国家区号个数,14
0011,2026-08-27,LKUS_push,feature_Wg4dZ6VJBuTb,IP近1分钟关联的手机号个数,14
0011,2026-08-27,LKUS_push,feature_7DbBgowc2mEl,IP近1分钟的访问次数,14
0011,2026-08-27,LKUS_push,feature_MHv7nra5Z6T5,reCAPTCHA V3 token是否有效,1
0011,2026-08-27,LKUS_push,feature_SdA1CjZvNCMG,区号近1分钟的访问次数,14
0011,2026-08-27,LKUS_push,feature_53Ck9TgChpTW,IP近5分钟关联的手机号个数,14
0011,2026-08-27,LKUS_push,feature_lydpDiga6SB9,手机号近5分钟的访问次数,14
0011,2026-08-27,LKUS_push,feature_r1bhlQnbfRHb,IP近60分钟关联的手机号个数,14
0011,2026-08-27,LKUS_push,feature_pf88qk27w76j,区号近5分钟的访问次数,14
0011,2026-08-27,LKUS_push,feature_UOJYBEifd5Jn,区号近60分钟的访问次数,14
0011,2026-08-27,LKUS_payment,feature_oxYJ6qJ3BAfv,用户编号白名单,72
0011,2026-08-27,LKUS_payment,feature_vTICzBPfD3Ds,ip C段白名单,72
0011,2026-08-27,LKUS_payment,feature_P5eYl9a699fA,ip白名单,72
0011,2026-08-27,LKUS_payment,feature_yo8MLsBsGIsV,三方unionId白名单,72
0011,2026-08-27,LKUS_payment,feature_kqtp6XVcXXiQ,手机号白名单,72
0011,2026-08-27,LKUS_payment,feature_K0JuGvXPoQsS,网关uid白名单,72
0011,2026-08-27,LKUS_payment,feature_5caBWmAHDcCQ,邮箱白名单,72
0011,2026-08-27,LKUS_payment,feature_3CSh3LRVobu7,手机号黑名单,62
0011,2026-08-27,LKUS_payment,feature_jkeS0N10RDAn,网关uid黑名单,62
0011,2026-08-27,LKUS_payment,feature_7qCVo92BIECU,三方unionId黑名单,62
0011,2026-08-27,LKUS_payment,feature_9tl8mW2Gembc,邮箱黑名单,62
0011,2026-08-27,LKUS_payment,feature_g43LuQcahzCJ,用户编号黑名单,62
0011,2026-08-27,LKUS_payment,feature_cOkhRQVI91IV,ip黑名单,62
0011,2026-08-27,LKUS_payment,feature_XtxCPW1x9QTU,ip C段黑名单,62
0011,2026-08-27,LKUS_payment,feature_TLXI8MNiNglz,reCAPTCHA V3风险分,62
0011,2026-08-27,LKUS_physical_order_create,feature_vTICzBPfD3Ds,ip C段白名单,75
0011,2026-08-27,LKUS_physical_order_create,feature_oxYJ6qJ3BAfv,用户编号白名单,75
0011,2026-08-27,LKUS_physical_order_create,feature_P5eYl9a699fA,ip白名单,75
0011,2026-08-27,LKUS_physical_order_create,feature_yo8MLsBsGIsV,三方unionId白名单,75
0011,2026-08-27,LKUS_physical_order_create,feature_kqtp6XVcXXiQ,手机号白名单,75
0011,2026-08-27,LKUS_physical_order_create,feature_K0JuGvXPoQsS,网关uid白名单,75
0011,2026-08-27,LKUS_physical_order_create,feature_5caBWmAHDcCQ,邮箱白名单,75
0011,2026-08-27,LKUS_physical_order_create,feature_3CSh3LRVobu7,手机号黑名单,65
0011,2026-08-27,LKUS_physical_order_create,feature_jkeS0N10RDAn,网关uid黑名单,65
0011,2026-08-27,LKUS_physical_order_create,feature_7qCVo92BIECU,三方unionId黑名单,65
0011,2026-08-27,LKUS_physical_order_create,feature_9tl8mW2Gembc,邮箱黑名单,65
0011,2026-08-27,LKUS_physical_order_create,feature_XtxCPW1x9QTU,ip C段黑名单,65
0011,2026-08-27,LKUS_physical_order_create,feature_cOkhRQVI91IV,ip黑名单,65
0011,2026-08-27,LKUS_physical_order_create,feature_g43LuQcahzCJ,用户编号黑名单,65
0011,2026-08-27,LKUS_physical_order_create,feature_TLXI8MNiNglz,reCAPTCHA V3风险分,65
0011,2026-08-27,LKUS_push,feature_TLXI8MNiNglz,reCAPTCHA V3风险分,13
0011,2026-08-27,LKUS_register,feature_vTICzBPfD3Ds,ip C段白名单,6
0011,2026-08-27,LKUS_register,feature_oxYJ6qJ3BAfv,用户编号白名单,6
0011,2026-08-27,LKUS_register,feature_P5eYl9a699fA,ip白名单,6
0011,2026-08-27,LKUS_register,feature_yo8MLsBsGIsV,三方unionId白名单,6
0011,2026-08-27,LKUS_register,feature_kqtp6XVcXXiQ,手机号白名单,6
0011,2026-08-27,LKUS_register,feature_K0JuGvXPoQsS,网关uid白名单,6
0011,2026-08-27,LKUS_register,feature_5caBWmAHDcCQ,邮箱白名单,6
0011,2026-08-27,LKUS_register,feature_3CSh3LRVobu7,手机号黑名单,6
0011,2026-08-27,LKUS_register,feature_jkeS0N10RDAn,网关uid黑名单,6
0011,2026-08-27,LKUS_register,feature_7qCVo92BIECU,三方unionId黑名单,6
0011,2026-08-27,LKUS_register,feature_9tl8mW2Gembc,邮箱黑名单,6
0011,2026-08-27,LKUS_register,feature_XtxCPW1x9QTU,ip C段黑名单,6
0011,2026-08-27,LKUS_register,feature_cOkhRQVI91IV,ip黑名单,6
0011,2026-08-27,LKUS_register,feature_g43LuQcahzCJ,用户编号黑名单,6
0011,2026-08-27,LKUS_push,feature_Ym70ZsfxQKSc,一小时请求量,12
0011,2026-08-27,LKUS_push,feature_6qwgYPGGuJZ4,IPC段近10分钟关联的手机号个数,12
0011,2026-08-27,LKUS_push,feature_dqBHKec09Wwa,同区号近60分钟未携带recaptchaV3token 访问次数,12
0011,2026-08-27,LKUS_push,feature_nnsdzZLQKPZ7,IP近10分钟关联的手机号个数,12
0011,2026-08-27,LKUS_push,feature_n91JeGM6gD6i,同区号近60分钟非美国IP访问次数,12
0011,2026-08-27,LKUS_push,feature_WxHUxqIN0IuS,同IP近10分钟的访问次数,12
0011,2026-08-27,LKUS_push,feature_IPwzfPamC8eW,同手机号30分钟关联的IP city个数,12
0011,2026-08-27,LKUS_push,feature_hspErCH8fSCE,手机号近30分钟的访问次数,12
0011,2026-08-27,LKUS_login,feature_oxYJ6qJ3BAfv,用户编号白名单,11
0011,2026-08-27,LKUS_login,feature_vTICzBPfD3Ds,ip C段白名单,11
0011,2026-08-27,LKUS_login,feature_P5eYl9a699fA,ip白名单,11
0011,2026-08-27,LKUS_login,feature_yo8MLsBsGIsV,三方unionId白名单,11
0011,2026-08-27,LKUS_login,feature_kqtp6XVcXXiQ,手机号白名单,11
0011,2026-08-27,LKUS_login,feature_K0JuGvXPoQsS,网关uid白名单,11
0011,2026-08-27,LKUS_login,feature_5caBWmAHDcCQ,邮箱白名单,11
0011,2026-08-27,LKUS_login,feature_3CSh3LRVobu7,手机号黑名单,10
0011,2026-08-27,LKUS_login,feature_jkeS0N10RDAn,网关uid黑名单,10
0011,2026-08-27,LKUS_login,feature_7qCVo92BIECU,三方unionId黑名单,10
0011,2026-08-27,LKUS_login,feature_9tl8mW2Gembc,邮箱黑名单,10
0011,2026-08-27,LKUS_login,feature_g43LuQcahzCJ,用户编号黑名单,10
0011,2026-08-27,LKUS_login,feature_cOkhRQVI91IV,ip黑名单,10
0011,2026-08-27,LKUS_login,feature_XtxCPW1x9QTU,ip C段黑名单,10
0011,2026-08-27,LKUS_login,feature_TLXI8MNiNglz,reCAPTCHA V3风险分,10
0011,2026-08-27,LKUS_grant_new_user_coupon,feature_oxYJ6qJ3BAfv,用户编号白名单,5
0011,2026-08-27,LKUS_grant_new_user_coupon,feature_vTICzBPfD3Ds,ip C段白名单,5
0011,2026-08-27,LKUS_grant_new_user_coupon,feature_P5eYl9a699fA,ip白名单,5
0011,2026-08-27,LKUS_grant_new_user_coupon,feature_yo8MLsBsGIsV,三方unionId白名单,5
0011,2026-08-27,LKUS_grant_new_user_coupon,feature_kqtp6XVcXXiQ,手机号白名单,5
0011,2026-08-27,LKUS_grant_new_user_coupon,feature_K0JuGvXPoQsS,网关uid白名单,5
0011,2026-08-27,LKUS_grant_new_user_coupon,feature_5caBWmAHDcCQ,邮箱白名单,5
0011,2026-08-27,LKUS_grant_new_user_coupon,feature_3CSh3LRVobu7,手机号黑名单,5
0011,2026-08-27,LKUS_grant_new_user_coupon,feature_jkeS0N10RDAn,网关uid黑名单,5
0011,2026-08-27,LKUS_grant_new_user_coupon,feature_7qCVo92BIECU,三方unionId黑名单,5
0011,2026-08-27,LKUS_grant_new_user_coupon,feature_9tl8mW2Gembc,邮箱黑名单,5
0011,2026-08-27,LKUS_grant_new_user_coupon,feature_g43LuQcahzCJ,用户编号黑名单,5
0011,2026-08-27,LKUS_grant_new_user_coupon,feature_cOkhRQVI91IV,ip黑名单,5
0011,2026-08-27,LKUS_grant_new_user_coupon,feature_XtxCPW1x9QTU,ip C段黑名单,5
0011,2026-08-27,LKUS_physical_order_cancel,feature_vTICzBPfD3Ds,ip C段白名单,1
0011,2026-08-27,LKUS_physical_order_cancel,feature_oxYJ6qJ3BAfv,用户编号白名单,1
0011,2026-08-27,LKUS_physical_order_cancel,feature_P5eYl9a699fA,ip白名单,1
0011,2026-08-27,LKUS_physical_order_cancel,feature_yo8MLsBsGIsV,三方unionId白名单,1
0011,2026-08-27,LKUS_physical_order_cancel,feature_kqtp6XVcXXiQ,手机号白名单,1
0011,2026-08-27,LKUS_physical_order_cancel,feature_K0JuGvXPoQsS,网关uid白名单,1
0011,2026-08-27,LKUS_physical_order_cancel,feature_5caBWmAHDcCQ,邮箱白名单,1
0011,2026-08-27,LKUS_physical_order_cancel,feature_3CSh3LRVobu7,手机号黑名单,1
0011,2026-08-27,LKUS_physical_order_cancel,feature_jkeS0N10RDAn,网关uid黑名单,1
0011,2026-08-27,LKUS_physical_order_cancel,feature_7qCVo92BIECU,三方unionId黑名单,1
0011,2026-08-27,LKUS_physical_order_cancel,feature_9tl8mW2Gembc,邮箱黑名单,1
0011,2026-08-27,LKUS_physical_order_cancel,feature_XtxCPW1x9QTU,ip C段黑名单,1
0011,2026-08-27,LKUS_physical_order_cancel,feature_cOkhRQVI91IV,ip黑名单,1
0011,2026-08-27,LKUS_physical_order_cancel,feature_g43LuQcahzCJ,用户编号黑名单,1
0011,2026-08-28,LKUS_login,feature_vTICzBPfD3Ds,ip C段白名单,18
0011,2026-08-28,LKUS_login,feature_oxYJ6qJ3BAfv,用户编号白名单,18
0011,2026-08-28,LKUS_login,feature_P5eYl9a699fA,ip白名单,18
0011,2026-08-28,LKUS_login,feature_yo8MLsBsGIsV,三方unionId白名单,18
0011,2026-08-28,LKUS_login,feature_kqtp6XVcXXiQ,手机号白名单,18
0011,2026-08-28,LKUS_login,feature_K0JuGvXPoQsS,网关uid白名单,18
0011,2026-08-28,LKUS_login,feature_5caBWmAHDcCQ,邮箱白名单,18
0011,2026-08-28,LKUS_login,feature_3CSh3LRVobu7,手机号黑名单,16
0011,2026-08-28,LKUS_login,feature_jkeS0N10RDAn,网关uid黑名单,16
0011,2026-08-28,LKUS_login,feature_7qCVo92BIECU,三方unionId黑名单,16
0011,2026-08-28,LKUS_login,feature_9tl8mW2Gembc,邮箱黑名单,16
0011,2026-08-28,LKUS_login,feature_XtxCPW1x9QTU,ip C段黑名单,16
0011,2026-08-28,LKUS_login,feature_cOkhRQVI91IV,ip黑名单,16
0011,2026-08-28,LKUS_login,feature_g43LuQcahzCJ,用户编号黑名单,16
0011,2026-08-28,LKUS_login,feature_TLXI8MNiNglz,reCAPTCHA V3风险分,16
0011,2026-08-28,LKUS_physical_order_create,feature_vTICzBPfD3Ds,ip C段白名单,71
0011,2026-08-28,LKUS_physical_order_create,feature_oxYJ6qJ3BAfv,用户编号白名单,71
0011,2026-08-28,LKUS_physical_order_create,feature_P5eYl9a699fA,ip白名单,71
0011,2026-08-28,LKUS_physical_order_create,feature_yo8MLsBsGIsV,三方unionId白名单,71
0011,2026-08-28,LKUS_physical_order_create,feature_kqtp6XVcXXiQ,手机号白名单,71
0011,2026-08-28,LKUS_physical_order_create,feature_K0JuGvXPoQsS,网关uid白名单,71
0011,2026-08-28,LKUS_physical_order_create,feature_5caBWmAHDcCQ,邮箱白名单,71
0011,2026-08-28,LKUS_physical_order_create,feature_3CSh3LRVobu7,手机号黑名单,63
0011,2026-08-28,LKUS_physical_order_create,feature_jkeS0N10RDAn,网关uid黑名单,63
0011,2026-08-28,LKUS_physical_order_create,feature_7qCVo92BIECU,三方unionId黑名单,63
0011,2026-08-28,LKUS_physical_order_create,feature_9tl8mW2Gembc,邮箱黑名单,63
0011,2026-08-28,LKUS_physical_order_create,feature_XtxCPW1x9QTU,ip C段黑名单,63
0011,2026-08-28,LKUS_physical_order_create,feature_cOkhRQVI91IV,ip黑名单,63
0011,2026-08-28,LKUS_physical_order_create,feature_g43LuQcahzCJ,用户编号黑名单,63
0011,2026-08-28,LKUS_physical_order_create,feature_TLXI8MNiNglz,reCAPTCHA V3风险分,63
0011,2026-08-28,LKUS_payment,feature_oxYJ6qJ3BAfv,用户编号白名单,76
0011,2026-08-28,LKUS_payment,feature_vTICzBPfD3Ds,ip C段白名单,76
0011,2026-08-28,LKUS_payment,feature_P5eYl9a699fA,ip白名单,76
0011,2026-08-28,LKUS_payment,feature_yo8MLsBsGIsV,三方unionId白名单,76
0011,2026-08-28,LKUS_payment,feature_kqtp6XVcXXiQ,手机号白名单,76
0011,2026-08-28,LKUS_payment,feature_K0JuGvXPoQsS,网关uid白名单,76
0011,2026-08-28,LKUS_payment,feature_5caBWmAHDcCQ,邮箱白名单,76
0011,2026-08-28,LKUS_payment,feature_3CSh3LRVobu7,手机号黑名单,68
0011,2026-08-28,LKUS_payment,feature_jkeS0N10RDAn,网关uid黑名单,68
0011,2026-08-28,LKUS_payment,feature_7qCVo92BIECU,三方unionId黑名单,68
0011,2026-08-28,LKUS_payment,feature_9tl8mW2Gembc,邮箱黑名单,68
0011,2026-08-28,LKUS_payment,feature_g43LuQcahzCJ,用户编号黑名单,68
0011,2026-08-28,LKUS_payment,feature_cOkhRQVI91IV,ip黑名单,68
0011,2026-08-28,LKUS_payment,feature_XtxCPW1x9QTU,ip C段黑名单,68
0011,2026-08-28,LKUS_payment,feature_TLXI8MNiNglz,reCAPTCHA V3风险分,68
0011,2026-08-28,LKUS_grant_new_user_coupon,feature_oxYJ6qJ3BAfv,用户编号白名单,11
0011,2026-08-28,LKUS_grant_new_user_coupon,feature_vTICzBPfD3Ds,ip C段白名单,11
0011,2026-08-28,LKUS_grant_new_user_coupon,feature_P5eYl9a699fA,ip白名单,11
0011,2026-08-28,LKUS_grant_new_user_coupon,feature_yo8MLsBsGIsV,三方unionId白名单,11
0011,2026-08-28,LKUS_grant_new_user_coupon,feature_kqtp6XVcXXiQ,手机号白名单,11
0011,2026-08-28,LKUS_grant_new_user_coupon,feature_K0JuGvXPoQsS,网关uid白名单,11
0011,2026-08-28,LKUS_grant_new_user_coupon,feature_5caBWmAHDcCQ,邮箱白名单,11
0011,2026-08-28,LKUS_grant_new_user_coupon,feature_3CSh3LRVobu7,手机号黑名单,11
0011,2026-08-28,LKUS_grant_new_user_coupon,feature_jkeS0N10RDAn,网关uid黑名单,11
0011,2026-08-28,LKUS_grant_new_user_coupon,feature_7qCVo92BIECU,三方unionId黑名单,11
0011,2026-08-28,LKUS_grant_new_user_coupon,feature_9tl8mW2Gembc,邮箱黑名单,11
0011,2026-08-28,LKUS_grant_new_user_coupon,feature_g43LuQcahzCJ,用户编号黑名单,11
0011,2026-08-28,LKUS_grant_new_user_coupon,feature_cOkhRQVI91IV,ip黑名单,11
0011,2026-08-28,LKUS_grant_new_user_coupon,feature_XtxCPW1x9QTU,ip C段黑名单,11
0011,2026-08-28,LKUS_push,feature_vTICzBPfD3Ds,ip C段白名单,10
0011,2026-08-28,LKUS_push,feature_oxYJ6qJ3BAfv,用户编号白名单,10
0011,2026-08-28,LKUS_push,feature_P5eYl9a699fA,ip白名单,10
0011,2026-08-28,LKUS_push,feature_yo8MLsBsGIsV,三方unionId白名单,10
0011,2026-08-28,LKUS_push,feature_kqtp6XVcXXiQ,手机号白名单,10
0011,2026-08-28,LKUS_push,feature_K0JuGvXPoQsS,网关uid白名单,10
0011,2026-08-28,LKUS_push,feature_5caBWmAHDcCQ,邮箱白名单,10
0011,2026-08-28,LKUS_push,feature_Fik6gvwY1tA6,手机号近1天的访问次数,10
0011,2026-08-28,LKUS_push,feature_3CSh3LRVobu7,手机号黑名单,10
0011,2026-08-28,LKUS_push,feature_jkeS0N10RDAn,网关uid黑名单,10
0011,2026-08-28,LKUS_push,feature_7qCVo92BIECU,三方unionId黑名单,10
0011,2026-08-28,LKUS_push,feature_9tl8mW2Gembc,邮箱黑名单,10
0011,2026-08-28,LKUS_push,feature_XtxCPW1x9QTU,ip C段黑名单,10
0011,2026-08-28,LKUS_push,feature_cOkhRQVI91IV,ip黑名单,10
0011,2026-08-28,LKUS_push,feature_g43LuQcahzCJ,用户编号黑名单,10
0011,2026-08-28,LKUS_push,feature_TLXI8MNiNglz,reCAPTCHA V3风险分,10
0011,2026-08-28,LKUS_push,feature_JaT2oyzVtD0q,手机号近1分钟的访问次数,10
0011,2026-08-28,LKUS_push,feature_TGPe0mjAPwR5,IP近60分钟关联的国家区号个数,10
0011,2026-08-28,LKUS_push,feature_YkpmaKaJhcdG,区号近1天内的访问次数,10
0011,2026-08-28,LKUS_push,feature_Wg4dZ6VJBuTb,IP近1分钟关联的手机号个数,10
0011,2026-08-28,LKUS_push,feature_SdA1CjZvNCMG,区号近1分钟的访问次数,10
0011,2026-08-28,LKUS_push,feature_7DbBgowc2mEl,IP近1分钟的访问次数,10
0011,2026-08-28,LKUS_push,feature_Ym70ZsfxQKSc,一小时请求量,10
0011,2026-08-28,LKUS_push,feature_6qwgYPGGuJZ4,IPC段近10分钟关联的手机号个数,10
0011,2026-08-28,LKUS_push,feature_pf88qk27w76j,区号近5分钟的访问次数,10
0011,2026-08-28,LKUS_push,feature_UOJYBEifd5Jn,区号近60分钟的访问次数,10
0011,2026-08-28,LKUS_push,feature_dqBHKec09Wwa,同区号近60分钟未携带recaptchaV3token 访问次数,10
0011,2026-08-28,LKUS_push,feature_lydpDiga6SB9,手机号近5分钟的访问次数,10
0011,2026-08-28,LKUS_push,feature_nnsdzZLQKPZ7,IP近10分钟关联的手机号个数,10
0011,2026-08-28,LKUS_push,feature_n91JeGM6gD6i,同区号近60分钟非美国IP访问次数,10
0011,2026-08-28,LKUS_push,feature_WxHUxqIN0IuS,同IP近10分钟的访问次数,10
0011,2026-08-28,LKUS_push,feature_IPwzfPamC8eW,同手机号30分钟关联的IP city个数,10
0011,2026-08-28,LKUS_push,feature_r1bhlQnbfRHb,IP近60分钟关联的手机号个数,10
0011,2026-08-28,LKUS_push,feature_53Ck9TgChpTW,IP近5分钟关联的手机号个数,10
0011,2026-08-28,LKUS_push,feature_hspErCH8fSCE,手机号近30分钟的访问次数,10
0011,2026-08-28,LKUS_register,feature_vTICzBPfD3Ds,ip C段白名单,7
0011,2026-08-28,LKUS_register,feature_oxYJ6qJ3BAfv,用户编号白名单,7
0011,2026-08-28,LKUS_register,feature_P5eYl9a699fA,ip白名单,7
0011,2026-08-28,LKUS_register,feature_yo8MLsBsGIsV,三方unionId白名单,7
0011,2026-08-28,LKUS_register,feature_kqtp6XVcXXiQ,手机号白名单,7
0011,2026-08-28,LKUS_register,feature_K0JuGvXPoQsS,网关uid白名单,7
0011,2026-08-28,LKUS_register,feature_5caBWmAHDcCQ,邮箱白名单,7
0011,2026-08-28,LKUS_register,feature_3CSh3LRVobu7,手机号黑名单,7
0011,2026-08-28,LKUS_register,feature_jkeS0N10RDAn,网关uid黑名单,7
0011,2026-08-28,LKUS_register,feature_7qCVo92BIECU,三方unionId黑名单,7
0011,2026-08-28,LKUS_register,feature_9tl8mW2Gembc,邮箱黑名单,7
0011,2026-08-28,LKUS_register,feature_XtxCPW1x9QTU,ip C段黑名单,7
0011,2026-08-28,LKUS_register,feature_cOkhRQVI91IV,ip黑名单,7
0011,2026-08-28,LKUS_register,feature_g43LuQcahzCJ,用户编号黑名单,7
0011,2026-08-29,LKUS_physical_order_create,feature_vTICzBPfD3Ds,ip C段白名单,57
0011,2026-08-29,LKUS_physical_order_create,feature_oxYJ6qJ3BAfv,用户编号白名单,57
0011,2026-08-29,LKUS_physical_order_create,feature_P5eYl9a699fA,ip白名单,57
0011,2026-08-29,LKUS_physical_order_create,feature_yo8MLsBsGIsV,三方unionId白名单,57
0011,2026-08-29,LKUS_physical_order_create,feature_kqtp6XVcXXiQ,手机号白名单,57
0011,2026-08-29,LKUS_physical_order_create,feature_K0JuGvXPoQsS,网关uid白名单,57
0011,2026-08-29,LKUS_physical_order_create,feature_5caBWmAHDcCQ,邮箱白名单,57
0011,2026-08-29,LKUS_physical_order_create,feature_3CSh3LRVobu7,手机号黑名单,43
0011,2026-08-29,LKUS_physical_order_create,feature_jkeS0N10RDAn,网关uid黑名单,43
0011,2026-08-29,LKUS_physical_order_create,feature_7qCVo92BIECU,三方unionId黑名单,43
0011,2026-08-29,LKUS_physical_order_create,feature_9tl8mW2Gembc,邮箱黑名单,43
0011,2026-08-29,LKUS_physical_order_create,feature_XtxCPW1x9QTU,ip C段黑名单,43
0011,2026-08-29,LKUS_physical_order_create,feature_cOkhRQVI91IV,ip黑名单,43
0011,2026-08-29,LKUS_physical_order_create,feature_g43LuQcahzCJ,用户编号黑名单,43
0011,2026-08-29,LKUS_physical_order_create,feature_TLXI8MNiNglz,reCAPTCHA V3风险分,43
0011,2026-08-29,LKUS_payment,feature_vTICzBPfD3Ds,ip C段白名单,65
0011,2026-08-29,LKUS_payment,feature_oxYJ6qJ3BAfv,用户编号白名单,65
0011,2026-08-29,LKUS_payment,feature_P5eYl9a699fA,ip白名单,65
0011,2026-08-29,LKUS_payment,feature_yo8MLsBsGIsV,三方unionId白名单,65
0011,2026-08-29,LKUS_payment,feature_kqtp6XVcXXiQ,手机号白名单,65
0011,2026-08-29,LKUS_payment,feature_K0JuGvXPoQsS,网关uid白名单,65
0011,2026-08-29,LKUS_payment,feature_5caBWmAHDcCQ,邮箱白名单,65
0011,2026-08-29,LKUS_payment,feature_3CSh3LRVobu7,手机号黑名单,45
0011,2026-08-29,LKUS_payment,feature_jkeS0N10RDAn,网关uid黑名单,45
0011,2026-08-29,LKUS_payment,feature_7qCVo92BIECU,三方unionId黑名单,45
0011,2026-08-29,LKUS_payment,feature_9tl8mW2Gembc,邮箱黑名单,45
0011,2026-08-29,LKUS_payment,feature_XtxCPW1x9QTU,ip C段黑名单,45
0011,2026-08-29,LKUS_payment,feature_cOkhRQVI91IV,ip黑名单,45
0011,2026-08-29,LKUS_payment,feature_g43LuQcahzCJ,用户编号黑名单,45
0011,2026-08-29,LKUS_payment,feature_TLXI8MNiNglz,reCAPTCHA V3风险分,45
0011,2026-08-29,LKUS_push,feature_vTICzBPfD3Ds,ip C段白名单,14
0011,2026-08-29,LKUS_push,feature_oxYJ6qJ3BAfv,用户编号白名单,14
0011,2026-08-29,LKUS_push,feature_P5eYl9a699fA,ip白名单,14
0011,2026-08-29,LKUS_push,feature_yo8MLsBsGIsV,三方unionId白名单,14
0011,2026-08-29,LKUS_push,feature_kqtp6XVcXXiQ,手机号白名单,14
0011,2026-08-29,LKUS_push,feature_K0JuGvXPoQsS,网关uid白名单,14
0011,2026-08-29,LKUS_push,feature_5caBWmAHDcCQ,邮箱白名单,14
0011,2026-08-29,LKUS_push,feature_Fik6gvwY1tA6,手机号近1天的访问次数,14
0011,2026-08-29,LKUS_push,feature_3CSh3LRVobu7,手机号黑名单,14
0011,2026-08-29,LKUS_push,feature_jkeS0N10RDAn,网关uid黑名单,14
0011,2026-08-29,LKUS_push,feature_7qCVo92BIECU,三方unionId黑名单,14
0011,2026-08-29,LKUS_push,feature_9tl8mW2Gembc,邮箱黑名单,14
0011,2026-08-29,LKUS_push,feature_XtxCPW1x9QTU,ip C段黑名单,14
0011,2026-08-29,LKUS_push,feature_cOkhRQVI91IV,ip黑名单,14
0011,2026-08-29,LKUS_push,feature_g43LuQcahzCJ,用户编号黑名单,14
0011,2026-08-29,LKUS_push,feature_TLXI8MNiNglz,reCAPTCHA V3风险分,14
0011,2026-08-29,LKUS_push,feature_JaT2oyzVtD0q,手机号近1分钟的访问次数,14
0011,2026-08-29,LKUS_push,feature_TGPe0mjAPwR5,IP近60分钟关联的国家区号个数,14
0011,2026-08-29,LKUS_push,feature_YkpmaKaJhcdG,区号近1天内的访问次数,14
0011,2026-08-29,LKUS_push,feature_Wg4dZ6VJBuTb,IP近1分钟关联的手机号个数,14
0011,2026-08-29,LKUS_push,feature_SdA1CjZvNCMG,区号近1分钟的访问次数,14
0011,2026-08-29,LKUS_push,feature_7DbBgowc2mEl,IP近1分钟的访问次数,14
0011,2026-08-29,LKUS_push,feature_Ym70ZsfxQKSc,一小时请求量,14
0011,2026-08-29,LKUS_push,feature_6qwgYPGGuJZ4,IPC段近10分钟关联的手机号个数,14
0011,2026-08-29,LKUS_push,feature_pf88qk27w76j,区号近5分钟的访问次数,14
0011,2026-08-29,LKUS_push,feature_UOJYBEifd5Jn,区号近60分钟的访问次数,14
0011,2026-08-29,LKUS_push,feature_dqBHKec09Wwa,同区号近60分钟未携带recaptchaV3token 访问次数,14
0011,2026-08-29,LKUS_push,feature_lydpDiga6SB9,手机号近5分钟的访问次数,14
0011,2026-08-29,LKUS_push,feature_nnsdzZLQKPZ7,IP近10分钟关联的手机号个数,14
0011,2026-08-29,LKUS_push,feature_n91JeGM6gD6i,同区号近60分钟非美国IP访问次数,14
0011,2026-08-29,LKUS_push,feature_WxHUxqIN0IuS,同IP近10分钟的访问次数,14
0011,2026-08-29,LKUS_push,feature_IPwzfPamC8eW,同手机号30分钟关联的IP city个数,14
0011,2026-08-29,LKUS_push,feature_r1bhlQnbfRHb,IP近60分钟关联的手机号个数,14
0011,2026-08-29,LKUS_push,feature_53Ck9TgChpTW,IP近5分钟关联的手机号个数,14
0011,2026-08-29,LKUS_push,feature_hspErCH8fSCE,手机号近30分钟的访问次数,14
0011,2026-08-29,LKUS_register,feature_oxYJ6qJ3BAfv,用户编号白名单,5
0011,2026-08-29,LKUS_register,feature_vTICzBPfD3Ds,ip C段白名单,5
0011,2026-08-29,LKUS_register,feature_P5eYl9a699fA,ip白名单,5
0011,2026-08-29,LKUS_register,feature_yo8MLsBsGIsV,三方unionId白名单,5
0011,2026-08-29,LKUS_register,feature_kqtp6XVcXXiQ,手机号白名单,5
0011,2026-08-29,LKUS_register,feature_K0JuGvXPoQsS,网关uid白名单,5
0011,2026-08-29,LKUS_register,feature_5caBWmAHDcCQ,邮箱白名单,5
0011,2026-08-29,LKUS_register,feature_3CSh3LRVobu7,手机号黑名单,5
0011,2026-08-29,LKUS_register,feature_jkeS0N10RDAn,网关uid黑名单,5
0011,2026-08-29,LKUS_register,feature_7qCVo92BIECU,三方unionId黑名单,5
0011,2026-08-29,LKUS_register,feature_9tl8mW2Gembc,邮箱黑名单,5
0011,2026-08-29,LKUS_register,feature_g43LuQcahzCJ,用户编号黑名单,5
0011,2026-08-29,LKUS_register,feature_cOkhRQVI91IV,ip黑名单,5
0011,2026-08-29,LKUS_register,feature_XtxCPW1x9QTU,ip C段黑名单,5
0011,2026-08-29,LKUS_login,feature_vTICzBPfD3Ds,ip C段白名单,11
0011,2026-08-29,LKUS_login,feature_oxYJ6qJ3BAfv,用户编号白名单,11
0011,2026-08-29,LKUS_login,feature_P5eYl9a699fA,ip白名单,11
0011,2026-08-29,LKUS_login,feature_yo8MLsBsGIsV,三方unionId白名单,11
0011,2026-08-29,LKUS_login,feature_kqtp6XVcXXiQ,手机号白名单,11
0011,2026-08-29,LKUS_login,feature_K0JuGvXPoQsS,网关uid白名单,11
0011,2026-08-29,LKUS_login,feature_5caBWmAHDcCQ,邮箱白名单,11
0011,2026-08-29,LKUS_login,feature_3CSh3LRVobu7,手机号黑名单,11
0011,2026-08-29,LKUS_login,feature_jkeS0N10RDAn,网关uid黑名单,11
0011,2026-08-29,LKUS_login,feature_7qCVo92BIECU,三方unionId黑名单,11
0011,2026-08-29,LKUS_login,feature_9tl8mW2Gembc,邮箱黑名单,11
0011,2026-08-29,LKUS_login,feature_XtxCPW1x9QTU,ip C段黑名单,11
0011,2026-08-29,LKUS_login,feature_cOkhRQVI91IV,ip黑名单,11
0011,2026-08-29,LKUS_login,feature_g43LuQcahzCJ,用户编号黑名单,11
0011,2026-08-29,LKUS_login,feature_TLXI8MNiNglz,reCAPTCHA V3风险分,11
0011,2026-08-29,LKUS_grant_new_user_coupon,feature_vTICzBPfD3Ds,ip C段白名单,5
0011,2026-08-29,LKUS_grant_new_user_coupon,feature_oxYJ6qJ3BAfv,用户编号白名单,5
0011,2026-08-29,LKUS_grant_new_user_coupon,feature_P5eYl9a699fA,ip白名单,5
0011,2026-08-29,LKUS_grant_new_user_coupon,feature_yo8MLsBsGIsV,三方unionId白名单,5
0011,2026-08-29,LKUS_grant_new_user_coupon,feature_kqtp6XVcXXiQ,手机号白名单,5
0011,2026-08-29,LKUS_grant_new_user_coupon,feature_K0JuGvXPoQsS,网关uid白名单,5
0011,2026-08-29,LKUS_grant_new_user_coupon,feature_5caBWmAHDcCQ,邮箱白名单,5
0011,2026-08-29,LKUS_grant_new_user_coupon,feature_3CSh3LRVobu7,手机号黑名单,5
0011,2026-08-29,LKUS_grant_new_user_coupon,feature_jkeS0N10RDAn,网关uid黑名单,5
0011,2026-08-29,LKUS_grant_new_user_coupon,feature_7qCVo92BIECU,三方unionId黑名单,5
0011,2026-08-29,LKUS_grant_new_user_coupon,feature_9tl8mW2Gembc,邮箱黑名单,5
0011,2026-08-29,LKUS_grant_new_user_coupon,feature_XtxCPW1x9QTU,ip C段黑名单,5
0011,2026-08-29,LKUS_grant_new_user_coupon,feature_cOkhRQVI91IV,ip黑名单,5
0011,2026-08-29,LKUS_grant_new_user_coupon,feature_g43LuQcahzCJ,用户编号黑名单,5
0011,2026-08-30,LKUS_push,feature_oxYJ6qJ3BAfv,用户编号白名单,20
0011,2026-08-30,LKUS_push,feature_vTICzBPfD3Ds,ip C段白名单,20
0011,2026-08-30,LKUS_push,feature_P5eYl9a699fA,ip白名单,20
0011,2026-08-30,LKUS_push,feature_yo8MLsBsGIsV,三方unionId白名单,20
0011,2026-08-30,LKUS_push,feature_kqtp6XVcXXiQ,手机号白名单,20
0011,2026-08-30,LKUS_push,feature_K0JuGvXPoQsS,网关uid白名单,20
0011,2026-08-30,LKUS_push,feature_5caBWmAHDcCQ,邮箱白名单,20
0011,2026-08-30,LKUS_push,feature_Fik6gvwY1tA6,手机号近1天的访问次数,20
0011,2026-08-30,LKUS_push,feature_3CSh3LRVobu7,手机号黑名单,19
0011,2026-08-30,LKUS_push,feature_jkeS0N10RDAn,网关uid黑名单,19
0011,2026-08-30,LKUS_push,feature_7qCVo92BIECU,三方unionId黑名单,19
0011,2026-08-30,LKUS_push,feature_9tl8mW2Gembc,邮箱黑名单,19
0011,2026-08-30,LKUS_push,feature_g43LuQcahzCJ,用户编号黑名单,19
0011,2026-08-30,LKUS_push,feature_cOkhRQVI91IV,ip黑名单,19
0011,2026-08-30,LKUS_push,feature_XtxCPW1x9QTU,ip C段黑名单,19
0011,2026-08-30,LKUS_push,feature_TLXI8MNiNglz,reCAPTCHA V3风险分,19
0011,2026-08-30,LKUS_push,feature_JaT2oyzVtD0q,手机号近1分钟的访问次数,19
0011,2026-08-30,LKUS_push,feature_r1bhlQnbfRHb,IP近60分钟关联的手机号个数,19
0011,2026-08-30,LKUS_push,feature_YkpmaKaJhcdG,区号近1天内的访问次数,19
0011,2026-08-30,LKUS_push,feature_7DbBgowc2mEl,IP近1分钟的访问次数,19
0011,2026-08-30,LKUS_push,feature_hspErCH8fSCE,手机号近30分钟的访问次数,19
0011,2026-08-30,LKUS_push,feature_Wg4dZ6VJBuTb,IP近1分钟关联的手机号个数,19
0011,2026-08-30,LKUS_push,feature_UOJYBEifd5Jn,区号近60分钟的访问次数,19
0011,2026-08-30,LKUS_push,feature_dqBHKec09Wwa,同区号近60分钟未携带recaptchaV3token 访问次数,19
0011,2026-08-30,LKUS_push,feature_53Ck9TgChpTW,IP近5分钟关联的手机号个数,19
0011,2026-08-30,LKUS_push,feature_WxHUxqIN0IuS,同IP近10分钟的访问次数,19
0011,2026-08-30,LKUS_push,feature_IPwzfPamC8eW,同手机号30分钟关联的IP city个数,19
0011,2026-08-30,LKUS_push,feature_6qwgYPGGuJZ4,IPC段近10分钟关联的手机号个数,19
0011,2026-08-30,LKUS_push,feature_lydpDiga6SB9,手机号近5分钟的访问次数,19
0011,2026-08-30,LKUS_push,feature_SdA1CjZvNCMG,区号近1分钟的访问次数,19
0011,2026-08-30,LKUS_push,feature_Ym70ZsfxQKSc,一小时请求量,19
0011,2026-08-30,LKUS_push,feature_nnsdzZLQKPZ7,IP近10分钟关联的手机号个数,19
0011,2026-08-30,LKUS_push,feature_n91JeGM6gD6i,同区号近60分钟非美国IP访问次数,19
0011,2026-08-30,LKUS_push,feature_pf88qk27w76j,区号近5分钟的访问次数,19
0011,2026-08-30,LKUS_push,feature_TGPe0mjAPwR5,IP近60分钟关联的国家区号个数,19
0011,2026-08-30,LKUS_physical_order_create,feature_vTICzBPfD3Ds,ip C段白名单,69
0011,2026-08-30,LKUS_physical_order_create,feature_oxYJ6qJ3BAfv,用户编号白名单,69
0011,2026-08-30,LKUS_physical_order_create,feature_P5eYl9a699fA,ip白名单,69
0011,2026-08-30,LKUS_physical_order_create,feature_yo8MLsBsGIsV,三方unionId白名单,69
0011,2026-08-30,LKUS_physical_order_create,feature_kqtp6XVcXXiQ,手机号白名单,69
0011,2026-08-30,LKUS_physical_order_create,feature_K0JuGvXPoQsS,网关uid白名单,69
0011,2026-08-30,LKUS_physical_order_create,feature_5caBWmAHDcCQ,邮箱白名单,69
0011,2026-08-30,LKUS_physical_order_create,feature_3CSh3LRVobu7,手机号黑名单,51
0011,2026-08-30,LKUS_physical_order_create,feature_jkeS0N10RDAn,网关uid黑名单,51
0011,2026-08-30,LKUS_physical_order_create,feature_7qCVo92BIECU,三方unionId黑名单,51
0011,2026-08-30,LKUS_physical_order_create,feature_9tl8mW2Gembc,邮箱黑名单,51
0011,2026-08-30,LKUS_physical_order_create,feature_XtxCPW1x9QTU,ip C段黑名单,51
0011,2026-08-30,LKUS_physical_order_create,feature_cOkhRQVI91IV,ip黑名单,51
0011,2026-08-30,LKUS_physical_order_create,feature_g43LuQcahzCJ,用户编号黑名单,51
0011,2026-08-30,LKUS_physical_order_create,feature_TLXI8MNiNglz,reCAPTCHA V3风险分,51
0011,2026-08-30,LKUS_payment,feature_oxYJ6qJ3BAfv,用户编号白名单,70
0011,2026-08-30,LKUS_payment,feature_vTICzBPfD3Ds,ip C段白名单,70
0011,2026-08-30,LKUS_payment,feature_P5eYl9a699fA,ip白名单,70
0011,2026-08-30,LKUS_payment,feature_yo8MLsBsGIsV,三方unionId白名单,70
0011,2026-08-30,LKUS_payment,feature_kqtp6XVcXXiQ,手机号白名单,70
0011,2026-08-30,LKUS_payment,feature_K0JuGvXPoQsS,网关uid白名单,70
0011,2026-08-30,LKUS_payment,feature_5caBWmAHDcCQ,邮箱白名单,70
0011,2026-08-30,LKUS_payment,feature_3CSh3LRVobu7,手机号黑名单,51
0011,2026-08-30,LKUS_payment,feature_jkeS0N10RDAn,网关uid黑名单,51
0011,2026-08-30,LKUS_payment,feature_7qCVo92BIECU,三方unionId黑名单,51
0011,2026-08-30,LKUS_payment,feature_9tl8mW2Gembc,邮箱黑名单,51
0011,2026-08-30,LKUS_payment,feature_g43LuQcahzCJ,用户编号黑名单,51
0011,2026-08-30,LKUS_payment,feature_cOkhRQVI91IV,ip黑名单,51
0011,2026-08-30,LKUS_payment,feature_XtxCPW1x9QTU,ip C段黑名单,51
0011,2026-08-30,LKUS_payment,feature_TLXI8MNiNglz,reCAPTCHA V3风险分,51
0011,2026-08-30,LKUS_login,feature_vTICzBPfD3Ds,ip C段白名单,17
0011,2026-08-30,LKUS_login,feature_oxYJ6qJ3BAfv,用户编号白名单,17
0011,2026-08-30,LKUS_login,feature_P5eYl9a699fA,ip白名单,17
0011,2026-08-30,LKUS_login,feature_yo8MLsBsGIsV,三方unionId白名单,17
0011,2026-08-30,LKUS_login,feature_kqtp6XVcXXiQ,手机号白名单,17
0011,2026-08-30,LKUS_login,feature_K0JuGvXPoQsS,网关uid白名单,17
0011,2026-08-30,LKUS_login,feature_5caBWmAHDcCQ,邮箱白名单,17
0011,2026-08-30,LKUS_register,feature_vTICzBPfD3Ds,ip C段白名单,5
0011,2026-08-30,LKUS_register,feature_oxYJ6qJ3BAfv,用户编号白名单,5
0011,2026-08-30,LKUS_register,feature_P5eYl9a699fA,ip白名单,5
0011,2026-08-30,LKUS_register,feature_yo8MLsBsGIsV,三方unionId白名单,5
0011,2026-08-30,LKUS_register,feature_kqtp6XVcXXiQ,手机号白名单,5
0011,2026-08-30,LKUS_register,feature_K0JuGvXPoQsS,网关uid白名单,5
0011,2026-08-30,LKUS_register,feature_5caBWmAHDcCQ,邮箱白名单,5
0011,2026-08-30,LKUS_register,feature_3CSh3LRVobu7,手机号黑名单,4
0011,2026-08-30,LKUS_register,feature_jkeS0N10RDAn,网关uid黑名单,4
0011,2026-08-30,LKUS_register,feature_7qCVo92BIECU,三方unionId黑名单,4
0011,2026-08-30,LKUS_register,feature_9tl8mW2Gembc,邮箱黑名单,4
0011,2026-08-30,LKUS_register,feature_XtxCPW1x9QTU,ip C段黑名单,4
0011,2026-08-30,LKUS_register,feature_cOkhRQVI91IV,ip黑名单,4
0011,2026-08-30,LKUS_register,feature_g43LuQcahzCJ,用户编号黑名单,4
0011,2026-08-30,LKUS_login,feature_3CSh3LRVobu7,手机号黑名单,16
0011,2026-08-30,LKUS_login,feature_jkeS0N10RDAn,网关uid黑名单,16
0011,2026-08-30,LKUS_login,feature_7qCVo92BIECU,三方unionId黑名单,16
0011,2026-08-30,LKUS_login,feature_9tl8mW2Gembc,邮箱黑名单,16
0011,2026-08-30,LKUS_login,feature_XtxCPW1x9QTU,ip C段黑名单,16
0011,2026-08-30,LKUS_login,feature_cOkhRQVI91IV,ip黑名单,16
0011,2026-08-30,LKUS_login,feature_g43LuQcahzCJ,用户编号黑名单,16
0011,2026-08-30,LKUS_login,feature_TLXI8MNiNglz,reCAPTCHA V3风险分,16
0011,2026-08-30,LKUS_grant_new_user_coupon,feature_oxYJ6qJ3BAfv,用户编号白名单,15
0011,2026-08-30,LKUS_grant_new_user_coupon,feature_vTICzBPfD3Ds,ip C段白名单,15
0011,2026-08-30,LKUS_grant_new_user_coupon,feature_P5eYl9a699fA,ip白名单,15
0011,2026-08-30,LKUS_grant_new_user_coupon,feature_yo8MLsBsGIsV,三方unionId白名单,15
0011,2026-08-30,LKUS_grant_new_user_coupon,feature_kqtp6XVcXXiQ,手机号白名单,15
0011,2026-08-30,LKUS_grant_new_user_coupon,feature_K0JuGvXPoQsS,网关uid白名单,15
0011,2026-08-30,LKUS_grant_new_user_coupon,feature_5caBWmAHDcCQ,邮箱白名单,15
0011,2026-08-30,LKUS_grant_new_user_coupon,feature_3CSh3LRVobu7,手机号黑名单,15
0011,2026-08-30,LKUS_grant_new_user_coupon,feature_jkeS0N10RDAn,网关uid黑名单,15
0011,2026-08-30,LKUS_grant_new_user_coupon,feature_7qCVo92BIECU,三方unionId黑名单,15
0011,2026-08-30,LKUS_grant_new_user_coupon,feature_9tl8mW2Gembc,邮箱黑名单,15
0011,2026-08-30,LKUS_grant_new_user_coupon,feature_g43LuQcahzCJ,用户编号黑名单,15
0011,2026-08-30,LKUS_grant_new_user_coupon,feature_cOkhRQVI91IV,ip黑名单,15
0011,2026-08-30,LKUS_grant_new_user_coupon,feature_XtxCPW1x9QTU,ip C段黑名单,15
0011,2026-08-30,LKUS_physical_order_cancel,feature_oxYJ6qJ3BAfv,用户编号白名单,2
0011,2026-08-30,LKUS_physical_order_cancel,feature_vTICzBPfD3Ds,ip C段白名单,2
0011,2026-08-30,LKUS_physical_order_cancel,feature_P5eYl9a699fA,ip白名单,2
0011,2026-08-30,LKUS_physical_order_cancel,feature_yo8MLsBsGIsV,三方unionId白名单,2
0011,2026-08-30,LKUS_physical_order_cancel,feature_kqtp6XVcXXiQ,手机号白名单,2
0011,2026-08-30,LKUS_physical_order_cancel,feature_K0JuGvXPoQsS,网关uid白名单,2
0011,2026-08-30,LKUS_physical_order_cancel,feature_5caBWmAHDcCQ,邮箱白名单,2
0011,2026-08-30,LKUS_physical_order_cancel,feature_3CSh3LRVobu7,手机号黑名单,2
0011,2026-08-30,LKUS_physical_order_cancel,feature_jkeS0N10RDAn,网关uid黑名单,2
0011,2026-08-30,LKUS_physical_order_cancel,feature_7qCVo92BIECU,三方unionId黑名单,2
0011,2026-08-30,LKUS_physical_order_cancel,feature_9tl8mW2Gembc,邮箱黑名单,2
0011,2026-08-30,LKUS_physical_order_cancel,feature_g43LuQcahzCJ,用户编号黑名单,2
0011,2026-08-30,LKUS_physical_order_cancel,feature_cOkhRQVI91IV,ip黑名单,2
0011,2026-08-30,LKUS_physical_order_cancel,feature_XtxCPW1x9QTU,ip C段黑名单,2
0011,2026-08-31,LKUS_push,feature_oxYJ6qJ3BAfv,用户编号白名单,22
0011,2026-08-31,LKUS_push,feature_vTICzBPfD3Ds,ip C段白名单,22
0011,2026-08-31,LKUS_push,feature_P5eYl9a699fA,ip白名单,22
0011,2026-08-31,LKUS_push,feature_yo8MLsBsGIsV,三方unionId白名单,22
0011,2026-08-31,LKUS_push,feature_kqtp6XVcXXiQ,手机号白名单,22
0011,2026-08-31,LKUS_push,feature_K0JuGvXPoQsS,网关uid白名单,22
0011,2026-08-31,LKUS_push,feature_5caBWmAHDcCQ,邮箱白名单,22
0011,2026-08-31,LKUS_push,feature_Fik6gvwY1tA6,手机号近1天的访问次数,22
0011,2026-08-31,LKUS_push,feature_3CSh3LRVobu7,手机号黑名单,20
0011,2026-08-31,LKUS_push,feature_jkeS0N10RDAn,网关uid黑名单,20
0011,2026-08-31,LKUS_push,feature_7qCVo92BIECU,三方unionId黑名单,20
0011,2026-08-31,LKUS_push,feature_9tl8mW2Gembc,邮箱黑名单,20
0011,2026-08-31,LKUS_push,feature_g43LuQcahzCJ,用户编号黑名单,20
0011,2026-08-31,LKUS_push,feature_cOkhRQVI91IV,ip黑名单,20
0011,2026-08-31,LKUS_push,feature_XtxCPW1x9QTU,ip C段黑名单,20
0011,2026-08-31,LKUS_push,feature_TLXI8MNiNglz,reCAPTCHA V3风险分,20
0011,2026-08-31,LKUS_push,feature_JaT2oyzVtD0q,手机号近1分钟的访问次数,20
0011,2026-08-31,LKUS_push,feature_r1bhlQnbfRHb,IP近60分钟关联的手机号个数,20
0011,2026-08-31,LKUS_push,feature_YkpmaKaJhcdG,区号近1天内的访问次数,20
0011,2026-08-31,LKUS_push,feature_7DbBgowc2mEl,IP近1分钟的访问次数,20
0011,2026-08-31,LKUS_push,feature_hspErCH8fSCE,手机号近30分钟的访问次数,20
0011,2026-08-31,LKUS_push,feature_Wg4dZ6VJBuTb,IP近1分钟关联的手机号个数,20
0011,2026-08-31,LKUS_push,feature_UOJYBEifd5Jn,区号近60分钟的访问次数,20
0011,2026-08-31,LKUS_push,feature_dqBHKec09Wwa,同区号近60分钟未携带recaptchaV3token 访问次数,20
0011,2026-08-31,LKUS_push,feature_53Ck9TgChpTW,IP近5分钟关联的手机号个数,20
0011,2026-08-31,LKUS_push,feature_WxHUxqIN0IuS,同IP近10分钟的访问次数,20
0011,2026-08-31,LKUS_push,feature_IPwzfPamC8eW,同手机号30分钟关联的IP city个数,20
0011,2026-08-31,LKUS_push,feature_6qwgYPGGuJZ4,IPC段近10分钟关联的手机号个数,20
0011,2026-08-31,LKUS_push,feature_lydpDiga6SB9,手机号近5分钟的访问次数,20
0011,2026-08-31,LKUS_push,feature_SdA1CjZvNCMG,区号近1分钟的访问次数,20
0011,2026-08-31,LKUS_push,feature_Ym70ZsfxQKSc,一小时请求量,20
0011,2026-08-31,LKUS_push,feature_nnsdzZLQKPZ7,IP近10分钟关联的手机号个数,20
0011,2026-08-31,LKUS_push,feature_n91JeGM6gD6i,同区号近60分钟非美国IP访问次数,20
0011,2026-08-31,LKUS_push,feature_pf88qk27w76j,区号近5分钟的访问次数,20
0011,2026-08-31,LKUS_push,feature_TGPe0mjAPwR5,IP近60分钟关联的国家区号个数,20
0011,2026-08-31,LKUS_register,feature_vTICzBPfD3Ds,ip C段白名单,10
0011,2026-08-31,LKUS_register,feature_oxYJ6qJ3BAfv,用户编号白名单,10
0011,2026-08-31,LKUS_register,feature_P5eYl9a699fA,ip白名单,10
0011,2026-08-31,LKUS_register,feature_yo8MLsBsGIsV,三方unionId白名单,10
0011,2026-08-31,LKUS_register,feature_kqtp6XVcXXiQ,手机号白名单,10
0011,2026-08-31,LKUS_register,feature_K0JuGvXPoQsS,网关uid白名单,10
0011,2026-08-31,LKUS_register,feature_5caBWmAHDcCQ,邮箱白名单,10
0011,2026-08-31,LKUS_register,feature_3CSh3LRVobu7,手机号黑名单,10
0011,2026-08-31,LKUS_register,feature_jkeS0N10RDAn,网关uid黑名单,10
0011,2026-08-31,LKUS_register,feature_7qCVo92BIECU,三方unionId黑名单,10
0011,2026-08-31,LKUS_register,feature_9tl8mW2Gembc,邮箱黑名单,10
0011,2026-08-31,LKUS_register,feature_XtxCPW1x9QTU,ip C段黑名单,10
0011,2026-08-31,LKUS_register,feature_cOkhRQVI91IV,ip黑名单,10
0011,2026-08-31,LKUS_register,feature_g43LuQcahzCJ,用户编号黑名单,10
0011,2026-08-31,LKUS_physical_order_create,feature_oxYJ6qJ3BAfv,用户编号白名单,96
0011,2026-08-31,LKUS_physical_order_create,feature_vTICzBPfD3Ds,ip C段白名单,96
0011,2026-08-31,LKUS_physical_order_create,feature_P5eYl9a699fA,ip白名单,96
0011,2026-08-31,LKUS_physical_order_create,feature_yo8MLsBsGIsV,三方unionId白名单,96
0011,2026-08-31,LKUS_physical_order_create,feature_kqtp6XVcXXiQ,手机号白名单,96
0011,2026-08-31,LKUS_physical_order_create,feature_K0JuGvXPoQsS,网关uid白名单,96
0011,2026-08-31,LKUS_physical_order_create,feature_5caBWmAHDcCQ,邮箱白名单,96
0011,2026-08-31,LKUS_physical_order_create,feature_3CSh3LRVobu7,手机号黑名单,88
0011,2026-08-31,LKUS_physical_order_create,feature_jkeS0N10RDAn,网关uid黑名单,88
0011,2026-08-31,LKUS_physical_order_create,feature_7qCVo92BIECU,三方unionId黑名单,88
0011,2026-08-31,LKUS_physical_order_create,feature_9tl8mW2Gembc,邮箱黑名单,88
0011,2026-08-31,LKUS_physical_order_create,feature_g43LuQcahzCJ,用户编号黑名单,88
0011,2026-08-31,LKUS_physical_order_create,feature_cOkhRQVI91IV,ip黑名单,88
0011,2026-08-31,LKUS_physical_order_create,feature_XtxCPW1x9QTU,ip C段黑名单,88
0011,2026-08-31,LKUS_physical_order_create,feature_TLXI8MNiNglz,reCAPTCHA V3风险分,88
0011,2026-08-31,LKUS_payment,feature_vTICzBPfD3Ds,ip C段白名单,100
0011,2026-08-31,LKUS_payment,feature_oxYJ6qJ3BAfv,用户编号白名单,100
0011,2026-08-31,LKUS_payment,feature_P5eYl9a699fA,ip白名单,100
0011,2026-08-31,LKUS_payment,feature_yo8MLsBsGIsV,三方unionId白名单,100
0011,2026-08-31,LKUS_payment,feature_kqtp6XVcXXiQ,手机号白名单,100
0011,2026-08-31,LKUS_payment,feature_K0JuGvXPoQsS,网关uid白名单,100
0011,2026-08-31,LKUS_payment,feature_5caBWmAHDcCQ,邮箱白名单,100
0011,2026-08-31,LKUS_payment,feature_3CSh3LRVobu7,手机号黑名单,91
0011,2026-08-31,LKUS_payment,feature_jkeS0N10RDAn,网关uid黑名单,91
0011,2026-08-31,LKUS_payment,feature_7qCVo92BIECU,三方unionId黑名单,91
0011,2026-08-31,LKUS_payment,feature_9tl8mW2Gembc,邮箱黑名单,91
0011,2026-08-31,LKUS_payment,feature_XtxCPW1x9QTU,ip C段黑名单,91
0011,2026-08-31,LKUS_payment,feature_cOkhRQVI91IV,ip黑名单,91
0011,2026-08-31,LKUS_payment,feature_g43LuQcahzCJ,用户编号黑名单,91
0011,2026-08-31,LKUS_payment,feature_TLXI8MNiNglz,reCAPTCHA V3风险分,91
0011,2026-08-31,LKUS_login,feature_vTICzBPfD3Ds,ip C段白名单,13
0011,2026-08-31,LKUS_login,feature_oxYJ6qJ3BAfv,用户编号白名单,13
0011,2026-08-31,LKUS_login,feature_P5eYl9a699fA,ip白名单,13
0011,2026-08-31,LKUS_login,feature_yo8MLsBsGIsV,三方unionId白名单,13
0011,2026-08-31,LKUS_login,feature_kqtp6XVcXXiQ,手机号白名单,13
0011,2026-08-31,LKUS_login,feature_K0JuGvXPoQsS,网关uid白名单,13
0011,2026-08-31,LKUS_login,feature_5caBWmAHDcCQ,邮箱白名单,13
0011,2026-08-31,LKUS_login,feature_3CSh3LRVobu7,手机号黑名单,13
0011,2026-08-31,LKUS_login,feature_jkeS0N10RDAn,网关uid黑名单,13
0011,2026-08-31,LKUS_login,feature_7qCVo92BIECU,三方unionId黑名单,13
0011,2026-08-31,LKUS_login,feature_9tl8mW2Gembc,邮箱黑名单,13
0011,2026-08-31,LKUS_login,feature_XtxCPW1x9QTU,ip C段黑名单,13
0011,2026-08-31,LKUS_login,feature_cOkhRQVI91IV,ip黑名单,13
0011,2026-08-31,LKUS_login,feature_g43LuQcahzCJ,用户编号黑名单,13
0011,2026-08-31,LKUS_login,feature_TLXI8MNiNglz,reCAPTCHA V3风险分,13
0011,2026-08-31,LKUS_grant_new_user_coupon,feature_vTICzBPfD3Ds,ip C段白名单,6
0011,2026-08-31,LKUS_grant_new_user_coupon,feature_oxYJ6qJ3BAfv,用户编号白名单,6
0011,2026-08-31,LKUS_grant_new_user_coupon,feature_P5eYl9a699fA,ip白名单,6
0011,2026-08-31,LKUS_grant_new_user_coupon,feature_yo8MLsBsGIsV,三方unionId白名单,6
0011,2026-08-31,LKUS_grant_new_user_coupon,feature_kqtp6XVcXXiQ,手机号白名单,6
0011,2026-08-31,LKUS_grant_new_user_coupon,feature_K0JuGvXPoQsS,网关uid白名单,6
0011,2026-08-31,LKUS_grant_new_user_coupon,feature_5caBWmAHDcCQ,邮箱白名单,6
0011,2026-08-31,LKUS_grant_new_user_coupon,feature_3CSh3LRVobu7,手机号黑名单,6
0011,2026-08-31,LKUS_grant_new_user_coupon,feature_jkeS0N10RDAn,网关uid黑名单,6
0011,2026-08-31,LKUS_grant_new_user_coupon,feature_7qCVo92BIECU,三方unionId黑名单,6
0011,2026-08-31,LKUS_grant_new_user_coupon,feature_9tl8mW2Gembc,邮箱黑名单,6
0011,2026-08-31,LKUS_grant_new_user_coupon,feature_XtxCPW1x9QTU,ip C段黑名单,6
0011,2026-08-31,LKUS_grant_new_user_coupon,feature_cOkhRQVI91IV,ip黑名单,6
0011,2026-08-31,LKUS_grant_new_user_coupon,feature_g43LuQcahzCJ,用户编号黑名单,6
0011,2026-09-01,LKUS_push,feature_vTICzBPfD3Ds,ip C段白名单,19
0011,2026-09-01,LKUS_push,feature_oxYJ6qJ3BAfv,用户编号白名单,19
0011,2026-09-01,LKUS_push,feature_P5eYl9a699fA,ip白名单,19
0011,2026-09-01,LKUS_push,feature_yo8MLsBsGIsV,三方unionId白名单,19
0011,2026-09-01,LKUS_push,feature_kqtp6XVcXXiQ,手机号白名单,19
0011,2026-09-01,LKUS_push,feature_K0JuGvXPoQsS,网关uid白名单,19
0011,2026-09-01,LKUS_push,feature_5caBWmAHDcCQ,邮箱白名单,19
0011,2026-09-01,LKUS_push,feature_Fik6gvwY1tA6,手机号近1天的访问次数,19
0011,2026-09-01,LKUS_push,feature_3CSh3LRVobu7,手机号黑名单,19
0011,2026-09-01,LKUS_push,feature_jkeS0N10RDAn,网关uid黑名单,19
0011,2026-09-01,LKUS_push,feature_7qCVo92BIECU,三方unionId黑名单,19
0011,2026-09-01,LKUS_push,feature_9tl8mW2Gembc,邮箱黑名单,19
0011,2026-09-01,LKUS_push,feature_XtxCPW1x9QTU,ip C段黑名单,19
0011,2026-09-01,LKUS_push,feature_cOkhRQVI91IV,ip黑名单,19
0011,2026-09-01,LKUS_push,feature_g43LuQcahzCJ,用户编号黑名单,19
0011,2026-09-01,LKUS_push,feature_TLXI8MNiNglz,reCAPTCHA V3风险分,19
0011,2026-09-01,LKUS_push,feature_JaT2oyzVtD0q,手机号近1分钟的访问次数,19
0011,2026-09-01,LKUS_push,feature_TGPe0mjAPwR5,IP近60分钟关联的国家区号个数,19
0011,2026-09-01,LKUS_push,feature_YkpmaKaJhcdG,区号近1天内的访问次数,19
0011,2026-09-01,LKUS_push,feature_Wg4dZ6VJBuTb,IP近1分钟关联的手机号个数,19
0011,2026-09-01,LKUS_push,feature_SdA1CjZvNCMG,区号近1分钟的访问次数,19
0011,2026-09-01,LKUS_push,feature_7DbBgowc2mEl,IP近1分钟的访问次数,19
0011,2026-09-01,LKUS_push,feature_6qwgYPGGuJZ4,IPC段近10分钟关联的手机号个数,19
0011,2026-09-01,LKUS_push,feature_pf88qk27w76j,区号近5分钟的访问次数,19
0011,2026-09-01,LKUS_push,feature_UOJYBEifd5Jn,区号近60分钟的访问次数,19
0011,2026-09-01,LKUS_push,feature_dqBHKec09Wwa,同区号近60分钟未携带recaptchaV3token 访问次数,19
0011,2026-09-01,LKUS_push,feature_lydpDiga6SB9,手机号近5分钟的访问次数,19
0011,2026-09-01,LKUS_push,feature_nnsdzZLQKPZ7,IP近10分钟关联的手机号个数,19
0011,2026-09-01,LKUS_push,feature_n91JeGM6gD6i,同区号近60分钟非美国IP访问次数,19
0011,2026-09-01,LKUS_push,feature_WxHUxqIN0IuS,同IP近10分钟的访问次数,2
0011,2026-09-01,LKUS_push,feature_IPwzfPamC8eW,同手机号30分钟关联的IP city个数,19
0011,2026-09-01,LKUS_push,feature_r1bhlQnbfRHb,IP近60分钟关联的手机号个数,19
0011,2026-09-01,LKUS_push,feature_Ym70ZsfxQKSc,一分钟请求量,19
0011,2026-09-01,LKUS_push,feature_53Ck9TgChpTW,IP近5分钟关联的手机号个数,19
0011,2026-09-01,LKUS_push,feature_hspErCH8fSCE,手机号近30分钟的访问次数,19
0011,2026-09-01,LKUS_physical_order_create,feature_oxYJ6qJ3BAfv,用户编号白名单,96
0011,2026-09-01,LKUS_physical_order_create,feature_vTICzBPfD3Ds,ip C段白名单,96
0011,2026-09-01,LKUS_physical_order_create,feature_P5eYl9a699fA,ip白名单,96
0011,2026-09-01,LKUS_physical_order_create,feature_yo8MLsBsGIsV,三方unionId白名单,96
0011,2026-09-01,LKUS_physical_order_create,feature_kqtp6XVcXXiQ,手机号白名单,96
0011,2026-09-01,LKUS_physical_order_create,feature_K0JuGvXPoQsS,网关uid白名单,96
0011,2026-09-01,LKUS_physical_order_create,feature_5caBWmAHDcCQ,邮箱白名单,96
0011,2026-09-01,LKUS_physical_order_create,feature_3CSh3LRVobu7,手机号黑名单,84
0011,2026-09-01,LKUS_physical_order_create,feature_jkeS0N10RDAn,网关uid黑名单,84
0011,2026-09-01,LKUS_physical_order_create,feature_7qCVo92BIECU,三方unionId黑名单,84
0011,2026-09-01,LKUS_physical_order_create,feature_9tl8mW2Gembc,邮箱黑名单,84
0011,2026-09-01,LKUS_physical_order_create,feature_g43LuQcahzCJ,用户编号黑名单,84
0011,2026-09-01,LKUS_physical_order_create,feature_cOkhRQVI91IV,ip黑名单,84
0011,2026-09-01,LKUS_physical_order_create,feature_XtxCPW1x9QTU,ip C段黑名单,84
0011,2026-09-01,LKUS_physical_order_create,feature_TLXI8MNiNglz,reCAPTCHA V3风险分,84
0011,2026-09-01,LKUS_payment,feature_vTICzBPfD3Ds,ip C段白名单,100
0011,2026-09-01,LKUS_payment,feature_oxYJ6qJ3BAfv,用户编号白名单,100
0011,2026-09-01,LKUS_payment,feature_P5eYl9a699fA,ip白名单,100
0011,2026-09-01,LKUS_payment,feature_yo8MLsBsGIsV,三方unionId白名单,100
0011,2026-09-01,LKUS_payment,feature_kqtp6XVcXXiQ,手机号白名单,100
0011,2026-09-01,LKUS_payment,feature_K0JuGvXPoQsS,网关uid白名单,100
0011,2026-09-01,LKUS_payment,feature_5caBWmAHDcCQ,邮箱白名单,100
0011,2026-09-01,LKUS_payment,feature_3CSh3LRVobu7,手机号黑名单,89
0011,2026-09-01,LKUS_payment,feature_jkeS0N10RDAn,网关uid黑名单,89
0011,2026-09-01,LKUS_payment,feature_7qCVo92BIECU,三方unionId黑名单,89
0011,2026-09-01,LKUS_payment,feature_9tl8mW2Gembc,邮箱黑名单,89
0011,2026-09-01,LKUS_payment,feature_XtxCPW1x9QTU,ip C段黑名单,89
0011,2026-09-01,LKUS_payment,feature_cOkhRQVI91IV,ip黑名单,89
0011,2026-09-01,LKUS_payment,feature_g43LuQcahzCJ,用户编号黑名单,89
0011,2026-09-01,LKUS_payment,feature_TLXI8MNiNglz,reCAPTCHA V3风险分,89
0011,2026-09-01,LKUS_physical_order_cancel,feature_oxYJ6qJ3BAfv,用户编号白名单,2
0011,2026-09-01,LKUS_physical_order_cancel,feature_vTICzBPfD3Ds,ip C段白名单,2
0011,2026-09-01,LKUS_physical_order_cancel,feature_P5eYl9a699fA,ip白名单,2
0011,2026-09-01,LKUS_physical_order_cancel,feature_yo8MLsBsGIsV,三方unionId白名单,2
0011,2026-09-01,LKUS_physical_order_cancel,feature_kqtp6XVcXXiQ,手机号白名单,2
0011,2026-09-01,LKUS_physical_order_cancel,feature_K0JuGvXPoQsS,网关uid白名单,2
0011,2026-09-01,LKUS_physical_order_cancel,feature_5caBWmAHDcCQ,邮箱白名单,2
0011,2026-09-01,LKUS_physical_order_cancel,feature_3CSh3LRVobu7,手机号黑名单,2
0011,2026-09-01,LKUS_physical_order_cancel,feature_jkeS0N10RDAn,网关uid黑名单,2
0011,2026-09-01,LKUS_physical_order_cancel,feature_7qCVo92BIECU,三方unionId黑名单,2
0011,2026-09-01,LKUS_physical_order_cancel,feature_9tl8mW2Gembc,邮箱黑名单,2
0011,2026-09-01,LKUS_physical_order_cancel,feature_g43LuQcahzCJ,用户编号黑名单,2
0011,2026-09-01,LKUS_physical_order_cancel,feature_cOkhRQVI91IV,ip黑名单,2
0011,2026-09-01,LKUS_physical_order_cancel,feature_XtxCPW1x9QTU,ip C段黑名单,2
0011,2026-09-01,LKUS_push,feature_WxHUxqIN0IuS,同IP近5分钟的访问次数,17
0011,2026-09-01,LKUS_push,feature_KtSZtJ9w7f9r,IPC段近1分钟关联的手机号个数,17
0011,2026-09-01,LKUS_register,feature_oxYJ6qJ3BAfv,用户编号白名单,6
0011,2026-09-01,LKUS_register,feature_vTICzBPfD3Ds,ip C段白名单,6
0011,2026-09-01,LKUS_register,feature_P5eYl9a699fA,ip白名单,6
0011,2026-09-01,LKUS_register,feature_yo8MLsBsGIsV,三方unionId白名单,6
0011,2026-09-01,LKUS_register,feature_kqtp6XVcXXiQ,手机号白名单,6
0011,2026-09-01,LKUS_register,feature_K0JuGvXPoQsS,网关uid白名单,6
0011,2026-09-01,LKUS_register,feature_5caBWmAHDcCQ,邮箱白名单,6
0011,2026-09-01,LKUS_register,feature_3CSh3LRVobu7,手机号黑名单,6
0011,2026-09-01,LKUS_register,feature_jkeS0N10RDAn,网关uid黑名单,6
0011,2026-09-01,LKUS_register,feature_7qCVo92BIECU,三方unionId黑名单,6
0011,2026-09-01,LKUS_register,feature_9tl8mW2Gembc,邮箱黑名单,6
0011,2026-09-01,LKUS_register,feature_g43LuQcahzCJ,用户编号黑名单,6
0011,2026-09-01,LKUS_register,feature_cOkhRQVI91IV,ip黑名单,6
0011,2026-09-01,LKUS_register,feature_XtxCPW1x9QTU,ip C段黑名单,6
0011,2026-09-01,LKUS_login,feature_vTICzBPfD3Ds,ip C段白名单,14
0011,2026-09-01,LKUS_login,feature_oxYJ6qJ3BAfv,用户编号白名单,14
0011,2026-09-01,LKUS_login,feature_P5eYl9a699fA,ip白名单,14
0011,2026-09-01,LKUS_login,feature_yo8MLsBsGIsV,三方unionId白名单,14
0011,2026-09-01,LKUS_login,feature_kqtp6XVcXXiQ,手机号白名单,14
0011,2026-09-01,LKUS_login,feature_K0JuGvXPoQsS,网关uid白名单,14
0011,2026-09-01,LKUS_login,feature_5caBWmAHDcCQ,邮箱白名单,14
0011,2026-09-01,LKUS_login,feature_3CSh3LRVobu7,手机号黑名单,12
0011,2026-09-01,LKUS_login,feature_jkeS0N10RDAn,网关uid黑名单,12
0011,2026-09-01,LKUS_login,feature_7qCVo92BIECU,三方unionId黑名单,12
0011,2026-09-01,LKUS_login,feature_9tl8mW2Gembc,邮箱黑名单,12
0011,2026-09-01,LKUS_login,feature_XtxCPW1x9QTU,ip C段黑名单,12
0011,2026-09-01,LKUS_login,feature_cOkhRQVI91IV,ip黑名单,12
0011,2026-09-01,LKUS_login,feature_g43LuQcahzCJ,用户编号黑名单,12
0011,2026-09-01,LKUS_login,feature_TLXI8MNiNglz,reCAPTCHA V3风险分,12
0011,2026-09-01,LKUS_grant_new_user_coupon,feature_vTICzBPfD3Ds,ip C段白名单,6
0011,2026-09-01,LKUS_grant_new_user_coupon,feature_oxYJ6qJ3BAfv,用户编号白名单,6
0011,2026-09-01,LKUS_grant_new_user_coupon,feature_P5eYl9a699fA,ip白名单,6
0011,2026-09-01,LKUS_grant_new_user_coupon,feature_yo8MLsBsGIsV,三方unionId白名单,6
0011,2026-09-01,LKUS_grant_new_user_coupon,feature_kqtp6XVcXXiQ,手机号白名单,6
0011,2026-09-01,LKUS_grant_new_user_coupon,feature_K0JuGvXPoQsS,网关uid白名单,6
0011,2026-09-01,LKUS_grant_new_user_coupon,feature_5caBWmAHDcCQ,邮箱白名单,6
0011,2026-09-01,LKUS_grant_new_user_coupon,feature_3CSh3LRVobu7,手机号黑名单,6
0011,2026-09-01,LKUS_grant_new_user_coupon,feature_jkeS0N10RDAn,网关uid黑名单,6
0011,2026-09-01,LKUS_grant_new_user_coupon,feature_7qCVo92BIECU,三方unionId黑名单,6
0011,2026-09-01,LKUS_grant_new_user_coupon,feature_9tl8mW2Gembc,邮箱黑名单,6
0011,2026-09-01,LKUS_grant_new_user_coupon,feature_XtxCPW1x9QTU,ip C段黑名单,6
0011,2026-09-01,LKUS_grant_new_user_coupon,feature_cOkhRQVI91IV,ip黑名单,6
0011,2026-09-01,LKUS_grant_new_user_coupon,feature_g43LuQcahzCJ,用户编号黑名单,6
0011,2026-09-02,LKUS_push,feature_oxYJ6qJ3BAfv,用户编号白名单,26
0011,2026-09-02,LKUS_push,feature_vTICzBPfD3Ds,ip C段白名单,26
0011,2026-09-02,LKUS_push,feature_P5eYl9a699fA,ip白名单,26
0011,2026-09-02,LKUS_push,feature_yo8MLsBsGIsV,三方unionId白名单,26
0011,2026-09-02,LKUS_push,feature_kqtp6XVcXXiQ,手机号白名单,26
0011,2026-09-02,LKUS_push,feature_K0JuGvXPoQsS,网关uid白名单,26
0011,2026-09-02,LKUS_push,feature_5caBWmAHDcCQ,邮箱白名单,26
0011,2026-09-02,LKUS_push,feature_Fik6gvwY1tA6,手机号近1天的访问次数,26
0011,2026-09-02,LKUS_push,feature_3CSh3LRVobu7,手机号黑名单,25
0011,2026-09-02,LKUS_push,feature_jkeS0N10RDAn,网关uid黑名单,25
0011,2026-09-02,LKUS_push,feature_7qCVo92BIECU,三方unionId黑名单,25
0011,2026-09-02,LKUS_push,feature_9tl8mW2Gembc,邮箱黑名单,25
0011,2026-09-02,LKUS_push,feature_g43LuQcahzCJ,用户编号黑名单,25
0011,2026-09-02,LKUS_push,feature_cOkhRQVI91IV,ip黑名单,25
0011,2026-09-02,LKUS_push,feature_XtxCPW1x9QTU,ip C段黑名单,25
0011,2026-09-02,LKUS_push,feature_TLXI8MNiNglz,reCAPTCHA V3风险分,25
0011,2026-09-02,LKUS_push,feature_JaT2oyzVtD0q,手机号近1分钟的访问次数,25
0011,2026-09-02,LKUS_push,feature_WxHUxqIN0IuS,同IP近5分钟的访问次数,25
0011,2026-09-02,LKUS_push,feature_r1bhlQnbfRHb,IP近60分钟关联的手机号个数,25
0011,2026-09-02,LKUS_push,feature_YkpmaKaJhcdG,区号近1天内的访问次数,25
0011,2026-09-02,LKUS_push,feature_7DbBgowc2mEl,IP近1分钟的访问次数,25
0011,2026-09-02,LKUS_push,feature_hspErCH8fSCE,手机号近30分钟的访问次数,25
0011,2026-09-02,LKUS_push,feature_Wg4dZ6VJBuTb,IP近1分钟关联的手机号个数,25
0011,2026-09-02,LKUS_push,feature_UOJYBEifd5Jn,区号近60分钟的访问次数,25
0011,2026-09-02,LKUS_push,feature_dqBHKec09Wwa,同区号近60分钟未携带recaptchaV3token 访问次数,25
0011,2026-09-02,LKUS_push,feature_53Ck9TgChpTW,IP近5分钟关联的手机号个数,25
0011,2026-09-02,LKUS_push,feature_IPwzfPamC8eW,同手机号30分钟关联的IP city个数,25
0011,2026-09-02,LKUS_push,feature_Ym70ZsfxQKSc,一分钟请求量,25
0011,2026-09-02,LKUS_push,feature_6qwgYPGGuJZ4,IPC段近10分钟关联的手机号个数,25
0011,2026-09-02,LKUS_push,feature_lydpDiga6SB9,手机号近5分钟的访问次数,25
0011,2026-09-02,LKUS_push,feature_SdA1CjZvNCMG,区号近1分钟的访问次数,25
0011,2026-09-02,LKUS_push,feature_KtSZtJ9w7f9r,IPC段近1分钟关联的手机号个数,25
0011,2026-09-02,LKUS_push,feature_nnsdzZLQKPZ7,IP近10分钟关联的手机号个数,25
0011,2026-09-02,LKUS_push,feature_n91JeGM6gD6i,同区号近60分钟非美国IP访问次数,25
0011,2026-09-02,LKUS_push,feature_pf88qk27w76j,区号近5分钟的访问次数,25
0011,2026-09-02,LKUS_push,feature_TGPe0mjAPwR5,IP近60分钟关联的国家区号个数,25
0011,2026-09-02,LKUS_physical_order_create,feature_oxYJ6qJ3BAfv,用户编号白名单,89
0011,2026-09-02,LKUS_physical_order_create,feature_P5eYl9a699fA,ip白名单,89
0011,2026-09-02,LKUS_physical_order_create,feature_vTICzBPfD3Ds,ip C段白名单,89
0011,2026-09-02,LKUS_physical_order_create,feature_yo8MLsBsGIsV,三方unionId白名单,89
0011,2026-09-02,LKUS_physical_order_create,feature_kqtp6XVcXXiQ,手机号白名单,89
0011,2026-09-02,LKUS_physical_order_create,feature_K0JuGvXPoQsS,网关uid白名单,89
0011,2026-09-02,LKUS_physical_order_create,feature_5caBWmAHDcCQ,邮箱白名单,89
0011,2026-09-02,LKUS_physical_order_create,feature_3CSh3LRVobu7,手机号黑名单,82
0011,2026-09-02,LKUS_physical_order_create,feature_jkeS0N10RDAn,网关uid黑名单,82
0011,2026-09-02,LKUS_physical_order_create,feature_7qCVo92BIECU,三方unionId黑名单,82
0011,2026-09-02,LKUS_physical_order_create,feature_9tl8mW2Gembc,邮箱黑名单,82
0011,2026-09-02,LKUS_physical_order_create,feature_g43LuQcahzCJ,用户编号黑名单,82
0011,2026-09-02,LKUS_physical_order_create,feature_XtxCPW1x9QTU,ip C段黑名单,82
0011,2026-09-02,LKUS_physical_order_create,feature_cOkhRQVI91IV,ip黑名单,82
0011,2026-09-02,LKUS_physical_order_create,feature_TLXI8MNiNglz,reCAPTCHA V3风险分,36
0011,2026-09-02,LKUS_payment,feature_oxYJ6qJ3BAfv,用户编号白名单,89
0011,2026-09-02,LKUS_payment,feature_P5eYl9a699fA,ip白名单,89
0011,2026-09-02,LKUS_payment,feature_vTICzBPfD3Ds,ip C段白名单,89
0011,2026-09-02,LKUS_payment,feature_yo8MLsBsGIsV,三方unionId白名单,89
0011,2026-09-02,LKUS_payment,feature_kqtp6XVcXXiQ,手机号白名单,89
0011,2026-09-02,LKUS_payment,feature_K0JuGvXPoQsS,网关uid白名单,89
0011,2026-09-02,LKUS_payment,feature_5caBWmAHDcCQ,邮箱白名单,89
0011,2026-09-02,LKUS_payment,feature_3CSh3LRVobu7,手机号黑名单,82
0011,2026-09-02,LKUS_payment,feature_jkeS0N10RDAn,网关uid黑名单,82
0011,2026-09-02,LKUS_payment,feature_7qCVo92BIECU,三方unionId黑名单,82
0011,2026-09-02,LKUS_payment,feature_9tl8mW2Gembc,邮箱黑名单,82
0011,2026-09-02,LKUS_payment,feature_g43LuQcahzCJ,用户编号黑名单,82
0011,2026-09-02,LKUS_payment,feature_XtxCPW1x9QTU,ip C段黑名单,82
0011,2026-09-02,LKUS_payment,feature_cOkhRQVI91IV,ip黑名单,82
0011,2026-09-02,LKUS_payment,feature_TLXI8MNiNglz,reCAPTCHA V3风险分,39
0011,2026-09-02,LKUS_login,feature_oxYJ6qJ3BAfv,用户编号白名单,23
0011,2026-09-02,LKUS_login,feature_P5eYl9a699fA,ip白名单,23
0011,2026-09-02,LKUS_login,feature_vTICzBPfD3Ds,ip C段白名单,23
0011,2026-09-02,LKUS_login,feature_yo8MLsBsGIsV,三方unionId白名单,23
0011,2026-09-02,LKUS_login,feature_kqtp6XVcXXiQ,手机号白名单,23
0011,2026-09-02,LKUS_login,feature_K0JuGvXPoQsS,网关uid白名单,23
0011,2026-09-02,LKUS_login,feature_5caBWmAHDcCQ,邮箱白名单,23
0011,2026-09-02,LKUS_login,feature_3CSh3LRVobu7,手机号黑名单,22
0011,2026-09-02,LKUS_login,feature_jkeS0N10RDAn,网关uid黑名单,22
0011,2026-09-02,LKUS_login,feature_7qCVo92BIECU,三方unionId黑名单,22
0011,2026-09-02,LKUS_login,feature_9tl8mW2Gembc,邮箱黑名单,22
0011,2026-09-02,LKUS_login,feature_g43LuQcahzCJ,用户编号黑名单,22
0011,2026-09-02,LKUS_login,feature_XtxCPW1x9QTU,ip C段黑名单,22
0011,2026-09-02,LKUS_login,feature_cOkhRQVI91IV,ip黑名单,22
0011,2026-09-02,LKUS_login,feature_TLXI8MNiNglz,reCAPTCHA V3风险分,14
0011,2026-09-02,LKUS_physical_order_create,feature_MHv7nra5Z6T5,reCAPTCHA V3 token是否有效,46
0011,2026-09-02,LKUS_payment,feature_MHv7nra5Z6T5,reCAPTCHA V3 token是否有效,43
0011,2026-09-02,LKUS_grant_new_user_coupon,feature_vTICzBPfD3Ds,ip C段白名单,10
0011,2026-09-02,LKUS_grant_new_user_coupon,feature_P5eYl9a699fA,ip白名单,10
0011,2026-09-02,LKUS_grant_new_user_coupon,feature_oxYJ6qJ3BAfv,用户编号白名单,10
0011,2026-09-02,LKUS_grant_new_user_coupon,feature_yo8MLsBsGIsV,三方unionId白名单,10
0011,2026-09-02,LKUS_grant_new_user_coupon,feature_kqtp6XVcXXiQ,手机号白名单,10
0011,2026-09-02,LKUS_grant_new_user_coupon,feature_5caBWmAHDcCQ,邮箱白名单,10
0011,2026-09-02,LKUS_grant_new_user_coupon,feature_K0JuGvXPoQsS,网关uid白名单,10
0011,2026-09-02,LKUS_grant_new_user_coupon,feature_3CSh3LRVobu7,手机号黑名单,10
0011,2026-09-02,LKUS_grant_new_user_coupon,feature_jkeS0N10RDAn,网关uid黑名单,10
0011,2026-09-02,LKUS_grant_new_user_coupon,feature_7qCVo92BIECU,三方unionId黑名单,10
0011,2026-09-02,LKUS_grant_new_user_coupon,feature_9tl8mW2Gembc,邮箱黑名单,10
0011,2026-09-02,LKUS_grant_new_user_coupon,feature_XtxCPW1x9QTU,ip C段黑名单,10
0011,2026-09-02,LKUS_grant_new_user_coupon,feature_g43LuQcahzCJ,用户编号黑名单,10
0011,2026-09-02,LKUS_grant_new_user_coupon,feature_cOkhRQVI91IV,ip黑名单,10
0011,2026-09-02,LKUS_login,feature_MHv7nra5Z6T5,reCAPTCHA V3 token是否有效,8
0011,2026-09-02,LKUS_register,feature_vTICzBPfD3Ds,ip C段白名单,9
0011,2026-09-02,LKUS_register,feature_P5eYl9a699fA,ip白名单,9
0011,2026-09-02,LKUS_register,feature_oxYJ6qJ3BAfv,用户编号白名单,9
0011,2026-09-02,LKUS_register,feature_yo8MLsBsGIsV,三方unionId白名单,9
0011,2026-09-02,LKUS_register,feature_kqtp6XVcXXiQ,手机号白名单,9
0011,2026-09-02,LKUS_register,feature_5caBWmAHDcCQ,邮箱白名单,9
0011,2026-09-02,LKUS_register,feature_K0JuGvXPoQsS,网关uid白名单,9
0011,2026-09-02,LKUS_register,feature_3CSh3LRVobu7,手机号黑名单,9
0011,2026-09-02,LKUS_register,feature_jkeS0N10RDAn,网关uid黑名单,9
0011,2026-09-02,LKUS_register,feature_7qCVo92BIECU,三方unionId黑名单,9
0011,2026-09-02,LKUS_register,feature_9tl8mW2Gembc,邮箱黑名单,9
0011,2026-09-02,LKUS_register,feature_XtxCPW1x9QTU,ip C段黑名单,9
0011,2026-09-02,LKUS_register,feature_g43LuQcahzCJ,用户编号黑名单,9
0011,2026-09-02,LKUS_register,feature_cOkhRQVI91IV,ip黑名单,9
0011,2026-09-03,LKUS_push,feature_oxYJ6qJ3BAfv,用户编号白名单,25
0011,2026-09-03,LKUS_push,feature_P5eYl9a699fA,ip白名单,25
0011,2026-09-03,LKUS_push,feature_vTICzBPfD3Ds,ip C段白名单,25
0011,2026-09-03,LKUS_push,feature_yo8MLsBsGIsV,三方unionId白名单,25
0011,2026-09-03,LKUS_push,feature_kqtp6XVcXXiQ,手机号白名单,25
0011,2026-09-03,LKUS_push,feature_K0JuGvXPoQsS,网关uid白名单,25
0011,2026-09-03,LKUS_push,feature_5caBWmAHDcCQ,邮箱白名单,25
0011,2026-09-03,LKUS_push,feature_Fik6gvwY1tA6,手机号近1天的访问次数,25
0011,2026-09-03,LKUS_push,feature_3CSh3LRVobu7,手机号黑名单,25
0011,2026-09-03,LKUS_push,feature_jkeS0N10RDAn,网关uid黑名单,25
0011,2026-09-03,LKUS_push,feature_7qCVo92BIECU,三方unionId黑名单,25
0011,2026-09-03,LKUS_push,feature_9tl8mW2Gembc,邮箱黑名单,25
0011,2026-09-03,LKUS_push,feature_g43LuQcahzCJ,用户编号黑名单,25
0011,2026-09-03,LKUS_push,feature_XtxCPW1x9QTU,ip C段黑名单,25
0011,2026-09-03,LKUS_push,feature_cOkhRQVI91IV,ip黑名单,25
0011,2026-09-03,LKUS_push,feature_hspErCH8fSCE,手机号近30分钟的访问次数,25
0011,2026-09-03,LKUS_push,feature_pf88qk27w76j,区号近5分钟的访问次数,25
0011,2026-09-03,LKUS_push,feature_TLXI8MNiNglz,reCAPTCHA V3风险分,25
0011,2026-09-03,LKUS_push,feature_YkpmaKaJhcdG,区号近1天内的访问次数,25
0011,2026-09-03,LKUS_push,feature_7DbBgowc2mEl,IP近1分钟的访问次数,25
0011,2026-09-03,LKUS_push,feature_JaT2oyzVtD0q,手机号近1分钟的访问次数,25
0011,2026-09-03,LKUS_push,feature_IPwzfPamC8eW,同手机号30分钟关联的IP city个数,25
0011,2026-09-03,LKUS_push,feature_Ym70ZsfxQKSc,一分钟请求量,25
0011,2026-09-03,LKUS_push,feature_r1bhlQnbfRHb,IP近60分钟关联的手机号个数,25
0011,2026-09-03,LKUS_push,feature_6qwgYPGGuJZ4,IPC段近10分钟关联的手机号个数,25
0011,2026-09-03,LKUS_push,feature_Wg4dZ6VJBuTb,IP近1分钟关联的手机号个数,25
0011,2026-09-03,LKUS_push,feature_UOJYBEifd5Jn,区号近60分钟的访问次数,25
0011,2026-09-03,LKUS_push,feature_KtSZtJ9w7f9r,IPC段近1分钟关联的手机号个数,25
0011,2026-09-03,LKUS_push,feature_dqBHKec09Wwa,同区号近60分钟未携带recaptchaV3token 访问次数,25
0011,2026-09-03,LKUS_push,feature_TGPe0mjAPwR5,IP近60分钟关联的国家区号个数,25
0011,2026-09-03,LKUS_push,feature_n91JeGM6gD6i,同区号近60分钟非美国IP访问次数,25
0011,2026-09-03,LKUS_push,feature_WxHUxqIN0IuS,同IP近5分钟的访问次数,25
0011,2026-09-03,LKUS_push,feature_lydpDiga6SB9,手机号近5分钟的访问次数,25
0011,2026-09-03,LKUS_push,feature_nnsdzZLQKPZ7,IP近10分钟关联的手机号个数,25
0011,2026-09-03,LKUS_push,feature_SdA1CjZvNCMG,区号近1分钟的访问次数,25
0011,2026-09-03,LKUS_push,feature_53Ck9TgChpTW,IP近5分钟关联的手机号个数,25
0011,2026-09-03,LKUS_physical_order_create,feature_vTICzBPfD3Ds,ip C段白名单,112
0011,2026-09-03,LKUS_physical_order_create,feature_P5eYl9a699fA,ip白名单,112
0011,2026-09-03,LKUS_physical_order_create,feature_oxYJ6qJ3BAfv,用户编号白名单,112
0011,2026-09-03,LKUS_physical_order_create,feature_yo8MLsBsGIsV,三方unionId白名单,112
0011,2026-09-03,LKUS_physical_order_create,feature_kqtp6XVcXXiQ,手机号白名单,112
0011,2026-09-03,LKUS_physical_order_create,feature_5caBWmAHDcCQ,邮箱白名单,112
0011,2026-09-03,LKUS_physical_order_create,feature_K0JuGvXPoQsS,网关uid白名单,112
0011,2026-09-03,LKUS_physical_order_create,feature_3CSh3LRVobu7,手机号黑名单,102
0011,2026-09-03,LKUS_physical_order_create,feature_jkeS0N10RDAn,网关uid黑名单,102
0011,2026-09-03,LKUS_physical_order_create,feature_7qCVo92BIECU,三方unionId黑名单,102
0011,2026-09-03,LKUS_physical_order_create,feature_9tl8mW2Gembc,邮箱黑名单,102
0011,2026-09-03,LKUS_physical_order_create,feature_XtxCPW1x9QTU,ip C段黑名单,102
0011,2026-09-03,LKUS_physical_order_create,feature_g43LuQcahzCJ,用户编号黑名单,102
0011,2026-09-03,LKUS_physical_order_create,feature_cOkhRQVI91IV,ip黑名单,102
0011,2026-09-03,LKUS_physical_order_create,feature_MHv7nra5Z6T5,reCAPTCHA V3 token是否有效,50
0011,2026-09-03,LKUS_payment,feature_vTICzBPfD3Ds,ip C段白名单,109
0011,2026-09-03,LKUS_payment,feature_P5eYl9a699fA,ip白名单,109
0011,2026-09-03,LKUS_payment,feature_oxYJ6qJ3BAfv,用户编号白名单,109
0011,2026-09-03,LKUS_payment,feature_yo8MLsBsGIsV,三方unionId白名单,109
0011,2026-09-03,LKUS_payment,feature_kqtp6XVcXXiQ,手机号白名单,109
0011,2026-09-03,LKUS_payment,feature_5caBWmAHDcCQ,邮箱白名单,109
0011,2026-09-03,LKUS_payment,feature_K0JuGvXPoQsS,网关uid白名单,109
0011,2026-09-03,LKUS_payment,feature_3CSh3LRVobu7,手机号黑名单,99
0011,2026-09-03,LKUS_payment,feature_jkeS0N10RDAn,网关uid黑名单,99
0011,2026-09-03,LKUS_payment,feature_7qCVo92BIECU,三方unionId黑名单,99
0011,2026-09-03,LKUS_payment,feature_9tl8mW2Gembc,邮箱黑名单,99
0011,2026-09-03,LKUS_payment,feature_XtxCPW1x9QTU,ip C段黑名单,99
0011,2026-09-03,LKUS_payment,feature_g43LuQcahzCJ,用户编号黑名单,99
0011,2026-09-03,LKUS_payment,feature_cOkhRQVI91IV,ip黑名单,99
0011,2026-09-03,LKUS_payment,feature_MHv7nra5Z6T5,reCAPTCHA V3 token是否有效,54
0011,2026-09-03,LKUS_login,feature_vTICzBPfD3Ds,ip C段白名单,21
0011,2026-09-03,LKUS_login,feature_P5eYl9a699fA,ip白名单,21
0011,2026-09-03,LKUS_login,feature_oxYJ6qJ3BAfv,用户编号白名单,21
0011,2026-09-03,LKUS_login,feature_yo8MLsBsGIsV,三方unionId白名单,21
0011,2026-09-03,LKUS_login,feature_kqtp6XVcXXiQ,手机号白名单,21
0011,2026-09-03,LKUS_login,feature_5caBWmAHDcCQ,邮箱白名单,21
0011,2026-09-03,LKUS_login,feature_K0JuGvXPoQsS,网关uid白名单,21
0011,2026-09-03,LKUS_physical_order_create,feature_TLXI8MNiNglz,reCAPTCHA V3风险分,52
0011,2026-09-03,LKUS_physical_order_cancel,feature_oxYJ6qJ3BAfv,用户编号白名单,4
0011,2026-09-03,LKUS_physical_order_cancel,feature_P5eYl9a699fA,ip白名单,4
0011,2026-09-03,LKUS_physical_order_cancel,feature_vTICzBPfD3Ds,ip C段白名单,4
0011,2026-09-03,LKUS_physical_order_cancel,feature_yo8MLsBsGIsV,三方unionId白名单,4
0011,2026-09-03,LKUS_physical_order_cancel,feature_kqtp6XVcXXiQ,手机号白名单,4
0011,2026-09-03,LKUS_physical_order_cancel,feature_K0JuGvXPoQsS,网关uid白名单,4
0011,2026-09-03,LKUS_physical_order_cancel,feature_5caBWmAHDcCQ,邮箱白名单,4
0011,2026-09-03,LKUS_physical_order_cancel,feature_3CSh3LRVobu7,手机号黑名单,4
0011,2026-09-03,LKUS_physical_order_cancel,feature_jkeS0N10RDAn,网关uid黑名单,4
0011,2026-09-03,LKUS_physical_order_cancel,feature_7qCVo92BIECU,三方unionId黑名单,4
0011,2026-09-03,LKUS_physical_order_cancel,feature_9tl8mW2Gembc,邮箱黑名单,4
0011,2026-09-03,LKUS_physical_order_cancel,feature_g43LuQcahzCJ,用户编号黑名单,4
0011,2026-09-03,LKUS_physical_order_cancel,feature_XtxCPW1x9QTU,ip C段黑名单,4
0011,2026-09-03,LKUS_physical_order_cancel,feature_cOkhRQVI91IV,ip黑名单,4
0011,2026-09-03,LKUS_payment,feature_TLXI8MNiNglz,reCAPTCHA V3风险分,45
0011,2026-09-03,LKUS_register,feature_vTICzBPfD3Ds,ip C段白名单,7
0011,2026-09-03,LKUS_register,feature_P5eYl9a699fA,ip白名单,7
0011,2026-09-03,LKUS_register,feature_oxYJ6qJ3BAfv,用户编号白名单,7
0011,2026-09-03,LKUS_register,feature_yo8MLsBsGIsV,三方unionId白名单,7
0011,2026-09-03,LKUS_register,feature_kqtp6XVcXXiQ,手机号白名单,7
0011,2026-09-03,LKUS_register,feature_5caBWmAHDcCQ,邮箱白名单,7
0011,2026-09-03,LKUS_register,feature_K0JuGvXPoQsS,网关uid白名单,7
0011,2026-09-03,LKUS_register,feature_3CSh3LRVobu7,手机号黑名单,7
0011,2026-09-03,LKUS_register,feature_jkeS0N10RDAn,网关uid黑名单,7
0011,2026-09-03,LKUS_register,feature_7qCVo92BIECU,三方unionId黑名单,7
0011,2026-09-03,LKUS_register,feature_9tl8mW2Gembc,邮箱黑名单,7
0011,2026-09-03,LKUS_register,feature_XtxCPW1x9QTU,ip C段黑名单,7
0011,2026-09-03,LKUS_register,feature_g43LuQcahzCJ,用户编号黑名单,7
0011,2026-09-03,LKUS_register,feature_cOkhRQVI91IV,ip黑名单,7
0011,2026-09-03,LKUS_grant_new_user_coupon,feature_vTICzBPfD3Ds,ip C段白名单,11
0011,2026-09-03,LKUS_grant_new_user_coupon,feature_P5eYl9a699fA,ip白名单,11
0011,2026-09-03,LKUS_grant_new_user_coupon,feature_oxYJ6qJ3BAfv,用户编号白名单,11
0011,2026-09-03,LKUS_grant_new_user_coupon,feature_yo8MLsBsGIsV,三方unionId白名单,11
0011,2026-09-03,LKUS_grant_new_user_coupon,feature_kqtp6XVcXXiQ,手机号白名单,11
0011,2026-09-03,LKUS_grant_new_user_coupon,feature_5caBWmAHDcCQ,邮箱白名单,11
0011,2026-09-03,LKUS_grant_new_user_coupon,feature_K0JuGvXPoQsS,网关uid白名单,11
0011,2026-09-03,LKUS_grant_new_user_coupon,feature_3CSh3LRVobu7,手机号黑名单,11
0011,2026-09-03,LKUS_grant_new_user_coupon,feature_jkeS0N10RDAn,网关uid黑名单,11
0011,2026-09-03,LKUS_grant_new_user_coupon,feature_7qCVo92BIECU,三方unionId黑名单,11
0011,2026-09-03,LKUS_grant_new_user_coupon,feature_9tl8mW2Gembc,邮箱黑名单,11
0011,2026-09-03,LKUS_grant_new_user_coupon,feature_XtxCPW1x9QTU,ip C段黑名单,11
0011,2026-09-03,LKUS_grant_new_user_coupon,feature_g43LuQcahzCJ,用户编号黑名单,11
0011,2026-09-03,LKUS_grant_new_user_coupon,feature_cOkhRQVI91IV,ip黑名单,11
0011,2026-09-03,LKUS_login,feature_3CSh3LRVobu7,手机号黑名单,19
0011,2026-09-03,LKUS_login,feature_jkeS0N10RDAn,网关uid黑名单,19
0011,2026-09-03,LKUS_login,feature_7qCVo92BIECU,三方unionId黑名单,19
0011,2026-09-03,LKUS_login,feature_9tl8mW2Gembc,邮箱黑名单,19
0011,2026-09-03,LKUS_login,feature_g43LuQcahzCJ,用户编号黑名单,19
0011,2026-09-03,LKUS_login,feature_XtxCPW1x9QTU,ip C段黑名单,19
0011,2026-09-03,LKUS_login,feature_cOkhRQVI91IV,ip黑名单,19
0011,2026-09-03,LKUS_login,feature_TLXI8MNiNglz,reCAPTCHA V3风险分,8
0011,2026-09-03,LKUS_login,feature_MHv7nra5Z6T5,reCAPTCHA V3 token是否有效,11
0011,2026-09-04,LKUS_push,feature_vTICzBPfD3Ds,ip C段白名单,45
0011,2026-09-04,LKUS_push,feature_P5eYl9a699fA,ip白名单,45
0011,2026-09-04,LKUS_push,feature_oxYJ6qJ3BAfv,用户编号白名单,45
0011,2026-09-04,LKUS_push,feature_yo8MLsBsGIsV,三方unionId白名单,45
0011,2026-09-04,LKUS_push,feature_kqtp6XVcXXiQ,手机号白名单,45
0011,2026-09-04,LKUS_push,feature_5caBWmAHDcCQ,邮箱白名单,45
0011,2026-09-04,LKUS_push,feature_K0JuGvXPoQsS,网关uid白名单,45
0011,2026-09-04,LKUS_push,feature_Fik6gvwY1tA6,手机号近1天的访问次数,45
0011,2026-09-04,LKUS_push,feature_3CSh3LRVobu7,手机号黑名单,44
0011,2026-09-04,LKUS_push,feature_jkeS0N10RDAn,网关uid黑名单,44
0011,2026-09-04,LKUS_push,feature_7qCVo92BIECU,三方unionId黑名单,44
0011,2026-09-04,LKUS_push,feature_9tl8mW2Gembc,邮箱黑名单,44
0011,2026-09-04,LKUS_push,feature_XtxCPW1x9QTU,ip C段黑名单,44
0011,2026-09-04,LKUS_push,feature_g43LuQcahzCJ,用户编号黑名单,44
0011,2026-09-04,LKUS_push,feature_cOkhRQVI91IV,ip黑名单,44
0011,2026-09-04,LKUS_push,feature_n91JeGM6gD6i,同区号近60分钟非美国IP访问次数,44
0011,2026-09-04,LKUS_push,feature_IPwzfPamC8eW,同手机号30分钟关联的IP city个数,44
0011,2026-09-04,LKUS_push,feature_Ym70ZsfxQKSc,一分钟请求量,44
0011,2026-09-04,LKUS_push,feature_53Ck9TgChpTW,IP近5分钟关联的手机号个数,44
0011,2026-09-04,LKUS_push,feature_6qwgYPGGuJZ4,IPC段近10分钟关联的手机号个数,44
0011,2026-09-04,LKUS_push,feature_dqBHKec09Wwa,同区号近60分钟未携带recaptchaV3token 访问次数,44
0011,2026-09-04,LKUS_push,feature_UOJYBEifd5Jn,区号近60分钟的访问次数,44
0011,2026-09-04,LKUS_push,feature_lydpDiga6SB9,手机号近5分钟的访问次数,44
0011,2026-09-04,LKUS_push,feature_Wg4dZ6VJBuTb,IP近1分钟关联的手机号个数,44
0011,2026-09-04,LKUS_push,feature_hspErCH8fSCE,手机号近30分钟的访问次数,44
0011,2026-09-04,LKUS_push,feature_r1bhlQnbfRHb,IP近60分钟关联的手机号个数,44
0011,2026-09-04,LKUS_push,feature_YkpmaKaJhcdG,区号近1天内的访问次数,44
0011,2026-09-04,LKUS_push,feature_7DbBgowc2mEl,IP近1分钟的访问次数,44
0011,2026-09-04,LKUS_push,feature_TLXI8MNiNglz,reCAPTCHA V3风险分,44
0011,2026-09-04,LKUS_push,feature_JaT2oyzVtD0q,手机号近1分钟的访问次数,44
0011,2026-09-04,LKUS_push,feature_WxHUxqIN0IuS,同IP近5分钟的访问次数,44
0011,2026-09-04,LKUS_push,feature_KtSZtJ9w7f9r,IPC段近1分钟关联的手机号个数,44
0011,2026-09-04,LKUS_push,feature_pf88qk27w76j,区号近5分钟的访问次数,44
0011,2026-09-04,LKUS_push,feature_nnsdzZLQKPZ7,IP近10分钟关联的手机号个数,44
0011,2026-09-04,LKUS_push,feature_SdA1CjZvNCMG,区号近1分钟的访问次数,44
0011,2026-09-04,LKUS_push,feature_TGPe0mjAPwR5,IP近60分钟关联的国家区号个数,44
0011,2026-09-04,LKUS_physical_order_create,feature_vTICzBPfD3Ds,ip C段白名单,94
0011,2026-09-04,LKUS_physical_order_create,feature_P5eYl9a699fA,ip白名单,94
0011,2026-09-04,LKUS_physical_order_create,feature_oxYJ6qJ3BAfv,用户编号白名单,94
0011,2026-09-04,LKUS_physical_order_create,feature_yo8MLsBsGIsV,三方unionId白名单,94
0011,2026-09-04,LKUS_physical_order_create,feature_kqtp6XVcXXiQ,手机号白名单,94
0011,2026-09-04,LKUS_physical_order_create,feature_5caBWmAHDcCQ,邮箱白名单,94
0011,2026-09-04,LKUS_physical_order_create,feature_K0JuGvXPoQsS,网关uid白名单,94
0011,2026-09-04,LKUS_physical_order_create,feature_3CSh3LRVobu7,手机号黑名单,77
0011,2026-09-04,LKUS_physical_order_create,feature_jkeS0N10RDAn,网关uid黑名单,77
0011,2026-09-04,LKUS_physical_order_create,feature_7qCVo92BIECU,三方unionId黑名单,77
0011,2026-09-04,LKUS_physical_order_create,feature_9tl8mW2Gembc,邮箱黑名单,77
0011,2026-09-04,LKUS_physical_order_create,feature_XtxCPW1x9QTU,ip C段黑名单,77
0011,2026-09-04,LKUS_physical_order_create,feature_g43LuQcahzCJ,用户编号黑名单,77
0011,2026-09-04,LKUS_physical_order_create,feature_cOkhRQVI91IV,ip黑名单,77
0011,2026-09-04,LKUS_physical_order_create,feature_MHv7nra5Z6T5,reCAPTCHA V3 token是否有效,43
0011,2026-09-04,LKUS_payment,feature_vTICzBPfD3Ds,ip C段白名单,94
0011,2026-09-04,LKUS_payment,feature_P5eYl9a699fA,ip白名单,94
0011,2026-09-04,LKUS_payment,feature_oxYJ6qJ3BAfv,用户编号白名单,94
0011,2026-09-04,LKUS_payment,feature_yo8MLsBsGIsV,三方unionId白名单,94
0011,2026-09-04,LKUS_payment,feature_kqtp6XVcXXiQ,手机号白名单,94
0011,2026-09-04,LKUS_payment,feature_5caBWmAHDcCQ,邮箱白名单,94
0011,2026-09-04,LKUS_payment,feature_K0JuGvXPoQsS,网关uid白名单,94
0011,2026-09-04,LKUS_payment,feature_3CSh3LRVobu7,手机号黑名单,77
0011,2026-09-04,LKUS_payment,feature_jkeS0N10RDAn,网关uid黑名单,77
0011,2026-09-04,LKUS_payment,feature_7qCVo92BIECU,三方unionId黑名单,77
0011,2026-09-04,LKUS_payment,feature_9tl8mW2Gembc,邮箱黑名单,77
0011,2026-09-04,LKUS_payment,feature_XtxCPW1x9QTU,ip C段黑名单,77
0011,2026-09-04,LKUS_payment,feature_g43LuQcahzCJ,用户编号黑名单,77
0011,2026-09-04,LKUS_payment,feature_cOkhRQVI91IV,ip黑名单,77
0011,2026-09-04,LKUS_payment,feature_MHv7nra5Z6T5,reCAPTCHA V3 token是否有效,34
0011,2026-09-04,LKUS_physical_order_create,feature_TLXI8MNiNglz,reCAPTCHA V3风险分,34
0011,2026-09-04,LKUS_payment,feature_TLXI8MNiNglz,reCAPTCHA V3风险分,43
0011,2026-09-04,LKUS_login,feature_oxYJ6qJ3BAfv,用户编号白名单,20
0011,2026-09-04,LKUS_login,feature_P5eYl9a699fA,ip白名单,20
0011,2026-09-04,LKUS_login,feature_vTICzBPfD3Ds,ip C段白名单,20
0011,2026-09-04,LKUS_login,feature_yo8MLsBsGIsV,三方unionId白名单,20
0011,2026-09-04,LKUS_login,feature_kqtp6XVcXXiQ,手机号白名单,20
0011,2026-09-04,LKUS_login,feature_K0JuGvXPoQsS,网关uid白名单,20
0011,2026-09-04,LKUS_login,feature_5caBWmAHDcCQ,邮箱白名单,20
0011,2026-09-04,LKUS_login,feature_3CSh3LRVobu7,手机号黑名单,17
0011,2026-09-04,LKUS_login,feature_jkeS0N10RDAn,网关uid黑名单,17
0011,2026-09-04,LKUS_login,feature_7qCVo92BIECU,三方unionId黑名单,17
0011,2026-09-04,LKUS_login,feature_9tl8mW2Gembc,邮箱黑名单,17
0011,2026-09-04,LKUS_login,feature_g43LuQcahzCJ,用户编号黑名单,17
0011,2026-09-04,LKUS_login,feature_XtxCPW1x9QTU,ip C段黑名单,17
0011,2026-09-04,LKUS_login,feature_cOkhRQVI91IV,ip黑名单,17
0011,2026-09-04,LKUS_login,feature_TLXI8MNiNglz,reCAPTCHA V3风险分,10
0011,2026-09-04,LKUS_grant_new_user_coupon,feature_oxYJ6qJ3BAfv,用户编号白名单,13
0011,2026-09-04,LKUS_grant_new_user_coupon,feature_P5eYl9a699fA,ip白名单,13
0011,2026-09-04,LKUS_grant_new_user_coupon,feature_vTICzBPfD3Ds,ip C段白名单,13
0011,2026-09-04,LKUS_grant_new_user_coupon,feature_yo8MLsBsGIsV,三方unionId白名单,13
0011,2026-09-04,LKUS_grant_new_user_coupon,feature_kqtp6XVcXXiQ,手机号白名单,13
0011,2026-09-04,LKUS_grant_new_user_coupon,feature_K0JuGvXPoQsS,网关uid白名单,13
0011,2026-09-04,LKUS_grant_new_user_coupon,feature_5caBWmAHDcCQ,邮箱白名单,13
0011,2026-09-04,LKUS_grant_new_user_coupon,feature_3CSh3LRVobu7,手机号黑名单,13
0011,2026-09-04,LKUS_grant_new_user_coupon,feature_jkeS0N10RDAn,网关uid黑名单,13
0011,2026-09-04,LKUS_grant_new_user_coupon,feature_7qCVo92BIECU,三方unionId黑名单,13
0011,2026-09-04,LKUS_grant_new_user_coupon,feature_9tl8mW2Gembc,邮箱黑名单,13
0011,2026-09-04,LKUS_grant_new_user_coupon,feature_g43LuQcahzCJ,用户编号黑名单,13
0011,2026-09-04,LKUS_grant_new_user_coupon,feature_XtxCPW1x9QTU,ip C段黑名单,13
0011,2026-09-04,LKUS_grant_new_user_coupon,feature_cOkhRQVI91IV,ip黑名单,13
0011,2026-09-04,LKUS_physical_order_cancel,feature_oxYJ6qJ3BAfv,用户编号白名单,1
0011,2026-09-04,LKUS_physical_order_cancel,feature_P5eYl9a699fA,ip白名单,1
0011,2026-09-04,LKUS_physical_order_cancel,feature_vTICzBPfD3Ds,ip C段白名单,1
0011,2026-09-04,LKUS_physical_order_cancel,feature_yo8MLsBsGIsV,三方unionId白名单,1
0011,2026-09-04,LKUS_physical_order_cancel,feature_kqtp6XVcXXiQ,手机号白名单,1
0011,2026-09-04,LKUS_physical_order_cancel,feature_K0JuGvXPoQsS,网关uid白名单,1
0011,2026-09-04,LKUS_physical_order_cancel,feature_5caBWmAHDcCQ,邮箱白名单,1
0011,2026-09-04,LKUS_physical_order_cancel,feature_3CSh3LRVobu7,手机号黑名单,1
0011,2026-09-04,LKUS_physical_order_cancel,feature_jkeS0N10RDAn,网关uid黑名单,1
0011,2026-09-04,LKUS_physical_order_cancel,feature_7qCVo92BIECU,三方unionId黑名单,1
0011,2026-09-04,LKUS_physical_order_cancel,feature_9tl8mW2Gembc,邮箱黑名单,1
0011,2026-09-04,LKUS_physical_order_cancel,feature_g43LuQcahzCJ,用户编号黑名单,1
0011,2026-09-04,LKUS_physical_order_cancel,feature_XtxCPW1x9QTU,ip C段黑名单,1
0011,2026-09-04,LKUS_physical_order_cancel,feature_cOkhRQVI91IV,ip黑名单,1
0011,2026-09-04,LKUS_register,feature_vTICzBPfD3Ds,ip C段白名单,8
0011,2026-09-04,LKUS_register,feature_P5eYl9a699fA,ip白名单,8
0011,2026-09-04,LKUS_register,feature_oxYJ6qJ3BAfv,用户编号白名单,8
0011,2026-09-04,LKUS_register,feature_yo8MLsBsGIsV,三方unionId白名单,8
0011,2026-09-04,LKUS_register,feature_kqtp6XVcXXiQ,手机号白名单,8
0011,2026-09-04,LKUS_register,feature_5caBWmAHDcCQ,邮箱白名单,8
0011,2026-09-04,LKUS_register,feature_K0JuGvXPoQsS,网关uid白名单,8
0011,2026-09-04,LKUS_register,feature_3CSh3LRVobu7,手机号黑名单,8
0011,2026-09-04,LKUS_register,feature_jkeS0N10RDAn,网关uid黑名单,8
0011,2026-09-04,LKUS_register,feature_7qCVo92BIECU,三方unionId黑名单,8
0011,2026-09-04,LKUS_register,feature_9tl8mW2Gembc,邮箱黑名单,8
0011,2026-09-04,LKUS_register,feature_XtxCPW1x9QTU,ip C段黑名单,8
0011,2026-09-04,LKUS_register,feature_g43LuQcahzCJ,用户编号黑名单,8
0011,2026-09-04,LKUS_register,feature_cOkhRQVI91IV,ip黑名单,8
0011,2026-09-04,LKUS_login,feature_MHv7nra5Z6T5,reCAPTCHA V3 token是否有效,7
0011,2026-09-05,LKUS_push,feature_oxYJ6qJ3BAfv,用户编号白名单,141
0011,2026-09-05,LKUS_push,feature_P5eYl9a699fA,ip白名单,141
0011,2026-09-05,LKUS_push,feature_vTICzBPfD3Ds,ip C段白名单,141
0011,2026-09-05,LKUS_push,feature_yo8MLsBsGIsV,三方unionId白名单,141
0011,2026-09-05,LKUS_push,feature_kqtp6XVcXXiQ,手机号白名单,141
0011,2026-09-05,LKUS_push,feature_K0JuGvXPoQsS,网关uid白名单,141
0011,2026-09-05,LKUS_push,feature_5caBWmAHDcCQ,邮箱白名单,141
0011,2026-09-05,LKUS_push,feature_Fik6gvwY1tA6,手机号近1天的访问次数,141
0011,2026-09-05,LKUS_push,feature_3CSh3LRVobu7,手机号黑名单,139
0011,2026-09-05,LKUS_push,feature_jkeS0N10RDAn,网关uid黑名单,139
0011,2026-09-05,LKUS_push,feature_7qCVo92BIECU,三方unionId黑名单,139
0011,2026-09-05,LKUS_push,feature_9tl8mW2Gembc,邮箱黑名单,139
0011,2026-09-05,LKUS_push,feature_g43LuQcahzCJ,用户编号黑名单,139
0011,2026-09-05,LKUS_push,feature_XtxCPW1x9QTU,ip C段黑名单,139
0011,2026-09-05,LKUS_push,feature_cOkhRQVI91IV,ip黑名单,139
0011,2026-09-05,LKUS_push,feature_hspErCH8fSCE,手机号近30分钟的访问次数,139
0011,2026-09-05,LKUS_push,feature_pf88qk27w76j,区号近5分钟的访问次数,139
0011,2026-09-05,LKUS_push,feature_TLXI8MNiNglz,reCAPTCHA V3风险分,139
0011,2026-09-05,LKUS_push,feature_YkpmaKaJhcdG,区号近1天内的访问次数,139
0011,2026-09-05,LKUS_push,feature_7DbBgowc2mEl,IP近1分钟的访问次数,139
0011,2026-09-05,LKUS_push,feature_JaT2oyzVtD0q,手机号近1分钟的访问次数,139
0011,2026-09-05,LKUS_push,feature_IPwzfPamC8eW,同手机号30分钟关联的IP city个数,139
0011,2026-09-05,LKUS_push,feature_Ym70ZsfxQKSc,一分钟请求量,139
0011,2026-09-05,LKUS_push,feature_r1bhlQnbfRHb,IP近60分钟关联的手机号个数,139
0011,2026-09-05,LKUS_push,feature_6qwgYPGGuJZ4,IPC段近10分钟关联的手机号个数,139
0011,2026-09-05,LKUS_push,feature_Wg4dZ6VJBuTb,IP近1分钟关联的手机号个数,139
0011,2026-09-05,LKUS_push,feature_UOJYBEifd5Jn,区号近60分钟的访问次数,139
0011,2026-09-05,LKUS_push,feature_KtSZtJ9w7f9r,IPC段近1分钟关联的手机号个数,139
0011,2026-09-05,LKUS_push,feature_dqBHKec09Wwa,同区号近60分钟未携带recaptchaV3token 访问次数,139
0011,2026-09-05,LKUS_push,feature_TGPe0mjAPwR5,IP近60分钟关联的国家区号个数,139
0011,2026-09-05,LKUS_push,feature_n91JeGM6gD6i,同区号近60分钟非美国IP访问次数,139
0011,2026-09-05,LKUS_push,feature_WxHUxqIN0IuS,同IP近5分钟的访问次数,139
0011,2026-09-05,LKUS_push,feature_lydpDiga6SB9,手机号近5分钟的访问次数,139
0011,2026-09-05,LKUS_push,feature_nnsdzZLQKPZ7,IP近10分钟关联的手机号个数,139
0011,2026-09-05,LKUS_push,feature_SdA1CjZvNCMG,区号近1分钟的访问次数,139
0011,2026-09-05,LKUS_push,feature_53Ck9TgChpTW,IP近5分钟关联的手机号个数,139
0011,2026-09-05,LKUS_login,feature_vTICzBPfD3Ds,ip C段白名单,14
0011,2026-09-05,LKUS_login,feature_P5eYl9a699fA,ip白名单,14
0011,2026-09-05,LKUS_login,feature_oxYJ6qJ3BAfv,用户编号白名单,14
0011,2026-09-05,LKUS_login,feature_yo8MLsBsGIsV,三方unionId白名单,14
0011,2026-09-05,LKUS_login,feature_kqtp6XVcXXiQ,手机号白名单,14
0011,2026-09-05,LKUS_login,feature_5caBWmAHDcCQ,邮箱白名单,14
0011,2026-09-05,LKUS_login,feature_K0JuGvXPoQsS,网关uid白名单,14
0011,2026-09-05,LKUS_login,feature_3CSh3LRVobu7,手机号黑名单,13
0011,2026-09-05,LKUS_login,feature_jkeS0N10RDAn,网关uid黑名单,13
0011,2026-09-05,LKUS_login,feature_7qCVo92BIECU,三方unionId黑名单,13
0011,2026-09-05,LKUS_login,feature_9tl8mW2Gembc,邮箱黑名单,13
0011,2026-09-05,LKUS_login,feature_XtxCPW1x9QTU,ip C段黑名单,13
0011,2026-09-05,LKUS_login,feature_g43LuQcahzCJ,用户编号黑名单,13
0011,2026-09-05,LKUS_login,feature_cOkhRQVI91IV,ip黑名单,13
0011,2026-09-05,LKUS_login,feature_MHv7nra5Z6T5,reCAPTCHA V3 token是否有效,7
0011,2026-09-05,LKUS_grant_new_user_coupon,feature_oxYJ6qJ3BAfv,用户编号白名单,7
0011,2026-09-05,LKUS_grant_new_user_coupon,feature_P5eYl9a699fA,ip白名单,7
0011,2026-09-05,LKUS_grant_new_user_coupon,feature_vTICzBPfD3Ds,ip C段白名单,7
0011,2026-09-05,LKUS_grant_new_user_coupon,feature_yo8MLsBsGIsV,三方unionId白名单,7
0011,2026-09-05,LKUS_grant_new_user_coupon,feature_kqtp6XVcXXiQ,手机号白名单,7
0011,2026-09-05,LKUS_grant_new_user_coupon,feature_K0JuGvXPoQsS,网关uid白名单,7
0011,2026-09-05,LKUS_grant_new_user_coupon,feature_5caBWmAHDcCQ,邮箱白名单,7
0011,2026-09-05,LKUS_grant_new_user_coupon,feature_3CSh3LRVobu7,手机号黑名单,7
0011,2026-09-05,LKUS_grant_new_user_coupon,feature_jkeS0N10RDAn,网关uid黑名单,7
0011,2026-09-05,LKUS_grant_new_user_coupon,feature_7qCVo92BIECU,三方unionId黑名单,7
0011,2026-09-05,LKUS_grant_new_user_coupon,feature_9tl8mW2Gembc,邮箱黑名单,7
0011,2026-09-05,LKUS_grant_new_user_coupon,feature_g43LuQcahzCJ,用户编号黑名单,7
0011,2026-09-05,LKUS_grant_new_user_coupon,feature_XtxCPW1x9QTU,ip C段黑名单,7
0011,2026-09-05,LKUS_grant_new_user_coupon,feature_cOkhRQVI91IV,ip黑名单,7
0011,2026-09-05,LKUS_physical_order_create,feature_vTICzBPfD3Ds,ip C段白名单,63
0011,2026-09-05,LKUS_physical_order_create,feature_P5eYl9a699fA,ip白名单,63
0011,2026-09-05,LKUS_physical_order_create,feature_oxYJ6qJ3BAfv,用户编号白名单,63
0011,2026-09-05,LKUS_physical_order_create,feature_yo8MLsBsGIsV,三方unionId白名单,63
0011,2026-09-05,LKUS_physical_order_create,feature_kqtp6XVcXXiQ,手机号白名单,63
0011,2026-09-05,LKUS_physical_order_create,feature_5caBWmAHDcCQ,邮箱白名单,63
0011,2026-09-05,LKUS_physical_order_create,feature_K0JuGvXPoQsS,网关uid白名单,63
0011,2026-09-05,LKUS_physical_order_create,feature_3CSh3LRVobu7,手机号黑名单,46
0011,2026-09-05,LKUS_physical_order_create,feature_jkeS0N10RDAn,网关uid黑名单,46
0011,2026-09-05,LKUS_physical_order_create,feature_7qCVo92BIECU,三方unionId黑名单,46
0011,2026-09-05,LKUS_physical_order_create,feature_9tl8mW2Gembc,邮箱黑名单,46
0011,2026-09-05,LKUS_physical_order_create,feature_XtxCPW1x9QTU,ip C段黑名单,46
0011,2026-09-05,LKUS_physical_order_create,feature_g43LuQcahzCJ,用户编号黑名单,46
0011,2026-09-05,LKUS_physical_order_create,feature_cOkhRQVI91IV,ip黑名单,46
0011,2026-09-05,LKUS_physical_order_create,feature_MHv7nra5Z6T5,reCAPTCHA V3 token是否有效,27
0011,2026-09-05,LKUS_payment,feature_vTICzBPfD3Ds,ip C段白名单,61
0011,2026-09-05,LKUS_payment,feature_P5eYl9a699fA,ip白名单,61
0011,2026-09-05,LKUS_payment,feature_oxYJ6qJ3BAfv,用户编号白名单,61
0011,2026-09-05,LKUS_payment,feature_yo8MLsBsGIsV,三方unionId白名单,61
0011,2026-09-05,LKUS_payment,feature_kqtp6XVcXXiQ,手机号白名单,61
0011,2026-09-05,LKUS_payment,feature_5caBWmAHDcCQ,邮箱白名单,61
0011,2026-09-05,LKUS_payment,feature_K0JuGvXPoQsS,网关uid白名单,61
0011,2026-09-05,LKUS_payment,feature_3CSh3LRVobu7,手机号黑名单,44
0011,2026-09-05,LKUS_payment,feature_jkeS0N10RDAn,网关uid黑名单,44
0011,2026-09-05,LKUS_payment,feature_7qCVo92BIECU,三方unionId黑名单,44
0011,2026-09-05,LKUS_payment,feature_9tl8mW2Gembc,邮箱黑名单,44
0011,2026-09-05,LKUS_payment,feature_XtxCPW1x9QTU,ip C段黑名单,44
0011,2026-09-05,LKUS_payment,feature_g43LuQcahzCJ,用户编号黑名单,44
0011,2026-09-05,LKUS_payment,feature_cOkhRQVI91IV,ip黑名单,44
0011,2026-09-05,LKUS_payment,feature_MHv7nra5Z6T5,reCAPTCHA V3 token是否有效,21
0011,2026-09-05,LKUS_physical_order_create,feature_TLXI8MNiNglz,reCAPTCHA V3风险分,19
0011,2026-09-05,LKUS_payment,feature_TLXI8MNiNglz,reCAPTCHA V3风险分,23
0011,2026-09-05,LKUS_register,feature_oxYJ6qJ3BAfv,用户编号白名单,14
0011,2026-09-05,LKUS_register,feature_P5eYl9a699fA,ip白名单,14
0011,2026-09-05,LKUS_register,feature_vTICzBPfD3Ds,ip C段白名单,14
0011,2026-09-05,LKUS_register,feature_yo8MLsBsGIsV,三方unionId白名单,14
0011,2026-09-05,LKUS_register,feature_kqtp6XVcXXiQ,手机号白名单,14
0011,2026-09-05,LKUS_register,feature_K0JuGvXPoQsS,网关uid白名单,14
0011,2026-09-05,LKUS_register,feature_5caBWmAHDcCQ,邮箱白名单,14
0011,2026-09-05,LKUS_register,feature_3CSh3LRVobu7,手机号黑名单,14
0011,2026-09-05,LKUS_register,feature_jkeS0N10RDAn,网关uid黑名单,14
0011,2026-09-05,LKUS_register,feature_7qCVo92BIECU,三方unionId黑名单,14
0011,2026-09-05,LKUS_register,feature_9tl8mW2Gembc,邮箱黑名单,14
0011,2026-09-05,LKUS_register,feature_g43LuQcahzCJ,用户编号黑名单,14
0011,2026-09-05,LKUS_register,feature_XtxCPW1x9QTU,ip C段黑名单,14
0011,2026-09-05,LKUS_register,feature_cOkhRQVI91IV,ip黑名单,14
0011,2026-09-05,LKUS_login,feature_TLXI8MNiNglz,reCAPTCHA V3风险分,6
0011,2026-09-05,LKUS_physical_order_cancel,feature_vTICzBPfD3Ds,ip C段白名单,2
0011,2026-09-05,LKUS_physical_order_cancel,feature_P5eYl9a699fA,ip白名单,2
0011,2026-09-05,LKUS_physical_order_cancel,feature_oxYJ6qJ3BAfv,用户编号白名单,2
0011,2026-09-05,LKUS_physical_order_cancel,feature_yo8MLsBsGIsV,三方unionId白名单,2
0011,2026-09-05,LKUS_physical_order_cancel,feature_kqtp6XVcXXiQ,手机号白名单,2
0011,2026-09-05,LKUS_physical_order_cancel,feature_5caBWmAHDcCQ,邮箱白名单,2
0011,2026-09-05,LKUS_physical_order_cancel,feature_K0JuGvXPoQsS,网关uid白名单,2
0011,2026-09-05,LKUS_physical_order_cancel,feature_3CSh3LRVobu7,手机号黑名单,2
0011,2026-09-05,LKUS_physical_order_cancel,feature_jkeS0N10RDAn,网关uid黑名单,2
0011,2026-09-05,LKUS_physical_order_cancel,feature_7qCVo92BIECU,三方unionId黑名单,2
0011,2026-09-05,LKUS_physical_order_cancel,feature_9tl8mW2Gembc,邮箱黑名单,2
0011,2026-09-05,LKUS_physical_order_cancel,feature_XtxCPW1x9QTU,ip C段黑名单,2
0011,2026-09-05,LKUS_physical_order_cancel,feature_g43LuQcahzCJ,用户编号黑名单,2
0011,2026-09-05,LKUS_physical_order_cancel,feature_cOkhRQVI91IV,ip黑名单,2
0011,2026-09-06,LKUS_push,feature_vTICzBPfD3Ds,ip C段白名单,144
0011,2026-09-06,LKUS_push,feature_P5eYl9a699fA,ip白名单,144
0011,2026-09-06,LKUS_push,feature_oxYJ6qJ3BAfv,用户编号白名单,144
0011,2026-09-06,LKUS_push,feature_yo8MLsBsGIsV,三方unionId白名单,144
0011,2026-09-06,LKUS_push,feature_kqtp6XVcXXiQ,手机号白名单,144
0011,2026-09-06,LKUS_push,feature_5caBWmAHDcCQ,邮箱白名单,144
0011,2026-09-06,LKUS_push,feature_K0JuGvXPoQsS,网关uid白名单,144
0011,2026-09-06,LKUS_push,feature_Fik6gvwY1tA6,手机号近1天的访问次数,144
0011,2026-09-06,LKUS_push,feature_3CSh3LRVobu7,手机号黑名单,143
0011,2026-09-06,LKUS_push,feature_jkeS0N10RDAn,网关uid黑名单,143
0011,2026-09-06,LKUS_push,feature_7qCVo92BIECU,三方unionId黑名单,143
0011,2026-09-06,LKUS_push,feature_9tl8mW2Gembc,邮箱黑名单,143
0011,2026-09-06,LKUS_push,feature_XtxCPW1x9QTU,ip C段黑名单,143
0011,2026-09-06,LKUS_push,feature_g43LuQcahzCJ,用户编号黑名单,143
0011,2026-09-06,LKUS_push,feature_cOkhRQVI91IV,ip黑名单,143
0011,2026-09-06,LKUS_push,feature_n91JeGM6gD6i,同区号近60分钟非美国IP访问次数,143
0011,2026-09-06,LKUS_push,feature_IPwzfPamC8eW,同手机号30分钟关联的IP city个数,143
0011,2026-09-06,LKUS_push,feature_Ym70ZsfxQKSc,一分钟请求量,143
0011,2026-09-06,LKUS_push,feature_53Ck9TgChpTW,IP近5分钟关联的手机号个数,143
0011,2026-09-06,LKUS_push,feature_6qwgYPGGuJZ4,IPC段近10分钟关联的手机号个数,143
0011,2026-09-06,LKUS_push,feature_dqBHKec09Wwa,同区号近60分钟未携带recaptchaV3token 访问次数,143
0011,2026-09-06,LKUS_push,feature_UOJYBEifd5Jn,区号近60分钟的访问次数,143
0011,2026-09-06,LKUS_push,feature_lydpDiga6SB9,手机号近5分钟的访问次数,143
0011,2026-09-06,LKUS_push,feature_Wg4dZ6VJBuTb,IP近1分钟关联的手机号个数,143
0011,2026-09-06,LKUS_push,feature_hspErCH8fSCE,手机号近30分钟的访问次数,143
0011,2026-09-06,LKUS_push,feature_r1bhlQnbfRHb,IP近60分钟关联的手机号个数,143
0011,2026-09-06,LKUS_push,feature_YkpmaKaJhcdG,区号近1天内的访问次数,143
0011,2026-09-06,LKUS_push,feature_7DbBgowc2mEl,IP近1分钟的访问次数,143
0011,2026-09-06,LKUS_push,feature_TLXI8MNiNglz,reCAPTCHA V3风险分,78
0011,2026-09-06,LKUS_push,feature_JaT2oyzVtD0q,手机号近1分钟的访问次数,143
0011,2026-09-06,LKUS_push,feature_WxHUxqIN0IuS,同IP近5分钟的访问次数,143
0011,2026-09-06,LKUS_push,feature_KtSZtJ9w7f9r,IPC段近1分钟关联的手机号个数,143
0011,2026-09-06,LKUS_push,feature_pf88qk27w76j,区号近5分钟的访问次数,143
0011,2026-09-06,LKUS_push,feature_nnsdzZLQKPZ7,IP近10分钟关联的手机号个数,143
0011,2026-09-06,LKUS_push,feature_SdA1CjZvNCMG,区号近1分钟的访问次数,143
0011,2026-09-06,LKUS_push,feature_TGPe0mjAPwR5,IP近60分钟关联的国家区号个数,143
0011,2026-09-06,LKUS_push,feature_MHv7nra5Z6T5,reCAPTCHA V3 token是否有效,65
0011,2026-09-06,LKUS_login,feature_vTICzBPfD3Ds,ip C段白名单,26
0011,2026-09-06,LKUS_login,feature_P5eYl9a699fA,ip白名单,26
0011,2026-09-06,LKUS_login,feature_oxYJ6qJ3BAfv,用户编号白名单,26
0011,2026-09-06,LKUS_login,feature_yo8MLsBsGIsV,三方unionId白名单,26
0011,2026-09-06,LKUS_login,feature_kqtp6XVcXXiQ,手机号白名单,26
0011,2026-09-06,LKUS_login,feature_5caBWmAHDcCQ,邮箱白名单,26
0011,2026-09-06,LKUS_login,feature_K0JuGvXPoQsS,网关uid白名单,26
0011,2026-09-06,LKUS_login,feature_3CSh3LRVobu7,手机号黑名单,24
0011,2026-09-06,LKUS_login,feature_jkeS0N10RDAn,网关uid黑名单,24
0011,2026-09-06,LKUS_login,feature_7qCVo92BIECU,三方unionId黑名单,24
0011,2026-09-06,LKUS_login,feature_9tl8mW2Gembc,邮箱黑名单,24
0011,2026-09-06,LKUS_login,feature_g43LuQcahzCJ,用户编号黑名单,24
0011,2026-09-06,LKUS_login,feature_XtxCPW1x9QTU,ip C段黑名单,24
0011,2026-09-06,LKUS_login,feature_cOkhRQVI91IV,ip黑名单,24
0011,2026-09-06,LKUS_login,feature_TLXI8MNiNglz,reCAPTCHA V3风险分,17
0011,2026-09-06,LKUS_physical_order_create,feature_P5eYl9a699fA,ip白名单,66
0011,2026-09-06,LKUS_physical_order_create,feature_vTICzBPfD3Ds,ip C段白名单,66
0011,2026-09-06,LKUS_physical_order_create,feature_oxYJ6qJ3BAfv,用户编号白名单,66
0011,2026-09-06,LKUS_physical_order_create,feature_yo8MLsBsGIsV,三方unionId白名单,66
0011,2026-09-06,LKUS_physical_order_create,feature_kqtp6XVcXXiQ,手机号白名单,66
0011,2026-09-06,LKUS_physical_order_create,feature_5caBWmAHDcCQ,邮箱白名单,66
0011,2026-09-06,LKUS_physical_order_create,feature_K0JuGvXPoQsS,网关uid白名单,66
0011,2026-09-06,LKUS_physical_order_create,feature_3CSh3LRVobu7,手机号黑名单,56
0011,2026-09-06,LKUS_physical_order_create,feature_jkeS0N10RDAn,网关uid黑名单,56
0011,2026-09-06,LKUS_physical_order_create,feature_7qCVo92BIECU,三方unionId黑名单,56
0011,2026-09-06,LKUS_physical_order_create,feature_9tl8mW2Gembc,邮箱黑名单,56
0011,2026-09-06,LKUS_physical_order_create,feature_g43LuQcahzCJ,用户编号黑名单,56
0011,2026-09-06,LKUS_physical_order_create,feature_XtxCPW1x9QTU,ip C段黑名单,56
0011,2026-09-06,LKUS_physical_order_create,feature_cOkhRQVI91IV,ip黑名单,56
0011,2026-09-06,LKUS_physical_order_create,feature_MHv7nra5Z6T5,reCAPTCHA V3 token是否有效,25
0011,2026-09-06,LKUS_payment,feature_vTICzBPfD3Ds,ip C段白名单,66
0011,2026-09-06,LKUS_payment,feature_P5eYl9a699fA,ip白名单,66
0011,2026-09-06,LKUS_payment,feature_oxYJ6qJ3BAfv,用户编号白名单,66
0011,2026-09-06,LKUS_payment,feature_yo8MLsBsGIsV,三方unionId白名单,66
0011,2026-09-06,LKUS_payment,feature_kqtp6XVcXXiQ,手机号白名单,66
0011,2026-09-06,LKUS_payment,feature_5caBWmAHDcCQ,邮箱白名单,66
0011,2026-09-06,LKUS_payment,feature_K0JuGvXPoQsS,网关uid白名单,66
0011,2026-09-06,LKUS_payment,feature_3CSh3LRVobu7,手机号黑名单,56
0011,2026-09-06,LKUS_payment,feature_jkeS0N10RDAn,网关uid黑名单,56
0011,2026-09-06,LKUS_payment,feature_7qCVo92BIECU,三方unionId黑名单,56
0011,2026-09-06,LKUS_payment,feature_9tl8mW2Gembc,邮箱黑名单,56
0011,2026-09-06,LKUS_payment,feature_g43LuQcahzCJ,用户编号黑名单,56
0011,2026-09-06,LKUS_payment,feature_XtxCPW1x9QTU,ip C段黑名单,56
0011,2026-09-06,LKUS_payment,feature_cOkhRQVI91IV,ip黑名单,56
0011,2026-09-06,LKUS_payment,feature_TLXI8MNiNglz,reCAPTCHA V3风险分,35
0011,2026-09-06,LKUS_physical_order_create,feature_TLXI8MNiNglz,reCAPTCHA V3风险分,31
0011,2026-09-06,LKUS_payment,feature_MHv7nra5Z6T5,reCAPTCHA V3 token是否有效,21
0011,2026-09-06,LKUS_grant_new_user_coupon,feature_vTICzBPfD3Ds,ip C段白名单,17
0011,2026-09-06,LKUS_grant_new_user_coupon,feature_P5eYl9a699fA,ip白名单,17
0011,2026-09-06,LKUS_grant_new_user_coupon,feature_oxYJ6qJ3BAfv,用户编号白名单,17
0011,2026-09-06,LKUS_grant_new_user_coupon,feature_yo8MLsBsGIsV,三方unionId白名单,17
0011,2026-09-06,LKUS_grant_new_user_coupon,feature_kqtp6XVcXXiQ,手机号白名单,17
0011,2026-09-06,LKUS_grant_new_user_coupon,feature_5caBWmAHDcCQ,邮箱白名单,17
0011,2026-09-06,LKUS_grant_new_user_coupon,feature_K0JuGvXPoQsS,网关uid白名单,17
0011,2026-09-06,LKUS_grant_new_user_coupon,feature_3CSh3LRVobu7,手机号黑名单,17
0011,2026-09-06,LKUS_grant_new_user_coupon,feature_jkeS0N10RDAn,网关uid黑名单,17
0011,2026-09-06,LKUS_grant_new_user_coupon,feature_7qCVo92BIECU,三方unionId黑名单,17
0011,2026-09-06,LKUS_grant_new_user_coupon,feature_9tl8mW2Gembc,邮箱黑名单,17
0011,2026-09-06,LKUS_grant_new_user_coupon,feature_g43LuQcahzCJ,用户编号黑名单,17
0011,2026-09-06,LKUS_grant_new_user_coupon,feature_XtxCPW1x9QTU,ip C段黑名单,17
0011,2026-09-06,LKUS_grant_new_user_coupon,feature_cOkhRQVI91IV,ip黑名单,17
0011,2026-09-06,LKUS_register,feature_vTICzBPfD3Ds,ip C段白名单,13
0011,2026-09-06,LKUS_register,feature_P5eYl9a699fA,ip白名单,13
0011,2026-09-06,LKUS_register,feature_oxYJ6qJ3BAfv,用户编号白名单,13
0011,2026-09-06,LKUS_register,feature_yo8MLsBsGIsV,三方unionId白名单,13
0011,2026-09-06,LKUS_register,feature_kqtp6XVcXXiQ,手机号白名单,13
0011,2026-09-06,LKUS_register,feature_5caBWmAHDcCQ,邮箱白名单,13
0011,2026-09-06,LKUS_register,feature_K0JuGvXPoQsS,网关uid白名单,13
0011,2026-09-06,LKUS_register,feature_3CSh3LRVobu7,手机号黑名单,13
0011,2026-09-06,LKUS_register,feature_jkeS0N10RDAn,网关uid黑名单,13
0011,2026-09-06,LKUS_register,feature_7qCVo92BIECU,三方unionId黑名单,13
0011,2026-09-06,LKUS_register,feature_9tl8mW2Gembc,邮箱黑名单,13
0011,2026-09-06,LKUS_register,feature_g43LuQcahzCJ,用户编号黑名单,13
0011,2026-09-06,LKUS_register,feature_XtxCPW1x9QTU,ip C段黑名单,13
0011,2026-09-06,LKUS_register,feature_cOkhRQVI91IV,ip黑名单,13
0011,2026-09-06,LKUS_login,feature_MHv7nra5Z6T5,reCAPTCHA V3 token是否有效,7
0011,2026-09-06,LKUS_captcha,feature_vTICzBPfD3Ds,ip C段白名单,1
0011,2026-09-06,LKUS_captcha,feature_P5eYl9a699fA,ip白名单,1
0011,2026-09-06,LKUS_captcha,feature_oxYJ6qJ3BAfv,用户编号白名单,1
0011,2026-09-06,LKUS_captcha,feature_yo8MLsBsGIsV,三方unionId白名单,1
0011,2026-09-06,LKUS_captcha,feature_kqtp6XVcXXiQ,手机号白名单,1
0011,2026-09-06,LKUS_captcha,feature_5caBWmAHDcCQ,邮箱白名单,1
0011,2026-09-06,LKUS_captcha,feature_K0JuGvXPoQsS,网关uid白名单,1
0011,2026-09-06,LKUS_captcha,feature_3CSh3LRVobu7,手机号黑名单,1
0011,2026-09-06,LKUS_captcha,feature_jkeS0N10RDAn,网关uid黑名单,1
0011,2026-09-06,LKUS_captcha,feature_7qCVo92BIECU,三方unionId黑名单,1
0011,2026-09-06,LKUS_captcha,feature_9tl8mW2Gembc,邮箱黑名单,1
0011,2026-09-06,LKUS_captcha,feature_g43LuQcahzCJ,用户编号黑名单,1
0011,2026-09-06,LKUS_captcha,feature_XtxCPW1x9QTU,ip C段黑名单,1
0011,2026-09-06,LKUS_captcha,feature_cOkhRQVI91IV,ip黑名单,1
0011,2026-09-06,LKUS_captcha,feature_MDSagDqKF5R8,reCAPTCHA V2风险分,1
0011,2026-09-06,LKUS_physical_order_cancel,feature_vTICzBPfD3Ds,ip C段白名单,1
0011,2026-09-06,LKUS_physical_order_cancel,feature_P5eYl9a699fA,ip白名单,1
0011,2026-09-06,LKUS_physical_order_cancel,feature_oxYJ6qJ3BAfv,用户编号白名单,1
0011,2026-09-06,LKUS_physical_order_cancel,feature_yo8MLsBsGIsV,三方unionId白名单,1
0011,2026-09-06,LKUS_physical_order_cancel,feature_kqtp6XVcXXiQ,手机号白名单,1
0011,2026-09-06,LKUS_physical_order_cancel,feature_5caBWmAHDcCQ,邮箱白名单,1
0011,2026-09-06,LKUS_physical_order_cancel,feature_K0JuGvXPoQsS,网关uid白名单,1
0011,2026-09-06,LKUS_physical_order_cancel,feature_3CSh3LRVobu7,手机号黑名单,1
0011,2026-09-06,LKUS_physical_order_cancel,feature_jkeS0N10RDAn,网关uid黑名单,1
0011,2026-09-06,LKUS_physical_order_cancel,feature_7qCVo92BIECU,三方unionId黑名单,1
0011,2026-09-06,LKUS_physical_order_cancel,feature_9tl8mW2Gembc,邮箱黑名单,1
0011,2026-09-06,LKUS_physical_order_cancel,feature_g43LuQcahzCJ,用户编号黑名单,1
0011,2026-09-06,LKUS_physical_order_cancel,feature_XtxCPW1x9QTU,ip C段黑名单,1
0011,2026-09-06,LKUS_physical_order_cancel,feature_cOkhRQVI91IV,ip黑名单,1
0011,2026-09-07,LKUS_push,feature_vTICzBPfD3Ds,ip C段白名单,141
0011,2026-09-07,LKUS_push,feature_P5eYl9a699fA,ip白名单,141
0011,2026-09-07,LKUS_push,feature_oxYJ6qJ3BAfv,用户编号白名单,141
0011,2026-09-07,LKUS_push,feature_yo8MLsBsGIsV,三方unionId白名单,141
0011,2026-09-07,LKUS_push,feature_kqtp6XVcXXiQ,手机号白名单,141
0011,2026-09-07,LKUS_push,feature_5caBWmAHDcCQ,邮箱白名单,141
0011,2026-09-07,LKUS_push,feature_K0JuGvXPoQsS,网关uid白名单,141
0011,2026-09-07,LKUS_push,feature_Fik6gvwY1tA6,手机号近1天的访问次数,141
0011,2026-09-07,LKUS_push,feature_3CSh3LRVobu7,手机号黑名单,141
0011,2026-09-07,LKUS_push,feature_jkeS0N10RDAn,网关uid黑名单,141
0011,2026-09-07,LKUS_push,feature_7qCVo92BIECU,三方unionId黑名单,141
0011,2026-09-07,LKUS_push,feature_9tl8mW2Gembc,邮箱黑名单,141
0011,2026-09-07,LKUS_push,feature_g43LuQcahzCJ,用户编号黑名单,141
0011,2026-09-07,LKUS_push,feature_XtxCPW1x9QTU,ip C段黑名单,141
0011,2026-09-07,LKUS_push,feature_cOkhRQVI91IV,ip黑名单,141
0011,2026-09-07,LKUS_push,feature_hspErCH8fSCE,手机号近30分钟的访问次数,141
0011,2026-09-07,LKUS_push,feature_pf88qk27w76j,区号近5分钟的访问次数,141
0011,2026-09-07,LKUS_push,feature_TLXI8MNiNglz,reCAPTCHA V3风险分,35
0011,2026-09-07,LKUS_push,feature_r1bhlQnbfRHb,IP近60分钟关联的手机号个数,141
0011,2026-09-07,LKUS_push,feature_7DbBgowc2mEl,IP近1分钟的访问次数,141
0011,2026-09-07,LKUS_push,feature_JaT2oyzVtD0q,手机号近1分钟的访问次数,141
0011,2026-09-07,LKUS_push,feature_TGPe0mjAPwR5,IP近60分钟关联的国家区号个数,141
0011,2026-09-07,LKUS_push,feature_n91JeGM6gD6i,同区号近60分钟非美国IP访问次数,141
0011,2026-09-07,LKUS_push,feature_UOJYBEifd5Jn,区号近60分钟的访问次数,141
0011,2026-09-07,LKUS_push,feature_dqBHKec09Wwa,同区号近60分钟未携带recaptchaV3token 访问次数,141
0011,2026-09-07,LKUS_push,feature_KtSZtJ9w7f9r,IPC段近1分钟关联的手机号个数,141
0011,2026-09-07,LKUS_push,feature_6qwgYPGGuJZ4,IPC段近10分钟关联的手机号个数,141
0011,2026-09-07,LKUS_push,feature_53Ck9TgChpTW,IP近5分钟关联的手机号个数,141
0011,2026-09-07,LKUS_push,feature_IPwzfPamC8eW,同手机号30分钟关联的IP city个数,141
0011,2026-09-07,LKUS_push,feature_SdA1CjZvNCMG,区号近1分钟的访问次数,141
0011,2026-09-07,LKUS_push,feature_Ym70ZsfxQKSc,一分钟请求量,141
0011,2026-09-07,LKUS_push,feature_WxHUxqIN0IuS,同IP近5分钟的访问次数,141
0011,2026-09-07,LKUS_push,feature_nnsdzZLQKPZ7,IP近10分钟关联的手机号个数,141
0011,2026-09-07,LKUS_push,feature_lydpDiga6SB9,手机号近5分钟的访问次数,141
0011,2026-09-07,LKUS_push,feature_YkpmaKaJhcdG,区号近1天内的访问次数,141
0011,2026-09-07,LKUS_push,feature_Wg4dZ6VJBuTb,IP近1分钟关联的手机号个数,141
0011,2026-09-07,LKUS_register,feature_vTICzBPfD3Ds,ip C段白名单,9
0011,2026-09-07,LKUS_register,feature_P5eYl9a699fA,ip白名单,9
0011,2026-09-07,LKUS_register,feature_oxYJ6qJ3BAfv,用户编号白名单,9
0011,2026-09-07,LKUS_register,feature_yo8MLsBsGIsV,三方unionId白名单,9
0011,2026-09-07,LKUS_register,feature_kqtp6XVcXXiQ,手机号白名单,9
0011,2026-09-07,LKUS_register,feature_5caBWmAHDcCQ,邮箱白名单,9
0011,2026-09-07,LKUS_register,feature_K0JuGvXPoQsS,网关uid白名单,9
0011,2026-09-07,LKUS_register,feature_3CSh3LRVobu7,手机号黑名单,9
0011,2026-09-07,LKUS_register,feature_jkeS0N10RDAn,网关uid黑名单,9
0011,2026-09-07,LKUS_register,feature_7qCVo92BIECU,三方unionId黑名单,9
0011,2026-09-07,LKUS_register,feature_9tl8mW2Gembc,邮箱黑名单,9
0011,2026-09-07,LKUS_register,feature_g43LuQcahzCJ,用户编号黑名单,9
0011,2026-09-07,LKUS_register,feature_XtxCPW1x9QTU,ip C段黑名单,9
0011,2026-09-07,LKUS_register,feature_cOkhRQVI91IV,ip黑名单,9
0011,2026-09-07,LKUS_push,feature_MHv7nra5Z6T5,reCAPTCHA V3 token是否有效,106
0011,2026-09-07,LKUS_physical_order_create,feature_vTICzBPfD3Ds,ip C段白名单,60
0011,2026-09-07,LKUS_physical_order_create,feature_P5eYl9a699fA,ip白名单,60
0011,2026-09-07,LKUS_physical_order_create,feature_oxYJ6qJ3BAfv,用户编号白名单,60
0011,2026-09-07,LKUS_physical_order_create,feature_yo8MLsBsGIsV,三方unionId白名单,60
0011,2026-09-07,LKUS_physical_order_create,feature_kqtp6XVcXXiQ,手机号白名单,60
0011,2026-09-07,LKUS_physical_order_create,feature_5caBWmAHDcCQ,邮箱白名单,60
0011,2026-09-07,LKUS_physical_order_create,feature_K0JuGvXPoQsS,网关uid白名单,60
0011,2026-09-07,LKUS_physical_order_create,feature_3CSh3LRVobu7,手机号黑名单,44
0011,2026-09-07,LKUS_physical_order_create,feature_jkeS0N10RDAn,网关uid黑名单,44
0011,2026-09-07,LKUS_physical_order_create,feature_7qCVo92BIECU,三方unionId黑名单,44
0011,2026-09-07,LKUS_physical_order_create,feature_9tl8mW2Gembc,邮箱黑名单,44
0011,2026-09-07,LKUS_physical_order_create,feature_XtxCPW1x9QTU,ip C段黑名单,44
0011,2026-09-07,LKUS_physical_order_create,feature_cOkhRQVI91IV,ip黑名单,44
0011,2026-09-07,LKUS_physical_order_create,feature_g43LuQcahzCJ,用户编号黑名单,44
0011,2026-09-07,LKUS_physical_order_create,feature_MHv7nra5Z6T5,reCAPTCHA V3 token是否有效,44
0011,2026-09-07,LKUS_payment,feature_oxYJ6qJ3BAfv,用户编号白名单,61
0011,2026-09-07,LKUS_payment,feature_vTICzBPfD3Ds,ip C段白名单,61
0011,2026-09-07,LKUS_payment,feature_P5eYl9a699fA,ip白名单,61
0011,2026-09-07,LKUS_payment,feature_yo8MLsBsGIsV,三方unionId白名单,61
0011,2026-09-07,LKUS_payment,feature_kqtp6XVcXXiQ,手机号白名单,61
0011,2026-09-07,LKUS_payment,feature_K0JuGvXPoQsS,网关uid白名单,61
0011,2026-09-07,LKUS_payment,feature_5caBWmAHDcCQ,邮箱白名单,61
0011,2026-09-07,LKUS_payment,feature_3CSh3LRVobu7,手机号黑名单,44
0011,2026-09-07,LKUS_payment,feature_jkeS0N10RDAn,网关uid黑名单,44
0011,2026-09-07,LKUS_payment,feature_7qCVo92BIECU,三方unionId黑名单,44
0011,2026-09-07,LKUS_payment,feature_9tl8mW2Gembc,邮箱黑名单,44
0011,2026-09-07,LKUS_payment,feature_g43LuQcahzCJ,用户编号黑名单,44
0011,2026-09-07,LKUS_payment,feature_XtxCPW1x9QTU,ip C段黑名单,44
0011,2026-09-07,LKUS_payment,feature_cOkhRQVI91IV,ip黑名单,44
0011,2026-09-07,LKUS_payment,feature_MHv7nra5Z6T5,reCAPTCHA V3 token是否有效,44
0011,2026-09-07,LKUS_login,feature_oxYJ6qJ3BAfv,用户编号白名单,9
0011,2026-09-07,LKUS_login,feature_vTICzBPfD3Ds,ip C段白名单,9
0011,2026-09-07,LKUS_login,feature_P5eYl9a699fA,ip白名单,9
0011,2026-09-07,LKUS_login,feature_yo8MLsBsGIsV,三方unionId白名单,9
0011,2026-09-07,LKUS_login,feature_kqtp6XVcXXiQ,手机号白名单,9
0011,2026-09-07,LKUS_login,feature_K0JuGvXPoQsS,网关uid白名单,9
0011,2026-09-07,LKUS_login,feature_5caBWmAHDcCQ,邮箱白名单,9
0011,2026-09-07,LKUS_login,feature_3CSh3LRVobu7,手机号黑名单,8
0011,2026-09-07,LKUS_login,feature_jkeS0N10RDAn,网关uid黑名单,8
0011,2026-09-07,LKUS_login,feature_7qCVo92BIECU,三方unionId黑名单,8
0011,2026-09-07,LKUS_login,feature_9tl8mW2Gembc,邮箱黑名单,8
0011,2026-09-07,LKUS_login,feature_g43LuQcahzCJ,用户编号黑名单,8
0011,2026-09-07,LKUS_login,feature_XtxCPW1x9QTU,ip C段黑名单,8
0011,2026-09-07,LKUS_login,feature_cOkhRQVI91IV,ip黑名单,8
0011,2026-09-07,LKUS_login,feature_MHv7nra5Z6T5,reCAPTCHA V3 token是否有效,8
0011,2026-09-07,LKUS_physical_order_cancel,feature_vTICzBPfD3Ds,ip C段白名单,1
0011,2026-09-07,LKUS_physical_order_cancel,feature_P5eYl9a699fA,ip白名单,1
0011,2026-09-07,LKUS_physical_order_cancel,feature_oxYJ6qJ3BAfv,用户编号白名单,1
0011,2026-09-07,LKUS_physical_order_cancel,feature_yo8MLsBsGIsV,三方unionId白名单,1
0011,2026-09-07,LKUS_physical_order_cancel,feature_kqtp6XVcXXiQ,手机号白名单,1
0011,2026-09-07,LKUS_physical_order_cancel,feature_5caBWmAHDcCQ,邮箱白名单,1
0011,2026-09-07,LKUS_physical_order_cancel,feature_K0JuGvXPoQsS,网关uid白名单,1
0011,2026-09-07,LKUS_physical_order_cancel,feature_3CSh3LRVobu7,手机号黑名单,1
0011,2026-09-07,LKUS_physical_order_cancel,feature_jkeS0N10RDAn,网关uid黑名单,1
0011,2026-09-07,LKUS_physical_order_cancel,feature_7qCVo92BIECU,三方unionId黑名单,1
0011,2026-09-07,LKUS_physical_order_cancel,feature_9tl8mW2Gembc,邮箱黑名单,1
0011,2026-09-07,LKUS_physical_order_cancel,feature_XtxCPW1x9QTU,ip C段黑名单,1
0011,2026-09-07,LKUS_physical_order_cancel,feature_cOkhRQVI91IV,ip黑名单,1
0011,2026-09-07,LKUS_physical_order_cancel,feature_g43LuQcahzCJ,用户编号黑名单,1
0011,2026-09-07,LKUS_grant_new_user_coupon,feature_oxYJ6qJ3BAfv,用户编号白名单,5
0011,2026-09-07,LKUS_grant_new_user_coupon,feature_vTICzBPfD3Ds,ip C段白名单,5
0011,2026-09-07,LKUS_grant_new_user_coupon,feature_P5eYl9a699fA,ip白名单,5
0011,2026-09-07,LKUS_grant_new_user_coupon,feature_yo8MLsBsGIsV,三方unionId白名单,5
0011,2026-09-07,LKUS_grant_new_user_coupon,feature_kqtp6XVcXXiQ,手机号白名单,5
0011,2026-09-07,LKUS_grant_new_user_coupon,feature_K0JuGvXPoQsS,网关uid白名单,5
0011,2026-09-07,LKUS_grant_new_user_coupon,feature_5caBWmAHDcCQ,邮箱白名单,5
0011,2026-09-07,LKUS_grant_new_user_coupon,feature_3CSh3LRVobu7,手机号黑名单,5
0011,2026-09-07,LKUS_grant_new_user_coupon,feature_jkeS0N10RDAn,网关uid黑名单,5
0011,2026-09-07,LKUS_grant_new_user_coupon,feature_7qCVo92BIECU,三方unionId黑名单,5
0011,2026-09-07,LKUS_grant_new_user_coupon,feature_9tl8mW2Gembc,邮箱黑名单,5
0011,2026-09-07,LKUS_grant_new_user_coupon,feature_g43LuQcahzCJ,用户编号黑名单,5
0011,2026-09-07,LKUS_grant_new_user_coupon,feature_XtxCPW1x9QTU,ip C段黑名单,5
0011,2026-09-07,LKUS_grant_new_user_coupon,feature_cOkhRQVI91IV,ip黑名单,5
0011,2026-09-08,LKUS_push,feature_oxYJ6qJ3BAfv,用户编号白名单,171
0011,2026-09-08,LKUS_push,feature_vTICzBPfD3Ds,ip C段白名单,171
0011,2026-09-08,LKUS_push,feature_P5eYl9a699fA,ip白名单,171
0011,2026-09-08,LKUS_push,feature_yo8MLsBsGIsV,三方unionId白名单,171
0011,2026-09-08,LKUS_push,feature_kqtp6XVcXXiQ,手机号白名单,171
0011,2026-09-08,LKUS_push,feature_K0JuGvXPoQsS,网关uid白名单,171
0011,2026-09-08,LKUS_push,feature_5caBWmAHDcCQ,邮箱白名单,171
0011,2026-09-08,LKUS_push,feature_Fik6gvwY1tA6,手机号近1天的访问次数,171
0011,2026-09-08,LKUS_push,feature_3CSh3LRVobu7,手机号黑名单,170
0011,2026-09-08,LKUS_push,feature_jkeS0N10RDAn,网关uid黑名单,170
0011,2026-09-08,LKUS_push,feature_7qCVo92BIECU,三方unionId黑名单,170
0011,2026-09-08,LKUS_push,feature_9tl8mW2Gembc,邮箱黑名单,170
0011,2026-09-08,LKUS_push,feature_g43LuQcahzCJ,用户编号黑名单,170
0011,2026-09-08,LKUS_push,feature_XtxCPW1x9QTU,ip C段黑名单,170
0011,2026-09-08,LKUS_push,feature_cOkhRQVI91IV,ip黑名单,170
0011,2026-09-08,LKUS_push,feature_Wg4dZ6VJBuTb,IP近1分钟关联的手机号个数,170
0011,2026-09-08,LKUS_push,feature_MHv7nra5Z6T5,reCAPTCHA V3 token是否有效,170
0011,2026-09-08,LKUS_push,feature_SdA1CjZvNCMG,区号近1分钟的访问次数,170
0011,2026-09-08,LKUS_push,feature_53Ck9TgChpTW,IP近5分钟关联的手机号个数,170
0011,2026-09-08,LKUS_push,feature_TGPe0mjAPwR5,IP近60分钟关联的国家区号个数,170
0011,2026-09-08,LKUS_push,feature_YkpmaKaJhcdG,区号近1天内的访问次数,170
0011,2026-09-08,LKUS_push,feature_7DbBgowc2mEl,IP近1分钟的访问次数,170
0011,2026-09-08,LKUS_push,feature_IPwzfPamC8eW,同手机号30分钟关联的IP city个数,170
0011,2026-09-08,LKUS_push,feature_n91JeGM6gD6i,同区号近60分钟非美国IP访问次数,170
0011,2026-09-08,LKUS_push,feature_Ym70ZsfxQKSc,一分钟请求量,170
0011,2026-09-08,LKUS_push,feature_6qwgYPGGuJZ4,IPC段近10分钟关联的手机号个数,170
0011,2026-09-08,LKUS_push,feature_JaT2oyzVtD0q,手机号近1分钟的访问次数,170
0011,2026-09-08,LKUS_push,feature_dqBHKec09Wwa,同区号近60分钟未携带recaptchaV3token 访问次数,170
0011,2026-09-08,LKUS_push,feature_KtSZtJ9w7f9r,IPC段近1分钟关联的手机号个数,170
0011,2026-09-08,LKUS_push,feature_UOJYBEifd5Jn,区号近60分钟的访问次数,170
0011,2026-09-08,LKUS_push,feature_pf88qk27w76j,区号近5分钟的访问次数,170
0011,2026-09-08,LKUS_push,feature_hspErCH8fSCE,手机号近30分钟的访问次数,170
0011,2026-09-08,LKUS_push,feature_nnsdzZLQKPZ7,IP近10分钟关联的手机号个数,170
0011,2026-09-08,LKUS_push,feature_r1bhlQnbfRHb,IP近60分钟关联的手机号个数,170
0011,2026-09-08,LKUS_push,feature_lydpDiga6SB9,手机号近5分钟的访问次数,170
0011,2026-09-08,LKUS_push,feature_WxHUxqIN0IuS,同IP近5分钟的访问次数,170
0011,2026-09-08,LKUS_login,feature_oxYJ6qJ3BAfv,用户编号白名单,23
0011,2026-09-08,LKUS_login,feature_vTICzBPfD3Ds,ip C段白名单,23
0011,2026-09-08,LKUS_login,feature_P5eYl9a699fA,ip白名单,23
0011,2026-09-08,LKUS_login,feature_yo8MLsBsGIsV,三方unionId白名单,23
0011,2026-09-08,LKUS_login,feature_kqtp6XVcXXiQ,手机号白名单,23
0011,2026-09-08,LKUS_login,feature_K0JuGvXPoQsS,网关uid白名单,23
0011,2026-09-08,LKUS_login,feature_5caBWmAHDcCQ,邮箱白名单,23
0011,2026-09-08,LKUS_login,feature_3CSh3LRVobu7,手机号黑名单,22
0011,2026-09-08,LKUS_login,feature_jkeS0N10RDAn,网关uid黑名单,22
0011,2026-09-08,LKUS_login,feature_7qCVo92BIECU,三方unionId黑名单,22
0011,2026-09-08,LKUS_login,feature_9tl8mW2Gembc,邮箱黑名单,22
0011,2026-09-08,LKUS_login,feature_g43LuQcahzCJ,用户编号黑名单,22
0011,2026-09-08,LKUS_login,feature_XtxCPW1x9QTU,ip C段黑名单,22
0011,2026-09-08,LKUS_login,feature_cOkhRQVI91IV,ip黑名单,22
0011,2026-09-08,LKUS_login,feature_MHv7nra5Z6T5,reCAPTCHA V3 token是否有效,22
0011,2026-09-08,LKUS_physical_order_create,feature_oxYJ6qJ3BAfv,用户编号白名单,115
0011,2026-09-08,LKUS_physical_order_create,feature_vTICzBPfD3Ds,ip C段白名单,115
0011,2026-09-08,LKUS_physical_order_create,feature_P5eYl9a699fA,ip白名单,115
0011,2026-09-08,LKUS_physical_order_create,feature_yo8MLsBsGIsV,三方unionId白名单,115
0011,2026-09-08,LKUS_physical_order_create,feature_kqtp6XVcXXiQ,手机号白名单,115
0011,2026-09-08,LKUS_physical_order_create,feature_K0JuGvXPoQsS,网关uid白名单,115
0011,2026-09-08,LKUS_physical_order_create,feature_5caBWmAHDcCQ,邮箱白名单,115
0011,2026-09-08,LKUS_physical_order_create,feature_3CSh3LRVobu7,手机号黑名单,102
0011,2026-09-08,LKUS_physical_order_create,feature_jkeS0N10RDAn,网关uid黑名单,102
0011,2026-09-08,LKUS_physical_order_create,feature_7qCVo92BIECU,三方unionId黑名单,102
0011,2026-09-08,LKUS_physical_order_create,feature_9tl8mW2Gembc,邮箱黑名单,102
0011,2026-09-08,LKUS_physical_order_create,feature_g43LuQcahzCJ,用户编号黑名单,102
0011,2026-09-08,LKUS_physical_order_create,feature_XtxCPW1x9QTU,ip C段黑名单,102
0011,2026-09-08,LKUS_physical_order_create,feature_cOkhRQVI91IV,ip黑名单,102
0011,2026-09-08,LKUS_physical_order_create,feature_MHv7nra5Z6T5,reCAPTCHA V3 token是否有效,102
0011,2026-09-08,LKUS_payment,feature_vTICzBPfD3Ds,ip C段白名单,115
0011,2026-09-08,LKUS_payment,feature_P5eYl9a699fA,ip白名单,115
0011,2026-09-08,LKUS_payment,feature_oxYJ6qJ3BAfv,用户编号白名单,115
0011,2026-09-08,LKUS_payment,feature_yo8MLsBsGIsV,三方unionId白名单,115
0011,2026-09-08,LKUS_payment,feature_kqtp6XVcXXiQ,手机号白名单,115
0011,2026-09-08,LKUS_payment,feature_5caBWmAHDcCQ,邮箱白名单,115
0011,2026-09-08,LKUS_payment,feature_K0JuGvXPoQsS,网关uid白名单,115
0011,2026-09-08,LKUS_payment,feature_3CSh3LRVobu7,手机号黑名单,101
0011,2026-09-08,LKUS_payment,feature_jkeS0N10RDAn,网关uid黑名单,101
0011,2026-09-08,LKUS_payment,feature_7qCVo92BIECU,三方unionId黑名单,101
0011,2026-09-08,LKUS_payment,feature_9tl8mW2Gembc,邮箱黑名单,101
0011,2026-09-08,LKUS_payment,feature_XtxCPW1x9QTU,ip C段黑名单,101
0011,2026-09-08,LKUS_payment,feature_cOkhRQVI91IV,ip黑名单,101
0011,2026-09-08,LKUS_payment,feature_g43LuQcahzCJ,用户编号黑名单,101
0011,2026-09-08,LKUS_payment,feature_MHv7nra5Z6T5,reCAPTCHA V3 token是否有效,101
0011,2026-09-08,LKUS_register,feature_oxYJ6qJ3BAfv,用户编号白名单,11
0011,2026-09-08,LKUS_register,feature_vTICzBPfD3Ds,ip C段白名单,11
0011,2026-09-08,LKUS_register,feature_P5eYl9a699fA,ip白名单,11
0011,2026-09-08,LKUS_register,feature_yo8MLsBsGIsV,三方unionId白名单,11
0011,2026-09-08,LKUS_register,feature_kqtp6XVcXXiQ,手机号白名单,11
0011,2026-09-08,LKUS_register,feature_K0JuGvXPoQsS,网关uid白名单,11
0011,2026-09-08,LKUS_register,feature_5caBWmAHDcCQ,邮箱白名单,11
0011,2026-09-08,LKUS_register,feature_3CSh3LRVobu7,手机号黑名单,11
0011,2026-09-08,LKUS_register,feature_jkeS0N10RDAn,网关uid黑名单,11
0011,2026-09-08,LKUS_register,feature_7qCVo92BIECU,三方unionId黑名单,11
0011,2026-09-08,LKUS_register,feature_9tl8mW2Gembc,邮箱黑名单,11
0011,2026-09-08,LKUS_register,feature_g43LuQcahzCJ,用户编号黑名单,11
0011,2026-09-08,LKUS_register,feature_XtxCPW1x9QTU,ip C段黑名单,11
0011,2026-09-08,LKUS_register,feature_cOkhRQVI91IV,ip黑名单,11
0011,2026-09-08,LKUS_grant_new_user_coupon,feature_vTICzBPfD3Ds,ip C段白名单,11
0011,2026-09-08,LKUS_grant_new_user_coupon,feature_P5eYl9a699fA,ip白名单,11
0011,2026-09-08,LKUS_grant_new_user_coupon,feature_oxYJ6qJ3BAfv,用户编号白名单,11
0011,2026-09-08,LKUS_grant_new_user_coupon,feature_yo8MLsBsGIsV,三方unionId白名单,11
0011,2026-09-08,LKUS_grant_new_user_coupon,feature_kqtp6XVcXXiQ,手机号白名单,11
0011,2026-09-08,LKUS_grant_new_user_coupon,feature_5caBWmAHDcCQ,邮箱白名单,11
0011,2026-09-08,LKUS_grant_new_user_coupon,feature_K0JuGvXPoQsS,网关uid白名单,11
0011,2026-09-08,LKUS_grant_new_user_coupon,feature_3CSh3LRVobu7,手机号黑名单,11
0011,2026-09-08,LKUS_grant_new_user_coupon,feature_jkeS0N10RDAn,网关uid黑名单,11
0011,2026-09-08,LKUS_grant_new_user_coupon,feature_7qCVo92BIECU,三方unionId黑名单,11
0011,2026-09-08,LKUS_grant_new_user_coupon,feature_9tl8mW2Gembc,邮箱黑名单,11
0011,2026-09-08,LKUS_grant_new_user_coupon,feature_XtxCPW1x9QTU,ip C段黑名单,11
0011,2026-09-08,LKUS_grant_new_user_coupon,feature_cOkhRQVI91IV,ip黑名单,11
0011,2026-09-08,LKUS_grant_new_user_coupon,feature_g43LuQcahzCJ,用户编号黑名单,11
0011,2026-09-08,LKUS_captcha,feature_oxYJ6qJ3BAfv,用户编号白名单,1
0011,2026-09-08,LKUS_captcha,feature_vTICzBPfD3Ds,ip C段白名单,1
0011,2026-09-08,LKUS_captcha,feature_P5eYl9a699fA,ip白名单,1
0011,2026-09-08,LKUS_captcha,feature_yo8MLsBsGIsV,三方unionId白名单,1
0011,2026-09-08,LKUS_captcha,feature_kqtp6XVcXXiQ,手机号白名单,1
0011,2026-09-08,LKUS_captcha,feature_K0JuGvXPoQsS,网关uid白名单,1
0011,2026-09-08,LKUS_captcha,feature_5caBWmAHDcCQ,邮箱白名单,1
0011,2026-09-08,LKUS_captcha,feature_3CSh3LRVobu7,手机号黑名单,1
0011,2026-09-08,LKUS_captcha,feature_jkeS0N10RDAn,网关uid黑名单,1
0011,2026-09-08,LKUS_captcha,feature_7qCVo92BIECU,三方unionId黑名单,1
0011,2026-09-08,LKUS_captcha,feature_9tl8mW2Gembc,邮箱黑名单,1
0011,2026-09-08,LKUS_captcha,feature_g43LuQcahzCJ,用户编号黑名单,1
0011,2026-09-08,LKUS_captcha,feature_XtxCPW1x9QTU,ip C段黑名单,1
0011,2026-09-08,LKUS_captcha,feature_cOkhRQVI91IV,ip黑名单,1
0011,2026-09-08,LKUS_captcha,feature_nm9NTGYLKhWV,reCAPTCHA V2 token是否有效,1
0011,2026-09-09,LKUS_push,feature_Fik6gvwY1tA6,手机号近1天的访问次数,157
0011,2026-09-09,LKUS_push,feature_vTICzBPfD3Ds,ip C段白名单,157
0011,2026-09-09,LKUS_push,feature_P5eYl9a699fA,ip白名单,157
0011,2026-09-09,LKUS_push,feature_oxYJ6qJ3BAfv,用户编号白名单,157
0011,2026-09-09,LKUS_push,feature_yo8MLsBsGIsV,三方unionId白名单,157
0011,2026-09-09,LKUS_push,feature_kqtp6XVcXXiQ,手机号白名单,157
0011,2026-09-09,LKUS_push,feature_5caBWmAHDcCQ,邮箱白名单,157
0011,2026-09-09,LKUS_push,feature_K0JuGvXPoQsS,网关uid白名单,157
0011,2026-09-09,LKUS_push,feature_3CSh3LRVobu7,手机号黑名单,157
0011,2026-09-09,LKUS_push,feature_jkeS0N10RDAn,网关uid黑名单,157
0011,2026-09-09,LKUS_push,feature_7qCVo92BIECU,三方unionId黑名单,157
0011,2026-09-09,LKUS_push,feature_9tl8mW2Gembc,邮箱黑名单,157
0011,2026-09-09,LKUS_push,feature_XtxCPW1x9QTU,ip C段黑名单,157
0011,2026-09-09,LKUS_push,feature_cOkhRQVI91IV,ip黑名单,157
0011,2026-09-09,LKUS_push,feature_g43LuQcahzCJ,用户编号黑名单,157
0011,2026-09-09,LKUS_push,feature_hspErCH8fSCE,手机号近30分钟的访问次数,157
0011,2026-09-09,LKUS_push,feature_pf88qk27w76j,区号近5分钟的访问次数,157
0011,2026-09-09,LKUS_push,feature_r1bhlQnbfRHb,IP近60分钟关联的手机号个数,157
0011,2026-09-09,LKUS_push,feature_nnsdzZLQKPZ7,IP近10分钟关联的手机号个数,157
0011,2026-09-09,LKUS_push,feature_MHv7nra5Z6T5,reCAPTCHA V3 token是否有效,157
0011,2026-09-09,LKUS_push,feature_JaT2oyzVtD0q,手机号近1分钟的访问次数,157
0011,2026-09-09,LKUS_push,feature_Ym70ZsfxQKSc,一分钟请求量,157
0011,2026-09-09,LKUS_push,feature_YkpmaKaJhcdG,区号近1天内的访问次数,157
0011,2026-09-09,LKUS_push,feature_Wg4dZ6VJBuTb,IP近1分钟关联的手机号个数,157
0011,2026-09-09,LKUS_push,feature_IPwzfPamC8eW,同手机号30分钟关联的IP city个数,157
0011,2026-09-09,LKUS_push,feature_7DbBgowc2mEl,IP近1分钟的访问次数,157
0011,2026-09-09,LKUS_push,feature_6qwgYPGGuJZ4,IPC段近10分钟关联的手机号个数,157
0011,2026-09-09,LKUS_push,feature_53Ck9TgChpTW,IP近5分钟关联的手机号个数,157
0011,2026-09-09,LKUS_push,feature_SdA1CjZvNCMG,区号近1分钟的访问次数,157
0011,2026-09-09,LKUS_push,feature_dqBHKec09Wwa,同区号近60分钟未携带recaptchaV3token 访问次数,157
0011,2026-09-09,LKUS_push,feature_KtSZtJ9w7f9r,IPC段近1分钟关联的手机号个数,157
0011,2026-09-09,LKUS_push,feature_UOJYBEifd5Jn,区号近60分钟的访问次数,157
0011,2026-09-09,LKUS_push,feature_WxHUxqIN0IuS,同IP近5分钟的访问次数,157
0011,2026-09-09,LKUS_push,feature_lydpDiga6SB9,手机号近5分钟的访问次数,157
0011,2026-09-09,LKUS_push,feature_n91JeGM6gD6i,同区号近60分钟非美国IP访问次数,157
0011,2026-09-09,LKUS_push,feature_TGPe0mjAPwR5,IP近60分钟关联的国家区号个数,157
0011,2026-09-09,LKUS_login,feature_oxYJ6qJ3BAfv,用户编号白名单,24
0011,2026-09-09,LKUS_login,feature_vTICzBPfD3Ds,ip C段白名单,24
0011,2026-09-09,LKUS_login,feature_P5eYl9a699fA,ip白名单,24
0011,2026-09-09,LKUS_login,feature_yo8MLsBsGIsV,三方unionId白名单,24
0011,2026-09-09,LKUS_login,feature_kqtp6XVcXXiQ,手机号白名单,24
0011,2026-09-09,LKUS_login,feature_K0JuGvXPoQsS,网关uid白名单,24
0011,2026-09-09,LKUS_login,feature_5caBWmAHDcCQ,邮箱白名单,24
0011,2026-09-09,LKUS_login,feature_3CSh3LRVobu7,手机号黑名单,23
0011,2026-09-09,LKUS_login,feature_jkeS0N10RDAn,网关uid黑名单,23
0011,2026-09-09,LKUS_login,feature_7qCVo92BIECU,三方unionId黑名单,23
0011,2026-09-09,LKUS_login,feature_9tl8mW2Gembc,邮箱黑名单,23
0011,2026-09-09,LKUS_login,feature_g43LuQcahzCJ,用户编号黑名单,23
0011,2026-09-09,LKUS_login,feature_XtxCPW1x9QTU,ip C段黑名单,23
0011,2026-09-09,LKUS_login,feature_cOkhRQVI91IV,ip黑名单,23
0011,2026-09-09,LKUS_login,feature_MHv7nra5Z6T5,reCAPTCHA V3 token是否有效,23
0011,2026-09-09,LKUS_grant_new_user_coupon,feature_vTICzBPfD3Ds,ip C段白名单,12
0011,2026-09-09,LKUS_grant_new_user_coupon,feature_P5eYl9a699fA,ip白名单,12
0011,2026-09-09,LKUS_grant_new_user_coupon,feature_oxYJ6qJ3BAfv,用户编号白名单,12
0011,2026-09-09,LKUS_grant_new_user_coupon,feature_yo8MLsBsGIsV,三方unionId白名单,12
0011,2026-09-09,LKUS_grant_new_user_coupon,feature_kqtp6XVcXXiQ,手机号白名单,12
0011,2026-09-09,LKUS_grant_new_user_coupon,feature_5caBWmAHDcCQ,邮箱白名单,12
0011,2026-09-09,LKUS_grant_new_user_coupon,feature_K0JuGvXPoQsS,网关uid白名单,12
0011,2026-09-09,LKUS_grant_new_user_coupon,feature_3CSh3LRVobu7,手机号黑名单,12
0011,2026-09-09,LKUS_grant_new_user_coupon,feature_jkeS0N10RDAn,网关uid黑名单,12
0011,2026-09-09,LKUS_grant_new_user_coupon,feature_7qCVo92BIECU,三方unionId黑名单,12
0011,2026-09-09,LKUS_grant_new_user_coupon,feature_9tl8mW2Gembc,邮箱黑名单,12
0011,2026-09-09,LKUS_grant_new_user_coupon,feature_XtxCPW1x9QTU,ip C段黑名单,12
0011,2026-09-09,LKUS_grant_new_user_coupon,feature_cOkhRQVI91IV,ip黑名单,12
0011,2026-09-09,LKUS_grant_new_user_coupon,feature_g43LuQcahzCJ,用户编号黑名单,12
0011,2026-09-09,LKUS_physical_order_create,feature_vTICzBPfD3Ds,ip C段白名单,115
0011,2026-09-09,LKUS_physical_order_create,feature_P5eYl9a699fA,ip白名单,115
0011,2026-09-09,LKUS_physical_order_create,feature_oxYJ6qJ3BAfv,用户编号白名单,115
0011,2026-09-09,LKUS_physical_order_create,feature_yo8MLsBsGIsV,三方unionId白名单,115
0011,2026-09-09,LKUS_physical_order_create,feature_kqtp6XVcXXiQ,手机号白名单,115
0011,2026-09-09,LKUS_physical_order_create,feature_5caBWmAHDcCQ,邮箱白名单,115
0011,2026-09-09,LKUS_physical_order_create,feature_K0JuGvXPoQsS,网关uid白名单,115
0011,2026-09-09,LKUS_physical_order_create,feature_3CSh3LRVobu7,手机号黑名单,110
0011,2026-09-09,LKUS_physical_order_create,feature_jkeS0N10RDAn,网关uid黑名单,110
0011,2026-09-09,LKUS_physical_order_create,feature_7qCVo92BIECU,三方unionId黑名单,110
0011,2026-09-09,LKUS_physical_order_create,feature_9tl8mW2Gembc,邮箱黑名单,110
0011,2026-09-09,LKUS_physical_order_create,feature_XtxCPW1x9QTU,ip C段黑名单,110
0011,2026-09-09,LKUS_physical_order_create,feature_cOkhRQVI91IV,ip黑名单,110
0011,2026-09-09,LKUS_physical_order_create,feature_g43LuQcahzCJ,用户编号黑名单,110
0011,2026-09-09,LKUS_physical_order_create,feature_MHv7nra5Z6T5,reCAPTCHA V3 token是否有效,110
0011,2026-09-09,LKUS_payment,feature_oxYJ6qJ3BAfv,用户编号白名单,114
0011,2026-09-09,LKUS_payment,feature_vTICzBPfD3Ds,ip C段白名单,114
0011,2026-09-09,LKUS_payment,feature_P5eYl9a699fA,ip白名单,114
0011,2026-09-09,LKUS_payment,feature_yo8MLsBsGIsV,三方unionId白名单,114
0011,2026-09-09,LKUS_payment,feature_kqtp6XVcXXiQ,手机号白名单,114
0011,2026-09-09,LKUS_payment,feature_K0JuGvXPoQsS,网关uid白名单,114
0011,2026-09-09,LKUS_payment,feature_5caBWmAHDcCQ,邮箱白名单,114
0011,2026-09-09,LKUS_payment,feature_3CSh3LRVobu7,手机号黑名单,109
0011,2026-09-09,LKUS_payment,feature_jkeS0N10RDAn,网关uid黑名单,109
0011,2026-09-09,LKUS_payment,feature_7qCVo92BIECU,三方unionId黑名单,109
0011,2026-09-09,LKUS_payment,feature_9tl8mW2Gembc,邮箱黑名单,109
0011,2026-09-09,LKUS_payment,feature_g43LuQcahzCJ,用户编号黑名单,109
0011,2026-09-09,LKUS_payment,feature_XtxCPW1x9QTU,ip C段黑名单,109
0011,2026-09-09,LKUS_payment,feature_cOkhRQVI91IV,ip黑名单,109
0011,2026-09-09,LKUS_payment,feature_MHv7nra5Z6T5,reCAPTCHA V3 token是否有效,109
0011,2026-09-09,LKUS_physical_order_cancel,feature_oxYJ6qJ3BAfv,用户编号白名单,3
0011,2026-09-09,LKUS_physical_order_cancel,feature_vTICzBPfD3Ds,ip C段白名单,3
0011,2026-09-09,LKUS_physical_order_cancel,feature_P5eYl9a699fA,ip白名单,3
0011,2026-09-09,LKUS_physical_order_cancel,feature_yo8MLsBsGIsV,三方unionId白名单,3
0011,2026-09-09,LKUS_physical_order_cancel,feature_kqtp6XVcXXiQ,手机号白名单,3
0011,2026-09-09,LKUS_physical_order_cancel,feature_K0JuGvXPoQsS,网关uid白名单,3
0011,2026-09-09,LKUS_physical_order_cancel,feature_5caBWmAHDcCQ,邮箱白名单,3
0011,2026-09-09,LKUS_physical_order_cancel,feature_3CSh3LRVobu7,手机号黑名单,3
0011,2026-09-09,LKUS_physical_order_cancel,feature_jkeS0N10RDAn,网关uid黑名单,3
0011,2026-09-09,LKUS_physical_order_cancel,feature_7qCVo92BIECU,三方unionId黑名单,3
0011,2026-09-09,LKUS_physical_order_cancel,feature_9tl8mW2Gembc,邮箱黑名单,3
0011,2026-09-09,LKUS_physical_order_cancel,feature_g43LuQcahzCJ,用户编号黑名单,3
0011,2026-09-09,LKUS_physical_order_cancel,feature_XtxCPW1x9QTU,ip C段黑名单,3
0011,2026-09-09,LKUS_physical_order_cancel,feature_cOkhRQVI91IV,ip黑名单,3
0011,2026-09-09,LKUS_register,feature_oxYJ6qJ3BAfv,用户编号白名单,9
0011,2026-09-09,LKUS_register,feature_vTICzBPfD3Ds,ip C段白名单,9
0011,2026-09-09,LKUS_register,feature_P5eYl9a699fA,ip白名单,9
0011,2026-09-09,LKUS_register,feature_yo8MLsBsGIsV,三方unionId白名单,9
0011,2026-09-09,LKUS_register,feature_kqtp6XVcXXiQ,手机号白名单,9
0011,2026-09-09,LKUS_register,feature_K0JuGvXPoQsS,网关uid白名单,9
0011,2026-09-09,LKUS_register,feature_5caBWmAHDcCQ,邮箱白名单,9
0011,2026-09-09,LKUS_register,feature_3CSh3LRVobu7,手机号黑名单,9
0011,2026-09-09,LKUS_register,feature_jkeS0N10RDAn,网关uid黑名单,9
0011,2026-09-09,LKUS_register,feature_7qCVo92BIECU,三方unionId黑名单,9
0011,2026-09-09,LKUS_register,feature_9tl8mW2Gembc,邮箱黑名单,9
0011,2026-09-09,LKUS_register,feature_g43LuQcahzCJ,用户编号黑名单,9
0011,2026-09-09,LKUS_register,feature_XtxCPW1x9QTU,ip C段黑名单,9
0011,2026-09-09,LKUS_register,feature_cOkhRQVI91IV,ip黑名单,9
0011,2026-09-10,LKUS_push,feature_Fik6gvwY1tA6,手机号近1天的访问次数,137
0011,2026-09-10,LKUS_push,feature_oxYJ6qJ3BAfv,用户编号白名单,137
0011,2026-09-10,LKUS_push,feature_vTICzBPfD3Ds,ip C段白名单,137
0011,2026-09-10,LKUS_push,feature_P5eYl9a699fA,ip白名单,137
0011,2026-09-10,LKUS_push,feature_yo8MLsBsGIsV,三方unionId白名单,137
0011,2026-09-10,LKUS_push,feature_kqtp6XVcXXiQ,手机号白名单,137
0011,2026-09-10,LKUS_push,feature_K0JuGvXPoQsS,网关uid白名单,137
0011,2026-09-10,LKUS_push,feature_5caBWmAHDcCQ,邮箱白名单,137
0011,2026-09-10,LKUS_push,feature_3CSh3LRVobu7,手机号黑名单,133
0011,2026-09-10,LKUS_push,feature_jkeS0N10RDAn,网关uid黑名单,133
0011,2026-09-10,LKUS_push,feature_7qCVo92BIECU,三方unionId黑名单,133
0011,2026-09-10,LKUS_push,feature_9tl8mW2Gembc,邮箱黑名单,133
0011,2026-09-10,LKUS_push,feature_g43LuQcahzCJ,用户编号黑名单,133
0011,2026-09-10,LKUS_push,feature_XtxCPW1x9QTU,ip C段黑名单,133
0011,2026-09-10,LKUS_push,feature_cOkhRQVI91IV,ip黑名单,133
0011,2026-09-10,LKUS_push,feature_Wg4dZ6VJBuTb,IP近1分钟关联的手机号个数,133
0011,2026-09-10,LKUS_push,feature_MHv7nra5Z6T5,reCAPTCHA V3 token是否有效,133
0011,2026-09-10,LKUS_push,feature_SdA1CjZvNCMG,区号近1分钟的访问次数,133
0011,2026-09-10,LKUS_push,feature_53Ck9TgChpTW,IP近5分钟关联的手机号个数,133
0011,2026-09-10,LKUS_push,feature_TGPe0mjAPwR5,IP近60分钟关联的国家区号个数,133
0011,2026-09-10,LKUS_push,feature_YkpmaKaJhcdG,区号近1天内的访问次数,133
0011,2026-09-10,LKUS_push,feature_7DbBgowc2mEl,IP近1分钟的访问次数,133
0011,2026-09-10,LKUS_push,feature_IPwzfPamC8eW,同手机号30分钟关联的IP city个数,133
0011,2026-09-10,LKUS_push,feature_n91JeGM6gD6i,同区号近60分钟非美国IP访问次数,133
0011,2026-09-10,LKUS_push,feature_Ym70ZsfxQKSc,一分钟请求量,133
0011,2026-09-10,LKUS_push,feature_6qwgYPGGuJZ4,IPC段近10分钟关联的手机号个数,133
0011,2026-09-10,LKUS_push,feature_JaT2oyzVtD0q,手机号近1分钟的访问次数,133
0011,2026-09-10,LKUS_push,feature_dqBHKec09Wwa,同区号近60分钟未携带recaptchaV3token 访问次数,133
0011,2026-09-10,LKUS_push,feature_KtSZtJ9w7f9r,IPC段近1分钟关联的手机号个数,133
0011,2026-09-10,LKUS_push,feature_UOJYBEifd5Jn,区号近60分钟的访问次数,133
0011,2026-09-10,LKUS_push,feature_pf88qk27w76j,区号近5分钟的访问次数,133
0011,2026-09-10,LKUS_push,feature_hspErCH8fSCE,手机号近30分钟的访问次数,133
0011,2026-09-10,LKUS_push,feature_nnsdzZLQKPZ7,IP近10分钟关联的手机号个数,133
0011,2026-09-10,LKUS_push,feature_r1bhlQnbfRHb,IP近60分钟关联的手机号个数,133
0011,2026-09-10,LKUS_push,feature_lydpDiga6SB9,手机号近5分钟的访问次数,133
0011,2026-09-10,LKUS_push,feature_WxHUxqIN0IuS,同IP近5分钟的访问次数,133
0011,2026-09-10,LKUS_physical_order_create,feature_vTICzBPfD3Ds,ip C段白名单,119
0011,2026-09-10,LKUS_physical_order_create,feature_P5eYl9a699fA,ip白名单,119
0011,2026-09-10,LKUS_physical_order_create,feature_oxYJ6qJ3BAfv,用户编号白名单,119
0011,2026-09-10,LKUS_physical_order_create,feature_yo8MLsBsGIsV,三方unionId白名单,119
0011,2026-09-10,LKUS_physical_order_create,feature_kqtp6XVcXXiQ,手机号白名单,119
0011,2026-09-10,LKUS_physical_order_create,feature_5caBWmAHDcCQ,邮箱白名单,119
0011,2026-09-10,LKUS_physical_order_create,feature_K0JuGvXPoQsS,网关uid白名单,119
0011,2026-09-10,LKUS_physical_order_create,feature_3CSh3LRVobu7,手机号黑名单,103
0011,2026-09-10,LKUS_physical_order_create,feature_jkeS0N10RDAn,网关uid黑名单,103
0011,2026-09-10,LKUS_physical_order_create,feature_7qCVo92BIECU,三方unionId黑名单,103
0011,2026-09-10,LKUS_physical_order_create,feature_9tl8mW2Gembc,邮箱黑名单,103
0011,2026-09-10,LKUS_physical_order_create,feature_XtxCPW1x9QTU,ip C段黑名单,103
0011,2026-09-10,LKUS_physical_order_create,feature_cOkhRQVI91IV,ip黑名单,103
0011,2026-09-10,LKUS_physical_order_create,feature_g43LuQcahzCJ,用户编号黑名单,103
0011,2026-09-10,LKUS_physical_order_create,feature_MHv7nra5Z6T5,reCAPTCHA V3 token是否有效,103
0011,2026-09-10,LKUS_payment,feature_oxYJ6qJ3BAfv,用户编号白名单,118
0011,2026-09-10,LKUS_payment,feature_vTICzBPfD3Ds,ip C段白名单,118
0011,2026-09-10,LKUS_payment,feature_P5eYl9a699fA,ip白名单,118
0011,2026-09-10,LKUS_payment,feature_yo8MLsBsGIsV,三方unionId白名单,118
0011,2026-09-10,LKUS_payment,feature_kqtp6XVcXXiQ,手机号白名单,118
0011,2026-09-10,LKUS_payment,feature_K0JuGvXPoQsS,网关uid白名单,118
0011,2026-09-10,LKUS_payment,feature_5caBWmAHDcCQ,邮箱白名单,118
0011,2026-09-10,LKUS_payment,feature_3CSh3LRVobu7,手机号黑名单,102
0011,2026-09-10,LKUS_payment,feature_jkeS0N10RDAn,网关uid黑名单,102
0011,2026-09-10,LKUS_payment,feature_7qCVo92BIECU,三方unionId黑名单,102
0011,2026-09-10,LKUS_payment,feature_9tl8mW2Gembc,邮箱黑名单,102
0011,2026-09-10,LKUS_payment,feature_g43LuQcahzCJ,用户编号黑名单,102
0011,2026-09-10,LKUS_payment,feature_XtxCPW1x9QTU,ip C段黑名单,102
0011,2026-09-10,LKUS_payment,feature_cOkhRQVI91IV,ip黑名单,102
0011,2026-09-10,LKUS_payment,feature_MHv7nra5Z6T5,reCAPTCHA V3 token是否有效,102
0011,2026-09-10,LKUS_login,feature_oxYJ6qJ3BAfv,用户编号白名单,22
0011,2026-09-10,LKUS_login,feature_vTICzBPfD3Ds,ip C段白名单,22
0011,2026-09-10,LKUS_login,feature_P5eYl9a699fA,ip白名单,22
0011,2026-09-10,LKUS_login,feature_yo8MLsBsGIsV,三方unionId白名单,22
0011,2026-09-10,LKUS_login,feature_kqtp6XVcXXiQ,手机号白名单,22
0011,2026-09-10,LKUS_login,feature_K0JuGvXPoQsS,网关uid白名单,22
0011,2026-09-10,LKUS_login,feature_5caBWmAHDcCQ,邮箱白名单,22
0011,2026-09-10,LKUS_login,feature_3CSh3LRVobu7,手机号黑名单,20
0011,2026-09-10,LKUS_login,feature_jkeS0N10RDAn,网关uid黑名单,20
0011,2026-09-10,LKUS_login,feature_7qCVo92BIECU,三方unionId黑名单,20
0011,2026-09-10,LKUS_login,feature_9tl8mW2Gembc,邮箱黑名单,20
0011,2026-09-10,LKUS_login,feature_g43LuQcahzCJ,用户编号黑名单,20
0011,2026-09-10,LKUS_login,feature_XtxCPW1x9QTU,ip C段黑名单,20
0011,2026-09-10,LKUS_login,feature_cOkhRQVI91IV,ip黑名单,20
0011,2026-09-10,LKUS_login,feature_MHv7nra5Z6T5,reCAPTCHA V3 token是否有效,20
0011,2026-09-10,LKUS_grant_new_user_coupon,feature_oxYJ6qJ3BAfv,用户编号白名单,10
0011,2026-09-10,LKUS_grant_new_user_coupon,feature_vTICzBPfD3Ds,ip C段白名单,10
0011,2026-09-10,LKUS_grant_new_user_coupon,feature_P5eYl9a699fA,ip白名单,10
0011,2026-09-10,LKUS_grant_new_user_coupon,feature_yo8MLsBsGIsV,三方unionId白名单,10
0011,2026-09-10,LKUS_grant_new_user_coupon,feature_kqtp6XVcXXiQ,手机号白名单,10
0011,2026-09-10,LKUS_grant_new_user_coupon,feature_K0JuGvXPoQsS,网关uid白名单,10
0011,2026-09-10,LKUS_grant_new_user_coupon,feature_5caBWmAHDcCQ,邮箱白名单,10
0011,2026-09-10,LKUS_grant_new_user_coupon,feature_3CSh3LRVobu7,手机号黑名单,10
0011,2026-09-10,LKUS_grant_new_user_coupon,feature_jkeS0N10RDAn,网关uid黑名单,10
0011,2026-09-10,LKUS_grant_new_user_coupon,feature_7qCVo92BIECU,三方unionId黑名单,10
0011,2026-09-10,LKUS_grant_new_user_coupon,feature_9tl8mW2Gembc,邮箱黑名单,10
0011,2026-09-10,LKUS_grant_new_user_coupon,feature_g43LuQcahzCJ,用户编号黑名单,10
0011,2026-09-10,LKUS_grant_new_user_coupon,feature_XtxCPW1x9QTU,ip C段黑名单,10
0011,2026-09-10,LKUS_grant_new_user_coupon,feature_cOkhRQVI91IV,ip黑名单,10
0011,2026-09-10,LKUS_register,feature_vTICzBPfD3Ds,ip C段白名单,5
0011,2026-09-10,LKUS_register,feature_P5eYl9a699fA,ip白名单,5
0011,2026-09-10,LKUS_register,feature_oxYJ6qJ3BAfv,用户编号白名单,5
0011,2026-09-10,LKUS_register,feature_yo8MLsBsGIsV,三方unionId白名单,5
0011,2026-09-10,LKUS_register,feature_kqtp6XVcXXiQ,手机号白名单,5
0011,2026-09-10,LKUS_register,feature_5caBWmAHDcCQ,邮箱白名单,5
0011,2026-09-10,LKUS_register,feature_K0JuGvXPoQsS,网关uid白名单,5
0011,2026-09-10,LKUS_register,feature_3CSh3LRVobu7,手机号黑名单,4
0011,2026-09-10,LKUS_register,feature_jkeS0N10RDAn,网关uid黑名单,4
0011,2026-09-10,LKUS_register,feature_7qCVo92BIECU,三方unionId黑名单,4
0011,2026-09-10,LKUS_register,feature_9tl8mW2Gembc,邮箱黑名单,4
0011,2026-09-10,LKUS_register,feature_XtxCPW1x9QTU,ip C段黑名单,4
0011,2026-09-10,LKUS_register,feature_cOkhRQVI91IV,ip黑名单,4
0011,2026-09-10,LKUS_register,feature_g43LuQcahzCJ,用户编号黑名单,4
0011,2026-09-10,LKUS_physical_order_cancel,feature_vTICzBPfD3Ds,ip C段白名单,1
0011,2026-09-10,LKUS_physical_order_cancel,feature_P5eYl9a699fA,ip白名单,1
0011,2026-09-10,LKUS_physical_order_cancel,feature_oxYJ6qJ3BAfv,用户编号白名单,1
0011,2026-09-10,LKUS_physical_order_cancel,feature_yo8MLsBsGIsV,三方unionId白名单,1
0011,2026-09-10,LKUS_physical_order_cancel,feature_kqtp6XVcXXiQ,手机号白名单,1
0011,2026-09-10,LKUS_physical_order_cancel,feature_5caBWmAHDcCQ,邮箱白名单,1
0011,2026-09-10,LKUS_physical_order_cancel,feature_K0JuGvXPoQsS,网关uid白名单,1
0011,2026-09-10,LKUS_physical_order_cancel,feature_3CSh3LRVobu7,手机号黑名单,1
0011,2026-09-10,LKUS_physical_order_cancel,feature_jkeS0N10RDAn,网关uid黑名单,1
0011,2026-09-10,LKUS_physical_order_cancel,feature_7qCVo92BIECU,三方unionId黑名单,1
0011,2026-09-10,LKUS_physical_order_cancel,feature_9tl8mW2Gembc,邮箱黑名单,1
0011,2026-09-10,LKUS_physical_order_cancel,feature_XtxCPW1x9QTU,ip C段黑名单,1
0011,2026-09-10,LKUS_physical_order_cancel,feature_cOkhRQVI91IV,ip黑名单,1
0011,2026-09-10,LKUS_physical_order_cancel,feature_g43LuQcahzCJ,用户编号黑名单,1
0011,2026-09-11,LKUS_push,feature_Fik6gvwY1tA6,手机号近1天的访问次数,108
0011,2026-09-11,LKUS_push,feature_oxYJ6qJ3BAfv,用户编号白名单,108
0011,2026-09-11,LKUS_push,feature_vTICzBPfD3Ds,ip C段白名单,108
0011,2026-09-11,LKUS_push,feature_P5eYl9a699fA,ip白名单,108
0011,2026-09-11,LKUS_push,feature_yo8MLsBsGIsV,三方unionId白名单,108
0011,2026-09-11,LKUS_push,feature_kqtp6XVcXXiQ,手机号白名单,108
0011,2026-09-11,LKUS_push,feature_K0JuGvXPoQsS,网关uid白名单,108
0011,2026-09-11,LKUS_push,feature_5caBWmAHDcCQ,邮箱白名单,108
0011,2026-09-11,LKUS_push,feature_3CSh3LRVobu7,手机号黑名单,105
0011,2026-09-11,LKUS_push,feature_jkeS0N10RDAn,网关uid黑名单,105
0011,2026-09-11,LKUS_push,feature_7qCVo92BIECU,三方unionId黑名单,105
0011,2026-09-11,LKUS_push,feature_9tl8mW2Gembc,邮箱黑名单,105
0011,2026-09-11,LKUS_push,feature_g43LuQcahzCJ,用户编号黑名单,105
0011,2026-09-11,LKUS_push,feature_XtxCPW1x9QTU,ip C段黑名单,105
0011,2026-09-11,LKUS_push,feature_cOkhRQVI91IV,ip黑名单,105
0011,2026-09-11,LKUS_push,feature_Wg4dZ6VJBuTb,IP近1分钟关联的手机号个数,105
0011,2026-09-11,LKUS_push,feature_MHv7nra5Z6T5,reCAPTCHA V3 token是否有效,105
0011,2026-09-11,LKUS_push,feature_SdA1CjZvNCMG,区号近1分钟的访问次数,105
0011,2026-09-11,LKUS_push,feature_53Ck9TgChpTW,IP近5分钟关联的手机号个数,105
0011,2026-09-11,LKUS_push,feature_TGPe0mjAPwR5,IP近60分钟关联的国家区号个数,105
0011,2026-09-11,LKUS_push,feature_YkpmaKaJhcdG,区号近1天内的访问次数,105
0011,2026-09-11,LKUS_push,feature_7DbBgowc2mEl,IP近1分钟的访问次数,105
0011,2026-09-11,LKUS_push,feature_IPwzfPamC8eW,同手机号30分钟关联的IP city个数,105
0011,2026-09-11,LKUS_push,feature_n91JeGM6gD6i,同区号近60分钟非美国IP访问次数,105
0011,2026-09-11,LKUS_push,feature_Ym70ZsfxQKSc,一分钟请求量,105
0011,2026-09-11,LKUS_push,feature_6qwgYPGGuJZ4,IPC段近10分钟关联的手机号个数,105
0011,2026-09-11,LKUS_push,feature_JaT2oyzVtD0q,手机号近1分钟的访问次数,105
0011,2026-09-11,LKUS_push,feature_dqBHKec09Wwa,同区号近60分钟未携带recaptchaV3token 访问次数,105
0011,2026-09-11,LKUS_push,feature_KtSZtJ9w7f9r,IPC段近1分钟关联的手机号个数,105
0011,2026-09-11,LKUS_push,feature_UOJYBEifd5Jn,区号近60分钟的访问次数,105
0011,2026-09-11,LKUS_push,feature_pf88qk27w76j,区号近5分钟的访问次数,105
0011,2026-09-11,LKUS_push,feature_hspErCH8fSCE,手机号近30分钟的访问次数,105
0011,2026-09-11,LKUS_push,feature_nnsdzZLQKPZ7,IP近10分钟关联的手机号个数,105
0011,2026-09-11,LKUS_push,feature_r1bhlQnbfRHb,IP近60分钟关联的手机号个数,105
0011,2026-09-11,LKUS_push,feature_lydpDiga6SB9,手机号近5分钟的访问次数,105
0011,2026-09-11,LKUS_push,feature_WxHUxqIN0IuS,同IP近5分钟的访问次数,105
0011,2026-09-11,LKUS_login,feature_oxYJ6qJ3BAfv,用户编号白名单,18
0011,2026-09-11,LKUS_login,feature_vTICzBPfD3Ds,ip C段白名单,18
0011,2026-09-11,LKUS_login,feature_P5eYl9a699fA,ip白名单,18
0011,2026-09-11,LKUS_login,feature_yo8MLsBsGIsV,三方unionId白名单,18
0011,2026-09-11,LKUS_login,feature_kqtp6XVcXXiQ,手机号白名单,18
0011,2026-09-11,LKUS_login,feature_K0JuGvXPoQsS,网关uid白名单,18
0011,2026-09-11,LKUS_login,feature_5caBWmAHDcCQ,邮箱白名单,18
0011,2026-09-11,LKUS_login,feature_3CSh3LRVobu7,手机号黑名单,17
0011,2026-09-11,LKUS_login,feature_jkeS0N10RDAn,网关uid黑名单,17
0011,2026-09-11,LKUS_login,feature_7qCVo92BIECU,三方unionId黑名单,17
0011,2026-09-11,LKUS_login,feature_9tl8mW2Gembc,邮箱黑名单,17
0011,2026-09-11,LKUS_login,feature_g43LuQcahzCJ,用户编号黑名单,17
0011,2026-09-11,LKUS_login,feature_XtxCPW1x9QTU,ip C段黑名单,17
0011,2026-09-11,LKUS_login,feature_cOkhRQVI91IV,ip黑名单,17
0011,2026-09-11,LKUS_login,feature_MHv7nra5Z6T5,reCAPTCHA V3 token是否有效,17
0011,2026-09-11,LKUS_grant_new_user_coupon,feature_oxYJ6qJ3BAfv,用户编号白名单,12
0011,2026-09-11,LKUS_grant_new_user_coupon,feature_vTICzBPfD3Ds,ip C段白名单,12
0011,2026-09-11,LKUS_grant_new_user_coupon,feature_P5eYl9a699fA,ip白名单,12
0011,2026-09-11,LKUS_grant_new_user_coupon,feature_yo8MLsBsGIsV,三方unionId白名单,12
0011,2026-09-11,LKUS_grant_new_user_coupon,feature_kqtp6XVcXXiQ,手机号白名单,12
0011,2026-09-11,LKUS_grant_new_user_coupon,feature_K0JuGvXPoQsS,网关uid白名单,12
0011,2026-09-11,LKUS_grant_new_user_coupon,feature_5caBWmAHDcCQ,邮箱白名单,12
0011,2026-09-11,LKUS_grant_new_user_coupon,feature_3CSh3LRVobu7,手机号黑名单,12
0011,2026-09-11,LKUS_grant_new_user_coupon,feature_jkeS0N10RDAn,网关uid黑名单,12
0011,2026-09-11,LKUS_grant_new_user_coupon,feature_7qCVo92BIECU,三方unionId黑名单,12
0011,2026-09-11,LKUS_grant_new_user_coupon,feature_9tl8mW2Gembc,邮箱黑名单,12
0011,2026-09-11,LKUS_grant_new_user_coupon,feature_g43LuQcahzCJ,用户编号黑名单,12
0011,2026-09-11,LKUS_grant_new_user_coupon,feature_XtxCPW1x9QTU,ip C段黑名单,12
0011,2026-09-11,LKUS_grant_new_user_coupon,feature_cOkhRQVI91IV,ip黑名单,12
0011,2026-09-11,LKUS_register,feature_oxYJ6qJ3BAfv,用户编号白名单,10
0011,2026-09-11,LKUS_register,feature_vTICzBPfD3Ds,ip C段白名单,10
0011,2026-09-11,LKUS_register,feature_P5eYl9a699fA,ip白名单,10
0011,2026-09-11,LKUS_register,feature_yo8MLsBsGIsV,三方unionId白名单,10
0011,2026-09-11,LKUS_register,feature_kqtp6XVcXXiQ,手机号白名单,10
0011,2026-09-11,LKUS_register,feature_K0JuGvXPoQsS,网关uid白名单,10
0011,2026-09-11,LKUS_register,feature_5caBWmAHDcCQ,邮箱白名单,10
0011,2026-09-11,LKUS_register,feature_3CSh3LRVobu7,手机号黑名单,10
0011,2026-09-11,LKUS_register,feature_jkeS0N10RDAn,网关uid黑名单,10
0011,2026-09-11,LKUS_register,feature_7qCVo92BIECU,三方unionId黑名单,10
0011,2026-09-11,LKUS_register,feature_9tl8mW2Gembc,邮箱黑名单,10
0011,2026-09-11,LKUS_register,feature_g43LuQcahzCJ,用户编号黑名单,10
0011,2026-09-11,LKUS_register,feature_XtxCPW1x9QTU,ip C段黑名单,10
0011,2026-09-11,LKUS_register,feature_cOkhRQVI91IV,ip黑名单,10
0011,2026-09-11,LKUS_physical_order_create,feature_oxYJ6qJ3BAfv,用户编号白名单,95
0011,2026-09-11,LKUS_physical_order_create,feature_vTICzBPfD3Ds,ip C段白名单,95
0011,2026-09-11,LKUS_physical_order_create,feature_P5eYl9a699fA,ip白名单,95
0011,2026-09-11,LKUS_physical_order_create,feature_yo8MLsBsGIsV,三方unionId白名单,95
0011,2026-09-11,LKUS_physical_order_create,feature_kqtp6XVcXXiQ,手机号白名单,95
0011,2026-09-11,LKUS_physical_order_create,feature_K0JuGvXPoQsS,网关uid白名单,95
0011,2026-09-11,LKUS_physical_order_create,feature_5caBWmAHDcCQ,邮箱白名单,95
0011,2026-09-11,LKUS_physical_order_create,feature_3CSh3LRVobu7,手机号黑名单,82
0011,2026-09-11,LKUS_physical_order_create,feature_jkeS0N10RDAn,网关uid黑名单,82
0011,2026-09-11,LKUS_physical_order_create,feature_7qCVo92BIECU,三方unionId黑名单,82
0011,2026-09-11,LKUS_physical_order_create,feature_9tl8mW2Gembc,邮箱黑名单,82
0011,2026-09-11,LKUS_physical_order_create,feature_g43LuQcahzCJ,用户编号黑名单,82
0011,2026-09-11,LKUS_physical_order_create,feature_XtxCPW1x9QTU,ip C段黑名单,82
0011,2026-09-11,LKUS_physical_order_create,feature_cOkhRQVI91IV,ip黑名单,82
0011,2026-09-11,LKUS_physical_order_create,feature_MHv7nra5Z6T5,reCAPTCHA V3 token是否有效,82
0011,2026-09-11,LKUS_payment,feature_oxYJ6qJ3BAfv,用户编号白名单,90
0011,2026-09-11,LKUS_payment,feature_vTICzBPfD3Ds,ip C段白名单,90
0011,2026-09-11,LKUS_payment,feature_P5eYl9a699fA,ip白名单,90
0011,2026-09-11,LKUS_payment,feature_yo8MLsBsGIsV,三方unionId白名单,90
0011,2026-09-11,LKUS_payment,feature_kqtp6XVcXXiQ,手机号白名单,90
0011,2026-09-11,LKUS_payment,feature_K0JuGvXPoQsS,网关uid白名单,90
0011,2026-09-11,LKUS_payment,feature_5caBWmAHDcCQ,邮箱白名单,90
0011,2026-09-11,LKUS_payment,feature_3CSh3LRVobu7,手机号黑名单,77
0011,2026-09-11,LKUS_payment,feature_jkeS0N10RDAn,网关uid黑名单,77
0011,2026-09-11,LKUS_payment,feature_7qCVo92BIECU,三方unionId黑名单,77
0011,2026-09-11,LKUS_payment,feature_9tl8mW2Gembc,邮箱黑名单,77
0011,2026-09-11,LKUS_payment,feature_g43LuQcahzCJ,用户编号黑名单,77
0011,2026-09-11,LKUS_payment,feature_XtxCPW1x9QTU,ip C段黑名单,77
0011,2026-09-11,LKUS_payment,feature_cOkhRQVI91IV,ip黑名单,77
0011,2026-09-11,LKUS_payment,feature_MHv7nra5Z6T5,reCAPTCHA V3 token是否有效,77
0011,2026-09-11,LKUS_physical_order_cancel,feature_vTICzBPfD3Ds,ip C段白名单,4
0011,2026-09-11,LKUS_physical_order_cancel,feature_P5eYl9a699fA,ip白名单,4
0011,2026-09-11,LKUS_physical_order_cancel,feature_oxYJ6qJ3BAfv,用户编号白名单,4
0011,2026-09-11,LKUS_physical_order_cancel,feature_yo8MLsBsGIsV,三方unionId白名单,4
0011,2026-09-11,LKUS_physical_order_cancel,feature_kqtp6XVcXXiQ,手机号白名单,4
0011,2026-09-11,LKUS_physical_order_cancel,feature_5caBWmAHDcCQ,邮箱白名单,4
0011,2026-09-11,LKUS_physical_order_cancel,feature_K0JuGvXPoQsS,网关uid白名单,4
0011,2026-09-11,LKUS_physical_order_cancel,feature_3CSh3LRVobu7,手机号黑名单,4
0011,2026-09-11,LKUS_physical_order_cancel,feature_jkeS0N10RDAn,网关uid黑名单,4
0011,2026-09-11,LKUS_physical_order_cancel,feature_7qCVo92BIECU,三方unionId黑名单,4
0011,2026-09-11,LKUS_physical_order_cancel,feature_9tl8mW2Gembc,邮箱黑名单,4
0011,2026-09-11,LKUS_physical_order_cancel,feature_XtxCPW1x9QTU,ip C段黑名单,4
0011,2026-09-11,LKUS_physical_order_cancel,feature_cOkhRQVI91IV,ip黑名单,4
0011,2026-09-11,LKUS_physical_order_cancel,feature_g43LuQcahzCJ,用户编号黑名单,4
0011,2026-09-11,LKUS_captcha,feature_oxYJ6qJ3BAfv,用户编号白名单,1
0011,2026-09-11,LKUS_captcha,feature_vTICzBPfD3Ds,ip C段白名单,1
0011,2026-09-11,LKUS_captcha,feature_P5eYl9a699fA,ip白名单,1
0011,2026-09-11,LKUS_captcha,feature_yo8MLsBsGIsV,三方unionId白名单,1
0011,2026-09-11,LKUS_captcha,feature_kqtp6XVcXXiQ,手机号白名单,1
0011,2026-09-11,LKUS_captcha,feature_K0JuGvXPoQsS,网关uid白名单,1
0011,2026-09-11,LKUS_captcha,feature_5caBWmAHDcCQ,邮箱白名单,1
0011,2026-09-11,LKUS_captcha,feature_3CSh3LRVobu7,手机号黑名单,1
0011,2026-09-11,LKUS_captcha,feature_jkeS0N10RDAn,网关uid黑名单,1
0011,2026-09-11,LKUS_captcha,feature_7qCVo92BIECU,三方unionId黑名单,1
0011,2026-09-11,LKUS_captcha,feature_9tl8mW2Gembc,邮箱黑名单,1
0011,2026-09-11,LKUS_captcha,feature_g43LuQcahzCJ,用户编号黑名单,1
0011,2026-09-11,LKUS_captcha,feature_XtxCPW1x9QTU,ip C段黑名单,1
0011,2026-09-11,LKUS_captcha,feature_cOkhRQVI91IV,ip黑名单,1
0011,2026-09-11,LKUS_captcha,feature_nm9NTGYLKhWV,reCAPTCHA V2 token是否有效,1
0011,2026-09-12,LKUS_push,feature_Fik6gvwY1tA6,手机号近1天的访问次数,62
0011,2026-09-12,LKUS_push,feature_oxYJ6qJ3BAfv,用户编号白名单,62
0011,2026-09-12,LKUS_push,feature_vTICzBPfD3Ds,ip C段白名单,62
0011,2026-09-12,LKUS_push,feature_P5eYl9a699fA,ip白名单,62
0011,2026-09-12,LKUS_push,feature_yo8MLsBsGIsV,三方unionId白名单,62
0011,2026-09-12,LKUS_push,feature_kqtp6XVcXXiQ,手机号白名单,62
0011,2026-09-12,LKUS_push,feature_K0JuGvXPoQsS,网关uid白名单,62
0011,2026-09-12,LKUS_push,feature_5caBWmAHDcCQ,邮箱白名单,62
0011,2026-09-12,LKUS_push,feature_3CSh3LRVobu7,手机号黑名单,60
0011,2026-09-12,LKUS_push,feature_jkeS0N10RDAn,网关uid黑名单,60
0011,2026-09-12,LKUS_push,feature_7qCVo92BIECU,三方unionId黑名单,60
0011,2026-09-12,LKUS_push,feature_9tl8mW2Gembc,邮箱黑名单,60
0011,2026-09-12,LKUS_push,feature_g43LuQcahzCJ,用户编号黑名单,60
0011,2026-09-12,LKUS_push,feature_XtxCPW1x9QTU,ip C段黑名单,60
0011,2026-09-12,LKUS_push,feature_cOkhRQVI91IV,ip黑名单,60
0011,2026-09-12,LKUS_push,feature_Wg4dZ6VJBuTb,IP近1分钟关联的手机号个数,60
0011,2026-09-12,LKUS_push,feature_MHv7nra5Z6T5,reCAPTCHA V3 token是否有效,60
0011,2026-09-12,LKUS_push,feature_SdA1CjZvNCMG,区号近1分钟的访问次数,60
0011,2026-09-12,LKUS_push,feature_53Ck9TgChpTW,IP近5分钟关联的手机号个数,60
0011,2026-09-12,LKUS_push,feature_TGPe0mjAPwR5,IP近60分钟关联的国家区号个数,60
0011,2026-09-12,LKUS_push,feature_YkpmaKaJhcdG,区号近1天内的访问次数,60
0011,2026-09-12,LKUS_push,feature_7DbBgowc2mEl,IP近1分钟的访问次数,60
0011,2026-09-12,LKUS_push,feature_IPwzfPamC8eW,同手机号30分钟关联的IP city个数,60
0011,2026-09-12,LKUS_push,feature_n91JeGM6gD6i,同区号近60分钟非美国IP访问次数,60
0011,2026-09-12,LKUS_push,feature_Ym70ZsfxQKSc,一分钟请求量,60
0011,2026-09-12,LKUS_push,feature_6qwgYPGGuJZ4,IPC段近10分钟关联的手机号个数,60
0011,2026-09-12,LKUS_push,feature_JaT2oyzVtD0q,手机号近1分钟的访问次数,60
0011,2026-09-12,LKUS_push,feature_dqBHKec09Wwa,同区号近60分钟未携带recaptchaV3token 访问次数,60
0011,2026-09-12,LKUS_push,feature_KtSZtJ9w7f9r,IPC段近1分钟关联的手机号个数,60
0011,2026-09-12,LKUS_push,feature_UOJYBEifd5Jn,区号近60分钟的访问次数,60
0011,2026-09-12,LKUS_push,feature_pf88qk27w76j,区号近5分钟的访问次数,60
0011,2026-09-12,LKUS_push,feature_hspErCH8fSCE,手机号近30分钟的访问次数,60
0011,2026-09-12,LKUS_push,feature_nnsdzZLQKPZ7,IP近10分钟关联的手机号个数,60
0011,2026-09-12,LKUS_push,feature_r1bhlQnbfRHb,IP近60分钟关联的手机号个数,60
0011,2026-09-12,LKUS_push,feature_lydpDiga6SB9,手机号近5分钟的访问次数,60
0011,2026-09-12,LKUS_push,feature_WxHUxqIN0IuS,同IP近5分钟的访问次数,60
0011,2026-09-12,LKUS_physical_order_create,feature_oxYJ6qJ3BAfv,用户编号白名单,71
0011,2026-09-12,LKUS_physical_order_create,feature_vTICzBPfD3Ds,ip C段白名单,71
0011,2026-09-12,LKUS_physical_order_create,feature_P5eYl9a699fA,ip白名单,71
0011,2026-09-12,LKUS_physical_order_create,feature_yo8MLsBsGIsV,三方unionId白名单,71
0011,2026-09-12,LKUS_physical_order_create,feature_kqtp6XVcXXiQ,手机号白名单,71
0011,2026-09-12,LKUS_physical_order_create,feature_K0JuGvXPoQsS,网关uid白名单,71
0011,2026-09-12,LKUS_physical_order_create,feature_5caBWmAHDcCQ,邮箱白名单,71
0011,2026-09-12,LKUS_physical_order_create,feature_3CSh3LRVobu7,手机号黑名单,61
0011,2026-09-12,LKUS_physical_order_create,feature_jkeS0N10RDAn,网关uid黑名单,61
0011,2026-09-12,LKUS_physical_order_create,feature_7qCVo92BIECU,三方unionId黑名单,61
0011,2026-09-12,LKUS_physical_order_create,feature_9tl8mW2Gembc,邮箱黑名单,61
0011,2026-09-12,LKUS_physical_order_create,feature_g43LuQcahzCJ,用户编号黑名单,61
0011,2026-09-12,LKUS_physical_order_create,feature_XtxCPW1x9QTU,ip C段黑名单,61
0011,2026-09-12,LKUS_physical_order_create,feature_cOkhRQVI91IV,ip黑名单,61
0011,2026-09-12,LKUS_physical_order_create,feature_MHv7nra5Z6T5,reCAPTCHA V3 token是否有效,61
0011,2026-09-12,LKUS_payment,feature_vTICzBPfD3Ds,ip C段白名单,71
0011,2026-09-12,LKUS_payment,feature_P5eYl9a699fA,ip白名单,71
0011,2026-09-12,LKUS_payment,feature_oxYJ6qJ3BAfv,用户编号白名单,71
0011,2026-09-12,LKUS_payment,feature_yo8MLsBsGIsV,三方unionId白名单,71
0011,2026-09-12,LKUS_payment,feature_kqtp6XVcXXiQ,手机号白名单,71
0011,2026-09-12,LKUS_payment,feature_5caBWmAHDcCQ,邮箱白名单,71
0011,2026-09-12,LKUS_payment,feature_K0JuGvXPoQsS,网关uid白名单,71
0011,2026-09-12,LKUS_payment,feature_3CSh3LRVobu7,手机号黑名单,61
0011,2026-09-12,LKUS_payment,feature_jkeS0N10RDAn,网关uid黑名单,61
0011,2026-09-12,LKUS_payment,feature_7qCVo92BIECU,三方unionId黑名单,61
0011,2026-09-12,LKUS_payment,feature_9tl8mW2Gembc,邮箱黑名单,61
0011,2026-09-12,LKUS_payment,feature_XtxCPW1x9QTU,ip C段黑名单,61
0011,2026-09-12,LKUS_payment,feature_cOkhRQVI91IV,ip黑名单,61
0011,2026-09-12,LKUS_payment,feature_g43LuQcahzCJ,用户编号黑名单,61
0011,2026-09-12,LKUS_payment,feature_MHv7nra5Z6T5,reCAPTCHA V3 token是否有效,61
0011,2026-09-12,LKUS_login,feature_oxYJ6qJ3BAfv,用户编号白名单,13
0011,2026-09-12,LKUS_login,feature_vTICzBPfD3Ds,ip C段白名单,13
0011,2026-09-12,LKUS_login,feature_P5eYl9a699fA,ip白名单,13
0011,2026-09-12,LKUS_login,feature_yo8MLsBsGIsV,三方unionId白名单,13
0011,2026-09-12,LKUS_login,feature_kqtp6XVcXXiQ,手机号白名单,13
0011,2026-09-12,LKUS_login,feature_K0JuGvXPoQsS,网关uid白名单,13
0011,2026-09-12,LKUS_login,feature_5caBWmAHDcCQ,邮箱白名单,13
0011,2026-09-12,LKUS_login,feature_3CSh3LRVobu7,手机号黑名单,13
0011,2026-09-12,LKUS_login,feature_jkeS0N10RDAn,网关uid黑名单,13
0011,2026-09-12,LKUS_login,feature_7qCVo92BIECU,三方unionId黑名单,13
0011,2026-09-12,LKUS_login,feature_9tl8mW2Gembc,邮箱黑名单,13
0011,2026-09-12,LKUS_login,feature_g43LuQcahzCJ,用户编号黑名单,13
0011,2026-09-12,LKUS_login,feature_XtxCPW1x9QTU,ip C段黑名单,13
0011,2026-09-12,LKUS_login,feature_cOkhRQVI91IV,ip黑名单,13
0011,2026-09-12,LKUS_login,feature_MHv7nra5Z6T5,reCAPTCHA V3 token是否有效,13
0011,2026-09-12,LKUS_grant_new_user_coupon,feature_oxYJ6qJ3BAfv,用户编号白名单,8
0011,2026-09-12,LKUS_grant_new_user_coupon,feature_vTICzBPfD3Ds,ip C段白名单,8
0011,2026-09-12,LKUS_grant_new_user_coupon,feature_P5eYl9a699fA,ip白名单,8
0011,2026-09-12,LKUS_grant_new_user_coupon,feature_yo8MLsBsGIsV,三方unionId白名单,8
0011,2026-09-12,LKUS_grant_new_user_coupon,feature_kqtp6XVcXXiQ,手机号白名单,8
0011,2026-09-12,LKUS_grant_new_user_coupon,feature_K0JuGvXPoQsS,网关uid白名单,8
0011,2026-09-12,LKUS_grant_new_user_coupon,feature_5caBWmAHDcCQ,邮箱白名单,8
0011,2026-09-12,LKUS_grant_new_user_coupon,feature_3CSh3LRVobu7,手机号黑名单,8
0011,2026-09-12,LKUS_grant_new_user_coupon,feature_jkeS0N10RDAn,网关uid黑名单,8
0011,2026-09-12,LKUS_grant_new_user_coupon,feature_7qCVo92BIECU,三方unionId黑名单,8
0011,2026-09-12,LKUS_grant_new_user_coupon,feature_9tl8mW2Gembc,邮箱黑名单,8
0011,2026-09-12,LKUS_grant_new_user_coupon,feature_g43LuQcahzCJ,用户编号黑名单,8
0011,2026-09-12,LKUS_grant_new_user_coupon,feature_XtxCPW1x9QTU,ip C段黑名单,8
0011,2026-09-12,LKUS_grant_new_user_coupon,feature_cOkhRQVI91IV,ip黑名单,8
0011,2026-09-12,LKUS_physical_order_cancel,feature_vTICzBPfD3Ds,ip C段白名单,2
0011,2026-09-12,LKUS_physical_order_cancel,feature_P5eYl9a699fA,ip白名单,2
0011,2026-09-12,LKUS_physical_order_cancel,feature_oxYJ6qJ3BAfv,用户编号白名单,2
0011,2026-09-12,LKUS_physical_order_cancel,feature_yo8MLsBsGIsV,三方unionId白名单,2
0011,2026-09-12,LKUS_physical_order_cancel,feature_kqtp6XVcXXiQ,手机号白名单,2
0011,2026-09-12,LKUS_physical_order_cancel,feature_5caBWmAHDcCQ,邮箱白名单,2
0011,2026-09-12,LKUS_physical_order_cancel,feature_K0JuGvXPoQsS,网关uid白名单,2
0011,2026-09-12,LKUS_physical_order_cancel,feature_3CSh3LRVobu7,手机号黑名单,2
0011,2026-09-12,LKUS_physical_order_cancel,feature_jkeS0N10RDAn,网关uid黑名单,2
0011,2026-09-12,LKUS_physical_order_cancel,feature_7qCVo92BIECU,三方unionId黑名单,2
0011,2026-09-12,LKUS_physical_order_cancel,feature_9tl8mW2Gembc,邮箱黑名单,2
0011,2026-09-12,LKUS_physical_order_cancel,feature_XtxCPW1x9QTU,ip C段黑名单,2
0011,2026-09-12,LKUS_physical_order_cancel,feature_cOkhRQVI91IV,ip黑名单,2
0011,2026-09-12,LKUS_physical_order_cancel,feature_g43LuQcahzCJ,用户编号黑名单,2
0011,2026-09-12,LKUS_register,feature_vTICzBPfD3Ds,ip C段白名单,7
0011,2026-09-12,LKUS_register,feature_P5eYl9a699fA,ip白名单,7
0011,2026-09-12,LKUS_register,feature_oxYJ6qJ3BAfv,用户编号白名单,7
0011,2026-09-12,LKUS_register,feature_yo8MLsBsGIsV,三方unionId白名单,7
0011,2026-09-12,LKUS_register,feature_kqtp6XVcXXiQ,手机号白名单,7
0011,2026-09-12,LKUS_register,feature_5caBWmAHDcCQ,邮箱白名单,7
0011,2026-09-12,LKUS_register,feature_K0JuGvXPoQsS,网关uid白名单,7
0011,2026-09-12,LKUS_register,feature_3CSh3LRVobu7,手机号黑名单,6
0011,2026-09-12,LKUS_register,feature_jkeS0N10RDAn,网关uid黑名单,6
0011,2026-09-12,LKUS_register,feature_7qCVo92BIECU,三方unionId黑名单,6
0011,2026-09-12,LKUS_register,feature_9tl8mW2Gembc,邮箱黑名单,6
0011,2026-09-12,LKUS_register,feature_XtxCPW1x9QTU,ip C段黑名单,6
0011,2026-09-12,LKUS_register,feature_cOkhRQVI91IV,ip黑名单,6
0011,2026-09-12,LKUS_register,feature_g43LuQcahzCJ,用户编号黑名单,6
0011,2026-09-12,LKUS_captcha,feature_oxYJ6qJ3BAfv,用户编号白名单,1
0011,2026-09-12,LKUS_captcha,feature_vTICzBPfD3Ds,ip C段白名单,1
0011,2026-09-12,LKUS_captcha,feature_P5eYl9a699fA,ip白名单,1
0011,2026-09-12,LKUS_captcha,feature_yo8MLsBsGIsV,三方unionId白名单,1
0011,2026-09-12,LKUS_captcha,feature_kqtp6XVcXXiQ,手机号白名单,1
0011,2026-09-12,LKUS_captcha,feature_K0JuGvXPoQsS,网关uid白名单,1
0011,2026-09-12,LKUS_captcha,feature_5caBWmAHDcCQ,邮箱白名单,1
0011,2026-09-12,LKUS_captcha,feature_3CSh3LRVobu7,手机号黑名单,1
0011,2026-09-12,LKUS_captcha,feature_jkeS0N10RDAn,网关uid黑名单,1
0011,2026-09-12,LKUS_captcha,feature_7qCVo92BIECU,三方unionId黑名单,1
0011,2026-09-12,LKUS_captcha,feature_9tl8mW2Gembc,邮箱黑名单,1
0011,2026-09-12,LKUS_captcha,feature_g43LuQcahzCJ,用户编号黑名单,1
0011,2026-09-12,LKUS_captcha,feature_XtxCPW1x9QTU,ip C段黑名单,1
0011,2026-09-12,LKUS_captcha,feature_cOkhRQVI91IV,ip黑名单,1
0011,2026-09-12,LKUS_captcha,feature_nm9NTGYLKhWV,reCAPTCHA V2 token是否有效,1
0011,2026-09-13,LKUS_login,feature_oxYJ6qJ3BAfv,用户编号白名单,21
0011,2026-09-13,LKUS_login,feature_vTICzBPfD3Ds,ip C段白名单,21
0011,2026-09-13,LKUS_login,feature_P5eYl9a699fA,ip白名单,21
0011,2026-09-13,LKUS_login,feature_yo8MLsBsGIsV,三方unionId白名单,21
0011,2026-09-13,LKUS_login,feature_kqtp6XVcXXiQ,手机号白名单,21
0011,2026-09-13,LKUS_login,feature_K0JuGvXPoQsS,网关uid白名单,21
0011,2026-09-13,LKUS_login,feature_5caBWmAHDcCQ,邮箱白名单,21
0011,2026-09-13,LKUS_login,feature_3CSh3LRVobu7,手机号黑名单,20
0011,2026-09-13,LKUS_login,feature_jkeS0N10RDAn,网关uid黑名单,20
0011,2026-09-13,LKUS_login,feature_7qCVo92BIECU,三方unionId黑名单,20
0011,2026-09-13,LKUS_login,feature_9tl8mW2Gembc,邮箱黑名单,20
0011,2026-09-13,LKUS_login,feature_g43LuQcahzCJ,用户编号黑名单,20
0011,2026-09-13,LKUS_login,feature_XtxCPW1x9QTU,ip C段黑名单,20
0011,2026-09-13,LKUS_login,feature_cOkhRQVI91IV,ip黑名单,20
0011,2026-09-13,LKUS_login,feature_MHv7nra5Z6T5,reCAPTCHA V3 token是否有效,20
0011,2026-09-13,LKUS_push,feature_Fik6gvwY1tA6,手机号近1天的访问次数,76
0011,2026-09-13,LKUS_push,feature_vTICzBPfD3Ds,ip C段白名单,76
0011,2026-09-13,LKUS_push,feature_P5eYl9a699fA,ip白名单,76
0011,2026-09-13,LKUS_push,feature_oxYJ6qJ3BAfv,用户编号白名单,76
0011,2026-09-13,LKUS_push,feature_yo8MLsBsGIsV,三方unionId白名单,76
0011,2026-09-13,LKUS_push,feature_kqtp6XVcXXiQ,手机号白名单,76
0011,2026-09-13,LKUS_push,feature_5caBWmAHDcCQ,邮箱白名单,76
0011,2026-09-13,LKUS_push,feature_K0JuGvXPoQsS,网关uid白名单,76
0011,2026-09-13,LKUS_push,feature_3CSh3LRVobu7,手机号黑名单,76
0011,2026-09-13,LKUS_push,feature_jkeS0N10RDAn,网关uid黑名单,76
0011,2026-09-13,LKUS_push,feature_7qCVo92BIECU,三方unionId黑名单,76
0011,2026-09-13,LKUS_push,feature_9tl8mW2Gembc,邮箱黑名单,76
0011,2026-09-13,LKUS_push,feature_XtxCPW1x9QTU,ip C段黑名单,76
0011,2026-09-13,LKUS_push,feature_cOkhRQVI91IV,ip黑名单,76
0011,2026-09-13,LKUS_push,feature_g43LuQcahzCJ,用户编号黑名单,76
0011,2026-09-13,LKUS_push,feature_hspErCH8fSCE,手机号近30分钟的访问次数,76
0011,2026-09-13,LKUS_push,feature_pf88qk27w76j,区号近5分钟的访问次数,76
0011,2026-09-13,LKUS_push,feature_r1bhlQnbfRHb,IP近60分钟关联的手机号个数,76
0011,2026-09-13,LKUS_push,feature_nnsdzZLQKPZ7,IP近10分钟关联的手机号个数,76
0011,2026-09-13,LKUS_push,feature_MHv7nra5Z6T5,reCAPTCHA V3 token是否有效,76
0011,2026-09-13,LKUS_push,feature_JaT2oyzVtD0q,手机号近1分钟的访问次数,76
0011,2026-09-13,LKUS_push,feature_Ym70ZsfxQKSc,一分钟请求量,76
0011,2026-09-13,LKUS_push,feature_YkpmaKaJhcdG,区号近1天内的访问次数,76
0011,2026-09-13,LKUS_push,feature_Wg4dZ6VJBuTb,IP近1分钟关联的手机号个数,76
0011,2026-09-13,LKUS_push,feature_IPwzfPamC8eW,同手机号30分钟关联的IP city个数,76
0011,2026-09-13,LKUS_push,feature_7DbBgowc2mEl,IP近1分钟的访问次数,76
0011,2026-09-13,LKUS_push,feature_6qwgYPGGuJZ4,IPC段近10分钟关联的手机号个数,76
0011,2026-09-13,LKUS_push,feature_53Ck9TgChpTW,IP近5分钟关联的手机号个数,76
0011,2026-09-13,LKUS_push,feature_SdA1CjZvNCMG,区号近1分钟的访问次数,76
0011,2026-09-13,LKUS_push,feature_dqBHKec09Wwa,同区号近60分钟未携带recaptchaV3token 访问次数,76
0011,2026-09-13,LKUS_push,feature_KtSZtJ9w7f9r,IPC段近1分钟关联的手机号个数,76
0011,2026-09-13,LKUS_push,feature_UOJYBEifd5Jn,区号近60分钟的访问次数,76
0011,2026-09-13,LKUS_push,feature_WxHUxqIN0IuS,同IP近5分钟的访问次数,76
0011,2026-09-13,LKUS_push,feature_lydpDiga6SB9,手机号近5分钟的访问次数,76
0011,2026-09-13,LKUS_push,feature_n91JeGM6gD6i,同区号近60分钟非美国IP访问次数,76
0011,2026-09-13,LKUS_push,feature_TGPe0mjAPwR5,IP近60分钟关联的国家区号个数,76
0011,2026-09-13,LKUS_push,feature_e1Kmz7JqzsWc,同区号近60分钟V3token为空对应手机号个数,66
0011,2026-09-13,LKUS_push,feature_dtoJoDcUgCcr,同区号近60分钟对应手机号个数,66
0011,2026-09-13,LKUS_grant_new_user_coupon,feature_vTICzBPfD3Ds,ip C段白名单,11
0011,2026-09-13,LKUS_grant_new_user_coupon,feature_P5eYl9a699fA,ip白名单,11
0011,2026-09-13,LKUS_grant_new_user_coupon,feature_oxYJ6qJ3BAfv,用户编号白名单,11
0011,2026-09-13,LKUS_grant_new_user_coupon,feature_yo8MLsBsGIsV,三方unionId白名单,11
0011,2026-09-13,LKUS_grant_new_user_coupon,feature_kqtp6XVcXXiQ,手机号白名单,11
0011,2026-09-13,LKUS_grant_new_user_coupon,feature_5caBWmAHDcCQ,邮箱白名单,11
0011,2026-09-13,LKUS_grant_new_user_coupon,feature_K0JuGvXPoQsS,网关uid白名单,11
0011,2026-09-13,LKUS_grant_new_user_coupon,feature_3CSh3LRVobu7,手机号黑名单,11
0011,2026-09-13,LKUS_grant_new_user_coupon,feature_jkeS0N10RDAn,网关uid黑名单,11
0011,2026-09-13,LKUS_grant_new_user_coupon,feature_7qCVo92BIECU,三方unionId黑名单,11
0011,2026-09-13,LKUS_grant_new_user_coupon,feature_9tl8mW2Gembc,邮箱黑名单,11
0011,2026-09-13,LKUS_grant_new_user_coupon,feature_XtxCPW1x9QTU,ip C段黑名单,11
0011,2026-09-13,LKUS_grant_new_user_coupon,feature_cOkhRQVI91IV,ip黑名单,11
0011,2026-09-13,LKUS_grant_new_user_coupon,feature_g43LuQcahzCJ,用户编号黑名单,11
0011,2026-09-13,LKUS_physical_order_create,feature_oxYJ6qJ3BAfv,用户编号白名单,57
0011,2026-09-13,LKUS_physical_order_create,feature_vTICzBPfD3Ds,ip C段白名单,57
0011,2026-09-13,LKUS_physical_order_create,feature_P5eYl9a699fA,ip白名单,57
0011,2026-09-13,LKUS_physical_order_create,feature_yo8MLsBsGIsV,三方unionId白名单,57
0011,2026-09-13,LKUS_physical_order_create,feature_kqtp6XVcXXiQ,手机号白名单,57
0011,2026-09-13,LKUS_physical_order_create,feature_K0JuGvXPoQsS,网关uid白名单,57
0011,2026-09-13,LKUS_physical_order_create,feature_5caBWmAHDcCQ,邮箱白名单,57
0011,2026-09-13,LKUS_physical_order_create,feature_3CSh3LRVobu7,手机号黑名单,45
0011,2026-09-13,LKUS_physical_order_create,feature_jkeS0N10RDAn,网关uid黑名单,45
0011,2026-09-13,LKUS_physical_order_create,feature_7qCVo92BIECU,三方unionId黑名单,45
0011,2026-09-13,LKUS_physical_order_create,feature_9tl8mW2Gembc,邮箱黑名单,45
0011,2026-09-13,LKUS_physical_order_create,feature_g43LuQcahzCJ,用户编号黑名单,45
0011,2026-09-13,LKUS_physical_order_create,feature_XtxCPW1x9QTU,ip C段黑名单,45
0011,2026-09-13,LKUS_physical_order_create,feature_cOkhRQVI91IV,ip黑名单,45
0011,2026-09-13,LKUS_physical_order_create,feature_MHv7nra5Z6T5,reCAPTCHA V3 token是否有效,45
0011,2026-09-13,LKUS_payment,feature_vTICzBPfD3Ds,ip C段白名单,56
0011,2026-09-13,LKUS_payment,feature_P5eYl9a699fA,ip白名单,56
0011,2026-09-13,LKUS_payment,feature_oxYJ6qJ3BAfv,用户编号白名单,56
0011,2026-09-13,LKUS_payment,feature_yo8MLsBsGIsV,三方unionId白名单,56
0011,2026-09-13,LKUS_payment,feature_kqtp6XVcXXiQ,手机号白名单,56
0011,2026-09-13,LKUS_payment,feature_5caBWmAHDcCQ,邮箱白名单,56
0011,2026-09-13,LKUS_payment,feature_K0JuGvXPoQsS,网关uid白名单,56
0011,2026-09-13,LKUS_payment,feature_3CSh3LRVobu7,手机号黑名单,44
0011,2026-09-13,LKUS_payment,feature_jkeS0N10RDAn,网关uid黑名单,44
0011,2026-09-13,LKUS_payment,feature_7qCVo92BIECU,三方unionId黑名单,44
0011,2026-09-13,LKUS_payment,feature_9tl8mW2Gembc,邮箱黑名单,44
0011,2026-09-13,LKUS_payment,feature_XtxCPW1x9QTU,ip C段黑名单,44
0011,2026-09-13,LKUS_payment,feature_cOkhRQVI91IV,ip黑名单,44
0011,2026-09-13,LKUS_payment,feature_g43LuQcahzCJ,用户编号黑名单,44
0011,2026-09-13,LKUS_payment,feature_MHv7nra5Z6T5,reCAPTCHA V3 token是否有效,44
0011,2026-09-13,LKUS_register,feature_oxYJ6qJ3BAfv,用户编号白名单,9
0011,2026-09-13,LKUS_register,feature_vTICzBPfD3Ds,ip C段白名单,9
0011,2026-09-13,LKUS_register,feature_P5eYl9a699fA,ip白名单,9
0011,2026-09-13,LKUS_register,feature_yo8MLsBsGIsV,三方unionId白名单,9
0011,2026-09-13,LKUS_register,feature_kqtp6XVcXXiQ,手机号白名单,9
0011,2026-09-13,LKUS_register,feature_K0JuGvXPoQsS,网关uid白名单,9
0011,2026-09-13,LKUS_register,feature_5caBWmAHDcCQ,邮箱白名单,9
0011,2026-09-13,LKUS_register,feature_3CSh3LRVobu7,手机号黑名单,9
0011,2026-09-13,LKUS_register,feature_jkeS0N10RDAn,网关uid黑名单,9
0011,2026-09-13,LKUS_register,feature_7qCVo92BIECU,三方unionId黑名单,9
0011,2026-09-13,LKUS_register,feature_9tl8mW2Gembc,邮箱黑名单,9
0011,2026-09-13,LKUS_register,feature_g43LuQcahzCJ,用户编号黑名单,9
0011,2026-09-13,LKUS_register,feature_XtxCPW1x9QTU,ip C段黑名单,9
0011,2026-09-13,LKUS_register,feature_cOkhRQVI91IV,ip黑名单,9
0011,2026-09-14,LKUS_push,feature_Fik6gvwY1tA6,手机号近1天的访问次数,86
0011,2026-09-14,LKUS_push,feature_vTICzBPfD3Ds,ip C段白名单,86
0011,2026-09-14,LKUS_push,feature_P5eYl9a699fA,ip白名单,86
0011,2026-09-14,LKUS_push,feature_oxYJ6qJ3BAfv,用户编号白名单,86
0011,2026-09-14,LKUS_push,feature_yo8MLsBsGIsV,三方unionId白名单,86
0011,2026-09-14,LKUS_push,feature_kqtp6XVcXXiQ,手机号白名单,86
0011,2026-09-14,LKUS_push,feature_5caBWmAHDcCQ,邮箱白名单,86
0011,2026-09-14,LKUS_push,feature_K0JuGvXPoQsS,网关uid白名单,86
0011,2026-09-14,LKUS_push,feature_3CSh3LRVobu7,手机号黑名单,85
0011,2026-09-14,LKUS_push,feature_jkeS0N10RDAn,网关uid黑名单,85
0011,2026-09-14,LKUS_push,feature_7qCVo92BIECU,三方unionId黑名单,85
0011,2026-09-14,LKUS_push,feature_9tl8mW2Gembc,邮箱黑名单,85
0011,2026-09-14,LKUS_push,feature_XtxCPW1x9QTU,ip C段黑名单,85
0011,2026-09-14,LKUS_push,feature_cOkhRQVI91IV,ip黑名单,85
0011,2026-09-14,LKUS_push,feature_g43LuQcahzCJ,用户编号黑名单,85
0011,2026-09-14,LKUS_push,feature_hspErCH8fSCE,手机号近30分钟的访问次数,85
0011,2026-09-14,LKUS_push,feature_r1bhlQnbfRHb,IP近60分钟关联的手机号个数,85
0011,2026-09-14,LKUS_push,feature_e1Kmz7JqzsWc,同区号近60分钟V3token为空对应手机号个数,85
0011,2026-09-14,LKUS_push,feature_YkpmaKaJhcdG,区号近1天内的访问次数,85
0011,2026-09-14,LKUS_push,feature_IPwzfPamC8eW,同手机号30分钟关联的IP city个数,85
0011,2026-09-14,LKUS_push,feature_SdA1CjZvNCMG,区号近1分钟的访问次数,85
0011,2026-09-14,LKUS_push,feature_dqBHKec09Wwa,同区号近60分钟未携带recaptchaV3token 访问次数,85
0011,2026-09-14,LKUS_push,feature_WxHUxqIN0IuS,同IP近5分钟的访问次数,85
0011,2026-09-14,LKUS_push,feature_lydpDiga6SB9,手机号近5分钟的访问次数,85
0011,2026-09-14,LKUS_push,feature_n91JeGM6gD6i,同区号近60分钟非美国IP访问次数,85
0011,2026-09-14,LKUS_push,feature_pf88qk27w76j,区号近5分钟的访问次数,85
0011,2026-09-14,LKUS_push,feature_nnsdzZLQKPZ7,IP近10分钟关联的手机号个数,85
0011,2026-09-14,LKUS_push,feature_MHv7nra5Z6T5,reCAPTCHA V3 token是否有效,85
0011,2026-09-14,LKUS_push,feature_JaT2oyzVtD0q,手机号近1分钟的访问次数,85
0011,2026-09-14,LKUS_push,feature_Ym70ZsfxQKSc,一分钟请求量,85
0011,2026-09-14,LKUS_push,feature_Wg4dZ6VJBuTb,IP近1分钟关联的手机号个数,85
0011,2026-09-14,LKUS_push,feature_7DbBgowc2mEl,IP近1分钟的访问次数,85
0011,2026-09-14,LKUS_push,feature_6qwgYPGGuJZ4,IPC段近10分钟关联的手机号个数,85
0011,2026-09-14,LKUS_push,feature_53Ck9TgChpTW,IP近5分钟关联的手机号个数,85
0011,2026-09-14,LKUS_push,feature_KtSZtJ9w7f9r,IPC段近1分钟关联的手机号个数,85
0011,2026-09-14,LKUS_push,feature_UOJYBEifd5Jn,区号近60分钟的访问次数,85
0011,2026-09-14,LKUS_push,feature_dtoJoDcUgCcr,同区号近60分钟对应手机号个数,85
0011,2026-09-14,LKUS_push,feature_TGPe0mjAPwR5,IP近60分钟关联的国家区号个数,85
0011,2026-09-14,LKUS_register,feature_vTICzBPfD3Ds,ip C段白名单,5
0011,2026-09-14,LKUS_register,feature_P5eYl9a699fA,ip白名单,5
0011,2026-09-14,LKUS_register,feature_oxYJ6qJ3BAfv,用户编号白名单,5
0011,2026-09-14,LKUS_register,feature_yo8MLsBsGIsV,三方unionId白名单,5
0011,2026-09-14,LKUS_register,feature_kqtp6XVcXXiQ,手机号白名单,5
0011,2026-09-14,LKUS_register,feature_5caBWmAHDcCQ,邮箱白名单,5
0011,2026-09-14,LKUS_register,feature_K0JuGvXPoQsS,网关uid白名单,5
0011,2026-09-14,LKUS_register,feature_3CSh3LRVobu7,手机号黑名单,4
0011,2026-09-14,LKUS_register,feature_jkeS0N10RDAn,网关uid黑名单,4
0011,2026-09-14,LKUS_register,feature_7qCVo92BIECU,三方unionId黑名单,4
0011,2026-09-14,LKUS_register,feature_9tl8mW2Gembc,邮箱黑名单,4
0011,2026-09-14,LKUS_register,feature_XtxCPW1x9QTU,ip C段黑名单,4
0011,2026-09-14,LKUS_register,feature_cOkhRQVI91IV,ip黑名单,4
0011,2026-09-14,LKUS_register,feature_g43LuQcahzCJ,用户编号黑名单,4
0011,2026-09-14,LKUS_physical_order_create,feature_vTICzBPfD3Ds,ip C段白名单,93
0011,2026-09-14,LKUS_physical_order_create,feature_oxYJ6qJ3BAfv,用户编号白名单,93
0011,2026-09-14,LKUS_physical_order_create,feature_P5eYl9a699fA,ip白名单,93
0011,2026-09-14,LKUS_physical_order_create,feature_yo8MLsBsGIsV,三方unionId白名单,93
0011,2026-09-14,LKUS_physical_order_create,feature_kqtp6XVcXXiQ,手机号白名单,93
0011,2026-09-14,LKUS_physical_order_create,feature_K0JuGvXPoQsS,网关uid白名单,93
0011,2026-09-14,LKUS_physical_order_create,feature_5caBWmAHDcCQ,邮箱白名单,93
0011,2026-09-14,LKUS_physical_order_create,feature_3CSh3LRVobu7,手机号黑名单,80
0011,2026-09-14,LKUS_physical_order_create,feature_jkeS0N10RDAn,网关uid黑名单,80
0011,2026-09-14,LKUS_physical_order_create,feature_7qCVo92BIECU,三方unionId黑名单,80
0011,2026-09-14,LKUS_physical_order_create,feature_9tl8mW2Gembc,邮箱黑名单,80
0011,2026-09-14,LKUS_physical_order_create,feature_cOkhRQVI91IV,ip黑名单,80
0011,2026-09-14,LKUS_physical_order_create,feature_XtxCPW1x9QTU,ip C段黑名单,80
0011,2026-09-14,LKUS_physical_order_create,feature_g43LuQcahzCJ,用户编号黑名单,80
0011,2026-09-14,LKUS_physical_order_create,feature_MHv7nra5Z6T5,reCAPTCHA V3 token是否有效,80
0011,2026-09-14,LKUS_payment,feature_vTICzBPfD3Ds,ip C段白名单,97
0011,2026-09-14,LKUS_payment,feature_oxYJ6qJ3BAfv,用户编号白名单,97
0011,2026-09-14,LKUS_payment,feature_P5eYl9a699fA,ip白名单,97
0011,2026-09-14,LKUS_payment,feature_yo8MLsBsGIsV,三方unionId白名单,97
0011,2026-09-14,LKUS_payment,feature_kqtp6XVcXXiQ,手机号白名单,97
0011,2026-09-14,LKUS_payment,feature_K0JuGvXPoQsS,网关uid白名单,97
0011,2026-09-14,LKUS_payment,feature_5caBWmAHDcCQ,邮箱白名单,97
0011,2026-09-14,LKUS_payment,feature_3CSh3LRVobu7,手机号黑名单,83
0011,2026-09-14,LKUS_payment,feature_jkeS0N10RDAn,网关uid黑名单,83
0011,2026-09-14,LKUS_payment,feature_7qCVo92BIECU,三方unionId黑名单,83
0011,2026-09-14,LKUS_payment,feature_9tl8mW2Gembc,邮箱黑名单,83
0011,2026-09-14,LKUS_payment,feature_cOkhRQVI91IV,ip黑名单,83
0011,2026-09-14,LKUS_payment,feature_XtxCPW1x9QTU,ip C段黑名单,83
0011,2026-09-14,LKUS_payment,feature_g43LuQcahzCJ,用户编号黑名单,83
0011,2026-09-14,LKUS_payment,feature_MHv7nra5Z6T5,reCAPTCHA V3 token是否有效,83
0011,2026-09-14,LKUS_login,feature_vTICzBPfD3Ds,ip C段白名单,12
0011,2026-09-14,LKUS_login,feature_P5eYl9a699fA,ip白名单,12
0011,2026-09-14,LKUS_login,feature_oxYJ6qJ3BAfv,用户编号白名单,12
0011,2026-09-14,LKUS_login,feature_yo8MLsBsGIsV,三方unionId白名单,12
0011,2026-09-14,LKUS_login,feature_kqtp6XVcXXiQ,手机号白名单,12
0011,2026-09-14,LKUS_login,feature_K0JuGvXPoQsS,网关uid白名单,12
0011,2026-09-14,LKUS_login,feature_5caBWmAHDcCQ,邮箱白名单,12
0011,2026-09-14,LKUS_login,feature_3CSh3LRVobu7,手机号黑名单,11
0011,2026-09-14,LKUS_login,feature_jkeS0N10RDAn,网关uid黑名单,11
0011,2026-09-14,LKUS_login,feature_7qCVo92BIECU,三方unionId黑名单,11
0011,2026-09-14,LKUS_login,feature_9tl8mW2Gembc,邮箱黑名单,11
0011,2026-09-14,LKUS_login,feature_g43LuQcahzCJ,用户编号黑名单,11
0011,2026-09-14,LKUS_login,feature_XtxCPW1x9QTU,ip C段黑名单,11
0011,2026-09-14,LKUS_login,feature_cOkhRQVI91IV,ip黑名单,11
0011,2026-09-14,LKUS_login,feature_MHv7nra5Z6T5,reCAPTCHA V3 token是否有效,11
0011,2026-09-14,LKUS_grant_new_user_coupon,feature_vTICzBPfD3Ds,ip C段白名单,6
0011,2026-09-14,LKUS_grant_new_user_coupon,feature_oxYJ6qJ3BAfv,用户编号白名单,6
0011,2026-09-14,LKUS_grant_new_user_coupon,feature_P5eYl9a699fA,ip白名单,6
0011,2026-09-14,LKUS_grant_new_user_coupon,feature_yo8MLsBsGIsV,三方unionId白名单,6
0011,2026-09-14,LKUS_grant_new_user_coupon,feature_kqtp6XVcXXiQ,手机号白名单,6
0011,2026-09-14,LKUS_grant_new_user_coupon,feature_K0JuGvXPoQsS,网关uid白名单,6
0011,2026-09-14,LKUS_grant_new_user_coupon,feature_5caBWmAHDcCQ,邮箱白名单,6
0011,2026-09-14,LKUS_grant_new_user_coupon,feature_3CSh3LRVobu7,手机号黑名单,6
0011,2026-09-14,LKUS_grant_new_user_coupon,feature_jkeS0N10RDAn,网关uid黑名单,6
0011,2026-09-14,LKUS_grant_new_user_coupon,feature_7qCVo92BIECU,三方unionId黑名单,6
0011,2026-09-14,LKUS_grant_new_user_coupon,feature_9tl8mW2Gembc,邮箱黑名单,6
0011,2026-09-14,LKUS_grant_new_user_coupon,feature_cOkhRQVI91IV,ip黑名单,6
0011,2026-09-14,LKUS_grant_new_user_coupon,feature_XtxCPW1x9QTU,ip C段黑名单,6
0011,2026-09-14,LKUS_grant_new_user_coupon,feature_g43LuQcahzCJ,用户编号黑名单,6
0011,2026-09-15,LKUS_push,feature_Fik6gvwY1tA6,手机号近1天的访问次数,66
0011,2026-09-15,LKUS_push,feature_vTICzBPfD3Ds,ip C段白名单,66
0011,2026-09-15,LKUS_push,feature_P5eYl9a699fA,ip白名单,66
0011,2026-09-15,LKUS_push,feature_oxYJ6qJ3BAfv,用户编号白名单,66
0011,2026-09-15,LKUS_push,feature_yo8MLsBsGIsV,三方unionId白名单,66
0011,2026-09-15,LKUS_push,feature_kqtp6XVcXXiQ,手机号白名单,66
0011,2026-09-15,LKUS_push,feature_K0JuGvXPoQsS,网关uid白名单,66
0011,2026-09-15,LKUS_push,feature_5caBWmAHDcCQ,邮箱白名单,66
0011,2026-09-15,LKUS_push,feature_3CSh3LRVobu7,手机号黑名单,65
0011,2026-09-15,LKUS_push,feature_jkeS0N10RDAn,网关uid黑名单,65
0011,2026-09-15,LKUS_push,feature_7qCVo92BIECU,三方unionId黑名单,65
0011,2026-09-15,LKUS_push,feature_9tl8mW2Gembc,邮箱黑名单,65
0011,2026-09-15,LKUS_push,feature_g43LuQcahzCJ,用户编号黑名单,65
0011,2026-09-15,LKUS_push,feature_XtxCPW1x9QTU,ip C段黑名单,65
0011,2026-09-15,LKUS_push,feature_cOkhRQVI91IV,ip黑名单,65
0011,2026-09-15,LKUS_push,feature_MHv7nra5Z6T5,reCAPTCHA V3 token是否有效,40
0011,2026-09-15,LKUS_push,feature_dtoJoDcUgCcr,同区号近60分钟对应手机号个数,65
0011,2026-09-15,LKUS_push,feature_pf88qk27w76j,区号近5分钟的访问次数,65
0011,2026-09-15,LKUS_push,feature_WxHUxqIN0IuS,同IP近5分钟的访问次数,65
0011,2026-09-15,LKUS_push,feature_nnsdzZLQKPZ7,IP近10分钟关联的手机号个数,65
0011,2026-09-15,LKUS_push,feature_Wg4dZ6VJBuTb,IP近1分钟关联的手机号个数,65
0011,2026-09-15,LKUS_push,feature_SdA1CjZvNCMG,区号近1分钟的访问次数,65
0011,2026-09-15,LKUS_push,feature_dqBHKec09Wwa,同区号近60分钟未携带recaptchaV3token 访问次数,65
0011,2026-09-15,LKUS_push,feature_Ym70ZsfxQKSc,一分钟请求量,65
0011,2026-09-15,LKUS_push,feature_r1bhlQnbfRHb,IP近60分钟关联的手机号个数,65
0011,2026-09-15,LKUS_push,feature_hspErCH8fSCE,手机号近30分钟的访问次数,65
0011,2026-09-15,LKUS_push,feature_n91JeGM6gD6i,同区号近60分钟非美国IP访问次数,65
0011,2026-09-15,LKUS_push,feature_53Ck9TgChpTW,IP近5分钟关联的手机号个数,65
0011,2026-09-15,LKUS_push,feature_lydpDiga6SB9,手机号近5分钟的访问次数,65
0011,2026-09-15,LKUS_push,feature_e1Kmz7JqzsWc,同区号近60分钟V3token为空对应手机号个数,65
0011,2026-09-15,LKUS_push,feature_KtSZtJ9w7f9r,IPC段近1分钟关联的手机号个数,65
0011,2026-09-15,LKUS_push,feature_6qwgYPGGuJZ4,IPC段近10分钟关联的手机号个数,65
0011,2026-09-15,LKUS_push,feature_TGPe0mjAPwR5,IP近60分钟关联的国家区号个数,65
0011,2026-09-15,LKUS_push,feature_YkpmaKaJhcdG,区号近1天内的访问次数,65
0011,2026-09-15,LKUS_push,feature_7DbBgowc2mEl,IP近1分钟的访问次数,65
0011,2026-09-15,LKUS_push,feature_UOJYBEifd5Jn,区号近60分钟的访问次数,65
0011,2026-09-15,LKUS_push,feature_IPwzfPamC8eW,同手机号30分钟关联的IP city个数,65
0011,2026-09-15,LKUS_push,feature_JaT2oyzVtD0q,手机号近1分钟的访问次数,65
0011,2026-09-15,LKUS_push,feature_TLXI8MNiNglz,reCAPTCHA V3风险分,25
0011,2026-09-15,LKUS_physical_order_create,feature_oxYJ6qJ3BAfv,用户编号白名单,109
0011,2026-09-15,LKUS_physical_order_create,feature_P5eYl9a699fA,ip白名单,109
0011,2026-09-15,LKUS_physical_order_create,feature_vTICzBPfD3Ds,ip C段白名单,109
0011,2026-09-15,LKUS_physical_order_create,feature_yo8MLsBsGIsV,三方unionId白名单,109
0011,2026-09-15,LKUS_physical_order_create,feature_kqtp6XVcXXiQ,手机号白名单,109
0011,2026-09-15,LKUS_physical_order_create,feature_5caBWmAHDcCQ,邮箱白名单,109
0011,2026-09-15,LKUS_physical_order_create,feature_K0JuGvXPoQsS,网关uid白名单,109
0011,2026-09-15,LKUS_physical_order_create,feature_3CSh3LRVobu7,手机号黑名单,97
0011,2026-09-15,LKUS_physical_order_create,feature_jkeS0N10RDAn,网关uid黑名单,97
0011,2026-09-15,LKUS_physical_order_create,feature_7qCVo92BIECU,三方unionId黑名单,97
0011,2026-09-15,LKUS_physical_order_create,feature_9tl8mW2Gembc,邮箱黑名单,97
0011,2026-09-15,LKUS_physical_order_create,feature_cOkhRQVI91IV,ip黑名单,97
0011,2026-09-15,LKUS_physical_order_create,feature_XtxCPW1x9QTU,ip C段黑名单,97
0011,2026-09-15,LKUS_physical_order_create,feature_g43LuQcahzCJ,用户编号黑名单,97
0011,2026-09-15,LKUS_physical_order_create,feature_MHv7nra5Z6T5,reCAPTCHA V3 token是否有效,42
0011,2026-09-15,LKUS_payment,feature_oxYJ6qJ3BAfv,用户编号白名单,111
0011,2026-09-15,LKUS_payment,feature_P5eYl9a699fA,ip白名单,111
0011,2026-09-15,LKUS_payment,feature_vTICzBPfD3Ds,ip C段白名单,111
0011,2026-09-15,LKUS_payment,feature_yo8MLsBsGIsV,三方unionId白名单,111
0011,2026-09-15,LKUS_payment,feature_kqtp6XVcXXiQ,手机号白名单,111
0011,2026-09-15,LKUS_payment,feature_5caBWmAHDcCQ,邮箱白名单,111
0011,2026-09-15,LKUS_payment,feature_K0JuGvXPoQsS,网关uid白名单,111
0011,2026-09-15,LKUS_payment,feature_3CSh3LRVobu7,手机号黑名单,99
0011,2026-09-15,LKUS_payment,feature_jkeS0N10RDAn,网关uid黑名单,99
0011,2026-09-15,LKUS_payment,feature_7qCVo92BIECU,三方unionId黑名单,99
0011,2026-09-15,LKUS_payment,feature_9tl8mW2Gembc,邮箱黑名单,99
0011,2026-09-15,LKUS_payment,feature_cOkhRQVI91IV,ip黑名单,99
0011,2026-09-15,LKUS_payment,feature_XtxCPW1x9QTU,ip C段黑名单,99
0011,2026-09-15,LKUS_payment,feature_g43LuQcahzCJ,用户编号黑名单,99
0011,2026-09-15,LKUS_payment,feature_MHv7nra5Z6T5,reCAPTCHA V3 token是否有效,54
0011,2026-09-15,LKUS_payment,feature_TLXI8MNiNglz,reCAPTCHA V3风险分,45
0011,2026-09-15,LKUS_login,feature_oxYJ6qJ3BAfv,用户编号白名单,25
0011,2026-09-15,LKUS_login,feature_P5eYl9a699fA,ip白名单,25
0011,2026-09-15,LKUS_login,feature_vTICzBPfD3Ds,ip C段白名单,25
0011,2026-09-15,LKUS_login,feature_yo8MLsBsGIsV,三方unionId白名单,25
0011,2026-09-15,LKUS_login,feature_kqtp6XVcXXiQ,手机号白名单,25
0011,2026-09-15,LKUS_login,feature_5caBWmAHDcCQ,邮箱白名单,25
0011,2026-09-15,LKUS_login,feature_K0JuGvXPoQsS,网关uid白名单,25
0011,2026-09-15,LKUS_login,feature_3CSh3LRVobu7,手机号黑名单,24
0011,2026-09-15,LKUS_login,feature_jkeS0N10RDAn,网关uid黑名单,24
0011,2026-09-15,LKUS_login,feature_7qCVo92BIECU,三方unionId黑名单,24
0011,2026-09-15,LKUS_login,feature_9tl8mW2Gembc,邮箱黑名单,24
0011,2026-09-15,LKUS_login,feature_cOkhRQVI91IV,ip黑名单,24
0011,2026-09-15,LKUS_login,feature_XtxCPW1x9QTU,ip C段黑名单,24
0011,2026-09-15,LKUS_login,feature_g43LuQcahzCJ,用户编号黑名单,24
0011,2026-09-15,LKUS_login,feature_MHv7nra5Z6T5,reCAPTCHA V3 token是否有效,6
0011,2026-09-15,LKUS_physical_order_create,feature_TLXI8MNiNglz,reCAPTCHA V3风险分,55
0011,2026-09-15,LKUS_login,feature_TLXI8MNiNglz,reCAPTCHA V3风险分,18
0011,2026-09-15,LKUS_register,feature_oxYJ6qJ3BAfv,用户编号白名单,12
0011,2026-09-15,LKUS_register,feature_P5eYl9a699fA,ip白名单,12
0011,2026-09-15,LKUS_register,feature_vTICzBPfD3Ds,ip C段白名单,12
0011,2026-09-15,LKUS_register,feature_yo8MLsBsGIsV,三方unionId白名单,12
0011,2026-09-15,LKUS_register,feature_kqtp6XVcXXiQ,手机号白名单,12
0011,2026-09-15,LKUS_register,feature_5caBWmAHDcCQ,邮箱白名单,12
0011,2026-09-15,LKUS_register,feature_K0JuGvXPoQsS,网关uid白名单,12
0011,2026-09-15,LKUS_register,feature_3CSh3LRVobu7,手机号黑名单,12
0011,2026-09-15,LKUS_register,feature_jkeS0N10RDAn,网关uid黑名单,12
0011,2026-09-15,LKUS_register,feature_7qCVo92BIECU,三方unionId黑名单,12
0011,2026-09-15,LKUS_register,feature_9tl8mW2Gembc,邮箱黑名单,12
0011,2026-09-15,LKUS_register,feature_cOkhRQVI91IV,ip黑名单,12
0011,2026-09-15,LKUS_register,feature_XtxCPW1x9QTU,ip C段黑名单,12
0011,2026-09-15,LKUS_register,feature_g43LuQcahzCJ,用户编号黑名单,12
0011,2026-09-15,LKUS_grant_new_user_coupon,feature_oxYJ6qJ3BAfv,用户编号白名单,13
0011,2026-09-15,LKUS_grant_new_user_coupon,feature_P5eYl9a699fA,ip白名单,13
0011,2026-09-15,LKUS_grant_new_user_coupon,feature_vTICzBPfD3Ds,ip C段白名单,13
0011,2026-09-15,LKUS_grant_new_user_coupon,feature_yo8MLsBsGIsV,三方unionId白名单,13
0011,2026-09-15,LKUS_grant_new_user_coupon,feature_kqtp6XVcXXiQ,手机号白名单,13
0011,2026-09-15,LKUS_grant_new_user_coupon,feature_5caBWmAHDcCQ,邮箱白名单,13
0011,2026-09-15,LKUS_grant_new_user_coupon,feature_K0JuGvXPoQsS,网关uid白名单,13
0011,2026-09-15,LKUS_grant_new_user_coupon,feature_3CSh3LRVobu7,手机号黑名单,13
0011,2026-09-15,LKUS_grant_new_user_coupon,feature_jkeS0N10RDAn,网关uid黑名单,13
0011,2026-09-15,LKUS_grant_new_user_coupon,feature_7qCVo92BIECU,三方unionId黑名单,13
0011,2026-09-15,LKUS_grant_new_user_coupon,feature_9tl8mW2Gembc,邮箱黑名单,13
0011,2026-09-15,LKUS_grant_new_user_coupon,feature_cOkhRQVI91IV,ip黑名单,13
0011,2026-09-15,LKUS_grant_new_user_coupon,feature_XtxCPW1x9QTU,ip C段黑名单,13
0011,2026-09-15,LKUS_grant_new_user_coupon,feature_g43LuQcahzCJ,用户编号黑名单,13
0011,2026-09-15,LKUS_captcha,feature_oxYJ6qJ3BAfv,用户编号白名单,2
0011,2026-09-15,LKUS_captcha,feature_P5eYl9a699fA,ip白名单,2
0011,2026-09-15,LKUS_captcha,feature_vTICzBPfD3Ds,ip C段白名单,2
0011,2026-09-15,LKUS_captcha,feature_yo8MLsBsGIsV,三方unionId白名单,2
0011,2026-09-15,LKUS_captcha,feature_kqtp6XVcXXiQ,手机号白名单,2
0011,2026-09-15,LKUS_captcha,feature_5caBWmAHDcCQ,邮箱白名单,2
0011,2026-09-15,LKUS_captcha,feature_K0JuGvXPoQsS,网关uid白名单,2
0011,2026-09-15,LKUS_captcha,feature_3CSh3LRVobu7,手机号黑名单,2
0011,2026-09-15,LKUS_captcha,feature_jkeS0N10RDAn,网关uid黑名单,2
0011,2026-09-15,LKUS_captcha,feature_7qCVo92BIECU,三方unionId黑名单,2
0011,2026-09-15,LKUS_captcha,feature_9tl8mW2Gembc,邮箱黑名单,2
0011,2026-09-15,LKUS_captcha,feature_XtxCPW1x9QTU,ip C段黑名单,2
0011,2026-09-15,LKUS_captcha,feature_g43LuQcahzCJ,用户编号黑名单,2
0011,2026-09-15,LKUS_captcha,feature_cOkhRQVI91IV,ip黑名单,2
0011,2026-09-15,LKUS_captcha,feature_MDSagDqKF5R8,reCAPTCHA V2风险分,2
0011,2026-09-16,LKUS_push,feature_Fik6gvwY1tA6,手机号近1天的访问次数,72
0011,2026-09-16,LKUS_push,feature_oxYJ6qJ3BAfv,用户编号白名单,72
0011,2026-09-16,LKUS_push,feature_P5eYl9a699fA,ip白名单,72
0011,2026-09-16,LKUS_push,feature_vTICzBPfD3Ds,ip C段白名单,72
0011,2026-09-16,LKUS_push,feature_yo8MLsBsGIsV,三方unionId白名单,72
0011,2026-09-16,LKUS_push,feature_kqtp6XVcXXiQ,手机号白名单,72
0011,2026-09-16,LKUS_push,feature_5caBWmAHDcCQ,邮箱白名单,72
0011,2026-09-16,LKUS_push,feature_K0JuGvXPoQsS,网关uid白名单,72
0011,2026-09-16,LKUS_push,feature_3CSh3LRVobu7,手机号黑名单,71
0011,2026-09-16,LKUS_push,feature_jkeS0N10RDAn,网关uid黑名单,71
0011,2026-09-16,LKUS_push,feature_7qCVo92BIECU,三方unionId黑名单,71
0011,2026-09-16,LKUS_push,feature_9tl8mW2Gembc,邮箱黑名单,71
0011,2026-09-16,LKUS_push,feature_XtxCPW1x9QTU,ip C段黑名单,71
0011,2026-09-16,LKUS_push,feature_g43LuQcahzCJ,用户编号黑名单,71
0011,2026-09-16,LKUS_push,feature_cOkhRQVI91IV,ip黑名单,71
0011,2026-09-16,LKUS_push,feature_Ym70ZsfxQKSc,一分钟请求量,71
0011,2026-09-16,LKUS_push,feature_dtoJoDcUgCcr,同区号近60分钟对应手机号个数,71
0011,2026-09-16,LKUS_push,feature_pf88qk27w76j,区号近5分钟的访问次数,71
0011,2026-09-16,LKUS_push,feature_dqBHKec09Wwa,同区号近60分钟未携带recaptchaV3token 访问次数,71
0011,2026-09-16,LKUS_push,feature_UOJYBEifd5Jn,区号近60分钟的访问次数,71
0011,2026-09-16,LKUS_push,feature_YkpmaKaJhcdG,区号近1天内的访问次数,71
0011,2026-09-16,LKUS_push,feature_7DbBgowc2mEl,IP近1分钟的访问次数,71
0011,2026-09-16,LKUS_push,feature_SdA1CjZvNCMG,区号近1分钟的访问次数,71
0011,2026-09-16,LKUS_push,feature_e1Kmz7JqzsWc,同区号近60分钟V3token为空对应手机号个数,71
0011,2026-09-16,LKUS_push,feature_WxHUxqIN0IuS,同IP近5分钟的访问次数,71
0011,2026-09-16,LKUS_push,feature_lydpDiga6SB9,手机号近5分钟的访问次数,71
0011,2026-09-16,LKUS_push,feature_n91JeGM6gD6i,同区号近60分钟非美国IP访问次数,71
0011,2026-09-16,LKUS_push,feature_IPwzfPamC8eW,同手机号30分钟关联的IP city个数,71
0011,2026-09-16,LKUS_push,feature_53Ck9TgChpTW,IP近5分钟关联的手机号个数,71
0011,2026-09-16,LKUS_push,feature_TLXI8MNiNglz,reCAPTCHA V3风险分,32
0011,2026-09-16,LKUS_push,feature_KtSZtJ9w7f9r,IPC段近1分钟关联的手机号个数,71
0011,2026-09-16,LKUS_push,feature_r1bhlQnbfRHb,IP近60分钟关联的手机号个数,71
0011,2026-09-16,LKUS_push,feature_6qwgYPGGuJZ4,IPC段近10分钟关联的手机号个数,71
0011,2026-09-16,LKUS_push,feature_JaT2oyzVtD0q,手机号近1分钟的访问次数,71
0011,2026-09-16,LKUS_push,feature_TGPe0mjAPwR5,IP近60分钟关联的国家区号个数,71
0011,2026-09-16,LKUS_push,feature_Wg4dZ6VJBuTb,IP近1分钟关联的手机号个数,71
0011,2026-09-16,LKUS_push,feature_hspErCH8fSCE,手机号近30分钟的访问次数,71
0011,2026-09-16,LKUS_push,feature_nnsdzZLQKPZ7,IP近10分钟关联的手机号个数,71
0011,2026-09-16,LKUS_push,feature_MHv7nra5Z6T5,reCAPTCHA V3 token是否有效,39
0011,2026-09-16,LKUS_physical_order_create,feature_oxYJ6qJ3BAfv,用户编号白名单,104
0011,2026-09-16,LKUS_physical_order_create,feature_P5eYl9a699fA,ip白名单,104
0011,2026-09-16,LKUS_physical_order_create,feature_vTICzBPfD3Ds,ip C段白名单,104
0011,2026-09-16,LKUS_physical_order_create,feature_yo8MLsBsGIsV,三方unionId白名单,104
0011,2026-09-16,LKUS_physical_order_create,feature_kqtp6XVcXXiQ,手机号白名单,104
0011,2026-09-16,LKUS_physical_order_create,feature_5caBWmAHDcCQ,邮箱白名单,104
0011,2026-09-16,LKUS_physical_order_create,feature_K0JuGvXPoQsS,网关uid白名单,104
0011,2026-09-16,LKUS_physical_order_create,feature_3CSh3LRVobu7,手机号黑名单,86
0011,2026-09-16,LKUS_physical_order_create,feature_jkeS0N10RDAn,网关uid黑名单,86
0011,2026-09-16,LKUS_physical_order_create,feature_7qCVo92BIECU,三方unionId黑名单,86
0011,2026-09-16,LKUS_physical_order_create,feature_9tl8mW2Gembc,邮箱黑名单,86
0011,2026-09-16,LKUS_physical_order_create,feature_XtxCPW1x9QTU,ip C段黑名单,86
0011,2026-09-16,LKUS_physical_order_create,feature_g43LuQcahzCJ,用户编号黑名单,86
0011,2026-09-16,LKUS_physical_order_create,feature_cOkhRQVI91IV,ip黑名单,86
0011,2026-09-16,LKUS_physical_order_create,feature_TLXI8MNiNglz,reCAPTCHA V3风险分,41
0011,2026-09-16,LKUS_payment,feature_oxYJ6qJ3BAfv,用户编号白名单,106
0011,2026-09-16,LKUS_payment,feature_P5eYl9a699fA,ip白名单,106
0011,2026-09-16,LKUS_payment,feature_vTICzBPfD3Ds,ip C段白名单,106
0011,2026-09-16,LKUS_payment,feature_yo8MLsBsGIsV,三方unionId白名单,106
0011,2026-09-16,LKUS_payment,feature_kqtp6XVcXXiQ,手机号白名单,106
0011,2026-09-16,LKUS_payment,feature_5caBWmAHDcCQ,邮箱白名单,106
0011,2026-09-16,LKUS_payment,feature_K0JuGvXPoQsS,网关uid白名单,106
0011,2026-09-16,LKUS_payment,feature_3CSh3LRVobu7,手机号黑名单,88
0011,2026-09-16,LKUS_payment,feature_jkeS0N10RDAn,网关uid黑名单,88
0011,2026-09-16,LKUS_payment,feature_7qCVo92BIECU,三方unionId黑名单,88
0011,2026-09-16,LKUS_payment,feature_9tl8mW2Gembc,邮箱黑名单,88
0011,2026-09-16,LKUS_payment,feature_XtxCPW1x9QTU,ip C段黑名单,88
0011,2026-09-16,LKUS_payment,feature_g43LuQcahzCJ,用户编号黑名单,88
0011,2026-09-16,LKUS_payment,feature_cOkhRQVI91IV,ip黑名单,88
0011,2026-09-16,LKUS_payment,feature_TLXI8MNiNglz,reCAPTCHA V3风险分,46
0011,2026-09-16,LKUS_login,feature_oxYJ6qJ3BAfv,用户编号白名单,14
0011,2026-09-16,LKUS_login,feature_P5eYl9a699fA,ip白名单,14
0011,2026-09-16,LKUS_login,feature_vTICzBPfD3Ds,ip C段白名单,14
0011,2026-09-16,LKUS_login,feature_yo8MLsBsGIsV,三方unionId白名单,14
0011,2026-09-16,LKUS_login,feature_kqtp6XVcXXiQ,手机号白名单,14
0011,2026-09-16,LKUS_login,feature_5caBWmAHDcCQ,邮箱白名单,14
0011,2026-09-16,LKUS_login,feature_K0JuGvXPoQsS,网关uid白名单,14
0011,2026-09-16,LKUS_login,feature_3CSh3LRVobu7,手机号黑名单,13
0011,2026-09-16,LKUS_login,feature_jkeS0N10RDAn,网关uid黑名单,13
0011,2026-09-16,LKUS_login,feature_7qCVo92BIECU,三方unionId黑名单,13
0011,2026-09-16,LKUS_login,feature_9tl8mW2Gembc,邮箱黑名单,13
0011,2026-09-16,LKUS_login,feature_XtxCPW1x9QTU,ip C段黑名单,13
0011,2026-09-16,LKUS_login,feature_g43LuQcahzCJ,用户编号黑名单,13
0011,2026-09-16,LKUS_login,feature_cOkhRQVI91IV,ip黑名单,13
0011,2026-09-16,LKUS_login,feature_TLXI8MNiNglz,reCAPTCHA V3风险分,9
0011,2026-09-16,LKUS_register,feature_oxYJ6qJ3BAfv,用户编号白名单,8
0011,2026-09-16,LKUS_register,feature_P5eYl9a699fA,ip白名单,8
0011,2026-09-16,LKUS_register,feature_vTICzBPfD3Ds,ip C段白名单,8
0011,2026-09-16,LKUS_register,feature_yo8MLsBsGIsV,三方unionId白名单,8
0011,2026-09-16,LKUS_register,feature_kqtp6XVcXXiQ,手机号白名单,8
0011,2026-09-16,LKUS_register,feature_5caBWmAHDcCQ,邮箱白名单,8
0011,2026-09-16,LKUS_register,feature_K0JuGvXPoQsS,网关uid白名单,8
0011,2026-09-16,LKUS_register,feature_3CSh3LRVobu7,手机号黑名单,8
0011,2026-09-16,LKUS_register,feature_jkeS0N10RDAn,网关uid黑名单,8
0011,2026-09-16,LKUS_register,feature_7qCVo92BIECU,三方unionId黑名单,8
0011,2026-09-16,LKUS_register,feature_9tl8mW2Gembc,邮箱黑名单,8
0011,2026-09-16,LKUS_register,feature_cOkhRQVI91IV,ip黑名单,8
0011,2026-09-16,LKUS_register,feature_XtxCPW1x9QTU,ip C段黑名单,8
0011,2026-09-16,LKUS_register,feature_g43LuQcahzCJ,用户编号黑名单,8
0011,2026-09-16,LKUS_payment,feature_MHv7nra5Z6T5,reCAPTCHA V3 token是否有效,42
0011,2026-09-16,LKUS_physical_order_create,feature_MHv7nra5Z6T5,reCAPTCHA V3 token是否有效,45
0011,2026-09-16,LKUS_grant_new_user_coupon,feature_oxYJ6qJ3BAfv,用户编号白名单,7
0011,2026-09-16,LKUS_grant_new_user_coupon,feature_P5eYl9a699fA,ip白名单,7
0011,2026-09-16,LKUS_grant_new_user_coupon,feature_vTICzBPfD3Ds,ip C段白名单,7
0011,2026-09-16,LKUS_grant_new_user_coupon,feature_yo8MLsBsGIsV,三方unionId白名单,7
0011,2026-09-16,LKUS_grant_new_user_coupon,feature_kqtp6XVcXXiQ,手机号白名单,7
0011,2026-09-16,LKUS_grant_new_user_coupon,feature_5caBWmAHDcCQ,邮箱白名单,7
0011,2026-09-16,LKUS_grant_new_user_coupon,feature_K0JuGvXPoQsS,网关uid白名单,7
0011,2026-09-16,LKUS_grant_new_user_coupon,feature_3CSh3LRVobu7,手机号黑名单,7
0011,2026-09-16,LKUS_grant_new_user_coupon,feature_jkeS0N10RDAn,网关uid黑名单,7
0011,2026-09-16,LKUS_grant_new_user_coupon,feature_7qCVo92BIECU,三方unionId黑名单,7
0011,2026-09-16,LKUS_grant_new_user_coupon,feature_9tl8mW2Gembc,邮箱黑名单,7
0011,2026-09-16,LKUS_grant_new_user_coupon,feature_cOkhRQVI91IV,ip黑名单,7
0011,2026-09-16,LKUS_grant_new_user_coupon,feature_XtxCPW1x9QTU,ip C段黑名单,7
0011,2026-09-16,LKUS_grant_new_user_coupon,feature_g43LuQcahzCJ,用户编号黑名单,7
0011,2026-09-16,LKUS_login,feature_MHv7nra5Z6T5,reCAPTCHA V3 token是否有效,4
0011,2026-09-16,LKUS_captcha,feature_oxYJ6qJ3BAfv,用户编号白名单,1
0011,2026-09-16,LKUS_captcha,feature_P5eYl9a699fA,ip白名单,1
0011,2026-09-16,LKUS_captcha,feature_vTICzBPfD3Ds,ip C段白名单,1
0011,2026-09-16,LKUS_captcha,feature_yo8MLsBsGIsV,三方unionId白名单,1
0011,2026-09-16,LKUS_captcha,feature_kqtp6XVcXXiQ,手机号白名单,1
0011,2026-09-16,LKUS_captcha,feature_5caBWmAHDcCQ,邮箱白名单,1
0011,2026-09-16,LKUS_captcha,feature_K0JuGvXPoQsS,网关uid白名单,1
0011,2026-09-16,LKUS_captcha,feature_3CSh3LRVobu7,手机号黑名单,1
0011,2026-09-16,LKUS_captcha,feature_jkeS0N10RDAn,网关uid黑名单,1
0011,2026-09-16,LKUS_captcha,feature_7qCVo92BIECU,三方unionId黑名单,1
0011,2026-09-16,LKUS_captcha,feature_9tl8mW2Gembc,邮箱黑名单,1
0011,2026-09-16,LKUS_captcha,feature_cOkhRQVI91IV,ip黑名单,1
0011,2026-09-16,LKUS_captcha,feature_XtxCPW1x9QTU,ip C段黑名单,1
0011,2026-09-16,LKUS_captcha,feature_g43LuQcahzCJ,用户编号黑名单,1
0011,2026-09-16,LKUS_captcha,feature_MDSagDqKF5R8,reCAPTCHA V2风险分,1
0011,2026-09-16,LKUS_push,feature_VItdlLjtEYnQ,IPC段近1天关联的手机号个数,6
0011,2026-09-17,LKUS_push,feature_Fik6gvwY1tA6,手机号近1天的访问次数,63
0011,2026-09-17,LKUS_push,feature_oxYJ6qJ3BAfv,用户编号白名单,63
0011,2026-09-17,LKUS_push,feature_P5eYl9a699fA,ip白名单,63
0011,2026-09-17,LKUS_push,feature_vTICzBPfD3Ds,ip C段白名单,63
0011,2026-09-17,LKUS_push,feature_yo8MLsBsGIsV,三方unionId白名单,63
0011,2026-09-17,LKUS_push,feature_kqtp6XVcXXiQ,手机号白名单,63
0011,2026-09-17,LKUS_push,feature_5caBWmAHDcCQ,邮箱白名单,63
0011,2026-09-17,LKUS_push,feature_K0JuGvXPoQsS,网关uid白名单,63
0011,2026-09-17,LKUS_push,feature_3CSh3LRVobu7,手机号黑名单,60
0011,2026-09-17,LKUS_push,feature_jkeS0N10RDAn,网关uid黑名单,60
0011,2026-09-17,LKUS_push,feature_7qCVo92BIECU,三方unionId黑名单,60
0011,2026-09-17,LKUS_push,feature_9tl8mW2Gembc,邮箱黑名单,60
0011,2026-09-17,LKUS_push,feature_XtxCPW1x9QTU,ip C段黑名单,60
0011,2026-09-17,LKUS_push,feature_g43LuQcahzCJ,用户编号黑名单,60
0011,2026-09-17,LKUS_push,feature_cOkhRQVI91IV,ip黑名单,60
0011,2026-09-17,LKUS_push,feature_Ym70ZsfxQKSc,一分钟请求量,60
0011,2026-09-17,LKUS_push,feature_dtoJoDcUgCcr,同区号近60分钟对应手机号个数,60
0011,2026-09-17,LKUS_push,feature_pf88qk27w76j,区号近5分钟的访问次数,60
0011,2026-09-17,LKUS_push,feature_dqBHKec09Wwa,同区号近60分钟未携带recaptchaV3token 访问次数,60
0011,2026-09-17,LKUS_push,feature_UOJYBEifd5Jn,区号近60分钟的访问次数,60
0011,2026-09-17,LKUS_push,feature_YkpmaKaJhcdG,区号近1天内的访问次数,60
0011,2026-09-17,LKUS_push,feature_7DbBgowc2mEl,IP近1分钟的访问次数,60
0011,2026-09-17,LKUS_push,feature_SdA1CjZvNCMG,区号近1分钟的访问次数,60
0011,2026-09-17,LKUS_push,feature_e1Kmz7JqzsWc,同区号近60分钟V3token为空对应手机号个数,60
0011,2026-09-17,LKUS_push,feature_WxHUxqIN0IuS,同IP近5分钟的访问次数,60
0011,2026-09-17,LKUS_push,feature_lydpDiga6SB9,手机号近5分钟的访问次数,60
0011,2026-09-17,LKUS_push,feature_n91JeGM6gD6i,同区号近60分钟非美国IP访问次数,60
0011,2026-09-17,LKUS_push,feature_IPwzfPamC8eW,同手机号30分钟关联的IP city个数,60
0011,2026-09-17,LKUS_push,feature_53Ck9TgChpTW,IP近5分钟关联的手机号个数,60
0011,2026-09-17,LKUS_push,feature_TLXI8MNiNglz,reCAPTCHA V3风险分,27
0011,2026-09-17,LKUS_push,feature_KtSZtJ9w7f9r,IPC段近1分钟关联的手机号个数,60
0011,2026-09-17,LKUS_push,feature_r1bhlQnbfRHb,IP近60分钟关联的手机号个数,60
0011,2026-09-17,LKUS_push,feature_6qwgYPGGuJZ4,IPC段近10分钟关联的手机号个数,60
0011,2026-09-17,LKUS_push,feature_VItdlLjtEYnQ,IPC段近1天关联的手机号个数,60
0011,2026-09-17,LKUS_push,feature_JaT2oyzVtD0q,手机号近1分钟的访问次数,60
0011,2026-09-17,LKUS_push,feature_TGPe0mjAPwR5,IP近60分钟关联的国家区号个数,60
0011,2026-09-17,LKUS_push,feature_Wg4dZ6VJBuTb,IP近1分钟关联的手机号个数,60
0011,2026-09-17,LKUS_push,feature_hspErCH8fSCE,手机号近30分钟的访问次数,60
0011,2026-09-17,LKUS_push,feature_nnsdzZLQKPZ7,IP近10分钟关联的手机号个数,60
0011,2026-09-17,LKUS_push,feature_MHv7nra5Z6T5,reCAPTCHA V3 token是否有效,33
0011,2026-09-17,LKUS_register,feature_oxYJ6qJ3BAfv,用户编号白名单,9
0011,2026-09-17,LKUS_register,feature_P5eYl9a699fA,ip白名单,9
0011,2026-09-17,LKUS_register,feature_vTICzBPfD3Ds,ip C段白名单,9
0011,2026-09-17,LKUS_register,feature_yo8MLsBsGIsV,三方unionId白名单,9
0011,2026-09-17,LKUS_register,feature_kqtp6XVcXXiQ,手机号白名单,9
0011,2026-09-17,LKUS_register,feature_5caBWmAHDcCQ,邮箱白名单,9
0011,2026-09-17,LKUS_register,feature_K0JuGvXPoQsS,网关uid白名单,9
0011,2026-09-17,LKUS_register,feature_3CSh3LRVobu7,手机号黑名单,8
0011,2026-09-17,LKUS_register,feature_jkeS0N10RDAn,网关uid黑名单,8
0011,2026-09-17,LKUS_register,feature_7qCVo92BIECU,三方unionId黑名单,8
0011,2026-09-17,LKUS_register,feature_9tl8mW2Gembc,邮箱黑名单,8
0011,2026-09-17,LKUS_register,feature_XtxCPW1x9QTU,ip C段黑名单,8
0011,2026-09-17,LKUS_register,feature_g43LuQcahzCJ,用户编号黑名单,8
0011,2026-09-17,LKUS_register,feature_cOkhRQVI91IV,ip黑名单,8
0011,2026-09-17,LKUS_login,feature_oxYJ6qJ3BAfv,用户编号白名单,16
0011,2026-09-17,LKUS_login,feature_P5eYl9a699fA,ip白名单,16
0011,2026-09-17,LKUS_login,feature_vTICzBPfD3Ds,ip C段白名单,16
0011,2026-09-17,LKUS_login,feature_yo8MLsBsGIsV,三方unionId白名单,16
0011,2026-09-17,LKUS_login,feature_kqtp6XVcXXiQ,手机号白名单,16
0011,2026-09-17,LKUS_login,feature_5caBWmAHDcCQ,邮箱白名单,16
0011,2026-09-17,LKUS_login,feature_K0JuGvXPoQsS,网关uid白名单,16
0011,2026-09-17,LKUS_login,feature_3CSh3LRVobu7,手机号黑名单,15
0011,2026-09-17,LKUS_login,feature_jkeS0N10RDAn,网关uid黑名单,15
0011,2026-09-17,LKUS_login,feature_7qCVo92BIECU,三方unionId黑名单,15
0011,2026-09-17,LKUS_login,feature_9tl8mW2Gembc,邮箱黑名单,15
0011,2026-09-17,LKUS_login,feature_XtxCPW1x9QTU,ip C段黑名单,15
0011,2026-09-17,LKUS_login,feature_g43LuQcahzCJ,用户编号黑名单,15
0011,2026-09-17,LKUS_login,feature_cOkhRQVI91IV,ip黑名单,15
0011,2026-09-17,LKUS_login,feature_TLXI8MNiNglz,reCAPTCHA V3风险分,12
0011,2026-09-17,LKUS_grant_new_user_coupon,feature_oxYJ6qJ3BAfv,用户编号白名单,10
0011,2026-09-17,LKUS_grant_new_user_coupon,feature_P5eYl9a699fA,ip白名单,10
0011,2026-09-17,LKUS_grant_new_user_coupon,feature_vTICzBPfD3Ds,ip C段白名单,10
0011,2026-09-17,LKUS_grant_new_user_coupon,feature_yo8MLsBsGIsV,三方unionId白名单,10
0011,2026-09-17,LKUS_grant_new_user_coupon,feature_kqtp6XVcXXiQ,手机号白名单,10
0011,2026-09-17,LKUS_grant_new_user_coupon,feature_5caBWmAHDcCQ,邮箱白名单,10
0011,2026-09-17,LKUS_grant_new_user_coupon,feature_K0JuGvXPoQsS,网关uid白名单,10
0011,2026-09-17,LKUS_grant_new_user_coupon,feature_3CSh3LRVobu7,手机号黑名单,10
0011,2026-09-17,LKUS_grant_new_user_coupon,feature_jkeS0N10RDAn,网关uid黑名单,10
0011,2026-09-17,LKUS_grant_new_user_coupon,feature_7qCVo92BIECU,三方unionId黑名单,10
0011,2026-09-17,LKUS_grant_new_user_coupon,feature_9tl8mW2Gembc,邮箱黑名单,10
0011,2026-09-17,LKUS_grant_new_user_coupon,feature_XtxCPW1x9QTU,ip C段黑名单,10
0011,2026-09-17,LKUS_grant_new_user_coupon,feature_g43LuQcahzCJ,用户编号黑名单,10
0011,2026-09-17,LKUS_grant_new_user_coupon,feature_cOkhRQVI91IV,ip黑名单,10
0011,2026-09-17,LKUS_physical_order_create,feature_oxYJ6qJ3BAfv,用户编号白名单,113
0011,2026-09-17,LKUS_physical_order_create,feature_P5eYl9a699fA,ip白名单,113
0011,2026-09-17,LKUS_physical_order_create,feature_vTICzBPfD3Ds,ip C段白名单,113
0011,2026-09-17,LKUS_physical_order_create,feature_yo8MLsBsGIsV,三方unionId白名单,113
0011,2026-09-17,LKUS_physical_order_create,feature_kqtp6XVcXXiQ,手机号白名单,113
0011,2026-09-17,LKUS_physical_order_create,feature_5caBWmAHDcCQ,邮箱白名单,113
0011,2026-09-17,LKUS_physical_order_create,feature_K0JuGvXPoQsS,网关uid白名单,113
0011,2026-09-17,LKUS_physical_order_create,feature_3CSh3LRVobu7,手机号黑名单,96
0011,2026-09-17,LKUS_physical_order_create,feature_jkeS0N10RDAn,网关uid黑名单,96
0011,2026-09-17,LKUS_physical_order_create,feature_7qCVo92BIECU,三方unionId黑名单,96
0011,2026-09-17,LKUS_physical_order_create,feature_9tl8mW2Gembc,邮箱黑名单,96
0011,2026-09-17,LKUS_physical_order_create,feature_cOkhRQVI91IV,ip黑名单,96
0011,2026-09-17,LKUS_physical_order_create,feature_XtxCPW1x9QTU,ip C段黑名单,96
0011,2026-09-17,LKUS_physical_order_create,feature_g43LuQcahzCJ,用户编号黑名单,96
0011,2026-09-17,LKUS_physical_order_create,feature_MHv7nra5Z6T5,reCAPTCHA V3 token是否有效,48
0011,2026-09-17,LKUS_payment,feature_oxYJ6qJ3BAfv,用户编号白名单,116
0011,2026-09-17,LKUS_payment,feature_P5eYl9a699fA,ip白名单,116
0011,2026-09-17,LKUS_payment,feature_vTICzBPfD3Ds,ip C段白名单,116
0011,2026-09-17,LKUS_payment,feature_yo8MLsBsGIsV,三方unionId白名单,116
0011,2026-09-17,LKUS_payment,feature_kqtp6XVcXXiQ,手机号白名单,116
0011,2026-09-17,LKUS_payment,feature_5caBWmAHDcCQ,邮箱白名单,116
0011,2026-09-17,LKUS_payment,feature_K0JuGvXPoQsS,网关uid白名单,116
0011,2026-09-17,LKUS_payment,feature_3CSh3LRVobu7,手机号黑名单,99
0011,2026-09-17,LKUS_payment,feature_jkeS0N10RDAn,网关uid黑名单,99
0011,2026-09-17,LKUS_payment,feature_7qCVo92BIECU,三方unionId黑名单,99
0011,2026-09-17,LKUS_payment,feature_9tl8mW2Gembc,邮箱黑名单,99
0011,2026-09-17,LKUS_payment,feature_cOkhRQVI91IV,ip黑名单,99
0011,2026-09-17,LKUS_payment,feature_XtxCPW1x9QTU,ip C段黑名单,99
0011,2026-09-17,LKUS_payment,feature_g43LuQcahzCJ,用户编号黑名单,99
0011,2026-09-17,LKUS_payment,feature_MHv7nra5Z6T5,reCAPTCHA V3 token是否有效,48
0011,2026-09-17,LKUS_payment,feature_TLXI8MNiNglz,reCAPTCHA V3风险分,51
0011,2026-09-17,LKUS_physical_order_create,feature_TLXI8MNiNglz,reCAPTCHA V3风险分,48
0011,2026-09-17,LKUS_captcha,feature_oxYJ6qJ3BAfv,用户编号白名单,2
0011,2026-09-17,LKUS_captcha,feature_P5eYl9a699fA,ip白名单,2
0011,2026-09-17,LKUS_captcha,feature_vTICzBPfD3Ds,ip C段白名单,2
0011,2026-09-17,LKUS_captcha,feature_yo8MLsBsGIsV,三方unionId白名单,2
0011,2026-09-17,LKUS_captcha,feature_kqtp6XVcXXiQ,手机号白名单,2
0011,2026-09-17,LKUS_captcha,feature_5caBWmAHDcCQ,邮箱白名单,2
0011,2026-09-17,LKUS_captcha,feature_K0JuGvXPoQsS,网关uid白名单,2
0011,2026-09-17,LKUS_captcha,feature_3CSh3LRVobu7,手机号黑名单,2
0011,2026-09-17,LKUS_captcha,feature_jkeS0N10RDAn,网关uid黑名单,2
0011,2026-09-17,LKUS_captcha,feature_7qCVo92BIECU,三方unionId黑名单,2
0011,2026-09-17,LKUS_captcha,feature_9tl8mW2Gembc,邮箱黑名单,2
0011,2026-09-17,LKUS_captcha,feature_cOkhRQVI91IV,ip黑名单,2
0011,2026-09-17,LKUS_captcha,feature_XtxCPW1x9QTU,ip C段黑名单,2
0011,2026-09-17,LKUS_captcha,feature_g43LuQcahzCJ,用户编号黑名单,2
0011,2026-09-17,LKUS_captcha,feature_MDSagDqKF5R8,reCAPTCHA V2风险分,2
0011,2026-09-17,LKUS_login,feature_MHv7nra5Z6T5,reCAPTCHA V3 token是否有效,3
0011,2026-09-18,LKUS_push,feature_Fik6gvwY1tA6,手机号近1天的访问次数,61
0011,2026-09-18,LKUS_push,feature_oxYJ6qJ3BAfv,用户编号白名单,61
0011,2026-09-18,LKUS_push,feature_P5eYl9a699fA,ip白名单,61
0011,2026-09-18,LKUS_push,feature_vTICzBPfD3Ds,ip C段白名单,61
0011,2026-09-18,LKUS_push,feature_yo8MLsBsGIsV,三方unionId白名单,61
0011,2026-09-18,LKUS_push,feature_kqtp6XVcXXiQ,手机号白名单,61
0011,2026-09-18,LKUS_push,feature_5caBWmAHDcCQ,邮箱白名单,61
0011,2026-09-18,LKUS_push,feature_K0JuGvXPoQsS,网关uid白名单,61
0011,2026-09-18,LKUS_push,feature_3CSh3LRVobu7,手机号黑名单,60
0011,2026-09-18,LKUS_push,feature_jkeS0N10RDAn,网关uid黑名单,60
0011,2026-09-18,LKUS_push,feature_7qCVo92BIECU,三方unionId黑名单,60
0011,2026-09-18,LKUS_push,feature_9tl8mW2Gembc,邮箱黑名单,60
0011,2026-09-18,LKUS_push,feature_cOkhRQVI91IV,ip黑名单,60
0011,2026-09-18,LKUS_push,feature_XtxCPW1x9QTU,ip C段黑名单,60
0011,2026-09-18,LKUS_push,feature_g43LuQcahzCJ,用户编号黑名单,60
0011,2026-09-18,LKUS_push,feature_dqBHKec09Wwa,同区号近60分钟未携带recaptchaV3token 访问次数,60
0011,2026-09-18,LKUS_push,feature_UOJYBEifd5Jn,区号近60分钟的访问次数,60
0011,2026-09-18,LKUS_push,feature_dtoJoDcUgCcr,同区号近60分钟对应手机号个数,60
0011,2026-09-18,LKUS_push,feature_Ym70ZsfxQKSc,一分钟请求量,60
0011,2026-09-18,LKUS_push,feature_9EHsNcVBo6IN,IPC段近1天关联的国家区号个数,60
0011,2026-09-18,LKUS_push,feature_TGPe0mjAPwR5,IP近60分钟关联的国家区号个数,60
0011,2026-09-18,LKUS_push,feature_pf88qk27w76j,区号近5分钟的访问次数,60
0011,2026-09-18,LKUS_push,feature_7DbBgowc2mEl,IP近1分钟的访问次数,60
0011,2026-09-18,LKUS_push,feature_WxHUxqIN0IuS,同IP近5分钟的访问次数,60
0011,2026-09-18,LKUS_push,feature_YkpmaKaJhcdG,区号近1天内的访问次数,60
0011,2026-09-18,LKUS_push,feature_e1Kmz7JqzsWc,同区号近60分钟V3token为空对应手机号个数,60
0011,2026-09-18,LKUS_push,feature_lydpDiga6SB9,手机号近5分钟的访问次数,60
0011,2026-09-18,LKUS_push,feature_n91JeGM6gD6i,同区号近60分钟非美国IP访问次数,60
0011,2026-09-18,LKUS_push,feature_SdA1CjZvNCMG,区号近1分钟的访问次数,60
0011,2026-09-18,LKUS_push,feature_MHv7nra5Z6T5,reCAPTCHA V3 token是否有效,3
0011,2026-09-18,LKUS_push,feature_53Ck9TgChpTW,IP近5分钟关联的手机号个数,60
0011,2026-09-18,LKUS_push,feature_IPwzfPamC8eW,同手机号30分钟关联的IP city个数,60
0011,2026-09-18,LKUS_push,feature_JaT2oyzVtD0q,手机号近1分钟的访问次数,60
0011,2026-09-18,LKUS_push,feature_6qwgYPGGuJZ4,IPC段近10分钟关联的手机号个数,60
0011,2026-09-18,LKUS_push,feature_KtSZtJ9w7f9r,IPC段近1分钟关联的手机号个数,60
0011,2026-09-18,LKUS_push,feature_VItdlLjtEYnQ,IPC段近1天关联的手机号个数,60
0011,2026-09-18,LKUS_push,feature_r1bhlQnbfRHb,IP近60分钟关联的手机号个数,60
0011,2026-09-18,LKUS_push,feature_nnsdzZLQKPZ7,IP近10分钟关联的手机号个数,60
0011,2026-09-18,LKUS_push,feature_Wg4dZ6VJBuTb,IP近1分钟关联的手机号个数,60
0011,2026-09-18,LKUS_push,feature_hspErCH8fSCE,手机号近30分钟的访问次数,60
0011,2026-09-18,LKUS_push,feature_TLXI8MNiNglz,reCAPTCHA V3风险分,57
0011,2026-09-18,LKUS_physical_order_create,feature_vTICzBPfD3Ds,ip C段白名单,102
0011,2026-09-18,LKUS_physical_order_create,feature_P5eYl9a699fA,ip白名单,102
0011,2026-09-18,LKUS_physical_order_create,feature_oxYJ6qJ3BAfv,用户编号白名单,102
0011,2026-09-18,LKUS_physical_order_create,feature_yo8MLsBsGIsV,三方unionId白名单,102
0011,2026-09-18,LKUS_physical_order_create,feature_kqtp6XVcXXiQ,手机号白名单,102
0011,2026-09-18,LKUS_physical_order_create,feature_K0JuGvXPoQsS,网关uid白名单,102
0011,2026-09-18,LKUS_physical_order_create,feature_5caBWmAHDcCQ,邮箱白名单,102
0011,2026-09-18,LKUS_physical_order_create,feature_3CSh3LRVobu7,手机号黑名单,84
0011,2026-09-18,LKUS_physical_order_create,feature_jkeS0N10RDAn,网关uid黑名单,84
0011,2026-09-18,LKUS_physical_order_create,feature_7qCVo92BIECU,三方unionId黑名单,84
0011,2026-09-18,LKUS_physical_order_create,feature_9tl8mW2Gembc,邮箱黑名单,84
0011,2026-09-18,LKUS_physical_order_create,feature_XtxCPW1x9QTU,ip C段黑名单,84
0011,2026-09-18,LKUS_physical_order_create,feature_g43LuQcahzCJ,用户编号黑名单,84
0011,2026-09-18,LKUS_physical_order_create,feature_cOkhRQVI91IV,ip黑名单,84
0011,2026-09-18,LKUS_physical_order_create,feature_TLXI8MNiNglz,reCAPTCHA V3风险分,46
0011,2026-09-18,LKUS_payment,feature_vTICzBPfD3Ds,ip C段白名单,103
0011,2026-09-18,LKUS_payment,feature_oxYJ6qJ3BAfv,用户编号白名单,103
0011,2026-09-18,LKUS_payment,feature_P5eYl9a699fA,ip白名单,103
0011,2026-09-18,LKUS_payment,feature_yo8MLsBsGIsV,三方unionId白名单,103
0011,2026-09-18,LKUS_payment,feature_kqtp6XVcXXiQ,手机号白名单,103
0011,2026-09-18,LKUS_payment,feature_K0JuGvXPoQsS,网关uid白名单,103
0011,2026-09-18,LKUS_payment,feature_5caBWmAHDcCQ,邮箱白名单,103
0011,2026-09-18,LKUS_payment,feature_3CSh3LRVobu7,手机号黑名单,85
0011,2026-09-18,LKUS_payment,feature_jkeS0N10RDAn,网关uid黑名单,85
0011,2026-09-18,LKUS_payment,feature_7qCVo92BIECU,三方unionId黑名单,85
0011,2026-09-18,LKUS_payment,feature_9tl8mW2Gembc,邮箱黑名单,85
0011,2026-09-18,LKUS_payment,feature_g43LuQcahzCJ,用户编号黑名单,85
0011,2026-09-18,LKUS_payment,feature_XtxCPW1x9QTU,ip C段黑名单,85
0011,2026-09-18,LKUS_payment,feature_cOkhRQVI91IV,ip黑名单,85
0011,2026-09-18,LKUS_payment,feature_MHv7nra5Z6T5,reCAPTCHA V3 token是否有效,42
0011,2026-09-18,LKUS_payment,feature_TLXI8MNiNglz,reCAPTCHA V3风险分,43
0011,2026-09-18,LKUS_physical_order_create,feature_MHv7nra5Z6T5,reCAPTCHA V3 token是否有效,38
0011,2026-09-18,LKUS_login,feature_vTICzBPfD3Ds,ip C段白名单,20
0011,2026-09-18,LKUS_login,feature_P5eYl9a699fA,ip白名单,20
0011,2026-09-18,LKUS_login,feature_oxYJ6qJ3BAfv,用户编号白名单,20
0011,2026-09-18,LKUS_login,feature_yo8MLsBsGIsV,三方unionId白名单,20
0011,2026-09-18,LKUS_login,feature_kqtp6XVcXXiQ,手机号白名单,20
0011,2026-09-18,LKUS_login,feature_K0JuGvXPoQsS,网关uid白名单,20
0011,2026-09-18,LKUS_login,feature_5caBWmAHDcCQ,邮箱白名单,20
0011,2026-09-18,LKUS_login,feature_3CSh3LRVobu7,手机号黑名单,19
0011,2026-09-18,LKUS_login,feature_jkeS0N10RDAn,网关uid黑名单,19
0011,2026-09-18,LKUS_login,feature_7qCVo92BIECU,三方unionId黑名单,19
0011,2026-09-18,LKUS_login,feature_9tl8mW2Gembc,邮箱黑名单,19
0011,2026-09-18,LKUS_login,feature_XtxCPW1x9QTU,ip C段黑名单,19
0011,2026-09-18,LKUS_login,feature_g43LuQcahzCJ,用户编号黑名单,19
0011,2026-09-18,LKUS_login,feature_cOkhRQVI91IV,ip黑名单,19
0011,2026-09-18,LKUS_login,feature_TLXI8MNiNglz,reCAPTCHA V3风险分,10
0011,2026-09-18,LKUS_login,feature_MHv7nra5Z6T5,reCAPTCHA V3 token是否有效,9
0011,2026-09-18,LKUS_grant_new_user_coupon,feature_vTICzBPfD3Ds,ip C段白名单,13
0011,2026-09-18,LKUS_grant_new_user_coupon,feature_oxYJ6qJ3BAfv,用户编号白名单,13
0011,2026-09-18,LKUS_grant_new_user_coupon,feature_P5eYl9a699fA,ip白名单,13
0011,2026-09-18,LKUS_grant_new_user_coupon,feature_yo8MLsBsGIsV,三方unionId白名单,13
0011,2026-09-18,LKUS_grant_new_user_coupon,feature_kqtp6XVcXXiQ,手机号白名单,13
0011,2026-09-18,LKUS_grant_new_user_coupon,feature_K0JuGvXPoQsS,网关uid白名单,13
0011,2026-09-18,LKUS_grant_new_user_coupon,feature_5caBWmAHDcCQ,邮箱白名单,13
0011,2026-09-18,LKUS_grant_new_user_coupon,feature_3CSh3LRVobu7,手机号黑名单,13
0011,2026-09-18,LKUS_grant_new_user_coupon,feature_jkeS0N10RDAn,网关uid黑名单,13
0011,2026-09-18,LKUS_grant_new_user_coupon,feature_7qCVo92BIECU,三方unionId黑名单,13
0011,2026-09-18,LKUS_grant_new_user_coupon,feature_9tl8mW2Gembc,邮箱黑名单,13
0011,2026-09-18,LKUS_grant_new_user_coupon,feature_g43LuQcahzCJ,用户编号黑名单,13
0011,2026-09-18,LKUS_grant_new_user_coupon,feature_XtxCPW1x9QTU,ip C段黑名单,13
0011,2026-09-18,LKUS_grant_new_user_coupon,feature_cOkhRQVI91IV,ip黑名单,13
0011,2026-09-18,LKUS_physical_order_cancel,feature_vTICzBPfD3Ds,ip C段白名单,1
0011,2026-09-18,LKUS_physical_order_cancel,feature_P5eYl9a699fA,ip白名单,1
0011,2026-09-18,LKUS_physical_order_cancel,feature_oxYJ6qJ3BAfv,用户编号白名单,1
0011,2026-09-18,LKUS_physical_order_cancel,feature_yo8MLsBsGIsV,三方unionId白名单,1
0011,2026-09-18,LKUS_physical_order_cancel,feature_kqtp6XVcXXiQ,手机号白名单,1
0011,2026-09-18,LKUS_physical_order_cancel,feature_K0JuGvXPoQsS,网关uid白名单,1
0011,2026-09-18,LKUS_physical_order_cancel,feature_5caBWmAHDcCQ,邮箱白名单,1
0011,2026-09-18,LKUS_physical_order_cancel,feature_3CSh3LRVobu7,手机号黑名单,1
0011,2026-09-18,LKUS_physical_order_cancel,feature_jkeS0N10RDAn,网关uid黑名单,1
0011,2026-09-18,LKUS_physical_order_cancel,feature_7qCVo92BIECU,三方unionId黑名单,1
0011,2026-09-18,LKUS_physical_order_cancel,feature_9tl8mW2Gembc,邮箱黑名单,1
0011,2026-09-18,LKUS_physical_order_cancel,feature_XtxCPW1x9QTU,ip C段黑名单,1
0011,2026-09-18,LKUS_physical_order_cancel,feature_g43LuQcahzCJ,用户编号黑名单,1
0011,2026-09-18,LKUS_physical_order_cancel,feature_cOkhRQVI91IV,ip黑名单,1
0011,2026-09-18,LKUS_captcha,feature_vTICzBPfD3Ds,ip C段白名单,1
0011,2026-09-18,LKUS_captcha,feature_oxYJ6qJ3BAfv,用户编号白名单,1
0011,2026-09-18,LKUS_captcha,feature_P5eYl9a699fA,ip白名单,1
0011,2026-09-18,LKUS_captcha,feature_yo8MLsBsGIsV,三方unionId白名单,1
0011,2026-09-18,LKUS_captcha,feature_kqtp6XVcXXiQ,手机号白名单,1
0011,2026-09-18,LKUS_captcha,feature_K0JuGvXPoQsS,网关uid白名单,1
0011,2026-09-18,LKUS_captcha,feature_5caBWmAHDcCQ,邮箱白名单,1
0011,2026-09-18,LKUS_captcha,feature_3CSh3LRVobu7,手机号黑名单,1
0011,2026-09-18,LKUS_captcha,feature_jkeS0N10RDAn,网关uid黑名单,1
0011,2026-09-18,LKUS_captcha,feature_7qCVo92BIECU,三方unionId黑名单,1
0011,2026-09-18,LKUS_captcha,feature_9tl8mW2Gembc,邮箱黑名单,1
0011,2026-09-18,LKUS_captcha,feature_g43LuQcahzCJ,用户编号黑名单,1
0011,2026-09-18,LKUS_captcha,feature_XtxCPW1x9QTU,ip C段黑名单,1
0011,2026-09-18,LKUS_captcha,feature_cOkhRQVI91IV,ip黑名单,1
0011,2026-09-18,LKUS_captcha,feature_nm9NTGYLKhWV,reCAPTCHA V2 token是否有效,1
0011,2026-09-18,LKUS_register,feature_vTICzBPfD3Ds,ip C段白名单,4
0011,2026-09-18,LKUS_register,feature_oxYJ6qJ3BAfv,用户编号白名单,4
0011,2026-09-18,LKUS_register,feature_P5eYl9a699fA,ip白名单,4
0011,2026-09-18,LKUS_register,feature_yo8MLsBsGIsV,三方unionId白名单,4
0011,2026-09-18,LKUS_register,feature_kqtp6XVcXXiQ,手机号白名单,4
0011,2026-09-18,LKUS_register,feature_K0JuGvXPoQsS,网关uid白名单,4
0011,2026-09-18,LKUS_register,feature_5caBWmAHDcCQ,邮箱白名单,4
0011,2026-09-18,LKUS_register,feature_3CSh3LRVobu7,手机号黑名单,4
0011,2026-09-18,LKUS_register,feature_jkeS0N10RDAn,网关uid黑名单,4
0011,2026-09-18,LKUS_register,feature_7qCVo92BIECU,三方unionId黑名单,4
0011,2026-09-18,LKUS_register,feature_9tl8mW2Gembc,邮箱黑名单,4
0011,2026-09-18,LKUS_register,feature_g43LuQcahzCJ,用户编号黑名单,4
0011,2026-09-18,LKUS_register,feature_XtxCPW1x9QTU,ip C段黑名单,4
0011,2026-09-18,LKUS_register,feature_cOkhRQVI91IV,ip黑名单,4
0011,2026-09-18,LKUS_push,feature_bvE9FL19wqag,同IP近5分钟关联手机号累计数,2
0011,2026-09-18,LKUS_push,feature_AemrK847uPtt,同IP近1分钟关联手机号累计数,2
0011,2026-09-19,LKUS_push,feature_Fik6gvwY1tA6,手机号近1天的访问次数,70
0011,2026-09-19,LKUS_push,feature_vTICzBPfD3Ds,ip C段白名单,70
0011,2026-09-19,LKUS_push,feature_P5eYl9a699fA,ip白名单,70
0011,2026-09-19,LKUS_push,feature_oxYJ6qJ3BAfv,用户编号白名单,70
0011,2026-09-19,LKUS_push,feature_yo8MLsBsGIsV,三方unionId白名单,70
0011,2026-09-19,LKUS_push,feature_kqtp6XVcXXiQ,手机号白名单,70
0011,2026-09-19,LKUS_push,feature_K0JuGvXPoQsS,网关uid白名单,70
0011,2026-09-19,LKUS_push,feature_5caBWmAHDcCQ,邮箱白名单,70
0011,2026-09-19,LKUS_push,feature_3CSh3LRVobu7,手机号黑名单,69
0011,2026-09-19,LKUS_push,feature_jkeS0N10RDAn,网关uid黑名单,69
0011,2026-09-19,LKUS_push,feature_7qCVo92BIECU,三方unionId黑名单,69
0011,2026-09-19,LKUS_push,feature_9tl8mW2Gembc,邮箱黑名单,69
0011,2026-09-19,LKUS_push,feature_XtxCPW1x9QTU,ip C段黑名单,69
0011,2026-09-19,LKUS_push,feature_g43LuQcahzCJ,用户编号黑名单,69
0011,2026-09-19,LKUS_push,feature_cOkhRQVI91IV,ip黑名单,69
0011,2026-09-19,LKUS_push,feature_53Ck9TgChpTW,IP近5分钟关联的手机号个数,69
0011,2026-09-19,LKUS_push,feature_TLXI8MNiNglz,reCAPTCHA V3风险分,69
0011,2026-09-19,LKUS_push,feature_Wg4dZ6VJBuTb,IP近1分钟关联的手机号个数,69
0011,2026-09-19,LKUS_push,feature_IPwzfPamC8eW,同手机号30分钟关联的IP city个数,69
0011,2026-09-19,LKUS_push,feature_SdA1CjZvNCMG,区号近1分钟的访问次数,69
0011,2026-09-19,LKUS_push,feature_AemrK847uPtt,同IP近1分钟关联手机号累计数,67
0011,2026-09-19,LKUS_push,feature_WxHUxqIN0IuS,同IP近5分钟的访问次数,69
0011,2026-09-19,LKUS_push,feature_lydpDiga6SB9,手机号近5分钟的访问次数,69
0011,2026-09-19,LKUS_push,feature_e1Kmz7JqzsWc,同区号近60分钟V3token为空对应手机号个数,69
0011,2026-09-19,LKUS_push,feature_hspErCH8fSCE,手机号近30分钟的访问次数,69
0011,2026-09-19,LKUS_push,feature_pf88qk27w76j,区号近5分钟的访问次数,69
0011,2026-09-19,LKUS_push,feature_r1bhlQnbfRHb,IP近60分钟关联的手机号个数,69
0011,2026-09-19,LKUS_push,feature_n91JeGM6gD6i,同区号近60分钟非美国IP访问次数,69
0011,2026-09-19,LKUS_push,feature_dqBHKec09Wwa,同区号近60分钟未携带recaptchaV3token 访问次数,69
0011,2026-09-19,LKUS_push,feature_VItdlLjtEYnQ,IPC段近1天关联的手机号个数,69
0011,2026-09-19,LKUS_push,feature_9EHsNcVBo6IN,IPC段近1天关联的国家区号个数,69
0011,2026-09-19,LKUS_push,feature_Ym70ZsfxQKSc,一分钟请求量,69
0011,2026-09-19,LKUS_push,feature_nnsdzZLQKPZ7,IP近10分钟关联的手机号个数,69
0011,2026-09-19,LKUS_push,feature_YkpmaKaJhcdG,区号近1天内的访问次数,69
0011,2026-09-19,LKUS_push,feature_7DbBgowc2mEl,IP近1分钟的访问次数,69
0011,2026-09-19,LKUS_push,feature_bvE9FL19wqag,同IP近5分钟关联手机号累计数,67
0011,2026-09-19,LKUS_push,feature_dtoJoDcUgCcr,同区号近60分钟对应手机号个数,69
0011,2026-09-19,LKUS_push,feature_JaT2oyzVtD0q,手机号近1分钟的访问次数,69
0011,2026-09-19,LKUS_push,feature_TGPe0mjAPwR5,IP近60分钟关联的国家区号个数,69
0011,2026-09-19,LKUS_push,feature_UOJYBEifd5Jn,区号近60分钟的访问次数,69
0011,2026-09-19,LKUS_push,feature_KtSZtJ9w7f9r,IPC段近1分钟关联的手机号个数,69
0011,2026-09-19,LKUS_push,feature_6qwgYPGGuJZ4,IPC段近10分钟关联的手机号个数,69
0011,2026-09-19,LKUS_register,feature_vTICzBPfD3Ds,ip C段白名单,4
0011,2026-09-19,LKUS_register,feature_oxYJ6qJ3BAfv,用户编号白名单,4
0011,2026-09-19,LKUS_register,feature_P5eYl9a699fA,ip白名单,4
0011,2026-09-19,LKUS_register,feature_yo8MLsBsGIsV,三方unionId白名单,4
0011,2026-09-19,LKUS_register,feature_kqtp6XVcXXiQ,手机号白名单,4
0011,2026-09-19,LKUS_register,feature_K0JuGvXPoQsS,网关uid白名单,4
0011,2026-09-19,LKUS_register,feature_5caBWmAHDcCQ,邮箱白名单,4
0011,2026-09-19,LKUS_register,feature_3CSh3LRVobu7,手机号黑名单,4
0011,2026-09-19,LKUS_register,feature_jkeS0N10RDAn,网关uid黑名单,4
0011,2026-09-19,LKUS_register,feature_7qCVo92BIECU,三方unionId黑名单,4
0011,2026-09-19,LKUS_register,feature_9tl8mW2Gembc,邮箱黑名单,4
0011,2026-09-19,LKUS_register,feature_g43LuQcahzCJ,用户编号黑名单,4
0011,2026-09-19,LKUS_register,feature_XtxCPW1x9QTU,ip C段黑名单,4
0011,2026-09-19,LKUS_register,feature_cOkhRQVI91IV,ip黑名单,4
0011,2026-09-19,LKUS_physical_order_create,feature_vTICzBPfD3Ds,ip C段白名单,72
0011,2026-09-19,LKUS_physical_order_create,feature_P5eYl9a699fA,ip白名单,72
0011,2026-09-19,LKUS_physical_order_create,feature_oxYJ6qJ3BAfv,用户编号白名单,72
0011,2026-09-19,LKUS_physical_order_create,feature_yo8MLsBsGIsV,三方unionId白名单,72
0011,2026-09-19,LKUS_physical_order_create,feature_kqtp6XVcXXiQ,手机号白名单,72
0011,2026-09-19,LKUS_physical_order_create,feature_K0JuGvXPoQsS,网关uid白名单,72
0011,2026-09-19,LKUS_physical_order_create,feature_5caBWmAHDcCQ,邮箱白名单,72
0011,2026-09-19,LKUS_physical_order_create,feature_3CSh3LRVobu7,手机号黑名单,60
0011,2026-09-19,LKUS_physical_order_create,feature_jkeS0N10RDAn,网关uid黑名单,60
0011,2026-09-19,LKUS_physical_order_create,feature_7qCVo92BIECU,三方unionId黑名单,60
0011,2026-09-19,LKUS_physical_order_create,feature_9tl8mW2Gembc,邮箱黑名单,60
0011,2026-09-19,LKUS_physical_order_create,feature_XtxCPW1x9QTU,ip C段黑名单,60
0011,2026-09-19,LKUS_physical_order_create,feature_g43LuQcahzCJ,用户编号黑名单,60
0011,2026-09-19,LKUS_physical_order_create,feature_cOkhRQVI91IV,ip黑名单,60
0011,2026-09-19,LKUS_physical_order_create,feature_TLXI8MNiNglz,reCAPTCHA V3风险分,31
0011,2026-09-19,LKUS_payment,feature_vTICzBPfD3Ds,ip C段白名单,75
0011,2026-09-19,LKUS_payment,feature_oxYJ6qJ3BAfv,用户编号白名单,75
0011,2026-09-19,LKUS_payment,feature_P5eYl9a699fA,ip白名单,75
0011,2026-09-19,LKUS_payment,feature_yo8MLsBsGIsV,三方unionId白名单,75
0011,2026-09-19,LKUS_payment,feature_kqtp6XVcXXiQ,手机号白名单,75
0011,2026-09-19,LKUS_payment,feature_K0JuGvXPoQsS,网关uid白名单,75
0011,2026-09-19,LKUS_payment,feature_5caBWmAHDcCQ,邮箱白名单,75
0011,2026-09-19,LKUS_payment,feature_3CSh3LRVobu7,手机号黑名单,61
0011,2026-09-19,LKUS_payment,feature_jkeS0N10RDAn,网关uid黑名单,61
0011,2026-09-19,LKUS_payment,feature_7qCVo92BIECU,三方unionId黑名单,61
0011,2026-09-19,LKUS_payment,feature_9tl8mW2Gembc,邮箱黑名单,61
0011,2026-09-19,LKUS_payment,feature_g43LuQcahzCJ,用户编号黑名单,61
0011,2026-09-19,LKUS_payment,feature_XtxCPW1x9QTU,ip C段黑名单,61
0011,2026-09-19,LKUS_payment,feature_cOkhRQVI91IV,ip黑名单,61
0011,2026-09-19,LKUS_payment,feature_MHv7nra5Z6T5,reCAPTCHA V3 token是否有效,32
0011,2026-09-19,LKUS_physical_order_create,feature_MHv7nra5Z6T5,reCAPTCHA V3 token是否有效,29
0011,2026-09-19,LKUS_payment,feature_TLXI8MNiNglz,reCAPTCHA V3风险分,29
0011,2026-09-19,LKUS_login,feature_vTICzBPfD3Ds,ip C段白名单,14
0011,2026-09-19,LKUS_login,feature_P5eYl9a699fA,ip白名单,14
0011,2026-09-19,LKUS_login,feature_oxYJ6qJ3BAfv,用户编号白名单,14
0011,2026-09-19,LKUS_login,feature_yo8MLsBsGIsV,三方unionId白名单,14
0011,2026-09-19,LKUS_login,feature_kqtp6XVcXXiQ,手机号白名单,14
0011,2026-09-19,LKUS_login,feature_K0JuGvXPoQsS,网关uid白名单,14
0011,2026-09-19,LKUS_login,feature_5caBWmAHDcCQ,邮箱白名单,14
0011,2026-09-19,LKUS_login,feature_3CSh3LRVobu7,手机号黑名单,14
0011,2026-09-19,LKUS_login,feature_jkeS0N10RDAn,网关uid黑名单,14
0011,2026-09-19,LKUS_login,feature_7qCVo92BIECU,三方unionId黑名单,14
0011,2026-09-19,LKUS_login,feature_9tl8mW2Gembc,邮箱黑名单,14
0011,2026-09-19,LKUS_login,feature_XtxCPW1x9QTU,ip C段黑名单,14
0011,2026-09-19,LKUS_login,feature_g43LuQcahzCJ,用户编号黑名单,14
0011,2026-09-19,LKUS_login,feature_cOkhRQVI91IV,ip黑名单,14
0011,2026-09-19,LKUS_login,feature_TLXI8MNiNglz,reCAPTCHA V3风险分,8
0011,2026-09-19,LKUS_grant_new_user_coupon,feature_vTICzBPfD3Ds,ip C段白名单,9
0011,2026-09-19,LKUS_grant_new_user_coupon,feature_P5eYl9a699fA,ip白名单,9
0011,2026-09-19,LKUS_grant_new_user_coupon,feature_oxYJ6qJ3BAfv,用户编号白名单,9
0011,2026-09-19,LKUS_grant_new_user_coupon,feature_yo8MLsBsGIsV,三方unionId白名单,9
0011,2026-09-19,LKUS_grant_new_user_coupon,feature_kqtp6XVcXXiQ,手机号白名单,9
0011,2026-09-19,LKUS_grant_new_user_coupon,feature_K0JuGvXPoQsS,网关uid白名单,9
0011,2026-09-19,LKUS_grant_new_user_coupon,feature_5caBWmAHDcCQ,邮箱白名单,9
0011,2026-09-19,LKUS_grant_new_user_coupon,feature_3CSh3LRVobu7,手机号黑名单,9
0011,2026-09-19,LKUS_grant_new_user_coupon,feature_jkeS0N10RDAn,网关uid黑名单,9
0011,2026-09-19,LKUS_grant_new_user_coupon,feature_7qCVo92BIECU,三方unionId黑名单,9
0011,2026-09-19,LKUS_grant_new_user_coupon,feature_9tl8mW2Gembc,邮箱黑名单,9
0011,2026-09-19,LKUS_grant_new_user_coupon,feature_XtxCPW1x9QTU,ip C段黑名单,9
0011,2026-09-19,LKUS_grant_new_user_coupon,feature_g43LuQcahzCJ,用户编号黑名单,9
0011,2026-09-19,LKUS_grant_new_user_coupon,feature_cOkhRQVI91IV,ip黑名单,9
0011,2026-09-19,LKUS_captcha,feature_vTICzBPfD3Ds,ip C段白名单,1
0011,2026-09-19,LKUS_captcha,feature_oxYJ6qJ3BAfv,用户编号白名单,1
0011,2026-09-19,LKUS_captcha,feature_P5eYl9a699fA,ip白名单,1
0011,2026-09-19,LKUS_captcha,feature_yo8MLsBsGIsV,三方unionId白名单,1
0011,2026-09-19,LKUS_captcha,feature_kqtp6XVcXXiQ,手机号白名单,1
0011,2026-09-19,LKUS_captcha,feature_K0JuGvXPoQsS,网关uid白名单,1
0011,2026-09-19,LKUS_captcha,feature_5caBWmAHDcCQ,邮箱白名单,1
0011,2026-09-19,LKUS_captcha,feature_3CSh3LRVobu7,手机号黑名单,1
0011,2026-09-19,LKUS_captcha,feature_jkeS0N10RDAn,网关uid黑名单,1
0011,2026-09-19,LKUS_captcha,feature_7qCVo92BIECU,三方unionId黑名单,1
0011,2026-09-19,LKUS_captcha,feature_9tl8mW2Gembc,邮箱黑名单,1
0011,2026-09-19,LKUS_captcha,feature_g43LuQcahzCJ,用户编号黑名单,1
0011,2026-09-19,LKUS_captcha,feature_XtxCPW1x9QTU,ip C段黑名单,1
0011,2026-09-19,LKUS_captcha,feature_cOkhRQVI91IV,ip黑名单,1
0011,2026-09-19,LKUS_captcha,feature_nm9NTGYLKhWV,reCAPTCHA V2 token是否有效,1
0011,2026-09-19,LKUS_login,feature_MHv7nra5Z6T5,reCAPTCHA V3 token是否有效,6
0011,2026-09-19,LKUS_physical_order_cancel,feature_vTICzBPfD3Ds,ip C段白名单,1
0011,2026-09-19,LKUS_physical_order_cancel,feature_P5eYl9a699fA,ip白名单,1
0011,2026-09-19,LKUS_physical_order_cancel,feature_oxYJ6qJ3BAfv,用户编号白名单,1
0011,2026-09-19,LKUS_physical_order_cancel,feature_yo8MLsBsGIsV,三方unionId白名单,1
0011,2026-09-19,LKUS_physical_order_cancel,feature_kqtp6XVcXXiQ,手机号白名单,1
0011,2026-09-19,LKUS_physical_order_cancel,feature_K0JuGvXPoQsS,网关uid白名单,1
0011,2026-09-19,LKUS_physical_order_cancel,feature_5caBWmAHDcCQ,邮箱白名单,1
0011,2026-09-19,LKUS_physical_order_cancel,feature_3CSh3LRVobu7,手机号黑名单,1
0011,2026-09-19,LKUS_physical_order_cancel,feature_jkeS0N10RDAn,网关uid黑名单,1
0011,2026-09-19,LKUS_physical_order_cancel,feature_7qCVo92BIECU,三方unionId黑名单,1
0011,2026-09-19,LKUS_physical_order_cancel,feature_9tl8mW2Gembc,邮箱黑名单,1
0011,2026-09-19,LKUS_physical_order_cancel,feature_XtxCPW1x9QTU,ip C段黑名单,1
0011,2026-09-19,LKUS_physical_order_cancel,feature_g43LuQcahzCJ,用户编号黑名单,1
0011,2026-09-19,LKUS_physical_order_cancel,feature_cOkhRQVI91IV,ip黑名单,1
0011,2026-09-19,LKUS_push,feature_AemrK847uPtt,同IP同手机号近1分钟累计请求次数,2
0011,2026-09-19,LKUS_push,feature_bvE9FL19wqag,同IP同手机号近5分钟累计请求次数,2
0011,2026-09-20,LKUS_push,feature_Fik6gvwY1tA6,手机号近1天的访问次数,72
0011,2026-09-20,LKUS_push,feature_vTICzBPfD3Ds,ip C段白名单,72
0011,2026-09-20,LKUS_push,feature_P5eYl9a699fA,ip白名单,72
0011,2026-09-20,LKUS_push,feature_oxYJ6qJ3BAfv,用户编号白名单,72
0011,2026-09-20,LKUS_push,feature_yo8MLsBsGIsV,三方unionId白名单,72
0011,2026-09-20,LKUS_push,feature_kqtp6XVcXXiQ,手机号白名单,72
0011,2026-09-20,LKUS_push,feature_K0JuGvXPoQsS,网关uid白名单,72
0011,2026-09-20,LKUS_push,feature_5caBWmAHDcCQ,邮箱白名单,72
0011,2026-09-20,LKUS_push,feature_3CSh3LRVobu7,手机号黑名单,72
0011,2026-09-20,LKUS_push,feature_jkeS0N10RDAn,网关uid黑名单,72
0011,2026-09-20,LKUS_push,feature_7qCVo92BIECU,三方unionId黑名单,72
0011,2026-09-20,LKUS_push,feature_9tl8mW2Gembc,邮箱黑名单,72
0011,2026-09-20,LKUS_push,feature_XtxCPW1x9QTU,ip C段黑名单,72
0011,2026-09-20,LKUS_push,feature_g43LuQcahzCJ,用户编号黑名单,72
0011,2026-09-20,LKUS_push,feature_cOkhRQVI91IV,ip黑名单,72
0011,2026-09-20,LKUS_push,feature_53Ck9TgChpTW,IP近5分钟关联的手机号个数,72
0011,2026-09-20,LKUS_push,feature_TLXI8MNiNglz,reCAPTCHA V3风险分,72
0011,2026-09-20,LKUS_push,feature_Wg4dZ6VJBuTb,IP近1分钟关联的手机号个数,72
0011,2026-09-20,LKUS_push,feature_IPwzfPamC8eW,同手机号30分钟关联的IP city个数,72
0011,2026-09-20,LKUS_push,feature_SdA1CjZvNCMG,区号近1分钟的访问次数,72
0011,2026-09-20,LKUS_push,feature_WxHUxqIN0IuS,同IP近5分钟的访问次数,72
0011,2026-09-20,LKUS_push,feature_lydpDiga6SB9,手机号近5分钟的访问次数,72
0011,2026-09-20,LKUS_push,feature_e1Kmz7JqzsWc,同区号近60分钟V3token为空对应手机号个数,72
0011,2026-09-20,LKUS_push,feature_hspErCH8fSCE,手机号近30分钟的访问次数,72
0011,2026-09-20,LKUS_push,feature_pf88qk27w76j,区号近5分钟的访问次数,72
0011,2026-09-20,LKUS_push,feature_r1bhlQnbfRHb,IP近60分钟关联的手机号个数,72
0011,2026-09-20,LKUS_push,feature_n91JeGM6gD6i,同区号近60分钟非美国IP访问次数,72
0011,2026-09-20,LKUS_push,feature_dqBHKec09Wwa,同区号近60分钟未携带recaptchaV3token 访问次数,72
0011,2026-09-20,LKUS_push,feature_VItdlLjtEYnQ,IPC段近1天关联的手机号个数,72
0011,2026-09-20,LKUS_push,feature_9EHsNcVBo6IN,IPC段近1天关联的国家区号个数,72
0011,2026-09-20,LKUS_push,feature_Ym70ZsfxQKSc,一分钟请求量,72
0011,2026-09-20,LKUS_push,feature_nnsdzZLQKPZ7,IP近10分钟关联的手机号个数,72
0011,2026-09-20,LKUS_push,feature_YkpmaKaJhcdG,区号近1天内的访问次数,72
0011,2026-09-20,LKUS_push,feature_AemrK847uPtt,同IP同手机号近1分钟累计请求次数,72
0011,2026-09-20,LKUS_push,feature_7DbBgowc2mEl,IP近1分钟的访问次数,72
0011,2026-09-20,LKUS_push,feature_dtoJoDcUgCcr,同区号近60分钟对应手机号个数,72
0011,2026-09-20,LKUS_push,feature_JaT2oyzVtD0q,手机号近1分钟的访问次数,72
0011,2026-09-20,LKUS_push,feature_bvE9FL19wqag,同IP同手机号近5分钟累计请求次数,72
0011,2026-09-20,LKUS_push,feature_TGPe0mjAPwR5,IP近60分钟关联的国家区号个数,72
0011,2026-09-20,LKUS_push,feature_UOJYBEifd5Jn,区号近60分钟的访问次数,72
0011,2026-09-20,LKUS_push,feature_KtSZtJ9w7f9r,IPC段近1分钟关联的手机号个数,72
0011,2026-09-20,LKUS_push,feature_6qwgYPGGuJZ4,IPC段近10分钟关联的手机号个数,72
0011,2026-09-20,LKUS_physical_order_create,feature_vTICzBPfD3Ds,ip C段白名单,51
0011,2026-09-20,LKUS_physical_order_create,feature_P5eYl9a699fA,ip白名单,51
0011,2026-09-20,LKUS_physical_order_create,feature_oxYJ6qJ3BAfv,用户编号白名单,51
0011,2026-09-20,LKUS_physical_order_create,feature_yo8MLsBsGIsV,三方unionId白名单,51
0011,2026-09-20,LKUS_physical_order_create,feature_kqtp6XVcXXiQ,手机号白名单,51
0011,2026-09-20,LKUS_physical_order_create,feature_K0JuGvXPoQsS,网关uid白名单,51
0011,2026-09-20,LKUS_physical_order_create,feature_5caBWmAHDcCQ,邮箱白名单,51
0011,2026-09-20,LKUS_physical_order_create,feature_3CSh3LRVobu7,手机号黑名单,42
0011,2026-09-20,LKUS_physical_order_create,feature_jkeS0N10RDAn,网关uid黑名单,42
0011,2026-09-20,LKUS_physical_order_create,feature_7qCVo92BIECU,三方unionId黑名单,42
0011,2026-09-20,LKUS_physical_order_create,feature_9tl8mW2Gembc,邮箱黑名单,42
0011,2026-09-20,LKUS_physical_order_create,feature_XtxCPW1x9QTU,ip C段黑名单,42
0011,2026-09-20,LKUS_physical_order_create,feature_g43LuQcahzCJ,用户编号黑名单,42
0011,2026-09-20,LKUS_physical_order_create,feature_cOkhRQVI91IV,ip黑名单,42
0011,2026-09-20,LKUS_physical_order_create,feature_TLXI8MNiNglz,reCAPTCHA V3风险分,24
0011,2026-09-20,LKUS_payment,feature_vTICzBPfD3Ds,ip C段白名单,51
0011,2026-09-20,LKUS_payment,feature_oxYJ6qJ3BAfv,用户编号白名单,51
0011,2026-09-20,LKUS_payment,feature_P5eYl9a699fA,ip白名单,51
0011,2026-09-20,LKUS_payment,feature_yo8MLsBsGIsV,三方unionId白名单,51
0011,2026-09-20,LKUS_payment,feature_kqtp6XVcXXiQ,手机号白名单,51
0011,2026-09-20,LKUS_payment,feature_K0JuGvXPoQsS,网关uid白名单,51
0011,2026-09-20,LKUS_payment,feature_5caBWmAHDcCQ,邮箱白名单,51
0011,2026-09-20,LKUS_payment,feature_3CSh3LRVobu7,手机号黑名单,41
0011,2026-09-20,LKUS_payment,feature_jkeS0N10RDAn,网关uid黑名单,41
0011,2026-09-20,LKUS_payment,feature_7qCVo92BIECU,三方unionId黑名单,41
0011,2026-09-20,LKUS_payment,feature_9tl8mW2Gembc,邮箱黑名单,41
0011,2026-09-20,LKUS_payment,feature_g43LuQcahzCJ,用户编号黑名单,41
0011,2026-09-20,LKUS_payment,feature_XtxCPW1x9QTU,ip C段黑名单,41
0011,2026-09-20,LKUS_payment,feature_cOkhRQVI91IV,ip黑名单,41
0011,2026-09-20,LKUS_payment,feature_MHv7nra5Z6T5,reCAPTCHA V3 token是否有效,25
0011,2026-09-20,LKUS_physical_order_create,feature_MHv7nra5Z6T5,reCAPTCHA V3 token是否有效,18
0011,2026-09-20,LKUS_login,feature_vTICzBPfD3Ds,ip C段白名单,11
0011,2026-09-20,LKUS_login,feature_oxYJ6qJ3BAfv,用户编号白名单,11
0011,2026-09-20,LKUS_login,feature_P5eYl9a699fA,ip白名单,11
0011,2026-09-20,LKUS_login,feature_yo8MLsBsGIsV,三方unionId白名单,11
0011,2026-09-20,LKUS_login,feature_kqtp6XVcXXiQ,手机号白名单,11
0011,2026-09-20,LKUS_login,feature_K0JuGvXPoQsS,网关uid白名单,11
0011,2026-09-20,LKUS_login,feature_5caBWmAHDcCQ,邮箱白名单,11
0011,2026-09-20,LKUS_login,feature_3CSh3LRVobu7,手机号黑名单,9
0011,2026-09-20,LKUS_login,feature_jkeS0N10RDAn,网关uid黑名单,9
0011,2026-09-20,LKUS_login,feature_7qCVo92BIECU,三方unionId黑名单,9
0011,2026-09-20,LKUS_login,feature_9tl8mW2Gembc,邮箱黑名单,9
0011,2026-09-20,LKUS_login,feature_g43LuQcahzCJ,用户编号黑名单,9
0011,2026-09-20,LKUS_login,feature_XtxCPW1x9QTU,ip C段黑名单,9
0011,2026-09-20,LKUS_login,feature_cOkhRQVI91IV,ip黑名单,9
0011,2026-09-20,LKUS_login,feature_MHv7nra5Z6T5,reCAPTCHA V3 token是否有效,4
0011,2026-09-20,LKUS_payment,feature_TLXI8MNiNglz,reCAPTCHA V3风险分,16
0011,2026-09-20,LKUS_register,feature_vTICzBPfD3Ds,ip C段白名单,10
0011,2026-09-20,LKUS_register,feature_oxYJ6qJ3BAfv,用户编号白名单,10
0011,2026-09-20,LKUS_register,feature_P5eYl9a699fA,ip白名单,10
0011,2026-09-20,LKUS_register,feature_yo8MLsBsGIsV,三方unionId白名单,10
0011,2026-09-20,LKUS_register,feature_kqtp6XVcXXiQ,手机号白名单,10
0011,2026-09-20,LKUS_register,feature_K0JuGvXPoQsS,网关uid白名单,10
0011,2026-09-20,LKUS_register,feature_5caBWmAHDcCQ,邮箱白名单,10
0011,2026-09-20,LKUS_register,feature_3CSh3LRVobu7,手机号黑名单,10
0011,2026-09-20,LKUS_register,feature_jkeS0N10RDAn,网关uid黑名单,10
0011,2026-09-20,LKUS_register,feature_7qCVo92BIECU,三方unionId黑名单,10
0011,2026-09-20,LKUS_register,feature_9tl8mW2Gembc,邮箱黑名单,10
0011,2026-09-20,LKUS_register,feature_g43LuQcahzCJ,用户编号黑名单,10
0011,2026-09-20,LKUS_register,feature_XtxCPW1x9QTU,ip C段黑名单,10
0011,2026-09-20,LKUS_register,feature_cOkhRQVI91IV,ip黑名单,10
0011,2026-09-20,LKUS_login,feature_TLXI8MNiNglz,reCAPTCHA V3风险分,5
0011,2026-09-20,LKUS_grant_new_user_coupon,feature_vTICzBPfD3Ds,ip C段白名单,3
0011,2026-09-20,LKUS_grant_new_user_coupon,feature_oxYJ6qJ3BAfv,用户编号白名单,3
0011,2026-09-20,LKUS_grant_new_user_coupon,feature_P5eYl9a699fA,ip白名单,3
0011,2026-09-20,LKUS_grant_new_user_coupon,feature_yo8MLsBsGIsV,三方unionId白名单,3
0011,2026-09-20,LKUS_grant_new_user_coupon,feature_kqtp6XVcXXiQ,手机号白名单,3
0011,2026-09-20,LKUS_grant_new_user_coupon,feature_K0JuGvXPoQsS,网关uid白名单,3
0011,2026-09-20,LKUS_grant_new_user_coupon,feature_5caBWmAHDcCQ,邮箱白名单,3
0011,2026-09-20,LKUS_grant_new_user_coupon,feature_3CSh3LRVobu7,手机号黑名单,3
0011,2026-09-20,LKUS_grant_new_user_coupon,feature_jkeS0N10RDAn,网关uid黑名单,3
0011,2026-09-20,LKUS_grant_new_user_coupon,feature_7qCVo92BIECU,三方unionId黑名单,3
0011,2026-09-20,LKUS_grant_new_user_coupon,feature_9tl8mW2Gembc,邮箱黑名单,3
0011,2026-09-20,LKUS_grant_new_user_coupon,feature_g43LuQcahzCJ,用户编号黑名单,3
0011,2026-09-20,LKUS_grant_new_user_coupon,feature_XtxCPW1x9QTU,ip C段黑名单,3
0011,2026-09-20,LKUS_grant_new_user_coupon,feature_cOkhRQVI91IV,ip黑名单,3
0011,2026-09-20,LKUS_physical_order_cancel,feature_vTICzBPfD3Ds,ip C段白名单,1
0011,2026-09-20,LKUS_physical_order_cancel,feature_oxYJ6qJ3BAfv,用户编号白名单,1
0011,2026-09-20,LKUS_physical_order_cancel,feature_P5eYl9a699fA,ip白名单,1
0011,2026-09-20,LKUS_physical_order_cancel,feature_yo8MLsBsGIsV,三方unionId白名单,1
0011,2026-09-20,LKUS_physical_order_cancel,feature_kqtp6XVcXXiQ,手机号白名单,1
0011,2026-09-20,LKUS_physical_order_cancel,feature_K0JuGvXPoQsS,网关uid白名单,1
0011,2026-09-20,LKUS_physical_order_cancel,feature_5caBWmAHDcCQ,邮箱白名单,1
0011,2026-09-20,LKUS_physical_order_cancel,feature_3CSh3LRVobu7,手机号黑名单,1
0011,2026-09-20,LKUS_physical_order_cancel,feature_jkeS0N10RDAn,网关uid黑名单,1
0011,2026-09-20,LKUS_physical_order_cancel,feature_7qCVo92BIECU,三方unionId黑名单,1
0011,2026-09-20,LKUS_physical_order_cancel,feature_9tl8mW2Gembc,邮箱黑名单,1
0011,2026-09-20,LKUS_physical_order_cancel,feature_g43LuQcahzCJ,用户编号黑名单,1
0011,2026-09-20,LKUS_physical_order_cancel,feature_XtxCPW1x9QTU,ip C段黑名单,1
0011,2026-09-20,LKUS_physical_order_cancel,feature_cOkhRQVI91IV,ip黑名单,1
0011,2026-09-21,LKUS_push,feature_Fik6gvwY1tA6,手机号近1天的访问次数,77
0011,2026-09-21,LKUS_push,feature_vTICzBPfD3Ds,ip C段白名单,77
0011,2026-09-21,LKUS_push,feature_oxYJ6qJ3BAfv,用户编号白名单,77
0011,2026-09-21,LKUS_push,feature_P5eYl9a699fA,ip白名单,77
0011,2026-09-21,LKUS_push,feature_yo8MLsBsGIsV,三方unionId白名单,77
0011,2026-09-21,LKUS_push,feature_kqtp6XVcXXiQ,手机号白名单,77
0011,2026-09-21,LKUS_push,feature_K0JuGvXPoQsS,网关uid白名单,77
0011,2026-09-21,LKUS_push,feature_5caBWmAHDcCQ,邮箱白名单,77
0011,2026-09-21,LKUS_push,feature_3CSh3LRVobu7,手机号黑名单,76
0011,2026-09-21,LKUS_push,feature_jkeS0N10RDAn,网关uid黑名单,76
0011,2026-09-21,LKUS_push,feature_7qCVo92BIECU,三方unionId黑名单,76
0011,2026-09-21,LKUS_push,feature_9tl8mW2Gembc,邮箱黑名单,76
0011,2026-09-21,LKUS_push,feature_g43LuQcahzCJ,用户编号黑名单,76
0011,2026-09-21,LKUS_push,feature_XtxCPW1x9QTU,ip C段黑名单,76
0011,2026-09-21,LKUS_push,feature_cOkhRQVI91IV,ip黑名单,76
0011,2026-09-21,LKUS_push,feature_nnsdzZLQKPZ7,IP近10分钟关联的手机号个数,76
0011,2026-09-21,LKUS_push,feature_Ym70ZsfxQKSc,一分钟请求量,76
0011,2026-09-21,LKUS_push,feature_pf88qk27w76j,区号近5分钟的访问次数,76
0011,2026-09-21,LKUS_push,feature_dtoJoDcUgCcr,同区号近60分钟对应手机号个数,76
0011,2026-09-21,LKUS_push,feature_AemrK847uPtt,同IP同手机号近1分钟累计请求次数,76
0011,2026-09-21,LKUS_push,feature_TLXI8MNiNglz,reCAPTCHA V3风险分,76
0011,2026-09-21,LKUS_push,feature_TGPe0mjAPwR5,IP近60分钟关联的国家区号个数,76
0011,2026-09-21,LKUS_push,feature_YkpmaKaJhcdG,区号近1天内的访问次数,76
0011,2026-09-21,LKUS_push,feature_bvE9FL19wqag,同IP同手机号近5分钟累计请求次数,76
0011,2026-09-21,LKUS_push,feature_7DbBgowc2mEl,IP近1分钟的访问次数,76
0011,2026-09-21,LKUS_push,feature_6qwgYPGGuJZ4,IPC段近10分钟关联的手机号个数,76
0011,2026-09-21,LKUS_push,feature_KtSZtJ9w7f9r,IPC段近1分钟关联的手机号个数,76
0011,2026-09-21,LKUS_push,feature_JaT2oyzVtD0q,手机号近1分钟的访问次数,76
0011,2026-09-21,LKUS_push,feature_UOJYBEifd5Jn,区号近60分钟的访问次数,76
0011,2026-09-21,LKUS_push,feature_e1Kmz7JqzsWc,同区号近60分钟V3token为空对应手机号个数,76
0011,2026-09-21,LKUS_push,feature_IPwzfPamC8eW,同手机号30分钟关联的IP city个数,76
0011,2026-09-21,LKUS_push,feature_n91JeGM6gD6i,同区号近60分钟非美国IP访问次数,76
0011,2026-09-21,LKUS_push,feature_53Ck9TgChpTW,IP近5分钟关联的手机号个数,76
0011,2026-09-21,LKUS_push,feature_hspErCH8fSCE,手机号近30分钟的访问次数,76
0011,2026-09-21,LKUS_push,feature_SdA1CjZvNCMG,区号近1分钟的访问次数,76
0011,2026-09-21,LKUS_push,feature_lydpDiga6SB9,手机号近5分钟的访问次数,76
0011,2026-09-21,LKUS_push,feature_WxHUxqIN0IuS,同IP近5分钟的访问次数,76
0011,2026-09-21,LKUS_push,feature_VItdlLjtEYnQ,IPC段近1天关联的手机号个数,76
0011,2026-09-21,LKUS_push,feature_Wg4dZ6VJBuTb,IP近1分钟关联的手机号个数,76
0011,2026-09-21,LKUS_push,feature_9EHsNcVBo6IN,IPC段近1天关联的国家区号个数,76
0011,2026-09-21,LKUS_push,feature_r1bhlQnbfRHb,IP近60分钟关联的手机号个数,76
0011,2026-09-21,LKUS_push,feature_dqBHKec09Wwa,同区号近60分钟未携带recaptchaV3token 访问次数,76
0011,2026-09-21,LKUS_physical_order_create,feature_vTICzBPfD3Ds,ip C段白名单,92
0011,2026-09-21,LKUS_physical_order_create,feature_P5eYl9a699fA,ip白名单,92
0011,2026-09-21,LKUS_physical_order_create,feature_oxYJ6qJ3BAfv,用户编号白名单,92
0011,2026-09-21,LKUS_physical_order_create,feature_yo8MLsBsGIsV,三方unionId白名单,92
0011,2026-09-21,LKUS_physical_order_create,feature_kqtp6XVcXXiQ,手机号白名单,92
0011,2026-09-21,LKUS_physical_order_create,feature_K0JuGvXPoQsS,网关uid白名单,92
0011,2026-09-21,LKUS_physical_order_create,feature_5caBWmAHDcCQ,邮箱白名单,92
0011,2026-09-21,LKUS_physical_order_create,feature_3CSh3LRVobu7,手机号黑名单,82
0011,2026-09-21,LKUS_physical_order_create,feature_jkeS0N10RDAn,网关uid黑名单,82
0011,2026-09-21,LKUS_physical_order_create,feature_7qCVo92BIECU,三方unionId黑名单,82
0011,2026-09-21,LKUS_physical_order_create,feature_9tl8mW2Gembc,邮箱黑名单,82
0011,2026-09-21,LKUS_physical_order_create,feature_XtxCPW1x9QTU,ip C段黑名单,82
0011,2026-09-21,LKUS_physical_order_create,feature_g43LuQcahzCJ,用户编号黑名单,82
0011,2026-09-21,LKUS_physical_order_create,feature_cOkhRQVI91IV,ip黑名单,82
0011,2026-09-21,LKUS_physical_order_create,feature_TLXI8MNiNglz,reCAPTCHA V3风险分,38
0011,2026-09-21,LKUS_payment,feature_vTICzBPfD3Ds,ip C段白名单,92
0011,2026-09-21,LKUS_payment,feature_P5eYl9a699fA,ip白名单,92
0011,2026-09-21,LKUS_payment,feature_oxYJ6qJ3BAfv,用户编号白名单,92
0011,2026-09-21,LKUS_payment,feature_yo8MLsBsGIsV,三方unionId白名单,92
0011,2026-09-21,LKUS_payment,feature_kqtp6XVcXXiQ,手机号白名单,92
0011,2026-09-21,LKUS_payment,feature_K0JuGvXPoQsS,网关uid白名单,92
0011,2026-09-21,LKUS_payment,feature_5caBWmAHDcCQ,邮箱白名单,92
0011,2026-09-21,LKUS_payment,feature_3CSh3LRVobu7,手机号黑名单,82
0011,2026-09-21,LKUS_payment,feature_jkeS0N10RDAn,网关uid黑名单,82
0011,2026-09-21,LKUS_payment,feature_7qCVo92BIECU,三方unionId黑名单,82
0011,2026-09-21,LKUS_payment,feature_9tl8mW2Gembc,邮箱黑名单,82
0011,2026-09-21,LKUS_payment,feature_XtxCPW1x9QTU,ip C段黑名单,82
0011,2026-09-21,LKUS_payment,feature_g43LuQcahzCJ,用户编号黑名单,82
0011,2026-09-21,LKUS_payment,feature_cOkhRQVI91IV,ip黑名单,82
0011,2026-09-21,LKUS_payment,feature_TLXI8MNiNglz,reCAPTCHA V3风险分,37
0011,2026-09-21,LKUS_register,feature_vTICzBPfD3Ds,ip C段白名单,12
0011,2026-09-21,LKUS_register,feature_P5eYl9a699fA,ip白名单,12
0011,2026-09-21,LKUS_register,feature_oxYJ6qJ3BAfv,用户编号白名单,12
0011,2026-09-21,LKUS_register,feature_yo8MLsBsGIsV,三方unionId白名单,12
0011,2026-09-21,LKUS_register,feature_kqtp6XVcXXiQ,手机号白名单,12
0011,2026-09-21,LKUS_register,feature_K0JuGvXPoQsS,网关uid白名单,12
0011,2026-09-21,LKUS_register,feature_5caBWmAHDcCQ,邮箱白名单,12
0011,2026-09-21,LKUS_register,feature_3CSh3LRVobu7,手机号黑名单,12
0011,2026-09-21,LKUS_register,feature_jkeS0N10RDAn,网关uid黑名单,12
0011,2026-09-21,LKUS_register,feature_7qCVo92BIECU,三方unionId黑名单,12
0011,2026-09-21,LKUS_register,feature_9tl8mW2Gembc,邮箱黑名单,12
0011,2026-09-21,LKUS_register,feature_XtxCPW1x9QTU,ip C段黑名单,12
0011,2026-09-21,LKUS_register,feature_g43LuQcahzCJ,用户编号黑名单,12
0011,2026-09-21,LKUS_register,feature_cOkhRQVI91IV,ip黑名单,12
0011,2026-09-21,LKUS_physical_order_create,feature_MHv7nra5Z6T5,reCAPTCHA V3 token是否有效,44
0011,2026-09-21,LKUS_payment,feature_MHv7nra5Z6T5,reCAPTCHA V3 token是否有效,45
0011,2026-09-21,LKUS_login,feature_vTICzBPfD3Ds,ip C段白名单,13
0011,2026-09-21,LKUS_login,feature_oxYJ6qJ3BAfv,用户编号白名单,13
0011,2026-09-21,LKUS_login,feature_P5eYl9a699fA,ip白名单,13
0011,2026-09-21,LKUS_login,feature_yo8MLsBsGIsV,三方unionId白名单,13
0011,2026-09-21,LKUS_login,feature_kqtp6XVcXXiQ,手机号白名单,13
0011,2026-09-21,LKUS_login,feature_K0JuGvXPoQsS,网关uid白名单,13
0011,2026-09-21,LKUS_login,feature_5caBWmAHDcCQ,邮箱白名单,13
0011,2026-09-21,LKUS_login,feature_3CSh3LRVobu7,手机号黑名单,12
0011,2026-09-21,LKUS_login,feature_jkeS0N10RDAn,网关uid黑名单,12
0011,2026-09-21,LKUS_login,feature_7qCVo92BIECU,三方unionId黑名单,12
0011,2026-09-21,LKUS_login,feature_9tl8mW2Gembc,邮箱黑名单,12
0011,2026-09-21,LKUS_login,feature_g43LuQcahzCJ,用户编号黑名单,12
0011,2026-09-21,LKUS_login,feature_XtxCPW1x9QTU,ip C段黑名单,12
0011,2026-09-21,LKUS_login,feature_cOkhRQVI91IV,ip黑名单,12
0011,2026-09-21,LKUS_login,feature_MHv7nra5Z6T5,reCAPTCHA V3 token是否有效,9
0011,2026-09-21,LKUS_grant_new_user_coupon,feature_vTICzBPfD3Ds,ip C段白名单,6
0011,2026-09-21,LKUS_grant_new_user_coupon,feature_P5eYl9a699fA,ip白名单,6
0011,2026-09-21,LKUS_grant_new_user_coupon,feature_oxYJ6qJ3BAfv,用户编号白名单,6
0011,2026-09-21,LKUS_grant_new_user_coupon,feature_yo8MLsBsGIsV,三方unionId白名单,6
0011,2026-09-21,LKUS_grant_new_user_coupon,feature_kqtp6XVcXXiQ,手机号白名单,6
0011,2026-09-21,LKUS_grant_new_user_coupon,feature_K0JuGvXPoQsS,网关uid白名单,6
0011,2026-09-21,LKUS_grant_new_user_coupon,feature_5caBWmAHDcCQ,邮箱白名单,6
0011,2026-09-21,LKUS_grant_new_user_coupon,feature_3CSh3LRVobu7,手机号黑名单,6
0011,2026-09-21,LKUS_grant_new_user_coupon,feature_jkeS0N10RDAn,网关uid黑名单,6
0011,2026-09-21,LKUS_grant_new_user_coupon,feature_7qCVo92BIECU,三方unionId黑名单,6
0011,2026-09-21,LKUS_grant_new_user_coupon,feature_9tl8mW2Gembc,邮箱黑名单,6
0011,2026-09-21,LKUS_grant_new_user_coupon,feature_XtxCPW1x9QTU,ip C段黑名单,6
0011,2026-09-21,LKUS_grant_new_user_coupon,feature_g43LuQcahzCJ,用户编号黑名单,6
0011,2026-09-21,LKUS_grant_new_user_coupon,feature_cOkhRQVI91IV,ip黑名单,6
0011,2026-09-21,LKUS_login,feature_TLXI8MNiNglz,reCAPTCHA V3风险分,3
0011,2026-09-21,LKUS_captcha,feature_vTICzBPfD3Ds,ip C段白名单,1
0011,2026-09-21,LKUS_captcha,feature_oxYJ6qJ3BAfv,用户编号白名单,1
0011,2026-09-21,LKUS_captcha,feature_P5eYl9a699fA,ip白名单,1
0011,2026-09-21,LKUS_captcha,feature_yo8MLsBsGIsV,三方unionId白名单,1
0011,2026-09-21,LKUS_captcha,feature_kqtp6XVcXXiQ,手机号白名单,1
0011,2026-09-21,LKUS_captcha,feature_K0JuGvXPoQsS,网关uid白名单,1
0011,2026-09-21,LKUS_captcha,feature_5caBWmAHDcCQ,邮箱白名单,1
0011,2026-09-21,LKUS_captcha,feature_3CSh3LRVobu7,手机号黑名单,1
0011,2026-09-21,LKUS_captcha,feature_jkeS0N10RDAn,网关uid黑名单,1
0011,2026-09-21,LKUS_captcha,feature_7qCVo92BIECU,三方unionId黑名单,1
0011,2026-09-21,LKUS_captcha,feature_9tl8mW2Gembc,邮箱黑名单,1
0011,2026-09-21,LKUS_captcha,feature_g43LuQcahzCJ,用户编号黑名单,1
0011,2026-09-21,LKUS_captcha,feature_XtxCPW1x9QTU,ip C段黑名单,1
0011,2026-09-21,LKUS_captcha,feature_cOkhRQVI91IV,ip黑名单,1
0011,2026-09-21,LKUS_captcha,feature_nm9NTGYLKhWV,reCAPTCHA V2 token是否有效,1
0011,2026-09-22,LKUS_push,feature_Fik6gvwY1tA6,手机号近1天的访问次数,55
0011,2026-09-22,LKUS_push,feature_vTICzBPfD3Ds,ip C段白名单,55
0011,2026-09-22,LKUS_push,feature_oxYJ6qJ3BAfv,用户编号白名单,55
0011,2026-09-22,LKUS_push,feature_P5eYl9a699fA,ip白名单,55
0011,2026-09-22,LKUS_push,feature_yo8MLsBsGIsV,三方unionId白名单,55
0011,2026-09-22,LKUS_push,feature_kqtp6XVcXXiQ,手机号白名单,55
0011,2026-09-22,LKUS_push,feature_K0JuGvXPoQsS,网关uid白名单,55
0011,2026-09-22,LKUS_push,feature_5caBWmAHDcCQ,邮箱白名单,55
0011,2026-09-22,LKUS_push,feature_3CSh3LRVobu7,手机号黑名单,54
0011,2026-09-22,LKUS_push,feature_jkeS0N10RDAn,网关uid黑名单,54
0011,2026-09-22,LKUS_push,feature_7qCVo92BIECU,三方unionId黑名单,54
0011,2026-09-22,LKUS_push,feature_9tl8mW2Gembc,邮箱黑名单,54
0011,2026-09-22,LKUS_push,feature_g43LuQcahzCJ,用户编号黑名单,54
0011,2026-09-22,LKUS_push,feature_XtxCPW1x9QTU,ip C段黑名单,54
0011,2026-09-22,LKUS_push,feature_cOkhRQVI91IV,ip黑名单,54
0011,2026-09-22,LKUS_push,feature_nnsdzZLQKPZ7,IP近10分钟关联的手机号个数,54
0011,2026-09-22,LKUS_push,feature_Ym70ZsfxQKSc,一分钟请求量,54
0011,2026-09-22,LKUS_push,feature_pf88qk27w76j,区号近5分钟的访问次数,54
0011,2026-09-22,LKUS_push,feature_dtoJoDcUgCcr,同区号近60分钟对应手机号个数,54
0011,2026-09-22,LKUS_push,feature_AemrK847uPtt,同IP同手机号近1分钟累计请求次数,54
0011,2026-09-22,LKUS_push,feature_TLXI8MNiNglz,reCAPTCHA V3风险分,54
0011,2026-09-22,LKUS_push,feature_TGPe0mjAPwR5,IP近60分钟关联的国家区号个数,54
0011,2026-09-22,LKUS_push,feature_YkpmaKaJhcdG,区号近1天内的访问次数,54
0011,2026-09-22,LKUS_push,feature_bvE9FL19wqag,同IP同手机号近5分钟累计请求次数,54
0011,2026-09-22,LKUS_push,feature_7DbBgowc2mEl,IP近1分钟的访问次数,54
0011,2026-09-22,LKUS_push,feature_6qwgYPGGuJZ4,IPC段近10分钟关联的手机号个数,54
0011,2026-09-22,LKUS_push,feature_KtSZtJ9w7f9r,IPC段近1分钟关联的手机号个数,54
0011,2026-09-22,LKUS_push,feature_JaT2oyzVtD0q,手机号近1分钟的访问次数,54
0011,2026-09-22,LKUS_push,feature_UOJYBEifd5Jn,区号近60分钟的访问次数,54
0011,2026-09-22,LKUS_push,feature_e1Kmz7JqzsWc,同区号近60分钟V3token为空对应手机号个数,54
0011,2026-09-22,LKUS_push,feature_IPwzfPamC8eW,同手机号30分钟关联的IP city个数,54
0011,2026-09-22,LKUS_push,feature_n91JeGM6gD6i,同区号近60分钟非美国IP访问次数,54
0011,2026-09-22,LKUS_push,feature_53Ck9TgChpTW,IP近5分钟关联的手机号个数,54
0011,2026-09-22,LKUS_push,feature_hspErCH8fSCE,手机号近30分钟的访问次数,54
0011,2026-09-22,LKUS_push,feature_SdA1CjZvNCMG,区号近1分钟的访问次数,54
0011,2026-09-22,LKUS_push,feature_lydpDiga6SB9,手机号近5分钟的访问次数,54
0011,2026-09-22,LKUS_push,feature_WxHUxqIN0IuS,同IP近5分钟的访问次数,54
0011,2026-09-22,LKUS_push,feature_VItdlLjtEYnQ,IPC段近1天关联的手机号个数,54
0011,2026-09-22,LKUS_push,feature_Wg4dZ6VJBuTb,IP近1分钟关联的手机号个数,54
0011,2026-09-22,LKUS_push,feature_9EHsNcVBo6IN,IPC段近1天关联的国家区号个数,54
0011,2026-09-22,LKUS_push,feature_r1bhlQnbfRHb,IP近60分钟关联的手机号个数,54
0011,2026-09-22,LKUS_push,feature_dqBHKec09Wwa,同区号近60分钟未携带recaptchaV3token 访问次数,54
0011,2026-09-22,LKUS_physical_order_create,feature_vTICzBPfD3Ds,ip C段白名单,129
0011,2026-09-22,LKUS_physical_order_create,feature_oxYJ6qJ3BAfv,用户编号白名单,129
0011,2026-09-22,LKUS_physical_order_create,feature_P5eYl9a699fA,ip白名单,129
0011,2026-09-22,LKUS_physical_order_create,feature_yo8MLsBsGIsV,三方unionId白名单,129
0011,2026-09-22,LKUS_physical_order_create,feature_kqtp6XVcXXiQ,手机号白名单,129
0011,2026-09-22,LKUS_physical_order_create,feature_K0JuGvXPoQsS,网关uid白名单,129
0011,2026-09-22,LKUS_physical_order_create,feature_5caBWmAHDcCQ,邮箱白名单,129
0011,2026-09-22,LKUS_physical_order_create,feature_3CSh3LRVobu7,手机号黑名单,111
0011,2026-09-22,LKUS_physical_order_create,feature_jkeS0N10RDAn,网关uid黑名单,111
0011,2026-09-22,LKUS_physical_order_create,feature_7qCVo92BIECU,三方unionId黑名单,111
0011,2026-09-22,LKUS_physical_order_create,feature_9tl8mW2Gembc,邮箱黑名单,111
0011,2026-09-22,LKUS_physical_order_create,feature_g43LuQcahzCJ,用户编号黑名单,111
0011,2026-09-22,LKUS_physical_order_create,feature_XtxCPW1x9QTU,ip C段黑名单,111
0011,2026-09-22,LKUS_physical_order_create,feature_cOkhRQVI91IV,ip黑名单,111
0011,2026-09-22,LKUS_physical_order_create,feature_MHv7nra5Z6T5,reCAPTCHA V3 token是否有效,52
0011,2026-09-22,LKUS_payment,feature_vTICzBPfD3Ds,ip C段白名单,126
0011,2026-09-22,LKUS_payment,feature_oxYJ6qJ3BAfv,用户编号白名单,126
0011,2026-09-22,LKUS_payment,feature_P5eYl9a699fA,ip白名单,126
0011,2026-09-22,LKUS_payment,feature_yo8MLsBsGIsV,三方unionId白名单,126
0011,2026-09-22,LKUS_payment,feature_kqtp6XVcXXiQ,手机号白名单,126
0011,2026-09-22,LKUS_payment,feature_K0JuGvXPoQsS,网关uid白名单,126
0011,2026-09-22,LKUS_payment,feature_5caBWmAHDcCQ,邮箱白名单,126
0011,2026-09-22,LKUS_payment,feature_3CSh3LRVobu7,手机号黑名单,108
0011,2026-09-22,LKUS_payment,feature_jkeS0N10RDAn,网关uid黑名单,108
0011,2026-09-22,LKUS_payment,feature_7qCVo92BIECU,三方unionId黑名单,108
0011,2026-09-22,LKUS_payment,feature_9tl8mW2Gembc,邮箱黑名单,108
0011,2026-09-22,LKUS_payment,feature_g43LuQcahzCJ,用户编号黑名单,108
0011,2026-09-22,LKUS_payment,feature_XtxCPW1x9QTU,ip C段黑名单,108
0011,2026-09-22,LKUS_payment,feature_cOkhRQVI91IV,ip黑名单,108
0011,2026-09-22,LKUS_payment,feature_MHv7nra5Z6T5,reCAPTCHA V3 token是否有效,50
0011,2026-09-22,LKUS_payment,feature_TLXI8MNiNglz,reCAPTCHA V3风险分,58
0011,2026-09-22,LKUS_physical_order_create,feature_TLXI8MNiNglz,reCAPTCHA V3风险分,59
0011,2026-09-22,LKUS_login,feature_vTICzBPfD3Ds,ip C段白名单,20
0011,2026-09-22,LKUS_login,feature_P5eYl9a699fA,ip白名单,20
0011,2026-09-22,LKUS_login,feature_oxYJ6qJ3BAfv,用户编号白名单,20
0011,2026-09-22,LKUS_login,feature_yo8MLsBsGIsV,三方unionId白名单,20
0011,2026-09-22,LKUS_login,feature_kqtp6XVcXXiQ,手机号白名单,20
0011,2026-09-22,LKUS_login,feature_K0JuGvXPoQsS,网关uid白名单,20
0011,2026-09-22,LKUS_login,feature_5caBWmAHDcCQ,邮箱白名单,20
0011,2026-09-22,LKUS_login,feature_3CSh3LRVobu7,手机号黑名单,19
0011,2026-09-22,LKUS_login,feature_jkeS0N10RDAn,网关uid黑名单,19
0011,2026-09-22,LKUS_login,feature_7qCVo92BIECU,三方unionId黑名单,19
0011,2026-09-22,LKUS_login,feature_9tl8mW2Gembc,邮箱黑名单,19
0011,2026-09-22,LKUS_login,feature_XtxCPW1x9QTU,ip C段黑名单,19
0011,2026-09-22,LKUS_login,feature_g43LuQcahzCJ,用户编号黑名单,19
0011,2026-09-22,LKUS_login,feature_cOkhRQVI91IV,ip黑名单,19
0011,2026-09-22,LKUS_login,feature_TLXI8MNiNglz,reCAPTCHA V3风险分,10
0011,2026-09-22,LKUS_grant_new_user_coupon,feature_vTICzBPfD3Ds,ip C段白名单,12
0011,2026-09-22,LKUS_grant_new_user_coupon,feature_P5eYl9a699fA,ip白名单,12
0011,2026-09-22,LKUS_grant_new_user_coupon,feature_oxYJ6qJ3BAfv,用户编号白名单,12
0011,2026-09-22,LKUS_grant_new_user_coupon,feature_yo8MLsBsGIsV,三方unionId白名单,12
0011,2026-09-22,LKUS_grant_new_user_coupon,feature_kqtp6XVcXXiQ,手机号白名单,12
0011,2026-09-22,LKUS_grant_new_user_coupon,feature_K0JuGvXPoQsS,网关uid白名单,12
0011,2026-09-22,LKUS_grant_new_user_coupon,feature_5caBWmAHDcCQ,邮箱白名单,12
0011,2026-09-22,LKUS_grant_new_user_coupon,feature_3CSh3LRVobu7,手机号黑名单,12
0011,2026-09-22,LKUS_grant_new_user_coupon,feature_jkeS0N10RDAn,网关uid黑名单,12
0011,2026-09-22,LKUS_grant_new_user_coupon,feature_7qCVo92BIECU,三方unionId黑名单,12
0011,2026-09-22,LKUS_grant_new_user_coupon,feature_9tl8mW2Gembc,邮箱黑名单,12
0011,2026-09-22,LKUS_grant_new_user_coupon,feature_XtxCPW1x9QTU,ip C段黑名单,12
0011,2026-09-22,LKUS_grant_new_user_coupon,feature_g43LuQcahzCJ,用户编号黑名单,12
0011,2026-09-22,LKUS_grant_new_user_coupon,feature_cOkhRQVI91IV,ip黑名单,12
0011,2026-09-22,LKUS_login,feature_MHv7nra5Z6T5,reCAPTCHA V3 token是否有效,9
0011,2026-09-22,LKUS_register,feature_vTICzBPfD3Ds,ip C段白名单,9
0011,2026-09-22,LKUS_register,feature_P5eYl9a699fA,ip白名单,9
0011,2026-09-22,LKUS_register,feature_oxYJ6qJ3BAfv,用户编号白名单,9
0011,2026-09-22,LKUS_register,feature_yo8MLsBsGIsV,三方unionId白名单,9
0011,2026-09-22,LKUS_register,feature_kqtp6XVcXXiQ,手机号白名单,9
0011,2026-09-22,LKUS_register,feature_K0JuGvXPoQsS,网关uid白名单,9
0011,2026-09-22,LKUS_register,feature_5caBWmAHDcCQ,邮箱白名单,9
0011,2026-09-22,LKUS_register,feature_3CSh3LRVobu7,手机号黑名单,9
0011,2026-09-22,LKUS_register,feature_jkeS0N10RDAn,网关uid黑名单,9
0011,2026-09-22,LKUS_register,feature_7qCVo92BIECU,三方unionId黑名单,9
0011,2026-09-22,LKUS_register,feature_9tl8mW2Gembc,邮箱黑名单,9
0011,2026-09-22,LKUS_register,feature_XtxCPW1x9QTU,ip C段黑名单,9
0011,2026-09-22,LKUS_register,feature_g43LuQcahzCJ,用户编号黑名单,9
0011,2026-09-22,LKUS_register,feature_cOkhRQVI91IV,ip黑名单,9
0011,2026-09-22,LKUS_physical_order_cancel,feature_vTICzBPfD3Ds,ip C段白名单,3
0011,2026-09-22,LKUS_physical_order_cancel,feature_oxYJ6qJ3BAfv,用户编号白名单,3
0011,2026-09-22,LKUS_physical_order_cancel,feature_P5eYl9a699fA,ip白名单,3
0011,2026-09-22,LKUS_physical_order_cancel,feature_yo8MLsBsGIsV,三方unionId白名单,3
0011,2026-09-22,LKUS_physical_order_cancel,feature_kqtp6XVcXXiQ,手机号白名单,3
0011,2026-09-22,LKUS_physical_order_cancel,feature_K0JuGvXPoQsS,网关uid白名单,3
0011,2026-09-22,LKUS_physical_order_cancel,feature_5caBWmAHDcCQ,邮箱白名单,3
0011,2026-09-22,LKUS_physical_order_cancel,feature_3CSh3LRVobu7,手机号黑名单,3
0011,2026-09-22,LKUS_physical_order_cancel,feature_jkeS0N10RDAn,网关uid黑名单,3
0011,2026-09-22,LKUS_physical_order_cancel,feature_7qCVo92BIECU,三方unionId黑名单,3
0011,2026-09-22,LKUS_physical_order_cancel,feature_9tl8mW2Gembc,邮箱黑名单,3
0011,2026-09-22,LKUS_physical_order_cancel,feature_g43LuQcahzCJ,用户编号黑名单,3
0011,2026-09-22,LKUS_physical_order_cancel,feature_XtxCPW1x9QTU,ip C段黑名单,3
0011,2026-09-22,LKUS_physical_order_cancel,feature_cOkhRQVI91IV,ip黑名单,3
0011,2026-09-22,LKUS_push,feature_OE4u7WlFb1BT,uid近1天关联的IP国家个数,17
0011,2026-09-22,LKUS_push,feature_Gwh0jqPAdVNL,uid近1天关联的手机号个数,17
0011,2026-09-23,LKUS_push,feature_Fik6gvwY1tA6,手机号近1天的访问次数,110
0011,2026-09-23,LKUS_push,feature_vTICzBPfD3Ds,ip C段白名单,110
0011,2026-09-23,LKUS_push,feature_oxYJ6qJ3BAfv,用户编号白名单,110
0011,2026-09-23,LKUS_push,feature_P5eYl9a699fA,ip白名单,110
0011,2026-09-23,LKUS_push,feature_yo8MLsBsGIsV,三方unionId白名单,110
0011,2026-09-23,LKUS_push,feature_kqtp6XVcXXiQ,手机号白名单,110
0011,2026-09-23,LKUS_push,feature_K0JuGvXPoQsS,网关uid白名单,110
0011,2026-09-23,LKUS_push,feature_5caBWmAHDcCQ,邮箱白名单,110
0011,2026-09-23,LKUS_push,feature_3CSh3LRVobu7,手机号黑名单,109
0011,2026-09-23,LKUS_push,feature_jkeS0N10RDAn,网关uid黑名单,109
0011,2026-09-23,LKUS_push,feature_7qCVo92BIECU,三方unionId黑名单,109
0011,2026-09-23,LKUS_push,feature_9tl8mW2Gembc,邮箱黑名单,109
0011,2026-09-23,LKUS_push,feature_g43LuQcahzCJ,用户编号黑名单,109
0011,2026-09-23,LKUS_push,feature_XtxCPW1x9QTU,ip C段黑名单,109
0011,2026-09-23,LKUS_push,feature_cOkhRQVI91IV,ip黑名单,109
0011,2026-09-23,LKUS_push,feature_nnsdzZLQKPZ7,IP近10分钟关联的手机号个数,109
0011,2026-09-23,LKUS_push,feature_Ym70ZsfxQKSc,一分钟请求量,109
0011,2026-09-23,LKUS_push,feature_pf88qk27w76j,区号近5分钟的访问次数,109
0011,2026-09-23,LKUS_push,feature_dtoJoDcUgCcr,同区号近60分钟对应手机号个数,109
0011,2026-09-23,LKUS_push,feature_AemrK847uPtt,同IP同手机号近1分钟累计请求次数,109
0011,2026-09-23,LKUS_push,feature_OE4u7WlFb1BT,uid近1天关联的IP国家个数,109
0011,2026-09-23,LKUS_push,feature_TLXI8MNiNglz,reCAPTCHA V3风险分,109
0011,2026-09-23,LKUS_push,feature_TGPe0mjAPwR5,IP近60分钟关联的国家区号个数,109
0011,2026-09-23,LKUS_push,feature_YkpmaKaJhcdG,区号近1天内的访问次数,109
0011,2026-09-23,LKUS_push,feature_bvE9FL19wqag,同IP同手机号近5分钟累计请求次数,109
0011,2026-09-23,LKUS_push,feature_7DbBgowc2mEl,IP近1分钟的访问次数,109
0011,2026-09-23,LKUS_push,feature_6qwgYPGGuJZ4,IPC段近10分钟关联的手机号个数,109
0011,2026-09-23,LKUS_push,feature_Gwh0jqPAdVNL,uid近1天关联的手机号个数,109
0011,2026-09-23,LKUS_push,feature_KtSZtJ9w7f9r,IPC段近1分钟关联的手机号个数,109
0011,2026-09-23,LKUS_push,feature_JaT2oyzVtD0q,手机号近1分钟的访问次数,109
0011,2026-09-23,LKUS_push,feature_UOJYBEifd5Jn,区号近60分钟的访问次数,109
0011,2026-09-23,LKUS_push,feature_e1Kmz7JqzsWc,同区号近60分钟V3token为空对应手机号个数,109
0011,2026-09-23,LKUS_push,feature_IPwzfPamC8eW,同手机号30分钟关联的IP city个数,109
0011,2026-09-23,LKUS_push,feature_n91JeGM6gD6i,同区号近60分钟非美国IP访问次数,109
0011,2026-09-23,LKUS_push,feature_53Ck9TgChpTW,IP近5分钟关联的手机号个数,109
0011,2026-09-23,LKUS_push,feature_hspErCH8fSCE,手机号近30分钟的访问次数,109
0011,2026-09-23,LKUS_push,feature_SdA1CjZvNCMG,区号近1分钟的访问次数,109
0011,2026-09-23,LKUS_push,feature_lydpDiga6SB9,手机号近5分钟的访问次数,109
0011,2026-09-23,LKUS_push,feature_WxHUxqIN0IuS,同IP近5分钟的访问次数,109
0011,2026-09-23,LKUS_push,feature_VItdlLjtEYnQ,IPC段近1天关联的手机号个数,109
0011,2026-09-23,LKUS_push,feature_Wg4dZ6VJBuTb,IP近1分钟关联的手机号个数,109
0011,2026-09-23,LKUS_push,feature_9EHsNcVBo6IN,IPC段近1天关联的国家区号个数,109
0011,2026-09-23,LKUS_push,feature_r1bhlQnbfRHb,IP近60分钟关联的手机号个数,109
0011,2026-09-23,LKUS_push,feature_dqBHKec09Wwa,同区号近60分钟未携带recaptchaV3token 访问次数,109
0011,2026-09-23,LKUS_physical_order_create,feature_vTICzBPfD3Ds,ip C段白名单,97
0011,2026-09-23,LKUS_physical_order_create,feature_P5eYl9a699fA,ip白名单,97
0011,2026-09-23,LKUS_physical_order_create,feature_oxYJ6qJ3BAfv,用户编号白名单,97
0011,2026-09-23,LKUS_physical_order_create,feature_yo8MLsBsGIsV,三方unionId白名单,97
0011,2026-09-23,LKUS_physical_order_create,feature_kqtp6XVcXXiQ,手机号白名单,97
0011,2026-09-23,LKUS_physical_order_create,feature_K0JuGvXPoQsS,网关uid白名单,97
0011,2026-09-23,LKUS_physical_order_create,feature_5caBWmAHDcCQ,邮箱白名单,97
0011,2026-09-23,LKUS_physical_order_create,feature_3CSh3LRVobu7,手机号黑名单,78
0011,2026-09-23,LKUS_physical_order_create,feature_jkeS0N10RDAn,网关uid黑名单,78
0011,2026-09-23,LKUS_physical_order_create,feature_7qCVo92BIECU,三方unionId黑名单,78
0011,2026-09-23,LKUS_physical_order_create,feature_9tl8mW2Gembc,邮箱黑名单,78
0011,2026-09-23,LKUS_physical_order_create,feature_XtxCPW1x9QTU,ip C段黑名单,78
0011,2026-09-23,LKUS_physical_order_create,feature_g43LuQcahzCJ,用户编号黑名单,78
0011,2026-09-23,LKUS_physical_order_create,feature_cOkhRQVI91IV,ip黑名单,78
0011,2026-09-23,LKUS_physical_order_create,feature_TLXI8MNiNglz,reCAPTCHA V3风险分,41
0011,2026-09-23,LKUS_payment,feature_vTICzBPfD3Ds,ip C段白名单,97
0011,2026-09-23,LKUS_payment,feature_P5eYl9a699fA,ip白名单,97
0011,2026-09-23,LKUS_payment,feature_oxYJ6qJ3BAfv,用户编号白名单,97
0011,2026-09-23,LKUS_payment,feature_yo8MLsBsGIsV,三方unionId白名单,97
0011,2026-09-23,LKUS_payment,feature_kqtp6XVcXXiQ,手机号白名单,97
0011,2026-09-23,LKUS_payment,feature_K0JuGvXPoQsS,网关uid白名单,97
0011,2026-09-23,LKUS_payment,feature_5caBWmAHDcCQ,邮箱白名单,97
0011,2026-09-23,LKUS_payment,feature_3CSh3LRVobu7,手机号黑名单,77
0011,2026-09-23,LKUS_payment,feature_jkeS0N10RDAn,网关uid黑名单,77
0011,2026-09-23,LKUS_payment,feature_7qCVo92BIECU,三方unionId黑名单,77
0011,2026-09-23,LKUS_payment,feature_9tl8mW2Gembc,邮箱黑名单,77
0011,2026-09-23,LKUS_payment,feature_XtxCPW1x9QTU,ip C段黑名单,77
0011,2026-09-23,LKUS_payment,feature_g43LuQcahzCJ,用户编号黑名单,77
0011,2026-09-23,LKUS_payment,feature_cOkhRQVI91IV,ip黑名单,77
0011,2026-09-23,LKUS_payment,feature_TLXI8MNiNglz,reCAPTCHA V3风险分,35
0011,2026-09-23,LKUS_register,feature_vTICzBPfD3Ds,ip C段白名单,19
0011,2026-09-23,LKUS_register,feature_P5eYl9a699fA,ip白名单,19
0011,2026-09-23,LKUS_register,feature_oxYJ6qJ3BAfv,用户编号白名单,19
0011,2026-09-23,LKUS_register,feature_yo8MLsBsGIsV,三方unionId白名单,19
0011,2026-09-23,LKUS_register,feature_kqtp6XVcXXiQ,手机号白名单,19
0011,2026-09-23,LKUS_register,feature_K0JuGvXPoQsS,网关uid白名单,19
0011,2026-09-23,LKUS_register,feature_5caBWmAHDcCQ,邮箱白名单,19
0011,2026-09-23,LKUS_register,feature_3CSh3LRVobu7,手机号黑名单,19
0011,2026-09-23,LKUS_register,feature_jkeS0N10RDAn,网关uid黑名单,19
0011,2026-09-23,LKUS_register,feature_7qCVo92BIECU,三方unionId黑名单,19
0011,2026-09-23,LKUS_register,feature_9tl8mW2Gembc,邮箱黑名单,19
0011,2026-09-23,LKUS_register,feature_XtxCPW1x9QTU,ip C段黑名单,19
0011,2026-09-23,LKUS_register,feature_g43LuQcahzCJ,用户编号黑名单,19
0011,2026-09-23,LKUS_register,feature_cOkhRQVI91IV,ip黑名单,19
0011,2026-09-23,LKUS_physical_order_create,feature_MHv7nra5Z6T5,reCAPTCHA V3 token是否有效,37
0011,2026-09-23,LKUS_payment,feature_MHv7nra5Z6T5,reCAPTCHA V3 token是否有效,42
0011,2026-09-23,LKUS_login,feature_vTICzBPfD3Ds,ip C段白名单,18
0011,2026-09-23,LKUS_login,feature_P5eYl9a699fA,ip白名单,18
0011,2026-09-23,LKUS_login,feature_oxYJ6qJ3BAfv,用户编号白名单,18
0011,2026-09-23,LKUS_login,feature_yo8MLsBsGIsV,三方unionId白名单,18
0011,2026-09-23,LKUS_login,feature_kqtp6XVcXXiQ,手机号白名单,18
0011,2026-09-23,LKUS_login,feature_K0JuGvXPoQsS,网关uid白名单,18
0011,2026-09-23,LKUS_login,feature_5caBWmAHDcCQ,邮箱白名单,18
0011,2026-09-23,LKUS_login,feature_3CSh3LRVobu7,手机号黑名单,18
0011,2026-09-23,LKUS_login,feature_jkeS0N10RDAn,网关uid黑名单,18
0011,2026-09-23,LKUS_login,feature_7qCVo92BIECU,三方unionId黑名单,18
0011,2026-09-23,LKUS_login,feature_9tl8mW2Gembc,邮箱黑名单,18
0011,2026-09-23,LKUS_login,feature_XtxCPW1x9QTU,ip C段黑名单,18
0011,2026-09-23,LKUS_login,feature_g43LuQcahzCJ,用户编号黑名单,18
0011,2026-09-23,LKUS_login,feature_cOkhRQVI91IV,ip黑名单,18
0011,2026-09-23,LKUS_login,feature_TLXI8MNiNglz,reCAPTCHA V3风险分,10
0011,2026-09-23,LKUS_physical_order_cancel,feature_vTICzBPfD3Ds,ip C段白名单,1
0011,2026-09-23,LKUS_physical_order_cancel,feature_oxYJ6qJ3BAfv,用户编号白名单,1
0011,2026-09-23,LKUS_physical_order_cancel,feature_P5eYl9a699fA,ip白名单,1
0011,2026-09-23,LKUS_physical_order_cancel,feature_yo8MLsBsGIsV,三方unionId白名单,1
0011,2026-09-23,LKUS_physical_order_cancel,feature_kqtp6XVcXXiQ,手机号白名单,1
0011,2026-09-23,LKUS_physical_order_cancel,feature_K0JuGvXPoQsS,网关uid白名单,1
0011,2026-09-23,LKUS_physical_order_cancel,feature_5caBWmAHDcCQ,邮箱白名单,1
0011,2026-09-23,LKUS_physical_order_cancel,feature_3CSh3LRVobu7,手机号黑名单,1
0011,2026-09-23,LKUS_physical_order_cancel,feature_jkeS0N10RDAn,网关uid黑名单,1
0011,2026-09-23,LKUS_physical_order_cancel,feature_7qCVo92BIECU,三方unionId黑名单,1
0011,2026-09-23,LKUS_physical_order_cancel,feature_9tl8mW2Gembc,邮箱黑名单,1
0011,2026-09-23,LKUS_physical_order_cancel,feature_g43LuQcahzCJ,用户编号黑名单,1
0011,2026-09-23,LKUS_physical_order_cancel,feature_XtxCPW1x9QTU,ip C段黑名单,1
0011,2026-09-23,LKUS_physical_order_cancel,feature_cOkhRQVI91IV,ip黑名单,1
0011,2026-09-23,LKUS_login,feature_MHv7nra5Z6T5,reCAPTCHA V3 token是否有效,8
0011,2026-09-23,LKUS_grant_new_user_coupon,feature_vTICzBPfD3Ds,ip C段白名单,7
0011,2026-09-23,LKUS_grant_new_user_coupon,feature_P5eYl9a699fA,ip白名单,7
0011,2026-09-23,LKUS_grant_new_user_coupon,feature_oxYJ6qJ3BAfv,用户编号白名单,7
0011,2026-09-23,LKUS_grant_new_user_coupon,feature_yo8MLsBsGIsV,三方unionId白名单,7
0011,2026-09-23,LKUS_grant_new_user_coupon,feature_kqtp6XVcXXiQ,手机号白名单,7
0011,2026-09-23,LKUS_grant_new_user_coupon,feature_K0JuGvXPoQsS,网关uid白名单,7
0011,2026-09-23,LKUS_grant_new_user_coupon,feature_5caBWmAHDcCQ,邮箱白名单,7
0011,2026-09-23,LKUS_grant_new_user_coupon,feature_3CSh3LRVobu7,手机号黑名单,7
0011,2026-09-23,LKUS_grant_new_user_coupon,feature_jkeS0N10RDAn,网关uid黑名单,7
0011,2026-09-23,LKUS_grant_new_user_coupon,feature_7qCVo92BIECU,三方unionId黑名单,7
0011,2026-09-23,LKUS_grant_new_user_coupon,feature_9tl8mW2Gembc,邮箱黑名单,7
0011,2026-09-23,LKUS_grant_new_user_coupon,feature_XtxCPW1x9QTU,ip C段黑名单,7
0011,2026-09-23,LKUS_grant_new_user_coupon,feature_g43LuQcahzCJ,用户编号黑名单,7
0011,2026-09-23,LKUS_grant_new_user_coupon,feature_cOkhRQVI91IV,ip黑名单,7
0011,2026-09-24,LKUS_push,feature_Fik6gvwY1tA6,手机号近1天的访问次数,59
0011,2026-09-24,LKUS_push,feature_vTICzBPfD3Ds,ip C段白名单,59
0011,2026-09-24,LKUS_push,feature_oxYJ6qJ3BAfv,用户编号白名单,59
0011,2026-09-24,LKUS_push,feature_P5eYl9a699fA,ip白名单,59
0011,2026-09-24,LKUS_push,feature_yo8MLsBsGIsV,三方unionId白名单,59
0011,2026-09-24,LKUS_push,feature_kqtp6XVcXXiQ,手机号白名单,59
0011,2026-09-24,LKUS_push,feature_K0JuGvXPoQsS,网关uid白名单,59
0011,2026-09-24,LKUS_push,feature_5caBWmAHDcCQ,邮箱白名单,59
0011,2026-09-24,LKUS_push,feature_3CSh3LRVobu7,手机号黑名单,56
0011,2026-09-24,LKUS_push,feature_jkeS0N10RDAn,网关uid黑名单,56
0011,2026-09-24,LKUS_push,feature_7qCVo92BIECU,三方unionId黑名单,56
0011,2026-09-24,LKUS_push,feature_9tl8mW2Gembc,邮箱黑名单,56
0011,2026-09-24,LKUS_push,feature_g43LuQcahzCJ,用户编号黑名单,56
0011,2026-09-24,LKUS_push,feature_XtxCPW1x9QTU,ip C段黑名单,56
0011,2026-09-24,LKUS_push,feature_cOkhRQVI91IV,ip黑名单,56
0011,2026-09-24,LKUS_push,feature_nnsdzZLQKPZ7,IP近10分钟关联的手机号个数,56
0011,2026-09-24,LKUS_push,feature_Ym70ZsfxQKSc,一分钟请求量,56
0011,2026-09-24,LKUS_push,feature_pf88qk27w76j,区号近5分钟的访问次数,56
0011,2026-09-24,LKUS_push,feature_dtoJoDcUgCcr,同区号近60分钟对应手机号个数,56
0011,2026-09-24,LKUS_push,feature_AemrK847uPtt,同IP同手机号近1分钟累计请求次数,56
0011,2026-09-24,LKUS_push,feature_OE4u7WlFb1BT,uid近1天关联的IP国家个数,56
0011,2026-09-24,LKUS_push,feature_TLXI8MNiNglz,reCAPTCHA V3风险分,56
0011,2026-09-24,LKUS_push,feature_TGPe0mjAPwR5,IP近60分钟关联的国家区号个数,56
0011,2026-09-24,LKUS_push,feature_YkpmaKaJhcdG,区号近1天内的访问次数,56
0011,2026-09-24,LKUS_push,feature_bvE9FL19wqag,同IP同手机号近5分钟累计请求次数,56
0011,2026-09-24,LKUS_push,feature_7DbBgowc2mEl,IP近1分钟的访问次数,56
0011,2026-09-24,LKUS_push,feature_6qwgYPGGuJZ4,IPC段近10分钟关联的手机号个数,56
0011,2026-09-24,LKUS_push,feature_Gwh0jqPAdVNL,uid近1天关联的手机号个数,56
0011,2026-09-24,LKUS_push,feature_KtSZtJ9w7f9r,IPC段近1分钟关联的手机号个数,56
0011,2026-09-24,LKUS_push,feature_JaT2oyzVtD0q,手机号近1分钟的访问次数,56
0011,2026-09-24,LKUS_push,feature_UOJYBEifd5Jn,区号近60分钟的访问次数,56
0011,2026-09-24,LKUS_push,feature_e1Kmz7JqzsWc,同区号近60分钟V3token为空对应手机号个数,56
0011,2026-09-24,LKUS_push,feature_IPwzfPamC8eW,同手机号30分钟关联的IP city个数,56
0011,2026-09-24,LKUS_push,feature_n91JeGM6gD6i,同区号近60分钟非美国IP访问次数,56
0011,2026-09-24,LKUS_push,feature_53Ck9TgChpTW,IP近5分钟关联的手机号个数,56
0011,2026-09-24,LKUS_push,feature_hspErCH8fSCE,手机号近30分钟的访问次数,56
0011,2026-09-24,LKUS_push,feature_SdA1CjZvNCMG,区号近1分钟的访问次数,56
0011,2026-09-24,LKUS_push,feature_lydpDiga6SB9,手机号近5分钟的访问次数,56
0011,2026-09-24,LKUS_push,feature_WxHUxqIN0IuS,同IP近5分钟的访问次数,56
0011,2026-09-24,LKUS_push,feature_VItdlLjtEYnQ,IPC段近1天关联的手机号个数,56
0011,2026-09-24,LKUS_push,feature_Wg4dZ6VJBuTb,IP近1分钟关联的手机号个数,56
0011,2026-09-24,LKUS_push,feature_9EHsNcVBo6IN,IPC段近1天关联的国家区号个数,56
0011,2026-09-24,LKUS_push,feature_r1bhlQnbfRHb,IP近60分钟关联的手机号个数,56
0011,2026-09-24,LKUS_push,feature_dqBHKec09Wwa,同区号近60分钟未携带recaptchaV3token 访问次数,56
0011,2026-09-24,LKUS_physical_order_create,feature_vTICzBPfD3Ds,ip C段白名单,92
0011,2026-09-24,LKUS_physical_order_create,feature_oxYJ6qJ3BAfv,用户编号白名单,92
0011,2026-09-24,LKUS_physical_order_create,feature_P5eYl9a699fA,ip白名单,92
0011,2026-09-24,LKUS_physical_order_create,feature_yo8MLsBsGIsV,三方unionId白名单,92
0011,2026-09-24,LKUS_physical_order_create,feature_kqtp6XVcXXiQ,手机号白名单,92
0011,2026-09-24,LKUS_physical_order_create,feature_K0JuGvXPoQsS,网关uid白名单,92
0011,2026-09-24,LKUS_physical_order_create,feature_5caBWmAHDcCQ,邮箱白名单,92
0011,2026-09-24,LKUS_physical_order_create,feature_3CSh3LRVobu7,手机号黑名单,83
0011,2026-09-24,LKUS_physical_order_create,feature_jkeS0N10RDAn,网关uid黑名单,83
0011,2026-09-24,LKUS_physical_order_create,feature_7qCVo92BIECU,三方unionId黑名单,83
0011,2026-09-24,LKUS_physical_order_create,feature_9tl8mW2Gembc,邮箱黑名单,83
0011,2026-09-24,LKUS_physical_order_create,feature_g43LuQcahzCJ,用户编号黑名单,83
0011,2026-09-24,LKUS_physical_order_create,feature_XtxCPW1x9QTU,ip C段黑名单,83
0011,2026-09-24,LKUS_physical_order_create,feature_cOkhRQVI91IV,ip黑名单,83
0011,2026-09-24,LKUS_physical_order_create,feature_MHv7nra5Z6T5,reCAPTCHA V3 token是否有效,40
0011,2026-09-24,LKUS_payment,feature_vTICzBPfD3Ds,ip C段白名单,91
0011,2026-09-24,LKUS_payment,feature_P5eYl9a699fA,ip白名单,91
0011,2026-09-24,LKUS_payment,feature_oxYJ6qJ3BAfv,用户编号白名单,91
0011,2026-09-24,LKUS_payment,feature_yo8MLsBsGIsV,三方unionId白名单,91
0011,2026-09-24,LKUS_payment,feature_kqtp6XVcXXiQ,手机号白名单,91
0011,2026-09-24,LKUS_payment,feature_K0JuGvXPoQsS,网关uid白名单,91
0011,2026-09-24,LKUS_payment,feature_5caBWmAHDcCQ,邮箱白名单,91
0011,2026-09-24,LKUS_payment,feature_3CSh3LRVobu7,手机号黑名单,82
0011,2026-09-24,LKUS_payment,feature_jkeS0N10RDAn,网关uid黑名单,82
0011,2026-09-24,LKUS_payment,feature_7qCVo92BIECU,三方unionId黑名单,82
0011,2026-09-24,LKUS_payment,feature_9tl8mW2Gembc,邮箱黑名单,82
0011,2026-09-24,LKUS_payment,feature_XtxCPW1x9QTU,ip C段黑名单,82
0011,2026-09-24,LKUS_payment,feature_g43LuQcahzCJ,用户编号黑名单,82
0011,2026-09-24,LKUS_payment,feature_cOkhRQVI91IV,ip黑名单,82
0011,2026-09-24,LKUS_payment,feature_TLXI8MNiNglz,reCAPTCHA V3风险分,43
0011,2026-09-24,LKUS_physical_order_create,feature_TLXI8MNiNglz,reCAPTCHA V3风险分,43
0011,2026-09-24,LKUS_payment,feature_MHv7nra5Z6T5,reCAPTCHA V3 token是否有效,39
0011,2026-09-24,LKUS_login,feature_vTICzBPfD3Ds,ip C段白名单,14
0011,2026-09-24,LKUS_login,feature_oxYJ6qJ3BAfv,用户编号白名单,14
0011,2026-09-24,LKUS_login,feature_P5eYl9a699fA,ip白名单,14
0011,2026-09-24,LKUS_login,feature_yo8MLsBsGIsV,三方unionId白名单,14
0011,2026-09-24,LKUS_login,feature_kqtp6XVcXXiQ,手机号白名单,14
0011,2026-09-24,LKUS_login,feature_K0JuGvXPoQsS,网关uid白名单,14
0011,2026-09-24,LKUS_login,feature_5caBWmAHDcCQ,邮箱白名单,14
0011,2026-09-24,LKUS_login,feature_3CSh3LRVobu7,手机号黑名单,14
0011,2026-09-24,LKUS_login,feature_jkeS0N10RDAn,网关uid黑名单,14
0011,2026-09-24,LKUS_login,feature_7qCVo92BIECU,三方unionId黑名单,14
0011,2026-09-24,LKUS_login,feature_9tl8mW2Gembc,邮箱黑名单,14
0011,2026-09-24,LKUS_login,feature_g43LuQcahzCJ,用户编号黑名单,14
0011,2026-09-24,LKUS_login,feature_XtxCPW1x9QTU,ip C段黑名单,14
0011,2026-09-24,LKUS_login,feature_cOkhRQVI91IV,ip黑名单,14
0011,2026-09-24,LKUS_login,feature_MHv7nra5Z6T5,reCAPTCHA V3 token是否有效,9
0011,2026-09-24,LKUS_physical_order_cancel,feature_vTICzBPfD3Ds,ip C段白名单,2
0011,2026-09-24,LKUS_physical_order_cancel,feature_P5eYl9a699fA,ip白名单,2
0011,2026-09-24,LKUS_physical_order_cancel,feature_oxYJ6qJ3BAfv,用户编号白名单,2
0011,2026-09-24,LKUS_physical_order_cancel,feature_yo8MLsBsGIsV,三方unionId白名单,2
0011,2026-09-24,LKUS_physical_order_cancel,feature_kqtp6XVcXXiQ,手机号白名单,2
0011,2026-09-24,LKUS_physical_order_cancel,feature_K0JuGvXPoQsS,网关uid白名单,2
0011,2026-09-24,LKUS_physical_order_cancel,feature_5caBWmAHDcCQ,邮箱白名单,2
0011,2026-09-24,LKUS_physical_order_cancel,feature_3CSh3LRVobu7,手机号黑名单,2
0011,2026-09-24,LKUS_physical_order_cancel,feature_jkeS0N10RDAn,网关uid黑名单,2
0011,2026-09-24,LKUS_physical_order_cancel,feature_7qCVo92BIECU,三方unionId黑名单,2
0011,2026-09-24,LKUS_physical_order_cancel,feature_9tl8mW2Gembc,邮箱黑名单,2
0011,2026-09-24,LKUS_physical_order_cancel,feature_XtxCPW1x9QTU,ip C段黑名单,2
0011,2026-09-24,LKUS_physical_order_cancel,feature_g43LuQcahzCJ,用户编号黑名单,2
0011,2026-09-24,LKUS_physical_order_cancel,feature_cOkhRQVI91IV,ip黑名单,2
0011,2026-09-24,LKUS_register,feature_vTICzBPfD3Ds,ip C段白名单,8
0011,2026-09-24,LKUS_register,feature_P5eYl9a699fA,ip白名单,8
0011,2026-09-24,LKUS_register,feature_oxYJ6qJ3BAfv,用户编号白名单,8
0011,2026-09-24,LKUS_register,feature_yo8MLsBsGIsV,三方unionId白名单,8
0011,2026-09-24,LKUS_register,feature_kqtp6XVcXXiQ,手机号白名单,8
0011,2026-09-24,LKUS_register,feature_K0JuGvXPoQsS,网关uid白名单,8
0011,2026-09-24,LKUS_register,feature_5caBWmAHDcCQ,邮箱白名单,8
0011,2026-09-24,LKUS_register,feature_3CSh3LRVobu7,手机号黑名单,8
0011,2026-09-24,LKUS_register,feature_jkeS0N10RDAn,网关uid黑名单,8
0011,2026-09-24,LKUS_register,feature_7qCVo92BIECU,三方unionId黑名单,8
0011,2026-09-24,LKUS_register,feature_9tl8mW2Gembc,邮箱黑名单,8
0011,2026-09-24,LKUS_register,feature_XtxCPW1x9QTU,ip C段黑名单,8
0011,2026-09-24,LKUS_register,feature_g43LuQcahzCJ,用户编号黑名单,8
0011,2026-09-24,LKUS_register,feature_cOkhRQVI91IV,ip黑名单,8
0011,2026-09-24,LKUS_grant_new_user_coupon,feature_vTICzBPfD3Ds,ip C段白名单,9
0011,2026-09-24,LKUS_grant_new_user_coupon,feature_oxYJ6qJ3BAfv,用户编号白名单,9
0011,2026-09-24,LKUS_grant_new_user_coupon,feature_P5eYl9a699fA,ip白名单,9
0011,2026-09-24,LKUS_grant_new_user_coupon,feature_yo8MLsBsGIsV,三方unionId白名单,9
0011,2026-09-24,LKUS_grant_new_user_coupon,feature_kqtp6XVcXXiQ,手机号白名单,9
0011,2026-09-24,LKUS_grant_new_user_coupon,feature_K0JuGvXPoQsS,网关uid白名单,9
0011,2026-09-24,LKUS_grant_new_user_coupon,feature_5caBWmAHDcCQ,邮箱白名单,9
0011,2026-09-24,LKUS_grant_new_user_coupon,feature_3CSh3LRVobu7,手机号黑名单,9
0011,2026-09-24,LKUS_grant_new_user_coupon,feature_jkeS0N10RDAn,网关uid黑名单,9
0011,2026-09-24,LKUS_grant_new_user_coupon,feature_7qCVo92BIECU,三方unionId黑名单,9
0011,2026-09-24,LKUS_grant_new_user_coupon,feature_9tl8mW2Gembc,邮箱黑名单,9
0011,2026-09-24,LKUS_grant_new_user_coupon,feature_g43LuQcahzCJ,用户编号黑名单,9
0011,2026-09-24,LKUS_grant_new_user_coupon,feature_XtxCPW1x9QTU,ip C段黑名单,9
0011,2026-09-24,LKUS_grant_new_user_coupon,feature_cOkhRQVI91IV,ip黑名单,9
0011,2026-09-24,LKUS_login,feature_TLXI8MNiNglz,reCAPTCHA V3风险分,5
