shard,ny_date,scene_id,feature_id,feature_name,n_rows
0048,2026-08-20,LKUS_push,feature_Fik6gvwY1tA6,手机号近1天的访问次数,24
0048,2026-08-20,LKUS_push,feature_r1bhlQnbfRHb,IP近60分钟关联的手机号个数,22
0048,2026-08-20,LKUS_push,feature_pf88qk27w76j,区号近5分钟的访问次数,22
0048,2026-08-20,LKUS_push,feature_53Ck9TgChpTW,IP近5分钟关联的手机号个数,22
0048,2026-08-20,LKUS_push,feature_lydpDiga6SB9,手机号近5分钟的访问次数,22
0048,2026-08-20,LKUS_push,feature_TLXI8MNiNglz,reCAPTCHA V3风险分,1
0048,2026-08-20,LKUS_push,feature_SdA1CjZvNCMG,区号近1分钟的访问次数,22
0048,2026-08-20,LKUS_push,feature_YkpmaKaJhcdG,区号近1天内的访问次数,22
0048,2026-08-20,LKUS_push,feature_Wg4dZ6VJBuTb,IP近1分钟关联的手机号个数,22
0048,2026-08-20,LKUS_push,feature_TGPe0mjAPwR5,IP近60分钟关联的国家区号个数,22
0048,2026-08-20,LKUS_push,feature_UOJYBEifd5Jn,区号近60分钟的访问次数,22
0048,2026-08-20,LKUS_push,feature_7DbBgowc2mEl,IP近1分钟的访问次数,22
0048,2026-08-20,LKUS_push,feature_JaT2oyzVtD0q,手机号近1分钟的访问次数,22
0048,2026-08-20,LKUS_push,feature_vTICzBPfD3Ds,ip C段白名单,23
0048,2026-08-20,LKUS_push,feature_oxYJ6qJ3BAfv,用户编号白名单,23
0048,2026-08-20,LKUS_push,feature_P5eYl9a699fA,ip白名单,23
0048,2026-08-20,LKUS_push,feature_yo8MLsBsGIsV,三方unionId白名单,23
0048,2026-08-20,LKUS_push,feature_kqtp6XVcXXiQ,手机号白名单,23
0048,2026-08-20,LKUS_push,feature_K0JuGvXPoQsS,网关uid白名单,23
0048,2026-08-20,LKUS_push,feature_5caBWmAHDcCQ,邮箱白名单,23
0048,2026-08-20,LKUS_push,feature_3CSh3LRVobu7,手机号黑名单,21
0048,2026-08-20,LKUS_push,feature_jkeS0N10RDAn,网关uid黑名单,21
0048,2026-08-20,LKUS_push,feature_7qCVo92BIECU,三方unionId黑名单,21
0048,2026-08-20,LKUS_push,feature_9tl8mW2Gembc,邮箱黑名单,21
0048,2026-08-20,LKUS_push,feature_g43LuQcahzCJ,用户编号黑名单,21
0048,2026-08-20,LKUS_push,feature_XtxCPW1x9QTU,ip C段黑名单,21
0048,2026-08-20,LKUS_push,feature_cOkhRQVI91IV,ip黑名单,21
0048,2026-08-20,LKUS_push,feature_MHv7nra5Z6T5,reCAPTCHA V3 token是否有效,21
0048,2026-08-20,LKUS_register,feature_oxYJ6qJ3BAfv,用户编号白名单,10
0048,2026-08-20,LKUS_register,feature_vTICzBPfD3Ds,ip C段白名单,10
0048,2026-08-20,LKUS_register,feature_P5eYl9a699fA,ip白名单,10
0048,2026-08-20,LKUS_register,feature_yo8MLsBsGIsV,三方unionId白名单,10
0048,2026-08-20,LKUS_register,feature_kqtp6XVcXXiQ,手机号白名单,10
0048,2026-08-20,LKUS_register,feature_5caBWmAHDcCQ,邮箱白名单,10
0048,2026-08-20,LKUS_register,feature_K0JuGvXPoQsS,网关uid白名单,10
0048,2026-08-20,LKUS_register,feature_3CSh3LRVobu7,手机号黑名单,9
0048,2026-08-20,LKUS_register,feature_jkeS0N10RDAn,网关uid黑名单,9
0048,2026-08-20,LKUS_register,feature_7qCVo92BIECU,三方unionId黑名单,9
0048,2026-08-20,LKUS_register,feature_9tl8mW2Gembc,邮箱黑名单,9
0048,2026-08-20,LKUS_register,feature_XtxCPW1x9QTU,ip C段黑名单,9
0048,2026-08-20,LKUS_register,feature_g43LuQcahzCJ,用户编号黑名单,9
0048,2026-08-20,LKUS_register,feature_cOkhRQVI91IV,ip黑名单,9
0048,2026-08-20,LKUS_payment,feature_vTICzBPfD3Ds,ip C段白名单,92
0048,2026-08-20,LKUS_payment,feature_oxYJ6qJ3BAfv,用户编号白名单,92
0048,2026-08-20,LKUS_payment,feature_P5eYl9a699fA,ip白名单,92
0048,2026-08-20,LKUS_payment,feature_yo8MLsBsGIsV,三方unionId白名单,92
0048,2026-08-20,LKUS_payment,feature_kqtp6XVcXXiQ,手机号白名单,92
0048,2026-08-20,LKUS_payment,feature_K0JuGvXPoQsS,网关uid白名单,92
0048,2026-08-20,LKUS_payment,feature_5caBWmAHDcCQ,邮箱白名单,92
0048,2026-08-20,LKUS_payment,feature_3CSh3LRVobu7,手机号黑名单,81
0048,2026-08-20,LKUS_payment,feature_jkeS0N10RDAn,网关uid黑名单,81
0048,2026-08-20,LKUS_payment,feature_7qCVo92BIECU,三方unionId黑名单,81
0048,2026-08-20,LKUS_payment,feature_9tl8mW2Gembc,邮箱黑名单,81
0048,2026-08-20,LKUS_payment,feature_g43LuQcahzCJ,用户编号黑名单,81
0048,2026-08-20,LKUS_payment,feature_XtxCPW1x9QTU,ip C段黑名单,81
0048,2026-08-20,LKUS_payment,feature_cOkhRQVI91IV,ip黑名单,81
0048,2026-08-20,LKUS_payment,feature_TLXI8MNiNglz,reCAPTCHA V3风险分,34
0048,2026-08-20,LKUS_physical_order_create,feature_oxYJ6qJ3BAfv,用户编号白名单,90
0048,2026-08-20,LKUS_physical_order_create,feature_vTICzBPfD3Ds,ip C段白名单,90
0048,2026-08-20,LKUS_physical_order_create,feature_P5eYl9a699fA,ip白名单,90
0048,2026-08-20,LKUS_physical_order_create,feature_yo8MLsBsGIsV,三方unionId白名单,90
0048,2026-08-20,LKUS_physical_order_create,feature_kqtp6XVcXXiQ,手机号白名单,90
0048,2026-08-20,LKUS_physical_order_create,feature_5caBWmAHDcCQ,邮箱白名单,90
0048,2026-08-20,LKUS_physical_order_create,feature_K0JuGvXPoQsS,网关uid白名单,90
0048,2026-08-20,LKUS_physical_order_create,feature_3CSh3LRVobu7,手机号黑名单,81
0048,2026-08-20,LKUS_physical_order_create,feature_jkeS0N10RDAn,网关uid黑名单,81
0048,2026-08-20,LKUS_physical_order_create,feature_7qCVo92BIECU,三方unionId黑名单,81
0048,2026-08-20,LKUS_physical_order_create,feature_9tl8mW2Gembc,邮箱黑名单,81
0048,2026-08-20,LKUS_physical_order_create,feature_XtxCPW1x9QTU,ip C段黑名单,81
0048,2026-08-20,LKUS_physical_order_create,feature_g43LuQcahzCJ,用户编号黑名单,81
0048,2026-08-20,LKUS_physical_order_create,feature_cOkhRQVI91IV,ip黑名单,81
0048,2026-08-20,LKUS_physical_order_create,feature_MHv7nra5Z6T5,reCAPTCHA V3 token是否有效,40
0048,2026-08-20,LKUS_payment,feature_MHv7nra5Z6T5,reCAPTCHA V3 token是否有效,47
0048,2026-08-20,LKUS_physical_order_create,feature_TLXI8MNiNglz,reCAPTCHA V3风险分,41
0048,2026-08-20,LKUS_login,feature_vTICzBPfD3Ds,ip C段白名单,19
0048,2026-08-20,LKUS_login,feature_oxYJ6qJ3BAfv,用户编号白名单,19
0048,2026-08-20,LKUS_login,feature_P5eYl9a699fA,ip白名单,19
0048,2026-08-20,LKUS_login,feature_yo8MLsBsGIsV,三方unionId白名单,19
0048,2026-08-20,LKUS_login,feature_kqtp6XVcXXiQ,手机号白名单,19
0048,2026-08-20,LKUS_login,feature_K0JuGvXPoQsS,网关uid白名单,19
0048,2026-08-20,LKUS_login,feature_5caBWmAHDcCQ,邮箱白名单,19
0048,2026-08-20,LKUS_login,feature_3CSh3LRVobu7,手机号黑名单,18
0048,2026-08-20,LKUS_login,feature_jkeS0N10RDAn,网关uid黑名单,18
0048,2026-08-20,LKUS_login,feature_7qCVo92BIECU,三方unionId黑名单,18
0048,2026-08-20,LKUS_login,feature_9tl8mW2Gembc,邮箱黑名单,18
0048,2026-08-20,LKUS_login,feature_g43LuQcahzCJ,用户编号黑名单,18
0048,2026-08-20,LKUS_login,feature_XtxCPW1x9QTU,ip C段黑名单,18
0048,2026-08-20,LKUS_login,feature_cOkhRQVI91IV,ip黑名单,18
0048,2026-08-20,LKUS_login,feature_TLXI8MNiNglz,reCAPTCHA V3风险分,9
0048,2026-08-20,LKUS_grant_new_user_coupon,feature_vTICzBPfD3Ds,ip C段白名单,11
0048,2026-08-20,LKUS_grant_new_user_coupon,feature_oxYJ6qJ3BAfv,用户编号白名单,11
0048,2026-08-20,LKUS_grant_new_user_coupon,feature_P5eYl9a699fA,ip白名单,11
0048,2026-08-20,LKUS_grant_new_user_coupon,feature_yo8MLsBsGIsV,三方unionId白名单,11
0048,2026-08-20,LKUS_grant_new_user_coupon,feature_kqtp6XVcXXiQ,手机号白名单,11
0048,2026-08-20,LKUS_grant_new_user_coupon,feature_K0JuGvXPoQsS,网关uid白名单,11
0048,2026-08-20,LKUS_grant_new_user_coupon,feature_5caBWmAHDcCQ,邮箱白名单,11
0048,2026-08-20,LKUS_grant_new_user_coupon,feature_3CSh3LRVobu7,手机号黑名单,11
0048,2026-08-20,LKUS_grant_new_user_coupon,feature_jkeS0N10RDAn,网关uid黑名单,11
0048,2026-08-20,LKUS_grant_new_user_coupon,feature_7qCVo92BIECU,三方unionId黑名单,11
0048,2026-08-20,LKUS_grant_new_user_coupon,feature_9tl8mW2Gembc,邮箱黑名单,11
0048,2026-08-20,LKUS_grant_new_user_coupon,feature_g43LuQcahzCJ,用户编号黑名单,11
0048,2026-08-20,LKUS_grant_new_user_coupon,feature_XtxCPW1x9QTU,ip C段黑名单,11
0048,2026-08-20,LKUS_grant_new_user_coupon,feature_cOkhRQVI91IV,ip黑名单,11
0048,2026-08-20,LKUS_login,feature_MHv7nra5Z6T5,reCAPTCHA V3 token是否有效,9
0048,2026-08-21,LKUS_login,feature_vTICzBPfD3Ds,ip C段白名单,22
0048,2026-08-21,LKUS_login,feature_oxYJ6qJ3BAfv,用户编号白名单,22
0048,2026-08-21,LKUS_login,feature_P5eYl9a699fA,ip白名单,22
0048,2026-08-21,LKUS_login,feature_yo8MLsBsGIsV,三方unionId白名单,22
0048,2026-08-21,LKUS_login,feature_kqtp6XVcXXiQ,手机号白名单,22
0048,2026-08-21,LKUS_login,feature_K0JuGvXPoQsS,网关uid白名单,22
0048,2026-08-21,LKUS_login,feature_5caBWmAHDcCQ,邮箱白名单,22
0048,2026-08-21,LKUS_login,feature_3CSh3LRVobu7,手机号黑名单,21
0048,2026-08-21,LKUS_login,feature_jkeS0N10RDAn,网关uid黑名单,21
0048,2026-08-21,LKUS_login,feature_7qCVo92BIECU,三方unionId黑名单,21
0048,2026-08-21,LKUS_login,feature_9tl8mW2Gembc,邮箱黑名单,21
0048,2026-08-21,LKUS_login,feature_g43LuQcahzCJ,用户编号黑名单,21
0048,2026-08-21,LKUS_login,feature_XtxCPW1x9QTU,ip C段黑名单,21
0048,2026-08-21,LKUS_login,feature_cOkhRQVI91IV,ip黑名单,21
0048,2026-08-21,LKUS_login,feature_TLXI8MNiNglz,reCAPTCHA V3风险分,8
0048,2026-08-21,LKUS_grant_new_user_coupon,feature_vTICzBPfD3Ds,ip C段白名单,11
0048,2026-08-21,LKUS_grant_new_user_coupon,feature_oxYJ6qJ3BAfv,用户编号白名单,11
0048,2026-08-21,LKUS_grant_new_user_coupon,feature_P5eYl9a699fA,ip白名单,11
0048,2026-08-21,LKUS_grant_new_user_coupon,feature_yo8MLsBsGIsV,三方unionId白名单,11
0048,2026-08-21,LKUS_grant_new_user_coupon,feature_kqtp6XVcXXiQ,手机号白名单,11
0048,2026-08-21,LKUS_grant_new_user_coupon,feature_K0JuGvXPoQsS,网关uid白名单,11
0048,2026-08-21,LKUS_grant_new_user_coupon,feature_5caBWmAHDcCQ,邮箱白名单,11
0048,2026-08-21,LKUS_grant_new_user_coupon,feature_3CSh3LRVobu7,手机号黑名单,11
0048,2026-08-21,LKUS_grant_new_user_coupon,feature_jkeS0N10RDAn,网关uid黑名单,11
0048,2026-08-21,LKUS_grant_new_user_coupon,feature_7qCVo92BIECU,三方unionId黑名单,11
0048,2026-08-21,LKUS_grant_new_user_coupon,feature_9tl8mW2Gembc,邮箱黑名单,11
0048,2026-08-21,LKUS_grant_new_user_coupon,feature_g43LuQcahzCJ,用户编号黑名单,11
0048,2026-08-21,LKUS_grant_new_user_coupon,feature_XtxCPW1x9QTU,ip C段黑名单,11
0048,2026-08-21,LKUS_grant_new_user_coupon,feature_cOkhRQVI91IV,ip黑名单,11
0048,2026-08-21,LKUS_login,feature_MHv7nra5Z6T5,reCAPTCHA V3 token是否有效,13
0048,2026-08-21,LKUS_physical_order_create,feature_oxYJ6qJ3BAfv,用户编号白名单,81
0048,2026-08-21,LKUS_physical_order_create,feature_vTICzBPfD3Ds,ip C段白名单,81
0048,2026-08-21,LKUS_physical_order_create,feature_P5eYl9a699fA,ip白名单,81
0048,2026-08-21,LKUS_physical_order_create,feature_yo8MLsBsGIsV,三方unionId白名单,81
0048,2026-08-21,LKUS_physical_order_create,feature_kqtp6XVcXXiQ,手机号白名单,81
0048,2026-08-21,LKUS_physical_order_create,feature_5caBWmAHDcCQ,邮箱白名单,81
0048,2026-08-21,LKUS_physical_order_create,feature_K0JuGvXPoQsS,网关uid白名单,81
0048,2026-08-21,LKUS_physical_order_create,feature_3CSh3LRVobu7,手机号黑名单,75
0048,2026-08-21,LKUS_physical_order_create,feature_jkeS0N10RDAn,网关uid黑名单,75
0048,2026-08-21,LKUS_physical_order_create,feature_7qCVo92BIECU,三方unionId黑名单,75
0048,2026-08-21,LKUS_physical_order_create,feature_9tl8mW2Gembc,邮箱黑名单,75
0048,2026-08-21,LKUS_physical_order_create,feature_XtxCPW1x9QTU,ip C段黑名单,75
0048,2026-08-21,LKUS_physical_order_create,feature_g43LuQcahzCJ,用户编号黑名单,75
0048,2026-08-21,LKUS_physical_order_create,feature_cOkhRQVI91IV,ip黑名单,75
0048,2026-08-21,LKUS_physical_order_create,feature_MHv7nra5Z6T5,reCAPTCHA V3 token是否有效,42
0048,2026-08-21,LKUS_payment,feature_oxYJ6qJ3BAfv,用户编号白名单,80
0048,2026-08-21,LKUS_payment,feature_vTICzBPfD3Ds,ip C段白名单,80
0048,2026-08-21,LKUS_payment,feature_P5eYl9a699fA,ip白名单,80
0048,2026-08-21,LKUS_payment,feature_yo8MLsBsGIsV,三方unionId白名单,80
0048,2026-08-21,LKUS_payment,feature_kqtp6XVcXXiQ,手机号白名单,80
0048,2026-08-21,LKUS_payment,feature_5caBWmAHDcCQ,邮箱白名单,80
0048,2026-08-21,LKUS_payment,feature_K0JuGvXPoQsS,网关uid白名单,80
0048,2026-08-21,LKUS_payment,feature_3CSh3LRVobu7,手机号黑名单,74
0048,2026-08-21,LKUS_payment,feature_jkeS0N10RDAn,网关uid黑名单,74
0048,2026-08-21,LKUS_payment,feature_7qCVo92BIECU,三方unionId黑名单,74
0048,2026-08-21,LKUS_payment,feature_9tl8mW2Gembc,邮箱黑名单,74
0048,2026-08-21,LKUS_payment,feature_XtxCPW1x9QTU,ip C段黑名单,74
0048,2026-08-21,LKUS_payment,feature_g43LuQcahzCJ,用户编号黑名单,74
0048,2026-08-21,LKUS_payment,feature_cOkhRQVI91IV,ip黑名单,74
0048,2026-08-21,LKUS_payment,feature_MHv7nra5Z6T5,reCAPTCHA V3 token是否有效,31
0048,2026-08-21,LKUS_payment,feature_TLXI8MNiNglz,reCAPTCHA V3风险分,43
0048,2026-08-21,LKUS_push,feature_oxYJ6qJ3BAfv,用户编号白名单,18
0048,2026-08-21,LKUS_push,feature_vTICzBPfD3Ds,ip C段白名单,18
0048,2026-08-21,LKUS_push,feature_P5eYl9a699fA,ip白名单,18
0048,2026-08-21,LKUS_push,feature_yo8MLsBsGIsV,三方unionId白名单,18
0048,2026-08-21,LKUS_push,feature_kqtp6XVcXXiQ,手机号白名单,18
0048,2026-08-21,LKUS_push,feature_5caBWmAHDcCQ,邮箱白名单,18
0048,2026-08-21,LKUS_push,feature_K0JuGvXPoQsS,网关uid白名单,18
0048,2026-08-21,LKUS_push,feature_Fik6gvwY1tA6,手机号近1天的访问次数,18
0048,2026-08-21,LKUS_push,feature_3CSh3LRVobu7,手机号黑名单,17
0048,2026-08-21,LKUS_push,feature_jkeS0N10RDAn,网关uid黑名单,17
0048,2026-08-21,LKUS_push,feature_7qCVo92BIECU,三方unionId黑名单,17
0048,2026-08-21,LKUS_push,feature_9tl8mW2Gembc,邮箱黑名单,17
0048,2026-08-21,LKUS_push,feature_XtxCPW1x9QTU,ip C段黑名单,17
0048,2026-08-21,LKUS_push,feature_g43LuQcahzCJ,用户编号黑名单,17
0048,2026-08-21,LKUS_push,feature_cOkhRQVI91IV,ip黑名单,17
0048,2026-08-21,LKUS_push,feature_lydpDiga6SB9,手机号近5分钟的访问次数,17
0048,2026-08-21,LKUS_push,feature_MHv7nra5Z6T5,reCAPTCHA V3 token是否有效,17
0048,2026-08-21,LKUS_push,feature_UOJYBEifd5Jn,区号近60分钟的访问次数,17
0048,2026-08-21,LKUS_push,feature_Wg4dZ6VJBuTb,IP近1分钟关联的手机号个数,17
0048,2026-08-21,LKUS_push,feature_r1bhlQnbfRHb,IP近60分钟关联的手机号个数,17
0048,2026-08-21,LKUS_push,feature_YkpmaKaJhcdG,区号近1天内的访问次数,17
0048,2026-08-21,LKUS_push,feature_7DbBgowc2mEl,IP近1分钟的访问次数,17
0048,2026-08-21,LKUS_push,feature_JaT2oyzVtD0q,手机号近1分钟的访问次数,17
0048,2026-08-21,LKUS_push,feature_TGPe0mjAPwR5,IP近60分钟关联的国家区号个数,17
0048,2026-08-21,LKUS_push,feature_pf88qk27w76j,区号近5分钟的访问次数,17
0048,2026-08-21,LKUS_push,feature_SdA1CjZvNCMG,区号近1分钟的访问次数,17
0048,2026-08-21,LKUS_push,feature_53Ck9TgChpTW,IP近5分钟关联的手机号个数,17
0048,2026-08-21,LKUS_physical_order_create,feature_TLXI8MNiNglz,reCAPTCHA V3风险分,33
0048,2026-08-21,LKUS_register,feature_vTICzBPfD3Ds,ip C段白名单,7
0048,2026-08-21,LKUS_register,feature_oxYJ6qJ3BAfv,用户编号白名单,7
0048,2026-08-21,LKUS_register,feature_P5eYl9a699fA,ip白名单,7
0048,2026-08-21,LKUS_register,feature_yo8MLsBsGIsV,三方unionId白名单,7
0048,2026-08-21,LKUS_register,feature_kqtp6XVcXXiQ,手机号白名单,7
0048,2026-08-21,LKUS_register,feature_K0JuGvXPoQsS,网关uid白名单,7
0048,2026-08-21,LKUS_register,feature_5caBWmAHDcCQ,邮箱白名单,7
0048,2026-08-21,LKUS_register,feature_3CSh3LRVobu7,手机号黑名单,7
0048,2026-08-21,LKUS_register,feature_jkeS0N10RDAn,网关uid黑名单,7
0048,2026-08-21,LKUS_register,feature_7qCVo92BIECU,三方unionId黑名单,7
0048,2026-08-21,LKUS_register,feature_9tl8mW2Gembc,邮箱黑名单,7
0048,2026-08-21,LKUS_register,feature_g43LuQcahzCJ,用户编号黑名单,7
0048,2026-08-21,LKUS_register,feature_XtxCPW1x9QTU,ip C段黑名单,7
0048,2026-08-21,LKUS_register,feature_cOkhRQVI91IV,ip黑名单,7
0048,2026-08-21,LKUS_physical_order_cancel,feature_vTICzBPfD3Ds,ip C段白名单,1
0048,2026-08-21,LKUS_physical_order_cancel,feature_oxYJ6qJ3BAfv,用户编号白名单,1
0048,2026-08-21,LKUS_physical_order_cancel,feature_P5eYl9a699fA,ip白名单,1
0048,2026-08-21,LKUS_physical_order_cancel,feature_yo8MLsBsGIsV,三方unionId白名单,1
0048,2026-08-21,LKUS_physical_order_cancel,feature_kqtp6XVcXXiQ,手机号白名单,1
0048,2026-08-21,LKUS_physical_order_cancel,feature_K0JuGvXPoQsS,网关uid白名单,1
0048,2026-08-21,LKUS_physical_order_cancel,feature_5caBWmAHDcCQ,邮箱白名单,1
0048,2026-08-21,LKUS_physical_order_cancel,feature_3CSh3LRVobu7,手机号黑名单,1
0048,2026-08-21,LKUS_physical_order_cancel,feature_jkeS0N10RDAn,网关uid黑名单,1
0048,2026-08-21,LKUS_physical_order_cancel,feature_7qCVo92BIECU,三方unionId黑名单,1
0048,2026-08-21,LKUS_physical_order_cancel,feature_9tl8mW2Gembc,邮箱黑名单,1
0048,2026-08-21,LKUS_physical_order_cancel,feature_g43LuQcahzCJ,用户编号黑名单,1
0048,2026-08-21,LKUS_physical_order_cancel,feature_XtxCPW1x9QTU,ip C段黑名单,1
0048,2026-08-21,LKUS_physical_order_cancel,feature_cOkhRQVI91IV,ip黑名单,1
0048,2026-08-22,LKUS_push,feature_vTICzBPfD3Ds,ip C段白名单,27
0048,2026-08-22,LKUS_push,feature_oxYJ6qJ3BAfv,用户编号白名单,27
0048,2026-08-22,LKUS_push,feature_P5eYl9a699fA,ip白名单,27
0048,2026-08-22,LKUS_push,feature_yo8MLsBsGIsV,三方unionId白名单,27
0048,2026-08-22,LKUS_push,feature_kqtp6XVcXXiQ,手机号白名单,27
0048,2026-08-22,LKUS_push,feature_K0JuGvXPoQsS,网关uid白名单,27
0048,2026-08-22,LKUS_push,feature_5caBWmAHDcCQ,邮箱白名单,27
0048,2026-08-22,LKUS_push,feature_Fik6gvwY1tA6,手机号近1天的访问次数,27
0048,2026-08-22,LKUS_push,feature_3CSh3LRVobu7,手机号黑名单,26
0048,2026-08-22,LKUS_push,feature_jkeS0N10RDAn,网关uid黑名单,26
0048,2026-08-22,LKUS_push,feature_7qCVo92BIECU,三方unionId黑名单,26
0048,2026-08-22,LKUS_push,feature_9tl8mW2Gembc,邮箱黑名单,26
0048,2026-08-22,LKUS_push,feature_g43LuQcahzCJ,用户编号黑名单,26
0048,2026-08-22,LKUS_push,feature_XtxCPW1x9QTU,ip C段黑名单,26
0048,2026-08-22,LKUS_push,feature_cOkhRQVI91IV,ip黑名单,26
0048,2026-08-22,LKUS_push,feature_r1bhlQnbfRHb,IP近60分钟关联的手机号个数,26
0048,2026-08-22,LKUS_push,feature_pf88qk27w76j,区号近5分钟的访问次数,26
0048,2026-08-22,LKUS_push,feature_lydpDiga6SB9,手机号近5分钟的访问次数,26
0048,2026-08-22,LKUS_push,feature_UOJYBEifd5Jn,区号近60分钟的访问次数,26
0048,2026-08-22,LKUS_push,feature_MHv7nra5Z6T5,reCAPTCHA V3 token是否有效,26
0048,2026-08-22,LKUS_push,feature_53Ck9TgChpTW,IP近5分钟关联的手机号个数,26
0048,2026-08-22,LKUS_push,feature_TGPe0mjAPwR5,IP近60分钟关联的国家区号个数,26
0048,2026-08-22,LKUS_push,feature_Wg4dZ6VJBuTb,IP近1分钟关联的手机号个数,26
0048,2026-08-22,LKUS_push,feature_SdA1CjZvNCMG,区号近1分钟的访问次数,26
0048,2026-08-22,LKUS_push,feature_JaT2oyzVtD0q,手机号近1分钟的访问次数,26
0048,2026-08-22,LKUS_push,feature_YkpmaKaJhcdG,区号近1天内的访问次数,26
0048,2026-08-22,LKUS_push,feature_7DbBgowc2mEl,IP近1分钟的访问次数,26
0048,2026-08-22,LKUS_physical_order_create,feature_oxYJ6qJ3BAfv,用户编号白名单,52
0048,2026-08-22,LKUS_physical_order_create,feature_vTICzBPfD3Ds,ip C段白名单,52
0048,2026-08-22,LKUS_physical_order_create,feature_P5eYl9a699fA,ip白名单,52
0048,2026-08-22,LKUS_physical_order_create,feature_yo8MLsBsGIsV,三方unionId白名单,52
0048,2026-08-22,LKUS_physical_order_create,feature_kqtp6XVcXXiQ,手机号白名单,52
0048,2026-08-22,LKUS_physical_order_create,feature_5caBWmAHDcCQ,邮箱白名单,52
0048,2026-08-22,LKUS_physical_order_create,feature_K0JuGvXPoQsS,网关uid白名单,52
0048,2026-08-22,LKUS_physical_order_create,feature_3CSh3LRVobu7,手机号黑名单,42
0048,2026-08-22,LKUS_physical_order_create,feature_jkeS0N10RDAn,网关uid黑名单,42
0048,2026-08-22,LKUS_physical_order_create,feature_7qCVo92BIECU,三方unionId黑名单,42
0048,2026-08-22,LKUS_physical_order_create,feature_9tl8mW2Gembc,邮箱黑名单,42
0048,2026-08-22,LKUS_physical_order_create,feature_XtxCPW1x9QTU,ip C段黑名单,42
0048,2026-08-22,LKUS_physical_order_create,feature_g43LuQcahzCJ,用户编号黑名单,42
0048,2026-08-22,LKUS_physical_order_create,feature_cOkhRQVI91IV,ip黑名单,42
0048,2026-08-22,LKUS_physical_order_create,feature_MHv7nra5Z6T5,reCAPTCHA V3 token是否有效,16
0048,2026-08-22,LKUS_payment,feature_vTICzBPfD3Ds,ip C段白名单,53
0048,2026-08-22,LKUS_payment,feature_oxYJ6qJ3BAfv,用户编号白名单,53
0048,2026-08-22,LKUS_payment,feature_P5eYl9a699fA,ip白名单,53
0048,2026-08-22,LKUS_payment,feature_yo8MLsBsGIsV,三方unionId白名单,53
0048,2026-08-22,LKUS_payment,feature_kqtp6XVcXXiQ,手机号白名单,53
0048,2026-08-22,LKUS_payment,feature_K0JuGvXPoQsS,网关uid白名单,53
0048,2026-08-22,LKUS_payment,feature_5caBWmAHDcCQ,邮箱白名单,53
0048,2026-08-22,LKUS_payment,feature_3CSh3LRVobu7,手机号黑名单,43
0048,2026-08-22,LKUS_payment,feature_jkeS0N10RDAn,网关uid黑名单,43
0048,2026-08-22,LKUS_payment,feature_7qCVo92BIECU,三方unionId黑名单,43
0048,2026-08-22,LKUS_payment,feature_9tl8mW2Gembc,邮箱黑名单,43
0048,2026-08-22,LKUS_payment,feature_g43LuQcahzCJ,用户编号黑名单,43
0048,2026-08-22,LKUS_payment,feature_XtxCPW1x9QTU,ip C段黑名单,43
0048,2026-08-22,LKUS_payment,feature_cOkhRQVI91IV,ip黑名单,43
0048,2026-08-22,LKUS_payment,feature_TLXI8MNiNglz,reCAPTCHA V3风险分,22
0048,2026-08-22,LKUS_payment,feature_MHv7nra5Z6T5,reCAPTCHA V3 token是否有效,21
0048,2026-08-22,LKUS_physical_order_create,feature_TLXI8MNiNglz,reCAPTCHA V3风险分,26
0048,2026-08-22,LKUS_register,feature_oxYJ6qJ3BAfv,用户编号白名单,11
0048,2026-08-22,LKUS_register,feature_vTICzBPfD3Ds,ip C段白名单,11
0048,2026-08-22,LKUS_register,feature_P5eYl9a699fA,ip白名单,11
0048,2026-08-22,LKUS_register,feature_yo8MLsBsGIsV,三方unionId白名单,11
0048,2026-08-22,LKUS_register,feature_kqtp6XVcXXiQ,手机号白名单,11
0048,2026-08-22,LKUS_register,feature_5caBWmAHDcCQ,邮箱白名单,11
0048,2026-08-22,LKUS_register,feature_K0JuGvXPoQsS,网关uid白名单,11
0048,2026-08-22,LKUS_register,feature_3CSh3LRVobu7,手机号黑名单,11
0048,2026-08-22,LKUS_register,feature_jkeS0N10RDAn,网关uid黑名单,11
0048,2026-08-22,LKUS_register,feature_7qCVo92BIECU,三方unionId黑名单,11
0048,2026-08-22,LKUS_register,feature_9tl8mW2Gembc,邮箱黑名单,11
0048,2026-08-22,LKUS_register,feature_XtxCPW1x9QTU,ip C段黑名单,11
0048,2026-08-22,LKUS_register,feature_g43LuQcahzCJ,用户编号黑名单,11
0048,2026-08-22,LKUS_register,feature_cOkhRQVI91IV,ip黑名单,11
0048,2026-08-22,LKUS_login,feature_vTICzBPfD3Ds,ip C段白名单,11
0048,2026-08-22,LKUS_login,feature_oxYJ6qJ3BAfv,用户编号白名单,11
0048,2026-08-22,LKUS_login,feature_P5eYl9a699fA,ip白名单,11
0048,2026-08-22,LKUS_login,feature_yo8MLsBsGIsV,三方unionId白名单,11
0048,2026-08-22,LKUS_login,feature_kqtp6XVcXXiQ,手机号白名单,11
0048,2026-08-22,LKUS_login,feature_K0JuGvXPoQsS,网关uid白名单,11
0048,2026-08-22,LKUS_login,feature_5caBWmAHDcCQ,邮箱白名单,11
0048,2026-08-22,LKUS_login,feature_3CSh3LRVobu7,手机号黑名单,11
0048,2026-08-22,LKUS_login,feature_jkeS0N10RDAn,网关uid黑名单,11
0048,2026-08-22,LKUS_login,feature_7qCVo92BIECU,三方unionId黑名单,11
0048,2026-08-22,LKUS_login,feature_9tl8mW2Gembc,邮箱黑名单,11
0048,2026-08-22,LKUS_login,feature_g43LuQcahzCJ,用户编号黑名单,11
0048,2026-08-22,LKUS_login,feature_XtxCPW1x9QTU,ip C段黑名单,11
0048,2026-08-22,LKUS_login,feature_cOkhRQVI91IV,ip黑名单,11
0048,2026-08-22,LKUS_login,feature_TLXI8MNiNglz,reCAPTCHA V3风险分,6
0048,2026-08-22,LKUS_grant_new_user_coupon,feature_oxYJ6qJ3BAfv,用户编号白名单,6
0048,2026-08-22,LKUS_grant_new_user_coupon,feature_vTICzBPfD3Ds,ip C段白名单,6
0048,2026-08-22,LKUS_grant_new_user_coupon,feature_P5eYl9a699fA,ip白名单,6
0048,2026-08-22,LKUS_grant_new_user_coupon,feature_yo8MLsBsGIsV,三方unionId白名单,6
0048,2026-08-22,LKUS_grant_new_user_coupon,feature_kqtp6XVcXXiQ,手机号白名单,6
0048,2026-08-22,LKUS_grant_new_user_coupon,feature_5caBWmAHDcCQ,邮箱白名单,6
0048,2026-08-22,LKUS_grant_new_user_coupon,feature_K0JuGvXPoQsS,网关uid白名单,6
0048,2026-08-22,LKUS_grant_new_user_coupon,feature_3CSh3LRVobu7,手机号黑名单,6
0048,2026-08-22,LKUS_grant_new_user_coupon,feature_jkeS0N10RDAn,网关uid黑名单,6
0048,2026-08-22,LKUS_grant_new_user_coupon,feature_7qCVo92BIECU,三方unionId黑名单,6
0048,2026-08-22,LKUS_grant_new_user_coupon,feature_9tl8mW2Gembc,邮箱黑名单,6
0048,2026-08-22,LKUS_grant_new_user_coupon,feature_XtxCPW1x9QTU,ip C段黑名单,6
0048,2026-08-22,LKUS_grant_new_user_coupon,feature_g43LuQcahzCJ,用户编号黑名单,6
0048,2026-08-22,LKUS_grant_new_user_coupon,feature_cOkhRQVI91IV,ip黑名单,6
0048,2026-08-22,LKUS_login,feature_MHv7nra5Z6T5,reCAPTCHA V3 token是否有效,5
0048,2026-08-23,LKUS_login,feature_oxYJ6qJ3BAfv,用户编号白名单,8
0048,2026-08-23,LKUS_login,feature_vTICzBPfD3Ds,ip C段白名单,8
0048,2026-08-23,LKUS_login,feature_P5eYl9a699fA,ip白名单,8
0048,2026-08-23,LKUS_login,feature_yo8MLsBsGIsV,三方unionId白名单,8
0048,2026-08-23,LKUS_login,feature_kqtp6XVcXXiQ,手机号白名单,8
0048,2026-08-23,LKUS_login,feature_5caBWmAHDcCQ,邮箱白名单,8
0048,2026-08-23,LKUS_login,feature_K0JuGvXPoQsS,网关uid白名单,8
0048,2026-08-23,LKUS_login,feature_3CSh3LRVobu7,手机号黑名单,8
0048,2026-08-23,LKUS_login,feature_jkeS0N10RDAn,网关uid黑名单,8
0048,2026-08-23,LKUS_login,feature_7qCVo92BIECU,三方unionId黑名单,8
0048,2026-08-23,LKUS_login,feature_9tl8mW2Gembc,邮箱黑名单,8
0048,2026-08-23,LKUS_login,feature_XtxCPW1x9QTU,ip C段黑名单,8
0048,2026-08-23,LKUS_login,feature_g43LuQcahzCJ,用户编号黑名单,8
0048,2026-08-23,LKUS_login,feature_cOkhRQVI91IV,ip黑名单,8
0048,2026-08-23,LKUS_login,feature_MHv7nra5Z6T5,reCAPTCHA V3 token是否有效,4
0048,2026-08-23,LKUS_grant_new_user_coupon,feature_vTICzBPfD3Ds,ip C段白名单,7
0048,2026-08-23,LKUS_grant_new_user_coupon,feature_oxYJ6qJ3BAfv,用户编号白名单,7
0048,2026-08-23,LKUS_grant_new_user_coupon,feature_P5eYl9a699fA,ip白名单,7
0048,2026-08-23,LKUS_grant_new_user_coupon,feature_yo8MLsBsGIsV,三方unionId白名单,7
0048,2026-08-23,LKUS_grant_new_user_coupon,feature_kqtp6XVcXXiQ,手机号白名单,7
0048,2026-08-23,LKUS_grant_new_user_coupon,feature_K0JuGvXPoQsS,网关uid白名单,7
0048,2026-08-23,LKUS_grant_new_user_coupon,feature_5caBWmAHDcCQ,邮箱白名单,7
0048,2026-08-23,LKUS_grant_new_user_coupon,feature_3CSh3LRVobu7,手机号黑名单,7
0048,2026-08-23,LKUS_grant_new_user_coupon,feature_jkeS0N10RDAn,网关uid黑名单,7
0048,2026-08-23,LKUS_grant_new_user_coupon,feature_7qCVo92BIECU,三方unionId黑名单,7
0048,2026-08-23,LKUS_grant_new_user_coupon,feature_9tl8mW2Gembc,邮箱黑名单,7
0048,2026-08-23,LKUS_grant_new_user_coupon,feature_g43LuQcahzCJ,用户编号黑名单,7
0048,2026-08-23,LKUS_grant_new_user_coupon,feature_XtxCPW1x9QTU,ip C段黑名单,7
0048,2026-08-23,LKUS_grant_new_user_coupon,feature_cOkhRQVI91IV,ip黑名单,7
0048,2026-08-23,LKUS_push,feature_vTICzBPfD3Ds,ip C段白名单,18
0048,2026-08-23,LKUS_push,feature_oxYJ6qJ3BAfv,用户编号白名单,18
0048,2026-08-23,LKUS_push,feature_P5eYl9a699fA,ip白名单,18
0048,2026-08-23,LKUS_push,feature_yo8MLsBsGIsV,三方unionId白名单,18
0048,2026-08-23,LKUS_push,feature_kqtp6XVcXXiQ,手机号白名单,18
0048,2026-08-23,LKUS_push,feature_K0JuGvXPoQsS,网关uid白名单,18
0048,2026-08-23,LKUS_push,feature_5caBWmAHDcCQ,邮箱白名单,18
0048,2026-08-23,LKUS_push,feature_Fik6gvwY1tA6,手机号近1天的访问次数,18
0048,2026-08-23,LKUS_push,feature_3CSh3LRVobu7,手机号黑名单,17
0048,2026-08-23,LKUS_push,feature_jkeS0N10RDAn,网关uid黑名单,17
0048,2026-08-23,LKUS_push,feature_7qCVo92BIECU,三方unionId黑名单,17
0048,2026-08-23,LKUS_push,feature_9tl8mW2Gembc,邮箱黑名单,17
0048,2026-08-23,LKUS_push,feature_g43LuQcahzCJ,用户编号黑名单,17
0048,2026-08-23,LKUS_push,feature_XtxCPW1x9QTU,ip C段黑名单,17
0048,2026-08-23,LKUS_push,feature_cOkhRQVI91IV,ip黑名单,17
0048,2026-08-23,LKUS_push,feature_r1bhlQnbfRHb,IP近60分钟关联的手机号个数,17
0048,2026-08-23,LKUS_push,feature_pf88qk27w76j,区号近5分钟的访问次数,17
0048,2026-08-23,LKUS_push,feature_lydpDiga6SB9,手机号近5分钟的访问次数,17
0048,2026-08-23,LKUS_push,feature_UOJYBEifd5Jn,区号近60分钟的访问次数,17
0048,2026-08-23,LKUS_push,feature_MHv7nra5Z6T5,reCAPTCHA V3 token是否有效,17
0048,2026-08-23,LKUS_push,feature_53Ck9TgChpTW,IP近5分钟关联的手机号个数,17
0048,2026-08-23,LKUS_push,feature_TGPe0mjAPwR5,IP近60分钟关联的国家区号个数,17
0048,2026-08-23,LKUS_push,feature_Wg4dZ6VJBuTb,IP近1分钟关联的手机号个数,17
0048,2026-08-23,LKUS_push,feature_SdA1CjZvNCMG,区号近1分钟的访问次数,17
0048,2026-08-23,LKUS_push,feature_JaT2oyzVtD0q,手机号近1分钟的访问次数,17
0048,2026-08-23,LKUS_push,feature_YkpmaKaJhcdG,区号近1天内的访问次数,17
0048,2026-08-23,LKUS_push,feature_7DbBgowc2mEl,IP近1分钟的访问次数,17
0048,2026-08-23,LKUS_register,feature_vTICzBPfD3Ds,ip C段白名单,8
0048,2026-08-23,LKUS_register,feature_oxYJ6qJ3BAfv,用户编号白名单,8
0048,2026-08-23,LKUS_register,feature_P5eYl9a699fA,ip白名单,8
0048,2026-08-23,LKUS_register,feature_yo8MLsBsGIsV,三方unionId白名单,8
0048,2026-08-23,LKUS_register,feature_kqtp6XVcXXiQ,手机号白名单,8
0048,2026-08-23,LKUS_register,feature_K0JuGvXPoQsS,网关uid白名单,8
0048,2026-08-23,LKUS_register,feature_5caBWmAHDcCQ,邮箱白名单,8
0048,2026-08-23,LKUS_register,feature_3CSh3LRVobu7,手机号黑名单,8
0048,2026-08-23,LKUS_register,feature_jkeS0N10RDAn,网关uid黑名单,8
0048,2026-08-23,LKUS_register,feature_7qCVo92BIECU,三方unionId黑名单,8
0048,2026-08-23,LKUS_register,feature_9tl8mW2Gembc,邮箱黑名单,8
0048,2026-08-23,LKUS_register,feature_g43LuQcahzCJ,用户编号黑名单,8
0048,2026-08-23,LKUS_register,feature_XtxCPW1x9QTU,ip C段黑名单,8
0048,2026-08-23,LKUS_register,feature_cOkhRQVI91IV,ip黑名单,8
0048,2026-08-23,LKUS_physical_order_create,feature_oxYJ6qJ3BAfv,用户编号白名单,45
0048,2026-08-23,LKUS_physical_order_create,feature_vTICzBPfD3Ds,ip C段白名单,45
0048,2026-08-23,LKUS_physical_order_create,feature_P5eYl9a699fA,ip白名单,45
0048,2026-08-23,LKUS_physical_order_create,feature_yo8MLsBsGIsV,三方unionId白名单,45
0048,2026-08-23,LKUS_physical_order_create,feature_kqtp6XVcXXiQ,手机号白名单,45
0048,2026-08-23,LKUS_physical_order_create,feature_5caBWmAHDcCQ,邮箱白名单,45
0048,2026-08-23,LKUS_physical_order_create,feature_K0JuGvXPoQsS,网关uid白名单,45
0048,2026-08-23,LKUS_physical_order_create,feature_3CSh3LRVobu7,手机号黑名单,33
0048,2026-08-23,LKUS_physical_order_create,feature_jkeS0N10RDAn,网关uid黑名单,33
0048,2026-08-23,LKUS_physical_order_create,feature_7qCVo92BIECU,三方unionId黑名单,33
0048,2026-08-23,LKUS_physical_order_create,feature_9tl8mW2Gembc,邮箱黑名单,33
0048,2026-08-23,LKUS_physical_order_create,feature_XtxCPW1x9QTU,ip C段黑名单,33
0048,2026-08-23,LKUS_physical_order_create,feature_g43LuQcahzCJ,用户编号黑名单,33
0048,2026-08-23,LKUS_physical_order_create,feature_cOkhRQVI91IV,ip黑名单,33
0048,2026-08-23,LKUS_physical_order_create,feature_MHv7nra5Z6T5,reCAPTCHA V3 token是否有效,9
0048,2026-08-23,LKUS_payment,feature_oxYJ6qJ3BAfv,用户编号白名单,46
0048,2026-08-23,LKUS_payment,feature_vTICzBPfD3Ds,ip C段白名单,46
0048,2026-08-23,LKUS_payment,feature_P5eYl9a699fA,ip白名单,46
0048,2026-08-23,LKUS_payment,feature_yo8MLsBsGIsV,三方unionId白名单,46
0048,2026-08-23,LKUS_payment,feature_kqtp6XVcXXiQ,手机号白名单,46
0048,2026-08-23,LKUS_payment,feature_5caBWmAHDcCQ,邮箱白名单,46
0048,2026-08-23,LKUS_payment,feature_K0JuGvXPoQsS,网关uid白名单,46
0048,2026-08-23,LKUS_payment,feature_3CSh3LRVobu7,手机号黑名单,34
0048,2026-08-23,LKUS_payment,feature_jkeS0N10RDAn,网关uid黑名单,34
0048,2026-08-23,LKUS_payment,feature_7qCVo92BIECU,三方unionId黑名单,34
0048,2026-08-23,LKUS_payment,feature_9tl8mW2Gembc,邮箱黑名单,34
0048,2026-08-23,LKUS_payment,feature_XtxCPW1x9QTU,ip C段黑名单,34
0048,2026-08-23,LKUS_payment,feature_g43LuQcahzCJ,用户编号黑名单,34
0048,2026-08-23,LKUS_payment,feature_cOkhRQVI91IV,ip黑名单,34
0048,2026-08-23,LKUS_payment,feature_MHv7nra5Z6T5,reCAPTCHA V3 token是否有效,25
0048,2026-08-23,LKUS_physical_order_create,feature_TLXI8MNiNglz,reCAPTCHA V3风险分,24
0048,2026-08-23,LKUS_payment,feature_TLXI8MNiNglz,reCAPTCHA V3风险分,9
0048,2026-08-23,LKUS_login,feature_TLXI8MNiNglz,reCAPTCHA V3风险分,4
0048,2026-08-23,LKUS_physical_order_cancel,feature_oxYJ6qJ3BAfv,用户编号白名单,2
0048,2026-08-23,LKUS_physical_order_cancel,feature_vTICzBPfD3Ds,ip C段白名单,2
0048,2026-08-23,LKUS_physical_order_cancel,feature_P5eYl9a699fA,ip白名单,2
0048,2026-08-23,LKUS_physical_order_cancel,feature_yo8MLsBsGIsV,三方unionId白名单,2
0048,2026-08-23,LKUS_physical_order_cancel,feature_kqtp6XVcXXiQ,手机号白名单,2
0048,2026-08-23,LKUS_physical_order_cancel,feature_5caBWmAHDcCQ,邮箱白名单,2
0048,2026-08-23,LKUS_physical_order_cancel,feature_K0JuGvXPoQsS,网关uid白名单,2
0048,2026-08-23,LKUS_physical_order_cancel,feature_3CSh3LRVobu7,手机号黑名单,2
0048,2026-08-23,LKUS_physical_order_cancel,feature_jkeS0N10RDAn,网关uid黑名单,2
0048,2026-08-23,LKUS_physical_order_cancel,feature_7qCVo92BIECU,三方unionId黑名单,2
0048,2026-08-23,LKUS_physical_order_cancel,feature_9tl8mW2Gembc,邮箱黑名单,2
0048,2026-08-23,LKUS_physical_order_cancel,feature_XtxCPW1x9QTU,ip C段黑名单,2
0048,2026-08-23,LKUS_physical_order_cancel,feature_g43LuQcahzCJ,用户编号黑名单,2
0048,2026-08-23,LKUS_physical_order_cancel,feature_cOkhRQVI91IV,ip黑名单,2
0048,2026-08-24,LKUS_push,feature_oxYJ6qJ3BAfv,用户编号白名单,23
0048,2026-08-24,LKUS_push,feature_vTICzBPfD3Ds,ip C段白名单,23
0048,2026-08-24,LKUS_push,feature_P5eYl9a699fA,ip白名单,23
0048,2026-08-24,LKUS_push,feature_yo8MLsBsGIsV,三方unionId白名单,23
0048,2026-08-24,LKUS_push,feature_kqtp6XVcXXiQ,手机号白名单,23
0048,2026-08-24,LKUS_push,feature_5caBWmAHDcCQ,邮箱白名单,23
0048,2026-08-24,LKUS_push,feature_K0JuGvXPoQsS,网关uid白名单,23
0048,2026-08-24,LKUS_push,feature_Fik6gvwY1tA6,手机号近1天的访问次数,23
0048,2026-08-24,LKUS_push,feature_3CSh3LRVobu7,手机号黑名单,22
0048,2026-08-24,LKUS_push,feature_jkeS0N10RDAn,网关uid黑名单,22
0048,2026-08-24,LKUS_push,feature_7qCVo92BIECU,三方unionId黑名单,22
0048,2026-08-24,LKUS_push,feature_9tl8mW2Gembc,邮箱黑名单,22
0048,2026-08-24,LKUS_push,feature_XtxCPW1x9QTU,ip C段黑名单,22
0048,2026-08-24,LKUS_push,feature_g43LuQcahzCJ,用户编号黑名单,22
0048,2026-08-24,LKUS_push,feature_cOkhRQVI91IV,ip黑名单,22
0048,2026-08-24,LKUS_push,feature_lydpDiga6SB9,手机号近5分钟的访问次数,22
0048,2026-08-24,LKUS_push,feature_MHv7nra5Z6T5,reCAPTCHA V3 token是否有效,22
0048,2026-08-24,LKUS_push,feature_UOJYBEifd5Jn,区号近60分钟的访问次数,22
0048,2026-08-24,LKUS_push,feature_Wg4dZ6VJBuTb,IP近1分钟关联的手机号个数,22
0048,2026-08-24,LKUS_push,feature_r1bhlQnbfRHb,IP近60分钟关联的手机号个数,22
0048,2026-08-24,LKUS_push,feature_YkpmaKaJhcdG,区号近1天内的访问次数,22
0048,2026-08-24,LKUS_push,feature_7DbBgowc2mEl,IP近1分钟的访问次数,22
0048,2026-08-24,LKUS_push,feature_JaT2oyzVtD0q,手机号近1分钟的访问次数,22
0048,2026-08-24,LKUS_push,feature_TGPe0mjAPwR5,IP近60分钟关联的国家区号个数,22
0048,2026-08-24,LKUS_push,feature_pf88qk27w76j,区号近5分钟的访问次数,22
0048,2026-08-24,LKUS_push,feature_SdA1CjZvNCMG,区号近1分钟的访问次数,22
0048,2026-08-24,LKUS_push,feature_53Ck9TgChpTW,IP近5分钟关联的手机号个数,22
0048,2026-08-24,LKUS_physical_order_create,feature_oxYJ6qJ3BAfv,用户编号白名单,68
0048,2026-08-24,LKUS_physical_order_create,feature_vTICzBPfD3Ds,ip C段白名单,68
0048,2026-08-24,LKUS_physical_order_create,feature_P5eYl9a699fA,ip白名单,68
0048,2026-08-24,LKUS_physical_order_create,feature_yo8MLsBsGIsV,三方unionId白名单,68
0048,2026-08-24,LKUS_physical_order_create,feature_kqtp6XVcXXiQ,手机号白名单,68
0048,2026-08-24,LKUS_physical_order_create,feature_5caBWmAHDcCQ,邮箱白名单,68
0048,2026-08-24,LKUS_physical_order_create,feature_K0JuGvXPoQsS,网关uid白名单,68
0048,2026-08-24,LKUS_physical_order_create,feature_3CSh3LRVobu7,手机号黑名单,57
0048,2026-08-24,LKUS_physical_order_create,feature_jkeS0N10RDAn,网关uid黑名单,57
0048,2026-08-24,LKUS_physical_order_create,feature_7qCVo92BIECU,三方unionId黑名单,57
0048,2026-08-24,LKUS_physical_order_create,feature_9tl8mW2Gembc,邮箱黑名单,57
0048,2026-08-24,LKUS_physical_order_create,feature_XtxCPW1x9QTU,ip C段黑名单,57
0048,2026-08-24,LKUS_physical_order_create,feature_g43LuQcahzCJ,用户编号黑名单,57
0048,2026-08-24,LKUS_physical_order_create,feature_cOkhRQVI91IV,ip黑名单,57
0048,2026-08-24,LKUS_physical_order_create,feature_MHv7nra5Z6T5,reCAPTCHA V3 token是否有效,23
0048,2026-08-24,LKUS_payment,feature_oxYJ6qJ3BAfv,用户编号白名单,74
0048,2026-08-24,LKUS_payment,feature_vTICzBPfD3Ds,ip C段白名单,74
0048,2026-08-24,LKUS_payment,feature_P5eYl9a699fA,ip白名单,74
0048,2026-08-24,LKUS_payment,feature_yo8MLsBsGIsV,三方unionId白名单,74
0048,2026-08-24,LKUS_payment,feature_kqtp6XVcXXiQ,手机号白名单,74
0048,2026-08-24,LKUS_payment,feature_5caBWmAHDcCQ,邮箱白名单,74
0048,2026-08-24,LKUS_payment,feature_K0JuGvXPoQsS,网关uid白名单,74
0048,2026-08-24,LKUS_payment,feature_3CSh3LRVobu7,手机号黑名单,62
0048,2026-08-24,LKUS_payment,feature_jkeS0N10RDAn,网关uid黑名单,62
0048,2026-08-24,LKUS_payment,feature_7qCVo92BIECU,三方unionId黑名单,62
0048,2026-08-24,LKUS_payment,feature_9tl8mW2Gembc,邮箱黑名单,62
0048,2026-08-24,LKUS_payment,feature_XtxCPW1x9QTU,ip C段黑名单,62
0048,2026-08-24,LKUS_payment,feature_g43LuQcahzCJ,用户编号黑名单,62
0048,2026-08-24,LKUS_payment,feature_cOkhRQVI91IV,ip黑名单,62
0048,2026-08-24,LKUS_payment,feature_MHv7nra5Z6T5,reCAPTCHA V3 token是否有效,38
0048,2026-08-24,LKUS_payment,feature_TLXI8MNiNglz,reCAPTCHA V3风险分,24
0048,2026-08-24,LKUS_login,feature_vTICzBPfD3Ds,ip C段白名单,15
0048,2026-08-24,LKUS_login,feature_oxYJ6qJ3BAfv,用户编号白名单,15
0048,2026-08-24,LKUS_login,feature_P5eYl9a699fA,ip白名单,15
0048,2026-08-24,LKUS_login,feature_yo8MLsBsGIsV,三方unionId白名单,15
0048,2026-08-24,LKUS_login,feature_kqtp6XVcXXiQ,手机号白名单,15
0048,2026-08-24,LKUS_login,feature_K0JuGvXPoQsS,网关uid白名单,15
0048,2026-08-24,LKUS_login,feature_5caBWmAHDcCQ,邮箱白名单,15
0048,2026-08-24,LKUS_login,feature_3CSh3LRVobu7,手机号黑名单,14
0048,2026-08-24,LKUS_login,feature_jkeS0N10RDAn,网关uid黑名单,14
0048,2026-08-24,LKUS_login,feature_7qCVo92BIECU,三方unionId黑名单,14
0048,2026-08-24,LKUS_login,feature_9tl8mW2Gembc,邮箱黑名单,14
0048,2026-08-24,LKUS_login,feature_g43LuQcahzCJ,用户编号黑名单,14
0048,2026-08-24,LKUS_login,feature_XtxCPW1x9QTU,ip C段黑名单,14
0048,2026-08-24,LKUS_login,feature_cOkhRQVI91IV,ip黑名单,14
0048,2026-08-24,LKUS_login,feature_TLXI8MNiNglz,reCAPTCHA V3风险分,7
0048,2026-08-24,LKUS_grant_new_user_coupon,feature_vTICzBPfD3Ds,ip C段白名单,6
0048,2026-08-24,LKUS_grant_new_user_coupon,feature_oxYJ6qJ3BAfv,用户编号白名单,6
0048,2026-08-24,LKUS_grant_new_user_coupon,feature_P5eYl9a699fA,ip白名单,6
0048,2026-08-24,LKUS_grant_new_user_coupon,feature_yo8MLsBsGIsV,三方unionId白名单,6
0048,2026-08-24,LKUS_grant_new_user_coupon,feature_kqtp6XVcXXiQ,手机号白名单,6
0048,2026-08-24,LKUS_grant_new_user_coupon,feature_K0JuGvXPoQsS,网关uid白名单,6
0048,2026-08-24,LKUS_grant_new_user_coupon,feature_5caBWmAHDcCQ,邮箱白名单,6
0048,2026-08-24,LKUS_grant_new_user_coupon,feature_3CSh3LRVobu7,手机号黑名单,6
0048,2026-08-24,LKUS_grant_new_user_coupon,feature_jkeS0N10RDAn,网关uid黑名单,6
0048,2026-08-24,LKUS_grant_new_user_coupon,feature_7qCVo92BIECU,三方unionId黑名单,6
0048,2026-08-24,LKUS_grant_new_user_coupon,feature_9tl8mW2Gembc,邮箱黑名单,6
0048,2026-08-24,LKUS_grant_new_user_coupon,feature_g43LuQcahzCJ,用户编号黑名单,6
0048,2026-08-24,LKUS_grant_new_user_coupon,feature_XtxCPW1x9QTU,ip C段黑名单,6
0048,2026-08-24,LKUS_grant_new_user_coupon,feature_cOkhRQVI91IV,ip黑名单,6
0048,2026-08-24,LKUS_register,feature_oxYJ6qJ3BAfv,用户编号白名单,11
0048,2026-08-24,LKUS_register,feature_vTICzBPfD3Ds,ip C段白名单,11
0048,2026-08-24,LKUS_register,feature_P5eYl9a699fA,ip白名单,11
0048,2026-08-24,LKUS_register,feature_yo8MLsBsGIsV,三方unionId白名单,11
0048,2026-08-24,LKUS_register,feature_kqtp6XVcXXiQ,手机号白名单,11
0048,2026-08-24,LKUS_register,feature_5caBWmAHDcCQ,邮箱白名单,11
0048,2026-08-24,LKUS_register,feature_K0JuGvXPoQsS,网关uid白名单,11
0048,2026-08-24,LKUS_register,feature_3CSh3LRVobu7,手机号黑名单,11
0048,2026-08-24,LKUS_register,feature_jkeS0N10RDAn,网关uid黑名单,11
0048,2026-08-24,LKUS_register,feature_7qCVo92BIECU,三方unionId黑名单,11
0048,2026-08-24,LKUS_register,feature_9tl8mW2Gembc,邮箱黑名单,11
0048,2026-08-24,LKUS_register,feature_XtxCPW1x9QTU,ip C段黑名单,11
0048,2026-08-24,LKUS_register,feature_g43LuQcahzCJ,用户编号黑名单,11
0048,2026-08-24,LKUS_register,feature_cOkhRQVI91IV,ip黑名单,11
0048,2026-08-24,LKUS_physical_order_create,feature_TLXI8MNiNglz,reCAPTCHA V3风险分,34
0048,2026-08-24,LKUS_login,feature_MHv7nra5Z6T5,reCAPTCHA V3 token是否有效,7
0048,2026-08-25,LKUS_push,feature_vTICzBPfD3Ds,ip C段白名单,28
0048,2026-08-25,LKUS_push,feature_oxYJ6qJ3BAfv,用户编号白名单,28
0048,2026-08-25,LKUS_push,feature_P5eYl9a699fA,ip白名单,28
0048,2026-08-25,LKUS_push,feature_yo8MLsBsGIsV,三方unionId白名单,28
0048,2026-08-25,LKUS_push,feature_kqtp6XVcXXiQ,手机号白名单,28
0048,2026-08-25,LKUS_push,feature_K0JuGvXPoQsS,网关uid白名单,28
0048,2026-08-25,LKUS_push,feature_5caBWmAHDcCQ,邮箱白名单,28
0048,2026-08-25,LKUS_push,feature_Fik6gvwY1tA6,手机号近1天的访问次数,28
0048,2026-08-25,LKUS_push,feature_3CSh3LRVobu7,手机号黑名单,28
0048,2026-08-25,LKUS_push,feature_jkeS0N10RDAn,网关uid黑名单,28
0048,2026-08-25,LKUS_push,feature_7qCVo92BIECU,三方unionId黑名单,28
0048,2026-08-25,LKUS_push,feature_9tl8mW2Gembc,邮箱黑名单,28
0048,2026-08-25,LKUS_push,feature_g43LuQcahzCJ,用户编号黑名单,28
0048,2026-08-25,LKUS_push,feature_XtxCPW1x9QTU,ip C段黑名单,28
0048,2026-08-25,LKUS_push,feature_cOkhRQVI91IV,ip黑名单,28
0048,2026-08-25,LKUS_push,feature_r1bhlQnbfRHb,IP近60分钟关联的手机号个数,28
0048,2026-08-25,LKUS_push,feature_pf88qk27w76j,区号近5分钟的访问次数,28
0048,2026-08-25,LKUS_push,feature_lydpDiga6SB9,手机号近5分钟的访问次数,28
0048,2026-08-25,LKUS_push,feature_UOJYBEifd5Jn,区号近60分钟的访问次数,28
0048,2026-08-25,LKUS_push,feature_MHv7nra5Z6T5,reCAPTCHA V3 token是否有效,27
0048,2026-08-25,LKUS_push,feature_53Ck9TgChpTW,IP近5分钟关联的手机号个数,28
0048,2026-08-25,LKUS_push,feature_TGPe0mjAPwR5,IP近60分钟关联的国家区号个数,28
0048,2026-08-25,LKUS_push,feature_Wg4dZ6VJBuTb,IP近1分钟关联的手机号个数,28
0048,2026-08-25,LKUS_push,feature_SdA1CjZvNCMG,区号近1分钟的访问次数,28
0048,2026-08-25,LKUS_push,feature_JaT2oyzVtD0q,手机号近1分钟的访问次数,28
0048,2026-08-25,LKUS_push,feature_YkpmaKaJhcdG,区号近1天内的访问次数,28
0048,2026-08-25,LKUS_push,feature_7DbBgowc2mEl,IP近1分钟的访问次数,28
0048,2026-08-25,LKUS_register,feature_oxYJ6qJ3BAfv,用户编号白名单,13
0048,2026-08-25,LKUS_register,feature_vTICzBPfD3Ds,ip C段白名单,13
0048,2026-08-25,LKUS_register,feature_P5eYl9a699fA,ip白名单,13
0048,2026-08-25,LKUS_register,feature_yo8MLsBsGIsV,三方unionId白名单,13
0048,2026-08-25,LKUS_register,feature_kqtp6XVcXXiQ,手机号白名单,13
0048,2026-08-25,LKUS_register,feature_5caBWmAHDcCQ,邮箱白名单,13
0048,2026-08-25,LKUS_register,feature_K0JuGvXPoQsS,网关uid白名单,13
0048,2026-08-25,LKUS_register,feature_3CSh3LRVobu7,手机号黑名单,13
0048,2026-08-25,LKUS_register,feature_jkeS0N10RDAn,网关uid黑名单,13
0048,2026-08-25,LKUS_register,feature_7qCVo92BIECU,三方unionId黑名单,13
0048,2026-08-25,LKUS_register,feature_9tl8mW2Gembc,邮箱黑名单,13
0048,2026-08-25,LKUS_register,feature_XtxCPW1x9QTU,ip C段黑名单,13
0048,2026-08-25,LKUS_register,feature_g43LuQcahzCJ,用户编号黑名单,13
0048,2026-08-25,LKUS_register,feature_cOkhRQVI91IV,ip黑名单,13
0048,2026-08-25,LKUS_payment,feature_vTICzBPfD3Ds,ip C段白名单,94
0048,2026-08-25,LKUS_payment,feature_oxYJ6qJ3BAfv,用户编号白名单,94
0048,2026-08-25,LKUS_payment,feature_P5eYl9a699fA,ip白名单,94
0048,2026-08-25,LKUS_payment,feature_yo8MLsBsGIsV,三方unionId白名单,94
0048,2026-08-25,LKUS_payment,feature_kqtp6XVcXXiQ,手机号白名单,94
0048,2026-08-25,LKUS_payment,feature_K0JuGvXPoQsS,网关uid白名单,94
0048,2026-08-25,LKUS_payment,feature_5caBWmAHDcCQ,邮箱白名单,94
0048,2026-08-25,LKUS_payment,feature_3CSh3LRVobu7,手机号黑名单,79
0048,2026-08-25,LKUS_payment,feature_jkeS0N10RDAn,网关uid黑名单,79
0048,2026-08-25,LKUS_payment,feature_7qCVo92BIECU,三方unionId黑名单,79
0048,2026-08-25,LKUS_payment,feature_9tl8mW2Gembc,邮箱黑名单,79
0048,2026-08-25,LKUS_payment,feature_g43LuQcahzCJ,用户编号黑名单,79
0048,2026-08-25,LKUS_payment,feature_cOkhRQVI91IV,ip黑名单,79
0048,2026-08-25,LKUS_payment,feature_XtxCPW1x9QTU,ip C段黑名单,79
0048,2026-08-25,LKUS_payment,feature_MHv7nra5Z6T5,reCAPTCHA V3 token是否有效,79
0048,2026-08-25,LKUS_physical_order_create,feature_vTICzBPfD3Ds,ip C段白名单,92
0048,2026-08-25,LKUS_physical_order_create,feature_oxYJ6qJ3BAfv,用户编号白名单,92
0048,2026-08-25,LKUS_physical_order_create,feature_P5eYl9a699fA,ip白名单,92
0048,2026-08-25,LKUS_physical_order_create,feature_yo8MLsBsGIsV,三方unionId白名单,92
0048,2026-08-25,LKUS_physical_order_create,feature_kqtp6XVcXXiQ,手机号白名单,92
0048,2026-08-25,LKUS_physical_order_create,feature_K0JuGvXPoQsS,网关uid白名单,92
0048,2026-08-25,LKUS_physical_order_create,feature_5caBWmAHDcCQ,邮箱白名单,92
0048,2026-08-25,LKUS_physical_order_create,feature_3CSh3LRVobu7,手机号黑名单,77
0048,2026-08-25,LKUS_physical_order_create,feature_jkeS0N10RDAn,网关uid黑名单,77
0048,2026-08-25,LKUS_physical_order_create,feature_7qCVo92BIECU,三方unionId黑名单,77
0048,2026-08-25,LKUS_physical_order_create,feature_9tl8mW2Gembc,邮箱黑名单,77
0048,2026-08-25,LKUS_physical_order_create,feature_g43LuQcahzCJ,用户编号黑名单,77
0048,2026-08-25,LKUS_physical_order_create,feature_cOkhRQVI91IV,ip黑名单,77
0048,2026-08-25,LKUS_physical_order_create,feature_XtxCPW1x9QTU,ip C段黑名单,77
0048,2026-08-25,LKUS_physical_order_create,feature_MHv7nra5Z6T5,reCAPTCHA V3 token是否有效,77
0048,2026-08-25,LKUS_login,feature_vTICzBPfD3Ds,ip C段白名单,19
0048,2026-08-25,LKUS_login,feature_oxYJ6qJ3BAfv,用户编号白名单,19
0048,2026-08-25,LKUS_login,feature_P5eYl9a699fA,ip白名单,19
0048,2026-08-25,LKUS_login,feature_yo8MLsBsGIsV,三方unionId白名单,19
0048,2026-08-25,LKUS_login,feature_kqtp6XVcXXiQ,手机号白名单,19
0048,2026-08-25,LKUS_login,feature_K0JuGvXPoQsS,网关uid白名单,19
0048,2026-08-25,LKUS_login,feature_5caBWmAHDcCQ,邮箱白名单,19
0048,2026-08-25,LKUS_login,feature_3CSh3LRVobu7,手机号黑名单,17
0048,2026-08-25,LKUS_login,feature_jkeS0N10RDAn,网关uid黑名单,17
0048,2026-08-25,LKUS_login,feature_7qCVo92BIECU,三方unionId黑名单,17
0048,2026-08-25,LKUS_login,feature_9tl8mW2Gembc,邮箱黑名单,17
0048,2026-08-25,LKUS_login,feature_g43LuQcahzCJ,用户编号黑名单,17
0048,2026-08-25,LKUS_login,feature_cOkhRQVI91IV,ip黑名单,17
0048,2026-08-25,LKUS_login,feature_XtxCPW1x9QTU,ip C段黑名单,17
0048,2026-08-25,LKUS_login,feature_MHv7nra5Z6T5,reCAPTCHA V3 token是否有效,17
0048,2026-08-25,LKUS_grant_new_user_coupon,feature_vTICzBPfD3Ds,ip C段白名单,11
0048,2026-08-25,LKUS_grant_new_user_coupon,feature_oxYJ6qJ3BAfv,用户编号白名单,11
0048,2026-08-25,LKUS_grant_new_user_coupon,feature_P5eYl9a699fA,ip白名单,11
0048,2026-08-25,LKUS_grant_new_user_coupon,feature_yo8MLsBsGIsV,三方unionId白名单,11
0048,2026-08-25,LKUS_grant_new_user_coupon,feature_kqtp6XVcXXiQ,手机号白名单,11
0048,2026-08-25,LKUS_grant_new_user_coupon,feature_K0JuGvXPoQsS,网关uid白名单,11
0048,2026-08-25,LKUS_grant_new_user_coupon,feature_5caBWmAHDcCQ,邮箱白名单,11
0048,2026-08-25,LKUS_grant_new_user_coupon,feature_3CSh3LRVobu7,手机号黑名单,11
0048,2026-08-25,LKUS_grant_new_user_coupon,feature_jkeS0N10RDAn,网关uid黑名单,11
0048,2026-08-25,LKUS_grant_new_user_coupon,feature_7qCVo92BIECU,三方unionId黑名单,11
0048,2026-08-25,LKUS_grant_new_user_coupon,feature_9tl8mW2Gembc,邮箱黑名单,11
0048,2026-08-25,LKUS_grant_new_user_coupon,feature_g43LuQcahzCJ,用户编号黑名单,11
0048,2026-08-25,LKUS_grant_new_user_coupon,feature_cOkhRQVI91IV,ip黑名单,11
0048,2026-08-25,LKUS_grant_new_user_coupon,feature_XtxCPW1x9QTU,ip C段黑名单,11
0048,2026-08-26,LKUS_push,feature_vTICzBPfD3Ds,ip C段白名单,19
0048,2026-08-26,LKUS_push,feature_oxYJ6qJ3BAfv,用户编号白名单,19
0048,2026-08-26,LKUS_push,feature_P5eYl9a699fA,ip白名单,19
0048,2026-08-26,LKUS_push,feature_yo8MLsBsGIsV,三方unionId白名单,19
0048,2026-08-26,LKUS_push,feature_kqtp6XVcXXiQ,手机号白名单,19
0048,2026-08-26,LKUS_push,feature_K0JuGvXPoQsS,网关uid白名单,19
0048,2026-08-26,LKUS_push,feature_5caBWmAHDcCQ,邮箱白名单,19
0048,2026-08-26,LKUS_push,feature_Fik6gvwY1tA6,手机号近1天的访问次数,19
0048,2026-08-26,LKUS_push,feature_3CSh3LRVobu7,手机号黑名单,17
0048,2026-08-26,LKUS_push,feature_jkeS0N10RDAn,网关uid黑名单,17
0048,2026-08-26,LKUS_push,feature_7qCVo92BIECU,三方unionId黑名单,17
0048,2026-08-26,LKUS_push,feature_9tl8mW2Gembc,邮箱黑名单,17
0048,2026-08-26,LKUS_push,feature_g43LuQcahzCJ,用户编号黑名单,17
0048,2026-08-26,LKUS_push,feature_cOkhRQVI91IV,ip黑名单,17
0048,2026-08-26,LKUS_push,feature_XtxCPW1x9QTU,ip C段黑名单,17
0048,2026-08-26,LKUS_push,feature_r1bhlQnbfRHb,IP近60分钟关联的手机号个数,17
0048,2026-08-26,LKUS_push,feature_MHv7nra5Z6T5,reCAPTCHA V3 token是否有效,17
0048,2026-08-26,LKUS_push,feature_pf88qk27w76j,区号近5分钟的访问次数,17
0048,2026-08-26,LKUS_push,feature_53Ck9TgChpTW,IP近5分钟关联的手机号个数,17
0048,2026-08-26,LKUS_push,feature_lydpDiga6SB9,手机号近5分钟的访问次数,17
0048,2026-08-26,LKUS_push,feature_Wg4dZ6VJBuTb,IP近1分钟关联的手机号个数,17
0048,2026-08-26,LKUS_push,feature_SdA1CjZvNCMG,区号近1分钟的访问次数,17
0048,2026-08-26,LKUS_push,feature_YkpmaKaJhcdG,区号近1天内的访问次数,17
0048,2026-08-26,LKUS_push,feature_TGPe0mjAPwR5,IP近60分钟关联的国家区号个数,17
0048,2026-08-26,LKUS_push,feature_7DbBgowc2mEl,IP近1分钟的访问次数,17
0048,2026-08-26,LKUS_push,feature_JaT2oyzVtD0q,手机号近1分钟的访问次数,17
0048,2026-08-26,LKUS_push,feature_UOJYBEifd5Jn,区号近60分钟的访问次数,17
0048,2026-08-26,LKUS_login,feature_vTICzBPfD3Ds,ip C段白名单,10
0048,2026-08-26,LKUS_login,feature_oxYJ6qJ3BAfv,用户编号白名单,10
0048,2026-08-26,LKUS_login,feature_P5eYl9a699fA,ip白名单,10
0048,2026-08-26,LKUS_login,feature_yo8MLsBsGIsV,三方unionId白名单,10
0048,2026-08-26,LKUS_login,feature_kqtp6XVcXXiQ,手机号白名单,10
0048,2026-08-26,LKUS_login,feature_K0JuGvXPoQsS,网关uid白名单,10
0048,2026-08-26,LKUS_login,feature_5caBWmAHDcCQ,邮箱白名单,10
0048,2026-08-26,LKUS_login,feature_3CSh3LRVobu7,手机号黑名单,10
0048,2026-08-26,LKUS_login,feature_jkeS0N10RDAn,网关uid黑名单,10
0048,2026-08-26,LKUS_login,feature_7qCVo92BIECU,三方unionId黑名单,10
0048,2026-08-26,LKUS_login,feature_9tl8mW2Gembc,邮箱黑名单,10
0048,2026-08-26,LKUS_login,feature_g43LuQcahzCJ,用户编号黑名单,10
0048,2026-08-26,LKUS_login,feature_cOkhRQVI91IV,ip黑名单,10
0048,2026-08-26,LKUS_login,feature_XtxCPW1x9QTU,ip C段黑名单,10
0048,2026-08-26,LKUS_login,feature_MHv7nra5Z6T5,reCAPTCHA V3 token是否有效,10
0048,2026-08-26,LKUS_physical_order_create,feature_vTICzBPfD3Ds,ip C段白名单,90
0048,2026-08-26,LKUS_physical_order_create,feature_oxYJ6qJ3BAfv,用户编号白名单,90
0048,2026-08-26,LKUS_physical_order_create,feature_P5eYl9a699fA,ip白名单,90
0048,2026-08-26,LKUS_physical_order_create,feature_yo8MLsBsGIsV,三方unionId白名单,90
0048,2026-08-26,LKUS_physical_order_create,feature_kqtp6XVcXXiQ,手机号白名单,90
0048,2026-08-26,LKUS_physical_order_create,feature_K0JuGvXPoQsS,网关uid白名单,90
0048,2026-08-26,LKUS_physical_order_create,feature_5caBWmAHDcCQ,邮箱白名单,90
0048,2026-08-26,LKUS_physical_order_create,feature_3CSh3LRVobu7,手机号黑名单,76
0048,2026-08-26,LKUS_physical_order_create,feature_jkeS0N10RDAn,网关uid黑名单,76
0048,2026-08-26,LKUS_physical_order_create,feature_7qCVo92BIECU,三方unionId黑名单,76
0048,2026-08-26,LKUS_physical_order_create,feature_9tl8mW2Gembc,邮箱黑名单,76
0048,2026-08-26,LKUS_physical_order_create,feature_g43LuQcahzCJ,用户编号黑名单,76
0048,2026-08-26,LKUS_physical_order_create,feature_cOkhRQVI91IV,ip黑名单,76
0048,2026-08-26,LKUS_physical_order_create,feature_XtxCPW1x9QTU,ip C段黑名单,76
0048,2026-08-26,LKUS_physical_order_create,feature_MHv7nra5Z6T5,reCAPTCHA V3 token是否有效,76
0048,2026-08-26,LKUS_payment,feature_vTICzBPfD3Ds,ip C段白名单,90
0048,2026-08-26,LKUS_payment,feature_oxYJ6qJ3BAfv,用户编号白名单,90
0048,2026-08-26,LKUS_payment,feature_P5eYl9a699fA,ip白名单,90
0048,2026-08-26,LKUS_payment,feature_yo8MLsBsGIsV,三方unionId白名单,90
0048,2026-08-26,LKUS_payment,feature_kqtp6XVcXXiQ,手机号白名单,90
0048,2026-08-26,LKUS_payment,feature_K0JuGvXPoQsS,网关uid白名单,90
0048,2026-08-26,LKUS_payment,feature_5caBWmAHDcCQ,邮箱白名单,90
0048,2026-08-26,LKUS_payment,feature_3CSh3LRVobu7,手机号黑名单,75
0048,2026-08-26,LKUS_payment,feature_jkeS0N10RDAn,网关uid黑名单,75
0048,2026-08-26,LKUS_payment,feature_7qCVo92BIECU,三方unionId黑名单,75
0048,2026-08-26,LKUS_payment,feature_9tl8mW2Gembc,邮箱黑名单,75
0048,2026-08-26,LKUS_payment,feature_g43LuQcahzCJ,用户编号黑名单,75
0048,2026-08-26,LKUS_payment,feature_cOkhRQVI91IV,ip黑名单,75
0048,2026-08-26,LKUS_payment,feature_XtxCPW1x9QTU,ip C段黑名单,75
0048,2026-08-26,LKUS_payment,feature_MHv7nra5Z6T5,reCAPTCHA V3 token是否有效,75
0048,2026-08-26,LKUS_physical_order_cancel,feature_vTICzBPfD3Ds,ip C段白名单,2
0048,2026-08-26,LKUS_physical_order_cancel,feature_oxYJ6qJ3BAfv,用户编号白名单,2
0048,2026-08-26,LKUS_physical_order_cancel,feature_P5eYl9a699fA,ip白名单,2
0048,2026-08-26,LKUS_physical_order_cancel,feature_yo8MLsBsGIsV,三方unionId白名单,2
0048,2026-08-26,LKUS_physical_order_cancel,feature_kqtp6XVcXXiQ,手机号白名单,2
0048,2026-08-26,LKUS_physical_order_cancel,feature_K0JuGvXPoQsS,网关uid白名单,2
0048,2026-08-26,LKUS_physical_order_cancel,feature_5caBWmAHDcCQ,邮箱白名单,2
0048,2026-08-26,LKUS_physical_order_cancel,feature_3CSh3LRVobu7,手机号黑名单,2
0048,2026-08-26,LKUS_physical_order_cancel,feature_jkeS0N10RDAn,网关uid黑名单,2
0048,2026-08-26,LKUS_physical_order_cancel,feature_7qCVo92BIECU,三方unionId黑名单,2
0048,2026-08-26,LKUS_physical_order_cancel,feature_9tl8mW2Gembc,邮箱黑名单,2
0048,2026-08-26,LKUS_physical_order_cancel,feature_g43LuQcahzCJ,用户编号黑名单,2
0048,2026-08-26,LKUS_physical_order_cancel,feature_cOkhRQVI91IV,ip黑名单,2
0048,2026-08-26,LKUS_physical_order_cancel,feature_XtxCPW1x9QTU,ip C段黑名单,2
0048,2026-08-26,LKUS_grant_new_user_coupon,feature_vTICzBPfD3Ds,ip C段白名单,7
0048,2026-08-26,LKUS_grant_new_user_coupon,feature_oxYJ6qJ3BAfv,用户编号白名单,7
0048,2026-08-26,LKUS_grant_new_user_coupon,feature_P5eYl9a699fA,ip白名单,7
0048,2026-08-26,LKUS_grant_new_user_coupon,feature_yo8MLsBsGIsV,三方unionId白名单,7
0048,2026-08-26,LKUS_grant_new_user_coupon,feature_kqtp6XVcXXiQ,手机号白名单,7
0048,2026-08-26,LKUS_grant_new_user_coupon,feature_K0JuGvXPoQsS,网关uid白名单,7
0048,2026-08-26,LKUS_grant_new_user_coupon,feature_5caBWmAHDcCQ,邮箱白名单,7
0048,2026-08-26,LKUS_grant_new_user_coupon,feature_3CSh3LRVobu7,手机号黑名单,7
0048,2026-08-26,LKUS_grant_new_user_coupon,feature_jkeS0N10RDAn,网关uid黑名单,7
0048,2026-08-26,LKUS_grant_new_user_coupon,feature_7qCVo92BIECU,三方unionId黑名单,7
0048,2026-08-26,LKUS_grant_new_user_coupon,feature_9tl8mW2Gembc,邮箱黑名单,7
0048,2026-08-26,LKUS_grant_new_user_coupon,feature_g43LuQcahzCJ,用户编号黑名单,7
0048,2026-08-26,LKUS_grant_new_user_coupon,feature_cOkhRQVI91IV,ip黑名单,7
0048,2026-08-26,LKUS_grant_new_user_coupon,feature_XtxCPW1x9QTU,ip C段黑名单,7
0048,2026-08-26,LKUS_register,feature_vTICzBPfD3Ds,ip C段白名单,7
0048,2026-08-26,LKUS_register,feature_oxYJ6qJ3BAfv,用户编号白名单,7
0048,2026-08-26,LKUS_register,feature_P5eYl9a699fA,ip白名单,7
0048,2026-08-26,LKUS_register,feature_yo8MLsBsGIsV,三方unionId白名单,7
0048,2026-08-26,LKUS_register,feature_kqtp6XVcXXiQ,手机号白名单,7
0048,2026-08-26,LKUS_register,feature_K0JuGvXPoQsS,网关uid白名单,7
0048,2026-08-26,LKUS_register,feature_5caBWmAHDcCQ,邮箱白名单,7
0048,2026-08-26,LKUS_register,feature_3CSh3LRVobu7,手机号黑名单,7
0048,2026-08-26,LKUS_register,feature_jkeS0N10RDAn,网关uid黑名单,7
0048,2026-08-26,LKUS_register,feature_7qCVo92BIECU,三方unionId黑名单,7
0048,2026-08-26,LKUS_register,feature_9tl8mW2Gembc,邮箱黑名单,7
0048,2026-08-26,LKUS_register,feature_g43LuQcahzCJ,用户编号黑名单,7
0048,2026-08-26,LKUS_register,feature_cOkhRQVI91IV,ip黑名单,7
0048,2026-08-26,LKUS_register,feature_XtxCPW1x9QTU,ip C段黑名单,7
0048,2026-08-27,LKUS_push,feature_vTICzBPfD3Ds,ip C段白名单,9
0048,2026-08-27,LKUS_push,feature_oxYJ6qJ3BAfv,用户编号白名单,9
0048,2026-08-27,LKUS_push,feature_P5eYl9a699fA,ip白名单,9
0048,2026-08-27,LKUS_push,feature_yo8MLsBsGIsV,三方unionId白名单,9
0048,2026-08-27,LKUS_push,feature_kqtp6XVcXXiQ,手机号白名单,9
0048,2026-08-27,LKUS_push,feature_K0JuGvXPoQsS,网关uid白名单,9
0048,2026-08-27,LKUS_push,feature_5caBWmAHDcCQ,邮箱白名单,9
0048,2026-08-27,LKUS_push,feature_Fik6gvwY1tA6,手机号近1天的访问次数,9
0048,2026-08-27,LKUS_push,feature_3CSh3LRVobu7,手机号黑名单,9
0048,2026-08-27,LKUS_push,feature_jkeS0N10RDAn,网关uid黑名单,9
0048,2026-08-27,LKUS_push,feature_7qCVo92BIECU,三方unionId黑名单,9
0048,2026-08-27,LKUS_push,feature_9tl8mW2Gembc,邮箱黑名单,9
0048,2026-08-27,LKUS_push,feature_g43LuQcahzCJ,用户编号黑名单,9
0048,2026-08-27,LKUS_push,feature_cOkhRQVI91IV,ip黑名单,9
0048,2026-08-27,LKUS_push,feature_XtxCPW1x9QTU,ip C段黑名单,9
0048,2026-08-27,LKUS_push,feature_SdA1CjZvNCMG,区号近1分钟的访问次数,9
0048,2026-08-27,LKUS_push,feature_53Ck9TgChpTW,IP近5分钟关联的手机号个数,9
0048,2026-08-27,LKUS_push,feature_Wg4dZ6VJBuTb,IP近1分钟关联的手机号个数,9
0048,2026-08-27,LKUS_push,feature_TGPe0mjAPwR5,IP近60分钟关联的国家区号个数,9
0048,2026-08-27,LKUS_push,feature_7DbBgowc2mEl,IP近1分钟的访问次数,9
0048,2026-08-27,LKUS_push,feature_UOJYBEifd5Jn,区号近60分钟的访问次数,9
0048,2026-08-27,LKUS_push,feature_JaT2oyzVtD0q,手机号近1分钟的访问次数,9
0048,2026-08-27,LKUS_push,feature_pf88qk27w76j,区号近5分钟的访问次数,9
0048,2026-08-27,LKUS_push,feature_r1bhlQnbfRHb,IP近60分钟关联的手机号个数,9
0048,2026-08-27,LKUS_push,feature_MHv7nra5Z6T5,reCAPTCHA V3 token是否有效,1
0048,2026-08-27,LKUS_push,feature_YkpmaKaJhcdG,区号近1天内的访问次数,9
0048,2026-08-27,LKUS_push,feature_lydpDiga6SB9,手机号近5分钟的访问次数,9
0048,2026-08-27,LKUS_register,feature_vTICzBPfD3Ds,ip C段白名单,5
0048,2026-08-27,LKUS_register,feature_oxYJ6qJ3BAfv,用户编号白名单,5
0048,2026-08-27,LKUS_register,feature_P5eYl9a699fA,ip白名单,5
0048,2026-08-27,LKUS_register,feature_yo8MLsBsGIsV,三方unionId白名单,5
0048,2026-08-27,LKUS_register,feature_kqtp6XVcXXiQ,手机号白名单,5
0048,2026-08-27,LKUS_register,feature_K0JuGvXPoQsS,网关uid白名单,5
0048,2026-08-27,LKUS_register,feature_5caBWmAHDcCQ,邮箱白名单,5
0048,2026-08-27,LKUS_register,feature_3CSh3LRVobu7,手机号黑名单,5
0048,2026-08-27,LKUS_register,feature_jkeS0N10RDAn,网关uid黑名单,5
0048,2026-08-27,LKUS_register,feature_7qCVo92BIECU,三方unionId黑名单,5
0048,2026-08-27,LKUS_register,feature_9tl8mW2Gembc,邮箱黑名单,5
0048,2026-08-27,LKUS_register,feature_g43LuQcahzCJ,用户编号黑名单,5
0048,2026-08-27,LKUS_register,feature_cOkhRQVI91IV,ip黑名单,5
0048,2026-08-27,LKUS_register,feature_XtxCPW1x9QTU,ip C段黑名单,5
0048,2026-08-27,LKUS_push,feature_TLXI8MNiNglz,reCAPTCHA V3风险分,8
0048,2026-08-27,LKUS_physical_order_create,feature_oxYJ6qJ3BAfv,用户编号白名单,80
0048,2026-08-27,LKUS_physical_order_create,feature_vTICzBPfD3Ds,ip C段白名单,80
0048,2026-08-27,LKUS_physical_order_create,feature_P5eYl9a699fA,ip白名单,80
0048,2026-08-27,LKUS_physical_order_create,feature_yo8MLsBsGIsV,三方unionId白名单,80
0048,2026-08-27,LKUS_physical_order_create,feature_kqtp6XVcXXiQ,手机号白名单,80
0048,2026-08-27,LKUS_physical_order_create,feature_K0JuGvXPoQsS,网关uid白名单,80
0048,2026-08-27,LKUS_physical_order_create,feature_5caBWmAHDcCQ,邮箱白名单,80
0048,2026-08-27,LKUS_physical_order_create,feature_3CSh3LRVobu7,手机号黑名单,68
0048,2026-08-27,LKUS_physical_order_create,feature_jkeS0N10RDAn,网关uid黑名单,68
0048,2026-08-27,LKUS_physical_order_create,feature_7qCVo92BIECU,三方unionId黑名单,68
0048,2026-08-27,LKUS_physical_order_create,feature_9tl8mW2Gembc,邮箱黑名单,68
0048,2026-08-27,LKUS_physical_order_create,feature_g43LuQcahzCJ,用户编号黑名单,68
0048,2026-08-27,LKUS_physical_order_create,feature_cOkhRQVI91IV,ip黑名单,68
0048,2026-08-27,LKUS_physical_order_create,feature_XtxCPW1x9QTU,ip C段黑名单,68
0048,2026-08-27,LKUS_physical_order_create,feature_TLXI8MNiNglz,reCAPTCHA V3风险分,68
0048,2026-08-27,LKUS_payment,feature_oxYJ6qJ3BAfv,用户编号白名单,81
0048,2026-08-27,LKUS_payment,feature_vTICzBPfD3Ds,ip C段白名单,81
0048,2026-08-27,LKUS_payment,feature_P5eYl9a699fA,ip白名单,81
0048,2026-08-27,LKUS_payment,feature_yo8MLsBsGIsV,三方unionId白名单,81
0048,2026-08-27,LKUS_payment,feature_kqtp6XVcXXiQ,手机号白名单,81
0048,2026-08-27,LKUS_payment,feature_K0JuGvXPoQsS,网关uid白名单,81
0048,2026-08-27,LKUS_payment,feature_5caBWmAHDcCQ,邮箱白名单,81
0048,2026-08-27,LKUS_payment,feature_3CSh3LRVobu7,手机号黑名单,69
0048,2026-08-27,LKUS_payment,feature_jkeS0N10RDAn,网关uid黑名单,69
0048,2026-08-27,LKUS_payment,feature_7qCVo92BIECU,三方unionId黑名单,69
0048,2026-08-27,LKUS_payment,feature_9tl8mW2Gembc,邮箱黑名单,69
0048,2026-08-27,LKUS_payment,feature_g43LuQcahzCJ,用户编号黑名单,69
0048,2026-08-27,LKUS_payment,feature_cOkhRQVI91IV,ip黑名单,69
0048,2026-08-27,LKUS_payment,feature_XtxCPW1x9QTU,ip C段黑名单,69
0048,2026-08-27,LKUS_payment,feature_TLXI8MNiNglz,reCAPTCHA V3风险分,69
0048,2026-08-27,LKUS_push,feature_Ym70ZsfxQKSc,一小时请求量,7
0048,2026-08-27,LKUS_push,feature_6qwgYPGGuJZ4,IPC段近10分钟关联的手机号个数,7
0048,2026-08-27,LKUS_push,feature_dqBHKec09Wwa,同区号近60分钟未携带recaptchaV3token 访问次数,7
0048,2026-08-27,LKUS_push,feature_nnsdzZLQKPZ7,IP近10分钟关联的手机号个数,7
0048,2026-08-27,LKUS_push,feature_n91JeGM6gD6i,同区号近60分钟非美国IP访问次数,7
0048,2026-08-27,LKUS_push,feature_WxHUxqIN0IuS,同IP近10分钟的访问次数,7
0048,2026-08-27,LKUS_push,feature_IPwzfPamC8eW,同手机号30分钟关联的IP city个数,7
0048,2026-08-27,LKUS_push,feature_hspErCH8fSCE,手机号近30分钟的访问次数,7
0048,2026-08-27,LKUS_login,feature_oxYJ6qJ3BAfv,用户编号白名单,16
0048,2026-08-27,LKUS_login,feature_vTICzBPfD3Ds,ip C段白名单,16
0048,2026-08-27,LKUS_login,feature_P5eYl9a699fA,ip白名单,16
0048,2026-08-27,LKUS_login,feature_yo8MLsBsGIsV,三方unionId白名单,16
0048,2026-08-27,LKUS_login,feature_kqtp6XVcXXiQ,手机号白名单,16
0048,2026-08-27,LKUS_login,feature_K0JuGvXPoQsS,网关uid白名单,16
0048,2026-08-27,LKUS_login,feature_5caBWmAHDcCQ,邮箱白名单,16
0048,2026-08-27,LKUS_login,feature_3CSh3LRVobu7,手机号黑名单,14
0048,2026-08-27,LKUS_login,feature_jkeS0N10RDAn,网关uid黑名单,14
0048,2026-08-27,LKUS_login,feature_7qCVo92BIECU,三方unionId黑名单,14
0048,2026-08-27,LKUS_login,feature_9tl8mW2Gembc,邮箱黑名单,14
0048,2026-08-27,LKUS_login,feature_g43LuQcahzCJ,用户编号黑名单,14
0048,2026-08-27,LKUS_login,feature_cOkhRQVI91IV,ip黑名单,14
0048,2026-08-27,LKUS_login,feature_XtxCPW1x9QTU,ip C段黑名单,14
0048,2026-08-27,LKUS_login,feature_TLXI8MNiNglz,reCAPTCHA V3风险分,14
0048,2026-08-27,LKUS_grant_new_user_coupon,feature_oxYJ6qJ3BAfv,用户编号白名单,7
0048,2026-08-27,LKUS_grant_new_user_coupon,feature_vTICzBPfD3Ds,ip C段白名单,7
0048,2026-08-27,LKUS_grant_new_user_coupon,feature_P5eYl9a699fA,ip白名单,7
0048,2026-08-27,LKUS_grant_new_user_coupon,feature_yo8MLsBsGIsV,三方unionId白名单,7
0048,2026-08-27,LKUS_grant_new_user_coupon,feature_kqtp6XVcXXiQ,手机号白名单,7
0048,2026-08-27,LKUS_grant_new_user_coupon,feature_K0JuGvXPoQsS,网关uid白名单,7
0048,2026-08-27,LKUS_grant_new_user_coupon,feature_5caBWmAHDcCQ,邮箱白名单,7
0048,2026-08-27,LKUS_grant_new_user_coupon,feature_3CSh3LRVobu7,手机号黑名单,7
0048,2026-08-27,LKUS_grant_new_user_coupon,feature_jkeS0N10RDAn,网关uid黑名单,7
0048,2026-08-27,LKUS_grant_new_user_coupon,feature_7qCVo92BIECU,三方unionId黑名单,7
0048,2026-08-27,LKUS_grant_new_user_coupon,feature_9tl8mW2Gembc,邮箱黑名单,7
0048,2026-08-27,LKUS_grant_new_user_coupon,feature_g43LuQcahzCJ,用户编号黑名单,7
0048,2026-08-27,LKUS_grant_new_user_coupon,feature_cOkhRQVI91IV,ip黑名单,7
0048,2026-08-27,LKUS_grant_new_user_coupon,feature_XtxCPW1x9QTU,ip C段黑名单,7
0048,2026-08-27,LKUS_physical_order_cancel,feature_vTICzBPfD3Ds,ip C段白名单,2
0048,2026-08-27,LKUS_physical_order_cancel,feature_oxYJ6qJ3BAfv,用户编号白名单,2
0048,2026-08-27,LKUS_physical_order_cancel,feature_P5eYl9a699fA,ip白名单,2
0048,2026-08-27,LKUS_physical_order_cancel,feature_yo8MLsBsGIsV,三方unionId白名单,2
0048,2026-08-27,LKUS_physical_order_cancel,feature_kqtp6XVcXXiQ,手机号白名单,2
0048,2026-08-27,LKUS_physical_order_cancel,feature_K0JuGvXPoQsS,网关uid白名单,2
0048,2026-08-27,LKUS_physical_order_cancel,feature_5caBWmAHDcCQ,邮箱白名单,2
0048,2026-08-27,LKUS_physical_order_cancel,feature_3CSh3LRVobu7,手机号黑名单,2
0048,2026-08-27,LKUS_physical_order_cancel,feature_jkeS0N10RDAn,网关uid黑名单,2
0048,2026-08-27,LKUS_physical_order_cancel,feature_7qCVo92BIECU,三方unionId黑名单,2
0048,2026-08-27,LKUS_physical_order_cancel,feature_9tl8mW2Gembc,邮箱黑名单,2
0048,2026-08-27,LKUS_physical_order_cancel,feature_XtxCPW1x9QTU,ip C段黑名单,2
0048,2026-08-27,LKUS_physical_order_cancel,feature_cOkhRQVI91IV,ip黑名单,2
0048,2026-08-27,LKUS_physical_order_cancel,feature_g43LuQcahzCJ,用户编号黑名单,2
0048,2026-08-28,LKUS_push,feature_vTICzBPfD3Ds,ip C段白名单,25
0048,2026-08-28,LKUS_push,feature_oxYJ6qJ3BAfv,用户编号白名单,25
0048,2026-08-28,LKUS_push,feature_P5eYl9a699fA,ip白名单,25
0048,2026-08-28,LKUS_push,feature_yo8MLsBsGIsV,三方unionId白名单,25
0048,2026-08-28,LKUS_push,feature_kqtp6XVcXXiQ,手机号白名单,25
0048,2026-08-28,LKUS_push,feature_K0JuGvXPoQsS,网关uid白名单,25
0048,2026-08-28,LKUS_push,feature_5caBWmAHDcCQ,邮箱白名单,25
0048,2026-08-28,LKUS_push,feature_Fik6gvwY1tA6,手机号近1天的访问次数,25
0048,2026-08-28,LKUS_push,feature_3CSh3LRVobu7,手机号黑名单,23
0048,2026-08-28,LKUS_push,feature_jkeS0N10RDAn,网关uid黑名单,23
0048,2026-08-28,LKUS_push,feature_7qCVo92BIECU,三方unionId黑名单,23
0048,2026-08-28,LKUS_push,feature_9tl8mW2Gembc,邮箱黑名单,23
0048,2026-08-28,LKUS_push,feature_XtxCPW1x9QTU,ip C段黑名单,23
0048,2026-08-28,LKUS_push,feature_cOkhRQVI91IV,ip黑名单,23
0048,2026-08-28,LKUS_push,feature_g43LuQcahzCJ,用户编号黑名单,23
0048,2026-08-28,LKUS_push,feature_TLXI8MNiNglz,reCAPTCHA V3风险分,23
0048,2026-08-28,LKUS_push,feature_JaT2oyzVtD0q,手机号近1分钟的访问次数,23
0048,2026-08-28,LKUS_push,feature_TGPe0mjAPwR5,IP近60分钟关联的国家区号个数,23
0048,2026-08-28,LKUS_push,feature_YkpmaKaJhcdG,区号近1天内的访问次数,23
0048,2026-08-28,LKUS_push,feature_Wg4dZ6VJBuTb,IP近1分钟关联的手机号个数,23
0048,2026-08-28,LKUS_push,feature_SdA1CjZvNCMG,区号近1分钟的访问次数,23
0048,2026-08-28,LKUS_push,feature_7DbBgowc2mEl,IP近1分钟的访问次数,23
0048,2026-08-28,LKUS_push,feature_Ym70ZsfxQKSc,一小时请求量,23
0048,2026-08-28,LKUS_push,feature_6qwgYPGGuJZ4,IPC段近10分钟关联的手机号个数,23
0048,2026-08-28,LKUS_push,feature_pf88qk27w76j,区号近5分钟的访问次数,23
0048,2026-08-28,LKUS_push,feature_UOJYBEifd5Jn,区号近60分钟的访问次数,23
0048,2026-08-28,LKUS_push,feature_dqBHKec09Wwa,同区号近60分钟未携带recaptchaV3token 访问次数,23
0048,2026-08-28,LKUS_push,feature_lydpDiga6SB9,手机号近5分钟的访问次数,23
0048,2026-08-28,LKUS_push,feature_nnsdzZLQKPZ7,IP近10分钟关联的手机号个数,23
0048,2026-08-28,LKUS_push,feature_n91JeGM6gD6i,同区号近60分钟非美国IP访问次数,23
0048,2026-08-28,LKUS_push,feature_WxHUxqIN0IuS,同IP近10分钟的访问次数,23
0048,2026-08-28,LKUS_push,feature_IPwzfPamC8eW,同手机号30分钟关联的IP city个数,23
0048,2026-08-28,LKUS_push,feature_r1bhlQnbfRHb,IP近60分钟关联的手机号个数,23
0048,2026-08-28,LKUS_push,feature_53Ck9TgChpTW,IP近5分钟关联的手机号个数,23
0048,2026-08-28,LKUS_push,feature_hspErCH8fSCE,手机号近30分钟的访问次数,23
0048,2026-08-28,LKUS_login,feature_vTICzBPfD3Ds,ip C段白名单,19
0048,2026-08-28,LKUS_login,feature_oxYJ6qJ3BAfv,用户编号白名单,19
0048,2026-08-28,LKUS_login,feature_P5eYl9a699fA,ip白名单,19
0048,2026-08-28,LKUS_login,feature_yo8MLsBsGIsV,三方unionId白名单,19
0048,2026-08-28,LKUS_login,feature_kqtp6XVcXXiQ,手机号白名单,19
0048,2026-08-28,LKUS_login,feature_K0JuGvXPoQsS,网关uid白名单,19
0048,2026-08-28,LKUS_login,feature_5caBWmAHDcCQ,邮箱白名单,19
0048,2026-08-28,LKUS_login,feature_3CSh3LRVobu7,手机号黑名单,18
0048,2026-08-28,LKUS_login,feature_jkeS0N10RDAn,网关uid黑名单,18
0048,2026-08-28,LKUS_login,feature_7qCVo92BIECU,三方unionId黑名单,18
0048,2026-08-28,LKUS_login,feature_9tl8mW2Gembc,邮箱黑名单,18
0048,2026-08-28,LKUS_login,feature_XtxCPW1x9QTU,ip C段黑名单,18
0048,2026-08-28,LKUS_login,feature_cOkhRQVI91IV,ip黑名单,18
0048,2026-08-28,LKUS_login,feature_g43LuQcahzCJ,用户编号黑名单,18
0048,2026-08-28,LKUS_login,feature_TLXI8MNiNglz,reCAPTCHA V3风险分,18
0048,2026-08-28,LKUS_physical_order_create,feature_vTICzBPfD3Ds,ip C段白名单,78
0048,2026-08-28,LKUS_physical_order_create,feature_oxYJ6qJ3BAfv,用户编号白名单,78
0048,2026-08-28,LKUS_physical_order_create,feature_P5eYl9a699fA,ip白名单,78
0048,2026-08-28,LKUS_physical_order_create,feature_yo8MLsBsGIsV,三方unionId白名单,78
0048,2026-08-28,LKUS_physical_order_create,feature_kqtp6XVcXXiQ,手机号白名单,78
0048,2026-08-28,LKUS_physical_order_create,feature_K0JuGvXPoQsS,网关uid白名单,78
0048,2026-08-28,LKUS_physical_order_create,feature_5caBWmAHDcCQ,邮箱白名单,78
0048,2026-08-28,LKUS_physical_order_create,feature_3CSh3LRVobu7,手机号黑名单,71
0048,2026-08-28,LKUS_physical_order_create,feature_jkeS0N10RDAn,网关uid黑名单,71
0048,2026-08-28,LKUS_physical_order_create,feature_7qCVo92BIECU,三方unionId黑名单,71
0048,2026-08-28,LKUS_physical_order_create,feature_9tl8mW2Gembc,邮箱黑名单,71
0048,2026-08-28,LKUS_physical_order_create,feature_XtxCPW1x9QTU,ip C段黑名单,71
0048,2026-08-28,LKUS_physical_order_create,feature_cOkhRQVI91IV,ip黑名单,71
0048,2026-08-28,LKUS_physical_order_create,feature_g43LuQcahzCJ,用户编号黑名单,71
0048,2026-08-28,LKUS_physical_order_create,feature_TLXI8MNiNglz,reCAPTCHA V3风险分,71
0048,2026-08-28,LKUS_payment,feature_oxYJ6qJ3BAfv,用户编号白名单,77
0048,2026-08-28,LKUS_payment,feature_vTICzBPfD3Ds,ip C段白名单,77
0048,2026-08-28,LKUS_payment,feature_P5eYl9a699fA,ip白名单,77
0048,2026-08-28,LKUS_payment,feature_yo8MLsBsGIsV,三方unionId白名单,77
0048,2026-08-28,LKUS_payment,feature_kqtp6XVcXXiQ,手机号白名单,77
0048,2026-08-28,LKUS_payment,feature_K0JuGvXPoQsS,网关uid白名单,77
0048,2026-08-28,LKUS_payment,feature_5caBWmAHDcCQ,邮箱白名单,77
0048,2026-08-28,LKUS_payment,feature_3CSh3LRVobu7,手机号黑名单,70
0048,2026-08-28,LKUS_payment,feature_jkeS0N10RDAn,网关uid黑名单,70
0048,2026-08-28,LKUS_payment,feature_7qCVo92BIECU,三方unionId黑名单,70
0048,2026-08-28,LKUS_payment,feature_9tl8mW2Gembc,邮箱黑名单,70
0048,2026-08-28,LKUS_payment,feature_g43LuQcahzCJ,用户编号黑名单,70
0048,2026-08-28,LKUS_payment,feature_cOkhRQVI91IV,ip黑名单,70
0048,2026-08-28,LKUS_payment,feature_XtxCPW1x9QTU,ip C段黑名单,70
0048,2026-08-28,LKUS_payment,feature_TLXI8MNiNglz,reCAPTCHA V3风险分,70
0048,2026-08-28,LKUS_physical_order_cancel,feature_vTICzBPfD3Ds,ip C段白名单,1
0048,2026-08-28,LKUS_physical_order_cancel,feature_oxYJ6qJ3BAfv,用户编号白名单,1
0048,2026-08-28,LKUS_physical_order_cancel,feature_P5eYl9a699fA,ip白名单,1
0048,2026-08-28,LKUS_physical_order_cancel,feature_yo8MLsBsGIsV,三方unionId白名单,1
0048,2026-08-28,LKUS_physical_order_cancel,feature_kqtp6XVcXXiQ,手机号白名单,1
0048,2026-08-28,LKUS_physical_order_cancel,feature_K0JuGvXPoQsS,网关uid白名单,1
0048,2026-08-28,LKUS_physical_order_cancel,feature_5caBWmAHDcCQ,邮箱白名单,1
0048,2026-08-28,LKUS_physical_order_cancel,feature_3CSh3LRVobu7,手机号黑名单,1
0048,2026-08-28,LKUS_physical_order_cancel,feature_jkeS0N10RDAn,网关uid黑名单,1
0048,2026-08-28,LKUS_physical_order_cancel,feature_7qCVo92BIECU,三方unionId黑名单,1
0048,2026-08-28,LKUS_physical_order_cancel,feature_9tl8mW2Gembc,邮箱黑名单,1
0048,2026-08-28,LKUS_physical_order_cancel,feature_XtxCPW1x9QTU,ip C段黑名单,1
0048,2026-08-28,LKUS_physical_order_cancel,feature_cOkhRQVI91IV,ip黑名单,1
0048,2026-08-28,LKUS_physical_order_cancel,feature_g43LuQcahzCJ,用户编号黑名单,1
0048,2026-08-28,LKUS_register,feature_oxYJ6qJ3BAfv,用户编号白名单,11
0048,2026-08-28,LKUS_register,feature_vTICzBPfD3Ds,ip C段白名单,11
0048,2026-08-28,LKUS_register,feature_P5eYl9a699fA,ip白名单,11
0048,2026-08-28,LKUS_register,feature_yo8MLsBsGIsV,三方unionId白名单,11
0048,2026-08-28,LKUS_register,feature_kqtp6XVcXXiQ,手机号白名单,11
0048,2026-08-28,LKUS_register,feature_K0JuGvXPoQsS,网关uid白名单,11
0048,2026-08-28,LKUS_register,feature_5caBWmAHDcCQ,邮箱白名单,11
0048,2026-08-28,LKUS_register,feature_3CSh3LRVobu7,手机号黑名单,11
0048,2026-08-28,LKUS_register,feature_jkeS0N10RDAn,网关uid黑名单,11
0048,2026-08-28,LKUS_register,feature_7qCVo92BIECU,三方unionId黑名单,11
0048,2026-08-28,LKUS_register,feature_9tl8mW2Gembc,邮箱黑名单,11
0048,2026-08-28,LKUS_register,feature_g43LuQcahzCJ,用户编号黑名单,11
0048,2026-08-28,LKUS_register,feature_cOkhRQVI91IV,ip黑名单,11
0048,2026-08-28,LKUS_register,feature_XtxCPW1x9QTU,ip C段黑名单,11
0048,2026-08-28,LKUS_grant_new_user_coupon,feature_oxYJ6qJ3BAfv,用户编号白名单,15
0048,2026-08-28,LKUS_grant_new_user_coupon,feature_vTICzBPfD3Ds,ip C段白名单,15
0048,2026-08-28,LKUS_grant_new_user_coupon,feature_P5eYl9a699fA,ip白名单,15
0048,2026-08-28,LKUS_grant_new_user_coupon,feature_yo8MLsBsGIsV,三方unionId白名单,15
0048,2026-08-28,LKUS_grant_new_user_coupon,feature_kqtp6XVcXXiQ,手机号白名单,15
0048,2026-08-28,LKUS_grant_new_user_coupon,feature_K0JuGvXPoQsS,网关uid白名单,15
0048,2026-08-28,LKUS_grant_new_user_coupon,feature_5caBWmAHDcCQ,邮箱白名单,15
0048,2026-08-28,LKUS_grant_new_user_coupon,feature_3CSh3LRVobu7,手机号黑名单,15
0048,2026-08-28,LKUS_grant_new_user_coupon,feature_jkeS0N10RDAn,网关uid黑名单,15
0048,2026-08-28,LKUS_grant_new_user_coupon,feature_7qCVo92BIECU,三方unionId黑名单,15
0048,2026-08-28,LKUS_grant_new_user_coupon,feature_9tl8mW2Gembc,邮箱黑名单,15
0048,2026-08-28,LKUS_grant_new_user_coupon,feature_g43LuQcahzCJ,用户编号黑名单,15
0048,2026-08-28,LKUS_grant_new_user_coupon,feature_cOkhRQVI91IV,ip黑名单,15
0048,2026-08-28,LKUS_grant_new_user_coupon,feature_XtxCPW1x9QTU,ip C段黑名单,15
0048,2026-08-29,LKUS_login,feature_vTICzBPfD3Ds,ip C段白名单,21
0048,2026-08-29,LKUS_login,feature_oxYJ6qJ3BAfv,用户编号白名单,21
0048,2026-08-29,LKUS_login,feature_P5eYl9a699fA,ip白名单,21
0048,2026-08-29,LKUS_login,feature_yo8MLsBsGIsV,三方unionId白名单,21
0048,2026-08-29,LKUS_login,feature_kqtp6XVcXXiQ,手机号白名单,21
0048,2026-08-29,LKUS_login,feature_K0JuGvXPoQsS,网关uid白名单,21
0048,2026-08-29,LKUS_login,feature_5caBWmAHDcCQ,邮箱白名单,21
0048,2026-08-29,LKUS_login,feature_3CSh3LRVobu7,手机号黑名单,20
0048,2026-08-29,LKUS_login,feature_jkeS0N10RDAn,网关uid黑名单,20
0048,2026-08-29,LKUS_login,feature_7qCVo92BIECU,三方unionId黑名单,20
0048,2026-08-29,LKUS_login,feature_9tl8mW2Gembc,邮箱黑名单,20
0048,2026-08-29,LKUS_login,feature_XtxCPW1x9QTU,ip C段黑名单,20
0048,2026-08-29,LKUS_login,feature_cOkhRQVI91IV,ip黑名单,20
0048,2026-08-29,LKUS_login,feature_g43LuQcahzCJ,用户编号黑名单,20
0048,2026-08-29,LKUS_login,feature_TLXI8MNiNglz,reCAPTCHA V3风险分,20
0048,2026-08-29,LKUS_push,feature_vTICzBPfD3Ds,ip C段白名单,22
0048,2026-08-29,LKUS_push,feature_oxYJ6qJ3BAfv,用户编号白名单,22
0048,2026-08-29,LKUS_push,feature_P5eYl9a699fA,ip白名单,22
0048,2026-08-29,LKUS_push,feature_yo8MLsBsGIsV,三方unionId白名单,22
0048,2026-08-29,LKUS_push,feature_kqtp6XVcXXiQ,手机号白名单,22
0048,2026-08-29,LKUS_push,feature_K0JuGvXPoQsS,网关uid白名单,22
0048,2026-08-29,LKUS_push,feature_5caBWmAHDcCQ,邮箱白名单,22
0048,2026-08-29,LKUS_push,feature_Fik6gvwY1tA6,手机号近1天的访问次数,22
0048,2026-08-29,LKUS_push,feature_3CSh3LRVobu7,手机号黑名单,20
0048,2026-08-29,LKUS_push,feature_jkeS0N10RDAn,网关uid黑名单,20
0048,2026-08-29,LKUS_push,feature_7qCVo92BIECU,三方unionId黑名单,20
0048,2026-08-29,LKUS_push,feature_9tl8mW2Gembc,邮箱黑名单,20
0048,2026-08-29,LKUS_push,feature_XtxCPW1x9QTU,ip C段黑名单,20
0048,2026-08-29,LKUS_push,feature_cOkhRQVI91IV,ip黑名单,20
0048,2026-08-29,LKUS_push,feature_g43LuQcahzCJ,用户编号黑名单,20
0048,2026-08-29,LKUS_push,feature_TLXI8MNiNglz,reCAPTCHA V3风险分,20
0048,2026-08-29,LKUS_push,feature_JaT2oyzVtD0q,手机号近1分钟的访问次数,20
0048,2026-08-29,LKUS_push,feature_TGPe0mjAPwR5,IP近60分钟关联的国家区号个数,20
0048,2026-08-29,LKUS_push,feature_YkpmaKaJhcdG,区号近1天内的访问次数,20
0048,2026-08-29,LKUS_push,feature_Wg4dZ6VJBuTb,IP近1分钟关联的手机号个数,20
0048,2026-08-29,LKUS_push,feature_SdA1CjZvNCMG,区号近1分钟的访问次数,20
0048,2026-08-29,LKUS_push,feature_7DbBgowc2mEl,IP近1分钟的访问次数,20
0048,2026-08-29,LKUS_push,feature_Ym70ZsfxQKSc,一小时请求量,20
0048,2026-08-29,LKUS_push,feature_6qwgYPGGuJZ4,IPC段近10分钟关联的手机号个数,20
0048,2026-08-29,LKUS_push,feature_pf88qk27w76j,区号近5分钟的访问次数,20
0048,2026-08-29,LKUS_push,feature_UOJYBEifd5Jn,区号近60分钟的访问次数,20
0048,2026-08-29,LKUS_push,feature_dqBHKec09Wwa,同区号近60分钟未携带recaptchaV3token 访问次数,20
0048,2026-08-29,LKUS_push,feature_lydpDiga6SB9,手机号近5分钟的访问次数,20
0048,2026-08-29,LKUS_push,feature_nnsdzZLQKPZ7,IP近10分钟关联的手机号个数,20
0048,2026-08-29,LKUS_push,feature_n91JeGM6gD6i,同区号近60分钟非美国IP访问次数,20
0048,2026-08-29,LKUS_push,feature_WxHUxqIN0IuS,同IP近10分钟的访问次数,20
0048,2026-08-29,LKUS_push,feature_IPwzfPamC8eW,同手机号30分钟关联的IP city个数,20
0048,2026-08-29,LKUS_push,feature_r1bhlQnbfRHb,IP近60分钟关联的手机号个数,20
0048,2026-08-29,LKUS_push,feature_53Ck9TgChpTW,IP近5分钟关联的手机号个数,20
0048,2026-08-29,LKUS_push,feature_hspErCH8fSCE,手机号近30分钟的访问次数,20
0048,2026-08-29,LKUS_physical_order_create,feature_oxYJ6qJ3BAfv,用户编号白名单,63
0048,2026-08-29,LKUS_physical_order_create,feature_vTICzBPfD3Ds,ip C段白名单,63
0048,2026-08-29,LKUS_physical_order_create,feature_P5eYl9a699fA,ip白名单,63
0048,2026-08-29,LKUS_physical_order_create,feature_yo8MLsBsGIsV,三方unionId白名单,63
0048,2026-08-29,LKUS_physical_order_create,feature_kqtp6XVcXXiQ,手机号白名单,63
0048,2026-08-29,LKUS_physical_order_create,feature_K0JuGvXPoQsS,网关uid白名单,63
0048,2026-08-29,LKUS_physical_order_create,feature_5caBWmAHDcCQ,邮箱白名单,63
0048,2026-08-29,LKUS_physical_order_create,feature_3CSh3LRVobu7,手机号黑名单,56
0048,2026-08-29,LKUS_physical_order_create,feature_jkeS0N10RDAn,网关uid黑名单,56
0048,2026-08-29,LKUS_physical_order_create,feature_7qCVo92BIECU,三方unionId黑名单,56
0048,2026-08-29,LKUS_physical_order_create,feature_9tl8mW2Gembc,邮箱黑名单,56
0048,2026-08-29,LKUS_physical_order_create,feature_g43LuQcahzCJ,用户编号黑名单,56
0048,2026-08-29,LKUS_physical_order_create,feature_cOkhRQVI91IV,ip黑名单,56
0048,2026-08-29,LKUS_physical_order_create,feature_XtxCPW1x9QTU,ip C段黑名单,56
0048,2026-08-29,LKUS_physical_order_create,feature_TLXI8MNiNglz,reCAPTCHA V3风险分,56
0048,2026-08-29,LKUS_payment,feature_vTICzBPfD3Ds,ip C段白名单,64
0048,2026-08-29,LKUS_payment,feature_oxYJ6qJ3BAfv,用户编号白名单,64
0048,2026-08-29,LKUS_payment,feature_P5eYl9a699fA,ip白名单,64
0048,2026-08-29,LKUS_payment,feature_yo8MLsBsGIsV,三方unionId白名单,64
0048,2026-08-29,LKUS_payment,feature_kqtp6XVcXXiQ,手机号白名单,64
0048,2026-08-29,LKUS_payment,feature_K0JuGvXPoQsS,网关uid白名单,64
0048,2026-08-29,LKUS_payment,feature_5caBWmAHDcCQ,邮箱白名单,64
0048,2026-08-29,LKUS_payment,feature_3CSh3LRVobu7,手机号黑名单,57
0048,2026-08-29,LKUS_payment,feature_jkeS0N10RDAn,网关uid黑名单,57
0048,2026-08-29,LKUS_payment,feature_7qCVo92BIECU,三方unionId黑名单,57
0048,2026-08-29,LKUS_payment,feature_9tl8mW2Gembc,邮箱黑名单,57
0048,2026-08-29,LKUS_payment,feature_XtxCPW1x9QTU,ip C段黑名单,57
0048,2026-08-29,LKUS_payment,feature_cOkhRQVI91IV,ip黑名单,57
0048,2026-08-29,LKUS_payment,feature_g43LuQcahzCJ,用户编号黑名单,57
0048,2026-08-29,LKUS_payment,feature_TLXI8MNiNglz,reCAPTCHA V3风险分,57
0048,2026-08-29,LKUS_register,feature_vTICzBPfD3Ds,ip C段白名单,9
0048,2026-08-29,LKUS_register,feature_oxYJ6qJ3BAfv,用户编号白名单,9
0048,2026-08-29,LKUS_register,feature_P5eYl9a699fA,ip白名单,9
0048,2026-08-29,LKUS_register,feature_yo8MLsBsGIsV,三方unionId白名单,9
0048,2026-08-29,LKUS_register,feature_kqtp6XVcXXiQ,手机号白名单,9
0048,2026-08-29,LKUS_register,feature_K0JuGvXPoQsS,网关uid白名单,9
0048,2026-08-29,LKUS_register,feature_5caBWmAHDcCQ,邮箱白名单,9
0048,2026-08-29,LKUS_register,feature_3CSh3LRVobu7,手机号黑名单,9
0048,2026-08-29,LKUS_register,feature_jkeS0N10RDAn,网关uid黑名单,9
0048,2026-08-29,LKUS_register,feature_7qCVo92BIECU,三方unionId黑名单,9
0048,2026-08-29,LKUS_register,feature_9tl8mW2Gembc,邮箱黑名单,9
0048,2026-08-29,LKUS_register,feature_XtxCPW1x9QTU,ip C段黑名单,9
0048,2026-08-29,LKUS_register,feature_cOkhRQVI91IV,ip黑名单,9
0048,2026-08-29,LKUS_register,feature_g43LuQcahzCJ,用户编号黑名单,9
0048,2026-08-29,LKUS_grant_new_user_coupon,feature_vTICzBPfD3Ds,ip C段白名单,15
0048,2026-08-29,LKUS_grant_new_user_coupon,feature_oxYJ6qJ3BAfv,用户编号白名单,15
0048,2026-08-29,LKUS_grant_new_user_coupon,feature_P5eYl9a699fA,ip白名单,15
0048,2026-08-29,LKUS_grant_new_user_coupon,feature_yo8MLsBsGIsV,三方unionId白名单,15
0048,2026-08-29,LKUS_grant_new_user_coupon,feature_kqtp6XVcXXiQ,手机号白名单,15
0048,2026-08-29,LKUS_grant_new_user_coupon,feature_K0JuGvXPoQsS,网关uid白名单,15
0048,2026-08-29,LKUS_grant_new_user_coupon,feature_5caBWmAHDcCQ,邮箱白名单,15
0048,2026-08-29,LKUS_grant_new_user_coupon,feature_3CSh3LRVobu7,手机号黑名单,15
0048,2026-08-29,LKUS_grant_new_user_coupon,feature_jkeS0N10RDAn,网关uid黑名单,15
0048,2026-08-29,LKUS_grant_new_user_coupon,feature_7qCVo92BIECU,三方unionId黑名单,15
0048,2026-08-29,LKUS_grant_new_user_coupon,feature_9tl8mW2Gembc,邮箱黑名单,15
0048,2026-08-29,LKUS_grant_new_user_coupon,feature_XtxCPW1x9QTU,ip C段黑名单,15
0048,2026-08-29,LKUS_grant_new_user_coupon,feature_cOkhRQVI91IV,ip黑名单,15
0048,2026-08-29,LKUS_grant_new_user_coupon,feature_g43LuQcahzCJ,用户编号黑名单,15
0048,2026-08-30,LKUS_push,feature_vTICzBPfD3Ds,ip C段白名单,24
0048,2026-08-30,LKUS_push,feature_oxYJ6qJ3BAfv,用户编号白名单,24
0048,2026-08-30,LKUS_push,feature_P5eYl9a699fA,ip白名单,24
0048,2026-08-30,LKUS_push,feature_yo8MLsBsGIsV,三方unionId白名单,24
0048,2026-08-30,LKUS_push,feature_kqtp6XVcXXiQ,手机号白名单,24
0048,2026-08-30,LKUS_push,feature_K0JuGvXPoQsS,网关uid白名单,24
0048,2026-08-30,LKUS_push,feature_5caBWmAHDcCQ,邮箱白名单,24
0048,2026-08-30,LKUS_push,feature_Fik6gvwY1tA6,手机号近1天的访问次数,24
0048,2026-08-30,LKUS_push,feature_3CSh3LRVobu7,手机号黑名单,23
0048,2026-08-30,LKUS_push,feature_jkeS0N10RDAn,网关uid黑名单,23
0048,2026-08-30,LKUS_push,feature_7qCVo92BIECU,三方unionId黑名单,23
0048,2026-08-30,LKUS_push,feature_9tl8mW2Gembc,邮箱黑名单,23
0048,2026-08-30,LKUS_push,feature_XtxCPW1x9QTU,ip C段黑名单,23
0048,2026-08-30,LKUS_push,feature_cOkhRQVI91IV,ip黑名单,23
0048,2026-08-30,LKUS_push,feature_g43LuQcahzCJ,用户编号黑名单,23
0048,2026-08-30,LKUS_push,feature_TLXI8MNiNglz,reCAPTCHA V3风险分,23
0048,2026-08-30,LKUS_push,feature_JaT2oyzVtD0q,手机号近1分钟的访问次数,23
0048,2026-08-30,LKUS_push,feature_TGPe0mjAPwR5,IP近60分钟关联的国家区号个数,23
0048,2026-08-30,LKUS_push,feature_YkpmaKaJhcdG,区号近1天内的访问次数,23
0048,2026-08-30,LKUS_push,feature_Wg4dZ6VJBuTb,IP近1分钟关联的手机号个数,23
0048,2026-08-30,LKUS_push,feature_SdA1CjZvNCMG,区号近1分钟的访问次数,23
0048,2026-08-30,LKUS_push,feature_7DbBgowc2mEl,IP近1分钟的访问次数,23
0048,2026-08-30,LKUS_push,feature_Ym70ZsfxQKSc,一小时请求量,23
0048,2026-08-30,LKUS_push,feature_6qwgYPGGuJZ4,IPC段近10分钟关联的手机号个数,23
0048,2026-08-30,LKUS_push,feature_pf88qk27w76j,区号近5分钟的访问次数,23
0048,2026-08-30,LKUS_push,feature_UOJYBEifd5Jn,区号近60分钟的访问次数,23
0048,2026-08-30,LKUS_push,feature_dqBHKec09Wwa,同区号近60分钟未携带recaptchaV3token 访问次数,23
0048,2026-08-30,LKUS_push,feature_lydpDiga6SB9,手机号近5分钟的访问次数,23
0048,2026-08-30,LKUS_push,feature_nnsdzZLQKPZ7,IP近10分钟关联的手机号个数,23
0048,2026-08-30,LKUS_push,feature_n91JeGM6gD6i,同区号近60分钟非美国IP访问次数,23
0048,2026-08-30,LKUS_push,feature_WxHUxqIN0IuS,同IP近10分钟的访问次数,23
0048,2026-08-30,LKUS_push,feature_IPwzfPamC8eW,同手机号30分钟关联的IP city个数,23
0048,2026-08-30,LKUS_push,feature_r1bhlQnbfRHb,IP近60分钟关联的手机号个数,23
0048,2026-08-30,LKUS_push,feature_53Ck9TgChpTW,IP近5分钟关联的手机号个数,23
0048,2026-08-30,LKUS_push,feature_hspErCH8fSCE,手机号近30分钟的访问次数,23
0048,2026-08-30,LKUS_physical_order_create,feature_vTICzBPfD3Ds,ip C段白名单,44
0048,2026-08-30,LKUS_physical_order_create,feature_oxYJ6qJ3BAfv,用户编号白名单,44
0048,2026-08-30,LKUS_physical_order_create,feature_P5eYl9a699fA,ip白名单,44
0048,2026-08-30,LKUS_physical_order_create,feature_yo8MLsBsGIsV,三方unionId白名单,44
0048,2026-08-30,LKUS_physical_order_create,feature_kqtp6XVcXXiQ,手机号白名单,44
0048,2026-08-30,LKUS_physical_order_create,feature_K0JuGvXPoQsS,网关uid白名单,44
0048,2026-08-30,LKUS_physical_order_create,feature_5caBWmAHDcCQ,邮箱白名单,44
0048,2026-08-30,LKUS_physical_order_create,feature_3CSh3LRVobu7,手机号黑名单,32
0048,2026-08-30,LKUS_physical_order_create,feature_jkeS0N10RDAn,网关uid黑名单,32
0048,2026-08-30,LKUS_physical_order_create,feature_7qCVo92BIECU,三方unionId黑名单,32
0048,2026-08-30,LKUS_physical_order_create,feature_9tl8mW2Gembc,邮箱黑名单,32
0048,2026-08-30,LKUS_physical_order_create,feature_XtxCPW1x9QTU,ip C段黑名单,32
0048,2026-08-30,LKUS_physical_order_create,feature_cOkhRQVI91IV,ip黑名单,32
0048,2026-08-30,LKUS_physical_order_create,feature_g43LuQcahzCJ,用户编号黑名单,32
0048,2026-08-30,LKUS_physical_order_create,feature_TLXI8MNiNglz,reCAPTCHA V3风险分,32
0048,2026-08-30,LKUS_payment,feature_oxYJ6qJ3BAfv,用户编号白名单,44
0048,2026-08-30,LKUS_payment,feature_vTICzBPfD3Ds,ip C段白名单,44
0048,2026-08-30,LKUS_payment,feature_P5eYl9a699fA,ip白名单,44
0048,2026-08-30,LKUS_payment,feature_yo8MLsBsGIsV,三方unionId白名单,44
0048,2026-08-30,LKUS_payment,feature_kqtp6XVcXXiQ,手机号白名单,44
0048,2026-08-30,LKUS_payment,feature_K0JuGvXPoQsS,网关uid白名单,44
0048,2026-08-30,LKUS_payment,feature_5caBWmAHDcCQ,邮箱白名单,44
0048,2026-08-30,LKUS_payment,feature_3CSh3LRVobu7,手机号黑名单,32
0048,2026-08-30,LKUS_payment,feature_jkeS0N10RDAn,网关uid黑名单,32
0048,2026-08-30,LKUS_payment,feature_7qCVo92BIECU,三方unionId黑名单,32
0048,2026-08-30,LKUS_payment,feature_9tl8mW2Gembc,邮箱黑名单,32
0048,2026-08-30,LKUS_payment,feature_g43LuQcahzCJ,用户编号黑名单,32
0048,2026-08-30,LKUS_payment,feature_cOkhRQVI91IV,ip黑名单,32
0048,2026-08-30,LKUS_payment,feature_XtxCPW1x9QTU,ip C段黑名单,32
0048,2026-08-30,LKUS_payment,feature_TLXI8MNiNglz,reCAPTCHA V3风险分,32
0048,2026-08-30,LKUS_login,feature_oxYJ6qJ3BAfv,用户编号白名单,9
0048,2026-08-30,LKUS_login,feature_vTICzBPfD3Ds,ip C段白名单,9
0048,2026-08-30,LKUS_login,feature_P5eYl9a699fA,ip白名单,9
0048,2026-08-30,LKUS_login,feature_yo8MLsBsGIsV,三方unionId白名单,9
0048,2026-08-30,LKUS_login,feature_kqtp6XVcXXiQ,手机号白名单,9
0048,2026-08-30,LKUS_login,feature_K0JuGvXPoQsS,网关uid白名单,9
0048,2026-08-30,LKUS_login,feature_5caBWmAHDcCQ,邮箱白名单,9
0048,2026-08-30,LKUS_login,feature_3CSh3LRVobu7,手机号黑名单,8
0048,2026-08-30,LKUS_login,feature_jkeS0N10RDAn,网关uid黑名单,8
0048,2026-08-30,LKUS_login,feature_7qCVo92BIECU,三方unionId黑名单,8
0048,2026-08-30,LKUS_login,feature_9tl8mW2Gembc,邮箱黑名单,8
0048,2026-08-30,LKUS_login,feature_g43LuQcahzCJ,用户编号黑名单,8
0048,2026-08-30,LKUS_login,feature_cOkhRQVI91IV,ip黑名单,8
0048,2026-08-30,LKUS_login,feature_XtxCPW1x9QTU,ip C段黑名单,8
0048,2026-08-30,LKUS_login,feature_TLXI8MNiNglz,reCAPTCHA V3风险分,8
0048,2026-08-30,LKUS_grant_new_user_coupon,feature_oxYJ6qJ3BAfv,用户编号白名单,5
0048,2026-08-30,LKUS_grant_new_user_coupon,feature_vTICzBPfD3Ds,ip C段白名单,5
0048,2026-08-30,LKUS_grant_new_user_coupon,feature_P5eYl9a699fA,ip白名单,5
0048,2026-08-30,LKUS_grant_new_user_coupon,feature_yo8MLsBsGIsV,三方unionId白名单,5
0048,2026-08-30,LKUS_grant_new_user_coupon,feature_kqtp6XVcXXiQ,手机号白名单,5
0048,2026-08-30,LKUS_grant_new_user_coupon,feature_K0JuGvXPoQsS,网关uid白名单,5
0048,2026-08-30,LKUS_grant_new_user_coupon,feature_5caBWmAHDcCQ,邮箱白名单,5
0048,2026-08-30,LKUS_grant_new_user_coupon,feature_3CSh3LRVobu7,手机号黑名单,5
0048,2026-08-30,LKUS_grant_new_user_coupon,feature_jkeS0N10RDAn,网关uid黑名单,5
0048,2026-08-30,LKUS_grant_new_user_coupon,feature_7qCVo92BIECU,三方unionId黑名单,5
0048,2026-08-30,LKUS_grant_new_user_coupon,feature_9tl8mW2Gembc,邮箱黑名单,5
0048,2026-08-30,LKUS_grant_new_user_coupon,feature_g43LuQcahzCJ,用户编号黑名单,5
0048,2026-08-30,LKUS_grant_new_user_coupon,feature_cOkhRQVI91IV,ip黑名单,5
0048,2026-08-30,LKUS_grant_new_user_coupon,feature_XtxCPW1x9QTU,ip C段黑名单,5
0048,2026-08-30,LKUS_register,feature_oxYJ6qJ3BAfv,用户编号白名单,10
0048,2026-08-30,LKUS_register,feature_vTICzBPfD3Ds,ip C段白名单,10
0048,2026-08-30,LKUS_register,feature_P5eYl9a699fA,ip白名单,10
0048,2026-08-30,LKUS_register,feature_yo8MLsBsGIsV,三方unionId白名单,10
0048,2026-08-30,LKUS_register,feature_kqtp6XVcXXiQ,手机号白名单,10
0048,2026-08-30,LKUS_register,feature_K0JuGvXPoQsS,网关uid白名单,10
0048,2026-08-30,LKUS_register,feature_5caBWmAHDcCQ,邮箱白名单,10
0048,2026-08-30,LKUS_register,feature_3CSh3LRVobu7,手机号黑名单,9
0048,2026-08-30,LKUS_register,feature_jkeS0N10RDAn,网关uid黑名单,9
0048,2026-08-30,LKUS_register,feature_7qCVo92BIECU,三方unionId黑名单,9
0048,2026-08-30,LKUS_register,feature_9tl8mW2Gembc,邮箱黑名单,9
0048,2026-08-30,LKUS_register,feature_g43LuQcahzCJ,用户编号黑名单,9
0048,2026-08-30,LKUS_register,feature_cOkhRQVI91IV,ip黑名单,9
0048,2026-08-30,LKUS_register,feature_XtxCPW1x9QTU,ip C段黑名单,9
0048,2026-08-31,LKUS_push,feature_oxYJ6qJ3BAfv,用户编号白名单,25
0048,2026-08-31,LKUS_push,feature_vTICzBPfD3Ds,ip C段白名单,25
0048,2026-08-31,LKUS_push,feature_P5eYl9a699fA,ip白名单,25
0048,2026-08-31,LKUS_push,feature_yo8MLsBsGIsV,三方unionId白名单,25
0048,2026-08-31,LKUS_push,feature_kqtp6XVcXXiQ,手机号白名单,25
0048,2026-08-31,LKUS_push,feature_K0JuGvXPoQsS,网关uid白名单,25
0048,2026-08-31,LKUS_push,feature_5caBWmAHDcCQ,邮箱白名单,25
0048,2026-08-31,LKUS_push,feature_Fik6gvwY1tA6,手机号近1天的访问次数,25
0048,2026-08-31,LKUS_push,feature_3CSh3LRVobu7,手机号黑名单,25
0048,2026-08-31,LKUS_push,feature_jkeS0N10RDAn,网关uid黑名单,25
0048,2026-08-31,LKUS_push,feature_7qCVo92BIECU,三方unionId黑名单,25
0048,2026-08-31,LKUS_push,feature_9tl8mW2Gembc,邮箱黑名单,25
0048,2026-08-31,LKUS_push,feature_g43LuQcahzCJ,用户编号黑名单,25
0048,2026-08-31,LKUS_push,feature_cOkhRQVI91IV,ip黑名单,25
0048,2026-08-31,LKUS_push,feature_XtxCPW1x9QTU,ip C段黑名单,25
0048,2026-08-31,LKUS_push,feature_TLXI8MNiNglz,reCAPTCHA V3风险分,25
0048,2026-08-31,LKUS_push,feature_JaT2oyzVtD0q,手机号近1分钟的访问次数,25
0048,2026-08-31,LKUS_push,feature_r1bhlQnbfRHb,IP近60分钟关联的手机号个数,25
0048,2026-08-31,LKUS_push,feature_YkpmaKaJhcdG,区号近1天内的访问次数,25
0048,2026-08-31,LKUS_push,feature_7DbBgowc2mEl,IP近1分钟的访问次数,25
0048,2026-08-31,LKUS_push,feature_hspErCH8fSCE,手机号近30分钟的访问次数,25
0048,2026-08-31,LKUS_push,feature_Wg4dZ6VJBuTb,IP近1分钟关联的手机号个数,25
0048,2026-08-31,LKUS_push,feature_UOJYBEifd5Jn,区号近60分钟的访问次数,25
0048,2026-08-31,LKUS_push,feature_dqBHKec09Wwa,同区号近60分钟未携带recaptchaV3token 访问次数,25
0048,2026-08-31,LKUS_push,feature_53Ck9TgChpTW,IP近5分钟关联的手机号个数,25
0048,2026-08-31,LKUS_push,feature_WxHUxqIN0IuS,同IP近10分钟的访问次数,25
0048,2026-08-31,LKUS_push,feature_IPwzfPamC8eW,同手机号30分钟关联的IP city个数,25
0048,2026-08-31,LKUS_push,feature_6qwgYPGGuJZ4,IPC段近10分钟关联的手机号个数,25
0048,2026-08-31,LKUS_push,feature_lydpDiga6SB9,手机号近5分钟的访问次数,25
0048,2026-08-31,LKUS_push,feature_SdA1CjZvNCMG,区号近1分钟的访问次数,25
0048,2026-08-31,LKUS_push,feature_Ym70ZsfxQKSc,一小时请求量,25
0048,2026-08-31,LKUS_push,feature_nnsdzZLQKPZ7,IP近10分钟关联的手机号个数,25
0048,2026-08-31,LKUS_push,feature_n91JeGM6gD6i,同区号近60分钟非美国IP访问次数,25
0048,2026-08-31,LKUS_push,feature_pf88qk27w76j,区号近5分钟的访问次数,25
0048,2026-08-31,LKUS_push,feature_TGPe0mjAPwR5,IP近60分钟关联的国家区号个数,25
0048,2026-08-31,LKUS_register,feature_vTICzBPfD3Ds,ip C段白名单,7
0048,2026-08-31,LKUS_register,feature_oxYJ6qJ3BAfv,用户编号白名单,7
0048,2026-08-31,LKUS_register,feature_P5eYl9a699fA,ip白名单,7
0048,2026-08-31,LKUS_register,feature_yo8MLsBsGIsV,三方unionId白名单,7
0048,2026-08-31,LKUS_register,feature_kqtp6XVcXXiQ,手机号白名单,7
0048,2026-08-31,LKUS_register,feature_K0JuGvXPoQsS,网关uid白名单,7
0048,2026-08-31,LKUS_register,feature_5caBWmAHDcCQ,邮箱白名单,7
0048,2026-08-31,LKUS_register,feature_3CSh3LRVobu7,手机号黑名单,7
0048,2026-08-31,LKUS_register,feature_jkeS0N10RDAn,网关uid黑名单,7
0048,2026-08-31,LKUS_register,feature_7qCVo92BIECU,三方unionId黑名单,7
0048,2026-08-31,LKUS_register,feature_9tl8mW2Gembc,邮箱黑名单,7
0048,2026-08-31,LKUS_register,feature_XtxCPW1x9QTU,ip C段黑名单,7
0048,2026-08-31,LKUS_register,feature_cOkhRQVI91IV,ip黑名单,7
0048,2026-08-31,LKUS_register,feature_g43LuQcahzCJ,用户编号黑名单,7
0048,2026-08-31,LKUS_login,feature_oxYJ6qJ3BAfv,用户编号白名单,8
0048,2026-08-31,LKUS_login,feature_vTICzBPfD3Ds,ip C段白名单,8
0048,2026-08-31,LKUS_login,feature_P5eYl9a699fA,ip白名单,8
0048,2026-08-31,LKUS_login,feature_yo8MLsBsGIsV,三方unionId白名单,8
0048,2026-08-31,LKUS_login,feature_kqtp6XVcXXiQ,手机号白名单,8
0048,2026-08-31,LKUS_login,feature_K0JuGvXPoQsS,网关uid白名单,8
0048,2026-08-31,LKUS_login,feature_5caBWmAHDcCQ,邮箱白名单,8
0048,2026-08-31,LKUS_login,feature_3CSh3LRVobu7,手机号黑名单,7
0048,2026-08-31,LKUS_login,feature_jkeS0N10RDAn,网关uid黑名单,7
0048,2026-08-31,LKUS_login,feature_7qCVo92BIECU,三方unionId黑名单,7
0048,2026-08-31,LKUS_login,feature_9tl8mW2Gembc,邮箱黑名单,7
0048,2026-08-31,LKUS_login,feature_g43LuQcahzCJ,用户编号黑名单,7
0048,2026-08-31,LKUS_login,feature_cOkhRQVI91IV,ip黑名单,7
0048,2026-08-31,LKUS_login,feature_XtxCPW1x9QTU,ip C段黑名单,7
0048,2026-08-31,LKUS_login,feature_TLXI8MNiNglz,reCAPTCHA V3风险分,7
0048,2026-08-31,LKUS_grant_new_user_coupon,feature_oxYJ6qJ3BAfv,用户编号白名单,3
0048,2026-08-31,LKUS_grant_new_user_coupon,feature_vTICzBPfD3Ds,ip C段白名单,3
0048,2026-08-31,LKUS_grant_new_user_coupon,feature_P5eYl9a699fA,ip白名单,3
0048,2026-08-31,LKUS_grant_new_user_coupon,feature_yo8MLsBsGIsV,三方unionId白名单,3
0048,2026-08-31,LKUS_grant_new_user_coupon,feature_kqtp6XVcXXiQ,手机号白名单,3
0048,2026-08-31,LKUS_grant_new_user_coupon,feature_K0JuGvXPoQsS,网关uid白名单,3
0048,2026-08-31,LKUS_grant_new_user_coupon,feature_5caBWmAHDcCQ,邮箱白名单,3
0048,2026-08-31,LKUS_grant_new_user_coupon,feature_3CSh3LRVobu7,手机号黑名单,3
0048,2026-08-31,LKUS_grant_new_user_coupon,feature_jkeS0N10RDAn,网关uid黑名单,3
0048,2026-08-31,LKUS_grant_new_user_coupon,feature_7qCVo92BIECU,三方unionId黑名单,3
0048,2026-08-31,LKUS_grant_new_user_coupon,feature_9tl8mW2Gembc,邮箱黑名单,3
0048,2026-08-31,LKUS_grant_new_user_coupon,feature_g43LuQcahzCJ,用户编号黑名单,3
0048,2026-08-31,LKUS_grant_new_user_coupon,feature_cOkhRQVI91IV,ip黑名单,3
0048,2026-08-31,LKUS_grant_new_user_coupon,feature_XtxCPW1x9QTU,ip C段黑名单,3
0048,2026-08-31,LKUS_physical_order_create,feature_vTICzBPfD3Ds,ip C段白名单,69
0048,2026-08-31,LKUS_physical_order_create,feature_oxYJ6qJ3BAfv,用户编号白名单,69
0048,2026-08-31,LKUS_physical_order_create,feature_P5eYl9a699fA,ip白名单,69
0048,2026-08-31,LKUS_physical_order_create,feature_yo8MLsBsGIsV,三方unionId白名单,69
0048,2026-08-31,LKUS_physical_order_create,feature_kqtp6XVcXXiQ,手机号白名单,69
0048,2026-08-31,LKUS_physical_order_create,feature_K0JuGvXPoQsS,网关uid白名单,69
0048,2026-08-31,LKUS_physical_order_create,feature_5caBWmAHDcCQ,邮箱白名单,69
0048,2026-08-31,LKUS_physical_order_create,feature_3CSh3LRVobu7,手机号黑名单,59
0048,2026-08-31,LKUS_physical_order_create,feature_jkeS0N10RDAn,网关uid黑名单,59
0048,2026-08-31,LKUS_physical_order_create,feature_7qCVo92BIECU,三方unionId黑名单,59
0048,2026-08-31,LKUS_physical_order_create,feature_9tl8mW2Gembc,邮箱黑名单,59
0048,2026-08-31,LKUS_physical_order_create,feature_XtxCPW1x9QTU,ip C段黑名单,59
0048,2026-08-31,LKUS_physical_order_create,feature_cOkhRQVI91IV,ip黑名单,59
0048,2026-08-31,LKUS_physical_order_create,feature_g43LuQcahzCJ,用户编号黑名单,59
0048,2026-08-31,LKUS_physical_order_create,feature_TLXI8MNiNglz,reCAPTCHA V3风险分,59
0048,2026-08-31,LKUS_payment,feature_oxYJ6qJ3BAfv,用户编号白名单,69
0048,2026-08-31,LKUS_payment,feature_vTICzBPfD3Ds,ip C段白名单,69
0048,2026-08-31,LKUS_payment,feature_P5eYl9a699fA,ip白名单,69
0048,2026-08-31,LKUS_payment,feature_yo8MLsBsGIsV,三方unionId白名单,69
0048,2026-08-31,LKUS_payment,feature_kqtp6XVcXXiQ,手机号白名单,69
0048,2026-08-31,LKUS_payment,feature_K0JuGvXPoQsS,网关uid白名单,69
0048,2026-08-31,LKUS_payment,feature_5caBWmAHDcCQ,邮箱白名单,69
0048,2026-08-31,LKUS_payment,feature_3CSh3LRVobu7,手机号黑名单,59
0048,2026-08-31,LKUS_payment,feature_jkeS0N10RDAn,网关uid黑名单,59
0048,2026-08-31,LKUS_payment,feature_7qCVo92BIECU,三方unionId黑名单,59
0048,2026-08-31,LKUS_payment,feature_9tl8mW2Gembc,邮箱黑名单,59
0048,2026-08-31,LKUS_payment,feature_g43LuQcahzCJ,用户编号黑名单,59
0048,2026-08-31,LKUS_payment,feature_cOkhRQVI91IV,ip黑名单,59
0048,2026-08-31,LKUS_payment,feature_XtxCPW1x9QTU,ip C段黑名单,59
0048,2026-08-31,LKUS_payment,feature_TLXI8MNiNglz,reCAPTCHA V3风险分,59
0048,2026-08-31,LKUS_physical_order_cancel,feature_vTICzBPfD3Ds,ip C段白名单,1
0048,2026-08-31,LKUS_physical_order_cancel,feature_oxYJ6qJ3BAfv,用户编号白名单,1
0048,2026-08-31,LKUS_physical_order_cancel,feature_P5eYl9a699fA,ip白名单,1
0048,2026-08-31,LKUS_physical_order_cancel,feature_yo8MLsBsGIsV,三方unionId白名单,1
0048,2026-08-31,LKUS_physical_order_cancel,feature_kqtp6XVcXXiQ,手机号白名单,1
0048,2026-08-31,LKUS_physical_order_cancel,feature_K0JuGvXPoQsS,网关uid白名单,1
0048,2026-08-31,LKUS_physical_order_cancel,feature_5caBWmAHDcCQ,邮箱白名单,1
0048,2026-08-31,LKUS_physical_order_cancel,feature_3CSh3LRVobu7,手机号黑名单,1
0048,2026-08-31,LKUS_physical_order_cancel,feature_jkeS0N10RDAn,网关uid黑名单,1
0048,2026-08-31,LKUS_physical_order_cancel,feature_7qCVo92BIECU,三方unionId黑名单,1
0048,2026-08-31,LKUS_physical_order_cancel,feature_9tl8mW2Gembc,邮箱黑名单,1
0048,2026-08-31,LKUS_physical_order_cancel,feature_XtxCPW1x9QTU,ip C段黑名单,1
0048,2026-08-31,LKUS_physical_order_cancel,feature_cOkhRQVI91IV,ip黑名单,1
0048,2026-08-31,LKUS_physical_order_cancel,feature_g43LuQcahzCJ,用户编号黑名单,1
0048,2026-09-01,LKUS_push,feature_vTICzBPfD3Ds,ip C段白名单,24
0048,2026-09-01,LKUS_push,feature_oxYJ6qJ3BAfv,用户编号白名单,24
0048,2026-09-01,LKUS_push,feature_P5eYl9a699fA,ip白名单,24
0048,2026-09-01,LKUS_push,feature_yo8MLsBsGIsV,三方unionId白名单,24
0048,2026-09-01,LKUS_push,feature_kqtp6XVcXXiQ,手机号白名单,24
0048,2026-09-01,LKUS_push,feature_K0JuGvXPoQsS,网关uid白名单,24
0048,2026-09-01,LKUS_push,feature_5caBWmAHDcCQ,邮箱白名单,24
0048,2026-09-01,LKUS_push,feature_Fik6gvwY1tA6,手机号近1天的访问次数,24
0048,2026-09-01,LKUS_push,feature_3CSh3LRVobu7,手机号黑名单,21
0048,2026-09-01,LKUS_push,feature_jkeS0N10RDAn,网关uid黑名单,21
0048,2026-09-01,LKUS_push,feature_7qCVo92BIECU,三方unionId黑名单,21
0048,2026-09-01,LKUS_push,feature_9tl8mW2Gembc,邮箱黑名单,21
0048,2026-09-01,LKUS_push,feature_XtxCPW1x9QTU,ip C段黑名单,21
0048,2026-09-01,LKUS_push,feature_cOkhRQVI91IV,ip黑名单,21
0048,2026-09-01,LKUS_push,feature_g43LuQcahzCJ,用户编号黑名单,21
0048,2026-09-01,LKUS_push,feature_TLXI8MNiNglz,reCAPTCHA V3风险分,21
0048,2026-09-01,LKUS_push,feature_JaT2oyzVtD0q,手机号近1分钟的访问次数,21
0048,2026-09-01,LKUS_push,feature_TGPe0mjAPwR5,IP近60分钟关联的国家区号个数,21
0048,2026-09-01,LKUS_push,feature_YkpmaKaJhcdG,区号近1天内的访问次数,21
0048,2026-09-01,LKUS_push,feature_Wg4dZ6VJBuTb,IP近1分钟关联的手机号个数,21
0048,2026-09-01,LKUS_push,feature_SdA1CjZvNCMG,区号近1分钟的访问次数,21
0048,2026-09-01,LKUS_push,feature_7DbBgowc2mEl,IP近1分钟的访问次数,21
0048,2026-09-01,LKUS_push,feature_Ym70ZsfxQKSc,一小时请求量,2
0048,2026-09-01,LKUS_push,feature_6qwgYPGGuJZ4,IPC段近10分钟关联的手机号个数,21
0048,2026-09-01,LKUS_push,feature_pf88qk27w76j,区号近5分钟的访问次数,21
0048,2026-09-01,LKUS_push,feature_UOJYBEifd5Jn,区号近60分钟的访问次数,21
0048,2026-09-01,LKUS_push,feature_dqBHKec09Wwa,同区号近60分钟未携带recaptchaV3token 访问次数,21
0048,2026-09-01,LKUS_push,feature_lydpDiga6SB9,手机号近5分钟的访问次数,21
0048,2026-09-01,LKUS_push,feature_nnsdzZLQKPZ7,IP近10分钟关联的手机号个数,21
0048,2026-09-01,LKUS_push,feature_n91JeGM6gD6i,同区号近60分钟非美国IP访问次数,21
0048,2026-09-01,LKUS_push,feature_WxHUxqIN0IuS,同IP近10分钟的访问次数,2
0048,2026-09-01,LKUS_push,feature_IPwzfPamC8eW,同手机号30分钟关联的IP city个数,21
0048,2026-09-01,LKUS_push,feature_r1bhlQnbfRHb,IP近60分钟关联的手机号个数,21
0048,2026-09-01,LKUS_push,feature_53Ck9TgChpTW,IP近5分钟关联的手机号个数,21
0048,2026-09-01,LKUS_push,feature_hspErCH8fSCE,手机号近30分钟的访问次数,21
0048,2026-09-01,LKUS_register,feature_oxYJ6qJ3BAfv,用户编号白名单,7
0048,2026-09-01,LKUS_register,feature_vTICzBPfD3Ds,ip C段白名单,7
0048,2026-09-01,LKUS_register,feature_P5eYl9a699fA,ip白名单,7
0048,2026-09-01,LKUS_register,feature_yo8MLsBsGIsV,三方unionId白名单,7
0048,2026-09-01,LKUS_register,feature_kqtp6XVcXXiQ,手机号白名单,7
0048,2026-09-01,LKUS_register,feature_K0JuGvXPoQsS,网关uid白名单,7
0048,2026-09-01,LKUS_register,feature_5caBWmAHDcCQ,邮箱白名单,7
0048,2026-09-01,LKUS_register,feature_3CSh3LRVobu7,手机号黑名单,6
0048,2026-09-01,LKUS_register,feature_jkeS0N10RDAn,网关uid黑名单,6
0048,2026-09-01,LKUS_register,feature_7qCVo92BIECU,三方unionId黑名单,6
0048,2026-09-01,LKUS_register,feature_9tl8mW2Gembc,邮箱黑名单,6
0048,2026-09-01,LKUS_register,feature_g43LuQcahzCJ,用户编号黑名单,6
0048,2026-09-01,LKUS_register,feature_cOkhRQVI91IV,ip黑名单,6
0048,2026-09-01,LKUS_register,feature_XtxCPW1x9QTU,ip C段黑名单,6
0048,2026-09-01,LKUS_push,feature_WxHUxqIN0IuS,同IP近5分钟的访问次数,19
0048,2026-09-01,LKUS_push,feature_KtSZtJ9w7f9r,IPC段近1分钟关联的手机号个数,19
0048,2026-09-01,LKUS_push,feature_Ym70ZsfxQKSc,一分钟请求量,19
0048,2026-09-01,LKUS_physical_order_create,feature_vTICzBPfD3Ds,ip C段白名单,81
0048,2026-09-01,LKUS_physical_order_create,feature_oxYJ6qJ3BAfv,用户编号白名单,81
0048,2026-09-01,LKUS_physical_order_create,feature_P5eYl9a699fA,ip白名单,81
0048,2026-09-01,LKUS_physical_order_create,feature_yo8MLsBsGIsV,三方unionId白名单,81
0048,2026-09-01,LKUS_physical_order_create,feature_kqtp6XVcXXiQ,手机号白名单,81
0048,2026-09-01,LKUS_physical_order_create,feature_K0JuGvXPoQsS,网关uid白名单,81
0048,2026-09-01,LKUS_physical_order_create,feature_5caBWmAHDcCQ,邮箱白名单,81
0048,2026-09-01,LKUS_payment,feature_oxYJ6qJ3BAfv,用户编号白名单,81
0048,2026-09-01,LKUS_payment,feature_vTICzBPfD3Ds,ip C段白名单,81
0048,2026-09-01,LKUS_payment,feature_P5eYl9a699fA,ip白名单,81
0048,2026-09-01,LKUS_payment,feature_yo8MLsBsGIsV,三方unionId白名单,81
0048,2026-09-01,LKUS_payment,feature_kqtp6XVcXXiQ,手机号白名单,81
0048,2026-09-01,LKUS_payment,feature_K0JuGvXPoQsS,网关uid白名单,81
0048,2026-09-01,LKUS_payment,feature_5caBWmAHDcCQ,邮箱白名单,81
0048,2026-09-01,LKUS_login,feature_oxYJ6qJ3BAfv,用户编号白名单,16
0048,2026-09-01,LKUS_login,feature_vTICzBPfD3Ds,ip C段白名单,16
0048,2026-09-01,LKUS_login,feature_P5eYl9a699fA,ip白名单,16
0048,2026-09-01,LKUS_login,feature_yo8MLsBsGIsV,三方unionId白名单,16
0048,2026-09-01,LKUS_login,feature_kqtp6XVcXXiQ,手机号白名单,16
0048,2026-09-01,LKUS_login,feature_K0JuGvXPoQsS,网关uid白名单,16
0048,2026-09-01,LKUS_login,feature_5caBWmAHDcCQ,邮箱白名单,16
0048,2026-09-01,LKUS_login,feature_3CSh3LRVobu7,手机号黑名单,15
0048,2026-09-01,LKUS_login,feature_jkeS0N10RDAn,网关uid黑名单,15
0048,2026-09-01,LKUS_login,feature_7qCVo92BIECU,三方unionId黑名单,15
0048,2026-09-01,LKUS_login,feature_9tl8mW2Gembc,邮箱黑名单,15
0048,2026-09-01,LKUS_login,feature_g43LuQcahzCJ,用户编号黑名单,15
0048,2026-09-01,LKUS_login,feature_cOkhRQVI91IV,ip黑名单,15
0048,2026-09-01,LKUS_login,feature_XtxCPW1x9QTU,ip C段黑名单,15
0048,2026-09-01,LKUS_login,feature_TLXI8MNiNglz,reCAPTCHA V3风险分,15
0048,2026-09-01,LKUS_physical_order_create,feature_3CSh3LRVobu7,手机号黑名单,68
0048,2026-09-01,LKUS_physical_order_create,feature_jkeS0N10RDAn,网关uid黑名单,68
0048,2026-09-01,LKUS_physical_order_create,feature_7qCVo92BIECU,三方unionId黑名单,68
0048,2026-09-01,LKUS_physical_order_create,feature_9tl8mW2Gembc,邮箱黑名单,68
0048,2026-09-01,LKUS_physical_order_create,feature_XtxCPW1x9QTU,ip C段黑名单,68
0048,2026-09-01,LKUS_physical_order_create,feature_cOkhRQVI91IV,ip黑名单,68
0048,2026-09-01,LKUS_physical_order_create,feature_g43LuQcahzCJ,用户编号黑名单,68
0048,2026-09-01,LKUS_physical_order_create,feature_TLXI8MNiNglz,reCAPTCHA V3风险分,68
0048,2026-09-01,LKUS_payment,feature_3CSh3LRVobu7,手机号黑名单,68
0048,2026-09-01,LKUS_payment,feature_jkeS0N10RDAn,网关uid黑名单,68
0048,2026-09-01,LKUS_payment,feature_7qCVo92BIECU,三方unionId黑名单,68
0048,2026-09-01,LKUS_payment,feature_9tl8mW2Gembc,邮箱黑名单,68
0048,2026-09-01,LKUS_payment,feature_g43LuQcahzCJ,用户编号黑名单,68
0048,2026-09-01,LKUS_payment,feature_cOkhRQVI91IV,ip黑名单,68
0048,2026-09-01,LKUS_payment,feature_XtxCPW1x9QTU,ip C段黑名单,68
0048,2026-09-01,LKUS_payment,feature_TLXI8MNiNglz,reCAPTCHA V3风险分,68
0048,2026-09-01,LKUS_grant_new_user_coupon,feature_oxYJ6qJ3BAfv,用户编号白名单,6
0048,2026-09-01,LKUS_grant_new_user_coupon,feature_vTICzBPfD3Ds,ip C段白名单,6
0048,2026-09-01,LKUS_grant_new_user_coupon,feature_P5eYl9a699fA,ip白名单,6
0048,2026-09-01,LKUS_grant_new_user_coupon,feature_yo8MLsBsGIsV,三方unionId白名单,6
0048,2026-09-01,LKUS_grant_new_user_coupon,feature_kqtp6XVcXXiQ,手机号白名单,6
0048,2026-09-01,LKUS_grant_new_user_coupon,feature_K0JuGvXPoQsS,网关uid白名单,6
0048,2026-09-01,LKUS_grant_new_user_coupon,feature_5caBWmAHDcCQ,邮箱白名单,6
0048,2026-09-01,LKUS_grant_new_user_coupon,feature_3CSh3LRVobu7,手机号黑名单,6
0048,2026-09-01,LKUS_grant_new_user_coupon,feature_jkeS0N10RDAn,网关uid黑名单,6
0048,2026-09-01,LKUS_grant_new_user_coupon,feature_7qCVo92BIECU,三方unionId黑名单,6
0048,2026-09-01,LKUS_grant_new_user_coupon,feature_9tl8mW2Gembc,邮箱黑名单,6
0048,2026-09-01,LKUS_grant_new_user_coupon,feature_g43LuQcahzCJ,用户编号黑名单,6
0048,2026-09-01,LKUS_grant_new_user_coupon,feature_cOkhRQVI91IV,ip黑名单,6
0048,2026-09-01,LKUS_grant_new_user_coupon,feature_XtxCPW1x9QTU,ip C段黑名单,6
0048,2026-09-01,LKUS_physical_order_cancel,feature_vTICzBPfD3Ds,ip C段白名单,1
0048,2026-09-01,LKUS_physical_order_cancel,feature_oxYJ6qJ3BAfv,用户编号白名单,1
0048,2026-09-01,LKUS_physical_order_cancel,feature_P5eYl9a699fA,ip白名单,1
0048,2026-09-01,LKUS_physical_order_cancel,feature_yo8MLsBsGIsV,三方unionId白名单,1
0048,2026-09-01,LKUS_physical_order_cancel,feature_kqtp6XVcXXiQ,手机号白名单,1
0048,2026-09-01,LKUS_physical_order_cancel,feature_K0JuGvXPoQsS,网关uid白名单,1
0048,2026-09-01,LKUS_physical_order_cancel,feature_5caBWmAHDcCQ,邮箱白名单,1
0048,2026-09-01,LKUS_physical_order_cancel,feature_3CSh3LRVobu7,手机号黑名单,1
0048,2026-09-01,LKUS_physical_order_cancel,feature_jkeS0N10RDAn,网关uid黑名单,1
0048,2026-09-01,LKUS_physical_order_cancel,feature_7qCVo92BIECU,三方unionId黑名单,1
0048,2026-09-01,LKUS_physical_order_cancel,feature_9tl8mW2Gembc,邮箱黑名单,1
0048,2026-09-01,LKUS_physical_order_cancel,feature_XtxCPW1x9QTU,ip C段黑名单,1
0048,2026-09-01,LKUS_physical_order_cancel,feature_cOkhRQVI91IV,ip黑名单,1
0048,2026-09-01,LKUS_physical_order_cancel,feature_g43LuQcahzCJ,用户编号黑名单,1
0048,2026-09-01,LKUS_captcha,feature_vTICzBPfD3Ds,ip C段白名单,1
0048,2026-09-01,LKUS_captcha,feature_oxYJ6qJ3BAfv,用户编号白名单,1
0048,2026-09-01,LKUS_captcha,feature_P5eYl9a699fA,ip白名单,1
0048,2026-09-01,LKUS_captcha,feature_yo8MLsBsGIsV,三方unionId白名单,1
0048,2026-09-01,LKUS_captcha,feature_kqtp6XVcXXiQ,手机号白名单,1
0048,2026-09-01,LKUS_captcha,feature_K0JuGvXPoQsS,网关uid白名单,1
0048,2026-09-01,LKUS_captcha,feature_5caBWmAHDcCQ,邮箱白名单,1
0048,2026-09-01,LKUS_captcha,feature_3CSh3LRVobu7,手机号黑名单,1
0048,2026-09-01,LKUS_captcha,feature_jkeS0N10RDAn,网关uid黑名单,1
0048,2026-09-01,LKUS_captcha,feature_7qCVo92BIECU,三方unionId黑名单,1
0048,2026-09-01,LKUS_captcha,feature_9tl8mW2Gembc,邮箱黑名单,1
0048,2026-09-01,LKUS_captcha,feature_XtxCPW1x9QTU,ip C段黑名单,1
0048,2026-09-01,LKUS_captcha,feature_cOkhRQVI91IV,ip黑名单,1
0048,2026-09-01,LKUS_captcha,feature_g43LuQcahzCJ,用户编号黑名单,1
0048,2026-09-01,LKUS_captcha,feature_nm9NTGYLKhWV,reCAPTCHA V2 token是否有效,1
0048,2026-09-02,LKUS_push,feature_vTICzBPfD3Ds,ip C段白名单,19
0048,2026-09-02,LKUS_push,feature_oxYJ6qJ3BAfv,用户编号白名单,19
0048,2026-09-02,LKUS_push,feature_P5eYl9a699fA,ip白名单,19
0048,2026-09-02,LKUS_push,feature_yo8MLsBsGIsV,三方unionId白名单,19
0048,2026-09-02,LKUS_push,feature_kqtp6XVcXXiQ,手机号白名单,19
0048,2026-09-02,LKUS_push,feature_K0JuGvXPoQsS,网关uid白名单,19
0048,2026-09-02,LKUS_push,feature_5caBWmAHDcCQ,邮箱白名单,19
0048,2026-09-02,LKUS_push,feature_Fik6gvwY1tA6,手机号近1天的访问次数,19
0048,2026-09-02,LKUS_push,feature_3CSh3LRVobu7,手机号黑名单,17
0048,2026-09-02,LKUS_push,feature_jkeS0N10RDAn,网关uid黑名单,17
0048,2026-09-02,LKUS_push,feature_7qCVo92BIECU,三方unionId黑名单,17
0048,2026-09-02,LKUS_push,feature_9tl8mW2Gembc,邮箱黑名单,17
0048,2026-09-02,LKUS_push,feature_XtxCPW1x9QTU,ip C段黑名单,17
0048,2026-09-02,LKUS_push,feature_cOkhRQVI91IV,ip黑名单,17
0048,2026-09-02,LKUS_push,feature_g43LuQcahzCJ,用户编号黑名单,17
0048,2026-09-02,LKUS_push,feature_TLXI8MNiNglz,reCAPTCHA V3风险分,17
0048,2026-09-02,LKUS_push,feature_WxHUxqIN0IuS,同IP近5分钟的访问次数,17
0048,2026-09-02,LKUS_push,feature_JaT2oyzVtD0q,手机号近1分钟的访问次数,17
0048,2026-09-02,LKUS_push,feature_TGPe0mjAPwR5,IP近60分钟关联的国家区号个数,17
0048,2026-09-02,LKUS_push,feature_YkpmaKaJhcdG,区号近1天内的访问次数,17
0048,2026-09-02,LKUS_push,feature_Wg4dZ6VJBuTb,IP近1分钟关联的手机号个数,17
0048,2026-09-02,LKUS_push,feature_SdA1CjZvNCMG,区号近1分钟的访问次数,17
0048,2026-09-02,LKUS_push,feature_7DbBgowc2mEl,IP近1分钟的访问次数,17
0048,2026-09-02,LKUS_push,feature_6qwgYPGGuJZ4,IPC段近10分钟关联的手机号个数,17
0048,2026-09-02,LKUS_push,feature_pf88qk27w76j,区号近5分钟的访问次数,17
0048,2026-09-02,LKUS_push,feature_UOJYBEifd5Jn,区号近60分钟的访问次数,17
0048,2026-09-02,LKUS_push,feature_dqBHKec09Wwa,同区号近60分钟未携带recaptchaV3token 访问次数,17
0048,2026-09-02,LKUS_push,feature_KtSZtJ9w7f9r,IPC段近1分钟关联的手机号个数,17
0048,2026-09-02,LKUS_push,feature_lydpDiga6SB9,手机号近5分钟的访问次数,17
0048,2026-09-02,LKUS_push,feature_nnsdzZLQKPZ7,IP近10分钟关联的手机号个数,17
0048,2026-09-02,LKUS_push,feature_n91JeGM6gD6i,同区号近60分钟非美国IP访问次数,17
0048,2026-09-02,LKUS_push,feature_IPwzfPamC8eW,同手机号30分钟关联的IP city个数,17
0048,2026-09-02,LKUS_push,feature_r1bhlQnbfRHb,IP近60分钟关联的手机号个数,17
0048,2026-09-02,LKUS_push,feature_Ym70ZsfxQKSc,一分钟请求量,17
0048,2026-09-02,LKUS_push,feature_53Ck9TgChpTW,IP近5分钟关联的手机号个数,17
0048,2026-09-02,LKUS_push,feature_hspErCH8fSCE,手机号近30分钟的访问次数,17
0048,2026-09-02,LKUS_register,feature_oxYJ6qJ3BAfv,用户编号白名单,9
0048,2026-09-02,LKUS_register,feature_vTICzBPfD3Ds,ip C段白名单,9
0048,2026-09-02,LKUS_register,feature_P5eYl9a699fA,ip白名单,9
0048,2026-09-02,LKUS_register,feature_yo8MLsBsGIsV,三方unionId白名单,9
0048,2026-09-02,LKUS_register,feature_kqtp6XVcXXiQ,手机号白名单,9
0048,2026-09-02,LKUS_register,feature_K0JuGvXPoQsS,网关uid白名单,9
0048,2026-09-02,LKUS_register,feature_5caBWmAHDcCQ,邮箱白名单,9
0048,2026-09-02,LKUS_register,feature_3CSh3LRVobu7,手机号黑名单,9
0048,2026-09-02,LKUS_register,feature_jkeS0N10RDAn,网关uid黑名单,9
0048,2026-09-02,LKUS_register,feature_7qCVo92BIECU,三方unionId黑名单,9
0048,2026-09-02,LKUS_register,feature_9tl8mW2Gembc,邮箱黑名单,9
0048,2026-09-02,LKUS_register,feature_g43LuQcahzCJ,用户编号黑名单,9
0048,2026-09-02,LKUS_register,feature_cOkhRQVI91IV,ip黑名单,9
0048,2026-09-02,LKUS_register,feature_XtxCPW1x9QTU,ip C段黑名单,9
0048,2026-09-02,LKUS_login,feature_oxYJ6qJ3BAfv,用户编号白名单,15
0048,2026-09-02,LKUS_login,feature_vTICzBPfD3Ds,ip C段白名单,15
0048,2026-09-02,LKUS_login,feature_P5eYl9a699fA,ip白名单,15
0048,2026-09-02,LKUS_login,feature_yo8MLsBsGIsV,三方unionId白名单,15
0048,2026-09-02,LKUS_login,feature_kqtp6XVcXXiQ,手机号白名单,15
0048,2026-09-02,LKUS_login,feature_K0JuGvXPoQsS,网关uid白名单,15
0048,2026-09-02,LKUS_login,feature_5caBWmAHDcCQ,邮箱白名单,15
0048,2026-09-02,LKUS_login,feature_3CSh3LRVobu7,手机号黑名单,14
0048,2026-09-02,LKUS_login,feature_jkeS0N10RDAn,网关uid黑名单,14
0048,2026-09-02,LKUS_login,feature_7qCVo92BIECU,三方unionId黑名单,14
0048,2026-09-02,LKUS_login,feature_9tl8mW2Gembc,邮箱黑名单,14
0048,2026-09-02,LKUS_login,feature_g43LuQcahzCJ,用户编号黑名单,14
0048,2026-09-02,LKUS_login,feature_cOkhRQVI91IV,ip黑名单,14
0048,2026-09-02,LKUS_login,feature_XtxCPW1x9QTU,ip C段黑名单,14
0048,2026-09-02,LKUS_login,feature_TLXI8MNiNglz,reCAPTCHA V3风险分,8
0048,2026-09-02,LKUS_grant_new_user_coupon,feature_vTICzBPfD3Ds,ip C段白名单,4
0048,2026-09-02,LKUS_grant_new_user_coupon,feature_oxYJ6qJ3BAfv,用户编号白名单,4
0048,2026-09-02,LKUS_grant_new_user_coupon,feature_P5eYl9a699fA,ip白名单,4
0048,2026-09-02,LKUS_grant_new_user_coupon,feature_yo8MLsBsGIsV,三方unionId白名单,4
0048,2026-09-02,LKUS_grant_new_user_coupon,feature_kqtp6XVcXXiQ,手机号白名单,4
0048,2026-09-02,LKUS_grant_new_user_coupon,feature_K0JuGvXPoQsS,网关uid白名单,4
0048,2026-09-02,LKUS_grant_new_user_coupon,feature_5caBWmAHDcCQ,邮箱白名单,4
0048,2026-09-02,LKUS_grant_new_user_coupon,feature_3CSh3LRVobu7,手机号黑名单,4
0048,2026-09-02,LKUS_grant_new_user_coupon,feature_jkeS0N10RDAn,网关uid黑名单,4
0048,2026-09-02,LKUS_grant_new_user_coupon,feature_7qCVo92BIECU,三方unionId黑名单,4
0048,2026-09-02,LKUS_grant_new_user_coupon,feature_9tl8mW2Gembc,邮箱黑名单,4
0048,2026-09-02,LKUS_grant_new_user_coupon,feature_XtxCPW1x9QTU,ip C段黑名单,4
0048,2026-09-02,LKUS_grant_new_user_coupon,feature_cOkhRQVI91IV,ip黑名单,4
0048,2026-09-02,LKUS_grant_new_user_coupon,feature_g43LuQcahzCJ,用户编号黑名单,4
0048,2026-09-02,LKUS_physical_order_create,feature_oxYJ6qJ3BAfv,用户编号白名单,101
0048,2026-09-02,LKUS_physical_order_create,feature_P5eYl9a699fA,ip白名单,101
0048,2026-09-02,LKUS_physical_order_create,feature_vTICzBPfD3Ds,ip C段白名单,101
0048,2026-09-02,LKUS_physical_order_create,feature_yo8MLsBsGIsV,三方unionId白名单,101
0048,2026-09-02,LKUS_physical_order_create,feature_kqtp6XVcXXiQ,手机号白名单,101
0048,2026-09-02,LKUS_physical_order_create,feature_K0JuGvXPoQsS,网关uid白名单,101
0048,2026-09-02,LKUS_physical_order_create,feature_5caBWmAHDcCQ,邮箱白名单,101
0048,2026-09-02,LKUS_physical_order_create,feature_3CSh3LRVobu7,手机号黑名单,90
0048,2026-09-02,LKUS_physical_order_create,feature_jkeS0N10RDAn,网关uid黑名单,90
0048,2026-09-02,LKUS_physical_order_create,feature_7qCVo92BIECU,三方unionId黑名单,90
0048,2026-09-02,LKUS_physical_order_create,feature_9tl8mW2Gembc,邮箱黑名单,90
0048,2026-09-02,LKUS_physical_order_create,feature_g43LuQcahzCJ,用户编号黑名单,90
0048,2026-09-02,LKUS_physical_order_create,feature_XtxCPW1x9QTU,ip C段黑名单,90
0048,2026-09-02,LKUS_physical_order_create,feature_cOkhRQVI91IV,ip黑名单,90
0048,2026-09-02,LKUS_physical_order_create,feature_TLXI8MNiNglz,reCAPTCHA V3风险分,46
0048,2026-09-02,LKUS_payment,feature_vTICzBPfD3Ds,ip C段白名单,101
0048,2026-09-02,LKUS_payment,feature_P5eYl9a699fA,ip白名单,101
0048,2026-09-02,LKUS_payment,feature_oxYJ6qJ3BAfv,用户编号白名单,101
0048,2026-09-02,LKUS_payment,feature_yo8MLsBsGIsV,三方unionId白名单,101
0048,2026-09-02,LKUS_payment,feature_kqtp6XVcXXiQ,手机号白名单,101
0048,2026-09-02,LKUS_payment,feature_5caBWmAHDcCQ,邮箱白名单,101
0048,2026-09-02,LKUS_payment,feature_K0JuGvXPoQsS,网关uid白名单,101
0048,2026-09-02,LKUS_payment,feature_3CSh3LRVobu7,手机号黑名单,90
0048,2026-09-02,LKUS_payment,feature_jkeS0N10RDAn,网关uid黑名单,90
0048,2026-09-02,LKUS_payment,feature_7qCVo92BIECU,三方unionId黑名单,90
0048,2026-09-02,LKUS_payment,feature_9tl8mW2Gembc,邮箱黑名单,90
0048,2026-09-02,LKUS_payment,feature_XtxCPW1x9QTU,ip C段黑名单,90
0048,2026-09-02,LKUS_payment,feature_g43LuQcahzCJ,用户编号黑名单,90
0048,2026-09-02,LKUS_payment,feature_cOkhRQVI91IV,ip黑名单,90
0048,2026-09-02,LKUS_payment,feature_MHv7nra5Z6T5,reCAPTCHA V3 token是否有效,51
0048,2026-09-02,LKUS_physical_order_create,feature_MHv7nra5Z6T5,reCAPTCHA V3 token是否有效,44
0048,2026-09-02,LKUS_payment,feature_TLXI8MNiNglz,reCAPTCHA V3风险分,39
0048,2026-09-02,LKUS_login,feature_MHv7nra5Z6T5,reCAPTCHA V3 token是否有效,6
0048,2026-09-03,LKUS_login,feature_oxYJ6qJ3BAfv,用户编号白名单,15
0048,2026-09-03,LKUS_login,feature_P5eYl9a699fA,ip白名单,15
0048,2026-09-03,LKUS_login,feature_vTICzBPfD3Ds,ip C段白名单,15
0048,2026-09-03,LKUS_login,feature_yo8MLsBsGIsV,三方unionId白名单,15
0048,2026-09-03,LKUS_login,feature_kqtp6XVcXXiQ,手机号白名单,15
0048,2026-09-03,LKUS_login,feature_K0JuGvXPoQsS,网关uid白名单,15
0048,2026-09-03,LKUS_login,feature_5caBWmAHDcCQ,邮箱白名单,15
0048,2026-09-03,LKUS_login,feature_3CSh3LRVobu7,手机号黑名单,15
0048,2026-09-03,LKUS_login,feature_jkeS0N10RDAn,网关uid黑名单,15
0048,2026-09-03,LKUS_login,feature_7qCVo92BIECU,三方unionId黑名单,15
0048,2026-09-03,LKUS_login,feature_9tl8mW2Gembc,邮箱黑名单,15
0048,2026-09-03,LKUS_login,feature_g43LuQcahzCJ,用户编号黑名单,15
0048,2026-09-03,LKUS_login,feature_XtxCPW1x9QTU,ip C段黑名单,15
0048,2026-09-03,LKUS_login,feature_cOkhRQVI91IV,ip黑名单,15
0048,2026-09-03,LKUS_login,feature_TLXI8MNiNglz,reCAPTCHA V3风险分,9
0048,2026-09-03,LKUS_push,feature_oxYJ6qJ3BAfv,用户编号白名单,35
0048,2026-09-03,LKUS_push,feature_P5eYl9a699fA,ip白名单,35
0048,2026-09-03,LKUS_push,feature_vTICzBPfD3Ds,ip C段白名单,35
0048,2026-09-03,LKUS_push,feature_yo8MLsBsGIsV,三方unionId白名单,35
0048,2026-09-03,LKUS_push,feature_kqtp6XVcXXiQ,手机号白名单,35
0048,2026-09-03,LKUS_push,feature_K0JuGvXPoQsS,网关uid白名单,35
0048,2026-09-03,LKUS_push,feature_5caBWmAHDcCQ,邮箱白名单,35
0048,2026-09-03,LKUS_push,feature_Fik6gvwY1tA6,手机号近1天的访问次数,35
0048,2026-09-03,LKUS_push,feature_3CSh3LRVobu7,手机号黑名单,35
0048,2026-09-03,LKUS_push,feature_jkeS0N10RDAn,网关uid黑名单,35
0048,2026-09-03,LKUS_push,feature_7qCVo92BIECU,三方unionId黑名单,35
0048,2026-09-03,LKUS_push,feature_9tl8mW2Gembc,邮箱黑名单,35
0048,2026-09-03,LKUS_push,feature_g43LuQcahzCJ,用户编号黑名单,35
0048,2026-09-03,LKUS_push,feature_XtxCPW1x9QTU,ip C段黑名单,35
0048,2026-09-03,LKUS_push,feature_cOkhRQVI91IV,ip黑名单,35
0048,2026-09-03,LKUS_push,feature_hspErCH8fSCE,手机号近30分钟的访问次数,35
0048,2026-09-03,LKUS_push,feature_pf88qk27w76j,区号近5分钟的访问次数,35
0048,2026-09-03,LKUS_push,feature_TLXI8MNiNglz,reCAPTCHA V3风险分,35
0048,2026-09-03,LKUS_push,feature_YkpmaKaJhcdG,区号近1天内的访问次数,35
0048,2026-09-03,LKUS_push,feature_7DbBgowc2mEl,IP近1分钟的访问次数,35
0048,2026-09-03,LKUS_push,feature_JaT2oyzVtD0q,手机号近1分钟的访问次数,35
0048,2026-09-03,LKUS_push,feature_IPwzfPamC8eW,同手机号30分钟关联的IP city个数,35
0048,2026-09-03,LKUS_push,feature_Ym70ZsfxQKSc,一分钟请求量,35
0048,2026-09-03,LKUS_push,feature_r1bhlQnbfRHb,IP近60分钟关联的手机号个数,35
0048,2026-09-03,LKUS_push,feature_6qwgYPGGuJZ4,IPC段近10分钟关联的手机号个数,35
0048,2026-09-03,LKUS_push,feature_Wg4dZ6VJBuTb,IP近1分钟关联的手机号个数,35
0048,2026-09-03,LKUS_push,feature_UOJYBEifd5Jn,区号近60分钟的访问次数,35
0048,2026-09-03,LKUS_push,feature_KtSZtJ9w7f9r,IPC段近1分钟关联的手机号个数,35
0048,2026-09-03,LKUS_push,feature_dqBHKec09Wwa,同区号近60分钟未携带recaptchaV3token 访问次数,35
0048,2026-09-03,LKUS_push,feature_TGPe0mjAPwR5,IP近60分钟关联的国家区号个数,35
0048,2026-09-03,LKUS_push,feature_n91JeGM6gD6i,同区号近60分钟非美国IP访问次数,35
0048,2026-09-03,LKUS_push,feature_WxHUxqIN0IuS,同IP近5分钟的访问次数,35
0048,2026-09-03,LKUS_push,feature_lydpDiga6SB9,手机号近5分钟的访问次数,35
0048,2026-09-03,LKUS_push,feature_nnsdzZLQKPZ7,IP近10分钟关联的手机号个数,35
0048,2026-09-03,LKUS_push,feature_SdA1CjZvNCMG,区号近1分钟的访问次数,35
0048,2026-09-03,LKUS_push,feature_53Ck9TgChpTW,IP近5分钟关联的手机号个数,35
0048,2026-09-03,LKUS_grant_new_user_coupon,feature_vTICzBPfD3Ds,ip C段白名单,9
0048,2026-09-03,LKUS_grant_new_user_coupon,feature_P5eYl9a699fA,ip白名单,9
0048,2026-09-03,LKUS_grant_new_user_coupon,feature_oxYJ6qJ3BAfv,用户编号白名单,9
0048,2026-09-03,LKUS_grant_new_user_coupon,feature_yo8MLsBsGIsV,三方unionId白名单,9
0048,2026-09-03,LKUS_grant_new_user_coupon,feature_kqtp6XVcXXiQ,手机号白名单,9
0048,2026-09-03,LKUS_grant_new_user_coupon,feature_5caBWmAHDcCQ,邮箱白名单,9
0048,2026-09-03,LKUS_grant_new_user_coupon,feature_K0JuGvXPoQsS,网关uid白名单,9
0048,2026-09-03,LKUS_grant_new_user_coupon,feature_3CSh3LRVobu7,手机号黑名单,9
0048,2026-09-03,LKUS_grant_new_user_coupon,feature_jkeS0N10RDAn,网关uid黑名单,9
0048,2026-09-03,LKUS_grant_new_user_coupon,feature_7qCVo92BIECU,三方unionId黑名单,9
0048,2026-09-03,LKUS_grant_new_user_coupon,feature_9tl8mW2Gembc,邮箱黑名单,9
0048,2026-09-03,LKUS_grant_new_user_coupon,feature_XtxCPW1x9QTU,ip C段黑名单,9
0048,2026-09-03,LKUS_grant_new_user_coupon,feature_g43LuQcahzCJ,用户编号黑名单,9
0048,2026-09-03,LKUS_grant_new_user_coupon,feature_cOkhRQVI91IV,ip黑名单,9
0048,2026-09-03,LKUS_physical_order_create,feature_vTICzBPfD3Ds,ip C段白名单,83
0048,2026-09-03,LKUS_physical_order_create,feature_P5eYl9a699fA,ip白名单,83
0048,2026-09-03,LKUS_physical_order_create,feature_oxYJ6qJ3BAfv,用户编号白名单,83
0048,2026-09-03,LKUS_physical_order_create,feature_yo8MLsBsGIsV,三方unionId白名单,83
0048,2026-09-03,LKUS_physical_order_create,feature_kqtp6XVcXXiQ,手机号白名单,83
0048,2026-09-03,LKUS_physical_order_create,feature_5caBWmAHDcCQ,邮箱白名单,83
0048,2026-09-03,LKUS_physical_order_create,feature_K0JuGvXPoQsS,网关uid白名单,83
0048,2026-09-03,LKUS_physical_order_create,feature_3CSh3LRVobu7,手机号黑名单,77
0048,2026-09-03,LKUS_physical_order_create,feature_jkeS0N10RDAn,网关uid黑名单,77
0048,2026-09-03,LKUS_physical_order_create,feature_7qCVo92BIECU,三方unionId黑名单,77
0048,2026-09-03,LKUS_physical_order_create,feature_9tl8mW2Gembc,邮箱黑名单,77
0048,2026-09-03,LKUS_physical_order_create,feature_XtxCPW1x9QTU,ip C段黑名单,77
0048,2026-09-03,LKUS_physical_order_create,feature_g43LuQcahzCJ,用户编号黑名单,77
0048,2026-09-03,LKUS_physical_order_create,feature_cOkhRQVI91IV,ip黑名单,77
0048,2026-09-03,LKUS_physical_order_create,feature_MHv7nra5Z6T5,reCAPTCHA V3 token是否有效,40
0048,2026-09-03,LKUS_payment,feature_oxYJ6qJ3BAfv,用户编号白名单,86
0048,2026-09-03,LKUS_payment,feature_P5eYl9a699fA,ip白名单,86
0048,2026-09-03,LKUS_payment,feature_vTICzBPfD3Ds,ip C段白名单,86
0048,2026-09-03,LKUS_payment,feature_yo8MLsBsGIsV,三方unionId白名单,86
0048,2026-09-03,LKUS_payment,feature_kqtp6XVcXXiQ,手机号白名单,86
0048,2026-09-03,LKUS_payment,feature_K0JuGvXPoQsS,网关uid白名单,86
0048,2026-09-03,LKUS_payment,feature_5caBWmAHDcCQ,邮箱白名单,86
0048,2026-09-03,LKUS_payment,feature_3CSh3LRVobu7,手机号黑名单,78
0048,2026-09-03,LKUS_payment,feature_jkeS0N10RDAn,网关uid黑名单,78
0048,2026-09-03,LKUS_payment,feature_7qCVo92BIECU,三方unionId黑名单,78
0048,2026-09-03,LKUS_payment,feature_9tl8mW2Gembc,邮箱黑名单,78
0048,2026-09-03,LKUS_payment,feature_g43LuQcahzCJ,用户编号黑名单,78
0048,2026-09-03,LKUS_payment,feature_XtxCPW1x9QTU,ip C段黑名单,78
0048,2026-09-03,LKUS_payment,feature_cOkhRQVI91IV,ip黑名单,78
0048,2026-09-03,LKUS_payment,feature_TLXI8MNiNglz,reCAPTCHA V3风险分,50
0048,2026-09-03,LKUS_physical_order_create,feature_TLXI8MNiNglz,reCAPTCHA V3风险分,37
0048,2026-09-03,LKUS_payment,feature_MHv7nra5Z6T5,reCAPTCHA V3 token是否有效,28
0048,2026-09-03,LKUS_register,feature_oxYJ6qJ3BAfv,用户编号白名单,14
0048,2026-09-03,LKUS_register,feature_P5eYl9a699fA,ip白名单,14
0048,2026-09-03,LKUS_register,feature_vTICzBPfD3Ds,ip C段白名单,14
0048,2026-09-03,LKUS_register,feature_yo8MLsBsGIsV,三方unionId白名单,14
0048,2026-09-03,LKUS_register,feature_kqtp6XVcXXiQ,手机号白名单,14
0048,2026-09-03,LKUS_register,feature_K0JuGvXPoQsS,网关uid白名单,14
0048,2026-09-03,LKUS_register,feature_5caBWmAHDcCQ,邮箱白名单,14
0048,2026-09-03,LKUS_register,feature_3CSh3LRVobu7,手机号黑名单,14
0048,2026-09-03,LKUS_register,feature_jkeS0N10RDAn,网关uid黑名单,14
0048,2026-09-03,LKUS_register,feature_7qCVo92BIECU,三方unionId黑名单,14
0048,2026-09-03,LKUS_register,feature_9tl8mW2Gembc,邮箱黑名单,14
0048,2026-09-03,LKUS_register,feature_g43LuQcahzCJ,用户编号黑名单,14
0048,2026-09-03,LKUS_register,feature_XtxCPW1x9QTU,ip C段黑名单,14
0048,2026-09-03,LKUS_register,feature_cOkhRQVI91IV,ip黑名单,14
0048,2026-09-03,LKUS_login,feature_MHv7nra5Z6T5,reCAPTCHA V3 token是否有效,6
0048,2026-09-04,LKUS_push,feature_oxYJ6qJ3BAfv,用户编号白名单,75
0048,2026-09-04,LKUS_push,feature_P5eYl9a699fA,ip白名单,75
0048,2026-09-04,LKUS_push,feature_vTICzBPfD3Ds,ip C段白名单,75
0048,2026-09-04,LKUS_push,feature_yo8MLsBsGIsV,三方unionId白名单,75
0048,2026-09-04,LKUS_push,feature_kqtp6XVcXXiQ,手机号白名单,75
0048,2026-09-04,LKUS_push,feature_K0JuGvXPoQsS,网关uid白名单,75
0048,2026-09-04,LKUS_push,feature_5caBWmAHDcCQ,邮箱白名单,75
0048,2026-09-04,LKUS_push,feature_Fik6gvwY1tA6,手机号近1天的访问次数,75
0048,2026-09-04,LKUS_push,feature_3CSh3LRVobu7,手机号黑名单,75
0048,2026-09-04,LKUS_push,feature_jkeS0N10RDAn,网关uid黑名单,75
0048,2026-09-04,LKUS_push,feature_7qCVo92BIECU,三方unionId黑名单,75
0048,2026-09-04,LKUS_push,feature_9tl8mW2Gembc,邮箱黑名单,75
0048,2026-09-04,LKUS_push,feature_g43LuQcahzCJ,用户编号黑名单,75
0048,2026-09-04,LKUS_push,feature_XtxCPW1x9QTU,ip C段黑名单,75
0048,2026-09-04,LKUS_push,feature_cOkhRQVI91IV,ip黑名单,75
0048,2026-09-04,LKUS_push,feature_hspErCH8fSCE,手机号近30分钟的访问次数,75
0048,2026-09-04,LKUS_push,feature_pf88qk27w76j,区号近5分钟的访问次数,75
0048,2026-09-04,LKUS_push,feature_TLXI8MNiNglz,reCAPTCHA V3风险分,75
0048,2026-09-04,LKUS_push,feature_YkpmaKaJhcdG,区号近1天内的访问次数,75
0048,2026-09-04,LKUS_push,feature_7DbBgowc2mEl,IP近1分钟的访问次数,75
0048,2026-09-04,LKUS_push,feature_JaT2oyzVtD0q,手机号近1分钟的访问次数,75
0048,2026-09-04,LKUS_push,feature_IPwzfPamC8eW,同手机号30分钟关联的IP city个数,75
0048,2026-09-04,LKUS_push,feature_Ym70ZsfxQKSc,一分钟请求量,75
0048,2026-09-04,LKUS_push,feature_r1bhlQnbfRHb,IP近60分钟关联的手机号个数,75
0048,2026-09-04,LKUS_push,feature_6qwgYPGGuJZ4,IPC段近10分钟关联的手机号个数,75
0048,2026-09-04,LKUS_push,feature_Wg4dZ6VJBuTb,IP近1分钟关联的手机号个数,75
0048,2026-09-04,LKUS_push,feature_UOJYBEifd5Jn,区号近60分钟的访问次数,75
0048,2026-09-04,LKUS_push,feature_KtSZtJ9w7f9r,IPC段近1分钟关联的手机号个数,75
0048,2026-09-04,LKUS_push,feature_dqBHKec09Wwa,同区号近60分钟未携带recaptchaV3token 访问次数,75
0048,2026-09-04,LKUS_push,feature_TGPe0mjAPwR5,IP近60分钟关联的国家区号个数,75
0048,2026-09-04,LKUS_push,feature_n91JeGM6gD6i,同区号近60分钟非美国IP访问次数,75
0048,2026-09-04,LKUS_push,feature_WxHUxqIN0IuS,同IP近5分钟的访问次数,75
0048,2026-09-04,LKUS_push,feature_lydpDiga6SB9,手机号近5分钟的访问次数,75
0048,2026-09-04,LKUS_push,feature_nnsdzZLQKPZ7,IP近10分钟关联的手机号个数,75
0048,2026-09-04,LKUS_push,feature_SdA1CjZvNCMG,区号近1分钟的访问次数,75
0048,2026-09-04,LKUS_push,feature_53Ck9TgChpTW,IP近5分钟关联的手机号个数,75
0048,2026-09-04,LKUS_physical_order_create,feature_vTICzBPfD3Ds,ip C段白名单,71
0048,2026-09-04,LKUS_physical_order_create,feature_P5eYl9a699fA,ip白名单,71
0048,2026-09-04,LKUS_physical_order_create,feature_oxYJ6qJ3BAfv,用户编号白名单,71
0048,2026-09-04,LKUS_physical_order_create,feature_yo8MLsBsGIsV,三方unionId白名单,71
0048,2026-09-04,LKUS_physical_order_create,feature_kqtp6XVcXXiQ,手机号白名单,71
0048,2026-09-04,LKUS_physical_order_create,feature_5caBWmAHDcCQ,邮箱白名单,71
0048,2026-09-04,LKUS_physical_order_create,feature_K0JuGvXPoQsS,网关uid白名单,71
0048,2026-09-04,LKUS_physical_order_create,feature_3CSh3LRVobu7,手机号黑名单,60
0048,2026-09-04,LKUS_physical_order_create,feature_jkeS0N10RDAn,网关uid黑名单,60
0048,2026-09-04,LKUS_physical_order_create,feature_7qCVo92BIECU,三方unionId黑名单,60
0048,2026-09-04,LKUS_physical_order_create,feature_9tl8mW2Gembc,邮箱黑名单,60
0048,2026-09-04,LKUS_physical_order_create,feature_XtxCPW1x9QTU,ip C段黑名单,60
0048,2026-09-04,LKUS_physical_order_create,feature_g43LuQcahzCJ,用户编号黑名单,60
0048,2026-09-04,LKUS_physical_order_create,feature_cOkhRQVI91IV,ip黑名单,60
0048,2026-09-04,LKUS_physical_order_create,feature_MHv7nra5Z6T5,reCAPTCHA V3 token是否有效,30
0048,2026-09-04,LKUS_payment,feature_oxYJ6qJ3BAfv,用户编号白名单,68
0048,2026-09-04,LKUS_payment,feature_P5eYl9a699fA,ip白名单,68
0048,2026-09-04,LKUS_payment,feature_vTICzBPfD3Ds,ip C段白名单,68
0048,2026-09-04,LKUS_payment,feature_yo8MLsBsGIsV,三方unionId白名单,68
0048,2026-09-04,LKUS_payment,feature_kqtp6XVcXXiQ,手机号白名单,68
0048,2026-09-04,LKUS_payment,feature_K0JuGvXPoQsS,网关uid白名单,68
0048,2026-09-04,LKUS_payment,feature_5caBWmAHDcCQ,邮箱白名单,68
0048,2026-09-04,LKUS_payment,feature_3CSh3LRVobu7,手机号黑名单,57
0048,2026-09-04,LKUS_payment,feature_jkeS0N10RDAn,网关uid黑名单,57
0048,2026-09-04,LKUS_payment,feature_7qCVo92BIECU,三方unionId黑名单,57
0048,2026-09-04,LKUS_payment,feature_9tl8mW2Gembc,邮箱黑名单,57
0048,2026-09-04,LKUS_payment,feature_g43LuQcahzCJ,用户编号黑名单,57
0048,2026-09-04,LKUS_payment,feature_XtxCPW1x9QTU,ip C段黑名单,57
0048,2026-09-04,LKUS_payment,feature_cOkhRQVI91IV,ip黑名单,57
0048,2026-09-04,LKUS_payment,feature_TLXI8MNiNglz,reCAPTCHA V3风险分,29
0048,2026-09-04,LKUS_physical_order_create,feature_TLXI8MNiNglz,reCAPTCHA V3风险分,30
0048,2026-09-04,LKUS_payment,feature_MHv7nra5Z6T5,reCAPTCHA V3 token是否有效,28
0048,2026-09-04,LKUS_physical_order_cancel,feature_oxYJ6qJ3BAfv,用户编号白名单,1
0048,2026-09-04,LKUS_physical_order_cancel,feature_P5eYl9a699fA,ip白名单,1
0048,2026-09-04,LKUS_physical_order_cancel,feature_vTICzBPfD3Ds,ip C段白名单,1
0048,2026-09-04,LKUS_physical_order_cancel,feature_yo8MLsBsGIsV,三方unionId白名单,1
0048,2026-09-04,LKUS_physical_order_cancel,feature_kqtp6XVcXXiQ,手机号白名单,1
0048,2026-09-04,LKUS_physical_order_cancel,feature_K0JuGvXPoQsS,网关uid白名单,1
0048,2026-09-04,LKUS_physical_order_cancel,feature_5caBWmAHDcCQ,邮箱白名单,1
0048,2026-09-04,LKUS_physical_order_cancel,feature_3CSh3LRVobu7,手机号黑名单,1
0048,2026-09-04,LKUS_physical_order_cancel,feature_jkeS0N10RDAn,网关uid黑名单,1
0048,2026-09-04,LKUS_physical_order_cancel,feature_7qCVo92BIECU,三方unionId黑名单,1
0048,2026-09-04,LKUS_physical_order_cancel,feature_9tl8mW2Gembc,邮箱黑名单,1
0048,2026-09-04,LKUS_physical_order_cancel,feature_g43LuQcahzCJ,用户编号黑名单,1
0048,2026-09-04,LKUS_physical_order_cancel,feature_XtxCPW1x9QTU,ip C段黑名单,1
0048,2026-09-04,LKUS_physical_order_cancel,feature_cOkhRQVI91IV,ip黑名单,1
0048,2026-09-04,LKUS_login,feature_vTICzBPfD3Ds,ip C段白名单,13
0048,2026-09-04,LKUS_login,feature_P5eYl9a699fA,ip白名单,13
0048,2026-09-04,LKUS_login,feature_oxYJ6qJ3BAfv,用户编号白名单,13
0048,2026-09-04,LKUS_login,feature_yo8MLsBsGIsV,三方unionId白名单,13
0048,2026-09-04,LKUS_login,feature_kqtp6XVcXXiQ,手机号白名单,13
0048,2026-09-04,LKUS_login,feature_5caBWmAHDcCQ,邮箱白名单,13
0048,2026-09-04,LKUS_login,feature_K0JuGvXPoQsS,网关uid白名单,13
0048,2026-09-04,LKUS_register,feature_oxYJ6qJ3BAfv,用户编号白名单,14
0048,2026-09-04,LKUS_register,feature_P5eYl9a699fA,ip白名单,14
0048,2026-09-04,LKUS_register,feature_vTICzBPfD3Ds,ip C段白名单,14
0048,2026-09-04,LKUS_register,feature_yo8MLsBsGIsV,三方unionId白名单,14
0048,2026-09-04,LKUS_register,feature_kqtp6XVcXXiQ,手机号白名单,14
0048,2026-09-04,LKUS_register,feature_K0JuGvXPoQsS,网关uid白名单,14
0048,2026-09-04,LKUS_register,feature_5caBWmAHDcCQ,邮箱白名单,14
0048,2026-09-04,LKUS_register,feature_3CSh3LRVobu7,手机号黑名单,14
0048,2026-09-04,LKUS_register,feature_jkeS0N10RDAn,网关uid黑名单,14
0048,2026-09-04,LKUS_register,feature_7qCVo92BIECU,三方unionId黑名单,14
0048,2026-09-04,LKUS_register,feature_9tl8mW2Gembc,邮箱黑名单,14
0048,2026-09-04,LKUS_register,feature_g43LuQcahzCJ,用户编号黑名单,14
0048,2026-09-04,LKUS_register,feature_XtxCPW1x9QTU,ip C段黑名单,14
0048,2026-09-04,LKUS_register,feature_cOkhRQVI91IV,ip黑名单,14
0048,2026-09-04,LKUS_login,feature_3CSh3LRVobu7,手机号黑名单,10
0048,2026-09-04,LKUS_login,feature_jkeS0N10RDAn,网关uid黑名单,10
0048,2026-09-04,LKUS_login,feature_7qCVo92BIECU,三方unionId黑名单,10
0048,2026-09-04,LKUS_login,feature_9tl8mW2Gembc,邮箱黑名单,10
0048,2026-09-04,LKUS_login,feature_XtxCPW1x9QTU,ip C段黑名单,10
0048,2026-09-04,LKUS_login,feature_g43LuQcahzCJ,用户编号黑名单,10
0048,2026-09-04,LKUS_login,feature_cOkhRQVI91IV,ip黑名单,10
0048,2026-09-04,LKUS_login,feature_MHv7nra5Z6T5,reCAPTCHA V3 token是否有效,6
0048,2026-09-04,LKUS_grant_new_user_coupon,feature_vTICzBPfD3Ds,ip C段白名单,6
0048,2026-09-04,LKUS_grant_new_user_coupon,feature_P5eYl9a699fA,ip白名单,6
0048,2026-09-04,LKUS_grant_new_user_coupon,feature_oxYJ6qJ3BAfv,用户编号白名单,6
0048,2026-09-04,LKUS_grant_new_user_coupon,feature_yo8MLsBsGIsV,三方unionId白名单,6
0048,2026-09-04,LKUS_grant_new_user_coupon,feature_kqtp6XVcXXiQ,手机号白名单,6
0048,2026-09-04,LKUS_grant_new_user_coupon,feature_5caBWmAHDcCQ,邮箱白名单,6
0048,2026-09-04,LKUS_grant_new_user_coupon,feature_K0JuGvXPoQsS,网关uid白名单,6
0048,2026-09-04,LKUS_grant_new_user_coupon,feature_3CSh3LRVobu7,手机号黑名单,6
0048,2026-09-04,LKUS_grant_new_user_coupon,feature_jkeS0N10RDAn,网关uid黑名单,6
0048,2026-09-04,LKUS_grant_new_user_coupon,feature_7qCVo92BIECU,三方unionId黑名单,6
0048,2026-09-04,LKUS_grant_new_user_coupon,feature_9tl8mW2Gembc,邮箱黑名单,6
0048,2026-09-04,LKUS_grant_new_user_coupon,feature_XtxCPW1x9QTU,ip C段黑名单,6
0048,2026-09-04,LKUS_grant_new_user_coupon,feature_g43LuQcahzCJ,用户编号黑名单,6
0048,2026-09-04,LKUS_grant_new_user_coupon,feature_cOkhRQVI91IV,ip黑名单,6
0048,2026-09-04,LKUS_login,feature_TLXI8MNiNglz,reCAPTCHA V3风险分,4
0048,2026-09-05,LKUS_push,feature_oxYJ6qJ3BAfv,用户编号白名单,82
0048,2026-09-05,LKUS_push,feature_P5eYl9a699fA,ip白名单,82
0048,2026-09-05,LKUS_push,feature_vTICzBPfD3Ds,ip C段白名单,82
0048,2026-09-05,LKUS_push,feature_yo8MLsBsGIsV,三方unionId白名单,82
0048,2026-09-05,LKUS_push,feature_kqtp6XVcXXiQ,手机号白名单,82
0048,2026-09-05,LKUS_push,feature_K0JuGvXPoQsS,网关uid白名单,82
0048,2026-09-05,LKUS_push,feature_5caBWmAHDcCQ,邮箱白名单,82
0048,2026-09-05,LKUS_push,feature_Fik6gvwY1tA6,手机号近1天的访问次数,82
0048,2026-09-05,LKUS_push,feature_3CSh3LRVobu7,手机号黑名单,82
0048,2026-09-05,LKUS_push,feature_jkeS0N10RDAn,网关uid黑名单,82
0048,2026-09-05,LKUS_push,feature_7qCVo92BIECU,三方unionId黑名单,82
0048,2026-09-05,LKUS_push,feature_9tl8mW2Gembc,邮箱黑名单,82
0048,2026-09-05,LKUS_push,feature_g43LuQcahzCJ,用户编号黑名单,82
0048,2026-09-05,LKUS_push,feature_XtxCPW1x9QTU,ip C段黑名单,82
0048,2026-09-05,LKUS_push,feature_cOkhRQVI91IV,ip黑名单,82
0048,2026-09-05,LKUS_push,feature_hspErCH8fSCE,手机号近30分钟的访问次数,82
0048,2026-09-05,LKUS_push,feature_pf88qk27w76j,区号近5分钟的访问次数,82
0048,2026-09-05,LKUS_push,feature_TLXI8MNiNglz,reCAPTCHA V3风险分,82
0048,2026-09-05,LKUS_push,feature_YkpmaKaJhcdG,区号近1天内的访问次数,82
0048,2026-09-05,LKUS_push,feature_7DbBgowc2mEl,IP近1分钟的访问次数,82
0048,2026-09-05,LKUS_push,feature_JaT2oyzVtD0q,手机号近1分钟的访问次数,82
0048,2026-09-05,LKUS_push,feature_IPwzfPamC8eW,同手机号30分钟关联的IP city个数,82
0048,2026-09-05,LKUS_push,feature_Ym70ZsfxQKSc,一分钟请求量,82
0048,2026-09-05,LKUS_push,feature_r1bhlQnbfRHb,IP近60分钟关联的手机号个数,82
0048,2026-09-05,LKUS_push,feature_6qwgYPGGuJZ4,IPC段近10分钟关联的手机号个数,82
0048,2026-09-05,LKUS_push,feature_Wg4dZ6VJBuTb,IP近1分钟关联的手机号个数,82
0048,2026-09-05,LKUS_push,feature_UOJYBEifd5Jn,区号近60分钟的访问次数,82
0048,2026-09-05,LKUS_push,feature_KtSZtJ9w7f9r,IPC段近1分钟关联的手机号个数,82
0048,2026-09-05,LKUS_push,feature_dqBHKec09Wwa,同区号近60分钟未携带recaptchaV3token 访问次数,82
0048,2026-09-05,LKUS_push,feature_TGPe0mjAPwR5,IP近60分钟关联的国家区号个数,82
0048,2026-09-05,LKUS_push,feature_n91JeGM6gD6i,同区号近60分钟非美国IP访问次数,82
0048,2026-09-05,LKUS_push,feature_WxHUxqIN0IuS,同IP近5分钟的访问次数,82
0048,2026-09-05,LKUS_push,feature_lydpDiga6SB9,手机号近5分钟的访问次数,82
0048,2026-09-05,LKUS_push,feature_nnsdzZLQKPZ7,IP近10分钟关联的手机号个数,82
0048,2026-09-05,LKUS_push,feature_SdA1CjZvNCMG,区号近1分钟的访问次数,82
0048,2026-09-05,LKUS_push,feature_53Ck9TgChpTW,IP近5分钟关联的手机号个数,82
0048,2026-09-05,LKUS_login,feature_vTICzBPfD3Ds,ip C段白名单,14
0048,2026-09-05,LKUS_login,feature_P5eYl9a699fA,ip白名单,14
0048,2026-09-05,LKUS_login,feature_oxYJ6qJ3BAfv,用户编号白名单,14
0048,2026-09-05,LKUS_login,feature_yo8MLsBsGIsV,三方unionId白名单,14
0048,2026-09-05,LKUS_login,feature_kqtp6XVcXXiQ,手机号白名单,14
0048,2026-09-05,LKUS_login,feature_5caBWmAHDcCQ,邮箱白名单,14
0048,2026-09-05,LKUS_login,feature_K0JuGvXPoQsS,网关uid白名单,14
0048,2026-09-05,LKUS_login,feature_3CSh3LRVobu7,手机号黑名单,14
0048,2026-09-05,LKUS_login,feature_jkeS0N10RDAn,网关uid黑名单,14
0048,2026-09-05,LKUS_login,feature_7qCVo92BIECU,三方unionId黑名单,14
0048,2026-09-05,LKUS_login,feature_9tl8mW2Gembc,邮箱黑名单,14
0048,2026-09-05,LKUS_login,feature_XtxCPW1x9QTU,ip C段黑名单,14
0048,2026-09-05,LKUS_login,feature_g43LuQcahzCJ,用户编号黑名单,14
0048,2026-09-05,LKUS_login,feature_cOkhRQVI91IV,ip黑名单,14
0048,2026-09-05,LKUS_login,feature_MHv7nra5Z6T5,reCAPTCHA V3 token是否有效,4
0048,2026-09-05,LKUS_login,feature_TLXI8MNiNglz,reCAPTCHA V3风险分,10
0048,2026-09-05,LKUS_physical_order_create,feature_oxYJ6qJ3BAfv,用户编号白名单,52
0048,2026-09-05,LKUS_physical_order_create,feature_P5eYl9a699fA,ip白名单,52
0048,2026-09-05,LKUS_physical_order_create,feature_vTICzBPfD3Ds,ip C段白名单,52
0048,2026-09-05,LKUS_physical_order_create,feature_yo8MLsBsGIsV,三方unionId白名单,52
0048,2026-09-05,LKUS_physical_order_create,feature_kqtp6XVcXXiQ,手机号白名单,52
0048,2026-09-05,LKUS_physical_order_create,feature_K0JuGvXPoQsS,网关uid白名单,52
0048,2026-09-05,LKUS_physical_order_create,feature_5caBWmAHDcCQ,邮箱白名单,52
0048,2026-09-05,LKUS_physical_order_create,feature_3CSh3LRVobu7,手机号黑名单,46
0048,2026-09-05,LKUS_physical_order_create,feature_jkeS0N10RDAn,网关uid黑名单,46
0048,2026-09-05,LKUS_physical_order_create,feature_7qCVo92BIECU,三方unionId黑名单,46
0048,2026-09-05,LKUS_physical_order_create,feature_9tl8mW2Gembc,邮箱黑名单,46
0048,2026-09-05,LKUS_physical_order_create,feature_g43LuQcahzCJ,用户编号黑名单,46
0048,2026-09-05,LKUS_physical_order_create,feature_XtxCPW1x9QTU,ip C段黑名单,46
0048,2026-09-05,LKUS_physical_order_create,feature_cOkhRQVI91IV,ip黑名单,46
0048,2026-09-05,LKUS_physical_order_create,feature_TLXI8MNiNglz,reCAPTCHA V3风险分,23
0048,2026-09-05,LKUS_payment,feature_oxYJ6qJ3BAfv,用户编号白名单,51
0048,2026-09-05,LKUS_payment,feature_P5eYl9a699fA,ip白名单,51
0048,2026-09-05,LKUS_payment,feature_vTICzBPfD3Ds,ip C段白名单,51
0048,2026-09-05,LKUS_payment,feature_yo8MLsBsGIsV,三方unionId白名单,51
0048,2026-09-05,LKUS_payment,feature_kqtp6XVcXXiQ,手机号白名单,51
0048,2026-09-05,LKUS_payment,feature_K0JuGvXPoQsS,网关uid白名单,51
0048,2026-09-05,LKUS_payment,feature_5caBWmAHDcCQ,邮箱白名单,51
0048,2026-09-05,LKUS_payment,feature_3CSh3LRVobu7,手机号黑名单,45
0048,2026-09-05,LKUS_payment,feature_jkeS0N10RDAn,网关uid黑名单,45
0048,2026-09-05,LKUS_payment,feature_7qCVo92BIECU,三方unionId黑名单,45
0048,2026-09-05,LKUS_payment,feature_9tl8mW2Gembc,邮箱黑名单,45
0048,2026-09-05,LKUS_payment,feature_g43LuQcahzCJ,用户编号黑名单,45
0048,2026-09-05,LKUS_payment,feature_XtxCPW1x9QTU,ip C段黑名单,45
0048,2026-09-05,LKUS_payment,feature_cOkhRQVI91IV,ip黑名单,45
0048,2026-09-05,LKUS_payment,feature_TLXI8MNiNglz,reCAPTCHA V3风险分,27
0048,2026-09-05,LKUS_physical_order_create,feature_MHv7nra5Z6T5,reCAPTCHA V3 token是否有效,23
0048,2026-09-05,LKUS_payment,feature_MHv7nra5Z6T5,reCAPTCHA V3 token是否有效,18
0048,2026-09-05,LKUS_register,feature_vTICzBPfD3Ds,ip C段白名单,7
0048,2026-09-05,LKUS_register,feature_P5eYl9a699fA,ip白名单,7
0048,2026-09-05,LKUS_register,feature_oxYJ6qJ3BAfv,用户编号白名单,7
0048,2026-09-05,LKUS_register,feature_yo8MLsBsGIsV,三方unionId白名单,7
0048,2026-09-05,LKUS_register,feature_kqtp6XVcXXiQ,手机号白名单,7
0048,2026-09-05,LKUS_register,feature_5caBWmAHDcCQ,邮箱白名单,7
0048,2026-09-05,LKUS_register,feature_K0JuGvXPoQsS,网关uid白名单,7
0048,2026-09-05,LKUS_register,feature_3CSh3LRVobu7,手机号黑名单,7
0048,2026-09-05,LKUS_register,feature_jkeS0N10RDAn,网关uid黑名单,7
0048,2026-09-05,LKUS_register,feature_7qCVo92BIECU,三方unionId黑名单,7
0048,2026-09-05,LKUS_register,feature_9tl8mW2Gembc,邮箱黑名单,7
0048,2026-09-05,LKUS_register,feature_XtxCPW1x9QTU,ip C段黑名单,7
0048,2026-09-05,LKUS_register,feature_g43LuQcahzCJ,用户编号黑名单,7
0048,2026-09-05,LKUS_register,feature_cOkhRQVI91IV,ip黑名单,7
0048,2026-09-05,LKUS_grant_new_user_coupon,feature_vTICzBPfD3Ds,ip C段白名单,7
0048,2026-09-05,LKUS_grant_new_user_coupon,feature_P5eYl9a699fA,ip白名单,7
0048,2026-09-05,LKUS_grant_new_user_coupon,feature_oxYJ6qJ3BAfv,用户编号白名单,7
0048,2026-09-05,LKUS_grant_new_user_coupon,feature_yo8MLsBsGIsV,三方unionId白名单,7
0048,2026-09-05,LKUS_grant_new_user_coupon,feature_kqtp6XVcXXiQ,手机号白名单,7
0048,2026-09-05,LKUS_grant_new_user_coupon,feature_5caBWmAHDcCQ,邮箱白名单,7
0048,2026-09-05,LKUS_grant_new_user_coupon,feature_K0JuGvXPoQsS,网关uid白名单,7
0048,2026-09-05,LKUS_grant_new_user_coupon,feature_3CSh3LRVobu7,手机号黑名单,7
0048,2026-09-05,LKUS_grant_new_user_coupon,feature_jkeS0N10RDAn,网关uid黑名单,7
0048,2026-09-05,LKUS_grant_new_user_coupon,feature_7qCVo92BIECU,三方unionId黑名单,7
0048,2026-09-05,LKUS_grant_new_user_coupon,feature_9tl8mW2Gembc,邮箱黑名单,7
0048,2026-09-05,LKUS_grant_new_user_coupon,feature_XtxCPW1x9QTU,ip C段黑名单,7
0048,2026-09-05,LKUS_grant_new_user_coupon,feature_g43LuQcahzCJ,用户编号黑名单,7
0048,2026-09-05,LKUS_grant_new_user_coupon,feature_cOkhRQVI91IV,ip黑名单,7
0048,2026-09-06,LKUS_push,feature_vTICzBPfD3Ds,ip C段白名单,114
0048,2026-09-06,LKUS_push,feature_P5eYl9a699fA,ip白名单,114
0048,2026-09-06,LKUS_push,feature_oxYJ6qJ3BAfv,用户编号白名单,114
0048,2026-09-06,LKUS_push,feature_yo8MLsBsGIsV,三方unionId白名单,114
0048,2026-09-06,LKUS_push,feature_kqtp6XVcXXiQ,手机号白名单,114
0048,2026-09-06,LKUS_push,feature_5caBWmAHDcCQ,邮箱白名单,114
0048,2026-09-06,LKUS_push,feature_K0JuGvXPoQsS,网关uid白名单,114
0048,2026-09-06,LKUS_push,feature_Fik6gvwY1tA6,手机号近1天的访问次数,114
0048,2026-09-06,LKUS_push,feature_3CSh3LRVobu7,手机号黑名单,112
0048,2026-09-06,LKUS_push,feature_jkeS0N10RDAn,网关uid黑名单,112
0048,2026-09-06,LKUS_push,feature_7qCVo92BIECU,三方unionId黑名单,112
0048,2026-09-06,LKUS_push,feature_9tl8mW2Gembc,邮箱黑名单,112
0048,2026-09-06,LKUS_push,feature_XtxCPW1x9QTU,ip C段黑名单,112
0048,2026-09-06,LKUS_push,feature_g43LuQcahzCJ,用户编号黑名单,112
0048,2026-09-06,LKUS_push,feature_cOkhRQVI91IV,ip黑名单,112
0048,2026-09-06,LKUS_push,feature_n91JeGM6gD6i,同区号近60分钟非美国IP访问次数,112
0048,2026-09-06,LKUS_push,feature_IPwzfPamC8eW,同手机号30分钟关联的IP city个数,112
0048,2026-09-06,LKUS_push,feature_Ym70ZsfxQKSc,一分钟请求量,112
0048,2026-09-06,LKUS_push,feature_53Ck9TgChpTW,IP近5分钟关联的手机号个数,112
0048,2026-09-06,LKUS_push,feature_6qwgYPGGuJZ4,IPC段近10分钟关联的手机号个数,112
0048,2026-09-06,LKUS_push,feature_dqBHKec09Wwa,同区号近60分钟未携带recaptchaV3token 访问次数,112
0048,2026-09-06,LKUS_push,feature_UOJYBEifd5Jn,区号近60分钟的访问次数,112
0048,2026-09-06,LKUS_push,feature_lydpDiga6SB9,手机号近5分钟的访问次数,112
0048,2026-09-06,LKUS_push,feature_Wg4dZ6VJBuTb,IP近1分钟关联的手机号个数,112
0048,2026-09-06,LKUS_push,feature_hspErCH8fSCE,手机号近30分钟的访问次数,112
0048,2026-09-06,LKUS_push,feature_r1bhlQnbfRHb,IP近60分钟关联的手机号个数,112
0048,2026-09-06,LKUS_push,feature_YkpmaKaJhcdG,区号近1天内的访问次数,112
0048,2026-09-06,LKUS_push,feature_7DbBgowc2mEl,IP近1分钟的访问次数,112
0048,2026-09-06,LKUS_push,feature_TLXI8MNiNglz,reCAPTCHA V3风险分,62
0048,2026-09-06,LKUS_push,feature_JaT2oyzVtD0q,手机号近1分钟的访问次数,112
0048,2026-09-06,LKUS_push,feature_WxHUxqIN0IuS,同IP近5分钟的访问次数,112
0048,2026-09-06,LKUS_push,feature_KtSZtJ9w7f9r,IPC段近1分钟关联的手机号个数,112
0048,2026-09-06,LKUS_push,feature_pf88qk27w76j,区号近5分钟的访问次数,112
0048,2026-09-06,LKUS_push,feature_nnsdzZLQKPZ7,IP近10分钟关联的手机号个数,112
0048,2026-09-06,LKUS_push,feature_SdA1CjZvNCMG,区号近1分钟的访问次数,112
0048,2026-09-06,LKUS_push,feature_TGPe0mjAPwR5,IP近60分钟关联的国家区号个数,112
0048,2026-09-06,LKUS_login,feature_oxYJ6qJ3BAfv,用户编号白名单,18
0048,2026-09-06,LKUS_login,feature_P5eYl9a699fA,ip白名单,18
0048,2026-09-06,LKUS_login,feature_vTICzBPfD3Ds,ip C段白名单,18
0048,2026-09-06,LKUS_login,feature_yo8MLsBsGIsV,三方unionId白名单,18
0048,2026-09-06,LKUS_login,feature_kqtp6XVcXXiQ,手机号白名单,18
0048,2026-09-06,LKUS_login,feature_K0JuGvXPoQsS,网关uid白名单,18
0048,2026-09-06,LKUS_login,feature_5caBWmAHDcCQ,邮箱白名单,18
0048,2026-09-06,LKUS_login,feature_3CSh3LRVobu7,手机号黑名单,18
0048,2026-09-06,LKUS_login,feature_jkeS0N10RDAn,网关uid黑名单,18
0048,2026-09-06,LKUS_login,feature_7qCVo92BIECU,三方unionId黑名单,18
0048,2026-09-06,LKUS_login,feature_9tl8mW2Gembc,邮箱黑名单,18
0048,2026-09-06,LKUS_login,feature_g43LuQcahzCJ,用户编号黑名单,18
0048,2026-09-06,LKUS_login,feature_XtxCPW1x9QTU,ip C段黑名单,18
0048,2026-09-06,LKUS_login,feature_cOkhRQVI91IV,ip黑名单,18
0048,2026-09-06,LKUS_login,feature_TLXI8MNiNglz,reCAPTCHA V3风险分,11
0048,2026-09-06,LKUS_push,feature_MHv7nra5Z6T5,reCAPTCHA V3 token是否有效,50
0048,2026-09-06,LKUS_grant_new_user_coupon,feature_P5eYl9a699fA,ip白名单,9
0048,2026-09-06,LKUS_grant_new_user_coupon,feature_vTICzBPfD3Ds,ip C段白名单,9
0048,2026-09-06,LKUS_grant_new_user_coupon,feature_oxYJ6qJ3BAfv,用户编号白名单,9
0048,2026-09-06,LKUS_grant_new_user_coupon,feature_yo8MLsBsGIsV,三方unionId白名单,9
0048,2026-09-06,LKUS_grant_new_user_coupon,feature_kqtp6XVcXXiQ,手机号白名单,9
0048,2026-09-06,LKUS_grant_new_user_coupon,feature_5caBWmAHDcCQ,邮箱白名单,9
0048,2026-09-06,LKUS_grant_new_user_coupon,feature_K0JuGvXPoQsS,网关uid白名单,9
0048,2026-09-06,LKUS_grant_new_user_coupon,feature_3CSh3LRVobu7,手机号黑名单,9
0048,2026-09-06,LKUS_grant_new_user_coupon,feature_jkeS0N10RDAn,网关uid黑名单,9
0048,2026-09-06,LKUS_grant_new_user_coupon,feature_7qCVo92BIECU,三方unionId黑名单,9
0048,2026-09-06,LKUS_grant_new_user_coupon,feature_9tl8mW2Gembc,邮箱黑名单,9
0048,2026-09-06,LKUS_grant_new_user_coupon,feature_g43LuQcahzCJ,用户编号黑名单,9
0048,2026-09-06,LKUS_grant_new_user_coupon,feature_XtxCPW1x9QTU,ip C段黑名单,9
0048,2026-09-06,LKUS_grant_new_user_coupon,feature_cOkhRQVI91IV,ip黑名单,9
0048,2026-09-06,LKUS_physical_order_create,feature_vTICzBPfD3Ds,ip C段白名单,55
0048,2026-09-06,LKUS_physical_order_create,feature_P5eYl9a699fA,ip白名单,55
0048,2026-09-06,LKUS_physical_order_create,feature_oxYJ6qJ3BAfv,用户编号白名单,55
0048,2026-09-06,LKUS_physical_order_create,feature_yo8MLsBsGIsV,三方unionId白名单,55
0048,2026-09-06,LKUS_physical_order_create,feature_kqtp6XVcXXiQ,手机号白名单,55
0048,2026-09-06,LKUS_physical_order_create,feature_5caBWmAHDcCQ,邮箱白名单,55
0048,2026-09-06,LKUS_physical_order_create,feature_K0JuGvXPoQsS,网关uid白名单,55
0048,2026-09-06,LKUS_physical_order_create,feature_3CSh3LRVobu7,手机号黑名单,44
0048,2026-09-06,LKUS_physical_order_create,feature_jkeS0N10RDAn,网关uid黑名单,44
0048,2026-09-06,LKUS_physical_order_create,feature_7qCVo92BIECU,三方unionId黑名单,44
0048,2026-09-06,LKUS_physical_order_create,feature_9tl8mW2Gembc,邮箱黑名单,44
0048,2026-09-06,LKUS_physical_order_create,feature_g43LuQcahzCJ,用户编号黑名单,44
0048,2026-09-06,LKUS_physical_order_create,feature_XtxCPW1x9QTU,ip C段黑名单,44
0048,2026-09-06,LKUS_physical_order_create,feature_cOkhRQVI91IV,ip黑名单,44
0048,2026-09-06,LKUS_physical_order_create,feature_TLXI8MNiNglz,reCAPTCHA V3风险分,17
0048,2026-09-06,LKUS_payment,feature_vTICzBPfD3Ds,ip C段白名单,55
0048,2026-09-06,LKUS_payment,feature_P5eYl9a699fA,ip白名单,55
0048,2026-09-06,LKUS_payment,feature_oxYJ6qJ3BAfv,用户编号白名单,55
0048,2026-09-06,LKUS_payment,feature_yo8MLsBsGIsV,三方unionId白名单,55
0048,2026-09-06,LKUS_payment,feature_kqtp6XVcXXiQ,手机号白名单,55
0048,2026-09-06,LKUS_payment,feature_5caBWmAHDcCQ,邮箱白名单,55
0048,2026-09-06,LKUS_payment,feature_K0JuGvXPoQsS,网关uid白名单,55
0048,2026-09-06,LKUS_payment,feature_3CSh3LRVobu7,手机号黑名单,44
0048,2026-09-06,LKUS_payment,feature_jkeS0N10RDAn,网关uid黑名单,44
0048,2026-09-06,LKUS_payment,feature_7qCVo92BIECU,三方unionId黑名单,44
0048,2026-09-06,LKUS_payment,feature_9tl8mW2Gembc,邮箱黑名单,44
0048,2026-09-06,LKUS_payment,feature_g43LuQcahzCJ,用户编号黑名单,44
0048,2026-09-06,LKUS_payment,feature_XtxCPW1x9QTU,ip C段黑名单,44
0048,2026-09-06,LKUS_payment,feature_cOkhRQVI91IV,ip黑名单,44
0048,2026-09-06,LKUS_payment,feature_TLXI8MNiNglz,reCAPTCHA V3风险分,26
0048,2026-09-06,LKUS_physical_order_create,feature_MHv7nra5Z6T5,reCAPTCHA V3 token是否有效,27
0048,2026-09-06,LKUS_payment,feature_MHv7nra5Z6T5,reCAPTCHA V3 token是否有效,18
0048,2026-09-06,LKUS_register,feature_vTICzBPfD3Ds,ip C段白名单,9
0048,2026-09-06,LKUS_register,feature_P5eYl9a699fA,ip白名单,9
0048,2026-09-06,LKUS_register,feature_oxYJ6qJ3BAfv,用户编号白名单,9
0048,2026-09-06,LKUS_register,feature_yo8MLsBsGIsV,三方unionId白名单,9
0048,2026-09-06,LKUS_register,feature_kqtp6XVcXXiQ,手机号白名单,9
0048,2026-09-06,LKUS_register,feature_5caBWmAHDcCQ,邮箱白名单,9
0048,2026-09-06,LKUS_register,feature_K0JuGvXPoQsS,网关uid白名单,9
0048,2026-09-06,LKUS_register,feature_3CSh3LRVobu7,手机号黑名单,9
0048,2026-09-06,LKUS_register,feature_jkeS0N10RDAn,网关uid黑名单,9
0048,2026-09-06,LKUS_register,feature_7qCVo92BIECU,三方unionId黑名单,9
0048,2026-09-06,LKUS_register,feature_9tl8mW2Gembc,邮箱黑名单,9
0048,2026-09-06,LKUS_register,feature_g43LuQcahzCJ,用户编号黑名单,9
0048,2026-09-06,LKUS_register,feature_XtxCPW1x9QTU,ip C段黑名单,9
0048,2026-09-06,LKUS_register,feature_cOkhRQVI91IV,ip黑名单,9
0048,2026-09-06,LKUS_login,feature_MHv7nra5Z6T5,reCAPTCHA V3 token是否有效,7
0048,2026-09-07,LKUS_push,feature_P5eYl9a699fA,ip白名单,89
0048,2026-09-07,LKUS_push,feature_vTICzBPfD3Ds,ip C段白名单,89
0048,2026-09-07,LKUS_push,feature_oxYJ6qJ3BAfv,用户编号白名单,89
0048,2026-09-07,LKUS_push,feature_yo8MLsBsGIsV,三方unionId白名单,89
0048,2026-09-07,LKUS_push,feature_kqtp6XVcXXiQ,手机号白名单,89
0048,2026-09-07,LKUS_push,feature_5caBWmAHDcCQ,邮箱白名单,89
0048,2026-09-07,LKUS_push,feature_K0JuGvXPoQsS,网关uid白名单,89
0048,2026-09-07,LKUS_push,feature_Fik6gvwY1tA6,手机号近1天的访问次数,89
0048,2026-09-07,LKUS_push,feature_3CSh3LRVobu7,手机号黑名单,87
0048,2026-09-07,LKUS_push,feature_jkeS0N10RDAn,网关uid黑名单,87
0048,2026-09-07,LKUS_push,feature_7qCVo92BIECU,三方unionId黑名单,87
0048,2026-09-07,LKUS_push,feature_9tl8mW2Gembc,邮箱黑名单,87
0048,2026-09-07,LKUS_push,feature_g43LuQcahzCJ,用户编号黑名单,87
0048,2026-09-07,LKUS_push,feature_XtxCPW1x9QTU,ip C段黑名单,87
0048,2026-09-07,LKUS_push,feature_cOkhRQVI91IV,ip黑名单,87
0048,2026-09-07,LKUS_push,feature_nnsdzZLQKPZ7,IP近10分钟关联的手机号个数,87
0048,2026-09-07,LKUS_push,feature_pf88qk27w76j,区号近5分钟的访问次数,87
0048,2026-09-07,LKUS_push,feature_Ym70ZsfxQKSc,一分钟请求量,87
0048,2026-09-07,LKUS_push,feature_r1bhlQnbfRHb,IP近60分钟关联的手机号个数,87
0048,2026-09-07,LKUS_push,feature_IPwzfPamC8eW,同手机号30分钟关联的IP city个数,87
0048,2026-09-07,LKUS_push,feature_53Ck9TgChpTW,IP近5分钟关联的手机号个数,87
0048,2026-09-07,LKUS_push,feature_hspErCH8fSCE,手机号近30分钟的访问次数,87
0048,2026-09-07,LKUS_push,feature_lydpDiga6SB9,手机号近5分钟的访问次数,87
0048,2026-09-07,LKUS_push,feature_WxHUxqIN0IuS,同IP近5分钟的访问次数,87
0048,2026-09-07,LKUS_push,feature_Wg4dZ6VJBuTb,IP近1分钟关联的手机号个数,87
0048,2026-09-07,LKUS_push,feature_TGPe0mjAPwR5,IP近60分钟关联的国家区号个数,87
0048,2026-09-07,LKUS_push,feature_YkpmaKaJhcdG,区号近1天内的访问次数,87
0048,2026-09-07,LKUS_push,feature_7DbBgowc2mEl,IP近1分钟的访问次数,87
0048,2026-09-07,LKUS_push,feature_SdA1CjZvNCMG,区号近1分钟的访问次数,87
0048,2026-09-07,LKUS_push,feature_dqBHKec09Wwa,同区号近60分钟未携带recaptchaV3token 访问次数,87
0048,2026-09-07,LKUS_push,feature_UOJYBEifd5Jn,区号近60分钟的访问次数,87
0048,2026-09-07,LKUS_push,feature_MHv7nra5Z6T5,reCAPTCHA V3 token是否有效,76
0048,2026-09-07,LKUS_push,feature_n91JeGM6gD6i,同区号近60分钟非美国IP访问次数,87
0048,2026-09-07,LKUS_push,feature_JaT2oyzVtD0q,手机号近1分钟的访问次数,87
0048,2026-09-07,LKUS_push,feature_6qwgYPGGuJZ4,IPC段近10分钟关联的手机号个数,87
0048,2026-09-07,LKUS_push,feature_KtSZtJ9w7f9r,IPC段近1分钟关联的手机号个数,87
0048,2026-09-07,LKUS_push,feature_TLXI8MNiNglz,reCAPTCHA V3风险分,11
0048,2026-09-07,LKUS_login,feature_vTICzBPfD3Ds,ip C段白名单,8
0048,2026-09-07,LKUS_login,feature_P5eYl9a699fA,ip白名单,8
0048,2026-09-07,LKUS_login,feature_oxYJ6qJ3BAfv,用户编号白名单,8
0048,2026-09-07,LKUS_login,feature_yo8MLsBsGIsV,三方unionId白名单,8
0048,2026-09-07,LKUS_login,feature_kqtp6XVcXXiQ,手机号白名单,8
0048,2026-09-07,LKUS_login,feature_5caBWmAHDcCQ,邮箱白名单,8
0048,2026-09-07,LKUS_login,feature_K0JuGvXPoQsS,网关uid白名单,8
0048,2026-09-07,LKUS_login,feature_3CSh3LRVobu7,手机号黑名单,7
0048,2026-09-07,LKUS_login,feature_jkeS0N10RDAn,网关uid黑名单,7
0048,2026-09-07,LKUS_login,feature_7qCVo92BIECU,三方unionId黑名单,7
0048,2026-09-07,LKUS_login,feature_9tl8mW2Gembc,邮箱黑名单,7
0048,2026-09-07,LKUS_login,feature_g43LuQcahzCJ,用户编号黑名单,7
0048,2026-09-07,LKUS_login,feature_XtxCPW1x9QTU,ip C段黑名单,7
0048,2026-09-07,LKUS_login,feature_cOkhRQVI91IV,ip黑名单,7
0048,2026-09-07,LKUS_login,feature_TLXI8MNiNglz,reCAPTCHA V3风险分,1
0048,2026-09-07,LKUS_physical_order_create,feature_oxYJ6qJ3BAfv,用户编号白名单,50
0048,2026-09-07,LKUS_physical_order_create,feature_vTICzBPfD3Ds,ip C段白名单,50
0048,2026-09-07,LKUS_physical_order_create,feature_P5eYl9a699fA,ip白名单,50
0048,2026-09-07,LKUS_physical_order_create,feature_yo8MLsBsGIsV,三方unionId白名单,50
0048,2026-09-07,LKUS_physical_order_create,feature_kqtp6XVcXXiQ,手机号白名单,50
0048,2026-09-07,LKUS_physical_order_create,feature_K0JuGvXPoQsS,网关uid白名单,50
0048,2026-09-07,LKUS_physical_order_create,feature_5caBWmAHDcCQ,邮箱白名单,50
0048,2026-09-07,LKUS_physical_order_create,feature_3CSh3LRVobu7,手机号黑名单,39
0048,2026-09-07,LKUS_physical_order_create,feature_jkeS0N10RDAn,网关uid黑名单,39
0048,2026-09-07,LKUS_physical_order_create,feature_7qCVo92BIECU,三方unionId黑名单,39
0048,2026-09-07,LKUS_physical_order_create,feature_9tl8mW2Gembc,邮箱黑名单,39
0048,2026-09-07,LKUS_physical_order_create,feature_g43LuQcahzCJ,用户编号黑名单,39
0048,2026-09-07,LKUS_physical_order_create,feature_XtxCPW1x9QTU,ip C段黑名单,39
0048,2026-09-07,LKUS_physical_order_create,feature_cOkhRQVI91IV,ip黑名单,39
0048,2026-09-07,LKUS_physical_order_create,feature_MHv7nra5Z6T5,reCAPTCHA V3 token是否有效,39
0048,2026-09-07,LKUS_payment,feature_vTICzBPfD3Ds,ip C段白名单,50
0048,2026-09-07,LKUS_payment,feature_P5eYl9a699fA,ip白名单,50
0048,2026-09-07,LKUS_payment,feature_oxYJ6qJ3BAfv,用户编号白名单,50
0048,2026-09-07,LKUS_payment,feature_yo8MLsBsGIsV,三方unionId白名单,50
0048,2026-09-07,LKUS_payment,feature_kqtp6XVcXXiQ,手机号白名单,50
0048,2026-09-07,LKUS_payment,feature_5caBWmAHDcCQ,邮箱白名单,50
0048,2026-09-07,LKUS_payment,feature_K0JuGvXPoQsS,网关uid白名单,50
0048,2026-09-07,LKUS_payment,feature_3CSh3LRVobu7,手机号黑名单,38
0048,2026-09-07,LKUS_payment,feature_jkeS0N10RDAn,网关uid黑名单,38
0048,2026-09-07,LKUS_payment,feature_7qCVo92BIECU,三方unionId黑名单,38
0048,2026-09-07,LKUS_payment,feature_9tl8mW2Gembc,邮箱黑名单,38
0048,2026-09-07,LKUS_payment,feature_XtxCPW1x9QTU,ip C段黑名单,38
0048,2026-09-07,LKUS_payment,feature_cOkhRQVI91IV,ip黑名单,38
0048,2026-09-07,LKUS_payment,feature_g43LuQcahzCJ,用户编号黑名单,38
0048,2026-09-07,LKUS_payment,feature_MHv7nra5Z6T5,reCAPTCHA V3 token是否有效,38
0048,2026-09-07,LKUS_register,feature_oxYJ6qJ3BAfv,用户编号白名单,6
0048,2026-09-07,LKUS_register,feature_vTICzBPfD3Ds,ip C段白名单,6
0048,2026-09-07,LKUS_register,feature_P5eYl9a699fA,ip白名单,6
0048,2026-09-07,LKUS_register,feature_yo8MLsBsGIsV,三方unionId白名单,6
0048,2026-09-07,LKUS_register,feature_kqtp6XVcXXiQ,手机号白名单,6
0048,2026-09-07,LKUS_register,feature_K0JuGvXPoQsS,网关uid白名单,6
0048,2026-09-07,LKUS_register,feature_5caBWmAHDcCQ,邮箱白名单,6
0048,2026-09-07,LKUS_register,feature_3CSh3LRVobu7,手机号黑名单,6
0048,2026-09-07,LKUS_register,feature_jkeS0N10RDAn,网关uid黑名单,6
0048,2026-09-07,LKUS_register,feature_7qCVo92BIECU,三方unionId黑名单,6
0048,2026-09-07,LKUS_register,feature_9tl8mW2Gembc,邮箱黑名单,6
0048,2026-09-07,LKUS_register,feature_g43LuQcahzCJ,用户编号黑名单,6
0048,2026-09-07,LKUS_register,feature_XtxCPW1x9QTU,ip C段黑名单,6
0048,2026-09-07,LKUS_register,feature_cOkhRQVI91IV,ip黑名单,6
0048,2026-09-07,LKUS_login,feature_MHv7nra5Z6T5,reCAPTCHA V3 token是否有效,6
0048,2026-09-07,LKUS_grant_new_user_coupon,feature_oxYJ6qJ3BAfv,用户编号白名单,4
0048,2026-09-07,LKUS_grant_new_user_coupon,feature_vTICzBPfD3Ds,ip C段白名单,4
0048,2026-09-07,LKUS_grant_new_user_coupon,feature_P5eYl9a699fA,ip白名单,4
0048,2026-09-07,LKUS_grant_new_user_coupon,feature_yo8MLsBsGIsV,三方unionId白名单,4
0048,2026-09-07,LKUS_grant_new_user_coupon,feature_kqtp6XVcXXiQ,手机号白名单,4
0048,2026-09-07,LKUS_grant_new_user_coupon,feature_K0JuGvXPoQsS,网关uid白名单,4
0048,2026-09-07,LKUS_grant_new_user_coupon,feature_5caBWmAHDcCQ,邮箱白名单,4
0048,2026-09-07,LKUS_grant_new_user_coupon,feature_3CSh3LRVobu7,手机号黑名单,4
0048,2026-09-07,LKUS_grant_new_user_coupon,feature_jkeS0N10RDAn,网关uid黑名单,4
0048,2026-09-07,LKUS_grant_new_user_coupon,feature_7qCVo92BIECU,三方unionId黑名单,4
0048,2026-09-07,LKUS_grant_new_user_coupon,feature_9tl8mW2Gembc,邮箱黑名单,4
0048,2026-09-07,LKUS_grant_new_user_coupon,feature_g43LuQcahzCJ,用户编号黑名单,4
0048,2026-09-07,LKUS_grant_new_user_coupon,feature_XtxCPW1x9QTU,ip C段黑名单,4
0048,2026-09-07,LKUS_grant_new_user_coupon,feature_cOkhRQVI91IV,ip黑名单,4
0048,2026-09-08,LKUS_push,feature_vTICzBPfD3Ds,ip C段白名单,142
0048,2026-09-08,LKUS_push,feature_P5eYl9a699fA,ip白名单,142
0048,2026-09-08,LKUS_push,feature_oxYJ6qJ3BAfv,用户编号白名单,142
0048,2026-09-08,LKUS_push,feature_yo8MLsBsGIsV,三方unionId白名单,142
0048,2026-09-08,LKUS_push,feature_kqtp6XVcXXiQ,手机号白名单,142
0048,2026-09-08,LKUS_push,feature_5caBWmAHDcCQ,邮箱白名单,142
0048,2026-09-08,LKUS_push,feature_K0JuGvXPoQsS,网关uid白名单,142
0048,2026-09-08,LKUS_push,feature_Fik6gvwY1tA6,手机号近1天的访问次数,142
0048,2026-09-08,LKUS_push,feature_3CSh3LRVobu7,手机号黑名单,142
0048,2026-09-08,LKUS_push,feature_jkeS0N10RDAn,网关uid黑名单,142
0048,2026-09-08,LKUS_push,feature_7qCVo92BIECU,三方unionId黑名单,142
0048,2026-09-08,LKUS_push,feature_9tl8mW2Gembc,邮箱黑名单,142
0048,2026-09-08,LKUS_push,feature_XtxCPW1x9QTU,ip C段黑名单,142
0048,2026-09-08,LKUS_push,feature_cOkhRQVI91IV,ip黑名单,142
0048,2026-09-08,LKUS_push,feature_g43LuQcahzCJ,用户编号黑名单,142
0048,2026-09-08,LKUS_push,feature_hspErCH8fSCE,手机号近30分钟的访问次数,142
0048,2026-09-08,LKUS_push,feature_pf88qk27w76j,区号近5分钟的访问次数,142
0048,2026-09-08,LKUS_push,feature_r1bhlQnbfRHb,IP近60分钟关联的手机号个数,142
0048,2026-09-08,LKUS_push,feature_nnsdzZLQKPZ7,IP近10分钟关联的手机号个数,142
0048,2026-09-08,LKUS_push,feature_MHv7nra5Z6T5,reCAPTCHA V3 token是否有效,142
0048,2026-09-08,LKUS_push,feature_JaT2oyzVtD0q,手机号近1分钟的访问次数,142
0048,2026-09-08,LKUS_push,feature_Ym70ZsfxQKSc,一分钟请求量,142
0048,2026-09-08,LKUS_push,feature_YkpmaKaJhcdG,区号近1天内的访问次数,142
0048,2026-09-08,LKUS_push,feature_Wg4dZ6VJBuTb,IP近1分钟关联的手机号个数,142
0048,2026-09-08,LKUS_push,feature_IPwzfPamC8eW,同手机号30分钟关联的IP city个数,142
0048,2026-09-08,LKUS_push,feature_7DbBgowc2mEl,IP近1分钟的访问次数,142
0048,2026-09-08,LKUS_push,feature_6qwgYPGGuJZ4,IPC段近10分钟关联的手机号个数,142
0048,2026-09-08,LKUS_push,feature_53Ck9TgChpTW,IP近5分钟关联的手机号个数,142
0048,2026-09-08,LKUS_push,feature_SdA1CjZvNCMG,区号近1分钟的访问次数,142
0048,2026-09-08,LKUS_push,feature_dqBHKec09Wwa,同区号近60分钟未携带recaptchaV3token 访问次数,142
0048,2026-09-08,LKUS_push,feature_KtSZtJ9w7f9r,IPC段近1分钟关联的手机号个数,142
0048,2026-09-08,LKUS_push,feature_UOJYBEifd5Jn,区号近60分钟的访问次数,142
0048,2026-09-08,LKUS_push,feature_WxHUxqIN0IuS,同IP近5分钟的访问次数,142
0048,2026-09-08,LKUS_push,feature_lydpDiga6SB9,手机号近5分钟的访问次数,142
0048,2026-09-08,LKUS_push,feature_n91JeGM6gD6i,同区号近60分钟非美国IP访问次数,142
0048,2026-09-08,LKUS_push,feature_TGPe0mjAPwR5,IP近60分钟关联的国家区号个数,142
0048,2026-09-08,LKUS_login,feature_vTICzBPfD3Ds,ip C段白名单,12
0048,2026-09-08,LKUS_login,feature_P5eYl9a699fA,ip白名单,12
0048,2026-09-08,LKUS_login,feature_oxYJ6qJ3BAfv,用户编号白名单,12
0048,2026-09-08,LKUS_login,feature_yo8MLsBsGIsV,三方unionId白名单,12
0048,2026-09-08,LKUS_login,feature_kqtp6XVcXXiQ,手机号白名单,12
0048,2026-09-08,LKUS_login,feature_5caBWmAHDcCQ,邮箱白名单,12
0048,2026-09-08,LKUS_login,feature_K0JuGvXPoQsS,网关uid白名单,12
0048,2026-09-08,LKUS_login,feature_3CSh3LRVobu7,手机号黑名单,12
0048,2026-09-08,LKUS_login,feature_jkeS0N10RDAn,网关uid黑名单,12
0048,2026-09-08,LKUS_login,feature_7qCVo92BIECU,三方unionId黑名单,12
0048,2026-09-08,LKUS_login,feature_9tl8mW2Gembc,邮箱黑名单,12
0048,2026-09-08,LKUS_login,feature_XtxCPW1x9QTU,ip C段黑名单,12
0048,2026-09-08,LKUS_login,feature_cOkhRQVI91IV,ip黑名单,12
0048,2026-09-08,LKUS_login,feature_g43LuQcahzCJ,用户编号黑名单,12
0048,2026-09-08,LKUS_login,feature_MHv7nra5Z6T5,reCAPTCHA V3 token是否有效,12
0048,2026-09-08,LKUS_grant_new_user_coupon,feature_vTICzBPfD3Ds,ip C段白名单,5
0048,2026-09-08,LKUS_grant_new_user_coupon,feature_P5eYl9a699fA,ip白名单,5
0048,2026-09-08,LKUS_grant_new_user_coupon,feature_oxYJ6qJ3BAfv,用户编号白名单,5
0048,2026-09-08,LKUS_grant_new_user_coupon,feature_yo8MLsBsGIsV,三方unionId白名单,5
0048,2026-09-08,LKUS_grant_new_user_coupon,feature_kqtp6XVcXXiQ,手机号白名单,5
0048,2026-09-08,LKUS_grant_new_user_coupon,feature_5caBWmAHDcCQ,邮箱白名单,5
0048,2026-09-08,LKUS_grant_new_user_coupon,feature_K0JuGvXPoQsS,网关uid白名单,5
0048,2026-09-08,LKUS_grant_new_user_coupon,feature_3CSh3LRVobu7,手机号黑名单,5
0048,2026-09-08,LKUS_grant_new_user_coupon,feature_jkeS0N10RDAn,网关uid黑名单,5
0048,2026-09-08,LKUS_grant_new_user_coupon,feature_7qCVo92BIECU,三方unionId黑名单,5
0048,2026-09-08,LKUS_grant_new_user_coupon,feature_9tl8mW2Gembc,邮箱黑名单,5
0048,2026-09-08,LKUS_grant_new_user_coupon,feature_XtxCPW1x9QTU,ip C段黑名单,5
0048,2026-09-08,LKUS_grant_new_user_coupon,feature_cOkhRQVI91IV,ip黑名单,5
0048,2026-09-08,LKUS_grant_new_user_coupon,feature_g43LuQcahzCJ,用户编号黑名单,5
0048,2026-09-08,LKUS_physical_order_create,feature_vTICzBPfD3Ds,ip C段白名单,100
0048,2026-09-08,LKUS_physical_order_create,feature_P5eYl9a699fA,ip白名单,100
0048,2026-09-08,LKUS_physical_order_create,feature_oxYJ6qJ3BAfv,用户编号白名单,100
0048,2026-09-08,LKUS_physical_order_create,feature_yo8MLsBsGIsV,三方unionId白名单,100
0048,2026-09-08,LKUS_physical_order_create,feature_kqtp6XVcXXiQ,手机号白名单,100
0048,2026-09-08,LKUS_physical_order_create,feature_5caBWmAHDcCQ,邮箱白名单,100
0048,2026-09-08,LKUS_physical_order_create,feature_K0JuGvXPoQsS,网关uid白名单,100
0048,2026-09-08,LKUS_physical_order_create,feature_3CSh3LRVobu7,手机号黑名单,89
0048,2026-09-08,LKUS_physical_order_create,feature_jkeS0N10RDAn,网关uid黑名单,89
0048,2026-09-08,LKUS_physical_order_create,feature_7qCVo92BIECU,三方unionId黑名单,89
0048,2026-09-08,LKUS_physical_order_create,feature_9tl8mW2Gembc,邮箱黑名单,89
0048,2026-09-08,LKUS_physical_order_create,feature_XtxCPW1x9QTU,ip C段黑名单,89
0048,2026-09-08,LKUS_physical_order_create,feature_cOkhRQVI91IV,ip黑名单,89
0048,2026-09-08,LKUS_physical_order_create,feature_g43LuQcahzCJ,用户编号黑名单,89
0048,2026-09-08,LKUS_physical_order_create,feature_MHv7nra5Z6T5,reCAPTCHA V3 token是否有效,89
0048,2026-09-08,LKUS_physical_order_cancel,feature_oxYJ6qJ3BAfv,用户编号白名单,2
0048,2026-09-08,LKUS_physical_order_cancel,feature_vTICzBPfD3Ds,ip C段白名单,2
0048,2026-09-08,LKUS_physical_order_cancel,feature_P5eYl9a699fA,ip白名单,2
0048,2026-09-08,LKUS_physical_order_cancel,feature_yo8MLsBsGIsV,三方unionId白名单,2
0048,2026-09-08,LKUS_physical_order_cancel,feature_kqtp6XVcXXiQ,手机号白名单,2
0048,2026-09-08,LKUS_physical_order_cancel,feature_K0JuGvXPoQsS,网关uid白名单,2
0048,2026-09-08,LKUS_physical_order_cancel,feature_5caBWmAHDcCQ,邮箱白名单,2
0048,2026-09-08,LKUS_physical_order_cancel,feature_3CSh3LRVobu7,手机号黑名单,2
0048,2026-09-08,LKUS_physical_order_cancel,feature_jkeS0N10RDAn,网关uid黑名单,2
0048,2026-09-08,LKUS_physical_order_cancel,feature_7qCVo92BIECU,三方unionId黑名单,2
0048,2026-09-08,LKUS_physical_order_cancel,feature_9tl8mW2Gembc,邮箱黑名单,2
0048,2026-09-08,LKUS_physical_order_cancel,feature_g43LuQcahzCJ,用户编号黑名单,2
0048,2026-09-08,LKUS_physical_order_cancel,feature_XtxCPW1x9QTU,ip C段黑名单,2
0048,2026-09-08,LKUS_physical_order_cancel,feature_cOkhRQVI91IV,ip黑名单,2
0048,2026-09-08,LKUS_payment,feature_vTICzBPfD3Ds,ip C段白名单,98
0048,2026-09-08,LKUS_payment,feature_P5eYl9a699fA,ip白名单,98
0048,2026-09-08,LKUS_payment,feature_oxYJ6qJ3BAfv,用户编号白名单,98
0048,2026-09-08,LKUS_payment,feature_yo8MLsBsGIsV,三方unionId白名单,98
0048,2026-09-08,LKUS_payment,feature_kqtp6XVcXXiQ,手机号白名单,98
0048,2026-09-08,LKUS_payment,feature_5caBWmAHDcCQ,邮箱白名单,98
0048,2026-09-08,LKUS_payment,feature_K0JuGvXPoQsS,网关uid白名单,98
0048,2026-09-08,LKUS_payment,feature_3CSh3LRVobu7,手机号黑名单,87
0048,2026-09-08,LKUS_payment,feature_jkeS0N10RDAn,网关uid黑名单,87
0048,2026-09-08,LKUS_payment,feature_7qCVo92BIECU,三方unionId黑名单,87
0048,2026-09-08,LKUS_payment,feature_9tl8mW2Gembc,邮箱黑名单,87
0048,2026-09-08,LKUS_payment,feature_XtxCPW1x9QTU,ip C段黑名单,87
0048,2026-09-08,LKUS_payment,feature_cOkhRQVI91IV,ip黑名单,87
0048,2026-09-08,LKUS_payment,feature_g43LuQcahzCJ,用户编号黑名单,87
0048,2026-09-08,LKUS_payment,feature_MHv7nra5Z6T5,reCAPTCHA V3 token是否有效,87
0048,2026-09-08,LKUS_register,feature_vTICzBPfD3Ds,ip C段白名单,10
0048,2026-09-08,LKUS_register,feature_P5eYl9a699fA,ip白名单,10
0048,2026-09-08,LKUS_register,feature_oxYJ6qJ3BAfv,用户编号白名单,10
0048,2026-09-08,LKUS_register,feature_yo8MLsBsGIsV,三方unionId白名单,10
0048,2026-09-08,LKUS_register,feature_kqtp6XVcXXiQ,手机号白名单,10
0048,2026-09-08,LKUS_register,feature_5caBWmAHDcCQ,邮箱白名单,10
0048,2026-09-08,LKUS_register,feature_K0JuGvXPoQsS,网关uid白名单,10
0048,2026-09-08,LKUS_register,feature_3CSh3LRVobu7,手机号黑名单,10
0048,2026-09-08,LKUS_register,feature_jkeS0N10RDAn,网关uid黑名单,10
0048,2026-09-08,LKUS_register,feature_7qCVo92BIECU,三方unionId黑名单,10
0048,2026-09-08,LKUS_register,feature_9tl8mW2Gembc,邮箱黑名单,10
0048,2026-09-08,LKUS_register,feature_XtxCPW1x9QTU,ip C段黑名单,10
0048,2026-09-08,LKUS_register,feature_cOkhRQVI91IV,ip黑名单,10
0048,2026-09-08,LKUS_register,feature_g43LuQcahzCJ,用户编号黑名单,10
0048,2026-09-09,LKUS_push,feature_Fik6gvwY1tA6,手机号近1天的访问次数,152
0048,2026-09-09,LKUS_push,feature_vTICzBPfD3Ds,ip C段白名单,152
0048,2026-09-09,LKUS_push,feature_P5eYl9a699fA,ip白名单,152
0048,2026-09-09,LKUS_push,feature_oxYJ6qJ3BAfv,用户编号白名单,152
0048,2026-09-09,LKUS_push,feature_yo8MLsBsGIsV,三方unionId白名单,152
0048,2026-09-09,LKUS_push,feature_kqtp6XVcXXiQ,手机号白名单,152
0048,2026-09-09,LKUS_push,feature_5caBWmAHDcCQ,邮箱白名单,152
0048,2026-09-09,LKUS_push,feature_K0JuGvXPoQsS,网关uid白名单,152
0048,2026-09-09,LKUS_push,feature_3CSh3LRVobu7,手机号黑名单,149
0048,2026-09-09,LKUS_push,feature_jkeS0N10RDAn,网关uid黑名单,149
0048,2026-09-09,LKUS_push,feature_7qCVo92BIECU,三方unionId黑名单,149
0048,2026-09-09,LKUS_push,feature_9tl8mW2Gembc,邮箱黑名单,149
0048,2026-09-09,LKUS_push,feature_XtxCPW1x9QTU,ip C段黑名单,149
0048,2026-09-09,LKUS_push,feature_cOkhRQVI91IV,ip黑名单,149
0048,2026-09-09,LKUS_push,feature_g43LuQcahzCJ,用户编号黑名单,149
0048,2026-09-09,LKUS_push,feature_hspErCH8fSCE,手机号近30分钟的访问次数,149
0048,2026-09-09,LKUS_push,feature_pf88qk27w76j,区号近5分钟的访问次数,149
0048,2026-09-09,LKUS_push,feature_r1bhlQnbfRHb,IP近60分钟关联的手机号个数,149
0048,2026-09-09,LKUS_push,feature_nnsdzZLQKPZ7,IP近10分钟关联的手机号个数,149
0048,2026-09-09,LKUS_push,feature_MHv7nra5Z6T5,reCAPTCHA V3 token是否有效,149
0048,2026-09-09,LKUS_push,feature_JaT2oyzVtD0q,手机号近1分钟的访问次数,149
0048,2026-09-09,LKUS_push,feature_Ym70ZsfxQKSc,一分钟请求量,149
0048,2026-09-09,LKUS_push,feature_YkpmaKaJhcdG,区号近1天内的访问次数,149
0048,2026-09-09,LKUS_push,feature_Wg4dZ6VJBuTb,IP近1分钟关联的手机号个数,149
0048,2026-09-09,LKUS_push,feature_IPwzfPamC8eW,同手机号30分钟关联的IP city个数,149
0048,2026-09-09,LKUS_push,feature_7DbBgowc2mEl,IP近1分钟的访问次数,149
0048,2026-09-09,LKUS_push,feature_6qwgYPGGuJZ4,IPC段近10分钟关联的手机号个数,149
0048,2026-09-09,LKUS_push,feature_53Ck9TgChpTW,IP近5分钟关联的手机号个数,149
0048,2026-09-09,LKUS_push,feature_SdA1CjZvNCMG,区号近1分钟的访问次数,149
0048,2026-09-09,LKUS_push,feature_dqBHKec09Wwa,同区号近60分钟未携带recaptchaV3token 访问次数,149
0048,2026-09-09,LKUS_push,feature_KtSZtJ9w7f9r,IPC段近1分钟关联的手机号个数,149
0048,2026-09-09,LKUS_push,feature_UOJYBEifd5Jn,区号近60分钟的访问次数,149
0048,2026-09-09,LKUS_push,feature_WxHUxqIN0IuS,同IP近5分钟的访问次数,149
0048,2026-09-09,LKUS_push,feature_lydpDiga6SB9,手机号近5分钟的访问次数,149
0048,2026-09-09,LKUS_push,feature_n91JeGM6gD6i,同区号近60分钟非美国IP访问次数,149
0048,2026-09-09,LKUS_push,feature_TGPe0mjAPwR5,IP近60分钟关联的国家区号个数,149
0048,2026-09-09,LKUS_login,feature_vTICzBPfD3Ds,ip C段白名单,20
0048,2026-09-09,LKUS_login,feature_P5eYl9a699fA,ip白名单,20
0048,2026-09-09,LKUS_login,feature_oxYJ6qJ3BAfv,用户编号白名单,20
0048,2026-09-09,LKUS_login,feature_yo8MLsBsGIsV,三方unionId白名单,20
0048,2026-09-09,LKUS_login,feature_kqtp6XVcXXiQ,手机号白名单,20
0048,2026-09-09,LKUS_login,feature_5caBWmAHDcCQ,邮箱白名单,20
0048,2026-09-09,LKUS_login,feature_K0JuGvXPoQsS,网关uid白名单,20
0048,2026-09-09,LKUS_login,feature_3CSh3LRVobu7,手机号黑名单,19
0048,2026-09-09,LKUS_login,feature_jkeS0N10RDAn,网关uid黑名单,19
0048,2026-09-09,LKUS_login,feature_7qCVo92BIECU,三方unionId黑名单,19
0048,2026-09-09,LKUS_login,feature_9tl8mW2Gembc,邮箱黑名单,19
0048,2026-09-09,LKUS_login,feature_XtxCPW1x9QTU,ip C段黑名单,19
0048,2026-09-09,LKUS_login,feature_cOkhRQVI91IV,ip黑名单,19
0048,2026-09-09,LKUS_login,feature_g43LuQcahzCJ,用户编号黑名单,19
0048,2026-09-09,LKUS_login,feature_MHv7nra5Z6T5,reCAPTCHA V3 token是否有效,19
0048,2026-09-09,LKUS_grant_new_user_coupon,feature_vTICzBPfD3Ds,ip C段白名单,14
0048,2026-09-09,LKUS_grant_new_user_coupon,feature_P5eYl9a699fA,ip白名单,14
0048,2026-09-09,LKUS_grant_new_user_coupon,feature_oxYJ6qJ3BAfv,用户编号白名单,14
0048,2026-09-09,LKUS_grant_new_user_coupon,feature_yo8MLsBsGIsV,三方unionId白名单,14
0048,2026-09-09,LKUS_grant_new_user_coupon,feature_kqtp6XVcXXiQ,手机号白名单,14
0048,2026-09-09,LKUS_grant_new_user_coupon,feature_5caBWmAHDcCQ,邮箱白名单,14
0048,2026-09-09,LKUS_grant_new_user_coupon,feature_K0JuGvXPoQsS,网关uid白名单,14
0048,2026-09-09,LKUS_grant_new_user_coupon,feature_3CSh3LRVobu7,手机号黑名单,14
0048,2026-09-09,LKUS_grant_new_user_coupon,feature_jkeS0N10RDAn,网关uid黑名单,14
0048,2026-09-09,LKUS_grant_new_user_coupon,feature_7qCVo92BIECU,三方unionId黑名单,14
0048,2026-09-09,LKUS_grant_new_user_coupon,feature_9tl8mW2Gembc,邮箱黑名单,14
0048,2026-09-09,LKUS_grant_new_user_coupon,feature_XtxCPW1x9QTU,ip C段黑名单,14
0048,2026-09-09,LKUS_grant_new_user_coupon,feature_cOkhRQVI91IV,ip黑名单,14
0048,2026-09-09,LKUS_grant_new_user_coupon,feature_g43LuQcahzCJ,用户编号黑名单,14
0048,2026-09-09,LKUS_register,feature_oxYJ6qJ3BAfv,用户编号白名单,21
0048,2026-09-09,LKUS_register,feature_vTICzBPfD3Ds,ip C段白名单,21
0048,2026-09-09,LKUS_register,feature_P5eYl9a699fA,ip白名单,21
0048,2026-09-09,LKUS_register,feature_yo8MLsBsGIsV,三方unionId白名单,21
0048,2026-09-09,LKUS_register,feature_kqtp6XVcXXiQ,手机号白名单,21
0048,2026-09-09,LKUS_register,feature_K0JuGvXPoQsS,网关uid白名单,21
0048,2026-09-09,LKUS_register,feature_5caBWmAHDcCQ,邮箱白名单,21
0048,2026-09-09,LKUS_register,feature_3CSh3LRVobu7,手机号黑名单,20
0048,2026-09-09,LKUS_register,feature_jkeS0N10RDAn,网关uid黑名单,20
0048,2026-09-09,LKUS_register,feature_7qCVo92BIECU,三方unionId黑名单,20
0048,2026-09-09,LKUS_register,feature_9tl8mW2Gembc,邮箱黑名单,20
0048,2026-09-09,LKUS_register,feature_g43LuQcahzCJ,用户编号黑名单,20
0048,2026-09-09,LKUS_register,feature_XtxCPW1x9QTU,ip C段黑名单,20
0048,2026-09-09,LKUS_register,feature_cOkhRQVI91IV,ip黑名单,20
0048,2026-09-09,LKUS_physical_order_create,feature_vTICzBPfD3Ds,ip C段白名单,114
0048,2026-09-09,LKUS_physical_order_create,feature_P5eYl9a699fA,ip白名单,114
0048,2026-09-09,LKUS_physical_order_create,feature_oxYJ6qJ3BAfv,用户编号白名单,114
0048,2026-09-09,LKUS_physical_order_create,feature_yo8MLsBsGIsV,三方unionId白名单,114
0048,2026-09-09,LKUS_physical_order_create,feature_kqtp6XVcXXiQ,手机号白名单,114
0048,2026-09-09,LKUS_physical_order_create,feature_5caBWmAHDcCQ,邮箱白名单,114
0048,2026-09-09,LKUS_physical_order_create,feature_K0JuGvXPoQsS,网关uid白名单,114
0048,2026-09-09,LKUS_physical_order_create,feature_3CSh3LRVobu7,手机号黑名单,100
0048,2026-09-09,LKUS_physical_order_create,feature_jkeS0N10RDAn,网关uid黑名单,100
0048,2026-09-09,LKUS_physical_order_create,feature_7qCVo92BIECU,三方unionId黑名单,100
0048,2026-09-09,LKUS_physical_order_create,feature_9tl8mW2Gembc,邮箱黑名单,100
0048,2026-09-09,LKUS_physical_order_create,feature_XtxCPW1x9QTU,ip C段黑名单,100
0048,2026-09-09,LKUS_physical_order_create,feature_cOkhRQVI91IV,ip黑名单,100
0048,2026-09-09,LKUS_physical_order_create,feature_g43LuQcahzCJ,用户编号黑名单,100
0048,2026-09-09,LKUS_physical_order_create,feature_MHv7nra5Z6T5,reCAPTCHA V3 token是否有效,100
0048,2026-09-09,LKUS_payment,feature_oxYJ6qJ3BAfv,用户编号白名单,113
0048,2026-09-09,LKUS_payment,feature_vTICzBPfD3Ds,ip C段白名单,113
0048,2026-09-09,LKUS_payment,feature_P5eYl9a699fA,ip白名单,113
0048,2026-09-09,LKUS_payment,feature_yo8MLsBsGIsV,三方unionId白名单,113
0048,2026-09-09,LKUS_payment,feature_kqtp6XVcXXiQ,手机号白名单,113
0048,2026-09-09,LKUS_payment,feature_K0JuGvXPoQsS,网关uid白名单,113
0048,2026-09-09,LKUS_payment,feature_5caBWmAHDcCQ,邮箱白名单,113
0048,2026-09-09,LKUS_payment,feature_3CSh3LRVobu7,手机号黑名单,98
0048,2026-09-09,LKUS_payment,feature_jkeS0N10RDAn,网关uid黑名单,98
0048,2026-09-09,LKUS_payment,feature_7qCVo92BIECU,三方unionId黑名单,98
0048,2026-09-09,LKUS_payment,feature_9tl8mW2Gembc,邮箱黑名单,98
0048,2026-09-09,LKUS_payment,feature_g43LuQcahzCJ,用户编号黑名单,98
0048,2026-09-09,LKUS_payment,feature_XtxCPW1x9QTU,ip C段黑名单,98
0048,2026-09-09,LKUS_payment,feature_cOkhRQVI91IV,ip黑名单,98
0048,2026-09-09,LKUS_payment,feature_MHv7nra5Z6T5,reCAPTCHA V3 token是否有效,98
0048,2026-09-09,LKUS_physical_order_cancel,feature_oxYJ6qJ3BAfv,用户编号白名单,1
0048,2026-09-09,LKUS_physical_order_cancel,feature_vTICzBPfD3Ds,ip C段白名单,1
0048,2026-09-09,LKUS_physical_order_cancel,feature_P5eYl9a699fA,ip白名单,1
0048,2026-09-09,LKUS_physical_order_cancel,feature_yo8MLsBsGIsV,三方unionId白名单,1
0048,2026-09-09,LKUS_physical_order_cancel,feature_kqtp6XVcXXiQ,手机号白名单,1
0048,2026-09-09,LKUS_physical_order_cancel,feature_K0JuGvXPoQsS,网关uid白名单,1
0048,2026-09-09,LKUS_physical_order_cancel,feature_5caBWmAHDcCQ,邮箱白名单,1
0048,2026-09-09,LKUS_physical_order_cancel,feature_3CSh3LRVobu7,手机号黑名单,1
0048,2026-09-09,LKUS_physical_order_cancel,feature_jkeS0N10RDAn,网关uid黑名单,1
0048,2026-09-09,LKUS_physical_order_cancel,feature_7qCVo92BIECU,三方unionId黑名单,1
0048,2026-09-09,LKUS_physical_order_cancel,feature_9tl8mW2Gembc,邮箱黑名单,1
0048,2026-09-09,LKUS_physical_order_cancel,feature_g43LuQcahzCJ,用户编号黑名单,1
0048,2026-09-09,LKUS_physical_order_cancel,feature_XtxCPW1x9QTU,ip C段黑名单,1
0048,2026-09-09,LKUS_physical_order_cancel,feature_cOkhRQVI91IV,ip黑名单,1
0048,2026-09-10,LKUS_push,feature_Fik6gvwY1tA6,手机号近1天的访问次数,110
0048,2026-09-10,LKUS_push,feature_oxYJ6qJ3BAfv,用户编号白名单,110
0048,2026-09-10,LKUS_push,feature_vTICzBPfD3Ds,ip C段白名单,110
0048,2026-09-10,LKUS_push,feature_P5eYl9a699fA,ip白名单,110
0048,2026-09-10,LKUS_push,feature_yo8MLsBsGIsV,三方unionId白名单,110
0048,2026-09-10,LKUS_push,feature_kqtp6XVcXXiQ,手机号白名单,110
0048,2026-09-10,LKUS_push,feature_K0JuGvXPoQsS,网关uid白名单,110
0048,2026-09-10,LKUS_push,feature_5caBWmAHDcCQ,邮箱白名单,110
0048,2026-09-10,LKUS_push,feature_3CSh3LRVobu7,手机号黑名单,108
0048,2026-09-10,LKUS_push,feature_jkeS0N10RDAn,网关uid黑名单,108
0048,2026-09-10,LKUS_push,feature_7qCVo92BIECU,三方unionId黑名单,108
0048,2026-09-10,LKUS_push,feature_9tl8mW2Gembc,邮箱黑名单,108
0048,2026-09-10,LKUS_push,feature_g43LuQcahzCJ,用户编号黑名单,108
0048,2026-09-10,LKUS_push,feature_XtxCPW1x9QTU,ip C段黑名单,108
0048,2026-09-10,LKUS_push,feature_cOkhRQVI91IV,ip黑名单,108
0048,2026-09-10,LKUS_push,feature_Wg4dZ6VJBuTb,IP近1分钟关联的手机号个数,108
0048,2026-09-10,LKUS_push,feature_MHv7nra5Z6T5,reCAPTCHA V3 token是否有效,108
0048,2026-09-10,LKUS_push,feature_SdA1CjZvNCMG,区号近1分钟的访问次数,108
0048,2026-09-10,LKUS_push,feature_53Ck9TgChpTW,IP近5分钟关联的手机号个数,108
0048,2026-09-10,LKUS_push,feature_TGPe0mjAPwR5,IP近60分钟关联的国家区号个数,108
0048,2026-09-10,LKUS_push,feature_YkpmaKaJhcdG,区号近1天内的访问次数,108
0048,2026-09-10,LKUS_push,feature_7DbBgowc2mEl,IP近1分钟的访问次数,108
0048,2026-09-10,LKUS_push,feature_IPwzfPamC8eW,同手机号30分钟关联的IP city个数,108
0048,2026-09-10,LKUS_push,feature_n91JeGM6gD6i,同区号近60分钟非美国IP访问次数,108
0048,2026-09-10,LKUS_push,feature_Ym70ZsfxQKSc,一分钟请求量,108
0048,2026-09-10,LKUS_push,feature_6qwgYPGGuJZ4,IPC段近10分钟关联的手机号个数,108
0048,2026-09-10,LKUS_push,feature_JaT2oyzVtD0q,手机号近1分钟的访问次数,108
0048,2026-09-10,LKUS_push,feature_dqBHKec09Wwa,同区号近60分钟未携带recaptchaV3token 访问次数,108
0048,2026-09-10,LKUS_push,feature_KtSZtJ9w7f9r,IPC段近1分钟关联的手机号个数,108
0048,2026-09-10,LKUS_push,feature_UOJYBEifd5Jn,区号近60分钟的访问次数,108
0048,2026-09-10,LKUS_push,feature_pf88qk27w76j,区号近5分钟的访问次数,108
0048,2026-09-10,LKUS_push,feature_hspErCH8fSCE,手机号近30分钟的访问次数,108
0048,2026-09-10,LKUS_push,feature_nnsdzZLQKPZ7,IP近10分钟关联的手机号个数,108
0048,2026-09-10,LKUS_push,feature_r1bhlQnbfRHb,IP近60分钟关联的手机号个数,108
0048,2026-09-10,LKUS_push,feature_lydpDiga6SB9,手机号近5分钟的访问次数,108
0048,2026-09-10,LKUS_push,feature_WxHUxqIN0IuS,同IP近5分钟的访问次数,108
0048,2026-09-10,LKUS_physical_order_create,feature_vTICzBPfD3Ds,ip C段白名单,127
0048,2026-09-10,LKUS_physical_order_create,feature_P5eYl9a699fA,ip白名单,127
0048,2026-09-10,LKUS_physical_order_create,feature_oxYJ6qJ3BAfv,用户编号白名单,127
0048,2026-09-10,LKUS_physical_order_create,feature_yo8MLsBsGIsV,三方unionId白名单,127
0048,2026-09-10,LKUS_physical_order_create,feature_kqtp6XVcXXiQ,手机号白名单,127
0048,2026-09-10,LKUS_physical_order_create,feature_5caBWmAHDcCQ,邮箱白名单,127
0048,2026-09-10,LKUS_physical_order_create,feature_K0JuGvXPoQsS,网关uid白名单,127
0048,2026-09-10,LKUS_payment,feature_oxYJ6qJ3BAfv,用户编号白名单,127
0048,2026-09-10,LKUS_payment,feature_vTICzBPfD3Ds,ip C段白名单,127
0048,2026-09-10,LKUS_payment,feature_P5eYl9a699fA,ip白名单,127
0048,2026-09-10,LKUS_payment,feature_yo8MLsBsGIsV,三方unionId白名单,127
0048,2026-09-10,LKUS_payment,feature_kqtp6XVcXXiQ,手机号白名单,127
0048,2026-09-10,LKUS_payment,feature_K0JuGvXPoQsS,网关uid白名单,127
0048,2026-09-10,LKUS_payment,feature_5caBWmAHDcCQ,邮箱白名单,127
0048,2026-09-10,LKUS_physical_order_create,feature_3CSh3LRVobu7,手机号黑名单,100
0048,2026-09-10,LKUS_physical_order_create,feature_jkeS0N10RDAn,网关uid黑名单,100
0048,2026-09-10,LKUS_physical_order_create,feature_7qCVo92BIECU,三方unionId黑名单,100
0048,2026-09-10,LKUS_physical_order_create,feature_9tl8mW2Gembc,邮箱黑名单,100
0048,2026-09-10,LKUS_physical_order_create,feature_XtxCPW1x9QTU,ip C段黑名单,100
0048,2026-09-10,LKUS_physical_order_create,feature_cOkhRQVI91IV,ip黑名单,100
0048,2026-09-10,LKUS_physical_order_create,feature_g43LuQcahzCJ,用户编号黑名单,100
0048,2026-09-10,LKUS_physical_order_create,feature_MHv7nra5Z6T5,reCAPTCHA V3 token是否有效,100
0048,2026-09-10,LKUS_payment,feature_3CSh3LRVobu7,手机号黑名单,100
0048,2026-09-10,LKUS_payment,feature_jkeS0N10RDAn,网关uid黑名单,100
0048,2026-09-10,LKUS_payment,feature_7qCVo92BIECU,三方unionId黑名单,100
0048,2026-09-10,LKUS_payment,feature_9tl8mW2Gembc,邮箱黑名单,100
0048,2026-09-10,LKUS_payment,feature_XtxCPW1x9QTU,ip C段黑名单,100
0048,2026-09-10,LKUS_payment,feature_cOkhRQVI91IV,ip黑名单,100
0048,2026-09-10,LKUS_payment,feature_g43LuQcahzCJ,用户编号黑名单,100
0048,2026-09-10,LKUS_payment,feature_MHv7nra5Z6T5,reCAPTCHA V3 token是否有效,100
0048,2026-09-10,LKUS_register,feature_oxYJ6qJ3BAfv,用户编号白名单,16
0048,2026-09-10,LKUS_register,feature_vTICzBPfD3Ds,ip C段白名单,16
0048,2026-09-10,LKUS_register,feature_P5eYl9a699fA,ip白名单,16
0048,2026-09-10,LKUS_register,feature_yo8MLsBsGIsV,三方unionId白名单,16
0048,2026-09-10,LKUS_register,feature_kqtp6XVcXXiQ,手机号白名单,16
0048,2026-09-10,LKUS_register,feature_K0JuGvXPoQsS,网关uid白名单,16
0048,2026-09-10,LKUS_register,feature_5caBWmAHDcCQ,邮箱白名单,16
0048,2026-09-10,LKUS_register,feature_3CSh3LRVobu7,手机号黑名单,15
0048,2026-09-10,LKUS_register,feature_jkeS0N10RDAn,网关uid黑名单,15
0048,2026-09-10,LKUS_register,feature_7qCVo92BIECU,三方unionId黑名单,15
0048,2026-09-10,LKUS_register,feature_9tl8mW2Gembc,邮箱黑名单,15
0048,2026-09-10,LKUS_register,feature_g43LuQcahzCJ,用户编号黑名单,15
0048,2026-09-10,LKUS_register,feature_XtxCPW1x9QTU,ip C段黑名单,15
0048,2026-09-10,LKUS_register,feature_cOkhRQVI91IV,ip黑名单,15
0048,2026-09-10,LKUS_login,feature_vTICzBPfD3Ds,ip C段白名单,22
0048,2026-09-10,LKUS_login,feature_P5eYl9a699fA,ip白名单,22
0048,2026-09-10,LKUS_login,feature_oxYJ6qJ3BAfv,用户编号白名单,22
0048,2026-09-10,LKUS_login,feature_yo8MLsBsGIsV,三方unionId白名单,22
0048,2026-09-10,LKUS_login,feature_kqtp6XVcXXiQ,手机号白名单,22
0048,2026-09-10,LKUS_login,feature_5caBWmAHDcCQ,邮箱白名单,22
0048,2026-09-10,LKUS_login,feature_K0JuGvXPoQsS,网关uid白名单,22
0048,2026-09-10,LKUS_login,feature_3CSh3LRVobu7,手机号黑名单,22
0048,2026-09-10,LKUS_login,feature_jkeS0N10RDAn,网关uid黑名单,22
0048,2026-09-10,LKUS_login,feature_7qCVo92BIECU,三方unionId黑名单,22
0048,2026-09-10,LKUS_login,feature_9tl8mW2Gembc,邮箱黑名单,22
0048,2026-09-10,LKUS_login,feature_XtxCPW1x9QTU,ip C段黑名单,22
0048,2026-09-10,LKUS_login,feature_cOkhRQVI91IV,ip黑名单,22
0048,2026-09-10,LKUS_login,feature_g43LuQcahzCJ,用户编号黑名单,22
0048,2026-09-10,LKUS_login,feature_MHv7nra5Z6T5,reCAPTCHA V3 token是否有效,22
0048,2026-09-10,LKUS_grant_new_user_coupon,feature_vTICzBPfD3Ds,ip C段白名单,13
0048,2026-09-10,LKUS_grant_new_user_coupon,feature_P5eYl9a699fA,ip白名单,13
0048,2026-09-10,LKUS_grant_new_user_coupon,feature_oxYJ6qJ3BAfv,用户编号白名单,13
0048,2026-09-10,LKUS_grant_new_user_coupon,feature_yo8MLsBsGIsV,三方unionId白名单,13
0048,2026-09-10,LKUS_grant_new_user_coupon,feature_kqtp6XVcXXiQ,手机号白名单,13
0048,2026-09-10,LKUS_grant_new_user_coupon,feature_5caBWmAHDcCQ,邮箱白名单,13
0048,2026-09-10,LKUS_grant_new_user_coupon,feature_K0JuGvXPoQsS,网关uid白名单,13
0048,2026-09-10,LKUS_grant_new_user_coupon,feature_3CSh3LRVobu7,手机号黑名单,13
0048,2026-09-10,LKUS_grant_new_user_coupon,feature_jkeS0N10RDAn,网关uid黑名单,13
0048,2026-09-10,LKUS_grant_new_user_coupon,feature_7qCVo92BIECU,三方unionId黑名单,13
0048,2026-09-10,LKUS_grant_new_user_coupon,feature_9tl8mW2Gembc,邮箱黑名单,13
0048,2026-09-10,LKUS_grant_new_user_coupon,feature_XtxCPW1x9QTU,ip C段黑名单,13
0048,2026-09-10,LKUS_grant_new_user_coupon,feature_cOkhRQVI91IV,ip黑名单,13
0048,2026-09-10,LKUS_grant_new_user_coupon,feature_g43LuQcahzCJ,用户编号黑名单,13
0048,2026-09-10,LKUS_physical_order_cancel,feature_vTICzBPfD3Ds,ip C段白名单,3
0048,2026-09-10,LKUS_physical_order_cancel,feature_P5eYl9a699fA,ip白名单,3
0048,2026-09-10,LKUS_physical_order_cancel,feature_oxYJ6qJ3BAfv,用户编号白名单,3
0048,2026-09-10,LKUS_physical_order_cancel,feature_yo8MLsBsGIsV,三方unionId白名单,3
0048,2026-09-10,LKUS_physical_order_cancel,feature_kqtp6XVcXXiQ,手机号白名单,3
0048,2026-09-10,LKUS_physical_order_cancel,feature_5caBWmAHDcCQ,邮箱白名单,3
0048,2026-09-10,LKUS_physical_order_cancel,feature_K0JuGvXPoQsS,网关uid白名单,3
0048,2026-09-10,LKUS_physical_order_cancel,feature_3CSh3LRVobu7,手机号黑名单,3
0048,2026-09-10,LKUS_physical_order_cancel,feature_jkeS0N10RDAn,网关uid黑名单,3
0048,2026-09-10,LKUS_physical_order_cancel,feature_7qCVo92BIECU,三方unionId黑名单,3
0048,2026-09-10,LKUS_physical_order_cancel,feature_9tl8mW2Gembc,邮箱黑名单,3
0048,2026-09-10,LKUS_physical_order_cancel,feature_XtxCPW1x9QTU,ip C段黑名单,3
0048,2026-09-10,LKUS_physical_order_cancel,feature_cOkhRQVI91IV,ip黑名单,3
0048,2026-09-10,LKUS_physical_order_cancel,feature_g43LuQcahzCJ,用户编号黑名单,3
0048,2026-09-11,LKUS_push,feature_Fik6gvwY1tA6,手机号近1天的访问次数,77
0048,2026-09-11,LKUS_push,feature_oxYJ6qJ3BAfv,用户编号白名单,77
0048,2026-09-11,LKUS_push,feature_vTICzBPfD3Ds,ip C段白名单,77
0048,2026-09-11,LKUS_push,feature_P5eYl9a699fA,ip白名单,77
0048,2026-09-11,LKUS_push,feature_yo8MLsBsGIsV,三方unionId白名单,77
0048,2026-09-11,LKUS_push,feature_kqtp6XVcXXiQ,手机号白名单,77
0048,2026-09-11,LKUS_push,feature_K0JuGvXPoQsS,网关uid白名单,77
0048,2026-09-11,LKUS_push,feature_5caBWmAHDcCQ,邮箱白名单,77
0048,2026-09-11,LKUS_push,feature_3CSh3LRVobu7,手机号黑名单,77
0048,2026-09-11,LKUS_push,feature_jkeS0N10RDAn,网关uid黑名单,77
0048,2026-09-11,LKUS_push,feature_7qCVo92BIECU,三方unionId黑名单,77
0048,2026-09-11,LKUS_push,feature_9tl8mW2Gembc,邮箱黑名单,77
0048,2026-09-11,LKUS_push,feature_g43LuQcahzCJ,用户编号黑名单,77
0048,2026-09-11,LKUS_push,feature_XtxCPW1x9QTU,ip C段黑名单,77
0048,2026-09-11,LKUS_push,feature_cOkhRQVI91IV,ip黑名单,77
0048,2026-09-11,LKUS_push,feature_Wg4dZ6VJBuTb,IP近1分钟关联的手机号个数,77
0048,2026-09-11,LKUS_push,feature_MHv7nra5Z6T5,reCAPTCHA V3 token是否有效,77
0048,2026-09-11,LKUS_push,feature_SdA1CjZvNCMG,区号近1分钟的访问次数,77
0048,2026-09-11,LKUS_push,feature_53Ck9TgChpTW,IP近5分钟关联的手机号个数,77
0048,2026-09-11,LKUS_push,feature_TGPe0mjAPwR5,IP近60分钟关联的国家区号个数,77
0048,2026-09-11,LKUS_push,feature_YkpmaKaJhcdG,区号近1天内的访问次数,77
0048,2026-09-11,LKUS_push,feature_7DbBgowc2mEl,IP近1分钟的访问次数,77
0048,2026-09-11,LKUS_push,feature_IPwzfPamC8eW,同手机号30分钟关联的IP city个数,77
0048,2026-09-11,LKUS_push,feature_n91JeGM6gD6i,同区号近60分钟非美国IP访问次数,77
0048,2026-09-11,LKUS_push,feature_Ym70ZsfxQKSc,一分钟请求量,77
0048,2026-09-11,LKUS_push,feature_6qwgYPGGuJZ4,IPC段近10分钟关联的手机号个数,77
0048,2026-09-11,LKUS_push,feature_JaT2oyzVtD0q,手机号近1分钟的访问次数,77
0048,2026-09-11,LKUS_push,feature_dqBHKec09Wwa,同区号近60分钟未携带recaptchaV3token 访问次数,77
0048,2026-09-11,LKUS_push,feature_KtSZtJ9w7f9r,IPC段近1分钟关联的手机号个数,77
0048,2026-09-11,LKUS_push,feature_UOJYBEifd5Jn,区号近60分钟的访问次数,77
0048,2026-09-11,LKUS_push,feature_pf88qk27w76j,区号近5分钟的访问次数,77
0048,2026-09-11,LKUS_push,feature_hspErCH8fSCE,手机号近30分钟的访问次数,77
0048,2026-09-11,LKUS_push,feature_nnsdzZLQKPZ7,IP近10分钟关联的手机号个数,77
0048,2026-09-11,LKUS_push,feature_r1bhlQnbfRHb,IP近60分钟关联的手机号个数,77
0048,2026-09-11,LKUS_push,feature_lydpDiga6SB9,手机号近5分钟的访问次数,77
0048,2026-09-11,LKUS_push,feature_WxHUxqIN0IuS,同IP近5分钟的访问次数,77
0048,2026-09-11,LKUS_physical_order_create,feature_vTICzBPfD3Ds,ip C段白名单,88
0048,2026-09-11,LKUS_physical_order_create,feature_P5eYl9a699fA,ip白名单,88
0048,2026-09-11,LKUS_physical_order_create,feature_oxYJ6qJ3BAfv,用户编号白名单,88
0048,2026-09-11,LKUS_physical_order_create,feature_yo8MLsBsGIsV,三方unionId白名单,88
0048,2026-09-11,LKUS_physical_order_create,feature_kqtp6XVcXXiQ,手机号白名单,88
0048,2026-09-11,LKUS_physical_order_create,feature_5caBWmAHDcCQ,邮箱白名单,88
0048,2026-09-11,LKUS_physical_order_create,feature_K0JuGvXPoQsS,网关uid白名单,88
0048,2026-09-11,LKUS_physical_order_create,feature_3CSh3LRVobu7,手机号黑名单,71
0048,2026-09-11,LKUS_physical_order_create,feature_jkeS0N10RDAn,网关uid黑名单,71
0048,2026-09-11,LKUS_physical_order_create,feature_7qCVo92BIECU,三方unionId黑名单,71
0048,2026-09-11,LKUS_physical_order_create,feature_9tl8mW2Gembc,邮箱黑名单,71
0048,2026-09-11,LKUS_physical_order_create,feature_XtxCPW1x9QTU,ip C段黑名单,71
0048,2026-09-11,LKUS_physical_order_create,feature_cOkhRQVI91IV,ip黑名单,71
0048,2026-09-11,LKUS_physical_order_create,feature_g43LuQcahzCJ,用户编号黑名单,71
0048,2026-09-11,LKUS_physical_order_create,feature_MHv7nra5Z6T5,reCAPTCHA V3 token是否有效,71
0048,2026-09-11,LKUS_payment,feature_vTICzBPfD3Ds,ip C段白名单,92
0048,2026-09-11,LKUS_payment,feature_P5eYl9a699fA,ip白名单,92
0048,2026-09-11,LKUS_payment,feature_oxYJ6qJ3BAfv,用户编号白名单,92
0048,2026-09-11,LKUS_payment,feature_yo8MLsBsGIsV,三方unionId白名单,92
0048,2026-09-11,LKUS_payment,feature_kqtp6XVcXXiQ,手机号白名单,92
0048,2026-09-11,LKUS_payment,feature_5caBWmAHDcCQ,邮箱白名单,92
0048,2026-09-11,LKUS_payment,feature_K0JuGvXPoQsS,网关uid白名单,92
0048,2026-09-11,LKUS_payment,feature_3CSh3LRVobu7,手机号黑名单,73
0048,2026-09-11,LKUS_payment,feature_jkeS0N10RDAn,网关uid黑名单,73
0048,2026-09-11,LKUS_payment,feature_7qCVo92BIECU,三方unionId黑名单,73
0048,2026-09-11,LKUS_payment,feature_9tl8mW2Gembc,邮箱黑名单,73
0048,2026-09-11,LKUS_payment,feature_XtxCPW1x9QTU,ip C段黑名单,73
0048,2026-09-11,LKUS_payment,feature_cOkhRQVI91IV,ip黑名单,73
0048,2026-09-11,LKUS_payment,feature_g43LuQcahzCJ,用户编号黑名单,73
0048,2026-09-11,LKUS_payment,feature_MHv7nra5Z6T5,reCAPTCHA V3 token是否有效,73
0048,2026-09-11,LKUS_register,feature_vTICzBPfD3Ds,ip C段白名单,9
0048,2026-09-11,LKUS_register,feature_P5eYl9a699fA,ip白名单,9
0048,2026-09-11,LKUS_register,feature_oxYJ6qJ3BAfv,用户编号白名单,9
0048,2026-09-11,LKUS_register,feature_yo8MLsBsGIsV,三方unionId白名单,9
0048,2026-09-11,LKUS_register,feature_kqtp6XVcXXiQ,手机号白名单,9
0048,2026-09-11,LKUS_register,feature_5caBWmAHDcCQ,邮箱白名单,9
0048,2026-09-11,LKUS_register,feature_K0JuGvXPoQsS,网关uid白名单,9
0048,2026-09-11,LKUS_register,feature_3CSh3LRVobu7,手机号黑名单,9
0048,2026-09-11,LKUS_register,feature_jkeS0N10RDAn,网关uid黑名单,9
0048,2026-09-11,LKUS_register,feature_7qCVo92BIECU,三方unionId黑名单,9
0048,2026-09-11,LKUS_register,feature_9tl8mW2Gembc,邮箱黑名单,9
0048,2026-09-11,LKUS_register,feature_XtxCPW1x9QTU,ip C段黑名单,9
0048,2026-09-11,LKUS_register,feature_cOkhRQVI91IV,ip黑名单,9
0048,2026-09-11,LKUS_register,feature_g43LuQcahzCJ,用户编号黑名单,9
0048,2026-09-11,LKUS_login,feature_vTICzBPfD3Ds,ip C段白名单,16
0048,2026-09-11,LKUS_login,feature_P5eYl9a699fA,ip白名单,16
0048,2026-09-11,LKUS_login,feature_oxYJ6qJ3BAfv,用户编号白名单,16
0048,2026-09-11,LKUS_login,feature_yo8MLsBsGIsV,三方unionId白名单,16
0048,2026-09-11,LKUS_login,feature_kqtp6XVcXXiQ,手机号白名单,16
0048,2026-09-11,LKUS_login,feature_5caBWmAHDcCQ,邮箱白名单,16
0048,2026-09-11,LKUS_login,feature_K0JuGvXPoQsS,网关uid白名单,16
0048,2026-09-11,LKUS_login,feature_3CSh3LRVobu7,手机号黑名单,15
0048,2026-09-11,LKUS_login,feature_jkeS0N10RDAn,网关uid黑名单,15
0048,2026-09-11,LKUS_login,feature_7qCVo92BIECU,三方unionId黑名单,15
0048,2026-09-11,LKUS_login,feature_9tl8mW2Gembc,邮箱黑名单,15
0048,2026-09-11,LKUS_login,feature_XtxCPW1x9QTU,ip C段黑名单,15
0048,2026-09-11,LKUS_login,feature_cOkhRQVI91IV,ip黑名单,15
0048,2026-09-11,LKUS_login,feature_g43LuQcahzCJ,用户编号黑名单,15
0048,2026-09-11,LKUS_login,feature_MHv7nra5Z6T5,reCAPTCHA V3 token是否有效,15
0048,2026-09-11,LKUS_grant_new_user_coupon,feature_vTICzBPfD3Ds,ip C段白名单,10
0048,2026-09-11,LKUS_grant_new_user_coupon,feature_P5eYl9a699fA,ip白名单,10
0048,2026-09-11,LKUS_grant_new_user_coupon,feature_oxYJ6qJ3BAfv,用户编号白名单,10
0048,2026-09-11,LKUS_grant_new_user_coupon,feature_yo8MLsBsGIsV,三方unionId白名单,10
0048,2026-09-11,LKUS_grant_new_user_coupon,feature_kqtp6XVcXXiQ,手机号白名单,10
0048,2026-09-11,LKUS_grant_new_user_coupon,feature_5caBWmAHDcCQ,邮箱白名单,10
0048,2026-09-11,LKUS_grant_new_user_coupon,feature_K0JuGvXPoQsS,网关uid白名单,10
0048,2026-09-11,LKUS_grant_new_user_coupon,feature_3CSh3LRVobu7,手机号黑名单,10
0048,2026-09-11,LKUS_grant_new_user_coupon,feature_jkeS0N10RDAn,网关uid黑名单,10
0048,2026-09-11,LKUS_grant_new_user_coupon,feature_7qCVo92BIECU,三方unionId黑名单,10
0048,2026-09-11,LKUS_grant_new_user_coupon,feature_9tl8mW2Gembc,邮箱黑名单,10
0048,2026-09-11,LKUS_grant_new_user_coupon,feature_XtxCPW1x9QTU,ip C段黑名单,10
0048,2026-09-11,LKUS_grant_new_user_coupon,feature_cOkhRQVI91IV,ip黑名单,10
0048,2026-09-11,LKUS_grant_new_user_coupon,feature_g43LuQcahzCJ,用户编号黑名单,10
0048,2026-09-12,LKUS_push,feature_Fik6gvwY1tA6,手机号近1天的访问次数,110
0048,2026-09-12,LKUS_push,feature_vTICzBPfD3Ds,ip C段白名单,110
0048,2026-09-12,LKUS_push,feature_P5eYl9a699fA,ip白名单,110
0048,2026-09-12,LKUS_push,feature_oxYJ6qJ3BAfv,用户编号白名单,110
0048,2026-09-12,LKUS_push,feature_yo8MLsBsGIsV,三方unionId白名单,110
0048,2026-09-12,LKUS_push,feature_kqtp6XVcXXiQ,手机号白名单,110
0048,2026-09-12,LKUS_push,feature_5caBWmAHDcCQ,邮箱白名单,110
0048,2026-09-12,LKUS_push,feature_K0JuGvXPoQsS,网关uid白名单,110
0048,2026-09-12,LKUS_push,feature_3CSh3LRVobu7,手机号黑名单,110
0048,2026-09-12,LKUS_push,feature_jkeS0N10RDAn,网关uid黑名单,110
0048,2026-09-12,LKUS_push,feature_7qCVo92BIECU,三方unionId黑名单,110
0048,2026-09-12,LKUS_push,feature_9tl8mW2Gembc,邮箱黑名单,110
0048,2026-09-12,LKUS_push,feature_XtxCPW1x9QTU,ip C段黑名单,110
0048,2026-09-12,LKUS_push,feature_cOkhRQVI91IV,ip黑名单,110
0048,2026-09-12,LKUS_push,feature_g43LuQcahzCJ,用户编号黑名单,110
0048,2026-09-12,LKUS_push,feature_hspErCH8fSCE,手机号近30分钟的访问次数,110
0048,2026-09-12,LKUS_push,feature_pf88qk27w76j,区号近5分钟的访问次数,110
0048,2026-09-12,LKUS_push,feature_r1bhlQnbfRHb,IP近60分钟关联的手机号个数,110
0048,2026-09-12,LKUS_push,feature_nnsdzZLQKPZ7,IP近10分钟关联的手机号个数,110
0048,2026-09-12,LKUS_push,feature_MHv7nra5Z6T5,reCAPTCHA V3 token是否有效,110
0048,2026-09-12,LKUS_push,feature_JaT2oyzVtD0q,手机号近1分钟的访问次数,110
0048,2026-09-12,LKUS_push,feature_Ym70ZsfxQKSc,一分钟请求量,110
0048,2026-09-12,LKUS_push,feature_YkpmaKaJhcdG,区号近1天内的访问次数,110
0048,2026-09-12,LKUS_push,feature_Wg4dZ6VJBuTb,IP近1分钟关联的手机号个数,110
0048,2026-09-12,LKUS_push,feature_IPwzfPamC8eW,同手机号30分钟关联的IP city个数,110
0048,2026-09-12,LKUS_push,feature_7DbBgowc2mEl,IP近1分钟的访问次数,110
0048,2026-09-12,LKUS_push,feature_6qwgYPGGuJZ4,IPC段近10分钟关联的手机号个数,110
0048,2026-09-12,LKUS_push,feature_53Ck9TgChpTW,IP近5分钟关联的手机号个数,110
0048,2026-09-12,LKUS_push,feature_SdA1CjZvNCMG,区号近1分钟的访问次数,110
0048,2026-09-12,LKUS_push,feature_dqBHKec09Wwa,同区号近60分钟未携带recaptchaV3token 访问次数,110
0048,2026-09-12,LKUS_push,feature_KtSZtJ9w7f9r,IPC段近1分钟关联的手机号个数,110
0048,2026-09-12,LKUS_push,feature_UOJYBEifd5Jn,区号近60分钟的访问次数,110
0048,2026-09-12,LKUS_push,feature_WxHUxqIN0IuS,同IP近5分钟的访问次数,110
0048,2026-09-12,LKUS_push,feature_lydpDiga6SB9,手机号近5分钟的访问次数,110
0048,2026-09-12,LKUS_push,feature_n91JeGM6gD6i,同区号近60分钟非美国IP访问次数,110
0048,2026-09-12,LKUS_push,feature_TGPe0mjAPwR5,IP近60分钟关联的国家区号个数,110
0048,2026-09-12,LKUS_physical_order_create,feature_vTICzBPfD3Ds,ip C段白名单,73
0048,2026-09-12,LKUS_physical_order_create,feature_P5eYl9a699fA,ip白名单,73
0048,2026-09-12,LKUS_physical_order_create,feature_oxYJ6qJ3BAfv,用户编号白名单,73
0048,2026-09-12,LKUS_physical_order_create,feature_yo8MLsBsGIsV,三方unionId白名单,73
0048,2026-09-12,LKUS_physical_order_create,feature_kqtp6XVcXXiQ,手机号白名单,73
0048,2026-09-12,LKUS_physical_order_create,feature_5caBWmAHDcCQ,邮箱白名单,73
0048,2026-09-12,LKUS_physical_order_create,feature_K0JuGvXPoQsS,网关uid白名单,73
0048,2026-09-12,LKUS_physical_order_create,feature_3CSh3LRVobu7,手机号黑名单,52
0048,2026-09-12,LKUS_physical_order_create,feature_jkeS0N10RDAn,网关uid黑名单,52
0048,2026-09-12,LKUS_physical_order_create,feature_7qCVo92BIECU,三方unionId黑名单,52
0048,2026-09-12,LKUS_physical_order_create,feature_9tl8mW2Gembc,邮箱黑名单,52
0048,2026-09-12,LKUS_physical_order_create,feature_XtxCPW1x9QTU,ip C段黑名单,52
0048,2026-09-12,LKUS_physical_order_create,feature_cOkhRQVI91IV,ip黑名单,52
0048,2026-09-12,LKUS_physical_order_create,feature_g43LuQcahzCJ,用户编号黑名单,52
0048,2026-09-12,LKUS_physical_order_create,feature_MHv7nra5Z6T5,reCAPTCHA V3 token是否有效,52
0048,2026-09-12,LKUS_payment,feature_vTICzBPfD3Ds,ip C段白名单,74
0048,2026-09-12,LKUS_payment,feature_P5eYl9a699fA,ip白名单,74
0048,2026-09-12,LKUS_payment,feature_oxYJ6qJ3BAfv,用户编号白名单,74
0048,2026-09-12,LKUS_payment,feature_yo8MLsBsGIsV,三方unionId白名单,74
0048,2026-09-12,LKUS_payment,feature_kqtp6XVcXXiQ,手机号白名单,74
0048,2026-09-12,LKUS_payment,feature_5caBWmAHDcCQ,邮箱白名单,74
0048,2026-09-12,LKUS_payment,feature_K0JuGvXPoQsS,网关uid白名单,74
0048,2026-09-12,LKUS_payment,feature_3CSh3LRVobu7,手机号黑名单,52
0048,2026-09-12,LKUS_payment,feature_jkeS0N10RDAn,网关uid黑名单,52
0048,2026-09-12,LKUS_payment,feature_7qCVo92BIECU,三方unionId黑名单,52
0048,2026-09-12,LKUS_payment,feature_9tl8mW2Gembc,邮箱黑名单,52
0048,2026-09-12,LKUS_payment,feature_XtxCPW1x9QTU,ip C段黑名单,52
0048,2026-09-12,LKUS_payment,feature_cOkhRQVI91IV,ip黑名单,52
0048,2026-09-12,LKUS_payment,feature_g43LuQcahzCJ,用户编号黑名单,52
0048,2026-09-12,LKUS_payment,feature_MHv7nra5Z6T5,reCAPTCHA V3 token是否有效,52
0048,2026-09-12,LKUS_register,feature_oxYJ6qJ3BAfv,用户编号白名单,16
0048,2026-09-12,LKUS_register,feature_vTICzBPfD3Ds,ip C段白名单,16
0048,2026-09-12,LKUS_register,feature_P5eYl9a699fA,ip白名单,16
0048,2026-09-12,LKUS_register,feature_yo8MLsBsGIsV,三方unionId白名单,16
0048,2026-09-12,LKUS_register,feature_kqtp6XVcXXiQ,手机号白名单,16
0048,2026-09-12,LKUS_register,feature_K0JuGvXPoQsS,网关uid白名单,16
0048,2026-09-12,LKUS_register,feature_5caBWmAHDcCQ,邮箱白名单,16
0048,2026-09-12,LKUS_register,feature_3CSh3LRVobu7,手机号黑名单,16
0048,2026-09-12,LKUS_register,feature_jkeS0N10RDAn,网关uid黑名单,16
0048,2026-09-12,LKUS_register,feature_7qCVo92BIECU,三方unionId黑名单,16
0048,2026-09-12,LKUS_register,feature_9tl8mW2Gembc,邮箱黑名单,16
0048,2026-09-12,LKUS_register,feature_g43LuQcahzCJ,用户编号黑名单,16
0048,2026-09-12,LKUS_register,feature_XtxCPW1x9QTU,ip C段黑名单,16
0048,2026-09-12,LKUS_register,feature_cOkhRQVI91IV,ip黑名单,16
0048,2026-09-12,LKUS_login,feature_vTICzBPfD3Ds,ip C段白名单,16
0048,2026-09-12,LKUS_login,feature_P5eYl9a699fA,ip白名单,16
0048,2026-09-12,LKUS_login,feature_oxYJ6qJ3BAfv,用户编号白名单,16
0048,2026-09-12,LKUS_login,feature_yo8MLsBsGIsV,三方unionId白名单,16
0048,2026-09-12,LKUS_login,feature_kqtp6XVcXXiQ,手机号白名单,16
0048,2026-09-12,LKUS_login,feature_5caBWmAHDcCQ,邮箱白名单,16
0048,2026-09-12,LKUS_login,feature_K0JuGvXPoQsS,网关uid白名单,16
0048,2026-09-12,LKUS_login,feature_3CSh3LRVobu7,手机号黑名单,14
0048,2026-09-12,LKUS_login,feature_jkeS0N10RDAn,网关uid黑名单,14
0048,2026-09-12,LKUS_login,feature_7qCVo92BIECU,三方unionId黑名单,14
0048,2026-09-12,LKUS_login,feature_9tl8mW2Gembc,邮箱黑名单,14
0048,2026-09-12,LKUS_login,feature_XtxCPW1x9QTU,ip C段黑名单,14
0048,2026-09-12,LKUS_login,feature_cOkhRQVI91IV,ip黑名单,14
0048,2026-09-12,LKUS_login,feature_g43LuQcahzCJ,用户编号黑名单,14
0048,2026-09-12,LKUS_login,feature_MHv7nra5Z6T5,reCAPTCHA V3 token是否有效,14
0048,2026-09-12,LKUS_grant_new_user_coupon,feature_vTICzBPfD3Ds,ip C段白名单,9
0048,2026-09-12,LKUS_grant_new_user_coupon,feature_P5eYl9a699fA,ip白名单,9
0048,2026-09-12,LKUS_grant_new_user_coupon,feature_oxYJ6qJ3BAfv,用户编号白名单,9
0048,2026-09-12,LKUS_grant_new_user_coupon,feature_yo8MLsBsGIsV,三方unionId白名单,9
0048,2026-09-12,LKUS_grant_new_user_coupon,feature_kqtp6XVcXXiQ,手机号白名单,9
0048,2026-09-12,LKUS_grant_new_user_coupon,feature_5caBWmAHDcCQ,邮箱白名单,9
0048,2026-09-12,LKUS_grant_new_user_coupon,feature_K0JuGvXPoQsS,网关uid白名单,9
0048,2026-09-12,LKUS_grant_new_user_coupon,feature_3CSh3LRVobu7,手机号黑名单,9
0048,2026-09-12,LKUS_grant_new_user_coupon,feature_jkeS0N10RDAn,网关uid黑名单,9
0048,2026-09-12,LKUS_grant_new_user_coupon,feature_7qCVo92BIECU,三方unionId黑名单,9
0048,2026-09-12,LKUS_grant_new_user_coupon,feature_9tl8mW2Gembc,邮箱黑名单,9
0048,2026-09-12,LKUS_grant_new_user_coupon,feature_XtxCPW1x9QTU,ip C段黑名单,9
0048,2026-09-12,LKUS_grant_new_user_coupon,feature_cOkhRQVI91IV,ip黑名单,9
0048,2026-09-12,LKUS_grant_new_user_coupon,feature_g43LuQcahzCJ,用户编号黑名单,9
0048,2026-09-12,LKUS_physical_order_cancel,feature_oxYJ6qJ3BAfv,用户编号白名单,1
0048,2026-09-12,LKUS_physical_order_cancel,feature_vTICzBPfD3Ds,ip C段白名单,1
0048,2026-09-12,LKUS_physical_order_cancel,feature_P5eYl9a699fA,ip白名单,1
0048,2026-09-12,LKUS_physical_order_cancel,feature_yo8MLsBsGIsV,三方unionId白名单,1
0048,2026-09-12,LKUS_physical_order_cancel,feature_kqtp6XVcXXiQ,手机号白名单,1
0048,2026-09-12,LKUS_physical_order_cancel,feature_K0JuGvXPoQsS,网关uid白名单,1
0048,2026-09-12,LKUS_physical_order_cancel,feature_5caBWmAHDcCQ,邮箱白名单,1
0048,2026-09-12,LKUS_physical_order_cancel,feature_3CSh3LRVobu7,手机号黑名单,1
0048,2026-09-12,LKUS_physical_order_cancel,feature_jkeS0N10RDAn,网关uid黑名单,1
0048,2026-09-12,LKUS_physical_order_cancel,feature_7qCVo92BIECU,三方unionId黑名单,1
0048,2026-09-12,LKUS_physical_order_cancel,feature_9tl8mW2Gembc,邮箱黑名单,1
0048,2026-09-12,LKUS_physical_order_cancel,feature_g43LuQcahzCJ,用户编号黑名单,1
0048,2026-09-12,LKUS_physical_order_cancel,feature_XtxCPW1x9QTU,ip C段黑名单,1
0048,2026-09-12,LKUS_physical_order_cancel,feature_cOkhRQVI91IV,ip黑名单,1
0048,2026-09-13,LKUS_push,feature_Fik6gvwY1tA6,手机号近1天的访问次数,84
0048,2026-09-13,LKUS_push,feature_oxYJ6qJ3BAfv,用户编号白名单,84
0048,2026-09-13,LKUS_push,feature_vTICzBPfD3Ds,ip C段白名单,84
0048,2026-09-13,LKUS_push,feature_P5eYl9a699fA,ip白名单,84
0048,2026-09-13,LKUS_push,feature_yo8MLsBsGIsV,三方unionId白名单,84
0048,2026-09-13,LKUS_push,feature_kqtp6XVcXXiQ,手机号白名单,84
0048,2026-09-13,LKUS_push,feature_K0JuGvXPoQsS,网关uid白名单,84
0048,2026-09-13,LKUS_push,feature_5caBWmAHDcCQ,邮箱白名单,84
0048,2026-09-13,LKUS_push,feature_3CSh3LRVobu7,手机号黑名单,82
0048,2026-09-13,LKUS_push,feature_jkeS0N10RDAn,网关uid黑名单,82
0048,2026-09-13,LKUS_push,feature_7qCVo92BIECU,三方unionId黑名单,82
0048,2026-09-13,LKUS_push,feature_9tl8mW2Gembc,邮箱黑名单,82
0048,2026-09-13,LKUS_push,feature_g43LuQcahzCJ,用户编号黑名单,82
0048,2026-09-13,LKUS_push,feature_XtxCPW1x9QTU,ip C段黑名单,82
0048,2026-09-13,LKUS_push,feature_cOkhRQVI91IV,ip黑名单,82
0048,2026-09-13,LKUS_push,feature_Wg4dZ6VJBuTb,IP近1分钟关联的手机号个数,82
0048,2026-09-13,LKUS_push,feature_MHv7nra5Z6T5,reCAPTCHA V3 token是否有效,82
0048,2026-09-13,LKUS_push,feature_SdA1CjZvNCMG,区号近1分钟的访问次数,82
0048,2026-09-13,LKUS_push,feature_53Ck9TgChpTW,IP近5分钟关联的手机号个数,82
0048,2026-09-13,LKUS_push,feature_TGPe0mjAPwR5,IP近60分钟关联的国家区号个数,82
0048,2026-09-13,LKUS_push,feature_YkpmaKaJhcdG,区号近1天内的访问次数,82
0048,2026-09-13,LKUS_push,feature_7DbBgowc2mEl,IP近1分钟的访问次数,82
0048,2026-09-13,LKUS_push,feature_IPwzfPamC8eW,同手机号30分钟关联的IP city个数,82
0048,2026-09-13,LKUS_push,feature_n91JeGM6gD6i,同区号近60分钟非美国IP访问次数,82
0048,2026-09-13,LKUS_push,feature_Ym70ZsfxQKSc,一分钟请求量,82
0048,2026-09-13,LKUS_push,feature_6qwgYPGGuJZ4,IPC段近10分钟关联的手机号个数,82
0048,2026-09-13,LKUS_push,feature_JaT2oyzVtD0q,手机号近1分钟的访问次数,82
0048,2026-09-13,LKUS_push,feature_dqBHKec09Wwa,同区号近60分钟未携带recaptchaV3token 访问次数,82
0048,2026-09-13,LKUS_push,feature_KtSZtJ9w7f9r,IPC段近1分钟关联的手机号个数,82
0048,2026-09-13,LKUS_push,feature_UOJYBEifd5Jn,区号近60分钟的访问次数,82
0048,2026-09-13,LKUS_push,feature_pf88qk27w76j,区号近5分钟的访问次数,82
0048,2026-09-13,LKUS_push,feature_hspErCH8fSCE,手机号近30分钟的访问次数,82
0048,2026-09-13,LKUS_push,feature_nnsdzZLQKPZ7,IP近10分钟关联的手机号个数,82
0048,2026-09-13,LKUS_push,feature_r1bhlQnbfRHb,IP近60分钟关联的手机号个数,82
0048,2026-09-13,LKUS_push,feature_lydpDiga6SB9,手机号近5分钟的访问次数,82
0048,2026-09-13,LKUS_push,feature_WxHUxqIN0IuS,同IP近5分钟的访问次数,82
0048,2026-09-13,LKUS_push,feature_e1Kmz7JqzsWc,同区号近60分钟V3token为空对应手机号个数,61
0048,2026-09-13,LKUS_push,feature_dtoJoDcUgCcr,同区号近60分钟对应手机号个数,61
0048,2026-09-13,LKUS_register,feature_vTICzBPfD3Ds,ip C段白名单,5
0048,2026-09-13,LKUS_register,feature_P5eYl9a699fA,ip白名单,5
0048,2026-09-13,LKUS_register,feature_oxYJ6qJ3BAfv,用户编号白名单,5
0048,2026-09-13,LKUS_register,feature_yo8MLsBsGIsV,三方unionId白名单,5
0048,2026-09-13,LKUS_register,feature_kqtp6XVcXXiQ,手机号白名单,5
0048,2026-09-13,LKUS_register,feature_5caBWmAHDcCQ,邮箱白名单,5
0048,2026-09-13,LKUS_register,feature_K0JuGvXPoQsS,网关uid白名单,5
0048,2026-09-13,LKUS_register,feature_3CSh3LRVobu7,手机号黑名单,5
0048,2026-09-13,LKUS_register,feature_jkeS0N10RDAn,网关uid黑名单,5
0048,2026-09-13,LKUS_register,feature_7qCVo92BIECU,三方unionId黑名单,5
0048,2026-09-13,LKUS_register,feature_9tl8mW2Gembc,邮箱黑名单,5
0048,2026-09-13,LKUS_register,feature_XtxCPW1x9QTU,ip C段黑名单,5
0048,2026-09-13,LKUS_register,feature_cOkhRQVI91IV,ip黑名单,5
0048,2026-09-13,LKUS_register,feature_g43LuQcahzCJ,用户编号黑名单,5
0048,2026-09-13,LKUS_physical_order_create,feature_oxYJ6qJ3BAfv,用户编号白名单,53
0048,2026-09-13,LKUS_physical_order_create,feature_vTICzBPfD3Ds,ip C段白名单,53
0048,2026-09-13,LKUS_physical_order_create,feature_P5eYl9a699fA,ip白名单,53
0048,2026-09-13,LKUS_physical_order_create,feature_yo8MLsBsGIsV,三方unionId白名单,53
0048,2026-09-13,LKUS_physical_order_create,feature_kqtp6XVcXXiQ,手机号白名单,53
0048,2026-09-13,LKUS_physical_order_create,feature_K0JuGvXPoQsS,网关uid白名单,53
0048,2026-09-13,LKUS_physical_order_create,feature_5caBWmAHDcCQ,邮箱白名单,53
0048,2026-09-13,LKUS_physical_order_create,feature_3CSh3LRVobu7,手机号黑名单,40
0048,2026-09-13,LKUS_physical_order_create,feature_jkeS0N10RDAn,网关uid黑名单,40
0048,2026-09-13,LKUS_physical_order_create,feature_7qCVo92BIECU,三方unionId黑名单,40
0048,2026-09-13,LKUS_physical_order_create,feature_9tl8mW2Gembc,邮箱黑名单,40
0048,2026-09-13,LKUS_physical_order_create,feature_g43LuQcahzCJ,用户编号黑名单,40
0048,2026-09-13,LKUS_physical_order_create,feature_XtxCPW1x9QTU,ip C段黑名单,40
0048,2026-09-13,LKUS_physical_order_create,feature_cOkhRQVI91IV,ip黑名单,40
0048,2026-09-13,LKUS_physical_order_create,feature_MHv7nra5Z6T5,reCAPTCHA V3 token是否有效,40
0048,2026-09-13,LKUS_payment,feature_vTICzBPfD3Ds,ip C段白名单,56
0048,2026-09-13,LKUS_payment,feature_P5eYl9a699fA,ip白名单,56
0048,2026-09-13,LKUS_payment,feature_oxYJ6qJ3BAfv,用户编号白名单,56
0048,2026-09-13,LKUS_payment,feature_yo8MLsBsGIsV,三方unionId白名单,56
0048,2026-09-13,LKUS_payment,feature_kqtp6XVcXXiQ,手机号白名单,56
0048,2026-09-13,LKUS_payment,feature_5caBWmAHDcCQ,邮箱白名单,56
0048,2026-09-13,LKUS_payment,feature_K0JuGvXPoQsS,网关uid白名单,56
0048,2026-09-13,LKUS_payment,feature_3CSh3LRVobu7,手机号黑名单,42
0048,2026-09-13,LKUS_payment,feature_jkeS0N10RDAn,网关uid黑名单,42
0048,2026-09-13,LKUS_payment,feature_7qCVo92BIECU,三方unionId黑名单,42
0048,2026-09-13,LKUS_payment,feature_9tl8mW2Gembc,邮箱黑名单,42
0048,2026-09-13,LKUS_payment,feature_XtxCPW1x9QTU,ip C段黑名单,42
0048,2026-09-13,LKUS_payment,feature_cOkhRQVI91IV,ip黑名单,42
0048,2026-09-13,LKUS_payment,feature_g43LuQcahzCJ,用户编号黑名单,42
0048,2026-09-13,LKUS_payment,feature_MHv7nra5Z6T5,reCAPTCHA V3 token是否有效,42
0048,2026-09-13,LKUS_captcha,feature_vTICzBPfD3Ds,ip C段白名单,1
0048,2026-09-13,LKUS_captcha,feature_P5eYl9a699fA,ip白名单,1
0048,2026-09-13,LKUS_captcha,feature_oxYJ6qJ3BAfv,用户编号白名单,1
0048,2026-09-13,LKUS_captcha,feature_yo8MLsBsGIsV,三方unionId白名单,1
0048,2026-09-13,LKUS_captcha,feature_kqtp6XVcXXiQ,手机号白名单,1
0048,2026-09-13,LKUS_captcha,feature_5caBWmAHDcCQ,邮箱白名单,1
0048,2026-09-13,LKUS_captcha,feature_K0JuGvXPoQsS,网关uid白名单,1
0048,2026-09-13,LKUS_captcha,feature_3CSh3LRVobu7,手机号黑名单,1
0048,2026-09-13,LKUS_captcha,feature_jkeS0N10RDAn,网关uid黑名单,1
0048,2026-09-13,LKUS_captcha,feature_7qCVo92BIECU,三方unionId黑名单,1
0048,2026-09-13,LKUS_captcha,feature_9tl8mW2Gembc,邮箱黑名单,1
0048,2026-09-13,LKUS_captcha,feature_XtxCPW1x9QTU,ip C段黑名单,1
0048,2026-09-13,LKUS_captcha,feature_cOkhRQVI91IV,ip黑名单,1
0048,2026-09-13,LKUS_captcha,feature_g43LuQcahzCJ,用户编号黑名单,1
0048,2026-09-13,LKUS_captcha,feature_nm9NTGYLKhWV,reCAPTCHA V2 token是否有效,1
0048,2026-09-13,LKUS_login,feature_oxYJ6qJ3BAfv,用户编号白名单,18
0048,2026-09-13,LKUS_login,feature_vTICzBPfD3Ds,ip C段白名单,18
0048,2026-09-13,LKUS_login,feature_P5eYl9a699fA,ip白名单,18
0048,2026-09-13,LKUS_login,feature_yo8MLsBsGIsV,三方unionId白名单,18
0048,2026-09-13,LKUS_login,feature_kqtp6XVcXXiQ,手机号白名单,18
0048,2026-09-13,LKUS_login,feature_K0JuGvXPoQsS,网关uid白名单,18
0048,2026-09-13,LKUS_login,feature_5caBWmAHDcCQ,邮箱白名单,18
0048,2026-09-13,LKUS_grant_new_user_coupon,feature_vTICzBPfD3Ds,ip C段白名单,11
0048,2026-09-13,LKUS_grant_new_user_coupon,feature_P5eYl9a699fA,ip白名单,11
0048,2026-09-13,LKUS_grant_new_user_coupon,feature_oxYJ6qJ3BAfv,用户编号白名单,11
0048,2026-09-13,LKUS_grant_new_user_coupon,feature_yo8MLsBsGIsV,三方unionId白名单,11
0048,2026-09-13,LKUS_grant_new_user_coupon,feature_kqtp6XVcXXiQ,手机号白名单,11
0048,2026-09-13,LKUS_grant_new_user_coupon,feature_5caBWmAHDcCQ,邮箱白名单,11
0048,2026-09-13,LKUS_grant_new_user_coupon,feature_K0JuGvXPoQsS,网关uid白名单,11
0048,2026-09-13,LKUS_grant_new_user_coupon,feature_3CSh3LRVobu7,手机号黑名单,11
0048,2026-09-13,LKUS_grant_new_user_coupon,feature_jkeS0N10RDAn,网关uid黑名单,11
0048,2026-09-13,LKUS_grant_new_user_coupon,feature_7qCVo92BIECU,三方unionId黑名单,11
0048,2026-09-13,LKUS_grant_new_user_coupon,feature_9tl8mW2Gembc,邮箱黑名单,11
0048,2026-09-13,LKUS_grant_new_user_coupon,feature_XtxCPW1x9QTU,ip C段黑名单,11
0048,2026-09-13,LKUS_grant_new_user_coupon,feature_cOkhRQVI91IV,ip黑名单,11
0048,2026-09-13,LKUS_grant_new_user_coupon,feature_g43LuQcahzCJ,用户编号黑名单,11
0048,2026-09-13,LKUS_login,feature_3CSh3LRVobu7,手机号黑名单,13
0048,2026-09-13,LKUS_login,feature_jkeS0N10RDAn,网关uid黑名单,13
0048,2026-09-13,LKUS_login,feature_7qCVo92BIECU,三方unionId黑名单,13
0048,2026-09-13,LKUS_login,feature_9tl8mW2Gembc,邮箱黑名单,13
0048,2026-09-13,LKUS_login,feature_g43LuQcahzCJ,用户编号黑名单,13
0048,2026-09-13,LKUS_login,feature_XtxCPW1x9QTU,ip C段黑名单,13
0048,2026-09-13,LKUS_login,feature_cOkhRQVI91IV,ip黑名单,13
0048,2026-09-13,LKUS_login,feature_MHv7nra5Z6T5,reCAPTCHA V3 token是否有效,13
0048,2026-09-13,LKUS_physical_order_cancel,feature_oxYJ6qJ3BAfv,用户编号白名单,1
0048,2026-09-13,LKUS_physical_order_cancel,feature_vTICzBPfD3Ds,ip C段白名单,1
0048,2026-09-13,LKUS_physical_order_cancel,feature_P5eYl9a699fA,ip白名单,1
0048,2026-09-13,LKUS_physical_order_cancel,feature_yo8MLsBsGIsV,三方unionId白名单,1
0048,2026-09-13,LKUS_physical_order_cancel,feature_kqtp6XVcXXiQ,手机号白名单,1
0048,2026-09-13,LKUS_physical_order_cancel,feature_K0JuGvXPoQsS,网关uid白名单,1
0048,2026-09-13,LKUS_physical_order_cancel,feature_5caBWmAHDcCQ,邮箱白名单,1
0048,2026-09-13,LKUS_physical_order_cancel,feature_3CSh3LRVobu7,手机号黑名单,1
0048,2026-09-13,LKUS_physical_order_cancel,feature_jkeS0N10RDAn,网关uid黑名单,1
0048,2026-09-13,LKUS_physical_order_cancel,feature_7qCVo92BIECU,三方unionId黑名单,1
0048,2026-09-13,LKUS_physical_order_cancel,feature_9tl8mW2Gembc,邮箱黑名单,1
0048,2026-09-13,LKUS_physical_order_cancel,feature_g43LuQcahzCJ,用户编号黑名单,1
0048,2026-09-13,LKUS_physical_order_cancel,feature_XtxCPW1x9QTU,ip C段黑名单,1
0048,2026-09-13,LKUS_physical_order_cancel,feature_cOkhRQVI91IV,ip黑名单,1
0048,2026-09-14,LKUS_push,feature_Fik6gvwY1tA6,手机号近1天的访问次数,75
0048,2026-09-14,LKUS_push,feature_vTICzBPfD3Ds,ip C段白名单,75
0048,2026-09-14,LKUS_push,feature_P5eYl9a699fA,ip白名单,75
0048,2026-09-14,LKUS_push,feature_oxYJ6qJ3BAfv,用户编号白名单,75
0048,2026-09-14,LKUS_push,feature_yo8MLsBsGIsV,三方unionId白名单,75
0048,2026-09-14,LKUS_push,feature_kqtp6XVcXXiQ,手机号白名单,75
0048,2026-09-14,LKUS_push,feature_5caBWmAHDcCQ,邮箱白名单,75
0048,2026-09-14,LKUS_push,feature_K0JuGvXPoQsS,网关uid白名单,75
0048,2026-09-14,LKUS_push,feature_3CSh3LRVobu7,手机号黑名单,73
0048,2026-09-14,LKUS_push,feature_jkeS0N10RDAn,网关uid黑名单,73
0048,2026-09-14,LKUS_push,feature_7qCVo92BIECU,三方unionId黑名单,73
0048,2026-09-14,LKUS_push,feature_9tl8mW2Gembc,邮箱黑名单,73
0048,2026-09-14,LKUS_push,feature_XtxCPW1x9QTU,ip C段黑名单,73
0048,2026-09-14,LKUS_push,feature_cOkhRQVI91IV,ip黑名单,73
0048,2026-09-14,LKUS_push,feature_g43LuQcahzCJ,用户编号黑名单,73
0048,2026-09-14,LKUS_push,feature_hspErCH8fSCE,手机号近30分钟的访问次数,73
0048,2026-09-14,LKUS_push,feature_r1bhlQnbfRHb,IP近60分钟关联的手机号个数,73
0048,2026-09-14,LKUS_push,feature_e1Kmz7JqzsWc,同区号近60分钟V3token为空对应手机号个数,73
0048,2026-09-14,LKUS_push,feature_YkpmaKaJhcdG,区号近1天内的访问次数,73
0048,2026-09-14,LKUS_push,feature_IPwzfPamC8eW,同手机号30分钟关联的IP city个数,73
0048,2026-09-14,LKUS_push,feature_SdA1CjZvNCMG,区号近1分钟的访问次数,73
0048,2026-09-14,LKUS_push,feature_dqBHKec09Wwa,同区号近60分钟未携带recaptchaV3token 访问次数,73
0048,2026-09-14,LKUS_push,feature_WxHUxqIN0IuS,同IP近5分钟的访问次数,73
0048,2026-09-14,LKUS_push,feature_lydpDiga6SB9,手机号近5分钟的访问次数,73
0048,2026-09-14,LKUS_push,feature_n91JeGM6gD6i,同区号近60分钟非美国IP访问次数,73
0048,2026-09-14,LKUS_push,feature_pf88qk27w76j,区号近5分钟的访问次数,73
0048,2026-09-14,LKUS_push,feature_nnsdzZLQKPZ7,IP近10分钟关联的手机号个数,73
0048,2026-09-14,LKUS_push,feature_MHv7nra5Z6T5,reCAPTCHA V3 token是否有效,73
0048,2026-09-14,LKUS_push,feature_JaT2oyzVtD0q,手机号近1分钟的访问次数,73
0048,2026-09-14,LKUS_push,feature_Ym70ZsfxQKSc,一分钟请求量,73
0048,2026-09-14,LKUS_push,feature_Wg4dZ6VJBuTb,IP近1分钟关联的手机号个数,73
0048,2026-09-14,LKUS_push,feature_7DbBgowc2mEl,IP近1分钟的访问次数,73
0048,2026-09-14,LKUS_push,feature_6qwgYPGGuJZ4,IPC段近10分钟关联的手机号个数,73
0048,2026-09-14,LKUS_push,feature_53Ck9TgChpTW,IP近5分钟关联的手机号个数,73
0048,2026-09-14,LKUS_push,feature_KtSZtJ9w7f9r,IPC段近1分钟关联的手机号个数,73
0048,2026-09-14,LKUS_push,feature_UOJYBEifd5Jn,区号近60分钟的访问次数,73
0048,2026-09-14,LKUS_push,feature_dtoJoDcUgCcr,同区号近60分钟对应手机号个数,73
0048,2026-09-14,LKUS_push,feature_TGPe0mjAPwR5,IP近60分钟关联的国家区号个数,73
0048,2026-09-14,LKUS_register,feature_vTICzBPfD3Ds,ip C段白名单,6
0048,2026-09-14,LKUS_register,feature_oxYJ6qJ3BAfv,用户编号白名单,6
0048,2026-09-14,LKUS_register,feature_P5eYl9a699fA,ip白名单,6
0048,2026-09-14,LKUS_register,feature_yo8MLsBsGIsV,三方unionId白名单,6
0048,2026-09-14,LKUS_register,feature_kqtp6XVcXXiQ,手机号白名单,6
0048,2026-09-14,LKUS_register,feature_K0JuGvXPoQsS,网关uid白名单,6
0048,2026-09-14,LKUS_register,feature_5caBWmAHDcCQ,邮箱白名单,6
0048,2026-09-14,LKUS_register,feature_3CSh3LRVobu7,手机号黑名单,5
0048,2026-09-14,LKUS_register,feature_jkeS0N10RDAn,网关uid黑名单,5
0048,2026-09-14,LKUS_register,feature_7qCVo92BIECU,三方unionId黑名单,5
0048,2026-09-14,LKUS_register,feature_9tl8mW2Gembc,邮箱黑名单,5
0048,2026-09-14,LKUS_register,feature_cOkhRQVI91IV,ip黑名单,5
0048,2026-09-14,LKUS_register,feature_XtxCPW1x9QTU,ip C段黑名单,5
0048,2026-09-14,LKUS_register,feature_g43LuQcahzCJ,用户编号黑名单,5
0048,2026-09-14,LKUS_physical_order_create,feature_vTICzBPfD3Ds,ip C段白名单,91
0048,2026-09-14,LKUS_physical_order_create,feature_oxYJ6qJ3BAfv,用户编号白名单,91
0048,2026-09-14,LKUS_physical_order_create,feature_P5eYl9a699fA,ip白名单,91
0048,2026-09-14,LKUS_physical_order_create,feature_yo8MLsBsGIsV,三方unionId白名单,91
0048,2026-09-14,LKUS_physical_order_create,feature_kqtp6XVcXXiQ,手机号白名单,91
0048,2026-09-14,LKUS_physical_order_create,feature_K0JuGvXPoQsS,网关uid白名单,91
0048,2026-09-14,LKUS_physical_order_create,feature_5caBWmAHDcCQ,邮箱白名单,91
0048,2026-09-14,LKUS_physical_order_create,feature_3CSh3LRVobu7,手机号黑名单,83
0048,2026-09-14,LKUS_physical_order_create,feature_jkeS0N10RDAn,网关uid黑名单,83
0048,2026-09-14,LKUS_physical_order_create,feature_7qCVo92BIECU,三方unionId黑名单,83
0048,2026-09-14,LKUS_physical_order_create,feature_9tl8mW2Gembc,邮箱黑名单,83
0048,2026-09-14,LKUS_physical_order_create,feature_cOkhRQVI91IV,ip黑名单,83
0048,2026-09-14,LKUS_physical_order_create,feature_XtxCPW1x9QTU,ip C段黑名单,83
0048,2026-09-14,LKUS_physical_order_create,feature_g43LuQcahzCJ,用户编号黑名单,83
0048,2026-09-14,LKUS_physical_order_create,feature_MHv7nra5Z6T5,reCAPTCHA V3 token是否有效,83
0048,2026-09-14,LKUS_payment,feature_vTICzBPfD3Ds,ip C段白名单,92
0048,2026-09-14,LKUS_payment,feature_P5eYl9a699fA,ip白名单,92
0048,2026-09-14,LKUS_payment,feature_oxYJ6qJ3BAfv,用户编号白名单,92
0048,2026-09-14,LKUS_payment,feature_yo8MLsBsGIsV,三方unionId白名单,92
0048,2026-09-14,LKUS_payment,feature_kqtp6XVcXXiQ,手机号白名单,92
0048,2026-09-14,LKUS_payment,feature_K0JuGvXPoQsS,网关uid白名单,92
0048,2026-09-14,LKUS_payment,feature_5caBWmAHDcCQ,邮箱白名单,92
0048,2026-09-14,LKUS_payment,feature_3CSh3LRVobu7,手机号黑名单,84
0048,2026-09-14,LKUS_payment,feature_jkeS0N10RDAn,网关uid黑名单,84
0048,2026-09-14,LKUS_payment,feature_7qCVo92BIECU,三方unionId黑名单,84
0048,2026-09-14,LKUS_payment,feature_9tl8mW2Gembc,邮箱黑名单,84
0048,2026-09-14,LKUS_payment,feature_g43LuQcahzCJ,用户编号黑名单,84
0048,2026-09-14,LKUS_payment,feature_XtxCPW1x9QTU,ip C段黑名单,84
0048,2026-09-14,LKUS_payment,feature_cOkhRQVI91IV,ip黑名单,84
0048,2026-09-14,LKUS_payment,feature_MHv7nra5Z6T5,reCAPTCHA V3 token是否有效,84
0048,2026-09-14,LKUS_login,feature_vTICzBPfD3Ds,ip C段白名单,11
0048,2026-09-14,LKUS_login,feature_P5eYl9a699fA,ip白名单,11
0048,2026-09-14,LKUS_login,feature_oxYJ6qJ3BAfv,用户编号白名单,11
0048,2026-09-14,LKUS_login,feature_yo8MLsBsGIsV,三方unionId白名单,11
0048,2026-09-14,LKUS_login,feature_kqtp6XVcXXiQ,手机号白名单,11
0048,2026-09-14,LKUS_login,feature_K0JuGvXPoQsS,网关uid白名单,11
0048,2026-09-14,LKUS_login,feature_5caBWmAHDcCQ,邮箱白名单,11
0048,2026-09-14,LKUS_login,feature_3CSh3LRVobu7,手机号黑名单,11
0048,2026-09-14,LKUS_login,feature_jkeS0N10RDAn,网关uid黑名单,11
0048,2026-09-14,LKUS_login,feature_7qCVo92BIECU,三方unionId黑名单,11
0048,2026-09-14,LKUS_login,feature_9tl8mW2Gembc,邮箱黑名单,11
0048,2026-09-14,LKUS_login,feature_g43LuQcahzCJ,用户编号黑名单,11
0048,2026-09-14,LKUS_login,feature_XtxCPW1x9QTU,ip C段黑名单,11
0048,2026-09-14,LKUS_login,feature_cOkhRQVI91IV,ip黑名单,11
0048,2026-09-14,LKUS_login,feature_MHv7nra5Z6T5,reCAPTCHA V3 token是否有效,11
0048,2026-09-14,LKUS_grant_new_user_coupon,feature_vTICzBPfD3Ds,ip C段白名单,5
0048,2026-09-14,LKUS_grant_new_user_coupon,feature_oxYJ6qJ3BAfv,用户编号白名单,5
0048,2026-09-14,LKUS_grant_new_user_coupon,feature_P5eYl9a699fA,ip白名单,5
0048,2026-09-14,LKUS_grant_new_user_coupon,feature_yo8MLsBsGIsV,三方unionId白名单,5
0048,2026-09-14,LKUS_grant_new_user_coupon,feature_kqtp6XVcXXiQ,手机号白名单,5
0048,2026-09-14,LKUS_grant_new_user_coupon,feature_K0JuGvXPoQsS,网关uid白名单,5
0048,2026-09-14,LKUS_grant_new_user_coupon,feature_5caBWmAHDcCQ,邮箱白名单,5
0048,2026-09-14,LKUS_grant_new_user_coupon,feature_3CSh3LRVobu7,手机号黑名单,5
0048,2026-09-14,LKUS_grant_new_user_coupon,feature_jkeS0N10RDAn,网关uid黑名单,5
0048,2026-09-14,LKUS_grant_new_user_coupon,feature_7qCVo92BIECU,三方unionId黑名单,5
0048,2026-09-14,LKUS_grant_new_user_coupon,feature_9tl8mW2Gembc,邮箱黑名单,5
0048,2026-09-14,LKUS_grant_new_user_coupon,feature_cOkhRQVI91IV,ip黑名单,5
0048,2026-09-14,LKUS_grant_new_user_coupon,feature_XtxCPW1x9QTU,ip C段黑名单,5
0048,2026-09-14,LKUS_grant_new_user_coupon,feature_g43LuQcahzCJ,用户编号黑名单,5
0048,2026-09-14,LKUS_physical_order_cancel,feature_vTICzBPfD3Ds,ip C段白名单,5
0048,2026-09-14,LKUS_physical_order_cancel,feature_oxYJ6qJ3BAfv,用户编号白名单,5
0048,2026-09-14,LKUS_physical_order_cancel,feature_P5eYl9a699fA,ip白名单,5
0048,2026-09-14,LKUS_physical_order_cancel,feature_yo8MLsBsGIsV,三方unionId白名单,5
0048,2026-09-14,LKUS_physical_order_cancel,feature_kqtp6XVcXXiQ,手机号白名单,5
0048,2026-09-14,LKUS_physical_order_cancel,feature_K0JuGvXPoQsS,网关uid白名单,5
0048,2026-09-14,LKUS_physical_order_cancel,feature_5caBWmAHDcCQ,邮箱白名单,5
0048,2026-09-14,LKUS_physical_order_cancel,feature_3CSh3LRVobu7,手机号黑名单,5
0048,2026-09-14,LKUS_physical_order_cancel,feature_jkeS0N10RDAn,网关uid黑名单,5
0048,2026-09-14,LKUS_physical_order_cancel,feature_7qCVo92BIECU,三方unionId黑名单,5
0048,2026-09-14,LKUS_physical_order_cancel,feature_9tl8mW2Gembc,邮箱黑名单,5
0048,2026-09-14,LKUS_physical_order_cancel,feature_cOkhRQVI91IV,ip黑名单,5
0048,2026-09-14,LKUS_physical_order_cancel,feature_XtxCPW1x9QTU,ip C段黑名单,5
0048,2026-09-14,LKUS_physical_order_cancel,feature_g43LuQcahzCJ,用户编号黑名单,5
0048,2026-09-15,LKUS_push,feature_Fik6gvwY1tA6,手机号近1天的访问次数,143
0048,2026-09-15,LKUS_push,feature_vTICzBPfD3Ds,ip C段白名单,143
0048,2026-09-15,LKUS_push,feature_P5eYl9a699fA,ip白名单,143
0048,2026-09-15,LKUS_push,feature_oxYJ6qJ3BAfv,用户编号白名单,143
0048,2026-09-15,LKUS_push,feature_yo8MLsBsGIsV,三方unionId白名单,143
0048,2026-09-15,LKUS_push,feature_kqtp6XVcXXiQ,手机号白名单,143
0048,2026-09-15,LKUS_push,feature_K0JuGvXPoQsS,网关uid白名单,143
0048,2026-09-15,LKUS_push,feature_5caBWmAHDcCQ,邮箱白名单,143
0048,2026-09-15,LKUS_push,feature_3CSh3LRVobu7,手机号黑名单,143
0048,2026-09-15,LKUS_push,feature_jkeS0N10RDAn,网关uid黑名单,143
0048,2026-09-15,LKUS_push,feature_7qCVo92BIECU,三方unionId黑名单,143
0048,2026-09-15,LKUS_push,feature_9tl8mW2Gembc,邮箱黑名单,143
0048,2026-09-15,LKUS_push,feature_g43LuQcahzCJ,用户编号黑名单,143
0048,2026-09-15,LKUS_push,feature_XtxCPW1x9QTU,ip C段黑名单,143
0048,2026-09-15,LKUS_push,feature_cOkhRQVI91IV,ip黑名单,143
0048,2026-09-15,LKUS_push,feature_MHv7nra5Z6T5,reCAPTCHA V3 token是否有效,71
0048,2026-09-15,LKUS_push,feature_dtoJoDcUgCcr,同区号近60分钟对应手机号个数,143
0048,2026-09-15,LKUS_push,feature_pf88qk27w76j,区号近5分钟的访问次数,143
0048,2026-09-15,LKUS_push,feature_WxHUxqIN0IuS,同IP近5分钟的访问次数,143
0048,2026-09-15,LKUS_push,feature_nnsdzZLQKPZ7,IP近10分钟关联的手机号个数,143
0048,2026-09-15,LKUS_push,feature_Wg4dZ6VJBuTb,IP近1分钟关联的手机号个数,143
0048,2026-09-15,LKUS_push,feature_SdA1CjZvNCMG,区号近1分钟的访问次数,143
0048,2026-09-15,LKUS_push,feature_dqBHKec09Wwa,同区号近60分钟未携带recaptchaV3token 访问次数,143
0048,2026-09-15,LKUS_push,feature_Ym70ZsfxQKSc,一分钟请求量,143
0048,2026-09-15,LKUS_push,feature_r1bhlQnbfRHb,IP近60分钟关联的手机号个数,143
0048,2026-09-15,LKUS_push,feature_hspErCH8fSCE,手机号近30分钟的访问次数,143
0048,2026-09-15,LKUS_push,feature_n91JeGM6gD6i,同区号近60分钟非美国IP访问次数,143
0048,2026-09-15,LKUS_push,feature_53Ck9TgChpTW,IP近5分钟关联的手机号个数,143
0048,2026-09-15,LKUS_push,feature_lydpDiga6SB9,手机号近5分钟的访问次数,143
0048,2026-09-15,LKUS_push,feature_e1Kmz7JqzsWc,同区号近60分钟V3token为空对应手机号个数,143
0048,2026-09-15,LKUS_push,feature_KtSZtJ9w7f9r,IPC段近1分钟关联的手机号个数,143
0048,2026-09-15,LKUS_push,feature_6qwgYPGGuJZ4,IPC段近10分钟关联的手机号个数,143
0048,2026-09-15,LKUS_push,feature_TGPe0mjAPwR5,IP近60分钟关联的国家区号个数,143
0048,2026-09-15,LKUS_push,feature_YkpmaKaJhcdG,区号近1天内的访问次数,143
0048,2026-09-15,LKUS_push,feature_7DbBgowc2mEl,IP近1分钟的访问次数,143
0048,2026-09-15,LKUS_push,feature_UOJYBEifd5Jn,区号近60分钟的访问次数,143
0048,2026-09-15,LKUS_push,feature_IPwzfPamC8eW,同手机号30分钟关联的IP city个数,143
0048,2026-09-15,LKUS_push,feature_JaT2oyzVtD0q,手机号近1分钟的访问次数,143
0048,2026-09-15,LKUS_captcha,feature_vTICzBPfD3Ds,ip C段白名单,1
0048,2026-09-15,LKUS_captcha,feature_P5eYl9a699fA,ip白名单,1
0048,2026-09-15,LKUS_captcha,feature_oxYJ6qJ3BAfv,用户编号白名单,1
0048,2026-09-15,LKUS_captcha,feature_yo8MLsBsGIsV,三方unionId白名单,1
0048,2026-09-15,LKUS_captcha,feature_kqtp6XVcXXiQ,手机号白名单,1
0048,2026-09-15,LKUS_captcha,feature_K0JuGvXPoQsS,网关uid白名单,1
0048,2026-09-15,LKUS_captcha,feature_5caBWmAHDcCQ,邮箱白名单,1
0048,2026-09-15,LKUS_captcha,feature_3CSh3LRVobu7,手机号黑名单,1
0048,2026-09-15,LKUS_captcha,feature_jkeS0N10RDAn,网关uid黑名单,1
0048,2026-09-15,LKUS_captcha,feature_7qCVo92BIECU,三方unionId黑名单,1
0048,2026-09-15,LKUS_captcha,feature_9tl8mW2Gembc,邮箱黑名单,1
0048,2026-09-15,LKUS_captcha,feature_g43LuQcahzCJ,用户编号黑名单,1
0048,2026-09-15,LKUS_captcha,feature_XtxCPW1x9QTU,ip C段黑名单,1
0048,2026-09-15,LKUS_captcha,feature_cOkhRQVI91IV,ip黑名单,1
0048,2026-09-15,LKUS_captcha,feature_nm9NTGYLKhWV,reCAPTCHA V2 token是否有效,1
0048,2026-09-15,LKUS_register,feature_vTICzBPfD3Ds,ip C段白名单,11
0048,2026-09-15,LKUS_register,feature_oxYJ6qJ3BAfv,用户编号白名单,11
0048,2026-09-15,LKUS_register,feature_P5eYl9a699fA,ip白名单,11
0048,2026-09-15,LKUS_register,feature_yo8MLsBsGIsV,三方unionId白名单,11
0048,2026-09-15,LKUS_register,feature_kqtp6XVcXXiQ,手机号白名单,11
0048,2026-09-15,LKUS_register,feature_K0JuGvXPoQsS,网关uid白名单,11
0048,2026-09-15,LKUS_register,feature_5caBWmAHDcCQ,邮箱白名单,11
0048,2026-09-15,LKUS_register,feature_3CSh3LRVobu7,手机号黑名单,11
0048,2026-09-15,LKUS_register,feature_jkeS0N10RDAn,网关uid黑名单,11
0048,2026-09-15,LKUS_register,feature_7qCVo92BIECU,三方unionId黑名单,11
0048,2026-09-15,LKUS_register,feature_9tl8mW2Gembc,邮箱黑名单,11
0048,2026-09-15,LKUS_register,feature_cOkhRQVI91IV,ip黑名单,11
0048,2026-09-15,LKUS_register,feature_XtxCPW1x9QTU,ip C段黑名单,11
0048,2026-09-15,LKUS_register,feature_g43LuQcahzCJ,用户编号黑名单,11
0048,2026-09-15,LKUS_push,feature_TLXI8MNiNglz,reCAPTCHA V3风险分,72
0048,2026-09-15,LKUS_physical_order_create,feature_oxYJ6qJ3BAfv,用户编号白名单,109
0048,2026-09-15,LKUS_physical_order_create,feature_P5eYl9a699fA,ip白名单,109
0048,2026-09-15,LKUS_physical_order_create,feature_vTICzBPfD3Ds,ip C段白名单,109
0048,2026-09-15,LKUS_physical_order_create,feature_yo8MLsBsGIsV,三方unionId白名单,109
0048,2026-09-15,LKUS_physical_order_create,feature_kqtp6XVcXXiQ,手机号白名单,109
0048,2026-09-15,LKUS_physical_order_create,feature_5caBWmAHDcCQ,邮箱白名单,109
0048,2026-09-15,LKUS_physical_order_create,feature_K0JuGvXPoQsS,网关uid白名单,109
0048,2026-09-15,LKUS_physical_order_create,feature_3CSh3LRVobu7,手机号黑名单,90
0048,2026-09-15,LKUS_physical_order_create,feature_jkeS0N10RDAn,网关uid黑名单,90
0048,2026-09-15,LKUS_physical_order_create,feature_7qCVo92BIECU,三方unionId黑名单,90
0048,2026-09-15,LKUS_physical_order_create,feature_9tl8mW2Gembc,邮箱黑名单,90
0048,2026-09-15,LKUS_physical_order_create,feature_XtxCPW1x9QTU,ip C段黑名单,90
0048,2026-09-15,LKUS_physical_order_create,feature_g43LuQcahzCJ,用户编号黑名单,90
0048,2026-09-15,LKUS_physical_order_create,feature_cOkhRQVI91IV,ip黑名单,90
0048,2026-09-15,LKUS_physical_order_create,feature_TLXI8MNiNglz,reCAPTCHA V3风险分,49
0048,2026-09-15,LKUS_payment,feature_oxYJ6qJ3BAfv,用户编号白名单,109
0048,2026-09-15,LKUS_payment,feature_P5eYl9a699fA,ip白名单,109
0048,2026-09-15,LKUS_payment,feature_vTICzBPfD3Ds,ip C段白名单,109
0048,2026-09-15,LKUS_payment,feature_yo8MLsBsGIsV,三方unionId白名单,109
0048,2026-09-15,LKUS_payment,feature_kqtp6XVcXXiQ,手机号白名单,109
0048,2026-09-15,LKUS_payment,feature_5caBWmAHDcCQ,邮箱白名单,109
0048,2026-09-15,LKUS_payment,feature_K0JuGvXPoQsS,网关uid白名单,109
0048,2026-09-15,LKUS_payment,feature_3CSh3LRVobu7,手机号黑名单,89
0048,2026-09-15,LKUS_payment,feature_jkeS0N10RDAn,网关uid黑名单,89
0048,2026-09-15,LKUS_payment,feature_7qCVo92BIECU,三方unionId黑名单,89
0048,2026-09-15,LKUS_payment,feature_9tl8mW2Gembc,邮箱黑名单,89
0048,2026-09-15,LKUS_payment,feature_cOkhRQVI91IV,ip黑名单,89
0048,2026-09-15,LKUS_payment,feature_XtxCPW1x9QTU,ip C段黑名单,89
0048,2026-09-15,LKUS_payment,feature_g43LuQcahzCJ,用户编号黑名单,89
0048,2026-09-15,LKUS_payment,feature_MHv7nra5Z6T5,reCAPTCHA V3 token是否有效,51
0048,2026-09-15,LKUS_physical_order_create,feature_MHv7nra5Z6T5,reCAPTCHA V3 token是否有效,41
0048,2026-09-15,LKUS_payment,feature_TLXI8MNiNglz,reCAPTCHA V3风险分,38
0048,2026-09-15,LKUS_login,feature_oxYJ6qJ3BAfv,用户编号白名单,17
0048,2026-09-15,LKUS_login,feature_P5eYl9a699fA,ip白名单,17
0048,2026-09-15,LKUS_login,feature_vTICzBPfD3Ds,ip C段白名单,17
0048,2026-09-15,LKUS_login,feature_yo8MLsBsGIsV,三方unionId白名单,17
0048,2026-09-15,LKUS_login,feature_kqtp6XVcXXiQ,手机号白名单,17
0048,2026-09-15,LKUS_login,feature_5caBWmAHDcCQ,邮箱白名单,17
0048,2026-09-15,LKUS_login,feature_K0JuGvXPoQsS,网关uid白名单,17
0048,2026-09-15,LKUS_login,feature_3CSh3LRVobu7,手机号黑名单,17
0048,2026-09-15,LKUS_login,feature_jkeS0N10RDAn,网关uid黑名单,17
0048,2026-09-15,LKUS_login,feature_7qCVo92BIECU,三方unionId黑名单,17
0048,2026-09-15,LKUS_login,feature_9tl8mW2Gembc,邮箱黑名单,17
0048,2026-09-15,LKUS_login,feature_cOkhRQVI91IV,ip黑名单,17
0048,2026-09-15,LKUS_login,feature_XtxCPW1x9QTU,ip C段黑名单,17
0048,2026-09-15,LKUS_login,feature_g43LuQcahzCJ,用户编号黑名单,17
0048,2026-09-15,LKUS_login,feature_MHv7nra5Z6T5,reCAPTCHA V3 token是否有效,6
0048,2026-09-15,LKUS_grant_new_user_coupon,feature_oxYJ6qJ3BAfv,用户编号白名单,11
0048,2026-09-15,LKUS_grant_new_user_coupon,feature_P5eYl9a699fA,ip白名单,11
0048,2026-09-15,LKUS_grant_new_user_coupon,feature_vTICzBPfD3Ds,ip C段白名单,11
0048,2026-09-15,LKUS_grant_new_user_coupon,feature_yo8MLsBsGIsV,三方unionId白名单,11
0048,2026-09-15,LKUS_grant_new_user_coupon,feature_kqtp6XVcXXiQ,手机号白名单,11
0048,2026-09-15,LKUS_grant_new_user_coupon,feature_5caBWmAHDcCQ,邮箱白名单,11
0048,2026-09-15,LKUS_grant_new_user_coupon,feature_K0JuGvXPoQsS,网关uid白名单,11
0048,2026-09-15,LKUS_grant_new_user_coupon,feature_3CSh3LRVobu7,手机号黑名单,11
0048,2026-09-15,LKUS_grant_new_user_coupon,feature_jkeS0N10RDAn,网关uid黑名单,11
0048,2026-09-15,LKUS_grant_new_user_coupon,feature_7qCVo92BIECU,三方unionId黑名单,11
0048,2026-09-15,LKUS_grant_new_user_coupon,feature_9tl8mW2Gembc,邮箱黑名单,11
0048,2026-09-15,LKUS_grant_new_user_coupon,feature_cOkhRQVI91IV,ip黑名单,11
0048,2026-09-15,LKUS_grant_new_user_coupon,feature_XtxCPW1x9QTU,ip C段黑名单,11
0048,2026-09-15,LKUS_grant_new_user_coupon,feature_g43LuQcahzCJ,用户编号黑名单,11
0048,2026-09-15,LKUS_login,feature_TLXI8MNiNglz,reCAPTCHA V3风险分,11
0048,2026-09-15,LKUS_physical_order_cancel,feature_oxYJ6qJ3BAfv,用户编号白名单,1
0048,2026-09-15,LKUS_physical_order_cancel,feature_P5eYl9a699fA,ip白名单,1
0048,2026-09-15,LKUS_physical_order_cancel,feature_vTICzBPfD3Ds,ip C段白名单,1
0048,2026-09-15,LKUS_physical_order_cancel,feature_yo8MLsBsGIsV,三方unionId白名单,1
0048,2026-09-15,LKUS_physical_order_cancel,feature_kqtp6XVcXXiQ,手机号白名单,1
0048,2026-09-15,LKUS_physical_order_cancel,feature_5caBWmAHDcCQ,邮箱白名单,1
0048,2026-09-15,LKUS_physical_order_cancel,feature_K0JuGvXPoQsS,网关uid白名单,1
0048,2026-09-15,LKUS_physical_order_cancel,feature_3CSh3LRVobu7,手机号黑名单,1
0048,2026-09-15,LKUS_physical_order_cancel,feature_jkeS0N10RDAn,网关uid黑名单,1
0048,2026-09-15,LKUS_physical_order_cancel,feature_7qCVo92BIECU,三方unionId黑名单,1
0048,2026-09-15,LKUS_physical_order_cancel,feature_9tl8mW2Gembc,邮箱黑名单,1
0048,2026-09-15,LKUS_physical_order_cancel,feature_XtxCPW1x9QTU,ip C段黑名单,1
0048,2026-09-15,LKUS_physical_order_cancel,feature_g43LuQcahzCJ,用户编号黑名单,1
0048,2026-09-15,LKUS_physical_order_cancel,feature_cOkhRQVI91IV,ip黑名单,1
0048,2026-09-16,LKUS_push,feature_Fik6gvwY1tA6,手机号近1天的访问次数,96
0048,2026-09-16,LKUS_push,feature_oxYJ6qJ3BAfv,用户编号白名单,96
0048,2026-09-16,LKUS_push,feature_P5eYl9a699fA,ip白名单,96
0048,2026-09-16,LKUS_push,feature_vTICzBPfD3Ds,ip C段白名单,96
0048,2026-09-16,LKUS_push,feature_yo8MLsBsGIsV,三方unionId白名单,96
0048,2026-09-16,LKUS_push,feature_kqtp6XVcXXiQ,手机号白名单,96
0048,2026-09-16,LKUS_push,feature_5caBWmAHDcCQ,邮箱白名单,96
0048,2026-09-16,LKUS_push,feature_K0JuGvXPoQsS,网关uid白名单,96
0048,2026-09-16,LKUS_push,feature_3CSh3LRVobu7,手机号黑名单,96
0048,2026-09-16,LKUS_push,feature_jkeS0N10RDAn,网关uid黑名单,96
0048,2026-09-16,LKUS_push,feature_7qCVo92BIECU,三方unionId黑名单,96
0048,2026-09-16,LKUS_push,feature_9tl8mW2Gembc,邮箱黑名单,96
0048,2026-09-16,LKUS_push,feature_XtxCPW1x9QTU,ip C段黑名单,96
0048,2026-09-16,LKUS_push,feature_g43LuQcahzCJ,用户编号黑名单,96
0048,2026-09-16,LKUS_push,feature_cOkhRQVI91IV,ip黑名单,96
0048,2026-09-16,LKUS_push,feature_Ym70ZsfxQKSc,一分钟请求量,96
0048,2026-09-16,LKUS_push,feature_dtoJoDcUgCcr,同区号近60分钟对应手机号个数,96
0048,2026-09-16,LKUS_push,feature_pf88qk27w76j,区号近5分钟的访问次数,96
0048,2026-09-16,LKUS_push,feature_dqBHKec09Wwa,同区号近60分钟未携带recaptchaV3token 访问次数,96
0048,2026-09-16,LKUS_push,feature_UOJYBEifd5Jn,区号近60分钟的访问次数,96
0048,2026-09-16,LKUS_push,feature_YkpmaKaJhcdG,区号近1天内的访问次数,96
0048,2026-09-16,LKUS_push,feature_7DbBgowc2mEl,IP近1分钟的访问次数,96
0048,2026-09-16,LKUS_push,feature_SdA1CjZvNCMG,区号近1分钟的访问次数,96
0048,2026-09-16,LKUS_push,feature_e1Kmz7JqzsWc,同区号近60分钟V3token为空对应手机号个数,96
0048,2026-09-16,LKUS_push,feature_WxHUxqIN0IuS,同IP近5分钟的访问次数,96
0048,2026-09-16,LKUS_push,feature_lydpDiga6SB9,手机号近5分钟的访问次数,96
0048,2026-09-16,LKUS_push,feature_n91JeGM6gD6i,同区号近60分钟非美国IP访问次数,96
0048,2026-09-16,LKUS_push,feature_IPwzfPamC8eW,同手机号30分钟关联的IP city个数,96
0048,2026-09-16,LKUS_push,feature_53Ck9TgChpTW,IP近5分钟关联的手机号个数,96
0048,2026-09-16,LKUS_push,feature_TLXI8MNiNglz,reCAPTCHA V3风险分,54
0048,2026-09-16,LKUS_push,feature_KtSZtJ9w7f9r,IPC段近1分钟关联的手机号个数,96
0048,2026-09-16,LKUS_push,feature_r1bhlQnbfRHb,IP近60分钟关联的手机号个数,96
0048,2026-09-16,LKUS_push,feature_6qwgYPGGuJZ4,IPC段近10分钟关联的手机号个数,96
0048,2026-09-16,LKUS_push,feature_JaT2oyzVtD0q,手机号近1分钟的访问次数,96
0048,2026-09-16,LKUS_push,feature_TGPe0mjAPwR5,IP近60分钟关联的国家区号个数,96
0048,2026-09-16,LKUS_push,feature_Wg4dZ6VJBuTb,IP近1分钟关联的手机号个数,96
0048,2026-09-16,LKUS_push,feature_hspErCH8fSCE,手机号近30分钟的访问次数,96
0048,2026-09-16,LKUS_push,feature_nnsdzZLQKPZ7,IP近10分钟关联的手机号个数,96
0048,2026-09-16,LKUS_push,feature_MHv7nra5Z6T5,reCAPTCHA V3 token是否有效,42
0048,2026-09-16,LKUS_grant_new_user_coupon,feature_oxYJ6qJ3BAfv,用户编号白名单,9
0048,2026-09-16,LKUS_grant_new_user_coupon,feature_P5eYl9a699fA,ip白名单,9
0048,2026-09-16,LKUS_grant_new_user_coupon,feature_vTICzBPfD3Ds,ip C段白名单,9
0048,2026-09-16,LKUS_grant_new_user_coupon,feature_yo8MLsBsGIsV,三方unionId白名单,9
0048,2026-09-16,LKUS_grant_new_user_coupon,feature_kqtp6XVcXXiQ,手机号白名单,9
0048,2026-09-16,LKUS_grant_new_user_coupon,feature_5caBWmAHDcCQ,邮箱白名单,9
0048,2026-09-16,LKUS_grant_new_user_coupon,feature_K0JuGvXPoQsS,网关uid白名单,9
0048,2026-09-16,LKUS_grant_new_user_coupon,feature_3CSh3LRVobu7,手机号黑名单,9
0048,2026-09-16,LKUS_grant_new_user_coupon,feature_jkeS0N10RDAn,网关uid黑名单,9
0048,2026-09-16,LKUS_grant_new_user_coupon,feature_7qCVo92BIECU,三方unionId黑名单,9
0048,2026-09-16,LKUS_grant_new_user_coupon,feature_9tl8mW2Gembc,邮箱黑名单,9
0048,2026-09-16,LKUS_grant_new_user_coupon,feature_XtxCPW1x9QTU,ip C段黑名单,9
0048,2026-09-16,LKUS_grant_new_user_coupon,feature_g43LuQcahzCJ,用户编号黑名单,9
0048,2026-09-16,LKUS_grant_new_user_coupon,feature_cOkhRQVI91IV,ip黑名单,9
0048,2026-09-16,LKUS_login,feature_oxYJ6qJ3BAfv,用户编号白名单,23
0048,2026-09-16,LKUS_login,feature_P5eYl9a699fA,ip白名单,23
0048,2026-09-16,LKUS_login,feature_vTICzBPfD3Ds,ip C段白名单,23
0048,2026-09-16,LKUS_login,feature_yo8MLsBsGIsV,三方unionId白名单,23
0048,2026-09-16,LKUS_login,feature_kqtp6XVcXXiQ,手机号白名单,23
0048,2026-09-16,LKUS_login,feature_5caBWmAHDcCQ,邮箱白名单,23
0048,2026-09-16,LKUS_login,feature_K0JuGvXPoQsS,网关uid白名单,23
0048,2026-09-16,LKUS_login,feature_3CSh3LRVobu7,手机号黑名单,20
0048,2026-09-16,LKUS_login,feature_jkeS0N10RDAn,网关uid黑名单,20
0048,2026-09-16,LKUS_login,feature_7qCVo92BIECU,三方unionId黑名单,20
0048,2026-09-16,LKUS_login,feature_9tl8mW2Gembc,邮箱黑名单,20
0048,2026-09-16,LKUS_login,feature_cOkhRQVI91IV,ip黑名单,20
0048,2026-09-16,LKUS_login,feature_XtxCPW1x9QTU,ip C段黑名单,20
0048,2026-09-16,LKUS_login,feature_g43LuQcahzCJ,用户编号黑名单,20
0048,2026-09-16,LKUS_login,feature_MHv7nra5Z6T5,reCAPTCHA V3 token是否有效,9
0048,2026-09-16,LKUS_physical_order_create,feature_oxYJ6qJ3BAfv,用户编号白名单,105
0048,2026-09-16,LKUS_physical_order_create,feature_P5eYl9a699fA,ip白名单,105
0048,2026-09-16,LKUS_physical_order_create,feature_vTICzBPfD3Ds,ip C段白名单,105
0048,2026-09-16,LKUS_physical_order_create,feature_yo8MLsBsGIsV,三方unionId白名单,105
0048,2026-09-16,LKUS_physical_order_create,feature_kqtp6XVcXXiQ,手机号白名单,105
0048,2026-09-16,LKUS_physical_order_create,feature_5caBWmAHDcCQ,邮箱白名单,105
0048,2026-09-16,LKUS_physical_order_create,feature_K0JuGvXPoQsS,网关uid白名单,105
0048,2026-09-16,LKUS_physical_order_create,feature_3CSh3LRVobu7,手机号黑名单,87
0048,2026-09-16,LKUS_physical_order_create,feature_jkeS0N10RDAn,网关uid黑名单,87
0048,2026-09-16,LKUS_physical_order_create,feature_7qCVo92BIECU,三方unionId黑名单,87
0048,2026-09-16,LKUS_physical_order_create,feature_9tl8mW2Gembc,邮箱黑名单,87
0048,2026-09-16,LKUS_physical_order_create,feature_XtxCPW1x9QTU,ip C段黑名单,87
0048,2026-09-16,LKUS_physical_order_create,feature_g43LuQcahzCJ,用户编号黑名单,87
0048,2026-09-16,LKUS_physical_order_create,feature_cOkhRQVI91IV,ip黑名单,87
0048,2026-09-16,LKUS_physical_order_create,feature_TLXI8MNiNglz,reCAPTCHA V3风险分,45
0048,2026-09-16,LKUS_payment,feature_oxYJ6qJ3BAfv,用户编号白名单,111
0048,2026-09-16,LKUS_payment,feature_P5eYl9a699fA,ip白名单,111
0048,2026-09-16,LKUS_payment,feature_vTICzBPfD3Ds,ip C段白名单,111
0048,2026-09-16,LKUS_payment,feature_yo8MLsBsGIsV,三方unionId白名单,111
0048,2026-09-16,LKUS_payment,feature_kqtp6XVcXXiQ,手机号白名单,111
0048,2026-09-16,LKUS_payment,feature_5caBWmAHDcCQ,邮箱白名单,111
0048,2026-09-16,LKUS_payment,feature_K0JuGvXPoQsS,网关uid白名单,111
0048,2026-09-16,LKUS_payment,feature_3CSh3LRVobu7,手机号黑名单,94
0048,2026-09-16,LKUS_payment,feature_jkeS0N10RDAn,网关uid黑名单,94
0048,2026-09-16,LKUS_payment,feature_7qCVo92BIECU,三方unionId黑名单,94
0048,2026-09-16,LKUS_payment,feature_9tl8mW2Gembc,邮箱黑名单,94
0048,2026-09-16,LKUS_payment,feature_cOkhRQVI91IV,ip黑名单,94
0048,2026-09-16,LKUS_payment,feature_XtxCPW1x9QTU,ip C段黑名单,94
0048,2026-09-16,LKUS_payment,feature_g43LuQcahzCJ,用户编号黑名单,94
0048,2026-09-16,LKUS_payment,feature_MHv7nra5Z6T5,reCAPTCHA V3 token是否有效,55
0048,2026-09-16,LKUS_physical_order_create,feature_MHv7nra5Z6T5,reCAPTCHA V3 token是否有效,42
0048,2026-09-16,LKUS_physical_order_cancel,feature_oxYJ6qJ3BAfv,用户编号白名单,4
0048,2026-09-16,LKUS_physical_order_cancel,feature_P5eYl9a699fA,ip白名单,4
0048,2026-09-16,LKUS_physical_order_cancel,feature_vTICzBPfD3Ds,ip C段白名单,4
0048,2026-09-16,LKUS_physical_order_cancel,feature_yo8MLsBsGIsV,三方unionId白名单,4
0048,2026-09-16,LKUS_physical_order_cancel,feature_kqtp6XVcXXiQ,手机号白名单,4
0048,2026-09-16,LKUS_physical_order_cancel,feature_5caBWmAHDcCQ,邮箱白名单,4
0048,2026-09-16,LKUS_physical_order_cancel,feature_K0JuGvXPoQsS,网关uid白名单,4
0048,2026-09-16,LKUS_physical_order_cancel,feature_3CSh3LRVobu7,手机号黑名单,4
0048,2026-09-16,LKUS_physical_order_cancel,feature_jkeS0N10RDAn,网关uid黑名单,4
0048,2026-09-16,LKUS_physical_order_cancel,feature_7qCVo92BIECU,三方unionId黑名单,4
0048,2026-09-16,LKUS_physical_order_cancel,feature_9tl8mW2Gembc,邮箱黑名单,4
0048,2026-09-16,LKUS_physical_order_cancel,feature_cOkhRQVI91IV,ip黑名单,4
0048,2026-09-16,LKUS_physical_order_cancel,feature_XtxCPW1x9QTU,ip C段黑名单,4
0048,2026-09-16,LKUS_physical_order_cancel,feature_g43LuQcahzCJ,用户编号黑名单,4
0048,2026-09-16,LKUS_payment,feature_TLXI8MNiNglz,reCAPTCHA V3风险分,39
0048,2026-09-16,LKUS_login,feature_TLXI8MNiNglz,reCAPTCHA V3风险分,11
0048,2026-09-16,LKUS_register,feature_oxYJ6qJ3BAfv,用户编号白名单,7
0048,2026-09-16,LKUS_register,feature_P5eYl9a699fA,ip白名单,7
0048,2026-09-16,LKUS_register,feature_vTICzBPfD3Ds,ip C段白名单,7
0048,2026-09-16,LKUS_register,feature_yo8MLsBsGIsV,三方unionId白名单,7
0048,2026-09-16,LKUS_register,feature_kqtp6XVcXXiQ,手机号白名单,7
0048,2026-09-16,LKUS_register,feature_5caBWmAHDcCQ,邮箱白名单,7
0048,2026-09-16,LKUS_register,feature_K0JuGvXPoQsS,网关uid白名单,7
0048,2026-09-16,LKUS_register,feature_3CSh3LRVobu7,手机号黑名单,7
0048,2026-09-16,LKUS_register,feature_jkeS0N10RDAn,网关uid黑名单,7
0048,2026-09-16,LKUS_register,feature_7qCVo92BIECU,三方unionId黑名单,7
0048,2026-09-16,LKUS_register,feature_9tl8mW2Gembc,邮箱黑名单,7
0048,2026-09-16,LKUS_register,feature_cOkhRQVI91IV,ip黑名单,7
0048,2026-09-16,LKUS_register,feature_XtxCPW1x9QTU,ip C段黑名单,7
0048,2026-09-16,LKUS_register,feature_g43LuQcahzCJ,用户编号黑名单,7
0048,2026-09-16,LKUS_push,feature_VItdlLjtEYnQ,IPC段近1天关联的手机号个数,12
0048,2026-09-17,LKUS_push,feature_Fik6gvwY1tA6,手机号近1天的访问次数,108
0048,2026-09-17,LKUS_push,feature_oxYJ6qJ3BAfv,用户编号白名单,108
0048,2026-09-17,LKUS_push,feature_P5eYl9a699fA,ip白名单,108
0048,2026-09-17,LKUS_push,feature_vTICzBPfD3Ds,ip C段白名单,108
0048,2026-09-17,LKUS_push,feature_yo8MLsBsGIsV,三方unionId白名单,108
0048,2026-09-17,LKUS_push,feature_kqtp6XVcXXiQ,手机号白名单,108
0048,2026-09-17,LKUS_push,feature_5caBWmAHDcCQ,邮箱白名单,108
0048,2026-09-17,LKUS_push,feature_K0JuGvXPoQsS,网关uid白名单,108
0048,2026-09-17,LKUS_push,feature_3CSh3LRVobu7,手机号黑名单,104
0048,2026-09-17,LKUS_push,feature_jkeS0N10RDAn,网关uid黑名单,104
0048,2026-09-17,LKUS_push,feature_7qCVo92BIECU,三方unionId黑名单,104
0048,2026-09-17,LKUS_push,feature_9tl8mW2Gembc,邮箱黑名单,104
0048,2026-09-17,LKUS_push,feature_XtxCPW1x9QTU,ip C段黑名单,104
0048,2026-09-17,LKUS_push,feature_g43LuQcahzCJ,用户编号黑名单,104
0048,2026-09-17,LKUS_push,feature_cOkhRQVI91IV,ip黑名单,104
0048,2026-09-17,LKUS_push,feature_Ym70ZsfxQKSc,一分钟请求量,104
0048,2026-09-17,LKUS_push,feature_dtoJoDcUgCcr,同区号近60分钟对应手机号个数,104
0048,2026-09-17,LKUS_push,feature_pf88qk27w76j,区号近5分钟的访问次数,104
0048,2026-09-17,LKUS_push,feature_dqBHKec09Wwa,同区号近60分钟未携带recaptchaV3token 访问次数,104
0048,2026-09-17,LKUS_push,feature_UOJYBEifd5Jn,区号近60分钟的访问次数,104
0048,2026-09-17,LKUS_push,feature_YkpmaKaJhcdG,区号近1天内的访问次数,104
0048,2026-09-17,LKUS_push,feature_7DbBgowc2mEl,IP近1分钟的访问次数,104
0048,2026-09-17,LKUS_push,feature_SdA1CjZvNCMG,区号近1分钟的访问次数,104
0048,2026-09-17,LKUS_push,feature_e1Kmz7JqzsWc,同区号近60分钟V3token为空对应手机号个数,104
0048,2026-09-17,LKUS_push,feature_WxHUxqIN0IuS,同IP近5分钟的访问次数,104
0048,2026-09-17,LKUS_push,feature_lydpDiga6SB9,手机号近5分钟的访问次数,104
0048,2026-09-17,LKUS_push,feature_n91JeGM6gD6i,同区号近60分钟非美国IP访问次数,104
0048,2026-09-17,LKUS_push,feature_IPwzfPamC8eW,同手机号30分钟关联的IP city个数,104
0048,2026-09-17,LKUS_push,feature_53Ck9TgChpTW,IP近5分钟关联的手机号个数,104
0048,2026-09-17,LKUS_push,feature_TLXI8MNiNglz,reCAPTCHA V3风险分,49
0048,2026-09-17,LKUS_push,feature_KtSZtJ9w7f9r,IPC段近1分钟关联的手机号个数,104
0048,2026-09-17,LKUS_push,feature_r1bhlQnbfRHb,IP近60分钟关联的手机号个数,104
0048,2026-09-17,LKUS_push,feature_6qwgYPGGuJZ4,IPC段近10分钟关联的手机号个数,104
0048,2026-09-17,LKUS_push,feature_VItdlLjtEYnQ,IPC段近1天关联的手机号个数,104
0048,2026-09-17,LKUS_push,feature_JaT2oyzVtD0q,手机号近1分钟的访问次数,104
0048,2026-09-17,LKUS_push,feature_TGPe0mjAPwR5,IP近60分钟关联的国家区号个数,104
0048,2026-09-17,LKUS_push,feature_Wg4dZ6VJBuTb,IP近1分钟关联的手机号个数,104
0048,2026-09-17,LKUS_push,feature_hspErCH8fSCE,手机号近30分钟的访问次数,104
0048,2026-09-17,LKUS_push,feature_nnsdzZLQKPZ7,IP近10分钟关联的手机号个数,104
0048,2026-09-17,LKUS_push,feature_MHv7nra5Z6T5,reCAPTCHA V3 token是否有效,55
0048,2026-09-17,LKUS_login,feature_oxYJ6qJ3BAfv,用户编号白名单,25
0048,2026-09-17,LKUS_login,feature_P5eYl9a699fA,ip白名单,25
0048,2026-09-17,LKUS_login,feature_vTICzBPfD3Ds,ip C段白名单,25
0048,2026-09-17,LKUS_login,feature_yo8MLsBsGIsV,三方unionId白名单,25
0048,2026-09-17,LKUS_login,feature_kqtp6XVcXXiQ,手机号白名单,25
0048,2026-09-17,LKUS_login,feature_5caBWmAHDcCQ,邮箱白名单,25
0048,2026-09-17,LKUS_login,feature_K0JuGvXPoQsS,网关uid白名单,25
0048,2026-09-17,LKUS_login,feature_3CSh3LRVobu7,手机号黑名单,24
0048,2026-09-17,LKUS_login,feature_jkeS0N10RDAn,网关uid黑名单,24
0048,2026-09-17,LKUS_login,feature_7qCVo92BIECU,三方unionId黑名单,24
0048,2026-09-17,LKUS_login,feature_9tl8mW2Gembc,邮箱黑名单,24
0048,2026-09-17,LKUS_login,feature_XtxCPW1x9QTU,ip C段黑名单,24
0048,2026-09-17,LKUS_login,feature_g43LuQcahzCJ,用户编号黑名单,24
0048,2026-09-17,LKUS_login,feature_cOkhRQVI91IV,ip黑名单,24
0048,2026-09-17,LKUS_login,feature_TLXI8MNiNglz,reCAPTCHA V3风险分,14
0048,2026-09-17,LKUS_grant_new_user_coupon,feature_oxYJ6qJ3BAfv,用户编号白名单,12
0048,2026-09-17,LKUS_grant_new_user_coupon,feature_P5eYl9a699fA,ip白名单,12
0048,2026-09-17,LKUS_grant_new_user_coupon,feature_vTICzBPfD3Ds,ip C段白名单,12
0048,2026-09-17,LKUS_grant_new_user_coupon,feature_yo8MLsBsGIsV,三方unionId白名单,12
0048,2026-09-17,LKUS_grant_new_user_coupon,feature_kqtp6XVcXXiQ,手机号白名单,12
0048,2026-09-17,LKUS_grant_new_user_coupon,feature_5caBWmAHDcCQ,邮箱白名单,12
0048,2026-09-17,LKUS_grant_new_user_coupon,feature_K0JuGvXPoQsS,网关uid白名单,12
0048,2026-09-17,LKUS_grant_new_user_coupon,feature_3CSh3LRVobu7,手机号黑名单,12
0048,2026-09-17,LKUS_grant_new_user_coupon,feature_jkeS0N10RDAn,网关uid黑名单,12
0048,2026-09-17,LKUS_grant_new_user_coupon,feature_7qCVo92BIECU,三方unionId黑名单,12
0048,2026-09-17,LKUS_grant_new_user_coupon,feature_9tl8mW2Gembc,邮箱黑名单,12
0048,2026-09-17,LKUS_grant_new_user_coupon,feature_cOkhRQVI91IV,ip黑名单,12
0048,2026-09-17,LKUS_grant_new_user_coupon,feature_XtxCPW1x9QTU,ip C段黑名单,12
0048,2026-09-17,LKUS_grant_new_user_coupon,feature_g43LuQcahzCJ,用户编号黑名单,12
0048,2026-09-17,LKUS_physical_order_create,feature_oxYJ6qJ3BAfv,用户编号白名单,87
0048,2026-09-17,LKUS_physical_order_create,feature_P5eYl9a699fA,ip白名单,87
0048,2026-09-17,LKUS_physical_order_create,feature_vTICzBPfD3Ds,ip C段白名单,87
0048,2026-09-17,LKUS_physical_order_create,feature_yo8MLsBsGIsV,三方unionId白名单,87
0048,2026-09-17,LKUS_physical_order_create,feature_kqtp6XVcXXiQ,手机号白名单,87
0048,2026-09-17,LKUS_physical_order_create,feature_5caBWmAHDcCQ,邮箱白名单,87
0048,2026-09-17,LKUS_physical_order_create,feature_K0JuGvXPoQsS,网关uid白名单,87
0048,2026-09-17,LKUS_physical_order_create,feature_3CSh3LRVobu7,手机号黑名单,76
0048,2026-09-17,LKUS_physical_order_create,feature_jkeS0N10RDAn,网关uid黑名单,76
0048,2026-09-17,LKUS_physical_order_create,feature_7qCVo92BIECU,三方unionId黑名单,76
0048,2026-09-17,LKUS_physical_order_create,feature_9tl8mW2Gembc,邮箱黑名单,76
0048,2026-09-17,LKUS_physical_order_create,feature_XtxCPW1x9QTU,ip C段黑名单,76
0048,2026-09-17,LKUS_physical_order_create,feature_g43LuQcahzCJ,用户编号黑名单,76
0048,2026-09-17,LKUS_physical_order_create,feature_cOkhRQVI91IV,ip黑名单,76
0048,2026-09-17,LKUS_physical_order_create,feature_TLXI8MNiNglz,reCAPTCHA V3风险分,38
0048,2026-09-17,LKUS_payment,feature_oxYJ6qJ3BAfv,用户编号白名单,89
0048,2026-09-17,LKUS_payment,feature_P5eYl9a699fA,ip白名单,89
0048,2026-09-17,LKUS_payment,feature_vTICzBPfD3Ds,ip C段白名单,89
0048,2026-09-17,LKUS_payment,feature_yo8MLsBsGIsV,三方unionId白名单,89
0048,2026-09-17,LKUS_payment,feature_kqtp6XVcXXiQ,手机号白名单,89
0048,2026-09-17,LKUS_payment,feature_5caBWmAHDcCQ,邮箱白名单,89
0048,2026-09-17,LKUS_payment,feature_K0JuGvXPoQsS,网关uid白名单,89
0048,2026-09-17,LKUS_payment,feature_3CSh3LRVobu7,手机号黑名单,78
0048,2026-09-17,LKUS_payment,feature_jkeS0N10RDAn,网关uid黑名单,78
0048,2026-09-17,LKUS_payment,feature_7qCVo92BIECU,三方unionId黑名单,78
0048,2026-09-17,LKUS_payment,feature_9tl8mW2Gembc,邮箱黑名单,78
0048,2026-09-17,LKUS_payment,feature_cOkhRQVI91IV,ip黑名单,78
0048,2026-09-17,LKUS_payment,feature_XtxCPW1x9QTU,ip C段黑名单,78
0048,2026-09-17,LKUS_payment,feature_g43LuQcahzCJ,用户编号黑名单,78
0048,2026-09-17,LKUS_payment,feature_MHv7nra5Z6T5,reCAPTCHA V3 token是否有效,40
0048,2026-09-17,LKUS_physical_order_create,feature_MHv7nra5Z6T5,reCAPTCHA V3 token是否有效,38
0048,2026-09-17,LKUS_payment,feature_TLXI8MNiNglz,reCAPTCHA V3风险分,38
0048,2026-09-17,LKUS_register,feature_oxYJ6qJ3BAfv,用户编号白名单,17
0048,2026-09-17,LKUS_register,feature_P5eYl9a699fA,ip白名单,17
0048,2026-09-17,LKUS_register,feature_vTICzBPfD3Ds,ip C段白名单,17
0048,2026-09-17,LKUS_register,feature_yo8MLsBsGIsV,三方unionId白名单,17
0048,2026-09-17,LKUS_register,feature_kqtp6XVcXXiQ,手机号白名单,17
0048,2026-09-17,LKUS_register,feature_5caBWmAHDcCQ,邮箱白名单,17
0048,2026-09-17,LKUS_register,feature_K0JuGvXPoQsS,网关uid白名单,17
0048,2026-09-17,LKUS_register,feature_3CSh3LRVobu7,手机号黑名单,17
0048,2026-09-17,LKUS_register,feature_jkeS0N10RDAn,网关uid黑名单,17
0048,2026-09-17,LKUS_register,feature_7qCVo92BIECU,三方unionId黑名单,17
0048,2026-09-17,LKUS_register,feature_9tl8mW2Gembc,邮箱黑名单,17
0048,2026-09-17,LKUS_register,feature_cOkhRQVI91IV,ip黑名单,17
0048,2026-09-17,LKUS_register,feature_XtxCPW1x9QTU,ip C段黑名单,17
0048,2026-09-17,LKUS_register,feature_g43LuQcahzCJ,用户编号黑名单,17
0048,2026-09-17,LKUS_login,feature_MHv7nra5Z6T5,reCAPTCHA V3 token是否有效,10
0048,2026-09-18,LKUS_push,feature_Fik6gvwY1tA6,手机号近1天的访问次数,98
0048,2026-09-18,LKUS_push,feature_oxYJ6qJ3BAfv,用户编号白名单,98
0048,2026-09-18,LKUS_push,feature_P5eYl9a699fA,ip白名单,98
0048,2026-09-18,LKUS_push,feature_vTICzBPfD3Ds,ip C段白名单,98
0048,2026-09-18,LKUS_push,feature_yo8MLsBsGIsV,三方unionId白名单,98
0048,2026-09-18,LKUS_push,feature_kqtp6XVcXXiQ,手机号白名单,98
0048,2026-09-18,LKUS_push,feature_5caBWmAHDcCQ,邮箱白名单,98
0048,2026-09-18,LKUS_push,feature_K0JuGvXPoQsS,网关uid白名单,98
0048,2026-09-18,LKUS_push,feature_3CSh3LRVobu7,手机号黑名单,96
0048,2026-09-18,LKUS_push,feature_jkeS0N10RDAn,网关uid黑名单,96
0048,2026-09-18,LKUS_push,feature_7qCVo92BIECU,三方unionId黑名单,96
0048,2026-09-18,LKUS_push,feature_9tl8mW2Gembc,邮箱黑名单,96
0048,2026-09-18,LKUS_push,feature_cOkhRQVI91IV,ip黑名单,96
0048,2026-09-18,LKUS_push,feature_XtxCPW1x9QTU,ip C段黑名单,96
0048,2026-09-18,LKUS_push,feature_g43LuQcahzCJ,用户编号黑名单,96
0048,2026-09-18,LKUS_push,feature_dqBHKec09Wwa,同区号近60分钟未携带recaptchaV3token 访问次数,96
0048,2026-09-18,LKUS_push,feature_UOJYBEifd5Jn,区号近60分钟的访问次数,96
0048,2026-09-18,LKUS_push,feature_dtoJoDcUgCcr,同区号近60分钟对应手机号个数,96
0048,2026-09-18,LKUS_push,feature_Ym70ZsfxQKSc,一分钟请求量,96
0048,2026-09-18,LKUS_push,feature_9EHsNcVBo6IN,IPC段近1天关联的国家区号个数,96
0048,2026-09-18,LKUS_push,feature_TGPe0mjAPwR5,IP近60分钟关联的国家区号个数,96
0048,2026-09-18,LKUS_push,feature_pf88qk27w76j,区号近5分钟的访问次数,96
0048,2026-09-18,LKUS_push,feature_7DbBgowc2mEl,IP近1分钟的访问次数,96
0048,2026-09-18,LKUS_push,feature_WxHUxqIN0IuS,同IP近5分钟的访问次数,96
0048,2026-09-18,LKUS_push,feature_YkpmaKaJhcdG,区号近1天内的访问次数,96
0048,2026-09-18,LKUS_push,feature_e1Kmz7JqzsWc,同区号近60分钟V3token为空对应手机号个数,96
0048,2026-09-18,LKUS_push,feature_lydpDiga6SB9,手机号近5分钟的访问次数,96
0048,2026-09-18,LKUS_push,feature_n91JeGM6gD6i,同区号近60分钟非美国IP访问次数,96
0048,2026-09-18,LKUS_push,feature_SdA1CjZvNCMG,区号近1分钟的访问次数,96
0048,2026-09-18,LKUS_push,feature_MHv7nra5Z6T5,reCAPTCHA V3 token是否有效,11
0048,2026-09-18,LKUS_push,feature_53Ck9TgChpTW,IP近5分钟关联的手机号个数,96
0048,2026-09-18,LKUS_push,feature_IPwzfPamC8eW,同手机号30分钟关联的IP city个数,96
0048,2026-09-18,LKUS_push,feature_JaT2oyzVtD0q,手机号近1分钟的访问次数,96
0048,2026-09-18,LKUS_push,feature_6qwgYPGGuJZ4,IPC段近10分钟关联的手机号个数,96
0048,2026-09-18,LKUS_push,feature_KtSZtJ9w7f9r,IPC段近1分钟关联的手机号个数,96
0048,2026-09-18,LKUS_push,feature_VItdlLjtEYnQ,IPC段近1天关联的手机号个数,96
0048,2026-09-18,LKUS_push,feature_r1bhlQnbfRHb,IP近60分钟关联的手机号个数,96
0048,2026-09-18,LKUS_push,feature_nnsdzZLQKPZ7,IP近10分钟关联的手机号个数,96
0048,2026-09-18,LKUS_push,feature_Wg4dZ6VJBuTb,IP近1分钟关联的手机号个数,96
0048,2026-09-18,LKUS_push,feature_hspErCH8fSCE,手机号近30分钟的访问次数,96
0048,2026-09-18,LKUS_push,feature_TLXI8MNiNglz,reCAPTCHA V3风险分,85
0048,2026-09-18,LKUS_register,feature_vTICzBPfD3Ds,ip C段白名单,9
0048,2026-09-18,LKUS_register,feature_oxYJ6qJ3BAfv,用户编号白名单,9
0048,2026-09-18,LKUS_register,feature_P5eYl9a699fA,ip白名单,9
0048,2026-09-18,LKUS_register,feature_yo8MLsBsGIsV,三方unionId白名单,9
0048,2026-09-18,LKUS_register,feature_kqtp6XVcXXiQ,手机号白名单,9
0048,2026-09-18,LKUS_register,feature_K0JuGvXPoQsS,网关uid白名单,9
0048,2026-09-18,LKUS_register,feature_5caBWmAHDcCQ,邮箱白名单,9
0048,2026-09-18,LKUS_register,feature_3CSh3LRVobu7,手机号黑名单,9
0048,2026-09-18,LKUS_register,feature_jkeS0N10RDAn,网关uid黑名单,9
0048,2026-09-18,LKUS_register,feature_7qCVo92BIECU,三方unionId黑名单,9
0048,2026-09-18,LKUS_register,feature_9tl8mW2Gembc,邮箱黑名单,9
0048,2026-09-18,LKUS_register,feature_g43LuQcahzCJ,用户编号黑名单,9
0048,2026-09-18,LKUS_register,feature_XtxCPW1x9QTU,ip C段黑名单,9
0048,2026-09-18,LKUS_register,feature_cOkhRQVI91IV,ip黑名单,9
0048,2026-09-18,LKUS_payment,feature_vTICzBPfD3Ds,ip C段白名单,75
0048,2026-09-18,LKUS_payment,feature_oxYJ6qJ3BAfv,用户编号白名单,75
0048,2026-09-18,LKUS_payment,feature_P5eYl9a699fA,ip白名单,75
0048,2026-09-18,LKUS_payment,feature_yo8MLsBsGIsV,三方unionId白名单,75
0048,2026-09-18,LKUS_payment,feature_kqtp6XVcXXiQ,手机号白名单,75
0048,2026-09-18,LKUS_payment,feature_K0JuGvXPoQsS,网关uid白名单,75
0048,2026-09-18,LKUS_payment,feature_5caBWmAHDcCQ,邮箱白名单,75
0048,2026-09-18,LKUS_payment,feature_3CSh3LRVobu7,手机号黑名单,64
0048,2026-09-18,LKUS_payment,feature_jkeS0N10RDAn,网关uid黑名单,64
0048,2026-09-18,LKUS_payment,feature_7qCVo92BIECU,三方unionId黑名单,64
0048,2026-09-18,LKUS_payment,feature_9tl8mW2Gembc,邮箱黑名单,64
0048,2026-09-18,LKUS_payment,feature_g43LuQcahzCJ,用户编号黑名单,64
0048,2026-09-18,LKUS_payment,feature_XtxCPW1x9QTU,ip C段黑名单,64
0048,2026-09-18,LKUS_payment,feature_cOkhRQVI91IV,ip黑名单,64
0048,2026-09-18,LKUS_payment,feature_MHv7nra5Z6T5,reCAPTCHA V3 token是否有效,27
0048,2026-09-18,LKUS_physical_order_create,feature_vTICzBPfD3Ds,ip C段白名单,77
0048,2026-09-18,LKUS_physical_order_create,feature_P5eYl9a699fA,ip白名单,77
0048,2026-09-18,LKUS_physical_order_create,feature_oxYJ6qJ3BAfv,用户编号白名单,77
0048,2026-09-18,LKUS_physical_order_create,feature_yo8MLsBsGIsV,三方unionId白名单,77
0048,2026-09-18,LKUS_physical_order_create,feature_kqtp6XVcXXiQ,手机号白名单,77
0048,2026-09-18,LKUS_physical_order_create,feature_K0JuGvXPoQsS,网关uid白名单,77
0048,2026-09-18,LKUS_physical_order_create,feature_5caBWmAHDcCQ,邮箱白名单,77
0048,2026-09-18,LKUS_physical_order_create,feature_3CSh3LRVobu7,手机号黑名单,66
0048,2026-09-18,LKUS_physical_order_create,feature_jkeS0N10RDAn,网关uid黑名单,66
0048,2026-09-18,LKUS_physical_order_create,feature_7qCVo92BIECU,三方unionId黑名单,66
0048,2026-09-18,LKUS_physical_order_create,feature_9tl8mW2Gembc,邮箱黑名单,66
0048,2026-09-18,LKUS_physical_order_create,feature_XtxCPW1x9QTU,ip C段黑名单,66
0048,2026-09-18,LKUS_physical_order_create,feature_g43LuQcahzCJ,用户编号黑名单,66
0048,2026-09-18,LKUS_physical_order_create,feature_cOkhRQVI91IV,ip黑名单,66
0048,2026-09-18,LKUS_physical_order_create,feature_TLXI8MNiNglz,reCAPTCHA V3风险分,34
0048,2026-09-18,LKUS_physical_order_create,feature_MHv7nra5Z6T5,reCAPTCHA V3 token是否有效,32
0048,2026-09-18,LKUS_payment,feature_TLXI8MNiNglz,reCAPTCHA V3风险分,37
0048,2026-09-18,LKUS_login,feature_vTICzBPfD3Ds,ip C段白名单,12
0048,2026-09-18,LKUS_login,feature_P5eYl9a699fA,ip白名单,12
0048,2026-09-18,LKUS_login,feature_oxYJ6qJ3BAfv,用户编号白名单,12
0048,2026-09-18,LKUS_login,feature_yo8MLsBsGIsV,三方unionId白名单,12
0048,2026-09-18,LKUS_login,feature_kqtp6XVcXXiQ,手机号白名单,12
0048,2026-09-18,LKUS_login,feature_K0JuGvXPoQsS,网关uid白名单,12
0048,2026-09-18,LKUS_login,feature_5caBWmAHDcCQ,邮箱白名单,12
0048,2026-09-18,LKUS_login,feature_3CSh3LRVobu7,手机号黑名单,11
0048,2026-09-18,LKUS_login,feature_jkeS0N10RDAn,网关uid黑名单,11
0048,2026-09-18,LKUS_login,feature_7qCVo92BIECU,三方unionId黑名单,11
0048,2026-09-18,LKUS_login,feature_9tl8mW2Gembc,邮箱黑名单,11
0048,2026-09-18,LKUS_login,feature_XtxCPW1x9QTU,ip C段黑名单,11
0048,2026-09-18,LKUS_login,feature_g43LuQcahzCJ,用户编号黑名单,11
0048,2026-09-18,LKUS_login,feature_cOkhRQVI91IV,ip黑名单,11
0048,2026-09-18,LKUS_login,feature_TLXI8MNiNglz,reCAPTCHA V3风险分,7
0048,2026-09-18,LKUS_grant_new_user_coupon,feature_vTICzBPfD3Ds,ip C段白名单,8
0048,2026-09-18,LKUS_grant_new_user_coupon,feature_P5eYl9a699fA,ip白名单,8
0048,2026-09-18,LKUS_grant_new_user_coupon,feature_oxYJ6qJ3BAfv,用户编号白名单,8
0048,2026-09-18,LKUS_grant_new_user_coupon,feature_yo8MLsBsGIsV,三方unionId白名单,8
0048,2026-09-18,LKUS_grant_new_user_coupon,feature_kqtp6XVcXXiQ,手机号白名单,8
0048,2026-09-18,LKUS_grant_new_user_coupon,feature_K0JuGvXPoQsS,网关uid白名单,8
0048,2026-09-18,LKUS_grant_new_user_coupon,feature_5caBWmAHDcCQ,邮箱白名单,8
0048,2026-09-18,LKUS_grant_new_user_coupon,feature_3CSh3LRVobu7,手机号黑名单,8
0048,2026-09-18,LKUS_grant_new_user_coupon,feature_jkeS0N10RDAn,网关uid黑名单,8
0048,2026-09-18,LKUS_grant_new_user_coupon,feature_7qCVo92BIECU,三方unionId黑名单,8
0048,2026-09-18,LKUS_grant_new_user_coupon,feature_9tl8mW2Gembc,邮箱黑名单,8
0048,2026-09-18,LKUS_grant_new_user_coupon,feature_XtxCPW1x9QTU,ip C段黑名单,8
0048,2026-09-18,LKUS_grant_new_user_coupon,feature_g43LuQcahzCJ,用户编号黑名单,8
0048,2026-09-18,LKUS_grant_new_user_coupon,feature_cOkhRQVI91IV,ip黑名单,8
0048,2026-09-18,LKUS_login,feature_MHv7nra5Z6T5,reCAPTCHA V3 token是否有效,4
0048,2026-09-18,LKUS_push,feature_AemrK847uPtt,同IP近1分钟关联手机号累计数,35
0048,2026-09-18,LKUS_push,feature_bvE9FL19wqag,同IP近5分钟关联手机号累计数,35
0048,2026-09-19,LKUS_push,feature_Fik6gvwY1tA6,手机号近1天的访问次数,98
0048,2026-09-19,LKUS_push,feature_vTICzBPfD3Ds,ip C段白名单,98
0048,2026-09-19,LKUS_push,feature_oxYJ6qJ3BAfv,用户编号白名单,98
0048,2026-09-19,LKUS_push,feature_P5eYl9a699fA,ip白名单,98
0048,2026-09-19,LKUS_push,feature_yo8MLsBsGIsV,三方unionId白名单,98
0048,2026-09-19,LKUS_push,feature_kqtp6XVcXXiQ,手机号白名单,98
0048,2026-09-19,LKUS_push,feature_K0JuGvXPoQsS,网关uid白名单,98
0048,2026-09-19,LKUS_push,feature_5caBWmAHDcCQ,邮箱白名单,98
0048,2026-09-19,LKUS_push,feature_3CSh3LRVobu7,手机号黑名单,97
0048,2026-09-19,LKUS_push,feature_jkeS0N10RDAn,网关uid黑名单,97
0048,2026-09-19,LKUS_push,feature_7qCVo92BIECU,三方unionId黑名单,97
0048,2026-09-19,LKUS_push,feature_9tl8mW2Gembc,邮箱黑名单,97
0048,2026-09-19,LKUS_push,feature_g43LuQcahzCJ,用户编号黑名单,97
0048,2026-09-19,LKUS_push,feature_XtxCPW1x9QTU,ip C段黑名单,97
0048,2026-09-19,LKUS_push,feature_cOkhRQVI91IV,ip黑名单,97
0048,2026-09-19,LKUS_push,feature_nnsdzZLQKPZ7,IP近10分钟关联的手机号个数,97
0048,2026-09-19,LKUS_push,feature_Ym70ZsfxQKSc,一分钟请求量,97
0048,2026-09-19,LKUS_push,feature_pf88qk27w76j,区号近5分钟的访问次数,97
0048,2026-09-19,LKUS_push,feature_dtoJoDcUgCcr,同区号近60分钟对应手机号个数,97
0048,2026-09-19,LKUS_push,feature_bvE9FL19wqag,同IP近5分钟关联手机号累计数,90
0048,2026-09-19,LKUS_push,feature_TLXI8MNiNglz,reCAPTCHA V3风险分,97
0048,2026-09-19,LKUS_push,feature_TGPe0mjAPwR5,IP近60分钟关联的国家区号个数,97
0048,2026-09-19,LKUS_push,feature_YkpmaKaJhcdG,区号近1天内的访问次数,97
0048,2026-09-19,LKUS_push,feature_7DbBgowc2mEl,IP近1分钟的访问次数,97
0048,2026-09-19,LKUS_push,feature_6qwgYPGGuJZ4,IPC段近10分钟关联的手机号个数,97
0048,2026-09-19,LKUS_push,feature_KtSZtJ9w7f9r,IPC段近1分钟关联的手机号个数,97
0048,2026-09-19,LKUS_push,feature_JaT2oyzVtD0q,手机号近1分钟的访问次数,97
0048,2026-09-19,LKUS_push,feature_UOJYBEifd5Jn,区号近60分钟的访问次数,97
0048,2026-09-19,LKUS_push,feature_e1Kmz7JqzsWc,同区号近60分钟V3token为空对应手机号个数,97
0048,2026-09-19,LKUS_push,feature_IPwzfPamC8eW,同手机号30分钟关联的IP city个数,97
0048,2026-09-19,LKUS_push,feature_n91JeGM6gD6i,同区号近60分钟非美国IP访问次数,97
0048,2026-09-19,LKUS_push,feature_53Ck9TgChpTW,IP近5分钟关联的手机号个数,97
0048,2026-09-19,LKUS_push,feature_hspErCH8fSCE,手机号近30分钟的访问次数,97
0048,2026-09-19,LKUS_push,feature_SdA1CjZvNCMG,区号近1分钟的访问次数,97
0048,2026-09-19,LKUS_push,feature_lydpDiga6SB9,手机号近5分钟的访问次数,97
0048,2026-09-19,LKUS_push,feature_WxHUxqIN0IuS,同IP近5分钟的访问次数,97
0048,2026-09-19,LKUS_push,feature_AemrK847uPtt,同IP近1分钟关联手机号累计数,90
0048,2026-09-19,LKUS_push,feature_VItdlLjtEYnQ,IPC段近1天关联的手机号个数,97
0048,2026-09-19,LKUS_push,feature_Wg4dZ6VJBuTb,IP近1分钟关联的手机号个数,97
0048,2026-09-19,LKUS_push,feature_9EHsNcVBo6IN,IPC段近1天关联的国家区号个数,97
0048,2026-09-19,LKUS_push,feature_r1bhlQnbfRHb,IP近60分钟关联的手机号个数,97
0048,2026-09-19,LKUS_push,feature_dqBHKec09Wwa,同区号近60分钟未携带recaptchaV3token 访问次数,97
0048,2026-09-19,LKUS_physical_order_create,feature_vTICzBPfD3Ds,ip C段白名单,63
0048,2026-09-19,LKUS_physical_order_create,feature_oxYJ6qJ3BAfv,用户编号白名单,63
0048,2026-09-19,LKUS_physical_order_create,feature_P5eYl9a699fA,ip白名单,63
0048,2026-09-19,LKUS_physical_order_create,feature_yo8MLsBsGIsV,三方unionId白名单,63
0048,2026-09-19,LKUS_physical_order_create,feature_kqtp6XVcXXiQ,手机号白名单,63
0048,2026-09-19,LKUS_physical_order_create,feature_K0JuGvXPoQsS,网关uid白名单,63
0048,2026-09-19,LKUS_physical_order_create,feature_5caBWmAHDcCQ,邮箱白名单,63
0048,2026-09-19,LKUS_physical_order_create,feature_3CSh3LRVobu7,手机号黑名单,48
0048,2026-09-19,LKUS_physical_order_create,feature_jkeS0N10RDAn,网关uid黑名单,48
0048,2026-09-19,LKUS_physical_order_create,feature_7qCVo92BIECU,三方unionId黑名单,48
0048,2026-09-19,LKUS_physical_order_create,feature_9tl8mW2Gembc,邮箱黑名单,48
0048,2026-09-19,LKUS_physical_order_create,feature_g43LuQcahzCJ,用户编号黑名单,48
0048,2026-09-19,LKUS_physical_order_create,feature_XtxCPW1x9QTU,ip C段黑名单,48
0048,2026-09-19,LKUS_physical_order_create,feature_cOkhRQVI91IV,ip黑名单,48
0048,2026-09-19,LKUS_physical_order_create,feature_MHv7nra5Z6T5,reCAPTCHA V3 token是否有效,19
0048,2026-09-19,LKUS_payment,feature_vTICzBPfD3Ds,ip C段白名单,63
0048,2026-09-19,LKUS_payment,feature_oxYJ6qJ3BAfv,用户编号白名单,63
0048,2026-09-19,LKUS_payment,feature_P5eYl9a699fA,ip白名单,63
0048,2026-09-19,LKUS_payment,feature_yo8MLsBsGIsV,三方unionId白名单,63
0048,2026-09-19,LKUS_payment,feature_kqtp6XVcXXiQ,手机号白名单,63
0048,2026-09-19,LKUS_payment,feature_K0JuGvXPoQsS,网关uid白名单,63
0048,2026-09-19,LKUS_payment,feature_5caBWmAHDcCQ,邮箱白名单,63
0048,2026-09-19,LKUS_payment,feature_3CSh3LRVobu7,手机号黑名单,47
0048,2026-09-19,LKUS_payment,feature_jkeS0N10RDAn,网关uid黑名单,47
0048,2026-09-19,LKUS_payment,feature_7qCVo92BIECU,三方unionId黑名单,47
0048,2026-09-19,LKUS_payment,feature_9tl8mW2Gembc,邮箱黑名单,47
0048,2026-09-19,LKUS_payment,feature_g43LuQcahzCJ,用户编号黑名单,47
0048,2026-09-19,LKUS_payment,feature_XtxCPW1x9QTU,ip C段黑名单,47
0048,2026-09-19,LKUS_payment,feature_cOkhRQVI91IV,ip黑名单,47
0048,2026-09-19,LKUS_payment,feature_MHv7nra5Z6T5,reCAPTCHA V3 token是否有效,25
0048,2026-09-19,LKUS_login,feature_vTICzBPfD3Ds,ip C段白名单,14
0048,2026-09-19,LKUS_login,feature_P5eYl9a699fA,ip白名单,14
0048,2026-09-19,LKUS_login,feature_oxYJ6qJ3BAfv,用户编号白名单,14
0048,2026-09-19,LKUS_login,feature_yo8MLsBsGIsV,三方unionId白名单,14
0048,2026-09-19,LKUS_login,feature_kqtp6XVcXXiQ,手机号白名单,14
0048,2026-09-19,LKUS_login,feature_K0JuGvXPoQsS,网关uid白名单,14
0048,2026-09-19,LKUS_login,feature_5caBWmAHDcCQ,邮箱白名单,14
0048,2026-09-19,LKUS_login,feature_3CSh3LRVobu7,手机号黑名单,14
0048,2026-09-19,LKUS_login,feature_jkeS0N10RDAn,网关uid黑名单,14
0048,2026-09-19,LKUS_login,feature_7qCVo92BIECU,三方unionId黑名单,14
0048,2026-09-19,LKUS_login,feature_9tl8mW2Gembc,邮箱黑名单,14
0048,2026-09-19,LKUS_login,feature_XtxCPW1x9QTU,ip C段黑名单,14
0048,2026-09-19,LKUS_login,feature_g43LuQcahzCJ,用户编号黑名单,14
0048,2026-09-19,LKUS_login,feature_cOkhRQVI91IV,ip黑名单,14
0048,2026-09-19,LKUS_login,feature_TLXI8MNiNglz,reCAPTCHA V3风险分,5
0048,2026-09-19,LKUS_grant_new_user_coupon,feature_vTICzBPfD3Ds,ip C段白名单,8
0048,2026-09-19,LKUS_grant_new_user_coupon,feature_P5eYl9a699fA,ip白名单,8
0048,2026-09-19,LKUS_grant_new_user_coupon,feature_oxYJ6qJ3BAfv,用户编号白名单,8
0048,2026-09-19,LKUS_grant_new_user_coupon,feature_yo8MLsBsGIsV,三方unionId白名单,8
0048,2026-09-19,LKUS_grant_new_user_coupon,feature_kqtp6XVcXXiQ,手机号白名单,8
0048,2026-09-19,LKUS_grant_new_user_coupon,feature_K0JuGvXPoQsS,网关uid白名单,8
0048,2026-09-19,LKUS_grant_new_user_coupon,feature_5caBWmAHDcCQ,邮箱白名单,8
0048,2026-09-19,LKUS_grant_new_user_coupon,feature_3CSh3LRVobu7,手机号黑名单,8
0048,2026-09-19,LKUS_grant_new_user_coupon,feature_jkeS0N10RDAn,网关uid黑名单,8
0048,2026-09-19,LKUS_grant_new_user_coupon,feature_7qCVo92BIECU,三方unionId黑名单,8
0048,2026-09-19,LKUS_grant_new_user_coupon,feature_9tl8mW2Gembc,邮箱黑名单,8
0048,2026-09-19,LKUS_grant_new_user_coupon,feature_XtxCPW1x9QTU,ip C段黑名单,8
0048,2026-09-19,LKUS_grant_new_user_coupon,feature_g43LuQcahzCJ,用户编号黑名单,8
0048,2026-09-19,LKUS_grant_new_user_coupon,feature_cOkhRQVI91IV,ip黑名单,8
0048,2026-09-19,LKUS_physical_order_create,feature_TLXI8MNiNglz,reCAPTCHA V3风险分,29
0048,2026-09-19,LKUS_payment,feature_TLXI8MNiNglz,reCAPTCHA V3风险分,22
0048,2026-09-19,LKUS_login,feature_MHv7nra5Z6T5,reCAPTCHA V3 token是否有效,9
0048,2026-09-19,LKUS_register,feature_vTICzBPfD3Ds,ip C段白名单,6
0048,2026-09-19,LKUS_register,feature_P5eYl9a699fA,ip白名单,6
0048,2026-09-19,LKUS_register,feature_oxYJ6qJ3BAfv,用户编号白名单,6
0048,2026-09-19,LKUS_register,feature_yo8MLsBsGIsV,三方unionId白名单,6
0048,2026-09-19,LKUS_register,feature_kqtp6XVcXXiQ,手机号白名单,6
0048,2026-09-19,LKUS_register,feature_K0JuGvXPoQsS,网关uid白名单,6
0048,2026-09-19,LKUS_register,feature_5caBWmAHDcCQ,邮箱白名单,6
0048,2026-09-19,LKUS_register,feature_3CSh3LRVobu7,手机号黑名单,6
0048,2026-09-19,LKUS_register,feature_jkeS0N10RDAn,网关uid黑名单,6
0048,2026-09-19,LKUS_register,feature_7qCVo92BIECU,三方unionId黑名单,6
0048,2026-09-19,LKUS_register,feature_9tl8mW2Gembc,邮箱黑名单,6
0048,2026-09-19,LKUS_register,feature_XtxCPW1x9QTU,ip C段黑名单,6
0048,2026-09-19,LKUS_register,feature_g43LuQcahzCJ,用户编号黑名单,6
0048,2026-09-19,LKUS_register,feature_cOkhRQVI91IV,ip黑名单,6
0048,2026-09-19,LKUS_push,feature_AemrK847uPtt,同IP同手机号近1分钟累计请求次数,7
0048,2026-09-19,LKUS_push,feature_bvE9FL19wqag,同IP同手机号近5分钟累计请求次数,7
0048,2026-09-20,LKUS_push,feature_Fik6gvwY1tA6,手机号近1天的访问次数,50
0048,2026-09-20,LKUS_push,feature_vTICzBPfD3Ds,ip C段白名单,50
0048,2026-09-20,LKUS_push,feature_P5eYl9a699fA,ip白名单,50
0048,2026-09-20,LKUS_push,feature_oxYJ6qJ3BAfv,用户编号白名单,50
0048,2026-09-20,LKUS_push,feature_yo8MLsBsGIsV,三方unionId白名单,50
0048,2026-09-20,LKUS_push,feature_kqtp6XVcXXiQ,手机号白名单,50
0048,2026-09-20,LKUS_push,feature_K0JuGvXPoQsS,网关uid白名单,50
0048,2026-09-20,LKUS_push,feature_5caBWmAHDcCQ,邮箱白名单,50
0048,2026-09-20,LKUS_push,feature_3CSh3LRVobu7,手机号黑名单,48
0048,2026-09-20,LKUS_push,feature_jkeS0N10RDAn,网关uid黑名单,48
0048,2026-09-20,LKUS_push,feature_7qCVo92BIECU,三方unionId黑名单,48
0048,2026-09-20,LKUS_push,feature_9tl8mW2Gembc,邮箱黑名单,48
0048,2026-09-20,LKUS_push,feature_XtxCPW1x9QTU,ip C段黑名单,48
0048,2026-09-20,LKUS_push,feature_g43LuQcahzCJ,用户编号黑名单,48
0048,2026-09-20,LKUS_push,feature_cOkhRQVI91IV,ip黑名单,48
0048,2026-09-20,LKUS_push,feature_53Ck9TgChpTW,IP近5分钟关联的手机号个数,48
0048,2026-09-20,LKUS_push,feature_TLXI8MNiNglz,reCAPTCHA V3风险分,48
0048,2026-09-20,LKUS_push,feature_Wg4dZ6VJBuTb,IP近1分钟关联的手机号个数,48
0048,2026-09-20,LKUS_push,feature_IPwzfPamC8eW,同手机号30分钟关联的IP city个数,48
0048,2026-09-20,LKUS_push,feature_SdA1CjZvNCMG,区号近1分钟的访问次数,48
0048,2026-09-20,LKUS_push,feature_WxHUxqIN0IuS,同IP近5分钟的访问次数,48
0048,2026-09-20,LKUS_push,feature_lydpDiga6SB9,手机号近5分钟的访问次数,48
0048,2026-09-20,LKUS_push,feature_e1Kmz7JqzsWc,同区号近60分钟V3token为空对应手机号个数,48
0048,2026-09-20,LKUS_push,feature_hspErCH8fSCE,手机号近30分钟的访问次数,48
0048,2026-09-20,LKUS_push,feature_pf88qk27w76j,区号近5分钟的访问次数,48
0048,2026-09-20,LKUS_push,feature_r1bhlQnbfRHb,IP近60分钟关联的手机号个数,48
0048,2026-09-20,LKUS_push,feature_n91JeGM6gD6i,同区号近60分钟非美国IP访问次数,48
0048,2026-09-20,LKUS_push,feature_dqBHKec09Wwa,同区号近60分钟未携带recaptchaV3token 访问次数,48
0048,2026-09-20,LKUS_push,feature_VItdlLjtEYnQ,IPC段近1天关联的手机号个数,48
0048,2026-09-20,LKUS_push,feature_9EHsNcVBo6IN,IPC段近1天关联的国家区号个数,48
0048,2026-09-20,LKUS_push,feature_Ym70ZsfxQKSc,一分钟请求量,48
0048,2026-09-20,LKUS_push,feature_nnsdzZLQKPZ7,IP近10分钟关联的手机号个数,48
0048,2026-09-20,LKUS_push,feature_YkpmaKaJhcdG,区号近1天内的访问次数,48
0048,2026-09-20,LKUS_push,feature_AemrK847uPtt,同IP同手机号近1分钟累计请求次数,48
0048,2026-09-20,LKUS_push,feature_7DbBgowc2mEl,IP近1分钟的访问次数,48
0048,2026-09-20,LKUS_push,feature_dtoJoDcUgCcr,同区号近60分钟对应手机号个数,48
0048,2026-09-20,LKUS_push,feature_JaT2oyzVtD0q,手机号近1分钟的访问次数,48
0048,2026-09-20,LKUS_push,feature_bvE9FL19wqag,同IP同手机号近5分钟累计请求次数,48
0048,2026-09-20,LKUS_push,feature_TGPe0mjAPwR5,IP近60分钟关联的国家区号个数,48
0048,2026-09-20,LKUS_push,feature_UOJYBEifd5Jn,区号近60分钟的访问次数,48
0048,2026-09-20,LKUS_push,feature_KtSZtJ9w7f9r,IPC段近1分钟关联的手机号个数,48
0048,2026-09-20,LKUS_push,feature_6qwgYPGGuJZ4,IPC段近10分钟关联的手机号个数,48
0048,2026-09-20,LKUS_login,feature_vTICzBPfD3Ds,ip C段白名单,17
0048,2026-09-20,LKUS_login,feature_P5eYl9a699fA,ip白名单,17
0048,2026-09-20,LKUS_login,feature_oxYJ6qJ3BAfv,用户编号白名单,17
0048,2026-09-20,LKUS_login,feature_yo8MLsBsGIsV,三方unionId白名单,17
0048,2026-09-20,LKUS_login,feature_kqtp6XVcXXiQ,手机号白名单,17
0048,2026-09-20,LKUS_login,feature_K0JuGvXPoQsS,网关uid白名单,17
0048,2026-09-20,LKUS_login,feature_5caBWmAHDcCQ,邮箱白名单,17
0048,2026-09-20,LKUS_login,feature_3CSh3LRVobu7,手机号黑名单,16
0048,2026-09-20,LKUS_login,feature_jkeS0N10RDAn,网关uid黑名单,16
0048,2026-09-20,LKUS_login,feature_7qCVo92BIECU,三方unionId黑名单,16
0048,2026-09-20,LKUS_login,feature_9tl8mW2Gembc,邮箱黑名单,16
0048,2026-09-20,LKUS_login,feature_XtxCPW1x9QTU,ip C段黑名单,16
0048,2026-09-20,LKUS_login,feature_g43LuQcahzCJ,用户编号黑名单,16
0048,2026-09-20,LKUS_login,feature_cOkhRQVI91IV,ip黑名单,16
0048,2026-09-20,LKUS_login,feature_TLXI8MNiNglz,reCAPTCHA V3风险分,7
0048,2026-09-20,LKUS_physical_order_create,feature_vTICzBPfD3Ds,ip C段白名单,43
0048,2026-09-20,LKUS_physical_order_create,feature_P5eYl9a699fA,ip白名单,43
0048,2026-09-20,LKUS_physical_order_create,feature_oxYJ6qJ3BAfv,用户编号白名单,43
0048,2026-09-20,LKUS_physical_order_create,feature_yo8MLsBsGIsV,三方unionId白名单,43
0048,2026-09-20,LKUS_physical_order_create,feature_kqtp6XVcXXiQ,手机号白名单,43
0048,2026-09-20,LKUS_physical_order_create,feature_K0JuGvXPoQsS,网关uid白名单,43
0048,2026-09-20,LKUS_physical_order_create,feature_5caBWmAHDcCQ,邮箱白名单,43
0048,2026-09-20,LKUS_payment,feature_vTICzBPfD3Ds,ip C段白名单,44
0048,2026-09-20,LKUS_payment,feature_P5eYl9a699fA,ip白名单,44
0048,2026-09-20,LKUS_payment,feature_oxYJ6qJ3BAfv,用户编号白名单,44
0048,2026-09-20,LKUS_payment,feature_yo8MLsBsGIsV,三方unionId白名单,44
0048,2026-09-20,LKUS_payment,feature_kqtp6XVcXXiQ,手机号白名单,44
0048,2026-09-20,LKUS_payment,feature_K0JuGvXPoQsS,网关uid白名单,44
0048,2026-09-20,LKUS_payment,feature_5caBWmAHDcCQ,邮箱白名单,44
0048,2026-09-20,LKUS_physical_order_create,feature_3CSh3LRVobu7,手机号黑名单,32
0048,2026-09-20,LKUS_physical_order_create,feature_jkeS0N10RDAn,网关uid黑名单,32
0048,2026-09-20,LKUS_physical_order_create,feature_7qCVo92BIECU,三方unionId黑名单,32
0048,2026-09-20,LKUS_physical_order_create,feature_9tl8mW2Gembc,邮箱黑名单,32
0048,2026-09-20,LKUS_physical_order_create,feature_g43LuQcahzCJ,用户编号黑名单,32
0048,2026-09-20,LKUS_physical_order_create,feature_XtxCPW1x9QTU,ip C段黑名单,32
0048,2026-09-20,LKUS_physical_order_create,feature_cOkhRQVI91IV,ip黑名单,32
0048,2026-09-20,LKUS_physical_order_create,feature_MHv7nra5Z6T5,reCAPTCHA V3 token是否有效,21
0048,2026-09-20,LKUS_payment,feature_3CSh3LRVobu7,手机号黑名单,33
0048,2026-09-20,LKUS_payment,feature_jkeS0N10RDAn,网关uid黑名单,33
0048,2026-09-20,LKUS_payment,feature_7qCVo92BIECU,三方unionId黑名单,33
0048,2026-09-20,LKUS_payment,feature_9tl8mW2Gembc,邮箱黑名单,33
0048,2026-09-20,LKUS_payment,feature_g43LuQcahzCJ,用户编号黑名单,33
0048,2026-09-20,LKUS_payment,feature_XtxCPW1x9QTU,ip C段黑名单,33
0048,2026-09-20,LKUS_payment,feature_cOkhRQVI91IV,ip黑名单,33
0048,2026-09-20,LKUS_payment,feature_MHv7nra5Z6T5,reCAPTCHA V3 token是否有效,14
0048,2026-09-20,LKUS_payment,feature_TLXI8MNiNglz,reCAPTCHA V3风险分,19
0048,2026-09-20,LKUS_login,feature_MHv7nra5Z6T5,reCAPTCHA V3 token是否有效,9
0048,2026-09-20,LKUS_grant_new_user_coupon,feature_vTICzBPfD3Ds,ip C段白名单,9
0048,2026-09-20,LKUS_grant_new_user_coupon,feature_oxYJ6qJ3BAfv,用户编号白名单,9
0048,2026-09-20,LKUS_grant_new_user_coupon,feature_P5eYl9a699fA,ip白名单,9
0048,2026-09-20,LKUS_grant_new_user_coupon,feature_yo8MLsBsGIsV,三方unionId白名单,9
0048,2026-09-20,LKUS_grant_new_user_coupon,feature_kqtp6XVcXXiQ,手机号白名单,9
0048,2026-09-20,LKUS_grant_new_user_coupon,feature_K0JuGvXPoQsS,网关uid白名单,9
0048,2026-09-20,LKUS_grant_new_user_coupon,feature_5caBWmAHDcCQ,邮箱白名单,9
0048,2026-09-20,LKUS_grant_new_user_coupon,feature_3CSh3LRVobu7,手机号黑名单,9
0048,2026-09-20,LKUS_grant_new_user_coupon,feature_jkeS0N10RDAn,网关uid黑名单,9
0048,2026-09-20,LKUS_grant_new_user_coupon,feature_7qCVo92BIECU,三方unionId黑名单,9
0048,2026-09-20,LKUS_grant_new_user_coupon,feature_9tl8mW2Gembc,邮箱黑名单,9
0048,2026-09-20,LKUS_grant_new_user_coupon,feature_g43LuQcahzCJ,用户编号黑名单,9
0048,2026-09-20,LKUS_grant_new_user_coupon,feature_XtxCPW1x9QTU,ip C段黑名单,9
0048,2026-09-20,LKUS_grant_new_user_coupon,feature_cOkhRQVI91IV,ip黑名单,9
0048,2026-09-20,LKUS_physical_order_create,feature_TLXI8MNiNglz,reCAPTCHA V3风险分,11
0048,2026-09-20,LKUS_register,feature_vTICzBPfD3Ds,ip C段白名单,4
0048,2026-09-20,LKUS_register,feature_oxYJ6qJ3BAfv,用户编号白名单,4
0048,2026-09-20,LKUS_register,feature_P5eYl9a699fA,ip白名单,4
0048,2026-09-20,LKUS_register,feature_yo8MLsBsGIsV,三方unionId白名单,4
0048,2026-09-20,LKUS_register,feature_kqtp6XVcXXiQ,手机号白名单,4
0048,2026-09-20,LKUS_register,feature_K0JuGvXPoQsS,网关uid白名单,4
0048,2026-09-20,LKUS_register,feature_5caBWmAHDcCQ,邮箱白名单,4
0048,2026-09-20,LKUS_register,feature_3CSh3LRVobu7,手机号黑名单,4
0048,2026-09-20,LKUS_register,feature_jkeS0N10RDAn,网关uid黑名单,4
0048,2026-09-20,LKUS_register,feature_7qCVo92BIECU,三方unionId黑名单,4
0048,2026-09-20,LKUS_register,feature_9tl8mW2Gembc,邮箱黑名单,4
0048,2026-09-20,LKUS_register,feature_g43LuQcahzCJ,用户编号黑名单,4
0048,2026-09-20,LKUS_register,feature_XtxCPW1x9QTU,ip C段黑名单,4
0048,2026-09-20,LKUS_register,feature_cOkhRQVI91IV,ip黑名单,4
0048,2026-09-21,LKUS_push,feature_Fik6gvwY1tA6,手机号近1天的访问次数,60
0048,2026-09-21,LKUS_push,feature_vTICzBPfD3Ds,ip C段白名单,60
0048,2026-09-21,LKUS_push,feature_oxYJ6qJ3BAfv,用户编号白名单,60
0048,2026-09-21,LKUS_push,feature_P5eYl9a699fA,ip白名单,60
0048,2026-09-21,LKUS_push,feature_yo8MLsBsGIsV,三方unionId白名单,60
0048,2026-09-21,LKUS_push,feature_kqtp6XVcXXiQ,手机号白名单,60
0048,2026-09-21,LKUS_push,feature_K0JuGvXPoQsS,网关uid白名单,60
0048,2026-09-21,LKUS_push,feature_5caBWmAHDcCQ,邮箱白名单,60
0048,2026-09-21,LKUS_push,feature_3CSh3LRVobu7,手机号黑名单,60
0048,2026-09-21,LKUS_push,feature_jkeS0N10RDAn,网关uid黑名单,60
0048,2026-09-21,LKUS_push,feature_7qCVo92BIECU,三方unionId黑名单,60
0048,2026-09-21,LKUS_push,feature_9tl8mW2Gembc,邮箱黑名单,60
0048,2026-09-21,LKUS_push,feature_g43LuQcahzCJ,用户编号黑名单,60
0048,2026-09-21,LKUS_push,feature_XtxCPW1x9QTU,ip C段黑名单,60
0048,2026-09-21,LKUS_push,feature_cOkhRQVI91IV,ip黑名单,60
0048,2026-09-21,LKUS_push,feature_nnsdzZLQKPZ7,IP近10分钟关联的手机号个数,60
0048,2026-09-21,LKUS_push,feature_Ym70ZsfxQKSc,一分钟请求量,60
0048,2026-09-21,LKUS_push,feature_pf88qk27w76j,区号近5分钟的访问次数,60
0048,2026-09-21,LKUS_push,feature_dtoJoDcUgCcr,同区号近60分钟对应手机号个数,60
0048,2026-09-21,LKUS_push,feature_AemrK847uPtt,同IP同手机号近1分钟累计请求次数,60
0048,2026-09-21,LKUS_push,feature_TLXI8MNiNglz,reCAPTCHA V3风险分,60
0048,2026-09-21,LKUS_push,feature_TGPe0mjAPwR5,IP近60分钟关联的国家区号个数,60
0048,2026-09-21,LKUS_push,feature_YkpmaKaJhcdG,区号近1天内的访问次数,60
0048,2026-09-21,LKUS_push,feature_bvE9FL19wqag,同IP同手机号近5分钟累计请求次数,60
0048,2026-09-21,LKUS_push,feature_7DbBgowc2mEl,IP近1分钟的访问次数,60
0048,2026-09-21,LKUS_push,feature_6qwgYPGGuJZ4,IPC段近10分钟关联的手机号个数,60
0048,2026-09-21,LKUS_push,feature_KtSZtJ9w7f9r,IPC段近1分钟关联的手机号个数,60
0048,2026-09-21,LKUS_push,feature_JaT2oyzVtD0q,手机号近1分钟的访问次数,60
0048,2026-09-21,LKUS_push,feature_UOJYBEifd5Jn,区号近60分钟的访问次数,60
0048,2026-09-21,LKUS_push,feature_e1Kmz7JqzsWc,同区号近60分钟V3token为空对应手机号个数,60
0048,2026-09-21,LKUS_push,feature_IPwzfPamC8eW,同手机号30分钟关联的IP city个数,60
0048,2026-09-21,LKUS_push,feature_n91JeGM6gD6i,同区号近60分钟非美国IP访问次数,60
0048,2026-09-21,LKUS_push,feature_53Ck9TgChpTW,IP近5分钟关联的手机号个数,60
0048,2026-09-21,LKUS_push,feature_hspErCH8fSCE,手机号近30分钟的访问次数,60
0048,2026-09-21,LKUS_push,feature_SdA1CjZvNCMG,区号近1分钟的访问次数,60
0048,2026-09-21,LKUS_push,feature_lydpDiga6SB9,手机号近5分钟的访问次数,60
0048,2026-09-21,LKUS_push,feature_WxHUxqIN0IuS,同IP近5分钟的访问次数,60
0048,2026-09-21,LKUS_push,feature_VItdlLjtEYnQ,IPC段近1天关联的手机号个数,60
0048,2026-09-21,LKUS_push,feature_Wg4dZ6VJBuTb,IP近1分钟关联的手机号个数,60
0048,2026-09-21,LKUS_push,feature_9EHsNcVBo6IN,IPC段近1天关联的国家区号个数,60
0048,2026-09-21,LKUS_push,feature_r1bhlQnbfRHb,IP近60分钟关联的手机号个数,60
0048,2026-09-21,LKUS_push,feature_dqBHKec09Wwa,同区号近60分钟未携带recaptchaV3token 访问次数,60
0048,2026-09-21,LKUS_physical_order_create,feature_vTICzBPfD3Ds,ip C段白名单,84
0048,2026-09-21,LKUS_physical_order_create,feature_oxYJ6qJ3BAfv,用户编号白名单,84
0048,2026-09-21,LKUS_physical_order_create,feature_P5eYl9a699fA,ip白名单,84
0048,2026-09-21,LKUS_physical_order_create,feature_yo8MLsBsGIsV,三方unionId白名单,84
0048,2026-09-21,LKUS_physical_order_create,feature_kqtp6XVcXXiQ,手机号白名单,84
0048,2026-09-21,LKUS_physical_order_create,feature_K0JuGvXPoQsS,网关uid白名单,84
0048,2026-09-21,LKUS_physical_order_create,feature_5caBWmAHDcCQ,邮箱白名单,84
0048,2026-09-21,LKUS_physical_order_create,feature_3CSh3LRVobu7,手机号黑名单,77
0048,2026-09-21,LKUS_physical_order_create,feature_jkeS0N10RDAn,网关uid黑名单,77
0048,2026-09-21,LKUS_physical_order_create,feature_7qCVo92BIECU,三方unionId黑名单,77
0048,2026-09-21,LKUS_physical_order_create,feature_9tl8mW2Gembc,邮箱黑名单,77
0048,2026-09-21,LKUS_physical_order_create,feature_g43LuQcahzCJ,用户编号黑名单,77
0048,2026-09-21,LKUS_physical_order_create,feature_XtxCPW1x9QTU,ip C段黑名单,77
0048,2026-09-21,LKUS_physical_order_create,feature_cOkhRQVI91IV,ip黑名单,77
0048,2026-09-21,LKUS_physical_order_create,feature_MHv7nra5Z6T5,reCAPTCHA V3 token是否有效,34
0048,2026-09-21,LKUS_payment,feature_vTICzBPfD3Ds,ip C段白名单,84
0048,2026-09-21,LKUS_payment,feature_P5eYl9a699fA,ip白名单,84
0048,2026-09-21,LKUS_payment,feature_oxYJ6qJ3BAfv,用户编号白名单,84
0048,2026-09-21,LKUS_payment,feature_yo8MLsBsGIsV,三方unionId白名单,84
0048,2026-09-21,LKUS_payment,feature_kqtp6XVcXXiQ,手机号白名单,84
0048,2026-09-21,LKUS_payment,feature_K0JuGvXPoQsS,网关uid白名单,84
0048,2026-09-21,LKUS_payment,feature_5caBWmAHDcCQ,邮箱白名单,84
0048,2026-09-21,LKUS_payment,feature_3CSh3LRVobu7,手机号黑名单,77
0048,2026-09-21,LKUS_payment,feature_jkeS0N10RDAn,网关uid黑名单,77
0048,2026-09-21,LKUS_payment,feature_7qCVo92BIECU,三方unionId黑名单,77
0048,2026-09-21,LKUS_payment,feature_9tl8mW2Gembc,邮箱黑名单,77
0048,2026-09-21,LKUS_payment,feature_XtxCPW1x9QTU,ip C段黑名单,77
0048,2026-09-21,LKUS_payment,feature_g43LuQcahzCJ,用户编号黑名单,77
0048,2026-09-21,LKUS_payment,feature_cOkhRQVI91IV,ip黑名单,77
0048,2026-09-21,LKUS_payment,feature_TLXI8MNiNglz,reCAPTCHA V3风险分,39
0048,2026-09-21,LKUS_payment,feature_MHv7nra5Z6T5,reCAPTCHA V3 token是否有效,38
0048,2026-09-21,LKUS_physical_order_create,feature_TLXI8MNiNglz,reCAPTCHA V3风险分,43
0048,2026-09-21,LKUS_login,feature_vTICzBPfD3Ds,ip C段白名单,17
0048,2026-09-21,LKUS_login,feature_P5eYl9a699fA,ip白名单,17
0048,2026-09-21,LKUS_login,feature_oxYJ6qJ3BAfv,用户编号白名单,17
0048,2026-09-21,LKUS_login,feature_yo8MLsBsGIsV,三方unionId白名单,17
0048,2026-09-21,LKUS_login,feature_kqtp6XVcXXiQ,手机号白名单,17
0048,2026-09-21,LKUS_login,feature_K0JuGvXPoQsS,网关uid白名单,17
0048,2026-09-21,LKUS_login,feature_5caBWmAHDcCQ,邮箱白名单,17
0048,2026-09-21,LKUS_login,feature_3CSh3LRVobu7,手机号黑名单,16
0048,2026-09-21,LKUS_login,feature_jkeS0N10RDAn,网关uid黑名单,16
0048,2026-09-21,LKUS_login,feature_7qCVo92BIECU,三方unionId黑名单,16
0048,2026-09-21,LKUS_login,feature_9tl8mW2Gembc,邮箱黑名单,16
0048,2026-09-21,LKUS_login,feature_XtxCPW1x9QTU,ip C段黑名单,16
0048,2026-09-21,LKUS_login,feature_g43LuQcahzCJ,用户编号黑名单,16
0048,2026-09-21,LKUS_login,feature_cOkhRQVI91IV,ip黑名单,16
0048,2026-09-21,LKUS_login,feature_TLXI8MNiNglz,reCAPTCHA V3风险分,11
0048,2026-09-21,LKUS_grant_new_user_coupon,feature_vTICzBPfD3Ds,ip C段白名单,9
0048,2026-09-21,LKUS_grant_new_user_coupon,feature_P5eYl9a699fA,ip白名单,9
0048,2026-09-21,LKUS_grant_new_user_coupon,feature_oxYJ6qJ3BAfv,用户编号白名单,9
0048,2026-09-21,LKUS_grant_new_user_coupon,feature_yo8MLsBsGIsV,三方unionId白名单,9
0048,2026-09-21,LKUS_grant_new_user_coupon,feature_kqtp6XVcXXiQ,手机号白名单,9
0048,2026-09-21,LKUS_grant_new_user_coupon,feature_K0JuGvXPoQsS,网关uid白名单,9
0048,2026-09-21,LKUS_grant_new_user_coupon,feature_5caBWmAHDcCQ,邮箱白名单,9
0048,2026-09-21,LKUS_grant_new_user_coupon,feature_3CSh3LRVobu7,手机号黑名单,9
0048,2026-09-21,LKUS_grant_new_user_coupon,feature_jkeS0N10RDAn,网关uid黑名单,9
0048,2026-09-21,LKUS_grant_new_user_coupon,feature_7qCVo92BIECU,三方unionId黑名单,9
0048,2026-09-21,LKUS_grant_new_user_coupon,feature_9tl8mW2Gembc,邮箱黑名单,9
0048,2026-09-21,LKUS_grant_new_user_coupon,feature_XtxCPW1x9QTU,ip C段黑名单,9
0048,2026-09-21,LKUS_grant_new_user_coupon,feature_g43LuQcahzCJ,用户编号黑名单,9
0048,2026-09-21,LKUS_grant_new_user_coupon,feature_cOkhRQVI91IV,ip黑名单,9
0048,2026-09-21,LKUS_login,feature_MHv7nra5Z6T5,reCAPTCHA V3 token是否有效,5
0048,2026-09-21,LKUS_register,feature_vTICzBPfD3Ds,ip C段白名单,6
0048,2026-09-21,LKUS_register,feature_oxYJ6qJ3BAfv,用户编号白名单,6
0048,2026-09-21,LKUS_register,feature_P5eYl9a699fA,ip白名单,6
0048,2026-09-21,LKUS_register,feature_yo8MLsBsGIsV,三方unionId白名单,6
0048,2026-09-21,LKUS_register,feature_kqtp6XVcXXiQ,手机号白名单,6
0048,2026-09-21,LKUS_register,feature_K0JuGvXPoQsS,网关uid白名单,6
0048,2026-09-21,LKUS_register,feature_5caBWmAHDcCQ,邮箱白名单,6
0048,2026-09-21,LKUS_register,feature_3CSh3LRVobu7,手机号黑名单,6
0048,2026-09-21,LKUS_register,feature_jkeS0N10RDAn,网关uid黑名单,6
0048,2026-09-21,LKUS_register,feature_7qCVo92BIECU,三方unionId黑名单,6
0048,2026-09-21,LKUS_register,feature_9tl8mW2Gembc,邮箱黑名单,6
0048,2026-09-21,LKUS_register,feature_g43LuQcahzCJ,用户编号黑名单,6
0048,2026-09-21,LKUS_register,feature_XtxCPW1x9QTU,ip C段黑名单,6
0048,2026-09-21,LKUS_register,feature_cOkhRQVI91IV,ip黑名单,6
0048,2026-09-22,LKUS_push,feature_Fik6gvwY1tA6,手机号近1天的访问次数,113
0048,2026-09-22,LKUS_push,feature_vTICzBPfD3Ds,ip C段白名单,113
0048,2026-09-22,LKUS_push,feature_P5eYl9a699fA,ip白名单,113
0048,2026-09-22,LKUS_push,feature_oxYJ6qJ3BAfv,用户编号白名单,113
0048,2026-09-22,LKUS_push,feature_yo8MLsBsGIsV,三方unionId白名单,113
0048,2026-09-22,LKUS_push,feature_kqtp6XVcXXiQ,手机号白名单,113
0048,2026-09-22,LKUS_push,feature_K0JuGvXPoQsS,网关uid白名单,113
0048,2026-09-22,LKUS_push,feature_5caBWmAHDcCQ,邮箱白名单,113
0048,2026-09-22,LKUS_push,feature_3CSh3LRVobu7,手机号黑名单,106
0048,2026-09-22,LKUS_push,feature_jkeS0N10RDAn,网关uid黑名单,106
0048,2026-09-22,LKUS_push,feature_7qCVo92BIECU,三方unionId黑名单,106
0048,2026-09-22,LKUS_push,feature_9tl8mW2Gembc,邮箱黑名单,106
0048,2026-09-22,LKUS_push,feature_XtxCPW1x9QTU,ip C段黑名单,106
0048,2026-09-22,LKUS_push,feature_g43LuQcahzCJ,用户编号黑名单,106
0048,2026-09-22,LKUS_push,feature_cOkhRQVI91IV,ip黑名单,106
0048,2026-09-22,LKUS_push,feature_53Ck9TgChpTW,IP近5分钟关联的手机号个数,106
0048,2026-09-22,LKUS_push,feature_TLXI8MNiNglz,reCAPTCHA V3风险分,106
0048,2026-09-22,LKUS_push,feature_Wg4dZ6VJBuTb,IP近1分钟关联的手机号个数,106
0048,2026-09-22,LKUS_push,feature_IPwzfPamC8eW,同手机号30分钟关联的IP city个数,106
0048,2026-09-22,LKUS_push,feature_SdA1CjZvNCMG,区号近1分钟的访问次数,106
0048,2026-09-22,LKUS_push,feature_WxHUxqIN0IuS,同IP近5分钟的访问次数,106
0048,2026-09-22,LKUS_push,feature_lydpDiga6SB9,手机号近5分钟的访问次数,106
0048,2026-09-22,LKUS_push,feature_e1Kmz7JqzsWc,同区号近60分钟V3token为空对应手机号个数,106
0048,2026-09-22,LKUS_push,feature_hspErCH8fSCE,手机号近30分钟的访问次数,106
0048,2026-09-22,LKUS_push,feature_pf88qk27w76j,区号近5分钟的访问次数,106
0048,2026-09-22,LKUS_push,feature_r1bhlQnbfRHb,IP近60分钟关联的手机号个数,106
0048,2026-09-22,LKUS_push,feature_n91JeGM6gD6i,同区号近60分钟非美国IP访问次数,106
0048,2026-09-22,LKUS_push,feature_dqBHKec09Wwa,同区号近60分钟未携带recaptchaV3token 访问次数,106
0048,2026-09-22,LKUS_push,feature_VItdlLjtEYnQ,IPC段近1天关联的手机号个数,106
0048,2026-09-22,LKUS_push,feature_9EHsNcVBo6IN,IPC段近1天关联的国家区号个数,106
0048,2026-09-22,LKUS_push,feature_Ym70ZsfxQKSc,一分钟请求量,106
0048,2026-09-22,LKUS_push,feature_nnsdzZLQKPZ7,IP近10分钟关联的手机号个数,106
0048,2026-09-22,LKUS_push,feature_YkpmaKaJhcdG,区号近1天内的访问次数,106
0048,2026-09-22,LKUS_push,feature_AemrK847uPtt,同IP同手机号近1分钟累计请求次数,106
0048,2026-09-22,LKUS_push,feature_7DbBgowc2mEl,IP近1分钟的访问次数,106
0048,2026-09-22,LKUS_push,feature_dtoJoDcUgCcr,同区号近60分钟对应手机号个数,106
0048,2026-09-22,LKUS_push,feature_JaT2oyzVtD0q,手机号近1分钟的访问次数,106
0048,2026-09-22,LKUS_push,feature_bvE9FL19wqag,同IP同手机号近5分钟累计请求次数,106
0048,2026-09-22,LKUS_push,feature_TGPe0mjAPwR5,IP近60分钟关联的国家区号个数,106
0048,2026-09-22,LKUS_push,feature_UOJYBEifd5Jn,区号近60分钟的访问次数,106
0048,2026-09-22,LKUS_push,feature_KtSZtJ9w7f9r,IPC段近1分钟关联的手机号个数,106
0048,2026-09-22,LKUS_push,feature_6qwgYPGGuJZ4,IPC段近10分钟关联的手机号个数,106
0048,2026-09-22,LKUS_physical_order_create,feature_vTICzBPfD3Ds,ip C段白名单,117
0048,2026-09-22,LKUS_physical_order_create,feature_P5eYl9a699fA,ip白名单,117
0048,2026-09-22,LKUS_physical_order_create,feature_oxYJ6qJ3BAfv,用户编号白名单,117
0048,2026-09-22,LKUS_physical_order_create,feature_yo8MLsBsGIsV,三方unionId白名单,117
0048,2026-09-22,LKUS_physical_order_create,feature_kqtp6XVcXXiQ,手机号白名单,117
0048,2026-09-22,LKUS_physical_order_create,feature_K0JuGvXPoQsS,网关uid白名单,117
0048,2026-09-22,LKUS_physical_order_create,feature_5caBWmAHDcCQ,邮箱白名单,117
0048,2026-09-22,LKUS_physical_order_create,feature_3CSh3LRVobu7,手机号黑名单,102
0048,2026-09-22,LKUS_physical_order_create,feature_jkeS0N10RDAn,网关uid黑名单,102
0048,2026-09-22,LKUS_physical_order_create,feature_7qCVo92BIECU,三方unionId黑名单,102
0048,2026-09-22,LKUS_physical_order_create,feature_9tl8mW2Gembc,邮箱黑名单,102
0048,2026-09-22,LKUS_physical_order_create,feature_XtxCPW1x9QTU,ip C段黑名单,102
0048,2026-09-22,LKUS_physical_order_create,feature_g43LuQcahzCJ,用户编号黑名单,102
0048,2026-09-22,LKUS_physical_order_create,feature_cOkhRQVI91IV,ip黑名单,102
0048,2026-09-22,LKUS_physical_order_create,feature_TLXI8MNiNglz,reCAPTCHA V3风险分,48
0048,2026-09-22,LKUS_payment,feature_vTICzBPfD3Ds,ip C段白名单,113
0048,2026-09-22,LKUS_payment,feature_P5eYl9a699fA,ip白名单,113
0048,2026-09-22,LKUS_payment,feature_oxYJ6qJ3BAfv,用户编号白名单,113
0048,2026-09-22,LKUS_payment,feature_yo8MLsBsGIsV,三方unionId白名单,113
0048,2026-09-22,LKUS_payment,feature_kqtp6XVcXXiQ,手机号白名单,113
0048,2026-09-22,LKUS_payment,feature_K0JuGvXPoQsS,网关uid白名单,113
0048,2026-09-22,LKUS_payment,feature_5caBWmAHDcCQ,邮箱白名单,113
0048,2026-09-22,LKUS_payment,feature_3CSh3LRVobu7,手机号黑名单,97
0048,2026-09-22,LKUS_payment,feature_jkeS0N10RDAn,网关uid黑名单,97
0048,2026-09-22,LKUS_payment,feature_7qCVo92BIECU,三方unionId黑名单,97
0048,2026-09-22,LKUS_payment,feature_9tl8mW2Gembc,邮箱黑名单,97
0048,2026-09-22,LKUS_payment,feature_XtxCPW1x9QTU,ip C段黑名单,97
0048,2026-09-22,LKUS_payment,feature_g43LuQcahzCJ,用户编号黑名单,97
0048,2026-09-22,LKUS_payment,feature_cOkhRQVI91IV,ip黑名单,97
0048,2026-09-22,LKUS_payment,feature_TLXI8MNiNglz,reCAPTCHA V3风险分,47
0048,2026-09-22,LKUS_payment,feature_MHv7nra5Z6T5,reCAPTCHA V3 token是否有效,50
0048,2026-09-22,LKUS_physical_order_create,feature_MHv7nra5Z6T5,reCAPTCHA V3 token是否有效,54
0048,2026-09-22,LKUS_register,feature_vTICzBPfD3Ds,ip C段白名单,7
0048,2026-09-22,LKUS_register,feature_P5eYl9a699fA,ip白名单,7
0048,2026-09-22,LKUS_register,feature_oxYJ6qJ3BAfv,用户编号白名单,7
0048,2026-09-22,LKUS_register,feature_yo8MLsBsGIsV,三方unionId白名单,7
0048,2026-09-22,LKUS_register,feature_kqtp6XVcXXiQ,手机号白名单,7
0048,2026-09-22,LKUS_register,feature_K0JuGvXPoQsS,网关uid白名单,7
0048,2026-09-22,LKUS_register,feature_5caBWmAHDcCQ,邮箱白名单,7
0048,2026-09-22,LKUS_register,feature_3CSh3LRVobu7,手机号黑名单,6
0048,2026-09-22,LKUS_register,feature_jkeS0N10RDAn,网关uid黑名单,6
0048,2026-09-22,LKUS_register,feature_7qCVo92BIECU,三方unionId黑名单,6
0048,2026-09-22,LKUS_register,feature_9tl8mW2Gembc,邮箱黑名单,6
0048,2026-09-22,LKUS_register,feature_XtxCPW1x9QTU,ip C段黑名单,6
0048,2026-09-22,LKUS_register,feature_g43LuQcahzCJ,用户编号黑名单,6
0048,2026-09-22,LKUS_register,feature_cOkhRQVI91IV,ip黑名单,6
0048,2026-09-22,LKUS_physical_order_cancel,feature_vTICzBPfD3Ds,ip C段白名单,1
0048,2026-09-22,LKUS_physical_order_cancel,feature_oxYJ6qJ3BAfv,用户编号白名单,1
0048,2026-09-22,LKUS_physical_order_cancel,feature_P5eYl9a699fA,ip白名单,1
0048,2026-09-22,LKUS_physical_order_cancel,feature_yo8MLsBsGIsV,三方unionId白名单,1
0048,2026-09-22,LKUS_physical_order_cancel,feature_kqtp6XVcXXiQ,手机号白名单,1
0048,2026-09-22,LKUS_physical_order_cancel,feature_K0JuGvXPoQsS,网关uid白名单,1
0048,2026-09-22,LKUS_physical_order_cancel,feature_5caBWmAHDcCQ,邮箱白名单,1
0048,2026-09-22,LKUS_physical_order_cancel,feature_3CSh3LRVobu7,手机号黑名单,1
0048,2026-09-22,LKUS_physical_order_cancel,feature_jkeS0N10RDAn,网关uid黑名单,1
0048,2026-09-22,LKUS_physical_order_cancel,feature_7qCVo92BIECU,三方unionId黑名单,1
0048,2026-09-22,LKUS_physical_order_cancel,feature_9tl8mW2Gembc,邮箱黑名单,1
0048,2026-09-22,LKUS_physical_order_cancel,feature_g43LuQcahzCJ,用户编号黑名单,1
0048,2026-09-22,LKUS_physical_order_cancel,feature_XtxCPW1x9QTU,ip C段黑名单,1
0048,2026-09-22,LKUS_physical_order_cancel,feature_cOkhRQVI91IV,ip黑名单,1
0048,2026-09-22,LKUS_login,feature_vTICzBPfD3Ds,ip C段白名单,12
0048,2026-09-22,LKUS_login,feature_oxYJ6qJ3BAfv,用户编号白名单,12
0048,2026-09-22,LKUS_login,feature_P5eYl9a699fA,ip白名单,12
0048,2026-09-22,LKUS_login,feature_yo8MLsBsGIsV,三方unionId白名单,12
0048,2026-09-22,LKUS_login,feature_kqtp6XVcXXiQ,手机号白名单,12
0048,2026-09-22,LKUS_login,feature_K0JuGvXPoQsS,网关uid白名单,12
0048,2026-09-22,LKUS_login,feature_5caBWmAHDcCQ,邮箱白名单,12
0048,2026-09-22,LKUS_login,feature_3CSh3LRVobu7,手机号黑名单,12
0048,2026-09-22,LKUS_login,feature_jkeS0N10RDAn,网关uid黑名单,12
0048,2026-09-22,LKUS_login,feature_7qCVo92BIECU,三方unionId黑名单,12
0048,2026-09-22,LKUS_login,feature_9tl8mW2Gembc,邮箱黑名单,12
0048,2026-09-22,LKUS_login,feature_g43LuQcahzCJ,用户编号黑名单,12
0048,2026-09-22,LKUS_login,feature_XtxCPW1x9QTU,ip C段黑名单,12
0048,2026-09-22,LKUS_login,feature_cOkhRQVI91IV,ip黑名单,12
0048,2026-09-22,LKUS_login,feature_MHv7nra5Z6T5,reCAPTCHA V3 token是否有效,9
0048,2026-09-22,LKUS_grant_new_user_coupon,feature_vTICzBPfD3Ds,ip C段白名单,7
0048,2026-09-22,LKUS_grant_new_user_coupon,feature_P5eYl9a699fA,ip白名单,7
0048,2026-09-22,LKUS_grant_new_user_coupon,feature_oxYJ6qJ3BAfv,用户编号白名单,7
0048,2026-09-22,LKUS_grant_new_user_coupon,feature_yo8MLsBsGIsV,三方unionId白名单,7
0048,2026-09-22,LKUS_grant_new_user_coupon,feature_kqtp6XVcXXiQ,手机号白名单,7
0048,2026-09-22,LKUS_grant_new_user_coupon,feature_K0JuGvXPoQsS,网关uid白名单,7
0048,2026-09-22,LKUS_grant_new_user_coupon,feature_5caBWmAHDcCQ,邮箱白名单,7
0048,2026-09-22,LKUS_grant_new_user_coupon,feature_3CSh3LRVobu7,手机号黑名单,7
0048,2026-09-22,LKUS_grant_new_user_coupon,feature_jkeS0N10RDAn,网关uid黑名单,7
0048,2026-09-22,LKUS_grant_new_user_coupon,feature_7qCVo92BIECU,三方unionId黑名单,7
0048,2026-09-22,LKUS_grant_new_user_coupon,feature_9tl8mW2Gembc,邮箱黑名单,7
0048,2026-09-22,LKUS_grant_new_user_coupon,feature_XtxCPW1x9QTU,ip C段黑名单,7
0048,2026-09-22,LKUS_grant_new_user_coupon,feature_g43LuQcahzCJ,用户编号黑名单,7
0048,2026-09-22,LKUS_grant_new_user_coupon,feature_cOkhRQVI91IV,ip黑名单,7
0048,2026-09-22,LKUS_push,feature_Gwh0jqPAdVNL,uid近1天关联的手机号个数,42
0048,2026-09-22,LKUS_push,feature_OE4u7WlFb1BT,uid近1天关联的IP国家个数,42
0048,2026-09-22,LKUS_login,feature_TLXI8MNiNglz,reCAPTCHA V3风险分,3
0048,2026-09-23,LKUS_push,feature_Fik6gvwY1tA6,手机号近1天的访问次数,95
0048,2026-09-23,LKUS_push,feature_vTICzBPfD3Ds,ip C段白名单,95
0048,2026-09-23,LKUS_push,feature_P5eYl9a699fA,ip白名单,95
0048,2026-09-23,LKUS_push,feature_oxYJ6qJ3BAfv,用户编号白名单,95
0048,2026-09-23,LKUS_push,feature_yo8MLsBsGIsV,三方unionId白名单,95
0048,2026-09-23,LKUS_push,feature_kqtp6XVcXXiQ,手机号白名单,95
0048,2026-09-23,LKUS_push,feature_K0JuGvXPoQsS,网关uid白名单,95
0048,2026-09-23,LKUS_push,feature_5caBWmAHDcCQ,邮箱白名单,95
0048,2026-09-23,LKUS_push,feature_3CSh3LRVobu7,手机号黑名单,92
0048,2026-09-23,LKUS_push,feature_jkeS0N10RDAn,网关uid黑名单,92
0048,2026-09-23,LKUS_push,feature_7qCVo92BIECU,三方unionId黑名单,92
0048,2026-09-23,LKUS_push,feature_9tl8mW2Gembc,邮箱黑名单,92
0048,2026-09-23,LKUS_push,feature_XtxCPW1x9QTU,ip C段黑名单,92
0048,2026-09-23,LKUS_push,feature_g43LuQcahzCJ,用户编号黑名单,92
0048,2026-09-23,LKUS_push,feature_cOkhRQVI91IV,ip黑名单,92
0048,2026-09-23,LKUS_push,feature_53Ck9TgChpTW,IP近5分钟关联的手机号个数,92
0048,2026-09-23,LKUS_push,feature_Gwh0jqPAdVNL,uid近1天关联的手机号个数,92
0048,2026-09-23,LKUS_push,feature_TLXI8MNiNglz,reCAPTCHA V3风险分,92
0048,2026-09-23,LKUS_push,feature_Wg4dZ6VJBuTb,IP近1分钟关联的手机号个数,92
0048,2026-09-23,LKUS_push,feature_IPwzfPamC8eW,同手机号30分钟关联的IP city个数,92
0048,2026-09-23,LKUS_push,feature_SdA1CjZvNCMG,区号近1分钟的访问次数,92
0048,2026-09-23,LKUS_push,feature_WxHUxqIN0IuS,同IP近5分钟的访问次数,92
0048,2026-09-23,LKUS_push,feature_lydpDiga6SB9,手机号近5分钟的访问次数,92
0048,2026-09-23,LKUS_push,feature_e1Kmz7JqzsWc,同区号近60分钟V3token为空对应手机号个数,92
0048,2026-09-23,LKUS_push,feature_hspErCH8fSCE,手机号近30分钟的访问次数,92
0048,2026-09-23,LKUS_push,feature_pf88qk27w76j,区号近5分钟的访问次数,92
0048,2026-09-23,LKUS_push,feature_r1bhlQnbfRHb,IP近60分钟关联的手机号个数,92
0048,2026-09-23,LKUS_push,feature_n91JeGM6gD6i,同区号近60分钟非美国IP访问次数,92
0048,2026-09-23,LKUS_push,feature_dqBHKec09Wwa,同区号近60分钟未携带recaptchaV3token 访问次数,92
0048,2026-09-23,LKUS_push,feature_VItdlLjtEYnQ,IPC段近1天关联的手机号个数,92
0048,2026-09-23,LKUS_push,feature_9EHsNcVBo6IN,IPC段近1天关联的国家区号个数,92
0048,2026-09-23,LKUS_push,feature_Ym70ZsfxQKSc,一分钟请求量,92
0048,2026-09-23,LKUS_push,feature_nnsdzZLQKPZ7,IP近10分钟关联的手机号个数,92
0048,2026-09-23,LKUS_push,feature_YkpmaKaJhcdG,区号近1天内的访问次数,92
0048,2026-09-23,LKUS_push,feature_OE4u7WlFb1BT,uid近1天关联的IP国家个数,92
0048,2026-09-23,LKUS_push,feature_AemrK847uPtt,同IP同手机号近1分钟累计请求次数,92
0048,2026-09-23,LKUS_push,feature_7DbBgowc2mEl,IP近1分钟的访问次数,92
0048,2026-09-23,LKUS_push,feature_dtoJoDcUgCcr,同区号近60分钟对应手机号个数,92
0048,2026-09-23,LKUS_push,feature_JaT2oyzVtD0q,手机号近1分钟的访问次数,92
0048,2026-09-23,LKUS_push,feature_bvE9FL19wqag,同IP同手机号近5分钟累计请求次数,92
0048,2026-09-23,LKUS_push,feature_TGPe0mjAPwR5,IP近60分钟关联的国家区号个数,92
0048,2026-09-23,LKUS_push,feature_UOJYBEifd5Jn,区号近60分钟的访问次数,92
0048,2026-09-23,LKUS_push,feature_KtSZtJ9w7f9r,IPC段近1分钟关联的手机号个数,92
0048,2026-09-23,LKUS_push,feature_6qwgYPGGuJZ4,IPC段近10分钟关联的手机号个数,92
0048,2026-09-23,LKUS_physical_order_create,feature_vTICzBPfD3Ds,ip C段白名单,107
0048,2026-09-23,LKUS_physical_order_create,feature_P5eYl9a699fA,ip白名单,107
0048,2026-09-23,LKUS_physical_order_create,feature_oxYJ6qJ3BAfv,用户编号白名单,107
0048,2026-09-23,LKUS_physical_order_create,feature_yo8MLsBsGIsV,三方unionId白名单,107
0048,2026-09-23,LKUS_physical_order_create,feature_kqtp6XVcXXiQ,手机号白名单,107
0048,2026-09-23,LKUS_physical_order_create,feature_K0JuGvXPoQsS,网关uid白名单,107
0048,2026-09-23,LKUS_physical_order_create,feature_5caBWmAHDcCQ,邮箱白名单,107
0048,2026-09-23,LKUS_physical_order_create,feature_3CSh3LRVobu7,手机号黑名单,98
0048,2026-09-23,LKUS_physical_order_create,feature_jkeS0N10RDAn,网关uid黑名单,98
0048,2026-09-23,LKUS_physical_order_create,feature_7qCVo92BIECU,三方unionId黑名单,98
0048,2026-09-23,LKUS_physical_order_create,feature_9tl8mW2Gembc,邮箱黑名单,98
0048,2026-09-23,LKUS_physical_order_create,feature_XtxCPW1x9QTU,ip C段黑名单,98
0048,2026-09-23,LKUS_physical_order_create,feature_g43LuQcahzCJ,用户编号黑名单,98
0048,2026-09-23,LKUS_physical_order_create,feature_cOkhRQVI91IV,ip黑名单,98
0048,2026-09-23,LKUS_physical_order_create,feature_TLXI8MNiNglz,reCAPTCHA V3风险分,52
0048,2026-09-23,LKUS_payment,feature_vTICzBPfD3Ds,ip C段白名单,109
0048,2026-09-23,LKUS_payment,feature_P5eYl9a699fA,ip白名单,109
0048,2026-09-23,LKUS_payment,feature_oxYJ6qJ3BAfv,用户编号白名单,109
0048,2026-09-23,LKUS_payment,feature_yo8MLsBsGIsV,三方unionId白名单,109
0048,2026-09-23,LKUS_payment,feature_kqtp6XVcXXiQ,手机号白名单,109
0048,2026-09-23,LKUS_payment,feature_K0JuGvXPoQsS,网关uid白名单,109
0048,2026-09-23,LKUS_payment,feature_5caBWmAHDcCQ,邮箱白名单,109
0048,2026-09-23,LKUS_payment,feature_3CSh3LRVobu7,手机号黑名单,100
0048,2026-09-23,LKUS_payment,feature_jkeS0N10RDAn,网关uid黑名单,100
0048,2026-09-23,LKUS_payment,feature_7qCVo92BIECU,三方unionId黑名单,100
0048,2026-09-23,LKUS_payment,feature_9tl8mW2Gembc,邮箱黑名单,100
0048,2026-09-23,LKUS_payment,feature_XtxCPW1x9QTU,ip C段黑名单,100
0048,2026-09-23,LKUS_payment,feature_g43LuQcahzCJ,用户编号黑名单,100
0048,2026-09-23,LKUS_payment,feature_cOkhRQVI91IV,ip黑名单,100
0048,2026-09-23,LKUS_payment,feature_TLXI8MNiNglz,reCAPTCHA V3风险分,52
0048,2026-09-23,LKUS_payment,feature_MHv7nra5Z6T5,reCAPTCHA V3 token是否有效,48
0048,2026-09-23,LKUS_physical_order_create,feature_MHv7nra5Z6T5,reCAPTCHA V3 token是否有效,46
0048,2026-09-23,LKUS_register,feature_vTICzBPfD3Ds,ip C段白名单,8
0048,2026-09-23,LKUS_register,feature_oxYJ6qJ3BAfv,用户编号白名单,8
0048,2026-09-23,LKUS_register,feature_P5eYl9a699fA,ip白名单,8
0048,2026-09-23,LKUS_register,feature_yo8MLsBsGIsV,三方unionId白名单,8
0048,2026-09-23,LKUS_register,feature_kqtp6XVcXXiQ,手机号白名单,8
0048,2026-09-23,LKUS_register,feature_K0JuGvXPoQsS,网关uid白名单,8
0048,2026-09-23,LKUS_register,feature_5caBWmAHDcCQ,邮箱白名单,8
0048,2026-09-23,LKUS_register,feature_3CSh3LRVobu7,手机号黑名单,8
0048,2026-09-23,LKUS_register,feature_jkeS0N10RDAn,网关uid黑名单,8
0048,2026-09-23,LKUS_register,feature_7qCVo92BIECU,三方unionId黑名单,8
0048,2026-09-23,LKUS_register,feature_9tl8mW2Gembc,邮箱黑名单,8
0048,2026-09-23,LKUS_register,feature_g43LuQcahzCJ,用户编号黑名单,8
0048,2026-09-23,LKUS_register,feature_XtxCPW1x9QTU,ip C段黑名单,8
0048,2026-09-23,LKUS_register,feature_cOkhRQVI91IV,ip黑名单,8
0048,2026-09-23,LKUS_login,feature_vTICzBPfD3Ds,ip C段白名单,19
0048,2026-09-23,LKUS_login,feature_P5eYl9a699fA,ip白名单,19
0048,2026-09-23,LKUS_login,feature_oxYJ6qJ3BAfv,用户编号白名单,19
0048,2026-09-23,LKUS_login,feature_yo8MLsBsGIsV,三方unionId白名单,19
0048,2026-09-23,LKUS_login,feature_kqtp6XVcXXiQ,手机号白名单,19
0048,2026-09-23,LKUS_login,feature_K0JuGvXPoQsS,网关uid白名单,19
0048,2026-09-23,LKUS_login,feature_5caBWmAHDcCQ,邮箱白名单,19
0048,2026-09-23,LKUS_login,feature_3CSh3LRVobu7,手机号黑名单,16
0048,2026-09-23,LKUS_login,feature_jkeS0N10RDAn,网关uid黑名单,16
0048,2026-09-23,LKUS_login,feature_7qCVo92BIECU,三方unionId黑名单,16
0048,2026-09-23,LKUS_login,feature_9tl8mW2Gembc,邮箱黑名单,16
0048,2026-09-23,LKUS_login,feature_g43LuQcahzCJ,用户编号黑名单,16
0048,2026-09-23,LKUS_login,feature_XtxCPW1x9QTU,ip C段黑名单,16
0048,2026-09-23,LKUS_login,feature_cOkhRQVI91IV,ip黑名单,16
0048,2026-09-23,LKUS_login,feature_MHv7nra5Z6T5,reCAPTCHA V3 token是否有效,9
0048,2026-09-23,LKUS_login,feature_TLXI8MNiNglz,reCAPTCHA V3风险分,7
0048,2026-09-23,LKUS_grant_new_user_coupon,feature_vTICzBPfD3Ds,ip C段白名单,7
0048,2026-09-23,LKUS_grant_new_user_coupon,feature_P5eYl9a699fA,ip白名单,7
0048,2026-09-23,LKUS_grant_new_user_coupon,feature_oxYJ6qJ3BAfv,用户编号白名单,7
0048,2026-09-23,LKUS_grant_new_user_coupon,feature_yo8MLsBsGIsV,三方unionId白名单,7
0048,2026-09-23,LKUS_grant_new_user_coupon,feature_kqtp6XVcXXiQ,手机号白名单,7
0048,2026-09-23,LKUS_grant_new_user_coupon,feature_K0JuGvXPoQsS,网关uid白名单,7
0048,2026-09-23,LKUS_grant_new_user_coupon,feature_5caBWmAHDcCQ,邮箱白名单,7
0048,2026-09-23,LKUS_grant_new_user_coupon,feature_3CSh3LRVobu7,手机号黑名单,7
0048,2026-09-23,LKUS_grant_new_user_coupon,feature_jkeS0N10RDAn,网关uid黑名单,7
0048,2026-09-23,LKUS_grant_new_user_coupon,feature_7qCVo92BIECU,三方unionId黑名单,7
0048,2026-09-23,LKUS_grant_new_user_coupon,feature_9tl8mW2Gembc,邮箱黑名单,7
0048,2026-09-23,LKUS_grant_new_user_coupon,feature_XtxCPW1x9QTU,ip C段黑名单,7
0048,2026-09-23,LKUS_grant_new_user_coupon,feature_g43LuQcahzCJ,用户编号黑名单,7
0048,2026-09-23,LKUS_grant_new_user_coupon,feature_cOkhRQVI91IV,ip黑名单,7
0048,2026-09-23,LKUS_physical_order_cancel,feature_vTICzBPfD3Ds,ip C段白名单,1
0048,2026-09-23,LKUS_physical_order_cancel,feature_oxYJ6qJ3BAfv,用户编号白名单,1
0048,2026-09-23,LKUS_physical_order_cancel,feature_P5eYl9a699fA,ip白名单,1
0048,2026-09-23,LKUS_physical_order_cancel,feature_yo8MLsBsGIsV,三方unionId白名单,1
0048,2026-09-23,LKUS_physical_order_cancel,feature_kqtp6XVcXXiQ,手机号白名单,1
0048,2026-09-23,LKUS_physical_order_cancel,feature_K0JuGvXPoQsS,网关uid白名单,1
0048,2026-09-23,LKUS_physical_order_cancel,feature_5caBWmAHDcCQ,邮箱白名单,1
0048,2026-09-23,LKUS_physical_order_cancel,feature_3CSh3LRVobu7,手机号黑名单,1
0048,2026-09-23,LKUS_physical_order_cancel,feature_jkeS0N10RDAn,网关uid黑名单,1
0048,2026-09-23,LKUS_physical_order_cancel,feature_7qCVo92BIECU,三方unionId黑名单,1
0048,2026-09-23,LKUS_physical_order_cancel,feature_9tl8mW2Gembc,邮箱黑名单,1
0048,2026-09-23,LKUS_physical_order_cancel,feature_g43LuQcahzCJ,用户编号黑名单,1
0048,2026-09-23,LKUS_physical_order_cancel,feature_XtxCPW1x9QTU,ip C段黑名单,1
0048,2026-09-23,LKUS_physical_order_cancel,feature_cOkhRQVI91IV,ip黑名单,1
0048,2026-09-24,LKUS_push,feature_Fik6gvwY1tA6,手机号近1天的访问次数,53
0048,2026-09-24,LKUS_push,feature_vTICzBPfD3Ds,ip C段白名单,53
0048,2026-09-24,LKUS_push,feature_oxYJ6qJ3BAfv,用户编号白名单,53
0048,2026-09-24,LKUS_push,feature_P5eYl9a699fA,ip白名单,53
0048,2026-09-24,LKUS_push,feature_yo8MLsBsGIsV,三方unionId白名单,53
0048,2026-09-24,LKUS_push,feature_kqtp6XVcXXiQ,手机号白名单,53
0048,2026-09-24,LKUS_push,feature_K0JuGvXPoQsS,网关uid白名单,53
0048,2026-09-24,LKUS_push,feature_5caBWmAHDcCQ,邮箱白名单,53
0048,2026-09-24,LKUS_push,feature_3CSh3LRVobu7,手机号黑名单,53
0048,2026-09-24,LKUS_push,feature_jkeS0N10RDAn,网关uid黑名单,53
0048,2026-09-24,LKUS_push,feature_7qCVo92BIECU,三方unionId黑名单,53
0048,2026-09-24,LKUS_push,feature_9tl8mW2Gembc,邮箱黑名单,53
0048,2026-09-24,LKUS_push,feature_g43LuQcahzCJ,用户编号黑名单,53
0048,2026-09-24,LKUS_push,feature_XtxCPW1x9QTU,ip C段黑名单,53
0048,2026-09-24,LKUS_push,feature_cOkhRQVI91IV,ip黑名单,53
0048,2026-09-24,LKUS_push,feature_nnsdzZLQKPZ7,IP近10分钟关联的手机号个数,53
0048,2026-09-24,LKUS_push,feature_Ym70ZsfxQKSc,一分钟请求量,53
0048,2026-09-24,LKUS_push,feature_pf88qk27w76j,区号近5分钟的访问次数,53
0048,2026-09-24,LKUS_push,feature_dtoJoDcUgCcr,同区号近60分钟对应手机号个数,53
0048,2026-09-24,LKUS_push,feature_AemrK847uPtt,同IP同手机号近1分钟累计请求次数,53
0048,2026-09-24,LKUS_push,feature_OE4u7WlFb1BT,uid近1天关联的IP国家个数,53
0048,2026-09-24,LKUS_push,feature_TLXI8MNiNglz,reCAPTCHA V3风险分,53
0048,2026-09-24,LKUS_push,feature_TGPe0mjAPwR5,IP近60分钟关联的国家区号个数,53
0048,2026-09-24,LKUS_push,feature_YkpmaKaJhcdG,区号近1天内的访问次数,53
0048,2026-09-24,LKUS_push,feature_bvE9FL19wqag,同IP同手机号近5分钟累计请求次数,53
0048,2026-09-24,LKUS_push,feature_7DbBgowc2mEl,IP近1分钟的访问次数,53
0048,2026-09-24,LKUS_push,feature_6qwgYPGGuJZ4,IPC段近10分钟关联的手机号个数,53
0048,2026-09-24,LKUS_push,feature_Gwh0jqPAdVNL,uid近1天关联的手机号个数,53
0048,2026-09-24,LKUS_push,feature_KtSZtJ9w7f9r,IPC段近1分钟关联的手机号个数,53
0048,2026-09-24,LKUS_push,feature_JaT2oyzVtD0q,手机号近1分钟的访问次数,53
0048,2026-09-24,LKUS_push,feature_UOJYBEifd5Jn,区号近60分钟的访问次数,53
0048,2026-09-24,LKUS_push,feature_e1Kmz7JqzsWc,同区号近60分钟V3token为空对应手机号个数,53
0048,2026-09-24,LKUS_push,feature_IPwzfPamC8eW,同手机号30分钟关联的IP city个数,53
0048,2026-09-24,LKUS_push,feature_n91JeGM6gD6i,同区号近60分钟非美国IP访问次数,53
0048,2026-09-24,LKUS_push,feature_53Ck9TgChpTW,IP近5分钟关联的手机号个数,53
0048,2026-09-24,LKUS_push,feature_hspErCH8fSCE,手机号近30分钟的访问次数,53
0048,2026-09-24,LKUS_push,feature_SdA1CjZvNCMG,区号近1分钟的访问次数,53
0048,2026-09-24,LKUS_push,feature_lydpDiga6SB9,手机号近5分钟的访问次数,53
0048,2026-09-24,LKUS_push,feature_WxHUxqIN0IuS,同IP近5分钟的访问次数,53
0048,2026-09-24,LKUS_push,feature_VItdlLjtEYnQ,IPC段近1天关联的手机号个数,53
0048,2026-09-24,LKUS_push,feature_Wg4dZ6VJBuTb,IP近1分钟关联的手机号个数,53
0048,2026-09-24,LKUS_push,feature_9EHsNcVBo6IN,IPC段近1天关联的国家区号个数,53
0048,2026-09-24,LKUS_push,feature_r1bhlQnbfRHb,IP近60分钟关联的手机号个数,53
0048,2026-09-24,LKUS_push,feature_dqBHKec09Wwa,同区号近60分钟未携带recaptchaV3token 访问次数,53
0048,2026-09-24,LKUS_physical_order_create,feature_vTICzBPfD3Ds,ip C段白名单,111
0048,2026-09-24,LKUS_physical_order_create,feature_P5eYl9a699fA,ip白名单,111
0048,2026-09-24,LKUS_physical_order_create,feature_oxYJ6qJ3BAfv,用户编号白名单,111
0048,2026-09-24,LKUS_physical_order_create,feature_yo8MLsBsGIsV,三方unionId白名单,111
0048,2026-09-24,LKUS_physical_order_create,feature_kqtp6XVcXXiQ,手机号白名单,111
0048,2026-09-24,LKUS_physical_order_create,feature_K0JuGvXPoQsS,网关uid白名单,111
0048,2026-09-24,LKUS_physical_order_create,feature_5caBWmAHDcCQ,邮箱白名单,111
0048,2026-09-24,LKUS_physical_order_create,feature_3CSh3LRVobu7,手机号黑名单,99
0048,2026-09-24,LKUS_physical_order_create,feature_jkeS0N10RDAn,网关uid黑名单,99
0048,2026-09-24,LKUS_physical_order_create,feature_7qCVo92BIECU,三方unionId黑名单,99
0048,2026-09-24,LKUS_physical_order_create,feature_9tl8mW2Gembc,邮箱黑名单,99
0048,2026-09-24,LKUS_physical_order_create,feature_XtxCPW1x9QTU,ip C段黑名单,99
0048,2026-09-24,LKUS_physical_order_create,feature_g43LuQcahzCJ,用户编号黑名单,99
0048,2026-09-24,LKUS_physical_order_create,feature_cOkhRQVI91IV,ip黑名单,99
0048,2026-09-24,LKUS_physical_order_create,feature_TLXI8MNiNglz,reCAPTCHA V3风险分,58
0048,2026-09-24,LKUS_payment,feature_vTICzBPfD3Ds,ip C段白名单,117
0048,2026-09-24,LKUS_payment,feature_P5eYl9a699fA,ip白名单,117
0048,2026-09-24,LKUS_payment,feature_oxYJ6qJ3BAfv,用户编号白名单,117
0048,2026-09-24,LKUS_payment,feature_yo8MLsBsGIsV,三方unionId白名单,117
0048,2026-09-24,LKUS_payment,feature_kqtp6XVcXXiQ,手机号白名单,117
0048,2026-09-24,LKUS_payment,feature_K0JuGvXPoQsS,网关uid白名单,117
0048,2026-09-24,LKUS_payment,feature_5caBWmAHDcCQ,邮箱白名单,117
0048,2026-09-24,LKUS_payment,feature_3CSh3LRVobu7,手机号黑名单,103
0048,2026-09-24,LKUS_payment,feature_jkeS0N10RDAn,网关uid黑名单,103
0048,2026-09-24,LKUS_payment,feature_7qCVo92BIECU,三方unionId黑名单,103
0048,2026-09-24,LKUS_payment,feature_9tl8mW2Gembc,邮箱黑名单,103
0048,2026-09-24,LKUS_payment,feature_XtxCPW1x9QTU,ip C段黑名单,103
0048,2026-09-24,LKUS_payment,feature_g43LuQcahzCJ,用户编号黑名单,103
0048,2026-09-24,LKUS_payment,feature_cOkhRQVI91IV,ip黑名单,103
0048,2026-09-24,LKUS_payment,feature_TLXI8MNiNglz,reCAPTCHA V3风险分,59
0048,2026-09-24,LKUS_register,feature_vTICzBPfD3Ds,ip C段白名单,8
0048,2026-09-24,LKUS_register,feature_oxYJ6qJ3BAfv,用户编号白名单,8
0048,2026-09-24,LKUS_register,feature_P5eYl9a699fA,ip白名单,8
0048,2026-09-24,LKUS_register,feature_yo8MLsBsGIsV,三方unionId白名单,8
0048,2026-09-24,LKUS_register,feature_kqtp6XVcXXiQ,手机号白名单,8
0048,2026-09-24,LKUS_register,feature_K0JuGvXPoQsS,网关uid白名单,8
0048,2026-09-24,LKUS_register,feature_5caBWmAHDcCQ,邮箱白名单,8
0048,2026-09-24,LKUS_register,feature_3CSh3LRVobu7,手机号黑名单,8
0048,2026-09-24,LKUS_register,feature_jkeS0N10RDAn,网关uid黑名单,8
0048,2026-09-24,LKUS_register,feature_7qCVo92BIECU,三方unionId黑名单,8
0048,2026-09-24,LKUS_register,feature_9tl8mW2Gembc,邮箱黑名单,8
0048,2026-09-24,LKUS_register,feature_g43LuQcahzCJ,用户编号黑名单,8
0048,2026-09-24,LKUS_register,feature_XtxCPW1x9QTU,ip C段黑名单,8
0048,2026-09-24,LKUS_register,feature_cOkhRQVI91IV,ip黑名单,8
0048,2026-09-24,LKUS_physical_order_create,feature_MHv7nra5Z6T5,reCAPTCHA V3 token是否有效,41
0048,2026-09-24,LKUS_payment,feature_MHv7nra5Z6T5,reCAPTCHA V3 token是否有效,44
0048,2026-09-24,LKUS_login,feature_vTICzBPfD3Ds,ip C段白名单,19
0048,2026-09-24,LKUS_login,feature_P5eYl9a699fA,ip白名单,19
0048,2026-09-24,LKUS_login,feature_oxYJ6qJ3BAfv,用户编号白名单,19
0048,2026-09-24,LKUS_login,feature_yo8MLsBsGIsV,三方unionId白名单,19
0048,2026-09-24,LKUS_login,feature_kqtp6XVcXXiQ,手机号白名单,19
0048,2026-09-24,LKUS_login,feature_K0JuGvXPoQsS,网关uid白名单,19
0048,2026-09-24,LKUS_login,feature_5caBWmAHDcCQ,邮箱白名单,19
0048,2026-09-24,LKUS_login,feature_3CSh3LRVobu7,手机号黑名单,19
0048,2026-09-24,LKUS_login,feature_jkeS0N10RDAn,网关uid黑名单,19
0048,2026-09-24,LKUS_login,feature_7qCVo92BIECU,三方unionId黑名单,19
0048,2026-09-24,LKUS_login,feature_9tl8mW2Gembc,邮箱黑名单,19
0048,2026-09-24,LKUS_login,feature_XtxCPW1x9QTU,ip C段黑名单,19
0048,2026-09-24,LKUS_login,feature_g43LuQcahzCJ,用户编号黑名单,19
0048,2026-09-24,LKUS_login,feature_cOkhRQVI91IV,ip黑名单,19
0048,2026-09-24,LKUS_login,feature_TLXI8MNiNglz,reCAPTCHA V3风险分,11
0048,2026-09-24,LKUS_grant_new_user_coupon,feature_vTICzBPfD3Ds,ip C段白名单,10
0048,2026-09-24,LKUS_grant_new_user_coupon,feature_oxYJ6qJ3BAfv,用户编号白名单,10
0048,2026-09-24,LKUS_grant_new_user_coupon,feature_P5eYl9a699fA,ip白名单,10
0048,2026-09-24,LKUS_grant_new_user_coupon,feature_yo8MLsBsGIsV,三方unionId白名单,10
0048,2026-09-24,LKUS_grant_new_user_coupon,feature_kqtp6XVcXXiQ,手机号白名单,10
0048,2026-09-24,LKUS_grant_new_user_coupon,feature_K0JuGvXPoQsS,网关uid白名单,10
0048,2026-09-24,LKUS_grant_new_user_coupon,feature_5caBWmAHDcCQ,邮箱白名单,10
0048,2026-09-24,LKUS_grant_new_user_coupon,feature_3CSh3LRVobu7,手机号黑名单,10
0048,2026-09-24,LKUS_grant_new_user_coupon,feature_jkeS0N10RDAn,网关uid黑名单,10
0048,2026-09-24,LKUS_grant_new_user_coupon,feature_7qCVo92BIECU,三方unionId黑名单,10
0048,2026-09-24,LKUS_grant_new_user_coupon,feature_9tl8mW2Gembc,邮箱黑名单,10
0048,2026-09-24,LKUS_grant_new_user_coupon,feature_g43LuQcahzCJ,用户编号黑名单,10
0048,2026-09-24,LKUS_grant_new_user_coupon,feature_XtxCPW1x9QTU,ip C段黑名单,10
0048,2026-09-24,LKUS_grant_new_user_coupon,feature_cOkhRQVI91IV,ip黑名单,10
0048,2026-09-24,LKUS_login,feature_MHv7nra5Z6T5,reCAPTCHA V3 token是否有效,8
0048,2026-09-24,LKUS_physical_order_cancel,feature_vTICzBPfD3Ds,ip C段白名单,1
0048,2026-09-24,LKUS_physical_order_cancel,feature_P5eYl9a699fA,ip白名单,1
0048,2026-09-24,LKUS_physical_order_cancel,feature_oxYJ6qJ3BAfv,用户编号白名单,1
0048,2026-09-24,LKUS_physical_order_cancel,feature_yo8MLsBsGIsV,三方unionId白名单,1
0048,2026-09-24,LKUS_physical_order_cancel,feature_kqtp6XVcXXiQ,手机号白名单,1
0048,2026-09-24,LKUS_physical_order_cancel,feature_K0JuGvXPoQsS,网关uid白名单,1
0048,2026-09-24,LKUS_physical_order_cancel,feature_5caBWmAHDcCQ,邮箱白名单,1
0048,2026-09-24,LKUS_physical_order_cancel,feature_3CSh3LRVobu7,手机号黑名单,1
0048,2026-09-24,LKUS_physical_order_cancel,feature_jkeS0N10RDAn,网关uid黑名单,1
0048,2026-09-24,LKUS_physical_order_cancel,feature_7qCVo92BIECU,三方unionId黑名单,1
0048,2026-09-24,LKUS_physical_order_cancel,feature_9tl8mW2Gembc,邮箱黑名单,1
0048,2026-09-24,LKUS_physical_order_cancel,feature_XtxCPW1x9QTU,ip C段黑名单,1
0048,2026-09-24,LKUS_physical_order_cancel,feature_g43LuQcahzCJ,用户编号黑名单,1
0048,2026-09-24,LKUS_physical_order_cancel,feature_cOkhRQVI91IV,ip黑名单,1
