shard,ny_date,scene_id,feature_id,feature_name,n_rows
0060,2026-08-20,LKUS_login,feature_TLXI8MNiNglz,reCAPTCHA V3风险分,50
0060,2026-08-20,LKUS_login,feature_oxYJ6qJ3BAfv,用户编号白名单,85
0060,2026-08-20,LKUS_login,feature_vTICzBPfD3Ds,ip C段白名单,85
0060,2026-08-20,LKUS_login,feature_P5eYl9a699fA,ip白名单,85
0060,2026-08-20,LKUS_login,feature_yo8MLsBsGIsV,三方unionId白名单,85
0060,2026-08-20,LKUS_login,feature_kqtp6XVcXXiQ,手机号白名单,85
0060,2026-08-20,LKUS_login,feature_5caBWmAHDcCQ,邮箱白名单,85
0060,2026-08-20,LKUS_login,feature_K0JuGvXPoQsS,网关uid白名单,85
0060,2026-08-20,LKUS_login,feature_3CSh3LRVobu7,手机号黑名单,85
0060,2026-08-20,LKUS_login,feature_jkeS0N10RDAn,网关uid黑名单,85
0060,2026-08-20,LKUS_login,feature_7qCVo92BIECU,三方unionId黑名单,85
0060,2026-08-20,LKUS_login,feature_9tl8mW2Gembc,邮箱黑名单,85
0060,2026-08-20,LKUS_login,feature_XtxCPW1x9QTU,ip C段黑名单,85
0060,2026-08-20,LKUS_login,feature_g43LuQcahzCJ,用户编号黑名单,85
0060,2026-08-20,LKUS_login,feature_cOkhRQVI91IV,ip黑名单,85
0060,2026-08-20,LKUS_login,feature_MHv7nra5Z6T5,reCAPTCHA V3 token是否有效,41
0060,2026-08-20,LKUS_physical_order_create,feature_vTICzBPfD3Ds,ip C段白名单,95
0060,2026-08-20,LKUS_physical_order_create,feature_oxYJ6qJ3BAfv,用户编号白名单,95
0060,2026-08-20,LKUS_physical_order_create,feature_P5eYl9a699fA,ip白名单,95
0060,2026-08-20,LKUS_physical_order_create,feature_yo8MLsBsGIsV,三方unionId白名单,95
0060,2026-08-20,LKUS_physical_order_create,feature_kqtp6XVcXXiQ,手机号白名单,95
0060,2026-08-20,LKUS_physical_order_create,feature_K0JuGvXPoQsS,网关uid白名单,95
0060,2026-08-20,LKUS_physical_order_create,feature_5caBWmAHDcCQ,邮箱白名单,95
0060,2026-08-20,LKUS_physical_order_create,feature_3CSh3LRVobu7,手机号黑名单,81
0060,2026-08-20,LKUS_physical_order_create,feature_jkeS0N10RDAn,网关uid黑名单,81
0060,2026-08-20,LKUS_physical_order_create,feature_7qCVo92BIECU,三方unionId黑名单,81
0060,2026-08-20,LKUS_physical_order_create,feature_9tl8mW2Gembc,邮箱黑名单,81
0060,2026-08-20,LKUS_physical_order_create,feature_g43LuQcahzCJ,用户编号黑名单,81
0060,2026-08-20,LKUS_physical_order_create,feature_XtxCPW1x9QTU,ip C段黑名单,81
0060,2026-08-20,LKUS_physical_order_create,feature_cOkhRQVI91IV,ip黑名单,81
0060,2026-08-20,LKUS_physical_order_create,feature_TLXI8MNiNglz,reCAPTCHA V3风险分,39
0060,2026-08-20,LKUS_payment,feature_vTICzBPfD3Ds,ip C段白名单,99
0060,2026-08-20,LKUS_payment,feature_oxYJ6qJ3BAfv,用户编号白名单,99
0060,2026-08-20,LKUS_payment,feature_P5eYl9a699fA,ip白名单,99
0060,2026-08-20,LKUS_payment,feature_yo8MLsBsGIsV,三方unionId白名单,99
0060,2026-08-20,LKUS_payment,feature_kqtp6XVcXXiQ,手机号白名单,99
0060,2026-08-20,LKUS_payment,feature_K0JuGvXPoQsS,网关uid白名单,99
0060,2026-08-20,LKUS_payment,feature_5caBWmAHDcCQ,邮箱白名单,99
0060,2026-08-20,LKUS_payment,feature_3CSh3LRVobu7,手机号黑名单,84
0060,2026-08-20,LKUS_payment,feature_jkeS0N10RDAn,网关uid黑名单,84
0060,2026-08-20,LKUS_payment,feature_7qCVo92BIECU,三方unionId黑名单,84
0060,2026-08-20,LKUS_payment,feature_9tl8mW2Gembc,邮箱黑名单,84
0060,2026-08-20,LKUS_payment,feature_g43LuQcahzCJ,用户编号黑名单,84
0060,2026-08-20,LKUS_payment,feature_XtxCPW1x9QTU,ip C段黑名单,84
0060,2026-08-20,LKUS_payment,feature_cOkhRQVI91IV,ip黑名单,84
0060,2026-08-20,LKUS_payment,feature_TLXI8MNiNglz,reCAPTCHA V3风险分,40
0060,2026-08-20,LKUS_physical_order_create,feature_MHv7nra5Z6T5,reCAPTCHA V3 token是否有效,42
0060,2026-08-20,LKUS_payment,feature_MHv7nra5Z6T5,reCAPTCHA V3 token是否有效,44
0060,2026-08-20,LKUS_push,feature_vTICzBPfD3Ds,ip C段白名单,19
0060,2026-08-20,LKUS_push,feature_oxYJ6qJ3BAfv,用户编号白名单,19
0060,2026-08-20,LKUS_push,feature_P5eYl9a699fA,ip白名单,19
0060,2026-08-20,LKUS_push,feature_yo8MLsBsGIsV,三方unionId白名单,19
0060,2026-08-20,LKUS_push,feature_kqtp6XVcXXiQ,手机号白名单,19
0060,2026-08-20,LKUS_push,feature_K0JuGvXPoQsS,网关uid白名单,19
0060,2026-08-20,LKUS_push,feature_5caBWmAHDcCQ,邮箱白名单,19
0060,2026-08-20,LKUS_push,feature_Fik6gvwY1tA6,手机号近1天的访问次数,19
0060,2026-08-20,LKUS_push,feature_3CSh3LRVobu7,手机号黑名单,19
0060,2026-08-20,LKUS_push,feature_jkeS0N10RDAn,网关uid黑名单,19
0060,2026-08-20,LKUS_push,feature_7qCVo92BIECU,三方unionId黑名单,19
0060,2026-08-20,LKUS_push,feature_9tl8mW2Gembc,邮箱黑名单,19
0060,2026-08-20,LKUS_push,feature_g43LuQcahzCJ,用户编号黑名单,19
0060,2026-08-20,LKUS_push,feature_XtxCPW1x9QTU,ip C段黑名单,19
0060,2026-08-20,LKUS_push,feature_cOkhRQVI91IV,ip黑名单,19
0060,2026-08-20,LKUS_push,feature_r1bhlQnbfRHb,IP近60分钟关联的手机号个数,19
0060,2026-08-20,LKUS_push,feature_pf88qk27w76j,区号近5分钟的访问次数,19
0060,2026-08-20,LKUS_push,feature_lydpDiga6SB9,手机号近5分钟的访问次数,19
0060,2026-08-20,LKUS_push,feature_UOJYBEifd5Jn,区号近60分钟的访问次数,19
0060,2026-08-20,LKUS_push,feature_MHv7nra5Z6T5,reCAPTCHA V3 token是否有效,19
0060,2026-08-20,LKUS_push,feature_53Ck9TgChpTW,IP近5分钟关联的手机号个数,19
0060,2026-08-20,LKUS_push,feature_TGPe0mjAPwR5,IP近60分钟关联的国家区号个数,19
0060,2026-08-20,LKUS_push,feature_Wg4dZ6VJBuTb,IP近1分钟关联的手机号个数,19
0060,2026-08-20,LKUS_push,feature_SdA1CjZvNCMG,区号近1分钟的访问次数,19
0060,2026-08-20,LKUS_push,feature_JaT2oyzVtD0q,手机号近1分钟的访问次数,19
0060,2026-08-20,LKUS_push,feature_YkpmaKaJhcdG,区号近1天内的访问次数,19
0060,2026-08-20,LKUS_push,feature_7DbBgowc2mEl,IP近1分钟的访问次数,19
0060,2026-08-20,LKUS_register,feature_oxYJ6qJ3BAfv,用户编号白名单,10
0060,2026-08-20,LKUS_register,feature_vTICzBPfD3Ds,ip C段白名单,10
0060,2026-08-20,LKUS_register,feature_P5eYl9a699fA,ip白名单,10
0060,2026-08-20,LKUS_register,feature_yo8MLsBsGIsV,三方unionId白名单,10
0060,2026-08-20,LKUS_register,feature_kqtp6XVcXXiQ,手机号白名单,10
0060,2026-08-20,LKUS_register,feature_5caBWmAHDcCQ,邮箱白名单,10
0060,2026-08-20,LKUS_register,feature_K0JuGvXPoQsS,网关uid白名单,10
0060,2026-08-20,LKUS_register,feature_3CSh3LRVobu7,手机号黑名单,10
0060,2026-08-20,LKUS_register,feature_jkeS0N10RDAn,网关uid黑名单,10
0060,2026-08-20,LKUS_register,feature_7qCVo92BIECU,三方unionId黑名单,10
0060,2026-08-20,LKUS_register,feature_9tl8mW2Gembc,邮箱黑名单,10
0060,2026-08-20,LKUS_register,feature_XtxCPW1x9QTU,ip C段黑名单,10
0060,2026-08-20,LKUS_register,feature_g43LuQcahzCJ,用户编号黑名单,10
0060,2026-08-20,LKUS_register,feature_cOkhRQVI91IV,ip黑名单,10
0060,2026-08-20,LKUS_grant_new_user_coupon,feature_vTICzBPfD3Ds,ip C段白名单,10
0060,2026-08-20,LKUS_grant_new_user_coupon,feature_oxYJ6qJ3BAfv,用户编号白名单,10
0060,2026-08-20,LKUS_grant_new_user_coupon,feature_P5eYl9a699fA,ip白名单,10
0060,2026-08-20,LKUS_grant_new_user_coupon,feature_yo8MLsBsGIsV,三方unionId白名单,10
0060,2026-08-20,LKUS_grant_new_user_coupon,feature_kqtp6XVcXXiQ,手机号白名单,10
0060,2026-08-20,LKUS_grant_new_user_coupon,feature_K0JuGvXPoQsS,网关uid白名单,10
0060,2026-08-20,LKUS_grant_new_user_coupon,feature_5caBWmAHDcCQ,邮箱白名单,10
0060,2026-08-20,LKUS_grant_new_user_coupon,feature_3CSh3LRVobu7,手机号黑名单,10
0060,2026-08-20,LKUS_grant_new_user_coupon,feature_jkeS0N10RDAn,网关uid黑名单,10
0060,2026-08-20,LKUS_grant_new_user_coupon,feature_7qCVo92BIECU,三方unionId黑名单,10
0060,2026-08-20,LKUS_grant_new_user_coupon,feature_9tl8mW2Gembc,邮箱黑名单,10
0060,2026-08-20,LKUS_grant_new_user_coupon,feature_g43LuQcahzCJ,用户编号黑名单,10
0060,2026-08-20,LKUS_grant_new_user_coupon,feature_XtxCPW1x9QTU,ip C段黑名单,10
0060,2026-08-20,LKUS_grant_new_user_coupon,feature_cOkhRQVI91IV,ip黑名单,10
0060,2026-08-21,LKUS_push,feature_oxYJ6qJ3BAfv,用户编号白名单,16
0060,2026-08-21,LKUS_push,feature_vTICzBPfD3Ds,ip C段白名单,16
0060,2026-08-21,LKUS_push,feature_P5eYl9a699fA,ip白名单,16
0060,2026-08-21,LKUS_push,feature_yo8MLsBsGIsV,三方unionId白名单,16
0060,2026-08-21,LKUS_push,feature_kqtp6XVcXXiQ,手机号白名单,16
0060,2026-08-21,LKUS_push,feature_5caBWmAHDcCQ,邮箱白名单,16
0060,2026-08-21,LKUS_push,feature_K0JuGvXPoQsS,网关uid白名单,16
0060,2026-08-21,LKUS_push,feature_Fik6gvwY1tA6,手机号近1天的访问次数,16
0060,2026-08-21,LKUS_push,feature_3CSh3LRVobu7,手机号黑名单,16
0060,2026-08-21,LKUS_push,feature_jkeS0N10RDAn,网关uid黑名单,16
0060,2026-08-21,LKUS_push,feature_7qCVo92BIECU,三方unionId黑名单,16
0060,2026-08-21,LKUS_push,feature_9tl8mW2Gembc,邮箱黑名单,16
0060,2026-08-21,LKUS_push,feature_XtxCPW1x9QTU,ip C段黑名单,16
0060,2026-08-21,LKUS_push,feature_g43LuQcahzCJ,用户编号黑名单,16
0060,2026-08-21,LKUS_push,feature_cOkhRQVI91IV,ip黑名单,16
0060,2026-08-21,LKUS_push,feature_lydpDiga6SB9,手机号近5分钟的访问次数,16
0060,2026-08-21,LKUS_push,feature_MHv7nra5Z6T5,reCAPTCHA V3 token是否有效,16
0060,2026-08-21,LKUS_push,feature_UOJYBEifd5Jn,区号近60分钟的访问次数,16
0060,2026-08-21,LKUS_push,feature_Wg4dZ6VJBuTb,IP近1分钟关联的手机号个数,16
0060,2026-08-21,LKUS_push,feature_r1bhlQnbfRHb,IP近60分钟关联的手机号个数,16
0060,2026-08-21,LKUS_push,feature_YkpmaKaJhcdG,区号近1天内的访问次数,16
0060,2026-08-21,LKUS_push,feature_7DbBgowc2mEl,IP近1分钟的访问次数,16
0060,2026-08-21,LKUS_push,feature_JaT2oyzVtD0q,手机号近1分钟的访问次数,16
0060,2026-08-21,LKUS_push,feature_TGPe0mjAPwR5,IP近60分钟关联的国家区号个数,16
0060,2026-08-21,LKUS_push,feature_pf88qk27w76j,区号近5分钟的访问次数,16
0060,2026-08-21,LKUS_push,feature_SdA1CjZvNCMG,区号近1分钟的访问次数,16
0060,2026-08-21,LKUS_push,feature_53Ck9TgChpTW,IP近5分钟关联的手机号个数,16
0060,2026-08-21,LKUS_login,feature_oxYJ6qJ3BAfv,用户编号白名单,19
0060,2026-08-21,LKUS_login,feature_vTICzBPfD3Ds,ip C段白名单,19
0060,2026-08-21,LKUS_login,feature_P5eYl9a699fA,ip白名单,19
0060,2026-08-21,LKUS_login,feature_yo8MLsBsGIsV,三方unionId白名单,19
0060,2026-08-21,LKUS_login,feature_kqtp6XVcXXiQ,手机号白名单,19
0060,2026-08-21,LKUS_login,feature_5caBWmAHDcCQ,邮箱白名单,19
0060,2026-08-21,LKUS_login,feature_K0JuGvXPoQsS,网关uid白名单,19
0060,2026-08-21,LKUS_login,feature_3CSh3LRVobu7,手机号黑名单,18
0060,2026-08-21,LKUS_login,feature_jkeS0N10RDAn,网关uid黑名单,18
0060,2026-08-21,LKUS_login,feature_7qCVo92BIECU,三方unionId黑名单,18
0060,2026-08-21,LKUS_login,feature_9tl8mW2Gembc,邮箱黑名单,18
0060,2026-08-21,LKUS_login,feature_XtxCPW1x9QTU,ip C段黑名单,18
0060,2026-08-21,LKUS_login,feature_g43LuQcahzCJ,用户编号黑名单,18
0060,2026-08-21,LKUS_login,feature_cOkhRQVI91IV,ip黑名单,18
0060,2026-08-21,LKUS_login,feature_MHv7nra5Z6T5,reCAPTCHA V3 token是否有效,8
0060,2026-08-21,LKUS_grant_new_user_coupon,feature_oxYJ6qJ3BAfv,用户编号白名单,11
0060,2026-08-21,LKUS_grant_new_user_coupon,feature_vTICzBPfD3Ds,ip C段白名单,11
0060,2026-08-21,LKUS_grant_new_user_coupon,feature_P5eYl9a699fA,ip白名单,11
0060,2026-08-21,LKUS_grant_new_user_coupon,feature_yo8MLsBsGIsV,三方unionId白名单,11
0060,2026-08-21,LKUS_grant_new_user_coupon,feature_kqtp6XVcXXiQ,手机号白名单,11
0060,2026-08-21,LKUS_grant_new_user_coupon,feature_5caBWmAHDcCQ,邮箱白名单,11
0060,2026-08-21,LKUS_grant_new_user_coupon,feature_K0JuGvXPoQsS,网关uid白名单,11
0060,2026-08-21,LKUS_grant_new_user_coupon,feature_3CSh3LRVobu7,手机号黑名单,11
0060,2026-08-21,LKUS_grant_new_user_coupon,feature_jkeS0N10RDAn,网关uid黑名单,11
0060,2026-08-21,LKUS_grant_new_user_coupon,feature_7qCVo92BIECU,三方unionId黑名单,11
0060,2026-08-21,LKUS_grant_new_user_coupon,feature_9tl8mW2Gembc,邮箱黑名单,11
0060,2026-08-21,LKUS_grant_new_user_coupon,feature_XtxCPW1x9QTU,ip C段黑名单,11
0060,2026-08-21,LKUS_grant_new_user_coupon,feature_g43LuQcahzCJ,用户编号黑名单,11
0060,2026-08-21,LKUS_grant_new_user_coupon,feature_cOkhRQVI91IV,ip黑名单,11
0060,2026-08-21,LKUS_login,feature_TLXI8MNiNglz,reCAPTCHA V3风险分,10
0060,2026-08-21,LKUS_physical_order_create,feature_vTICzBPfD3Ds,ip C段白名单,91
0060,2026-08-21,LKUS_physical_order_create,feature_oxYJ6qJ3BAfv,用户编号白名单,91
0060,2026-08-21,LKUS_physical_order_create,feature_P5eYl9a699fA,ip白名单,91
0060,2026-08-21,LKUS_physical_order_create,feature_yo8MLsBsGIsV,三方unionId白名单,91
0060,2026-08-21,LKUS_physical_order_create,feature_kqtp6XVcXXiQ,手机号白名单,91
0060,2026-08-21,LKUS_physical_order_create,feature_K0JuGvXPoQsS,网关uid白名单,91
0060,2026-08-21,LKUS_physical_order_create,feature_5caBWmAHDcCQ,邮箱白名单,91
0060,2026-08-21,LKUS_physical_order_create,feature_3CSh3LRVobu7,手机号黑名单,73
0060,2026-08-21,LKUS_physical_order_create,feature_jkeS0N10RDAn,网关uid黑名单,73
0060,2026-08-21,LKUS_physical_order_create,feature_7qCVo92BIECU,三方unionId黑名单,73
0060,2026-08-21,LKUS_physical_order_create,feature_9tl8mW2Gembc,邮箱黑名单,73
0060,2026-08-21,LKUS_physical_order_create,feature_g43LuQcahzCJ,用户编号黑名单,73
0060,2026-08-21,LKUS_physical_order_create,feature_XtxCPW1x9QTU,ip C段黑名单,73
0060,2026-08-21,LKUS_physical_order_create,feature_cOkhRQVI91IV,ip黑名单,73
0060,2026-08-21,LKUS_physical_order_create,feature_TLXI8MNiNglz,reCAPTCHA V3风险分,37
0060,2026-08-21,LKUS_payment,feature_vTICzBPfD3Ds,ip C段白名单,93
0060,2026-08-21,LKUS_payment,feature_oxYJ6qJ3BAfv,用户编号白名单,93
0060,2026-08-21,LKUS_payment,feature_P5eYl9a699fA,ip白名单,93
0060,2026-08-21,LKUS_payment,feature_yo8MLsBsGIsV,三方unionId白名单,93
0060,2026-08-21,LKUS_payment,feature_kqtp6XVcXXiQ,手机号白名单,93
0060,2026-08-21,LKUS_payment,feature_K0JuGvXPoQsS,网关uid白名单,93
0060,2026-08-21,LKUS_payment,feature_5caBWmAHDcCQ,邮箱白名单,93
0060,2026-08-21,LKUS_payment,feature_3CSh3LRVobu7,手机号黑名单,74
0060,2026-08-21,LKUS_payment,feature_jkeS0N10RDAn,网关uid黑名单,74
0060,2026-08-21,LKUS_payment,feature_7qCVo92BIECU,三方unionId黑名单,74
0060,2026-08-21,LKUS_payment,feature_9tl8mW2Gembc,邮箱黑名单,74
0060,2026-08-21,LKUS_payment,feature_g43LuQcahzCJ,用户编号黑名单,74
0060,2026-08-21,LKUS_payment,feature_XtxCPW1x9QTU,ip C段黑名单,74
0060,2026-08-21,LKUS_payment,feature_cOkhRQVI91IV,ip黑名单,74
0060,2026-08-21,LKUS_payment,feature_TLXI8MNiNglz,reCAPTCHA V3风险分,30
0060,2026-08-21,LKUS_payment,feature_MHv7nra5Z6T5,reCAPTCHA V3 token是否有效,44
0060,2026-08-21,LKUS_physical_order_create,feature_MHv7nra5Z6T5,reCAPTCHA V3 token是否有效,36
0060,2026-08-21,LKUS_register,feature_oxYJ6qJ3BAfv,用户编号白名单,6
0060,2026-08-21,LKUS_register,feature_vTICzBPfD3Ds,ip C段白名单,6
0060,2026-08-21,LKUS_register,feature_P5eYl9a699fA,ip白名单,6
0060,2026-08-21,LKUS_register,feature_yo8MLsBsGIsV,三方unionId白名单,6
0060,2026-08-21,LKUS_register,feature_kqtp6XVcXXiQ,手机号白名单,6
0060,2026-08-21,LKUS_register,feature_5caBWmAHDcCQ,邮箱白名单,6
0060,2026-08-21,LKUS_register,feature_K0JuGvXPoQsS,网关uid白名单,6
0060,2026-08-21,LKUS_register,feature_3CSh3LRVobu7,手机号黑名单,6
0060,2026-08-21,LKUS_register,feature_jkeS0N10RDAn,网关uid黑名单,6
0060,2026-08-21,LKUS_register,feature_7qCVo92BIECU,三方unionId黑名单,6
0060,2026-08-21,LKUS_register,feature_9tl8mW2Gembc,邮箱黑名单,6
0060,2026-08-21,LKUS_register,feature_XtxCPW1x9QTU,ip C段黑名单,6
0060,2026-08-21,LKUS_register,feature_g43LuQcahzCJ,用户编号黑名单,6
0060,2026-08-21,LKUS_register,feature_cOkhRQVI91IV,ip黑名单,6
0060,2026-08-22,LKUS_push,feature_vTICzBPfD3Ds,ip C段白名单,12
0060,2026-08-22,LKUS_push,feature_oxYJ6qJ3BAfv,用户编号白名单,12
0060,2026-08-22,LKUS_push,feature_P5eYl9a699fA,ip白名单,12
0060,2026-08-22,LKUS_push,feature_yo8MLsBsGIsV,三方unionId白名单,12
0060,2026-08-22,LKUS_push,feature_kqtp6XVcXXiQ,手机号白名单,12
0060,2026-08-22,LKUS_push,feature_K0JuGvXPoQsS,网关uid白名单,12
0060,2026-08-22,LKUS_push,feature_5caBWmAHDcCQ,邮箱白名单,12
0060,2026-08-22,LKUS_push,feature_Fik6gvwY1tA6,手机号近1天的访问次数,12
0060,2026-08-22,LKUS_push,feature_3CSh3LRVobu7,手机号黑名单,12
0060,2026-08-22,LKUS_push,feature_jkeS0N10RDAn,网关uid黑名单,12
0060,2026-08-22,LKUS_push,feature_7qCVo92BIECU,三方unionId黑名单,12
0060,2026-08-22,LKUS_push,feature_9tl8mW2Gembc,邮箱黑名单,12
0060,2026-08-22,LKUS_push,feature_g43LuQcahzCJ,用户编号黑名单,12
0060,2026-08-22,LKUS_push,feature_XtxCPW1x9QTU,ip C段黑名单,12
0060,2026-08-22,LKUS_push,feature_cOkhRQVI91IV,ip黑名单,12
0060,2026-08-22,LKUS_push,feature_r1bhlQnbfRHb,IP近60分钟关联的手机号个数,12
0060,2026-08-22,LKUS_push,feature_pf88qk27w76j,区号近5分钟的访问次数,12
0060,2026-08-22,LKUS_push,feature_lydpDiga6SB9,手机号近5分钟的访问次数,12
0060,2026-08-22,LKUS_push,feature_UOJYBEifd5Jn,区号近60分钟的访问次数,12
0060,2026-08-22,LKUS_push,feature_MHv7nra5Z6T5,reCAPTCHA V3 token是否有效,12
0060,2026-08-22,LKUS_push,feature_53Ck9TgChpTW,IP近5分钟关联的手机号个数,12
0060,2026-08-22,LKUS_push,feature_TGPe0mjAPwR5,IP近60分钟关联的国家区号个数,12
0060,2026-08-22,LKUS_push,feature_Wg4dZ6VJBuTb,IP近1分钟关联的手机号个数,12
0060,2026-08-22,LKUS_push,feature_SdA1CjZvNCMG,区号近1分钟的访问次数,12
0060,2026-08-22,LKUS_push,feature_JaT2oyzVtD0q,手机号近1分钟的访问次数,12
0060,2026-08-22,LKUS_push,feature_YkpmaKaJhcdG,区号近1天内的访问次数,12
0060,2026-08-22,LKUS_push,feature_7DbBgowc2mEl,IP近1分钟的访问次数,12
0060,2026-08-22,LKUS_register,feature_vTICzBPfD3Ds,ip C段白名单,4
0060,2026-08-22,LKUS_register,feature_oxYJ6qJ3BAfv,用户编号白名单,4
0060,2026-08-22,LKUS_register,feature_P5eYl9a699fA,ip白名单,4
0060,2026-08-22,LKUS_register,feature_yo8MLsBsGIsV,三方unionId白名单,4
0060,2026-08-22,LKUS_register,feature_kqtp6XVcXXiQ,手机号白名单,4
0060,2026-08-22,LKUS_register,feature_K0JuGvXPoQsS,网关uid白名单,4
0060,2026-08-22,LKUS_register,feature_5caBWmAHDcCQ,邮箱白名单,4
0060,2026-08-22,LKUS_register,feature_3CSh3LRVobu7,手机号黑名单,4
0060,2026-08-22,LKUS_register,feature_jkeS0N10RDAn,网关uid黑名单,4
0060,2026-08-22,LKUS_register,feature_7qCVo92BIECU,三方unionId黑名单,4
0060,2026-08-22,LKUS_register,feature_9tl8mW2Gembc,邮箱黑名单,4
0060,2026-08-22,LKUS_register,feature_g43LuQcahzCJ,用户编号黑名单,4
0060,2026-08-22,LKUS_register,feature_XtxCPW1x9QTU,ip C段黑名单,4
0060,2026-08-22,LKUS_register,feature_cOkhRQVI91IV,ip黑名单,4
0060,2026-08-22,LKUS_physical_order_create,feature_vTICzBPfD3Ds,ip C段白名单,75
0060,2026-08-22,LKUS_physical_order_create,feature_oxYJ6qJ3BAfv,用户编号白名单,75
0060,2026-08-22,LKUS_physical_order_create,feature_P5eYl9a699fA,ip白名单,75
0060,2026-08-22,LKUS_physical_order_create,feature_yo8MLsBsGIsV,三方unionId白名单,75
0060,2026-08-22,LKUS_physical_order_create,feature_kqtp6XVcXXiQ,手机号白名单,75
0060,2026-08-22,LKUS_physical_order_create,feature_K0JuGvXPoQsS,网关uid白名单,75
0060,2026-08-22,LKUS_physical_order_create,feature_5caBWmAHDcCQ,邮箱白名单,75
0060,2026-08-22,LKUS_physical_order_create,feature_3CSh3LRVobu7,手机号黑名单,58
0060,2026-08-22,LKUS_physical_order_create,feature_jkeS0N10RDAn,网关uid黑名单,58
0060,2026-08-22,LKUS_physical_order_create,feature_7qCVo92BIECU,三方unionId黑名单,58
0060,2026-08-22,LKUS_physical_order_create,feature_9tl8mW2Gembc,邮箱黑名单,58
0060,2026-08-22,LKUS_physical_order_create,feature_g43LuQcahzCJ,用户编号黑名单,58
0060,2026-08-22,LKUS_physical_order_create,feature_XtxCPW1x9QTU,ip C段黑名单,58
0060,2026-08-22,LKUS_physical_order_create,feature_cOkhRQVI91IV,ip黑名单,58
0060,2026-08-22,LKUS_physical_order_create,feature_TLXI8MNiNglz,reCAPTCHA V3风险分,32
0060,2026-08-22,LKUS_payment,feature_oxYJ6qJ3BAfv,用户编号白名单,79
0060,2026-08-22,LKUS_payment,feature_vTICzBPfD3Ds,ip C段白名单,79
0060,2026-08-22,LKUS_payment,feature_P5eYl9a699fA,ip白名单,79
0060,2026-08-22,LKUS_payment,feature_yo8MLsBsGIsV,三方unionId白名单,79
0060,2026-08-22,LKUS_payment,feature_kqtp6XVcXXiQ,手机号白名单,79
0060,2026-08-22,LKUS_payment,feature_5caBWmAHDcCQ,邮箱白名单,79
0060,2026-08-22,LKUS_payment,feature_K0JuGvXPoQsS,网关uid白名单,79
0060,2026-08-22,LKUS_payment,feature_3CSh3LRVobu7,手机号黑名单,63
0060,2026-08-22,LKUS_payment,feature_jkeS0N10RDAn,网关uid黑名单,63
0060,2026-08-22,LKUS_payment,feature_7qCVo92BIECU,三方unionId黑名单,63
0060,2026-08-22,LKUS_payment,feature_9tl8mW2Gembc,邮箱黑名单,63
0060,2026-08-22,LKUS_payment,feature_XtxCPW1x9QTU,ip C段黑名单,63
0060,2026-08-22,LKUS_payment,feature_g43LuQcahzCJ,用户编号黑名单,63
0060,2026-08-22,LKUS_payment,feature_cOkhRQVI91IV,ip黑名单,63
0060,2026-08-22,LKUS_payment,feature_MHv7nra5Z6T5,reCAPTCHA V3 token是否有效,33
0060,2026-08-22,LKUS_physical_order_create,feature_MHv7nra5Z6T5,reCAPTCHA V3 token是否有效,26
0060,2026-08-22,LKUS_payment,feature_TLXI8MNiNglz,reCAPTCHA V3风险分,30
0060,2026-08-22,LKUS_physical_order_cancel,feature_vTICzBPfD3Ds,ip C段白名单,2
0060,2026-08-22,LKUS_physical_order_cancel,feature_oxYJ6qJ3BAfv,用户编号白名单,2
0060,2026-08-22,LKUS_physical_order_cancel,feature_P5eYl9a699fA,ip白名单,2
0060,2026-08-22,LKUS_physical_order_cancel,feature_yo8MLsBsGIsV,三方unionId白名单,2
0060,2026-08-22,LKUS_physical_order_cancel,feature_kqtp6XVcXXiQ,手机号白名单,2
0060,2026-08-22,LKUS_physical_order_cancel,feature_K0JuGvXPoQsS,网关uid白名单,2
0060,2026-08-22,LKUS_physical_order_cancel,feature_5caBWmAHDcCQ,邮箱白名单,2
0060,2026-08-22,LKUS_physical_order_cancel,feature_3CSh3LRVobu7,手机号黑名单,2
0060,2026-08-22,LKUS_physical_order_cancel,feature_jkeS0N10RDAn,网关uid黑名单,2
0060,2026-08-22,LKUS_physical_order_cancel,feature_7qCVo92BIECU,三方unionId黑名单,2
0060,2026-08-22,LKUS_physical_order_cancel,feature_9tl8mW2Gembc,邮箱黑名单,2
0060,2026-08-22,LKUS_physical_order_cancel,feature_g43LuQcahzCJ,用户编号黑名单,2
0060,2026-08-22,LKUS_physical_order_cancel,feature_XtxCPW1x9QTU,ip C段黑名单,2
0060,2026-08-22,LKUS_physical_order_cancel,feature_cOkhRQVI91IV,ip黑名单,2
0060,2026-08-22,LKUS_login,feature_oxYJ6qJ3BAfv,用户编号白名单,13
0060,2026-08-22,LKUS_login,feature_vTICzBPfD3Ds,ip C段白名单,13
0060,2026-08-22,LKUS_login,feature_P5eYl9a699fA,ip白名单,13
0060,2026-08-22,LKUS_login,feature_yo8MLsBsGIsV,三方unionId白名单,13
0060,2026-08-22,LKUS_login,feature_kqtp6XVcXXiQ,手机号白名单,13
0060,2026-08-22,LKUS_login,feature_5caBWmAHDcCQ,邮箱白名单,13
0060,2026-08-22,LKUS_login,feature_K0JuGvXPoQsS,网关uid白名单,13
0060,2026-08-22,LKUS_login,feature_3CSh3LRVobu7,手机号黑名单,12
0060,2026-08-22,LKUS_login,feature_jkeS0N10RDAn,网关uid黑名单,12
0060,2026-08-22,LKUS_login,feature_7qCVo92BIECU,三方unionId黑名单,12
0060,2026-08-22,LKUS_login,feature_9tl8mW2Gembc,邮箱黑名单,12
0060,2026-08-22,LKUS_login,feature_XtxCPW1x9QTU,ip C段黑名单,12
0060,2026-08-22,LKUS_login,feature_g43LuQcahzCJ,用户编号黑名单,12
0060,2026-08-22,LKUS_login,feature_cOkhRQVI91IV,ip黑名单,12
0060,2026-08-22,LKUS_login,feature_MHv7nra5Z6T5,reCAPTCHA V3 token是否有效,8
0060,2026-08-22,LKUS_login,feature_TLXI8MNiNglz,reCAPTCHA V3风险分,4
0060,2026-08-22,LKUS_grant_new_user_coupon,feature_vTICzBPfD3Ds,ip C段白名单,6
0060,2026-08-22,LKUS_grant_new_user_coupon,feature_oxYJ6qJ3BAfv,用户编号白名单,6
0060,2026-08-22,LKUS_grant_new_user_coupon,feature_P5eYl9a699fA,ip白名单,6
0060,2026-08-22,LKUS_grant_new_user_coupon,feature_yo8MLsBsGIsV,三方unionId白名单,6
0060,2026-08-22,LKUS_grant_new_user_coupon,feature_kqtp6XVcXXiQ,手机号白名单,6
0060,2026-08-22,LKUS_grant_new_user_coupon,feature_K0JuGvXPoQsS,网关uid白名单,6
0060,2026-08-22,LKUS_grant_new_user_coupon,feature_5caBWmAHDcCQ,邮箱白名单,6
0060,2026-08-22,LKUS_grant_new_user_coupon,feature_3CSh3LRVobu7,手机号黑名单,6
0060,2026-08-22,LKUS_grant_new_user_coupon,feature_jkeS0N10RDAn,网关uid黑名单,6
0060,2026-08-22,LKUS_grant_new_user_coupon,feature_7qCVo92BIECU,三方unionId黑名单,6
0060,2026-08-22,LKUS_grant_new_user_coupon,feature_9tl8mW2Gembc,邮箱黑名单,6
0060,2026-08-22,LKUS_grant_new_user_coupon,feature_g43LuQcahzCJ,用户编号黑名单,6
0060,2026-08-22,LKUS_grant_new_user_coupon,feature_XtxCPW1x9QTU,ip C段黑名单,6
0060,2026-08-22,LKUS_grant_new_user_coupon,feature_cOkhRQVI91IV,ip黑名单,6
0060,2026-08-23,LKUS_physical_order_create,feature_oxYJ6qJ3BAfv,用户编号白名单,64
0060,2026-08-23,LKUS_physical_order_create,feature_vTICzBPfD3Ds,ip C段白名单,64
0060,2026-08-23,LKUS_physical_order_create,feature_P5eYl9a699fA,ip白名单,64
0060,2026-08-23,LKUS_physical_order_create,feature_yo8MLsBsGIsV,三方unionId白名单,64
0060,2026-08-23,LKUS_physical_order_create,feature_kqtp6XVcXXiQ,手机号白名单,64
0060,2026-08-23,LKUS_physical_order_create,feature_5caBWmAHDcCQ,邮箱白名单,64
0060,2026-08-23,LKUS_physical_order_create,feature_K0JuGvXPoQsS,网关uid白名单,64
0060,2026-08-23,LKUS_physical_order_create,feature_3CSh3LRVobu7,手机号黑名单,53
0060,2026-08-23,LKUS_physical_order_create,feature_jkeS0N10RDAn,网关uid黑名单,53
0060,2026-08-23,LKUS_physical_order_create,feature_7qCVo92BIECU,三方unionId黑名单,53
0060,2026-08-23,LKUS_physical_order_create,feature_9tl8mW2Gembc,邮箱黑名单,53
0060,2026-08-23,LKUS_physical_order_create,feature_XtxCPW1x9QTU,ip C段黑名单,53
0060,2026-08-23,LKUS_physical_order_create,feature_g43LuQcahzCJ,用户编号黑名单,53
0060,2026-08-23,LKUS_physical_order_create,feature_cOkhRQVI91IV,ip黑名单,53
0060,2026-08-23,LKUS_physical_order_create,feature_MHv7nra5Z6T5,reCAPTCHA V3 token是否有效,28
0060,2026-08-23,LKUS_payment,feature_oxYJ6qJ3BAfv,用户编号白名单,65
0060,2026-08-23,LKUS_payment,feature_vTICzBPfD3Ds,ip C段白名单,65
0060,2026-08-23,LKUS_payment,feature_P5eYl9a699fA,ip白名单,65
0060,2026-08-23,LKUS_payment,feature_yo8MLsBsGIsV,三方unionId白名单,65
0060,2026-08-23,LKUS_payment,feature_kqtp6XVcXXiQ,手机号白名单,65
0060,2026-08-23,LKUS_payment,feature_5caBWmAHDcCQ,邮箱白名单,65
0060,2026-08-23,LKUS_payment,feature_K0JuGvXPoQsS,网关uid白名单,65
0060,2026-08-23,LKUS_payment,feature_3CSh3LRVobu7,手机号黑名单,54
0060,2026-08-23,LKUS_payment,feature_jkeS0N10RDAn,网关uid黑名单,54
0060,2026-08-23,LKUS_payment,feature_7qCVo92BIECU,三方unionId黑名单,54
0060,2026-08-23,LKUS_payment,feature_9tl8mW2Gembc,邮箱黑名单,54
0060,2026-08-23,LKUS_payment,feature_XtxCPW1x9QTU,ip C段黑名单,54
0060,2026-08-23,LKUS_payment,feature_g43LuQcahzCJ,用户编号黑名单,54
0060,2026-08-23,LKUS_payment,feature_cOkhRQVI91IV,ip黑名单,54
0060,2026-08-23,LKUS_payment,feature_MHv7nra5Z6T5,reCAPTCHA V3 token是否有效,30
0060,2026-08-23,LKUS_physical_order_create,feature_TLXI8MNiNglz,reCAPTCHA V3风险分,25
0060,2026-08-23,LKUS_payment,feature_TLXI8MNiNglz,reCAPTCHA V3风险分,24
0060,2026-08-23,LKUS_push,feature_oxYJ6qJ3BAfv,用户编号白名单,14
0060,2026-08-23,LKUS_push,feature_vTICzBPfD3Ds,ip C段白名单,14
0060,2026-08-23,LKUS_push,feature_P5eYl9a699fA,ip白名单,14
0060,2026-08-23,LKUS_push,feature_yo8MLsBsGIsV,三方unionId白名单,14
0060,2026-08-23,LKUS_push,feature_kqtp6XVcXXiQ,手机号白名单,14
0060,2026-08-23,LKUS_push,feature_5caBWmAHDcCQ,邮箱白名单,14
0060,2026-08-23,LKUS_push,feature_K0JuGvXPoQsS,网关uid白名单,14
0060,2026-08-23,LKUS_push,feature_Fik6gvwY1tA6,手机号近1天的访问次数,14
0060,2026-08-23,LKUS_push,feature_3CSh3LRVobu7,手机号黑名单,14
0060,2026-08-23,LKUS_push,feature_jkeS0N10RDAn,网关uid黑名单,14
0060,2026-08-23,LKUS_push,feature_7qCVo92BIECU,三方unionId黑名单,14
0060,2026-08-23,LKUS_push,feature_9tl8mW2Gembc,邮箱黑名单,14
0060,2026-08-23,LKUS_push,feature_XtxCPW1x9QTU,ip C段黑名单,14
0060,2026-08-23,LKUS_push,feature_g43LuQcahzCJ,用户编号黑名单,14
0060,2026-08-23,LKUS_push,feature_cOkhRQVI91IV,ip黑名单,14
0060,2026-08-23,LKUS_push,feature_lydpDiga6SB9,手机号近5分钟的访问次数,14
0060,2026-08-23,LKUS_push,feature_MHv7nra5Z6T5,reCAPTCHA V3 token是否有效,14
0060,2026-08-23,LKUS_push,feature_UOJYBEifd5Jn,区号近60分钟的访问次数,14
0060,2026-08-23,LKUS_push,feature_Wg4dZ6VJBuTb,IP近1分钟关联的手机号个数,14
0060,2026-08-23,LKUS_push,feature_r1bhlQnbfRHb,IP近60分钟关联的手机号个数,14
0060,2026-08-23,LKUS_push,feature_YkpmaKaJhcdG,区号近1天内的访问次数,14
0060,2026-08-23,LKUS_push,feature_7DbBgowc2mEl,IP近1分钟的访问次数,14
0060,2026-08-23,LKUS_push,feature_JaT2oyzVtD0q,手机号近1分钟的访问次数,14
0060,2026-08-23,LKUS_push,feature_TGPe0mjAPwR5,IP近60分钟关联的国家区号个数,14
0060,2026-08-23,LKUS_push,feature_pf88qk27w76j,区号近5分钟的访问次数,14
0060,2026-08-23,LKUS_push,feature_SdA1CjZvNCMG,区号近1分钟的访问次数,14
0060,2026-08-23,LKUS_push,feature_53Ck9TgChpTW,IP近5分钟关联的手机号个数,14
0060,2026-08-23,LKUS_register,feature_oxYJ6qJ3BAfv,用户编号白名单,10
0060,2026-08-23,LKUS_register,feature_vTICzBPfD3Ds,ip C段白名单,10
0060,2026-08-23,LKUS_register,feature_P5eYl9a699fA,ip白名单,10
0060,2026-08-23,LKUS_register,feature_yo8MLsBsGIsV,三方unionId白名单,10
0060,2026-08-23,LKUS_register,feature_kqtp6XVcXXiQ,手机号白名单,10
0060,2026-08-23,LKUS_register,feature_5caBWmAHDcCQ,邮箱白名单,10
0060,2026-08-23,LKUS_register,feature_K0JuGvXPoQsS,网关uid白名单,10
0060,2026-08-23,LKUS_register,feature_3CSh3LRVobu7,手机号黑名单,10
0060,2026-08-23,LKUS_register,feature_jkeS0N10RDAn,网关uid黑名单,10
0060,2026-08-23,LKUS_register,feature_7qCVo92BIECU,三方unionId黑名单,10
0060,2026-08-23,LKUS_register,feature_9tl8mW2Gembc,邮箱黑名单,10
0060,2026-08-23,LKUS_register,feature_XtxCPW1x9QTU,ip C段黑名单,10
0060,2026-08-23,LKUS_register,feature_g43LuQcahzCJ,用户编号黑名单,10
0060,2026-08-23,LKUS_register,feature_cOkhRQVI91IV,ip黑名单,10
0060,2026-08-23,LKUS_login,feature_oxYJ6qJ3BAfv,用户编号白名单,11
0060,2026-08-23,LKUS_login,feature_vTICzBPfD3Ds,ip C段白名单,11
0060,2026-08-23,LKUS_login,feature_P5eYl9a699fA,ip白名单,11
0060,2026-08-23,LKUS_login,feature_yo8MLsBsGIsV,三方unionId白名单,11
0060,2026-08-23,LKUS_login,feature_kqtp6XVcXXiQ,手机号白名单,11
0060,2026-08-23,LKUS_login,feature_5caBWmAHDcCQ,邮箱白名单,11
0060,2026-08-23,LKUS_login,feature_K0JuGvXPoQsS,网关uid白名单,11
0060,2026-08-23,LKUS_login,feature_3CSh3LRVobu7,手机号黑名单,11
0060,2026-08-23,LKUS_login,feature_jkeS0N10RDAn,网关uid黑名单,11
0060,2026-08-23,LKUS_login,feature_7qCVo92BIECU,三方unionId黑名单,11
0060,2026-08-23,LKUS_login,feature_9tl8mW2Gembc,邮箱黑名单,11
0060,2026-08-23,LKUS_login,feature_XtxCPW1x9QTU,ip C段黑名单,11
0060,2026-08-23,LKUS_login,feature_g43LuQcahzCJ,用户编号黑名单,11
0060,2026-08-23,LKUS_login,feature_cOkhRQVI91IV,ip黑名单,11
0060,2026-08-23,LKUS_login,feature_MHv7nra5Z6T5,reCAPTCHA V3 token是否有效,6
0060,2026-08-23,LKUS_grant_new_user_coupon,feature_oxYJ6qJ3BAfv,用户编号白名单,6
0060,2026-08-23,LKUS_grant_new_user_coupon,feature_vTICzBPfD3Ds,ip C段白名单,6
0060,2026-08-23,LKUS_grant_new_user_coupon,feature_P5eYl9a699fA,ip白名单,6
0060,2026-08-23,LKUS_grant_new_user_coupon,feature_yo8MLsBsGIsV,三方unionId白名单,6
0060,2026-08-23,LKUS_grant_new_user_coupon,feature_kqtp6XVcXXiQ,手机号白名单,6
0060,2026-08-23,LKUS_grant_new_user_coupon,feature_5caBWmAHDcCQ,邮箱白名单,6
0060,2026-08-23,LKUS_grant_new_user_coupon,feature_K0JuGvXPoQsS,网关uid白名单,6
0060,2026-08-23,LKUS_grant_new_user_coupon,feature_3CSh3LRVobu7,手机号黑名单,6
0060,2026-08-23,LKUS_grant_new_user_coupon,feature_jkeS0N10RDAn,网关uid黑名单,6
0060,2026-08-23,LKUS_grant_new_user_coupon,feature_7qCVo92BIECU,三方unionId黑名单,6
0060,2026-08-23,LKUS_grant_new_user_coupon,feature_9tl8mW2Gembc,邮箱黑名单,6
0060,2026-08-23,LKUS_grant_new_user_coupon,feature_XtxCPW1x9QTU,ip C段黑名单,6
0060,2026-08-23,LKUS_grant_new_user_coupon,feature_g43LuQcahzCJ,用户编号黑名单,6
0060,2026-08-23,LKUS_grant_new_user_coupon,feature_cOkhRQVI91IV,ip黑名单,6
0060,2026-08-23,LKUS_login,feature_TLXI8MNiNglz,reCAPTCHA V3风险分,5
0060,2026-08-24,LKUS_push,feature_vTICzBPfD3Ds,ip C段白名单,16
0060,2026-08-24,LKUS_push,feature_oxYJ6qJ3BAfv,用户编号白名单,16
0060,2026-08-24,LKUS_push,feature_P5eYl9a699fA,ip白名单,16
0060,2026-08-24,LKUS_push,feature_yo8MLsBsGIsV,三方unionId白名单,16
0060,2026-08-24,LKUS_push,feature_kqtp6XVcXXiQ,手机号白名单,16
0060,2026-08-24,LKUS_push,feature_K0JuGvXPoQsS,网关uid白名单,16
0060,2026-08-24,LKUS_push,feature_5caBWmAHDcCQ,邮箱白名单,16
0060,2026-08-24,LKUS_push,feature_Fik6gvwY1tA6,手机号近1天的访问次数,16
0060,2026-08-24,LKUS_push,feature_3CSh3LRVobu7,手机号黑名单,15
0060,2026-08-24,LKUS_push,feature_jkeS0N10RDAn,网关uid黑名单,15
0060,2026-08-24,LKUS_push,feature_7qCVo92BIECU,三方unionId黑名单,15
0060,2026-08-24,LKUS_push,feature_9tl8mW2Gembc,邮箱黑名单,15
0060,2026-08-24,LKUS_push,feature_g43LuQcahzCJ,用户编号黑名单,15
0060,2026-08-24,LKUS_push,feature_XtxCPW1x9QTU,ip C段黑名单,15
0060,2026-08-24,LKUS_push,feature_cOkhRQVI91IV,ip黑名单,15
0060,2026-08-24,LKUS_push,feature_r1bhlQnbfRHb,IP近60分钟关联的手机号个数,15
0060,2026-08-24,LKUS_push,feature_pf88qk27w76j,区号近5分钟的访问次数,15
0060,2026-08-24,LKUS_push,feature_lydpDiga6SB9,手机号近5分钟的访问次数,15
0060,2026-08-24,LKUS_push,feature_UOJYBEifd5Jn,区号近60分钟的访问次数,15
0060,2026-08-24,LKUS_push,feature_MHv7nra5Z6T5,reCAPTCHA V3 token是否有效,15
0060,2026-08-24,LKUS_push,feature_53Ck9TgChpTW,IP近5分钟关联的手机号个数,15
0060,2026-08-24,LKUS_push,feature_TGPe0mjAPwR5,IP近60分钟关联的国家区号个数,15
0060,2026-08-24,LKUS_push,feature_Wg4dZ6VJBuTb,IP近1分钟关联的手机号个数,15
0060,2026-08-24,LKUS_push,feature_SdA1CjZvNCMG,区号近1分钟的访问次数,15
0060,2026-08-24,LKUS_push,feature_JaT2oyzVtD0q,手机号近1分钟的访问次数,15
0060,2026-08-24,LKUS_push,feature_YkpmaKaJhcdG,区号近1天内的访问次数,15
0060,2026-08-24,LKUS_push,feature_7DbBgowc2mEl,IP近1分钟的访问次数,15
0060,2026-08-24,LKUS_register,feature_vTICzBPfD3Ds,ip C段白名单,11
0060,2026-08-24,LKUS_register,feature_oxYJ6qJ3BAfv,用户编号白名单,11
0060,2026-08-24,LKUS_register,feature_P5eYl9a699fA,ip白名单,11
0060,2026-08-24,LKUS_register,feature_yo8MLsBsGIsV,三方unionId白名单,11
0060,2026-08-24,LKUS_register,feature_kqtp6XVcXXiQ,手机号白名单,11
0060,2026-08-24,LKUS_register,feature_K0JuGvXPoQsS,网关uid白名单,11
0060,2026-08-24,LKUS_register,feature_5caBWmAHDcCQ,邮箱白名单,11
0060,2026-08-24,LKUS_register,feature_3CSh3LRVobu7,手机号黑名单,11
0060,2026-08-24,LKUS_register,feature_jkeS0N10RDAn,网关uid黑名单,11
0060,2026-08-24,LKUS_register,feature_7qCVo92BIECU,三方unionId黑名单,11
0060,2026-08-24,LKUS_register,feature_9tl8mW2Gembc,邮箱黑名单,11
0060,2026-08-24,LKUS_register,feature_g43LuQcahzCJ,用户编号黑名单,11
0060,2026-08-24,LKUS_register,feature_XtxCPW1x9QTU,ip C段黑名单,11
0060,2026-08-24,LKUS_register,feature_cOkhRQVI91IV,ip黑名单,11
0060,2026-08-24,LKUS_payment,feature_vTICzBPfD3Ds,ip C段白名单,98
0060,2026-08-24,LKUS_payment,feature_oxYJ6qJ3BAfv,用户编号白名单,98
0060,2026-08-24,LKUS_payment,feature_P5eYl9a699fA,ip白名单,98
0060,2026-08-24,LKUS_payment,feature_yo8MLsBsGIsV,三方unionId白名单,98
0060,2026-08-24,LKUS_payment,feature_kqtp6XVcXXiQ,手机号白名单,98
0060,2026-08-24,LKUS_payment,feature_K0JuGvXPoQsS,网关uid白名单,98
0060,2026-08-24,LKUS_payment,feature_5caBWmAHDcCQ,邮箱白名单,98
0060,2026-08-24,LKUS_payment,feature_3CSh3LRVobu7,手机号黑名单,85
0060,2026-08-24,LKUS_payment,feature_jkeS0N10RDAn,网关uid黑名单,85
0060,2026-08-24,LKUS_payment,feature_7qCVo92BIECU,三方unionId黑名单,85
0060,2026-08-24,LKUS_payment,feature_9tl8mW2Gembc,邮箱黑名单,85
0060,2026-08-24,LKUS_payment,feature_g43LuQcahzCJ,用户编号黑名单,85
0060,2026-08-24,LKUS_payment,feature_XtxCPW1x9QTU,ip C段黑名单,85
0060,2026-08-24,LKUS_payment,feature_cOkhRQVI91IV,ip黑名单,85
0060,2026-08-24,LKUS_payment,feature_TLXI8MNiNglz,reCAPTCHA V3风险分,47
0060,2026-08-24,LKUS_physical_order_create,feature_oxYJ6qJ3BAfv,用户编号白名单,97
0060,2026-08-24,LKUS_physical_order_create,feature_vTICzBPfD3Ds,ip C段白名单,97
0060,2026-08-24,LKUS_physical_order_create,feature_P5eYl9a699fA,ip白名单,97
0060,2026-08-24,LKUS_physical_order_create,feature_yo8MLsBsGIsV,三方unionId白名单,97
0060,2026-08-24,LKUS_physical_order_create,feature_kqtp6XVcXXiQ,手机号白名单,97
0060,2026-08-24,LKUS_physical_order_create,feature_5caBWmAHDcCQ,邮箱白名单,97
0060,2026-08-24,LKUS_physical_order_create,feature_K0JuGvXPoQsS,网关uid白名单,97
0060,2026-08-24,LKUS_physical_order_create,feature_3CSh3LRVobu7,手机号黑名单,85
0060,2026-08-24,LKUS_physical_order_create,feature_jkeS0N10RDAn,网关uid黑名单,85
0060,2026-08-24,LKUS_physical_order_create,feature_7qCVo92BIECU,三方unionId黑名单,85
0060,2026-08-24,LKUS_physical_order_create,feature_9tl8mW2Gembc,邮箱黑名单,85
0060,2026-08-24,LKUS_physical_order_create,feature_XtxCPW1x9QTU,ip C段黑名单,85
0060,2026-08-24,LKUS_physical_order_create,feature_g43LuQcahzCJ,用户编号黑名单,85
0060,2026-08-24,LKUS_physical_order_create,feature_cOkhRQVI91IV,ip黑名单,85
0060,2026-08-24,LKUS_physical_order_create,feature_MHv7nra5Z6T5,reCAPTCHA V3 token是否有效,43
0060,2026-08-24,LKUS_physical_order_create,feature_TLXI8MNiNglz,reCAPTCHA V3风险分,42
0060,2026-08-24,LKUS_payment,feature_MHv7nra5Z6T5,reCAPTCHA V3 token是否有效,38
0060,2026-08-24,LKUS_login,feature_oxYJ6qJ3BAfv,用户编号白名单,21
0060,2026-08-24,LKUS_login,feature_vTICzBPfD3Ds,ip C段白名单,21
0060,2026-08-24,LKUS_login,feature_P5eYl9a699fA,ip白名单,21
0060,2026-08-24,LKUS_login,feature_yo8MLsBsGIsV,三方unionId白名单,21
0060,2026-08-24,LKUS_login,feature_kqtp6XVcXXiQ,手机号白名单,21
0060,2026-08-24,LKUS_login,feature_5caBWmAHDcCQ,邮箱白名单,21
0060,2026-08-24,LKUS_login,feature_K0JuGvXPoQsS,网关uid白名单,21
0060,2026-08-24,LKUS_login,feature_3CSh3LRVobu7,手机号黑名单,20
0060,2026-08-24,LKUS_login,feature_jkeS0N10RDAn,网关uid黑名单,20
0060,2026-08-24,LKUS_login,feature_7qCVo92BIECU,三方unionId黑名单,20
0060,2026-08-24,LKUS_login,feature_9tl8mW2Gembc,邮箱黑名单,20
0060,2026-08-24,LKUS_login,feature_XtxCPW1x9QTU,ip C段黑名单,20
0060,2026-08-24,LKUS_login,feature_g43LuQcahzCJ,用户编号黑名单,20
0060,2026-08-24,LKUS_login,feature_cOkhRQVI91IV,ip黑名单,20
0060,2026-08-24,LKUS_login,feature_MHv7nra5Z6T5,reCAPTCHA V3 token是否有效,9
0060,2026-08-24,LKUS_grant_new_user_coupon,feature_oxYJ6qJ3BAfv,用户编号白名单,13
0060,2026-08-24,LKUS_grant_new_user_coupon,feature_vTICzBPfD3Ds,ip C段白名单,13
0060,2026-08-24,LKUS_grant_new_user_coupon,feature_P5eYl9a699fA,ip白名单,13
0060,2026-08-24,LKUS_grant_new_user_coupon,feature_yo8MLsBsGIsV,三方unionId白名单,13
0060,2026-08-24,LKUS_grant_new_user_coupon,feature_kqtp6XVcXXiQ,手机号白名单,13
0060,2026-08-24,LKUS_grant_new_user_coupon,feature_5caBWmAHDcCQ,邮箱白名单,13
0060,2026-08-24,LKUS_grant_new_user_coupon,feature_K0JuGvXPoQsS,网关uid白名单,13
0060,2026-08-24,LKUS_grant_new_user_coupon,feature_3CSh3LRVobu7,手机号黑名单,13
0060,2026-08-24,LKUS_grant_new_user_coupon,feature_jkeS0N10RDAn,网关uid黑名单,13
0060,2026-08-24,LKUS_grant_new_user_coupon,feature_7qCVo92BIECU,三方unionId黑名单,13
0060,2026-08-24,LKUS_grant_new_user_coupon,feature_9tl8mW2Gembc,邮箱黑名单,13
0060,2026-08-24,LKUS_grant_new_user_coupon,feature_XtxCPW1x9QTU,ip C段黑名单,13
0060,2026-08-24,LKUS_grant_new_user_coupon,feature_g43LuQcahzCJ,用户编号黑名单,13
0060,2026-08-24,LKUS_grant_new_user_coupon,feature_cOkhRQVI91IV,ip黑名单,13
0060,2026-08-24,LKUS_login,feature_TLXI8MNiNglz,reCAPTCHA V3风险分,11
0060,2026-08-24,LKUS_physical_order_cancel,feature_vTICzBPfD3Ds,ip C段白名单,3
0060,2026-08-24,LKUS_physical_order_cancel,feature_oxYJ6qJ3BAfv,用户编号白名单,3
0060,2026-08-24,LKUS_physical_order_cancel,feature_P5eYl9a699fA,ip白名单,3
0060,2026-08-24,LKUS_physical_order_cancel,feature_yo8MLsBsGIsV,三方unionId白名单,3
0060,2026-08-24,LKUS_physical_order_cancel,feature_kqtp6XVcXXiQ,手机号白名单,3
0060,2026-08-24,LKUS_physical_order_cancel,feature_K0JuGvXPoQsS,网关uid白名单,3
0060,2026-08-24,LKUS_physical_order_cancel,feature_5caBWmAHDcCQ,邮箱白名单,3
0060,2026-08-24,LKUS_physical_order_cancel,feature_3CSh3LRVobu7,手机号黑名单,3
0060,2026-08-24,LKUS_physical_order_cancel,feature_jkeS0N10RDAn,网关uid黑名单,3
0060,2026-08-24,LKUS_physical_order_cancel,feature_7qCVo92BIECU,三方unionId黑名单,3
0060,2026-08-24,LKUS_physical_order_cancel,feature_9tl8mW2Gembc,邮箱黑名单,3
0060,2026-08-24,LKUS_physical_order_cancel,feature_g43LuQcahzCJ,用户编号黑名单,3
0060,2026-08-24,LKUS_physical_order_cancel,feature_XtxCPW1x9QTU,ip C段黑名单,3
0060,2026-08-24,LKUS_physical_order_cancel,feature_cOkhRQVI91IV,ip黑名单,3
0060,2026-08-25,LKUS_push,feature_vTICzBPfD3Ds,ip C段白名单,18
0060,2026-08-25,LKUS_push,feature_oxYJ6qJ3BAfv,用户编号白名单,18
0060,2026-08-25,LKUS_push,feature_P5eYl9a699fA,ip白名单,18
0060,2026-08-25,LKUS_push,feature_yo8MLsBsGIsV,三方unionId白名单,18
0060,2026-08-25,LKUS_push,feature_kqtp6XVcXXiQ,手机号白名单,18
0060,2026-08-25,LKUS_push,feature_K0JuGvXPoQsS,网关uid白名单,18
0060,2026-08-25,LKUS_push,feature_5caBWmAHDcCQ,邮箱白名单,18
0060,2026-08-25,LKUS_push,feature_Fik6gvwY1tA6,手机号近1天的访问次数,18
0060,2026-08-25,LKUS_push,feature_3CSh3LRVobu7,手机号黑名单,17
0060,2026-08-25,LKUS_push,feature_jkeS0N10RDAn,网关uid黑名单,17
0060,2026-08-25,LKUS_push,feature_7qCVo92BIECU,三方unionId黑名单,17
0060,2026-08-25,LKUS_push,feature_9tl8mW2Gembc,邮箱黑名单,17
0060,2026-08-25,LKUS_push,feature_g43LuQcahzCJ,用户编号黑名单,17
0060,2026-08-25,LKUS_push,feature_XtxCPW1x9QTU,ip C段黑名单,17
0060,2026-08-25,LKUS_push,feature_cOkhRQVI91IV,ip黑名单,17
0060,2026-08-25,LKUS_push,feature_r1bhlQnbfRHb,IP近60分钟关联的手机号个数,17
0060,2026-08-25,LKUS_push,feature_pf88qk27w76j,区号近5分钟的访问次数,17
0060,2026-08-25,LKUS_push,feature_lydpDiga6SB9,手机号近5分钟的访问次数,17
0060,2026-08-25,LKUS_push,feature_UOJYBEifd5Jn,区号近60分钟的访问次数,17
0060,2026-08-25,LKUS_push,feature_MHv7nra5Z6T5,reCAPTCHA V3 token是否有效,17
0060,2026-08-25,LKUS_push,feature_53Ck9TgChpTW,IP近5分钟关联的手机号个数,17
0060,2026-08-25,LKUS_push,feature_TGPe0mjAPwR5,IP近60分钟关联的国家区号个数,17
0060,2026-08-25,LKUS_push,feature_Wg4dZ6VJBuTb,IP近1分钟关联的手机号个数,17
0060,2026-08-25,LKUS_push,feature_SdA1CjZvNCMG,区号近1分钟的访问次数,17
0060,2026-08-25,LKUS_push,feature_JaT2oyzVtD0q,手机号近1分钟的访问次数,17
0060,2026-08-25,LKUS_push,feature_YkpmaKaJhcdG,区号近1天内的访问次数,17
0060,2026-08-25,LKUS_push,feature_7DbBgowc2mEl,IP近1分钟的访问次数,17
0060,2026-08-25,LKUS_login,feature_vTICzBPfD3Ds,ip C段白名单,16
0060,2026-08-25,LKUS_login,feature_oxYJ6qJ3BAfv,用户编号白名单,16
0060,2026-08-25,LKUS_login,feature_P5eYl9a699fA,ip白名单,16
0060,2026-08-25,LKUS_login,feature_yo8MLsBsGIsV,三方unionId白名单,16
0060,2026-08-25,LKUS_login,feature_kqtp6XVcXXiQ,手机号白名单,16
0060,2026-08-25,LKUS_login,feature_K0JuGvXPoQsS,网关uid白名单,16
0060,2026-08-25,LKUS_login,feature_5caBWmAHDcCQ,邮箱白名单,16
0060,2026-08-25,LKUS_login,feature_3CSh3LRVobu7,手机号黑名单,16
0060,2026-08-25,LKUS_login,feature_jkeS0N10RDAn,网关uid黑名单,16
0060,2026-08-25,LKUS_login,feature_7qCVo92BIECU,三方unionId黑名单,16
0060,2026-08-25,LKUS_login,feature_9tl8mW2Gembc,邮箱黑名单,16
0060,2026-08-25,LKUS_login,feature_g43LuQcahzCJ,用户编号黑名单,16
0060,2026-08-25,LKUS_login,feature_XtxCPW1x9QTU,ip C段黑名单,16
0060,2026-08-25,LKUS_login,feature_cOkhRQVI91IV,ip黑名单,16
0060,2026-08-25,LKUS_login,feature_TLXI8MNiNglz,reCAPTCHA V3风险分,3
0060,2026-08-25,LKUS_login,feature_MHv7nra5Z6T5,reCAPTCHA V3 token是否有效,13
0060,2026-08-25,LKUS_physical_order_create,feature_vTICzBPfD3Ds,ip C段白名单,80
0060,2026-08-25,LKUS_physical_order_create,feature_oxYJ6qJ3BAfv,用户编号白名单,80
0060,2026-08-25,LKUS_physical_order_create,feature_P5eYl9a699fA,ip白名单,80
0060,2026-08-25,LKUS_physical_order_create,feature_yo8MLsBsGIsV,三方unionId白名单,80
0060,2026-08-25,LKUS_physical_order_create,feature_kqtp6XVcXXiQ,手机号白名单,80
0060,2026-08-25,LKUS_physical_order_create,feature_K0JuGvXPoQsS,网关uid白名单,80
0060,2026-08-25,LKUS_physical_order_create,feature_5caBWmAHDcCQ,邮箱白名单,80
0060,2026-08-25,LKUS_physical_order_create,feature_3CSh3LRVobu7,手机号黑名单,71
0060,2026-08-25,LKUS_physical_order_create,feature_jkeS0N10RDAn,网关uid黑名单,71
0060,2026-08-25,LKUS_physical_order_create,feature_7qCVo92BIECU,三方unionId黑名单,71
0060,2026-08-25,LKUS_physical_order_create,feature_9tl8mW2Gembc,邮箱黑名单,71
0060,2026-08-25,LKUS_physical_order_create,feature_g43LuQcahzCJ,用户编号黑名单,71
0060,2026-08-25,LKUS_physical_order_create,feature_cOkhRQVI91IV,ip黑名单,71
0060,2026-08-25,LKUS_physical_order_create,feature_XtxCPW1x9QTU,ip C段黑名单,71
0060,2026-08-25,LKUS_physical_order_create,feature_MHv7nra5Z6T5,reCAPTCHA V3 token是否有效,71
0060,2026-08-25,LKUS_payment,feature_vTICzBPfD3Ds,ip C段白名单,81
0060,2026-08-25,LKUS_payment,feature_oxYJ6qJ3BAfv,用户编号白名单,81
0060,2026-08-25,LKUS_payment,feature_P5eYl9a699fA,ip白名单,81
0060,2026-08-25,LKUS_payment,feature_yo8MLsBsGIsV,三方unionId白名单,81
0060,2026-08-25,LKUS_payment,feature_kqtp6XVcXXiQ,手机号白名单,81
0060,2026-08-25,LKUS_payment,feature_K0JuGvXPoQsS,网关uid白名单,81
0060,2026-08-25,LKUS_payment,feature_5caBWmAHDcCQ,邮箱白名单,81
0060,2026-08-25,LKUS_payment,feature_3CSh3LRVobu7,手机号黑名单,72
0060,2026-08-25,LKUS_payment,feature_jkeS0N10RDAn,网关uid黑名单,72
0060,2026-08-25,LKUS_payment,feature_7qCVo92BIECU,三方unionId黑名单,72
0060,2026-08-25,LKUS_payment,feature_9tl8mW2Gembc,邮箱黑名单,72
0060,2026-08-25,LKUS_payment,feature_g43LuQcahzCJ,用户编号黑名单,72
0060,2026-08-25,LKUS_payment,feature_cOkhRQVI91IV,ip黑名单,72
0060,2026-08-25,LKUS_payment,feature_XtxCPW1x9QTU,ip C段黑名单,72
0060,2026-08-25,LKUS_payment,feature_MHv7nra5Z6T5,reCAPTCHA V3 token是否有效,72
0060,2026-08-25,LKUS_register,feature_vTICzBPfD3Ds,ip C段白名单,9
0060,2026-08-25,LKUS_register,feature_oxYJ6qJ3BAfv,用户编号白名单,9
0060,2026-08-25,LKUS_register,feature_P5eYl9a699fA,ip白名单,9
0060,2026-08-25,LKUS_register,feature_yo8MLsBsGIsV,三方unionId白名单,9
0060,2026-08-25,LKUS_register,feature_kqtp6XVcXXiQ,手机号白名单,9
0060,2026-08-25,LKUS_register,feature_K0JuGvXPoQsS,网关uid白名单,9
0060,2026-08-25,LKUS_register,feature_5caBWmAHDcCQ,邮箱白名单,9
0060,2026-08-25,LKUS_register,feature_3CSh3LRVobu7,手机号黑名单,9
0060,2026-08-25,LKUS_register,feature_jkeS0N10RDAn,网关uid黑名单,9
0060,2026-08-25,LKUS_register,feature_7qCVo92BIECU,三方unionId黑名单,9
0060,2026-08-25,LKUS_register,feature_9tl8mW2Gembc,邮箱黑名单,9
0060,2026-08-25,LKUS_register,feature_g43LuQcahzCJ,用户编号黑名单,9
0060,2026-08-25,LKUS_register,feature_cOkhRQVI91IV,ip黑名单,9
0060,2026-08-25,LKUS_register,feature_XtxCPW1x9QTU,ip C段黑名单,9
0060,2026-08-25,LKUS_grant_new_user_coupon,feature_vTICzBPfD3Ds,ip C段白名单,5
0060,2026-08-25,LKUS_grant_new_user_coupon,feature_oxYJ6qJ3BAfv,用户编号白名单,5
0060,2026-08-25,LKUS_grant_new_user_coupon,feature_P5eYl9a699fA,ip白名单,5
0060,2026-08-25,LKUS_grant_new_user_coupon,feature_yo8MLsBsGIsV,三方unionId白名单,5
0060,2026-08-25,LKUS_grant_new_user_coupon,feature_kqtp6XVcXXiQ,手机号白名单,5
0060,2026-08-25,LKUS_grant_new_user_coupon,feature_K0JuGvXPoQsS,网关uid白名单,5
0060,2026-08-25,LKUS_grant_new_user_coupon,feature_5caBWmAHDcCQ,邮箱白名单,5
0060,2026-08-25,LKUS_grant_new_user_coupon,feature_3CSh3LRVobu7,手机号黑名单,5
0060,2026-08-25,LKUS_grant_new_user_coupon,feature_jkeS0N10RDAn,网关uid黑名单,5
0060,2026-08-25,LKUS_grant_new_user_coupon,feature_7qCVo92BIECU,三方unionId黑名单,5
0060,2026-08-25,LKUS_grant_new_user_coupon,feature_9tl8mW2Gembc,邮箱黑名单,5
0060,2026-08-25,LKUS_grant_new_user_coupon,feature_g43LuQcahzCJ,用户编号黑名单,5
0060,2026-08-25,LKUS_grant_new_user_coupon,feature_cOkhRQVI91IV,ip黑名单,5
0060,2026-08-25,LKUS_grant_new_user_coupon,feature_XtxCPW1x9QTU,ip C段黑名单,5
0060,2026-08-26,LKUS_push,feature_vTICzBPfD3Ds,ip C段白名单,21
0060,2026-08-26,LKUS_push,feature_oxYJ6qJ3BAfv,用户编号白名单,21
0060,2026-08-26,LKUS_push,feature_P5eYl9a699fA,ip白名单,21
0060,2026-08-26,LKUS_push,feature_yo8MLsBsGIsV,三方unionId白名单,21
0060,2026-08-26,LKUS_push,feature_kqtp6XVcXXiQ,手机号白名单,21
0060,2026-08-26,LKUS_push,feature_K0JuGvXPoQsS,网关uid白名单,21
0060,2026-08-26,LKUS_push,feature_5caBWmAHDcCQ,邮箱白名单,21
0060,2026-08-26,LKUS_push,feature_Fik6gvwY1tA6,手机号近1天的访问次数,21
0060,2026-08-26,LKUS_push,feature_3CSh3LRVobu7,手机号黑名单,20
0060,2026-08-26,LKUS_push,feature_jkeS0N10RDAn,网关uid黑名单,20
0060,2026-08-26,LKUS_push,feature_7qCVo92BIECU,三方unionId黑名单,20
0060,2026-08-26,LKUS_push,feature_9tl8mW2Gembc,邮箱黑名单,20
0060,2026-08-26,LKUS_push,feature_g43LuQcahzCJ,用户编号黑名单,20
0060,2026-08-26,LKUS_push,feature_cOkhRQVI91IV,ip黑名单,20
0060,2026-08-26,LKUS_push,feature_XtxCPW1x9QTU,ip C段黑名单,20
0060,2026-08-26,LKUS_push,feature_r1bhlQnbfRHb,IP近60分钟关联的手机号个数,20
0060,2026-08-26,LKUS_push,feature_MHv7nra5Z6T5,reCAPTCHA V3 token是否有效,20
0060,2026-08-26,LKUS_push,feature_pf88qk27w76j,区号近5分钟的访问次数,20
0060,2026-08-26,LKUS_push,feature_53Ck9TgChpTW,IP近5分钟关联的手机号个数,20
0060,2026-08-26,LKUS_push,feature_lydpDiga6SB9,手机号近5分钟的访问次数,20
0060,2026-08-26,LKUS_push,feature_Wg4dZ6VJBuTb,IP近1分钟关联的手机号个数,20
0060,2026-08-26,LKUS_push,feature_SdA1CjZvNCMG,区号近1分钟的访问次数,20
0060,2026-08-26,LKUS_push,feature_YkpmaKaJhcdG,区号近1天内的访问次数,20
0060,2026-08-26,LKUS_push,feature_TGPe0mjAPwR5,IP近60分钟关联的国家区号个数,20
0060,2026-08-26,LKUS_push,feature_7DbBgowc2mEl,IP近1分钟的访问次数,20
0060,2026-08-26,LKUS_push,feature_JaT2oyzVtD0q,手机号近1分钟的访问次数,20
0060,2026-08-26,LKUS_push,feature_UOJYBEifd5Jn,区号近60分钟的访问次数,20
0060,2026-08-26,LKUS_register,feature_vTICzBPfD3Ds,ip C段白名单,13
0060,2026-08-26,LKUS_register,feature_oxYJ6qJ3BAfv,用户编号白名单,13
0060,2026-08-26,LKUS_register,feature_P5eYl9a699fA,ip白名单,13
0060,2026-08-26,LKUS_register,feature_yo8MLsBsGIsV,三方unionId白名单,13
0060,2026-08-26,LKUS_register,feature_kqtp6XVcXXiQ,手机号白名单,13
0060,2026-08-26,LKUS_register,feature_K0JuGvXPoQsS,网关uid白名单,13
0060,2026-08-26,LKUS_register,feature_5caBWmAHDcCQ,邮箱白名单,13
0060,2026-08-26,LKUS_register,feature_3CSh3LRVobu7,手机号黑名单,13
0060,2026-08-26,LKUS_register,feature_jkeS0N10RDAn,网关uid黑名单,13
0060,2026-08-26,LKUS_register,feature_7qCVo92BIECU,三方unionId黑名单,13
0060,2026-08-26,LKUS_register,feature_9tl8mW2Gembc,邮箱黑名单,13
0060,2026-08-26,LKUS_register,feature_g43LuQcahzCJ,用户编号黑名单,13
0060,2026-08-26,LKUS_register,feature_cOkhRQVI91IV,ip黑名单,13
0060,2026-08-26,LKUS_register,feature_XtxCPW1x9QTU,ip C段黑名单,13
0060,2026-08-26,LKUS_payment,feature_vTICzBPfD3Ds,ip C段白名单,82
0060,2026-08-26,LKUS_payment,feature_oxYJ6qJ3BAfv,用户编号白名单,82
0060,2026-08-26,LKUS_payment,feature_P5eYl9a699fA,ip白名单,82
0060,2026-08-26,LKUS_payment,feature_yo8MLsBsGIsV,三方unionId白名单,82
0060,2026-08-26,LKUS_payment,feature_kqtp6XVcXXiQ,手机号白名单,82
0060,2026-08-26,LKUS_payment,feature_K0JuGvXPoQsS,网关uid白名单,82
0060,2026-08-26,LKUS_payment,feature_5caBWmAHDcCQ,邮箱白名单,82
0060,2026-08-26,LKUS_payment,feature_3CSh3LRVobu7,手机号黑名单,69
0060,2026-08-26,LKUS_payment,feature_jkeS0N10RDAn,网关uid黑名单,69
0060,2026-08-26,LKUS_payment,feature_7qCVo92BIECU,三方unionId黑名单,69
0060,2026-08-26,LKUS_payment,feature_9tl8mW2Gembc,邮箱黑名单,69
0060,2026-08-26,LKUS_payment,feature_g43LuQcahzCJ,用户编号黑名单,69
0060,2026-08-26,LKUS_payment,feature_cOkhRQVI91IV,ip黑名单,69
0060,2026-08-26,LKUS_payment,feature_XtxCPW1x9QTU,ip C段黑名单,69
0060,2026-08-26,LKUS_payment,feature_MHv7nra5Z6T5,reCAPTCHA V3 token是否有效,69
0060,2026-08-26,LKUS_physical_order_create,feature_vTICzBPfD3Ds,ip C段白名单,84
0060,2026-08-26,LKUS_physical_order_create,feature_oxYJ6qJ3BAfv,用户编号白名单,84
0060,2026-08-26,LKUS_physical_order_create,feature_P5eYl9a699fA,ip白名单,84
0060,2026-08-26,LKUS_physical_order_create,feature_yo8MLsBsGIsV,三方unionId白名单,84
0060,2026-08-26,LKUS_physical_order_create,feature_kqtp6XVcXXiQ,手机号白名单,84
0060,2026-08-26,LKUS_physical_order_create,feature_K0JuGvXPoQsS,网关uid白名单,84
0060,2026-08-26,LKUS_physical_order_create,feature_5caBWmAHDcCQ,邮箱白名单,84
0060,2026-08-26,LKUS_physical_order_create,feature_3CSh3LRVobu7,手机号黑名单,72
0060,2026-08-26,LKUS_physical_order_create,feature_jkeS0N10RDAn,网关uid黑名单,72
0060,2026-08-26,LKUS_physical_order_create,feature_7qCVo92BIECU,三方unionId黑名单,72
0060,2026-08-26,LKUS_physical_order_create,feature_9tl8mW2Gembc,邮箱黑名单,72
0060,2026-08-26,LKUS_physical_order_create,feature_g43LuQcahzCJ,用户编号黑名单,72
0060,2026-08-26,LKUS_physical_order_create,feature_cOkhRQVI91IV,ip黑名单,72
0060,2026-08-26,LKUS_physical_order_create,feature_XtxCPW1x9QTU,ip C段黑名单,72
0060,2026-08-26,LKUS_physical_order_create,feature_MHv7nra5Z6T5,reCAPTCHA V3 token是否有效,72
0060,2026-08-26,LKUS_login,feature_vTICzBPfD3Ds,ip C段白名单,10
0060,2026-08-26,LKUS_login,feature_oxYJ6qJ3BAfv,用户编号白名单,10
0060,2026-08-26,LKUS_login,feature_P5eYl9a699fA,ip白名单,10
0060,2026-08-26,LKUS_login,feature_yo8MLsBsGIsV,三方unionId白名单,10
0060,2026-08-26,LKUS_login,feature_kqtp6XVcXXiQ,手机号白名单,10
0060,2026-08-26,LKUS_login,feature_K0JuGvXPoQsS,网关uid白名单,10
0060,2026-08-26,LKUS_login,feature_5caBWmAHDcCQ,邮箱白名单,10
0060,2026-08-26,LKUS_login,feature_3CSh3LRVobu7,手机号黑名单,10
0060,2026-08-26,LKUS_login,feature_jkeS0N10RDAn,网关uid黑名单,10
0060,2026-08-26,LKUS_login,feature_7qCVo92BIECU,三方unionId黑名单,10
0060,2026-08-26,LKUS_login,feature_9tl8mW2Gembc,邮箱黑名单,10
0060,2026-08-26,LKUS_login,feature_g43LuQcahzCJ,用户编号黑名单,10
0060,2026-08-26,LKUS_login,feature_cOkhRQVI91IV,ip黑名单,10
0060,2026-08-26,LKUS_login,feature_XtxCPW1x9QTU,ip C段黑名单,10
0060,2026-08-26,LKUS_login,feature_MHv7nra5Z6T5,reCAPTCHA V3 token是否有效,10
0060,2026-08-26,LKUS_grant_new_user_coupon,feature_vTICzBPfD3Ds,ip C段白名单,5
0060,2026-08-26,LKUS_grant_new_user_coupon,feature_oxYJ6qJ3BAfv,用户编号白名单,5
0060,2026-08-26,LKUS_grant_new_user_coupon,feature_P5eYl9a699fA,ip白名单,5
0060,2026-08-26,LKUS_grant_new_user_coupon,feature_yo8MLsBsGIsV,三方unionId白名单,5
0060,2026-08-26,LKUS_grant_new_user_coupon,feature_kqtp6XVcXXiQ,手机号白名单,5
0060,2026-08-26,LKUS_grant_new_user_coupon,feature_K0JuGvXPoQsS,网关uid白名单,5
0060,2026-08-26,LKUS_grant_new_user_coupon,feature_5caBWmAHDcCQ,邮箱白名单,5
0060,2026-08-26,LKUS_grant_new_user_coupon,feature_3CSh3LRVobu7,手机号黑名单,5
0060,2026-08-26,LKUS_grant_new_user_coupon,feature_jkeS0N10RDAn,网关uid黑名单,5
0060,2026-08-26,LKUS_grant_new_user_coupon,feature_7qCVo92BIECU,三方unionId黑名单,5
0060,2026-08-26,LKUS_grant_new_user_coupon,feature_9tl8mW2Gembc,邮箱黑名单,5
0060,2026-08-26,LKUS_grant_new_user_coupon,feature_g43LuQcahzCJ,用户编号黑名单,5
0060,2026-08-26,LKUS_grant_new_user_coupon,feature_cOkhRQVI91IV,ip黑名单,5
0060,2026-08-26,LKUS_grant_new_user_coupon,feature_XtxCPW1x9QTU,ip C段黑名单,5
0060,2026-08-26,LKUS_physical_order_cancel,feature_vTICzBPfD3Ds,ip C段白名单,1
0060,2026-08-26,LKUS_physical_order_cancel,feature_oxYJ6qJ3BAfv,用户编号白名单,1
0060,2026-08-26,LKUS_physical_order_cancel,feature_P5eYl9a699fA,ip白名单,1
0060,2026-08-26,LKUS_physical_order_cancel,feature_yo8MLsBsGIsV,三方unionId白名单,1
0060,2026-08-26,LKUS_physical_order_cancel,feature_kqtp6XVcXXiQ,手机号白名单,1
0060,2026-08-26,LKUS_physical_order_cancel,feature_K0JuGvXPoQsS,网关uid白名单,1
0060,2026-08-26,LKUS_physical_order_cancel,feature_5caBWmAHDcCQ,邮箱白名单,1
0060,2026-08-26,LKUS_physical_order_cancel,feature_3CSh3LRVobu7,手机号黑名单,1
0060,2026-08-26,LKUS_physical_order_cancel,feature_jkeS0N10RDAn,网关uid黑名单,1
0060,2026-08-26,LKUS_physical_order_cancel,feature_7qCVo92BIECU,三方unionId黑名单,1
0060,2026-08-26,LKUS_physical_order_cancel,feature_9tl8mW2Gembc,邮箱黑名单,1
0060,2026-08-26,LKUS_physical_order_cancel,feature_g43LuQcahzCJ,用户编号黑名单,1
0060,2026-08-26,LKUS_physical_order_cancel,feature_cOkhRQVI91IV,ip黑名单,1
0060,2026-08-26,LKUS_physical_order_cancel,feature_XtxCPW1x9QTU,ip C段黑名单,1
0060,2026-08-27,LKUS_push,feature_vTICzBPfD3Ds,ip C段白名单,14
0060,2026-08-27,LKUS_push,feature_oxYJ6qJ3BAfv,用户编号白名单,14
0060,2026-08-27,LKUS_push,feature_P5eYl9a699fA,ip白名单,14
0060,2026-08-27,LKUS_push,feature_yo8MLsBsGIsV,三方unionId白名单,14
0060,2026-08-27,LKUS_push,feature_kqtp6XVcXXiQ,手机号白名单,14
0060,2026-08-27,LKUS_push,feature_K0JuGvXPoQsS,网关uid白名单,14
0060,2026-08-27,LKUS_push,feature_5caBWmAHDcCQ,邮箱白名单,14
0060,2026-08-27,LKUS_push,feature_Fik6gvwY1tA6,手机号近1天的访问次数,14
0060,2026-08-27,LKUS_push,feature_3CSh3LRVobu7,手机号黑名单,14
0060,2026-08-27,LKUS_push,feature_jkeS0N10RDAn,网关uid黑名单,14
0060,2026-08-27,LKUS_push,feature_7qCVo92BIECU,三方unionId黑名单,14
0060,2026-08-27,LKUS_push,feature_9tl8mW2Gembc,邮箱黑名单,14
0060,2026-08-27,LKUS_push,feature_g43LuQcahzCJ,用户编号黑名单,14
0060,2026-08-27,LKUS_push,feature_cOkhRQVI91IV,ip黑名单,14
0060,2026-08-27,LKUS_push,feature_XtxCPW1x9QTU,ip C段黑名单,14
0060,2026-08-27,LKUS_push,feature_SdA1CjZvNCMG,区号近1分钟的访问次数,14
0060,2026-08-27,LKUS_push,feature_53Ck9TgChpTW,IP近5分钟关联的手机号个数,14
0060,2026-08-27,LKUS_push,feature_Wg4dZ6VJBuTb,IP近1分钟关联的手机号个数,14
0060,2026-08-27,LKUS_push,feature_TGPe0mjAPwR5,IP近60分钟关联的国家区号个数,14
0060,2026-08-27,LKUS_push,feature_7DbBgowc2mEl,IP近1分钟的访问次数,14
0060,2026-08-27,LKUS_push,feature_UOJYBEifd5Jn,区号近60分钟的访问次数,14
0060,2026-08-27,LKUS_push,feature_JaT2oyzVtD0q,手机号近1分钟的访问次数,14
0060,2026-08-27,LKUS_push,feature_pf88qk27w76j,区号近5分钟的访问次数,14
0060,2026-08-27,LKUS_push,feature_r1bhlQnbfRHb,IP近60分钟关联的手机号个数,14
0060,2026-08-27,LKUS_push,feature_MHv7nra5Z6T5,reCAPTCHA V3 token是否有效,1
0060,2026-08-27,LKUS_push,feature_YkpmaKaJhcdG,区号近1天内的访问次数,14
0060,2026-08-27,LKUS_push,feature_lydpDiga6SB9,手机号近5分钟的访问次数,14
0060,2026-08-27,LKUS_login,feature_oxYJ6qJ3BAfv,用户编号白名单,28
0060,2026-08-27,LKUS_login,feature_P5eYl9a699fA,ip白名单,28
0060,2026-08-27,LKUS_login,feature_vTICzBPfD3Ds,ip C段白名单,28
0060,2026-08-27,LKUS_login,feature_yo8MLsBsGIsV,三方unionId白名单,28
0060,2026-08-27,LKUS_login,feature_kqtp6XVcXXiQ,手机号白名单,28
0060,2026-08-27,LKUS_login,feature_5caBWmAHDcCQ,邮箱白名单,28
0060,2026-08-27,LKUS_login,feature_K0JuGvXPoQsS,网关uid白名单,28
0060,2026-08-27,LKUS_login,feature_3CSh3LRVobu7,手机号黑名单,26
0060,2026-08-27,LKUS_login,feature_jkeS0N10RDAn,网关uid黑名单,26
0060,2026-08-27,LKUS_login,feature_7qCVo92BIECU,三方unionId黑名单,26
0060,2026-08-27,LKUS_login,feature_9tl8mW2Gembc,邮箱黑名单,26
0060,2026-08-27,LKUS_login,feature_g43LuQcahzCJ,用户编号黑名单,26
0060,2026-08-27,LKUS_login,feature_XtxCPW1x9QTU,ip C段黑名单,26
0060,2026-08-27,LKUS_login,feature_cOkhRQVI91IV,ip黑名单,26
0060,2026-08-27,LKUS_login,feature_TLXI8MNiNglz,reCAPTCHA V3风险分,26
0060,2026-08-27,LKUS_physical_order_create,feature_vTICzBPfD3Ds,ip C段白名单,63
0060,2026-08-27,LKUS_physical_order_create,feature_oxYJ6qJ3BAfv,用户编号白名单,63
0060,2026-08-27,LKUS_physical_order_create,feature_P5eYl9a699fA,ip白名单,63
0060,2026-08-27,LKUS_physical_order_create,feature_yo8MLsBsGIsV,三方unionId白名单,63
0060,2026-08-27,LKUS_physical_order_create,feature_kqtp6XVcXXiQ,手机号白名单,63
0060,2026-08-27,LKUS_physical_order_create,feature_K0JuGvXPoQsS,网关uid白名单,63
0060,2026-08-27,LKUS_physical_order_create,feature_5caBWmAHDcCQ,邮箱白名单,63
0060,2026-08-27,LKUS_physical_order_create,feature_3CSh3LRVobu7,手机号黑名单,60
0060,2026-08-27,LKUS_physical_order_create,feature_jkeS0N10RDAn,网关uid黑名单,60
0060,2026-08-27,LKUS_physical_order_create,feature_7qCVo92BIECU,三方unionId黑名单,60
0060,2026-08-27,LKUS_physical_order_create,feature_9tl8mW2Gembc,邮箱黑名单,60
0060,2026-08-27,LKUS_physical_order_create,feature_XtxCPW1x9QTU,ip C段黑名单,60
0060,2026-08-27,LKUS_physical_order_create,feature_cOkhRQVI91IV,ip黑名单,60
0060,2026-08-27,LKUS_physical_order_create,feature_g43LuQcahzCJ,用户编号黑名单,60
0060,2026-08-27,LKUS_physical_order_create,feature_TLXI8MNiNglz,reCAPTCHA V3风险分,60
0060,2026-08-27,LKUS_payment,feature_vTICzBPfD3Ds,ip C段白名单,64
0060,2026-08-27,LKUS_payment,feature_oxYJ6qJ3BAfv,用户编号白名单,64
0060,2026-08-27,LKUS_payment,feature_P5eYl9a699fA,ip白名单,64
0060,2026-08-27,LKUS_payment,feature_yo8MLsBsGIsV,三方unionId白名单,64
0060,2026-08-27,LKUS_payment,feature_kqtp6XVcXXiQ,手机号白名单,64
0060,2026-08-27,LKUS_payment,feature_K0JuGvXPoQsS,网关uid白名单,64
0060,2026-08-27,LKUS_payment,feature_5caBWmAHDcCQ,邮箱白名单,64
0060,2026-08-27,LKUS_payment,feature_3CSh3LRVobu7,手机号黑名单,61
0060,2026-08-27,LKUS_payment,feature_jkeS0N10RDAn,网关uid黑名单,61
0060,2026-08-27,LKUS_payment,feature_7qCVo92BIECU,三方unionId黑名单,61
0060,2026-08-27,LKUS_payment,feature_9tl8mW2Gembc,邮箱黑名单,61
0060,2026-08-27,LKUS_payment,feature_XtxCPW1x9QTU,ip C段黑名单,61
0060,2026-08-27,LKUS_payment,feature_cOkhRQVI91IV,ip黑名单,61
0060,2026-08-27,LKUS_payment,feature_g43LuQcahzCJ,用户编号黑名单,61
0060,2026-08-27,LKUS_payment,feature_TLXI8MNiNglz,reCAPTCHA V3风险分,61
0060,2026-08-27,LKUS_grant_new_user_coupon,feature_vTICzBPfD3Ds,ip C段白名单,7
0060,2026-08-27,LKUS_grant_new_user_coupon,feature_oxYJ6qJ3BAfv,用户编号白名单,7
0060,2026-08-27,LKUS_grant_new_user_coupon,feature_P5eYl9a699fA,ip白名单,7
0060,2026-08-27,LKUS_grant_new_user_coupon,feature_yo8MLsBsGIsV,三方unionId白名单,7
0060,2026-08-27,LKUS_grant_new_user_coupon,feature_kqtp6XVcXXiQ,手机号白名单,7
0060,2026-08-27,LKUS_grant_new_user_coupon,feature_K0JuGvXPoQsS,网关uid白名单,7
0060,2026-08-27,LKUS_grant_new_user_coupon,feature_5caBWmAHDcCQ,邮箱白名单,7
0060,2026-08-27,LKUS_grant_new_user_coupon,feature_3CSh3LRVobu7,手机号黑名单,7
0060,2026-08-27,LKUS_grant_new_user_coupon,feature_jkeS0N10RDAn,网关uid黑名单,7
0060,2026-08-27,LKUS_grant_new_user_coupon,feature_7qCVo92BIECU,三方unionId黑名单,7
0060,2026-08-27,LKUS_grant_new_user_coupon,feature_9tl8mW2Gembc,邮箱黑名单,7
0060,2026-08-27,LKUS_grant_new_user_coupon,feature_XtxCPW1x9QTU,ip C段黑名单,7
0060,2026-08-27,LKUS_grant_new_user_coupon,feature_cOkhRQVI91IV,ip黑名单,7
0060,2026-08-27,LKUS_grant_new_user_coupon,feature_g43LuQcahzCJ,用户编号黑名单,7
0060,2026-08-27,LKUS_push,feature_TLXI8MNiNglz,reCAPTCHA V3风险分,13
0060,2026-08-27,LKUS_push,feature_hspErCH8fSCE,手机号近30分钟的访问次数,13
0060,2026-08-27,LKUS_push,feature_dqBHKec09Wwa,同区号近60分钟未携带recaptchaV3token 访问次数,13
0060,2026-08-27,LKUS_push,feature_WxHUxqIN0IuS,同IP近10分钟的访问次数,13
0060,2026-08-27,LKUS_push,feature_IPwzfPamC8eW,同手机号30分钟关联的IP city个数,13
0060,2026-08-27,LKUS_push,feature_6qwgYPGGuJZ4,IPC段近10分钟关联的手机号个数,13
0060,2026-08-27,LKUS_push,feature_Ym70ZsfxQKSc,一小时请求量,13
0060,2026-08-27,LKUS_push,feature_nnsdzZLQKPZ7,IP近10分钟关联的手机号个数,13
0060,2026-08-27,LKUS_push,feature_n91JeGM6gD6i,同区号近60分钟非美国IP访问次数,13
0060,2026-08-27,LKUS_register,feature_oxYJ6qJ3BAfv,用户编号白名单,4
0060,2026-08-27,LKUS_register,feature_vTICzBPfD3Ds,ip C段白名单,4
0060,2026-08-27,LKUS_register,feature_P5eYl9a699fA,ip白名单,4
0060,2026-08-27,LKUS_register,feature_yo8MLsBsGIsV,三方unionId白名单,4
0060,2026-08-27,LKUS_register,feature_kqtp6XVcXXiQ,手机号白名单,4
0060,2026-08-27,LKUS_register,feature_K0JuGvXPoQsS,网关uid白名单,4
0060,2026-08-27,LKUS_register,feature_5caBWmAHDcCQ,邮箱白名单,4
0060,2026-08-27,LKUS_register,feature_3CSh3LRVobu7,手机号黑名单,4
0060,2026-08-27,LKUS_register,feature_jkeS0N10RDAn,网关uid黑名单,4
0060,2026-08-27,LKUS_register,feature_7qCVo92BIECU,三方unionId黑名单,4
0060,2026-08-27,LKUS_register,feature_9tl8mW2Gembc,邮箱黑名单,4
0060,2026-08-27,LKUS_register,feature_g43LuQcahzCJ,用户编号黑名单,4
0060,2026-08-27,LKUS_register,feature_cOkhRQVI91IV,ip黑名单,4
0060,2026-08-27,LKUS_register,feature_XtxCPW1x9QTU,ip C段黑名单,4
0060,2026-08-28,LKUS_push,feature_oxYJ6qJ3BAfv,用户编号白名单,28
0060,2026-08-28,LKUS_push,feature_vTICzBPfD3Ds,ip C段白名单,28
0060,2026-08-28,LKUS_push,feature_P5eYl9a699fA,ip白名单,28
0060,2026-08-28,LKUS_push,feature_yo8MLsBsGIsV,三方unionId白名单,28
0060,2026-08-28,LKUS_push,feature_kqtp6XVcXXiQ,手机号白名单,28
0060,2026-08-28,LKUS_push,feature_K0JuGvXPoQsS,网关uid白名单,28
0060,2026-08-28,LKUS_push,feature_5caBWmAHDcCQ,邮箱白名单,28
0060,2026-08-28,LKUS_push,feature_Fik6gvwY1tA6,手机号近1天的访问次数,28
0060,2026-08-28,LKUS_push,feature_3CSh3LRVobu7,手机号黑名单,28
0060,2026-08-28,LKUS_push,feature_jkeS0N10RDAn,网关uid黑名单,28
0060,2026-08-28,LKUS_push,feature_7qCVo92BIECU,三方unionId黑名单,28
0060,2026-08-28,LKUS_push,feature_9tl8mW2Gembc,邮箱黑名单,28
0060,2026-08-28,LKUS_push,feature_g43LuQcahzCJ,用户编号黑名单,28
0060,2026-08-28,LKUS_push,feature_cOkhRQVI91IV,ip黑名单,28
0060,2026-08-28,LKUS_push,feature_XtxCPW1x9QTU,ip C段黑名单,28
0060,2026-08-28,LKUS_push,feature_TLXI8MNiNglz,reCAPTCHA V3风险分,28
0060,2026-08-28,LKUS_push,feature_JaT2oyzVtD0q,手机号近1分钟的访问次数,28
0060,2026-08-28,LKUS_push,feature_r1bhlQnbfRHb,IP近60分钟关联的手机号个数,28
0060,2026-08-28,LKUS_push,feature_YkpmaKaJhcdG,区号近1天内的访问次数,28
0060,2026-08-28,LKUS_push,feature_7DbBgowc2mEl,IP近1分钟的访问次数,28
0060,2026-08-28,LKUS_push,feature_hspErCH8fSCE,手机号近30分钟的访问次数,28
0060,2026-08-28,LKUS_push,feature_Wg4dZ6VJBuTb,IP近1分钟关联的手机号个数,28
0060,2026-08-28,LKUS_push,feature_UOJYBEifd5Jn,区号近60分钟的访问次数,28
0060,2026-08-28,LKUS_push,feature_dqBHKec09Wwa,同区号近60分钟未携带recaptchaV3token 访问次数,28
0060,2026-08-28,LKUS_push,feature_53Ck9TgChpTW,IP近5分钟关联的手机号个数,28
0060,2026-08-28,LKUS_push,feature_WxHUxqIN0IuS,同IP近10分钟的访问次数,28
0060,2026-08-28,LKUS_push,feature_IPwzfPamC8eW,同手机号30分钟关联的IP city个数,28
0060,2026-08-28,LKUS_push,feature_6qwgYPGGuJZ4,IPC段近10分钟关联的手机号个数,28
0060,2026-08-28,LKUS_push,feature_lydpDiga6SB9,手机号近5分钟的访问次数,28
0060,2026-08-28,LKUS_push,feature_SdA1CjZvNCMG,区号近1分钟的访问次数,28
0060,2026-08-28,LKUS_push,feature_Ym70ZsfxQKSc,一小时请求量,28
0060,2026-08-28,LKUS_push,feature_nnsdzZLQKPZ7,IP近10分钟关联的手机号个数,28
0060,2026-08-28,LKUS_push,feature_n91JeGM6gD6i,同区号近60分钟非美国IP访问次数,28
0060,2026-08-28,LKUS_push,feature_pf88qk27w76j,区号近5分钟的访问次数,28
0060,2026-08-28,LKUS_push,feature_TGPe0mjAPwR5,IP近60分钟关联的国家区号个数,28
0060,2026-08-28,LKUS_physical_order_create,feature_vTICzBPfD3Ds,ip C段白名单,102
0060,2026-08-28,LKUS_physical_order_create,feature_oxYJ6qJ3BAfv,用户编号白名单,102
0060,2026-08-28,LKUS_physical_order_create,feature_P5eYl9a699fA,ip白名单,102
0060,2026-08-28,LKUS_physical_order_create,feature_yo8MLsBsGIsV,三方unionId白名单,102
0060,2026-08-28,LKUS_physical_order_create,feature_kqtp6XVcXXiQ,手机号白名单,102
0060,2026-08-28,LKUS_physical_order_create,feature_K0JuGvXPoQsS,网关uid白名单,102
0060,2026-08-28,LKUS_physical_order_create,feature_5caBWmAHDcCQ,邮箱白名单,102
0060,2026-08-28,LKUS_physical_order_create,feature_3CSh3LRVobu7,手机号黑名单,86
0060,2026-08-28,LKUS_physical_order_create,feature_jkeS0N10RDAn,网关uid黑名单,86
0060,2026-08-28,LKUS_physical_order_create,feature_7qCVo92BIECU,三方unionId黑名单,86
0060,2026-08-28,LKUS_physical_order_create,feature_9tl8mW2Gembc,邮箱黑名单,86
0060,2026-08-28,LKUS_physical_order_create,feature_XtxCPW1x9QTU,ip C段黑名单,86
0060,2026-08-28,LKUS_physical_order_create,feature_cOkhRQVI91IV,ip黑名单,86
0060,2026-08-28,LKUS_physical_order_create,feature_g43LuQcahzCJ,用户编号黑名单,86
0060,2026-08-28,LKUS_physical_order_create,feature_TLXI8MNiNglz,reCAPTCHA V3风险分,86
0060,2026-08-28,LKUS_payment,feature_vTICzBPfD3Ds,ip C段白名单,105
0060,2026-08-28,LKUS_payment,feature_oxYJ6qJ3BAfv,用户编号白名单,105
0060,2026-08-28,LKUS_payment,feature_P5eYl9a699fA,ip白名单,105
0060,2026-08-28,LKUS_payment,feature_yo8MLsBsGIsV,三方unionId白名单,105
0060,2026-08-28,LKUS_payment,feature_kqtp6XVcXXiQ,手机号白名单,105
0060,2026-08-28,LKUS_payment,feature_K0JuGvXPoQsS,网关uid白名单,105
0060,2026-08-28,LKUS_payment,feature_5caBWmAHDcCQ,邮箱白名单,105
0060,2026-08-28,LKUS_payment,feature_3CSh3LRVobu7,手机号黑名单,89
0060,2026-08-28,LKUS_payment,feature_jkeS0N10RDAn,网关uid黑名单,89
0060,2026-08-28,LKUS_payment,feature_7qCVo92BIECU,三方unionId黑名单,89
0060,2026-08-28,LKUS_payment,feature_9tl8mW2Gembc,邮箱黑名单,89
0060,2026-08-28,LKUS_payment,feature_XtxCPW1x9QTU,ip C段黑名单,89
0060,2026-08-28,LKUS_payment,feature_cOkhRQVI91IV,ip黑名单,89
0060,2026-08-28,LKUS_payment,feature_g43LuQcahzCJ,用户编号黑名单,89
0060,2026-08-28,LKUS_payment,feature_TLXI8MNiNglz,reCAPTCHA V3风险分,89
0060,2026-08-28,LKUS_physical_order_cancel,feature_oxYJ6qJ3BAfv,用户编号白名单,1
0060,2026-08-28,LKUS_physical_order_cancel,feature_vTICzBPfD3Ds,ip C段白名单,1
0060,2026-08-28,LKUS_physical_order_cancel,feature_P5eYl9a699fA,ip白名单,1
0060,2026-08-28,LKUS_physical_order_cancel,feature_yo8MLsBsGIsV,三方unionId白名单,1
0060,2026-08-28,LKUS_physical_order_cancel,feature_kqtp6XVcXXiQ,手机号白名单,1
0060,2026-08-28,LKUS_physical_order_cancel,feature_K0JuGvXPoQsS,网关uid白名单,1
0060,2026-08-28,LKUS_physical_order_cancel,feature_5caBWmAHDcCQ,邮箱白名单,1
0060,2026-08-28,LKUS_physical_order_cancel,feature_3CSh3LRVobu7,手机号黑名单,1
0060,2026-08-28,LKUS_physical_order_cancel,feature_jkeS0N10RDAn,网关uid黑名单,1
0060,2026-08-28,LKUS_physical_order_cancel,feature_7qCVo92BIECU,三方unionId黑名单,1
0060,2026-08-28,LKUS_physical_order_cancel,feature_9tl8mW2Gembc,邮箱黑名单,1
0060,2026-08-28,LKUS_physical_order_cancel,feature_g43LuQcahzCJ,用户编号黑名单,1
0060,2026-08-28,LKUS_physical_order_cancel,feature_cOkhRQVI91IV,ip黑名单,1
0060,2026-08-28,LKUS_physical_order_cancel,feature_XtxCPW1x9QTU,ip C段黑名单,1
0060,2026-08-28,LKUS_login,feature_oxYJ6qJ3BAfv,用户编号白名单,19
0060,2026-08-28,LKUS_login,feature_vTICzBPfD3Ds,ip C段白名单,19
0060,2026-08-28,LKUS_login,feature_P5eYl9a699fA,ip白名单,19
0060,2026-08-28,LKUS_login,feature_yo8MLsBsGIsV,三方unionId白名单,19
0060,2026-08-28,LKUS_login,feature_kqtp6XVcXXiQ,手机号白名单,19
0060,2026-08-28,LKUS_login,feature_K0JuGvXPoQsS,网关uid白名单,19
0060,2026-08-28,LKUS_login,feature_5caBWmAHDcCQ,邮箱白名单,19
0060,2026-08-28,LKUS_login,feature_3CSh3LRVobu7,手机号黑名单,19
0060,2026-08-28,LKUS_login,feature_jkeS0N10RDAn,网关uid黑名单,19
0060,2026-08-28,LKUS_login,feature_7qCVo92BIECU,三方unionId黑名单,19
0060,2026-08-28,LKUS_login,feature_9tl8mW2Gembc,邮箱黑名单,19
0060,2026-08-28,LKUS_login,feature_g43LuQcahzCJ,用户编号黑名单,19
0060,2026-08-28,LKUS_login,feature_cOkhRQVI91IV,ip黑名单,19
0060,2026-08-28,LKUS_login,feature_XtxCPW1x9QTU,ip C段黑名单,19
0060,2026-08-28,LKUS_login,feature_TLXI8MNiNglz,reCAPTCHA V3风险分,19
0060,2026-08-28,LKUS_grant_new_user_coupon,feature_oxYJ6qJ3BAfv,用户编号白名单,12
0060,2026-08-28,LKUS_grant_new_user_coupon,feature_vTICzBPfD3Ds,ip C段白名单,12
0060,2026-08-28,LKUS_grant_new_user_coupon,feature_P5eYl9a699fA,ip白名单,12
0060,2026-08-28,LKUS_grant_new_user_coupon,feature_yo8MLsBsGIsV,三方unionId白名单,12
0060,2026-08-28,LKUS_grant_new_user_coupon,feature_kqtp6XVcXXiQ,手机号白名单,12
0060,2026-08-28,LKUS_grant_new_user_coupon,feature_K0JuGvXPoQsS,网关uid白名单,12
0060,2026-08-28,LKUS_grant_new_user_coupon,feature_5caBWmAHDcCQ,邮箱白名单,12
0060,2026-08-28,LKUS_grant_new_user_coupon,feature_3CSh3LRVobu7,手机号黑名单,12
0060,2026-08-28,LKUS_grant_new_user_coupon,feature_jkeS0N10RDAn,网关uid黑名单,12
0060,2026-08-28,LKUS_grant_new_user_coupon,feature_7qCVo92BIECU,三方unionId黑名单,12
0060,2026-08-28,LKUS_grant_new_user_coupon,feature_9tl8mW2Gembc,邮箱黑名单,12
0060,2026-08-28,LKUS_grant_new_user_coupon,feature_g43LuQcahzCJ,用户编号黑名单,12
0060,2026-08-28,LKUS_grant_new_user_coupon,feature_cOkhRQVI91IV,ip黑名单,12
0060,2026-08-28,LKUS_grant_new_user_coupon,feature_XtxCPW1x9QTU,ip C段黑名单,12
0060,2026-08-28,LKUS_register,feature_oxYJ6qJ3BAfv,用户编号白名单,9
0060,2026-08-28,LKUS_register,feature_vTICzBPfD3Ds,ip C段白名单,9
0060,2026-08-28,LKUS_register,feature_P5eYl9a699fA,ip白名单,9
0060,2026-08-28,LKUS_register,feature_yo8MLsBsGIsV,三方unionId白名单,9
0060,2026-08-28,LKUS_register,feature_kqtp6XVcXXiQ,手机号白名单,9
0060,2026-08-28,LKUS_register,feature_K0JuGvXPoQsS,网关uid白名单,9
0060,2026-08-28,LKUS_register,feature_5caBWmAHDcCQ,邮箱白名单,9
0060,2026-08-28,LKUS_register,feature_3CSh3LRVobu7,手机号黑名单,9
0060,2026-08-28,LKUS_register,feature_jkeS0N10RDAn,网关uid黑名单,9
0060,2026-08-28,LKUS_register,feature_7qCVo92BIECU,三方unionId黑名单,9
0060,2026-08-28,LKUS_register,feature_9tl8mW2Gembc,邮箱黑名单,9
0060,2026-08-28,LKUS_register,feature_g43LuQcahzCJ,用户编号黑名单,9
0060,2026-08-28,LKUS_register,feature_cOkhRQVI91IV,ip黑名单,9
0060,2026-08-28,LKUS_register,feature_XtxCPW1x9QTU,ip C段黑名单,9
0060,2026-08-29,LKUS_push,feature_oxYJ6qJ3BAfv,用户编号白名单,30
0060,2026-08-29,LKUS_push,feature_vTICzBPfD3Ds,ip C段白名单,30
0060,2026-08-29,LKUS_push,feature_P5eYl9a699fA,ip白名单,30
0060,2026-08-29,LKUS_push,feature_yo8MLsBsGIsV,三方unionId白名单,30
0060,2026-08-29,LKUS_push,feature_kqtp6XVcXXiQ,手机号白名单,30
0060,2026-08-29,LKUS_push,feature_K0JuGvXPoQsS,网关uid白名单,30
0060,2026-08-29,LKUS_push,feature_5caBWmAHDcCQ,邮箱白名单,30
0060,2026-08-29,LKUS_push,feature_Fik6gvwY1tA6,手机号近1天的访问次数,30
0060,2026-08-29,LKUS_push,feature_3CSh3LRVobu7,手机号黑名单,29
0060,2026-08-29,LKUS_push,feature_jkeS0N10RDAn,网关uid黑名单,29
0060,2026-08-29,LKUS_push,feature_7qCVo92BIECU,三方unionId黑名单,29
0060,2026-08-29,LKUS_push,feature_9tl8mW2Gembc,邮箱黑名单,29
0060,2026-08-29,LKUS_push,feature_g43LuQcahzCJ,用户编号黑名单,29
0060,2026-08-29,LKUS_push,feature_cOkhRQVI91IV,ip黑名单,29
0060,2026-08-29,LKUS_push,feature_XtxCPW1x9QTU,ip C段黑名单,29
0060,2026-08-29,LKUS_push,feature_TLXI8MNiNglz,reCAPTCHA V3风险分,29
0060,2026-08-29,LKUS_push,feature_JaT2oyzVtD0q,手机号近1分钟的访问次数,29
0060,2026-08-29,LKUS_push,feature_r1bhlQnbfRHb,IP近60分钟关联的手机号个数,29
0060,2026-08-29,LKUS_push,feature_YkpmaKaJhcdG,区号近1天内的访问次数,29
0060,2026-08-29,LKUS_push,feature_7DbBgowc2mEl,IP近1分钟的访问次数,29
0060,2026-08-29,LKUS_push,feature_hspErCH8fSCE,手机号近30分钟的访问次数,29
0060,2026-08-29,LKUS_push,feature_Wg4dZ6VJBuTb,IP近1分钟关联的手机号个数,29
0060,2026-08-29,LKUS_push,feature_UOJYBEifd5Jn,区号近60分钟的访问次数,29
0060,2026-08-29,LKUS_push,feature_dqBHKec09Wwa,同区号近60分钟未携带recaptchaV3token 访问次数,29
0060,2026-08-29,LKUS_push,feature_53Ck9TgChpTW,IP近5分钟关联的手机号个数,29
0060,2026-08-29,LKUS_push,feature_WxHUxqIN0IuS,同IP近10分钟的访问次数,29
0060,2026-08-29,LKUS_push,feature_IPwzfPamC8eW,同手机号30分钟关联的IP city个数,29
0060,2026-08-29,LKUS_push,feature_6qwgYPGGuJZ4,IPC段近10分钟关联的手机号个数,29
0060,2026-08-29,LKUS_push,feature_lydpDiga6SB9,手机号近5分钟的访问次数,29
0060,2026-08-29,LKUS_push,feature_SdA1CjZvNCMG,区号近1分钟的访问次数,29
0060,2026-08-29,LKUS_push,feature_Ym70ZsfxQKSc,一小时请求量,29
0060,2026-08-29,LKUS_push,feature_nnsdzZLQKPZ7,IP近10分钟关联的手机号个数,29
0060,2026-08-29,LKUS_push,feature_n91JeGM6gD6i,同区号近60分钟非美国IP访问次数,29
0060,2026-08-29,LKUS_push,feature_pf88qk27w76j,区号近5分钟的访问次数,29
0060,2026-08-29,LKUS_push,feature_TGPe0mjAPwR5,IP近60分钟关联的国家区号个数,29
0060,2026-08-29,LKUS_register,feature_vTICzBPfD3Ds,ip C段白名单,10
0060,2026-08-29,LKUS_register,feature_oxYJ6qJ3BAfv,用户编号白名单,10
0060,2026-08-29,LKUS_register,feature_P5eYl9a699fA,ip白名单,10
0060,2026-08-29,LKUS_register,feature_yo8MLsBsGIsV,三方unionId白名单,10
0060,2026-08-29,LKUS_register,feature_kqtp6XVcXXiQ,手机号白名单,10
0060,2026-08-29,LKUS_register,feature_K0JuGvXPoQsS,网关uid白名单,10
0060,2026-08-29,LKUS_register,feature_5caBWmAHDcCQ,邮箱白名单,10
0060,2026-08-29,LKUS_register,feature_3CSh3LRVobu7,手机号黑名单,10
0060,2026-08-29,LKUS_register,feature_jkeS0N10RDAn,网关uid黑名单,10
0060,2026-08-29,LKUS_register,feature_7qCVo92BIECU,三方unionId黑名单,10
0060,2026-08-29,LKUS_register,feature_9tl8mW2Gembc,邮箱黑名单,10
0060,2026-08-29,LKUS_register,feature_XtxCPW1x9QTU,ip C段黑名单,10
0060,2026-08-29,LKUS_register,feature_cOkhRQVI91IV,ip黑名单,10
0060,2026-08-29,LKUS_register,feature_g43LuQcahzCJ,用户编号黑名单,10
0060,2026-08-29,LKUS_payment,feature_vTICzBPfD3Ds,ip C段白名单,67
0060,2026-08-29,LKUS_payment,feature_oxYJ6qJ3BAfv,用户编号白名单,67
0060,2026-08-29,LKUS_payment,feature_P5eYl9a699fA,ip白名单,67
0060,2026-08-29,LKUS_payment,feature_yo8MLsBsGIsV,三方unionId白名单,67
0060,2026-08-29,LKUS_payment,feature_kqtp6XVcXXiQ,手机号白名单,67
0060,2026-08-29,LKUS_payment,feature_K0JuGvXPoQsS,网关uid白名单,67
0060,2026-08-29,LKUS_payment,feature_5caBWmAHDcCQ,邮箱白名单,67
0060,2026-08-29,LKUS_physical_order_create,feature_oxYJ6qJ3BAfv,用户编号白名单,66
0060,2026-08-29,LKUS_physical_order_create,feature_vTICzBPfD3Ds,ip C段白名单,66
0060,2026-08-29,LKUS_physical_order_create,feature_P5eYl9a699fA,ip白名单,66
0060,2026-08-29,LKUS_physical_order_create,feature_yo8MLsBsGIsV,三方unionId白名单,66
0060,2026-08-29,LKUS_physical_order_create,feature_kqtp6XVcXXiQ,手机号白名单,66
0060,2026-08-29,LKUS_physical_order_create,feature_K0JuGvXPoQsS,网关uid白名单,66
0060,2026-08-29,LKUS_physical_order_create,feature_5caBWmAHDcCQ,邮箱白名单,66
0060,2026-08-29,LKUS_physical_order_create,feature_3CSh3LRVobu7,手机号黑名单,53
0060,2026-08-29,LKUS_physical_order_create,feature_jkeS0N10RDAn,网关uid黑名单,53
0060,2026-08-29,LKUS_physical_order_create,feature_7qCVo92BIECU,三方unionId黑名单,53
0060,2026-08-29,LKUS_physical_order_create,feature_9tl8mW2Gembc,邮箱黑名单,53
0060,2026-08-29,LKUS_physical_order_create,feature_g43LuQcahzCJ,用户编号黑名单,53
0060,2026-08-29,LKUS_physical_order_create,feature_cOkhRQVI91IV,ip黑名单,53
0060,2026-08-29,LKUS_physical_order_create,feature_XtxCPW1x9QTU,ip C段黑名单,53
0060,2026-08-29,LKUS_physical_order_create,feature_TLXI8MNiNglz,reCAPTCHA V3风险分,53
0060,2026-08-29,LKUS_payment,feature_3CSh3LRVobu7,手机号黑名单,54
0060,2026-08-29,LKUS_payment,feature_jkeS0N10RDAn,网关uid黑名单,54
0060,2026-08-29,LKUS_payment,feature_7qCVo92BIECU,三方unionId黑名单,54
0060,2026-08-29,LKUS_payment,feature_9tl8mW2Gembc,邮箱黑名单,54
0060,2026-08-29,LKUS_payment,feature_g43LuQcahzCJ,用户编号黑名单,54
0060,2026-08-29,LKUS_payment,feature_cOkhRQVI91IV,ip黑名单,54
0060,2026-08-29,LKUS_payment,feature_XtxCPW1x9QTU,ip C段黑名单,54
0060,2026-08-29,LKUS_payment,feature_TLXI8MNiNglz,reCAPTCHA V3风险分,54
0060,2026-08-29,LKUS_grant_new_user_coupon,feature_oxYJ6qJ3BAfv,用户编号白名单,16
0060,2026-08-29,LKUS_grant_new_user_coupon,feature_vTICzBPfD3Ds,ip C段白名单,16
0060,2026-08-29,LKUS_grant_new_user_coupon,feature_P5eYl9a699fA,ip白名单,16
0060,2026-08-29,LKUS_grant_new_user_coupon,feature_yo8MLsBsGIsV,三方unionId白名单,16
0060,2026-08-29,LKUS_grant_new_user_coupon,feature_kqtp6XVcXXiQ,手机号白名单,16
0060,2026-08-29,LKUS_grant_new_user_coupon,feature_K0JuGvXPoQsS,网关uid白名单,16
0060,2026-08-29,LKUS_grant_new_user_coupon,feature_5caBWmAHDcCQ,邮箱白名单,16
0060,2026-08-29,LKUS_grant_new_user_coupon,feature_3CSh3LRVobu7,手机号黑名单,16
0060,2026-08-29,LKUS_grant_new_user_coupon,feature_jkeS0N10RDAn,网关uid黑名单,16
0060,2026-08-29,LKUS_grant_new_user_coupon,feature_7qCVo92BIECU,三方unionId黑名单,16
0060,2026-08-29,LKUS_grant_new_user_coupon,feature_9tl8mW2Gembc,邮箱黑名单,16
0060,2026-08-29,LKUS_grant_new_user_coupon,feature_g43LuQcahzCJ,用户编号黑名单,16
0060,2026-08-29,LKUS_grant_new_user_coupon,feature_cOkhRQVI91IV,ip黑名单,16
0060,2026-08-29,LKUS_grant_new_user_coupon,feature_XtxCPW1x9QTU,ip C段黑名单,16
0060,2026-08-29,LKUS_login,feature_vTICzBPfD3Ds,ip C段白名单,26
0060,2026-08-29,LKUS_login,feature_oxYJ6qJ3BAfv,用户编号白名单,26
0060,2026-08-29,LKUS_login,feature_P5eYl9a699fA,ip白名单,26
0060,2026-08-29,LKUS_login,feature_yo8MLsBsGIsV,三方unionId白名单,26
0060,2026-08-29,LKUS_login,feature_kqtp6XVcXXiQ,手机号白名单,26
0060,2026-08-29,LKUS_login,feature_K0JuGvXPoQsS,网关uid白名单,26
0060,2026-08-29,LKUS_login,feature_5caBWmAHDcCQ,邮箱白名单,26
0060,2026-08-29,LKUS_login,feature_3CSh3LRVobu7,手机号黑名单,26
0060,2026-08-29,LKUS_login,feature_jkeS0N10RDAn,网关uid黑名单,26
0060,2026-08-29,LKUS_login,feature_7qCVo92BIECU,三方unionId黑名单,26
0060,2026-08-29,LKUS_login,feature_9tl8mW2Gembc,邮箱黑名单,26
0060,2026-08-29,LKUS_login,feature_XtxCPW1x9QTU,ip C段黑名单,26
0060,2026-08-29,LKUS_login,feature_cOkhRQVI91IV,ip黑名单,26
0060,2026-08-29,LKUS_login,feature_g43LuQcahzCJ,用户编号黑名单,26
0060,2026-08-29,LKUS_login,feature_TLXI8MNiNglz,reCAPTCHA V3风险分,26
0060,2026-08-30,LKUS_push,feature_oxYJ6qJ3BAfv,用户编号白名单,31
0060,2026-08-30,LKUS_push,feature_vTICzBPfD3Ds,ip C段白名单,31
0060,2026-08-30,LKUS_push,feature_P5eYl9a699fA,ip白名单,31
0060,2026-08-30,LKUS_push,feature_yo8MLsBsGIsV,三方unionId白名单,31
0060,2026-08-30,LKUS_push,feature_kqtp6XVcXXiQ,手机号白名单,31
0060,2026-08-30,LKUS_push,feature_K0JuGvXPoQsS,网关uid白名单,31
0060,2026-08-30,LKUS_push,feature_5caBWmAHDcCQ,邮箱白名单,31
0060,2026-08-30,LKUS_push,feature_Fik6gvwY1tA6,手机号近1天的访问次数,31
0060,2026-08-30,LKUS_push,feature_3CSh3LRVobu7,手机号黑名单,31
0060,2026-08-30,LKUS_push,feature_jkeS0N10RDAn,网关uid黑名单,31
0060,2026-08-30,LKUS_push,feature_7qCVo92BIECU,三方unionId黑名单,31
0060,2026-08-30,LKUS_push,feature_9tl8mW2Gembc,邮箱黑名单,31
0060,2026-08-30,LKUS_push,feature_g43LuQcahzCJ,用户编号黑名单,31
0060,2026-08-30,LKUS_push,feature_cOkhRQVI91IV,ip黑名单,31
0060,2026-08-30,LKUS_push,feature_XtxCPW1x9QTU,ip C段黑名单,31
0060,2026-08-30,LKUS_push,feature_TLXI8MNiNglz,reCAPTCHA V3风险分,31
0060,2026-08-30,LKUS_push,feature_JaT2oyzVtD0q,手机号近1分钟的访问次数,31
0060,2026-08-30,LKUS_push,feature_r1bhlQnbfRHb,IP近60分钟关联的手机号个数,31
0060,2026-08-30,LKUS_push,feature_YkpmaKaJhcdG,区号近1天内的访问次数,31
0060,2026-08-30,LKUS_push,feature_7DbBgowc2mEl,IP近1分钟的访问次数,31
0060,2026-08-30,LKUS_push,feature_hspErCH8fSCE,手机号近30分钟的访问次数,31
0060,2026-08-30,LKUS_push,feature_Wg4dZ6VJBuTb,IP近1分钟关联的手机号个数,31
0060,2026-08-30,LKUS_push,feature_UOJYBEifd5Jn,区号近60分钟的访问次数,31
0060,2026-08-30,LKUS_push,feature_dqBHKec09Wwa,同区号近60分钟未携带recaptchaV3token 访问次数,31
0060,2026-08-30,LKUS_push,feature_53Ck9TgChpTW,IP近5分钟关联的手机号个数,31
0060,2026-08-30,LKUS_push,feature_WxHUxqIN0IuS,同IP近10分钟的访问次数,31
0060,2026-08-30,LKUS_push,feature_IPwzfPamC8eW,同手机号30分钟关联的IP city个数,31
0060,2026-08-30,LKUS_push,feature_6qwgYPGGuJZ4,IPC段近10分钟关联的手机号个数,31
0060,2026-08-30,LKUS_push,feature_lydpDiga6SB9,手机号近5分钟的访问次数,31
0060,2026-08-30,LKUS_push,feature_SdA1CjZvNCMG,区号近1分钟的访问次数,31
0060,2026-08-30,LKUS_push,feature_Ym70ZsfxQKSc,一小时请求量,31
0060,2026-08-30,LKUS_push,feature_nnsdzZLQKPZ7,IP近10分钟关联的手机号个数,31
0060,2026-08-30,LKUS_push,feature_n91JeGM6gD6i,同区号近60分钟非美国IP访问次数,31
0060,2026-08-30,LKUS_push,feature_pf88qk27w76j,区号近5分钟的访问次数,31
0060,2026-08-30,LKUS_push,feature_TGPe0mjAPwR5,IP近60分钟关联的国家区号个数,31
0060,2026-08-30,LKUS_physical_order_create,feature_oxYJ6qJ3BAfv,用户编号白名单,51
0060,2026-08-30,LKUS_physical_order_create,feature_vTICzBPfD3Ds,ip C段白名单,51
0060,2026-08-30,LKUS_physical_order_create,feature_P5eYl9a699fA,ip白名单,51
0060,2026-08-30,LKUS_physical_order_create,feature_yo8MLsBsGIsV,三方unionId白名单,51
0060,2026-08-30,LKUS_physical_order_create,feature_kqtp6XVcXXiQ,手机号白名单,51
0060,2026-08-30,LKUS_physical_order_create,feature_K0JuGvXPoQsS,网关uid白名单,51
0060,2026-08-30,LKUS_physical_order_create,feature_5caBWmAHDcCQ,邮箱白名单,51
0060,2026-08-30,LKUS_payment,feature_vTICzBPfD3Ds,ip C段白名单,59
0060,2026-08-30,LKUS_payment,feature_oxYJ6qJ3BAfv,用户编号白名单,59
0060,2026-08-30,LKUS_payment,feature_P5eYl9a699fA,ip白名单,59
0060,2026-08-30,LKUS_payment,feature_yo8MLsBsGIsV,三方unionId白名单,59
0060,2026-08-30,LKUS_payment,feature_kqtp6XVcXXiQ,手机号白名单,59
0060,2026-08-30,LKUS_payment,feature_K0JuGvXPoQsS,网关uid白名单,59
0060,2026-08-30,LKUS_payment,feature_5caBWmAHDcCQ,邮箱白名单,59
0060,2026-08-30,LKUS_physical_order_create,feature_3CSh3LRVobu7,手机号黑名单,42
0060,2026-08-30,LKUS_physical_order_create,feature_jkeS0N10RDAn,网关uid黑名单,42
0060,2026-08-30,LKUS_physical_order_create,feature_7qCVo92BIECU,三方unionId黑名单,42
0060,2026-08-30,LKUS_physical_order_create,feature_9tl8mW2Gembc,邮箱黑名单,42
0060,2026-08-30,LKUS_physical_order_create,feature_g43LuQcahzCJ,用户编号黑名单,42
0060,2026-08-30,LKUS_physical_order_create,feature_cOkhRQVI91IV,ip黑名单,42
0060,2026-08-30,LKUS_physical_order_create,feature_XtxCPW1x9QTU,ip C段黑名单,42
0060,2026-08-30,LKUS_physical_order_create,feature_TLXI8MNiNglz,reCAPTCHA V3风险分,42
0060,2026-08-30,LKUS_payment,feature_3CSh3LRVobu7,手机号黑名单,50
0060,2026-08-30,LKUS_payment,feature_jkeS0N10RDAn,网关uid黑名单,50
0060,2026-08-30,LKUS_payment,feature_7qCVo92BIECU,三方unionId黑名单,50
0060,2026-08-30,LKUS_payment,feature_9tl8mW2Gembc,邮箱黑名单,50
0060,2026-08-30,LKUS_payment,feature_g43LuQcahzCJ,用户编号黑名单,50
0060,2026-08-30,LKUS_payment,feature_cOkhRQVI91IV,ip黑名单,50
0060,2026-08-30,LKUS_payment,feature_XtxCPW1x9QTU,ip C段黑名单,50
0060,2026-08-30,LKUS_payment,feature_TLXI8MNiNglz,reCAPTCHA V3风险分,50
0060,2026-08-30,LKUS_login,feature_oxYJ6qJ3BAfv,用户编号白名单,12
0060,2026-08-30,LKUS_login,feature_vTICzBPfD3Ds,ip C段白名单,12
0060,2026-08-30,LKUS_login,feature_P5eYl9a699fA,ip白名单,12
0060,2026-08-30,LKUS_login,feature_yo8MLsBsGIsV,三方unionId白名单,12
0060,2026-08-30,LKUS_login,feature_kqtp6XVcXXiQ,手机号白名单,12
0060,2026-08-30,LKUS_login,feature_K0JuGvXPoQsS,网关uid白名单,12
0060,2026-08-30,LKUS_login,feature_5caBWmAHDcCQ,邮箱白名单,12
0060,2026-08-30,LKUS_login,feature_3CSh3LRVobu7,手机号黑名单,12
0060,2026-08-30,LKUS_login,feature_jkeS0N10RDAn,网关uid黑名单,12
0060,2026-08-30,LKUS_login,feature_7qCVo92BIECU,三方unionId黑名单,12
0060,2026-08-30,LKUS_login,feature_9tl8mW2Gembc,邮箱黑名单,12
0060,2026-08-30,LKUS_login,feature_g43LuQcahzCJ,用户编号黑名单,12
0060,2026-08-30,LKUS_login,feature_cOkhRQVI91IV,ip黑名单,12
0060,2026-08-30,LKUS_login,feature_XtxCPW1x9QTU,ip C段黑名单,12
0060,2026-08-30,LKUS_login,feature_TLXI8MNiNglz,reCAPTCHA V3风险分,12
0060,2026-08-30,LKUS_grant_new_user_coupon,feature_vTICzBPfD3Ds,ip C段白名单,6
0060,2026-08-30,LKUS_grant_new_user_coupon,feature_oxYJ6qJ3BAfv,用户编号白名单,6
0060,2026-08-30,LKUS_grant_new_user_coupon,feature_P5eYl9a699fA,ip白名单,6
0060,2026-08-30,LKUS_grant_new_user_coupon,feature_yo8MLsBsGIsV,三方unionId白名单,6
0060,2026-08-30,LKUS_grant_new_user_coupon,feature_kqtp6XVcXXiQ,手机号白名单,6
0060,2026-08-30,LKUS_grant_new_user_coupon,feature_K0JuGvXPoQsS,网关uid白名单,6
0060,2026-08-30,LKUS_grant_new_user_coupon,feature_5caBWmAHDcCQ,邮箱白名单,6
0060,2026-08-30,LKUS_grant_new_user_coupon,feature_3CSh3LRVobu7,手机号黑名单,6
0060,2026-08-30,LKUS_grant_new_user_coupon,feature_jkeS0N10RDAn,网关uid黑名单,6
0060,2026-08-30,LKUS_grant_new_user_coupon,feature_7qCVo92BIECU,三方unionId黑名单,6
0060,2026-08-30,LKUS_grant_new_user_coupon,feature_9tl8mW2Gembc,邮箱黑名单,6
0060,2026-08-30,LKUS_grant_new_user_coupon,feature_XtxCPW1x9QTU,ip C段黑名单,6
0060,2026-08-30,LKUS_grant_new_user_coupon,feature_cOkhRQVI91IV,ip黑名单,6
0060,2026-08-30,LKUS_grant_new_user_coupon,feature_g43LuQcahzCJ,用户编号黑名单,6
0060,2026-08-30,LKUS_register,feature_vTICzBPfD3Ds,ip C段白名单,15
0060,2026-08-30,LKUS_register,feature_oxYJ6qJ3BAfv,用户编号白名单,15
0060,2026-08-30,LKUS_register,feature_P5eYl9a699fA,ip白名单,15
0060,2026-08-30,LKUS_register,feature_yo8MLsBsGIsV,三方unionId白名单,15
0060,2026-08-30,LKUS_register,feature_kqtp6XVcXXiQ,手机号白名单,15
0060,2026-08-30,LKUS_register,feature_K0JuGvXPoQsS,网关uid白名单,15
0060,2026-08-30,LKUS_register,feature_5caBWmAHDcCQ,邮箱白名单,15
0060,2026-08-30,LKUS_register,feature_3CSh3LRVobu7,手机号黑名单,15
0060,2026-08-30,LKUS_register,feature_jkeS0N10RDAn,网关uid黑名单,15
0060,2026-08-30,LKUS_register,feature_7qCVo92BIECU,三方unionId黑名单,15
0060,2026-08-30,LKUS_register,feature_9tl8mW2Gembc,邮箱黑名单,15
0060,2026-08-30,LKUS_register,feature_XtxCPW1x9QTU,ip C段黑名单,15
0060,2026-08-30,LKUS_register,feature_cOkhRQVI91IV,ip黑名单,15
0060,2026-08-30,LKUS_register,feature_g43LuQcahzCJ,用户编号黑名单,15
0060,2026-08-31,LKUS_physical_order_create,feature_vTICzBPfD3Ds,ip C段白名单,90
0060,2026-08-31,LKUS_physical_order_create,feature_oxYJ6qJ3BAfv,用户编号白名单,90
0060,2026-08-31,LKUS_physical_order_create,feature_P5eYl9a699fA,ip白名单,90
0060,2026-08-31,LKUS_physical_order_create,feature_yo8MLsBsGIsV,三方unionId白名单,90
0060,2026-08-31,LKUS_physical_order_create,feature_kqtp6XVcXXiQ,手机号白名单,90
0060,2026-08-31,LKUS_physical_order_create,feature_K0JuGvXPoQsS,网关uid白名单,90
0060,2026-08-31,LKUS_physical_order_create,feature_5caBWmAHDcCQ,邮箱白名单,90
0060,2026-08-31,LKUS_physical_order_create,feature_3CSh3LRVobu7,手机号黑名单,80
0060,2026-08-31,LKUS_physical_order_create,feature_jkeS0N10RDAn,网关uid黑名单,80
0060,2026-08-31,LKUS_physical_order_create,feature_7qCVo92BIECU,三方unionId黑名单,80
0060,2026-08-31,LKUS_physical_order_create,feature_9tl8mW2Gembc,邮箱黑名单,80
0060,2026-08-31,LKUS_physical_order_create,feature_XtxCPW1x9QTU,ip C段黑名单,80
0060,2026-08-31,LKUS_physical_order_create,feature_cOkhRQVI91IV,ip黑名单,80
0060,2026-08-31,LKUS_physical_order_create,feature_g43LuQcahzCJ,用户编号黑名单,80
0060,2026-08-31,LKUS_physical_order_create,feature_TLXI8MNiNglz,reCAPTCHA V3风险分,80
0060,2026-08-31,LKUS_payment,feature_vTICzBPfD3Ds,ip C段白名单,99
0060,2026-08-31,LKUS_payment,feature_oxYJ6qJ3BAfv,用户编号白名单,99
0060,2026-08-31,LKUS_payment,feature_P5eYl9a699fA,ip白名单,99
0060,2026-08-31,LKUS_payment,feature_yo8MLsBsGIsV,三方unionId白名单,99
0060,2026-08-31,LKUS_payment,feature_kqtp6XVcXXiQ,手机号白名单,99
0060,2026-08-31,LKUS_payment,feature_K0JuGvXPoQsS,网关uid白名单,99
0060,2026-08-31,LKUS_payment,feature_5caBWmAHDcCQ,邮箱白名单,99
0060,2026-08-31,LKUS_payment,feature_3CSh3LRVobu7,手机号黑名单,88
0060,2026-08-31,LKUS_payment,feature_jkeS0N10RDAn,网关uid黑名单,88
0060,2026-08-31,LKUS_payment,feature_7qCVo92BIECU,三方unionId黑名单,88
0060,2026-08-31,LKUS_payment,feature_9tl8mW2Gembc,邮箱黑名单,88
0060,2026-08-31,LKUS_payment,feature_XtxCPW1x9QTU,ip C段黑名单,88
0060,2026-08-31,LKUS_payment,feature_cOkhRQVI91IV,ip黑名单,88
0060,2026-08-31,LKUS_payment,feature_g43LuQcahzCJ,用户编号黑名单,88
0060,2026-08-31,LKUS_payment,feature_TLXI8MNiNglz,reCAPTCHA V3风险分,88
0060,2026-08-31,LKUS_push,feature_vTICzBPfD3Ds,ip C段白名单,23
0060,2026-08-31,LKUS_push,feature_oxYJ6qJ3BAfv,用户编号白名单,23
0060,2026-08-31,LKUS_push,feature_P5eYl9a699fA,ip白名单,23
0060,2026-08-31,LKUS_push,feature_yo8MLsBsGIsV,三方unionId白名单,23
0060,2026-08-31,LKUS_push,feature_kqtp6XVcXXiQ,手机号白名单,23
0060,2026-08-31,LKUS_push,feature_K0JuGvXPoQsS,网关uid白名单,23
0060,2026-08-31,LKUS_push,feature_5caBWmAHDcCQ,邮箱白名单,23
0060,2026-08-31,LKUS_push,feature_Fik6gvwY1tA6,手机号近1天的访问次数,23
0060,2026-08-31,LKUS_push,feature_3CSh3LRVobu7,手机号黑名单,23
0060,2026-08-31,LKUS_push,feature_jkeS0N10RDAn,网关uid黑名单,23
0060,2026-08-31,LKUS_push,feature_7qCVo92BIECU,三方unionId黑名单,23
0060,2026-08-31,LKUS_push,feature_9tl8mW2Gembc,邮箱黑名单,23
0060,2026-08-31,LKUS_push,feature_XtxCPW1x9QTU,ip C段黑名单,23
0060,2026-08-31,LKUS_push,feature_cOkhRQVI91IV,ip黑名单,23
0060,2026-08-31,LKUS_push,feature_g43LuQcahzCJ,用户编号黑名单,23
0060,2026-08-31,LKUS_push,feature_TLXI8MNiNglz,reCAPTCHA V3风险分,23
0060,2026-08-31,LKUS_push,feature_JaT2oyzVtD0q,手机号近1分钟的访问次数,23
0060,2026-08-31,LKUS_push,feature_TGPe0mjAPwR5,IP近60分钟关联的国家区号个数,23
0060,2026-08-31,LKUS_push,feature_YkpmaKaJhcdG,区号近1天内的访问次数,23
0060,2026-08-31,LKUS_push,feature_Wg4dZ6VJBuTb,IP近1分钟关联的手机号个数,23
0060,2026-08-31,LKUS_push,feature_SdA1CjZvNCMG,区号近1分钟的访问次数,23
0060,2026-08-31,LKUS_push,feature_7DbBgowc2mEl,IP近1分钟的访问次数,23
0060,2026-08-31,LKUS_push,feature_Ym70ZsfxQKSc,一小时请求量,23
0060,2026-08-31,LKUS_push,feature_6qwgYPGGuJZ4,IPC段近10分钟关联的手机号个数,23
0060,2026-08-31,LKUS_push,feature_pf88qk27w76j,区号近5分钟的访问次数,23
0060,2026-08-31,LKUS_push,feature_UOJYBEifd5Jn,区号近60分钟的访问次数,23
0060,2026-08-31,LKUS_push,feature_dqBHKec09Wwa,同区号近60分钟未携带recaptchaV3token 访问次数,23
0060,2026-08-31,LKUS_push,feature_lydpDiga6SB9,手机号近5分钟的访问次数,23
0060,2026-08-31,LKUS_push,feature_nnsdzZLQKPZ7,IP近10分钟关联的手机号个数,23
0060,2026-08-31,LKUS_push,feature_n91JeGM6gD6i,同区号近60分钟非美国IP访问次数,23
0060,2026-08-31,LKUS_push,feature_WxHUxqIN0IuS,同IP近10分钟的访问次数,23
0060,2026-08-31,LKUS_push,feature_IPwzfPamC8eW,同手机号30分钟关联的IP city个数,23
0060,2026-08-31,LKUS_push,feature_r1bhlQnbfRHb,IP近60分钟关联的手机号个数,23
0060,2026-08-31,LKUS_push,feature_53Ck9TgChpTW,IP近5分钟关联的手机号个数,23
0060,2026-08-31,LKUS_push,feature_hspErCH8fSCE,手机号近30分钟的访问次数,23
0060,2026-08-31,LKUS_login,feature_vTICzBPfD3Ds,ip C段白名单,14
0060,2026-08-31,LKUS_login,feature_oxYJ6qJ3BAfv,用户编号白名单,14
0060,2026-08-31,LKUS_login,feature_P5eYl9a699fA,ip白名单,14
0060,2026-08-31,LKUS_login,feature_yo8MLsBsGIsV,三方unionId白名单,14
0060,2026-08-31,LKUS_login,feature_kqtp6XVcXXiQ,手机号白名单,14
0060,2026-08-31,LKUS_login,feature_K0JuGvXPoQsS,网关uid白名单,14
0060,2026-08-31,LKUS_login,feature_5caBWmAHDcCQ,邮箱白名单,14
0060,2026-08-31,LKUS_login,feature_3CSh3LRVobu7,手机号黑名单,13
0060,2026-08-31,LKUS_login,feature_jkeS0N10RDAn,网关uid黑名单,13
0060,2026-08-31,LKUS_login,feature_7qCVo92BIECU,三方unionId黑名单,13
0060,2026-08-31,LKUS_login,feature_9tl8mW2Gembc,邮箱黑名单,13
0060,2026-08-31,LKUS_login,feature_XtxCPW1x9QTU,ip C段黑名单,13
0060,2026-08-31,LKUS_login,feature_cOkhRQVI91IV,ip黑名单,13
0060,2026-08-31,LKUS_login,feature_g43LuQcahzCJ,用户编号黑名单,13
0060,2026-08-31,LKUS_login,feature_TLXI8MNiNglz,reCAPTCHA V3风险分,13
0060,2026-08-31,LKUS_grant_new_user_coupon,feature_vTICzBPfD3Ds,ip C段白名单,9
0060,2026-08-31,LKUS_grant_new_user_coupon,feature_oxYJ6qJ3BAfv,用户编号白名单,9
0060,2026-08-31,LKUS_grant_new_user_coupon,feature_P5eYl9a699fA,ip白名单,9
0060,2026-08-31,LKUS_grant_new_user_coupon,feature_yo8MLsBsGIsV,三方unionId白名单,9
0060,2026-08-31,LKUS_grant_new_user_coupon,feature_kqtp6XVcXXiQ,手机号白名单,9
0060,2026-08-31,LKUS_grant_new_user_coupon,feature_K0JuGvXPoQsS,网关uid白名单,9
0060,2026-08-31,LKUS_grant_new_user_coupon,feature_5caBWmAHDcCQ,邮箱白名单,9
0060,2026-08-31,LKUS_grant_new_user_coupon,feature_3CSh3LRVobu7,手机号黑名单,9
0060,2026-08-31,LKUS_grant_new_user_coupon,feature_jkeS0N10RDAn,网关uid黑名单,9
0060,2026-08-31,LKUS_grant_new_user_coupon,feature_7qCVo92BIECU,三方unionId黑名单,9
0060,2026-08-31,LKUS_grant_new_user_coupon,feature_9tl8mW2Gembc,邮箱黑名单,9
0060,2026-08-31,LKUS_grant_new_user_coupon,feature_XtxCPW1x9QTU,ip C段黑名单,9
0060,2026-08-31,LKUS_grant_new_user_coupon,feature_cOkhRQVI91IV,ip黑名单,9
0060,2026-08-31,LKUS_grant_new_user_coupon,feature_g43LuQcahzCJ,用户编号黑名单,9
0060,2026-08-31,LKUS_register,feature_oxYJ6qJ3BAfv,用户编号白名单,10
0060,2026-08-31,LKUS_register,feature_vTICzBPfD3Ds,ip C段白名单,10
0060,2026-08-31,LKUS_register,feature_P5eYl9a699fA,ip白名单,10
0060,2026-08-31,LKUS_register,feature_yo8MLsBsGIsV,三方unionId白名单,10
0060,2026-08-31,LKUS_register,feature_kqtp6XVcXXiQ,手机号白名单,10
0060,2026-08-31,LKUS_register,feature_K0JuGvXPoQsS,网关uid白名单,10
0060,2026-08-31,LKUS_register,feature_5caBWmAHDcCQ,邮箱白名单,10
0060,2026-08-31,LKUS_register,feature_3CSh3LRVobu7,手机号黑名单,10
0060,2026-08-31,LKUS_register,feature_jkeS0N10RDAn,网关uid黑名单,10
0060,2026-08-31,LKUS_register,feature_7qCVo92BIECU,三方unionId黑名单,10
0060,2026-08-31,LKUS_register,feature_9tl8mW2Gembc,邮箱黑名单,10
0060,2026-08-31,LKUS_register,feature_g43LuQcahzCJ,用户编号黑名单,10
0060,2026-08-31,LKUS_register,feature_cOkhRQVI91IV,ip黑名单,10
0060,2026-08-31,LKUS_register,feature_XtxCPW1x9QTU,ip C段黑名单,10
0060,2026-08-31,LKUS_physical_order_cancel,feature_oxYJ6qJ3BAfv,用户编号白名单,1
0060,2026-08-31,LKUS_physical_order_cancel,feature_vTICzBPfD3Ds,ip C段白名单,1
0060,2026-08-31,LKUS_physical_order_cancel,feature_P5eYl9a699fA,ip白名单,1
0060,2026-08-31,LKUS_physical_order_cancel,feature_yo8MLsBsGIsV,三方unionId白名单,1
0060,2026-08-31,LKUS_physical_order_cancel,feature_kqtp6XVcXXiQ,手机号白名单,1
0060,2026-08-31,LKUS_physical_order_cancel,feature_K0JuGvXPoQsS,网关uid白名单,1
0060,2026-08-31,LKUS_physical_order_cancel,feature_5caBWmAHDcCQ,邮箱白名单,1
0060,2026-08-31,LKUS_physical_order_cancel,feature_3CSh3LRVobu7,手机号黑名单,1
0060,2026-08-31,LKUS_physical_order_cancel,feature_jkeS0N10RDAn,网关uid黑名单,1
0060,2026-08-31,LKUS_physical_order_cancel,feature_7qCVo92BIECU,三方unionId黑名单,1
0060,2026-08-31,LKUS_physical_order_cancel,feature_9tl8mW2Gembc,邮箱黑名单,1
0060,2026-08-31,LKUS_physical_order_cancel,feature_g43LuQcahzCJ,用户编号黑名单,1
0060,2026-08-31,LKUS_physical_order_cancel,feature_cOkhRQVI91IV,ip黑名单,1
0060,2026-08-31,LKUS_physical_order_cancel,feature_XtxCPW1x9QTU,ip C段黑名单,1
0060,2026-09-01,LKUS_push,feature_vTICzBPfD3Ds,ip C段白名单,25
0060,2026-09-01,LKUS_push,feature_oxYJ6qJ3BAfv,用户编号白名单,25
0060,2026-09-01,LKUS_push,feature_P5eYl9a699fA,ip白名单,25
0060,2026-09-01,LKUS_push,feature_yo8MLsBsGIsV,三方unionId白名单,25
0060,2026-09-01,LKUS_push,feature_kqtp6XVcXXiQ,手机号白名单,25
0060,2026-09-01,LKUS_push,feature_K0JuGvXPoQsS,网关uid白名单,25
0060,2026-09-01,LKUS_push,feature_5caBWmAHDcCQ,邮箱白名单,25
0060,2026-09-01,LKUS_push,feature_Fik6gvwY1tA6,手机号近1天的访问次数,25
0060,2026-09-01,LKUS_push,feature_3CSh3LRVobu7,手机号黑名单,25
0060,2026-09-01,LKUS_push,feature_jkeS0N10RDAn,网关uid黑名单,25
0060,2026-09-01,LKUS_push,feature_7qCVo92BIECU,三方unionId黑名单,25
0060,2026-09-01,LKUS_push,feature_9tl8mW2Gembc,邮箱黑名单,25
0060,2026-09-01,LKUS_push,feature_XtxCPW1x9QTU,ip C段黑名单,25
0060,2026-09-01,LKUS_push,feature_cOkhRQVI91IV,ip黑名单,25
0060,2026-09-01,LKUS_push,feature_g43LuQcahzCJ,用户编号黑名单,25
0060,2026-09-01,LKUS_push,feature_TLXI8MNiNglz,reCAPTCHA V3风险分,25
0060,2026-09-01,LKUS_push,feature_JaT2oyzVtD0q,手机号近1分钟的访问次数,25
0060,2026-09-01,LKUS_push,feature_TGPe0mjAPwR5,IP近60分钟关联的国家区号个数,25
0060,2026-09-01,LKUS_push,feature_YkpmaKaJhcdG,区号近1天内的访问次数,25
0060,2026-09-01,LKUS_push,feature_Wg4dZ6VJBuTb,IP近1分钟关联的手机号个数,25
0060,2026-09-01,LKUS_push,feature_SdA1CjZvNCMG,区号近1分钟的访问次数,25
0060,2026-09-01,LKUS_push,feature_7DbBgowc2mEl,IP近1分钟的访问次数,25
0060,2026-09-01,LKUS_push,feature_Ym70ZsfxQKSc,一小时请求量,1
0060,2026-09-01,LKUS_push,feature_6qwgYPGGuJZ4,IPC段近10分钟关联的手机号个数,25
0060,2026-09-01,LKUS_push,feature_pf88qk27w76j,区号近5分钟的访问次数,25
0060,2026-09-01,LKUS_push,feature_UOJYBEifd5Jn,区号近60分钟的访问次数,25
0060,2026-09-01,LKUS_push,feature_dqBHKec09Wwa,同区号近60分钟未携带recaptchaV3token 访问次数,25
0060,2026-09-01,LKUS_push,feature_lydpDiga6SB9,手机号近5分钟的访问次数,25
0060,2026-09-01,LKUS_push,feature_nnsdzZLQKPZ7,IP近10分钟关联的手机号个数,25
0060,2026-09-01,LKUS_push,feature_n91JeGM6gD6i,同区号近60分钟非美国IP访问次数,25
0060,2026-09-01,LKUS_push,feature_WxHUxqIN0IuS,同IP近10分钟的访问次数,1
0060,2026-09-01,LKUS_push,feature_IPwzfPamC8eW,同手机号30分钟关联的IP city个数,25
0060,2026-09-01,LKUS_push,feature_r1bhlQnbfRHb,IP近60分钟关联的手机号个数,25
0060,2026-09-01,LKUS_push,feature_53Ck9TgChpTW,IP近5分钟关联的手机号个数,25
0060,2026-09-01,LKUS_push,feature_hspErCH8fSCE,手机号近30分钟的访问次数,25
0060,2026-09-01,LKUS_register,feature_oxYJ6qJ3BAfv,用户编号白名单,9
0060,2026-09-01,LKUS_register,feature_vTICzBPfD3Ds,ip C段白名单,9
0060,2026-09-01,LKUS_register,feature_P5eYl9a699fA,ip白名单,9
0060,2026-09-01,LKUS_register,feature_yo8MLsBsGIsV,三方unionId白名单,9
0060,2026-09-01,LKUS_register,feature_kqtp6XVcXXiQ,手机号白名单,9
0060,2026-09-01,LKUS_register,feature_K0JuGvXPoQsS,网关uid白名单,9
0060,2026-09-01,LKUS_register,feature_5caBWmAHDcCQ,邮箱白名单,9
0060,2026-09-01,LKUS_register,feature_3CSh3LRVobu7,手机号黑名单,9
0060,2026-09-01,LKUS_register,feature_jkeS0N10RDAn,网关uid黑名单,9
0060,2026-09-01,LKUS_register,feature_7qCVo92BIECU,三方unionId黑名单,9
0060,2026-09-01,LKUS_register,feature_9tl8mW2Gembc,邮箱黑名单,9
0060,2026-09-01,LKUS_register,feature_g43LuQcahzCJ,用户编号黑名单,9
0060,2026-09-01,LKUS_register,feature_cOkhRQVI91IV,ip黑名单,9
0060,2026-09-01,LKUS_register,feature_XtxCPW1x9QTU,ip C段黑名单,9
0060,2026-09-01,LKUS_physical_order_create,feature_oxYJ6qJ3BAfv,用户编号白名单,80
0060,2026-09-01,LKUS_physical_order_create,feature_vTICzBPfD3Ds,ip C段白名单,80
0060,2026-09-01,LKUS_physical_order_create,feature_P5eYl9a699fA,ip白名单,80
0060,2026-09-01,LKUS_physical_order_create,feature_yo8MLsBsGIsV,三方unionId白名单,80
0060,2026-09-01,LKUS_physical_order_create,feature_kqtp6XVcXXiQ,手机号白名单,80
0060,2026-09-01,LKUS_physical_order_create,feature_K0JuGvXPoQsS,网关uid白名单,80
0060,2026-09-01,LKUS_physical_order_create,feature_5caBWmAHDcCQ,邮箱白名单,80
0060,2026-09-01,LKUS_physical_order_create,feature_3CSh3LRVobu7,手机号黑名单,65
0060,2026-09-01,LKUS_physical_order_create,feature_jkeS0N10RDAn,网关uid黑名单,65
0060,2026-09-01,LKUS_physical_order_create,feature_7qCVo92BIECU,三方unionId黑名单,65
0060,2026-09-01,LKUS_physical_order_create,feature_9tl8mW2Gembc,邮箱黑名单,65
0060,2026-09-01,LKUS_physical_order_create,feature_g43LuQcahzCJ,用户编号黑名单,65
0060,2026-09-01,LKUS_physical_order_create,feature_cOkhRQVI91IV,ip黑名单,65
0060,2026-09-01,LKUS_physical_order_create,feature_XtxCPW1x9QTU,ip C段黑名单,65
0060,2026-09-01,LKUS_physical_order_create,feature_TLXI8MNiNglz,reCAPTCHA V3风险分,65
0060,2026-09-01,LKUS_payment,feature_vTICzBPfD3Ds,ip C段白名单,84
0060,2026-09-01,LKUS_payment,feature_oxYJ6qJ3BAfv,用户编号白名单,84
0060,2026-09-01,LKUS_payment,feature_P5eYl9a699fA,ip白名单,84
0060,2026-09-01,LKUS_payment,feature_yo8MLsBsGIsV,三方unionId白名单,84
0060,2026-09-01,LKUS_payment,feature_kqtp6XVcXXiQ,手机号白名单,84
0060,2026-09-01,LKUS_payment,feature_K0JuGvXPoQsS,网关uid白名单,84
0060,2026-09-01,LKUS_payment,feature_5caBWmAHDcCQ,邮箱白名单,84
0060,2026-09-01,LKUS_payment,feature_3CSh3LRVobu7,手机号黑名单,69
0060,2026-09-01,LKUS_payment,feature_jkeS0N10RDAn,网关uid黑名单,69
0060,2026-09-01,LKUS_payment,feature_7qCVo92BIECU,三方unionId黑名单,69
0060,2026-09-01,LKUS_payment,feature_9tl8mW2Gembc,邮箱黑名单,69
0060,2026-09-01,LKUS_payment,feature_XtxCPW1x9QTU,ip C段黑名单,69
0060,2026-09-01,LKUS_payment,feature_cOkhRQVI91IV,ip黑名单,69
0060,2026-09-01,LKUS_payment,feature_g43LuQcahzCJ,用户编号黑名单,69
0060,2026-09-01,LKUS_payment,feature_TLXI8MNiNglz,reCAPTCHA V3风险分,69
0060,2026-09-01,LKUS_login,feature_vTICzBPfD3Ds,ip C段白名单,10
0060,2026-09-01,LKUS_login,feature_oxYJ6qJ3BAfv,用户编号白名单,10
0060,2026-09-01,LKUS_login,feature_P5eYl9a699fA,ip白名单,10
0060,2026-09-01,LKUS_login,feature_yo8MLsBsGIsV,三方unionId白名单,10
0060,2026-09-01,LKUS_login,feature_kqtp6XVcXXiQ,手机号白名单,10
0060,2026-09-01,LKUS_login,feature_K0JuGvXPoQsS,网关uid白名单,10
0060,2026-09-01,LKUS_login,feature_5caBWmAHDcCQ,邮箱白名单,10
0060,2026-09-01,LKUS_login,feature_3CSh3LRVobu7,手机号黑名单,9
0060,2026-09-01,LKUS_login,feature_jkeS0N10RDAn,网关uid黑名单,9
0060,2026-09-01,LKUS_login,feature_7qCVo92BIECU,三方unionId黑名单,9
0060,2026-09-01,LKUS_login,feature_9tl8mW2Gembc,邮箱黑名单,9
0060,2026-09-01,LKUS_login,feature_XtxCPW1x9QTU,ip C段黑名单,9
0060,2026-09-01,LKUS_login,feature_cOkhRQVI91IV,ip黑名单,9
0060,2026-09-01,LKUS_login,feature_g43LuQcahzCJ,用户编号黑名单,9
0060,2026-09-01,LKUS_login,feature_TLXI8MNiNglz,reCAPTCHA V3风险分,9
0060,2026-09-01,LKUS_grant_new_user_coupon,feature_vTICzBPfD3Ds,ip C段白名单,5
0060,2026-09-01,LKUS_grant_new_user_coupon,feature_oxYJ6qJ3BAfv,用户编号白名单,5
0060,2026-09-01,LKUS_grant_new_user_coupon,feature_P5eYl9a699fA,ip白名单,5
0060,2026-09-01,LKUS_grant_new_user_coupon,feature_yo8MLsBsGIsV,三方unionId白名单,5
0060,2026-09-01,LKUS_grant_new_user_coupon,feature_kqtp6XVcXXiQ,手机号白名单,5
0060,2026-09-01,LKUS_grant_new_user_coupon,feature_K0JuGvXPoQsS,网关uid白名单,5
0060,2026-09-01,LKUS_grant_new_user_coupon,feature_5caBWmAHDcCQ,邮箱白名单,5
0060,2026-09-01,LKUS_grant_new_user_coupon,feature_3CSh3LRVobu7,手机号黑名单,5
0060,2026-09-01,LKUS_grant_new_user_coupon,feature_jkeS0N10RDAn,网关uid黑名单,5
0060,2026-09-01,LKUS_grant_new_user_coupon,feature_7qCVo92BIECU,三方unionId黑名单,5
0060,2026-09-01,LKUS_grant_new_user_coupon,feature_9tl8mW2Gembc,邮箱黑名单,5
0060,2026-09-01,LKUS_grant_new_user_coupon,feature_XtxCPW1x9QTU,ip C段黑名单,5
0060,2026-09-01,LKUS_grant_new_user_coupon,feature_cOkhRQVI91IV,ip黑名单,5
0060,2026-09-01,LKUS_grant_new_user_coupon,feature_g43LuQcahzCJ,用户编号黑名单,5
0060,2026-09-01,LKUS_push,feature_WxHUxqIN0IuS,同IP近5分钟的访问次数,24
0060,2026-09-01,LKUS_push,feature_Ym70ZsfxQKSc,一分钟请求量,24
0060,2026-09-01,LKUS_push,feature_KtSZtJ9w7f9r,IPC段近1分钟关联的手机号个数,24
0060,2026-09-01,LKUS_physical_order_cancel,feature_oxYJ6qJ3BAfv,用户编号白名单,2
0060,2026-09-01,LKUS_physical_order_cancel,feature_vTICzBPfD3Ds,ip C段白名单,2
0060,2026-09-01,LKUS_physical_order_cancel,feature_P5eYl9a699fA,ip白名单,2
0060,2026-09-01,LKUS_physical_order_cancel,feature_yo8MLsBsGIsV,三方unionId白名单,2
0060,2026-09-01,LKUS_physical_order_cancel,feature_kqtp6XVcXXiQ,手机号白名单,2
0060,2026-09-01,LKUS_physical_order_cancel,feature_K0JuGvXPoQsS,网关uid白名单,2
0060,2026-09-01,LKUS_physical_order_cancel,feature_5caBWmAHDcCQ,邮箱白名单,2
0060,2026-09-01,LKUS_physical_order_cancel,feature_3CSh3LRVobu7,手机号黑名单,2
0060,2026-09-01,LKUS_physical_order_cancel,feature_jkeS0N10RDAn,网关uid黑名单,2
0060,2026-09-01,LKUS_physical_order_cancel,feature_7qCVo92BIECU,三方unionId黑名单,2
0060,2026-09-01,LKUS_physical_order_cancel,feature_9tl8mW2Gembc,邮箱黑名单,2
0060,2026-09-01,LKUS_physical_order_cancel,feature_g43LuQcahzCJ,用户编号黑名单,2
0060,2026-09-01,LKUS_physical_order_cancel,feature_cOkhRQVI91IV,ip黑名单,2
0060,2026-09-01,LKUS_physical_order_cancel,feature_XtxCPW1x9QTU,ip C段黑名单,2
0060,2026-09-02,LKUS_push,feature_oxYJ6qJ3BAfv,用户编号白名单,36
0060,2026-09-02,LKUS_push,feature_vTICzBPfD3Ds,ip C段白名单,36
0060,2026-09-02,LKUS_push,feature_P5eYl9a699fA,ip白名单,36
0060,2026-09-02,LKUS_push,feature_yo8MLsBsGIsV,三方unionId白名单,36
0060,2026-09-02,LKUS_push,feature_kqtp6XVcXXiQ,手机号白名单,36
0060,2026-09-02,LKUS_push,feature_K0JuGvXPoQsS,网关uid白名单,36
0060,2026-09-02,LKUS_push,feature_5caBWmAHDcCQ,邮箱白名单,36
0060,2026-09-02,LKUS_push,feature_Fik6gvwY1tA6,手机号近1天的访问次数,36
0060,2026-09-02,LKUS_push,feature_3CSh3LRVobu7,手机号黑名单,35
0060,2026-09-02,LKUS_push,feature_jkeS0N10RDAn,网关uid黑名单,35
0060,2026-09-02,LKUS_push,feature_7qCVo92BIECU,三方unionId黑名单,35
0060,2026-09-02,LKUS_push,feature_9tl8mW2Gembc,邮箱黑名单,35
0060,2026-09-02,LKUS_push,feature_g43LuQcahzCJ,用户编号黑名单,35
0060,2026-09-02,LKUS_push,feature_cOkhRQVI91IV,ip黑名单,35
0060,2026-09-02,LKUS_push,feature_XtxCPW1x9QTU,ip C段黑名单,35
0060,2026-09-02,LKUS_push,feature_TLXI8MNiNglz,reCAPTCHA V3风险分,35
0060,2026-09-02,LKUS_push,feature_JaT2oyzVtD0q,手机号近1分钟的访问次数,35
0060,2026-09-02,LKUS_push,feature_WxHUxqIN0IuS,同IP近5分钟的访问次数,35
0060,2026-09-02,LKUS_push,feature_r1bhlQnbfRHb,IP近60分钟关联的手机号个数,35
0060,2026-09-02,LKUS_push,feature_YkpmaKaJhcdG,区号近1天内的访问次数,35
0060,2026-09-02,LKUS_push,feature_7DbBgowc2mEl,IP近1分钟的访问次数,35
0060,2026-09-02,LKUS_push,feature_hspErCH8fSCE,手机号近30分钟的访问次数,35
0060,2026-09-02,LKUS_push,feature_Wg4dZ6VJBuTb,IP近1分钟关联的手机号个数,35
0060,2026-09-02,LKUS_push,feature_UOJYBEifd5Jn,区号近60分钟的访问次数,35
0060,2026-09-02,LKUS_push,feature_dqBHKec09Wwa,同区号近60分钟未携带recaptchaV3token 访问次数,35
0060,2026-09-02,LKUS_push,feature_53Ck9TgChpTW,IP近5分钟关联的手机号个数,35
0060,2026-09-02,LKUS_push,feature_IPwzfPamC8eW,同手机号30分钟关联的IP city个数,35
0060,2026-09-02,LKUS_push,feature_Ym70ZsfxQKSc,一分钟请求量,35
0060,2026-09-02,LKUS_push,feature_6qwgYPGGuJZ4,IPC段近10分钟关联的手机号个数,35
0060,2026-09-02,LKUS_push,feature_lydpDiga6SB9,手机号近5分钟的访问次数,35
0060,2026-09-02,LKUS_push,feature_SdA1CjZvNCMG,区号近1分钟的访问次数,35
0060,2026-09-02,LKUS_push,feature_KtSZtJ9w7f9r,IPC段近1分钟关联的手机号个数,35
0060,2026-09-02,LKUS_push,feature_nnsdzZLQKPZ7,IP近10分钟关联的手机号个数,35
0060,2026-09-02,LKUS_push,feature_n91JeGM6gD6i,同区号近60分钟非美国IP访问次数,35
0060,2026-09-02,LKUS_push,feature_pf88qk27w76j,区号近5分钟的访问次数,35
0060,2026-09-02,LKUS_push,feature_TGPe0mjAPwR5,IP近60分钟关联的国家区号个数,35
0060,2026-09-02,LKUS_captcha,feature_vTICzBPfD3Ds,ip C段白名单,2
0060,2026-09-02,LKUS_captcha,feature_oxYJ6qJ3BAfv,用户编号白名单,2
0060,2026-09-02,LKUS_captcha,feature_P5eYl9a699fA,ip白名单,2
0060,2026-09-02,LKUS_captcha,feature_yo8MLsBsGIsV,三方unionId白名单,2
0060,2026-09-02,LKUS_captcha,feature_kqtp6XVcXXiQ,手机号白名单,2
0060,2026-09-02,LKUS_captcha,feature_K0JuGvXPoQsS,网关uid白名单,2
0060,2026-09-02,LKUS_captcha,feature_5caBWmAHDcCQ,邮箱白名单,2
0060,2026-09-02,LKUS_captcha,feature_3CSh3LRVobu7,手机号黑名单,2
0060,2026-09-02,LKUS_captcha,feature_jkeS0N10RDAn,网关uid黑名单,2
0060,2026-09-02,LKUS_captcha,feature_7qCVo92BIECU,三方unionId黑名单,2
0060,2026-09-02,LKUS_captcha,feature_9tl8mW2Gembc,邮箱黑名单,2
0060,2026-09-02,LKUS_captcha,feature_XtxCPW1x9QTU,ip C段黑名单,2
0060,2026-09-02,LKUS_captcha,feature_cOkhRQVI91IV,ip黑名单,2
0060,2026-09-02,LKUS_captcha,feature_g43LuQcahzCJ,用户编号黑名单,2
0060,2026-09-02,LKUS_captcha,feature_nm9NTGYLKhWV,reCAPTCHA V2 token是否有效,1
0060,2026-09-02,LKUS_register,feature_vTICzBPfD3Ds,ip C段白名单,16
0060,2026-09-02,LKUS_register,feature_oxYJ6qJ3BAfv,用户编号白名单,16
0060,2026-09-02,LKUS_register,feature_P5eYl9a699fA,ip白名单,16
0060,2026-09-02,LKUS_register,feature_yo8MLsBsGIsV,三方unionId白名单,16
0060,2026-09-02,LKUS_register,feature_kqtp6XVcXXiQ,手机号白名单,16
0060,2026-09-02,LKUS_register,feature_K0JuGvXPoQsS,网关uid白名单,16
0060,2026-09-02,LKUS_register,feature_5caBWmAHDcCQ,邮箱白名单,16
0060,2026-09-02,LKUS_register,feature_3CSh3LRVobu7,手机号黑名单,15
0060,2026-09-02,LKUS_register,feature_jkeS0N10RDAn,网关uid黑名单,15
0060,2026-09-02,LKUS_register,feature_7qCVo92BIECU,三方unionId黑名单,15
0060,2026-09-02,LKUS_register,feature_9tl8mW2Gembc,邮箱黑名单,15
0060,2026-09-02,LKUS_register,feature_XtxCPW1x9QTU,ip C段黑名单,15
0060,2026-09-02,LKUS_register,feature_cOkhRQVI91IV,ip黑名单,15
0060,2026-09-02,LKUS_register,feature_g43LuQcahzCJ,用户编号黑名单,15
0060,2026-09-02,LKUS_physical_order_create,feature_vTICzBPfD3Ds,ip C段白名单,89
0060,2026-09-02,LKUS_physical_order_create,feature_P5eYl9a699fA,ip白名单,89
0060,2026-09-02,LKUS_physical_order_create,feature_oxYJ6qJ3BAfv,用户编号白名单,89
0060,2026-09-02,LKUS_physical_order_create,feature_yo8MLsBsGIsV,三方unionId白名单,89
0060,2026-09-02,LKUS_physical_order_create,feature_kqtp6XVcXXiQ,手机号白名单,89
0060,2026-09-02,LKUS_physical_order_create,feature_5caBWmAHDcCQ,邮箱白名单,89
0060,2026-09-02,LKUS_physical_order_create,feature_K0JuGvXPoQsS,网关uid白名单,89
0060,2026-09-02,LKUS_physical_order_create,feature_3CSh3LRVobu7,手机号黑名单,81
0060,2026-09-02,LKUS_physical_order_create,feature_jkeS0N10RDAn,网关uid黑名单,81
0060,2026-09-02,LKUS_physical_order_create,feature_7qCVo92BIECU,三方unionId黑名单,81
0060,2026-09-02,LKUS_physical_order_create,feature_9tl8mW2Gembc,邮箱黑名单,81
0060,2026-09-02,LKUS_physical_order_create,feature_XtxCPW1x9QTU,ip C段黑名单,81
0060,2026-09-02,LKUS_physical_order_create,feature_g43LuQcahzCJ,用户编号黑名单,81
0060,2026-09-02,LKUS_physical_order_create,feature_cOkhRQVI91IV,ip黑名单,81
0060,2026-09-02,LKUS_physical_order_create,feature_MHv7nra5Z6T5,reCAPTCHA V3 token是否有效,33
0060,2026-09-02,LKUS_payment,feature_vTICzBPfD3Ds,ip C段白名单,89
0060,2026-09-02,LKUS_payment,feature_P5eYl9a699fA,ip白名单,89
0060,2026-09-02,LKUS_payment,feature_oxYJ6qJ3BAfv,用户编号白名单,89
0060,2026-09-02,LKUS_payment,feature_yo8MLsBsGIsV,三方unionId白名单,89
0060,2026-09-02,LKUS_payment,feature_kqtp6XVcXXiQ,手机号白名单,89
0060,2026-09-02,LKUS_payment,feature_5caBWmAHDcCQ,邮箱白名单,89
0060,2026-09-02,LKUS_payment,feature_K0JuGvXPoQsS,网关uid白名单,89
0060,2026-09-02,LKUS_payment,feature_3CSh3LRVobu7,手机号黑名单,79
0060,2026-09-02,LKUS_payment,feature_jkeS0N10RDAn,网关uid黑名单,79
0060,2026-09-02,LKUS_payment,feature_7qCVo92BIECU,三方unionId黑名单,79
0060,2026-09-02,LKUS_payment,feature_9tl8mW2Gembc,邮箱黑名单,79
0060,2026-09-02,LKUS_payment,feature_XtxCPW1x9QTU,ip C段黑名单,79
0060,2026-09-02,LKUS_payment,feature_g43LuQcahzCJ,用户编号黑名单,79
0060,2026-09-02,LKUS_payment,feature_cOkhRQVI91IV,ip黑名单,79
0060,2026-09-02,LKUS_payment,feature_MHv7nra5Z6T5,reCAPTCHA V3 token是否有效,40
0060,2026-09-02,LKUS_physical_order_create,feature_TLXI8MNiNglz,reCAPTCHA V3风险分,48
0060,2026-09-02,LKUS_payment,feature_TLXI8MNiNglz,reCAPTCHA V3风险分,39
0060,2026-09-02,LKUS_login,feature_vTICzBPfD3Ds,ip C段白名单,20
0060,2026-09-02,LKUS_login,feature_P5eYl9a699fA,ip白名单,20
0060,2026-09-02,LKUS_login,feature_oxYJ6qJ3BAfv,用户编号白名单,20
0060,2026-09-02,LKUS_login,feature_yo8MLsBsGIsV,三方unionId白名单,20
0060,2026-09-02,LKUS_login,feature_kqtp6XVcXXiQ,手机号白名单,20
0060,2026-09-02,LKUS_login,feature_5caBWmAHDcCQ,邮箱白名单,20
0060,2026-09-02,LKUS_login,feature_K0JuGvXPoQsS,网关uid白名单,20
0060,2026-09-02,LKUS_login,feature_3CSh3LRVobu7,手机号黑名单,17
0060,2026-09-02,LKUS_login,feature_jkeS0N10RDAn,网关uid黑名单,17
0060,2026-09-02,LKUS_login,feature_7qCVo92BIECU,三方unionId黑名单,17
0060,2026-09-02,LKUS_login,feature_9tl8mW2Gembc,邮箱黑名单,17
0060,2026-09-02,LKUS_login,feature_XtxCPW1x9QTU,ip C段黑名单,17
0060,2026-09-02,LKUS_login,feature_g43LuQcahzCJ,用户编号黑名单,17
0060,2026-09-02,LKUS_login,feature_cOkhRQVI91IV,ip黑名单,17
0060,2026-09-02,LKUS_login,feature_MHv7nra5Z6T5,reCAPTCHA V3 token是否有效,12
0060,2026-09-02,LKUS_grant_new_user_coupon,feature_vTICzBPfD3Ds,ip C段白名单,9
0060,2026-09-02,LKUS_grant_new_user_coupon,feature_P5eYl9a699fA,ip白名单,9
0060,2026-09-02,LKUS_grant_new_user_coupon,feature_oxYJ6qJ3BAfv,用户编号白名单,9
0060,2026-09-02,LKUS_grant_new_user_coupon,feature_yo8MLsBsGIsV,三方unionId白名单,9
0060,2026-09-02,LKUS_grant_new_user_coupon,feature_kqtp6XVcXXiQ,手机号白名单,9
0060,2026-09-02,LKUS_grant_new_user_coupon,feature_5caBWmAHDcCQ,邮箱白名单,9
0060,2026-09-02,LKUS_grant_new_user_coupon,feature_K0JuGvXPoQsS,网关uid白名单,9
0060,2026-09-02,LKUS_grant_new_user_coupon,feature_3CSh3LRVobu7,手机号黑名单,9
0060,2026-09-02,LKUS_grant_new_user_coupon,feature_jkeS0N10RDAn,网关uid黑名单,9
0060,2026-09-02,LKUS_grant_new_user_coupon,feature_7qCVo92BIECU,三方unionId黑名单,9
0060,2026-09-02,LKUS_grant_new_user_coupon,feature_9tl8mW2Gembc,邮箱黑名单,9
0060,2026-09-02,LKUS_grant_new_user_coupon,feature_XtxCPW1x9QTU,ip C段黑名单,9
0060,2026-09-02,LKUS_grant_new_user_coupon,feature_g43LuQcahzCJ,用户编号黑名单,9
0060,2026-09-02,LKUS_grant_new_user_coupon,feature_cOkhRQVI91IV,ip黑名单,9
0060,2026-09-02,LKUS_login,feature_TLXI8MNiNglz,reCAPTCHA V3风险分,5
0060,2026-09-02,LKUS_physical_order_cancel,feature_vTICzBPfD3Ds,ip C段白名单,1
0060,2026-09-02,LKUS_physical_order_cancel,feature_P5eYl9a699fA,ip白名单,1
0060,2026-09-02,LKUS_physical_order_cancel,feature_oxYJ6qJ3BAfv,用户编号白名单,1
0060,2026-09-02,LKUS_physical_order_cancel,feature_yo8MLsBsGIsV,三方unionId白名单,1
0060,2026-09-02,LKUS_physical_order_cancel,feature_kqtp6XVcXXiQ,手机号白名单,1
0060,2026-09-02,LKUS_physical_order_cancel,feature_5caBWmAHDcCQ,邮箱白名单,1
0060,2026-09-02,LKUS_physical_order_cancel,feature_K0JuGvXPoQsS,网关uid白名单,1
0060,2026-09-02,LKUS_physical_order_cancel,feature_3CSh3LRVobu7,手机号黑名单,1
0060,2026-09-02,LKUS_physical_order_cancel,feature_jkeS0N10RDAn,网关uid黑名单,1
0060,2026-09-02,LKUS_physical_order_cancel,feature_7qCVo92BIECU,三方unionId黑名单,1
0060,2026-09-02,LKUS_physical_order_cancel,feature_9tl8mW2Gembc,邮箱黑名单,1
0060,2026-09-02,LKUS_physical_order_cancel,feature_XtxCPW1x9QTU,ip C段黑名单,1
0060,2026-09-02,LKUS_physical_order_cancel,feature_g43LuQcahzCJ,用户编号黑名单,1
0060,2026-09-02,LKUS_physical_order_cancel,feature_cOkhRQVI91IV,ip黑名单,1
0060,2026-09-02,LKUS_captcha,feature_MDSagDqKF5R8,reCAPTCHA V2风险分,1
0060,2026-09-03,LKUS_grant_new_user_coupon,feature_vTICzBPfD3Ds,ip C段白名单,10
0060,2026-09-03,LKUS_grant_new_user_coupon,feature_P5eYl9a699fA,ip白名单,10
0060,2026-09-03,LKUS_grant_new_user_coupon,feature_oxYJ6qJ3BAfv,用户编号白名单,10
0060,2026-09-03,LKUS_grant_new_user_coupon,feature_yo8MLsBsGIsV,三方unionId白名单,10
0060,2026-09-03,LKUS_grant_new_user_coupon,feature_kqtp6XVcXXiQ,手机号白名单,10
0060,2026-09-03,LKUS_grant_new_user_coupon,feature_5caBWmAHDcCQ,邮箱白名单,10
0060,2026-09-03,LKUS_grant_new_user_coupon,feature_K0JuGvXPoQsS,网关uid白名单,10
0060,2026-09-03,LKUS_grant_new_user_coupon,feature_3CSh3LRVobu7,手机号黑名单,10
0060,2026-09-03,LKUS_grant_new_user_coupon,feature_jkeS0N10RDAn,网关uid黑名单,10
0060,2026-09-03,LKUS_grant_new_user_coupon,feature_7qCVo92BIECU,三方unionId黑名单,10
0060,2026-09-03,LKUS_grant_new_user_coupon,feature_9tl8mW2Gembc,邮箱黑名单,10
0060,2026-09-03,LKUS_grant_new_user_coupon,feature_XtxCPW1x9QTU,ip C段黑名单,10
0060,2026-09-03,LKUS_grant_new_user_coupon,feature_g43LuQcahzCJ,用户编号黑名单,10
0060,2026-09-03,LKUS_grant_new_user_coupon,feature_cOkhRQVI91IV,ip黑名单,10
0060,2026-09-03,LKUS_login,feature_oxYJ6qJ3BAfv,用户编号白名单,14
0060,2026-09-03,LKUS_login,feature_P5eYl9a699fA,ip白名单,14
0060,2026-09-03,LKUS_login,feature_vTICzBPfD3Ds,ip C段白名单,14
0060,2026-09-03,LKUS_login,feature_yo8MLsBsGIsV,三方unionId白名单,14
0060,2026-09-03,LKUS_login,feature_kqtp6XVcXXiQ,手机号白名单,14
0060,2026-09-03,LKUS_login,feature_K0JuGvXPoQsS,网关uid白名单,14
0060,2026-09-03,LKUS_login,feature_5caBWmAHDcCQ,邮箱白名单,14
0060,2026-09-03,LKUS_login,feature_3CSh3LRVobu7,手机号黑名单,12
0060,2026-09-03,LKUS_login,feature_jkeS0N10RDAn,网关uid黑名单,12
0060,2026-09-03,LKUS_login,feature_7qCVo92BIECU,三方unionId黑名单,12
0060,2026-09-03,LKUS_login,feature_9tl8mW2Gembc,邮箱黑名单,12
0060,2026-09-03,LKUS_login,feature_g43LuQcahzCJ,用户编号黑名单,12
0060,2026-09-03,LKUS_login,feature_XtxCPW1x9QTU,ip C段黑名单,12
0060,2026-09-03,LKUS_login,feature_cOkhRQVI91IV,ip黑名单,12
0060,2026-09-03,LKUS_login,feature_TLXI8MNiNglz,reCAPTCHA V3风险分,7
0060,2026-09-03,LKUS_push,feature_vTICzBPfD3Ds,ip C段白名单,31
0060,2026-09-03,LKUS_push,feature_P5eYl9a699fA,ip白名单,31
0060,2026-09-03,LKUS_push,feature_oxYJ6qJ3BAfv,用户编号白名单,31
0060,2026-09-03,LKUS_push,feature_yo8MLsBsGIsV,三方unionId白名单,31
0060,2026-09-03,LKUS_push,feature_kqtp6XVcXXiQ,手机号白名单,31
0060,2026-09-03,LKUS_push,feature_5caBWmAHDcCQ,邮箱白名单,31
0060,2026-09-03,LKUS_push,feature_K0JuGvXPoQsS,网关uid白名单,31
0060,2026-09-03,LKUS_push,feature_Fik6gvwY1tA6,手机号近1天的访问次数,31
0060,2026-09-03,LKUS_push,feature_3CSh3LRVobu7,手机号黑名单,29
0060,2026-09-03,LKUS_push,feature_jkeS0N10RDAn,网关uid黑名单,29
0060,2026-09-03,LKUS_push,feature_7qCVo92BIECU,三方unionId黑名单,29
0060,2026-09-03,LKUS_push,feature_9tl8mW2Gembc,邮箱黑名单,29
0060,2026-09-03,LKUS_push,feature_XtxCPW1x9QTU,ip C段黑名单,29
0060,2026-09-03,LKUS_push,feature_g43LuQcahzCJ,用户编号黑名单,29
0060,2026-09-03,LKUS_push,feature_cOkhRQVI91IV,ip黑名单,29
0060,2026-09-03,LKUS_push,feature_n91JeGM6gD6i,同区号近60分钟非美国IP访问次数,29
0060,2026-09-03,LKUS_push,feature_IPwzfPamC8eW,同手机号30分钟关联的IP city个数,29
0060,2026-09-03,LKUS_push,feature_Ym70ZsfxQKSc,一分钟请求量,29
0060,2026-09-03,LKUS_push,feature_53Ck9TgChpTW,IP近5分钟关联的手机号个数,29
0060,2026-09-03,LKUS_push,feature_6qwgYPGGuJZ4,IPC段近10分钟关联的手机号个数,29
0060,2026-09-03,LKUS_push,feature_dqBHKec09Wwa,同区号近60分钟未携带recaptchaV3token 访问次数,29
0060,2026-09-03,LKUS_push,feature_UOJYBEifd5Jn,区号近60分钟的访问次数,29
0060,2026-09-03,LKUS_push,feature_lydpDiga6SB9,手机号近5分钟的访问次数,29
0060,2026-09-03,LKUS_push,feature_Wg4dZ6VJBuTb,IP近1分钟关联的手机号个数,29
0060,2026-09-03,LKUS_push,feature_hspErCH8fSCE,手机号近30分钟的访问次数,29
0060,2026-09-03,LKUS_push,feature_r1bhlQnbfRHb,IP近60分钟关联的手机号个数,29
0060,2026-09-03,LKUS_push,feature_YkpmaKaJhcdG,区号近1天内的访问次数,29
0060,2026-09-03,LKUS_push,feature_7DbBgowc2mEl,IP近1分钟的访问次数,29
0060,2026-09-03,LKUS_push,feature_TLXI8MNiNglz,reCAPTCHA V3风险分,29
0060,2026-09-03,LKUS_push,feature_JaT2oyzVtD0q,手机号近1分钟的访问次数,29
0060,2026-09-03,LKUS_push,feature_WxHUxqIN0IuS,同IP近5分钟的访问次数,29
0060,2026-09-03,LKUS_push,feature_KtSZtJ9w7f9r,IPC段近1分钟关联的手机号个数,29
0060,2026-09-03,LKUS_push,feature_pf88qk27w76j,区号近5分钟的访问次数,29
0060,2026-09-03,LKUS_push,feature_nnsdzZLQKPZ7,IP近10分钟关联的手机号个数,29
0060,2026-09-03,LKUS_push,feature_SdA1CjZvNCMG,区号近1分钟的访问次数,29
0060,2026-09-03,LKUS_push,feature_TGPe0mjAPwR5,IP近60分钟关联的国家区号个数,29
0060,2026-09-03,LKUS_physical_order_create,feature_oxYJ6qJ3BAfv,用户编号白名单,109
0060,2026-09-03,LKUS_physical_order_create,feature_P5eYl9a699fA,ip白名单,109
0060,2026-09-03,LKUS_physical_order_create,feature_vTICzBPfD3Ds,ip C段白名单,109
0060,2026-09-03,LKUS_physical_order_create,feature_yo8MLsBsGIsV,三方unionId白名单,109
0060,2026-09-03,LKUS_physical_order_create,feature_kqtp6XVcXXiQ,手机号白名单,109
0060,2026-09-03,LKUS_physical_order_create,feature_K0JuGvXPoQsS,网关uid白名单,109
0060,2026-09-03,LKUS_physical_order_create,feature_5caBWmAHDcCQ,邮箱白名单,109
0060,2026-09-03,LKUS_physical_order_create,feature_3CSh3LRVobu7,手机号黑名单,91
0060,2026-09-03,LKUS_physical_order_create,feature_jkeS0N10RDAn,网关uid黑名单,91
0060,2026-09-03,LKUS_physical_order_create,feature_7qCVo92BIECU,三方unionId黑名单,91
0060,2026-09-03,LKUS_physical_order_create,feature_9tl8mW2Gembc,邮箱黑名单,91
0060,2026-09-03,LKUS_physical_order_create,feature_g43LuQcahzCJ,用户编号黑名单,91
0060,2026-09-03,LKUS_physical_order_create,feature_XtxCPW1x9QTU,ip C段黑名单,91
0060,2026-09-03,LKUS_physical_order_create,feature_cOkhRQVI91IV,ip黑名单,91
0060,2026-09-03,LKUS_physical_order_create,feature_TLXI8MNiNglz,reCAPTCHA V3风险分,40
0060,2026-09-03,LKUS_payment,feature_oxYJ6qJ3BAfv,用户编号白名单,109
0060,2026-09-03,LKUS_payment,feature_P5eYl9a699fA,ip白名单,109
0060,2026-09-03,LKUS_payment,feature_vTICzBPfD3Ds,ip C段白名单,109
0060,2026-09-03,LKUS_payment,feature_yo8MLsBsGIsV,三方unionId白名单,109
0060,2026-09-03,LKUS_payment,feature_kqtp6XVcXXiQ,手机号白名单,109
0060,2026-09-03,LKUS_payment,feature_K0JuGvXPoQsS,网关uid白名单,109
0060,2026-09-03,LKUS_payment,feature_5caBWmAHDcCQ,邮箱白名单,109
0060,2026-09-03,LKUS_payment,feature_3CSh3LRVobu7,手机号黑名单,91
0060,2026-09-03,LKUS_payment,feature_jkeS0N10RDAn,网关uid黑名单,91
0060,2026-09-03,LKUS_payment,feature_7qCVo92BIECU,三方unionId黑名单,91
0060,2026-09-03,LKUS_payment,feature_9tl8mW2Gembc,邮箱黑名单,91
0060,2026-09-03,LKUS_payment,feature_g43LuQcahzCJ,用户编号黑名单,91
0060,2026-09-03,LKUS_payment,feature_XtxCPW1x9QTU,ip C段黑名单,91
0060,2026-09-03,LKUS_payment,feature_cOkhRQVI91IV,ip黑名单,91
0060,2026-09-03,LKUS_payment,feature_TLXI8MNiNglz,reCAPTCHA V3风险分,48
0060,2026-09-03,LKUS_payment,feature_MHv7nra5Z6T5,reCAPTCHA V3 token是否有效,43
0060,2026-09-03,LKUS_physical_order_create,feature_MHv7nra5Z6T5,reCAPTCHA V3 token是否有效,51
0060,2026-09-03,LKUS_register,feature_oxYJ6qJ3BAfv,用户编号白名单,11
0060,2026-09-03,LKUS_register,feature_P5eYl9a699fA,ip白名单,11
0060,2026-09-03,LKUS_register,feature_vTICzBPfD3Ds,ip C段白名单,11
0060,2026-09-03,LKUS_register,feature_yo8MLsBsGIsV,三方unionId白名单,11
0060,2026-09-03,LKUS_register,feature_kqtp6XVcXXiQ,手机号白名单,11
0060,2026-09-03,LKUS_register,feature_K0JuGvXPoQsS,网关uid白名单,11
0060,2026-09-03,LKUS_register,feature_5caBWmAHDcCQ,邮箱白名单,11
0060,2026-09-03,LKUS_register,feature_3CSh3LRVobu7,手机号黑名单,10
0060,2026-09-03,LKUS_register,feature_jkeS0N10RDAn,网关uid黑名单,10
0060,2026-09-03,LKUS_register,feature_7qCVo92BIECU,三方unionId黑名单,10
0060,2026-09-03,LKUS_register,feature_9tl8mW2Gembc,邮箱黑名单,10
0060,2026-09-03,LKUS_register,feature_g43LuQcahzCJ,用户编号黑名单,10
0060,2026-09-03,LKUS_register,feature_XtxCPW1x9QTU,ip C段黑名单,10
0060,2026-09-03,LKUS_register,feature_cOkhRQVI91IV,ip黑名单,10
0060,2026-09-03,LKUS_login,feature_MHv7nra5Z6T5,reCAPTCHA V3 token是否有效,5
0060,2026-09-03,LKUS_physical_order_cancel,feature_vTICzBPfD3Ds,ip C段白名单,2
0060,2026-09-03,LKUS_physical_order_cancel,feature_P5eYl9a699fA,ip白名单,2
0060,2026-09-03,LKUS_physical_order_cancel,feature_oxYJ6qJ3BAfv,用户编号白名单,2
0060,2026-09-03,LKUS_physical_order_cancel,feature_yo8MLsBsGIsV,三方unionId白名单,2
0060,2026-09-03,LKUS_physical_order_cancel,feature_kqtp6XVcXXiQ,手机号白名单,2
0060,2026-09-03,LKUS_physical_order_cancel,feature_5caBWmAHDcCQ,邮箱白名单,2
0060,2026-09-03,LKUS_physical_order_cancel,feature_K0JuGvXPoQsS,网关uid白名单,2
0060,2026-09-03,LKUS_physical_order_cancel,feature_3CSh3LRVobu7,手机号黑名单,2
0060,2026-09-03,LKUS_physical_order_cancel,feature_jkeS0N10RDAn,网关uid黑名单,2
0060,2026-09-03,LKUS_physical_order_cancel,feature_7qCVo92BIECU,三方unionId黑名单,2
0060,2026-09-03,LKUS_physical_order_cancel,feature_9tl8mW2Gembc,邮箱黑名单,2
0060,2026-09-03,LKUS_physical_order_cancel,feature_XtxCPW1x9QTU,ip C段黑名单,2
0060,2026-09-03,LKUS_physical_order_cancel,feature_g43LuQcahzCJ,用户编号黑名单,2
0060,2026-09-03,LKUS_physical_order_cancel,feature_cOkhRQVI91IV,ip黑名单,2
0060,2026-09-04,LKUS_push,feature_oxYJ6qJ3BAfv,用户编号白名单,57
0060,2026-09-04,LKUS_push,feature_P5eYl9a699fA,ip白名单,57
0060,2026-09-04,LKUS_push,feature_vTICzBPfD3Ds,ip C段白名单,57
0060,2026-09-04,LKUS_push,feature_yo8MLsBsGIsV,三方unionId白名单,57
0060,2026-09-04,LKUS_push,feature_kqtp6XVcXXiQ,手机号白名单,57
0060,2026-09-04,LKUS_push,feature_K0JuGvXPoQsS,网关uid白名单,57
0060,2026-09-04,LKUS_push,feature_5caBWmAHDcCQ,邮箱白名单,57
0060,2026-09-04,LKUS_push,feature_Fik6gvwY1tA6,手机号近1天的访问次数,57
0060,2026-09-04,LKUS_push,feature_3CSh3LRVobu7,手机号黑名单,54
0060,2026-09-04,LKUS_push,feature_jkeS0N10RDAn,网关uid黑名单,54
0060,2026-09-04,LKUS_push,feature_7qCVo92BIECU,三方unionId黑名单,54
0060,2026-09-04,LKUS_push,feature_9tl8mW2Gembc,邮箱黑名单,54
0060,2026-09-04,LKUS_push,feature_g43LuQcahzCJ,用户编号黑名单,54
0060,2026-09-04,LKUS_push,feature_XtxCPW1x9QTU,ip C段黑名单,54
0060,2026-09-04,LKUS_push,feature_cOkhRQVI91IV,ip黑名单,54
0060,2026-09-04,LKUS_push,feature_hspErCH8fSCE,手机号近30分钟的访问次数,54
0060,2026-09-04,LKUS_push,feature_pf88qk27w76j,区号近5分钟的访问次数,54
0060,2026-09-04,LKUS_push,feature_TLXI8MNiNglz,reCAPTCHA V3风险分,54
0060,2026-09-04,LKUS_push,feature_YkpmaKaJhcdG,区号近1天内的访问次数,54
0060,2026-09-04,LKUS_push,feature_7DbBgowc2mEl,IP近1分钟的访问次数,54
0060,2026-09-04,LKUS_push,feature_JaT2oyzVtD0q,手机号近1分钟的访问次数,54
0060,2026-09-04,LKUS_push,feature_IPwzfPamC8eW,同手机号30分钟关联的IP city个数,54
0060,2026-09-04,LKUS_push,feature_Ym70ZsfxQKSc,一分钟请求量,54
0060,2026-09-04,LKUS_push,feature_r1bhlQnbfRHb,IP近60分钟关联的手机号个数,54
0060,2026-09-04,LKUS_push,feature_6qwgYPGGuJZ4,IPC段近10分钟关联的手机号个数,54
0060,2026-09-04,LKUS_push,feature_Wg4dZ6VJBuTb,IP近1分钟关联的手机号个数,54
0060,2026-09-04,LKUS_push,feature_UOJYBEifd5Jn,区号近60分钟的访问次数,54
0060,2026-09-04,LKUS_push,feature_KtSZtJ9w7f9r,IPC段近1分钟关联的手机号个数,54
0060,2026-09-04,LKUS_push,feature_dqBHKec09Wwa,同区号近60分钟未携带recaptchaV3token 访问次数,54
0060,2026-09-04,LKUS_push,feature_TGPe0mjAPwR5,IP近60分钟关联的国家区号个数,54
0060,2026-09-04,LKUS_push,feature_n91JeGM6gD6i,同区号近60分钟非美国IP访问次数,54
0060,2026-09-04,LKUS_push,feature_WxHUxqIN0IuS,同IP近5分钟的访问次数,54
0060,2026-09-04,LKUS_push,feature_lydpDiga6SB9,手机号近5分钟的访问次数,54
0060,2026-09-04,LKUS_push,feature_nnsdzZLQKPZ7,IP近10分钟关联的手机号个数,54
0060,2026-09-04,LKUS_push,feature_SdA1CjZvNCMG,区号近1分钟的访问次数,54
0060,2026-09-04,LKUS_push,feature_53Ck9TgChpTW,IP近5分钟关联的手机号个数,54
0060,2026-09-04,LKUS_login,feature_oxYJ6qJ3BAfv,用户编号白名单,18
0060,2026-09-04,LKUS_login,feature_P5eYl9a699fA,ip白名单,18
0060,2026-09-04,LKUS_login,feature_vTICzBPfD3Ds,ip C段白名单,18
0060,2026-09-04,LKUS_login,feature_yo8MLsBsGIsV,三方unionId白名单,18
0060,2026-09-04,LKUS_login,feature_kqtp6XVcXXiQ,手机号白名单,18
0060,2026-09-04,LKUS_login,feature_K0JuGvXPoQsS,网关uid白名单,18
0060,2026-09-04,LKUS_login,feature_5caBWmAHDcCQ,邮箱白名单,18
0060,2026-09-04,LKUS_login,feature_3CSh3LRVobu7,手机号黑名单,18
0060,2026-09-04,LKUS_login,feature_jkeS0N10RDAn,网关uid黑名单,18
0060,2026-09-04,LKUS_login,feature_7qCVo92BIECU,三方unionId黑名单,18
0060,2026-09-04,LKUS_login,feature_9tl8mW2Gembc,邮箱黑名单,18
0060,2026-09-04,LKUS_login,feature_g43LuQcahzCJ,用户编号黑名单,18
0060,2026-09-04,LKUS_login,feature_XtxCPW1x9QTU,ip C段黑名单,18
0060,2026-09-04,LKUS_login,feature_cOkhRQVI91IV,ip黑名单,18
0060,2026-09-04,LKUS_login,feature_TLXI8MNiNglz,reCAPTCHA V3风险分,8
0060,2026-09-04,LKUS_grant_new_user_coupon,feature_vTICzBPfD3Ds,ip C段白名单,8
0060,2026-09-04,LKUS_grant_new_user_coupon,feature_P5eYl9a699fA,ip白名单,8
0060,2026-09-04,LKUS_grant_new_user_coupon,feature_oxYJ6qJ3BAfv,用户编号白名单,8
0060,2026-09-04,LKUS_grant_new_user_coupon,feature_yo8MLsBsGIsV,三方unionId白名单,8
0060,2026-09-04,LKUS_grant_new_user_coupon,feature_kqtp6XVcXXiQ,手机号白名单,8
0060,2026-09-04,LKUS_grant_new_user_coupon,feature_5caBWmAHDcCQ,邮箱白名单,8
0060,2026-09-04,LKUS_grant_new_user_coupon,feature_K0JuGvXPoQsS,网关uid白名单,8
0060,2026-09-04,LKUS_grant_new_user_coupon,feature_3CSh3LRVobu7,手机号黑名单,8
0060,2026-09-04,LKUS_grant_new_user_coupon,feature_jkeS0N10RDAn,网关uid黑名单,8
0060,2026-09-04,LKUS_grant_new_user_coupon,feature_7qCVo92BIECU,三方unionId黑名单,8
0060,2026-09-04,LKUS_grant_new_user_coupon,feature_9tl8mW2Gembc,邮箱黑名单,8
0060,2026-09-04,LKUS_grant_new_user_coupon,feature_XtxCPW1x9QTU,ip C段黑名单,8
0060,2026-09-04,LKUS_grant_new_user_coupon,feature_g43LuQcahzCJ,用户编号黑名单,8
0060,2026-09-04,LKUS_grant_new_user_coupon,feature_cOkhRQVI91IV,ip黑名单,8
0060,2026-09-04,LKUS_register,feature_vTICzBPfD3Ds,ip C段白名单,12
0060,2026-09-04,LKUS_register,feature_P5eYl9a699fA,ip白名单,12
0060,2026-09-04,LKUS_register,feature_oxYJ6qJ3BAfv,用户编号白名单,12
0060,2026-09-04,LKUS_register,feature_yo8MLsBsGIsV,三方unionId白名单,12
0060,2026-09-04,LKUS_register,feature_kqtp6XVcXXiQ,手机号白名单,12
0060,2026-09-04,LKUS_register,feature_5caBWmAHDcCQ,邮箱白名单,12
0060,2026-09-04,LKUS_register,feature_K0JuGvXPoQsS,网关uid白名单,12
0060,2026-09-04,LKUS_register,feature_3CSh3LRVobu7,手机号黑名单,12
0060,2026-09-04,LKUS_register,feature_jkeS0N10RDAn,网关uid黑名单,12
0060,2026-09-04,LKUS_register,feature_7qCVo92BIECU,三方unionId黑名单,12
0060,2026-09-04,LKUS_register,feature_9tl8mW2Gembc,邮箱黑名单,12
0060,2026-09-04,LKUS_register,feature_XtxCPW1x9QTU,ip C段黑名单,12
0060,2026-09-04,LKUS_register,feature_g43LuQcahzCJ,用户编号黑名单,12
0060,2026-09-04,LKUS_register,feature_cOkhRQVI91IV,ip黑名单,12
0060,2026-09-04,LKUS_login,feature_MHv7nra5Z6T5,reCAPTCHA V3 token是否有效,10
0060,2026-09-04,LKUS_physical_order_create,feature_oxYJ6qJ3BAfv,用户编号白名单,84
0060,2026-09-04,LKUS_physical_order_create,feature_P5eYl9a699fA,ip白名单,84
0060,2026-09-04,LKUS_physical_order_create,feature_vTICzBPfD3Ds,ip C段白名单,84
0060,2026-09-04,LKUS_physical_order_create,feature_yo8MLsBsGIsV,三方unionId白名单,84
0060,2026-09-04,LKUS_physical_order_create,feature_kqtp6XVcXXiQ,手机号白名单,84
0060,2026-09-04,LKUS_physical_order_create,feature_K0JuGvXPoQsS,网关uid白名单,84
0060,2026-09-04,LKUS_physical_order_create,feature_5caBWmAHDcCQ,邮箱白名单,84
0060,2026-09-04,LKUS_physical_order_create,feature_3CSh3LRVobu7,手机号黑名单,75
0060,2026-09-04,LKUS_physical_order_create,feature_jkeS0N10RDAn,网关uid黑名单,75
0060,2026-09-04,LKUS_physical_order_create,feature_7qCVo92BIECU,三方unionId黑名单,75
0060,2026-09-04,LKUS_physical_order_create,feature_9tl8mW2Gembc,邮箱黑名单,75
0060,2026-09-04,LKUS_physical_order_create,feature_g43LuQcahzCJ,用户编号黑名单,75
0060,2026-09-04,LKUS_physical_order_create,feature_XtxCPW1x9QTU,ip C段黑名单,75
0060,2026-09-04,LKUS_physical_order_create,feature_cOkhRQVI91IV,ip黑名单,75
0060,2026-09-04,LKUS_physical_order_create,feature_TLXI8MNiNglz,reCAPTCHA V3风险分,39
0060,2026-09-04,LKUS_payment,feature_oxYJ6qJ3BAfv,用户编号白名单,85
0060,2026-09-04,LKUS_payment,feature_P5eYl9a699fA,ip白名单,85
0060,2026-09-04,LKUS_payment,feature_vTICzBPfD3Ds,ip C段白名单,85
0060,2026-09-04,LKUS_payment,feature_yo8MLsBsGIsV,三方unionId白名单,85
0060,2026-09-04,LKUS_payment,feature_kqtp6XVcXXiQ,手机号白名单,85
0060,2026-09-04,LKUS_payment,feature_K0JuGvXPoQsS,网关uid白名单,85
0060,2026-09-04,LKUS_payment,feature_5caBWmAHDcCQ,邮箱白名单,85
0060,2026-09-04,LKUS_payment,feature_3CSh3LRVobu7,手机号黑名单,75
0060,2026-09-04,LKUS_payment,feature_jkeS0N10RDAn,网关uid黑名单,75
0060,2026-09-04,LKUS_payment,feature_7qCVo92BIECU,三方unionId黑名单,75
0060,2026-09-04,LKUS_payment,feature_9tl8mW2Gembc,邮箱黑名单,75
0060,2026-09-04,LKUS_payment,feature_g43LuQcahzCJ,用户编号黑名单,75
0060,2026-09-04,LKUS_payment,feature_XtxCPW1x9QTU,ip C段黑名单,75
0060,2026-09-04,LKUS_payment,feature_cOkhRQVI91IV,ip黑名单,75
0060,2026-09-04,LKUS_payment,feature_TLXI8MNiNglz,reCAPTCHA V3风险分,35
0060,2026-09-04,LKUS_physical_order_create,feature_MHv7nra5Z6T5,reCAPTCHA V3 token是否有效,36
0060,2026-09-04,LKUS_payment,feature_MHv7nra5Z6T5,reCAPTCHA V3 token是否有效,40
0060,2026-09-05,LKUS_push,feature_vTICzBPfD3Ds,ip C段白名单,108
0060,2026-09-05,LKUS_push,feature_P5eYl9a699fA,ip白名单,108
0060,2026-09-05,LKUS_push,feature_oxYJ6qJ3BAfv,用户编号白名单,108
0060,2026-09-05,LKUS_push,feature_yo8MLsBsGIsV,三方unionId白名单,108
0060,2026-09-05,LKUS_push,feature_kqtp6XVcXXiQ,手机号白名单,108
0060,2026-09-05,LKUS_push,feature_5caBWmAHDcCQ,邮箱白名单,108
0060,2026-09-05,LKUS_push,feature_K0JuGvXPoQsS,网关uid白名单,108
0060,2026-09-05,LKUS_push,feature_Fik6gvwY1tA6,手机号近1天的访问次数,108
0060,2026-09-05,LKUS_push,feature_3CSh3LRVobu7,手机号黑名单,107
0060,2026-09-05,LKUS_push,feature_jkeS0N10RDAn,网关uid黑名单,107
0060,2026-09-05,LKUS_push,feature_7qCVo92BIECU,三方unionId黑名单,107
0060,2026-09-05,LKUS_push,feature_9tl8mW2Gembc,邮箱黑名单,107
0060,2026-09-05,LKUS_push,feature_XtxCPW1x9QTU,ip C段黑名单,107
0060,2026-09-05,LKUS_push,feature_g43LuQcahzCJ,用户编号黑名单,107
0060,2026-09-05,LKUS_push,feature_cOkhRQVI91IV,ip黑名单,107
0060,2026-09-05,LKUS_push,feature_n91JeGM6gD6i,同区号近60分钟非美国IP访问次数,107
0060,2026-09-05,LKUS_push,feature_IPwzfPamC8eW,同手机号30分钟关联的IP city个数,107
0060,2026-09-05,LKUS_push,feature_Ym70ZsfxQKSc,一分钟请求量,107
0060,2026-09-05,LKUS_push,feature_53Ck9TgChpTW,IP近5分钟关联的手机号个数,107
0060,2026-09-05,LKUS_push,feature_6qwgYPGGuJZ4,IPC段近10分钟关联的手机号个数,107
0060,2026-09-05,LKUS_push,feature_dqBHKec09Wwa,同区号近60分钟未携带recaptchaV3token 访问次数,107
0060,2026-09-05,LKUS_push,feature_UOJYBEifd5Jn,区号近60分钟的访问次数,107
0060,2026-09-05,LKUS_push,feature_lydpDiga6SB9,手机号近5分钟的访问次数,107
0060,2026-09-05,LKUS_push,feature_Wg4dZ6VJBuTb,IP近1分钟关联的手机号个数,107
0060,2026-09-05,LKUS_push,feature_hspErCH8fSCE,手机号近30分钟的访问次数,107
0060,2026-09-05,LKUS_push,feature_r1bhlQnbfRHb,IP近60分钟关联的手机号个数,107
0060,2026-09-05,LKUS_push,feature_YkpmaKaJhcdG,区号近1天内的访问次数,107
0060,2026-09-05,LKUS_push,feature_7DbBgowc2mEl,IP近1分钟的访问次数,107
0060,2026-09-05,LKUS_push,feature_TLXI8MNiNglz,reCAPTCHA V3风险分,107
0060,2026-09-05,LKUS_push,feature_JaT2oyzVtD0q,手机号近1分钟的访问次数,107
0060,2026-09-05,LKUS_push,feature_WxHUxqIN0IuS,同IP近5分钟的访问次数,107
0060,2026-09-05,LKUS_push,feature_KtSZtJ9w7f9r,IPC段近1分钟关联的手机号个数,107
0060,2026-09-05,LKUS_push,feature_pf88qk27w76j,区号近5分钟的访问次数,107
0060,2026-09-05,LKUS_push,feature_nnsdzZLQKPZ7,IP近10分钟关联的手机号个数,107
0060,2026-09-05,LKUS_push,feature_SdA1CjZvNCMG,区号近1分钟的访问次数,107
0060,2026-09-05,LKUS_push,feature_TGPe0mjAPwR5,IP近60分钟关联的国家区号个数,107
0060,2026-09-05,LKUS_register,feature_oxYJ6qJ3BAfv,用户编号白名单,11
0060,2026-09-05,LKUS_register,feature_P5eYl9a699fA,ip白名单,11
0060,2026-09-05,LKUS_register,feature_vTICzBPfD3Ds,ip C段白名单,11
0060,2026-09-05,LKUS_register,feature_yo8MLsBsGIsV,三方unionId白名单,11
0060,2026-09-05,LKUS_register,feature_kqtp6XVcXXiQ,手机号白名单,11
0060,2026-09-05,LKUS_register,feature_K0JuGvXPoQsS,网关uid白名单,11
0060,2026-09-05,LKUS_register,feature_5caBWmAHDcCQ,邮箱白名单,11
0060,2026-09-05,LKUS_register,feature_3CSh3LRVobu7,手机号黑名单,11
0060,2026-09-05,LKUS_register,feature_jkeS0N10RDAn,网关uid黑名单,11
0060,2026-09-05,LKUS_register,feature_7qCVo92BIECU,三方unionId黑名单,11
0060,2026-09-05,LKUS_register,feature_9tl8mW2Gembc,邮箱黑名单,11
0060,2026-09-05,LKUS_register,feature_g43LuQcahzCJ,用户编号黑名单,11
0060,2026-09-05,LKUS_register,feature_XtxCPW1x9QTU,ip C段黑名单,11
0060,2026-09-05,LKUS_register,feature_cOkhRQVI91IV,ip黑名单,11
0060,2026-09-05,LKUS_payment,feature_vTICzBPfD3Ds,ip C段白名单,60
0060,2026-09-05,LKUS_payment,feature_P5eYl9a699fA,ip白名单,60
0060,2026-09-05,LKUS_payment,feature_oxYJ6qJ3BAfv,用户编号白名单,60
0060,2026-09-05,LKUS_payment,feature_yo8MLsBsGIsV,三方unionId白名单,60
0060,2026-09-05,LKUS_payment,feature_kqtp6XVcXXiQ,手机号白名单,60
0060,2026-09-05,LKUS_payment,feature_5caBWmAHDcCQ,邮箱白名单,60
0060,2026-09-05,LKUS_payment,feature_K0JuGvXPoQsS,网关uid白名单,60
0060,2026-09-05,LKUS_physical_order_create,feature_oxYJ6qJ3BAfv,用户编号白名单,59
0060,2026-09-05,LKUS_physical_order_create,feature_P5eYl9a699fA,ip白名单,59
0060,2026-09-05,LKUS_physical_order_create,feature_vTICzBPfD3Ds,ip C段白名单,59
0060,2026-09-05,LKUS_physical_order_create,feature_yo8MLsBsGIsV,三方unionId白名单,59
0060,2026-09-05,LKUS_physical_order_create,feature_kqtp6XVcXXiQ,手机号白名单,59
0060,2026-09-05,LKUS_physical_order_create,feature_K0JuGvXPoQsS,网关uid白名单,59
0060,2026-09-05,LKUS_physical_order_create,feature_5caBWmAHDcCQ,邮箱白名单,59
0060,2026-09-05,LKUS_physical_order_create,feature_3CSh3LRVobu7,手机号黑名单,49
0060,2026-09-05,LKUS_physical_order_create,feature_jkeS0N10RDAn,网关uid黑名单,49
0060,2026-09-05,LKUS_physical_order_create,feature_7qCVo92BIECU,三方unionId黑名单,49
0060,2026-09-05,LKUS_physical_order_create,feature_9tl8mW2Gembc,邮箱黑名单,49
0060,2026-09-05,LKUS_physical_order_create,feature_XtxCPW1x9QTU,ip C段黑名单,49
0060,2026-09-05,LKUS_physical_order_create,feature_g43LuQcahzCJ,用户编号黑名单,49
0060,2026-09-05,LKUS_physical_order_create,feature_cOkhRQVI91IV,ip黑名单,49
0060,2026-09-05,LKUS_physical_order_create,feature_MHv7nra5Z6T5,reCAPTCHA V3 token是否有效,23
0060,2026-09-05,LKUS_payment,feature_3CSh3LRVobu7,手机号黑名单,49
0060,2026-09-05,LKUS_payment,feature_jkeS0N10RDAn,网关uid黑名单,49
0060,2026-09-05,LKUS_payment,feature_7qCVo92BIECU,三方unionId黑名单,49
0060,2026-09-05,LKUS_payment,feature_9tl8mW2Gembc,邮箱黑名单,49
0060,2026-09-05,LKUS_payment,feature_XtxCPW1x9QTU,ip C段黑名单,49
0060,2026-09-05,LKUS_payment,feature_g43LuQcahzCJ,用户编号黑名单,49
0060,2026-09-05,LKUS_payment,feature_cOkhRQVI91IV,ip黑名单,49
0060,2026-09-05,LKUS_payment,feature_MHv7nra5Z6T5,reCAPTCHA V3 token是否有效,21
0060,2026-09-05,LKUS_physical_order_create,feature_TLXI8MNiNglz,reCAPTCHA V3风险分,26
0060,2026-09-05,LKUS_payment,feature_TLXI8MNiNglz,reCAPTCHA V3风险分,28
0060,2026-09-05,LKUS_login,feature_oxYJ6qJ3BAfv,用户编号白名单,17
0060,2026-09-05,LKUS_login,feature_P5eYl9a699fA,ip白名单,17
0060,2026-09-05,LKUS_login,feature_vTICzBPfD3Ds,ip C段白名单,17
0060,2026-09-05,LKUS_login,feature_yo8MLsBsGIsV,三方unionId白名单,17
0060,2026-09-05,LKUS_login,feature_kqtp6XVcXXiQ,手机号白名单,17
0060,2026-09-05,LKUS_login,feature_K0JuGvXPoQsS,网关uid白名单,17
0060,2026-09-05,LKUS_login,feature_5caBWmAHDcCQ,邮箱白名单,17
0060,2026-09-05,LKUS_login,feature_3CSh3LRVobu7,手机号黑名单,15
0060,2026-09-05,LKUS_login,feature_jkeS0N10RDAn,网关uid黑名单,15
0060,2026-09-05,LKUS_login,feature_7qCVo92BIECU,三方unionId黑名单,15
0060,2026-09-05,LKUS_login,feature_9tl8mW2Gembc,邮箱黑名单,15
0060,2026-09-05,LKUS_login,feature_g43LuQcahzCJ,用户编号黑名单,15
0060,2026-09-05,LKUS_login,feature_XtxCPW1x9QTU,ip C段黑名单,15
0060,2026-09-05,LKUS_login,feature_cOkhRQVI91IV,ip黑名单,15
0060,2026-09-05,LKUS_login,feature_TLXI8MNiNglz,reCAPTCHA V3风险分,12
0060,2026-09-05,LKUS_grant_new_user_coupon,feature_vTICzBPfD3Ds,ip C段白名单,12
0060,2026-09-05,LKUS_grant_new_user_coupon,feature_P5eYl9a699fA,ip白名单,12
0060,2026-09-05,LKUS_grant_new_user_coupon,feature_oxYJ6qJ3BAfv,用户编号白名单,12
0060,2026-09-05,LKUS_grant_new_user_coupon,feature_yo8MLsBsGIsV,三方unionId白名单,12
0060,2026-09-05,LKUS_grant_new_user_coupon,feature_kqtp6XVcXXiQ,手机号白名单,12
0060,2026-09-05,LKUS_grant_new_user_coupon,feature_5caBWmAHDcCQ,邮箱白名单,12
0060,2026-09-05,LKUS_grant_new_user_coupon,feature_K0JuGvXPoQsS,网关uid白名单,12
0060,2026-09-05,LKUS_grant_new_user_coupon,feature_3CSh3LRVobu7,手机号黑名单,12
0060,2026-09-05,LKUS_grant_new_user_coupon,feature_jkeS0N10RDAn,网关uid黑名单,12
0060,2026-09-05,LKUS_grant_new_user_coupon,feature_7qCVo92BIECU,三方unionId黑名单,12
0060,2026-09-05,LKUS_grant_new_user_coupon,feature_9tl8mW2Gembc,邮箱黑名单,12
0060,2026-09-05,LKUS_grant_new_user_coupon,feature_XtxCPW1x9QTU,ip C段黑名单,12
0060,2026-09-05,LKUS_grant_new_user_coupon,feature_g43LuQcahzCJ,用户编号黑名单,12
0060,2026-09-05,LKUS_grant_new_user_coupon,feature_cOkhRQVI91IV,ip黑名单,12
0060,2026-09-05,LKUS_login,feature_MHv7nra5Z6T5,reCAPTCHA V3 token是否有效,3
0060,2026-09-06,LKUS_push,feature_oxYJ6qJ3BAfv,用户编号白名单,154
0060,2026-09-06,LKUS_push,feature_P5eYl9a699fA,ip白名单,154
0060,2026-09-06,LKUS_push,feature_vTICzBPfD3Ds,ip C段白名单,154
0060,2026-09-06,LKUS_push,feature_yo8MLsBsGIsV,三方unionId白名单,154
0060,2026-09-06,LKUS_push,feature_kqtp6XVcXXiQ,手机号白名单,154
0060,2026-09-06,LKUS_push,feature_K0JuGvXPoQsS,网关uid白名单,154
0060,2026-09-06,LKUS_push,feature_5caBWmAHDcCQ,邮箱白名单,154
0060,2026-09-06,LKUS_push,feature_Fik6gvwY1tA6,手机号近1天的访问次数,154
0060,2026-09-06,LKUS_push,feature_3CSh3LRVobu7,手机号黑名单,152
0060,2026-09-06,LKUS_push,feature_jkeS0N10RDAn,网关uid黑名单,152
0060,2026-09-06,LKUS_push,feature_7qCVo92BIECU,三方unionId黑名单,152
0060,2026-09-06,LKUS_push,feature_9tl8mW2Gembc,邮箱黑名单,152
0060,2026-09-06,LKUS_push,feature_g43LuQcahzCJ,用户编号黑名单,152
0060,2026-09-06,LKUS_push,feature_XtxCPW1x9QTU,ip C段黑名单,152
0060,2026-09-06,LKUS_push,feature_cOkhRQVI91IV,ip黑名单,152
0060,2026-09-06,LKUS_push,feature_hspErCH8fSCE,手机号近30分钟的访问次数,152
0060,2026-09-06,LKUS_push,feature_pf88qk27w76j,区号近5分钟的访问次数,152
0060,2026-09-06,LKUS_push,feature_TLXI8MNiNglz,reCAPTCHA V3风险分,78
0060,2026-09-06,LKUS_push,feature_YkpmaKaJhcdG,区号近1天内的访问次数,152
0060,2026-09-06,LKUS_push,feature_7DbBgowc2mEl,IP近1分钟的访问次数,152
0060,2026-09-06,LKUS_push,feature_JaT2oyzVtD0q,手机号近1分钟的访问次数,152
0060,2026-09-06,LKUS_push,feature_IPwzfPamC8eW,同手机号30分钟关联的IP city个数,152
0060,2026-09-06,LKUS_push,feature_Ym70ZsfxQKSc,一分钟请求量,152
0060,2026-09-06,LKUS_push,feature_r1bhlQnbfRHb,IP近60分钟关联的手机号个数,152
0060,2026-09-06,LKUS_push,feature_6qwgYPGGuJZ4,IPC段近10分钟关联的手机号个数,152
0060,2026-09-06,LKUS_push,feature_Wg4dZ6VJBuTb,IP近1分钟关联的手机号个数,152
0060,2026-09-06,LKUS_push,feature_UOJYBEifd5Jn,区号近60分钟的访问次数,152
0060,2026-09-06,LKUS_push,feature_KtSZtJ9w7f9r,IPC段近1分钟关联的手机号个数,152
0060,2026-09-06,LKUS_push,feature_dqBHKec09Wwa,同区号近60分钟未携带recaptchaV3token 访问次数,152
0060,2026-09-06,LKUS_push,feature_TGPe0mjAPwR5,IP近60分钟关联的国家区号个数,152
0060,2026-09-06,LKUS_push,feature_n91JeGM6gD6i,同区号近60分钟非美国IP访问次数,152
0060,2026-09-06,LKUS_push,feature_WxHUxqIN0IuS,同IP近5分钟的访问次数,152
0060,2026-09-06,LKUS_push,feature_lydpDiga6SB9,手机号近5分钟的访问次数,152
0060,2026-09-06,LKUS_push,feature_nnsdzZLQKPZ7,IP近10分钟关联的手机号个数,152
0060,2026-09-06,LKUS_push,feature_SdA1CjZvNCMG,区号近1分钟的访问次数,152
0060,2026-09-06,LKUS_push,feature_53Ck9TgChpTW,IP近5分钟关联的手机号个数,152
0060,2026-09-06,LKUS_push,feature_MHv7nra5Z6T5,reCAPTCHA V3 token是否有效,74
0060,2026-09-06,LKUS_physical_order_create,feature_P5eYl9a699fA,ip白名单,53
0060,2026-09-06,LKUS_physical_order_create,feature_vTICzBPfD3Ds,ip C段白名单,53
0060,2026-09-06,LKUS_physical_order_create,feature_oxYJ6qJ3BAfv,用户编号白名单,53
0060,2026-09-06,LKUS_physical_order_create,feature_yo8MLsBsGIsV,三方unionId白名单,53
0060,2026-09-06,LKUS_physical_order_create,feature_kqtp6XVcXXiQ,手机号白名单,53
0060,2026-09-06,LKUS_physical_order_create,feature_5caBWmAHDcCQ,邮箱白名单,53
0060,2026-09-06,LKUS_physical_order_create,feature_K0JuGvXPoQsS,网关uid白名单,53
0060,2026-09-06,LKUS_physical_order_create,feature_3CSh3LRVobu7,手机号黑名单,39
0060,2026-09-06,LKUS_physical_order_create,feature_jkeS0N10RDAn,网关uid黑名单,39
0060,2026-09-06,LKUS_physical_order_create,feature_7qCVo92BIECU,三方unionId黑名单,39
0060,2026-09-06,LKUS_physical_order_create,feature_9tl8mW2Gembc,邮箱黑名单,39
0060,2026-09-06,LKUS_physical_order_create,feature_g43LuQcahzCJ,用户编号黑名单,39
0060,2026-09-06,LKUS_physical_order_create,feature_XtxCPW1x9QTU,ip C段黑名单,39
0060,2026-09-06,LKUS_physical_order_create,feature_cOkhRQVI91IV,ip黑名单,39
0060,2026-09-06,LKUS_physical_order_create,feature_MHv7nra5Z6T5,reCAPTCHA V3 token是否有效,25
0060,2026-09-06,LKUS_payment,feature_vTICzBPfD3Ds,ip C段白名单,52
0060,2026-09-06,LKUS_payment,feature_P5eYl9a699fA,ip白名单,52
0060,2026-09-06,LKUS_payment,feature_oxYJ6qJ3BAfv,用户编号白名单,52
0060,2026-09-06,LKUS_payment,feature_yo8MLsBsGIsV,三方unionId白名单,52
0060,2026-09-06,LKUS_payment,feature_kqtp6XVcXXiQ,手机号白名单,52
0060,2026-09-06,LKUS_payment,feature_5caBWmAHDcCQ,邮箱白名单,52
0060,2026-09-06,LKUS_payment,feature_K0JuGvXPoQsS,网关uid白名单,52
0060,2026-09-06,LKUS_payment,feature_3CSh3LRVobu7,手机号黑名单,38
0060,2026-09-06,LKUS_payment,feature_jkeS0N10RDAn,网关uid黑名单,38
0060,2026-09-06,LKUS_payment,feature_7qCVo92BIECU,三方unionId黑名单,38
0060,2026-09-06,LKUS_payment,feature_9tl8mW2Gembc,邮箱黑名单,38
0060,2026-09-06,LKUS_payment,feature_g43LuQcahzCJ,用户编号黑名单,38
0060,2026-09-06,LKUS_payment,feature_XtxCPW1x9QTU,ip C段黑名单,38
0060,2026-09-06,LKUS_payment,feature_cOkhRQVI91IV,ip黑名单,38
0060,2026-09-06,LKUS_payment,feature_TLXI8MNiNglz,reCAPTCHA V3风险分,14
0060,2026-09-06,LKUS_payment,feature_MHv7nra5Z6T5,reCAPTCHA V3 token是否有效,24
0060,2026-09-06,LKUS_physical_order_create,feature_TLXI8MNiNglz,reCAPTCHA V3风险分,14
0060,2026-09-06,LKUS_register,feature_vTICzBPfD3Ds,ip C段白名单,11
0060,2026-09-06,LKUS_register,feature_P5eYl9a699fA,ip白名单,11
0060,2026-09-06,LKUS_register,feature_oxYJ6qJ3BAfv,用户编号白名单,11
0060,2026-09-06,LKUS_register,feature_yo8MLsBsGIsV,三方unionId白名单,11
0060,2026-09-06,LKUS_register,feature_kqtp6XVcXXiQ,手机号白名单,11
0060,2026-09-06,LKUS_register,feature_5caBWmAHDcCQ,邮箱白名单,11
0060,2026-09-06,LKUS_register,feature_K0JuGvXPoQsS,网关uid白名单,11
0060,2026-09-06,LKUS_register,feature_3CSh3LRVobu7,手机号黑名单,10
0060,2026-09-06,LKUS_register,feature_jkeS0N10RDAn,网关uid黑名单,10
0060,2026-09-06,LKUS_register,feature_7qCVo92BIECU,三方unionId黑名单,10
0060,2026-09-06,LKUS_register,feature_9tl8mW2Gembc,邮箱黑名单,10
0060,2026-09-06,LKUS_register,feature_g43LuQcahzCJ,用户编号黑名单,10
0060,2026-09-06,LKUS_register,feature_XtxCPW1x9QTU,ip C段黑名单,10
0060,2026-09-06,LKUS_register,feature_cOkhRQVI91IV,ip黑名单,10
0060,2026-09-06,LKUS_login,feature_vTICzBPfD3Ds,ip C段白名单,13
0060,2026-09-06,LKUS_login,feature_P5eYl9a699fA,ip白名单,13
0060,2026-09-06,LKUS_login,feature_oxYJ6qJ3BAfv,用户编号白名单,13
0060,2026-09-06,LKUS_login,feature_yo8MLsBsGIsV,三方unionId白名单,13
0060,2026-09-06,LKUS_login,feature_kqtp6XVcXXiQ,手机号白名单,13
0060,2026-09-06,LKUS_login,feature_5caBWmAHDcCQ,邮箱白名单,13
0060,2026-09-06,LKUS_login,feature_K0JuGvXPoQsS,网关uid白名单,13
0060,2026-09-06,LKUS_login,feature_3CSh3LRVobu7,手机号黑名单,12
0060,2026-09-06,LKUS_login,feature_jkeS0N10RDAn,网关uid黑名单,12
0060,2026-09-06,LKUS_login,feature_7qCVo92BIECU,三方unionId黑名单,12
0060,2026-09-06,LKUS_login,feature_9tl8mW2Gembc,邮箱黑名单,12
0060,2026-09-06,LKUS_login,feature_g43LuQcahzCJ,用户编号黑名单,12
0060,2026-09-06,LKUS_login,feature_XtxCPW1x9QTU,ip C段黑名单,12
0060,2026-09-06,LKUS_login,feature_cOkhRQVI91IV,ip黑名单,12
0060,2026-09-06,LKUS_login,feature_TLXI8MNiNglz,reCAPTCHA V3风险分,7
0060,2026-09-06,LKUS_grant_new_user_coupon,feature_vTICzBPfD3Ds,ip C段白名单,8
0060,2026-09-06,LKUS_grant_new_user_coupon,feature_P5eYl9a699fA,ip白名单,8
0060,2026-09-06,LKUS_grant_new_user_coupon,feature_oxYJ6qJ3BAfv,用户编号白名单,8
0060,2026-09-06,LKUS_grant_new_user_coupon,feature_yo8MLsBsGIsV,三方unionId白名单,8
0060,2026-09-06,LKUS_grant_new_user_coupon,feature_kqtp6XVcXXiQ,手机号白名单,8
0060,2026-09-06,LKUS_grant_new_user_coupon,feature_5caBWmAHDcCQ,邮箱白名单,8
0060,2026-09-06,LKUS_grant_new_user_coupon,feature_K0JuGvXPoQsS,网关uid白名单,8
0060,2026-09-06,LKUS_grant_new_user_coupon,feature_3CSh3LRVobu7,手机号黑名单,8
0060,2026-09-06,LKUS_grant_new_user_coupon,feature_jkeS0N10RDAn,网关uid黑名单,8
0060,2026-09-06,LKUS_grant_new_user_coupon,feature_7qCVo92BIECU,三方unionId黑名单,8
0060,2026-09-06,LKUS_grant_new_user_coupon,feature_9tl8mW2Gembc,邮箱黑名单,8
0060,2026-09-06,LKUS_grant_new_user_coupon,feature_g43LuQcahzCJ,用户编号黑名单,8
0060,2026-09-06,LKUS_grant_new_user_coupon,feature_XtxCPW1x9QTU,ip C段黑名单,8
0060,2026-09-06,LKUS_grant_new_user_coupon,feature_cOkhRQVI91IV,ip黑名单,8
0060,2026-09-06,LKUS_login,feature_MHv7nra5Z6T5,reCAPTCHA V3 token是否有效,5
0060,2026-09-06,LKUS_physical_order_cancel,feature_vTICzBPfD3Ds,ip C段白名单,1
0060,2026-09-06,LKUS_physical_order_cancel,feature_P5eYl9a699fA,ip白名单,1
0060,2026-09-06,LKUS_physical_order_cancel,feature_oxYJ6qJ3BAfv,用户编号白名单,1
0060,2026-09-06,LKUS_physical_order_cancel,feature_yo8MLsBsGIsV,三方unionId白名单,1
0060,2026-09-06,LKUS_physical_order_cancel,feature_kqtp6XVcXXiQ,手机号白名单,1
0060,2026-09-06,LKUS_physical_order_cancel,feature_5caBWmAHDcCQ,邮箱白名单,1
0060,2026-09-06,LKUS_physical_order_cancel,feature_K0JuGvXPoQsS,网关uid白名单,1
0060,2026-09-06,LKUS_physical_order_cancel,feature_3CSh3LRVobu7,手机号黑名单,1
0060,2026-09-06,LKUS_physical_order_cancel,feature_jkeS0N10RDAn,网关uid黑名单,1
0060,2026-09-06,LKUS_physical_order_cancel,feature_7qCVo92BIECU,三方unionId黑名单,1
0060,2026-09-06,LKUS_physical_order_cancel,feature_9tl8mW2Gembc,邮箱黑名单,1
0060,2026-09-06,LKUS_physical_order_cancel,feature_g43LuQcahzCJ,用户编号黑名单,1
0060,2026-09-06,LKUS_physical_order_cancel,feature_XtxCPW1x9QTU,ip C段黑名单,1
0060,2026-09-06,LKUS_physical_order_cancel,feature_cOkhRQVI91IV,ip黑名单,1
0060,2026-09-07,LKUS_push,feature_vTICzBPfD3Ds,ip C段白名单,105
0060,2026-09-07,LKUS_push,feature_P5eYl9a699fA,ip白名单,105
0060,2026-09-07,LKUS_push,feature_oxYJ6qJ3BAfv,用户编号白名单,105
0060,2026-09-07,LKUS_push,feature_yo8MLsBsGIsV,三方unionId白名单,105
0060,2026-09-07,LKUS_push,feature_kqtp6XVcXXiQ,手机号白名单,105
0060,2026-09-07,LKUS_push,feature_5caBWmAHDcCQ,邮箱白名单,105
0060,2026-09-07,LKUS_push,feature_K0JuGvXPoQsS,网关uid白名单,105
0060,2026-09-07,LKUS_push,feature_Fik6gvwY1tA6,手机号近1天的访问次数,105
0060,2026-09-07,LKUS_push,feature_3CSh3LRVobu7,手机号黑名单,104
0060,2026-09-07,LKUS_push,feature_jkeS0N10RDAn,网关uid黑名单,104
0060,2026-09-07,LKUS_push,feature_7qCVo92BIECU,三方unionId黑名单,104
0060,2026-09-07,LKUS_push,feature_9tl8mW2Gembc,邮箱黑名单,104
0060,2026-09-07,LKUS_push,feature_g43LuQcahzCJ,用户编号黑名单,104
0060,2026-09-07,LKUS_push,feature_XtxCPW1x9QTU,ip C段黑名单,104
0060,2026-09-07,LKUS_push,feature_cOkhRQVI91IV,ip黑名单,104
0060,2026-09-07,LKUS_push,feature_hspErCH8fSCE,手机号近30分钟的访问次数,104
0060,2026-09-07,LKUS_push,feature_pf88qk27w76j,区号近5分钟的访问次数,104
0060,2026-09-07,LKUS_push,feature_TLXI8MNiNglz,reCAPTCHA V3风险分,28
0060,2026-09-07,LKUS_push,feature_r1bhlQnbfRHb,IP近60分钟关联的手机号个数,104
0060,2026-09-07,LKUS_push,feature_7DbBgowc2mEl,IP近1分钟的访问次数,104
0060,2026-09-07,LKUS_push,feature_JaT2oyzVtD0q,手机号近1分钟的访问次数,104
0060,2026-09-07,LKUS_push,feature_TGPe0mjAPwR5,IP近60分钟关联的国家区号个数,104
0060,2026-09-07,LKUS_push,feature_n91JeGM6gD6i,同区号近60分钟非美国IP访问次数,104
0060,2026-09-07,LKUS_push,feature_UOJYBEifd5Jn,区号近60分钟的访问次数,104
0060,2026-09-07,LKUS_push,feature_dqBHKec09Wwa,同区号近60分钟未携带recaptchaV3token 访问次数,104
0060,2026-09-07,LKUS_push,feature_KtSZtJ9w7f9r,IPC段近1分钟关联的手机号个数,104
0060,2026-09-07,LKUS_push,feature_6qwgYPGGuJZ4,IPC段近10分钟关联的手机号个数,104
0060,2026-09-07,LKUS_push,feature_53Ck9TgChpTW,IP近5分钟关联的手机号个数,104
0060,2026-09-07,LKUS_push,feature_IPwzfPamC8eW,同手机号30分钟关联的IP city个数,104
0060,2026-09-07,LKUS_push,feature_SdA1CjZvNCMG,区号近1分钟的访问次数,104
0060,2026-09-07,LKUS_push,feature_Ym70ZsfxQKSc,一分钟请求量,104
0060,2026-09-07,LKUS_push,feature_WxHUxqIN0IuS,同IP近5分钟的访问次数,104
0060,2026-09-07,LKUS_push,feature_nnsdzZLQKPZ7,IP近10分钟关联的手机号个数,104
0060,2026-09-07,LKUS_push,feature_lydpDiga6SB9,手机号近5分钟的访问次数,104
0060,2026-09-07,LKUS_push,feature_YkpmaKaJhcdG,区号近1天内的访问次数,104
0060,2026-09-07,LKUS_push,feature_Wg4dZ6VJBuTb,IP近1分钟关联的手机号个数,104
0060,2026-09-07,LKUS_push,feature_MHv7nra5Z6T5,reCAPTCHA V3 token是否有效,76
0060,2026-09-07,LKUS_login,feature_P5eYl9a699fA,ip白名单,31
0060,2026-09-07,LKUS_login,feature_oxYJ6qJ3BAfv,用户编号白名单,31
0060,2026-09-07,LKUS_login,feature_vTICzBPfD3Ds,ip C段白名单,31
0060,2026-09-07,LKUS_login,feature_yo8MLsBsGIsV,三方unionId白名单,31
0060,2026-09-07,LKUS_login,feature_kqtp6XVcXXiQ,手机号白名单,31
0060,2026-09-07,LKUS_login,feature_5caBWmAHDcCQ,邮箱白名单,31
0060,2026-09-07,LKUS_login,feature_K0JuGvXPoQsS,网关uid白名单,31
0060,2026-09-07,LKUS_login,feature_3CSh3LRVobu7,手机号黑名单,31
0060,2026-09-07,LKUS_login,feature_jkeS0N10RDAn,网关uid黑名单,31
0060,2026-09-07,LKUS_login,feature_7qCVo92BIECU,三方unionId黑名单,31
0060,2026-09-07,LKUS_login,feature_9tl8mW2Gembc,邮箱黑名单,31
0060,2026-09-07,LKUS_login,feature_XtxCPW1x9QTU,ip C段黑名单,31
0060,2026-09-07,LKUS_login,feature_g43LuQcahzCJ,用户编号黑名单,31
0060,2026-09-07,LKUS_login,feature_cOkhRQVI91IV,ip黑名单,31
0060,2026-09-07,LKUS_login,feature_MHv7nra5Z6T5,reCAPTCHA V3 token是否有效,31
0060,2026-09-07,LKUS_grant_new_user_coupon,feature_oxYJ6qJ3BAfv,用户编号白名单,12
0060,2026-09-07,LKUS_grant_new_user_coupon,feature_vTICzBPfD3Ds,ip C段白名单,12
0060,2026-09-07,LKUS_grant_new_user_coupon,feature_P5eYl9a699fA,ip白名单,12
0060,2026-09-07,LKUS_grant_new_user_coupon,feature_yo8MLsBsGIsV,三方unionId白名单,12
0060,2026-09-07,LKUS_grant_new_user_coupon,feature_kqtp6XVcXXiQ,手机号白名单,12
0060,2026-09-07,LKUS_grant_new_user_coupon,feature_K0JuGvXPoQsS,网关uid白名单,12
0060,2026-09-07,LKUS_grant_new_user_coupon,feature_5caBWmAHDcCQ,邮箱白名单,12
0060,2026-09-07,LKUS_grant_new_user_coupon,feature_3CSh3LRVobu7,手机号黑名单,12
0060,2026-09-07,LKUS_grant_new_user_coupon,feature_jkeS0N10RDAn,网关uid黑名单,12
0060,2026-09-07,LKUS_grant_new_user_coupon,feature_7qCVo92BIECU,三方unionId黑名单,12
0060,2026-09-07,LKUS_grant_new_user_coupon,feature_9tl8mW2Gembc,邮箱黑名单,12
0060,2026-09-07,LKUS_grant_new_user_coupon,feature_g43LuQcahzCJ,用户编号黑名单,12
0060,2026-09-07,LKUS_grant_new_user_coupon,feature_XtxCPW1x9QTU,ip C段黑名单,12
0060,2026-09-07,LKUS_grant_new_user_coupon,feature_cOkhRQVI91IV,ip黑名单,12
0060,2026-09-07,LKUS_physical_order_create,feature_oxYJ6qJ3BAfv,用户编号白名单,49
0060,2026-09-07,LKUS_physical_order_create,feature_vTICzBPfD3Ds,ip C段白名单,49
0060,2026-09-07,LKUS_physical_order_create,feature_P5eYl9a699fA,ip白名单,49
0060,2026-09-07,LKUS_physical_order_create,feature_yo8MLsBsGIsV,三方unionId白名单,49
0060,2026-09-07,LKUS_physical_order_create,feature_kqtp6XVcXXiQ,手机号白名单,49
0060,2026-09-07,LKUS_physical_order_create,feature_K0JuGvXPoQsS,网关uid白名单,49
0060,2026-09-07,LKUS_physical_order_create,feature_5caBWmAHDcCQ,邮箱白名单,49
0060,2026-09-07,LKUS_physical_order_create,feature_3CSh3LRVobu7,手机号黑名单,45
0060,2026-09-07,LKUS_physical_order_create,feature_jkeS0N10RDAn,网关uid黑名单,45
0060,2026-09-07,LKUS_physical_order_create,feature_7qCVo92BIECU,三方unionId黑名单,45
0060,2026-09-07,LKUS_physical_order_create,feature_9tl8mW2Gembc,邮箱黑名单,45
0060,2026-09-07,LKUS_physical_order_create,feature_g43LuQcahzCJ,用户编号黑名单,45
0060,2026-09-07,LKUS_physical_order_create,feature_XtxCPW1x9QTU,ip C段黑名单,45
0060,2026-09-07,LKUS_physical_order_create,feature_cOkhRQVI91IV,ip黑名单,45
0060,2026-09-07,LKUS_physical_order_create,feature_MHv7nra5Z6T5,reCAPTCHA V3 token是否有效,45
0060,2026-09-07,LKUS_payment,feature_vTICzBPfD3Ds,ip C段白名单,50
0060,2026-09-07,LKUS_payment,feature_P5eYl9a699fA,ip白名单,50
0060,2026-09-07,LKUS_payment,feature_oxYJ6qJ3BAfv,用户编号白名单,50
0060,2026-09-07,LKUS_payment,feature_yo8MLsBsGIsV,三方unionId白名单,50
0060,2026-09-07,LKUS_payment,feature_kqtp6XVcXXiQ,手机号白名单,50
0060,2026-09-07,LKUS_payment,feature_5caBWmAHDcCQ,邮箱白名单,50
0060,2026-09-07,LKUS_payment,feature_K0JuGvXPoQsS,网关uid白名单,50
0060,2026-09-07,LKUS_payment,feature_3CSh3LRVobu7,手机号黑名单,46
0060,2026-09-07,LKUS_payment,feature_jkeS0N10RDAn,网关uid黑名单,46
0060,2026-09-07,LKUS_payment,feature_7qCVo92BIECU,三方unionId黑名单,46
0060,2026-09-07,LKUS_payment,feature_9tl8mW2Gembc,邮箱黑名单,46
0060,2026-09-07,LKUS_payment,feature_XtxCPW1x9QTU,ip C段黑名单,46
0060,2026-09-07,LKUS_payment,feature_cOkhRQVI91IV,ip黑名单,46
0060,2026-09-07,LKUS_payment,feature_g43LuQcahzCJ,用户编号黑名单,46
0060,2026-09-07,LKUS_payment,feature_MHv7nra5Z6T5,reCAPTCHA V3 token是否有效,46
0060,2026-09-07,LKUS_register,feature_vTICzBPfD3Ds,ip C段白名单,11
0060,2026-09-07,LKUS_register,feature_P5eYl9a699fA,ip白名单,11
0060,2026-09-07,LKUS_register,feature_oxYJ6qJ3BAfv,用户编号白名单,11
0060,2026-09-07,LKUS_register,feature_yo8MLsBsGIsV,三方unionId白名单,11
0060,2026-09-07,LKUS_register,feature_kqtp6XVcXXiQ,手机号白名单,11
0060,2026-09-07,LKUS_register,feature_5caBWmAHDcCQ,邮箱白名单,11
0060,2026-09-07,LKUS_register,feature_K0JuGvXPoQsS,网关uid白名单,11
0060,2026-09-07,LKUS_register,feature_3CSh3LRVobu7,手机号黑名单,11
0060,2026-09-07,LKUS_register,feature_jkeS0N10RDAn,网关uid黑名单,11
0060,2026-09-07,LKUS_register,feature_7qCVo92BIECU,三方unionId黑名单,11
0060,2026-09-07,LKUS_register,feature_9tl8mW2Gembc,邮箱黑名单,11
0060,2026-09-07,LKUS_register,feature_XtxCPW1x9QTU,ip C段黑名单,11
0060,2026-09-07,LKUS_register,feature_cOkhRQVI91IV,ip黑名单,11
0060,2026-09-07,LKUS_register,feature_g43LuQcahzCJ,用户编号黑名单,11
0060,2026-09-08,LKUS_push,feature_vTICzBPfD3Ds,ip C段白名单,136
0060,2026-09-08,LKUS_push,feature_P5eYl9a699fA,ip白名单,136
0060,2026-09-08,LKUS_push,feature_oxYJ6qJ3BAfv,用户编号白名单,136
0060,2026-09-08,LKUS_push,feature_yo8MLsBsGIsV,三方unionId白名单,136
0060,2026-09-08,LKUS_push,feature_kqtp6XVcXXiQ,手机号白名单,136
0060,2026-09-08,LKUS_push,feature_5caBWmAHDcCQ,邮箱白名单,136
0060,2026-09-08,LKUS_push,feature_K0JuGvXPoQsS,网关uid白名单,136
0060,2026-09-08,LKUS_push,feature_Fik6gvwY1tA6,手机号近1天的访问次数,136
0060,2026-09-08,LKUS_push,feature_3CSh3LRVobu7,手机号黑名单,134
0060,2026-09-08,LKUS_push,feature_jkeS0N10RDAn,网关uid黑名单,134
0060,2026-09-08,LKUS_push,feature_7qCVo92BIECU,三方unionId黑名单,134
0060,2026-09-08,LKUS_push,feature_9tl8mW2Gembc,邮箱黑名单,134
0060,2026-09-08,LKUS_push,feature_XtxCPW1x9QTU,ip C段黑名单,134
0060,2026-09-08,LKUS_push,feature_cOkhRQVI91IV,ip黑名单,134
0060,2026-09-08,LKUS_push,feature_g43LuQcahzCJ,用户编号黑名单,134
0060,2026-09-08,LKUS_push,feature_hspErCH8fSCE,手机号近30分钟的访问次数,134
0060,2026-09-08,LKUS_push,feature_pf88qk27w76j,区号近5分钟的访问次数,134
0060,2026-09-08,LKUS_push,feature_r1bhlQnbfRHb,IP近60分钟关联的手机号个数,134
0060,2026-09-08,LKUS_push,feature_nnsdzZLQKPZ7,IP近10分钟关联的手机号个数,134
0060,2026-09-08,LKUS_push,feature_MHv7nra5Z6T5,reCAPTCHA V3 token是否有效,134
0060,2026-09-08,LKUS_push,feature_JaT2oyzVtD0q,手机号近1分钟的访问次数,134
0060,2026-09-08,LKUS_push,feature_Ym70ZsfxQKSc,一分钟请求量,134
0060,2026-09-08,LKUS_push,feature_YkpmaKaJhcdG,区号近1天内的访问次数,134
0060,2026-09-08,LKUS_push,feature_Wg4dZ6VJBuTb,IP近1分钟关联的手机号个数,134
0060,2026-09-08,LKUS_push,feature_IPwzfPamC8eW,同手机号30分钟关联的IP city个数,134
0060,2026-09-08,LKUS_push,feature_7DbBgowc2mEl,IP近1分钟的访问次数,134
0060,2026-09-08,LKUS_push,feature_6qwgYPGGuJZ4,IPC段近10分钟关联的手机号个数,134
0060,2026-09-08,LKUS_push,feature_53Ck9TgChpTW,IP近5分钟关联的手机号个数,134
0060,2026-09-08,LKUS_push,feature_SdA1CjZvNCMG,区号近1分钟的访问次数,134
0060,2026-09-08,LKUS_push,feature_dqBHKec09Wwa,同区号近60分钟未携带recaptchaV3token 访问次数,134
0060,2026-09-08,LKUS_push,feature_KtSZtJ9w7f9r,IPC段近1分钟关联的手机号个数,134
0060,2026-09-08,LKUS_push,feature_UOJYBEifd5Jn,区号近60分钟的访问次数,134
0060,2026-09-08,LKUS_push,feature_WxHUxqIN0IuS,同IP近5分钟的访问次数,134
0060,2026-09-08,LKUS_push,feature_lydpDiga6SB9,手机号近5分钟的访问次数,134
0060,2026-09-08,LKUS_push,feature_n91JeGM6gD6i,同区号近60分钟非美国IP访问次数,134
0060,2026-09-08,LKUS_push,feature_TGPe0mjAPwR5,IP近60分钟关联的国家区号个数,134
0060,2026-09-08,LKUS_physical_order_create,feature_oxYJ6qJ3BAfv,用户编号白名单,107
0060,2026-09-08,LKUS_physical_order_create,feature_vTICzBPfD3Ds,ip C段白名单,107
0060,2026-09-08,LKUS_physical_order_create,feature_P5eYl9a699fA,ip白名单,107
0060,2026-09-08,LKUS_physical_order_create,feature_yo8MLsBsGIsV,三方unionId白名单,107
0060,2026-09-08,LKUS_physical_order_create,feature_kqtp6XVcXXiQ,手机号白名单,107
0060,2026-09-08,LKUS_physical_order_create,feature_K0JuGvXPoQsS,网关uid白名单,107
0060,2026-09-08,LKUS_physical_order_create,feature_5caBWmAHDcCQ,邮箱白名单,107
0060,2026-09-08,LKUS_physical_order_create,feature_3CSh3LRVobu7,手机号黑名单,92
0060,2026-09-08,LKUS_physical_order_create,feature_jkeS0N10RDAn,网关uid黑名单,92
0060,2026-09-08,LKUS_physical_order_create,feature_7qCVo92BIECU,三方unionId黑名单,92
0060,2026-09-08,LKUS_physical_order_create,feature_9tl8mW2Gembc,邮箱黑名单,92
0060,2026-09-08,LKUS_physical_order_create,feature_g43LuQcahzCJ,用户编号黑名单,92
0060,2026-09-08,LKUS_physical_order_create,feature_XtxCPW1x9QTU,ip C段黑名单,92
0060,2026-09-08,LKUS_physical_order_create,feature_cOkhRQVI91IV,ip黑名单,92
0060,2026-09-08,LKUS_physical_order_create,feature_MHv7nra5Z6T5,reCAPTCHA V3 token是否有效,92
0060,2026-09-08,LKUS_payment,feature_vTICzBPfD3Ds,ip C段白名单,104
0060,2026-09-08,LKUS_payment,feature_P5eYl9a699fA,ip白名单,104
0060,2026-09-08,LKUS_payment,feature_oxYJ6qJ3BAfv,用户编号白名单,104
0060,2026-09-08,LKUS_payment,feature_yo8MLsBsGIsV,三方unionId白名单,104
0060,2026-09-08,LKUS_payment,feature_kqtp6XVcXXiQ,手机号白名单,104
0060,2026-09-08,LKUS_payment,feature_5caBWmAHDcCQ,邮箱白名单,104
0060,2026-09-08,LKUS_payment,feature_K0JuGvXPoQsS,网关uid白名单,104
0060,2026-09-08,LKUS_payment,feature_3CSh3LRVobu7,手机号黑名单,89
0060,2026-09-08,LKUS_payment,feature_jkeS0N10RDAn,网关uid黑名单,89
0060,2026-09-08,LKUS_payment,feature_7qCVo92BIECU,三方unionId黑名单,89
0060,2026-09-08,LKUS_payment,feature_9tl8mW2Gembc,邮箱黑名单,89
0060,2026-09-08,LKUS_payment,feature_XtxCPW1x9QTU,ip C段黑名单,89
0060,2026-09-08,LKUS_payment,feature_cOkhRQVI91IV,ip黑名单,89
0060,2026-09-08,LKUS_payment,feature_g43LuQcahzCJ,用户编号黑名单,89
0060,2026-09-08,LKUS_payment,feature_MHv7nra5Z6T5,reCAPTCHA V3 token是否有效,89
0060,2026-09-08,LKUS_register,feature_oxYJ6qJ3BAfv,用户编号白名单,12
0060,2026-09-08,LKUS_register,feature_vTICzBPfD3Ds,ip C段白名单,12
0060,2026-09-08,LKUS_register,feature_P5eYl9a699fA,ip白名单,12
0060,2026-09-08,LKUS_register,feature_yo8MLsBsGIsV,三方unionId白名单,12
0060,2026-09-08,LKUS_register,feature_kqtp6XVcXXiQ,手机号白名单,12
0060,2026-09-08,LKUS_register,feature_K0JuGvXPoQsS,网关uid白名单,12
0060,2026-09-08,LKUS_register,feature_5caBWmAHDcCQ,邮箱白名单,12
0060,2026-09-08,LKUS_register,feature_3CSh3LRVobu7,手机号黑名单,12
0060,2026-09-08,LKUS_register,feature_jkeS0N10RDAn,网关uid黑名单,12
0060,2026-09-08,LKUS_register,feature_7qCVo92BIECU,三方unionId黑名单,12
0060,2026-09-08,LKUS_register,feature_9tl8mW2Gembc,邮箱黑名单,12
0060,2026-09-08,LKUS_register,feature_g43LuQcahzCJ,用户编号黑名单,12
0060,2026-09-08,LKUS_register,feature_XtxCPW1x9QTU,ip C段黑名单,12
0060,2026-09-08,LKUS_register,feature_cOkhRQVI91IV,ip黑名单,12
0060,2026-09-08,LKUS_login,feature_vTICzBPfD3Ds,ip C段白名单,23
0060,2026-09-08,LKUS_login,feature_P5eYl9a699fA,ip白名单,23
0060,2026-09-08,LKUS_login,feature_oxYJ6qJ3BAfv,用户编号白名单,23
0060,2026-09-08,LKUS_login,feature_yo8MLsBsGIsV,三方unionId白名单,23
0060,2026-09-08,LKUS_login,feature_kqtp6XVcXXiQ,手机号白名单,23
0060,2026-09-08,LKUS_login,feature_5caBWmAHDcCQ,邮箱白名单,23
0060,2026-09-08,LKUS_login,feature_K0JuGvXPoQsS,网关uid白名单,23
0060,2026-09-08,LKUS_login,feature_3CSh3LRVobu7,手机号黑名单,22
0060,2026-09-08,LKUS_login,feature_jkeS0N10RDAn,网关uid黑名单,22
0060,2026-09-08,LKUS_login,feature_7qCVo92BIECU,三方unionId黑名单,22
0060,2026-09-08,LKUS_login,feature_9tl8mW2Gembc,邮箱黑名单,22
0060,2026-09-08,LKUS_login,feature_XtxCPW1x9QTU,ip C段黑名单,22
0060,2026-09-08,LKUS_login,feature_cOkhRQVI91IV,ip黑名单,22
0060,2026-09-08,LKUS_login,feature_g43LuQcahzCJ,用户编号黑名单,22
0060,2026-09-08,LKUS_login,feature_MHv7nra5Z6T5,reCAPTCHA V3 token是否有效,22
0060,2026-09-08,LKUS_grant_new_user_coupon,feature_vTICzBPfD3Ds,ip C段白名单,13
0060,2026-09-08,LKUS_grant_new_user_coupon,feature_P5eYl9a699fA,ip白名单,13
0060,2026-09-08,LKUS_grant_new_user_coupon,feature_oxYJ6qJ3BAfv,用户编号白名单,13
0060,2026-09-08,LKUS_grant_new_user_coupon,feature_yo8MLsBsGIsV,三方unionId白名单,13
0060,2026-09-08,LKUS_grant_new_user_coupon,feature_kqtp6XVcXXiQ,手机号白名单,13
0060,2026-09-08,LKUS_grant_new_user_coupon,feature_5caBWmAHDcCQ,邮箱白名单,13
0060,2026-09-08,LKUS_grant_new_user_coupon,feature_K0JuGvXPoQsS,网关uid白名单,13
0060,2026-09-08,LKUS_grant_new_user_coupon,feature_3CSh3LRVobu7,手机号黑名单,13
0060,2026-09-08,LKUS_grant_new_user_coupon,feature_jkeS0N10RDAn,网关uid黑名单,13
0060,2026-09-08,LKUS_grant_new_user_coupon,feature_7qCVo92BIECU,三方unionId黑名单,13
0060,2026-09-08,LKUS_grant_new_user_coupon,feature_9tl8mW2Gembc,邮箱黑名单,13
0060,2026-09-08,LKUS_grant_new_user_coupon,feature_XtxCPW1x9QTU,ip C段黑名单,13
0060,2026-09-08,LKUS_grant_new_user_coupon,feature_cOkhRQVI91IV,ip黑名单,13
0060,2026-09-08,LKUS_grant_new_user_coupon,feature_g43LuQcahzCJ,用户编号黑名单,13
0060,2026-09-08,LKUS_physical_order_cancel,feature_oxYJ6qJ3BAfv,用户编号白名单,1
0060,2026-09-08,LKUS_physical_order_cancel,feature_vTICzBPfD3Ds,ip C段白名单,1
0060,2026-09-08,LKUS_physical_order_cancel,feature_P5eYl9a699fA,ip白名单,1
0060,2026-09-08,LKUS_physical_order_cancel,feature_yo8MLsBsGIsV,三方unionId白名单,1
0060,2026-09-08,LKUS_physical_order_cancel,feature_kqtp6XVcXXiQ,手机号白名单,1
0060,2026-09-08,LKUS_physical_order_cancel,feature_K0JuGvXPoQsS,网关uid白名单,1
0060,2026-09-08,LKUS_physical_order_cancel,feature_5caBWmAHDcCQ,邮箱白名单,1
0060,2026-09-08,LKUS_physical_order_cancel,feature_3CSh3LRVobu7,手机号黑名单,1
0060,2026-09-08,LKUS_physical_order_cancel,feature_jkeS0N10RDAn,网关uid黑名单,1
0060,2026-09-08,LKUS_physical_order_cancel,feature_7qCVo92BIECU,三方unionId黑名单,1
0060,2026-09-08,LKUS_physical_order_cancel,feature_9tl8mW2Gembc,邮箱黑名单,1
0060,2026-09-08,LKUS_physical_order_cancel,feature_g43LuQcahzCJ,用户编号黑名单,1
0060,2026-09-08,LKUS_physical_order_cancel,feature_XtxCPW1x9QTU,ip C段黑名单,1
0060,2026-09-08,LKUS_physical_order_cancel,feature_cOkhRQVI91IV,ip黑名单,1
0060,2026-09-08,LKUS_captcha,feature_oxYJ6qJ3BAfv,用户编号白名单,1
0060,2026-09-08,LKUS_captcha,feature_vTICzBPfD3Ds,ip C段白名单,1
0060,2026-09-08,LKUS_captcha,feature_P5eYl9a699fA,ip白名单,1
0060,2026-09-08,LKUS_captcha,feature_yo8MLsBsGIsV,三方unionId白名单,1
0060,2026-09-08,LKUS_captcha,feature_kqtp6XVcXXiQ,手机号白名单,1
0060,2026-09-08,LKUS_captcha,feature_K0JuGvXPoQsS,网关uid白名单,1
0060,2026-09-08,LKUS_captcha,feature_5caBWmAHDcCQ,邮箱白名单,1
0060,2026-09-08,LKUS_captcha,feature_3CSh3LRVobu7,手机号黑名单,1
0060,2026-09-08,LKUS_captcha,feature_jkeS0N10RDAn,网关uid黑名单,1
0060,2026-09-08,LKUS_captcha,feature_7qCVo92BIECU,三方unionId黑名单,1
0060,2026-09-08,LKUS_captcha,feature_9tl8mW2Gembc,邮箱黑名单,1
0060,2026-09-08,LKUS_captcha,feature_g43LuQcahzCJ,用户编号黑名单,1
0060,2026-09-08,LKUS_captcha,feature_XtxCPW1x9QTU,ip C段黑名单,1
0060,2026-09-08,LKUS_captcha,feature_cOkhRQVI91IV,ip黑名单,1
0060,2026-09-08,LKUS_captcha,feature_nm9NTGYLKhWV,reCAPTCHA V2 token是否有效,1
0060,2026-09-09,LKUS_push,feature_Fik6gvwY1tA6,手机号近1天的访问次数,110
0060,2026-09-09,LKUS_push,feature_vTICzBPfD3Ds,ip C段白名单,110
0060,2026-09-09,LKUS_push,feature_P5eYl9a699fA,ip白名单,110
0060,2026-09-09,LKUS_push,feature_oxYJ6qJ3BAfv,用户编号白名单,110
0060,2026-09-09,LKUS_push,feature_yo8MLsBsGIsV,三方unionId白名单,110
0060,2026-09-09,LKUS_push,feature_kqtp6XVcXXiQ,手机号白名单,110
0060,2026-09-09,LKUS_push,feature_5caBWmAHDcCQ,邮箱白名单,110
0060,2026-09-09,LKUS_push,feature_K0JuGvXPoQsS,网关uid白名单,110
0060,2026-09-09,LKUS_push,feature_3CSh3LRVobu7,手机号黑名单,109
0060,2026-09-09,LKUS_push,feature_jkeS0N10RDAn,网关uid黑名单,109
0060,2026-09-09,LKUS_push,feature_7qCVo92BIECU,三方unionId黑名单,109
0060,2026-09-09,LKUS_push,feature_9tl8mW2Gembc,邮箱黑名单,109
0060,2026-09-09,LKUS_push,feature_XtxCPW1x9QTU,ip C段黑名单,109
0060,2026-09-09,LKUS_push,feature_cOkhRQVI91IV,ip黑名单,109
0060,2026-09-09,LKUS_push,feature_g43LuQcahzCJ,用户编号黑名单,109
0060,2026-09-09,LKUS_push,feature_hspErCH8fSCE,手机号近30分钟的访问次数,109
0060,2026-09-09,LKUS_push,feature_pf88qk27w76j,区号近5分钟的访问次数,109
0060,2026-09-09,LKUS_push,feature_r1bhlQnbfRHb,IP近60分钟关联的手机号个数,109
0060,2026-09-09,LKUS_push,feature_nnsdzZLQKPZ7,IP近10分钟关联的手机号个数,109
0060,2026-09-09,LKUS_push,feature_MHv7nra5Z6T5,reCAPTCHA V3 token是否有效,109
0060,2026-09-09,LKUS_push,feature_JaT2oyzVtD0q,手机号近1分钟的访问次数,109
0060,2026-09-09,LKUS_push,feature_Ym70ZsfxQKSc,一分钟请求量,109
0060,2026-09-09,LKUS_push,feature_YkpmaKaJhcdG,区号近1天内的访问次数,109
0060,2026-09-09,LKUS_push,feature_Wg4dZ6VJBuTb,IP近1分钟关联的手机号个数,109
0060,2026-09-09,LKUS_push,feature_IPwzfPamC8eW,同手机号30分钟关联的IP city个数,109
0060,2026-09-09,LKUS_push,feature_7DbBgowc2mEl,IP近1分钟的访问次数,109
0060,2026-09-09,LKUS_push,feature_6qwgYPGGuJZ4,IPC段近10分钟关联的手机号个数,109
0060,2026-09-09,LKUS_push,feature_53Ck9TgChpTW,IP近5分钟关联的手机号个数,109
0060,2026-09-09,LKUS_push,feature_SdA1CjZvNCMG,区号近1分钟的访问次数,109
0060,2026-09-09,LKUS_push,feature_dqBHKec09Wwa,同区号近60分钟未携带recaptchaV3token 访问次数,109
0060,2026-09-09,LKUS_push,feature_KtSZtJ9w7f9r,IPC段近1分钟关联的手机号个数,109
0060,2026-09-09,LKUS_push,feature_UOJYBEifd5Jn,区号近60分钟的访问次数,109
0060,2026-09-09,LKUS_push,feature_WxHUxqIN0IuS,同IP近5分钟的访问次数,109
0060,2026-09-09,LKUS_push,feature_lydpDiga6SB9,手机号近5分钟的访问次数,109
0060,2026-09-09,LKUS_push,feature_n91JeGM6gD6i,同区号近60分钟非美国IP访问次数,109
0060,2026-09-09,LKUS_push,feature_TGPe0mjAPwR5,IP近60分钟关联的国家区号个数,109
0060,2026-09-09,LKUS_register,feature_oxYJ6qJ3BAfv,用户编号白名单,18
0060,2026-09-09,LKUS_register,feature_vTICzBPfD3Ds,ip C段白名单,18
0060,2026-09-09,LKUS_register,feature_P5eYl9a699fA,ip白名单,18
0060,2026-09-09,LKUS_register,feature_yo8MLsBsGIsV,三方unionId白名单,18
0060,2026-09-09,LKUS_register,feature_kqtp6XVcXXiQ,手机号白名单,18
0060,2026-09-09,LKUS_register,feature_K0JuGvXPoQsS,网关uid白名单,18
0060,2026-09-09,LKUS_register,feature_5caBWmAHDcCQ,邮箱白名单,18
0060,2026-09-09,LKUS_register,feature_3CSh3LRVobu7,手机号黑名单,18
0060,2026-09-09,LKUS_register,feature_jkeS0N10RDAn,网关uid黑名单,18
0060,2026-09-09,LKUS_register,feature_7qCVo92BIECU,三方unionId黑名单,18
0060,2026-09-09,LKUS_register,feature_9tl8mW2Gembc,邮箱黑名单,18
0060,2026-09-09,LKUS_register,feature_g43LuQcahzCJ,用户编号黑名单,18
0060,2026-09-09,LKUS_register,feature_XtxCPW1x9QTU,ip C段黑名单,18
0060,2026-09-09,LKUS_register,feature_cOkhRQVI91IV,ip黑名单,18
0060,2026-09-09,LKUS_login,feature_vTICzBPfD3Ds,ip C段白名单,22
0060,2026-09-09,LKUS_login,feature_P5eYl9a699fA,ip白名单,22
0060,2026-09-09,LKUS_login,feature_oxYJ6qJ3BAfv,用户编号白名单,22
0060,2026-09-09,LKUS_login,feature_yo8MLsBsGIsV,三方unionId白名单,22
0060,2026-09-09,LKUS_login,feature_kqtp6XVcXXiQ,手机号白名单,22
0060,2026-09-09,LKUS_login,feature_5caBWmAHDcCQ,邮箱白名单,22
0060,2026-09-09,LKUS_login,feature_K0JuGvXPoQsS,网关uid白名单,22
0060,2026-09-09,LKUS_login,feature_3CSh3LRVobu7,手机号黑名单,22
0060,2026-09-09,LKUS_login,feature_jkeS0N10RDAn,网关uid黑名单,22
0060,2026-09-09,LKUS_login,feature_7qCVo92BIECU,三方unionId黑名单,22
0060,2026-09-09,LKUS_login,feature_9tl8mW2Gembc,邮箱黑名单,22
0060,2026-09-09,LKUS_login,feature_XtxCPW1x9QTU,ip C段黑名单,22
0060,2026-09-09,LKUS_login,feature_cOkhRQVI91IV,ip黑名单,22
0060,2026-09-09,LKUS_login,feature_g43LuQcahzCJ,用户编号黑名单,22
0060,2026-09-09,LKUS_login,feature_MHv7nra5Z6T5,reCAPTCHA V3 token是否有效,22
0060,2026-09-09,LKUS_grant_new_user_coupon,feature_oxYJ6qJ3BAfv,用户编号白名单,17
0060,2026-09-09,LKUS_grant_new_user_coupon,feature_vTICzBPfD3Ds,ip C段白名单,17
0060,2026-09-09,LKUS_grant_new_user_coupon,feature_P5eYl9a699fA,ip白名单,17
0060,2026-09-09,LKUS_grant_new_user_coupon,feature_yo8MLsBsGIsV,三方unionId白名单,17
0060,2026-09-09,LKUS_grant_new_user_coupon,feature_kqtp6XVcXXiQ,手机号白名单,17
0060,2026-09-09,LKUS_grant_new_user_coupon,feature_K0JuGvXPoQsS,网关uid白名单,17
0060,2026-09-09,LKUS_grant_new_user_coupon,feature_5caBWmAHDcCQ,邮箱白名单,17
0060,2026-09-09,LKUS_grant_new_user_coupon,feature_3CSh3LRVobu7,手机号黑名单,17
0060,2026-09-09,LKUS_grant_new_user_coupon,feature_jkeS0N10RDAn,网关uid黑名单,17
0060,2026-09-09,LKUS_grant_new_user_coupon,feature_7qCVo92BIECU,三方unionId黑名单,17
0060,2026-09-09,LKUS_grant_new_user_coupon,feature_9tl8mW2Gembc,邮箱黑名单,17
0060,2026-09-09,LKUS_grant_new_user_coupon,feature_g43LuQcahzCJ,用户编号黑名单,17
0060,2026-09-09,LKUS_grant_new_user_coupon,feature_XtxCPW1x9QTU,ip C段黑名单,17
0060,2026-09-09,LKUS_grant_new_user_coupon,feature_cOkhRQVI91IV,ip黑名单,17
0060,2026-09-09,LKUS_physical_order_create,feature_vTICzBPfD3Ds,ip C段白名单,93
0060,2026-09-09,LKUS_physical_order_create,feature_P5eYl9a699fA,ip白名单,93
0060,2026-09-09,LKUS_physical_order_create,feature_oxYJ6qJ3BAfv,用户编号白名单,93
0060,2026-09-09,LKUS_physical_order_create,feature_yo8MLsBsGIsV,三方unionId白名单,93
0060,2026-09-09,LKUS_physical_order_create,feature_kqtp6XVcXXiQ,手机号白名单,93
0060,2026-09-09,LKUS_physical_order_create,feature_5caBWmAHDcCQ,邮箱白名单,93
0060,2026-09-09,LKUS_physical_order_create,feature_K0JuGvXPoQsS,网关uid白名单,93
0060,2026-09-09,LKUS_payment,feature_vTICzBPfD3Ds,ip C段白名单,96
0060,2026-09-09,LKUS_payment,feature_P5eYl9a699fA,ip白名单,96
0060,2026-09-09,LKUS_payment,feature_oxYJ6qJ3BAfv,用户编号白名单,96
0060,2026-09-09,LKUS_payment,feature_yo8MLsBsGIsV,三方unionId白名单,96
0060,2026-09-09,LKUS_payment,feature_kqtp6XVcXXiQ,手机号白名单,96
0060,2026-09-09,LKUS_payment,feature_5caBWmAHDcCQ,邮箱白名单,96
0060,2026-09-09,LKUS_payment,feature_K0JuGvXPoQsS,网关uid白名单,96
0060,2026-09-09,LKUS_physical_order_create,feature_3CSh3LRVobu7,手机号黑名单,80
0060,2026-09-09,LKUS_physical_order_create,feature_jkeS0N10RDAn,网关uid黑名单,80
0060,2026-09-09,LKUS_physical_order_create,feature_7qCVo92BIECU,三方unionId黑名单,80
0060,2026-09-09,LKUS_physical_order_create,feature_9tl8mW2Gembc,邮箱黑名单,80
0060,2026-09-09,LKUS_physical_order_create,feature_XtxCPW1x9QTU,ip C段黑名单,80
0060,2026-09-09,LKUS_physical_order_create,feature_cOkhRQVI91IV,ip黑名单,80
0060,2026-09-09,LKUS_physical_order_create,feature_g43LuQcahzCJ,用户编号黑名单,80
0060,2026-09-09,LKUS_physical_order_create,feature_MHv7nra5Z6T5,reCAPTCHA V3 token是否有效,80
0060,2026-09-09,LKUS_payment,feature_3CSh3LRVobu7,手机号黑名单,83
0060,2026-09-09,LKUS_payment,feature_jkeS0N10RDAn,网关uid黑名单,83
0060,2026-09-09,LKUS_payment,feature_7qCVo92BIECU,三方unionId黑名单,83
0060,2026-09-09,LKUS_payment,feature_9tl8mW2Gembc,邮箱黑名单,83
0060,2026-09-09,LKUS_payment,feature_g43LuQcahzCJ,用户编号黑名单,83
0060,2026-09-09,LKUS_payment,feature_XtxCPW1x9QTU,ip C段黑名单,83
0060,2026-09-09,LKUS_payment,feature_cOkhRQVI91IV,ip黑名单,83
0060,2026-09-09,LKUS_payment,feature_MHv7nra5Z6T5,reCAPTCHA V3 token是否有效,83
0060,2026-09-09,LKUS_physical_order_cancel,feature_vTICzBPfD3Ds,ip C段白名单,3
0060,2026-09-09,LKUS_physical_order_cancel,feature_P5eYl9a699fA,ip白名单,3
0060,2026-09-09,LKUS_physical_order_cancel,feature_oxYJ6qJ3BAfv,用户编号白名单,3
0060,2026-09-09,LKUS_physical_order_cancel,feature_yo8MLsBsGIsV,三方unionId白名单,3
0060,2026-09-09,LKUS_physical_order_cancel,feature_kqtp6XVcXXiQ,手机号白名单,3
0060,2026-09-09,LKUS_physical_order_cancel,feature_5caBWmAHDcCQ,邮箱白名单,3
0060,2026-09-09,LKUS_physical_order_cancel,feature_K0JuGvXPoQsS,网关uid白名单,3
0060,2026-09-09,LKUS_physical_order_cancel,feature_3CSh3LRVobu7,手机号黑名单,3
0060,2026-09-09,LKUS_physical_order_cancel,feature_jkeS0N10RDAn,网关uid黑名单,3
0060,2026-09-09,LKUS_physical_order_cancel,feature_7qCVo92BIECU,三方unionId黑名单,3
0060,2026-09-09,LKUS_physical_order_cancel,feature_9tl8mW2Gembc,邮箱黑名单,3
0060,2026-09-09,LKUS_physical_order_cancel,feature_XtxCPW1x9QTU,ip C段黑名单,3
0060,2026-09-09,LKUS_physical_order_cancel,feature_cOkhRQVI91IV,ip黑名单,3
0060,2026-09-09,LKUS_physical_order_cancel,feature_g43LuQcahzCJ,用户编号黑名单,3
0060,2026-09-10,LKUS_push,feature_Fik6gvwY1tA6,手机号近1天的访问次数,94
0060,2026-09-10,LKUS_push,feature_oxYJ6qJ3BAfv,用户编号白名单,94
0060,2026-09-10,LKUS_push,feature_vTICzBPfD3Ds,ip C段白名单,94
0060,2026-09-10,LKUS_push,feature_P5eYl9a699fA,ip白名单,94
0060,2026-09-10,LKUS_push,feature_yo8MLsBsGIsV,三方unionId白名单,94
0060,2026-09-10,LKUS_push,feature_kqtp6XVcXXiQ,手机号白名单,94
0060,2026-09-10,LKUS_push,feature_K0JuGvXPoQsS,网关uid白名单,94
0060,2026-09-10,LKUS_push,feature_5caBWmAHDcCQ,邮箱白名单,94
0060,2026-09-10,LKUS_push,feature_3CSh3LRVobu7,手机号黑名单,93
0060,2026-09-10,LKUS_push,feature_jkeS0N10RDAn,网关uid黑名单,93
0060,2026-09-10,LKUS_push,feature_7qCVo92BIECU,三方unionId黑名单,93
0060,2026-09-10,LKUS_push,feature_9tl8mW2Gembc,邮箱黑名单,93
0060,2026-09-10,LKUS_push,feature_g43LuQcahzCJ,用户编号黑名单,93
0060,2026-09-10,LKUS_push,feature_XtxCPW1x9QTU,ip C段黑名单,93
0060,2026-09-10,LKUS_push,feature_cOkhRQVI91IV,ip黑名单,93
0060,2026-09-10,LKUS_push,feature_Wg4dZ6VJBuTb,IP近1分钟关联的手机号个数,93
0060,2026-09-10,LKUS_push,feature_MHv7nra5Z6T5,reCAPTCHA V3 token是否有效,93
0060,2026-09-10,LKUS_push,feature_SdA1CjZvNCMG,区号近1分钟的访问次数,93
0060,2026-09-10,LKUS_push,feature_53Ck9TgChpTW,IP近5分钟关联的手机号个数,93
0060,2026-09-10,LKUS_push,feature_TGPe0mjAPwR5,IP近60分钟关联的国家区号个数,93
0060,2026-09-10,LKUS_push,feature_YkpmaKaJhcdG,区号近1天内的访问次数,93
0060,2026-09-10,LKUS_push,feature_7DbBgowc2mEl,IP近1分钟的访问次数,93
0060,2026-09-10,LKUS_push,feature_IPwzfPamC8eW,同手机号30分钟关联的IP city个数,93
0060,2026-09-10,LKUS_push,feature_n91JeGM6gD6i,同区号近60分钟非美国IP访问次数,93
0060,2026-09-10,LKUS_push,feature_Ym70ZsfxQKSc,一分钟请求量,93
0060,2026-09-10,LKUS_push,feature_6qwgYPGGuJZ4,IPC段近10分钟关联的手机号个数,93
0060,2026-09-10,LKUS_push,feature_JaT2oyzVtD0q,手机号近1分钟的访问次数,93
0060,2026-09-10,LKUS_push,feature_dqBHKec09Wwa,同区号近60分钟未携带recaptchaV3token 访问次数,93
0060,2026-09-10,LKUS_push,feature_KtSZtJ9w7f9r,IPC段近1分钟关联的手机号个数,93
0060,2026-09-10,LKUS_push,feature_UOJYBEifd5Jn,区号近60分钟的访问次数,93
0060,2026-09-10,LKUS_push,feature_pf88qk27w76j,区号近5分钟的访问次数,93
0060,2026-09-10,LKUS_push,feature_hspErCH8fSCE,手机号近30分钟的访问次数,93
0060,2026-09-10,LKUS_push,feature_nnsdzZLQKPZ7,IP近10分钟关联的手机号个数,93
0060,2026-09-10,LKUS_push,feature_r1bhlQnbfRHb,IP近60分钟关联的手机号个数,93
0060,2026-09-10,LKUS_push,feature_lydpDiga6SB9,手机号近5分钟的访问次数,93
0060,2026-09-10,LKUS_push,feature_WxHUxqIN0IuS,同IP近5分钟的访问次数,93
0060,2026-09-10,LKUS_physical_order_create,feature_vTICzBPfD3Ds,ip C段白名单,124
0060,2026-09-10,LKUS_physical_order_create,feature_P5eYl9a699fA,ip白名单,124
0060,2026-09-10,LKUS_physical_order_create,feature_oxYJ6qJ3BAfv,用户编号白名单,124
0060,2026-09-10,LKUS_physical_order_create,feature_yo8MLsBsGIsV,三方unionId白名单,124
0060,2026-09-10,LKUS_physical_order_create,feature_kqtp6XVcXXiQ,手机号白名单,124
0060,2026-09-10,LKUS_physical_order_create,feature_5caBWmAHDcCQ,邮箱白名单,124
0060,2026-09-10,LKUS_physical_order_create,feature_K0JuGvXPoQsS,网关uid白名单,124
0060,2026-09-10,LKUS_physical_order_create,feature_3CSh3LRVobu7,手机号黑名单,108
0060,2026-09-10,LKUS_physical_order_create,feature_jkeS0N10RDAn,网关uid黑名单,108
0060,2026-09-10,LKUS_physical_order_create,feature_7qCVo92BIECU,三方unionId黑名单,108
0060,2026-09-10,LKUS_physical_order_create,feature_9tl8mW2Gembc,邮箱黑名单,108
0060,2026-09-10,LKUS_physical_order_create,feature_XtxCPW1x9QTU,ip C段黑名单,108
0060,2026-09-10,LKUS_physical_order_create,feature_cOkhRQVI91IV,ip黑名单,108
0060,2026-09-10,LKUS_physical_order_create,feature_g43LuQcahzCJ,用户编号黑名单,108
0060,2026-09-10,LKUS_physical_order_create,feature_MHv7nra5Z6T5,reCAPTCHA V3 token是否有效,108
0060,2026-09-10,LKUS_payment,feature_oxYJ6qJ3BAfv,用户编号白名单,124
0060,2026-09-10,LKUS_payment,feature_vTICzBPfD3Ds,ip C段白名单,124
0060,2026-09-10,LKUS_payment,feature_P5eYl9a699fA,ip白名单,124
0060,2026-09-10,LKUS_payment,feature_yo8MLsBsGIsV,三方unionId白名单,124
0060,2026-09-10,LKUS_payment,feature_kqtp6XVcXXiQ,手机号白名单,124
0060,2026-09-10,LKUS_payment,feature_K0JuGvXPoQsS,网关uid白名单,124
0060,2026-09-10,LKUS_payment,feature_5caBWmAHDcCQ,邮箱白名单,124
0060,2026-09-10,LKUS_payment,feature_3CSh3LRVobu7,手机号黑名单,108
0060,2026-09-10,LKUS_payment,feature_jkeS0N10RDAn,网关uid黑名单,108
0060,2026-09-10,LKUS_payment,feature_7qCVo92BIECU,三方unionId黑名单,108
0060,2026-09-10,LKUS_payment,feature_9tl8mW2Gembc,邮箱黑名单,108
0060,2026-09-10,LKUS_payment,feature_g43LuQcahzCJ,用户编号黑名单,108
0060,2026-09-10,LKUS_payment,feature_XtxCPW1x9QTU,ip C段黑名单,108
0060,2026-09-10,LKUS_payment,feature_cOkhRQVI91IV,ip黑名单,108
0060,2026-09-10,LKUS_payment,feature_MHv7nra5Z6T5,reCAPTCHA V3 token是否有效,108
0060,2026-09-10,LKUS_login,feature_oxYJ6qJ3BAfv,用户编号白名单,23
0060,2026-09-10,LKUS_login,feature_vTICzBPfD3Ds,ip C段白名单,23
0060,2026-09-10,LKUS_login,feature_P5eYl9a699fA,ip白名单,23
0060,2026-09-10,LKUS_login,feature_yo8MLsBsGIsV,三方unionId白名单,23
0060,2026-09-10,LKUS_login,feature_kqtp6XVcXXiQ,手机号白名单,23
0060,2026-09-10,LKUS_login,feature_K0JuGvXPoQsS,网关uid白名单,23
0060,2026-09-10,LKUS_login,feature_5caBWmAHDcCQ,邮箱白名单,23
0060,2026-09-10,LKUS_login,feature_3CSh3LRVobu7,手机号黑名单,21
0060,2026-09-10,LKUS_login,feature_jkeS0N10RDAn,网关uid黑名单,21
0060,2026-09-10,LKUS_login,feature_7qCVo92BIECU,三方unionId黑名单,21
0060,2026-09-10,LKUS_login,feature_9tl8mW2Gembc,邮箱黑名单,21
0060,2026-09-10,LKUS_login,feature_g43LuQcahzCJ,用户编号黑名单,21
0060,2026-09-10,LKUS_login,feature_XtxCPW1x9QTU,ip C段黑名单,21
0060,2026-09-10,LKUS_login,feature_cOkhRQVI91IV,ip黑名单,21
0060,2026-09-10,LKUS_login,feature_MHv7nra5Z6T5,reCAPTCHA V3 token是否有效,21
0060,2026-09-10,LKUS_grant_new_user_coupon,feature_vTICzBPfD3Ds,ip C段白名单,18
0060,2026-09-10,LKUS_grant_new_user_coupon,feature_P5eYl9a699fA,ip白名单,18
0060,2026-09-10,LKUS_grant_new_user_coupon,feature_oxYJ6qJ3BAfv,用户编号白名单,18
0060,2026-09-10,LKUS_grant_new_user_coupon,feature_yo8MLsBsGIsV,三方unionId白名单,18
0060,2026-09-10,LKUS_grant_new_user_coupon,feature_kqtp6XVcXXiQ,手机号白名单,18
0060,2026-09-10,LKUS_grant_new_user_coupon,feature_5caBWmAHDcCQ,邮箱白名单,18
0060,2026-09-10,LKUS_grant_new_user_coupon,feature_K0JuGvXPoQsS,网关uid白名单,18
0060,2026-09-10,LKUS_grant_new_user_coupon,feature_3CSh3LRVobu7,手机号黑名单,18
0060,2026-09-10,LKUS_grant_new_user_coupon,feature_jkeS0N10RDAn,网关uid黑名单,18
0060,2026-09-10,LKUS_grant_new_user_coupon,feature_7qCVo92BIECU,三方unionId黑名单,18
0060,2026-09-10,LKUS_grant_new_user_coupon,feature_9tl8mW2Gembc,邮箱黑名单,18
0060,2026-09-10,LKUS_grant_new_user_coupon,feature_XtxCPW1x9QTU,ip C段黑名单,18
0060,2026-09-10,LKUS_grant_new_user_coupon,feature_cOkhRQVI91IV,ip黑名单,18
0060,2026-09-10,LKUS_grant_new_user_coupon,feature_g43LuQcahzCJ,用户编号黑名单,18
0060,2026-09-10,LKUS_register,feature_vTICzBPfD3Ds,ip C段白名单,13
0060,2026-09-10,LKUS_register,feature_P5eYl9a699fA,ip白名单,13
0060,2026-09-10,LKUS_register,feature_oxYJ6qJ3BAfv,用户编号白名单,13
0060,2026-09-10,LKUS_register,feature_yo8MLsBsGIsV,三方unionId白名单,13
0060,2026-09-10,LKUS_register,feature_kqtp6XVcXXiQ,手机号白名单,13
0060,2026-09-10,LKUS_register,feature_5caBWmAHDcCQ,邮箱白名单,13
0060,2026-09-10,LKUS_register,feature_K0JuGvXPoQsS,网关uid白名单,13
0060,2026-09-10,LKUS_register,feature_3CSh3LRVobu7,手机号黑名单,12
0060,2026-09-10,LKUS_register,feature_jkeS0N10RDAn,网关uid黑名单,12
0060,2026-09-10,LKUS_register,feature_7qCVo92BIECU,三方unionId黑名单,12
0060,2026-09-10,LKUS_register,feature_9tl8mW2Gembc,邮箱黑名单,12
0060,2026-09-10,LKUS_register,feature_XtxCPW1x9QTU,ip C段黑名单,12
0060,2026-09-10,LKUS_register,feature_cOkhRQVI91IV,ip黑名单,12
0060,2026-09-10,LKUS_register,feature_g43LuQcahzCJ,用户编号黑名单,12
0060,2026-09-10,LKUS_physical_order_cancel,feature_vTICzBPfD3Ds,ip C段白名单,3
0060,2026-09-10,LKUS_physical_order_cancel,feature_P5eYl9a699fA,ip白名单,3
0060,2026-09-10,LKUS_physical_order_cancel,feature_oxYJ6qJ3BAfv,用户编号白名单,3
0060,2026-09-10,LKUS_physical_order_cancel,feature_yo8MLsBsGIsV,三方unionId白名单,3
0060,2026-09-10,LKUS_physical_order_cancel,feature_kqtp6XVcXXiQ,手机号白名单,3
0060,2026-09-10,LKUS_physical_order_cancel,feature_5caBWmAHDcCQ,邮箱白名单,3
0060,2026-09-10,LKUS_physical_order_cancel,feature_K0JuGvXPoQsS,网关uid白名单,3
0060,2026-09-10,LKUS_physical_order_cancel,feature_3CSh3LRVobu7,手机号黑名单,3
0060,2026-09-10,LKUS_physical_order_cancel,feature_jkeS0N10RDAn,网关uid黑名单,3
0060,2026-09-10,LKUS_physical_order_cancel,feature_7qCVo92BIECU,三方unionId黑名单,3
0060,2026-09-10,LKUS_physical_order_cancel,feature_9tl8mW2Gembc,邮箱黑名单,3
0060,2026-09-10,LKUS_physical_order_cancel,feature_XtxCPW1x9QTU,ip C段黑名单,3
0060,2026-09-10,LKUS_physical_order_cancel,feature_cOkhRQVI91IV,ip黑名单,3
0060,2026-09-10,LKUS_physical_order_cancel,feature_g43LuQcahzCJ,用户编号黑名单,3
0060,2026-09-11,LKUS_push,feature_Fik6gvwY1tA6,手机号近1天的访问次数,87
0060,2026-09-11,LKUS_push,feature_oxYJ6qJ3BAfv,用户编号白名单,87
0060,2026-09-11,LKUS_push,feature_vTICzBPfD3Ds,ip C段白名单,87
0060,2026-09-11,LKUS_push,feature_P5eYl9a699fA,ip白名单,87
0060,2026-09-11,LKUS_push,feature_yo8MLsBsGIsV,三方unionId白名单,87
0060,2026-09-11,LKUS_push,feature_kqtp6XVcXXiQ,手机号白名单,87
0060,2026-09-11,LKUS_push,feature_K0JuGvXPoQsS,网关uid白名单,87
0060,2026-09-11,LKUS_push,feature_5caBWmAHDcCQ,邮箱白名单,87
0060,2026-09-11,LKUS_push,feature_3CSh3LRVobu7,手机号黑名单,87
0060,2026-09-11,LKUS_push,feature_jkeS0N10RDAn,网关uid黑名单,87
0060,2026-09-11,LKUS_push,feature_7qCVo92BIECU,三方unionId黑名单,87
0060,2026-09-11,LKUS_push,feature_9tl8mW2Gembc,邮箱黑名单,87
0060,2026-09-11,LKUS_push,feature_g43LuQcahzCJ,用户编号黑名单,87
0060,2026-09-11,LKUS_push,feature_XtxCPW1x9QTU,ip C段黑名单,87
0060,2026-09-11,LKUS_push,feature_cOkhRQVI91IV,ip黑名单,87
0060,2026-09-11,LKUS_push,feature_Wg4dZ6VJBuTb,IP近1分钟关联的手机号个数,87
0060,2026-09-11,LKUS_push,feature_MHv7nra5Z6T5,reCAPTCHA V3 token是否有效,87
0060,2026-09-11,LKUS_push,feature_SdA1CjZvNCMG,区号近1分钟的访问次数,87
0060,2026-09-11,LKUS_push,feature_53Ck9TgChpTW,IP近5分钟关联的手机号个数,87
0060,2026-09-11,LKUS_push,feature_TGPe0mjAPwR5,IP近60分钟关联的国家区号个数,87
0060,2026-09-11,LKUS_push,feature_YkpmaKaJhcdG,区号近1天内的访问次数,87
0060,2026-09-11,LKUS_push,feature_7DbBgowc2mEl,IP近1分钟的访问次数,87
0060,2026-09-11,LKUS_push,feature_IPwzfPamC8eW,同手机号30分钟关联的IP city个数,87
0060,2026-09-11,LKUS_push,feature_n91JeGM6gD6i,同区号近60分钟非美国IP访问次数,87
0060,2026-09-11,LKUS_push,feature_Ym70ZsfxQKSc,一分钟请求量,87
0060,2026-09-11,LKUS_push,feature_6qwgYPGGuJZ4,IPC段近10分钟关联的手机号个数,87
0060,2026-09-11,LKUS_push,feature_JaT2oyzVtD0q,手机号近1分钟的访问次数,87
0060,2026-09-11,LKUS_push,feature_dqBHKec09Wwa,同区号近60分钟未携带recaptchaV3token 访问次数,87
0060,2026-09-11,LKUS_push,feature_KtSZtJ9w7f9r,IPC段近1分钟关联的手机号个数,87
0060,2026-09-11,LKUS_push,feature_UOJYBEifd5Jn,区号近60分钟的访问次数,87
0060,2026-09-11,LKUS_push,feature_pf88qk27w76j,区号近5分钟的访问次数,87
0060,2026-09-11,LKUS_push,feature_hspErCH8fSCE,手机号近30分钟的访问次数,87
0060,2026-09-11,LKUS_push,feature_nnsdzZLQKPZ7,IP近10分钟关联的手机号个数,87
0060,2026-09-11,LKUS_push,feature_r1bhlQnbfRHb,IP近60分钟关联的手机号个数,87
0060,2026-09-11,LKUS_push,feature_lydpDiga6SB9,手机号近5分钟的访问次数,87
0060,2026-09-11,LKUS_push,feature_WxHUxqIN0IuS,同IP近5分钟的访问次数,87
0060,2026-09-11,LKUS_register,feature_oxYJ6qJ3BAfv,用户编号白名单,13
0060,2026-09-11,LKUS_register,feature_vTICzBPfD3Ds,ip C段白名单,13
0060,2026-09-11,LKUS_register,feature_P5eYl9a699fA,ip白名单,13
0060,2026-09-11,LKUS_register,feature_yo8MLsBsGIsV,三方unionId白名单,13
0060,2026-09-11,LKUS_register,feature_kqtp6XVcXXiQ,手机号白名单,13
0060,2026-09-11,LKUS_register,feature_K0JuGvXPoQsS,网关uid白名单,13
0060,2026-09-11,LKUS_register,feature_5caBWmAHDcCQ,邮箱白名单,13
0060,2026-09-11,LKUS_register,feature_3CSh3LRVobu7,手机号黑名单,13
0060,2026-09-11,LKUS_register,feature_jkeS0N10RDAn,网关uid黑名单,13
0060,2026-09-11,LKUS_register,feature_7qCVo92BIECU,三方unionId黑名单,13
0060,2026-09-11,LKUS_register,feature_9tl8mW2Gembc,邮箱黑名单,13
0060,2026-09-11,LKUS_register,feature_g43LuQcahzCJ,用户编号黑名单,13
0060,2026-09-11,LKUS_register,feature_XtxCPW1x9QTU,ip C段黑名单,13
0060,2026-09-11,LKUS_register,feature_cOkhRQVI91IV,ip黑名单,13
0060,2026-09-11,LKUS_physical_order_create,feature_oxYJ6qJ3BAfv,用户编号白名单,97
0060,2026-09-11,LKUS_physical_order_create,feature_vTICzBPfD3Ds,ip C段白名单,97
0060,2026-09-11,LKUS_physical_order_create,feature_P5eYl9a699fA,ip白名单,97
0060,2026-09-11,LKUS_physical_order_create,feature_yo8MLsBsGIsV,三方unionId白名单,97
0060,2026-09-11,LKUS_physical_order_create,feature_kqtp6XVcXXiQ,手机号白名单,97
0060,2026-09-11,LKUS_physical_order_create,feature_K0JuGvXPoQsS,网关uid白名单,97
0060,2026-09-11,LKUS_physical_order_create,feature_5caBWmAHDcCQ,邮箱白名单,97
0060,2026-09-11,LKUS_physical_order_create,feature_3CSh3LRVobu7,手机号黑名单,80
0060,2026-09-11,LKUS_physical_order_create,feature_jkeS0N10RDAn,网关uid黑名单,80
0060,2026-09-11,LKUS_physical_order_create,feature_7qCVo92BIECU,三方unionId黑名单,80
0060,2026-09-11,LKUS_physical_order_create,feature_9tl8mW2Gembc,邮箱黑名单,80
0060,2026-09-11,LKUS_physical_order_create,feature_g43LuQcahzCJ,用户编号黑名单,80
0060,2026-09-11,LKUS_physical_order_create,feature_XtxCPW1x9QTU,ip C段黑名单,80
0060,2026-09-11,LKUS_physical_order_create,feature_cOkhRQVI91IV,ip黑名单,80
0060,2026-09-11,LKUS_physical_order_create,feature_MHv7nra5Z6T5,reCAPTCHA V3 token是否有效,80
0060,2026-09-11,LKUS_payment,feature_oxYJ6qJ3BAfv,用户编号白名单,97
0060,2026-09-11,LKUS_payment,feature_vTICzBPfD3Ds,ip C段白名单,97
0060,2026-09-11,LKUS_payment,feature_P5eYl9a699fA,ip白名单,97
0060,2026-09-11,LKUS_payment,feature_yo8MLsBsGIsV,三方unionId白名单,97
0060,2026-09-11,LKUS_payment,feature_kqtp6XVcXXiQ,手机号白名单,97
0060,2026-09-11,LKUS_payment,feature_K0JuGvXPoQsS,网关uid白名单,97
0060,2026-09-11,LKUS_payment,feature_5caBWmAHDcCQ,邮箱白名单,97
0060,2026-09-11,LKUS_payment,feature_3CSh3LRVobu7,手机号黑名单,80
0060,2026-09-11,LKUS_payment,feature_jkeS0N10RDAn,网关uid黑名单,80
0060,2026-09-11,LKUS_payment,feature_7qCVo92BIECU,三方unionId黑名单,80
0060,2026-09-11,LKUS_payment,feature_9tl8mW2Gembc,邮箱黑名单,80
0060,2026-09-11,LKUS_payment,feature_g43LuQcahzCJ,用户编号黑名单,80
0060,2026-09-11,LKUS_payment,feature_XtxCPW1x9QTU,ip C段黑名单,80
0060,2026-09-11,LKUS_payment,feature_cOkhRQVI91IV,ip黑名单,80
0060,2026-09-11,LKUS_payment,feature_MHv7nra5Z6T5,reCAPTCHA V3 token是否有效,80
0060,2026-09-11,LKUS_login,feature_oxYJ6qJ3BAfv,用户编号白名单,17
0060,2026-09-11,LKUS_login,feature_vTICzBPfD3Ds,ip C段白名单,17
0060,2026-09-11,LKUS_login,feature_P5eYl9a699fA,ip白名单,17
0060,2026-09-11,LKUS_login,feature_yo8MLsBsGIsV,三方unionId白名单,17
0060,2026-09-11,LKUS_login,feature_kqtp6XVcXXiQ,手机号白名单,17
0060,2026-09-11,LKUS_login,feature_K0JuGvXPoQsS,网关uid白名单,17
0060,2026-09-11,LKUS_login,feature_5caBWmAHDcCQ,邮箱白名单,17
0060,2026-09-11,LKUS_login,feature_3CSh3LRVobu7,手机号黑名单,16
0060,2026-09-11,LKUS_login,feature_jkeS0N10RDAn,网关uid黑名单,16
0060,2026-09-11,LKUS_login,feature_7qCVo92BIECU,三方unionId黑名单,16
0060,2026-09-11,LKUS_login,feature_9tl8mW2Gembc,邮箱黑名单,16
0060,2026-09-11,LKUS_login,feature_g43LuQcahzCJ,用户编号黑名单,16
0060,2026-09-11,LKUS_login,feature_XtxCPW1x9QTU,ip C段黑名单,16
0060,2026-09-11,LKUS_login,feature_cOkhRQVI91IV,ip黑名单,16
0060,2026-09-11,LKUS_login,feature_MHv7nra5Z6T5,reCAPTCHA V3 token是否有效,16
0060,2026-09-11,LKUS_grant_new_user_coupon,feature_oxYJ6qJ3BAfv,用户编号白名单,8
0060,2026-09-11,LKUS_grant_new_user_coupon,feature_vTICzBPfD3Ds,ip C段白名单,8
0060,2026-09-11,LKUS_grant_new_user_coupon,feature_P5eYl9a699fA,ip白名单,8
0060,2026-09-11,LKUS_grant_new_user_coupon,feature_yo8MLsBsGIsV,三方unionId白名单,8
0060,2026-09-11,LKUS_grant_new_user_coupon,feature_kqtp6XVcXXiQ,手机号白名单,8
0060,2026-09-11,LKUS_grant_new_user_coupon,feature_K0JuGvXPoQsS,网关uid白名单,8
0060,2026-09-11,LKUS_grant_new_user_coupon,feature_5caBWmAHDcCQ,邮箱白名单,8
0060,2026-09-11,LKUS_grant_new_user_coupon,feature_3CSh3LRVobu7,手机号黑名单,8
0060,2026-09-11,LKUS_grant_new_user_coupon,feature_jkeS0N10RDAn,网关uid黑名单,8
0060,2026-09-11,LKUS_grant_new_user_coupon,feature_7qCVo92BIECU,三方unionId黑名单,8
0060,2026-09-11,LKUS_grant_new_user_coupon,feature_9tl8mW2Gembc,邮箱黑名单,8
0060,2026-09-11,LKUS_grant_new_user_coupon,feature_g43LuQcahzCJ,用户编号黑名单,8
0060,2026-09-11,LKUS_grant_new_user_coupon,feature_XtxCPW1x9QTU,ip C段黑名单,8
0060,2026-09-11,LKUS_grant_new_user_coupon,feature_cOkhRQVI91IV,ip黑名单,8
0060,2026-09-11,LKUS_physical_order_cancel,feature_vTICzBPfD3Ds,ip C段白名单,2
0060,2026-09-11,LKUS_physical_order_cancel,feature_P5eYl9a699fA,ip白名单,2
0060,2026-09-11,LKUS_physical_order_cancel,feature_oxYJ6qJ3BAfv,用户编号白名单,2
0060,2026-09-11,LKUS_physical_order_cancel,feature_yo8MLsBsGIsV,三方unionId白名单,2
0060,2026-09-11,LKUS_physical_order_cancel,feature_kqtp6XVcXXiQ,手机号白名单,2
0060,2026-09-11,LKUS_physical_order_cancel,feature_5caBWmAHDcCQ,邮箱白名单,2
0060,2026-09-11,LKUS_physical_order_cancel,feature_K0JuGvXPoQsS,网关uid白名单,2
0060,2026-09-11,LKUS_physical_order_cancel,feature_3CSh3LRVobu7,手机号黑名单,2
0060,2026-09-11,LKUS_physical_order_cancel,feature_jkeS0N10RDAn,网关uid黑名单,2
0060,2026-09-11,LKUS_physical_order_cancel,feature_7qCVo92BIECU,三方unionId黑名单,2
0060,2026-09-11,LKUS_physical_order_cancel,feature_9tl8mW2Gembc,邮箱黑名单,2
0060,2026-09-11,LKUS_physical_order_cancel,feature_XtxCPW1x9QTU,ip C段黑名单,2
0060,2026-09-11,LKUS_physical_order_cancel,feature_cOkhRQVI91IV,ip黑名单,2
0060,2026-09-11,LKUS_physical_order_cancel,feature_g43LuQcahzCJ,用户编号黑名单,2
0060,2026-09-12,LKUS_push,feature_Fik6gvwY1tA6,手机号近1天的访问次数,51
0060,2026-09-12,LKUS_push,feature_oxYJ6qJ3BAfv,用户编号白名单,51
0060,2026-09-12,LKUS_push,feature_vTICzBPfD3Ds,ip C段白名单,51
0060,2026-09-12,LKUS_push,feature_P5eYl9a699fA,ip白名单,51
0060,2026-09-12,LKUS_push,feature_yo8MLsBsGIsV,三方unionId白名单,51
0060,2026-09-12,LKUS_push,feature_kqtp6XVcXXiQ,手机号白名单,51
0060,2026-09-12,LKUS_push,feature_K0JuGvXPoQsS,网关uid白名单,51
0060,2026-09-12,LKUS_push,feature_5caBWmAHDcCQ,邮箱白名单,51
0060,2026-09-12,LKUS_push,feature_3CSh3LRVobu7,手机号黑名单,50
0060,2026-09-12,LKUS_push,feature_jkeS0N10RDAn,网关uid黑名单,50
0060,2026-09-12,LKUS_push,feature_7qCVo92BIECU,三方unionId黑名单,50
0060,2026-09-12,LKUS_push,feature_9tl8mW2Gembc,邮箱黑名单,50
0060,2026-09-12,LKUS_push,feature_g43LuQcahzCJ,用户编号黑名单,50
0060,2026-09-12,LKUS_push,feature_XtxCPW1x9QTU,ip C段黑名单,50
0060,2026-09-12,LKUS_push,feature_cOkhRQVI91IV,ip黑名单,50
0060,2026-09-12,LKUS_push,feature_Wg4dZ6VJBuTb,IP近1分钟关联的手机号个数,50
0060,2026-09-12,LKUS_push,feature_MHv7nra5Z6T5,reCAPTCHA V3 token是否有效,50
0060,2026-09-12,LKUS_push,feature_SdA1CjZvNCMG,区号近1分钟的访问次数,50
0060,2026-09-12,LKUS_push,feature_53Ck9TgChpTW,IP近5分钟关联的手机号个数,50
0060,2026-09-12,LKUS_push,feature_TGPe0mjAPwR5,IP近60分钟关联的国家区号个数,50
0060,2026-09-12,LKUS_push,feature_YkpmaKaJhcdG,区号近1天内的访问次数,50
0060,2026-09-12,LKUS_push,feature_7DbBgowc2mEl,IP近1分钟的访问次数,50
0060,2026-09-12,LKUS_push,feature_IPwzfPamC8eW,同手机号30分钟关联的IP city个数,50
0060,2026-09-12,LKUS_push,feature_n91JeGM6gD6i,同区号近60分钟非美国IP访问次数,50
0060,2026-09-12,LKUS_push,feature_Ym70ZsfxQKSc,一分钟请求量,50
0060,2026-09-12,LKUS_push,feature_6qwgYPGGuJZ4,IPC段近10分钟关联的手机号个数,50
0060,2026-09-12,LKUS_push,feature_JaT2oyzVtD0q,手机号近1分钟的访问次数,50
0060,2026-09-12,LKUS_push,feature_dqBHKec09Wwa,同区号近60分钟未携带recaptchaV3token 访问次数,50
0060,2026-09-12,LKUS_push,feature_KtSZtJ9w7f9r,IPC段近1分钟关联的手机号个数,50
0060,2026-09-12,LKUS_push,feature_UOJYBEifd5Jn,区号近60分钟的访问次数,50
0060,2026-09-12,LKUS_push,feature_pf88qk27w76j,区号近5分钟的访问次数,50
0060,2026-09-12,LKUS_push,feature_hspErCH8fSCE,手机号近30分钟的访问次数,50
0060,2026-09-12,LKUS_push,feature_nnsdzZLQKPZ7,IP近10分钟关联的手机号个数,50
0060,2026-09-12,LKUS_push,feature_r1bhlQnbfRHb,IP近60分钟关联的手机号个数,50
0060,2026-09-12,LKUS_push,feature_lydpDiga6SB9,手机号近5分钟的访问次数,50
0060,2026-09-12,LKUS_push,feature_WxHUxqIN0IuS,同IP近5分钟的访问次数,50
0060,2026-09-12,LKUS_register,feature_vTICzBPfD3Ds,ip C段白名单,5
0060,2026-09-12,LKUS_register,feature_P5eYl9a699fA,ip白名单,5
0060,2026-09-12,LKUS_register,feature_oxYJ6qJ3BAfv,用户编号白名单,5
0060,2026-09-12,LKUS_register,feature_yo8MLsBsGIsV,三方unionId白名单,5
0060,2026-09-12,LKUS_register,feature_kqtp6XVcXXiQ,手机号白名单,5
0060,2026-09-12,LKUS_register,feature_5caBWmAHDcCQ,邮箱白名单,5
0060,2026-09-12,LKUS_register,feature_K0JuGvXPoQsS,网关uid白名单,5
0060,2026-09-12,LKUS_register,feature_3CSh3LRVobu7,手机号黑名单,5
0060,2026-09-12,LKUS_register,feature_jkeS0N10RDAn,网关uid黑名单,5
0060,2026-09-12,LKUS_register,feature_7qCVo92BIECU,三方unionId黑名单,5
0060,2026-09-12,LKUS_register,feature_9tl8mW2Gembc,邮箱黑名单,5
0060,2026-09-12,LKUS_register,feature_XtxCPW1x9QTU,ip C段黑名单,5
0060,2026-09-12,LKUS_register,feature_cOkhRQVI91IV,ip黑名单,5
0060,2026-09-12,LKUS_register,feature_g43LuQcahzCJ,用户编号黑名单,5
0060,2026-09-12,LKUS_physical_order_create,feature_oxYJ6qJ3BAfv,用户编号白名单,85
0060,2026-09-12,LKUS_physical_order_create,feature_vTICzBPfD3Ds,ip C段白名单,85
0060,2026-09-12,LKUS_physical_order_create,feature_P5eYl9a699fA,ip白名单,85
0060,2026-09-12,LKUS_physical_order_create,feature_yo8MLsBsGIsV,三方unionId白名单,85
0060,2026-09-12,LKUS_physical_order_create,feature_kqtp6XVcXXiQ,手机号白名单,85
0060,2026-09-12,LKUS_physical_order_create,feature_K0JuGvXPoQsS,网关uid白名单,85
0060,2026-09-12,LKUS_physical_order_create,feature_5caBWmAHDcCQ,邮箱白名单,85
0060,2026-09-12,LKUS_physical_order_create,feature_3CSh3LRVobu7,手机号黑名单,60
0060,2026-09-12,LKUS_physical_order_create,feature_jkeS0N10RDAn,网关uid黑名单,60
0060,2026-09-12,LKUS_physical_order_create,feature_7qCVo92BIECU,三方unionId黑名单,60
0060,2026-09-12,LKUS_physical_order_create,feature_9tl8mW2Gembc,邮箱黑名单,60
0060,2026-09-12,LKUS_physical_order_create,feature_g43LuQcahzCJ,用户编号黑名单,60
0060,2026-09-12,LKUS_physical_order_create,feature_XtxCPW1x9QTU,ip C段黑名单,60
0060,2026-09-12,LKUS_physical_order_create,feature_cOkhRQVI91IV,ip黑名单,60
0060,2026-09-12,LKUS_physical_order_create,feature_MHv7nra5Z6T5,reCAPTCHA V3 token是否有效,60
0060,2026-09-12,LKUS_payment,feature_vTICzBPfD3Ds,ip C段白名单,88
0060,2026-09-12,LKUS_payment,feature_P5eYl9a699fA,ip白名单,88
0060,2026-09-12,LKUS_payment,feature_oxYJ6qJ3BAfv,用户编号白名单,88
0060,2026-09-12,LKUS_payment,feature_yo8MLsBsGIsV,三方unionId白名单,88
0060,2026-09-12,LKUS_payment,feature_kqtp6XVcXXiQ,手机号白名单,88
0060,2026-09-12,LKUS_payment,feature_5caBWmAHDcCQ,邮箱白名单,88
0060,2026-09-12,LKUS_payment,feature_K0JuGvXPoQsS,网关uid白名单,88
0060,2026-09-12,LKUS_payment,feature_3CSh3LRVobu7,手机号黑名单,59
0060,2026-09-12,LKUS_payment,feature_jkeS0N10RDAn,网关uid黑名单,59
0060,2026-09-12,LKUS_payment,feature_7qCVo92BIECU,三方unionId黑名单,59
0060,2026-09-12,LKUS_payment,feature_9tl8mW2Gembc,邮箱黑名单,59
0060,2026-09-12,LKUS_payment,feature_XtxCPW1x9QTU,ip C段黑名单,59
0060,2026-09-12,LKUS_payment,feature_cOkhRQVI91IV,ip黑名单,59
0060,2026-09-12,LKUS_payment,feature_g43LuQcahzCJ,用户编号黑名单,59
0060,2026-09-12,LKUS_payment,feature_MHv7nra5Z6T5,reCAPTCHA V3 token是否有效,59
0060,2026-09-12,LKUS_login,feature_vTICzBPfD3Ds,ip C段白名单,21
0060,2026-09-12,LKUS_login,feature_P5eYl9a699fA,ip白名单,21
0060,2026-09-12,LKUS_login,feature_oxYJ6qJ3BAfv,用户编号白名单,21
0060,2026-09-12,LKUS_login,feature_yo8MLsBsGIsV,三方unionId白名单,21
0060,2026-09-12,LKUS_login,feature_kqtp6XVcXXiQ,手机号白名单,21
0060,2026-09-12,LKUS_login,feature_5caBWmAHDcCQ,邮箱白名单,21
0060,2026-09-12,LKUS_login,feature_K0JuGvXPoQsS,网关uid白名单,21
0060,2026-09-12,LKUS_login,feature_3CSh3LRVobu7,手机号黑名单,21
0060,2026-09-12,LKUS_login,feature_jkeS0N10RDAn,网关uid黑名单,21
0060,2026-09-12,LKUS_login,feature_7qCVo92BIECU,三方unionId黑名单,21
0060,2026-09-12,LKUS_login,feature_9tl8mW2Gembc,邮箱黑名单,21
0060,2026-09-12,LKUS_login,feature_XtxCPW1x9QTU,ip C段黑名单,21
0060,2026-09-12,LKUS_login,feature_cOkhRQVI91IV,ip黑名单,21
0060,2026-09-12,LKUS_login,feature_g43LuQcahzCJ,用户编号黑名单,21
0060,2026-09-12,LKUS_login,feature_MHv7nra5Z6T5,reCAPTCHA V3 token是否有效,21
0060,2026-09-12,LKUS_grant_new_user_coupon,feature_vTICzBPfD3Ds,ip C段白名单,15
0060,2026-09-12,LKUS_grant_new_user_coupon,feature_P5eYl9a699fA,ip白名单,15
0060,2026-09-12,LKUS_grant_new_user_coupon,feature_oxYJ6qJ3BAfv,用户编号白名单,15
0060,2026-09-12,LKUS_grant_new_user_coupon,feature_yo8MLsBsGIsV,三方unionId白名单,15
0060,2026-09-12,LKUS_grant_new_user_coupon,feature_kqtp6XVcXXiQ,手机号白名单,15
0060,2026-09-12,LKUS_grant_new_user_coupon,feature_5caBWmAHDcCQ,邮箱白名单,15
0060,2026-09-12,LKUS_grant_new_user_coupon,feature_K0JuGvXPoQsS,网关uid白名单,15
0060,2026-09-12,LKUS_grant_new_user_coupon,feature_3CSh3LRVobu7,手机号黑名单,15
0060,2026-09-12,LKUS_grant_new_user_coupon,feature_jkeS0N10RDAn,网关uid黑名单,15
0060,2026-09-12,LKUS_grant_new_user_coupon,feature_7qCVo92BIECU,三方unionId黑名单,15
0060,2026-09-12,LKUS_grant_new_user_coupon,feature_9tl8mW2Gembc,邮箱黑名单,15
0060,2026-09-12,LKUS_grant_new_user_coupon,feature_XtxCPW1x9QTU,ip C段黑名单,15
0060,2026-09-12,LKUS_grant_new_user_coupon,feature_cOkhRQVI91IV,ip黑名单,15
0060,2026-09-12,LKUS_grant_new_user_coupon,feature_g43LuQcahzCJ,用户编号黑名单,15
0060,2026-09-12,LKUS_physical_order_cancel,feature_oxYJ6qJ3BAfv,用户编号白名单,1
0060,2026-09-12,LKUS_physical_order_cancel,feature_vTICzBPfD3Ds,ip C段白名单,1
0060,2026-09-12,LKUS_physical_order_cancel,feature_P5eYl9a699fA,ip白名单,1
0060,2026-09-12,LKUS_physical_order_cancel,feature_yo8MLsBsGIsV,三方unionId白名单,1
0060,2026-09-12,LKUS_physical_order_cancel,feature_kqtp6XVcXXiQ,手机号白名单,1
0060,2026-09-12,LKUS_physical_order_cancel,feature_K0JuGvXPoQsS,网关uid白名单,1
0060,2026-09-12,LKUS_physical_order_cancel,feature_5caBWmAHDcCQ,邮箱白名单,1
0060,2026-09-12,LKUS_physical_order_cancel,feature_3CSh3LRVobu7,手机号黑名单,1
0060,2026-09-12,LKUS_physical_order_cancel,feature_jkeS0N10RDAn,网关uid黑名单,1
0060,2026-09-12,LKUS_physical_order_cancel,feature_7qCVo92BIECU,三方unionId黑名单,1
0060,2026-09-12,LKUS_physical_order_cancel,feature_9tl8mW2Gembc,邮箱黑名单,1
0060,2026-09-12,LKUS_physical_order_cancel,feature_g43LuQcahzCJ,用户编号黑名单,1
0060,2026-09-12,LKUS_physical_order_cancel,feature_XtxCPW1x9QTU,ip C段黑名单,1
0060,2026-09-12,LKUS_physical_order_cancel,feature_cOkhRQVI91IV,ip黑名单,1
0060,2026-09-13,LKUS_push,feature_Fik6gvwY1tA6,手机号近1天的访问次数,81
0060,2026-09-13,LKUS_push,feature_vTICzBPfD3Ds,ip C段白名单,81
0060,2026-09-13,LKUS_push,feature_P5eYl9a699fA,ip白名单,81
0060,2026-09-13,LKUS_push,feature_oxYJ6qJ3BAfv,用户编号白名单,81
0060,2026-09-13,LKUS_push,feature_yo8MLsBsGIsV,三方unionId白名单,81
0060,2026-09-13,LKUS_push,feature_kqtp6XVcXXiQ,手机号白名单,81
0060,2026-09-13,LKUS_push,feature_5caBWmAHDcCQ,邮箱白名单,81
0060,2026-09-13,LKUS_push,feature_K0JuGvXPoQsS,网关uid白名单,81
0060,2026-09-13,LKUS_push,feature_3CSh3LRVobu7,手机号黑名单,73
0060,2026-09-13,LKUS_push,feature_jkeS0N10RDAn,网关uid黑名单,73
0060,2026-09-13,LKUS_push,feature_7qCVo92BIECU,三方unionId黑名单,73
0060,2026-09-13,LKUS_push,feature_9tl8mW2Gembc,邮箱黑名单,73
0060,2026-09-13,LKUS_push,feature_XtxCPW1x9QTU,ip C段黑名单,73
0060,2026-09-13,LKUS_push,feature_cOkhRQVI91IV,ip黑名单,73
0060,2026-09-13,LKUS_push,feature_g43LuQcahzCJ,用户编号黑名单,73
0060,2026-09-13,LKUS_push,feature_hspErCH8fSCE,手机号近30分钟的访问次数,73
0060,2026-09-13,LKUS_push,feature_pf88qk27w76j,区号近5分钟的访问次数,73
0060,2026-09-13,LKUS_push,feature_r1bhlQnbfRHb,IP近60分钟关联的手机号个数,73
0060,2026-09-13,LKUS_push,feature_nnsdzZLQKPZ7,IP近10分钟关联的手机号个数,73
0060,2026-09-13,LKUS_push,feature_MHv7nra5Z6T5,reCAPTCHA V3 token是否有效,73
0060,2026-09-13,LKUS_push,feature_JaT2oyzVtD0q,手机号近1分钟的访问次数,73
0060,2026-09-13,LKUS_push,feature_Ym70ZsfxQKSc,一分钟请求量,73
0060,2026-09-13,LKUS_push,feature_YkpmaKaJhcdG,区号近1天内的访问次数,73
0060,2026-09-13,LKUS_push,feature_Wg4dZ6VJBuTb,IP近1分钟关联的手机号个数,73
0060,2026-09-13,LKUS_push,feature_IPwzfPamC8eW,同手机号30分钟关联的IP city个数,73
0060,2026-09-13,LKUS_push,feature_7DbBgowc2mEl,IP近1分钟的访问次数,73
0060,2026-09-13,LKUS_push,feature_6qwgYPGGuJZ4,IPC段近10分钟关联的手机号个数,73
0060,2026-09-13,LKUS_push,feature_53Ck9TgChpTW,IP近5分钟关联的手机号个数,73
0060,2026-09-13,LKUS_push,feature_SdA1CjZvNCMG,区号近1分钟的访问次数,73
0060,2026-09-13,LKUS_push,feature_dqBHKec09Wwa,同区号近60分钟未携带recaptchaV3token 访问次数,73
0060,2026-09-13,LKUS_push,feature_KtSZtJ9w7f9r,IPC段近1分钟关联的手机号个数,73
0060,2026-09-13,LKUS_push,feature_UOJYBEifd5Jn,区号近60分钟的访问次数,73
0060,2026-09-13,LKUS_push,feature_WxHUxqIN0IuS,同IP近5分钟的访问次数,73
0060,2026-09-13,LKUS_push,feature_lydpDiga6SB9,手机号近5分钟的访问次数,73
0060,2026-09-13,LKUS_push,feature_n91JeGM6gD6i,同区号近60分钟非美国IP访问次数,73
0060,2026-09-13,LKUS_push,feature_TGPe0mjAPwR5,IP近60分钟关联的国家区号个数,73
0060,2026-09-13,LKUS_push,feature_e1Kmz7JqzsWc,同区号近60分钟V3token为空对应手机号个数,62
0060,2026-09-13,LKUS_push,feature_dtoJoDcUgCcr,同区号近60分钟对应手机号个数,62
0060,2026-09-13,LKUS_physical_order_create,feature_oxYJ6qJ3BAfv,用户编号白名单,55
0060,2026-09-13,LKUS_physical_order_create,feature_vTICzBPfD3Ds,ip C段白名单,55
0060,2026-09-13,LKUS_physical_order_create,feature_P5eYl9a699fA,ip白名单,55
0060,2026-09-13,LKUS_physical_order_create,feature_yo8MLsBsGIsV,三方unionId白名单,55
0060,2026-09-13,LKUS_physical_order_create,feature_kqtp6XVcXXiQ,手机号白名单,55
0060,2026-09-13,LKUS_physical_order_create,feature_K0JuGvXPoQsS,网关uid白名单,55
0060,2026-09-13,LKUS_physical_order_create,feature_5caBWmAHDcCQ,邮箱白名单,55
0060,2026-09-13,LKUS_payment,feature_vTICzBPfD3Ds,ip C段白名单,60
0060,2026-09-13,LKUS_payment,feature_P5eYl9a699fA,ip白名单,60
0060,2026-09-13,LKUS_payment,feature_oxYJ6qJ3BAfv,用户编号白名单,60
0060,2026-09-13,LKUS_payment,feature_yo8MLsBsGIsV,三方unionId白名单,60
0060,2026-09-13,LKUS_payment,feature_kqtp6XVcXXiQ,手机号白名单,60
0060,2026-09-13,LKUS_payment,feature_5caBWmAHDcCQ,邮箱白名单,60
0060,2026-09-13,LKUS_payment,feature_K0JuGvXPoQsS,网关uid白名单,60
0060,2026-09-13,LKUS_physical_order_create,feature_3CSh3LRVobu7,手机号黑名单,39
0060,2026-09-13,LKUS_physical_order_create,feature_jkeS0N10RDAn,网关uid黑名单,39
0060,2026-09-13,LKUS_physical_order_create,feature_7qCVo92BIECU,三方unionId黑名单,39
0060,2026-09-13,LKUS_physical_order_create,feature_9tl8mW2Gembc,邮箱黑名单,39
0060,2026-09-13,LKUS_physical_order_create,feature_XtxCPW1x9QTU,ip C段黑名单,39
0060,2026-09-13,LKUS_physical_order_create,feature_cOkhRQVI91IV,ip黑名单,39
0060,2026-09-13,LKUS_physical_order_create,feature_g43LuQcahzCJ,用户编号黑名单,39
0060,2026-09-13,LKUS_physical_order_create,feature_MHv7nra5Z6T5,reCAPTCHA V3 token是否有效,39
0060,2026-09-13,LKUS_payment,feature_3CSh3LRVobu7,手机号黑名单,39
0060,2026-09-13,LKUS_payment,feature_jkeS0N10RDAn,网关uid黑名单,39
0060,2026-09-13,LKUS_payment,feature_7qCVo92BIECU,三方unionId黑名单,39
0060,2026-09-13,LKUS_payment,feature_9tl8mW2Gembc,邮箱黑名单,39
0060,2026-09-13,LKUS_payment,feature_g43LuQcahzCJ,用户编号黑名单,39
0060,2026-09-13,LKUS_payment,feature_XtxCPW1x9QTU,ip C段黑名单,39
0060,2026-09-13,LKUS_payment,feature_cOkhRQVI91IV,ip黑名单,39
0060,2026-09-13,LKUS_payment,feature_MHv7nra5Z6T5,reCAPTCHA V3 token是否有效,39
0060,2026-09-13,LKUS_register,feature_vTICzBPfD3Ds,ip C段白名单,12
0060,2026-09-13,LKUS_register,feature_P5eYl9a699fA,ip白名单,12
0060,2026-09-13,LKUS_register,feature_oxYJ6qJ3BAfv,用户编号白名单,12
0060,2026-09-13,LKUS_register,feature_yo8MLsBsGIsV,三方unionId白名单,12
0060,2026-09-13,LKUS_register,feature_kqtp6XVcXXiQ,手机号白名单,12
0060,2026-09-13,LKUS_register,feature_5caBWmAHDcCQ,邮箱白名单,12
0060,2026-09-13,LKUS_register,feature_K0JuGvXPoQsS,网关uid白名单,12
0060,2026-09-13,LKUS_register,feature_3CSh3LRVobu7,手机号黑名单,12
0060,2026-09-13,LKUS_register,feature_jkeS0N10RDAn,网关uid黑名单,12
0060,2026-09-13,LKUS_register,feature_7qCVo92BIECU,三方unionId黑名单,12
0060,2026-09-13,LKUS_register,feature_9tl8mW2Gembc,邮箱黑名单,12
0060,2026-09-13,LKUS_register,feature_XtxCPW1x9QTU,ip C段黑名单,12
0060,2026-09-13,LKUS_register,feature_cOkhRQVI91IV,ip黑名单,12
0060,2026-09-13,LKUS_register,feature_g43LuQcahzCJ,用户编号黑名单,12
0060,2026-09-13,LKUS_login,feature_vTICzBPfD3Ds,ip C段白名单,11
0060,2026-09-13,LKUS_login,feature_P5eYl9a699fA,ip白名单,11
0060,2026-09-13,LKUS_login,feature_oxYJ6qJ3BAfv,用户编号白名单,11
0060,2026-09-13,LKUS_login,feature_yo8MLsBsGIsV,三方unionId白名单,11
0060,2026-09-13,LKUS_login,feature_kqtp6XVcXXiQ,手机号白名单,11
0060,2026-09-13,LKUS_login,feature_5caBWmAHDcCQ,邮箱白名单,11
0060,2026-09-13,LKUS_login,feature_K0JuGvXPoQsS,网关uid白名单,11
0060,2026-09-13,LKUS_login,feature_3CSh3LRVobu7,手机号黑名单,10
0060,2026-09-13,LKUS_login,feature_jkeS0N10RDAn,网关uid黑名单,10
0060,2026-09-13,LKUS_login,feature_7qCVo92BIECU,三方unionId黑名单,10
0060,2026-09-13,LKUS_login,feature_9tl8mW2Gembc,邮箱黑名单,10
0060,2026-09-13,LKUS_login,feature_XtxCPW1x9QTU,ip C段黑名单,10
0060,2026-09-13,LKUS_login,feature_cOkhRQVI91IV,ip黑名单,10
0060,2026-09-13,LKUS_login,feature_g43LuQcahzCJ,用户编号黑名单,10
0060,2026-09-13,LKUS_login,feature_MHv7nra5Z6T5,reCAPTCHA V3 token是否有效,10
0060,2026-09-13,LKUS_grant_new_user_coupon,feature_vTICzBPfD3Ds,ip C段白名单,7
0060,2026-09-13,LKUS_grant_new_user_coupon,feature_P5eYl9a699fA,ip白名单,7
0060,2026-09-13,LKUS_grant_new_user_coupon,feature_oxYJ6qJ3BAfv,用户编号白名单,7
0060,2026-09-13,LKUS_grant_new_user_coupon,feature_yo8MLsBsGIsV,三方unionId白名单,7
0060,2026-09-13,LKUS_grant_new_user_coupon,feature_kqtp6XVcXXiQ,手机号白名单,7
0060,2026-09-13,LKUS_grant_new_user_coupon,feature_5caBWmAHDcCQ,邮箱白名单,7
0060,2026-09-13,LKUS_grant_new_user_coupon,feature_K0JuGvXPoQsS,网关uid白名单,7
0060,2026-09-13,LKUS_grant_new_user_coupon,feature_3CSh3LRVobu7,手机号黑名单,7
0060,2026-09-13,LKUS_grant_new_user_coupon,feature_jkeS0N10RDAn,网关uid黑名单,7
0060,2026-09-13,LKUS_grant_new_user_coupon,feature_7qCVo92BIECU,三方unionId黑名单,7
0060,2026-09-13,LKUS_grant_new_user_coupon,feature_9tl8mW2Gembc,邮箱黑名单,7
0060,2026-09-13,LKUS_grant_new_user_coupon,feature_XtxCPW1x9QTU,ip C段黑名单,7
0060,2026-09-13,LKUS_grant_new_user_coupon,feature_cOkhRQVI91IV,ip黑名单,7
0060,2026-09-13,LKUS_grant_new_user_coupon,feature_g43LuQcahzCJ,用户编号黑名单,7
0060,2026-09-14,LKUS_push,feature_Fik6gvwY1tA6,手机号近1天的访问次数,70
0060,2026-09-14,LKUS_push,feature_vTICzBPfD3Ds,ip C段白名单,70
0060,2026-09-14,LKUS_push,feature_P5eYl9a699fA,ip白名单,70
0060,2026-09-14,LKUS_push,feature_oxYJ6qJ3BAfv,用户编号白名单,70
0060,2026-09-14,LKUS_push,feature_yo8MLsBsGIsV,三方unionId白名单,70
0060,2026-09-14,LKUS_push,feature_kqtp6XVcXXiQ,手机号白名单,70
0060,2026-09-14,LKUS_push,feature_5caBWmAHDcCQ,邮箱白名单,70
0060,2026-09-14,LKUS_push,feature_K0JuGvXPoQsS,网关uid白名单,70
0060,2026-09-14,LKUS_push,feature_3CSh3LRVobu7,手机号黑名单,68
0060,2026-09-14,LKUS_push,feature_jkeS0N10RDAn,网关uid黑名单,68
0060,2026-09-14,LKUS_push,feature_7qCVo92BIECU,三方unionId黑名单,68
0060,2026-09-14,LKUS_push,feature_9tl8mW2Gembc,邮箱黑名单,68
0060,2026-09-14,LKUS_push,feature_XtxCPW1x9QTU,ip C段黑名单,68
0060,2026-09-14,LKUS_push,feature_cOkhRQVI91IV,ip黑名单,68
0060,2026-09-14,LKUS_push,feature_g43LuQcahzCJ,用户编号黑名单,68
0060,2026-09-14,LKUS_push,feature_hspErCH8fSCE,手机号近30分钟的访问次数,68
0060,2026-09-14,LKUS_push,feature_r1bhlQnbfRHb,IP近60分钟关联的手机号个数,68
0060,2026-09-14,LKUS_push,feature_e1Kmz7JqzsWc,同区号近60分钟V3token为空对应手机号个数,68
0060,2026-09-14,LKUS_push,feature_YkpmaKaJhcdG,区号近1天内的访问次数,68
0060,2026-09-14,LKUS_push,feature_IPwzfPamC8eW,同手机号30分钟关联的IP city个数,68
0060,2026-09-14,LKUS_push,feature_SdA1CjZvNCMG,区号近1分钟的访问次数,68
0060,2026-09-14,LKUS_push,feature_dqBHKec09Wwa,同区号近60分钟未携带recaptchaV3token 访问次数,68
0060,2026-09-14,LKUS_push,feature_WxHUxqIN0IuS,同IP近5分钟的访问次数,68
0060,2026-09-14,LKUS_push,feature_lydpDiga6SB9,手机号近5分钟的访问次数,68
0060,2026-09-14,LKUS_push,feature_n91JeGM6gD6i,同区号近60分钟非美国IP访问次数,68
0060,2026-09-14,LKUS_push,feature_pf88qk27w76j,区号近5分钟的访问次数,68
0060,2026-09-14,LKUS_push,feature_nnsdzZLQKPZ7,IP近10分钟关联的手机号个数,68
0060,2026-09-14,LKUS_push,feature_MHv7nra5Z6T5,reCAPTCHA V3 token是否有效,68
0060,2026-09-14,LKUS_push,feature_JaT2oyzVtD0q,手机号近1分钟的访问次数,68
0060,2026-09-14,LKUS_push,feature_Ym70ZsfxQKSc,一分钟请求量,68
0060,2026-09-14,LKUS_push,feature_Wg4dZ6VJBuTb,IP近1分钟关联的手机号个数,68
0060,2026-09-14,LKUS_push,feature_7DbBgowc2mEl,IP近1分钟的访问次数,68
0060,2026-09-14,LKUS_push,feature_6qwgYPGGuJZ4,IPC段近10分钟关联的手机号个数,68
0060,2026-09-14,LKUS_push,feature_53Ck9TgChpTW,IP近5分钟关联的手机号个数,68
0060,2026-09-14,LKUS_push,feature_KtSZtJ9w7f9r,IPC段近1分钟关联的手机号个数,68
0060,2026-09-14,LKUS_push,feature_UOJYBEifd5Jn,区号近60分钟的访问次数,68
0060,2026-09-14,LKUS_push,feature_dtoJoDcUgCcr,同区号近60分钟对应手机号个数,68
0060,2026-09-14,LKUS_push,feature_TGPe0mjAPwR5,IP近60分钟关联的国家区号个数,68
0060,2026-09-14,LKUS_login,feature_vTICzBPfD3Ds,ip C段白名单,12
0060,2026-09-14,LKUS_login,feature_P5eYl9a699fA,ip白名单,12
0060,2026-09-14,LKUS_login,feature_oxYJ6qJ3BAfv,用户编号白名单,12
0060,2026-09-14,LKUS_login,feature_yo8MLsBsGIsV,三方unionId白名单,12
0060,2026-09-14,LKUS_login,feature_kqtp6XVcXXiQ,手机号白名单,12
0060,2026-09-14,LKUS_login,feature_5caBWmAHDcCQ,邮箱白名单,12
0060,2026-09-14,LKUS_login,feature_K0JuGvXPoQsS,网关uid白名单,12
0060,2026-09-14,LKUS_login,feature_3CSh3LRVobu7,手机号黑名单,9
0060,2026-09-14,LKUS_login,feature_jkeS0N10RDAn,网关uid黑名单,9
0060,2026-09-14,LKUS_login,feature_7qCVo92BIECU,三方unionId黑名单,9
0060,2026-09-14,LKUS_login,feature_9tl8mW2Gembc,邮箱黑名单,9
0060,2026-09-14,LKUS_login,feature_XtxCPW1x9QTU,ip C段黑名单,9
0060,2026-09-14,LKUS_login,feature_cOkhRQVI91IV,ip黑名单,9
0060,2026-09-14,LKUS_login,feature_g43LuQcahzCJ,用户编号黑名单,9
0060,2026-09-14,LKUS_login,feature_MHv7nra5Z6T5,reCAPTCHA V3 token是否有效,9
0060,2026-09-14,LKUS_grant_new_user_coupon,feature_vTICzBPfD3Ds,ip C段白名单,5
0060,2026-09-14,LKUS_grant_new_user_coupon,feature_P5eYl9a699fA,ip白名单,5
0060,2026-09-14,LKUS_grant_new_user_coupon,feature_oxYJ6qJ3BAfv,用户编号白名单,5
0060,2026-09-14,LKUS_grant_new_user_coupon,feature_yo8MLsBsGIsV,三方unionId白名单,5
0060,2026-09-14,LKUS_grant_new_user_coupon,feature_kqtp6XVcXXiQ,手机号白名单,5
0060,2026-09-14,LKUS_grant_new_user_coupon,feature_5caBWmAHDcCQ,邮箱白名单,5
0060,2026-09-14,LKUS_grant_new_user_coupon,feature_K0JuGvXPoQsS,网关uid白名单,5
0060,2026-09-14,LKUS_grant_new_user_coupon,feature_3CSh3LRVobu7,手机号黑名单,5
0060,2026-09-14,LKUS_grant_new_user_coupon,feature_jkeS0N10RDAn,网关uid黑名单,5
0060,2026-09-14,LKUS_grant_new_user_coupon,feature_7qCVo92BIECU,三方unionId黑名单,5
0060,2026-09-14,LKUS_grant_new_user_coupon,feature_9tl8mW2Gembc,邮箱黑名单,5
0060,2026-09-14,LKUS_grant_new_user_coupon,feature_XtxCPW1x9QTU,ip C段黑名单,5
0060,2026-09-14,LKUS_grant_new_user_coupon,feature_cOkhRQVI91IV,ip黑名单,5
0060,2026-09-14,LKUS_grant_new_user_coupon,feature_g43LuQcahzCJ,用户编号黑名单,5
0060,2026-09-14,LKUS_register,feature_vTICzBPfD3Ds,ip C段白名单,8
0060,2026-09-14,LKUS_register,feature_P5eYl9a699fA,ip白名单,8
0060,2026-09-14,LKUS_register,feature_oxYJ6qJ3BAfv,用户编号白名单,8
0060,2026-09-14,LKUS_register,feature_yo8MLsBsGIsV,三方unionId白名单,8
0060,2026-09-14,LKUS_register,feature_kqtp6XVcXXiQ,手机号白名单,8
0060,2026-09-14,LKUS_register,feature_K0JuGvXPoQsS,网关uid白名单,8
0060,2026-09-14,LKUS_register,feature_5caBWmAHDcCQ,邮箱白名单,8
0060,2026-09-14,LKUS_register,feature_3CSh3LRVobu7,手机号黑名单,8
0060,2026-09-14,LKUS_register,feature_jkeS0N10RDAn,网关uid黑名单,8
0060,2026-09-14,LKUS_register,feature_7qCVo92BIECU,三方unionId黑名单,8
0060,2026-09-14,LKUS_register,feature_9tl8mW2Gembc,邮箱黑名单,8
0060,2026-09-14,LKUS_register,feature_g43LuQcahzCJ,用户编号黑名单,8
0060,2026-09-14,LKUS_register,feature_XtxCPW1x9QTU,ip C段黑名单,8
0060,2026-09-14,LKUS_register,feature_cOkhRQVI91IV,ip黑名单,8
0060,2026-09-14,LKUS_physical_order_create,feature_vTICzBPfD3Ds,ip C段白名单,91
0060,2026-09-14,LKUS_physical_order_create,feature_P5eYl9a699fA,ip白名单,91
0060,2026-09-14,LKUS_physical_order_create,feature_oxYJ6qJ3BAfv,用户编号白名单,91
0060,2026-09-14,LKUS_physical_order_create,feature_yo8MLsBsGIsV,三方unionId白名单,91
0060,2026-09-14,LKUS_physical_order_create,feature_kqtp6XVcXXiQ,手机号白名单,91
0060,2026-09-14,LKUS_physical_order_create,feature_K0JuGvXPoQsS,网关uid白名单,91
0060,2026-09-14,LKUS_physical_order_create,feature_5caBWmAHDcCQ,邮箱白名单,91
0060,2026-09-14,LKUS_payment,feature_vTICzBPfD3Ds,ip C段白名单,96
0060,2026-09-14,LKUS_payment,feature_P5eYl9a699fA,ip白名单,96
0060,2026-09-14,LKUS_payment,feature_oxYJ6qJ3BAfv,用户编号白名单,96
0060,2026-09-14,LKUS_payment,feature_yo8MLsBsGIsV,三方unionId白名单,96
0060,2026-09-14,LKUS_payment,feature_kqtp6XVcXXiQ,手机号白名单,96
0060,2026-09-14,LKUS_payment,feature_K0JuGvXPoQsS,网关uid白名单,96
0060,2026-09-14,LKUS_payment,feature_5caBWmAHDcCQ,邮箱白名单,96
0060,2026-09-14,LKUS_physical_order_create,feature_3CSh3LRVobu7,手机号黑名单,74
0060,2026-09-14,LKUS_physical_order_create,feature_jkeS0N10RDAn,网关uid黑名单,74
0060,2026-09-14,LKUS_physical_order_create,feature_7qCVo92BIECU,三方unionId黑名单,74
0060,2026-09-14,LKUS_physical_order_create,feature_9tl8mW2Gembc,邮箱黑名单,74
0060,2026-09-14,LKUS_physical_order_create,feature_g43LuQcahzCJ,用户编号黑名单,74
0060,2026-09-14,LKUS_physical_order_create,feature_XtxCPW1x9QTU,ip C段黑名单,74
0060,2026-09-14,LKUS_physical_order_create,feature_cOkhRQVI91IV,ip黑名单,74
0060,2026-09-14,LKUS_physical_order_create,feature_MHv7nra5Z6T5,reCAPTCHA V3 token是否有效,74
0060,2026-09-14,LKUS_payment,feature_3CSh3LRVobu7,手机号黑名单,76
0060,2026-09-14,LKUS_payment,feature_jkeS0N10RDAn,网关uid黑名单,76
0060,2026-09-14,LKUS_payment,feature_7qCVo92BIECU,三方unionId黑名单,76
0060,2026-09-14,LKUS_payment,feature_9tl8mW2Gembc,邮箱黑名单,76
0060,2026-09-14,LKUS_payment,feature_cOkhRQVI91IV,ip黑名单,76
0060,2026-09-14,LKUS_payment,feature_XtxCPW1x9QTU,ip C段黑名单,76
0060,2026-09-14,LKUS_payment,feature_g43LuQcahzCJ,用户编号黑名单,76
0060,2026-09-14,LKUS_payment,feature_MHv7nra5Z6T5,reCAPTCHA V3 token是否有效,76
0060,2026-09-15,LKUS_push,feature_Fik6gvwY1tA6,手机号近1天的访问次数,84
0060,2026-09-15,LKUS_push,feature_vTICzBPfD3Ds,ip C段白名单,84
0060,2026-09-15,LKUS_push,feature_oxYJ6qJ3BAfv,用户编号白名单,84
0060,2026-09-15,LKUS_push,feature_P5eYl9a699fA,ip白名单,84
0060,2026-09-15,LKUS_push,feature_yo8MLsBsGIsV,三方unionId白名单,84
0060,2026-09-15,LKUS_push,feature_kqtp6XVcXXiQ,手机号白名单,84
0060,2026-09-15,LKUS_push,feature_K0JuGvXPoQsS,网关uid白名单,84
0060,2026-09-15,LKUS_push,feature_5caBWmAHDcCQ,邮箱白名单,84
0060,2026-09-15,LKUS_push,feature_3CSh3LRVobu7,手机号黑名单,80
0060,2026-09-15,LKUS_push,feature_jkeS0N10RDAn,网关uid黑名单,80
0060,2026-09-15,LKUS_push,feature_7qCVo92BIECU,三方unionId黑名单,80
0060,2026-09-15,LKUS_push,feature_9tl8mW2Gembc,邮箱黑名单,80
0060,2026-09-15,LKUS_push,feature_cOkhRQVI91IV,ip黑名单,80
0060,2026-09-15,LKUS_push,feature_XtxCPW1x9QTU,ip C段黑名单,80
0060,2026-09-15,LKUS_push,feature_g43LuQcahzCJ,用户编号黑名单,80
0060,2026-09-15,LKUS_push,feature_IPwzfPamC8eW,同手机号30分钟关联的IP city个数,80
0060,2026-09-15,LKUS_push,feature_MHv7nra5Z6T5,reCAPTCHA V3 token是否有效,48
0060,2026-09-15,LKUS_push,feature_6qwgYPGGuJZ4,IPC段近10分钟关联的手机号个数,80
0060,2026-09-15,LKUS_push,feature_n91JeGM6gD6i,同区号近60分钟非美国IP访问次数,80
0060,2026-09-15,LKUS_push,feature_KtSZtJ9w7f9r,IPC段近1分钟关联的手机号个数,80
0060,2026-09-15,LKUS_push,feature_Wg4dZ6VJBuTb,IP近1分钟关联的手机号个数,80
0060,2026-09-15,LKUS_push,feature_JaT2oyzVtD0q,手机号近1分钟的访问次数,80
0060,2026-09-15,LKUS_push,feature_r1bhlQnbfRHb,IP近60分钟关联的手机号个数,80
0060,2026-09-15,LKUS_push,feature_TGPe0mjAPwR5,IP近60分钟关联的国家区号个数,80
0060,2026-09-15,LKUS_push,feature_hspErCH8fSCE,手机号近30分钟的访问次数,80
0060,2026-09-15,LKUS_push,feature_53Ck9TgChpTW,IP近5分钟关联的手机号个数,80
0060,2026-09-15,LKUS_push,feature_nnsdzZLQKPZ7,IP近10分钟关联的手机号个数,80
0060,2026-09-15,LKUS_push,feature_UOJYBEifd5Jn,区号近60分钟的访问次数,80
0060,2026-09-15,LKUS_push,feature_dqBHKec09Wwa,同区号近60分钟未携带recaptchaV3token 访问次数,80
0060,2026-09-15,LKUS_push,feature_dtoJoDcUgCcr,同区号近60分钟对应手机号个数,80
0060,2026-09-15,LKUS_push,feature_Ym70ZsfxQKSc,一分钟请求量,80
0060,2026-09-15,LKUS_push,feature_7DbBgowc2mEl,IP近1分钟的访问次数,80
0060,2026-09-15,LKUS_push,feature_YkpmaKaJhcdG,区号近1天内的访问次数,80
0060,2026-09-15,LKUS_push,feature_pf88qk27w76j,区号近5分钟的访问次数,80
0060,2026-09-15,LKUS_push,feature_WxHUxqIN0IuS,同IP近5分钟的访问次数,80
0060,2026-09-15,LKUS_push,feature_lydpDiga6SB9,手机号近5分钟的访问次数,80
0060,2026-09-15,LKUS_push,feature_SdA1CjZvNCMG,区号近1分钟的访问次数,80
0060,2026-09-15,LKUS_push,feature_e1Kmz7JqzsWc,同区号近60分钟V3token为空对应手机号个数,80
0060,2026-09-15,LKUS_register,feature_vTICzBPfD3Ds,ip C段白名单,8
0060,2026-09-15,LKUS_register,feature_oxYJ6qJ3BAfv,用户编号白名单,8
0060,2026-09-15,LKUS_register,feature_P5eYl9a699fA,ip白名单,8
0060,2026-09-15,LKUS_register,feature_yo8MLsBsGIsV,三方unionId白名单,8
0060,2026-09-15,LKUS_register,feature_kqtp6XVcXXiQ,手机号白名单,8
0060,2026-09-15,LKUS_register,feature_K0JuGvXPoQsS,网关uid白名单,8
0060,2026-09-15,LKUS_register,feature_5caBWmAHDcCQ,邮箱白名单,8
0060,2026-09-15,LKUS_register,feature_3CSh3LRVobu7,手机号黑名单,8
0060,2026-09-15,LKUS_register,feature_jkeS0N10RDAn,网关uid黑名单,8
0060,2026-09-15,LKUS_register,feature_7qCVo92BIECU,三方unionId黑名单,8
0060,2026-09-15,LKUS_register,feature_9tl8mW2Gembc,邮箱黑名单,8
0060,2026-09-15,LKUS_register,feature_cOkhRQVI91IV,ip黑名单,8
0060,2026-09-15,LKUS_register,feature_XtxCPW1x9QTU,ip C段黑名单,8
0060,2026-09-15,LKUS_register,feature_g43LuQcahzCJ,用户编号黑名单,8
0060,2026-09-15,LKUS_push,feature_TLXI8MNiNglz,reCAPTCHA V3风险分,32
0060,2026-09-15,LKUS_physical_order_create,feature_oxYJ6qJ3BAfv,用户编号白名单,105
0060,2026-09-15,LKUS_physical_order_create,feature_P5eYl9a699fA,ip白名单,105
0060,2026-09-15,LKUS_physical_order_create,feature_vTICzBPfD3Ds,ip C段白名单,105
0060,2026-09-15,LKUS_physical_order_create,feature_yo8MLsBsGIsV,三方unionId白名单,105
0060,2026-09-15,LKUS_physical_order_create,feature_kqtp6XVcXXiQ,手机号白名单,105
0060,2026-09-15,LKUS_physical_order_create,feature_5caBWmAHDcCQ,邮箱白名单,105
0060,2026-09-15,LKUS_physical_order_create,feature_K0JuGvXPoQsS,网关uid白名单,105
0060,2026-09-15,LKUS_payment,feature_oxYJ6qJ3BAfv,用户编号白名单,106
0060,2026-09-15,LKUS_payment,feature_P5eYl9a699fA,ip白名单,106
0060,2026-09-15,LKUS_payment,feature_vTICzBPfD3Ds,ip C段白名单,106
0060,2026-09-15,LKUS_payment,feature_yo8MLsBsGIsV,三方unionId白名单,106
0060,2026-09-15,LKUS_payment,feature_kqtp6XVcXXiQ,手机号白名单,106
0060,2026-09-15,LKUS_payment,feature_5caBWmAHDcCQ,邮箱白名单,106
0060,2026-09-15,LKUS_payment,feature_K0JuGvXPoQsS,网关uid白名单,106
0060,2026-09-15,LKUS_physical_order_create,feature_3CSh3LRVobu7,手机号黑名单,90
0060,2026-09-15,LKUS_physical_order_create,feature_jkeS0N10RDAn,网关uid黑名单,90
0060,2026-09-15,LKUS_physical_order_create,feature_7qCVo92BIECU,三方unionId黑名单,90
0060,2026-09-15,LKUS_physical_order_create,feature_9tl8mW2Gembc,邮箱黑名单,90
0060,2026-09-15,LKUS_physical_order_create,feature_cOkhRQVI91IV,ip黑名单,90
0060,2026-09-15,LKUS_physical_order_create,feature_XtxCPW1x9QTU,ip C段黑名单,90
0060,2026-09-15,LKUS_physical_order_create,feature_g43LuQcahzCJ,用户编号黑名单,90
0060,2026-09-15,LKUS_physical_order_create,feature_MHv7nra5Z6T5,reCAPTCHA V3 token是否有效,41
0060,2026-09-15,LKUS_payment,feature_3CSh3LRVobu7,手机号黑名单,90
0060,2026-09-15,LKUS_payment,feature_jkeS0N10RDAn,网关uid黑名单,90
0060,2026-09-15,LKUS_payment,feature_7qCVo92BIECU,三方unionId黑名单,90
0060,2026-09-15,LKUS_payment,feature_9tl8mW2Gembc,邮箱黑名单,90
0060,2026-09-15,LKUS_payment,feature_XtxCPW1x9QTU,ip C段黑名单,90
0060,2026-09-15,LKUS_payment,feature_g43LuQcahzCJ,用户编号黑名单,90
0060,2026-09-15,LKUS_payment,feature_cOkhRQVI91IV,ip黑名单,90
0060,2026-09-15,LKUS_payment,feature_TLXI8MNiNglz,reCAPTCHA V3风险分,42
0060,2026-09-15,LKUS_physical_order_create,feature_TLXI8MNiNglz,reCAPTCHA V3风险分,49
0060,2026-09-15,LKUS_payment,feature_MHv7nra5Z6T5,reCAPTCHA V3 token是否有效,48
0060,2026-09-15,LKUS_login,feature_oxYJ6qJ3BAfv,用户编号白名单,25
0060,2026-09-15,LKUS_login,feature_P5eYl9a699fA,ip白名单,25
0060,2026-09-15,LKUS_login,feature_vTICzBPfD3Ds,ip C段白名单,25
0060,2026-09-15,LKUS_login,feature_yo8MLsBsGIsV,三方unionId白名单,25
0060,2026-09-15,LKUS_login,feature_kqtp6XVcXXiQ,手机号白名单,25
0060,2026-09-15,LKUS_login,feature_5caBWmAHDcCQ,邮箱白名单,25
0060,2026-09-15,LKUS_login,feature_K0JuGvXPoQsS,网关uid白名单,25
0060,2026-09-15,LKUS_login,feature_3CSh3LRVobu7,手机号黑名单,23
0060,2026-09-15,LKUS_login,feature_jkeS0N10RDAn,网关uid黑名单,23
0060,2026-09-15,LKUS_login,feature_7qCVo92BIECU,三方unionId黑名单,23
0060,2026-09-15,LKUS_login,feature_9tl8mW2Gembc,邮箱黑名单,23
0060,2026-09-15,LKUS_login,feature_cOkhRQVI91IV,ip黑名单,23
0060,2026-09-15,LKUS_login,feature_XtxCPW1x9QTU,ip C段黑名单,23
0060,2026-09-15,LKUS_login,feature_g43LuQcahzCJ,用户编号黑名单,23
0060,2026-09-15,LKUS_login,feature_MHv7nra5Z6T5,reCAPTCHA V3 token是否有效,14
0060,2026-09-15,LKUS_login,feature_TLXI8MNiNglz,reCAPTCHA V3风险分,9
0060,2026-09-15,LKUS_grant_new_user_coupon,feature_oxYJ6qJ3BAfv,用户编号白名单,15
0060,2026-09-15,LKUS_grant_new_user_coupon,feature_P5eYl9a699fA,ip白名单,15
0060,2026-09-15,LKUS_grant_new_user_coupon,feature_vTICzBPfD3Ds,ip C段白名单,15
0060,2026-09-15,LKUS_grant_new_user_coupon,feature_yo8MLsBsGIsV,三方unionId白名单,15
0060,2026-09-15,LKUS_grant_new_user_coupon,feature_kqtp6XVcXXiQ,手机号白名单,15
0060,2026-09-15,LKUS_grant_new_user_coupon,feature_5caBWmAHDcCQ,邮箱白名单,15
0060,2026-09-15,LKUS_grant_new_user_coupon,feature_K0JuGvXPoQsS,网关uid白名单,15
0060,2026-09-15,LKUS_grant_new_user_coupon,feature_3CSh3LRVobu7,手机号黑名单,15
0060,2026-09-15,LKUS_grant_new_user_coupon,feature_jkeS0N10RDAn,网关uid黑名单,15
0060,2026-09-15,LKUS_grant_new_user_coupon,feature_7qCVo92BIECU,三方unionId黑名单,15
0060,2026-09-15,LKUS_grant_new_user_coupon,feature_9tl8mW2Gembc,邮箱黑名单,15
0060,2026-09-15,LKUS_grant_new_user_coupon,feature_XtxCPW1x9QTU,ip C段黑名单,15
0060,2026-09-15,LKUS_grant_new_user_coupon,feature_g43LuQcahzCJ,用户编号黑名单,15
0060,2026-09-15,LKUS_grant_new_user_coupon,feature_cOkhRQVI91IV,ip黑名单,15
0060,2026-09-16,LKUS_push,feature_Fik6gvwY1tA6,手机号近1天的访问次数,70
0060,2026-09-16,LKUS_push,feature_oxYJ6qJ3BAfv,用户编号白名单,70
0060,2026-09-16,LKUS_push,feature_P5eYl9a699fA,ip白名单,70
0060,2026-09-16,LKUS_push,feature_vTICzBPfD3Ds,ip C段白名单,70
0060,2026-09-16,LKUS_push,feature_yo8MLsBsGIsV,三方unionId白名单,70
0060,2026-09-16,LKUS_push,feature_kqtp6XVcXXiQ,手机号白名单,70
0060,2026-09-16,LKUS_push,feature_5caBWmAHDcCQ,邮箱白名单,70
0060,2026-09-16,LKUS_push,feature_K0JuGvXPoQsS,网关uid白名单,70
0060,2026-09-16,LKUS_push,feature_3CSh3LRVobu7,手机号黑名单,66
0060,2026-09-16,LKUS_push,feature_jkeS0N10RDAn,网关uid黑名单,66
0060,2026-09-16,LKUS_push,feature_7qCVo92BIECU,三方unionId黑名单,66
0060,2026-09-16,LKUS_push,feature_9tl8mW2Gembc,邮箱黑名单,66
0060,2026-09-16,LKUS_push,feature_XtxCPW1x9QTU,ip C段黑名单,66
0060,2026-09-16,LKUS_push,feature_g43LuQcahzCJ,用户编号黑名单,66
0060,2026-09-16,LKUS_push,feature_cOkhRQVI91IV,ip黑名单,66
0060,2026-09-16,LKUS_push,feature_Ym70ZsfxQKSc,一分钟请求量,66
0060,2026-09-16,LKUS_push,feature_dtoJoDcUgCcr,同区号近60分钟对应手机号个数,66
0060,2026-09-16,LKUS_push,feature_pf88qk27w76j,区号近5分钟的访问次数,66
0060,2026-09-16,LKUS_push,feature_dqBHKec09Wwa,同区号近60分钟未携带recaptchaV3token 访问次数,66
0060,2026-09-16,LKUS_push,feature_UOJYBEifd5Jn,区号近60分钟的访问次数,66
0060,2026-09-16,LKUS_push,feature_YkpmaKaJhcdG,区号近1天内的访问次数,66
0060,2026-09-16,LKUS_push,feature_7DbBgowc2mEl,IP近1分钟的访问次数,66
0060,2026-09-16,LKUS_push,feature_SdA1CjZvNCMG,区号近1分钟的访问次数,66
0060,2026-09-16,LKUS_push,feature_e1Kmz7JqzsWc,同区号近60分钟V3token为空对应手机号个数,66
0060,2026-09-16,LKUS_push,feature_WxHUxqIN0IuS,同IP近5分钟的访问次数,66
0060,2026-09-16,LKUS_push,feature_lydpDiga6SB9,手机号近5分钟的访问次数,66
0060,2026-09-16,LKUS_push,feature_n91JeGM6gD6i,同区号近60分钟非美国IP访问次数,66
0060,2026-09-16,LKUS_push,feature_IPwzfPamC8eW,同手机号30分钟关联的IP city个数,66
0060,2026-09-16,LKUS_push,feature_53Ck9TgChpTW,IP近5分钟关联的手机号个数,66
0060,2026-09-16,LKUS_push,feature_TLXI8MNiNglz,reCAPTCHA V3风险分,34
0060,2026-09-16,LKUS_push,feature_KtSZtJ9w7f9r,IPC段近1分钟关联的手机号个数,66
0060,2026-09-16,LKUS_push,feature_r1bhlQnbfRHb,IP近60分钟关联的手机号个数,66
0060,2026-09-16,LKUS_push,feature_6qwgYPGGuJZ4,IPC段近10分钟关联的手机号个数,66
0060,2026-09-16,LKUS_push,feature_JaT2oyzVtD0q,手机号近1分钟的访问次数,66
0060,2026-09-16,LKUS_push,feature_TGPe0mjAPwR5,IP近60分钟关联的国家区号个数,66
0060,2026-09-16,LKUS_push,feature_Wg4dZ6VJBuTb,IP近1分钟关联的手机号个数,66
0060,2026-09-16,LKUS_push,feature_hspErCH8fSCE,手机号近30分钟的访问次数,66
0060,2026-09-16,LKUS_push,feature_nnsdzZLQKPZ7,IP近10分钟关联的手机号个数,66
0060,2026-09-16,LKUS_push,feature_MHv7nra5Z6T5,reCAPTCHA V3 token是否有效,32
0060,2026-09-16,LKUS_register,feature_oxYJ6qJ3BAfv,用户编号白名单,10
0060,2026-09-16,LKUS_register,feature_P5eYl9a699fA,ip白名单,10
0060,2026-09-16,LKUS_register,feature_vTICzBPfD3Ds,ip C段白名单,10
0060,2026-09-16,LKUS_register,feature_yo8MLsBsGIsV,三方unionId白名单,10
0060,2026-09-16,LKUS_register,feature_kqtp6XVcXXiQ,手机号白名单,10
0060,2026-09-16,LKUS_register,feature_5caBWmAHDcCQ,邮箱白名单,10
0060,2026-09-16,LKUS_register,feature_K0JuGvXPoQsS,网关uid白名单,10
0060,2026-09-16,LKUS_register,feature_3CSh3LRVobu7,手机号黑名单,10
0060,2026-09-16,LKUS_register,feature_jkeS0N10RDAn,网关uid黑名单,10
0060,2026-09-16,LKUS_register,feature_7qCVo92BIECU,三方unionId黑名单,10
0060,2026-09-16,LKUS_register,feature_9tl8mW2Gembc,邮箱黑名单,10
0060,2026-09-16,LKUS_register,feature_XtxCPW1x9QTU,ip C段黑名单,10
0060,2026-09-16,LKUS_register,feature_g43LuQcahzCJ,用户编号黑名单,10
0060,2026-09-16,LKUS_register,feature_cOkhRQVI91IV,ip黑名单,10
0060,2026-09-16,LKUS_physical_order_create,feature_oxYJ6qJ3BAfv,用户编号白名单,101
0060,2026-09-16,LKUS_physical_order_create,feature_P5eYl9a699fA,ip白名单,101
0060,2026-09-16,LKUS_physical_order_create,feature_vTICzBPfD3Ds,ip C段白名单,101
0060,2026-09-16,LKUS_physical_order_create,feature_yo8MLsBsGIsV,三方unionId白名单,101
0060,2026-09-16,LKUS_physical_order_create,feature_kqtp6XVcXXiQ,手机号白名单,101
0060,2026-09-16,LKUS_physical_order_create,feature_5caBWmAHDcCQ,邮箱白名单,101
0060,2026-09-16,LKUS_physical_order_create,feature_K0JuGvXPoQsS,网关uid白名单,101
0060,2026-09-16,LKUS_physical_order_create,feature_3CSh3LRVobu7,手机号黑名单,86
0060,2026-09-16,LKUS_physical_order_create,feature_jkeS0N10RDAn,网关uid黑名单,86
0060,2026-09-16,LKUS_physical_order_create,feature_7qCVo92BIECU,三方unionId黑名单,86
0060,2026-09-16,LKUS_physical_order_create,feature_9tl8mW2Gembc,邮箱黑名单,86
0060,2026-09-16,LKUS_physical_order_create,feature_cOkhRQVI91IV,ip黑名单,86
0060,2026-09-16,LKUS_physical_order_create,feature_XtxCPW1x9QTU,ip C段黑名单,86
0060,2026-09-16,LKUS_physical_order_create,feature_g43LuQcahzCJ,用户编号黑名单,86
0060,2026-09-16,LKUS_physical_order_create,feature_MHv7nra5Z6T5,reCAPTCHA V3 token是否有效,34
0060,2026-09-16,LKUS_payment,feature_oxYJ6qJ3BAfv,用户编号白名单,99
0060,2026-09-16,LKUS_payment,feature_P5eYl9a699fA,ip白名单,99
0060,2026-09-16,LKUS_payment,feature_vTICzBPfD3Ds,ip C段白名单,99
0060,2026-09-16,LKUS_payment,feature_yo8MLsBsGIsV,三方unionId白名单,99
0060,2026-09-16,LKUS_payment,feature_kqtp6XVcXXiQ,手机号白名单,99
0060,2026-09-16,LKUS_payment,feature_5caBWmAHDcCQ,邮箱白名单,99
0060,2026-09-16,LKUS_payment,feature_K0JuGvXPoQsS,网关uid白名单,99
0060,2026-09-16,LKUS_payment,feature_3CSh3LRVobu7,手机号黑名单,84
0060,2026-09-16,LKUS_payment,feature_jkeS0N10RDAn,网关uid黑名单,84
0060,2026-09-16,LKUS_payment,feature_7qCVo92BIECU,三方unionId黑名单,84
0060,2026-09-16,LKUS_payment,feature_9tl8mW2Gembc,邮箱黑名单,84
0060,2026-09-16,LKUS_payment,feature_cOkhRQVI91IV,ip黑名单,84
0060,2026-09-16,LKUS_payment,feature_XtxCPW1x9QTU,ip C段黑名单,84
0060,2026-09-16,LKUS_payment,feature_g43LuQcahzCJ,用户编号黑名单,84
0060,2026-09-16,LKUS_payment,feature_MHv7nra5Z6T5,reCAPTCHA V3 token是否有效,41
0060,2026-09-16,LKUS_grant_new_user_coupon,feature_oxYJ6qJ3BAfv,用户编号白名单,3
0060,2026-09-16,LKUS_grant_new_user_coupon,feature_P5eYl9a699fA,ip白名单,3
0060,2026-09-16,LKUS_grant_new_user_coupon,feature_vTICzBPfD3Ds,ip C段白名单,3
0060,2026-09-16,LKUS_grant_new_user_coupon,feature_yo8MLsBsGIsV,三方unionId白名单,3
0060,2026-09-16,LKUS_grant_new_user_coupon,feature_kqtp6XVcXXiQ,手机号白名单,3
0060,2026-09-16,LKUS_grant_new_user_coupon,feature_5caBWmAHDcCQ,邮箱白名单,3
0060,2026-09-16,LKUS_grant_new_user_coupon,feature_K0JuGvXPoQsS,网关uid白名单,3
0060,2026-09-16,LKUS_grant_new_user_coupon,feature_3CSh3LRVobu7,手机号黑名单,3
0060,2026-09-16,LKUS_grant_new_user_coupon,feature_jkeS0N10RDAn,网关uid黑名单,3
0060,2026-09-16,LKUS_grant_new_user_coupon,feature_7qCVo92BIECU,三方unionId黑名单,3
0060,2026-09-16,LKUS_grant_new_user_coupon,feature_9tl8mW2Gembc,邮箱黑名单,3
0060,2026-09-16,LKUS_grant_new_user_coupon,feature_cOkhRQVI91IV,ip黑名单,3
0060,2026-09-16,LKUS_grant_new_user_coupon,feature_XtxCPW1x9QTU,ip C段黑名单,3
0060,2026-09-16,LKUS_grant_new_user_coupon,feature_g43LuQcahzCJ,用户编号黑名单,3
0060,2026-09-16,LKUS_login,feature_oxYJ6qJ3BAfv,用户编号白名单,7
0060,2026-09-16,LKUS_login,feature_P5eYl9a699fA,ip白名单,7
0060,2026-09-16,LKUS_login,feature_vTICzBPfD3Ds,ip C段白名单,7
0060,2026-09-16,LKUS_login,feature_yo8MLsBsGIsV,三方unionId白名单,7
0060,2026-09-16,LKUS_login,feature_kqtp6XVcXXiQ,手机号白名单,7
0060,2026-09-16,LKUS_login,feature_5caBWmAHDcCQ,邮箱白名单,7
0060,2026-09-16,LKUS_login,feature_K0JuGvXPoQsS,网关uid白名单,7
0060,2026-09-16,LKUS_login,feature_3CSh3LRVobu7,手机号黑名单,6
0060,2026-09-16,LKUS_login,feature_jkeS0N10RDAn,网关uid黑名单,6
0060,2026-09-16,LKUS_login,feature_7qCVo92BIECU,三方unionId黑名单,6
0060,2026-09-16,LKUS_login,feature_9tl8mW2Gembc,邮箱黑名单,6
0060,2026-09-16,LKUS_login,feature_XtxCPW1x9QTU,ip C段黑名单,6
0060,2026-09-16,LKUS_login,feature_g43LuQcahzCJ,用户编号黑名单,6
0060,2026-09-16,LKUS_login,feature_cOkhRQVI91IV,ip黑名单,6
0060,2026-09-16,LKUS_login,feature_TLXI8MNiNglz,reCAPTCHA V3风险分,3
0060,2026-09-16,LKUS_payment,feature_TLXI8MNiNglz,reCAPTCHA V3风险分,43
0060,2026-09-16,LKUS_physical_order_create,feature_TLXI8MNiNglz,reCAPTCHA V3风险分,52
0060,2026-09-16,LKUS_physical_order_cancel,feature_oxYJ6qJ3BAfv,用户编号白名单,2
0060,2026-09-16,LKUS_physical_order_cancel,feature_P5eYl9a699fA,ip白名单,2
0060,2026-09-16,LKUS_physical_order_cancel,feature_vTICzBPfD3Ds,ip C段白名单,2
0060,2026-09-16,LKUS_physical_order_cancel,feature_yo8MLsBsGIsV,三方unionId白名单,2
0060,2026-09-16,LKUS_physical_order_cancel,feature_kqtp6XVcXXiQ,手机号白名单,2
0060,2026-09-16,LKUS_physical_order_cancel,feature_5caBWmAHDcCQ,邮箱白名单,2
0060,2026-09-16,LKUS_physical_order_cancel,feature_K0JuGvXPoQsS,网关uid白名单,2
0060,2026-09-16,LKUS_physical_order_cancel,feature_3CSh3LRVobu7,手机号黑名单,2
0060,2026-09-16,LKUS_physical_order_cancel,feature_jkeS0N10RDAn,网关uid黑名单,2
0060,2026-09-16,LKUS_physical_order_cancel,feature_7qCVo92BIECU,三方unionId黑名单,2
0060,2026-09-16,LKUS_physical_order_cancel,feature_9tl8mW2Gembc,邮箱黑名单,2
0060,2026-09-16,LKUS_physical_order_cancel,feature_XtxCPW1x9QTU,ip C段黑名单,2
0060,2026-09-16,LKUS_physical_order_cancel,feature_g43LuQcahzCJ,用户编号黑名单,2
0060,2026-09-16,LKUS_physical_order_cancel,feature_cOkhRQVI91IV,ip黑名单,2
0060,2026-09-16,LKUS_login,feature_MHv7nra5Z6T5,reCAPTCHA V3 token是否有效,3
0060,2026-09-16,LKUS_captcha,feature_oxYJ6qJ3BAfv,用户编号白名单,3
0060,2026-09-16,LKUS_captcha,feature_P5eYl9a699fA,ip白名单,3
0060,2026-09-16,LKUS_captcha,feature_vTICzBPfD3Ds,ip C段白名单,3
0060,2026-09-16,LKUS_captcha,feature_yo8MLsBsGIsV,三方unionId白名单,3
0060,2026-09-16,LKUS_captcha,feature_kqtp6XVcXXiQ,手机号白名单,3
0060,2026-09-16,LKUS_captcha,feature_5caBWmAHDcCQ,邮箱白名单,3
0060,2026-09-16,LKUS_captcha,feature_K0JuGvXPoQsS,网关uid白名单,3
0060,2026-09-16,LKUS_captcha,feature_3CSh3LRVobu7,手机号黑名单,3
0060,2026-09-16,LKUS_captcha,feature_jkeS0N10RDAn,网关uid黑名单,3
0060,2026-09-16,LKUS_captcha,feature_7qCVo92BIECU,三方unionId黑名单,3
0060,2026-09-16,LKUS_captcha,feature_9tl8mW2Gembc,邮箱黑名单,3
0060,2026-09-16,LKUS_captcha,feature_XtxCPW1x9QTU,ip C段黑名单,3
0060,2026-09-16,LKUS_captcha,feature_g43LuQcahzCJ,用户编号黑名单,3
0060,2026-09-16,LKUS_captcha,feature_cOkhRQVI91IV,ip黑名单,3
0060,2026-09-16,LKUS_captcha,feature_MDSagDqKF5R8,reCAPTCHA V2风险分,3
0060,2026-09-16,LKUS_push,feature_VItdlLjtEYnQ,IPC段近1天关联的手机号个数,20
0060,2026-09-17,LKUS_push,feature_Fik6gvwY1tA6,手机号近1天的访问次数,97
0060,2026-09-17,LKUS_push,feature_oxYJ6qJ3BAfv,用户编号白名单,97
0060,2026-09-17,LKUS_push,feature_P5eYl9a699fA,ip白名单,97
0060,2026-09-17,LKUS_push,feature_vTICzBPfD3Ds,ip C段白名单,97
0060,2026-09-17,LKUS_push,feature_yo8MLsBsGIsV,三方unionId白名单,97
0060,2026-09-17,LKUS_push,feature_kqtp6XVcXXiQ,手机号白名单,97
0060,2026-09-17,LKUS_push,feature_5caBWmAHDcCQ,邮箱白名单,97
0060,2026-09-17,LKUS_push,feature_K0JuGvXPoQsS,网关uid白名单,97
0060,2026-09-17,LKUS_push,feature_3CSh3LRVobu7,手机号黑名单,95
0060,2026-09-17,LKUS_push,feature_jkeS0N10RDAn,网关uid黑名单,95
0060,2026-09-17,LKUS_push,feature_7qCVo92BIECU,三方unionId黑名单,95
0060,2026-09-17,LKUS_push,feature_9tl8mW2Gembc,邮箱黑名单,95
0060,2026-09-17,LKUS_push,feature_XtxCPW1x9QTU,ip C段黑名单,95
0060,2026-09-17,LKUS_push,feature_g43LuQcahzCJ,用户编号黑名单,95
0060,2026-09-17,LKUS_push,feature_cOkhRQVI91IV,ip黑名单,95
0060,2026-09-17,LKUS_push,feature_Ym70ZsfxQKSc,一分钟请求量,95
0060,2026-09-17,LKUS_push,feature_dtoJoDcUgCcr,同区号近60分钟对应手机号个数,95
0060,2026-09-17,LKUS_push,feature_pf88qk27w76j,区号近5分钟的访问次数,95
0060,2026-09-17,LKUS_push,feature_dqBHKec09Wwa,同区号近60分钟未携带recaptchaV3token 访问次数,95
0060,2026-09-17,LKUS_push,feature_UOJYBEifd5Jn,区号近60分钟的访问次数,95
0060,2026-09-17,LKUS_push,feature_YkpmaKaJhcdG,区号近1天内的访问次数,95
0060,2026-09-17,LKUS_push,feature_7DbBgowc2mEl,IP近1分钟的访问次数,95
0060,2026-09-17,LKUS_push,feature_SdA1CjZvNCMG,区号近1分钟的访问次数,95
0060,2026-09-17,LKUS_push,feature_e1Kmz7JqzsWc,同区号近60分钟V3token为空对应手机号个数,95
0060,2026-09-17,LKUS_push,feature_WxHUxqIN0IuS,同IP近5分钟的访问次数,95
0060,2026-09-17,LKUS_push,feature_lydpDiga6SB9,手机号近5分钟的访问次数,95
0060,2026-09-17,LKUS_push,feature_n91JeGM6gD6i,同区号近60分钟非美国IP访问次数,95
0060,2026-09-17,LKUS_push,feature_IPwzfPamC8eW,同手机号30分钟关联的IP city个数,95
0060,2026-09-17,LKUS_push,feature_53Ck9TgChpTW,IP近5分钟关联的手机号个数,95
0060,2026-09-17,LKUS_push,feature_TLXI8MNiNglz,reCAPTCHA V3风险分,48
0060,2026-09-17,LKUS_push,feature_KtSZtJ9w7f9r,IPC段近1分钟关联的手机号个数,95
0060,2026-09-17,LKUS_push,feature_r1bhlQnbfRHb,IP近60分钟关联的手机号个数,95
0060,2026-09-17,LKUS_push,feature_6qwgYPGGuJZ4,IPC段近10分钟关联的手机号个数,95
0060,2026-09-17,LKUS_push,feature_VItdlLjtEYnQ,IPC段近1天关联的手机号个数,95
0060,2026-09-17,LKUS_push,feature_JaT2oyzVtD0q,手机号近1分钟的访问次数,95
0060,2026-09-17,LKUS_push,feature_TGPe0mjAPwR5,IP近60分钟关联的国家区号个数,95
0060,2026-09-17,LKUS_push,feature_Wg4dZ6VJBuTb,IP近1分钟关联的手机号个数,95
0060,2026-09-17,LKUS_push,feature_hspErCH8fSCE,手机号近30分钟的访问次数,95
0060,2026-09-17,LKUS_push,feature_nnsdzZLQKPZ7,IP近10分钟关联的手机号个数,95
0060,2026-09-17,LKUS_push,feature_MHv7nra5Z6T5,reCAPTCHA V3 token是否有效,47
0060,2026-09-17,LKUS_login,feature_oxYJ6qJ3BAfv,用户编号白名单,25
0060,2026-09-17,LKUS_login,feature_P5eYl9a699fA,ip白名单,25
0060,2026-09-17,LKUS_login,feature_vTICzBPfD3Ds,ip C段白名单,25
0060,2026-09-17,LKUS_login,feature_yo8MLsBsGIsV,三方unionId白名单,25
0060,2026-09-17,LKUS_login,feature_kqtp6XVcXXiQ,手机号白名单,25
0060,2026-09-17,LKUS_login,feature_5caBWmAHDcCQ,邮箱白名单,25
0060,2026-09-17,LKUS_login,feature_K0JuGvXPoQsS,网关uid白名单,25
0060,2026-09-17,LKUS_login,feature_3CSh3LRVobu7,手机号黑名单,22
0060,2026-09-17,LKUS_login,feature_jkeS0N10RDAn,网关uid黑名单,22
0060,2026-09-17,LKUS_login,feature_7qCVo92BIECU,三方unionId黑名单,22
0060,2026-09-17,LKUS_login,feature_9tl8mW2Gembc,邮箱黑名单,22
0060,2026-09-17,LKUS_login,feature_cOkhRQVI91IV,ip黑名单,22
0060,2026-09-17,LKUS_login,feature_XtxCPW1x9QTU,ip C段黑名单,22
0060,2026-09-17,LKUS_login,feature_g43LuQcahzCJ,用户编号黑名单,22
0060,2026-09-17,LKUS_login,feature_MHv7nra5Z6T5,reCAPTCHA V3 token是否有效,16
0060,2026-09-17,LKUS_grant_new_user_coupon,feature_oxYJ6qJ3BAfv,用户编号白名单,11
0060,2026-09-17,LKUS_grant_new_user_coupon,feature_P5eYl9a699fA,ip白名单,11
0060,2026-09-17,LKUS_grant_new_user_coupon,feature_vTICzBPfD3Ds,ip C段白名单,11
0060,2026-09-17,LKUS_grant_new_user_coupon,feature_yo8MLsBsGIsV,三方unionId白名单,11
0060,2026-09-17,LKUS_grant_new_user_coupon,feature_kqtp6XVcXXiQ,手机号白名单,11
0060,2026-09-17,LKUS_grant_new_user_coupon,feature_5caBWmAHDcCQ,邮箱白名单,11
0060,2026-09-17,LKUS_grant_new_user_coupon,feature_K0JuGvXPoQsS,网关uid白名单,11
0060,2026-09-17,LKUS_grant_new_user_coupon,feature_3CSh3LRVobu7,手机号黑名单,11
0060,2026-09-17,LKUS_grant_new_user_coupon,feature_jkeS0N10RDAn,网关uid黑名单,11
0060,2026-09-17,LKUS_grant_new_user_coupon,feature_7qCVo92BIECU,三方unionId黑名单,11
0060,2026-09-17,LKUS_grant_new_user_coupon,feature_9tl8mW2Gembc,邮箱黑名单,11
0060,2026-09-17,LKUS_grant_new_user_coupon,feature_XtxCPW1x9QTU,ip C段黑名单,11
0060,2026-09-17,LKUS_grant_new_user_coupon,feature_g43LuQcahzCJ,用户编号黑名单,11
0060,2026-09-17,LKUS_grant_new_user_coupon,feature_cOkhRQVI91IV,ip黑名单,11
0060,2026-09-17,LKUS_physical_order_create,feature_oxYJ6qJ3BAfv,用户编号白名单,101
0060,2026-09-17,LKUS_physical_order_create,feature_P5eYl9a699fA,ip白名单,101
0060,2026-09-17,LKUS_physical_order_create,feature_vTICzBPfD3Ds,ip C段白名单,101
0060,2026-09-17,LKUS_physical_order_create,feature_yo8MLsBsGIsV,三方unionId白名单,101
0060,2026-09-17,LKUS_physical_order_create,feature_kqtp6XVcXXiQ,手机号白名单,101
0060,2026-09-17,LKUS_physical_order_create,feature_5caBWmAHDcCQ,邮箱白名单,101
0060,2026-09-17,LKUS_physical_order_create,feature_K0JuGvXPoQsS,网关uid白名单,101
0060,2026-09-17,LKUS_physical_order_create,feature_3CSh3LRVobu7,手机号黑名单,90
0060,2026-09-17,LKUS_physical_order_create,feature_jkeS0N10RDAn,网关uid黑名单,90
0060,2026-09-17,LKUS_physical_order_create,feature_7qCVo92BIECU,三方unionId黑名单,90
0060,2026-09-17,LKUS_physical_order_create,feature_9tl8mW2Gembc,邮箱黑名单,90
0060,2026-09-17,LKUS_physical_order_create,feature_cOkhRQVI91IV,ip黑名单,90
0060,2026-09-17,LKUS_physical_order_create,feature_XtxCPW1x9QTU,ip C段黑名单,90
0060,2026-09-17,LKUS_physical_order_create,feature_g43LuQcahzCJ,用户编号黑名单,90
0060,2026-09-17,LKUS_physical_order_create,feature_MHv7nra5Z6T5,reCAPTCHA V3 token是否有效,50
0060,2026-09-17,LKUS_payment,feature_oxYJ6qJ3BAfv,用户编号白名单,100
0060,2026-09-17,LKUS_payment,feature_P5eYl9a699fA,ip白名单,100
0060,2026-09-17,LKUS_payment,feature_vTICzBPfD3Ds,ip C段白名单,100
0060,2026-09-17,LKUS_payment,feature_yo8MLsBsGIsV,三方unionId白名单,100
0060,2026-09-17,LKUS_payment,feature_kqtp6XVcXXiQ,手机号白名单,100
0060,2026-09-17,LKUS_payment,feature_5caBWmAHDcCQ,邮箱白名单,100
0060,2026-09-17,LKUS_payment,feature_K0JuGvXPoQsS,网关uid白名单,100
0060,2026-09-17,LKUS_payment,feature_3CSh3LRVobu7,手机号黑名单,88
0060,2026-09-17,LKUS_payment,feature_jkeS0N10RDAn,网关uid黑名单,88
0060,2026-09-17,LKUS_payment,feature_7qCVo92BIECU,三方unionId黑名单,88
0060,2026-09-17,LKUS_payment,feature_9tl8mW2Gembc,邮箱黑名单,88
0060,2026-09-17,LKUS_payment,feature_cOkhRQVI91IV,ip黑名单,88
0060,2026-09-17,LKUS_payment,feature_XtxCPW1x9QTU,ip C段黑名单,88
0060,2026-09-17,LKUS_payment,feature_g43LuQcahzCJ,用户编号黑名单,88
0060,2026-09-17,LKUS_payment,feature_MHv7nra5Z6T5,reCAPTCHA V3 token是否有效,50
0060,2026-09-17,LKUS_payment,feature_TLXI8MNiNglz,reCAPTCHA V3风险分,38
0060,2026-09-17,LKUS_physical_order_create,feature_TLXI8MNiNglz,reCAPTCHA V3风险分,40
0060,2026-09-17,LKUS_register,feature_oxYJ6qJ3BAfv,用户编号白名单,6
0060,2026-09-17,LKUS_register,feature_P5eYl9a699fA,ip白名单,6
0060,2026-09-17,LKUS_register,feature_vTICzBPfD3Ds,ip C段白名单,6
0060,2026-09-17,LKUS_register,feature_yo8MLsBsGIsV,三方unionId白名单,6
0060,2026-09-17,LKUS_register,feature_kqtp6XVcXXiQ,手机号白名单,6
0060,2026-09-17,LKUS_register,feature_5caBWmAHDcCQ,邮箱白名单,6
0060,2026-09-17,LKUS_register,feature_K0JuGvXPoQsS,网关uid白名单,6
0060,2026-09-17,LKUS_register,feature_3CSh3LRVobu7,手机号黑名单,6
0060,2026-09-17,LKUS_register,feature_jkeS0N10RDAn,网关uid黑名单,6
0060,2026-09-17,LKUS_register,feature_7qCVo92BIECU,三方unionId黑名单,6
0060,2026-09-17,LKUS_register,feature_9tl8mW2Gembc,邮箱黑名单,6
0060,2026-09-17,LKUS_register,feature_cOkhRQVI91IV,ip黑名单,6
0060,2026-09-17,LKUS_register,feature_XtxCPW1x9QTU,ip C段黑名单,6
0060,2026-09-17,LKUS_register,feature_g43LuQcahzCJ,用户编号黑名单,6
0060,2026-09-17,LKUS_login,feature_TLXI8MNiNglz,reCAPTCHA V3风险分,6
0060,2026-09-17,LKUS_physical_order_cancel,feature_oxYJ6qJ3BAfv,用户编号白名单,2
0060,2026-09-17,LKUS_physical_order_cancel,feature_P5eYl9a699fA,ip白名单,2
0060,2026-09-17,LKUS_physical_order_cancel,feature_vTICzBPfD3Ds,ip C段白名单,2
0060,2026-09-17,LKUS_physical_order_cancel,feature_yo8MLsBsGIsV,三方unionId白名单,2
0060,2026-09-17,LKUS_physical_order_cancel,feature_kqtp6XVcXXiQ,手机号白名单,2
0060,2026-09-17,LKUS_physical_order_cancel,feature_5caBWmAHDcCQ,邮箱白名单,2
0060,2026-09-17,LKUS_physical_order_cancel,feature_K0JuGvXPoQsS,网关uid白名单,2
0060,2026-09-17,LKUS_physical_order_cancel,feature_3CSh3LRVobu7,手机号黑名单,2
0060,2026-09-17,LKUS_physical_order_cancel,feature_jkeS0N10RDAn,网关uid黑名单,2
0060,2026-09-17,LKUS_physical_order_cancel,feature_7qCVo92BIECU,三方unionId黑名单,2
0060,2026-09-17,LKUS_physical_order_cancel,feature_9tl8mW2Gembc,邮箱黑名单,2
0060,2026-09-17,LKUS_physical_order_cancel,feature_XtxCPW1x9QTU,ip C段黑名单,2
0060,2026-09-17,LKUS_physical_order_cancel,feature_g43LuQcahzCJ,用户编号黑名单,2
0060,2026-09-17,LKUS_physical_order_cancel,feature_cOkhRQVI91IV,ip黑名单,2
0060,2026-09-17,LKUS_push,feature_9EHsNcVBo6IN,IPC段近1天关联的国家区号个数,3
0060,2026-09-18,LKUS_push,feature_Fik6gvwY1tA6,手机号近1天的访问次数,72
0060,2026-09-18,LKUS_push,feature_oxYJ6qJ3BAfv,用户编号白名单,72
0060,2026-09-18,LKUS_push,feature_P5eYl9a699fA,ip白名单,72
0060,2026-09-18,LKUS_push,feature_vTICzBPfD3Ds,ip C段白名单,72
0060,2026-09-18,LKUS_push,feature_yo8MLsBsGIsV,三方unionId白名单,72
0060,2026-09-18,LKUS_push,feature_kqtp6XVcXXiQ,手机号白名单,72
0060,2026-09-18,LKUS_push,feature_5caBWmAHDcCQ,邮箱白名单,72
0060,2026-09-18,LKUS_push,feature_K0JuGvXPoQsS,网关uid白名单,72
0060,2026-09-18,LKUS_push,feature_3CSh3LRVobu7,手机号黑名单,70
0060,2026-09-18,LKUS_push,feature_jkeS0N10RDAn,网关uid黑名单,70
0060,2026-09-18,LKUS_push,feature_7qCVo92BIECU,三方unionId黑名单,70
0060,2026-09-18,LKUS_push,feature_9tl8mW2Gembc,邮箱黑名单,70
0060,2026-09-18,LKUS_push,feature_cOkhRQVI91IV,ip黑名单,70
0060,2026-09-18,LKUS_push,feature_XtxCPW1x9QTU,ip C段黑名单,70
0060,2026-09-18,LKUS_push,feature_g43LuQcahzCJ,用户编号黑名单,70
0060,2026-09-18,LKUS_push,feature_dqBHKec09Wwa,同区号近60分钟未携带recaptchaV3token 访问次数,70
0060,2026-09-18,LKUS_push,feature_UOJYBEifd5Jn,区号近60分钟的访问次数,70
0060,2026-09-18,LKUS_push,feature_dtoJoDcUgCcr,同区号近60分钟对应手机号个数,70
0060,2026-09-18,LKUS_push,feature_Ym70ZsfxQKSc,一分钟请求量,70
0060,2026-09-18,LKUS_push,feature_9EHsNcVBo6IN,IPC段近1天关联的国家区号个数,70
0060,2026-09-18,LKUS_push,feature_TGPe0mjAPwR5,IP近60分钟关联的国家区号个数,70
0060,2026-09-18,LKUS_push,feature_pf88qk27w76j,区号近5分钟的访问次数,70
0060,2026-09-18,LKUS_push,feature_7DbBgowc2mEl,IP近1分钟的访问次数,70
0060,2026-09-18,LKUS_push,feature_WxHUxqIN0IuS,同IP近5分钟的访问次数,70
0060,2026-09-18,LKUS_push,feature_YkpmaKaJhcdG,区号近1天内的访问次数,70
0060,2026-09-18,LKUS_push,feature_e1Kmz7JqzsWc,同区号近60分钟V3token为空对应手机号个数,70
0060,2026-09-18,LKUS_push,feature_lydpDiga6SB9,手机号近5分钟的访问次数,70
0060,2026-09-18,LKUS_push,feature_n91JeGM6gD6i,同区号近60分钟非美国IP访问次数,70
0060,2026-09-18,LKUS_push,feature_SdA1CjZvNCMG,区号近1分钟的访问次数,70
0060,2026-09-18,LKUS_push,feature_MHv7nra5Z6T5,reCAPTCHA V3 token是否有效,17
0060,2026-09-18,LKUS_push,feature_53Ck9TgChpTW,IP近5分钟关联的手机号个数,70
0060,2026-09-18,LKUS_push,feature_IPwzfPamC8eW,同手机号30分钟关联的IP city个数,70
0060,2026-09-18,LKUS_push,feature_JaT2oyzVtD0q,手机号近1分钟的访问次数,70
0060,2026-09-18,LKUS_push,feature_6qwgYPGGuJZ4,IPC段近10分钟关联的手机号个数,70
0060,2026-09-18,LKUS_push,feature_KtSZtJ9w7f9r,IPC段近1分钟关联的手机号个数,70
0060,2026-09-18,LKUS_push,feature_VItdlLjtEYnQ,IPC段近1天关联的手机号个数,70
0060,2026-09-18,LKUS_push,feature_r1bhlQnbfRHb,IP近60分钟关联的手机号个数,70
0060,2026-09-18,LKUS_push,feature_nnsdzZLQKPZ7,IP近10分钟关联的手机号个数,70
0060,2026-09-18,LKUS_push,feature_Wg4dZ6VJBuTb,IP近1分钟关联的手机号个数,70
0060,2026-09-18,LKUS_push,feature_hspErCH8fSCE,手机号近30分钟的访问次数,70
0060,2026-09-18,LKUS_push,feature_TLXI8MNiNglz,reCAPTCHA V3风险分,53
0060,2026-09-18,LKUS_physical_order_create,feature_vTICzBPfD3Ds,ip C段白名单,73
0060,2026-09-18,LKUS_physical_order_create,feature_P5eYl9a699fA,ip白名单,73
0060,2026-09-18,LKUS_physical_order_create,feature_oxYJ6qJ3BAfv,用户编号白名单,73
0060,2026-09-18,LKUS_physical_order_create,feature_yo8MLsBsGIsV,三方unionId白名单,73
0060,2026-09-18,LKUS_physical_order_create,feature_kqtp6XVcXXiQ,手机号白名单,73
0060,2026-09-18,LKUS_physical_order_create,feature_K0JuGvXPoQsS,网关uid白名单,73
0060,2026-09-18,LKUS_physical_order_create,feature_5caBWmAHDcCQ,邮箱白名单,73
0060,2026-09-18,LKUS_physical_order_create,feature_3CSh3LRVobu7,手机号黑名单,66
0060,2026-09-18,LKUS_physical_order_create,feature_jkeS0N10RDAn,网关uid黑名单,66
0060,2026-09-18,LKUS_physical_order_create,feature_7qCVo92BIECU,三方unionId黑名单,66
0060,2026-09-18,LKUS_physical_order_create,feature_9tl8mW2Gembc,邮箱黑名单,66
0060,2026-09-18,LKUS_physical_order_create,feature_XtxCPW1x9QTU,ip C段黑名单,66
0060,2026-09-18,LKUS_physical_order_create,feature_g43LuQcahzCJ,用户编号黑名单,66
0060,2026-09-18,LKUS_physical_order_create,feature_cOkhRQVI91IV,ip黑名单,66
0060,2026-09-18,LKUS_physical_order_create,feature_TLXI8MNiNglz,reCAPTCHA V3风险分,35
0060,2026-09-18,LKUS_payment,feature_vTICzBPfD3Ds,ip C段白名单,74
0060,2026-09-18,LKUS_payment,feature_oxYJ6qJ3BAfv,用户编号白名单,74
0060,2026-09-18,LKUS_payment,feature_P5eYl9a699fA,ip白名单,74
0060,2026-09-18,LKUS_payment,feature_yo8MLsBsGIsV,三方unionId白名单,74
0060,2026-09-18,LKUS_payment,feature_kqtp6XVcXXiQ,手机号白名单,74
0060,2026-09-18,LKUS_payment,feature_K0JuGvXPoQsS,网关uid白名单,74
0060,2026-09-18,LKUS_payment,feature_5caBWmAHDcCQ,邮箱白名单,74
0060,2026-09-18,LKUS_payment,feature_3CSh3LRVobu7,手机号黑名单,66
0060,2026-09-18,LKUS_payment,feature_jkeS0N10RDAn,网关uid黑名单,66
0060,2026-09-18,LKUS_payment,feature_7qCVo92BIECU,三方unionId黑名单,66
0060,2026-09-18,LKUS_payment,feature_9tl8mW2Gembc,邮箱黑名单,66
0060,2026-09-18,LKUS_payment,feature_g43LuQcahzCJ,用户编号黑名单,66
0060,2026-09-18,LKUS_payment,feature_XtxCPW1x9QTU,ip C段黑名单,66
0060,2026-09-18,LKUS_payment,feature_cOkhRQVI91IV,ip黑名单,66
0060,2026-09-18,LKUS_payment,feature_MHv7nra5Z6T5,reCAPTCHA V3 token是否有效,37
0060,2026-09-18,LKUS_physical_order_create,feature_MHv7nra5Z6T5,reCAPTCHA V3 token是否有效,31
0060,2026-09-18,LKUS_payment,feature_TLXI8MNiNglz,reCAPTCHA V3风险分,29
0060,2026-09-18,LKUS_login,feature_vTICzBPfD3Ds,ip C段白名单,23
0060,2026-09-18,LKUS_login,feature_P5eYl9a699fA,ip白名单,23
0060,2026-09-18,LKUS_login,feature_oxYJ6qJ3BAfv,用户编号白名单,23
0060,2026-09-18,LKUS_login,feature_yo8MLsBsGIsV,三方unionId白名单,23
0060,2026-09-18,LKUS_login,feature_kqtp6XVcXXiQ,手机号白名单,23
0060,2026-09-18,LKUS_login,feature_K0JuGvXPoQsS,网关uid白名单,23
0060,2026-09-18,LKUS_login,feature_5caBWmAHDcCQ,邮箱白名单,23
0060,2026-09-18,LKUS_login,feature_3CSh3LRVobu7,手机号黑名单,22
0060,2026-09-18,LKUS_login,feature_jkeS0N10RDAn,网关uid黑名单,22
0060,2026-09-18,LKUS_login,feature_7qCVo92BIECU,三方unionId黑名单,22
0060,2026-09-18,LKUS_login,feature_9tl8mW2Gembc,邮箱黑名单,22
0060,2026-09-18,LKUS_login,feature_XtxCPW1x9QTU,ip C段黑名单,22
0060,2026-09-18,LKUS_login,feature_g43LuQcahzCJ,用户编号黑名单,22
0060,2026-09-18,LKUS_login,feature_cOkhRQVI91IV,ip黑名单,22
0060,2026-09-18,LKUS_login,feature_TLXI8MNiNglz,reCAPTCHA V3风险分,12
0060,2026-09-18,LKUS_grant_new_user_coupon,feature_vTICzBPfD3Ds,ip C段白名单,12
0060,2026-09-18,LKUS_grant_new_user_coupon,feature_P5eYl9a699fA,ip白名单,12
0060,2026-09-18,LKUS_grant_new_user_coupon,feature_oxYJ6qJ3BAfv,用户编号白名单,12
0060,2026-09-18,LKUS_grant_new_user_coupon,feature_yo8MLsBsGIsV,三方unionId白名单,12
0060,2026-09-18,LKUS_grant_new_user_coupon,feature_kqtp6XVcXXiQ,手机号白名单,12
0060,2026-09-18,LKUS_grant_new_user_coupon,feature_K0JuGvXPoQsS,网关uid白名单,12
0060,2026-09-18,LKUS_grant_new_user_coupon,feature_5caBWmAHDcCQ,邮箱白名单,12
0060,2026-09-18,LKUS_grant_new_user_coupon,feature_3CSh3LRVobu7,手机号黑名单,12
0060,2026-09-18,LKUS_grant_new_user_coupon,feature_jkeS0N10RDAn,网关uid黑名单,12
0060,2026-09-18,LKUS_grant_new_user_coupon,feature_7qCVo92BIECU,三方unionId黑名单,12
0060,2026-09-18,LKUS_grant_new_user_coupon,feature_9tl8mW2Gembc,邮箱黑名单,12
0060,2026-09-18,LKUS_grant_new_user_coupon,feature_XtxCPW1x9QTU,ip C段黑名单,12
0060,2026-09-18,LKUS_grant_new_user_coupon,feature_g43LuQcahzCJ,用户编号黑名单,12
0060,2026-09-18,LKUS_grant_new_user_coupon,feature_cOkhRQVI91IV,ip黑名单,12
0060,2026-09-18,LKUS_login,feature_MHv7nra5Z6T5,reCAPTCHA V3 token是否有效,10
0060,2026-09-18,LKUS_register,feature_vTICzBPfD3Ds,ip C段白名单,3
0060,2026-09-18,LKUS_register,feature_oxYJ6qJ3BAfv,用户编号白名单,3
0060,2026-09-18,LKUS_register,feature_P5eYl9a699fA,ip白名单,3
0060,2026-09-18,LKUS_register,feature_yo8MLsBsGIsV,三方unionId白名单,3
0060,2026-09-18,LKUS_register,feature_kqtp6XVcXXiQ,手机号白名单,3
0060,2026-09-18,LKUS_register,feature_K0JuGvXPoQsS,网关uid白名单,3
0060,2026-09-18,LKUS_register,feature_5caBWmAHDcCQ,邮箱白名单,3
0060,2026-09-18,LKUS_register,feature_3CSh3LRVobu7,手机号黑名单,3
0060,2026-09-18,LKUS_register,feature_jkeS0N10RDAn,网关uid黑名单,3
0060,2026-09-18,LKUS_register,feature_7qCVo92BIECU,三方unionId黑名单,3
0060,2026-09-18,LKUS_register,feature_9tl8mW2Gembc,邮箱黑名单,3
0060,2026-09-18,LKUS_register,feature_g43LuQcahzCJ,用户编号黑名单,3
0060,2026-09-18,LKUS_register,feature_XtxCPW1x9QTU,ip C段黑名单,3
0060,2026-09-18,LKUS_register,feature_cOkhRQVI91IV,ip黑名单,3
0060,2026-09-18,LKUS_physical_order_cancel,feature_vTICzBPfD3Ds,ip C段白名单,2
0060,2026-09-18,LKUS_physical_order_cancel,feature_P5eYl9a699fA,ip白名单,2
0060,2026-09-18,LKUS_physical_order_cancel,feature_oxYJ6qJ3BAfv,用户编号白名单,2
0060,2026-09-18,LKUS_physical_order_cancel,feature_yo8MLsBsGIsV,三方unionId白名单,2
0060,2026-09-18,LKUS_physical_order_cancel,feature_kqtp6XVcXXiQ,手机号白名单,2
0060,2026-09-18,LKUS_physical_order_cancel,feature_K0JuGvXPoQsS,网关uid白名单,2
0060,2026-09-18,LKUS_physical_order_cancel,feature_5caBWmAHDcCQ,邮箱白名单,2
0060,2026-09-18,LKUS_physical_order_cancel,feature_3CSh3LRVobu7,手机号黑名单,2
0060,2026-09-18,LKUS_physical_order_cancel,feature_jkeS0N10RDAn,网关uid黑名单,2
0060,2026-09-18,LKUS_physical_order_cancel,feature_7qCVo92BIECU,三方unionId黑名单,2
0060,2026-09-18,LKUS_physical_order_cancel,feature_9tl8mW2Gembc,邮箱黑名单,2
0060,2026-09-18,LKUS_physical_order_cancel,feature_XtxCPW1x9QTU,ip C段黑名单,2
0060,2026-09-18,LKUS_physical_order_cancel,feature_g43LuQcahzCJ,用户编号黑名单,2
0060,2026-09-18,LKUS_physical_order_cancel,feature_cOkhRQVI91IV,ip黑名单,2
0060,2026-09-18,LKUS_push,feature_bvE9FL19wqag,同IP近5分钟关联手机号累计数,11
0060,2026-09-18,LKUS_push,feature_AemrK847uPtt,同IP近1分钟关联手机号累计数,11
0060,2026-09-19,LKUS_push,feature_Fik6gvwY1tA6,手机号近1天的访问次数,56
0060,2026-09-19,LKUS_push,feature_vTICzBPfD3Ds,ip C段白名单,56
0060,2026-09-19,LKUS_push,feature_oxYJ6qJ3BAfv,用户编号白名单,56
0060,2026-09-19,LKUS_push,feature_P5eYl9a699fA,ip白名单,56
0060,2026-09-19,LKUS_push,feature_yo8MLsBsGIsV,三方unionId白名单,56
0060,2026-09-19,LKUS_push,feature_kqtp6XVcXXiQ,手机号白名单,56
0060,2026-09-19,LKUS_push,feature_K0JuGvXPoQsS,网关uid白名单,56
0060,2026-09-19,LKUS_push,feature_5caBWmAHDcCQ,邮箱白名单,56
0060,2026-09-19,LKUS_push,feature_3CSh3LRVobu7,手机号黑名单,55
0060,2026-09-19,LKUS_push,feature_jkeS0N10RDAn,网关uid黑名单,55
0060,2026-09-19,LKUS_push,feature_7qCVo92BIECU,三方unionId黑名单,55
0060,2026-09-19,LKUS_push,feature_9tl8mW2Gembc,邮箱黑名单,55
0060,2026-09-19,LKUS_push,feature_g43LuQcahzCJ,用户编号黑名单,55
0060,2026-09-19,LKUS_push,feature_XtxCPW1x9QTU,ip C段黑名单,55
0060,2026-09-19,LKUS_push,feature_cOkhRQVI91IV,ip黑名单,55
0060,2026-09-19,LKUS_push,feature_nnsdzZLQKPZ7,IP近10分钟关联的手机号个数,55
0060,2026-09-19,LKUS_push,feature_Ym70ZsfxQKSc,一分钟请求量,55
0060,2026-09-19,LKUS_push,feature_pf88qk27w76j,区号近5分钟的访问次数,55
0060,2026-09-19,LKUS_push,feature_dtoJoDcUgCcr,同区号近60分钟对应手机号个数,55
0060,2026-09-19,LKUS_push,feature_bvE9FL19wqag,同IP近5分钟关联手机号累计数,54
0060,2026-09-19,LKUS_push,feature_TLXI8MNiNglz,reCAPTCHA V3风险分,55
0060,2026-09-19,LKUS_push,feature_TGPe0mjAPwR5,IP近60分钟关联的国家区号个数,55
0060,2026-09-19,LKUS_push,feature_YkpmaKaJhcdG,区号近1天内的访问次数,55
0060,2026-09-19,LKUS_push,feature_7DbBgowc2mEl,IP近1分钟的访问次数,55
0060,2026-09-19,LKUS_push,feature_6qwgYPGGuJZ4,IPC段近10分钟关联的手机号个数,55
0060,2026-09-19,LKUS_push,feature_KtSZtJ9w7f9r,IPC段近1分钟关联的手机号个数,55
0060,2026-09-19,LKUS_push,feature_JaT2oyzVtD0q,手机号近1分钟的访问次数,55
0060,2026-09-19,LKUS_push,feature_UOJYBEifd5Jn,区号近60分钟的访问次数,55
0060,2026-09-19,LKUS_push,feature_e1Kmz7JqzsWc,同区号近60分钟V3token为空对应手机号个数,55
0060,2026-09-19,LKUS_push,feature_IPwzfPamC8eW,同手机号30分钟关联的IP city个数,55
0060,2026-09-19,LKUS_push,feature_n91JeGM6gD6i,同区号近60分钟非美国IP访问次数,55
0060,2026-09-19,LKUS_push,feature_53Ck9TgChpTW,IP近5分钟关联的手机号个数,55
0060,2026-09-19,LKUS_push,feature_hspErCH8fSCE,手机号近30分钟的访问次数,55
0060,2026-09-19,LKUS_push,feature_SdA1CjZvNCMG,区号近1分钟的访问次数,55
0060,2026-09-19,LKUS_push,feature_lydpDiga6SB9,手机号近5分钟的访问次数,55
0060,2026-09-19,LKUS_push,feature_WxHUxqIN0IuS,同IP近5分钟的访问次数,55
0060,2026-09-19,LKUS_push,feature_AemrK847uPtt,同IP近1分钟关联手机号累计数,54
0060,2026-09-19,LKUS_push,feature_VItdlLjtEYnQ,IPC段近1天关联的手机号个数,55
0060,2026-09-19,LKUS_push,feature_Wg4dZ6VJBuTb,IP近1分钟关联的手机号个数,55
0060,2026-09-19,LKUS_push,feature_9EHsNcVBo6IN,IPC段近1天关联的国家区号个数,55
0060,2026-09-19,LKUS_push,feature_r1bhlQnbfRHb,IP近60分钟关联的手机号个数,55
0060,2026-09-19,LKUS_push,feature_dqBHKec09Wwa,同区号近60分钟未携带recaptchaV3token 访问次数,55
0060,2026-09-19,LKUS_register,feature_vTICzBPfD3Ds,ip C段白名单,4
0060,2026-09-19,LKUS_register,feature_oxYJ6qJ3BAfv,用户编号白名单,4
0060,2026-09-19,LKUS_register,feature_P5eYl9a699fA,ip白名单,4
0060,2026-09-19,LKUS_register,feature_yo8MLsBsGIsV,三方unionId白名单,4
0060,2026-09-19,LKUS_register,feature_kqtp6XVcXXiQ,手机号白名单,4
0060,2026-09-19,LKUS_register,feature_K0JuGvXPoQsS,网关uid白名单,4
0060,2026-09-19,LKUS_register,feature_5caBWmAHDcCQ,邮箱白名单,4
0060,2026-09-19,LKUS_register,feature_3CSh3LRVobu7,手机号黑名单,4
0060,2026-09-19,LKUS_register,feature_jkeS0N10RDAn,网关uid黑名单,4
0060,2026-09-19,LKUS_register,feature_7qCVo92BIECU,三方unionId黑名单,4
0060,2026-09-19,LKUS_register,feature_9tl8mW2Gembc,邮箱黑名单,4
0060,2026-09-19,LKUS_register,feature_g43LuQcahzCJ,用户编号黑名单,4
0060,2026-09-19,LKUS_register,feature_XtxCPW1x9QTU,ip C段黑名单,4
0060,2026-09-19,LKUS_register,feature_cOkhRQVI91IV,ip黑名单,4
0060,2026-09-19,LKUS_physical_order_create,feature_vTICzBPfD3Ds,ip C段白名单,83
0060,2026-09-19,LKUS_physical_order_create,feature_oxYJ6qJ3BAfv,用户编号白名单,83
0060,2026-09-19,LKUS_physical_order_create,feature_P5eYl9a699fA,ip白名单,83
0060,2026-09-19,LKUS_physical_order_create,feature_yo8MLsBsGIsV,三方unionId白名单,83
0060,2026-09-19,LKUS_physical_order_create,feature_kqtp6XVcXXiQ,手机号白名单,83
0060,2026-09-19,LKUS_physical_order_create,feature_K0JuGvXPoQsS,网关uid白名单,83
0060,2026-09-19,LKUS_physical_order_create,feature_5caBWmAHDcCQ,邮箱白名单,83
0060,2026-09-19,LKUS_payment,feature_vTICzBPfD3Ds,ip C段白名单,82
0060,2026-09-19,LKUS_payment,feature_P5eYl9a699fA,ip白名单,82
0060,2026-09-19,LKUS_payment,feature_oxYJ6qJ3BAfv,用户编号白名单,82
0060,2026-09-19,LKUS_payment,feature_yo8MLsBsGIsV,三方unionId白名单,82
0060,2026-09-19,LKUS_payment,feature_kqtp6XVcXXiQ,手机号白名单,82
0060,2026-09-19,LKUS_payment,feature_K0JuGvXPoQsS,网关uid白名单,82
0060,2026-09-19,LKUS_payment,feature_5caBWmAHDcCQ,邮箱白名单,82
0060,2026-09-19,LKUS_physical_order_create,feature_3CSh3LRVobu7,手机号黑名单,58
0060,2026-09-19,LKUS_physical_order_create,feature_jkeS0N10RDAn,网关uid黑名单,58
0060,2026-09-19,LKUS_physical_order_create,feature_7qCVo92BIECU,三方unionId黑名单,58
0060,2026-09-19,LKUS_physical_order_create,feature_9tl8mW2Gembc,邮箱黑名单,58
0060,2026-09-19,LKUS_physical_order_create,feature_g43LuQcahzCJ,用户编号黑名单,58
0060,2026-09-19,LKUS_physical_order_create,feature_XtxCPW1x9QTU,ip C段黑名单,58
0060,2026-09-19,LKUS_physical_order_create,feature_cOkhRQVI91IV,ip黑名单,58
0060,2026-09-19,LKUS_physical_order_create,feature_MHv7nra5Z6T5,reCAPTCHA V3 token是否有效,27
0060,2026-09-19,LKUS_payment,feature_3CSh3LRVobu7,手机号黑名单,56
0060,2026-09-19,LKUS_payment,feature_jkeS0N10RDAn,网关uid黑名单,56
0060,2026-09-19,LKUS_payment,feature_7qCVo92BIECU,三方unionId黑名单,56
0060,2026-09-19,LKUS_payment,feature_9tl8mW2Gembc,邮箱黑名单,56
0060,2026-09-19,LKUS_payment,feature_XtxCPW1x9QTU,ip C段黑名单,56
0060,2026-09-19,LKUS_payment,feature_g43LuQcahzCJ,用户编号黑名单,56
0060,2026-09-19,LKUS_payment,feature_cOkhRQVI91IV,ip黑名单,56
0060,2026-09-19,LKUS_payment,feature_TLXI8MNiNglz,reCAPTCHA V3风险分,28
0060,2026-09-19,LKUS_physical_order_create,feature_TLXI8MNiNglz,reCAPTCHA V3风险分,31
0060,2026-09-19,LKUS_login,feature_vTICzBPfD3Ds,ip C段白名单,25
0060,2026-09-19,LKUS_login,feature_oxYJ6qJ3BAfv,用户编号白名单,25
0060,2026-09-19,LKUS_login,feature_P5eYl9a699fA,ip白名单,25
0060,2026-09-19,LKUS_login,feature_yo8MLsBsGIsV,三方unionId白名单,25
0060,2026-09-19,LKUS_login,feature_kqtp6XVcXXiQ,手机号白名单,25
0060,2026-09-19,LKUS_login,feature_K0JuGvXPoQsS,网关uid白名单,25
0060,2026-09-19,LKUS_login,feature_5caBWmAHDcCQ,邮箱白名单,25
0060,2026-09-19,LKUS_login,feature_3CSh3LRVobu7,手机号黑名单,21
0060,2026-09-19,LKUS_login,feature_jkeS0N10RDAn,网关uid黑名单,21
0060,2026-09-19,LKUS_login,feature_7qCVo92BIECU,三方unionId黑名单,21
0060,2026-09-19,LKUS_login,feature_9tl8mW2Gembc,邮箱黑名单,21
0060,2026-09-19,LKUS_login,feature_g43LuQcahzCJ,用户编号黑名单,21
0060,2026-09-19,LKUS_login,feature_XtxCPW1x9QTU,ip C段黑名单,21
0060,2026-09-19,LKUS_login,feature_cOkhRQVI91IV,ip黑名单,21
0060,2026-09-19,LKUS_login,feature_MHv7nra5Z6T5,reCAPTCHA V3 token是否有效,13
0060,2026-09-19,LKUS_grant_new_user_coupon,feature_vTICzBPfD3Ds,ip C段白名单,13
0060,2026-09-19,LKUS_grant_new_user_coupon,feature_P5eYl9a699fA,ip白名单,13
0060,2026-09-19,LKUS_grant_new_user_coupon,feature_oxYJ6qJ3BAfv,用户编号白名单,13
0060,2026-09-19,LKUS_grant_new_user_coupon,feature_yo8MLsBsGIsV,三方unionId白名单,13
0060,2026-09-19,LKUS_grant_new_user_coupon,feature_kqtp6XVcXXiQ,手机号白名单,13
0060,2026-09-19,LKUS_grant_new_user_coupon,feature_K0JuGvXPoQsS,网关uid白名单,13
0060,2026-09-19,LKUS_grant_new_user_coupon,feature_5caBWmAHDcCQ,邮箱白名单,13
0060,2026-09-19,LKUS_grant_new_user_coupon,feature_3CSh3LRVobu7,手机号黑名单,13
0060,2026-09-19,LKUS_grant_new_user_coupon,feature_jkeS0N10RDAn,网关uid黑名单,13
0060,2026-09-19,LKUS_grant_new_user_coupon,feature_7qCVo92BIECU,三方unionId黑名单,13
0060,2026-09-19,LKUS_grant_new_user_coupon,feature_9tl8mW2Gembc,邮箱黑名单,13
0060,2026-09-19,LKUS_grant_new_user_coupon,feature_XtxCPW1x9QTU,ip C段黑名单,13
0060,2026-09-19,LKUS_grant_new_user_coupon,feature_g43LuQcahzCJ,用户编号黑名单,13
0060,2026-09-19,LKUS_grant_new_user_coupon,feature_cOkhRQVI91IV,ip黑名单,13
0060,2026-09-19,LKUS_payment,feature_MHv7nra5Z6T5,reCAPTCHA V3 token是否有效,28
0060,2026-09-19,LKUS_login,feature_TLXI8MNiNglz,reCAPTCHA V3风险分,8
0060,2026-09-19,LKUS_push,feature_AemrK847uPtt,同IP同手机号近1分钟累计请求次数,1
0060,2026-09-19,LKUS_push,feature_bvE9FL19wqag,同IP同手机号近5分钟累计请求次数,1
0060,2026-09-20,LKUS_push,feature_Fik6gvwY1tA6,手机号近1天的访问次数,48
0060,2026-09-20,LKUS_push,feature_vTICzBPfD3Ds,ip C段白名单,48
0060,2026-09-20,LKUS_push,feature_oxYJ6qJ3BAfv,用户编号白名单,48
0060,2026-09-20,LKUS_push,feature_P5eYl9a699fA,ip白名单,48
0060,2026-09-20,LKUS_push,feature_yo8MLsBsGIsV,三方unionId白名单,48
0060,2026-09-20,LKUS_push,feature_kqtp6XVcXXiQ,手机号白名单,48
0060,2026-09-20,LKUS_push,feature_K0JuGvXPoQsS,网关uid白名单,48
0060,2026-09-20,LKUS_push,feature_5caBWmAHDcCQ,邮箱白名单,48
0060,2026-09-20,LKUS_push,feature_3CSh3LRVobu7,手机号黑名单,47
0060,2026-09-20,LKUS_push,feature_jkeS0N10RDAn,网关uid黑名单,47
0060,2026-09-20,LKUS_push,feature_7qCVo92BIECU,三方unionId黑名单,47
0060,2026-09-20,LKUS_push,feature_9tl8mW2Gembc,邮箱黑名单,47
0060,2026-09-20,LKUS_push,feature_g43LuQcahzCJ,用户编号黑名单,47
0060,2026-09-20,LKUS_push,feature_XtxCPW1x9QTU,ip C段黑名单,47
0060,2026-09-20,LKUS_push,feature_cOkhRQVI91IV,ip黑名单,47
0060,2026-09-20,LKUS_push,feature_nnsdzZLQKPZ7,IP近10分钟关联的手机号个数,47
0060,2026-09-20,LKUS_push,feature_Ym70ZsfxQKSc,一分钟请求量,47
0060,2026-09-20,LKUS_push,feature_pf88qk27w76j,区号近5分钟的访问次数,47
0060,2026-09-20,LKUS_push,feature_dtoJoDcUgCcr,同区号近60分钟对应手机号个数,47
0060,2026-09-20,LKUS_push,feature_AemrK847uPtt,同IP同手机号近1分钟累计请求次数,47
0060,2026-09-20,LKUS_push,feature_TLXI8MNiNglz,reCAPTCHA V3风险分,47
0060,2026-09-20,LKUS_push,feature_TGPe0mjAPwR5,IP近60分钟关联的国家区号个数,47
0060,2026-09-20,LKUS_push,feature_YkpmaKaJhcdG,区号近1天内的访问次数,47
0060,2026-09-20,LKUS_push,feature_bvE9FL19wqag,同IP同手机号近5分钟累计请求次数,47
0060,2026-09-20,LKUS_push,feature_7DbBgowc2mEl,IP近1分钟的访问次数,47
0060,2026-09-20,LKUS_push,feature_6qwgYPGGuJZ4,IPC段近10分钟关联的手机号个数,47
0060,2026-09-20,LKUS_push,feature_KtSZtJ9w7f9r,IPC段近1分钟关联的手机号个数,47
0060,2026-09-20,LKUS_push,feature_JaT2oyzVtD0q,手机号近1分钟的访问次数,47
0060,2026-09-20,LKUS_push,feature_UOJYBEifd5Jn,区号近60分钟的访问次数,47
0060,2026-09-20,LKUS_push,feature_e1Kmz7JqzsWc,同区号近60分钟V3token为空对应手机号个数,47
0060,2026-09-20,LKUS_push,feature_IPwzfPamC8eW,同手机号30分钟关联的IP city个数,47
0060,2026-09-20,LKUS_push,feature_n91JeGM6gD6i,同区号近60分钟非美国IP访问次数,47
0060,2026-09-20,LKUS_push,feature_53Ck9TgChpTW,IP近5分钟关联的手机号个数,47
0060,2026-09-20,LKUS_push,feature_hspErCH8fSCE,手机号近30分钟的访问次数,47
0060,2026-09-20,LKUS_push,feature_SdA1CjZvNCMG,区号近1分钟的访问次数,47
0060,2026-09-20,LKUS_push,feature_lydpDiga6SB9,手机号近5分钟的访问次数,47
0060,2026-09-20,LKUS_push,feature_WxHUxqIN0IuS,同IP近5分钟的访问次数,47
0060,2026-09-20,LKUS_push,feature_VItdlLjtEYnQ,IPC段近1天关联的手机号个数,47
0060,2026-09-20,LKUS_push,feature_Wg4dZ6VJBuTb,IP近1分钟关联的手机号个数,47
0060,2026-09-20,LKUS_push,feature_9EHsNcVBo6IN,IPC段近1天关联的国家区号个数,47
0060,2026-09-20,LKUS_push,feature_r1bhlQnbfRHb,IP近60分钟关联的手机号个数,47
0060,2026-09-20,LKUS_push,feature_dqBHKec09Wwa,同区号近60分钟未携带recaptchaV3token 访问次数,47
0060,2026-09-20,LKUS_login,feature_vTICzBPfD3Ds,ip C段白名单,7
0060,2026-09-20,LKUS_login,feature_oxYJ6qJ3BAfv,用户编号白名单,7
0060,2026-09-20,LKUS_login,feature_P5eYl9a699fA,ip白名单,7
0060,2026-09-20,LKUS_login,feature_yo8MLsBsGIsV,三方unionId白名单,7
0060,2026-09-20,LKUS_login,feature_kqtp6XVcXXiQ,手机号白名单,7
0060,2026-09-20,LKUS_login,feature_K0JuGvXPoQsS,网关uid白名单,7
0060,2026-09-20,LKUS_login,feature_5caBWmAHDcCQ,邮箱白名单,7
0060,2026-09-20,LKUS_login,feature_3CSh3LRVobu7,手机号黑名单,7
0060,2026-09-20,LKUS_login,feature_jkeS0N10RDAn,网关uid黑名单,7
0060,2026-09-20,LKUS_login,feature_7qCVo92BIECU,三方unionId黑名单,7
0060,2026-09-20,LKUS_login,feature_9tl8mW2Gembc,邮箱黑名单,7
0060,2026-09-20,LKUS_login,feature_g43LuQcahzCJ,用户编号黑名单,7
0060,2026-09-20,LKUS_login,feature_XtxCPW1x9QTU,ip C段黑名单,7
0060,2026-09-20,LKUS_login,feature_cOkhRQVI91IV,ip黑名单,7
0060,2026-09-20,LKUS_login,feature_MHv7nra5Z6T5,reCAPTCHA V3 token是否有效,4
0060,2026-09-20,LKUS_physical_order_create,feature_vTICzBPfD3Ds,ip C段白名单,42
0060,2026-09-20,LKUS_physical_order_create,feature_P5eYl9a699fA,ip白名单,42
0060,2026-09-20,LKUS_physical_order_create,feature_oxYJ6qJ3BAfv,用户编号白名单,42
0060,2026-09-20,LKUS_physical_order_create,feature_yo8MLsBsGIsV,三方unionId白名单,42
0060,2026-09-20,LKUS_physical_order_create,feature_kqtp6XVcXXiQ,手机号白名单,42
0060,2026-09-20,LKUS_physical_order_create,feature_K0JuGvXPoQsS,网关uid白名单,42
0060,2026-09-20,LKUS_physical_order_create,feature_5caBWmAHDcCQ,邮箱白名单,42
0060,2026-09-20,LKUS_physical_order_create,feature_3CSh3LRVobu7,手机号黑名单,36
0060,2026-09-20,LKUS_physical_order_create,feature_jkeS0N10RDAn,网关uid黑名单,36
0060,2026-09-20,LKUS_physical_order_create,feature_7qCVo92BIECU,三方unionId黑名单,36
0060,2026-09-20,LKUS_physical_order_create,feature_9tl8mW2Gembc,邮箱黑名单,36
0060,2026-09-20,LKUS_physical_order_create,feature_XtxCPW1x9QTU,ip C段黑名单,36
0060,2026-09-20,LKUS_physical_order_create,feature_g43LuQcahzCJ,用户编号黑名单,36
0060,2026-09-20,LKUS_physical_order_create,feature_cOkhRQVI91IV,ip黑名单,36
0060,2026-09-20,LKUS_physical_order_create,feature_TLXI8MNiNglz,reCAPTCHA V3风险分,22
0060,2026-09-20,LKUS_payment,feature_vTICzBPfD3Ds,ip C段白名单,43
0060,2026-09-20,LKUS_payment,feature_oxYJ6qJ3BAfv,用户编号白名单,43
0060,2026-09-20,LKUS_payment,feature_P5eYl9a699fA,ip白名单,43
0060,2026-09-20,LKUS_payment,feature_yo8MLsBsGIsV,三方unionId白名单,43
0060,2026-09-20,LKUS_payment,feature_kqtp6XVcXXiQ,手机号白名单,43
0060,2026-09-20,LKUS_payment,feature_K0JuGvXPoQsS,网关uid白名单,43
0060,2026-09-20,LKUS_payment,feature_5caBWmAHDcCQ,邮箱白名单,43
0060,2026-09-20,LKUS_payment,feature_3CSh3LRVobu7,手机号黑名单,37
0060,2026-09-20,LKUS_payment,feature_jkeS0N10RDAn,网关uid黑名单,37
0060,2026-09-20,LKUS_payment,feature_7qCVo92BIECU,三方unionId黑名单,37
0060,2026-09-20,LKUS_payment,feature_9tl8mW2Gembc,邮箱黑名单,37
0060,2026-09-20,LKUS_payment,feature_g43LuQcahzCJ,用户编号黑名单,37
0060,2026-09-20,LKUS_payment,feature_XtxCPW1x9QTU,ip C段黑名单,37
0060,2026-09-20,LKUS_payment,feature_cOkhRQVI91IV,ip黑名单,37
0060,2026-09-20,LKUS_payment,feature_MHv7nra5Z6T5,reCAPTCHA V3 token是否有效,21
0060,2026-09-20,LKUS_physical_order_create,feature_MHv7nra5Z6T5,reCAPTCHA V3 token是否有效,14
0060,2026-09-20,LKUS_payment,feature_TLXI8MNiNglz,reCAPTCHA V3风险分,16
0060,2026-09-20,LKUS_grant_new_user_coupon,feature_vTICzBPfD3Ds,ip C段白名单,6
0060,2026-09-20,LKUS_grant_new_user_coupon,feature_oxYJ6qJ3BAfv,用户编号白名单,6
0060,2026-09-20,LKUS_grant_new_user_coupon,feature_P5eYl9a699fA,ip白名单,6
0060,2026-09-20,LKUS_grant_new_user_coupon,feature_yo8MLsBsGIsV,三方unionId白名单,6
0060,2026-09-20,LKUS_grant_new_user_coupon,feature_kqtp6XVcXXiQ,手机号白名单,6
0060,2026-09-20,LKUS_grant_new_user_coupon,feature_K0JuGvXPoQsS,网关uid白名单,6
0060,2026-09-20,LKUS_grant_new_user_coupon,feature_5caBWmAHDcCQ,邮箱白名单,6
0060,2026-09-20,LKUS_grant_new_user_coupon,feature_3CSh3LRVobu7,手机号黑名单,6
0060,2026-09-20,LKUS_grant_new_user_coupon,feature_jkeS0N10RDAn,网关uid黑名单,6
0060,2026-09-20,LKUS_grant_new_user_coupon,feature_7qCVo92BIECU,三方unionId黑名单,6
0060,2026-09-20,LKUS_grant_new_user_coupon,feature_9tl8mW2Gembc,邮箱黑名单,6
0060,2026-09-20,LKUS_grant_new_user_coupon,feature_g43LuQcahzCJ,用户编号黑名单,6
0060,2026-09-20,LKUS_grant_new_user_coupon,feature_XtxCPW1x9QTU,ip C段黑名单,6
0060,2026-09-20,LKUS_grant_new_user_coupon,feature_cOkhRQVI91IV,ip黑名单,6
0060,2026-09-20,LKUS_login,feature_TLXI8MNiNglz,reCAPTCHA V3风险分,3
0060,2026-09-20,LKUS_register,feature_vTICzBPfD3Ds,ip C段白名单,5
0060,2026-09-20,LKUS_register,feature_P5eYl9a699fA,ip白名单,5
0060,2026-09-20,LKUS_register,feature_oxYJ6qJ3BAfv,用户编号白名单,5
0060,2026-09-20,LKUS_register,feature_yo8MLsBsGIsV,三方unionId白名单,5
0060,2026-09-20,LKUS_register,feature_kqtp6XVcXXiQ,手机号白名单,5
0060,2026-09-20,LKUS_register,feature_K0JuGvXPoQsS,网关uid白名单,5
0060,2026-09-20,LKUS_register,feature_5caBWmAHDcCQ,邮箱白名单,5
0060,2026-09-20,LKUS_register,feature_3CSh3LRVobu7,手机号黑名单,4
0060,2026-09-20,LKUS_register,feature_jkeS0N10RDAn,网关uid黑名单,4
0060,2026-09-20,LKUS_register,feature_7qCVo92BIECU,三方unionId黑名单,4
0060,2026-09-20,LKUS_register,feature_9tl8mW2Gembc,邮箱黑名单,4
0060,2026-09-20,LKUS_register,feature_XtxCPW1x9QTU,ip C段黑名单,4
0060,2026-09-20,LKUS_register,feature_g43LuQcahzCJ,用户编号黑名单,4
0060,2026-09-20,LKUS_register,feature_cOkhRQVI91IV,ip黑名单,4
0060,2026-09-21,LKUS_push,feature_Fik6gvwY1tA6,手机号近1天的访问次数,65
0060,2026-09-21,LKUS_push,feature_vTICzBPfD3Ds,ip C段白名单,65
0060,2026-09-21,LKUS_push,feature_oxYJ6qJ3BAfv,用户编号白名单,65
0060,2026-09-21,LKUS_push,feature_P5eYl9a699fA,ip白名单,65
0060,2026-09-21,LKUS_push,feature_yo8MLsBsGIsV,三方unionId白名单,65
0060,2026-09-21,LKUS_push,feature_kqtp6XVcXXiQ,手机号白名单,65
0060,2026-09-21,LKUS_push,feature_K0JuGvXPoQsS,网关uid白名单,65
0060,2026-09-21,LKUS_push,feature_5caBWmAHDcCQ,邮箱白名单,65
0060,2026-09-21,LKUS_push,feature_3CSh3LRVobu7,手机号黑名单,65
0060,2026-09-21,LKUS_push,feature_jkeS0N10RDAn,网关uid黑名单,65
0060,2026-09-21,LKUS_push,feature_7qCVo92BIECU,三方unionId黑名单,65
0060,2026-09-21,LKUS_push,feature_9tl8mW2Gembc,邮箱黑名单,65
0060,2026-09-21,LKUS_push,feature_g43LuQcahzCJ,用户编号黑名单,65
0060,2026-09-21,LKUS_push,feature_XtxCPW1x9QTU,ip C段黑名单,65
0060,2026-09-21,LKUS_push,feature_cOkhRQVI91IV,ip黑名单,65
0060,2026-09-21,LKUS_push,feature_nnsdzZLQKPZ7,IP近10分钟关联的手机号个数,65
0060,2026-09-21,LKUS_push,feature_Ym70ZsfxQKSc,一分钟请求量,65
0060,2026-09-21,LKUS_push,feature_pf88qk27w76j,区号近5分钟的访问次数,65
0060,2026-09-21,LKUS_push,feature_dtoJoDcUgCcr,同区号近60分钟对应手机号个数,65
0060,2026-09-21,LKUS_push,feature_AemrK847uPtt,同IP同手机号近1分钟累计请求次数,65
0060,2026-09-21,LKUS_push,feature_TLXI8MNiNglz,reCAPTCHA V3风险分,65
0060,2026-09-21,LKUS_push,feature_TGPe0mjAPwR5,IP近60分钟关联的国家区号个数,65
0060,2026-09-21,LKUS_push,feature_YkpmaKaJhcdG,区号近1天内的访问次数,65
0060,2026-09-21,LKUS_push,feature_bvE9FL19wqag,同IP同手机号近5分钟累计请求次数,65
0060,2026-09-21,LKUS_push,feature_7DbBgowc2mEl,IP近1分钟的访问次数,65
0060,2026-09-21,LKUS_push,feature_6qwgYPGGuJZ4,IPC段近10分钟关联的手机号个数,65
0060,2026-09-21,LKUS_push,feature_KtSZtJ9w7f9r,IPC段近1分钟关联的手机号个数,65
0060,2026-09-21,LKUS_push,feature_JaT2oyzVtD0q,手机号近1分钟的访问次数,65
0060,2026-09-21,LKUS_push,feature_UOJYBEifd5Jn,区号近60分钟的访问次数,65
0060,2026-09-21,LKUS_push,feature_e1Kmz7JqzsWc,同区号近60分钟V3token为空对应手机号个数,65
0060,2026-09-21,LKUS_push,feature_IPwzfPamC8eW,同手机号30分钟关联的IP city个数,65
0060,2026-09-21,LKUS_push,feature_n91JeGM6gD6i,同区号近60分钟非美国IP访问次数,65
0060,2026-09-21,LKUS_push,feature_53Ck9TgChpTW,IP近5分钟关联的手机号个数,65
0060,2026-09-21,LKUS_push,feature_hspErCH8fSCE,手机号近30分钟的访问次数,65
0060,2026-09-21,LKUS_push,feature_SdA1CjZvNCMG,区号近1分钟的访问次数,65
0060,2026-09-21,LKUS_push,feature_lydpDiga6SB9,手机号近5分钟的访问次数,65
0060,2026-09-21,LKUS_push,feature_WxHUxqIN0IuS,同IP近5分钟的访问次数,65
0060,2026-09-21,LKUS_push,feature_VItdlLjtEYnQ,IPC段近1天关联的手机号个数,65
0060,2026-09-21,LKUS_push,feature_Wg4dZ6VJBuTb,IP近1分钟关联的手机号个数,65
0060,2026-09-21,LKUS_push,feature_9EHsNcVBo6IN,IPC段近1天关联的国家区号个数,65
0060,2026-09-21,LKUS_push,feature_r1bhlQnbfRHb,IP近60分钟关联的手机号个数,65
0060,2026-09-21,LKUS_push,feature_dqBHKec09Wwa,同区号近60分钟未携带recaptchaV3token 访问次数,65
0060,2026-09-21,LKUS_login,feature_vTICzBPfD3Ds,ip C段白名单,10
0060,2026-09-21,LKUS_login,feature_oxYJ6qJ3BAfv,用户编号白名单,10
0060,2026-09-21,LKUS_login,feature_P5eYl9a699fA,ip白名单,10
0060,2026-09-21,LKUS_login,feature_yo8MLsBsGIsV,三方unionId白名单,10
0060,2026-09-21,LKUS_login,feature_kqtp6XVcXXiQ,手机号白名单,10
0060,2026-09-21,LKUS_login,feature_K0JuGvXPoQsS,网关uid白名单,10
0060,2026-09-21,LKUS_login,feature_5caBWmAHDcCQ,邮箱白名单,10
0060,2026-09-21,LKUS_login,feature_3CSh3LRVobu7,手机号黑名单,10
0060,2026-09-21,LKUS_login,feature_jkeS0N10RDAn,网关uid黑名单,10
0060,2026-09-21,LKUS_login,feature_7qCVo92BIECU,三方unionId黑名单,10
0060,2026-09-21,LKUS_login,feature_9tl8mW2Gembc,邮箱黑名单,10
0060,2026-09-21,LKUS_login,feature_g43LuQcahzCJ,用户编号黑名单,10
0060,2026-09-21,LKUS_login,feature_XtxCPW1x9QTU,ip C段黑名单,10
0060,2026-09-21,LKUS_login,feature_cOkhRQVI91IV,ip黑名单,10
0060,2026-09-21,LKUS_login,feature_MHv7nra5Z6T5,reCAPTCHA V3 token是否有效,5
0060,2026-09-21,LKUS_physical_order_create,feature_vTICzBPfD3Ds,ip C段白名单,73
0060,2026-09-21,LKUS_physical_order_create,feature_P5eYl9a699fA,ip白名单,73
0060,2026-09-21,LKUS_physical_order_create,feature_oxYJ6qJ3BAfv,用户编号白名单,73
0060,2026-09-21,LKUS_physical_order_create,feature_yo8MLsBsGIsV,三方unionId白名单,73
0060,2026-09-21,LKUS_physical_order_create,feature_kqtp6XVcXXiQ,手机号白名单,73
0060,2026-09-21,LKUS_physical_order_create,feature_K0JuGvXPoQsS,网关uid白名单,73
0060,2026-09-21,LKUS_physical_order_create,feature_5caBWmAHDcCQ,邮箱白名单,73
0060,2026-09-21,LKUS_payment,feature_vTICzBPfD3Ds,ip C段白名单,75
0060,2026-09-21,LKUS_payment,feature_oxYJ6qJ3BAfv,用户编号白名单,75
0060,2026-09-21,LKUS_payment,feature_P5eYl9a699fA,ip白名单,75
0060,2026-09-21,LKUS_payment,feature_yo8MLsBsGIsV,三方unionId白名单,75
0060,2026-09-21,LKUS_payment,feature_kqtp6XVcXXiQ,手机号白名单,75
0060,2026-09-21,LKUS_payment,feature_K0JuGvXPoQsS,网关uid白名单,75
0060,2026-09-21,LKUS_payment,feature_5caBWmAHDcCQ,邮箱白名单,75
0060,2026-09-21,LKUS_physical_order_create,feature_3CSh3LRVobu7,手机号黑名单,63
0060,2026-09-21,LKUS_physical_order_create,feature_jkeS0N10RDAn,网关uid黑名单,63
0060,2026-09-21,LKUS_physical_order_create,feature_7qCVo92BIECU,三方unionId黑名单,63
0060,2026-09-21,LKUS_physical_order_create,feature_9tl8mW2Gembc,邮箱黑名单,63
0060,2026-09-21,LKUS_physical_order_create,feature_g43LuQcahzCJ,用户编号黑名单,63
0060,2026-09-21,LKUS_physical_order_create,feature_XtxCPW1x9QTU,ip C段黑名单,63
0060,2026-09-21,LKUS_physical_order_create,feature_cOkhRQVI91IV,ip黑名单,63
0060,2026-09-21,LKUS_physical_order_create,feature_MHv7nra5Z6T5,reCAPTCHA V3 token是否有效,32
0060,2026-09-21,LKUS_payment,feature_3CSh3LRVobu7,手机号黑名单,65
0060,2026-09-21,LKUS_payment,feature_jkeS0N10RDAn,网关uid黑名单,65
0060,2026-09-21,LKUS_payment,feature_7qCVo92BIECU,三方unionId黑名单,65
0060,2026-09-21,LKUS_payment,feature_9tl8mW2Gembc,邮箱黑名单,65
0060,2026-09-21,LKUS_payment,feature_XtxCPW1x9QTU,ip C段黑名单,65
0060,2026-09-21,LKUS_payment,feature_g43LuQcahzCJ,用户编号黑名单,65
0060,2026-09-21,LKUS_payment,feature_cOkhRQVI91IV,ip黑名单,65
0060,2026-09-21,LKUS_payment,feature_TLXI8MNiNglz,reCAPTCHA V3风险分,39
0060,2026-09-21,LKUS_register,feature_vTICzBPfD3Ds,ip C段白名单,12
0060,2026-09-21,LKUS_register,feature_P5eYl9a699fA,ip白名单,12
0060,2026-09-21,LKUS_register,feature_oxYJ6qJ3BAfv,用户编号白名单,12
0060,2026-09-21,LKUS_register,feature_yo8MLsBsGIsV,三方unionId白名单,12
0060,2026-09-21,LKUS_register,feature_kqtp6XVcXXiQ,手机号白名单,12
0060,2026-09-21,LKUS_register,feature_K0JuGvXPoQsS,网关uid白名单,12
0060,2026-09-21,LKUS_register,feature_5caBWmAHDcCQ,邮箱白名单,12
0060,2026-09-21,LKUS_register,feature_3CSh3LRVobu7,手机号黑名单,12
0060,2026-09-21,LKUS_register,feature_jkeS0N10RDAn,网关uid黑名单,12
0060,2026-09-21,LKUS_register,feature_7qCVo92BIECU,三方unionId黑名单,12
0060,2026-09-21,LKUS_register,feature_9tl8mW2Gembc,邮箱黑名单,12
0060,2026-09-21,LKUS_register,feature_XtxCPW1x9QTU,ip C段黑名单,12
0060,2026-09-21,LKUS_register,feature_g43LuQcahzCJ,用户编号黑名单,12
0060,2026-09-21,LKUS_register,feature_cOkhRQVI91IV,ip黑名单,12
0060,2026-09-21,LKUS_payment,feature_MHv7nra5Z6T5,reCAPTCHA V3 token是否有效,26
0060,2026-09-21,LKUS_login,feature_TLXI8MNiNglz,reCAPTCHA V3风险分,5
0060,2026-09-21,LKUS_physical_order_create,feature_TLXI8MNiNglz,reCAPTCHA V3风险分,31
0060,2026-09-21,LKUS_grant_new_user_coupon,feature_vTICzBPfD3Ds,ip C段白名单,5
0060,2026-09-21,LKUS_grant_new_user_coupon,feature_oxYJ6qJ3BAfv,用户编号白名单,5
0060,2026-09-21,LKUS_grant_new_user_coupon,feature_P5eYl9a699fA,ip白名单,5
0060,2026-09-21,LKUS_grant_new_user_coupon,feature_yo8MLsBsGIsV,三方unionId白名单,5
0060,2026-09-21,LKUS_grant_new_user_coupon,feature_kqtp6XVcXXiQ,手机号白名单,5
0060,2026-09-21,LKUS_grant_new_user_coupon,feature_K0JuGvXPoQsS,网关uid白名单,5
0060,2026-09-21,LKUS_grant_new_user_coupon,feature_5caBWmAHDcCQ,邮箱白名单,5
0060,2026-09-21,LKUS_grant_new_user_coupon,feature_3CSh3LRVobu7,手机号黑名单,5
0060,2026-09-21,LKUS_grant_new_user_coupon,feature_jkeS0N10RDAn,网关uid黑名单,5
0060,2026-09-21,LKUS_grant_new_user_coupon,feature_7qCVo92BIECU,三方unionId黑名单,5
0060,2026-09-21,LKUS_grant_new_user_coupon,feature_9tl8mW2Gembc,邮箱黑名单,5
0060,2026-09-21,LKUS_grant_new_user_coupon,feature_g43LuQcahzCJ,用户编号黑名单,5
0060,2026-09-21,LKUS_grant_new_user_coupon,feature_XtxCPW1x9QTU,ip C段黑名单,5
0060,2026-09-21,LKUS_grant_new_user_coupon,feature_cOkhRQVI91IV,ip黑名单,5
0060,2026-09-21,LKUS_captcha,feature_vTICzBPfD3Ds,ip C段白名单,2
0060,2026-09-21,LKUS_captcha,feature_P5eYl9a699fA,ip白名单,2
0060,2026-09-21,LKUS_captcha,feature_oxYJ6qJ3BAfv,用户编号白名单,2
0060,2026-09-21,LKUS_captcha,feature_yo8MLsBsGIsV,三方unionId白名单,2
0060,2026-09-21,LKUS_captcha,feature_kqtp6XVcXXiQ,手机号白名单,2
0060,2026-09-21,LKUS_captcha,feature_K0JuGvXPoQsS,网关uid白名单,2
0060,2026-09-21,LKUS_captcha,feature_5caBWmAHDcCQ,邮箱白名单,2
0060,2026-09-21,LKUS_captcha,feature_3CSh3LRVobu7,手机号黑名单,2
0060,2026-09-21,LKUS_captcha,feature_jkeS0N10RDAn,网关uid黑名单,2
0060,2026-09-21,LKUS_captcha,feature_7qCVo92BIECU,三方unionId黑名单,2
0060,2026-09-21,LKUS_captcha,feature_9tl8mW2Gembc,邮箱黑名单,2
0060,2026-09-21,LKUS_captcha,feature_XtxCPW1x9QTU,ip C段黑名单,2
0060,2026-09-21,LKUS_captcha,feature_g43LuQcahzCJ,用户编号黑名单,2
0060,2026-09-21,LKUS_captcha,feature_cOkhRQVI91IV,ip黑名单,2
0060,2026-09-21,LKUS_captcha,feature_nm9NTGYLKhWV,reCAPTCHA V2 token是否有效,2
0060,2026-09-22,LKUS_push,feature_Fik6gvwY1tA6,手机号近1天的访问次数,64
0060,2026-09-22,LKUS_push,feature_vTICzBPfD3Ds,ip C段白名单,64
0060,2026-09-22,LKUS_push,feature_P5eYl9a699fA,ip白名单,64
0060,2026-09-22,LKUS_push,feature_oxYJ6qJ3BAfv,用户编号白名单,64
0060,2026-09-22,LKUS_push,feature_yo8MLsBsGIsV,三方unionId白名单,64
0060,2026-09-22,LKUS_push,feature_kqtp6XVcXXiQ,手机号白名单,64
0060,2026-09-22,LKUS_push,feature_K0JuGvXPoQsS,网关uid白名单,64
0060,2026-09-22,LKUS_push,feature_5caBWmAHDcCQ,邮箱白名单,64
0060,2026-09-22,LKUS_push,feature_3CSh3LRVobu7,手机号黑名单,62
0060,2026-09-22,LKUS_push,feature_jkeS0N10RDAn,网关uid黑名单,62
0060,2026-09-22,LKUS_push,feature_7qCVo92BIECU,三方unionId黑名单,62
0060,2026-09-22,LKUS_push,feature_9tl8mW2Gembc,邮箱黑名单,62
0060,2026-09-22,LKUS_push,feature_XtxCPW1x9QTU,ip C段黑名单,62
0060,2026-09-22,LKUS_push,feature_g43LuQcahzCJ,用户编号黑名单,62
0060,2026-09-22,LKUS_push,feature_cOkhRQVI91IV,ip黑名单,62
0060,2026-09-22,LKUS_push,feature_53Ck9TgChpTW,IP近5分钟关联的手机号个数,62
0060,2026-09-22,LKUS_push,feature_TLXI8MNiNglz,reCAPTCHA V3风险分,62
0060,2026-09-22,LKUS_push,feature_Wg4dZ6VJBuTb,IP近1分钟关联的手机号个数,62
0060,2026-09-22,LKUS_push,feature_IPwzfPamC8eW,同手机号30分钟关联的IP city个数,62
0060,2026-09-22,LKUS_push,feature_SdA1CjZvNCMG,区号近1分钟的访问次数,62
0060,2026-09-22,LKUS_push,feature_WxHUxqIN0IuS,同IP近5分钟的访问次数,62
0060,2026-09-22,LKUS_push,feature_lydpDiga6SB9,手机号近5分钟的访问次数,62
0060,2026-09-22,LKUS_push,feature_e1Kmz7JqzsWc,同区号近60分钟V3token为空对应手机号个数,62
0060,2026-09-22,LKUS_push,feature_hspErCH8fSCE,手机号近30分钟的访问次数,62
0060,2026-09-22,LKUS_push,feature_pf88qk27w76j,区号近5分钟的访问次数,62
0060,2026-09-22,LKUS_push,feature_r1bhlQnbfRHb,IP近60分钟关联的手机号个数,62
0060,2026-09-22,LKUS_push,feature_n91JeGM6gD6i,同区号近60分钟非美国IP访问次数,62
0060,2026-09-22,LKUS_push,feature_dqBHKec09Wwa,同区号近60分钟未携带recaptchaV3token 访问次数,62
0060,2026-09-22,LKUS_push,feature_VItdlLjtEYnQ,IPC段近1天关联的手机号个数,62
0060,2026-09-22,LKUS_push,feature_9EHsNcVBo6IN,IPC段近1天关联的国家区号个数,62
0060,2026-09-22,LKUS_push,feature_Ym70ZsfxQKSc,一分钟请求量,62
0060,2026-09-22,LKUS_push,feature_nnsdzZLQKPZ7,IP近10分钟关联的手机号个数,62
0060,2026-09-22,LKUS_push,feature_YkpmaKaJhcdG,区号近1天内的访问次数,62
0060,2026-09-22,LKUS_push,feature_AemrK847uPtt,同IP同手机号近1分钟累计请求次数,62
0060,2026-09-22,LKUS_push,feature_7DbBgowc2mEl,IP近1分钟的访问次数,62
0060,2026-09-22,LKUS_push,feature_dtoJoDcUgCcr,同区号近60分钟对应手机号个数,62
0060,2026-09-22,LKUS_push,feature_JaT2oyzVtD0q,手机号近1分钟的访问次数,62
0060,2026-09-22,LKUS_push,feature_bvE9FL19wqag,同IP同手机号近5分钟累计请求次数,62
0060,2026-09-22,LKUS_push,feature_TGPe0mjAPwR5,IP近60分钟关联的国家区号个数,62
0060,2026-09-22,LKUS_push,feature_UOJYBEifd5Jn,区号近60分钟的访问次数,62
0060,2026-09-22,LKUS_push,feature_KtSZtJ9w7f9r,IPC段近1分钟关联的手机号个数,62
0060,2026-09-22,LKUS_push,feature_6qwgYPGGuJZ4,IPC段近10分钟关联的手机号个数,62
0060,2026-09-22,LKUS_register,feature_vTICzBPfD3Ds,ip C段白名单,9
0060,2026-09-22,LKUS_register,feature_oxYJ6qJ3BAfv,用户编号白名单,9
0060,2026-09-22,LKUS_register,feature_P5eYl9a699fA,ip白名单,9
0060,2026-09-22,LKUS_register,feature_yo8MLsBsGIsV,三方unionId白名单,9
0060,2026-09-22,LKUS_register,feature_kqtp6XVcXXiQ,手机号白名单,9
0060,2026-09-22,LKUS_register,feature_K0JuGvXPoQsS,网关uid白名单,9
0060,2026-09-22,LKUS_register,feature_5caBWmAHDcCQ,邮箱白名单,9
0060,2026-09-22,LKUS_register,feature_3CSh3LRVobu7,手机号黑名单,9
0060,2026-09-22,LKUS_register,feature_jkeS0N10RDAn,网关uid黑名单,9
0060,2026-09-22,LKUS_register,feature_7qCVo92BIECU,三方unionId黑名单,9
0060,2026-09-22,LKUS_register,feature_9tl8mW2Gembc,邮箱黑名单,9
0060,2026-09-22,LKUS_register,feature_g43LuQcahzCJ,用户编号黑名单,9
0060,2026-09-22,LKUS_register,feature_XtxCPW1x9QTU,ip C段黑名单,9
0060,2026-09-22,LKUS_register,feature_cOkhRQVI91IV,ip黑名单,9
0060,2026-09-22,LKUS_login,feature_vTICzBPfD3Ds,ip C段白名单,19
0060,2026-09-22,LKUS_login,feature_oxYJ6qJ3BAfv,用户编号白名单,19
0060,2026-09-22,LKUS_login,feature_P5eYl9a699fA,ip白名单,19
0060,2026-09-22,LKUS_login,feature_yo8MLsBsGIsV,三方unionId白名单,19
0060,2026-09-22,LKUS_login,feature_kqtp6XVcXXiQ,手机号白名单,19
0060,2026-09-22,LKUS_login,feature_K0JuGvXPoQsS,网关uid白名单,19
0060,2026-09-22,LKUS_login,feature_5caBWmAHDcCQ,邮箱白名单,19
0060,2026-09-22,LKUS_login,feature_3CSh3LRVobu7,手机号黑名单,17
0060,2026-09-22,LKUS_login,feature_jkeS0N10RDAn,网关uid黑名单,17
0060,2026-09-22,LKUS_login,feature_7qCVo92BIECU,三方unionId黑名单,17
0060,2026-09-22,LKUS_login,feature_9tl8mW2Gembc,邮箱黑名单,17
0060,2026-09-22,LKUS_login,feature_g43LuQcahzCJ,用户编号黑名单,17
0060,2026-09-22,LKUS_login,feature_XtxCPW1x9QTU,ip C段黑名单,17
0060,2026-09-22,LKUS_login,feature_cOkhRQVI91IV,ip黑名单,17
0060,2026-09-22,LKUS_login,feature_MHv7nra5Z6T5,reCAPTCHA V3 token是否有效,7
0060,2026-09-22,LKUS_physical_order_create,feature_vTICzBPfD3Ds,ip C段白名单,98
0060,2026-09-22,LKUS_physical_order_create,feature_P5eYl9a699fA,ip白名单,98
0060,2026-09-22,LKUS_physical_order_create,feature_oxYJ6qJ3BAfv,用户编号白名单,98
0060,2026-09-22,LKUS_physical_order_create,feature_yo8MLsBsGIsV,三方unionId白名单,98
0060,2026-09-22,LKUS_physical_order_create,feature_kqtp6XVcXXiQ,手机号白名单,98
0060,2026-09-22,LKUS_physical_order_create,feature_K0JuGvXPoQsS,网关uid白名单,98
0060,2026-09-22,LKUS_physical_order_create,feature_5caBWmAHDcCQ,邮箱白名单,98
0060,2026-09-22,LKUS_physical_order_create,feature_3CSh3LRVobu7,手机号黑名单,84
0060,2026-09-22,LKUS_physical_order_create,feature_jkeS0N10RDAn,网关uid黑名单,84
0060,2026-09-22,LKUS_physical_order_create,feature_7qCVo92BIECU,三方unionId黑名单,84
0060,2026-09-22,LKUS_physical_order_create,feature_9tl8mW2Gembc,邮箱黑名单,84
0060,2026-09-22,LKUS_physical_order_create,feature_XtxCPW1x9QTU,ip C段黑名单,84
0060,2026-09-22,LKUS_physical_order_create,feature_g43LuQcahzCJ,用户编号黑名单,84
0060,2026-09-22,LKUS_physical_order_create,feature_cOkhRQVI91IV,ip黑名单,84
0060,2026-09-22,LKUS_physical_order_create,feature_TLXI8MNiNglz,reCAPTCHA V3风险分,33
0060,2026-09-22,LKUS_payment,feature_vTICzBPfD3Ds,ip C段白名单,99
0060,2026-09-22,LKUS_payment,feature_oxYJ6qJ3BAfv,用户编号白名单,99
0060,2026-09-22,LKUS_payment,feature_P5eYl9a699fA,ip白名单,99
0060,2026-09-22,LKUS_payment,feature_yo8MLsBsGIsV,三方unionId白名单,99
0060,2026-09-22,LKUS_payment,feature_kqtp6XVcXXiQ,手机号白名单,99
0060,2026-09-22,LKUS_payment,feature_K0JuGvXPoQsS,网关uid白名单,99
0060,2026-09-22,LKUS_payment,feature_5caBWmAHDcCQ,邮箱白名单,99
0060,2026-09-22,LKUS_payment,feature_3CSh3LRVobu7,手机号黑名单,85
0060,2026-09-22,LKUS_payment,feature_jkeS0N10RDAn,网关uid黑名单,85
0060,2026-09-22,LKUS_payment,feature_7qCVo92BIECU,三方unionId黑名单,85
0060,2026-09-22,LKUS_payment,feature_9tl8mW2Gembc,邮箱黑名单,85
0060,2026-09-22,LKUS_payment,feature_g43LuQcahzCJ,用户编号黑名单,85
0060,2026-09-22,LKUS_payment,feature_XtxCPW1x9QTU,ip C段黑名单,85
0060,2026-09-22,LKUS_payment,feature_cOkhRQVI91IV,ip黑名单,85
0060,2026-09-22,LKUS_payment,feature_MHv7nra5Z6T5,reCAPTCHA V3 token是否有效,42
0060,2026-09-22,LKUS_payment,feature_TLXI8MNiNglz,reCAPTCHA V3风险分,43
0060,2026-09-22,LKUS_physical_order_create,feature_MHv7nra5Z6T5,reCAPTCHA V3 token是否有效,51
0060,2026-09-22,LKUS_grant_new_user_coupon,feature_vTICzBPfD3Ds,ip C段白名单,10
0060,2026-09-22,LKUS_grant_new_user_coupon,feature_oxYJ6qJ3BAfv,用户编号白名单,10
0060,2026-09-22,LKUS_grant_new_user_coupon,feature_P5eYl9a699fA,ip白名单,10
0060,2026-09-22,LKUS_grant_new_user_coupon,feature_yo8MLsBsGIsV,三方unionId白名单,10
0060,2026-09-22,LKUS_grant_new_user_coupon,feature_kqtp6XVcXXiQ,手机号白名单,10
0060,2026-09-22,LKUS_grant_new_user_coupon,feature_K0JuGvXPoQsS,网关uid白名单,10
0060,2026-09-22,LKUS_grant_new_user_coupon,feature_5caBWmAHDcCQ,邮箱白名单,10
0060,2026-09-22,LKUS_grant_new_user_coupon,feature_3CSh3LRVobu7,手机号黑名单,10
0060,2026-09-22,LKUS_grant_new_user_coupon,feature_jkeS0N10RDAn,网关uid黑名单,10
0060,2026-09-22,LKUS_grant_new_user_coupon,feature_7qCVo92BIECU,三方unionId黑名单,10
0060,2026-09-22,LKUS_grant_new_user_coupon,feature_9tl8mW2Gembc,邮箱黑名单,10
0060,2026-09-22,LKUS_grant_new_user_coupon,feature_g43LuQcahzCJ,用户编号黑名单,10
0060,2026-09-22,LKUS_grant_new_user_coupon,feature_XtxCPW1x9QTU,ip C段黑名单,10
0060,2026-09-22,LKUS_grant_new_user_coupon,feature_cOkhRQVI91IV,ip黑名单,10
0060,2026-09-22,LKUS_login,feature_TLXI8MNiNglz,reCAPTCHA V3风险分,10
0060,2026-09-22,LKUS_push,feature_OE4u7WlFb1BT,uid近1天关联的IP国家个数,17
0060,2026-09-22,LKUS_push,feature_Gwh0jqPAdVNL,uid近1天关联的手机号个数,17
0060,2026-09-22,LKUS_physical_order_cancel,feature_vTICzBPfD3Ds,ip C段白名单,2
0060,2026-09-22,LKUS_physical_order_cancel,feature_P5eYl9a699fA,ip白名单,2
0060,2026-09-22,LKUS_physical_order_cancel,feature_oxYJ6qJ3BAfv,用户编号白名单,2
0060,2026-09-22,LKUS_physical_order_cancel,feature_yo8MLsBsGIsV,三方unionId白名单,2
0060,2026-09-22,LKUS_physical_order_cancel,feature_kqtp6XVcXXiQ,手机号白名单,2
0060,2026-09-22,LKUS_physical_order_cancel,feature_K0JuGvXPoQsS,网关uid白名单,2
0060,2026-09-22,LKUS_physical_order_cancel,feature_5caBWmAHDcCQ,邮箱白名单,2
0060,2026-09-22,LKUS_physical_order_cancel,feature_3CSh3LRVobu7,手机号黑名单,2
0060,2026-09-22,LKUS_physical_order_cancel,feature_jkeS0N10RDAn,网关uid黑名单,2
0060,2026-09-22,LKUS_physical_order_cancel,feature_7qCVo92BIECU,三方unionId黑名单,2
0060,2026-09-22,LKUS_physical_order_cancel,feature_9tl8mW2Gembc,邮箱黑名单,2
0060,2026-09-22,LKUS_physical_order_cancel,feature_XtxCPW1x9QTU,ip C段黑名单,2
0060,2026-09-22,LKUS_physical_order_cancel,feature_g43LuQcahzCJ,用户编号黑名单,2
0060,2026-09-22,LKUS_physical_order_cancel,feature_cOkhRQVI91IV,ip黑名单,2
0060,2026-09-23,LKUS_push,feature_Fik6gvwY1tA6,手机号近1天的访问次数,97
0060,2026-09-23,LKUS_push,feature_vTICzBPfD3Ds,ip C段白名单,97
0060,2026-09-23,LKUS_push,feature_oxYJ6qJ3BAfv,用户编号白名单,97
0060,2026-09-23,LKUS_push,feature_P5eYl9a699fA,ip白名单,97
0060,2026-09-23,LKUS_push,feature_yo8MLsBsGIsV,三方unionId白名单,97
0060,2026-09-23,LKUS_push,feature_kqtp6XVcXXiQ,手机号白名单,97
0060,2026-09-23,LKUS_push,feature_K0JuGvXPoQsS,网关uid白名单,97
0060,2026-09-23,LKUS_push,feature_5caBWmAHDcCQ,邮箱白名单,97
0060,2026-09-23,LKUS_push,feature_3CSh3LRVobu7,手机号黑名单,95
0060,2026-09-23,LKUS_push,feature_jkeS0N10RDAn,网关uid黑名单,95
0060,2026-09-23,LKUS_push,feature_7qCVo92BIECU,三方unionId黑名单,95
0060,2026-09-23,LKUS_push,feature_9tl8mW2Gembc,邮箱黑名单,95
0060,2026-09-23,LKUS_push,feature_g43LuQcahzCJ,用户编号黑名单,95
0060,2026-09-23,LKUS_push,feature_XtxCPW1x9QTU,ip C段黑名单,95
0060,2026-09-23,LKUS_push,feature_cOkhRQVI91IV,ip黑名单,95
0060,2026-09-23,LKUS_push,feature_nnsdzZLQKPZ7,IP近10分钟关联的手机号个数,95
0060,2026-09-23,LKUS_push,feature_Ym70ZsfxQKSc,一分钟请求量,95
0060,2026-09-23,LKUS_push,feature_pf88qk27w76j,区号近5分钟的访问次数,95
0060,2026-09-23,LKUS_push,feature_dtoJoDcUgCcr,同区号近60分钟对应手机号个数,95
0060,2026-09-23,LKUS_push,feature_AemrK847uPtt,同IP同手机号近1分钟累计请求次数,95
0060,2026-09-23,LKUS_push,feature_OE4u7WlFb1BT,uid近1天关联的IP国家个数,95
0060,2026-09-23,LKUS_push,feature_TLXI8MNiNglz,reCAPTCHA V3风险分,95
0060,2026-09-23,LKUS_push,feature_TGPe0mjAPwR5,IP近60分钟关联的国家区号个数,95
0060,2026-09-23,LKUS_push,feature_YkpmaKaJhcdG,区号近1天内的访问次数,95
0060,2026-09-23,LKUS_push,feature_bvE9FL19wqag,同IP同手机号近5分钟累计请求次数,95
0060,2026-09-23,LKUS_push,feature_7DbBgowc2mEl,IP近1分钟的访问次数,95
0060,2026-09-23,LKUS_push,feature_6qwgYPGGuJZ4,IPC段近10分钟关联的手机号个数,95
0060,2026-09-23,LKUS_push,feature_Gwh0jqPAdVNL,uid近1天关联的手机号个数,95
0060,2026-09-23,LKUS_push,feature_KtSZtJ9w7f9r,IPC段近1分钟关联的手机号个数,95
0060,2026-09-23,LKUS_push,feature_JaT2oyzVtD0q,手机号近1分钟的访问次数,95
0060,2026-09-23,LKUS_push,feature_UOJYBEifd5Jn,区号近60分钟的访问次数,95
0060,2026-09-23,LKUS_push,feature_e1Kmz7JqzsWc,同区号近60分钟V3token为空对应手机号个数,95
0060,2026-09-23,LKUS_push,feature_IPwzfPamC8eW,同手机号30分钟关联的IP city个数,95
0060,2026-09-23,LKUS_push,feature_n91JeGM6gD6i,同区号近60分钟非美国IP访问次数,95
0060,2026-09-23,LKUS_push,feature_53Ck9TgChpTW,IP近5分钟关联的手机号个数,95
0060,2026-09-23,LKUS_push,feature_hspErCH8fSCE,手机号近30分钟的访问次数,95
0060,2026-09-23,LKUS_push,feature_SdA1CjZvNCMG,区号近1分钟的访问次数,95
0060,2026-09-23,LKUS_push,feature_lydpDiga6SB9,手机号近5分钟的访问次数,95
0060,2026-09-23,LKUS_push,feature_WxHUxqIN0IuS,同IP近5分钟的访问次数,95
0060,2026-09-23,LKUS_push,feature_VItdlLjtEYnQ,IPC段近1天关联的手机号个数,95
0060,2026-09-23,LKUS_push,feature_Wg4dZ6VJBuTb,IP近1分钟关联的手机号个数,95
0060,2026-09-23,LKUS_push,feature_9EHsNcVBo6IN,IPC段近1天关联的国家区号个数,95
0060,2026-09-23,LKUS_push,feature_r1bhlQnbfRHb,IP近60分钟关联的手机号个数,95
0060,2026-09-23,LKUS_push,feature_dqBHKec09Wwa,同区号近60分钟未携带recaptchaV3token 访问次数,95
0060,2026-09-23,LKUS_physical_order_create,feature_vTICzBPfD3Ds,ip C段白名单,93
0060,2026-09-23,LKUS_physical_order_create,feature_P5eYl9a699fA,ip白名单,93
0060,2026-09-23,LKUS_physical_order_create,feature_oxYJ6qJ3BAfv,用户编号白名单,93
0060,2026-09-23,LKUS_physical_order_create,feature_yo8MLsBsGIsV,三方unionId白名单,93
0060,2026-09-23,LKUS_physical_order_create,feature_kqtp6XVcXXiQ,手机号白名单,93
0060,2026-09-23,LKUS_physical_order_create,feature_K0JuGvXPoQsS,网关uid白名单,93
0060,2026-09-23,LKUS_physical_order_create,feature_5caBWmAHDcCQ,邮箱白名单,93
0060,2026-09-23,LKUS_physical_order_create,feature_3CSh3LRVobu7,手机号黑名单,83
0060,2026-09-23,LKUS_physical_order_create,feature_jkeS0N10RDAn,网关uid黑名单,83
0060,2026-09-23,LKUS_physical_order_create,feature_7qCVo92BIECU,三方unionId黑名单,83
0060,2026-09-23,LKUS_physical_order_create,feature_9tl8mW2Gembc,邮箱黑名单,83
0060,2026-09-23,LKUS_physical_order_create,feature_XtxCPW1x9QTU,ip C段黑名单,83
0060,2026-09-23,LKUS_physical_order_create,feature_g43LuQcahzCJ,用户编号黑名单,83
0060,2026-09-23,LKUS_physical_order_create,feature_cOkhRQVI91IV,ip黑名单,83
0060,2026-09-23,LKUS_physical_order_create,feature_TLXI8MNiNglz,reCAPTCHA V3风险分,39
0060,2026-09-23,LKUS_payment,feature_vTICzBPfD3Ds,ip C段白名单,87
0060,2026-09-23,LKUS_payment,feature_oxYJ6qJ3BAfv,用户编号白名单,87
0060,2026-09-23,LKUS_payment,feature_P5eYl9a699fA,ip白名单,87
0060,2026-09-23,LKUS_payment,feature_yo8MLsBsGIsV,三方unionId白名单,87
0060,2026-09-23,LKUS_payment,feature_kqtp6XVcXXiQ,手机号白名单,87
0060,2026-09-23,LKUS_payment,feature_K0JuGvXPoQsS,网关uid白名单,87
0060,2026-09-23,LKUS_payment,feature_5caBWmAHDcCQ,邮箱白名单,87
0060,2026-09-23,LKUS_payment,feature_3CSh3LRVobu7,手机号黑名单,77
0060,2026-09-23,LKUS_payment,feature_jkeS0N10RDAn,网关uid黑名单,77
0060,2026-09-23,LKUS_payment,feature_7qCVo92BIECU,三方unionId黑名单,77
0060,2026-09-23,LKUS_payment,feature_9tl8mW2Gembc,邮箱黑名单,77
0060,2026-09-23,LKUS_payment,feature_g43LuQcahzCJ,用户编号黑名单,77
0060,2026-09-23,LKUS_payment,feature_XtxCPW1x9QTU,ip C段黑名单,77
0060,2026-09-23,LKUS_payment,feature_cOkhRQVI91IV,ip黑名单,77
0060,2026-09-23,LKUS_payment,feature_MHv7nra5Z6T5,reCAPTCHA V3 token是否有效,35
0060,2026-09-23,LKUS_register,feature_vTICzBPfD3Ds,ip C段白名单,7
0060,2026-09-23,LKUS_register,feature_oxYJ6qJ3BAfv,用户编号白名单,7
0060,2026-09-23,LKUS_register,feature_P5eYl9a699fA,ip白名单,7
0060,2026-09-23,LKUS_register,feature_yo8MLsBsGIsV,三方unionId白名单,7
0060,2026-09-23,LKUS_register,feature_kqtp6XVcXXiQ,手机号白名单,7
0060,2026-09-23,LKUS_register,feature_K0JuGvXPoQsS,网关uid白名单,7
0060,2026-09-23,LKUS_register,feature_5caBWmAHDcCQ,邮箱白名单,7
0060,2026-09-23,LKUS_register,feature_3CSh3LRVobu7,手机号黑名单,6
0060,2026-09-23,LKUS_register,feature_jkeS0N10RDAn,网关uid黑名单,6
0060,2026-09-23,LKUS_register,feature_7qCVo92BIECU,三方unionId黑名单,6
0060,2026-09-23,LKUS_register,feature_9tl8mW2Gembc,邮箱黑名单,6
0060,2026-09-23,LKUS_register,feature_g43LuQcahzCJ,用户编号黑名单,6
0060,2026-09-23,LKUS_register,feature_XtxCPW1x9QTU,ip C段黑名单,6
0060,2026-09-23,LKUS_register,feature_cOkhRQVI91IV,ip黑名单,6
0060,2026-09-23,LKUS_physical_order_create,feature_MHv7nra5Z6T5,reCAPTCHA V3 token是否有效,44
0060,2026-09-23,LKUS_login,feature_vTICzBPfD3Ds,ip C段白名单,12
0060,2026-09-23,LKUS_login,feature_oxYJ6qJ3BAfv,用户编号白名单,12
0060,2026-09-23,LKUS_login,feature_P5eYl9a699fA,ip白名单,12
0060,2026-09-23,LKUS_login,feature_yo8MLsBsGIsV,三方unionId白名单,12
0060,2026-09-23,LKUS_login,feature_kqtp6XVcXXiQ,手机号白名单,12
0060,2026-09-23,LKUS_login,feature_K0JuGvXPoQsS,网关uid白名单,12
0060,2026-09-23,LKUS_login,feature_5caBWmAHDcCQ,邮箱白名单,12
0060,2026-09-23,LKUS_login,feature_3CSh3LRVobu7,手机号黑名单,11
0060,2026-09-23,LKUS_login,feature_jkeS0N10RDAn,网关uid黑名单,11
0060,2026-09-23,LKUS_login,feature_7qCVo92BIECU,三方unionId黑名单,11
0060,2026-09-23,LKUS_login,feature_9tl8mW2Gembc,邮箱黑名单,11
0060,2026-09-23,LKUS_login,feature_g43LuQcahzCJ,用户编号黑名单,11
0060,2026-09-23,LKUS_login,feature_XtxCPW1x9QTU,ip C段黑名单,11
0060,2026-09-23,LKUS_login,feature_cOkhRQVI91IV,ip黑名单,11
0060,2026-09-23,LKUS_login,feature_MHv7nra5Z6T5,reCAPTCHA V3 token是否有效,3
0060,2026-09-23,LKUS_grant_new_user_coupon,feature_vTICzBPfD3Ds,ip C段白名单,9
0060,2026-09-23,LKUS_grant_new_user_coupon,feature_P5eYl9a699fA,ip白名单,9
0060,2026-09-23,LKUS_grant_new_user_coupon,feature_oxYJ6qJ3BAfv,用户编号白名单,9
0060,2026-09-23,LKUS_grant_new_user_coupon,feature_yo8MLsBsGIsV,三方unionId白名单,9
0060,2026-09-23,LKUS_grant_new_user_coupon,feature_kqtp6XVcXXiQ,手机号白名单,9
0060,2026-09-23,LKUS_grant_new_user_coupon,feature_K0JuGvXPoQsS,网关uid白名单,9
0060,2026-09-23,LKUS_grant_new_user_coupon,feature_5caBWmAHDcCQ,邮箱白名单,9
0060,2026-09-23,LKUS_grant_new_user_coupon,feature_3CSh3LRVobu7,手机号黑名单,9
0060,2026-09-23,LKUS_grant_new_user_coupon,feature_jkeS0N10RDAn,网关uid黑名单,9
0060,2026-09-23,LKUS_grant_new_user_coupon,feature_7qCVo92BIECU,三方unionId黑名单,9
0060,2026-09-23,LKUS_grant_new_user_coupon,feature_9tl8mW2Gembc,邮箱黑名单,9
0060,2026-09-23,LKUS_grant_new_user_coupon,feature_XtxCPW1x9QTU,ip C段黑名单,9
0060,2026-09-23,LKUS_grant_new_user_coupon,feature_g43LuQcahzCJ,用户编号黑名单,9
0060,2026-09-23,LKUS_grant_new_user_coupon,feature_cOkhRQVI91IV,ip黑名单,9
0060,2026-09-23,LKUS_payment,feature_TLXI8MNiNglz,reCAPTCHA V3风险分,42
0060,2026-09-23,LKUS_login,feature_TLXI8MNiNglz,reCAPTCHA V3风险分,8
0060,2026-09-23,LKUS_physical_order_cancel,feature_vTICzBPfD3Ds,ip C段白名单,3
0060,2026-09-23,LKUS_physical_order_cancel,feature_P5eYl9a699fA,ip白名单,3
0060,2026-09-23,LKUS_physical_order_cancel,feature_oxYJ6qJ3BAfv,用户编号白名单,3
0060,2026-09-23,LKUS_physical_order_cancel,feature_yo8MLsBsGIsV,三方unionId白名单,3
0060,2026-09-23,LKUS_physical_order_cancel,feature_kqtp6XVcXXiQ,手机号白名单,3
0060,2026-09-23,LKUS_physical_order_cancel,feature_K0JuGvXPoQsS,网关uid白名单,3
0060,2026-09-23,LKUS_physical_order_cancel,feature_5caBWmAHDcCQ,邮箱白名单,3
0060,2026-09-23,LKUS_physical_order_cancel,feature_3CSh3LRVobu7,手机号黑名单,3
0060,2026-09-23,LKUS_physical_order_cancel,feature_jkeS0N10RDAn,网关uid黑名单,3
0060,2026-09-23,LKUS_physical_order_cancel,feature_7qCVo92BIECU,三方unionId黑名单,3
0060,2026-09-23,LKUS_physical_order_cancel,feature_9tl8mW2Gembc,邮箱黑名单,3
0060,2026-09-23,LKUS_physical_order_cancel,feature_XtxCPW1x9QTU,ip C段黑名单,3
0060,2026-09-23,LKUS_physical_order_cancel,feature_g43LuQcahzCJ,用户编号黑名单,3
0060,2026-09-23,LKUS_physical_order_cancel,feature_cOkhRQVI91IV,ip黑名单,3
0060,2026-09-24,LKUS_push,feature_Fik6gvwY1tA6,手机号近1天的访问次数,57
0060,2026-09-24,LKUS_push,feature_vTICzBPfD3Ds,ip C段白名单,57
0060,2026-09-24,LKUS_push,feature_oxYJ6qJ3BAfv,用户编号白名单,57
0060,2026-09-24,LKUS_push,feature_P5eYl9a699fA,ip白名单,57
0060,2026-09-24,LKUS_push,feature_yo8MLsBsGIsV,三方unionId白名单,57
0060,2026-09-24,LKUS_push,feature_kqtp6XVcXXiQ,手机号白名单,57
0060,2026-09-24,LKUS_push,feature_K0JuGvXPoQsS,网关uid白名单,57
0060,2026-09-24,LKUS_push,feature_5caBWmAHDcCQ,邮箱白名单,57
0060,2026-09-24,LKUS_push,feature_3CSh3LRVobu7,手机号黑名单,57
0060,2026-09-24,LKUS_push,feature_jkeS0N10RDAn,网关uid黑名单,57
0060,2026-09-24,LKUS_push,feature_7qCVo92BIECU,三方unionId黑名单,57
0060,2026-09-24,LKUS_push,feature_9tl8mW2Gembc,邮箱黑名单,57
0060,2026-09-24,LKUS_push,feature_g43LuQcahzCJ,用户编号黑名单,57
0060,2026-09-24,LKUS_push,feature_XtxCPW1x9QTU,ip C段黑名单,57
0060,2026-09-24,LKUS_push,feature_cOkhRQVI91IV,ip黑名单,57
0060,2026-09-24,LKUS_push,feature_nnsdzZLQKPZ7,IP近10分钟关联的手机号个数,57
0060,2026-09-24,LKUS_push,feature_Ym70ZsfxQKSc,一分钟请求量,57
0060,2026-09-24,LKUS_push,feature_pf88qk27w76j,区号近5分钟的访问次数,57
0060,2026-09-24,LKUS_push,feature_dtoJoDcUgCcr,同区号近60分钟对应手机号个数,57
0060,2026-09-24,LKUS_push,feature_AemrK847uPtt,同IP同手机号近1分钟累计请求次数,57
0060,2026-09-24,LKUS_push,feature_OE4u7WlFb1BT,uid近1天关联的IP国家个数,57
0060,2026-09-24,LKUS_push,feature_TLXI8MNiNglz,reCAPTCHA V3风险分,57
0060,2026-09-24,LKUS_push,feature_TGPe0mjAPwR5,IP近60分钟关联的国家区号个数,57
0060,2026-09-24,LKUS_push,feature_YkpmaKaJhcdG,区号近1天内的访问次数,57
0060,2026-09-24,LKUS_push,feature_bvE9FL19wqag,同IP同手机号近5分钟累计请求次数,57
0060,2026-09-24,LKUS_push,feature_7DbBgowc2mEl,IP近1分钟的访问次数,57
0060,2026-09-24,LKUS_push,feature_6qwgYPGGuJZ4,IPC段近10分钟关联的手机号个数,57
0060,2026-09-24,LKUS_push,feature_Gwh0jqPAdVNL,uid近1天关联的手机号个数,57
0060,2026-09-24,LKUS_push,feature_KtSZtJ9w7f9r,IPC段近1分钟关联的手机号个数,57
0060,2026-09-24,LKUS_push,feature_JaT2oyzVtD0q,手机号近1分钟的访问次数,57
0060,2026-09-24,LKUS_push,feature_UOJYBEifd5Jn,区号近60分钟的访问次数,57
0060,2026-09-24,LKUS_push,feature_e1Kmz7JqzsWc,同区号近60分钟V3token为空对应手机号个数,57
0060,2026-09-24,LKUS_push,feature_IPwzfPamC8eW,同手机号30分钟关联的IP city个数,57
0060,2026-09-24,LKUS_push,feature_n91JeGM6gD6i,同区号近60分钟非美国IP访问次数,57
0060,2026-09-24,LKUS_push,feature_53Ck9TgChpTW,IP近5分钟关联的手机号个数,57
0060,2026-09-24,LKUS_push,feature_hspErCH8fSCE,手机号近30分钟的访问次数,57
0060,2026-09-24,LKUS_push,feature_SdA1CjZvNCMG,区号近1分钟的访问次数,57
0060,2026-09-24,LKUS_push,feature_lydpDiga6SB9,手机号近5分钟的访问次数,57
0060,2026-09-24,LKUS_push,feature_WxHUxqIN0IuS,同IP近5分钟的访问次数,57
0060,2026-09-24,LKUS_push,feature_VItdlLjtEYnQ,IPC段近1天关联的手机号个数,57
0060,2026-09-24,LKUS_push,feature_Wg4dZ6VJBuTb,IP近1分钟关联的手机号个数,57
0060,2026-09-24,LKUS_push,feature_9EHsNcVBo6IN,IPC段近1天关联的国家区号个数,57
0060,2026-09-24,LKUS_push,feature_r1bhlQnbfRHb,IP近60分钟关联的手机号个数,57
0060,2026-09-24,LKUS_push,feature_dqBHKec09Wwa,同区号近60分钟未携带recaptchaV3token 访问次数,57
0060,2026-09-24,LKUS_physical_order_create,feature_vTICzBPfD3Ds,ip C段白名单,93
0060,2026-09-24,LKUS_physical_order_create,feature_oxYJ6qJ3BAfv,用户编号白名单,93
0060,2026-09-24,LKUS_physical_order_create,feature_P5eYl9a699fA,ip白名单,93
0060,2026-09-24,LKUS_physical_order_create,feature_yo8MLsBsGIsV,三方unionId白名单,93
0060,2026-09-24,LKUS_physical_order_create,feature_kqtp6XVcXXiQ,手机号白名单,93
0060,2026-09-24,LKUS_physical_order_create,feature_K0JuGvXPoQsS,网关uid白名单,93
0060,2026-09-24,LKUS_physical_order_create,feature_5caBWmAHDcCQ,邮箱白名单,93
0060,2026-09-24,LKUS_physical_order_create,feature_3CSh3LRVobu7,手机号黑名单,77
0060,2026-09-24,LKUS_physical_order_create,feature_jkeS0N10RDAn,网关uid黑名单,77
0060,2026-09-24,LKUS_physical_order_create,feature_7qCVo92BIECU,三方unionId黑名单,77
0060,2026-09-24,LKUS_physical_order_create,feature_9tl8mW2Gembc,邮箱黑名单,77
0060,2026-09-24,LKUS_physical_order_create,feature_g43LuQcahzCJ,用户编号黑名单,77
0060,2026-09-24,LKUS_physical_order_create,feature_XtxCPW1x9QTU,ip C段黑名单,77
0060,2026-09-24,LKUS_physical_order_create,feature_cOkhRQVI91IV,ip黑名单,77
0060,2026-09-24,LKUS_physical_order_create,feature_MHv7nra5Z6T5,reCAPTCHA V3 token是否有效,45
0060,2026-09-24,LKUS_payment,feature_vTICzBPfD3Ds,ip C段白名单,94
0060,2026-09-24,LKUS_payment,feature_P5eYl9a699fA,ip白名单,94
0060,2026-09-24,LKUS_payment,feature_oxYJ6qJ3BAfv,用户编号白名单,94
0060,2026-09-24,LKUS_payment,feature_yo8MLsBsGIsV,三方unionId白名单,94
0060,2026-09-24,LKUS_payment,feature_kqtp6XVcXXiQ,手机号白名单,94
0060,2026-09-24,LKUS_payment,feature_K0JuGvXPoQsS,网关uid白名单,94
0060,2026-09-24,LKUS_payment,feature_5caBWmAHDcCQ,邮箱白名单,94
0060,2026-09-24,LKUS_payment,feature_3CSh3LRVobu7,手机号黑名单,77
0060,2026-09-24,LKUS_payment,feature_jkeS0N10RDAn,网关uid黑名单,77
0060,2026-09-24,LKUS_payment,feature_7qCVo92BIECU,三方unionId黑名单,77
0060,2026-09-24,LKUS_payment,feature_9tl8mW2Gembc,邮箱黑名单,77
0060,2026-09-24,LKUS_payment,feature_XtxCPW1x9QTU,ip C段黑名单,77
0060,2026-09-24,LKUS_payment,feature_g43LuQcahzCJ,用户编号黑名单,77
0060,2026-09-24,LKUS_payment,feature_cOkhRQVI91IV,ip黑名单,77
0060,2026-09-24,LKUS_payment,feature_TLXI8MNiNglz,reCAPTCHA V3风险分,40
0060,2026-09-24,LKUS_payment,feature_MHv7nra5Z6T5,reCAPTCHA V3 token是否有效,37
0060,2026-09-24,LKUS_physical_order_create,feature_TLXI8MNiNglz,reCAPTCHA V3风险分,32
0060,2026-09-24,LKUS_login,feature_vTICzBPfD3Ds,ip C段白名单,16
0060,2026-09-24,LKUS_login,feature_P5eYl9a699fA,ip白名单,16
0060,2026-09-24,LKUS_login,feature_oxYJ6qJ3BAfv,用户编号白名单,16
0060,2026-09-24,LKUS_login,feature_yo8MLsBsGIsV,三方unionId白名单,16
0060,2026-09-24,LKUS_login,feature_kqtp6XVcXXiQ,手机号白名单,16
0060,2026-09-24,LKUS_login,feature_K0JuGvXPoQsS,网关uid白名单,16
0060,2026-09-24,LKUS_login,feature_5caBWmAHDcCQ,邮箱白名单,16
0060,2026-09-24,LKUS_login,feature_3CSh3LRVobu7,手机号黑名单,12
0060,2026-09-24,LKUS_login,feature_jkeS0N10RDAn,网关uid黑名单,12
0060,2026-09-24,LKUS_login,feature_7qCVo92BIECU,三方unionId黑名单,12
0060,2026-09-24,LKUS_login,feature_9tl8mW2Gembc,邮箱黑名单,12
0060,2026-09-24,LKUS_login,feature_XtxCPW1x9QTU,ip C段黑名单,12
0060,2026-09-24,LKUS_login,feature_g43LuQcahzCJ,用户编号黑名单,12
0060,2026-09-24,LKUS_login,feature_cOkhRQVI91IV,ip黑名单,12
0060,2026-09-24,LKUS_login,feature_TLXI8MNiNglz,reCAPTCHA V3风险分,9
0060,2026-09-24,LKUS_grant_new_user_coupon,feature_vTICzBPfD3Ds,ip C段白名单,3
0060,2026-09-24,LKUS_grant_new_user_coupon,feature_P5eYl9a699fA,ip白名单,3
0060,2026-09-24,LKUS_grant_new_user_coupon,feature_oxYJ6qJ3BAfv,用户编号白名单,3
0060,2026-09-24,LKUS_grant_new_user_coupon,feature_yo8MLsBsGIsV,三方unionId白名单,3
0060,2026-09-24,LKUS_grant_new_user_coupon,feature_kqtp6XVcXXiQ,手机号白名单,3
0060,2026-09-24,LKUS_grant_new_user_coupon,feature_K0JuGvXPoQsS,网关uid白名单,3
0060,2026-09-24,LKUS_grant_new_user_coupon,feature_5caBWmAHDcCQ,邮箱白名单,3
0060,2026-09-24,LKUS_grant_new_user_coupon,feature_3CSh3LRVobu7,手机号黑名单,3
0060,2026-09-24,LKUS_grant_new_user_coupon,feature_jkeS0N10RDAn,网关uid黑名单,3
0060,2026-09-24,LKUS_grant_new_user_coupon,feature_7qCVo92BIECU,三方unionId黑名单,3
0060,2026-09-24,LKUS_grant_new_user_coupon,feature_9tl8mW2Gembc,邮箱黑名单,3
0060,2026-09-24,LKUS_grant_new_user_coupon,feature_XtxCPW1x9QTU,ip C段黑名单,3
0060,2026-09-24,LKUS_grant_new_user_coupon,feature_g43LuQcahzCJ,用户编号黑名单,3
0060,2026-09-24,LKUS_grant_new_user_coupon,feature_cOkhRQVI91IV,ip黑名单,3
0060,2026-09-24,LKUS_login,feature_MHv7nra5Z6T5,reCAPTCHA V3 token是否有效,3
0060,2026-09-24,LKUS_register,feature_vTICzBPfD3Ds,ip C段白名单,3
0060,2026-09-24,LKUS_register,feature_P5eYl9a699fA,ip白名单,3
0060,2026-09-24,LKUS_register,feature_oxYJ6qJ3BAfv,用户编号白名单,3
0060,2026-09-24,LKUS_register,feature_yo8MLsBsGIsV,三方unionId白名单,3
0060,2026-09-24,LKUS_register,feature_kqtp6XVcXXiQ,手机号白名单,3
0060,2026-09-24,LKUS_register,feature_K0JuGvXPoQsS,网关uid白名单,3
0060,2026-09-24,LKUS_register,feature_5caBWmAHDcCQ,邮箱白名单,3
0060,2026-09-24,LKUS_register,feature_3CSh3LRVobu7,手机号黑名单,3
0060,2026-09-24,LKUS_register,feature_jkeS0N10RDAn,网关uid黑名单,3
0060,2026-09-24,LKUS_register,feature_7qCVo92BIECU,三方unionId黑名单,3
0060,2026-09-24,LKUS_register,feature_9tl8mW2Gembc,邮箱黑名单,3
0060,2026-09-24,LKUS_register,feature_XtxCPW1x9QTU,ip C段黑名单,3
0060,2026-09-24,LKUS_register,feature_g43LuQcahzCJ,用户编号黑名单,3
0060,2026-09-24,LKUS_register,feature_cOkhRQVI91IV,ip黑名单,3
