list,strategy_id,ny_date,cid,geo_mismatch,hit_pv,distinct_phones,final_pass_pv,basis
online,strategy_29nE1qd56otz,2026-09-19,105,0,9,8,0,"SMS rule (email empty), LKUS_push, NY 2026-09-19..2026-09-26; distinct_phones exact within each row, never add across rows"
online,strategy_29nE1qd56otz,2026-09-19,105,1,175,154,0,"SMS rule (email empty), LKUS_push, NY 2026-09-19..2026-09-26; distinct_phones exact within each row, never add across rows"
online,strategy_29nE1qd56otz,2026-09-20,105,0,4,4,0,"SMS rule (email empty), LKUS_push, NY 2026-09-19..2026-09-26; distinct_phones exact within each row, never add across rows"
online,strategy_29nE1qd56otz,2026-09-20,105,1,104,99,0,"SMS rule (email empty), LKUS_push, NY 2026-09-19..2026-09-26; distinct_phones exact within each row, never add across rows"
online,strategy_29nE1qd56otz,2026-09-21,105,0,9,7,0,"SMS rule (email empty), LKUS_push, NY 2026-09-19..2026-09-26; distinct_phones exact within each row, never add across rows"
online,strategy_29nE1qd56otz,2026-09-21,105,1,138,114,0,"SMS rule (email empty), LKUS_push, NY 2026-09-19..2026-09-26; distinct_phones exact within each row, never add across rows"
online,strategy_29nE1qd56otz,2026-09-22,105,0,6,5,0,"SMS rule (email empty), LKUS_push, NY 2026-09-19..2026-09-26; distinct_phones exact within each row, never add across rows"
online,strategy_29nE1qd56otz,2026-09-22,105,1,165,137,0,"SMS rule (email empty), LKUS_push, NY 2026-09-19..2026-09-26; distinct_phones exact within each row, never add across rows"
online,strategy_29nE1qd56otz,2026-09-23,105,0,14,13,0,"SMS rule (email empty), LKUS_push, NY 2026-09-19..2026-09-26; distinct_phones exact within each row, never add across rows"
online,strategy_29nE1qd56otz,2026-09-23,105,1,99,90,0,"SMS rule (email empty), LKUS_push, NY 2026-09-19..2026-09-26; distinct_phones exact within each row, never add across rows"
online,strategy_29nE1qd56otz,2026-09-24,105,0,9,7,0,"SMS rule (email empty), LKUS_push, NY 2026-09-19..2026-09-26; distinct_phones exact within each row, never add across rows"
online,strategy_29nE1qd56otz,2026-09-24,108,0,3,3,0,"SMS rule (email empty), LKUS_push, NY 2026-09-19..2026-09-26; distinct_phones exact within each row, never add across rows"
online,strategy_29nE1qd56otz,2026-09-25,105,0,4,4,0,"SMS rule (email empty), LKUS_push, NY 2026-09-19..2026-09-26; distinct_phones exact within each row, never add across rows"
online,strategy_29nE1qd56otz,2026-09-25,105,1,2,2,0,"SMS rule (email empty), LKUS_push, NY 2026-09-19..2026-09-26; distinct_phones exact within each row, never add across rows"
online,strategy_29nE1qd56otz,2026-09-26,105,0,9,9,0,"SMS rule (email empty), LKUS_push, NY 2026-09-19..2026-09-26; distinct_phones exact within each row, never add across rows"
online,strategy_29nE1qd56otz,2026-09-26,105,1,3,3,0,"SMS rule (email empty), LKUS_push, NY 2026-09-19..2026-09-26; distinct_phones exact within each row, never add across rows"
online,strategy_3JjEbR25lYCl,2026-09-19,105,0,68,42,0,"SMS rule (email empty), LKUS_push, NY 2026-09-19..2026-09-26; distinct_phones exact within each row, never add across rows"
online,strategy_3JjEbR25lYCl,2026-09-19,105,1,969,493,0,"SMS rule (email empty), LKUS_push, NY 2026-09-19..2026-09-26; distinct_phones exact within each row, never add across rows"
online,strategy_3JjEbR25lYCl,2026-09-19,108,1,2,2,0,"SMS rule (email empty), LKUS_push, NY 2026-09-19..2026-09-26; distinct_phones exact within each row, never add across rows"
online,strategy_3JjEbR25lYCl,2026-09-20,105,0,56,30,0,"SMS rule (email empty), LKUS_push, NY 2026-09-19..2026-09-26; distinct_phones exact within each row, never add across rows"
online,strategy_3JjEbR25lYCl,2026-09-20,105,1,665,380,0,"SMS rule (email empty), LKUS_push, NY 2026-09-19..2026-09-26; distinct_phones exact within each row, never add across rows"
online,strategy_3JjEbR25lYCl,2026-09-21,105,0,48,30,0,"SMS rule (email empty), LKUS_push, NY 2026-09-19..2026-09-26; distinct_phones exact within each row, never add across rows"
online,strategy_3JjEbR25lYCl,2026-09-21,105,1,802,400,0,"SMS rule (email empty), LKUS_push, NY 2026-09-19..2026-09-26; distinct_phones exact within each row, never add across rows"
online,strategy_3JjEbR25lYCl,2026-09-22,105,0,72,44,0,"SMS rule (email empty), LKUS_push, NY 2026-09-19..2026-09-26; distinct_phones exact within each row, never add across rows"
online,strategy_3JjEbR25lYCl,2026-09-22,105,1,835,467,0,"SMS rule (email empty), LKUS_push, NY 2026-09-19..2026-09-26; distinct_phones exact within each row, never add across rows"
online,strategy_3JjEbR25lYCl,2026-09-23,105,0,69,37,0,"SMS rule (email empty), LKUS_push, NY 2026-09-19..2026-09-26; distinct_phones exact within each row, never add across rows"
online,strategy_3JjEbR25lYCl,2026-09-23,105,1,784,474,0,"SMS rule (email empty), LKUS_push, NY 2026-09-19..2026-09-26; distinct_phones exact within each row, never add across rows"
online,strategy_3JjEbR25lYCl,2026-09-23,108,1,2,1,0,"SMS rule (email empty), LKUS_push, NY 2026-09-19..2026-09-26; distinct_phones exact within each row, never add across rows"
online,strategy_3JjEbR25lYCl,2026-09-24,105,0,96,47,0,"SMS rule (email empty), LKUS_push, NY 2026-09-19..2026-09-26; distinct_phones exact within each row, never add across rows"
online,strategy_3JjEbR25lYCl,2026-09-24,105,1,497,288,0,"SMS rule (email empty), LKUS_push, NY 2026-09-19..2026-09-26; distinct_phones exact within each row, never add across rows"
online,strategy_3JjEbR25lYCl,2026-09-25,105,0,65,39,0,"SMS rule (email empty), LKUS_push, NY 2026-09-19..2026-09-26; distinct_phones exact within each row, never add across rows"
online,strategy_3JjEbR25lYCl,2026-09-25,105,1,351,216,0,"SMS rule (email empty), LKUS_push, NY 2026-09-19..2026-09-26; distinct_phones exact within each row, never add across rows"
online,strategy_3JjEbR25lYCl,2026-09-25,108,0,4,2,0,"SMS rule (email empty), LKUS_push, NY 2026-09-19..2026-09-26; distinct_phones exact within each row, never add across rows"
online,strategy_3JjEbR25lYCl,2026-09-25,108,1,6,3,0,"SMS rule (email empty), LKUS_push, NY 2026-09-19..2026-09-26; distinct_phones exact within each row, never add across rows"
online,strategy_3JjEbR25lYCl,2026-09-26,105,0,57,34,0,"SMS rule (email empty), LKUS_push, NY 2026-09-19..2026-09-26; distinct_phones exact within each row, never add across rows"
online,strategy_3JjEbR25lYCl,2026-09-26,105,1,526,217,0,"SMS rule (email empty), LKUS_push, NY 2026-09-19..2026-09-26; distinct_phones exact within each row, never add across rows"
online,strategy_43NaEzJmiQFk,2026-09-23,105,1,538,254,0,"SMS rule (email empty), LKUS_push, NY 2026-09-19..2026-09-26; distinct_phones exact within each row, never add across rows"
online,strategy_43NaEzJmiQFk,2026-09-24,105,1,763,381,0,"SMS rule (email empty), LKUS_push, NY 2026-09-19..2026-09-26; distinct_phones exact within each row, never add across rows"
online,strategy_43NaEzJmiQFk,2026-09-25,105,1,527,292,0,"SMS rule (email empty), LKUS_push, NY 2026-09-19..2026-09-26; distinct_phones exact within each row, never add across rows"
online,strategy_43NaEzJmiQFk,2026-09-26,105,1,593,285,0,"SMS rule (email empty), LKUS_push, NY 2026-09-19..2026-09-26; distinct_phones exact within each row, never add across rows"
online,strategy_4U53sNfliQi9,2026-09-19,105,0,3,1,0,"SMS rule (email empty), LKUS_push, NY 2026-09-19..2026-09-26; distinct_phones exact within each row, never add across rows"
online,strategy_4U53sNfliQi9,2026-09-19,105,1,101,11,0,"SMS rule (email empty), LKUS_push, NY 2026-09-19..2026-09-26; distinct_phones exact within each row, never add across rows"
online,strategy_4U53sNfliQi9,2026-09-20,105,1,79,10,0,"SMS rule (email empty), LKUS_push, NY 2026-09-19..2026-09-26; distinct_phones exact within each row, never add across rows"
online,strategy_4U53sNfliQi9,2026-09-21,105,0,3,1,0,"SMS rule (email empty), LKUS_push, NY 2026-09-19..2026-09-26; distinct_phones exact within each row, never add across rows"
online,strategy_4U53sNfliQi9,2026-09-21,105,1,230,14,0,"SMS rule (email empty), LKUS_push, NY 2026-09-19..2026-09-26; distinct_phones exact within each row, never add across rows"
online,strategy_4U53sNfliQi9,2026-09-22,105,1,86,9,0,"SMS rule (email empty), LKUS_push, NY 2026-09-19..2026-09-26; distinct_phones exact within each row, never add across rows"
online,strategy_4U53sNfliQi9,2026-09-23,105,1,6,2,0,"SMS rule (email empty), LKUS_push, NY 2026-09-19..2026-09-26; distinct_phones exact within each row, never add across rows"
online,strategy_4U53sNfliQi9,2026-09-23,108,1,2,1,0,"SMS rule (email empty), LKUS_push, NY 2026-09-19..2026-09-26; distinct_phones exact within each row, never add across rows"
online,strategy_4U53sNfliQi9,2026-09-24,105,1,25,5,0,"SMS rule (email empty), LKUS_push, NY 2026-09-19..2026-09-26; distinct_phones exact within each row, never add across rows"
online,strategy_4U53sNfliQi9,2026-09-25,105,1,6,2,0,"SMS rule (email empty), LKUS_push, NY 2026-09-19..2026-09-26; distinct_phones exact within each row, never add across rows"
online,strategy_4U53sNfliQi9,2026-09-25,108,1,37,2,0,"SMS rule (email empty), LKUS_push, NY 2026-09-19..2026-09-26; distinct_phones exact within each row, never add across rows"
online,strategy_4U53sNfliQi9,2026-09-26,105,0,1,1,0,"SMS rule (email empty), LKUS_push, NY 2026-09-19..2026-09-26; distinct_phones exact within each row, never add across rows"
online,strategy_4U53sNfliQi9,2026-09-26,105,1,31,9,0,"SMS rule (email empty), LKUS_push, NY 2026-09-19..2026-09-26; distinct_phones exact within each row, never add across rows"
online,strategy_4U53sNfliQi9,2026-09-26,108,1,7,1,0,"SMS rule (email empty), LKUS_push, NY 2026-09-19..2026-09-26; distinct_phones exact within each row, never add across rows"
online,strategy_6cR0ThwOf1mO,2026-09-19,105,0,8,7,0,"SMS rule (email empty), LKUS_push, NY 2026-09-19..2026-09-26; distinct_phones exact within each row, never add across rows"
online,strategy_6cR0ThwOf1mO,2026-09-19,105,1,24,19,0,"SMS rule (email empty), LKUS_push, NY 2026-09-19..2026-09-26; distinct_phones exact within each row, never add across rows"
online,strategy_6cR0ThwOf1mO,2026-09-20,105,0,8,8,0,"SMS rule (email empty), LKUS_push, NY 2026-09-19..2026-09-26; distinct_phones exact within each row, never add across rows"
online,strategy_6cR0ThwOf1mO,2026-09-20,105,1,15,13,0,"SMS rule (email empty), LKUS_push, NY 2026-09-19..2026-09-26; distinct_phones exact within each row, never add across rows"
online,strategy_6cR0ThwOf1mO,2026-09-21,105,0,8,4,0,"SMS rule (email empty), LKUS_push, NY 2026-09-19..2026-09-26; distinct_phones exact within each row, never add across rows"
online,strategy_6cR0ThwOf1mO,2026-09-21,105,1,17,6,0,"SMS rule (email empty), LKUS_push, NY 2026-09-19..2026-09-26; distinct_phones exact within each row, never add across rows"
online,strategy_6cR0ThwOf1mO,2026-09-22,105,0,11,11,0,"SMS rule (email empty), LKUS_push, NY 2026-09-19..2026-09-26; distinct_phones exact within each row, never add across rows"
online,strategy_6cR0ThwOf1mO,2026-09-22,105,1,14,12,0,"SMS rule (email empty), LKUS_push, NY 2026-09-19..2026-09-26; distinct_phones exact within each row, never add across rows"
online,strategy_6cR0ThwOf1mO,2026-09-23,105,0,7,4,0,"SMS rule (email empty), LKUS_push, NY 2026-09-19..2026-09-26; distinct_phones exact within each row, never add across rows"
online,strategy_6cR0ThwOf1mO,2026-09-23,105,1,12,9,0,"SMS rule (email empty), LKUS_push, NY 2026-09-19..2026-09-26; distinct_phones exact within each row, never add across rows"
online,strategy_6cR0ThwOf1mO,2026-09-24,105,0,3,3,0,"SMS rule (email empty), LKUS_push, NY 2026-09-19..2026-09-26; distinct_phones exact within each row, never add across rows"
online,strategy_6cR0ThwOf1mO,2026-09-24,105,1,22,16,0,"SMS rule (email empty), LKUS_push, NY 2026-09-19..2026-09-26; distinct_phones exact within each row, never add across rows"
online,strategy_6cR0ThwOf1mO,2026-09-24,108,1,4,2,0,"SMS rule (email empty), LKUS_push, NY 2026-09-19..2026-09-26; distinct_phones exact within each row, never add across rows"
online,strategy_6cR0ThwOf1mO,2026-09-25,105,0,6,5,0,"SMS rule (email empty), LKUS_push, NY 2026-09-19..2026-09-26; distinct_phones exact within each row, never add across rows"
online,strategy_6cR0ThwOf1mO,2026-09-25,105,1,7,6,0,"SMS rule (email empty), LKUS_push, NY 2026-09-19..2026-09-26; distinct_phones exact within each row, never add across rows"
online,strategy_6cR0ThwOf1mO,2026-09-25,108,1,4,3,0,"SMS rule (email empty), LKUS_push, NY 2026-09-19..2026-09-26; distinct_phones exact within each row, never add across rows"
online,strategy_6cR0ThwOf1mO,2026-09-26,105,0,2,2,0,"SMS rule (email empty), LKUS_push, NY 2026-09-19..2026-09-26; distinct_phones exact within each row, never add across rows"
online,strategy_6cR0ThwOf1mO,2026-09-26,105,1,13,8,0,"SMS rule (email empty), LKUS_push, NY 2026-09-19..2026-09-26; distinct_phones exact within each row, never add across rows"
online,strategy_6cR0ThwOf1mO,2026-09-26,108,1,1,1,0,"SMS rule (email empty), LKUS_push, NY 2026-09-19..2026-09-26; distinct_phones exact within each row, never add across rows"
online,strategy_6umGxk6euGeg,2026-09-19,105,1,343,221,0,"SMS rule (email empty), LKUS_push, NY 2026-09-19..2026-09-26; distinct_phones exact within each row, never add across rows"
online,strategy_6umGxk6euGeg,2026-09-19,108,1,1,1,0,"SMS rule (email empty), LKUS_push, NY 2026-09-19..2026-09-26; distinct_phones exact within each row, never add across rows"
online,strategy_6umGxk6euGeg,2026-09-20,105,1,280,156,0,"SMS rule (email empty), LKUS_push, NY 2026-09-19..2026-09-26; distinct_phones exact within each row, never add across rows"
online,strategy_6umGxk6euGeg,2026-09-21,105,1,399,181,0,"SMS rule (email empty), LKUS_push, NY 2026-09-19..2026-09-26; distinct_phones exact within each row, never add across rows"
online,strategy_6umGxk6euGeg,2026-09-21,108,1,8,6,0,"SMS rule (email empty), LKUS_push, NY 2026-09-19..2026-09-26; distinct_phones exact within each row, never add across rows"
online,strategy_6umGxk6euGeg,2026-09-22,105,1,263,150,0,"SMS rule (email empty), LKUS_push, NY 2026-09-19..2026-09-26; distinct_phones exact within each row, never add across rows"
online,strategy_6umGxk6euGeg,2026-09-22,108,1,7,5,0,"SMS rule (email empty), LKUS_push, NY 2026-09-19..2026-09-26; distinct_phones exact within each row, never add across rows"
online,strategy_6umGxk6euGeg,2026-09-23,105,1,285,176,0,"SMS rule (email empty), LKUS_push, NY 2026-09-19..2026-09-26; distinct_phones exact within each row, never add across rows"
online,strategy_6umGxk6euGeg,2026-09-23,108,1,1,1,0,"SMS rule (email empty), LKUS_push, NY 2026-09-19..2026-09-26; distinct_phones exact within each row, never add across rows"
online,strategy_6umGxk6euGeg,2026-09-24,105,1,179,96,0,"SMS rule (email empty), LKUS_push, NY 2026-09-19..2026-09-26; distinct_phones exact within each row, never add across rows"
online,strategy_6umGxk6euGeg,2026-09-24,108,1,16,8,0,"SMS rule (email empty), LKUS_push, NY 2026-09-19..2026-09-26; distinct_phones exact within each row, never add across rows"
online,strategy_6umGxk6euGeg,2026-09-25,105,1,115,81,0,"SMS rule (email empty), LKUS_push, NY 2026-09-19..2026-09-26; distinct_phones exact within each row, never add across rows"
online,strategy_6umGxk6euGeg,2026-09-25,108,1,69,16,0,"SMS rule (email empty), LKUS_push, NY 2026-09-19..2026-09-26; distinct_phones exact within each row, never add across rows"
online,strategy_6umGxk6euGeg,2026-09-26,105,1,131,76,0,"SMS rule (email empty), LKUS_push, NY 2026-09-19..2026-09-26; distinct_phones exact within each row, never add across rows"
online,strategy_6umGxk6euGeg,2026-09-26,108,1,10,4,0,"SMS rule (email empty), LKUS_push, NY 2026-09-19..2026-09-26; distinct_phones exact within each row, never add across rows"
online,strategy_ARqkLD7E3JaK,2026-09-19,105,0,48,35,0,"SMS rule (email empty), LKUS_push, NY 2026-09-19..2026-09-26; distinct_phones exact within each row, never add across rows"
online,strategy_ARqkLD7E3JaK,2026-09-19,105,1,601,288,0,"SMS rule (email empty), LKUS_push, NY 2026-09-19..2026-09-26; distinct_phones exact within each row, never add across rows"
online,strategy_ARqkLD7E3JaK,2026-09-20,105,0,49,30,0,"SMS rule (email empty), LKUS_push, NY 2026-09-19..2026-09-26; distinct_phones exact within each row, never add across rows"
online,strategy_ARqkLD7E3JaK,2026-09-20,105,1,486,276,0,"SMS rule (email empty), LKUS_push, NY 2026-09-19..2026-09-26; distinct_phones exact within each row, never add across rows"
online,strategy_ARqkLD7E3JaK,2026-09-21,105,0,68,40,0,"SMS rule (email empty), LKUS_push, NY 2026-09-19..2026-09-26; distinct_phones exact within each row, never add across rows"
online,strategy_ARqkLD7E3JaK,2026-09-21,105,1,443,216,0,"SMS rule (email empty), LKUS_push, NY 2026-09-19..2026-09-26; distinct_phones exact within each row, never add across rows"
online,strategy_ARqkLD7E3JaK,2026-09-22,105,0,59,33,0,"SMS rule (email empty), LKUS_push, NY 2026-09-19..2026-09-26; distinct_phones exact within each row, never add across rows"
online,strategy_ARqkLD7E3JaK,2026-09-22,105,1,407,228,0,"SMS rule (email empty), LKUS_push, NY 2026-09-19..2026-09-26; distinct_phones exact within each row, never add across rows"
online,strategy_ARqkLD7E3JaK,2026-09-22,108,0,1,1,0,"SMS rule (email empty), LKUS_push, NY 2026-09-19..2026-09-26; distinct_phones exact within each row, never add across rows"
online,strategy_ARqkLD7E3JaK,2026-09-22,108,1,1,1,0,"SMS rule (email empty), LKUS_push, NY 2026-09-19..2026-09-26; distinct_phones exact within each row, never add across rows"
online,strategy_ARqkLD7E3JaK,2026-09-23,105,0,33,27,0,"SMS rule (email empty), LKUS_push, NY 2026-09-19..2026-09-26; distinct_phones exact within each row, never add across rows"
online,strategy_ARqkLD7E3JaK,2026-09-23,105,1,428,221,0,"SMS rule (email empty), LKUS_push, NY 2026-09-19..2026-09-26; distinct_phones exact within each row, never add across rows"
online,strategy_ARqkLD7E3JaK,2026-09-23,106,0,1,1,0,"SMS rule (email empty), LKUS_push, NY 2026-09-19..2026-09-26; distinct_phones exact within each row, never add across rows"
online,strategy_ARqkLD7E3JaK,2026-09-24,105,0,56,25,0,"SMS rule (email empty), LKUS_push, NY 2026-09-19..2026-09-26; distinct_phones exact within each row, never add across rows"
online,strategy_ARqkLD7E3JaK,2026-09-24,105,1,172,108,0,"SMS rule (email empty), LKUS_push, NY 2026-09-19..2026-09-26; distinct_phones exact within each row, never add across rows"
online,strategy_ARqkLD7E3JaK,2026-09-24,106,0,1,1,0,"SMS rule (email empty), LKUS_push, NY 2026-09-19..2026-09-26; distinct_phones exact within each row, never add across rows"
online,strategy_ARqkLD7E3JaK,2026-09-24,108,1,1,1,0,"SMS rule (email empty), LKUS_push, NY 2026-09-19..2026-09-26; distinct_phones exact within each row, never add across rows"
online,strategy_ARqkLD7E3JaK,2026-09-25,105,0,88,57,0,"SMS rule (email empty), LKUS_push, NY 2026-09-19..2026-09-26; distinct_phones exact within each row, never add across rows"
online,strategy_ARqkLD7E3JaK,2026-09-25,105,1,167,107,0,"SMS rule (email empty), LKUS_push, NY 2026-09-19..2026-09-26; distinct_phones exact within each row, never add across rows"
online,strategy_ARqkLD7E3JaK,2026-09-25,108,0,2,2,0,"SMS rule (email empty), LKUS_push, NY 2026-09-19..2026-09-26; distinct_phones exact within each row, never add across rows"
online,strategy_ARqkLD7E3JaK,2026-09-25,108,1,3,2,0,"SMS rule (email empty), LKUS_push, NY 2026-09-19..2026-09-26; distinct_phones exact within each row, never add across rows"
online,strategy_ARqkLD7E3JaK,2026-09-26,105,0,58,30,0,"SMS rule (email empty), LKUS_push, NY 2026-09-19..2026-09-26; distinct_phones exact within each row, never add across rows"
online,strategy_ARqkLD7E3JaK,2026-09-26,105,1,139,94,0,"SMS rule (email empty), LKUS_push, NY 2026-09-19..2026-09-26; distinct_phones exact within each row, never add across rows"
online,strategy_ARqkLD7E3JaK,2026-09-26,106,0,3,1,0,"SMS rule (email empty), LKUS_push, NY 2026-09-19..2026-09-26; distinct_phones exact within each row, never add across rows"
online,strategy_AzkS80RGOyO6,2026-09-19,105,0,5,1,0,"SMS rule (email empty), LKUS_push, NY 2026-09-19..2026-09-26; distinct_phones exact within each row, never add across rows"
online,strategy_AzkS80RGOyO6,2026-09-19,105,1,155,19,0,"SMS rule (email empty), LKUS_push, NY 2026-09-19..2026-09-26; distinct_phones exact within each row, never add across rows"
online,strategy_AzkS80RGOyO6,2026-09-19,108,0,1,1,0,"SMS rule (email empty), LKUS_push, NY 2026-09-19..2026-09-26; distinct_phones exact within each row, never add across rows"
online,strategy_AzkS80RGOyO6,2026-09-20,105,1,113,13,0,"SMS rule (email empty), LKUS_push, NY 2026-09-19..2026-09-26; distinct_phones exact within each row, never add across rows"
online,strategy_AzkS80RGOyO6,2026-09-21,105,0,4,1,0,"SMS rule (email empty), LKUS_push, NY 2026-09-19..2026-09-26; distinct_phones exact within each row, never add across rows"
online,strategy_AzkS80RGOyO6,2026-09-21,105,1,281,17,0,"SMS rule (email empty), LKUS_push, NY 2026-09-19..2026-09-26; distinct_phones exact within each row, never add across rows"
online,strategy_AzkS80RGOyO6,2026-09-22,105,1,127,13,0,"SMS rule (email empty), LKUS_push, NY 2026-09-19..2026-09-26; distinct_phones exact within each row, never add across rows"
online,strategy_AzkS80RGOyO6,2026-09-23,105,1,25,8,0,"SMS rule (email empty), LKUS_push, NY 2026-09-19..2026-09-26; distinct_phones exact within each row, never add across rows"
online,strategy_AzkS80RGOyO6,2026-09-23,108,1,2,1,0,"SMS rule (email empty), LKUS_push, NY 2026-09-19..2026-09-26; distinct_phones exact within each row, never add across rows"
online,strategy_AzkS80RGOyO6,2026-09-24,105,1,61,10,0,"SMS rule (email empty), LKUS_push, NY 2026-09-19..2026-09-26; distinct_phones exact within each row, never add across rows"
online,strategy_AzkS80RGOyO6,2026-09-25,105,1,11,3,0,"SMS rule (email empty), LKUS_push, NY 2026-09-19..2026-09-26; distinct_phones exact within each row, never add across rows"
online,strategy_AzkS80RGOyO6,2026-09-25,108,1,45,2,0,"SMS rule (email empty), LKUS_push, NY 2026-09-19..2026-09-26; distinct_phones exact within each row, never add across rows"
online,strategy_AzkS80RGOyO6,2026-09-26,105,0,1,1,0,"SMS rule (email empty), LKUS_push, NY 2026-09-19..2026-09-26; distinct_phones exact within each row, never add across rows"
online,strategy_AzkS80RGOyO6,2026-09-26,105,1,80,18,0,"SMS rule (email empty), LKUS_push, NY 2026-09-19..2026-09-26; distinct_phones exact within each row, never add across rows"
online,strategy_AzkS80RGOyO6,2026-09-26,108,1,11,1,0,"SMS rule (email empty), LKUS_push, NY 2026-09-19..2026-09-26; distinct_phones exact within each row, never add across rows"
online,strategy_B7myeMbj1IcR,2026-09-19,105,0,3,2,0,"SMS rule (email empty), LKUS_push, NY 2026-09-19..2026-09-26; distinct_phones exact within each row, never add across rows"
online,strategy_B7myeMbj1IcR,2026-09-19,105,1,225,144,0,"SMS rule (email empty), LKUS_push, NY 2026-09-19..2026-09-26; distinct_phones exact within each row, never add across rows"
online,strategy_B7myeMbj1IcR,2026-09-20,105,0,4,4,0,"SMS rule (email empty), LKUS_push, NY 2026-09-19..2026-09-26; distinct_phones exact within each row, never add across rows"
online,strategy_B7myeMbj1IcR,2026-09-20,105,1,135,100,0,"SMS rule (email empty), LKUS_push, NY 2026-09-19..2026-09-26; distinct_phones exact within each row, never add across rows"
online,strategy_B7myeMbj1IcR,2026-09-21,105,0,1,1,0,"SMS rule (email empty), LKUS_push, NY 2026-09-19..2026-09-26; distinct_phones exact within each row, never add across rows"
online,strategy_B7myeMbj1IcR,2026-09-21,105,1,141,83,0,"SMS rule (email empty), LKUS_push, NY 2026-09-19..2026-09-26; distinct_phones exact within each row, never add across rows"
online,strategy_B7myeMbj1IcR,2026-09-21,108,1,4,2,0,"SMS rule (email empty), LKUS_push, NY 2026-09-19..2026-09-26; distinct_phones exact within each row, never add across rows"
online,strategy_B7myeMbj1IcR,2026-09-22,105,0,16,4,0,"SMS rule (email empty), LKUS_push, NY 2026-09-19..2026-09-26; distinct_phones exact within each row, never add across rows"
online,strategy_B7myeMbj1IcR,2026-09-22,105,1,171,97,0,"SMS rule (email empty), LKUS_push, NY 2026-09-19..2026-09-26; distinct_phones exact within each row, never add across rows"
online,strategy_B7myeMbj1IcR,2026-09-23,105,0,3,2,0,"SMS rule (email empty), LKUS_push, NY 2026-09-19..2026-09-26; distinct_phones exact within each row, never add across rows"
online,strategy_B7myeMbj1IcR,2026-09-23,105,1,133,93,0,"SMS rule (email empty), LKUS_push, NY 2026-09-19..2026-09-26; distinct_phones exact within each row, never add across rows"
online,strategy_B7myeMbj1IcR,2026-09-24,105,0,3,2,0,"SMS rule (email empty), LKUS_push, NY 2026-09-19..2026-09-26; distinct_phones exact within each row, never add across rows"
online,strategy_B7myeMbj1IcR,2026-09-24,105,1,54,37,0,"SMS rule (email empty), LKUS_push, NY 2026-09-19..2026-09-26; distinct_phones exact within each row, never add across rows"
online,strategy_B7myeMbj1IcR,2026-09-25,105,0,4,4,0,"SMS rule (email empty), LKUS_push, NY 2026-09-19..2026-09-26; distinct_phones exact within each row, never add across rows"
online,strategy_B7myeMbj1IcR,2026-09-25,105,1,63,42,0,"SMS rule (email empty), LKUS_push, NY 2026-09-19..2026-09-26; distinct_phones exact within each row, never add across rows"
online,strategy_B7myeMbj1IcR,2026-09-26,105,0,13,8,0,"SMS rule (email empty), LKUS_push, NY 2026-09-19..2026-09-26; distinct_phones exact within each row, never add across rows"
online,strategy_B7myeMbj1IcR,2026-09-26,105,1,196,76,0,"SMS rule (email empty), LKUS_push, NY 2026-09-19..2026-09-26; distinct_phones exact within each row, never add across rows"
online,strategy_D62zg8liB7Bk,2026-09-21,105,0,1,1,1,"SMS rule (email empty), LKUS_push, NY 2026-09-19..2026-09-26; distinct_phones exact within each row, never add across rows"
online,strategy_D62zg8liB7Bk,2026-09-21,106,0,1,1,1,"SMS rule (email empty), LKUS_push, NY 2026-09-19..2026-09-26; distinct_phones exact within each row, never add across rows"
online,strategy_D62zg8liB7Bk,2026-09-24,108,0,1,1,1,"SMS rule (email empty), LKUS_push, NY 2026-09-19..2026-09-26; distinct_phones exact within each row, never add across rows"
online,strategy_HWp8hFcwBQXz,2026-09-19,108,0,9,5,3,"SMS rule (email empty), LKUS_push, NY 2026-09-19..2026-09-26; distinct_phones exact within each row, never add across rows"
online,strategy_HWp8hFcwBQXz,2026-09-24,108,0,2,2,0,"SMS rule (email empty), LKUS_push, NY 2026-09-19..2026-09-26; distinct_phones exact within each row, never add across rows"
online,strategy_HWp8hFcwBQXz,2026-09-24,108,1,17,3,0,"SMS rule (email empty), LKUS_push, NY 2026-09-19..2026-09-26; distinct_phones exact within each row, never add across rows"
online,strategy_HWp8hFcwBQXz,2026-09-25,108,0,1,1,0,"SMS rule (email empty), LKUS_push, NY 2026-09-19..2026-09-26; distinct_phones exact within each row, never add across rows"
online,strategy_HWp8hFcwBQXz,2026-09-25,108,1,29,6,0,"SMS rule (email empty), LKUS_push, NY 2026-09-19..2026-09-26; distinct_phones exact within each row, never add across rows"
online,strategy_HWp8hFcwBQXz,2026-09-26,108,1,12,2,0,"SMS rule (email empty), LKUS_push, NY 2026-09-19..2026-09-26; distinct_phones exact within each row, never add across rows"
online,strategy_OgkdQFtWwJ92,2026-09-19,105,1,557,204,0,"SMS rule (email empty), LKUS_push, NY 2026-09-19..2026-09-26; distinct_phones exact within each row, never add across rows"
online,strategy_OgkdQFtWwJ92,2026-09-20,105,1,123,52,0,"SMS rule (email empty), LKUS_push, NY 2026-09-19..2026-09-26; distinct_phones exact within each row, never add across rows"
online,strategy_OgkdQFtWwJ92,2026-09-21,105,1,445,147,0,"SMS rule (email empty), LKUS_push, NY 2026-09-19..2026-09-26; distinct_phones exact within each row, never add across rows"
online,strategy_OgkdQFtWwJ92,2026-09-22,105,1,339,136,0,"SMS rule (email empty), LKUS_push, NY 2026-09-19..2026-09-26; distinct_phones exact within each row, never add across rows"
online,strategy_OgkdQFtWwJ92,2026-09-23,105,1,160,75,0,"SMS rule (email empty), LKUS_push, NY 2026-09-19..2026-09-26; distinct_phones exact within each row, never add across rows"
online,strategy_OgkdQFtWwJ92,2026-09-24,105,1,79,42,0,"SMS rule (email empty), LKUS_push, NY 2026-09-19..2026-09-26; distinct_phones exact within each row, never add across rows"
online,strategy_OgkdQFtWwJ92,2026-09-25,105,1,36,19,0,"SMS rule (email empty), LKUS_push, NY 2026-09-19..2026-09-26; distinct_phones exact within each row, never add across rows"
online,strategy_OgkdQFtWwJ92,2026-09-26,105,1,154,47,0,"SMS rule (email empty), LKUS_push, NY 2026-09-19..2026-09-26; distinct_phones exact within each row, never add across rows"
online,strategy_REnWrA7CfCdE,2026-09-19,105,0,95,58,0,"SMS rule (email empty), LKUS_push, NY 2026-09-19..2026-09-26; distinct_phones exact within each row, never add across rows"
online,strategy_REnWrA7CfCdE,2026-09-19,105,1,775,311,0,"SMS rule (email empty), LKUS_push, NY 2026-09-19..2026-09-26; distinct_phones exact within each row, never add across rows"
online,strategy_REnWrA7CfCdE,2026-09-19,108,0,12,6,0,"SMS rule (email empty), LKUS_push, NY 2026-09-19..2026-09-26; distinct_phones exact within each row, never add across rows"
online,strategy_REnWrA7CfCdE,2026-09-19,108,1,3,3,0,"SMS rule (email empty), LKUS_push, NY 2026-09-19..2026-09-26; distinct_phones exact within each row, never add across rows"
online,strategy_REnWrA7CfCdE,2026-09-20,105,0,28,20,0,"SMS rule (email empty), LKUS_push, NY 2026-09-19..2026-09-26; distinct_phones exact within each row, never add across rows"
online,strategy_REnWrA7CfCdE,2026-09-20,105,1,348,173,0,"SMS rule (email empty), LKUS_push, NY 2026-09-19..2026-09-26; distinct_phones exact within each row, never add across rows"
online,strategy_REnWrA7CfCdE,2026-09-21,105,0,71,44,0,"SMS rule (email empty), LKUS_push, NY 2026-09-19..2026-09-26; distinct_phones exact within each row, never add across rows"
online,strategy_REnWrA7CfCdE,2026-09-21,105,1,555,217,0,"SMS rule (email empty), LKUS_push, NY 2026-09-19..2026-09-26; distinct_phones exact within each row, never add across rows"
online,strategy_REnWrA7CfCdE,2026-09-21,108,1,2,1,0,"SMS rule (email empty), LKUS_push, NY 2026-09-19..2026-09-26; distinct_phones exact within each row, never add across rows"
online,strategy_REnWrA7CfCdE,2026-09-22,105,0,91,49,0,"SMS rule (email empty), LKUS_push, NY 2026-09-19..2026-09-26; distinct_phones exact within each row, never add across rows"
online,strategy_REnWrA7CfCdE,2026-09-22,105,1,612,236,0,"SMS rule (email empty), LKUS_push, NY 2026-09-19..2026-09-26; distinct_phones exact within each row, never add across rows"
online,strategy_REnWrA7CfCdE,2026-09-22,106,0,5,2,0,"SMS rule (email empty), LKUS_push, NY 2026-09-19..2026-09-26; distinct_phones exact within each row, never add across rows"
online,strategy_REnWrA7CfCdE,2026-09-22,108,0,2,1,0,"SMS rule (email empty), LKUS_push, NY 2026-09-19..2026-09-26; distinct_phones exact within each row, never add across rows"
online,strategy_REnWrA7CfCdE,2026-09-23,105,0,40,28,0,"SMS rule (email empty), LKUS_push, NY 2026-09-19..2026-09-26; distinct_phones exact within each row, never add across rows"
online,strategy_REnWrA7CfCdE,2026-09-23,105,1,508,235,0,"SMS rule (email empty), LKUS_push, NY 2026-09-19..2026-09-26; distinct_phones exact within each row, never add across rows"
online,strategy_REnWrA7CfCdE,2026-09-24,105,0,76,50,0,"SMS rule (email empty), LKUS_push, NY 2026-09-19..2026-09-26; distinct_phones exact within each row, never add across rows"
online,strategy_REnWrA7CfCdE,2026-09-24,105,1,154,77,0,"SMS rule (email empty), LKUS_push, NY 2026-09-19..2026-09-26; distinct_phones exact within each row, never add across rows"
online,strategy_REnWrA7CfCdE,2026-09-24,108,0,5,5,0,"SMS rule (email empty), LKUS_push, NY 2026-09-19..2026-09-26; distinct_phones exact within each row, never add across rows"
online,strategy_REnWrA7CfCdE,2026-09-24,108,1,42,6,0,"SMS rule (email empty), LKUS_push, NY 2026-09-19..2026-09-26; distinct_phones exact within each row, never add across rows"
online,strategy_REnWrA7CfCdE,2026-09-25,105,0,29,19,0,"SMS rule (email empty), LKUS_push, NY 2026-09-19..2026-09-26; distinct_phones exact within each row, never add across rows"
online,strategy_REnWrA7CfCdE,2026-09-25,105,1,62,27,0,"SMS rule (email empty), LKUS_push, NY 2026-09-19..2026-09-26; distinct_phones exact within each row, never add across rows"
online,strategy_REnWrA7CfCdE,2026-09-25,106,0,1,1,0,"SMS rule (email empty), LKUS_push, NY 2026-09-19..2026-09-26; distinct_phones exact within each row, never add across rows"
online,strategy_REnWrA7CfCdE,2026-09-25,108,0,8,3,0,"SMS rule (email empty), LKUS_push, NY 2026-09-19..2026-09-26; distinct_phones exact within each row, never add across rows"
online,strategy_REnWrA7CfCdE,2026-09-25,108,1,59,9,0,"SMS rule (email empty), LKUS_push, NY 2026-09-19..2026-09-26; distinct_phones exact within each row, never add across rows"
online,strategy_REnWrA7CfCdE,2026-09-26,105,0,44,22,0,"SMS rule (email empty), LKUS_push, NY 2026-09-19..2026-09-26; distinct_phones exact within each row, never add across rows"
online,strategy_REnWrA7CfCdE,2026-09-26,105,1,288,105,0,"SMS rule (email empty), LKUS_push, NY 2026-09-19..2026-09-26; distinct_phones exact within each row, never add across rows"
online,strategy_Sjg5jzhKlBYa,2026-09-19,105,1,32,13,0,"SMS rule (email empty), LKUS_push, NY 2026-09-19..2026-09-26; distinct_phones exact within each row, never add across rows"
online,strategy_Sjg5jzhKlBYa,2026-09-20,105,1,25,5,0,"SMS rule (email empty), LKUS_push, NY 2026-09-19..2026-09-26; distinct_phones exact within each row, never add across rows"
online,strategy_Sjg5jzhKlBYa,2026-09-21,105,1,110,6,0,"SMS rule (email empty), LKUS_push, NY 2026-09-19..2026-09-26; distinct_phones exact within each row, never add across rows"
online,strategy_Sjg5jzhKlBYa,2026-09-22,105,1,23,6,0,"SMS rule (email empty), LKUS_push, NY 2026-09-19..2026-09-26; distinct_phones exact within each row, never add across rows"
online,strategy_Sjg5jzhKlBYa,2026-09-23,105,1,14,3,0,"SMS rule (email empty), LKUS_push, NY 2026-09-19..2026-09-26; distinct_phones exact within each row, never add across rows"
online,strategy_Sjg5jzhKlBYa,2026-09-24,105,0,1,1,0,"SMS rule (email empty), LKUS_push, NY 2026-09-19..2026-09-26; distinct_phones exact within each row, never add across rows"
online,strategy_Sjg5jzhKlBYa,2026-09-24,105,1,27,5,0,"SMS rule (email empty), LKUS_push, NY 2026-09-19..2026-09-26; distinct_phones exact within each row, never add across rows"
online,strategy_Sjg5jzhKlBYa,2026-09-24,108,1,4,2,0,"SMS rule (email empty), LKUS_push, NY 2026-09-19..2026-09-26; distinct_phones exact within each row, never add across rows"
online,strategy_Sjg5jzhKlBYa,2026-09-25,108,1,4,2,0,"SMS rule (email empty), LKUS_push, NY 2026-09-19..2026-09-26; distinct_phones exact within each row, never add across rows"
online,strategy_Sjg5jzhKlBYa,2026-09-26,108,1,4,1,0,"SMS rule (email empty), LKUS_push, NY 2026-09-19..2026-09-26; distinct_phones exact within each row, never add across rows"
online,strategy_Wy0hlJAeoEMh,2026-09-19,105,0,3,2,0,"SMS rule (email empty), LKUS_push, NY 2026-09-19..2026-09-26; distinct_phones exact within each row, never add across rows"
online,strategy_Wy0hlJAeoEMh,2026-09-19,105,1,54,33,0,"SMS rule (email empty), LKUS_push, NY 2026-09-19..2026-09-26; distinct_phones exact within each row, never add across rows"
online,strategy_Wy0hlJAeoEMh,2026-09-20,105,0,1,1,0,"SMS rule (email empty), LKUS_push, NY 2026-09-19..2026-09-26; distinct_phones exact within each row, never add across rows"
online,strategy_Wy0hlJAeoEMh,2026-09-20,105,1,22,17,0,"SMS rule (email empty), LKUS_push, NY 2026-09-19..2026-09-26; distinct_phones exact within each row, never add across rows"
online,strategy_Wy0hlJAeoEMh,2026-09-21,105,0,1,1,0,"SMS rule (email empty), LKUS_push, NY 2026-09-19..2026-09-26; distinct_phones exact within each row, never add across rows"
online,strategy_Wy0hlJAeoEMh,2026-09-21,105,1,22,19,0,"SMS rule (email empty), LKUS_push, NY 2026-09-19..2026-09-26; distinct_phones exact within each row, never add across rows"
online,strategy_Wy0hlJAeoEMh,2026-09-22,105,0,12,3,0,"SMS rule (email empty), LKUS_push, NY 2026-09-19..2026-09-26; distinct_phones exact within each row, never add across rows"
online,strategy_Wy0hlJAeoEMh,2026-09-22,105,1,26,19,0,"SMS rule (email empty), LKUS_push, NY 2026-09-19..2026-09-26; distinct_phones exact within each row, never add across rows"
online,strategy_Wy0hlJAeoEMh,2026-09-23,105,0,4,2,0,"SMS rule (email empty), LKUS_push, NY 2026-09-19..2026-09-26; distinct_phones exact within each row, never add across rows"
online,strategy_Wy0hlJAeoEMh,2026-09-23,105,1,23,18,0,"SMS rule (email empty), LKUS_push, NY 2026-09-19..2026-09-26; distinct_phones exact within each row, never add across rows"
online,strategy_Wy0hlJAeoEMh,2026-09-24,105,1,2,2,0,"SMS rule (email empty), LKUS_push, NY 2026-09-19..2026-09-26; distinct_phones exact within each row, never add across rows"
online,strategy_Wy0hlJAeoEMh,2026-09-25,105,1,12,9,0,"SMS rule (email empty), LKUS_push, NY 2026-09-19..2026-09-26; distinct_phones exact within each row, never add across rows"
online,strategy_Wy0hlJAeoEMh,2026-09-26,105,0,2,1,0,"SMS rule (email empty), LKUS_push, NY 2026-09-19..2026-09-26; distinct_phones exact within each row, never add across rows"
online,strategy_Wy0hlJAeoEMh,2026-09-26,105,1,92,41,0,"SMS rule (email empty), LKUS_push, NY 2026-09-19..2026-09-26; distinct_phones exact within each row, never add across rows"
online,strategy_ZhIwgFM93OmM,2026-09-19,105,1,19,8,0,"SMS rule (email empty), LKUS_push, NY 2026-09-19..2026-09-26; distinct_phones exact within each row, never add across rows"
online,strategy_ZhIwgFM93OmM,2026-09-21,105,1,115,12,0,"SMS rule (email empty), LKUS_push, NY 2026-09-19..2026-09-26; distinct_phones exact within each row, never add across rows"
online,strategy_ZhIwgFM93OmM,2026-09-22,105,1,1,1,0,"SMS rule (email empty), LKUS_push, NY 2026-09-19..2026-09-26; distinct_phones exact within each row, never add across rows"
online,strategy_ZhIwgFM93OmM,2026-09-23,105,1,11,8,0,"SMS rule (email empty), LKUS_push, NY 2026-09-19..2026-09-26; distinct_phones exact within each row, never add across rows"
online,strategy_ZhIwgFM93OmM,2026-09-24,105,1,3,2,0,"SMS rule (email empty), LKUS_push, NY 2026-09-19..2026-09-26; distinct_phones exact within each row, never add across rows"
online,strategy_axSKRJaUgQI4,2026-09-19,105,0,6,4,0,"SMS rule (email empty), LKUS_push, NY 2026-09-19..2026-09-26; distinct_phones exact within each row, never add across rows"
online,strategy_axSKRJaUgQI4,2026-09-19,105,1,93,83,0,"SMS rule (email empty), LKUS_push, NY 2026-09-19..2026-09-26; distinct_phones exact within each row, never add across rows"
online,strategy_axSKRJaUgQI4,2026-09-20,105,0,8,5,0,"SMS rule (email empty), LKUS_push, NY 2026-09-19..2026-09-26; distinct_phones exact within each row, never add across rows"
online,strategy_axSKRJaUgQI4,2026-09-20,105,1,81,64,0,"SMS rule (email empty), LKUS_push, NY 2026-09-19..2026-09-26; distinct_phones exact within each row, never add across rows"
online,strategy_axSKRJaUgQI4,2026-09-21,105,0,1,1,0,"SMS rule (email empty), LKUS_push, NY 2026-09-19..2026-09-26; distinct_phones exact within each row, never add across rows"
online,strategy_axSKRJaUgQI4,2026-09-21,105,1,133,105,0,"SMS rule (email empty), LKUS_push, NY 2026-09-19..2026-09-26; distinct_phones exact within each row, never add across rows"
online,strategy_axSKRJaUgQI4,2026-09-22,105,0,11,8,0,"SMS rule (email empty), LKUS_push, NY 2026-09-19..2026-09-26; distinct_phones exact within each row, never add across rows"
online,strategy_axSKRJaUgQI4,2026-09-22,105,1,92,79,0,"SMS rule (email empty), LKUS_push, NY 2026-09-19..2026-09-26; distinct_phones exact within each row, never add across rows"
online,strategy_axSKRJaUgQI4,2026-09-23,105,0,12,9,0,"SMS rule (email empty), LKUS_push, NY 2026-09-19..2026-09-26; distinct_phones exact within each row, never add across rows"
online,strategy_axSKRJaUgQI4,2026-09-23,105,1,67,55,0,"SMS rule (email empty), LKUS_push, NY 2026-09-19..2026-09-26; distinct_phones exact within each row, never add across rows"
online,strategy_axSKRJaUgQI4,2026-09-24,105,0,7,6,0,"SMS rule (email empty), LKUS_push, NY 2026-09-19..2026-09-26; distinct_phones exact within each row, never add across rows"
online,strategy_axSKRJaUgQI4,2026-09-24,105,1,12,7,0,"SMS rule (email empty), LKUS_push, NY 2026-09-19..2026-09-26; distinct_phones exact within each row, never add across rows"
online,strategy_axSKRJaUgQI4,2026-09-24,108,0,2,2,0,"SMS rule (email empty), LKUS_push, NY 2026-09-19..2026-09-26; distinct_phones exact within each row, never add across rows"
online,strategy_axSKRJaUgQI4,2026-09-25,105,0,8,5,0,"SMS rule (email empty), LKUS_push, NY 2026-09-19..2026-09-26; distinct_phones exact within each row, never add across rows"
online,strategy_axSKRJaUgQI4,2026-09-25,105,1,8,6,0,"SMS rule (email empty), LKUS_push, NY 2026-09-19..2026-09-26; distinct_phones exact within each row, never add across rows"
online,strategy_axSKRJaUgQI4,2026-09-26,105,0,3,3,0,"SMS rule (email empty), LKUS_push, NY 2026-09-19..2026-09-26; distinct_phones exact within each row, never add across rows"
online,strategy_axSKRJaUgQI4,2026-09-26,105,1,97,51,0,"SMS rule (email empty), LKUS_push, NY 2026-09-19..2026-09-26; distinct_phones exact within each row, never add across rows"
online,strategy_ddYctXVE0UvN,2026-09-19,108,0,7,6,6,"SMS rule (email empty), LKUS_push, NY 2026-09-19..2026-09-26; distinct_phones exact within each row, never add across rows"
online,strategy_ddYctXVE0UvN,2026-09-19,108,1,5,5,4,"SMS rule (email empty), LKUS_push, NY 2026-09-19..2026-09-26; distinct_phones exact within each row, never add across rows"
online,strategy_ddYctXVE0UvN,2026-09-20,108,0,1,1,1,"SMS rule (email empty), LKUS_push, NY 2026-09-19..2026-09-26; distinct_phones exact within each row, never add across rows"
online,strategy_ddYctXVE0UvN,2026-09-20,108,1,1,1,1,"SMS rule (email empty), LKUS_push, NY 2026-09-19..2026-09-26; distinct_phones exact within each row, never add across rows"
online,strategy_ddYctXVE0UvN,2026-09-21,108,0,2,2,2,"SMS rule (email empty), LKUS_push, NY 2026-09-19..2026-09-26; distinct_phones exact within each row, never add across rows"
online,strategy_ddYctXVE0UvN,2026-09-21,108,1,12,12,7,"SMS rule (email empty), LKUS_push, NY 2026-09-19..2026-09-26; distinct_phones exact within each row, never add across rows"
online,strategy_ddYctXVE0UvN,2026-09-22,108,0,5,3,2,"SMS rule (email empty), LKUS_push, NY 2026-09-19..2026-09-26; distinct_phones exact within each row, never add across rows"
online,strategy_ddYctXVE0UvN,2026-09-22,108,1,5,5,2,"SMS rule (email empty), LKUS_push, NY 2026-09-19..2026-09-26; distinct_phones exact within each row, never add across rows"
online,strategy_ddYctXVE0UvN,2026-09-23,108,1,2,2,1,"SMS rule (email empty), LKUS_push, NY 2026-09-19..2026-09-26; distinct_phones exact within each row, never add across rows"
online,strategy_ddYctXVE0UvN,2026-09-24,108,0,10,8,8,"SMS rule (email empty), LKUS_push, NY 2026-09-19..2026-09-26; distinct_phones exact within each row, never add across rows"
online,strategy_ddYctXVE0UvN,2026-09-24,108,1,7,7,3,"SMS rule (email empty), LKUS_push, NY 2026-09-19..2026-09-26; distinct_phones exact within each row, never add across rows"
online,strategy_ddYctXVE0UvN,2026-09-25,108,0,10,9,9,"SMS rule (email empty), LKUS_push, NY 2026-09-19..2026-09-26; distinct_phones exact within each row, never add across rows"
online,strategy_ddYctXVE0UvN,2026-09-25,108,1,14,11,3,"SMS rule (email empty), LKUS_push, NY 2026-09-19..2026-09-26; distinct_phones exact within each row, never add across rows"
online,strategy_ddYctXVE0UvN,2026-09-26,108,0,1,1,1,"SMS rule (email empty), LKUS_push, NY 2026-09-19..2026-09-26; distinct_phones exact within each row, never add across rows"
online,strategy_ddYctXVE0UvN,2026-09-26,108,1,4,4,1,"SMS rule (email empty), LKUS_push, NY 2026-09-19..2026-09-26; distinct_phones exact within each row, never add across rows"
online,strategy_lf6DsxMdAPzy,2026-09-19,105,1,27,6,0,"SMS rule (email empty), LKUS_push, NY 2026-09-19..2026-09-26; distinct_phones exact within each row, never add across rows"
online,strategy_lf6DsxMdAPzy,2026-09-20,105,1,35,4,0,"SMS rule (email empty), LKUS_push, NY 2026-09-19..2026-09-26; distinct_phones exact within each row, never add across rows"
online,strategy_lf6DsxMdAPzy,2026-09-21,105,1,162,9,0,"SMS rule (email empty), LKUS_push, NY 2026-09-19..2026-09-26; distinct_phones exact within each row, never add across rows"
online,strategy_lf6DsxMdAPzy,2026-09-22,105,1,29,7,0,"SMS rule (email empty), LKUS_push, NY 2026-09-19..2026-09-26; distinct_phones exact within each row, never add across rows"
online,strategy_lf6DsxMdAPzy,2026-09-23,105,1,26,4,0,"SMS rule (email empty), LKUS_push, NY 2026-09-19..2026-09-26; distinct_phones exact within each row, never add across rows"
online,strategy_lf6DsxMdAPzy,2026-09-24,105,1,37,7,0,"SMS rule (email empty), LKUS_push, NY 2026-09-19..2026-09-26; distinct_phones exact within each row, never add across rows"
online,strategy_lf6DsxMdAPzy,2026-09-24,108,1,2,1,0,"SMS rule (email empty), LKUS_push, NY 2026-09-19..2026-09-26; distinct_phones exact within each row, never add across rows"
online,strategy_lf6DsxMdAPzy,2026-09-25,108,1,38,2,0,"SMS rule (email empty), LKUS_push, NY 2026-09-19..2026-09-26; distinct_phones exact within each row, never add across rows"
online,strategy_lf6DsxMdAPzy,2026-09-26,105,1,2,1,0,"SMS rule (email empty), LKUS_push, NY 2026-09-19..2026-09-26; distinct_phones exact within each row, never add across rows"
online,strategy_lf6DsxMdAPzy,2026-09-26,108,1,8,2,0,"SMS rule (email empty), LKUS_push, NY 2026-09-19..2026-09-26; distinct_phones exact within each row, never add across rows"
online,strategy_mFkYvDpq4z3W,2026-09-19,702,0,70,66,70,"SMS rule (email empty), LKUS_push, NY 2026-09-19..2026-09-26; distinct_phones exact within each row, never add across rows"
online,strategy_mFkYvDpq4z3W,2026-09-19,702,1,1,1,1,"SMS rule (email empty), LKUS_push, NY 2026-09-19..2026-09-26; distinct_phones exact within each row, never add across rows"
online,strategy_mFkYvDpq4z3W,2026-09-20,702,0,51,47,51,"SMS rule (email empty), LKUS_push, NY 2026-09-19..2026-09-26; distinct_phones exact within each row, never add across rows"
online,strategy_mFkYvDpq4z3W,2026-09-20,702,1,3,2,3,"SMS rule (email empty), LKUS_push, NY 2026-09-19..2026-09-26; distinct_phones exact within each row, never add across rows"
online,strategy_mFkYvDpq4z3W,2026-09-21,702,0,71,60,71,"SMS rule (email empty), LKUS_push, NY 2026-09-19..2026-09-26; distinct_phones exact within each row, never add across rows"
online,strategy_mFkYvDpq4z3W,2026-09-21,702,1,6,2,6,"SMS rule (email empty), LKUS_push, NY 2026-09-19..2026-09-26; distinct_phones exact within each row, never add across rows"
online,strategy_mFkYvDpq4z3W,2026-09-22,702,0,71,66,71,"SMS rule (email empty), LKUS_push, NY 2026-09-19..2026-09-26; distinct_phones exact within each row, never add across rows"
online,strategy_mFkYvDpq4z3W,2026-09-22,702,1,2,2,2,"SMS rule (email empty), LKUS_push, NY 2026-09-19..2026-09-26; distinct_phones exact within each row, never add across rows"
online,strategy_mFkYvDpq4z3W,2026-09-23,702,0,79,72,79,"SMS rule (email empty), LKUS_push, NY 2026-09-19..2026-09-26; distinct_phones exact within each row, never add across rows"
online,strategy_mFkYvDpq4z3W,2026-09-24,702,0,68,64,68,"SMS rule (email empty), LKUS_push, NY 2026-09-19..2026-09-26; distinct_phones exact within each row, never add across rows"
online,strategy_mFkYvDpq4z3W,2026-09-24,702,1,2,2,2,"SMS rule (email empty), LKUS_push, NY 2026-09-19..2026-09-26; distinct_phones exact within each row, never add across rows"
online,strategy_mFkYvDpq4z3W,2026-09-25,702,0,70,68,70,"SMS rule (email empty), LKUS_push, NY 2026-09-19..2026-09-26; distinct_phones exact within each row, never add across rows"
online,strategy_mFkYvDpq4z3W,2026-09-25,702,1,2,2,2,"SMS rule (email empty), LKUS_push, NY 2026-09-19..2026-09-26; distinct_phones exact within each row, never add across rows"
online,strategy_mFkYvDpq4z3W,2026-09-26,702,0,51,49,51,"SMS rule (email empty), LKUS_push, NY 2026-09-19..2026-09-26; distinct_phones exact within each row, never add across rows"
online,strategy_mFkYvDpq4z3W,2026-09-26,702,1,1,1,1,"SMS rule (email empty), LKUS_push, NY 2026-09-19..2026-09-26; distinct_phones exact within each row, never add across rows"
online,strategy_nGrzayJQZe50,2026-09-19,105,0,1,1,0,"SMS rule (email empty), LKUS_push, NY 2026-09-19..2026-09-26; distinct_phones exact within each row, never add across rows"
online,strategy_nGrzayJQZe50,2026-09-19,105,1,148,45,0,"SMS rule (email empty), LKUS_push, NY 2026-09-19..2026-09-26; distinct_phones exact within each row, never add across rows"
online,strategy_nGrzayJQZe50,2026-09-19,108,0,5,2,0,"SMS rule (email empty), LKUS_push, NY 2026-09-19..2026-09-26; distinct_phones exact within each row, never add across rows"
online,strategy_nGrzayJQZe50,2026-09-20,105,1,109,21,0,"SMS rule (email empty), LKUS_push, NY 2026-09-19..2026-09-26; distinct_phones exact within each row, never add across rows"
online,strategy_nGrzayJQZe50,2026-09-21,105,0,2,1,0,"SMS rule (email empty), LKUS_push, NY 2026-09-19..2026-09-26; distinct_phones exact within each row, never add across rows"
online,strategy_nGrzayJQZe50,2026-09-21,105,1,285,35,0,"SMS rule (email empty), LKUS_push, NY 2026-09-19..2026-09-26; distinct_phones exact within each row, never add across rows"
online,strategy_nGrzayJQZe50,2026-09-22,105,0,3,2,0,"SMS rule (email empty), LKUS_push, NY 2026-09-19..2026-09-26; distinct_phones exact within each row, never add across rows"
online,strategy_nGrzayJQZe50,2026-09-22,105,1,143,37,0,"SMS rule (email empty), LKUS_push, NY 2026-09-19..2026-09-26; distinct_phones exact within each row, never add across rows"
online,strategy_nGrzayJQZe50,2026-09-23,105,0,1,1,0,"SMS rule (email empty), LKUS_push, NY 2026-09-19..2026-09-26; distinct_phones exact within each row, never add across rows"
online,strategy_nGrzayJQZe50,2026-09-23,105,1,112,44,0,"SMS rule (email empty), LKUS_push, NY 2026-09-19..2026-09-26; distinct_phones exact within each row, never add across rows"
online,strategy_nGrzayJQZe50,2026-09-24,105,0,1,1,0,"SMS rule (email empty), LKUS_push, NY 2026-09-19..2026-09-26; distinct_phones exact within each row, never add across rows"
online,strategy_nGrzayJQZe50,2026-09-24,105,1,109,25,0,"SMS rule (email empty), LKUS_push, NY 2026-09-19..2026-09-26; distinct_phones exact within each row, never add across rows"
online,strategy_nGrzayJQZe50,2026-09-24,108,1,21,4,0,"SMS rule (email empty), LKUS_push, NY 2026-09-19..2026-09-26; distinct_phones exact within each row, never add across rows"
online,strategy_nGrzayJQZe50,2026-09-25,105,0,2,2,0,"SMS rule (email empty), LKUS_push, NY 2026-09-19..2026-09-26; distinct_phones exact within each row, never add across rows"
online,strategy_nGrzayJQZe50,2026-09-25,105,1,25,11,0,"SMS rule (email empty), LKUS_push, NY 2026-09-19..2026-09-26; distinct_phones exact within each row, never add across rows"
online,strategy_nGrzayJQZe50,2026-09-25,108,1,69,8,0,"SMS rule (email empty), LKUS_push, NY 2026-09-19..2026-09-26; distinct_phones exact within each row, never add across rows"
online,strategy_nGrzayJQZe50,2026-09-26,105,0,3,2,0,"SMS rule (email empty), LKUS_push, NY 2026-09-19..2026-09-26; distinct_phones exact within each row, never add across rows"
online,strategy_nGrzayJQZe50,2026-09-26,105,1,92,35,0,"SMS rule (email empty), LKUS_push, NY 2026-09-19..2026-09-26; distinct_phones exact within each row, never add across rows"
online,strategy_nGrzayJQZe50,2026-09-26,108,1,18,2,0,"SMS rule (email empty), LKUS_push, NY 2026-09-19..2026-09-26; distinct_phones exact within each row, never add across rows"
online,strategy_oJULMxH11eWa,2026-09-19,108,0,12,6,0,"SMS rule (email empty), LKUS_push, NY 2026-09-19..2026-09-26; distinct_phones exact within each row, never add across rows"
online,strategy_oJULMxH11eWa,2026-09-19,108,1,3,3,0,"SMS rule (email empty), LKUS_push, NY 2026-09-19..2026-09-26; distinct_phones exact within each row, never add across rows"
online,strategy_oJULMxH11eWa,2026-09-21,108,1,2,1,0,"SMS rule (email empty), LKUS_push, NY 2026-09-19..2026-09-26; distinct_phones exact within each row, never add across rows"
online,strategy_oJULMxH11eWa,2026-09-22,108,0,2,1,0,"SMS rule (email empty), LKUS_push, NY 2026-09-19..2026-09-26; distinct_phones exact within each row, never add across rows"
online,strategy_oJULMxH11eWa,2026-09-24,108,0,5,5,0,"SMS rule (email empty), LKUS_push, NY 2026-09-19..2026-09-26; distinct_phones exact within each row, never add across rows"
online,strategy_oJULMxH11eWa,2026-09-24,108,1,42,6,0,"SMS rule (email empty), LKUS_push, NY 2026-09-19..2026-09-26; distinct_phones exact within each row, never add across rows"
online,strategy_oJULMxH11eWa,2026-09-25,108,0,8,3,0,"SMS rule (email empty), LKUS_push, NY 2026-09-19..2026-09-26; distinct_phones exact within each row, never add across rows"
online,strategy_oJULMxH11eWa,2026-09-25,108,1,59,9,0,"SMS rule (email empty), LKUS_push, NY 2026-09-19..2026-09-26; distinct_phones exact within each row, never add across rows"
online,strategy_rDf6oPcZ8ydk,2026-09-19,105,0,48,35,0,"SMS rule (email empty), LKUS_push, NY 2026-09-19..2026-09-26; distinct_phones exact within each row, never add across rows"
online,strategy_rDf6oPcZ8ydk,2026-09-19,105,1,733,347,0,"SMS rule (email empty), LKUS_push, NY 2026-09-19..2026-09-26; distinct_phones exact within each row, never add across rows"
online,strategy_rDf6oPcZ8ydk,2026-09-20,105,0,49,30,0,"SMS rule (email empty), LKUS_push, NY 2026-09-19..2026-09-26; distinct_phones exact within each row, never add across rows"
online,strategy_rDf6oPcZ8ydk,2026-09-20,105,1,670,347,0,"SMS rule (email empty), LKUS_push, NY 2026-09-19..2026-09-26; distinct_phones exact within each row, never add across rows"
online,strategy_rDf6oPcZ8ydk,2026-09-20,106,0,3,2,0,"SMS rule (email empty), LKUS_push, NY 2026-09-19..2026-09-26; distinct_phones exact within each row, never add across rows"
online,strategy_rDf6oPcZ8ydk,2026-09-20,106,1,1,1,0,"SMS rule (email empty), LKUS_push, NY 2026-09-19..2026-09-26; distinct_phones exact within each row, never add across rows"
online,strategy_rDf6oPcZ8ydk,2026-09-21,105,0,68,40,0,"SMS rule (email empty), LKUS_push, NY 2026-09-19..2026-09-26; distinct_phones exact within each row, never add across rows"
online,strategy_rDf6oPcZ8ydk,2026-09-21,105,1,628,297,0,"SMS rule (email empty), LKUS_push, NY 2026-09-19..2026-09-26; distinct_phones exact within each row, never add across rows"
online,strategy_rDf6oPcZ8ydk,2026-09-21,106,0,6,1,0,"SMS rule (email empty), LKUS_push, NY 2026-09-19..2026-09-26; distinct_phones exact within each row, never add across rows"
online,strategy_rDf6oPcZ8ydk,2026-09-22,105,0,59,33,0,"SMS rule (email empty), LKUS_push, NY 2026-09-19..2026-09-26; distinct_phones exact within each row, never add across rows"
online,strategy_rDf6oPcZ8ydk,2026-09-22,105,1,556,284,0,"SMS rule (email empty), LKUS_push, NY 2026-09-19..2026-09-26; distinct_phones exact within each row, never add across rows"
online,strategy_rDf6oPcZ8ydk,2026-09-22,108,0,1,1,0,"SMS rule (email empty), LKUS_push, NY 2026-09-19..2026-09-26; distinct_phones exact within each row, never add across rows"
online,strategy_rDf6oPcZ8ydk,2026-09-22,108,1,1,1,0,"SMS rule (email empty), LKUS_push, NY 2026-09-19..2026-09-26; distinct_phones exact within each row, never add across rows"
online,strategy_rDf6oPcZ8ydk,2026-09-23,105,0,33,27,0,"SMS rule (email empty), LKUS_push, NY 2026-09-19..2026-09-26; distinct_phones exact within each row, never add across rows"
online,strategy_rDf6oPcZ8ydk,2026-09-23,105,1,650,304,0,"SMS rule (email empty), LKUS_push, NY 2026-09-19..2026-09-26; distinct_phones exact within each row, never add across rows"
online,strategy_rDf6oPcZ8ydk,2026-09-23,106,0,1,1,0,"SMS rule (email empty), LKUS_push, NY 2026-09-19..2026-09-26; distinct_phones exact within each row, never add across rows"
online,strategy_rDf6oPcZ8ydk,2026-09-23,106,1,3,1,0,"SMS rule (email empty), LKUS_push, NY 2026-09-19..2026-09-26; distinct_phones exact within each row, never add across rows"
online,strategy_rDf6oPcZ8ydk,2026-09-24,105,0,56,25,0,"SMS rule (email empty), LKUS_push, NY 2026-09-19..2026-09-26; distinct_phones exact within each row, never add across rows"
online,strategy_rDf6oPcZ8ydk,2026-09-24,105,1,222,131,0,"SMS rule (email empty), LKUS_push, NY 2026-09-19..2026-09-26; distinct_phones exact within each row, never add across rows"
online,strategy_rDf6oPcZ8ydk,2026-09-24,106,0,1,1,0,"SMS rule (email empty), LKUS_push, NY 2026-09-19..2026-09-26; distinct_phones exact within each row, never add across rows"
online,strategy_rDf6oPcZ8ydk,2026-09-25,105,0,88,57,0,"SMS rule (email empty), LKUS_push, NY 2026-09-19..2026-09-26; distinct_phones exact within each row, never add across rows"
online,strategy_rDf6oPcZ8ydk,2026-09-25,105,1,236,140,0,"SMS rule (email empty), LKUS_push, NY 2026-09-19..2026-09-26; distinct_phones exact within each row, never add across rows"
online,strategy_rDf6oPcZ8ydk,2026-09-25,108,1,11,1,0,"SMS rule (email empty), LKUS_push, NY 2026-09-19..2026-09-26; distinct_phones exact within each row, never add across rows"
online,strategy_rDf6oPcZ8ydk,2026-09-26,105,0,58,30,0,"SMS rule (email empty), LKUS_push, NY 2026-09-19..2026-09-26; distinct_phones exact within each row, never add across rows"
online,strategy_rDf6oPcZ8ydk,2026-09-26,105,1,170,121,0,"SMS rule (email empty), LKUS_push, NY 2026-09-19..2026-09-26; distinct_phones exact within each row, never add across rows"
online,strategy_rDf6oPcZ8ydk,2026-09-26,106,0,3,1,0,"SMS rule (email empty), LKUS_push, NY 2026-09-19..2026-09-26; distinct_phones exact within each row, never add across rows"
online,strategy_sw3jC7bvFYEX,2026-09-21,105,1,50,1,0,"SMS rule (email empty), LKUS_push, NY 2026-09-19..2026-09-26; distinct_phones exact within each row, never add across rows"
online,strategy_tmW8IjzAOzr2,2026-09-19,108,0,8,3,3,"SMS rule (email empty), LKUS_push, NY 2026-09-19..2026-09-26; distinct_phones exact within each row, never add across rows"
online,strategy_tmW8IjzAOzr2,2026-09-21,108,1,6,6,4,"SMS rule (email empty), LKUS_push, NY 2026-09-19..2026-09-26; distinct_phones exact within each row, never add across rows"
online,strategy_tmW8IjzAOzr2,2026-09-22,108,1,3,2,1,"SMS rule (email empty), LKUS_push, NY 2026-09-19..2026-09-26; distinct_phones exact within each row, never add across rows"
online,strategy_tmW8IjzAOzr2,2026-09-23,108,1,1,1,1,"SMS rule (email empty), LKUS_push, NY 2026-09-19..2026-09-26; distinct_phones exact within each row, never add across rows"
online,strategy_tmW8IjzAOzr2,2026-09-24,108,1,19,4,2,"SMS rule (email empty), LKUS_push, NY 2026-09-19..2026-09-26; distinct_phones exact within each row, never add across rows"
online,strategy_tmW8IjzAOzr2,2026-09-25,108,1,89,13,8,"SMS rule (email empty), LKUS_push, NY 2026-09-19..2026-09-26; distinct_phones exact within each row, never add across rows"
online,strategy_tmW8IjzAOzr2,2026-09-26,108,0,1,1,1,"SMS rule (email empty), LKUS_push, NY 2026-09-19..2026-09-26; distinct_phones exact within each row, never add across rows"
online,strategy_tmW8IjzAOzr2,2026-09-26,108,1,24,4,6,"SMS rule (email empty), LKUS_push, NY 2026-09-19..2026-09-26; distinct_phones exact within each row, never add across rows"
online,strategy_uKSgJAVWhWlU,2026-09-19,105,0,48,35,0,"SMS rule (email empty), LKUS_push, NY 2026-09-19..2026-09-26; distinct_phones exact within each row, never add across rows"
online,strategy_uKSgJAVWhWlU,2026-09-19,105,1,356,174,0,"SMS rule (email empty), LKUS_push, NY 2026-09-19..2026-09-26; distinct_phones exact within each row, never add across rows"
online,strategy_uKSgJAVWhWlU,2026-09-20,105,0,45,28,0,"SMS rule (email empty), LKUS_push, NY 2026-09-19..2026-09-26; distinct_phones exact within each row, never add across rows"
online,strategy_uKSgJAVWhWlU,2026-09-20,105,1,292,185,0,"SMS rule (email empty), LKUS_push, NY 2026-09-19..2026-09-26; distinct_phones exact within each row, never add across rows"
online,strategy_uKSgJAVWhWlU,2026-09-21,105,0,61,35,0,"SMS rule (email empty), LKUS_push, NY 2026-09-19..2026-09-26; distinct_phones exact within each row, never add across rows"
online,strategy_uKSgJAVWhWlU,2026-09-21,105,1,301,131,0,"SMS rule (email empty), LKUS_push, NY 2026-09-19..2026-09-26; distinct_phones exact within each row, never add across rows"
online,strategy_uKSgJAVWhWlU,2026-09-22,105,0,57,32,0,"SMS rule (email empty), LKUS_push, NY 2026-09-19..2026-09-26; distinct_phones exact within each row, never add across rows"
online,strategy_uKSgJAVWhWlU,2026-09-22,105,1,207,140,0,"SMS rule (email empty), LKUS_push, NY 2026-09-19..2026-09-26; distinct_phones exact within each row, never add across rows"
online,strategy_uKSgJAVWhWlU,2026-09-23,105,0,32,26,0,"SMS rule (email empty), LKUS_push, NY 2026-09-19..2026-09-26; distinct_phones exact within each row, never add across rows"
online,strategy_uKSgJAVWhWlU,2026-09-23,105,1,242,143,0,"SMS rule (email empty), LKUS_push, NY 2026-09-19..2026-09-26; distinct_phones exact within each row, never add across rows"
online,strategy_uKSgJAVWhWlU,2026-09-24,105,0,54,23,0,"SMS rule (email empty), LKUS_push, NY 2026-09-19..2026-09-26; distinct_phones exact within each row, never add across rows"
online,strategy_uKSgJAVWhWlU,2026-09-24,105,1,136,79,0,"SMS rule (email empty), LKUS_push, NY 2026-09-19..2026-09-26; distinct_phones exact within each row, never add across rows"
online,strategy_uKSgJAVWhWlU,2026-09-24,108,1,1,1,0,"SMS rule (email empty), LKUS_push, NY 2026-09-19..2026-09-26; distinct_phones exact within each row, never add across rows"
online,strategy_uKSgJAVWhWlU,2026-09-25,105,0,85,54,0,"SMS rule (email empty), LKUS_push, NY 2026-09-19..2026-09-26; distinct_phones exact within each row, never add across rows"
online,strategy_uKSgJAVWhWlU,2026-09-25,105,1,144,91,0,"SMS rule (email empty), LKUS_push, NY 2026-09-19..2026-09-26; distinct_phones exact within each row, never add across rows"
online,strategy_uKSgJAVWhWlU,2026-09-26,105,0,58,30,0,"SMS rule (email empty), LKUS_push, NY 2026-09-19..2026-09-26; distinct_phones exact within each row, never add across rows"
online,strategy_uKSgJAVWhWlU,2026-09-26,105,1,104,68,0,"SMS rule (email empty), LKUS_push, NY 2026-09-19..2026-09-26; distinct_phones exact within each row, never add across rows"
online,strategy_w7GEiGKUEs4i,2026-09-19,108,0,30,10,10,"SMS rule (email empty), LKUS_push, NY 2026-09-19..2026-09-26; distinct_phones exact within each row, never add across rows"
online,strategy_w7GEiGKUEs4i,2026-09-19,108,1,14,9,4,"SMS rule (email empty), LKUS_push, NY 2026-09-19..2026-09-26; distinct_phones exact within each row, never add across rows"
online,strategy_w7GEiGKUEs4i,2026-09-20,108,0,2,1,1,"SMS rule (email empty), LKUS_push, NY 2026-09-19..2026-09-26; distinct_phones exact within each row, never add across rows"
online,strategy_w7GEiGKUEs4i,2026-09-20,108,1,2,1,1,"SMS rule (email empty), LKUS_push, NY 2026-09-19..2026-09-26; distinct_phones exact within each row, never add across rows"
online,strategy_w7GEiGKUEs4i,2026-09-21,108,0,4,2,2,"SMS rule (email empty), LKUS_push, NY 2026-09-19..2026-09-26; distinct_phones exact within each row, never add across rows"
online,strategy_w7GEiGKUEs4i,2026-09-21,108,1,36,15,9,"SMS rule (email empty), LKUS_push, NY 2026-09-19..2026-09-26; distinct_phones exact within each row, never add across rows"
online,strategy_w7GEiGKUEs4i,2026-09-22,108,0,5,3,1,"SMS rule (email empty), LKUS_push, NY 2026-09-19..2026-09-26; distinct_phones exact within each row, never add across rows"
online,strategy_w7GEiGKUEs4i,2026-09-22,108,1,15,7,3,"SMS rule (email empty), LKUS_push, NY 2026-09-19..2026-09-26; distinct_phones exact within each row, never add across rows"
online,strategy_w7GEiGKUEs4i,2026-09-23,108,1,7,3,1,"SMS rule (email empty), LKUS_push, NY 2026-09-19..2026-09-26; distinct_phones exact within each row, never add across rows"
online,strategy_w7GEiGKUEs4i,2026-09-24,108,0,31,7,19,"SMS rule (email empty), LKUS_push, NY 2026-09-19..2026-09-26; distinct_phones exact within each row, never add across rows"
online,strategy_w7GEiGKUEs4i,2026-09-24,108,1,63,13,9,"SMS rule (email empty), LKUS_push, NY 2026-09-19..2026-09-26; distinct_phones exact within each row, never add across rows"
online,strategy_w7GEiGKUEs4i,2026-09-25,108,0,41,10,19,"SMS rule (email empty), LKUS_push, NY 2026-09-19..2026-09-26; distinct_phones exact within each row, never add across rows"
online,strategy_w7GEiGKUEs4i,2026-09-25,108,1,167,22,18,"SMS rule (email empty), LKUS_push, NY 2026-09-19..2026-09-26; distinct_phones exact within each row, never add across rows"
online,strategy_w7GEiGKUEs4i,2026-09-26,108,0,3,1,1,"SMS rule (email empty), LKUS_push, NY 2026-09-19..2026-09-26; distinct_phones exact within each row, never add across rows"
online,strategy_w7GEiGKUEs4i,2026-09-26,108,1,39,5,8,"SMS rule (email empty), LKUS_push, NY 2026-09-19..2026-09-26; distinct_phones exact within each row, never add across rows"
online,strategy_wwBH5HzV9UwS,2026-09-21,108,1,2,1,1,"SMS rule (email empty), LKUS_push, NY 2026-09-19..2026-09-26; distinct_phones exact within each row, never add across rows"
preonline,strategy_3Xdk1yVksTLu,2026-09-19,108,0,18,16,14,"SMS rule (email empty), LKUS_push, NY 2026-09-19..2026-09-26; distinct_phones exact within each row, never add across rows"
preonline,strategy_3Xdk1yVksTLu,2026-09-19,108,1,5,5,4,"SMS rule (email empty), LKUS_push, NY 2026-09-19..2026-09-26; distinct_phones exact within each row, never add across rows"
preonline,strategy_3Xdk1yVksTLu,2026-09-20,108,0,4,3,3,"SMS rule (email empty), LKUS_push, NY 2026-09-19..2026-09-26; distinct_phones exact within each row, never add across rows"
preonline,strategy_3Xdk1yVksTLu,2026-09-20,108,1,1,1,1,"SMS rule (email empty), LKUS_push, NY 2026-09-19..2026-09-26; distinct_phones exact within each row, never add across rows"
preonline,strategy_3Xdk1yVksTLu,2026-09-21,108,0,10,9,9,"SMS rule (email empty), LKUS_push, NY 2026-09-19..2026-09-26; distinct_phones exact within each row, never add across rows"
preonline,strategy_3Xdk1yVksTLu,2026-09-21,108,1,22,13,10,"SMS rule (email empty), LKUS_push, NY 2026-09-19..2026-09-26; distinct_phones exact within each row, never add across rows"
preonline,strategy_3Xdk1yVksTLu,2026-09-22,108,0,10,8,7,"SMS rule (email empty), LKUS_push, NY 2026-09-19..2026-09-26; distinct_phones exact within each row, never add across rows"
preonline,strategy_3Xdk1yVksTLu,2026-09-22,108,1,10,8,3,"SMS rule (email empty), LKUS_push, NY 2026-09-19..2026-09-26; distinct_phones exact within each row, never add across rows"
preonline,strategy_3Xdk1yVksTLu,2026-09-23,108,0,9,8,9,"SMS rule (email empty), LKUS_push, NY 2026-09-19..2026-09-26; distinct_phones exact within each row, never add across rows"
preonline,strategy_3Xdk1yVksTLu,2026-09-23,108,1,3,3,2,"SMS rule (email empty), LKUS_push, NY 2026-09-19..2026-09-26; distinct_phones exact within each row, never add across rows"
preonline,strategy_3Xdk1yVksTLu,2026-09-24,108,0,28,15,21,"SMS rule (email empty), LKUS_push, NY 2026-09-19..2026-09-26; distinct_phones exact within each row, never add across rows"
preonline,strategy_3Xdk1yVksTLu,2026-09-24,108,1,19,11,3,"SMS rule (email empty), LKUS_push, NY 2026-09-19..2026-09-26; distinct_phones exact within each row, never add across rows"
preonline,strategy_3Xdk1yVksTLu,2026-09-25,108,0,29,16,23,"SMS rule (email empty), LKUS_push, NY 2026-09-19..2026-09-26; distinct_phones exact within each row, never add across rows"
preonline,strategy_3Xdk1yVksTLu,2026-09-25,108,1,76,20,4,"SMS rule (email empty), LKUS_push, NY 2026-09-19..2026-09-26; distinct_phones exact within each row, never add across rows"
preonline,strategy_3Xdk1yVksTLu,2026-09-26,108,0,4,4,4,"SMS rule (email empty), LKUS_push, NY 2026-09-19..2026-09-26; distinct_phones exact within each row, never add across rows"
preonline,strategy_3Xdk1yVksTLu,2026-09-26,108,1,13,5,2,"SMS rule (email empty), LKUS_push, NY 2026-09-19..2026-09-26; distinct_phones exact within each row, never add across rows"
preonline,strategy_43NaEzJmiQFk,2026-09-22,105,1,1029,508,485,"SMS rule (email empty), LKUS_push, NY 2026-09-19..2026-09-26; distinct_phones exact within each row, never add across rows"
preonline,strategy_43NaEzJmiQFk,2026-09-23,105,1,1742,885,746,"SMS rule (email empty), LKUS_push, NY 2026-09-19..2026-09-26; distinct_phones exact within each row, never add across rows"
preonline,strategy_6iDqO9WDcLqy,2026-09-21,106,0,1,1,1,"SMS rule (email empty), LKUS_push, NY 2026-09-19..2026-09-26; distinct_phones exact within each row, never add across rows"
preonline,strategy_6iDqO9WDcLqy,2026-09-24,105,0,3,3,3,"SMS rule (email empty), LKUS_push, NY 2026-09-19..2026-09-26; distinct_phones exact within each row, never add across rows"
preonline,strategy_6iDqO9WDcLqy,2026-09-24,106,0,17,17,17,"SMS rule (email empty), LKUS_push, NY 2026-09-19..2026-09-26; distinct_phones exact within each row, never add across rows"
preonline,strategy_6iDqO9WDcLqy,2026-09-24,108,0,8,7,7,"SMS rule (email empty), LKUS_push, NY 2026-09-19..2026-09-26; distinct_phones exact within each row, never add across rows"
preonline,strategy_6iDqO9WDcLqy,2026-09-25,105,0,1,1,1,"SMS rule (email empty), LKUS_push, NY 2026-09-19..2026-09-26; distinct_phones exact within each row, never add across rows"
preonline,strategy_6iDqO9WDcLqy,2026-09-25,106,0,8,8,8,"SMS rule (email empty), LKUS_push, NY 2026-09-19..2026-09-26; distinct_phones exact within each row, never add across rows"
preonline,strategy_6iDqO9WDcLqy,2026-09-25,108,0,9,6,9,"SMS rule (email empty), LKUS_push, NY 2026-09-19..2026-09-26; distinct_phones exact within each row, never add across rows"
preonline,strategy_6iDqO9WDcLqy,2026-09-25,108,1,1,1,1,"SMS rule (email empty), LKUS_push, NY 2026-09-19..2026-09-26; distinct_phones exact within each row, never add across rows"
preonline,strategy_6iDqO9WDcLqy,2026-09-26,106,0,7,7,7,"SMS rule (email empty), LKUS_push, NY 2026-09-19..2026-09-26; distinct_phones exact within each row, never add across rows"
preonline,strategy_6iDqO9WDcLqy,2026-09-26,108,0,3,3,3,"SMS rule (email empty), LKUS_push, NY 2026-09-19..2026-09-26; distinct_phones exact within each row, never add across rows"
preonline,strategy_6wZBKzdb8SKf,2026-09-19,105,1,948,542,70,"SMS rule (email empty), LKUS_push, NY 2026-09-19..2026-09-26; distinct_phones exact within each row, never add across rows"
preonline,strategy_6wZBKzdb8SKf,2026-09-19,108,1,1,1,0,"SMS rule (email empty), LKUS_push, NY 2026-09-19..2026-09-26; distinct_phones exact within each row, never add across rows"
preonline,strategy_6wZBKzdb8SKf,2026-09-20,105,1,822,466,97,"SMS rule (email empty), LKUS_push, NY 2026-09-19..2026-09-26; distinct_phones exact within each row, never add across rows"
preonline,strategy_6wZBKzdb8SKf,2026-09-21,105,1,876,456,63,"SMS rule (email empty), LKUS_push, NY 2026-09-19..2026-09-26; distinct_phones exact within each row, never add across rows"
preonline,strategy_6wZBKzdb8SKf,2026-09-21,108,1,4,2,0,"SMS rule (email empty), LKUS_push, NY 2026-09-19..2026-09-26; distinct_phones exact within each row, never add across rows"
preonline,strategy_6wZBKzdb8SKf,2026-09-22,105,1,881,494,83,"SMS rule (email empty), LKUS_push, NY 2026-09-19..2026-09-26; distinct_phones exact within each row, never add across rows"
preonline,strategy_6wZBKzdb8SKf,2026-09-23,105,1,913,545,139,"SMS rule (email empty), LKUS_push, NY 2026-09-19..2026-09-26; distinct_phones exact within each row, never add across rows"
preonline,strategy_6wZBKzdb8SKf,2026-09-23,108,1,2,1,0,"SMS rule (email empty), LKUS_push, NY 2026-09-19..2026-09-26; distinct_phones exact within each row, never add across rows"
preonline,strategy_6wZBKzdb8SKf,2026-09-24,105,1,619,341,41,"SMS rule (email empty), LKUS_push, NY 2026-09-19..2026-09-26; distinct_phones exact within each row, never add across rows"
preonline,strategy_6wZBKzdb8SKf,2026-09-24,108,1,6,2,1,"SMS rule (email empty), LKUS_push, NY 2026-09-19..2026-09-26; distinct_phones exact within each row, never add across rows"
preonline,strategy_6wZBKzdb8SKf,2026-09-25,105,1,350,226,5,"SMS rule (email empty), LKUS_push, NY 2026-09-19..2026-09-26; distinct_phones exact within each row, never add across rows"
preonline,strategy_6wZBKzdb8SKf,2026-09-25,108,1,16,4,0,"SMS rule (email empty), LKUS_push, NY 2026-09-19..2026-09-26; distinct_phones exact within each row, never add across rows"
preonline,strategy_6wZBKzdb8SKf,2026-09-26,105,1,546,226,29,"SMS rule (email empty), LKUS_push, NY 2026-09-19..2026-09-26; distinct_phones exact within each row, never add across rows"
preonline,strategy_AxAlIdejVA8m,2026-09-19,105,0,40,31,6,"SMS rule (email empty), LKUS_push, NY 2026-09-19..2026-09-26; distinct_phones exact within each row, never add across rows"
preonline,strategy_AxAlIdejVA8m,2026-09-19,105,1,952,493,310,"SMS rule (email empty), LKUS_push, NY 2026-09-19..2026-09-26; distinct_phones exact within each row, never add across rows"
preonline,strategy_AxAlIdejVA8m,2026-09-20,105,0,33,25,6,"SMS rule (email empty), LKUS_push, NY 2026-09-19..2026-09-26; distinct_phones exact within each row, never add across rows"
preonline,strategy_AxAlIdejVA8m,2026-09-20,105,1,507,285,173,"SMS rule (email empty), LKUS_push, NY 2026-09-19..2026-09-26; distinct_phones exact within each row, never add across rows"
preonline,strategy_AxAlIdejVA8m,2026-09-21,105,0,35,21,4,"SMS rule (email empty), LKUS_push, NY 2026-09-19..2026-09-26; distinct_phones exact within each row, never add across rows"
preonline,strategy_AxAlIdejVA8m,2026-09-21,105,1,683,355,254,"SMS rule (email empty), LKUS_push, NY 2026-09-19..2026-09-26; distinct_phones exact within each row, never add across rows"
preonline,strategy_AxAlIdejVA8m,2026-09-22,105,0,77,43,12,"SMS rule (email empty), LKUS_push, NY 2026-09-19..2026-09-26; distinct_phones exact within each row, never add across rows"
preonline,strategy_AxAlIdejVA8m,2026-09-22,105,1,799,399,231,"SMS rule (email empty), LKUS_push, NY 2026-09-19..2026-09-26; distinct_phones exact within each row, never add across rows"
preonline,strategy_AxAlIdejVA8m,2026-09-23,105,0,93,64,35,"SMS rule (email empty), LKUS_push, NY 2026-09-19..2026-09-26; distinct_phones exact within each row, never add across rows"
preonline,strategy_AxAlIdejVA8m,2026-09-23,105,1,779,416,234,"SMS rule (email empty), LKUS_push, NY 2026-09-19..2026-09-26; distinct_phones exact within each row, never add across rows"
preonline,strategy_AxAlIdejVA8m,2026-09-23,106,0,1,1,1,"SMS rule (email empty), LKUS_push, NY 2026-09-19..2026-09-26; distinct_phones exact within each row, never add across rows"
preonline,strategy_AxAlIdejVA8m,2026-09-24,105,0,80,45,39,"SMS rule (email empty), LKUS_push, NY 2026-09-19..2026-09-26; distinct_phones exact within each row, never add across rows"
preonline,strategy_AxAlIdejVA8m,2026-09-24,105,1,256,132,26,"SMS rule (email empty), LKUS_push, NY 2026-09-19..2026-09-26; distinct_phones exact within each row, never add across rows"
preonline,strategy_AxAlIdejVA8m,2026-09-24,108,0,1,1,0,"SMS rule (email empty), LKUS_push, NY 2026-09-19..2026-09-26; distinct_phones exact within each row, never add across rows"
preonline,strategy_AxAlIdejVA8m,2026-09-24,108,1,1,1,0,"SMS rule (email empty), LKUS_push, NY 2026-09-19..2026-09-26; distinct_phones exact within each row, never add across rows"
preonline,strategy_AxAlIdejVA8m,2026-09-25,105,0,47,36,18,"SMS rule (email empty), LKUS_push, NY 2026-09-19..2026-09-26; distinct_phones exact within each row, never add across rows"
preonline,strategy_AxAlIdejVA8m,2026-09-25,105,1,146,73,29,"SMS rule (email empty), LKUS_push, NY 2026-09-19..2026-09-26; distinct_phones exact within each row, never add across rows"
preonline,strategy_AxAlIdejVA8m,2026-09-26,105,0,50,36,28,"SMS rule (email empty), LKUS_push, NY 2026-09-19..2026-09-26; distinct_phones exact within each row, never add across rows"
preonline,strategy_AxAlIdejVA8m,2026-09-26,105,1,327,142,48,"SMS rule (email empty), LKUS_push, NY 2026-09-19..2026-09-26; distinct_phones exact within each row, never add across rows"
preonline,strategy_D2vycSNfe0uK,2026-09-19,105,0,11,10,0,"SMS rule (email empty), LKUS_push, NY 2026-09-19..2026-09-26; distinct_phones exact within each row, never add across rows"
preonline,strategy_D2vycSNfe0uK,2026-09-19,105,1,147,71,0,"SMS rule (email empty), LKUS_push, NY 2026-09-19..2026-09-26; distinct_phones exact within each row, never add across rows"
preonline,strategy_D2vycSNfe0uK,2026-09-20,105,0,4,1,0,"SMS rule (email empty), LKUS_push, NY 2026-09-19..2026-09-26; distinct_phones exact within each row, never add across rows"
preonline,strategy_D2vycSNfe0uK,2026-09-20,105,1,9,8,0,"SMS rule (email empty), LKUS_push, NY 2026-09-19..2026-09-26; distinct_phones exact within each row, never add across rows"
preonline,strategy_D2vycSNfe0uK,2026-09-21,105,0,11,6,0,"SMS rule (email empty), LKUS_push, NY 2026-09-19..2026-09-26; distinct_phones exact within each row, never add across rows"
preonline,strategy_D2vycSNfe0uK,2026-09-21,105,1,210,33,0,"SMS rule (email empty), LKUS_push, NY 2026-09-19..2026-09-26; distinct_phones exact within each row, never add across rows"
preonline,strategy_D2vycSNfe0uK,2026-09-22,105,0,9,6,0,"SMS rule (email empty), LKUS_push, NY 2026-09-19..2026-09-26; distinct_phones exact within each row, never add across rows"
preonline,strategy_D2vycSNfe0uK,2026-09-22,105,1,86,26,0,"SMS rule (email empty), LKUS_push, NY 2026-09-19..2026-09-26; distinct_phones exact within each row, never add across rows"
preonline,strategy_D2vycSNfe0uK,2026-09-22,106,0,2,2,0,"SMS rule (email empty), LKUS_push, NY 2026-09-19..2026-09-26; distinct_phones exact within each row, never add across rows"
preonline,strategy_D2vycSNfe0uK,2026-09-23,105,1,83,45,0,"SMS rule (email empty), LKUS_push, NY 2026-09-19..2026-09-26; distinct_phones exact within each row, never add across rows"
preonline,strategy_D2vycSNfe0uK,2026-09-24,105,0,1,1,0,"SMS rule (email empty), LKUS_push, NY 2026-09-19..2026-09-26; distinct_phones exact within each row, never add across rows"
preonline,strategy_D2vycSNfe0uK,2026-09-24,105,1,18,12,0,"SMS rule (email empty), LKUS_push, NY 2026-09-19..2026-09-26; distinct_phones exact within each row, never add across rows"
preonline,strategy_D2vycSNfe0uK,2026-09-24,108,1,8,2,0,"SMS rule (email empty), LKUS_push, NY 2026-09-19..2026-09-26; distinct_phones exact within each row, never add across rows"
preonline,strategy_D2vycSNfe0uK,2026-09-26,105,1,17,8,0,"SMS rule (email empty), LKUS_push, NY 2026-09-19..2026-09-26; distinct_phones exact within each row, never add across rows"
preonline,strategy_GbsajBR69can,2026-09-19,105,0,224,166,136,"SMS rule (email empty), LKUS_push, NY 2026-09-19..2026-09-26; distinct_phones exact within each row, never add across rows"
preonline,strategy_GbsajBR69can,2026-09-19,105,1,2217,1129,1103,"SMS rule (email empty), LKUS_push, NY 2026-09-19..2026-09-26; distinct_phones exact within each row, never add across rows"
preonline,strategy_GbsajBR69can,2026-09-19,106,0,723,698,723,"SMS rule (email empty), LKUS_push, NY 2026-09-19..2026-09-26; distinct_phones exact within each row, never add across rows"
preonline,strategy_GbsajBR69can,2026-09-19,106,1,12,12,12,"SMS rule (email empty), LKUS_push, NY 2026-09-19..2026-09-26; distinct_phones exact within each row, never add across rows"
preonline,strategy_GbsajBR69can,2026-09-19,108,0,135,117,118,"SMS rule (email empty), LKUS_push, NY 2026-09-19..2026-09-26; distinct_phones exact within each row, never add across rows"
preonline,strategy_GbsajBR69can,2026-09-19,108,1,9,9,0,"SMS rule (email empty), LKUS_push, NY 2026-09-19..2026-09-26; distinct_phones exact within each row, never add across rows"
preonline,strategy_GbsajBR69can,2026-09-20,105,0,120,92,92,"SMS rule (email empty), LKUS_push, NY 2026-09-19..2026-09-26; distinct_phones exact within each row, never add across rows"
preonline,strategy_GbsajBR69can,2026-09-20,105,1,1224,716,668,"SMS rule (email empty), LKUS_push, NY 2026-09-19..2026-09-26; distinct_phones exact within each row, never add across rows"
preonline,strategy_GbsajBR69can,2026-09-20,106,0,492,468,492,"SMS rule (email empty), LKUS_push, NY 2026-09-19..2026-09-26; distinct_phones exact within each row, never add across rows"
preonline,strategy_GbsajBR69can,2026-09-20,106,1,14,14,14,"SMS rule (email empty), LKUS_push, NY 2026-09-19..2026-09-26; distinct_phones exact within each row, never add across rows"
preonline,strategy_GbsajBR69can,2026-09-20,108,0,83,74,83,"SMS rule (email empty), LKUS_push, NY 2026-09-19..2026-09-26; distinct_phones exact within each row, never add across rows"
preonline,strategy_GbsajBR69can,2026-09-20,108,1,5,5,4,"SMS rule (email empty), LKUS_push, NY 2026-09-19..2026-09-26; distinct_phones exact within each row, never add across rows"
preonline,strategy_GbsajBR69can,2026-09-21,105,0,184,150,133,"SMS rule (email empty), LKUS_push, NY 2026-09-19..2026-09-26; distinct_phones exact within each row, never add across rows"
preonline,strategy_GbsajBR69can,2026-09-21,105,1,1690,963,879,"SMS rule (email empty), LKUS_push, NY 2026-09-19..2026-09-26; distinct_phones exact within each row, never add across rows"
preonline,strategy_GbsajBR69can,2026-09-21,106,0,722,671,722,"SMS rule (email empty), LKUS_push, NY 2026-09-19..2026-09-26; distinct_phones exact within each row, never add across rows"
preonline,strategy_GbsajBR69can,2026-09-21,106,1,28,26,28,"SMS rule (email empty), LKUS_push, NY 2026-09-19..2026-09-26; distinct_phones exact within each row, never add across rows"
preonline,strategy_GbsajBR69can,2026-09-21,108,0,134,124,133,"SMS rule (email empty), LKUS_push, NY 2026-09-19..2026-09-26; distinct_phones exact within each row, never add across rows"
preonline,strategy_GbsajBR69can,2026-09-21,108,1,19,15,5,"SMS rule (email empty), LKUS_push, NY 2026-09-19..2026-09-26; distinct_phones exact within each row, never add across rows"
preonline,strategy_GbsajBR69can,2026-09-22,105,0,228,180,157,"SMS rule (email empty), LKUS_push, NY 2026-09-19..2026-09-26; distinct_phones exact within each row, never add across rows"
preonline,strategy_GbsajBR69can,2026-09-22,105,1,2389,1190,1280,"SMS rule (email empty), LKUS_push, NY 2026-09-19..2026-09-26; distinct_phones exact within each row, never add across rows"
preonline,strategy_GbsajBR69can,2026-09-22,106,0,727,677,722,"SMS rule (email empty), LKUS_push, NY 2026-09-19..2026-09-26; distinct_phones exact within each row, never add across rows"
preonline,strategy_GbsajBR69can,2026-09-22,106,1,16,16,16,"SMS rule (email empty), LKUS_push, NY 2026-09-19..2026-09-26; distinct_phones exact within each row, never add across rows"
preonline,strategy_GbsajBR69can,2026-09-22,108,0,116,104,115,"SMS rule (email empty), LKUS_push, NY 2026-09-19..2026-09-26; distinct_phones exact within each row, never add across rows"
preonline,strategy_GbsajBR69can,2026-09-22,108,1,9,8,5,"SMS rule (email empty), LKUS_push, NY 2026-09-19..2026-09-26; distinct_phones exact within each row, never add across rows"
preonline,strategy_GbsajBR69can,2026-09-23,105,0,274,210,194,"SMS rule (email empty), LKUS_push, NY 2026-09-19..2026-09-26; distinct_phones exact within each row, never add across rows"
preonline,strategy_GbsajBR69can,2026-09-23,105,1,1861,962,860,"SMS rule (email empty), LKUS_push, NY 2026-09-19..2026-09-26; distinct_phones exact within each row, never add across rows"
preonline,strategy_GbsajBR69can,2026-09-23,106,0,859,780,859,"SMS rule (email empty), LKUS_push, NY 2026-09-19..2026-09-26; distinct_phones exact within each row, never add across rows"
preonline,strategy_GbsajBR69can,2026-09-23,106,1,24,20,24,"SMS rule (email empty), LKUS_push, NY 2026-09-19..2026-09-26; distinct_phones exact within each row, never add across rows"
preonline,strategy_GbsajBR69can,2026-09-23,108,0,131,120,131,"SMS rule (email empty), LKUS_push, NY 2026-09-19..2026-09-26; distinct_phones exact within each row, never add across rows"
preonline,strategy_GbsajBR69can,2026-09-23,108,1,6,4,1,"SMS rule (email empty), LKUS_push, NY 2026-09-19..2026-09-26; distinct_phones exact within each row, never add across rows"
preonline,strategy_GbsajBR69can,2026-09-24,105,0,336,169,240,"SMS rule (email empty), LKUS_push, NY 2026-09-19..2026-09-26; distinct_phones exact within each row, never add across rows"
preonline,strategy_GbsajBR69can,2026-09-24,105,1,1033,519,270,"SMS rule (email empty), LKUS_push, NY 2026-09-19..2026-09-26; distinct_phones exact within each row, never add across rows"
preonline,strategy_GbsajBR69can,2026-09-24,106,0,747,671,747,"SMS rule (email empty), LKUS_push, NY 2026-09-19..2026-09-26; distinct_phones exact within each row, never add across rows"
preonline,strategy_GbsajBR69can,2026-09-24,106,1,34,28,34,"SMS rule (email empty), LKUS_push, NY 2026-09-19..2026-09-26; distinct_phones exact within each row, never add across rows"
preonline,strategy_GbsajBR69can,2026-09-24,108,0,136,117,129,"SMS rule (email empty), LKUS_push, NY 2026-09-19..2026-09-26; distinct_phones exact within each row, never add across rows"
preonline,strategy_GbsajBR69can,2026-09-24,108,1,44,15,10,"SMS rule (email empty), LKUS_push, NY 2026-09-19..2026-09-26; distinct_phones exact within each row, never add across rows"
preonline,strategy_GbsajBR69can,2026-09-25,105,0,154,113,121,"SMS rule (email empty), LKUS_push, NY 2026-09-19..2026-09-26; distinct_phones exact within each row, never add across rows"
preonline,strategy_GbsajBR69can,2026-09-25,105,1,779,407,279,"SMS rule (email empty), LKUS_push, NY 2026-09-19..2026-09-26; distinct_phones exact within each row, never add across rows"
preonline,strategy_GbsajBR69can,2026-09-25,106,0,761,709,760,"SMS rule (email empty), LKUS_push, NY 2026-09-19..2026-09-26; distinct_phones exact within each row, never add across rows"
preonline,strategy_GbsajBR69can,2026-09-25,106,1,18,17,18,"SMS rule (email empty), LKUS_push, NY 2026-09-19..2026-09-26; distinct_phones exact within each row, never add across rows"
preonline,strategy_GbsajBR69can,2026-09-25,108,0,131,110,120,"SMS rule (email empty), LKUS_push, NY 2026-09-19..2026-09-26; distinct_phones exact within each row, never add across rows"
preonline,strategy_GbsajBR69can,2026-09-25,108,1,76,19,19,"SMS rule (email empty), LKUS_push, NY 2026-09-19..2026-09-26; distinct_phones exact within each row, never add across rows"
preonline,strategy_GbsajBR69can,2026-09-26,105,0,183,131,134,"SMS rule (email empty), LKUS_push, NY 2026-09-19..2026-09-26; distinct_phones exact within each row, never add across rows"
preonline,strategy_GbsajBR69can,2026-09-26,105,1,1340,440,384,"SMS rule (email empty), LKUS_push, NY 2026-09-19..2026-09-26; distinct_phones exact within each row, never add across rows"
preonline,strategy_GbsajBR69can,2026-09-26,106,0,532,474,532,"SMS rule (email empty), LKUS_push, NY 2026-09-19..2026-09-26; distinct_phones exact within each row, never add across rows"
preonline,strategy_GbsajBR69can,2026-09-26,106,1,28,22,28,"SMS rule (email empty), LKUS_push, NY 2026-09-19..2026-09-26; distinct_phones exact within each row, never add across rows"
preonline,strategy_GbsajBR69can,2026-09-26,108,0,89,84,87,"SMS rule (email empty), LKUS_push, NY 2026-09-19..2026-09-26; distinct_phones exact within each row, never add across rows"
preonline,strategy_GbsajBR69can,2026-09-26,108,1,26,5,8,"SMS rule (email empty), LKUS_push, NY 2026-09-19..2026-09-26; distinct_phones exact within each row, never add across rows"
preonline,strategy_Jg5GX6N06y9A,2026-09-19,108,0,2,2,2,"SMS rule (email empty), LKUS_push, NY 2026-09-19..2026-09-26; distinct_phones exact within each row, never add across rows"
preonline,strategy_Jg5GX6N06y9A,2026-09-20,108,0,1,1,1,"SMS rule (email empty), LKUS_push, NY 2026-09-19..2026-09-26; distinct_phones exact within each row, never add across rows"
preonline,strategy_Jg5GX6N06y9A,2026-09-21,108,0,6,6,6,"SMS rule (email empty), LKUS_push, NY 2026-09-19..2026-09-26; distinct_phones exact within each row, never add across rows"
preonline,strategy_Jg5GX6N06y9A,2026-09-22,108,0,3,3,2,"SMS rule (email empty), LKUS_push, NY 2026-09-19..2026-09-26; distinct_phones exact within each row, never add across rows"
preonline,strategy_Jg5GX6N06y9A,2026-09-22,108,1,1,1,0,"SMS rule (email empty), LKUS_push, NY 2026-09-19..2026-09-26; distinct_phones exact within each row, never add across rows"
preonline,strategy_Jg5GX6N06y9A,2026-09-23,108,0,3,3,3,"SMS rule (email empty), LKUS_push, NY 2026-09-19..2026-09-26; distinct_phones exact within each row, never add across rows"
preonline,strategy_Jg5GX6N06y9A,2026-09-23,108,1,1,1,1,"SMS rule (email empty), LKUS_push, NY 2026-09-19..2026-09-26; distinct_phones exact within each row, never add across rows"
preonline,strategy_Jg5GX6N06y9A,2026-09-24,108,0,2,2,2,"SMS rule (email empty), LKUS_push, NY 2026-09-19..2026-09-26; distinct_phones exact within each row, never add across rows"
preonline,strategy_Jg5GX6N06y9A,2026-09-24,108,1,2,2,1,"SMS rule (email empty), LKUS_push, NY 2026-09-19..2026-09-26; distinct_phones exact within each row, never add across rows"
preonline,strategy_Jg5GX6N06y9A,2026-09-25,108,0,5,5,3,"SMS rule (email empty), LKUS_push, NY 2026-09-19..2026-09-26; distinct_phones exact within each row, never add across rows"
preonline,strategy_Jg5GX6N06y9A,2026-09-25,108,1,13,2,0,"SMS rule (email empty), LKUS_push, NY 2026-09-19..2026-09-26; distinct_phones exact within each row, never add across rows"
preonline,strategy_Jg5GX6N06y9A,2026-09-26,108,0,1,1,1,"SMS rule (email empty), LKUS_push, NY 2026-09-19..2026-09-26; distinct_phones exact within each row, never add across rows"
preonline,strategy_MGj5bfGOijOi,2026-09-19,105,0,233,143,70,"SMS rule (email empty), LKUS_push, NY 2026-09-19..2026-09-26; distinct_phones exact within each row, never add across rows"
preonline,strategy_MGj5bfGOijOi,2026-09-19,105,1,2092,878,721,"SMS rule (email empty), LKUS_push, NY 2026-09-19..2026-09-26; distinct_phones exact within each row, never add across rows"
preonline,strategy_MGj5bfGOijOi,2026-09-19,106,1,1,1,1,"SMS rule (email empty), LKUS_push, NY 2026-09-19..2026-09-26; distinct_phones exact within each row, never add across rows"
preonline,strategy_MGj5bfGOijOi,2026-09-19,108,0,28,9,9,"SMS rule (email empty), LKUS_push, NY 2026-09-19..2026-09-26; distinct_phones exact within each row, never add across rows"
preonline,strategy_MGj5bfGOijOi,2026-09-19,108,1,3,3,0,"SMS rule (email empty), LKUS_push, NY 2026-09-19..2026-09-26; distinct_phones exact within each row, never add across rows"
preonline,strategy_MGj5bfGOijOi,2026-09-20,105,0,136,84,40,"SMS rule (email empty), LKUS_push, NY 2026-09-19..2026-09-26; distinct_phones exact within each row, never add across rows"
preonline,strategy_MGj5bfGOijOi,2026-09-20,105,1,1343,664,514,"SMS rule (email empty), LKUS_push, NY 2026-09-19..2026-09-26; distinct_phones exact within each row, never add across rows"
preonline,strategy_MGj5bfGOijOi,2026-09-21,105,0,194,115,55,"SMS rule (email empty), LKUS_push, NY 2026-09-19..2026-09-26; distinct_phones exact within each row, never add across rows"
preonline,strategy_MGj5bfGOijOi,2026-09-21,105,1,1576,670,499,"SMS rule (email empty), LKUS_push, NY 2026-09-19..2026-09-26; distinct_phones exact within each row, never add across rows"
preonline,strategy_MGj5bfGOijOi,2026-09-21,106,1,1,1,1,"SMS rule (email empty), LKUS_push, NY 2026-09-19..2026-09-26; distinct_phones exact within each row, never add across rows"
preonline,strategy_MGj5bfGOijOi,2026-09-21,108,1,2,1,0,"SMS rule (email empty), LKUS_push, NY 2026-09-19..2026-09-26; distinct_phones exact within each row, never add across rows"
preonline,strategy_MGj5bfGOijOi,2026-09-22,105,0,220,139,72,"SMS rule (email empty), LKUS_push, NY 2026-09-19..2026-09-26; distinct_phones exact within each row, never add across rows"
preonline,strategy_MGj5bfGOijOi,2026-09-22,105,1,1853,730,718,"SMS rule (email empty), LKUS_push, NY 2026-09-19..2026-09-26; distinct_phones exact within each row, never add across rows"
preonline,strategy_MGj5bfGOijOi,2026-09-22,106,0,9,5,4,"SMS rule (email empty), LKUS_push, NY 2026-09-19..2026-09-26; distinct_phones exact within each row, never add across rows"
preonline,strategy_MGj5bfGOijOi,2026-09-22,106,1,1,1,1,"SMS rule (email empty), LKUS_push, NY 2026-09-19..2026-09-26; distinct_phones exact within each row, never add across rows"
preonline,strategy_MGj5bfGOijOi,2026-09-22,108,0,3,2,0,"SMS rule (email empty), LKUS_push, NY 2026-09-19..2026-09-26; distinct_phones exact within each row, never add across rows"
preonline,strategy_MGj5bfGOijOi,2026-09-22,108,1,6,3,0,"SMS rule (email empty), LKUS_push, NY 2026-09-19..2026-09-26; distinct_phones exact within each row, never add across rows"
preonline,strategy_MGj5bfGOijOi,2026-09-23,105,0,239,153,112,"SMS rule (email empty), LKUS_push, NY 2026-09-19..2026-09-26; distinct_phones exact within each row, never add across rows"
preonline,strategy_MGj5bfGOijOi,2026-09-23,105,1,1690,752,562,"SMS rule (email empty), LKUS_push, NY 2026-09-19..2026-09-26; distinct_phones exact within each row, never add across rows"
preonline,strategy_MGj5bfGOijOi,2026-09-23,106,0,14,9,14,"SMS rule (email empty), LKUS_push, NY 2026-09-19..2026-09-26; distinct_phones exact within each row, never add across rows"
preonline,strategy_MGj5bfGOijOi,2026-09-23,106,1,2,1,2,"SMS rule (email empty), LKUS_push, NY 2026-09-19..2026-09-26; distinct_phones exact within each row, never add across rows"
preonline,strategy_MGj5bfGOijOi,2026-09-23,108,1,4,2,0,"SMS rule (email empty), LKUS_push, NY 2026-09-19..2026-09-26; distinct_phones exact within each row, never add across rows"
preonline,strategy_MGj5bfGOijOi,2026-09-24,105,0,352,129,181,"SMS rule (email empty), LKUS_push, NY 2026-09-19..2026-09-26; distinct_phones exact within each row, never add across rows"
preonline,strategy_MGj5bfGOijOi,2026-09-24,105,1,758,339,142,"SMS rule (email empty), LKUS_push, NY 2026-09-19..2026-09-26; distinct_phones exact within each row, never add across rows"
preonline,strategy_MGj5bfGOijOi,2026-09-24,108,0,31,7,19,"SMS rule (email empty), LKUS_push, NY 2026-09-19..2026-09-26; distinct_phones exact within each row, never add across rows"
preonline,strategy_MGj5bfGOijOi,2026-09-24,108,1,53,8,3,"SMS rule (email empty), LKUS_push, NY 2026-09-19..2026-09-26; distinct_phones exact within each row, never add across rows"
preonline,strategy_MGj5bfGOijOi,2026-09-25,105,0,201,111,63,"SMS rule (email empty), LKUS_push, NY 2026-09-19..2026-09-26; distinct_phones exact within each row, never add across rows"
preonline,strategy_MGj5bfGOijOi,2026-09-25,105,1,677,326,185,"SMS rule (email empty), LKUS_push, NY 2026-09-19..2026-09-26; distinct_phones exact within each row, never add across rows"
preonline,strategy_MGj5bfGOijOi,2026-09-25,106,0,4,2,3,"SMS rule (email empty), LKUS_push, NY 2026-09-19..2026-09-26; distinct_phones exact within each row, never add across rows"
preonline,strategy_MGj5bfGOijOi,2026-09-25,108,0,36,7,17,"SMS rule (email empty), LKUS_push, NY 2026-09-19..2026-09-26; distinct_phones exact within each row, never add across rows"
preonline,strategy_MGj5bfGOijOi,2026-09-25,108,1,159,18,14,"SMS rule (email empty), LKUS_push, NY 2026-09-19..2026-09-26; distinct_phones exact within each row, never add across rows"
preonline,strategy_MGj5bfGOijOi,2026-09-26,105,0,190,102,77,"SMS rule (email empty), LKUS_push, NY 2026-09-19..2026-09-26; distinct_phones exact within each row, never add across rows"
preonline,strategy_MGj5bfGOijOi,2026-09-26,105,1,1081,353,282,"SMS rule (email empty), LKUS_push, NY 2026-09-19..2026-09-26; distinct_phones exact within each row, never add across rows"
preonline,strategy_MGj5bfGOijOi,2026-09-26,106,0,6,4,6,"SMS rule (email empty), LKUS_push, NY 2026-09-19..2026-09-26; distinct_phones exact within each row, never add across rows"
preonline,strategy_MGj5bfGOijOi,2026-09-26,108,1,36,4,6,"SMS rule (email empty), LKUS_push, NY 2026-09-19..2026-09-26; distinct_phones exact within each row, never add across rows"
preonline,strategy_NkRpGFInAJnE,2026-09-19,105,1,1,1,0,"SMS rule (email empty), LKUS_push, NY 2026-09-19..2026-09-26; distinct_phones exact within each row, never add across rows"
preonline,strategy_NkRpGFInAJnE,2026-09-20,105,1,3,3,0,"SMS rule (email empty), LKUS_push, NY 2026-09-19..2026-09-26; distinct_phones exact within each row, never add across rows"
preonline,strategy_NkRpGFInAJnE,2026-09-21,108,0,1,1,1,"SMS rule (email empty), LKUS_push, NY 2026-09-19..2026-09-26; distinct_phones exact within each row, never add across rows"
preonline,strategy_NkRpGFInAJnE,2026-09-22,105,1,2,2,0,"SMS rule (email empty), LKUS_push, NY 2026-09-19..2026-09-26; distinct_phones exact within each row, never add across rows"
preonline,strategy_NkRpGFInAJnE,2026-09-22,108,1,1,1,0,"SMS rule (email empty), LKUS_push, NY 2026-09-19..2026-09-26; distinct_phones exact within each row, never add across rows"
preonline,strategy_NkRpGFInAJnE,2026-09-23,105,1,5,1,0,"SMS rule (email empty), LKUS_push, NY 2026-09-19..2026-09-26; distinct_phones exact within each row, never add across rows"
preonline,strategy_NkRpGFInAJnE,2026-09-23,108,0,1,1,1,"SMS rule (email empty), LKUS_push, NY 2026-09-19..2026-09-26; distinct_phones exact within each row, never add across rows"
preonline,strategy_NkRpGFInAJnE,2026-09-24,105,1,1,1,0,"SMS rule (email empty), LKUS_push, NY 2026-09-19..2026-09-26; distinct_phones exact within each row, never add across rows"
preonline,strategy_NkRpGFInAJnE,2026-09-25,105,1,2,2,0,"SMS rule (email empty), LKUS_push, NY 2026-09-19..2026-09-26; distinct_phones exact within each row, never add across rows"
preonline,strategy_NkRpGFInAJnE,2026-09-25,108,0,2,2,2,"SMS rule (email empty), LKUS_push, NY 2026-09-19..2026-09-26; distinct_phones exact within each row, never add across rows"
preonline,strategy_NrsClIxvGxWc,2026-09-24,105,0,16,11,4,"SMS rule (email empty), LKUS_push, NY 2026-09-19..2026-09-26; distinct_phones exact within each row, never add across rows"
preonline,strategy_NrsClIxvGxWc,2026-09-24,105,1,14,5,0,"SMS rule (email empty), LKUS_push, NY 2026-09-19..2026-09-26; distinct_phones exact within each row, never add across rows"
preonline,strategy_NrsClIxvGxWc,2026-09-24,108,0,8,7,3,"SMS rule (email empty), LKUS_push, NY 2026-09-19..2026-09-26; distinct_phones exact within each row, never add across rows"
preonline,strategy_NrsClIxvGxWc,2026-09-24,108,1,16,4,0,"SMS rule (email empty), LKUS_push, NY 2026-09-19..2026-09-26; distinct_phones exact within each row, never add across rows"
preonline,strategy_NrsClIxvGxWc,2026-09-25,105,0,9,8,3,"SMS rule (email empty), LKUS_push, NY 2026-09-19..2026-09-26; distinct_phones exact within each row, never add across rows"
preonline,strategy_NrsClIxvGxWc,2026-09-25,105,1,3,3,2,"SMS rule (email empty), LKUS_push, NY 2026-09-19..2026-09-26; distinct_phones exact within each row, never add across rows"
preonline,strategy_NrsClIxvGxWc,2026-09-25,106,0,1,1,0,"SMS rule (email empty), LKUS_push, NY 2026-09-19..2026-09-26; distinct_phones exact within each row, never add across rows"
preonline,strategy_NrsClIxvGxWc,2026-09-25,108,0,20,5,7,"SMS rule (email empty), LKUS_push, NY 2026-09-19..2026-09-26; distinct_phones exact within each row, never add across rows"
preonline,strategy_NrsClIxvGxWc,2026-09-25,108,1,54,9,5,"SMS rule (email empty), LKUS_push, NY 2026-09-19..2026-09-26; distinct_phones exact within each row, never add across rows"
preonline,strategy_NrsClIxvGxWc,2026-09-26,105,0,2,2,0,"SMS rule (email empty), LKUS_push, NY 2026-09-19..2026-09-26; distinct_phones exact within each row, never add across rows"
preonline,strategy_QgstgoGXTYmD,2026-09-19,105,0,6,4,0,"SMS rule (email empty), LKUS_push, NY 2026-09-19..2026-09-26; distinct_phones exact within each row, never add across rows"
preonline,strategy_QgstgoGXTYmD,2026-09-19,105,1,129,112,9,"SMS rule (email empty), LKUS_push, NY 2026-09-19..2026-09-26; distinct_phones exact within each row, never add across rows"
preonline,strategy_QgstgoGXTYmD,2026-09-20,105,0,8,5,0,"SMS rule (email empty), LKUS_push, NY 2026-09-19..2026-09-26; distinct_phones exact within each row, never add across rows"
preonline,strategy_QgstgoGXTYmD,2026-09-20,105,1,93,72,3,"SMS rule (email empty), LKUS_push, NY 2026-09-19..2026-09-26; distinct_phones exact within each row, never add across rows"
preonline,strategy_QgstgoGXTYmD,2026-09-21,105,0,1,1,0,"SMS rule (email empty), LKUS_push, NY 2026-09-19..2026-09-26; distinct_phones exact within each row, never add across rows"
preonline,strategy_QgstgoGXTYmD,2026-09-21,105,1,151,117,6,"SMS rule (email empty), LKUS_push, NY 2026-09-19..2026-09-26; distinct_phones exact within each row, never add across rows"
preonline,strategy_QgstgoGXTYmD,2026-09-22,105,0,12,8,0,"SMS rule (email empty), LKUS_push, NY 2026-09-19..2026-09-26; distinct_phones exact within each row, never add across rows"
preonline,strategy_QgstgoGXTYmD,2026-09-22,105,1,116,100,8,"SMS rule (email empty), LKUS_push, NY 2026-09-19..2026-09-26; distinct_phones exact within each row, never add across rows"
preonline,strategy_QgstgoGXTYmD,2026-09-23,105,0,14,10,0,"SMS rule (email empty), LKUS_push, NY 2026-09-19..2026-09-26; distinct_phones exact within each row, never add across rows"
preonline,strategy_QgstgoGXTYmD,2026-09-23,105,1,94,77,11,"SMS rule (email empty), LKUS_push, NY 2026-09-19..2026-09-26; distinct_phones exact within each row, never add across rows"
preonline,strategy_QgstgoGXTYmD,2026-09-24,105,0,9,8,0,"SMS rule (email empty), LKUS_push, NY 2026-09-19..2026-09-26; distinct_phones exact within each row, never add across rows"
preonline,strategy_QgstgoGXTYmD,2026-09-24,105,1,16,10,0,"SMS rule (email empty), LKUS_push, NY 2026-09-19..2026-09-26; distinct_phones exact within each row, never add across rows"
preonline,strategy_QgstgoGXTYmD,2026-09-24,108,0,2,2,0,"SMS rule (email empty), LKUS_push, NY 2026-09-19..2026-09-26; distinct_phones exact within each row, never add across rows"
preonline,strategy_QgstgoGXTYmD,2026-09-25,105,0,8,5,0,"SMS rule (email empty), LKUS_push, NY 2026-09-19..2026-09-26; distinct_phones exact within each row, never add across rows"
preonline,strategy_QgstgoGXTYmD,2026-09-25,105,1,29,16,8,"SMS rule (email empty), LKUS_push, NY 2026-09-19..2026-09-26; distinct_phones exact within each row, never add across rows"
preonline,strategy_QgstgoGXTYmD,2026-09-26,105,0,7,6,0,"SMS rule (email empty), LKUS_push, NY 2026-09-19..2026-09-26; distinct_phones exact within each row, never add across rows"
preonline,strategy_QgstgoGXTYmD,2026-09-26,105,1,226,79,24,"SMS rule (email empty), LKUS_push, NY 2026-09-19..2026-09-26; distinct_phones exact within each row, never add across rows"
preonline,strategy_XJefRbJPjhpx,2026-09-19,105,0,48,35,0,"SMS rule (email empty), LKUS_push, NY 2026-09-19..2026-09-26; distinct_phones exact within each row, never add across rows"
preonline,strategy_XJefRbJPjhpx,2026-09-19,105,1,600,288,0,"SMS rule (email empty), LKUS_push, NY 2026-09-19..2026-09-26; distinct_phones exact within each row, never add across rows"
preonline,strategy_XJefRbJPjhpx,2026-09-20,105,0,49,30,0,"SMS rule (email empty), LKUS_push, NY 2026-09-19..2026-09-26; distinct_phones exact within each row, never add across rows"
preonline,strategy_XJefRbJPjhpx,2026-09-20,105,1,486,276,0,"SMS rule (email empty), LKUS_push, NY 2026-09-19..2026-09-26; distinct_phones exact within each row, never add across rows"
preonline,strategy_XJefRbJPjhpx,2026-09-20,106,0,3,2,0,"SMS rule (email empty), LKUS_push, NY 2026-09-19..2026-09-26; distinct_phones exact within each row, never add across rows"
preonline,strategy_XJefRbJPjhpx,2026-09-20,106,1,1,1,0,"SMS rule (email empty), LKUS_push, NY 2026-09-19..2026-09-26; distinct_phones exact within each row, never add across rows"
preonline,strategy_XJefRbJPjhpx,2026-09-21,105,0,68,40,0,"SMS rule (email empty), LKUS_push, NY 2026-09-19..2026-09-26; distinct_phones exact within each row, never add across rows"
preonline,strategy_XJefRbJPjhpx,2026-09-21,105,1,443,216,0,"SMS rule (email empty), LKUS_push, NY 2026-09-19..2026-09-26; distinct_phones exact within each row, never add across rows"
preonline,strategy_XJefRbJPjhpx,2026-09-21,106,0,6,1,0,"SMS rule (email empty), LKUS_push, NY 2026-09-19..2026-09-26; distinct_phones exact within each row, never add across rows"
preonline,strategy_XJefRbJPjhpx,2026-09-22,105,0,59,33,0,"SMS rule (email empty), LKUS_push, NY 2026-09-19..2026-09-26; distinct_phones exact within each row, never add across rows"
preonline,strategy_XJefRbJPjhpx,2026-09-22,105,1,407,228,0,"SMS rule (email empty), LKUS_push, NY 2026-09-19..2026-09-26; distinct_phones exact within each row, never add across rows"
preonline,strategy_XJefRbJPjhpx,2026-09-22,108,0,1,1,0,"SMS rule (email empty), LKUS_push, NY 2026-09-19..2026-09-26; distinct_phones exact within each row, never add across rows"
preonline,strategy_XJefRbJPjhpx,2026-09-22,108,1,1,1,0,"SMS rule (email empty), LKUS_push, NY 2026-09-19..2026-09-26; distinct_phones exact within each row, never add across rows"
preonline,strategy_XJefRbJPjhpx,2026-09-23,105,0,33,27,0,"SMS rule (email empty), LKUS_push, NY 2026-09-19..2026-09-26; distinct_phones exact within each row, never add across rows"
preonline,strategy_XJefRbJPjhpx,2026-09-23,105,1,427,220,0,"SMS rule (email empty), LKUS_push, NY 2026-09-19..2026-09-26; distinct_phones exact within each row, never add across rows"
preonline,strategy_XJefRbJPjhpx,2026-09-23,106,0,1,1,0,"SMS rule (email empty), LKUS_push, NY 2026-09-19..2026-09-26; distinct_phones exact within each row, never add across rows"
preonline,strategy_XJefRbJPjhpx,2026-09-24,105,0,56,25,0,"SMS rule (email empty), LKUS_push, NY 2026-09-19..2026-09-26; distinct_phones exact within each row, never add across rows"
preonline,strategy_XJefRbJPjhpx,2026-09-24,105,1,181,116,9,"SMS rule (email empty), LKUS_push, NY 2026-09-19..2026-09-26; distinct_phones exact within each row, never add across rows"
preonline,strategy_XJefRbJPjhpx,2026-09-24,106,0,1,1,0,"SMS rule (email empty), LKUS_push, NY 2026-09-19..2026-09-26; distinct_phones exact within each row, never add across rows"
preonline,strategy_XJefRbJPjhpx,2026-09-25,105,0,88,57,0,"SMS rule (email empty), LKUS_push, NY 2026-09-19..2026-09-26; distinct_phones exact within each row, never add across rows"
preonline,strategy_XJefRbJPjhpx,2026-09-25,105,1,167,107,0,"SMS rule (email empty), LKUS_push, NY 2026-09-19..2026-09-26; distinct_phones exact within each row, never add across rows"
preonline,strategy_XJefRbJPjhpx,2026-09-25,108,1,1,1,0,"SMS rule (email empty), LKUS_push, NY 2026-09-19..2026-09-26; distinct_phones exact within each row, never add across rows"
preonline,strategy_XJefRbJPjhpx,2026-09-26,105,0,58,30,0,"SMS rule (email empty), LKUS_push, NY 2026-09-19..2026-09-26; distinct_phones exact within each row, never add across rows"
preonline,strategy_XJefRbJPjhpx,2026-09-26,105,1,138,94,0,"SMS rule (email empty), LKUS_push, NY 2026-09-19..2026-09-26; distinct_phones exact within each row, never add across rows"
preonline,strategy_XJefRbJPjhpx,2026-09-26,106,0,3,1,0,"SMS rule (email empty), LKUS_push, NY 2026-09-19..2026-09-26; distinct_phones exact within each row, never add across rows"
preonline,strategy_XJefRbJPjhpx,2026-09-26,106,1,2,1,2,"SMS rule (email empty), LKUS_push, NY 2026-09-19..2026-09-26; distinct_phones exact within each row, never add across rows"
preonline,strategy_aEw2XWL4QIYx,2026-09-19,105,0,48,35,0,"SMS rule (email empty), LKUS_push, NY 2026-09-19..2026-09-26; distinct_phones exact within each row, never add across rows"
preonline,strategy_aEw2XWL4QIYx,2026-09-19,105,1,733,347,0,"SMS rule (email empty), LKUS_push, NY 2026-09-19..2026-09-26; distinct_phones exact within each row, never add across rows"
preonline,strategy_aEw2XWL4QIYx,2026-09-19,106,0,3,3,3,"SMS rule (email empty), LKUS_push, NY 2026-09-19..2026-09-26; distinct_phones exact within each row, never add across rows"
preonline,strategy_aEw2XWL4QIYx,2026-09-20,105,0,50,31,1,"SMS rule (email empty), LKUS_push, NY 2026-09-19..2026-09-26; distinct_phones exact within each row, never add across rows"
preonline,strategy_aEw2XWL4QIYx,2026-09-20,105,1,670,347,0,"SMS rule (email empty), LKUS_push, NY 2026-09-19..2026-09-26; distinct_phones exact within each row, never add across rows"
preonline,strategy_aEw2XWL4QIYx,2026-09-20,106,0,5,4,2,"SMS rule (email empty), LKUS_push, NY 2026-09-19..2026-09-26; distinct_phones exact within each row, never add across rows"
preonline,strategy_aEw2XWL4QIYx,2026-09-20,106,1,1,1,0,"SMS rule (email empty), LKUS_push, NY 2026-09-19..2026-09-26; distinct_phones exact within each row, never add across rows"
preonline,strategy_aEw2XWL4QIYx,2026-09-21,105,0,73,44,5,"SMS rule (email empty), LKUS_push, NY 2026-09-19..2026-09-26; distinct_phones exact within each row, never add across rows"
preonline,strategy_aEw2XWL4QIYx,2026-09-21,105,1,628,297,0,"SMS rule (email empty), LKUS_push, NY 2026-09-19..2026-09-26; distinct_phones exact within each row, never add across rows"
preonline,strategy_aEw2XWL4QIYx,2026-09-21,106,0,9,4,3,"SMS rule (email empty), LKUS_push, NY 2026-09-19..2026-09-26; distinct_phones exact within each row, never add across rows"
preonline,strategy_aEw2XWL4QIYx,2026-09-21,108,0,2,2,2,"SMS rule (email empty), LKUS_push, NY 2026-09-19..2026-09-26; distinct_phones exact within each row, never add across rows"
preonline,strategy_aEw2XWL4QIYx,2026-09-22,105,0,63,37,4,"SMS rule (email empty), LKUS_push, NY 2026-09-19..2026-09-26; distinct_phones exact within each row, never add across rows"
preonline,strategy_aEw2XWL4QIYx,2026-09-22,105,1,556,284,0,"SMS rule (email empty), LKUS_push, NY 2026-09-19..2026-09-26; distinct_phones exact within each row, never add across rows"
preonline,strategy_aEw2XWL4QIYx,2026-09-22,106,0,3,3,3,"SMS rule (email empty), LKUS_push, NY 2026-09-19..2026-09-26; distinct_phones exact within each row, never add across rows"
preonline,strategy_aEw2XWL4QIYx,2026-09-22,108,0,2,2,1,"SMS rule (email empty), LKUS_push, NY 2026-09-19..2026-09-26; distinct_phones exact within each row, never add across rows"
preonline,strategy_aEw2XWL4QIYx,2026-09-22,108,1,1,1,0,"SMS rule (email empty), LKUS_push, NY 2026-09-19..2026-09-26; distinct_phones exact within each row, never add across rows"
preonline,strategy_aEw2XWL4QIYx,2026-09-23,105,0,34,28,1,"SMS rule (email empty), LKUS_push, NY 2026-09-19..2026-09-26; distinct_phones exact within each row, never add across rows"
preonline,strategy_aEw2XWL4QIYx,2026-09-23,105,1,650,304,0,"SMS rule (email empty), LKUS_push, NY 2026-09-19..2026-09-26; distinct_phones exact within each row, never add across rows"
preonline,strategy_aEw2XWL4QIYx,2026-09-23,106,0,5,5,4,"SMS rule (email empty), LKUS_push, NY 2026-09-19..2026-09-26; distinct_phones exact within each row, never add across rows"
preonline,strategy_aEw2XWL4QIYx,2026-09-23,106,1,3,1,0,"SMS rule (email empty), LKUS_push, NY 2026-09-19..2026-09-26; distinct_phones exact within each row, never add across rows"
preonline,strategy_aEw2XWL4QIYx,2026-09-23,108,0,1,1,1,"SMS rule (email empty), LKUS_push, NY 2026-09-19..2026-09-26; distinct_phones exact within each row, never add across rows"
preonline,strategy_aEw2XWL4QIYx,2026-09-24,105,0,58,27,2,"SMS rule (email empty), LKUS_push, NY 2026-09-19..2026-09-26; distinct_phones exact within each row, never add across rows"
preonline,strategy_aEw2XWL4QIYx,2026-09-24,105,1,232,140,10,"SMS rule (email empty), LKUS_push, NY 2026-09-19..2026-09-26; distinct_phones exact within each row, never add across rows"
preonline,strategy_aEw2XWL4QIYx,2026-09-24,106,0,14,14,13,"SMS rule (email empty), LKUS_push, NY 2026-09-19..2026-09-26; distinct_phones exact within each row, never add across rows"
preonline,strategy_aEw2XWL4QIYx,2026-09-24,108,0,1,1,1,"SMS rule (email empty), LKUS_push, NY 2026-09-19..2026-09-26; distinct_phones exact within each row, never add across rows"
preonline,strategy_aEw2XWL4QIYx,2026-09-25,105,0,88,57,0,"SMS rule (email empty), LKUS_push, NY 2026-09-19..2026-09-26; distinct_phones exact within each row, never add across rows"
preonline,strategy_aEw2XWL4QIYx,2026-09-25,105,1,236,140,0,"SMS rule (email empty), LKUS_push, NY 2026-09-19..2026-09-26; distinct_phones exact within each row, never add across rows"
preonline,strategy_aEw2XWL4QIYx,2026-09-25,106,0,2,2,2,"SMS rule (email empty), LKUS_push, NY 2026-09-19..2026-09-26; distinct_phones exact within each row, never add across rows"
preonline,strategy_aEw2XWL4QIYx,2026-09-25,108,0,2,2,2,"SMS rule (email empty), LKUS_push, NY 2026-09-19..2026-09-26; distinct_phones exact within each row, never add across rows"
preonline,strategy_aEw2XWL4QIYx,2026-09-25,108,1,11,1,0,"SMS rule (email empty), LKUS_push, NY 2026-09-19..2026-09-26; distinct_phones exact within each row, never add across rows"
preonline,strategy_aEw2XWL4QIYx,2026-09-26,105,0,59,31,1,"SMS rule (email empty), LKUS_push, NY 2026-09-19..2026-09-26; distinct_phones exact within each row, never add across rows"
preonline,strategy_aEw2XWL4QIYx,2026-09-26,105,1,170,121,0,"SMS rule (email empty), LKUS_push, NY 2026-09-19..2026-09-26; distinct_phones exact within each row, never add across rows"
preonline,strategy_aEw2XWL4QIYx,2026-09-26,106,0,7,5,4,"SMS rule (email empty), LKUS_push, NY 2026-09-19..2026-09-26; distinct_phones exact within each row, never add across rows"
preonline,strategy_aEw2XWL4QIYx,2026-09-26,106,1,2,1,2,"SMS rule (email empty), LKUS_push, NY 2026-09-19..2026-09-26; distinct_phones exact within each row, never add across rows"
preonline,strategy_aMgzQ6DeG4ea,2026-09-19,105,0,1,1,0,"SMS rule (email empty), LKUS_push, NY 2026-09-19..2026-09-26; distinct_phones exact within each row, never add across rows"
preonline,strategy_aMgzQ6DeG4ea,2026-09-19,105,1,75,46,0,"SMS rule (email empty), LKUS_push, NY 2026-09-19..2026-09-26; distinct_phones exact within each row, never add across rows"
preonline,strategy_aMgzQ6DeG4ea,2026-09-20,105,0,2,2,0,"SMS rule (email empty), LKUS_push, NY 2026-09-19..2026-09-26; distinct_phones exact within each row, never add across rows"
preonline,strategy_aMgzQ6DeG4ea,2026-09-20,105,1,44,32,0,"SMS rule (email empty), LKUS_push, NY 2026-09-19..2026-09-26; distinct_phones exact within each row, never add across rows"
preonline,strategy_aMgzQ6DeG4ea,2026-09-20,106,0,3,2,0,"SMS rule (email empty), LKUS_push, NY 2026-09-19..2026-09-26; distinct_phones exact within each row, never add across rows"
preonline,strategy_aMgzQ6DeG4ea,2026-09-21,105,0,2,2,1,"SMS rule (email empty), LKUS_push, NY 2026-09-19..2026-09-26; distinct_phones exact within each row, never add across rows"
preonline,strategy_aMgzQ6DeG4ea,2026-09-21,105,1,41,35,0,"SMS rule (email empty), LKUS_push, NY 2026-09-19..2026-09-26; distinct_phones exact within each row, never add across rows"
preonline,strategy_aMgzQ6DeG4ea,2026-09-21,106,0,6,1,0,"SMS rule (email empty), LKUS_push, NY 2026-09-19..2026-09-26; distinct_phones exact within each row, never add across rows"
preonline,strategy_aMgzQ6DeG4ea,2026-09-21,108,0,1,1,1,"SMS rule (email empty), LKUS_push, NY 2026-09-19..2026-09-26; distinct_phones exact within each row, never add across rows"
preonline,strategy_aMgzQ6DeG4ea,2026-09-22,105,0,3,3,1,"SMS rule (email empty), LKUS_push, NY 2026-09-19..2026-09-26; distinct_phones exact within each row, never add across rows"
preonline,strategy_aMgzQ6DeG4ea,2026-09-22,105,1,35,29,0,"SMS rule (email empty), LKUS_push, NY 2026-09-19..2026-09-26; distinct_phones exact within each row, never add across rows"
preonline,strategy_aMgzQ6DeG4ea,2026-09-22,108,1,1,1,0,"SMS rule (email empty), LKUS_push, NY 2026-09-19..2026-09-26; distinct_phones exact within each row, never add across rows"
preonline,strategy_aMgzQ6DeG4ea,2026-09-23,105,1,41,30,0,"SMS rule (email empty), LKUS_push, NY 2026-09-19..2026-09-26; distinct_phones exact within each row, never add across rows"
preonline,strategy_aMgzQ6DeG4ea,2026-09-23,106,1,3,1,0,"SMS rule (email empty), LKUS_push, NY 2026-09-19..2026-09-26; distinct_phones exact within each row, never add across rows"
preonline,strategy_aMgzQ6DeG4ea,2026-09-23,108,0,1,1,1,"SMS rule (email empty), LKUS_push, NY 2026-09-19..2026-09-26; distinct_phones exact within each row, never add across rows"
preonline,strategy_aMgzQ6DeG4ea,2026-09-24,105,1,18,12,0,"SMS rule (email empty), LKUS_push, NY 2026-09-19..2026-09-26; distinct_phones exact within each row, never add across rows"
preonline,strategy_aMgzQ6DeG4ea,2026-09-25,105,0,3,3,0,"SMS rule (email empty), LKUS_push, NY 2026-09-19..2026-09-26; distinct_phones exact within each row, never add across rows"
preonline,strategy_aMgzQ6DeG4ea,2026-09-25,105,1,20,12,0,"SMS rule (email empty), LKUS_push, NY 2026-09-19..2026-09-26; distinct_phones exact within each row, never add across rows"
preonline,strategy_aMgzQ6DeG4ea,2026-09-25,108,0,2,2,2,"SMS rule (email empty), LKUS_push, NY 2026-09-19..2026-09-26; distinct_phones exact within each row, never add across rows"
preonline,strategy_aMgzQ6DeG4ea,2026-09-25,108,1,2,1,0,"SMS rule (email empty), LKUS_push, NY 2026-09-19..2026-09-26; distinct_phones exact within each row, never add across rows"
preonline,strategy_aMgzQ6DeG4ea,2026-09-26,105,1,21,14,0,"SMS rule (email empty), LKUS_push, NY 2026-09-19..2026-09-26; distinct_phones exact within each row, never add across rows"
preonline,strategy_bTCEWBZggaAP,2026-09-19,105,0,13,13,3,"SMS rule (email empty), LKUS_push, NY 2026-09-19..2026-09-26; distinct_phones exact within each row, never add across rows"
preonline,strategy_bTCEWBZggaAP,2026-09-19,105,1,600,307,186,"SMS rule (email empty), LKUS_push, NY 2026-09-19..2026-09-26; distinct_phones exact within each row, never add across rows"
preonline,strategy_bTCEWBZggaAP,2026-09-20,105,0,12,9,1,"SMS rule (email empty), LKUS_push, NY 2026-09-19..2026-09-26; distinct_phones exact within each row, never add across rows"
preonline,strategy_bTCEWBZggaAP,2026-09-20,105,1,172,110,53,"SMS rule (email empty), LKUS_push, NY 2026-09-19..2026-09-26; distinct_phones exact within each row, never add across rows"
preonline,strategy_bTCEWBZggaAP,2026-09-21,105,0,14,9,2,"SMS rule (email empty), LKUS_push, NY 2026-09-19..2026-09-26; distinct_phones exact within each row, never add across rows"
preonline,strategy_bTCEWBZggaAP,2026-09-21,105,1,353,207,118,"SMS rule (email empty), LKUS_push, NY 2026-09-19..2026-09-26; distinct_phones exact within each row, never add across rows"
preonline,strategy_bTCEWBZggaAP,2026-09-22,105,0,2,2,0,"SMS rule (email empty), LKUS_push, NY 2026-09-19..2026-09-26; distinct_phones exact within each row, never add across rows"
preonline,strategy_bTCEWBZggaAP,2026-09-22,105,1,200,127,73,"SMS rule (email empty), LKUS_push, NY 2026-09-19..2026-09-26; distinct_phones exact within each row, never add across rows"
preonline,strategy_bTCEWBZggaAP,2026-09-22,108,0,2,1,0,"SMS rule (email empty), LKUS_push, NY 2026-09-19..2026-09-26; distinct_phones exact within each row, never add across rows"
preonline,strategy_bTCEWBZggaAP,2026-09-23,105,0,4,2,0,"SMS rule (email empty), LKUS_push, NY 2026-09-19..2026-09-26; distinct_phones exact within each row, never add across rows"
preonline,strategy_bTCEWBZggaAP,2026-09-23,105,1,300,183,105,"SMS rule (email empty), LKUS_push, NY 2026-09-19..2026-09-26; distinct_phones exact within each row, never add across rows"
preonline,strategy_bTCEWBZggaAP,2026-09-24,105,0,13,9,1,"SMS rule (email empty), LKUS_push, NY 2026-09-19..2026-09-26; distinct_phones exact within each row, never add across rows"
preonline,strategy_bTCEWBZggaAP,2026-09-24,105,1,104,63,5,"SMS rule (email empty), LKUS_push, NY 2026-09-19..2026-09-26; distinct_phones exact within each row, never add across rows"
preonline,strategy_bTCEWBZggaAP,2026-09-24,108,0,16,6,12,"SMS rule (email empty), LKUS_push, NY 2026-09-19..2026-09-26; distinct_phones exact within each row, never add across rows"
preonline,strategy_bTCEWBZggaAP,2026-09-24,108,1,15,7,0,"SMS rule (email empty), LKUS_push, NY 2026-09-19..2026-09-26; distinct_phones exact within each row, never add across rows"
preonline,strategy_bTCEWBZggaAP,2026-09-25,105,0,12,9,3,"SMS rule (email empty), LKUS_push, NY 2026-09-19..2026-09-26; distinct_phones exact within each row, never add across rows"
preonline,strategy_bTCEWBZggaAP,2026-09-25,105,1,95,61,19,"SMS rule (email empty), LKUS_push, NY 2026-09-19..2026-09-26; distinct_phones exact within each row, never add across rows"
preonline,strategy_bTCEWBZggaAP,2026-09-25,108,0,15,7,11,"SMS rule (email empty), LKUS_push, NY 2026-09-19..2026-09-26; distinct_phones exact within each row, never add across rows"
preonline,strategy_bTCEWBZggaAP,2026-09-25,108,1,70,14,0,"SMS rule (email empty), LKUS_push, NY 2026-09-19..2026-09-26; distinct_phones exact within each row, never add across rows"
preonline,strategy_bTCEWBZggaAP,2026-09-26,105,0,10,9,4,"SMS rule (email empty), LKUS_push, NY 2026-09-19..2026-09-26; distinct_phones exact within each row, never add across rows"
preonline,strategy_bTCEWBZggaAP,2026-09-26,105,1,123,71,15,"SMS rule (email empty), LKUS_push, NY 2026-09-19..2026-09-26; distinct_phones exact within each row, never add across rows"
preonline,strategy_bTCEWBZggaAP,2026-09-26,108,1,8,3,0,"SMS rule (email empty), LKUS_push, NY 2026-09-19..2026-09-26; distinct_phones exact within each row, never add across rows"
preonline,strategy_l44EWYqtinsu,2026-09-19,105,0,1,1,0,"SMS rule (email empty), LKUS_push, NY 2026-09-19..2026-09-26; distinct_phones exact within each row, never add across rows"
preonline,strategy_l44EWYqtinsu,2026-09-19,105,1,63,39,0,"SMS rule (email empty), LKUS_push, NY 2026-09-19..2026-09-26; distinct_phones exact within each row, never add across rows"
preonline,strategy_l44EWYqtinsu,2026-09-20,105,0,2,2,0,"SMS rule (email empty), LKUS_push, NY 2026-09-19..2026-09-26; distinct_phones exact within each row, never add across rows"
preonline,strategy_l44EWYqtinsu,2026-09-20,105,1,42,30,0,"SMS rule (email empty), LKUS_push, NY 2026-09-19..2026-09-26; distinct_phones exact within each row, never add across rows"
preonline,strategy_l44EWYqtinsu,2026-09-20,106,0,3,2,0,"SMS rule (email empty), LKUS_push, NY 2026-09-19..2026-09-26; distinct_phones exact within each row, never add across rows"
preonline,strategy_l44EWYqtinsu,2026-09-21,105,0,1,1,0,"SMS rule (email empty), LKUS_push, NY 2026-09-19..2026-09-26; distinct_phones exact within each row, never add across rows"
preonline,strategy_l44EWYqtinsu,2026-09-21,105,1,35,31,0,"SMS rule (email empty), LKUS_push, NY 2026-09-19..2026-09-26; distinct_phones exact within each row, never add across rows"
preonline,strategy_l44EWYqtinsu,2026-09-21,106,0,6,1,0,"SMS rule (email empty), LKUS_push, NY 2026-09-19..2026-09-26; distinct_phones exact within each row, never add across rows"
preonline,strategy_l44EWYqtinsu,2026-09-22,105,0,2,2,0,"SMS rule (email empty), LKUS_push, NY 2026-09-19..2026-09-26; distinct_phones exact within each row, never add across rows"
preonline,strategy_l44EWYqtinsu,2026-09-22,105,1,34,28,0,"SMS rule (email empty), LKUS_push, NY 2026-09-19..2026-09-26; distinct_phones exact within each row, never add across rows"
preonline,strategy_l44EWYqtinsu,2026-09-22,108,1,1,1,0,"SMS rule (email empty), LKUS_push, NY 2026-09-19..2026-09-26; distinct_phones exact within each row, never add across rows"
preonline,strategy_l44EWYqtinsu,2026-09-23,105,1,27,19,0,"SMS rule (email empty), LKUS_push, NY 2026-09-19..2026-09-26; distinct_phones exact within each row, never add across rows"
preonline,strategy_l44EWYqtinsu,2026-09-24,105,1,11,9,0,"SMS rule (email empty), LKUS_push, NY 2026-09-19..2026-09-26; distinct_phones exact within each row, never add across rows"
preonline,strategy_l44EWYqtinsu,2026-09-25,105,0,3,3,0,"SMS rule (email empty), LKUS_push, NY 2026-09-19..2026-09-26; distinct_phones exact within each row, never add across rows"
preonline,strategy_l44EWYqtinsu,2026-09-25,105,1,13,9,0,"SMS rule (email empty), LKUS_push, NY 2026-09-19..2026-09-26; distinct_phones exact within each row, never add across rows"
preonline,strategy_l44EWYqtinsu,2026-09-25,108,1,1,1,0,"SMS rule (email empty), LKUS_push, NY 2026-09-19..2026-09-26; distinct_phones exact within each row, never add across rows"
preonline,strategy_l44EWYqtinsu,2026-09-26,105,1,17,10,0,"SMS rule (email empty), LKUS_push, NY 2026-09-19..2026-09-26; distinct_phones exact within each row, never add across rows"
preonline,strategy_rBx7NsDRhbcW,2026-09-19,105,1,1018,488,368,"SMS rule (email empty), LKUS_push, NY 2026-09-19..2026-09-26; distinct_phones exact within each row, never add across rows"
preonline,strategy_rBx7NsDRhbcW,2026-09-19,106,1,1,1,1,"SMS rule (email empty), LKUS_push, NY 2026-09-19..2026-09-26; distinct_phones exact within each row, never add across rows"
preonline,strategy_rBx7NsDRhbcW,2026-09-19,108,1,5,5,4,"SMS rule (email empty), LKUS_push, NY 2026-09-19..2026-09-26; distinct_phones exact within each row, never add across rows"
preonline,strategy_rBx7NsDRhbcW,2026-09-20,105,1,701,357,281,"SMS rule (email empty), LKUS_push, NY 2026-09-19..2026-09-26; distinct_phones exact within each row, never add across rows"
preonline,strategy_rBx7NsDRhbcW,2026-09-20,108,1,1,1,1,"SMS rule (email empty), LKUS_push, NY 2026-09-19..2026-09-26; distinct_phones exact within each row, never add across rows"
preonline,strategy_rBx7NsDRhbcW,2026-09-21,105,1,903,410,252,"SMS rule (email empty), LKUS_push, NY 2026-09-19..2026-09-26; distinct_phones exact within each row, never add across rows"
preonline,strategy_rBx7NsDRhbcW,2026-09-21,106,1,1,1,1,"SMS rule (email empty), LKUS_push, NY 2026-09-19..2026-09-26; distinct_phones exact within each row, never add across rows"
preonline,strategy_rBx7NsDRhbcW,2026-09-21,108,1,17,12,6,"SMS rule (email empty), LKUS_push, NY 2026-09-19..2026-09-26; distinct_phones exact within each row, never add across rows"
preonline,strategy_rBx7NsDRhbcW,2026-09-22,105,1,737,363,291,"SMS rule (email empty), LKUS_push, NY 2026-09-19..2026-09-26; distinct_phones exact within each row, never add across rows"
preonline,strategy_rBx7NsDRhbcW,2026-09-22,108,1,9,7,2,"SMS rule (email empty), LKUS_push, NY 2026-09-19..2026-09-26; distinct_phones exact within each row, never add across rows"
preonline,strategy_rBx7NsDRhbcW,2026-09-23,105,1,634,371,214,"SMS rule (email empty), LKUS_push, NY 2026-09-19..2026-09-26; distinct_phones exact within each row, never add across rows"
preonline,strategy_rBx7NsDRhbcW,2026-09-23,108,1,2,2,1,"SMS rule (email empty), LKUS_push, NY 2026-09-19..2026-09-26; distinct_phones exact within each row, never add across rows"
preonline,strategy_rBx7NsDRhbcW,2026-09-24,105,1,321,149,63,"SMS rule (email empty), LKUS_push, NY 2026-09-19..2026-09-26; distinct_phones exact within each row, never add across rows"
preonline,strategy_rBx7NsDRhbcW,2026-09-24,108,1,19,11,3,"SMS rule (email empty), LKUS_push, NY 2026-09-19..2026-09-26; distinct_phones exact within each row, never add across rows"
preonline,strategy_rBx7NsDRhbcW,2026-09-25,105,1,209,126,41,"SMS rule (email empty), LKUS_push, NY 2026-09-19..2026-09-26; distinct_phones exact within each row, never add across rows"
preonline,strategy_rBx7NsDRhbcW,2026-09-25,108,1,75,19,3,"SMS rule (email empty), LKUS_push, NY 2026-09-19..2026-09-26; distinct_phones exact within each row, never add across rows"
preonline,strategy_rBx7NsDRhbcW,2026-09-26,105,1,226,124,48,"SMS rule (email empty), LKUS_push, NY 2026-09-19..2026-09-26; distinct_phones exact within each row, never add across rows"
preonline,strategy_rBx7NsDRhbcW,2026-09-26,106,1,1,1,1,"SMS rule (email empty), LKUS_push, NY 2026-09-19..2026-09-26; distinct_phones exact within each row, never add across rows"
preonline,strategy_rBx7NsDRhbcW,2026-09-26,108,1,13,5,2,"SMS rule (email empty), LKUS_push, NY 2026-09-19..2026-09-26; distinct_phones exact within each row, never add across rows"
preonline,strategy_tO7DZkJ1g0C2,2026-09-19,105,1,810,447,314,"SMS rule (email empty), LKUS_push, NY 2026-09-19..2026-09-26; distinct_phones exact within each row, never add across rows"
preonline,strategy_uST7u6mubWyD,2026-09-19,108,0,30,10,10,"SMS rule (email empty), LKUS_push, NY 2026-09-19..2026-09-26; distinct_phones exact within each row, never add across rows"
preonline,strategy_uST7u6mubWyD,2026-09-19,108,1,14,9,4,"SMS rule (email empty), LKUS_push, NY 2026-09-19..2026-09-26; distinct_phones exact within each row, never add across rows"
preonline,strategy_uST7u6mubWyD,2026-09-20,108,0,2,1,1,"SMS rule (email empty), LKUS_push, NY 2026-09-19..2026-09-26; distinct_phones exact within each row, never add across rows"
preonline,strategy_uST7u6mubWyD,2026-09-20,108,1,4,3,3,"SMS rule (email empty), LKUS_push, NY 2026-09-19..2026-09-26; distinct_phones exact within each row, never add across rows"
preonline,strategy_uST7u6mubWyD,2026-09-21,108,0,4,2,2,"SMS rule (email empty), LKUS_push, NY 2026-09-19..2026-09-26; distinct_phones exact within each row, never add across rows"
preonline,strategy_uST7u6mubWyD,2026-09-21,108,1,37,16,10,"SMS rule (email empty), LKUS_push, NY 2026-09-19..2026-09-26; distinct_phones exact within each row, never add across rows"
preonline,strategy_uST7u6mubWyD,2026-09-22,108,0,5,3,1,"SMS rule (email empty), LKUS_push, NY 2026-09-19..2026-09-26; distinct_phones exact within each row, never add across rows"
preonline,strategy_uST7u6mubWyD,2026-09-22,108,1,17,9,5,"SMS rule (email empty), LKUS_push, NY 2026-09-19..2026-09-26; distinct_phones exact within each row, never add across rows"
preonline,strategy_uST7u6mubWyD,2026-09-23,108,0,2,1,2,"SMS rule (email empty), LKUS_push, NY 2026-09-19..2026-09-26; distinct_phones exact within each row, never add across rows"
preonline,strategy_uST7u6mubWyD,2026-09-23,108,1,9,4,3,"SMS rule (email empty), LKUS_push, NY 2026-09-19..2026-09-26; distinct_phones exact within each row, never add across rows"
preonline,strategy_uST7u6mubWyD,2026-09-24,108,0,32,8,20,"SMS rule (email empty), LKUS_push, NY 2026-09-19..2026-09-26; distinct_phones exact within each row, never add across rows"
preonline,strategy_uST7u6mubWyD,2026-09-24,108,1,66,16,12,"SMS rule (email empty), LKUS_push, NY 2026-09-19..2026-09-26; distinct_phones exact within each row, never add across rows"
preonline,strategy_uST7u6mubWyD,2026-09-25,108,0,41,10,19,"SMS rule (email empty), LKUS_push, NY 2026-09-19..2026-09-26; distinct_phones exact within each row, never add across rows"
preonline,strategy_uST7u6mubWyD,2026-09-25,108,1,170,25,21,"SMS rule (email empty), LKUS_push, NY 2026-09-19..2026-09-26; distinct_phones exact within each row, never add across rows"
preonline,strategy_uST7u6mubWyD,2026-09-26,108,0,3,1,1,"SMS rule (email empty), LKUS_push, NY 2026-09-19..2026-09-26; distinct_phones exact within each row, never add across rows"
preonline,strategy_uST7u6mubWyD,2026-09-26,108,1,40,6,9,"SMS rule (email empty), LKUS_push, NY 2026-09-19..2026-09-26; distinct_phones exact within each row, never add across rows"
preonline,strategy_x37TInaHsvPQ,2026-09-19,105,1,1420,536,491,"SMS rule (email empty), LKUS_push, NY 2026-09-19..2026-09-26; distinct_phones exact within each row, never add across rows"
preonline,strategy_x37TInaHsvPQ,2026-09-20,105,1,868,363,275,"SMS rule (email empty), LKUS_push, NY 2026-09-19..2026-09-26; distinct_phones exact within each row, never add across rows"
preonline,strategy_x37TInaHsvPQ,2026-09-21,105,1,1366,621,534,"SMS rule (email empty), LKUS_push, NY 2026-09-19..2026-09-26; distinct_phones exact within each row, never add across rows"
preonline,strategy_x37TInaHsvPQ,2026-09-22,105,1,1509,712,675,"SMS rule (email empty), LKUS_push, NY 2026-09-19..2026-09-26; distinct_phones exact within each row, never add across rows"
preonline,strategy_x37TInaHsvPQ,2026-09-23,105,1,1156,528,372,"SMS rule (email empty), LKUS_push, NY 2026-09-19..2026-09-26; distinct_phones exact within each row, never add across rows"
preonline,strategy_x37TInaHsvPQ,2026-09-24,105,1,641,300,131,"SMS rule (email empty), LKUS_push, NY 2026-09-19..2026-09-26; distinct_phones exact within each row, never add across rows"
preonline,strategy_x37TInaHsvPQ,2026-09-25,105,1,377,173,95,"SMS rule (email empty), LKUS_push, NY 2026-09-19..2026-09-26; distinct_phones exact within each row, never add across rows"
preonline,strategy_x37TInaHsvPQ,2026-09-26,105,1,470,163,80,"SMS rule (email empty), LKUS_push, NY 2026-09-19..2026-09-26; distinct_phones exact within each row, never add across rows"
preonline,strategy_yfvTZgkTp9Xi,2026-09-20,108,1,1,1,1,"SMS rule (email empty), LKUS_push, NY 2026-09-19..2026-09-26; distinct_phones exact within each row, never add across rows"
preonline,strategy_yfvTZgkTp9Xi,2026-09-21,108,0,1,1,1,"SMS rule (email empty), LKUS_push, NY 2026-09-19..2026-09-26; distinct_phones exact within each row, never add across rows"
preonline,strategy_yfvTZgkTp9Xi,2026-09-21,108,1,7,3,6,"SMS rule (email empty), LKUS_push, NY 2026-09-19..2026-09-26; distinct_phones exact within each row, never add across rows"
preonline,strategy_yfvTZgkTp9Xi,2026-09-22,108,1,2,2,2,"SMS rule (email empty), LKUS_push, NY 2026-09-19..2026-09-26; distinct_phones exact within each row, never add across rows"
preonline,strategy_yfvTZgkTp9Xi,2026-09-23,108,0,1,1,1,"SMS rule (email empty), LKUS_push, NY 2026-09-19..2026-09-26; distinct_phones exact within each row, never add across rows"
preonline,strategy_yfvTZgkTp9Xi,2026-09-23,108,1,1,1,1,"SMS rule (email empty), LKUS_push, NY 2026-09-19..2026-09-26; distinct_phones exact within each row, never add across rows"
preonline,strategy_yfvTZgkTp9Xi,2026-09-24,108,0,2,1,2,"SMS rule (email empty), LKUS_push, NY 2026-09-19..2026-09-26; distinct_phones exact within each row, never add across rows"
preonline,strategy_yfvTZgkTp9Xi,2026-09-24,108,1,3,3,3,"SMS rule (email empty), LKUS_push, NY 2026-09-19..2026-09-26; distinct_phones exact within each row, never add across rows"
preonline,strategy_yfvTZgkTp9Xi,2026-09-25,108,1,2,1,2,"SMS rule (email empty), LKUS_push, NY 2026-09-19..2026-09-26; distinct_phones exact within each row, never add across rows"
preonline,strategy_yfvTZgkTp9Xi,2026-09-26,108,0,2,2,2,"SMS rule (email empty), LKUS_push, NY 2026-09-19..2026-09-26; distinct_phones exact within each row, never add across rows"
