shard,scene_id,json_key,n_rows
0000,LKUS_push,ip,54
0000,LKUS_push,app,47
0000,LKUS_push,cid,54
0000,LKUS_push,uid,54
0000,LKUS_push,phone,54
0000,LKUS_push,tenant,54
0000,LKUS_push,version,54
0000,LKUS_push,uniqueKey,54
0000,LKUS_push,userAgent,54
0000,LKUS_push,countryCode,54
0000,LKUS_push,reviewRepeat,46
0000,LKUS_push,cidOriginEnum,54
0000,LKUS_push,recaptchaV3Token,46
0000,LKUS_push,recaptchaV3Action,46
0000,LKUS_push,recaptchaV3Enabled,46
0000,LKUS_push,userNo,4
0000,LKUS_login,ip,12
0000,LKUS_login,app,11
0000,LKUS_login,cid,12
0000,LKUS_login,uid,12
0000,LKUS_login,phone,12
0000,LKUS_login,tenant,12
0000,LKUS_login,userNo,12
0000,LKUS_login,version,12
0000,LKUS_login,uniqueKey,12
0000,LKUS_login,userAgent,12
0000,LKUS_login,countryCode,12
0000,LKUS_login,reviewRepeat,11
0000,LKUS_login,cidOriginEnum,12
0000,LKUS_login,recaptchaV3Token,11
0000,LKUS_login,recaptchaV3Action,11
0000,LKUS_login,recaptchaV3Enabled,11
0000,LKUS_physical_order_create,ip,41
0000,LKUS_physical_order_create,app,34
0000,LKUS_physical_order_create,cid,41
0000,LKUS_physical_order_create,uid,41
0000,LKUS_physical_order_create,phone,35
0000,LKUS_physical_order_create,shopId,41
0000,LKUS_physical_order_create,tenant,41
0000,LKUS_physical_order_create,userNo,41
0000,LKUS_physical_order_create,isGuest,41
0000,LKUS_physical_order_create,version,41
0000,LKUS_physical_order_create,latitude,35
0000,LKUS_physical_order_create,longitude,35
0000,LKUS_physical_order_create,orderType,41
0000,LKUS_physical_order_create,taxAmount,41
0000,LKUS_physical_order_create,uniqueKey,41
0000,LKUS_physical_order_create,userAgent,41
0000,LKUS_physical_order_create,couponList,41
0000,LKUS_physical_order_create,orderPrice,40
0000,LKUS_physical_order_create,countryCode,41
0000,LKUS_physical_order_create,shopAddress,41
0000,LKUS_physical_order_create,reviewRepeat,32
0000,LKUS_physical_order_create,shopCityName,41
0000,LKUS_physical_order_create,shopLatitude,41
0000,LKUS_physical_order_create,cidOriginEnum,41
0000,LKUS_physical_order_create,isTaxRequired,41
0000,LKUS_physical_order_create,orderProducts,41
0000,LKUS_physical_order_create,productAmount,41
0000,LKUS_physical_order_create,shopLongitude,41
0000,LKUS_physical_order_create,coffeeStoreList,41
0000,LKUS_physical_order_create,recaptchaV3Token,32
0000,LKUS_physical_order_create,recaptchaV3Action,32
0000,LKUS_physical_order_create,recaptchaV3Enabled,32
0000,LKUS_physical_order_create,packageOrderProducts,41
0000,LKUS_payment,ip,40
0000,LKUS_payment,app,33
0000,LKUS_payment,cid,40
0000,LKUS_payment,uid,40
0000,LKUS_payment,phone,34
0000,LKUS_payment,shopId,40
0000,LKUS_payment,tenant,40
0000,LKUS_payment,userNo,40
0000,LKUS_payment,isGuest,40
0000,LKUS_payment,orderNo,40
0000,LKUS_payment,payType,40
0000,LKUS_payment,version,40
0000,LKUS_payment,payMoney,40
0000,LKUS_payment,orderType,40
0000,LKUS_payment,taxAmount,40
0000,LKUS_payment,uniqueKey,40
0000,LKUS_payment,userAgent,40
0000,LKUS_payment,orderPrice,40
0000,LKUS_payment,countryCode,34
0000,LKUS_payment,reviewRepeat,32
0000,LKUS_payment,cidOriginEnum,40
0000,LKUS_payment,isTaxRequired,40
0000,LKUS_payment,orderProducts,40
0000,LKUS_payment,recaptchaV3Token,32
0000,LKUS_payment,recaptchaV3Action,32
0000,LKUS_payment,recaptchaV3Enabled,32
0000,LKUS_payment,packageOrderProducts,40
0000,LKUS_physical_order_create,did,6
0000,LKUS_physical_order_create,blackBox,6
0000,LKUS_physical_order_create,deviceId,6
0000,LKUS_grant_new_user_coupon,ip,4
0000,LKUS_grant_new_user_coupon,app,4
0000,LKUS_grant_new_user_coupon,cid,4
0000,LKUS_grant_new_user_coupon,uid,4
0000,LKUS_grant_new_user_coupon,phone,4
0000,LKUS_grant_new_user_coupon,extend,4
0000,LKUS_grant_new_user_coupon,tenant,4
0000,LKUS_grant_new_user_coupon,userNo,4
0000,LKUS_grant_new_user_coupon,sceneId,4
0000,LKUS_grant_new_user_coupon,version,4
0000,LKUS_grant_new_user_coupon,uniqueKey,4
0000,LKUS_grant_new_user_coupon,userAgent,4
0000,LKUS_grant_new_user_coupon,countryCode,4
0000,LKUS_grant_new_user_coupon,reviewRepeat,4
0000,LKUS_grant_new_user_coupon,cidOriginEnum,4
0000,LKUS_grant_new_user_coupon,recaptchaV3Token,4
0000,LKUS_grant_new_user_coupon,recaptchaV3Action,4
0000,LKUS_grant_new_user_coupon,recaptchaV3Enabled,4
0000,LKUS_register,ip,4
0000,LKUS_register,app,3
0000,LKUS_register,cid,4
0000,LKUS_register,uid,4
0000,LKUS_register,phone,4
0000,LKUS_register,tenant,4
0000,LKUS_register,version,4
0000,LKUS_register,uniqueKey,4
0000,LKUS_register,userAgent,4
0000,LKUS_register,countryCode,4
0000,LKUS_register,reviewRepeat,4
0000,LKUS_register,cidOriginEnum,4
0000,LKUS_register,recaptchaV3Token,4
0000,LKUS_register,recaptchaV3Action,4
0000,LKUS_register,recaptchaV3Enabled,4
0001,LKUS_push,ip,31
0001,LKUS_push,app,30
0001,LKUS_push,cid,31
0001,LKUS_push,uid,31
0001,LKUS_push,phone,31
0001,LKUS_push,tenant,31
0001,LKUS_push,version,31
0001,LKUS_push,uniqueKey,31
0001,LKUS_push,userAgent,31
0001,LKUS_push,countryCode,31
0001,LKUS_push,cidOriginEnum,31
0001,LKUS_push,reviewRepeat,26
0001,LKUS_push,recaptchaV3Token,26
0001,LKUS_push,recaptchaV3Action,26
0001,LKUS_push,recaptchaV3Enabled,26
0001,LKUS_physical_order_create,ip,42
0001,LKUS_physical_order_create,app,33
0001,LKUS_physical_order_create,cid,42
0001,LKUS_physical_order_create,uid,42
0001,LKUS_physical_order_create,phone,37
0001,LKUS_physical_order_create,shopId,42
0001,LKUS_physical_order_create,tenant,42
0001,LKUS_physical_order_create,userNo,42
0001,LKUS_physical_order_create,isGuest,42
0001,LKUS_physical_order_create,version,42
0001,LKUS_physical_order_create,latitude,35
0001,LKUS_physical_order_create,longitude,35
0001,LKUS_physical_order_create,orderType,42
0001,LKUS_physical_order_create,taxAmount,42
0001,LKUS_physical_order_create,uniqueKey,42
0001,LKUS_physical_order_create,userAgent,42
0001,LKUS_physical_order_create,couponList,42
0001,LKUS_physical_order_create,orderPrice,42
0001,LKUS_physical_order_create,countryCode,42
0001,LKUS_physical_order_create,shopAddress,42
0001,LKUS_physical_order_create,reviewRepeat,30
0001,LKUS_physical_order_create,shopCityName,42
0001,LKUS_physical_order_create,shopLatitude,42
0001,LKUS_physical_order_create,cidOriginEnum,42
0001,LKUS_physical_order_create,isTaxRequired,42
0001,LKUS_physical_order_create,orderProducts,42
0001,LKUS_physical_order_create,productAmount,42
0001,LKUS_physical_order_create,shopLongitude,42
0001,LKUS_physical_order_create,coffeeStoreList,42
0001,LKUS_physical_order_create,recaptchaV3Token,30
0001,LKUS_physical_order_create,recaptchaV3Action,30
0001,LKUS_physical_order_create,recaptchaV3Enabled,30
0001,LKUS_physical_order_create,packageOrderProducts,42
0001,LKUS_payment,ip,42
0001,LKUS_payment,app,35
0001,LKUS_payment,cid,42
0001,LKUS_payment,uid,42
0001,LKUS_payment,phone,37
0001,LKUS_payment,shopId,42
0001,LKUS_payment,tenant,42
0001,LKUS_payment,userNo,42
0001,LKUS_payment,isGuest,42
0001,LKUS_payment,orderNo,42
0001,LKUS_payment,payType,42
0001,LKUS_payment,version,42
0001,LKUS_payment,payMoney,42
0001,LKUS_payment,orderType,42
0001,LKUS_payment,taxAmount,42
0001,LKUS_payment,uniqueKey,42
0001,LKUS_payment,userAgent,42
0001,LKUS_payment,orderPrice,42
0001,LKUS_payment,countryCode,37
0001,LKUS_payment,reviewRepeat,31
0001,LKUS_payment,cidOriginEnum,42
0001,LKUS_payment,isTaxRequired,42
0001,LKUS_payment,orderProducts,42
0001,LKUS_payment,recaptchaV3Token,31
0001,LKUS_payment,recaptchaV3Action,31
0001,LKUS_payment,recaptchaV3Enabled,31
0001,LKUS_payment,packageOrderProducts,42
0001,LKUS_register,ip,6
0001,LKUS_register,app,6
0001,LKUS_register,cid,6
0001,LKUS_register,uid,6
0001,LKUS_register,phone,6
0001,LKUS_register,tenant,6
0001,LKUS_register,version,6
0001,LKUS_register,uniqueKey,6
0001,LKUS_register,userAgent,6
0001,LKUS_register,countryCode,6
0001,LKUS_register,reviewRepeat,6
0001,LKUS_register,cidOriginEnum,6
0001,LKUS_register,recaptchaV3Token,6
0001,LKUS_register,recaptchaV3Action,6
0001,LKUS_register,recaptchaV3Enabled,6
0001,LKUS_physical_order_create,did,7
0001,LKUS_physical_order_create,blackBox,7
0001,LKUS_physical_order_create,deviceId,7
0001,LKUS_grant_new_user_coupon,ip,8
0001,LKUS_grant_new_user_coupon,cid,8
0001,LKUS_grant_new_user_coupon,uid,8
0001,LKUS_grant_new_user_coupon,phone,8
0001,LKUS_grant_new_user_coupon,extend,8
0001,LKUS_grant_new_user_coupon,tenant,8
0001,LKUS_grant_new_user_coupon,userNo,8
0001,LKUS_grant_new_user_coupon,sceneId,8
0001,LKUS_grant_new_user_coupon,version,8
0001,LKUS_grant_new_user_coupon,uniqueKey,8
0001,LKUS_grant_new_user_coupon,userAgent,8
0001,LKUS_grant_new_user_coupon,countryCode,8
0001,LKUS_grant_new_user_coupon,reviewRepeat,8
0001,LKUS_grant_new_user_coupon,cidOriginEnum,8
0001,LKUS_grant_new_user_coupon,recaptchaV3Token,8
0001,LKUS_grant_new_user_coupon,recaptchaV3Action,8
0001,LKUS_grant_new_user_coupon,recaptchaV3Enabled,8
0001,LKUS_login,ip,12
0001,LKUS_login,cid,12
0001,LKUS_login,uid,12
0001,LKUS_login,phone,12
0001,LKUS_login,tenant,12
0001,LKUS_login,userNo,12
0001,LKUS_login,version,12
0001,LKUS_login,uniqueKey,12
0001,LKUS_login,userAgent,12
0001,LKUS_login,countryCode,12
0001,LKUS_login,reviewRepeat,9
0001,LKUS_login,cidOriginEnum,12
0001,LKUS_login,recaptchaV3Token,9
0001,LKUS_login,recaptchaV3Action,9
0001,LKUS_login,recaptchaV3Enabled,9
0001,LKUS_grant_new_user_coupon,app,6
0001,LKUS_login,app,8
0001,LKUS_physical_order_cancel,ip,1
0001,LKUS_physical_order_cancel,cid,1
0001,LKUS_physical_order_cancel,uid,1
0001,LKUS_physical_order_cancel,phone,1
0001,LKUS_physical_order_cancel,shopId,1
0001,LKUS_physical_order_cancel,tenant,1
0001,LKUS_physical_order_cancel,userNo,1
0001,LKUS_physical_order_cancel,isGuest,1
0001,LKUS_physical_order_cancel,orderNo,1
0001,LKUS_physical_order_cancel,version,1
0001,LKUS_physical_order_cancel,shopCity,1
0001,LKUS_physical_order_cancel,uniqueKey,1
0001,LKUS_physical_order_cancel,userAgent,1
0001,LKUS_physical_order_cancel,countryCode,1
0001,LKUS_physical_order_cancel,totalOfMade,1
0001,LKUS_physical_order_cancel,reviewRepeat,1
0001,LKUS_physical_order_cancel,cidOriginEnum,1
0001,LKUS_physical_order_cancel,cancelTypeEnum,1
0001,LKUS_physical_order_cancel,recaptchaV3Token,1
0001,LKUS_physical_order_cancel,recaptchaV3Action,1
0001,LKUS_physical_order_cancel,recaptchaV3Enabled,1
0002,LKUS_login,ip,13
0002,LKUS_login,app,10
0002,LKUS_login,cid,13
0002,LKUS_login,uid,13
0002,LKUS_login,phone,13
0002,LKUS_login,tenant,13
0002,LKUS_login,userNo,13
0002,LKUS_login,version,13
0002,LKUS_login,uniqueKey,13
0002,LKUS_login,userAgent,13
0002,LKUS_login,countryCode,13
0002,LKUS_login,reviewRepeat,13
0002,LKUS_login,cidOriginEnum,13
0002,LKUS_login,recaptchaV3Token,13
0002,LKUS_login,recaptchaV3Action,13
0002,LKUS_login,recaptchaV3Enabled,13
0002,LKUS_grant_new_user_coupon,ip,7
0002,LKUS_grant_new_user_coupon,app,4
0002,LKUS_grant_new_user_coupon,cid,7
0002,LKUS_grant_new_user_coupon,uid,7
0002,LKUS_grant_new_user_coupon,phone,7
0002,LKUS_grant_new_user_coupon,extend,7
0002,LKUS_grant_new_user_coupon,tenant,7
0002,LKUS_grant_new_user_coupon,userNo,7
0002,LKUS_grant_new_user_coupon,sceneId,7
0002,LKUS_grant_new_user_coupon,version,7
0002,LKUS_grant_new_user_coupon,uniqueKey,7
0002,LKUS_grant_new_user_coupon,userAgent,7
0002,LKUS_grant_new_user_coupon,countryCode,7
0002,LKUS_grant_new_user_coupon,reviewRepeat,7
0002,LKUS_grant_new_user_coupon,cidOriginEnum,7
0002,LKUS_grant_new_user_coupon,recaptchaV3Token,7
0002,LKUS_grant_new_user_coupon,recaptchaV3Action,7
0002,LKUS_grant_new_user_coupon,recaptchaV3Enabled,7
0002,LKUS_push,ip,45
0002,LKUS_push,app,39
0002,LKUS_push,cid,45
0002,LKUS_push,uid,45
0002,LKUS_push,phone,45
0002,LKUS_push,tenant,45
0002,LKUS_push,version,45
0002,LKUS_push,uniqueKey,45
0002,LKUS_push,userAgent,45
0002,LKUS_push,countryCode,45
0002,LKUS_push,cidOriginEnum,45
0002,LKUS_push,reviewRepeat,41
0002,LKUS_push,recaptchaV3Token,41
0002,LKUS_push,recaptchaV3Action,41
0002,LKUS_push,recaptchaV3Enabled,41
0002,LKUS_physical_order_create,ip,56
0002,LKUS_physical_order_create,app,46
0002,LKUS_physical_order_create,cid,56
0002,LKUS_physical_order_create,uid,56
0002,LKUS_physical_order_create,phone,48
0002,LKUS_physical_order_create,shopId,56
0002,LKUS_physical_order_create,tenant,56
0002,LKUS_physical_order_create,userNo,56
0002,LKUS_physical_order_create,isGuest,56
0002,LKUS_physical_order_create,version,56
0002,LKUS_physical_order_create,latitude,48
0002,LKUS_physical_order_create,longitude,48
0002,LKUS_physical_order_create,orderType,56
0002,LKUS_physical_order_create,taxAmount,56
0002,LKUS_physical_order_create,uniqueKey,56
0002,LKUS_physical_order_create,userAgent,56
0002,LKUS_physical_order_create,couponList,56
0002,LKUS_physical_order_create,orderPrice,55
0002,LKUS_physical_order_create,countryCode,56
0002,LKUS_physical_order_create,shopAddress,56
0002,LKUS_physical_order_create,reviewRepeat,44
0002,LKUS_physical_order_create,shopCityName,56
0002,LKUS_physical_order_create,shopLatitude,56
0002,LKUS_physical_order_create,cidOriginEnum,56
0002,LKUS_physical_order_create,isTaxRequired,56
0002,LKUS_physical_order_create,orderProducts,56
0002,LKUS_physical_order_create,productAmount,56
0002,LKUS_physical_order_create,shopLongitude,56
0002,LKUS_physical_order_create,coffeeStoreList,56
0002,LKUS_physical_order_create,recaptchaV3Token,44
0002,LKUS_physical_order_create,recaptchaV3Action,44
0002,LKUS_physical_order_create,recaptchaV3Enabled,44
0002,LKUS_physical_order_create,packageOrderProducts,56
0002,LKUS_payment,ip,55
0002,LKUS_payment,app,45
0002,LKUS_payment,cid,55
0002,LKUS_payment,uid,55
0002,LKUS_payment,phone,47
0002,LKUS_payment,shopId,55
0002,LKUS_payment,tenant,55
0002,LKUS_payment,userNo,55
0002,LKUS_payment,isGuest,55
0002,LKUS_payment,orderNo,55
0002,LKUS_payment,payType,55
0002,LKUS_payment,version,55
0002,LKUS_payment,payMoney,55
0002,LKUS_payment,orderType,55
0002,LKUS_payment,taxAmount,55
0002,LKUS_payment,uniqueKey,55
0002,LKUS_payment,userAgent,55
0002,LKUS_payment,orderPrice,55
0002,LKUS_payment,countryCode,47
0002,LKUS_payment,reviewRepeat,43
0002,LKUS_payment,cidOriginEnum,55
0002,LKUS_payment,isTaxRequired,55
0002,LKUS_payment,orderProducts,55
0002,LKUS_payment,recaptchaV3Token,43
0002,LKUS_payment,recaptchaV3Action,43
0002,LKUS_payment,recaptchaV3Enabled,43
0002,LKUS_payment,packageOrderProducts,55
0002,LKUS_physical_order_create,packagingBagPrice,3
0002,LKUS_physical_order_create,packagingBagNumber,3
0002,LKUS_payment,packagingBagPrice,3
0002,LKUS_payment,packagingBagNumber,3
0002,LKUS_physical_order_create,did,8
0002,LKUS_physical_order_create,blackBox,8
0002,LKUS_physical_order_create,deviceId,8
0002,LKUS_register,ip,7
0002,LKUS_register,app,6
0002,LKUS_register,cid,7
0002,LKUS_register,uid,7
0002,LKUS_register,phone,7
0002,LKUS_register,tenant,7
0002,LKUS_register,version,7
0002,LKUS_register,uniqueKey,7
0002,LKUS_register,userAgent,7
0002,LKUS_register,countryCode,7
0002,LKUS_register,reviewRepeat,7
0002,LKUS_register,cidOriginEnum,7
0002,LKUS_register,recaptchaV3Token,7
0002,LKUS_register,recaptchaV3Action,7
0002,LKUS_register,recaptchaV3Enabled,7
0002,LKUS_physical_order_cancel,ip,1
0002,LKUS_physical_order_cancel,app,1
0002,LKUS_physical_order_cancel,cid,1
0002,LKUS_physical_order_cancel,uid,1
0002,LKUS_physical_order_cancel,phone,1
0002,LKUS_physical_order_cancel,shopId,1
0002,LKUS_physical_order_cancel,tenant,1
0002,LKUS_physical_order_cancel,userNo,1
0002,LKUS_physical_order_cancel,isGuest,1
0002,LKUS_physical_order_cancel,orderNo,1
0002,LKUS_physical_order_cancel,version,1
0002,LKUS_physical_order_cancel,shopCity,1
0002,LKUS_physical_order_cancel,uniqueKey,1
0002,LKUS_physical_order_cancel,userAgent,1
0002,LKUS_physical_order_cancel,countryCode,1
0002,LKUS_physical_order_cancel,totalOfMade,1
0002,LKUS_physical_order_cancel,reviewRepeat,1
0002,LKUS_physical_order_cancel,cidOriginEnum,1
0002,LKUS_physical_order_cancel,cancelTypeEnum,1
0002,LKUS_physical_order_cancel,recaptchaV3Token,1
0002,LKUS_physical_order_cancel,recaptchaV3Action,1
0002,LKUS_physical_order_cancel,recaptchaV3Enabled,1
0003,LKUS_push,ip,32
0003,LKUS_push,app,28
0003,LKUS_push,cid,32
0003,LKUS_push,uid,32
0003,LKUS_push,phone,32
0003,LKUS_push,tenant,32
0003,LKUS_push,version,32
0003,LKUS_push,uniqueKey,32
0003,LKUS_push,userAgent,32
0003,LKUS_push,countryCode,32
0003,LKUS_push,reviewRepeat,31
0003,LKUS_push,cidOriginEnum,32
0003,LKUS_push,recaptchaV3Token,31
0003,LKUS_push,recaptchaV3Action,31
0003,LKUS_push,recaptchaV3Enabled,31
0003,LKUS_login,ip,11
0003,LKUS_login,app,10
0003,LKUS_login,cid,11
0003,LKUS_login,uid,11
0003,LKUS_login,phone,11
0003,LKUS_login,tenant,11
0003,LKUS_login,userNo,11
0003,LKUS_login,version,11
0003,LKUS_login,uniqueKey,11
0003,LKUS_login,userAgent,11
0003,LKUS_login,countryCode,11
0003,LKUS_login,reviewRepeat,11
0003,LKUS_login,cidOriginEnum,11
0003,LKUS_login,recaptchaV3Token,11
0003,LKUS_login,recaptchaV3Action,11
0003,LKUS_login,recaptchaV3Enabled,11
0003,LKUS_physical_order_create,ip,37
0003,LKUS_physical_order_create,app,30
0003,LKUS_physical_order_create,cid,37
0003,LKUS_physical_order_create,uid,37
0003,LKUS_physical_order_create,phone,30
0003,LKUS_physical_order_create,shopId,37
0003,LKUS_physical_order_create,tenant,37
0003,LKUS_physical_order_create,userNo,37
0003,LKUS_physical_order_create,isGuest,37
0003,LKUS_physical_order_create,version,37
0003,LKUS_physical_order_create,latitude,31
0003,LKUS_physical_order_create,longitude,31
0003,LKUS_physical_order_create,orderType,37
0003,LKUS_physical_order_create,taxAmount,37
0003,LKUS_physical_order_create,uniqueKey,37
0003,LKUS_physical_order_create,userAgent,37
0003,LKUS_physical_order_create,couponList,37
0003,LKUS_physical_order_create,orderPrice,37
0003,LKUS_physical_order_create,countryCode,37
0003,LKUS_physical_order_create,shopAddress,37
0003,LKUS_physical_order_create,reviewRepeat,29
0003,LKUS_physical_order_create,shopCityName,37
0003,LKUS_physical_order_create,shopLatitude,37
0003,LKUS_physical_order_create,cidOriginEnum,37
0003,LKUS_physical_order_create,isTaxRequired,37
0003,LKUS_physical_order_create,orderProducts,37
0003,LKUS_physical_order_create,productAmount,37
0003,LKUS_physical_order_create,shopLongitude,37
0003,LKUS_physical_order_create,coffeeStoreList,37
0003,LKUS_physical_order_create,recaptchaV3Token,29
0003,LKUS_physical_order_create,recaptchaV3Action,29
0003,LKUS_physical_order_create,recaptchaV3Enabled,29
0003,LKUS_physical_order_create,packageOrderProducts,37
0003,LKUS_payment,ip,39
0003,LKUS_payment,app,30
0003,LKUS_payment,cid,39
0003,LKUS_payment,uid,39
0003,LKUS_payment,phone,30
0003,LKUS_payment,shopId,39
0003,LKUS_payment,tenant,39
0003,LKUS_payment,userNo,39
0003,LKUS_payment,isGuest,39
0003,LKUS_payment,orderNo,39
0003,LKUS_payment,payType,39
0003,LKUS_payment,version,39
0003,LKUS_payment,payMoney,39
0003,LKUS_payment,orderType,39
0003,LKUS_payment,taxAmount,39
0003,LKUS_payment,uniqueKey,39
0003,LKUS_payment,userAgent,39
0003,LKUS_payment,orderPrice,39
0003,LKUS_payment,countryCode,30
0003,LKUS_payment,reviewRepeat,29
0003,LKUS_payment,cidOriginEnum,39
0003,LKUS_payment,isTaxRequired,39
0003,LKUS_payment,orderProducts,39
0003,LKUS_payment,recaptchaV3Token,29
0003,LKUS_payment,recaptchaV3Action,29
0003,LKUS_payment,recaptchaV3Enabled,29
0003,LKUS_payment,packageOrderProducts,39
0003,LKUS_physical_order_create,did,6
0003,LKUS_physical_order_create,blackBox,6
0003,LKUS_physical_order_create,deviceId,6
0003,LKUS_grant_new_user_coupon,ip,9
0003,LKUS_grant_new_user_coupon,app,8
0003,LKUS_grant_new_user_coupon,cid,9
0003,LKUS_grant_new_user_coupon,uid,9
0003,LKUS_grant_new_user_coupon,phone,9
0003,LKUS_grant_new_user_coupon,extend,9
0003,LKUS_grant_new_user_coupon,tenant,9
0003,LKUS_grant_new_user_coupon,userNo,9
0003,LKUS_grant_new_user_coupon,sceneId,9
0003,LKUS_grant_new_user_coupon,version,9
0003,LKUS_grant_new_user_coupon,uniqueKey,9
0003,LKUS_grant_new_user_coupon,userAgent,9
0003,LKUS_grant_new_user_coupon,countryCode,9
0003,LKUS_grant_new_user_coupon,reviewRepeat,9
0003,LKUS_grant_new_user_coupon,cidOriginEnum,9
0003,LKUS_grant_new_user_coupon,recaptchaV3Token,9
0003,LKUS_grant_new_user_coupon,recaptchaV3Action,9
0003,LKUS_grant_new_user_coupon,recaptchaV3Enabled,9
0003,LKUS_register,ip,6
0003,LKUS_register,cid,6
0003,LKUS_register,uid,6
0003,LKUS_register,phone,6
0003,LKUS_register,tenant,6
0003,LKUS_register,version,6
0003,LKUS_register,uniqueKey,6
0003,LKUS_register,userAgent,6
0003,LKUS_register,countryCode,6
0003,LKUS_register,reviewRepeat,6
0003,LKUS_register,cidOriginEnum,6
0003,LKUS_register,recaptchaV3Token,6
0003,LKUS_register,recaptchaV3Action,6
0003,LKUS_register,recaptchaV3Enabled,6
0003,LKUS_register,app,4
0004,LKUS_push,ip,38
0004,LKUS_push,app,35
0004,LKUS_push,cid,38
0004,LKUS_push,uid,38
0004,LKUS_push,phone,38
0004,LKUS_push,tenant,38
0004,LKUS_push,version,38
0004,LKUS_push,uniqueKey,38
0004,LKUS_push,userAgent,38
0004,LKUS_push,countryCode,38
0004,LKUS_push,reviewRepeat,38
0004,LKUS_push,cidOriginEnum,38
0004,LKUS_push,recaptchaV3Token,38
0004,LKUS_push,recaptchaV3Action,38
0004,LKUS_push,recaptchaV3Enabled,38
0004,LKUS_physical_order_create,ip,52
0004,LKUS_physical_order_create,app,41
0004,LKUS_physical_order_create,cid,52
0004,LKUS_physical_order_create,uid,52
0004,LKUS_physical_order_create,phone,44
0004,LKUS_physical_order_create,shopId,52
0004,LKUS_physical_order_create,tenant,52
0004,LKUS_physical_order_create,userNo,52
0004,LKUS_physical_order_create,isGuest,52
0004,LKUS_physical_order_create,version,52
0004,LKUS_physical_order_create,latitude,44
0004,LKUS_physical_order_create,longitude,44
0004,LKUS_physical_order_create,orderType,52
0004,LKUS_physical_order_create,taxAmount,52
0004,LKUS_physical_order_create,uniqueKey,52
0004,LKUS_physical_order_create,userAgent,52
0004,LKUS_physical_order_create,couponList,52
0004,LKUS_physical_order_create,orderPrice,51
0004,LKUS_physical_order_create,countryCode,52
0004,LKUS_physical_order_create,shopAddress,52
0004,LKUS_physical_order_create,reviewRepeat,40
0004,LKUS_physical_order_create,shopCityName,52
0004,LKUS_physical_order_create,shopLatitude,52
0004,LKUS_physical_order_create,cidOriginEnum,52
0004,LKUS_physical_order_create,isTaxRequired,52
0004,LKUS_physical_order_create,orderProducts,52
0004,LKUS_physical_order_create,productAmount,52
0004,LKUS_physical_order_create,shopLongitude,52
0004,LKUS_physical_order_create,coffeeStoreList,52
0004,LKUS_physical_order_create,recaptchaV3Token,40
0004,LKUS_physical_order_create,recaptchaV3Action,40
0004,LKUS_physical_order_create,recaptchaV3Enabled,40
0004,LKUS_physical_order_create,packageOrderProducts,52
0004,LKUS_payment,ip,54
0004,LKUS_payment,app,42
0004,LKUS_payment,cid,54
0004,LKUS_payment,uid,54
0004,LKUS_payment,phone,45
0004,LKUS_payment,shopId,54
0004,LKUS_payment,tenant,54
0004,LKUS_payment,userNo,54
0004,LKUS_payment,isGuest,54
0004,LKUS_payment,orderNo,54
0004,LKUS_payment,payType,54
0004,LKUS_payment,version,54
0004,LKUS_payment,payMoney,54
0004,LKUS_payment,orderType,54
0004,LKUS_payment,taxAmount,54
0004,LKUS_payment,uniqueKey,54
0004,LKUS_payment,userAgent,54
0004,LKUS_payment,orderPrice,54
0004,LKUS_payment,countryCode,45
0004,LKUS_payment,reviewRepeat,41
0004,LKUS_payment,cidOriginEnum,54
0004,LKUS_payment,isTaxRequired,54
0004,LKUS_payment,orderProducts,54
0004,LKUS_payment,recaptchaV3Token,41
0004,LKUS_payment,recaptchaV3Action,41
0004,LKUS_payment,recaptchaV3Enabled,41
0004,LKUS_payment,packageOrderProducts,54
0004,LKUS_login,ip,13
0004,LKUS_login,app,9
0004,LKUS_login,cid,13
0004,LKUS_login,uid,13
0004,LKUS_login,phone,13
0004,LKUS_login,tenant,13
0004,LKUS_login,userNo,13
0004,LKUS_login,version,13
0004,LKUS_login,uniqueKey,13
0004,LKUS_login,userAgent,13
0004,LKUS_login,countryCode,13
0004,LKUS_login,reviewRepeat,11
0004,LKUS_login,cidOriginEnum,13
0004,LKUS_login,recaptchaV3Token,11
0004,LKUS_login,recaptchaV3Action,11
0004,LKUS_login,recaptchaV3Enabled,11
0004,LKUS_grant_new_user_coupon,ip,6
0004,LKUS_grant_new_user_coupon,app,6
0004,LKUS_grant_new_user_coupon,cid,6
0004,LKUS_grant_new_user_coupon,uid,6
0004,LKUS_grant_new_user_coupon,phone,6
0004,LKUS_grant_new_user_coupon,extend,6
0004,LKUS_grant_new_user_coupon,tenant,6
0004,LKUS_grant_new_user_coupon,userNo,6
0004,LKUS_grant_new_user_coupon,sceneId,6
0004,LKUS_grant_new_user_coupon,version,6
0004,LKUS_grant_new_user_coupon,uniqueKey,6
0004,LKUS_grant_new_user_coupon,userAgent,6
0004,LKUS_grant_new_user_coupon,countryCode,6
0004,LKUS_grant_new_user_coupon,reviewRepeat,6
0004,LKUS_grant_new_user_coupon,cidOriginEnum,6
0004,LKUS_grant_new_user_coupon,recaptchaV3Token,6
0004,LKUS_grant_new_user_coupon,recaptchaV3Action,6
0004,LKUS_grant_new_user_coupon,recaptchaV3Enabled,6
0004,LKUS_physical_order_create,did,8
0004,LKUS_physical_order_create,blackBox,8
0004,LKUS_physical_order_create,deviceId,8
0004,LKUS_push,userNo,1
0004,LKUS_register,ip,5
0004,LKUS_register,app,3
0004,LKUS_register,cid,5
0004,LKUS_register,uid,5
0004,LKUS_register,phone,5
0004,LKUS_register,tenant,5
0004,LKUS_register,version,5
0004,LKUS_register,uniqueKey,5
0004,LKUS_register,userAgent,5
0004,LKUS_register,countryCode,5
0004,LKUS_register,reviewRepeat,5
0004,LKUS_register,cidOriginEnum,5
0004,LKUS_register,recaptchaV3Token,5
0004,LKUS_register,recaptchaV3Action,5
0004,LKUS_register,recaptchaV3Enabled,5
0005,LKUS_push,ip,26
0005,LKUS_push,app,22
0005,LKUS_push,cid,26
0005,LKUS_push,uid,26
0005,LKUS_push,phone,26
0005,LKUS_push,tenant,26
0005,LKUS_push,version,26
0005,LKUS_push,uniqueKey,26
0005,LKUS_push,userAgent,26
0005,LKUS_push,countryCode,26
0005,LKUS_push,reviewRepeat,22
0005,LKUS_push,cidOriginEnum,26
0005,LKUS_push,recaptchaV3Token,22
0005,LKUS_push,recaptchaV3Action,22
0005,LKUS_push,recaptchaV3Enabled,22
0005,LKUS_grant_new_user_coupon,ip,6
0005,LKUS_grant_new_user_coupon,app,5
0005,LKUS_grant_new_user_coupon,cid,6
0005,LKUS_grant_new_user_coupon,uid,6
0005,LKUS_grant_new_user_coupon,phone,6
0005,LKUS_grant_new_user_coupon,extend,6
0005,LKUS_grant_new_user_coupon,tenant,6
0005,LKUS_grant_new_user_coupon,userNo,6
0005,LKUS_grant_new_user_coupon,sceneId,6
0005,LKUS_grant_new_user_coupon,version,6
0005,LKUS_grant_new_user_coupon,uniqueKey,6
0005,LKUS_grant_new_user_coupon,userAgent,6
0005,LKUS_grant_new_user_coupon,countryCode,6
0005,LKUS_grant_new_user_coupon,reviewRepeat,6
0005,LKUS_grant_new_user_coupon,cidOriginEnum,6
0005,LKUS_grant_new_user_coupon,recaptchaV3Token,6
0005,LKUS_grant_new_user_coupon,recaptchaV3Action,6
0005,LKUS_grant_new_user_coupon,recaptchaV3Enabled,6
0005,LKUS_login,ip,8
0005,LKUS_login,app,7
0005,LKUS_login,cid,8
0005,LKUS_login,uid,8
0005,LKUS_login,phone,8
0005,LKUS_login,tenant,8
0005,LKUS_login,userNo,8
0005,LKUS_login,version,8
0005,LKUS_login,uniqueKey,8
0005,LKUS_login,userAgent,8
0005,LKUS_login,countryCode,8
0005,LKUS_login,reviewRepeat,8
0005,LKUS_login,cidOriginEnum,8
0005,LKUS_login,recaptchaV3Token,8
0005,LKUS_login,recaptchaV3Action,8
0005,LKUS_login,recaptchaV3Enabled,8
0005,LKUS_physical_order_create,ip,41
0005,LKUS_physical_order_create,app,27
0005,LKUS_physical_order_create,cid,41
0005,LKUS_physical_order_create,uid,41
0005,LKUS_physical_order_create,phone,28
0005,LKUS_physical_order_create,shopId,41
0005,LKUS_physical_order_create,tenant,41
0005,LKUS_physical_order_create,userNo,41
0005,LKUS_physical_order_create,isGuest,41
0005,LKUS_physical_order_create,version,41
0005,LKUS_physical_order_create,latitude,29
0005,LKUS_physical_order_create,longitude,29
0005,LKUS_physical_order_create,orderType,41
0005,LKUS_physical_order_create,taxAmount,41
0005,LKUS_physical_order_create,uniqueKey,41
0005,LKUS_physical_order_create,userAgent,41
0005,LKUS_physical_order_create,couponList,41
0005,LKUS_physical_order_create,orderPrice,41
0005,LKUS_physical_order_create,countryCode,41
0005,LKUS_physical_order_create,shopAddress,41
0005,LKUS_physical_order_create,reviewRepeat,27
0005,LKUS_physical_order_create,shopCityName,41
0005,LKUS_physical_order_create,shopLatitude,41
0005,LKUS_physical_order_create,cidOriginEnum,41
0005,LKUS_physical_order_create,isTaxRequired,41
0005,LKUS_physical_order_create,orderProducts,41
0005,LKUS_physical_order_create,productAmount,41
0005,LKUS_physical_order_create,shopLongitude,41
0005,LKUS_physical_order_create,coffeeStoreList,41
0005,LKUS_physical_order_create,recaptchaV3Token,27
0005,LKUS_physical_order_create,recaptchaV3Action,27
0005,LKUS_physical_order_create,recaptchaV3Enabled,27
0005,LKUS_physical_order_create,packageOrderProducts,41
0005,LKUS_physical_order_cancel,ip,1
0005,LKUS_physical_order_cancel,app,1
0005,LKUS_physical_order_cancel,cid,1
0005,LKUS_physical_order_cancel,uid,1
0005,LKUS_physical_order_cancel,phone,1
0005,LKUS_physical_order_cancel,shopId,1
0005,LKUS_physical_order_cancel,tenant,1
0005,LKUS_physical_order_cancel,userNo,1
0005,LKUS_physical_order_cancel,isGuest,1
0005,LKUS_physical_order_cancel,orderNo,1
0005,LKUS_physical_order_cancel,version,1
0005,LKUS_physical_order_cancel,shopCity,1
0005,LKUS_physical_order_cancel,uniqueKey,1
0005,LKUS_physical_order_cancel,userAgent,1
0005,LKUS_physical_order_cancel,countryCode,1
0005,LKUS_physical_order_cancel,totalOfMade,1
0005,LKUS_physical_order_cancel,reviewRepeat,1
0005,LKUS_physical_order_cancel,cidOriginEnum,1
0005,LKUS_physical_order_cancel,cancelTypeEnum,1
0005,LKUS_physical_order_cancel,recaptchaV3Token,1
0005,LKUS_physical_order_cancel,recaptchaV3Action,1
0005,LKUS_physical_order_cancel,recaptchaV3Enabled,1
0005,LKUS_payment,ip,41
0005,LKUS_payment,app,24
0005,LKUS_payment,cid,41
0005,LKUS_payment,uid,41
0005,LKUS_payment,phone,25
0005,LKUS_payment,shopId,41
0005,LKUS_payment,tenant,41
0005,LKUS_payment,userNo,41
0005,LKUS_payment,isGuest,41
0005,LKUS_payment,orderNo,41
0005,LKUS_payment,payType,41
0005,LKUS_payment,version,41
0005,LKUS_payment,payMoney,41
0005,LKUS_payment,orderType,41
0005,LKUS_payment,taxAmount,41
0005,LKUS_payment,uniqueKey,41
0005,LKUS_payment,userAgent,41
0005,LKUS_payment,orderPrice,41
0005,LKUS_payment,countryCode,25
0005,LKUS_payment,reviewRepeat,24
0005,LKUS_payment,cidOriginEnum,41
0005,LKUS_payment,isTaxRequired,41
0005,LKUS_payment,orderProducts,41
0005,LKUS_payment,recaptchaV3Token,24
0005,LKUS_payment,recaptchaV3Action,24
0005,LKUS_payment,recaptchaV3Enabled,24
0005,LKUS_payment,packageOrderProducts,41
0005,LKUS_physical_order_create,did,12
0005,LKUS_physical_order_create,blackBox,12
0005,LKUS_physical_order_create,deviceId,12
0005,LKUS_register,ip,6
0005,LKUS_register,app,6
0005,LKUS_register,cid,6
0005,LKUS_register,uid,6
0005,LKUS_register,phone,6
0005,LKUS_register,tenant,6
0005,LKUS_register,version,6
0005,LKUS_register,uniqueKey,6
0005,LKUS_register,userAgent,6
0005,LKUS_register,countryCode,6
0005,LKUS_register,reviewRepeat,6
0005,LKUS_register,cidOriginEnum,6
0005,LKUS_register,recaptchaV3Token,6
0005,LKUS_register,recaptchaV3Action,6
0005,LKUS_register,recaptchaV3Enabled,6
0006,LKUS_push,ip,82
0006,LKUS_push,app,74
0006,LKUS_push,cid,82
0006,LKUS_push,uid,82
0006,LKUS_push,phone,82
0006,LKUS_push,tenant,82
0006,LKUS_push,version,82
0006,LKUS_push,uniqueKey,82
0006,LKUS_push,userAgent,82
0006,LKUS_push,countryCode,82
0006,LKUS_push,reviewRepeat,77
0006,LKUS_push,cidOriginEnum,82
0006,LKUS_push,recaptchaV3Token,77
0006,LKUS_push,recaptchaV3Action,77
0006,LKUS_push,recaptchaV3Enabled,77
0006,LKUS_login,ip,15
0006,LKUS_login,app,13
0006,LKUS_login,cid,15
0006,LKUS_login,uid,15
0006,LKUS_login,phone,15
0006,LKUS_login,tenant,15
0006,LKUS_login,userNo,15
0006,LKUS_login,version,15
0006,LKUS_login,uniqueKey,15
0006,LKUS_login,userAgent,15
0006,LKUS_login,countryCode,15
0006,LKUS_login,reviewRepeat,14
0006,LKUS_login,cidOriginEnum,15
0006,LKUS_login,recaptchaV3Token,14
0006,LKUS_login,recaptchaV3Action,14
0006,LKUS_login,recaptchaV3Enabled,14
0006,LKUS_grant_new_user_coupon,ip,9
0006,LKUS_grant_new_user_coupon,app,7
0006,LKUS_grant_new_user_coupon,cid,9
0006,LKUS_grant_new_user_coupon,uid,9
0006,LKUS_grant_new_user_coupon,phone,9
0006,LKUS_grant_new_user_coupon,extend,9
0006,LKUS_grant_new_user_coupon,tenant,9
0006,LKUS_grant_new_user_coupon,userNo,9
0006,LKUS_grant_new_user_coupon,sceneId,9
0006,LKUS_grant_new_user_coupon,version,9
0006,LKUS_grant_new_user_coupon,uniqueKey,9
0006,LKUS_grant_new_user_coupon,userAgent,9
0006,LKUS_grant_new_user_coupon,countryCode,9
0006,LKUS_grant_new_user_coupon,reviewRepeat,9
0006,LKUS_grant_new_user_coupon,cidOriginEnum,9
0006,LKUS_grant_new_user_coupon,recaptchaV3Token,9
0006,LKUS_grant_new_user_coupon,recaptchaV3Action,9
0006,LKUS_grant_new_user_coupon,recaptchaV3Enabled,9
0006,LKUS_register,ip,8
0006,LKUS_register,app,6
0006,LKUS_register,cid,8
0006,LKUS_register,uid,8
0006,LKUS_register,phone,8
0006,LKUS_register,tenant,8
0006,LKUS_register,version,8
0006,LKUS_register,uniqueKey,8
0006,LKUS_register,userAgent,8
0006,LKUS_register,countryCode,8
0006,LKUS_register,reviewRepeat,8
0006,LKUS_register,cidOriginEnum,8
0006,LKUS_register,recaptchaV3Token,8
0006,LKUS_register,recaptchaV3Action,8
0006,LKUS_register,recaptchaV3Enabled,8
0006,LKUS_physical_order_create,ip,36
0006,LKUS_physical_order_create,app,26
0006,LKUS_physical_order_create,cid,36
0006,LKUS_physical_order_create,uid,36
0006,LKUS_physical_order_create,phone,27
0006,LKUS_physical_order_create,shopId,36
0006,LKUS_physical_order_create,tenant,36
0006,LKUS_physical_order_create,userNo,36
0006,LKUS_physical_order_create,isGuest,36
0006,LKUS_physical_order_create,version,36
0006,LKUS_physical_order_create,latitude,27
0006,LKUS_physical_order_create,longitude,27
0006,LKUS_physical_order_create,orderType,36
0006,LKUS_physical_order_create,taxAmount,36
0006,LKUS_physical_order_create,uniqueKey,36
0006,LKUS_physical_order_create,userAgent,36
0006,LKUS_physical_order_create,couponList,36
0006,LKUS_physical_order_create,orderPrice,36
0006,LKUS_physical_order_create,countryCode,36
0006,LKUS_physical_order_create,shopAddress,36
0006,LKUS_physical_order_create,shopCityName,36
0006,LKUS_physical_order_create,shopLatitude,36
0006,LKUS_physical_order_create,cidOriginEnum,36
0006,LKUS_physical_order_create,isTaxRequired,36
0006,LKUS_physical_order_create,orderProducts,36
0006,LKUS_physical_order_create,productAmount,36
0006,LKUS_physical_order_create,shopLongitude,36
0006,LKUS_physical_order_create,coffeeStoreList,36
0006,LKUS_physical_order_create,packageOrderProducts,36
0006,LKUS_payment,ip,36
0006,LKUS_payment,app,26
0006,LKUS_payment,cid,36
0006,LKUS_payment,uid,36
0006,LKUS_payment,phone,27
0006,LKUS_payment,shopId,36
0006,LKUS_payment,tenant,36
0006,LKUS_payment,userNo,36
0006,LKUS_payment,isGuest,36
0006,LKUS_payment,orderNo,36
0006,LKUS_payment,payType,36
0006,LKUS_payment,version,36
0006,LKUS_payment,payMoney,36
0006,LKUS_payment,orderType,36
0006,LKUS_payment,taxAmount,36
0006,LKUS_payment,uniqueKey,36
0006,LKUS_payment,userAgent,36
0006,LKUS_payment,orderPrice,36
0006,LKUS_payment,countryCode,27
0006,LKUS_payment,cidOriginEnum,36
0006,LKUS_payment,isTaxRequired,36
0006,LKUS_payment,orderProducts,36
0006,LKUS_payment,packageOrderProducts,36
0006,LKUS_physical_order_create,reviewRepeat,23
0006,LKUS_physical_order_create,recaptchaV3Token,23
0006,LKUS_physical_order_create,recaptchaV3Action,23
0006,LKUS_physical_order_create,recaptchaV3Enabled,23
0006,LKUS_payment,reviewRepeat,23
0006,LKUS_payment,recaptchaV3Token,23
0006,LKUS_payment,recaptchaV3Action,23
0006,LKUS_payment,recaptchaV3Enabled,23
0006,LKUS_physical_order_create,did,9
0006,LKUS_physical_order_create,blackBox,9
0006,LKUS_physical_order_create,deviceId,9
0006,LKUS_push,userNo,1
0006,LKUS_physical_order_create,packagingBagPrice,2
0006,LKUS_physical_order_create,packagingBagNumber,2
0006,LKUS_payment,packagingBagPrice,2
0006,LKUS_payment,packagingBagNumber,2
0007,LKUS_push,ip,57
0007,LKUS_push,app,54
0007,LKUS_push,cid,57
0007,LKUS_push,uid,57
0007,LKUS_push,phone,57
0007,LKUS_push,tenant,57
0007,LKUS_push,version,57
0007,LKUS_push,uniqueKey,57
0007,LKUS_push,userAgent,57
0007,LKUS_push,countryCode,57
0007,LKUS_push,reviewRepeat,52
0007,LKUS_push,cidOriginEnum,57
0007,LKUS_push,recaptchaV3Token,52
0007,LKUS_push,recaptchaV3Action,52
0007,LKUS_push,recaptchaV3Enabled,52
0007,LKUS_login,ip,14
0007,LKUS_login,app,11
0007,LKUS_login,cid,14
0007,LKUS_login,uid,14
0007,LKUS_login,phone,14
0007,LKUS_login,tenant,14
0007,LKUS_login,userNo,14
0007,LKUS_login,version,14
0007,LKUS_login,uniqueKey,14
0007,LKUS_login,userAgent,14
0007,LKUS_login,countryCode,14
0007,LKUS_login,reviewRepeat,12
0007,LKUS_login,cidOriginEnum,14
0007,LKUS_login,recaptchaV3Token,12
0007,LKUS_login,recaptchaV3Action,12
0007,LKUS_login,recaptchaV3Enabled,12
0007,LKUS_physical_order_create,ip,47
0007,LKUS_physical_order_create,app,37
0007,LKUS_physical_order_create,cid,47
0007,LKUS_physical_order_create,uid,47
0007,LKUS_physical_order_create,phone,38
0007,LKUS_physical_order_create,shopId,47
0007,LKUS_physical_order_create,tenant,47
0007,LKUS_physical_order_create,userNo,47
0007,LKUS_physical_order_create,isGuest,47
0007,LKUS_physical_order_create,version,47
0007,LKUS_physical_order_create,latitude,38
0007,LKUS_physical_order_create,longitude,38
0007,LKUS_physical_order_create,orderType,47
0007,LKUS_physical_order_create,taxAmount,47
0007,LKUS_physical_order_create,uniqueKey,47
0007,LKUS_physical_order_create,userAgent,47
0007,LKUS_physical_order_create,couponList,47
0007,LKUS_physical_order_create,orderPrice,47
0007,LKUS_physical_order_create,countryCode,47
0007,LKUS_physical_order_create,shopAddress,47
0007,LKUS_physical_order_create,reviewRepeat,37
0007,LKUS_physical_order_create,shopCityName,47
0007,LKUS_physical_order_create,shopLatitude,47
0007,LKUS_physical_order_create,cidOriginEnum,47
0007,LKUS_physical_order_create,isTaxRequired,47
0007,LKUS_physical_order_create,orderProducts,47
0007,LKUS_physical_order_create,productAmount,47
0007,LKUS_physical_order_create,shopLongitude,47
0007,LKUS_physical_order_create,coffeeStoreList,47
0007,LKUS_physical_order_create,recaptchaV3Token,37
0007,LKUS_physical_order_create,recaptchaV3Action,37
0007,LKUS_physical_order_create,recaptchaV3Enabled,37
0007,LKUS_physical_order_create,packageOrderProducts,47
0007,LKUS_payment,ip,47
0007,LKUS_payment,app,37
0007,LKUS_payment,cid,47
0007,LKUS_payment,uid,47
0007,LKUS_payment,phone,38
0007,LKUS_payment,shopId,47
0007,LKUS_payment,tenant,47
0007,LKUS_payment,userNo,47
0007,LKUS_payment,isGuest,47
0007,LKUS_payment,orderNo,47
0007,LKUS_payment,payType,47
0007,LKUS_payment,version,47
0007,LKUS_payment,payMoney,47
0007,LKUS_payment,orderType,47
0007,LKUS_payment,taxAmount,47
0007,LKUS_payment,uniqueKey,47
0007,LKUS_payment,userAgent,47
0007,LKUS_payment,orderPrice,47
0007,LKUS_payment,countryCode,38
0007,LKUS_payment,reviewRepeat,37
0007,LKUS_payment,cidOriginEnum,47
0007,LKUS_payment,isTaxRequired,47
0007,LKUS_payment,orderProducts,47
0007,LKUS_payment,recaptchaV3Token,37
0007,LKUS_payment,recaptchaV3Action,37
0007,LKUS_payment,recaptchaV3Enabled,37
0007,LKUS_payment,packageOrderProducts,47
0007,LKUS_physical_order_create,did,9
0007,LKUS_physical_order_create,blackBox,9
0007,LKUS_physical_order_create,deviceId,9
0007,LKUS_register,ip,3
0007,LKUS_register,cid,3
0007,LKUS_register,uid,3
0007,LKUS_register,phone,3
0007,LKUS_register,tenant,3
0007,LKUS_register,version,3
0007,LKUS_register,uniqueKey,3
0007,LKUS_register,userAgent,3
0007,LKUS_register,countryCode,3
0007,LKUS_register,reviewRepeat,3
0007,LKUS_register,cidOriginEnum,3
0007,LKUS_register,recaptchaV3Token,3
0007,LKUS_register,recaptchaV3Action,3
0007,LKUS_register,recaptchaV3Enabled,3
0007,LKUS_grant_new_user_coupon,ip,6
0007,LKUS_grant_new_user_coupon,cid,6
0007,LKUS_grant_new_user_coupon,uid,6
0007,LKUS_grant_new_user_coupon,phone,6
0007,LKUS_grant_new_user_coupon,extend,6
0007,LKUS_grant_new_user_coupon,tenant,6
0007,LKUS_grant_new_user_coupon,userNo,6
0007,LKUS_grant_new_user_coupon,sceneId,6
0007,LKUS_grant_new_user_coupon,version,6
0007,LKUS_grant_new_user_coupon,uniqueKey,6
0007,LKUS_grant_new_user_coupon,userAgent,6
0007,LKUS_grant_new_user_coupon,countryCode,6
0007,LKUS_grant_new_user_coupon,reviewRepeat,6
0007,LKUS_grant_new_user_coupon,cidOriginEnum,6
0007,LKUS_grant_new_user_coupon,recaptchaV3Token,6
0007,LKUS_grant_new_user_coupon,recaptchaV3Action,6
0007,LKUS_grant_new_user_coupon,recaptchaV3Enabled,6
0007,LKUS_physical_order_create,packagingBagPrice,1
0007,LKUS_physical_order_create,packagingBagNumber,1
0007,LKUS_payment,packagingBagPrice,1
0007,LKUS_payment,packagingBagNumber,1
0007,LKUS_register,app,2
0007,LKUS_grant_new_user_coupon,app,5
0008,LKUS_push,ip,32
0008,LKUS_push,app,28
0008,LKUS_push,cid,32
0008,LKUS_push,uid,32
0008,LKUS_push,phone,32
0008,LKUS_push,tenant,32
0008,LKUS_push,version,32
0008,LKUS_push,uniqueKey,32
0008,LKUS_push,userAgent,32
0008,LKUS_push,countryCode,32
0008,LKUS_push,reviewRepeat,28
0008,LKUS_push,cidOriginEnum,32
0008,LKUS_push,recaptchaV3Token,28
0008,LKUS_push,recaptchaV3Action,28
0008,LKUS_push,recaptchaV3Enabled,28
0008,LKUS_register,ip,7
0008,LKUS_register,app,6
0008,LKUS_register,cid,7
0008,LKUS_register,uid,7
0008,LKUS_register,phone,7
0008,LKUS_register,tenant,7
0008,LKUS_register,version,7
0008,LKUS_register,uniqueKey,7
0008,LKUS_register,userAgent,7
0008,LKUS_register,countryCode,7
0008,LKUS_register,reviewRepeat,6
0008,LKUS_register,cidOriginEnum,7
0008,LKUS_register,recaptchaV3Token,6
0008,LKUS_register,recaptchaV3Action,6
0008,LKUS_register,recaptchaV3Enabled,6
0008,LKUS_physical_order_create,ip,46
0008,LKUS_physical_order_create,cid,46
0008,LKUS_physical_order_create,uid,46
0008,LKUS_physical_order_create,phone,35
0008,LKUS_physical_order_create,shopId,46
0008,LKUS_physical_order_create,tenant,46
0008,LKUS_physical_order_create,userNo,46
0008,LKUS_physical_order_create,isGuest,46
0008,LKUS_physical_order_create,version,46
0008,LKUS_physical_order_create,latitude,34
0008,LKUS_physical_order_create,longitude,34
0008,LKUS_physical_order_create,orderType,46
0008,LKUS_physical_order_create,taxAmount,46
0008,LKUS_physical_order_create,uniqueKey,46
0008,LKUS_physical_order_create,userAgent,46
0008,LKUS_physical_order_create,couponList,46
0008,LKUS_physical_order_create,orderPrice,45
0008,LKUS_physical_order_create,countryCode,46
0008,LKUS_physical_order_create,shopAddress,46
0008,LKUS_physical_order_create,shopCityName,46
0008,LKUS_physical_order_create,shopLatitude,46
0008,LKUS_physical_order_create,cidOriginEnum,46
0008,LKUS_physical_order_create,isTaxRequired,46
0008,LKUS_physical_order_create,orderProducts,46
0008,LKUS_physical_order_create,productAmount,46
0008,LKUS_physical_order_create,shopLongitude,46
0008,LKUS_physical_order_create,coffeeStoreList,46
0008,LKUS_physical_order_create,packageOrderProducts,46
0008,LKUS_payment,ip,45
0008,LKUS_payment,cid,45
0008,LKUS_payment,uid,45
0008,LKUS_payment,phone,34
0008,LKUS_payment,shopId,45
0008,LKUS_payment,tenant,45
0008,LKUS_payment,userNo,45
0008,LKUS_payment,isGuest,45
0008,LKUS_payment,orderNo,45
0008,LKUS_payment,payType,45
0008,LKUS_payment,version,45
0008,LKUS_payment,payMoney,45
0008,LKUS_payment,orderType,45
0008,LKUS_payment,taxAmount,45
0008,LKUS_payment,uniqueKey,45
0008,LKUS_payment,userAgent,45
0008,LKUS_payment,orderPrice,45
0008,LKUS_payment,countryCode,34
0008,LKUS_payment,cidOriginEnum,45
0008,LKUS_payment,isTaxRequired,45
0008,LKUS_payment,orderProducts,45
0008,LKUS_payment,packageOrderProducts,45
0008,LKUS_physical_order_create,app,30
0008,LKUS_physical_order_create,reviewRepeat,32
0008,LKUS_physical_order_create,recaptchaV3Token,32
0008,LKUS_physical_order_create,recaptchaV3Action,32
0008,LKUS_physical_order_create,recaptchaV3Enabled,32
0008,LKUS_payment,app,29
0008,LKUS_payment,reviewRepeat,31
0008,LKUS_payment,recaptchaV3Token,31
0008,LKUS_payment,recaptchaV3Action,31
0008,LKUS_payment,recaptchaV3Enabled,31
0008,LKUS_physical_order_create,did,12
0008,LKUS_physical_order_create,blackBox,12
0008,LKUS_physical_order_create,deviceId,12
0008,LKUS_login,ip,13
0008,LKUS_login,app,7
0008,LKUS_login,cid,13
0008,LKUS_login,uid,13
0008,LKUS_login,phone,13
0008,LKUS_login,tenant,13
0008,LKUS_login,userNo,13
0008,LKUS_login,version,13
0008,LKUS_login,uniqueKey,13
0008,LKUS_login,userAgent,13
0008,LKUS_login,countryCode,13
0008,LKUS_login,reviewRepeat,12
0008,LKUS_login,cidOriginEnum,13
0008,LKUS_login,recaptchaV3Token,12
0008,LKUS_login,recaptchaV3Action,12
0008,LKUS_login,recaptchaV3Enabled,12
0008,LKUS_grant_new_user_coupon,ip,6
0008,LKUS_grant_new_user_coupon,cid,6
0008,LKUS_grant_new_user_coupon,uid,6
0008,LKUS_grant_new_user_coupon,phone,6
0008,LKUS_grant_new_user_coupon,extend,6
0008,LKUS_grant_new_user_coupon,tenant,6
0008,LKUS_grant_new_user_coupon,userNo,6
0008,LKUS_grant_new_user_coupon,sceneId,6
0008,LKUS_grant_new_user_coupon,version,6
0008,LKUS_grant_new_user_coupon,uniqueKey,6
0008,LKUS_grant_new_user_coupon,userAgent,6
0008,LKUS_grant_new_user_coupon,countryCode,6
0008,LKUS_grant_new_user_coupon,reviewRepeat,6
0008,LKUS_grant_new_user_coupon,cidOriginEnum,6
0008,LKUS_grant_new_user_coupon,recaptchaV3Token,6
0008,LKUS_grant_new_user_coupon,recaptchaV3Action,6
0008,LKUS_grant_new_user_coupon,recaptchaV3Enabled,6
0008,LKUS_push,userNo,3
0008,LKUS_grant_new_user_coupon,app,4
0008,LKUS_physical_order_create,packagingBagPrice,1
0008,LKUS_physical_order_create,packagingBagNumber,1
0008,LKUS_payment,packagingBagPrice,1
0008,LKUS_payment,packagingBagNumber,1
0009,LKUS_push,ip,58
0009,LKUS_push,app,42
0009,LKUS_push,cid,58
0009,LKUS_push,uid,58
0009,LKUS_push,phone,58
0009,LKUS_push,tenant,58
0009,LKUS_push,version,58
0009,LKUS_push,uniqueKey,58
0009,LKUS_push,userAgent,58
0009,LKUS_push,countryCode,58
0009,LKUS_push,reviewRepeat,58
0009,LKUS_push,cidOriginEnum,58
0009,LKUS_push,recaptchaV3Token,57
0009,LKUS_push,recaptchaV3Action,57
0009,LKUS_push,recaptchaV3Enabled,58
0009,LKUS_login,ip,15
0009,LKUS_login,app,10
0009,LKUS_login,cid,15
0009,LKUS_login,uid,15
0009,LKUS_login,phone,15
0009,LKUS_login,tenant,15
0009,LKUS_login,userNo,15
0009,LKUS_login,version,15
0009,LKUS_login,uniqueKey,15
0009,LKUS_login,userAgent,15
0009,LKUS_login,countryCode,15
0009,LKUS_login,reviewRepeat,14
0009,LKUS_login,cidOriginEnum,15
0009,LKUS_login,recaptchaV3Token,14
0009,LKUS_login,recaptchaV3Action,14
0009,LKUS_login,recaptchaV3Enabled,14
0009,LKUS_grant_new_user_coupon,ip,10
0009,LKUS_grant_new_user_coupon,app,6
0009,LKUS_grant_new_user_coupon,cid,10
0009,LKUS_grant_new_user_coupon,uid,10
0009,LKUS_grant_new_user_coupon,phone,10
0009,LKUS_grant_new_user_coupon,extend,10
0009,LKUS_grant_new_user_coupon,tenant,10
0009,LKUS_grant_new_user_coupon,userNo,10
0009,LKUS_grant_new_user_coupon,sceneId,10
0009,LKUS_grant_new_user_coupon,version,10
0009,LKUS_grant_new_user_coupon,uniqueKey,10
0009,LKUS_grant_new_user_coupon,userAgent,10
0009,LKUS_grant_new_user_coupon,countryCode,10
0009,LKUS_grant_new_user_coupon,reviewRepeat,10
0009,LKUS_grant_new_user_coupon,cidOriginEnum,10
0009,LKUS_grant_new_user_coupon,recaptchaV3Token,10
0009,LKUS_grant_new_user_coupon,recaptchaV3Action,10
0009,LKUS_grant_new_user_coupon,recaptchaV3Enabled,10
0009,LKUS_register,ip,5
0009,LKUS_register,app,4
0009,LKUS_register,cid,5
0009,LKUS_register,uid,5
0009,LKUS_register,phone,5
0009,LKUS_register,tenant,5
0009,LKUS_register,version,5
0009,LKUS_register,uniqueKey,5
0009,LKUS_register,userAgent,5
0009,LKUS_register,countryCode,5
0009,LKUS_register,reviewRepeat,5
0009,LKUS_register,cidOriginEnum,5
0009,LKUS_register,recaptchaV3Token,5
0009,LKUS_register,recaptchaV3Action,5
0009,LKUS_register,recaptchaV3Enabled,5
0009,LKUS_captcha,ip,1
0009,LKUS_captcha,cid,1
0009,LKUS_captcha,uid,1
0009,LKUS_captcha,event,1
0009,LKUS_captcha,phone,1
0009,LKUS_captcha,tenant,1
0009,LKUS_captcha,isGuest,1
0009,LKUS_captcha,version,1
0009,LKUS_captcha,uniqueKey,1
0009,LKUS_captcha,userAgent,1
0009,LKUS_captcha,countryCode,1
0009,LKUS_captcha,reviewRepeat,1
0009,LKUS_captcha,cidOriginEnum,1
0009,LKUS_captcha,verifyCodeType,1
0009,LKUS_captcha,recaptchaV3Token,1
0009,LKUS_captcha,verifyCodeParams,1
0009,LKUS_captcha,recaptchaV3Action,1
0009,LKUS_physical_order_create,ip,37
0009,LKUS_physical_order_create,cid,37
0009,LKUS_physical_order_create,did,8
0009,LKUS_physical_order_create,uid,37
0009,LKUS_physical_order_create,shopId,37
0009,LKUS_physical_order_create,tenant,37
0009,LKUS_physical_order_create,userNo,37
0009,LKUS_physical_order_create,isGuest,37
0009,LKUS_physical_order_create,version,37
0009,LKUS_physical_order_create,blackBox,8
0009,LKUS_physical_order_create,deviceId,8
0009,LKUS_physical_order_create,orderType,37
0009,LKUS_physical_order_create,taxAmount,37
0009,LKUS_physical_order_create,uniqueKey,37
0009,LKUS_physical_order_create,userAgent,37
0009,LKUS_physical_order_create,couponList,37
0009,LKUS_physical_order_create,orderPrice,36
0009,LKUS_physical_order_create,countryCode,37
0009,LKUS_physical_order_create,shopAddress,37
0009,LKUS_physical_order_create,shopCityName,37
0009,LKUS_physical_order_create,shopLatitude,37
0009,LKUS_physical_order_create,cidOriginEnum,37
0009,LKUS_physical_order_create,isTaxRequired,37
0009,LKUS_physical_order_create,orderProducts,37
0009,LKUS_physical_order_create,productAmount,37
0009,LKUS_physical_order_create,shopLongitude,37
0009,LKUS_physical_order_create,coffeeStoreList,37
0009,LKUS_physical_order_create,packageOrderProducts,37
0009,LKUS_payment,ip,41
0009,LKUS_payment,cid,41
0009,LKUS_payment,uid,41
0009,LKUS_payment,shopId,41
0009,LKUS_payment,tenant,41
0009,LKUS_payment,userNo,41
0009,LKUS_payment,isGuest,41
0009,LKUS_payment,orderNo,41
0009,LKUS_payment,payType,41
0009,LKUS_payment,version,41
0009,LKUS_payment,payMoney,41
0009,LKUS_payment,orderType,41
0009,LKUS_payment,taxAmount,41
0009,LKUS_payment,uniqueKey,41
0009,LKUS_payment,userAgent,41
0009,LKUS_payment,orderPrice,41
0009,LKUS_payment,cidOriginEnum,41
0009,LKUS_payment,isTaxRequired,41
0009,LKUS_payment,orderProducts,41
0009,LKUS_payment,packageOrderProducts,41
0009,LKUS_physical_order_create,app,26
0009,LKUS_physical_order_create,phone,29
0009,LKUS_physical_order_create,latitude,29
0009,LKUS_physical_order_create,longitude,29
0009,LKUS_physical_order_create,reviewRepeat,28
0009,LKUS_physical_order_create,recaptchaV3Token,28
0009,LKUS_physical_order_create,recaptchaV3Action,28
0009,LKUS_physical_order_create,recaptchaV3Enabled,28
0009,LKUS_payment,app,26
0009,LKUS_payment,phone,29
0009,LKUS_payment,countryCode,29
0009,LKUS_payment,reviewRepeat,28
0009,LKUS_payment,recaptchaV3Token,28
0009,LKUS_payment,recaptchaV3Action,28
0009,LKUS_payment,recaptchaV3Enabled,28
0009,LKUS_push,email,3
0009,LKUS_push,userNo,3
0010,LKUS_push,ip,52
0010,LKUS_push,app,49
0010,LKUS_push,cid,52
0010,LKUS_push,uid,52
0010,LKUS_push,phone,52
0010,LKUS_push,tenant,52
0010,LKUS_push,version,52
0010,LKUS_push,uniqueKey,52
0010,LKUS_push,userAgent,52
0010,LKUS_push,countryCode,52
0010,LKUS_push,reviewRepeat,50
0010,LKUS_push,cidOriginEnum,52
0010,LKUS_push,recaptchaV3Token,50
0010,LKUS_push,recaptchaV3Action,50
0010,LKUS_push,recaptchaV3Enabled,50
0010,LKUS_register,ip,5
0010,LKUS_register,app,4
0010,LKUS_register,cid,5
0010,LKUS_register,uid,5
0010,LKUS_register,phone,5
0010,LKUS_register,tenant,5
0010,LKUS_register,version,5
0010,LKUS_register,uniqueKey,5
0010,LKUS_register,userAgent,5
0010,LKUS_register,countryCode,5
0010,LKUS_register,reviewRepeat,5
0010,LKUS_register,cidOriginEnum,5
0010,LKUS_register,recaptchaV3Token,5
0010,LKUS_register,recaptchaV3Action,5
0010,LKUS_register,recaptchaV3Enabled,5
0010,LKUS_physical_order_create,ip,48
0010,LKUS_physical_order_create,app,36
0010,LKUS_physical_order_create,cid,48
0010,LKUS_physical_order_create,uid,48
0010,LKUS_physical_order_create,phone,37
0010,LKUS_physical_order_create,shopId,48
0010,LKUS_physical_order_create,tenant,48
0010,LKUS_physical_order_create,userNo,48
0010,LKUS_physical_order_create,isGuest,48
0010,LKUS_physical_order_create,version,48
0010,LKUS_physical_order_create,latitude,38
0010,LKUS_physical_order_create,longitude,38
0010,LKUS_physical_order_create,orderType,48
0010,LKUS_physical_order_create,taxAmount,48
0010,LKUS_physical_order_create,uniqueKey,48
0010,LKUS_physical_order_create,userAgent,48
0010,LKUS_physical_order_create,couponList,48
0010,LKUS_physical_order_create,countryCode,48
0010,LKUS_physical_order_create,shopAddress,48
0010,LKUS_physical_order_create,reviewRepeat,37
0010,LKUS_physical_order_create,shopCityName,48
0010,LKUS_physical_order_create,shopLatitude,48
0010,LKUS_physical_order_create,cidOriginEnum,48
0010,LKUS_physical_order_create,isTaxRequired,48
0010,LKUS_physical_order_create,orderProducts,48
0010,LKUS_physical_order_create,productAmount,48
0010,LKUS_physical_order_create,shopLongitude,48
0010,LKUS_physical_order_create,coffeeStoreList,48
0010,LKUS_physical_order_create,recaptchaV3Token,37
0010,LKUS_physical_order_create,recaptchaV3Action,37
0010,LKUS_physical_order_create,recaptchaV3Enabled,37
0010,LKUS_physical_order_create,packageOrderProducts,48
0010,LKUS_payment,ip,52
0010,LKUS_payment,app,39
0010,LKUS_payment,cid,52
0010,LKUS_payment,uid,52
0010,LKUS_payment,phone,40
0010,LKUS_payment,shopId,52
0010,LKUS_payment,tenant,52
0010,LKUS_payment,userNo,52
0010,LKUS_payment,isGuest,52
0010,LKUS_payment,orderNo,52
0010,LKUS_payment,payType,52
0010,LKUS_payment,version,52
0010,LKUS_payment,payMoney,52
0010,LKUS_payment,orderType,52
0010,LKUS_payment,taxAmount,52
0010,LKUS_payment,uniqueKey,52
0010,LKUS_payment,userAgent,52
0010,LKUS_payment,orderPrice,52
0010,LKUS_payment,countryCode,40
0010,LKUS_payment,reviewRepeat,40
0010,LKUS_payment,cidOriginEnum,52
0010,LKUS_payment,isTaxRequired,52
0010,LKUS_payment,orderProducts,52
0010,LKUS_payment,recaptchaV3Token,40
0010,LKUS_payment,recaptchaV3Action,40
0010,LKUS_payment,recaptchaV3Enabled,40
0010,LKUS_payment,packageOrderProducts,52
0010,LKUS_physical_order_create,orderPrice,47
0010,LKUS_physical_order_create,packagingBagPrice,4
0010,LKUS_physical_order_create,packagingBagNumber,4
0010,LKUS_payment,packagingBagPrice,4
0010,LKUS_payment,packagingBagNumber,4
0010,LKUS_physical_order_create,did,10
0010,LKUS_physical_order_create,blackBox,10
0010,LKUS_physical_order_create,deviceId,10
0010,LKUS_login,ip,9
0010,LKUS_login,app,8
0010,LKUS_login,cid,9
0010,LKUS_login,uid,9
0010,LKUS_login,phone,9
0010,LKUS_login,tenant,9
0010,LKUS_login,userNo,9
0010,LKUS_login,version,9
0010,LKUS_login,uniqueKey,9
0010,LKUS_login,userAgent,9
0010,LKUS_login,countryCode,9
0010,LKUS_login,reviewRepeat,9
0010,LKUS_login,cidOriginEnum,9
0010,LKUS_login,recaptchaV3Token,9
0010,LKUS_login,recaptchaV3Action,9
0010,LKUS_login,recaptchaV3Enabled,9
0010,LKUS_grant_new_user_coupon,ip,4
0010,LKUS_grant_new_user_coupon,app,3
0010,LKUS_grant_new_user_coupon,cid,4
0010,LKUS_grant_new_user_coupon,uid,4
0010,LKUS_grant_new_user_coupon,phone,4
0010,LKUS_grant_new_user_coupon,extend,4
0010,LKUS_grant_new_user_coupon,tenant,4
0010,LKUS_grant_new_user_coupon,userNo,4
0010,LKUS_grant_new_user_coupon,sceneId,4
0010,LKUS_grant_new_user_coupon,version,4
0010,LKUS_grant_new_user_coupon,uniqueKey,4
0010,LKUS_grant_new_user_coupon,userAgent,4
0010,LKUS_grant_new_user_coupon,countryCode,4
0010,LKUS_grant_new_user_coupon,reviewRepeat,4
0010,LKUS_grant_new_user_coupon,cidOriginEnum,4
0010,LKUS_grant_new_user_coupon,recaptchaV3Token,4
0010,LKUS_grant_new_user_coupon,recaptchaV3Action,4
0010,LKUS_grant_new_user_coupon,recaptchaV3Enabled,4
0010,LKUS_physical_order_cancel,ip,1
0010,LKUS_physical_order_cancel,app,1
0010,LKUS_physical_order_cancel,cid,1
0010,LKUS_physical_order_cancel,uid,1
0010,LKUS_physical_order_cancel,phone,1
0010,LKUS_physical_order_cancel,shopId,1
0010,LKUS_physical_order_cancel,tenant,1
0010,LKUS_physical_order_cancel,userNo,1
0010,LKUS_physical_order_cancel,isGuest,1
0010,LKUS_physical_order_cancel,orderNo,1
0010,LKUS_physical_order_cancel,version,1
0010,LKUS_physical_order_cancel,shopCity,1
0010,LKUS_physical_order_cancel,uniqueKey,1
0010,LKUS_physical_order_cancel,userAgent,1
0010,LKUS_physical_order_cancel,countryCode,1
0010,LKUS_physical_order_cancel,totalOfMade,1
0010,LKUS_physical_order_cancel,reviewRepeat,1
0010,LKUS_physical_order_cancel,cidOriginEnum,1
0010,LKUS_physical_order_cancel,cancelTypeEnum,1
0010,LKUS_physical_order_cancel,recaptchaV3Token,1
0010,LKUS_physical_order_cancel,recaptchaV3Action,1
0010,LKUS_physical_order_cancel,recaptchaV3Enabled,1
0011,LKUS_login,ip,11
0011,LKUS_login,cid,11
0011,LKUS_login,uid,11
0011,LKUS_login,phone,11
0011,LKUS_login,tenant,11
0011,LKUS_login,userNo,11
0011,LKUS_login,version,11
0011,LKUS_login,uniqueKey,11
0011,LKUS_login,userAgent,11
0011,LKUS_login,countryCode,11
0011,LKUS_login,reviewRepeat,10
0011,LKUS_login,cidOriginEnum,11
0011,LKUS_login,recaptchaV3Token,10
0011,LKUS_login,recaptchaV3Action,10
0011,LKUS_login,recaptchaV3Enabled,10
0011,LKUS_push,ip,42
0011,LKUS_push,app,40
0011,LKUS_push,cid,42
0011,LKUS_push,uid,42
0011,LKUS_push,phone,42
0011,LKUS_push,tenant,42
0011,LKUS_push,version,42
0011,LKUS_push,uniqueKey,42
0011,LKUS_push,userAgent,42
0011,LKUS_push,countryCode,42
0011,LKUS_push,reviewRepeat,40
0011,LKUS_push,cidOriginEnum,42
0011,LKUS_push,recaptchaV3Token,40
0011,LKUS_push,recaptchaV3Action,40
0011,LKUS_push,recaptchaV3Enabled,40
0011,LKUS_register,ip,5
0011,LKUS_register,app,5
0011,LKUS_register,cid,5
0011,LKUS_register,uid,5
0011,LKUS_register,phone,5
0011,LKUS_register,tenant,5
0011,LKUS_register,version,5
0011,LKUS_register,uniqueKey,5
0011,LKUS_register,userAgent,5
0011,LKUS_register,countryCode,5
0011,LKUS_register,reviewRepeat,5
0011,LKUS_register,cidOriginEnum,5
0011,LKUS_register,recaptchaV3Token,5
0011,LKUS_register,recaptchaV3Action,5
0011,LKUS_register,recaptchaV3Enabled,5
0011,LKUS_physical_order_create,ip,44
0011,LKUS_physical_order_create,cid,44
0011,LKUS_physical_order_create,uid,44
0011,LKUS_physical_order_create,phone,36
0011,LKUS_physical_order_create,shopId,44
0011,LKUS_physical_order_create,tenant,44
0011,LKUS_physical_order_create,userNo,44
0011,LKUS_physical_order_create,isGuest,44
0011,LKUS_physical_order_create,version,44
0011,LKUS_physical_order_create,latitude,36
0011,LKUS_physical_order_create,longitude,36
0011,LKUS_physical_order_create,orderType,44
0011,LKUS_physical_order_create,taxAmount,44
0011,LKUS_physical_order_create,uniqueKey,44
0011,LKUS_physical_order_create,userAgent,44
0011,LKUS_physical_order_create,couponList,44
0011,LKUS_physical_order_create,orderPrice,44
0011,LKUS_physical_order_create,countryCode,44
0011,LKUS_physical_order_create,shopAddress,44
0011,LKUS_physical_order_create,reviewRepeat,35
0011,LKUS_physical_order_create,shopCityName,44
0011,LKUS_physical_order_create,shopLatitude,44
0011,LKUS_physical_order_create,cidOriginEnum,44
0011,LKUS_physical_order_create,isTaxRequired,44
0011,LKUS_physical_order_create,orderProducts,44
0011,LKUS_physical_order_create,productAmount,44
0011,LKUS_physical_order_create,shopLongitude,44
0011,LKUS_physical_order_create,coffeeStoreList,44
0011,LKUS_physical_order_create,recaptchaV3Token,35
0011,LKUS_physical_order_create,recaptchaV3Action,35
0011,LKUS_physical_order_create,recaptchaV3Enabled,35
0011,LKUS_physical_order_create,packageOrderProducts,44
0011,LKUS_payment,ip,48
0011,LKUS_payment,cid,48
0011,LKUS_payment,uid,48
0011,LKUS_payment,phone,35
0011,LKUS_payment,shopId,48
0011,LKUS_payment,tenant,48
0011,LKUS_payment,userNo,48
0011,LKUS_payment,isGuest,48
0011,LKUS_payment,orderNo,48
0011,LKUS_payment,payType,48
0011,LKUS_payment,version,48
0011,LKUS_payment,payMoney,48
0011,LKUS_payment,orderType,48
0011,LKUS_payment,taxAmount,48
0011,LKUS_payment,uniqueKey,48
0011,LKUS_payment,userAgent,48
0011,LKUS_payment,orderPrice,48
0011,LKUS_payment,countryCode,35
0011,LKUS_payment,reviewRepeat,34
0011,LKUS_payment,cidOriginEnum,48
0011,LKUS_payment,isTaxRequired,48
0011,LKUS_payment,orderProducts,48
0011,LKUS_payment,recaptchaV3Enabled,34
0011,LKUS_payment,packageOrderProducts,48
0011,LKUS_physical_order_create,app,33
0011,LKUS_payment,app,32
0011,LKUS_payment,recaptchaV3Token,33
0011,LKUS_payment,recaptchaV3Action,33
0011,LKUS_physical_order_create,did,8
0011,LKUS_physical_order_create,blackBox,8
0011,LKUS_physical_order_create,deviceId,8
0011,LKUS_payment,packagingBagPrice,3
0011,LKUS_payment,packagingBagNumber,3
0011,LKUS_physical_order_create,packagingBagPrice,3
0011,LKUS_physical_order_create,packagingBagNumber,3
0011,LKUS_login,app,9
0011,LKUS_grant_new_user_coupon,ip,7
0011,LKUS_grant_new_user_coupon,app,7
0011,LKUS_grant_new_user_coupon,cid,7
0011,LKUS_grant_new_user_coupon,uid,7
0011,LKUS_grant_new_user_coupon,phone,7
0011,LKUS_grant_new_user_coupon,extend,7
0011,LKUS_grant_new_user_coupon,tenant,7
0011,LKUS_grant_new_user_coupon,userNo,7
0011,LKUS_grant_new_user_coupon,sceneId,7
0011,LKUS_grant_new_user_coupon,version,7
0011,LKUS_grant_new_user_coupon,uniqueKey,7
0011,LKUS_grant_new_user_coupon,userAgent,7
0011,LKUS_grant_new_user_coupon,countryCode,7
0011,LKUS_grant_new_user_coupon,reviewRepeat,7
0011,LKUS_grant_new_user_coupon,cidOriginEnum,7
0011,LKUS_grant_new_user_coupon,recaptchaV3Token,7
0011,LKUS_grant_new_user_coupon,recaptchaV3Action,7
0011,LKUS_grant_new_user_coupon,recaptchaV3Enabled,7
0011,LKUS_physical_order_cancel,ip,1
0011,LKUS_physical_order_cancel,app,1
0011,LKUS_physical_order_cancel,cid,1
0011,LKUS_physical_order_cancel,uid,1
0011,LKUS_physical_order_cancel,phone,1
0011,LKUS_physical_order_cancel,shopId,1
0011,LKUS_physical_order_cancel,tenant,1
0011,LKUS_physical_order_cancel,userNo,1
0011,LKUS_physical_order_cancel,isGuest,1
0011,LKUS_physical_order_cancel,orderNo,1
0011,LKUS_physical_order_cancel,version,1
0011,LKUS_physical_order_cancel,shopCity,1
0011,LKUS_physical_order_cancel,uniqueKey,1
0011,LKUS_physical_order_cancel,userAgent,1
0011,LKUS_physical_order_cancel,countryCode,1
0011,LKUS_physical_order_cancel,totalOfMade,1
0011,LKUS_physical_order_cancel,reviewRepeat,1
0011,LKUS_physical_order_cancel,cidOriginEnum,1
0011,LKUS_physical_order_cancel,cancelTypeEnum,1
0011,LKUS_physical_order_cancel,recaptchaV3Token,1
0011,LKUS_physical_order_cancel,recaptchaV3Action,1
0011,LKUS_physical_order_cancel,recaptchaV3Enabled,1
0012,LKUS_push,ip,47
0012,LKUS_push,app,42
0012,LKUS_push,cid,47
0012,LKUS_push,uid,47
0012,LKUS_push,phone,47
0012,LKUS_push,tenant,47
0012,LKUS_push,version,47
0012,LKUS_push,uniqueKey,47
0012,LKUS_push,userAgent,47
0012,LKUS_push,countryCode,47
0012,LKUS_push,reviewRepeat,45
0012,LKUS_push,cidOriginEnum,47
0012,LKUS_push,recaptchaV3Token,45
0012,LKUS_push,recaptchaV3Action,45
0012,LKUS_push,recaptchaV3Enabled,45
0012,LKUS_login,ip,13
0012,LKUS_login,app,7
0012,LKUS_login,cid,13
0012,LKUS_login,uid,13
0012,LKUS_login,phone,13
0012,LKUS_login,tenant,13
0012,LKUS_login,userNo,13
0012,LKUS_login,version,13
0012,LKUS_login,uniqueKey,13
0012,LKUS_login,userAgent,13
0012,LKUS_login,countryCode,13
0012,LKUS_login,reviewRepeat,8
0012,LKUS_login,cidOriginEnum,13
0012,LKUS_login,recaptchaV3Token,8
0012,LKUS_login,recaptchaV3Action,8
0012,LKUS_login,recaptchaV3Enabled,8
0012,LKUS_physical_order_create,ip,41
0012,LKUS_physical_order_create,app,29
0012,LKUS_physical_order_create,cid,41
0012,LKUS_physical_order_create,uid,41
0012,LKUS_physical_order_create,phone,34
0012,LKUS_physical_order_create,shopId,41
0012,LKUS_physical_order_create,tenant,41
0012,LKUS_physical_order_create,userNo,41
0012,LKUS_physical_order_create,isGuest,41
0012,LKUS_physical_order_create,version,41
0012,LKUS_physical_order_create,latitude,29
0012,LKUS_physical_order_create,longitude,29
0012,LKUS_physical_order_create,orderType,41
0012,LKUS_physical_order_create,taxAmount,41
0012,LKUS_physical_order_create,uniqueKey,41
0012,LKUS_physical_order_create,userAgent,41
0012,LKUS_physical_order_create,couponList,41
0012,LKUS_physical_order_create,orderPrice,40
0012,LKUS_physical_order_create,countryCode,41
0012,LKUS_physical_order_create,shopAddress,41
0012,LKUS_physical_order_create,reviewRepeat,27
0012,LKUS_physical_order_create,shopCityName,41
0012,LKUS_physical_order_create,shopLatitude,41
0012,LKUS_physical_order_create,cidOriginEnum,41
0012,LKUS_physical_order_create,isTaxRequired,41
0012,LKUS_physical_order_create,orderProducts,41
0012,LKUS_physical_order_create,productAmount,41
0012,LKUS_physical_order_create,shopLongitude,41
0012,LKUS_physical_order_create,coffeeStoreList,41
0012,LKUS_physical_order_create,recaptchaV3Token,27
0012,LKUS_physical_order_create,recaptchaV3Action,27
0012,LKUS_physical_order_create,recaptchaV3Enabled,27
0012,LKUS_physical_order_create,packageOrderProducts,41
0012,LKUS_payment,ip,41
0012,LKUS_payment,app,30
0012,LKUS_payment,cid,41
0012,LKUS_payment,uid,41
0012,LKUS_payment,phone,34
0012,LKUS_payment,shopId,41
0012,LKUS_payment,tenant,41
0012,LKUS_payment,userNo,41
0012,LKUS_payment,isGuest,41
0012,LKUS_payment,orderNo,41
0012,LKUS_payment,payType,41
0012,LKUS_payment,version,41
0012,LKUS_payment,payMoney,41
0012,LKUS_payment,orderType,41
0012,LKUS_payment,taxAmount,41
0012,LKUS_payment,uniqueKey,41
0012,LKUS_payment,userAgent,41
0012,LKUS_payment,orderPrice,41
0012,LKUS_payment,countryCode,34
0012,LKUS_payment,reviewRepeat,28
0012,LKUS_payment,cidOriginEnum,41
0012,LKUS_payment,isTaxRequired,41
0012,LKUS_payment,orderProducts,41
0012,LKUS_payment,recaptchaV3Token,28
0012,LKUS_payment,recaptchaV3Action,28
0012,LKUS_payment,recaptchaV3Enabled,28
0012,LKUS_payment,packageOrderProducts,41
0012,LKUS_payment,packagingBagPrice,4
0012,LKUS_payment,packagingBagNumber,4
0012,LKUS_physical_order_create,did,12
0012,LKUS_physical_order_create,blackBox,12
0012,LKUS_physical_order_create,deviceId,12
0012,LKUS_physical_order_create,packagingBagPrice,4
0012,LKUS_physical_order_create,packagingBagNumber,4
0012,LKUS_grant_new_user_coupon,ip,4
0012,LKUS_grant_new_user_coupon,cid,4
0012,LKUS_grant_new_user_coupon,uid,4
0012,LKUS_grant_new_user_coupon,phone,4
0012,LKUS_grant_new_user_coupon,extend,4
0012,LKUS_grant_new_user_coupon,tenant,4
0012,LKUS_grant_new_user_coupon,userNo,4
0012,LKUS_grant_new_user_coupon,sceneId,4
0012,LKUS_grant_new_user_coupon,version,4
0012,LKUS_grant_new_user_coupon,uniqueKey,4
0012,LKUS_grant_new_user_coupon,userAgent,4
0012,LKUS_grant_new_user_coupon,countryCode,4
0012,LKUS_grant_new_user_coupon,reviewRepeat,4
0012,LKUS_grant_new_user_coupon,cidOriginEnum,4
0012,LKUS_grant_new_user_coupon,recaptchaV3Token,4
0012,LKUS_grant_new_user_coupon,recaptchaV3Action,4
0012,LKUS_grant_new_user_coupon,recaptchaV3Enabled,4
0012,LKUS_register,ip,7
0012,LKUS_register,app,6
0012,LKUS_register,cid,7
0012,LKUS_register,uid,7
0012,LKUS_register,phone,7
0012,LKUS_register,tenant,7
0012,LKUS_register,version,7
0012,LKUS_register,uniqueKey,7
0012,LKUS_register,userAgent,7
0012,LKUS_register,countryCode,7
0012,LKUS_register,reviewRepeat,6
0012,LKUS_register,cidOriginEnum,7
0012,LKUS_register,recaptchaV3Token,6
0012,LKUS_register,recaptchaV3Action,6
0012,LKUS_register,recaptchaV3Enabled,6
0012,LKUS_push,userNo,4
0012,LKUS_grant_new_user_coupon,app,2
0012,LKUS_physical_order_cancel,ip,1
0012,LKUS_physical_order_cancel,app,1
0012,LKUS_physical_order_cancel,cid,1
0012,LKUS_physical_order_cancel,uid,1
0012,LKUS_physical_order_cancel,phone,1
0012,LKUS_physical_order_cancel,shopId,1
0012,LKUS_physical_order_cancel,tenant,1
0012,LKUS_physical_order_cancel,userNo,1
0012,LKUS_physical_order_cancel,isGuest,1
0012,LKUS_physical_order_cancel,orderNo,1
0012,LKUS_physical_order_cancel,version,1
0012,LKUS_physical_order_cancel,shopCity,1
0012,LKUS_physical_order_cancel,uniqueKey,1
0012,LKUS_physical_order_cancel,userAgent,1
0012,LKUS_physical_order_cancel,countryCode,1
0012,LKUS_physical_order_cancel,totalOfMade,1
0012,LKUS_physical_order_cancel,reviewRepeat,1
0012,LKUS_physical_order_cancel,cidOriginEnum,1
0012,LKUS_physical_order_cancel,cancelTypeEnum,1
0012,LKUS_physical_order_cancel,recaptchaV3Token,1
0012,LKUS_physical_order_cancel,recaptchaV3Action,1
0012,LKUS_physical_order_cancel,recaptchaV3Enabled,1
0013,LKUS_push,ip,32
0013,LKUS_push,app,29
0013,LKUS_push,cid,32
0013,LKUS_push,uid,32
0013,LKUS_push,phone,32
0013,LKUS_push,tenant,32
0013,LKUS_push,version,32
0013,LKUS_push,uniqueKey,32
0013,LKUS_push,userAgent,32
0013,LKUS_push,countryCode,32
0013,LKUS_push,reviewRepeat,31
0013,LKUS_push,cidOriginEnum,32
0013,LKUS_push,recaptchaV3Token,31
0013,LKUS_push,recaptchaV3Action,31
0013,LKUS_push,recaptchaV3Enabled,31
0013,LKUS_physical_order_create,ip,60
0013,LKUS_physical_order_create,app,49
0013,LKUS_physical_order_create,cid,60
0013,LKUS_physical_order_create,uid,60
0013,LKUS_physical_order_create,phone,51
0013,LKUS_physical_order_create,shopId,60
0013,LKUS_physical_order_create,tenant,60
0013,LKUS_physical_order_create,userNo,60
0013,LKUS_physical_order_create,isGuest,60
0013,LKUS_physical_order_create,version,60
0013,LKUS_physical_order_create,latitude,50
0013,LKUS_physical_order_create,longitude,50
0013,LKUS_physical_order_create,orderType,60
0013,LKUS_physical_order_create,taxAmount,60
0013,LKUS_physical_order_create,uniqueKey,60
0013,LKUS_physical_order_create,userAgent,60
0013,LKUS_physical_order_create,couponList,60
0013,LKUS_physical_order_create,orderPrice,59
0013,LKUS_physical_order_create,countryCode,60
0013,LKUS_physical_order_create,shopAddress,60
0013,LKUS_physical_order_create,reviewRepeat,48
0013,LKUS_physical_order_create,shopCityName,60
0013,LKUS_physical_order_create,shopLatitude,60
0013,LKUS_physical_order_create,cidOriginEnum,60
0013,LKUS_physical_order_create,isTaxRequired,60
0013,LKUS_physical_order_create,orderProducts,60
0013,LKUS_physical_order_create,productAmount,60
0013,LKUS_physical_order_create,shopLongitude,60
0013,LKUS_physical_order_create,coffeeStoreList,60
0013,LKUS_physical_order_create,recaptchaV3Token,48
0013,LKUS_physical_order_create,recaptchaV3Action,48
0013,LKUS_physical_order_create,recaptchaV3Enabled,48
0013,LKUS_physical_order_create,packageOrderProducts,60
0013,LKUS_payment,ip,65
0013,LKUS_payment,app,51
0013,LKUS_payment,cid,65
0013,LKUS_payment,uid,65
0013,LKUS_payment,phone,53
0013,LKUS_payment,shopId,65
0013,LKUS_payment,tenant,65
0013,LKUS_payment,userNo,65
0013,LKUS_payment,isGuest,65
0013,LKUS_payment,orderNo,65
0013,LKUS_payment,payType,65
0013,LKUS_payment,version,65
0013,LKUS_payment,payMoney,65
0013,LKUS_payment,orderType,65
0013,LKUS_payment,taxAmount,65
0013,LKUS_payment,uniqueKey,65
0013,LKUS_payment,userAgent,65
0013,LKUS_payment,orderPrice,65
0013,LKUS_payment,countryCode,53
0013,LKUS_payment,reviewRepeat,50
0013,LKUS_payment,cidOriginEnum,65
0013,LKUS_payment,isTaxRequired,65
0013,LKUS_payment,orderProducts,65
0013,LKUS_payment,recaptchaV3Token,50
0013,LKUS_payment,recaptchaV3Action,50
0013,LKUS_payment,recaptchaV3Enabled,50
0013,LKUS_payment,packageOrderProducts,65
0013,LKUS_physical_order_create,did,10
0013,LKUS_physical_order_create,blackBox,10
0013,LKUS_physical_order_create,deviceId,10
0013,LKUS_register,ip,8
0013,LKUS_register,app,6
0013,LKUS_register,cid,8
0013,LKUS_register,uid,8
0013,LKUS_register,phone,8
0013,LKUS_register,tenant,8
0013,LKUS_register,version,8
0013,LKUS_register,uniqueKey,8
0013,LKUS_register,userAgent,8
0013,LKUS_register,countryCode,8
0013,LKUS_register,reviewRepeat,7
0013,LKUS_register,cidOriginEnum,8
0013,LKUS_register,recaptchaV3Token,7
0013,LKUS_register,recaptchaV3Action,7
0013,LKUS_register,recaptchaV3Enabled,7
0013,LKUS_push,userNo,1
0013,LKUS_login,ip,10
0013,LKUS_login,cid,10
0013,LKUS_login,uid,10
0013,LKUS_login,phone,10
0013,LKUS_login,tenant,10
0013,LKUS_login,userNo,10
0013,LKUS_login,version,10
0013,LKUS_login,uniqueKey,10
0013,LKUS_login,userAgent,10
0013,LKUS_login,countryCode,10
0013,LKUS_login,cidOriginEnum,10
0013,LKUS_login,app,7
0013,LKUS_login,reviewRepeat,8
0013,LKUS_login,recaptchaV3Token,8
0013,LKUS_login,recaptchaV3Action,8
0013,LKUS_login,recaptchaV3Enabled,8
0013,LKUS_physical_order_create,packagingBagPrice,3
0013,LKUS_physical_order_create,packagingBagNumber,3
0013,LKUS_payment,packagingBagPrice,3
0013,LKUS_payment,packagingBagNumber,3
0013,LKUS_grant_new_user_coupon,ip,5
0013,LKUS_grant_new_user_coupon,app,4
0013,LKUS_grant_new_user_coupon,cid,5
0013,LKUS_grant_new_user_coupon,uid,5
0013,LKUS_grant_new_user_coupon,phone,5
0013,LKUS_grant_new_user_coupon,extend,5
0013,LKUS_grant_new_user_coupon,tenant,5
0013,LKUS_grant_new_user_coupon,userNo,5
0013,LKUS_grant_new_user_coupon,sceneId,5
0013,LKUS_grant_new_user_coupon,version,5
0013,LKUS_grant_new_user_coupon,uniqueKey,5
0013,LKUS_grant_new_user_coupon,userAgent,5
0013,LKUS_grant_new_user_coupon,countryCode,5
0013,LKUS_grant_new_user_coupon,reviewRepeat,5
0013,LKUS_grant_new_user_coupon,cidOriginEnum,5
0013,LKUS_grant_new_user_coupon,recaptchaV3Token,5
0013,LKUS_grant_new_user_coupon,recaptchaV3Action,5
0013,LKUS_grant_new_user_coupon,recaptchaV3Enabled,5
0014,LKUS_push,ip,32
0014,LKUS_push,app,27
0014,LKUS_push,cid,32
0014,LKUS_push,uid,32
0014,LKUS_push,phone,32
0014,LKUS_push,tenant,32
0014,LKUS_push,version,32
0014,LKUS_push,uniqueKey,32
0014,LKUS_push,userAgent,32
0014,LKUS_push,countryCode,32
0014,LKUS_push,reviewRepeat,30
0014,LKUS_push,cidOriginEnum,32
0014,LKUS_push,recaptchaV3Token,30
0014,LKUS_push,recaptchaV3Action,30
0014,LKUS_push,recaptchaV3Enabled,30
0014,LKUS_register,ip,9
0014,LKUS_register,app,6
0014,LKUS_register,cid,9
0014,LKUS_register,uid,9
0014,LKUS_register,phone,9
0014,LKUS_register,tenant,9
0014,LKUS_register,version,9
0014,LKUS_register,uniqueKey,9
0014,LKUS_register,userAgent,9
0014,LKUS_register,countryCode,9
0014,LKUS_register,reviewRepeat,8
0014,LKUS_register,cidOriginEnum,9
0014,LKUS_register,recaptchaV3Token,8
0014,LKUS_register,recaptchaV3Action,8
0014,LKUS_register,recaptchaV3Enabled,8
0014,LKUS_login,ip,15
0014,LKUS_login,app,12
0014,LKUS_login,cid,15
0014,LKUS_login,uid,15
0014,LKUS_login,phone,15
0014,LKUS_login,tenant,15
0014,LKUS_login,userNo,15
0014,LKUS_login,version,15
0014,LKUS_login,uniqueKey,15
0014,LKUS_login,userAgent,15
0014,LKUS_login,countryCode,15
0014,LKUS_login,reviewRepeat,15
0014,LKUS_login,cidOriginEnum,15
0014,LKUS_login,recaptchaV3Token,15
0014,LKUS_login,recaptchaV3Action,15
0014,LKUS_login,recaptchaV3Enabled,15
0014,LKUS_grant_new_user_coupon,ip,5
0014,LKUS_grant_new_user_coupon,app,4
0014,LKUS_grant_new_user_coupon,cid,5
0014,LKUS_grant_new_user_coupon,uid,5
0014,LKUS_grant_new_user_coupon,phone,5
0014,LKUS_grant_new_user_coupon,extend,5
0014,LKUS_grant_new_user_coupon,tenant,5
0014,LKUS_grant_new_user_coupon,userNo,5
0014,LKUS_grant_new_user_coupon,sceneId,5
0014,LKUS_grant_new_user_coupon,version,5
0014,LKUS_grant_new_user_coupon,uniqueKey,5
0014,LKUS_grant_new_user_coupon,userAgent,5
0014,LKUS_grant_new_user_coupon,countryCode,5
0014,LKUS_grant_new_user_coupon,reviewRepeat,5
0014,LKUS_grant_new_user_coupon,cidOriginEnum,5
0014,LKUS_grant_new_user_coupon,recaptchaV3Token,5
0014,LKUS_grant_new_user_coupon,recaptchaV3Action,5
0014,LKUS_grant_new_user_coupon,recaptchaV3Enabled,5
0014,LKUS_physical_order_create,ip,44
0014,LKUS_physical_order_create,app,35
0014,LKUS_physical_order_create,cid,44
0014,LKUS_physical_order_create,uid,44
0014,LKUS_physical_order_create,phone,35
0014,LKUS_physical_order_create,shopId,44
0014,LKUS_physical_order_create,tenant,44
0014,LKUS_physical_order_create,userNo,44
0014,LKUS_physical_order_create,isGuest,44
0014,LKUS_physical_order_create,version,44
0014,LKUS_physical_order_create,latitude,35
0014,LKUS_physical_order_create,longitude,35
0014,LKUS_physical_order_create,orderType,44
0014,LKUS_physical_order_create,taxAmount,44
0014,LKUS_physical_order_create,uniqueKey,44
0014,LKUS_physical_order_create,userAgent,44
0014,LKUS_physical_order_create,couponList,44
0014,LKUS_physical_order_create,orderPrice,44
0014,LKUS_physical_order_create,countryCode,44
0014,LKUS_physical_order_create,shopAddress,44
0014,LKUS_physical_order_create,reviewRepeat,35
0014,LKUS_physical_order_create,shopCityName,44
0014,LKUS_physical_order_create,shopLatitude,44
0014,LKUS_physical_order_create,cidOriginEnum,44
0014,LKUS_physical_order_create,isTaxRequired,44
0014,LKUS_physical_order_create,orderProducts,44
0014,LKUS_physical_order_create,productAmount,44
0014,LKUS_physical_order_create,shopLongitude,44
0014,LKUS_physical_order_create,coffeeStoreList,44
0014,LKUS_physical_order_create,recaptchaV3Token,35
0014,LKUS_physical_order_create,packagingBagPrice,3
0014,LKUS_physical_order_create,recaptchaV3Action,35
0014,LKUS_physical_order_create,packagingBagNumber,3
0014,LKUS_physical_order_create,recaptchaV3Enabled,35
0014,LKUS_physical_order_create,packageOrderProducts,44
0014,LKUS_payment,ip,44
0014,LKUS_payment,app,35
0014,LKUS_payment,cid,44
0014,LKUS_payment,uid,44
0014,LKUS_payment,phone,35
0014,LKUS_payment,shopId,44
0014,LKUS_payment,tenant,44
0014,LKUS_payment,userNo,44
0014,LKUS_payment,isGuest,44
0014,LKUS_payment,orderNo,44
0014,LKUS_payment,payType,44
0014,LKUS_payment,version,44
0014,LKUS_payment,payMoney,44
0014,LKUS_payment,orderType,44
0014,LKUS_payment,taxAmount,44
0014,LKUS_payment,uniqueKey,44
0014,LKUS_payment,userAgent,44
0014,LKUS_payment,orderPrice,44
0014,LKUS_payment,countryCode,35
0014,LKUS_payment,reviewRepeat,35
0014,LKUS_payment,cidOriginEnum,44
0014,LKUS_payment,isTaxRequired,44
0014,LKUS_payment,orderProducts,44
0014,LKUS_payment,recaptchaV3Token,35
0014,LKUS_payment,packagingBagPrice,4
0014,LKUS_payment,recaptchaV3Action,35
0014,LKUS_payment,packagingBagNumber,4
0014,LKUS_payment,recaptchaV3Enabled,35
0014,LKUS_payment,packageOrderProducts,44
0014,LKUS_physical_order_create,did,9
0014,LKUS_physical_order_create,blackBox,9
0014,LKUS_physical_order_create,deviceId,9
0014,LKUS_physical_order_cancel,ip,1
0014,LKUS_physical_order_cancel,app,1
0014,LKUS_physical_order_cancel,cid,1
0014,LKUS_physical_order_cancel,uid,1
0014,LKUS_physical_order_cancel,phone,1
0014,LKUS_physical_order_cancel,shopId,1
0014,LKUS_physical_order_cancel,tenant,1
0014,LKUS_physical_order_cancel,userNo,1
0014,LKUS_physical_order_cancel,isGuest,1
0014,LKUS_physical_order_cancel,orderNo,1
0014,LKUS_physical_order_cancel,version,1
0014,LKUS_physical_order_cancel,shopCity,1
0014,LKUS_physical_order_cancel,uniqueKey,1
0014,LKUS_physical_order_cancel,userAgent,1
0014,LKUS_physical_order_cancel,countryCode,1
0014,LKUS_physical_order_cancel,totalOfMade,1
0014,LKUS_physical_order_cancel,reviewRepeat,1
0014,LKUS_physical_order_cancel,cidOriginEnum,1
0014,LKUS_physical_order_cancel,cancelTypeEnum,1
0014,LKUS_physical_order_cancel,recaptchaV3Token,1
0014,LKUS_physical_order_cancel,recaptchaV3Action,1
0014,LKUS_physical_order_cancel,recaptchaV3Enabled,1
0014,LKUS_push,userNo,2
0015,LKUS_login,ip,11
0015,LKUS_login,app,9
0015,LKUS_login,cid,11
0015,LKUS_login,uid,11
0015,LKUS_login,phone,11
0015,LKUS_login,tenant,11
0015,LKUS_login,userNo,11
0015,LKUS_login,version,11
0015,LKUS_login,uniqueKey,11
0015,LKUS_login,userAgent,11
0015,LKUS_login,countryCode,11
0015,LKUS_login,reviewRepeat,11
0015,LKUS_login,cidOriginEnum,11
0015,LKUS_login,recaptchaV3Token,11
0015,LKUS_login,recaptchaV3Action,11
0015,LKUS_login,recaptchaV3Enabled,11
0015,LKUS_push,ip,69
0015,LKUS_push,app,54
0015,LKUS_push,cid,69
0015,LKUS_push,uid,69
0015,LKUS_push,phone,69
0015,LKUS_push,tenant,69
0015,LKUS_push,version,69
0015,LKUS_push,uniqueKey,69
0015,LKUS_push,userAgent,69
0015,LKUS_push,countryCode,69
0015,LKUS_push,reviewRepeat,53
0015,LKUS_push,cidOriginEnum,69
0015,LKUS_push,recaptchaV3Token,53
0015,LKUS_push,recaptchaV3Action,53
0015,LKUS_push,recaptchaV3Enabled,53
0015,LKUS_physical_order_create,ip,52
0015,LKUS_physical_order_create,app,41
0015,LKUS_physical_order_create,cid,52
0015,LKUS_physical_order_create,uid,52
0015,LKUS_physical_order_create,phone,42
0015,LKUS_physical_order_create,shopId,52
0015,LKUS_physical_order_create,tenant,52
0015,LKUS_physical_order_create,userNo,52
0015,LKUS_physical_order_create,isGuest,52
0015,LKUS_physical_order_create,version,52
0015,LKUS_physical_order_create,latitude,42
0015,LKUS_physical_order_create,longitude,42
0015,LKUS_physical_order_create,orderType,52
0015,LKUS_physical_order_create,taxAmount,52
0015,LKUS_physical_order_create,uniqueKey,52
0015,LKUS_physical_order_create,userAgent,52
0015,LKUS_physical_order_create,couponList,52
0015,LKUS_physical_order_create,orderPrice,51
0015,LKUS_physical_order_create,countryCode,52
0015,LKUS_physical_order_create,shopAddress,52
0015,LKUS_physical_order_create,reviewRepeat,39
0015,LKUS_physical_order_create,shopCityName,52
0015,LKUS_physical_order_create,shopLatitude,52
0015,LKUS_physical_order_create,cidOriginEnum,52
0015,LKUS_physical_order_create,isTaxRequired,52
0015,LKUS_physical_order_create,orderProducts,52
0015,LKUS_physical_order_create,productAmount,52
0015,LKUS_physical_order_create,shopLongitude,52
0015,LKUS_physical_order_create,coffeeStoreList,52
0015,LKUS_physical_order_create,recaptchaV3Token,39
0015,LKUS_physical_order_create,recaptchaV3Action,39
0015,LKUS_physical_order_create,recaptchaV3Enabled,39
0015,LKUS_physical_order_create,packageOrderProducts,52
0015,LKUS_payment,ip,52
0015,LKUS_payment,app,41
0015,LKUS_payment,cid,52
0015,LKUS_payment,uid,52
0015,LKUS_payment,phone,42
0015,LKUS_payment,shopId,52
0015,LKUS_payment,tenant,52
0015,LKUS_payment,userNo,52
0015,LKUS_payment,isGuest,52
0015,LKUS_payment,orderNo,52
0015,LKUS_payment,payType,52
0015,LKUS_payment,version,52
0015,LKUS_payment,payMoney,52
0015,LKUS_payment,orderType,52
0015,LKUS_payment,taxAmount,52
0015,LKUS_payment,uniqueKey,52
0015,LKUS_payment,userAgent,52
0015,LKUS_payment,orderPrice,52
0015,LKUS_payment,countryCode,42
0015,LKUS_payment,reviewRepeat,39
0015,LKUS_payment,cidOriginEnum,52
0015,LKUS_payment,isTaxRequired,52
0015,LKUS_payment,orderProducts,52
0015,LKUS_payment,recaptchaV3Token,39
0015,LKUS_payment,recaptchaV3Action,39
0015,LKUS_payment,recaptchaV3Enabled,39
0015,LKUS_payment,packageOrderProducts,52
0015,LKUS_physical_order_create,did,10
0015,LKUS_physical_order_create,blackBox,10
0015,LKUS_physical_order_create,deviceId,10
0015,LKUS_physical_order_create,packagingBagPrice,2
0015,LKUS_physical_order_create,packagingBagNumber,2
0015,LKUS_payment,packagingBagPrice,2
0015,LKUS_payment,packagingBagNumber,2
0015,LKUS_grant_new_user_coupon,ip,5
0015,LKUS_grant_new_user_coupon,app,4
0015,LKUS_grant_new_user_coupon,cid,5
0015,LKUS_grant_new_user_coupon,uid,5
0015,LKUS_grant_new_user_coupon,phone,5
0015,LKUS_grant_new_user_coupon,extend,5
0015,LKUS_grant_new_user_coupon,tenant,5
0015,LKUS_grant_new_user_coupon,userNo,5
0015,LKUS_grant_new_user_coupon,sceneId,5
0015,LKUS_grant_new_user_coupon,version,5
0015,LKUS_grant_new_user_coupon,uniqueKey,5
0015,LKUS_grant_new_user_coupon,userAgent,5
0015,LKUS_grant_new_user_coupon,countryCode,5
0015,LKUS_grant_new_user_coupon,reviewRepeat,5
0015,LKUS_grant_new_user_coupon,cidOriginEnum,5
0015,LKUS_grant_new_user_coupon,recaptchaV3Token,5
0015,LKUS_grant_new_user_coupon,recaptchaV3Action,5
0015,LKUS_grant_new_user_coupon,recaptchaV3Enabled,5
0015,LKUS_register,ip,4
0015,LKUS_register,app,4
0015,LKUS_register,cid,4
0015,LKUS_register,uid,4
0015,LKUS_register,phone,4
0015,LKUS_register,tenant,4
0015,LKUS_register,version,4
0015,LKUS_register,uniqueKey,4
0015,LKUS_register,userAgent,4
0015,LKUS_register,countryCode,4
0015,LKUS_register,reviewRepeat,4
0015,LKUS_register,cidOriginEnum,4
0015,LKUS_register,recaptchaV3Token,4
0015,LKUS_register,recaptchaV3Action,4
0015,LKUS_register,recaptchaV3Enabled,4
0016,LKUS_push,ip,34
0016,LKUS_push,app,33
0016,LKUS_push,cid,34
0016,LKUS_push,uid,34
0016,LKUS_push,phone,34
0016,LKUS_push,tenant,34
0016,LKUS_push,version,34
0016,LKUS_push,uniqueKey,34
0016,LKUS_push,userAgent,34
0016,LKUS_push,countryCode,34
0016,LKUS_push,reviewRepeat,33
0016,LKUS_push,cidOriginEnum,34
0016,LKUS_push,recaptchaV3Token,33
0016,LKUS_push,recaptchaV3Action,33
0016,LKUS_push,recaptchaV3Enabled,33
0016,LKUS_physical_order_create,ip,34
0016,LKUS_physical_order_create,app,27
0016,LKUS_physical_order_create,cid,34
0016,LKUS_physical_order_create,uid,34
0016,LKUS_physical_order_create,phone,28
0016,LKUS_physical_order_create,shopId,34
0016,LKUS_physical_order_create,tenant,34
0016,LKUS_physical_order_create,userNo,34
0016,LKUS_physical_order_create,isGuest,34
0016,LKUS_physical_order_create,version,34
0016,LKUS_physical_order_create,latitude,28
0016,LKUS_physical_order_create,longitude,28
0016,LKUS_physical_order_create,orderType,34
0016,LKUS_physical_order_create,taxAmount,34
0016,LKUS_physical_order_create,uniqueKey,34
0016,LKUS_physical_order_create,userAgent,34
0016,LKUS_physical_order_create,couponList,34
0016,LKUS_physical_order_create,orderPrice,34
0016,LKUS_physical_order_create,countryCode,34
0016,LKUS_physical_order_create,shopAddress,34
0016,LKUS_physical_order_create,reviewRepeat,27
0016,LKUS_physical_order_create,shopCityName,34
0016,LKUS_physical_order_create,shopLatitude,34
0016,LKUS_physical_order_create,cidOriginEnum,34
0016,LKUS_physical_order_create,isTaxRequired,34
0016,LKUS_physical_order_create,orderProducts,34
0016,LKUS_physical_order_create,productAmount,34
0016,LKUS_physical_order_create,shopLongitude,34
0016,LKUS_physical_order_create,coffeeStoreList,34
0016,LKUS_physical_order_create,recaptchaV3Token,27
0016,LKUS_physical_order_create,recaptchaV3Action,27
0016,LKUS_physical_order_create,recaptchaV3Enabled,27
0016,LKUS_physical_order_create,packageOrderProducts,34
0016,LKUS_physical_order_cancel,ip,1
0016,LKUS_physical_order_cancel,app,1
0016,LKUS_physical_order_cancel,cid,1
0016,LKUS_physical_order_cancel,uid,1
0016,LKUS_physical_order_cancel,phone,1
0016,LKUS_physical_order_cancel,shopId,1
0016,LKUS_physical_order_cancel,tenant,1
0016,LKUS_physical_order_cancel,userNo,1
0016,LKUS_physical_order_cancel,isGuest,1
0016,LKUS_physical_order_cancel,orderNo,1
0016,LKUS_physical_order_cancel,version,1
0016,LKUS_physical_order_cancel,shopCity,1
0016,LKUS_physical_order_cancel,uniqueKey,1
0016,LKUS_physical_order_cancel,userAgent,1
0016,LKUS_physical_order_cancel,countryCode,1
0016,LKUS_physical_order_cancel,totalOfMade,1
0016,LKUS_physical_order_cancel,reviewRepeat,1
0016,LKUS_physical_order_cancel,cidOriginEnum,1
0016,LKUS_physical_order_cancel,cancelTypeEnum,1
0016,LKUS_physical_order_cancel,recaptchaV3Token,1
0016,LKUS_physical_order_cancel,recaptchaV3Action,1
0016,LKUS_physical_order_cancel,recaptchaV3Enabled,1
0016,LKUS_payment,ip,32
0016,LKUS_payment,app,25
0016,LKUS_payment,cid,32
0016,LKUS_payment,uid,32
0016,LKUS_payment,phone,26
0016,LKUS_payment,shopId,32
0016,LKUS_payment,tenant,32
0016,LKUS_payment,userNo,32
0016,LKUS_payment,isGuest,32
0016,LKUS_payment,orderNo,32
0016,LKUS_payment,payType,32
0016,LKUS_payment,version,32
0016,LKUS_payment,payMoney,32
0016,LKUS_payment,orderType,32
0016,LKUS_payment,taxAmount,32
0016,LKUS_payment,uniqueKey,32
0016,LKUS_payment,userAgent,32
0016,LKUS_payment,orderPrice,32
0016,LKUS_payment,countryCode,26
0016,LKUS_payment,reviewRepeat,25
0016,LKUS_payment,cidOriginEnum,32
0016,LKUS_payment,isTaxRequired,32
0016,LKUS_payment,orderProducts,32
0016,LKUS_payment,recaptchaV3Token,25
0016,LKUS_payment,recaptchaV3Action,25
0016,LKUS_payment,recaptchaV3Enabled,25
0016,LKUS_payment,packageOrderProducts,32
0016,LKUS_login,ip,10
0016,LKUS_login,app,9
0016,LKUS_login,cid,10
0016,LKUS_login,uid,10
0016,LKUS_login,phone,10
0016,LKUS_login,tenant,10
0016,LKUS_login,userNo,10
0016,LKUS_login,version,10
0016,LKUS_login,uniqueKey,10
0016,LKUS_login,userAgent,10
0016,LKUS_login,countryCode,10
0016,LKUS_login,reviewRepeat,10
0016,LKUS_login,cidOriginEnum,10
0016,LKUS_login,recaptchaV3Token,10
0016,LKUS_login,recaptchaV3Action,10
0016,LKUS_login,recaptchaV3Enabled,10
0016,LKUS_physical_order_create,did,6
0016,LKUS_physical_order_create,blackBox,6
0016,LKUS_physical_order_create,deviceId,6
0016,LKUS_register,ip,1
0016,LKUS_register,cid,1
0016,LKUS_register,uid,1
0016,LKUS_register,phone,1
0016,LKUS_register,tenant,1
0016,LKUS_register,version,1
0016,LKUS_register,uniqueKey,1
0016,LKUS_register,userAgent,1
0016,LKUS_register,countryCode,1
0016,LKUS_register,reviewRepeat,1
0016,LKUS_register,cidOriginEnum,1
0016,LKUS_register,recaptchaV3Token,1
0016,LKUS_register,recaptchaV3Action,1
0016,LKUS_register,recaptchaV3Enabled,1
0016,LKUS_grant_new_user_coupon,ip,4
0016,LKUS_grant_new_user_coupon,app,3
0016,LKUS_grant_new_user_coupon,cid,4
0016,LKUS_grant_new_user_coupon,uid,4
0016,LKUS_grant_new_user_coupon,phone,4
0016,LKUS_grant_new_user_coupon,extend,4
0016,LKUS_grant_new_user_coupon,tenant,4
0016,LKUS_grant_new_user_coupon,userNo,4
0016,LKUS_grant_new_user_coupon,sceneId,4
0016,LKUS_grant_new_user_coupon,version,4
0016,LKUS_grant_new_user_coupon,uniqueKey,4
0016,LKUS_grant_new_user_coupon,userAgent,4
0016,LKUS_grant_new_user_coupon,countryCode,4
0016,LKUS_grant_new_user_coupon,reviewRepeat,4
0016,LKUS_grant_new_user_coupon,cidOriginEnum,4
0016,LKUS_grant_new_user_coupon,recaptchaV3Token,4
0016,LKUS_grant_new_user_coupon,recaptchaV3Action,4
0016,LKUS_grant_new_user_coupon,recaptchaV3Enabled,4
0017,LKUS_push,ip,27
0017,LKUS_push,app,23
0017,LKUS_push,cid,27
0017,LKUS_push,uid,27
0017,LKUS_push,phone,27
0017,LKUS_push,tenant,27
0017,LKUS_push,version,27
0017,LKUS_push,uniqueKey,27
0017,LKUS_push,userAgent,27
0017,LKUS_push,countryCode,27
0017,LKUS_push,reviewRepeat,25
0017,LKUS_push,cidOriginEnum,27
0017,LKUS_push,recaptchaV3Token,25
0017,LKUS_push,recaptchaV3Action,25
0017,LKUS_push,recaptchaV3Enabled,25
0017,LKUS_register,ip,7
0017,LKUS_register,app,6
0017,LKUS_register,cid,7
0017,LKUS_register,uid,7
0017,LKUS_register,phone,7
0017,LKUS_register,tenant,7
0017,LKUS_register,version,7
0017,LKUS_register,uniqueKey,7
0017,LKUS_register,userAgent,7
0017,LKUS_register,countryCode,7
0017,LKUS_register,reviewRepeat,7
0017,LKUS_register,cidOriginEnum,7
0017,LKUS_register,recaptchaV3Token,7
0017,LKUS_register,recaptchaV3Action,7
0017,LKUS_register,recaptchaV3Enabled,7
0017,LKUS_login,ip,6
0017,LKUS_login,app,5
0017,LKUS_login,cid,6
0017,LKUS_login,uid,6
0017,LKUS_login,phone,6
0017,LKUS_login,tenant,6
0017,LKUS_login,userNo,6
0017,LKUS_login,version,6
0017,LKUS_login,uniqueKey,6
0017,LKUS_login,userAgent,6
0017,LKUS_login,countryCode,6
0017,LKUS_login,reviewRepeat,6
0017,LKUS_login,cidOriginEnum,6
0017,LKUS_login,recaptchaV3Token,6
0017,LKUS_login,recaptchaV3Action,6
0017,LKUS_login,recaptchaV3Enabled,6
0017,LKUS_grant_new_user_coupon,ip,4
0017,LKUS_grant_new_user_coupon,app,4
0017,LKUS_grant_new_user_coupon,cid,4
0017,LKUS_grant_new_user_coupon,uid,4
0017,LKUS_grant_new_user_coupon,phone,4
0017,LKUS_grant_new_user_coupon,extend,4
0017,LKUS_grant_new_user_coupon,tenant,4
0017,LKUS_grant_new_user_coupon,userNo,4
0017,LKUS_grant_new_user_coupon,sceneId,4
0017,LKUS_grant_new_user_coupon,version,4
0017,LKUS_grant_new_user_coupon,uniqueKey,4
0017,LKUS_grant_new_user_coupon,userAgent,4
0017,LKUS_grant_new_user_coupon,countryCode,4
0017,LKUS_grant_new_user_coupon,reviewRepeat,4
0017,LKUS_grant_new_user_coupon,cidOriginEnum,4
0017,LKUS_grant_new_user_coupon,recaptchaV3Token,4
0017,LKUS_grant_new_user_coupon,recaptchaV3Action,4
0017,LKUS_grant_new_user_coupon,recaptchaV3Enabled,4
0017,LKUS_physical_order_create,ip,31
0017,LKUS_physical_order_create,app,27
0017,LKUS_physical_order_create,cid,31
0017,LKUS_physical_order_create,uid,31
0017,LKUS_physical_order_create,phone,28
0017,LKUS_physical_order_create,shopId,31
0017,LKUS_physical_order_create,tenant,31
0017,LKUS_physical_order_create,userNo,31
0017,LKUS_physical_order_create,isGuest,31
0017,LKUS_physical_order_create,version,31
0017,LKUS_physical_order_create,latitude,28
0017,LKUS_physical_order_create,longitude,28
0017,LKUS_physical_order_create,orderType,31
0017,LKUS_physical_order_create,taxAmount,31
0017,LKUS_physical_order_create,uniqueKey,31
0017,LKUS_physical_order_create,userAgent,31
0017,LKUS_physical_order_create,couponList,31
0017,LKUS_physical_order_create,orderPrice,31
0017,LKUS_physical_order_create,countryCode,31
0017,LKUS_physical_order_create,shopAddress,31
0017,LKUS_physical_order_create,reviewRepeat,27
0017,LKUS_physical_order_create,shopCityName,31
0017,LKUS_physical_order_create,shopLatitude,31
0017,LKUS_physical_order_create,cidOriginEnum,31
0017,LKUS_physical_order_create,isTaxRequired,31
0017,LKUS_physical_order_create,orderProducts,31
0017,LKUS_physical_order_create,productAmount,31
0017,LKUS_physical_order_create,shopLongitude,31
0017,LKUS_physical_order_create,coffeeStoreList,31
0017,LKUS_physical_order_create,recaptchaV3Token,27
0017,LKUS_physical_order_create,recaptchaV3Action,27
0017,LKUS_physical_order_create,recaptchaV3Enabled,27
0017,LKUS_physical_order_create,packageOrderProducts,31
0017,LKUS_payment,ip,30
0017,LKUS_payment,app,26
0017,LKUS_payment,cid,30
0017,LKUS_payment,uid,30
0017,LKUS_payment,phone,27
0017,LKUS_payment,shopId,30
0017,LKUS_payment,tenant,30
0017,LKUS_payment,userNo,30
0017,LKUS_payment,isGuest,30
0017,LKUS_payment,orderNo,30
0017,LKUS_payment,payType,30
0017,LKUS_payment,version,30
0017,LKUS_payment,payMoney,30
0017,LKUS_payment,orderType,30
0017,LKUS_payment,taxAmount,30
0017,LKUS_payment,uniqueKey,30
0017,LKUS_payment,userAgent,30
0017,LKUS_payment,orderPrice,30
0017,LKUS_payment,countryCode,27
0017,LKUS_payment,reviewRepeat,26
0017,LKUS_payment,cidOriginEnum,30
0017,LKUS_payment,isTaxRequired,30
0017,LKUS_payment,orderProducts,30
0017,LKUS_payment,recaptchaV3Token,25
0017,LKUS_payment,recaptchaV3Action,25
0017,LKUS_payment,recaptchaV3Enabled,26
0017,LKUS_payment,packageOrderProducts,30
0017,LKUS_physical_order_create,did,3
0017,LKUS_physical_order_create,blackBox,3
0017,LKUS_physical_order_create,deviceId,3
0017,LKUS_push,userNo,1
0018,LKUS_push,ip,34
0018,LKUS_push,app,29
0018,LKUS_push,cid,34
0018,LKUS_push,uid,34
0018,LKUS_push,phone,34
0018,LKUS_push,tenant,34
0018,LKUS_push,version,34
0018,LKUS_push,uniqueKey,34
0018,LKUS_push,userAgent,34
0018,LKUS_push,countryCode,34
0018,LKUS_push,reviewRepeat,30
0018,LKUS_push,cidOriginEnum,34
0018,LKUS_push,recaptchaV3Token,30
0018,LKUS_push,recaptchaV3Action,30
0018,LKUS_push,recaptchaV3Enabled,30
0018,LKUS_physical_order_create,ip,46
0018,LKUS_physical_order_create,app,35
0018,LKUS_physical_order_create,cid,46
0018,LKUS_physical_order_create,uid,46
0018,LKUS_physical_order_create,phone,37
0018,LKUS_physical_order_create,shopId,46
0018,LKUS_physical_order_create,tenant,46
0018,LKUS_physical_order_create,userNo,46
0018,LKUS_physical_order_create,isGuest,46
0018,LKUS_physical_order_create,version,46
0018,LKUS_physical_order_create,latitude,37
0018,LKUS_physical_order_create,longitude,37
0018,LKUS_physical_order_create,orderType,46
0018,LKUS_physical_order_create,taxAmount,46
0018,LKUS_physical_order_create,uniqueKey,46
0018,LKUS_physical_order_create,userAgent,46
0018,LKUS_physical_order_create,couponList,46
0018,LKUS_physical_order_create,orderPrice,46
0018,LKUS_physical_order_create,countryCode,46
0018,LKUS_physical_order_create,shopAddress,46
0018,LKUS_physical_order_create,reviewRepeat,36
0018,LKUS_physical_order_create,shopCityName,46
0018,LKUS_physical_order_create,shopLatitude,46
0018,LKUS_physical_order_create,cidOriginEnum,46
0018,LKUS_physical_order_create,isTaxRequired,46
0018,LKUS_physical_order_create,orderProducts,46
0018,LKUS_physical_order_create,productAmount,46
0018,LKUS_physical_order_create,shopLongitude,46
0018,LKUS_physical_order_create,coffeeStoreList,46
0018,LKUS_physical_order_create,recaptchaV3Token,36
0018,LKUS_physical_order_create,recaptchaV3Action,36
0018,LKUS_physical_order_create,recaptchaV3Enabled,36
0018,LKUS_physical_order_create,packageOrderProducts,46
0018,LKUS_payment,ip,48
0018,LKUS_payment,app,37
0018,LKUS_payment,cid,48
0018,LKUS_payment,uid,48
0018,LKUS_payment,phone,39
0018,LKUS_payment,shopId,48
0018,LKUS_payment,tenant,48
0018,LKUS_payment,userNo,48
0018,LKUS_payment,isGuest,48
0018,LKUS_payment,orderNo,48
0018,LKUS_payment,payType,48
0018,LKUS_payment,version,48
0018,LKUS_payment,payMoney,48
0018,LKUS_payment,orderType,48
0018,LKUS_payment,taxAmount,48
0018,LKUS_payment,uniqueKey,48
0018,LKUS_payment,userAgent,48
0018,LKUS_payment,orderPrice,48
0018,LKUS_payment,countryCode,39
0018,LKUS_payment,reviewRepeat,38
0018,LKUS_payment,cidOriginEnum,48
0018,LKUS_payment,isTaxRequired,48
0018,LKUS_payment,orderProducts,48
0018,LKUS_payment,recaptchaV3Token,38
0018,LKUS_payment,recaptchaV3Action,38
0018,LKUS_payment,recaptchaV3Enabled,38
0018,LKUS_payment,packageOrderProducts,48
0018,LKUS_login,ip,14
0018,LKUS_login,app,9
0018,LKUS_login,cid,14
0018,LKUS_login,uid,14
0018,LKUS_login,phone,14
0018,LKUS_login,tenant,14
0018,LKUS_login,userNo,14
0018,LKUS_login,version,14
0018,LKUS_login,uniqueKey,14
0018,LKUS_login,userAgent,14
0018,LKUS_login,countryCode,14
0018,LKUS_login,reviewRepeat,11
0018,LKUS_login,cidOriginEnum,14
0018,LKUS_login,recaptchaV3Token,11
0018,LKUS_login,recaptchaV3Action,11
0018,LKUS_login,recaptchaV3Enabled,11
0018,LKUS_register,ip,4
0018,LKUS_register,cid,4
0018,LKUS_register,uid,4
0018,LKUS_register,phone,4
0018,LKUS_register,tenant,4
0018,LKUS_register,version,4
0018,LKUS_register,uniqueKey,4
0018,LKUS_register,userAgent,4
0018,LKUS_register,countryCode,4
0018,LKUS_register,reviewRepeat,4
0018,LKUS_register,cidOriginEnum,4
0018,LKUS_register,recaptchaV3Token,4
0018,LKUS_register,recaptchaV3Action,4
0018,LKUS_register,recaptchaV3Enabled,4
0018,LKUS_grant_new_user_coupon,ip,10
0018,LKUS_grant_new_user_coupon,app,7
0018,LKUS_grant_new_user_coupon,cid,10
0018,LKUS_grant_new_user_coupon,uid,10
0018,LKUS_grant_new_user_coupon,phone,10
0018,LKUS_grant_new_user_coupon,extend,10
0018,LKUS_grant_new_user_coupon,tenant,10
0018,LKUS_grant_new_user_coupon,userNo,10
0018,LKUS_grant_new_user_coupon,sceneId,10
0018,LKUS_grant_new_user_coupon,version,10
0018,LKUS_grant_new_user_coupon,uniqueKey,10
0018,LKUS_grant_new_user_coupon,userAgent,10
0018,LKUS_grant_new_user_coupon,countryCode,10
0018,LKUS_grant_new_user_coupon,reviewRepeat,9
0018,LKUS_grant_new_user_coupon,cidOriginEnum,10
0018,LKUS_grant_new_user_coupon,recaptchaV3Token,9
0018,LKUS_grant_new_user_coupon,recaptchaV3Action,9
0018,LKUS_grant_new_user_coupon,recaptchaV3Enabled,9
0018,LKUS_physical_order_cancel,ip,1
0018,LKUS_physical_order_cancel,app,1
0018,LKUS_physical_order_cancel,cid,1
0018,LKUS_physical_order_cancel,uid,1
0018,LKUS_physical_order_cancel,phone,1
0018,LKUS_physical_order_cancel,shopId,1
0018,LKUS_physical_order_cancel,tenant,1
0018,LKUS_physical_order_cancel,userNo,1
0018,LKUS_physical_order_cancel,isGuest,1
0018,LKUS_physical_order_cancel,orderNo,1
0018,LKUS_physical_order_cancel,version,1
0018,LKUS_physical_order_cancel,shopCity,1
0018,LKUS_physical_order_cancel,uniqueKey,1
0018,LKUS_physical_order_cancel,userAgent,1
0018,LKUS_physical_order_cancel,countryCode,1
0018,LKUS_physical_order_cancel,totalOfMade,1
0018,LKUS_physical_order_cancel,reviewRepeat,1
0018,LKUS_physical_order_cancel,cidOriginEnum,1
0018,LKUS_physical_order_cancel,cancelTypeEnum,1
0018,LKUS_physical_order_cancel,recaptchaV3Token,1
0018,LKUS_physical_order_cancel,recaptchaV3Action,1
0018,LKUS_physical_order_cancel,recaptchaV3Enabled,1
0018,LKUS_physical_order_create,did,9
0018,LKUS_physical_order_create,blackBox,9
0018,LKUS_physical_order_create,deviceId,9
0018,LKUS_register,app,3
0018,LKUS_push,userNo,1
0019,LKUS_push,ip,52
0019,LKUS_push,app,50
0019,LKUS_push,cid,52
0019,LKUS_push,uid,52
0019,LKUS_push,phone,52
0019,LKUS_push,tenant,52
0019,LKUS_push,version,52
0019,LKUS_push,uniqueKey,52
0019,LKUS_push,userAgent,52
0019,LKUS_push,countryCode,52
0019,LKUS_push,reviewRepeat,52
0019,LKUS_push,cidOriginEnum,52
0019,LKUS_push,recaptchaV3Token,52
0019,LKUS_push,recaptchaV3Action,52
0019,LKUS_push,recaptchaV3Enabled,52
0019,LKUS_physical_order_create,ip,39
0019,LKUS_physical_order_create,app,31
0019,LKUS_physical_order_create,cid,39
0019,LKUS_physical_order_create,uid,39
0019,LKUS_physical_order_create,phone,31
0019,LKUS_physical_order_create,shopId,39
0019,LKUS_physical_order_create,tenant,39
0019,LKUS_physical_order_create,userNo,39
0019,LKUS_physical_order_create,isGuest,39
0019,LKUS_physical_order_create,version,39
0019,LKUS_physical_order_create,latitude,31
0019,LKUS_physical_order_create,longitude,31
0019,LKUS_physical_order_create,orderType,39
0019,LKUS_physical_order_create,taxAmount,39
0019,LKUS_physical_order_create,uniqueKey,39
0019,LKUS_physical_order_create,userAgent,39
0019,LKUS_physical_order_create,couponList,39
0019,LKUS_physical_order_create,orderPrice,39
0019,LKUS_physical_order_create,countryCode,39
0019,LKUS_physical_order_create,shopAddress,39
0019,LKUS_physical_order_create,reviewRepeat,30
0019,LKUS_physical_order_create,shopCityName,39
0019,LKUS_physical_order_create,shopLatitude,39
0019,LKUS_physical_order_create,cidOriginEnum,39
0019,LKUS_physical_order_create,isTaxRequired,39
0019,LKUS_physical_order_create,orderProducts,39
0019,LKUS_physical_order_create,productAmount,39
0019,LKUS_physical_order_create,shopLongitude,39
0019,LKUS_physical_order_create,coffeeStoreList,39
0019,LKUS_physical_order_create,recaptchaV3Token,30
0019,LKUS_physical_order_create,recaptchaV3Action,30
0019,LKUS_physical_order_create,recaptchaV3Enabled,30
0019,LKUS_physical_order_create,packageOrderProducts,39
0019,LKUS_payment,ip,41
0019,LKUS_payment,app,31
0019,LKUS_payment,cid,41
0019,LKUS_payment,uid,41
0019,LKUS_payment,phone,31
0019,LKUS_payment,shopId,41
0019,LKUS_payment,tenant,41
0019,LKUS_payment,userNo,41
0019,LKUS_payment,isGuest,41
0019,LKUS_payment,orderNo,41
0019,LKUS_payment,payType,41
0019,LKUS_payment,version,41
0019,LKUS_payment,payMoney,41
0019,LKUS_payment,orderType,41
0019,LKUS_payment,taxAmount,41
0019,LKUS_payment,uniqueKey,41
0019,LKUS_payment,userAgent,41
0019,LKUS_payment,orderPrice,41
0019,LKUS_payment,countryCode,31
0019,LKUS_payment,reviewRepeat,30
0019,LKUS_payment,cidOriginEnum,41
0019,LKUS_payment,isTaxRequired,41
0019,LKUS_payment,orderProducts,41
0019,LKUS_payment,recaptchaV3Token,30
0019,LKUS_payment,recaptchaV3Action,30
0019,LKUS_payment,recaptchaV3Enabled,30
0019,LKUS_payment,packageOrderProducts,41
0019,LKUS_physical_order_create,did,8
0019,LKUS_physical_order_create,blackBox,8
0019,LKUS_physical_order_create,deviceId,8
0019,LKUS_login,ip,5
0019,LKUS_login,app,4
0019,LKUS_login,cid,5
0019,LKUS_login,uid,5
0019,LKUS_login,phone,5
0019,LKUS_login,tenant,5
0019,LKUS_login,userNo,5
0019,LKUS_login,version,5
0019,LKUS_login,uniqueKey,5
0019,LKUS_login,userAgent,5
0019,LKUS_login,countryCode,5
0019,LKUS_login,reviewRepeat,5
0019,LKUS_login,cidOriginEnum,5
0019,LKUS_login,recaptchaV3Token,5
0019,LKUS_login,recaptchaV3Action,5
0019,LKUS_login,recaptchaV3Enabled,5
0019,LKUS_grant_new_user_coupon,ip,3
0019,LKUS_grant_new_user_coupon,app,2
0019,LKUS_grant_new_user_coupon,cid,3
0019,LKUS_grant_new_user_coupon,uid,3
0019,LKUS_grant_new_user_coupon,phone,3
0019,LKUS_grant_new_user_coupon,extend,3
0019,LKUS_grant_new_user_coupon,tenant,3
0019,LKUS_grant_new_user_coupon,userNo,3
0019,LKUS_grant_new_user_coupon,sceneId,3
0019,LKUS_grant_new_user_coupon,version,3
0019,LKUS_grant_new_user_coupon,uniqueKey,3
0019,LKUS_grant_new_user_coupon,userAgent,3
0019,LKUS_grant_new_user_coupon,countryCode,3
0019,LKUS_grant_new_user_coupon,reviewRepeat,3
0019,LKUS_grant_new_user_coupon,cidOriginEnum,3
0019,LKUS_grant_new_user_coupon,recaptchaV3Token,3
0019,LKUS_grant_new_user_coupon,recaptchaV3Action,3
0019,LKUS_grant_new_user_coupon,recaptchaV3Enabled,3
0019,LKUS_physical_order_create,packagingBagPrice,2
0019,LKUS_physical_order_create,packagingBagNumber,2
0019,LKUS_payment,packagingBagPrice,3
0019,LKUS_payment,packagingBagNumber,3
0019,LKUS_register,ip,3
0019,LKUS_register,app,2
0019,LKUS_register,cid,3
0019,LKUS_register,uid,3
0019,LKUS_register,phone,3
0019,LKUS_register,tenant,3
0019,LKUS_register,version,3
0019,LKUS_register,uniqueKey,3
0019,LKUS_register,userAgent,3
0019,LKUS_register,countryCode,3
0019,LKUS_register,reviewRepeat,3
0019,LKUS_register,cidOriginEnum,3
0019,LKUS_register,recaptchaV3Token,3
0019,LKUS_register,recaptchaV3Action,3
0019,LKUS_register,recaptchaV3Enabled,3
0020,LKUS_push,ip,63
0020,LKUS_push,app,59
0020,LKUS_push,cid,63
0020,LKUS_push,uid,63
0020,LKUS_push,phone,63
0020,LKUS_push,tenant,63
0020,LKUS_push,version,63
0020,LKUS_push,uniqueKey,63
0020,LKUS_push,userAgent,63
0020,LKUS_push,countryCode,63
0020,LKUS_push,reviewRepeat,60
0020,LKUS_push,cidOriginEnum,63
0020,LKUS_push,recaptchaV3Token,60
0020,LKUS_push,recaptchaV3Action,60
0020,LKUS_push,recaptchaV3Enabled,60
0020,LKUS_register,ip,7
0020,LKUS_register,app,6
0020,LKUS_register,cid,7
0020,LKUS_register,uid,7
0020,LKUS_register,phone,7
0020,LKUS_register,tenant,7
0020,LKUS_register,version,7
0020,LKUS_register,uniqueKey,7
0020,LKUS_register,userAgent,7
0020,LKUS_register,countryCode,7
0020,LKUS_register,reviewRepeat,7
0020,LKUS_register,cidOriginEnum,7
0020,LKUS_register,recaptchaV3Token,7
0020,LKUS_register,recaptchaV3Action,7
0020,LKUS_register,recaptchaV3Enabled,7
0020,LKUS_physical_order_create,ip,49
0020,LKUS_physical_order_create,app,38
0020,LKUS_physical_order_create,cid,49
0020,LKUS_physical_order_create,uid,49
0020,LKUS_physical_order_create,phone,41
0020,LKUS_physical_order_create,shopId,49
0020,LKUS_physical_order_create,tenant,49
0020,LKUS_physical_order_create,userNo,49
0020,LKUS_physical_order_create,isGuest,49
0020,LKUS_physical_order_create,version,49
0020,LKUS_physical_order_create,latitude,41
0020,LKUS_physical_order_create,longitude,41
0020,LKUS_physical_order_create,orderType,49
0020,LKUS_physical_order_create,taxAmount,49
0020,LKUS_physical_order_create,uniqueKey,49
0020,LKUS_physical_order_create,userAgent,49
0020,LKUS_physical_order_create,couponList,49
0020,LKUS_physical_order_create,orderPrice,48
0020,LKUS_physical_order_create,countryCode,49
0020,LKUS_physical_order_create,shopAddress,49
0020,LKUS_physical_order_create,reviewRepeat,38
0020,LKUS_physical_order_create,shopCityName,49
0020,LKUS_physical_order_create,shopLatitude,49
0020,LKUS_physical_order_create,cidOriginEnum,49
0020,LKUS_physical_order_create,isTaxRequired,49
0020,LKUS_physical_order_create,orderProducts,49
0020,LKUS_physical_order_create,productAmount,49
0020,LKUS_physical_order_create,shopLongitude,49
0020,LKUS_physical_order_create,coffeeStoreList,49
0020,LKUS_physical_order_create,recaptchaV3Token,38
0020,LKUS_physical_order_create,recaptchaV3Action,38
0020,LKUS_physical_order_create,recaptchaV3Enabled,38
0020,LKUS_physical_order_create,packageOrderProducts,49
0020,LKUS_payment,ip,50
0020,LKUS_payment,app,39
0020,LKUS_payment,cid,50
0020,LKUS_payment,uid,50
0020,LKUS_payment,phone,42
0020,LKUS_payment,shopId,50
0020,LKUS_payment,tenant,50
0020,LKUS_payment,userNo,50
0020,LKUS_payment,isGuest,50
0020,LKUS_payment,orderNo,50
0020,LKUS_payment,payType,50
0020,LKUS_payment,version,50
0020,LKUS_payment,payMoney,50
0020,LKUS_payment,orderType,50
0020,LKUS_payment,taxAmount,50
0020,LKUS_payment,uniqueKey,50
0020,LKUS_payment,userAgent,50
0020,LKUS_payment,orderPrice,50
0020,LKUS_payment,countryCode,42
0020,LKUS_payment,reviewRepeat,39
0020,LKUS_payment,cidOriginEnum,50
0020,LKUS_payment,isTaxRequired,50
0020,LKUS_payment,orderProducts,50
0020,LKUS_payment,recaptchaV3Token,39
0020,LKUS_payment,recaptchaV3Action,39
0020,LKUS_payment,recaptchaV3Enabled,39
0020,LKUS_payment,packageOrderProducts,50
0020,LKUS_login,ip,15
0020,LKUS_login,app,13
0020,LKUS_login,cid,15
0020,LKUS_login,uid,15
0020,LKUS_login,phone,15
0020,LKUS_login,tenant,15
0020,LKUS_login,userNo,15
0020,LKUS_login,version,15
0020,LKUS_login,uniqueKey,15
0020,LKUS_login,userAgent,15
0020,LKUS_login,countryCode,15
0020,LKUS_login,reviewRepeat,15
0020,LKUS_login,cidOriginEnum,15
0020,LKUS_login,recaptchaV3Token,15
0020,LKUS_login,recaptchaV3Action,15
0020,LKUS_login,recaptchaV3Enabled,15
0020,LKUS_physical_order_create,did,8
0020,LKUS_physical_order_create,blackBox,8
0020,LKUS_physical_order_create,deviceId,8
0020,LKUS_grant_new_user_coupon,ip,7
0020,LKUS_grant_new_user_coupon,app,7
0020,LKUS_grant_new_user_coupon,cid,7
0020,LKUS_grant_new_user_coupon,uid,7
0020,LKUS_grant_new_user_coupon,phone,7
0020,LKUS_grant_new_user_coupon,extend,7
0020,LKUS_grant_new_user_coupon,tenant,7
0020,LKUS_grant_new_user_coupon,userNo,7
0020,LKUS_grant_new_user_coupon,sceneId,7
0020,LKUS_grant_new_user_coupon,version,7
0020,LKUS_grant_new_user_coupon,uniqueKey,7
0020,LKUS_grant_new_user_coupon,userAgent,7
0020,LKUS_grant_new_user_coupon,countryCode,7
0020,LKUS_grant_new_user_coupon,reviewRepeat,7
0020,LKUS_grant_new_user_coupon,cidOriginEnum,7
0020,LKUS_grant_new_user_coupon,recaptchaV3Token,7
0020,LKUS_grant_new_user_coupon,recaptchaV3Action,7
0020,LKUS_grant_new_user_coupon,recaptchaV3Enabled,7
0020,LKUS_push,userNo,3
0021,LKUS_push,ip,59
0021,LKUS_push,cid,59
0021,LKUS_push,uid,59
0021,LKUS_push,phone,59
0021,LKUS_push,tenant,59
0021,LKUS_push,version,59
0021,LKUS_push,uniqueKey,59
0021,LKUS_push,userAgent,59
0021,LKUS_push,countryCode,59
0021,LKUS_push,reviewRepeat,56
0021,LKUS_push,cidOriginEnum,59
0021,LKUS_push,recaptchaV3Token,55
0021,LKUS_push,recaptchaV3Action,55
0021,LKUS_push,recaptchaV3Enabled,56
0021,LKUS_captcha,ip,1
0021,LKUS_captcha,cid,1
0021,LKUS_captcha,uid,1
0021,LKUS_captcha,event,1
0021,LKUS_captcha,phone,1
0021,LKUS_captcha,tenant,1
0021,LKUS_captcha,isGuest,1
0021,LKUS_captcha,version,1
0021,LKUS_captcha,uniqueKey,1
0021,LKUS_captcha,userAgent,1
0021,LKUS_captcha,countryCode,1
0021,LKUS_captcha,reviewRepeat,1
0021,LKUS_captcha,cidOriginEnum,1
0021,LKUS_captcha,verifyCodeType,1
0021,LKUS_captcha,recaptchaV3Token,1
0021,LKUS_captcha,verifyCodeParams,1
0021,LKUS_captcha,recaptchaV3Action,1
0021,LKUS_push,app,45
0021,LKUS_physical_order_create,ip,45
0021,LKUS_physical_order_create,app,35
0021,LKUS_physical_order_create,cid,45
0021,LKUS_physical_order_create,uid,45
0021,LKUS_physical_order_create,phone,36
0021,LKUS_physical_order_create,shopId,45
0021,LKUS_physical_order_create,tenant,45
0021,LKUS_physical_order_create,userNo,45
0021,LKUS_physical_order_create,isGuest,45
0021,LKUS_physical_order_create,version,45
0021,LKUS_physical_order_create,latitude,36
0021,LKUS_physical_order_create,longitude,36
0021,LKUS_physical_order_create,orderType,45
0021,LKUS_physical_order_create,taxAmount,45
0021,LKUS_physical_order_create,uniqueKey,45
0021,LKUS_physical_order_create,userAgent,45
0021,LKUS_physical_order_create,couponList,45
0021,LKUS_physical_order_create,orderPrice,45
0021,LKUS_physical_order_create,countryCode,45
0021,LKUS_physical_order_create,shopAddress,45
0021,LKUS_physical_order_create,reviewRepeat,32
0021,LKUS_physical_order_create,shopCityName,45
0021,LKUS_physical_order_create,shopLatitude,45
0021,LKUS_physical_order_create,cidOriginEnum,45
0021,LKUS_physical_order_create,isTaxRequired,45
0021,LKUS_physical_order_create,orderProducts,45
0021,LKUS_physical_order_create,productAmount,45
0021,LKUS_physical_order_create,shopLongitude,45
0021,LKUS_physical_order_create,coffeeStoreList,45
0021,LKUS_physical_order_create,recaptchaV3Token,32
0021,LKUS_physical_order_create,recaptchaV3Action,32
0021,LKUS_physical_order_create,recaptchaV3Enabled,32
0021,LKUS_physical_order_create,packageOrderProducts,45
0021,LKUS_payment,ip,46
0021,LKUS_payment,app,35
0021,LKUS_payment,cid,46
0021,LKUS_payment,uid,46
0021,LKUS_payment,phone,36
0021,LKUS_payment,shopId,46
0021,LKUS_payment,tenant,46
0021,LKUS_payment,userNo,46
0021,LKUS_payment,isGuest,46
0021,LKUS_payment,orderNo,46
0021,LKUS_payment,payType,46
0021,LKUS_payment,version,46
0021,LKUS_payment,payMoney,46
0021,LKUS_payment,orderType,46
0021,LKUS_payment,taxAmount,46
0021,LKUS_payment,uniqueKey,46
0021,LKUS_payment,userAgent,46
0021,LKUS_payment,orderPrice,46
0021,LKUS_payment,countryCode,36
0021,LKUS_payment,reviewRepeat,32
0021,LKUS_payment,cidOriginEnum,46
0021,LKUS_payment,isTaxRequired,46
0021,LKUS_payment,orderProducts,46
0021,LKUS_payment,recaptchaV3Token,32
0021,LKUS_payment,recaptchaV3Action,32
0021,LKUS_payment,recaptchaV3Enabled,32
0021,LKUS_payment,packageOrderProducts,46
0021,LKUS_physical_order_create,did,9
0021,LKUS_physical_order_create,blackBox,9
0021,LKUS_physical_order_create,deviceId,9
0021,LKUS_grant_new_user_coupon,ip,5
0021,LKUS_grant_new_user_coupon,cid,5
0021,LKUS_grant_new_user_coupon,uid,5
0021,LKUS_grant_new_user_coupon,phone,5
0021,LKUS_grant_new_user_coupon,extend,5
0021,LKUS_grant_new_user_coupon,tenant,5
0021,LKUS_grant_new_user_coupon,userNo,5
0021,LKUS_grant_new_user_coupon,sceneId,5
0021,LKUS_grant_new_user_coupon,version,5
0021,LKUS_grant_new_user_coupon,uniqueKey,5
0021,LKUS_grant_new_user_coupon,userAgent,5
0021,LKUS_grant_new_user_coupon,countryCode,5
0021,LKUS_grant_new_user_coupon,reviewRepeat,5
0021,LKUS_grant_new_user_coupon,cidOriginEnum,5
0021,LKUS_grant_new_user_coupon,recaptchaV3Token,5
0021,LKUS_grant_new_user_coupon,recaptchaV3Action,5
0021,LKUS_grant_new_user_coupon,recaptchaV3Enabled,5
0021,LKUS_login,ip,10
0021,LKUS_login,cid,10
0021,LKUS_login,uid,10
0021,LKUS_login,phone,10
0021,LKUS_login,tenant,10
0021,LKUS_login,userNo,10
0021,LKUS_login,version,10
0021,LKUS_login,uniqueKey,10
0021,LKUS_login,userAgent,10
0021,LKUS_login,countryCode,10
0021,LKUS_login,reviewRepeat,9
0021,LKUS_login,cidOriginEnum,10
0021,LKUS_login,recaptchaV3Token,9
0021,LKUS_login,recaptchaV3Action,9
0021,LKUS_login,recaptchaV3Enabled,9
0021,LKUS_grant_new_user_coupon,app,4
0021,LKUS_login,app,8
0021,LKUS_register,ip,4
0021,LKUS_register,app,4
0021,LKUS_register,cid,4
0021,LKUS_register,uid,4
0021,LKUS_register,phone,4
0021,LKUS_register,tenant,4
0021,LKUS_register,version,4
0021,LKUS_register,uniqueKey,4
0021,LKUS_register,userAgent,4
0021,LKUS_register,countryCode,4
0021,LKUS_register,reviewRepeat,4
0021,LKUS_register,cidOriginEnum,4
0021,LKUS_register,recaptchaV3Token,4
0021,LKUS_register,recaptchaV3Action,4
0021,LKUS_register,recaptchaV3Enabled,4
0021,LKUS_physical_order_create,packagingBagPrice,1
0021,LKUS_physical_order_create,packagingBagNumber,1
0021,LKUS_payment,packagingBagPrice,1
0021,LKUS_payment,packagingBagNumber,1
0022,LKUS_push,ip,73
0022,LKUS_push,app,70
0022,LKUS_push,cid,73
0022,LKUS_push,uid,73
0022,LKUS_push,phone,73
0022,LKUS_push,tenant,73
0022,LKUS_push,version,73
0022,LKUS_push,uniqueKey,73
0022,LKUS_push,userAgent,73
0022,LKUS_push,countryCode,73
0022,LKUS_push,reviewRepeat,71
0022,LKUS_push,cidOriginEnum,73
0022,LKUS_push,recaptchaV3Token,71
0022,LKUS_push,recaptchaV3Action,71
0022,LKUS_push,recaptchaV3Enabled,71
0022,LKUS_register,ip,10
0022,LKUS_register,app,8
0022,LKUS_register,cid,10
0022,LKUS_register,uid,10
0022,LKUS_register,phone,10
0022,LKUS_register,tenant,10
0022,LKUS_register,version,10
0022,LKUS_register,uniqueKey,10
0022,LKUS_register,userAgent,10
0022,LKUS_register,countryCode,10
0022,LKUS_register,reviewRepeat,9
0022,LKUS_register,cidOriginEnum,10
0022,LKUS_register,recaptchaV3Token,9
0022,LKUS_register,recaptchaV3Action,9
0022,LKUS_register,recaptchaV3Enabled,9
0022,LKUS_payment,ip,41
0022,LKUS_payment,cid,41
0022,LKUS_payment,uid,41
0022,LKUS_payment,shopId,41
0022,LKUS_payment,tenant,41
0022,LKUS_payment,userNo,41
0022,LKUS_payment,isGuest,41
0022,LKUS_payment,orderNo,41
0022,LKUS_payment,payType,41
0022,LKUS_payment,version,41
0022,LKUS_payment,payMoney,41
0022,LKUS_payment,orderType,41
0022,LKUS_payment,taxAmount,41
0022,LKUS_payment,uniqueKey,41
0022,LKUS_payment,userAgent,41
0022,LKUS_payment,orderPrice,41
0022,LKUS_payment,cidOriginEnum,41
0022,LKUS_payment,isTaxRequired,41
0022,LKUS_payment,orderProducts,41
0022,LKUS_payment,packageOrderProducts,41
0022,LKUS_physical_order_create,ip,42
0022,LKUS_physical_order_create,cid,42
0022,LKUS_physical_order_create,did,8
0022,LKUS_physical_order_create,uid,42
0022,LKUS_physical_order_create,shopId,42
0022,LKUS_physical_order_create,tenant,42
0022,LKUS_physical_order_create,userNo,42
0022,LKUS_physical_order_create,isGuest,42
0022,LKUS_physical_order_create,version,42
0022,LKUS_physical_order_create,blackBox,8
0022,LKUS_physical_order_create,deviceId,8
0022,LKUS_physical_order_create,orderType,42
0022,LKUS_physical_order_create,taxAmount,42
0022,LKUS_physical_order_create,uniqueKey,42
0022,LKUS_physical_order_create,userAgent,42
0022,LKUS_physical_order_create,couponList,42
0022,LKUS_physical_order_create,orderPrice,41
0022,LKUS_physical_order_create,countryCode,42
0022,LKUS_physical_order_create,shopAddress,42
0022,LKUS_physical_order_create,shopCityName,42
0022,LKUS_physical_order_create,shopLatitude,42
0022,LKUS_physical_order_create,cidOriginEnum,42
0022,LKUS_physical_order_create,isTaxRequired,42
0022,LKUS_physical_order_create,orderProducts,42
0022,LKUS_physical_order_create,productAmount,42
0022,LKUS_physical_order_create,shopLongitude,42
0022,LKUS_physical_order_create,coffeeStoreList,42
0022,LKUS_physical_order_create,packageOrderProducts,42
0022,LKUS_physical_order_create,app,34
0022,LKUS_physical_order_create,phone,34
0022,LKUS_physical_order_create,latitude,34
0022,LKUS_physical_order_create,longitude,34
0022,LKUS_physical_order_create,reviewRepeat,33
0022,LKUS_physical_order_create,recaptchaV3Token,33
0022,LKUS_physical_order_create,recaptchaV3Action,33
0022,LKUS_physical_order_create,recaptchaV3Enabled,33
0022,LKUS_payment,app,33
0022,LKUS_payment,phone,33
0022,LKUS_payment,countryCode,33
0022,LKUS_payment,reviewRepeat,32
0022,LKUS_payment,recaptchaV3Token,32
0022,LKUS_payment,recaptchaV3Action,32
0022,LKUS_payment,recaptchaV3Enabled,32
0022,LKUS_login,ip,9
0022,LKUS_login,app,9
0022,LKUS_login,cid,9
0022,LKUS_login,uid,9
0022,LKUS_login,phone,9
0022,LKUS_login,tenant,9
0022,LKUS_login,userNo,9
0022,LKUS_login,version,9
0022,LKUS_login,uniqueKey,9
0022,LKUS_login,userAgent,9
0022,LKUS_login,countryCode,9
0022,LKUS_login,reviewRepeat,9
0022,LKUS_login,cidOriginEnum,9
0022,LKUS_login,recaptchaV3Token,9
0022,LKUS_login,recaptchaV3Action,9
0022,LKUS_login,recaptchaV3Enabled,9
0022,LKUS_grant_new_user_coupon,ip,6
0022,LKUS_grant_new_user_coupon,app,6
0022,LKUS_grant_new_user_coupon,cid,6
0022,LKUS_grant_new_user_coupon,uid,6
0022,LKUS_grant_new_user_coupon,phone,6
0022,LKUS_grant_new_user_coupon,extend,6
0022,LKUS_grant_new_user_coupon,tenant,6
0022,LKUS_grant_new_user_coupon,userNo,6
0022,LKUS_grant_new_user_coupon,sceneId,6
0022,LKUS_grant_new_user_coupon,version,6
0022,LKUS_grant_new_user_coupon,uniqueKey,6
0022,LKUS_grant_new_user_coupon,userAgent,6
0022,LKUS_grant_new_user_coupon,countryCode,6
0022,LKUS_grant_new_user_coupon,reviewRepeat,6
0022,LKUS_grant_new_user_coupon,cidOriginEnum,6
0022,LKUS_grant_new_user_coupon,recaptchaV3Token,6
0022,LKUS_grant_new_user_coupon,recaptchaV3Action,6
0022,LKUS_grant_new_user_coupon,recaptchaV3Enabled,6
0022,LKUS_push,userNo,2
0023,LKUS_push,ip,54
0023,LKUS_push,app,52
0023,LKUS_push,cid,54
0023,LKUS_push,uid,54
0023,LKUS_push,phone,54
0023,LKUS_push,tenant,54
0023,LKUS_push,version,54
0023,LKUS_push,uniqueKey,54
0023,LKUS_push,userAgent,54
0023,LKUS_push,countryCode,54
0023,LKUS_push,reviewRepeat,53
0023,LKUS_push,cidOriginEnum,54
0023,LKUS_push,recaptchaV3Token,53
0023,LKUS_push,recaptchaV3Action,53
0023,LKUS_push,recaptchaV3Enabled,53
0023,LKUS_register,ip,8
0023,LKUS_register,app,6
0023,LKUS_register,cid,8
0023,LKUS_register,uid,8
0023,LKUS_register,phone,8
0023,LKUS_register,tenant,8
0023,LKUS_register,version,8
0023,LKUS_register,uniqueKey,8
0023,LKUS_register,userAgent,8
0023,LKUS_register,countryCode,8
0023,LKUS_register,reviewRepeat,7
0023,LKUS_register,cidOriginEnum,8
0023,LKUS_register,recaptchaV3Token,7
0023,LKUS_register,recaptchaV3Action,7
0023,LKUS_register,recaptchaV3Enabled,7
0023,LKUS_physical_order_create,ip,39
0023,LKUS_physical_order_create,cid,39
0023,LKUS_physical_order_create,did,8
0023,LKUS_physical_order_create,uid,39
0023,LKUS_physical_order_create,shopId,39
0023,LKUS_physical_order_create,tenant,39
0023,LKUS_physical_order_create,userNo,39
0023,LKUS_physical_order_create,isGuest,39
0023,LKUS_physical_order_create,version,39
0023,LKUS_physical_order_create,blackBox,8
0023,LKUS_physical_order_create,deviceId,8
0023,LKUS_physical_order_create,orderType,39
0023,LKUS_physical_order_create,taxAmount,39
0023,LKUS_physical_order_create,uniqueKey,39
0023,LKUS_physical_order_create,userAgent,39
0023,LKUS_physical_order_create,couponList,39
0023,LKUS_physical_order_create,orderPrice,39
0023,LKUS_physical_order_create,countryCode,39
0023,LKUS_physical_order_create,shopAddress,39
0023,LKUS_physical_order_create,shopCityName,39
0023,LKUS_physical_order_create,shopLatitude,39
0023,LKUS_physical_order_create,cidOriginEnum,39
0023,LKUS_physical_order_create,isTaxRequired,39
0023,LKUS_physical_order_create,orderProducts,39
0023,LKUS_physical_order_create,productAmount,39
0023,LKUS_physical_order_create,shopLongitude,39
0023,LKUS_physical_order_create,coffeeStoreList,39
0023,LKUS_physical_order_create,packageOrderProducts,39
0023,LKUS_payment,ip,39
0023,LKUS_payment,cid,39
0023,LKUS_payment,uid,39
0023,LKUS_payment,shopId,39
0023,LKUS_payment,tenant,39
0023,LKUS_payment,userNo,39
0023,LKUS_payment,isGuest,39
0023,LKUS_payment,orderNo,39
0023,LKUS_payment,payType,39
0023,LKUS_payment,version,39
0023,LKUS_payment,payMoney,39
0023,LKUS_payment,orderType,39
0023,LKUS_payment,taxAmount,39
0023,LKUS_payment,uniqueKey,39
0023,LKUS_payment,userAgent,39
0023,LKUS_payment,orderPrice,39
0023,LKUS_payment,cidOriginEnum,39
0023,LKUS_payment,isTaxRequired,39
0023,LKUS_payment,orderProducts,39
0023,LKUS_payment,packageOrderProducts,39
0023,LKUS_physical_order_create,app,30
0023,LKUS_physical_order_create,phone,31
0023,LKUS_physical_order_create,latitude,31
0023,LKUS_physical_order_create,longitude,31
0023,LKUS_physical_order_create,reviewRepeat,31
0023,LKUS_physical_order_create,recaptchaV3Token,31
0023,LKUS_physical_order_create,recaptchaV3Action,31
0023,LKUS_physical_order_create,recaptchaV3Enabled,31
0023,LKUS_payment,app,30
0023,LKUS_payment,phone,31
0023,LKUS_payment,countryCode,31
0023,LKUS_payment,reviewRepeat,31
0023,LKUS_payment,recaptchaV3Token,31
0023,LKUS_payment,recaptchaV3Action,31
0023,LKUS_payment,recaptchaV3Enabled,31
0023,LKUS_push,userNo,1
0023,LKUS_login,ip,8
0023,LKUS_login,app,7
0023,LKUS_login,cid,8
0023,LKUS_login,uid,8
0023,LKUS_login,phone,8
0023,LKUS_login,tenant,8
0023,LKUS_login,userNo,8
0023,LKUS_login,version,8
0023,LKUS_login,uniqueKey,8
0023,LKUS_login,userAgent,8
0023,LKUS_login,countryCode,8
0023,LKUS_login,reviewRepeat,8
0023,LKUS_login,cidOriginEnum,8
0023,LKUS_login,recaptchaV3Token,8
0023,LKUS_login,recaptchaV3Action,8
0023,LKUS_login,recaptchaV3Enabled,8
0023,LKUS_grant_new_user_coupon,ip,6
0023,LKUS_grant_new_user_coupon,app,6
0023,LKUS_grant_new_user_coupon,cid,6
0023,LKUS_grant_new_user_coupon,uid,6
0023,LKUS_grant_new_user_coupon,phone,6
0023,LKUS_grant_new_user_coupon,extend,6
0023,LKUS_grant_new_user_coupon,tenant,6
0023,LKUS_grant_new_user_coupon,userNo,6
0023,LKUS_grant_new_user_coupon,sceneId,6
0023,LKUS_grant_new_user_coupon,version,6
0023,LKUS_grant_new_user_coupon,uniqueKey,6
0023,LKUS_grant_new_user_coupon,userAgent,6
0023,LKUS_grant_new_user_coupon,countryCode,6
0023,LKUS_grant_new_user_coupon,reviewRepeat,6
0023,LKUS_grant_new_user_coupon,cidOriginEnum,6
0023,LKUS_grant_new_user_coupon,recaptchaV3Token,6
0023,LKUS_grant_new_user_coupon,recaptchaV3Action,6
0023,LKUS_grant_new_user_coupon,recaptchaV3Enabled,6
0024,LKUS_push,ip,29
0024,LKUS_push,app,28
0024,LKUS_push,cid,29
0024,LKUS_push,uid,29
0024,LKUS_push,phone,29
0024,LKUS_push,tenant,29
0024,LKUS_push,version,29
0024,LKUS_push,uniqueKey,29
0024,LKUS_push,userAgent,29
0024,LKUS_push,countryCode,29
0024,LKUS_push,reviewRepeat,28
0024,LKUS_push,cidOriginEnum,29
0024,LKUS_push,recaptchaV3Token,28
0024,LKUS_push,recaptchaV3Action,28
0024,LKUS_push,recaptchaV3Enabled,28
0024,LKUS_physical_order_create,ip,39
0024,LKUS_physical_order_create,cid,39
0024,LKUS_physical_order_create,did,10
0024,LKUS_physical_order_create,uid,39
0024,LKUS_physical_order_create,shopId,39
0024,LKUS_physical_order_create,tenant,39
0024,LKUS_physical_order_create,userNo,39
0024,LKUS_physical_order_create,isGuest,39
0024,LKUS_physical_order_create,version,39
0024,LKUS_physical_order_create,blackBox,10
0024,LKUS_physical_order_create,deviceId,10
0024,LKUS_physical_order_create,orderType,39
0024,LKUS_physical_order_create,taxAmount,39
0024,LKUS_physical_order_create,uniqueKey,39
0024,LKUS_physical_order_create,userAgent,39
0024,LKUS_physical_order_create,couponList,39
0024,LKUS_physical_order_create,orderPrice,39
0024,LKUS_physical_order_create,countryCode,39
0024,LKUS_physical_order_create,shopAddress,39
0024,LKUS_physical_order_create,shopCityName,39
0024,LKUS_physical_order_create,shopLatitude,39
0024,LKUS_physical_order_create,cidOriginEnum,39
0024,LKUS_physical_order_create,isTaxRequired,39
0024,LKUS_physical_order_create,orderProducts,39
0024,LKUS_physical_order_create,productAmount,39
0024,LKUS_physical_order_create,shopLongitude,39
0024,LKUS_physical_order_create,coffeeStoreList,39
0024,LKUS_physical_order_create,packageOrderProducts,39
0024,LKUS_payment,ip,39
0024,LKUS_payment,cid,39
0024,LKUS_payment,uid,39
0024,LKUS_payment,shopId,39
0024,LKUS_payment,tenant,39
0024,LKUS_payment,userNo,39
0024,LKUS_payment,isGuest,39
0024,LKUS_payment,orderNo,39
0024,LKUS_payment,payType,39
0024,LKUS_payment,version,39
0024,LKUS_payment,payMoney,39
0024,LKUS_payment,orderType,39
0024,LKUS_payment,taxAmount,39
0024,LKUS_payment,uniqueKey,39
0024,LKUS_payment,userAgent,39
0024,LKUS_payment,orderPrice,39
0024,LKUS_payment,cidOriginEnum,39
0024,LKUS_payment,isTaxRequired,39
0024,LKUS_payment,orderProducts,39
0024,LKUS_payment,packageOrderProducts,39
0024,LKUS_payment,app,28
0024,LKUS_payment,phone,29
0024,LKUS_payment,countryCode,29
0024,LKUS_payment,reviewRepeat,28
0024,LKUS_payment,recaptchaV3Token,28
0024,LKUS_payment,recaptchaV3Action,28
0024,LKUS_payment,recaptchaV3Enabled,28
0024,LKUS_physical_order_create,app,28
0024,LKUS_physical_order_create,phone,29
0024,LKUS_physical_order_create,latitude,29
0024,LKUS_physical_order_create,longitude,29
0024,LKUS_physical_order_create,reviewRepeat,28
0024,LKUS_physical_order_create,recaptchaV3Token,28
0024,LKUS_physical_order_create,recaptchaV3Action,28
0024,LKUS_physical_order_create,recaptchaV3Enabled,28
0024,LKUS_register,ip,8
0024,LKUS_register,app,8
0024,LKUS_register,cid,8
0024,LKUS_register,uid,8
0024,LKUS_register,phone,8
0024,LKUS_register,tenant,8
0024,LKUS_register,version,8
0024,LKUS_register,uniqueKey,8
0024,LKUS_register,userAgent,8
0024,LKUS_register,countryCode,8
0024,LKUS_register,reviewRepeat,8
0024,LKUS_register,cidOriginEnum,8
0024,LKUS_register,recaptchaV3Token,8
0024,LKUS_register,recaptchaV3Action,8
0024,LKUS_register,recaptchaV3Enabled,8
0024,LKUS_physical_order_cancel,ip,1
0024,LKUS_physical_order_cancel,app,1
0024,LKUS_physical_order_cancel,cid,1
0024,LKUS_physical_order_cancel,uid,1
0024,LKUS_physical_order_cancel,phone,1
0024,LKUS_physical_order_cancel,shopId,1
0024,LKUS_physical_order_cancel,tenant,1
0024,LKUS_physical_order_cancel,userNo,1
0024,LKUS_physical_order_cancel,isGuest,1
0024,LKUS_physical_order_cancel,orderNo,1
0024,LKUS_physical_order_cancel,version,1
0024,LKUS_physical_order_cancel,shopCity,1
0024,LKUS_physical_order_cancel,uniqueKey,1
0024,LKUS_physical_order_cancel,userAgent,1
0024,LKUS_physical_order_cancel,countryCode,1
0024,LKUS_physical_order_cancel,totalOfMade,1
0024,LKUS_physical_order_cancel,reviewRepeat,1
0024,LKUS_physical_order_cancel,cidOriginEnum,1
0024,LKUS_physical_order_cancel,cancelTypeEnum,1
0024,LKUS_physical_order_cancel,recaptchaV3Token,1
0024,LKUS_physical_order_cancel,recaptchaV3Action,1
0024,LKUS_physical_order_cancel,recaptchaV3Enabled,1
0024,LKUS_grant_new_user_coupon,ip,7
0024,LKUS_grant_new_user_coupon,app,6
0024,LKUS_grant_new_user_coupon,cid,7
0024,LKUS_grant_new_user_coupon,uid,7
0024,LKUS_grant_new_user_coupon,phone,7
0024,LKUS_grant_new_user_coupon,extend,7
0024,LKUS_grant_new_user_coupon,tenant,7
0024,LKUS_grant_new_user_coupon,userNo,7
0024,LKUS_grant_new_user_coupon,sceneId,7
0024,LKUS_grant_new_user_coupon,version,7
0024,LKUS_grant_new_user_coupon,uniqueKey,7
0024,LKUS_grant_new_user_coupon,userAgent,7
0024,LKUS_grant_new_user_coupon,countryCode,7
0024,LKUS_grant_new_user_coupon,reviewRepeat,7
0024,LKUS_grant_new_user_coupon,cidOriginEnum,7
0024,LKUS_grant_new_user_coupon,recaptchaV3Token,7
0024,LKUS_grant_new_user_coupon,recaptchaV3Action,7
0024,LKUS_grant_new_user_coupon,recaptchaV3Enabled,7
0024,LKUS_login,ip,9
0024,LKUS_login,app,7
0024,LKUS_login,cid,9
0024,LKUS_login,uid,9
0024,LKUS_login,phone,9
0024,LKUS_login,tenant,9
0024,LKUS_login,userNo,9
0024,LKUS_login,version,9
0024,LKUS_login,uniqueKey,9
0024,LKUS_login,userAgent,9
0024,LKUS_login,countryCode,9
0024,LKUS_login,reviewRepeat,9
0024,LKUS_login,cidOriginEnum,9
0024,LKUS_login,recaptchaV3Token,9
0024,LKUS_login,recaptchaV3Action,9
0024,LKUS_login,recaptchaV3Enabled,9
0024,LKUS_push,userNo,1
0025,LKUS_push,ip,29
0025,LKUS_push,app,29
0025,LKUS_push,cid,29
0025,LKUS_push,uid,29
0025,LKUS_push,phone,29
0025,LKUS_push,tenant,29
0025,LKUS_push,version,29
0025,LKUS_push,uniqueKey,29
0025,LKUS_push,userAgent,29
0025,LKUS_push,countryCode,29
0025,LKUS_push,reviewRepeat,29
0025,LKUS_push,cidOriginEnum,29
0025,LKUS_push,recaptchaV3Token,29
0025,LKUS_push,recaptchaV3Action,29
0025,LKUS_push,recaptchaV3Enabled,29
0025,LKUS_login,ip,16
0025,LKUS_login,app,13
0025,LKUS_login,cid,16
0025,LKUS_login,uid,16
0025,LKUS_login,phone,16
0025,LKUS_login,tenant,16
0025,LKUS_login,userNo,16
0025,LKUS_login,version,16
0025,LKUS_login,uniqueKey,16
0025,LKUS_login,userAgent,16
0025,LKUS_login,countryCode,16
0025,LKUS_login,reviewRepeat,15
0025,LKUS_login,cidOriginEnum,16
0025,LKUS_login,recaptchaV3Token,15
0025,LKUS_login,recaptchaV3Action,15
0025,LKUS_login,recaptchaV3Enabled,15
0025,LKUS_grant_new_user_coupon,ip,11
0025,LKUS_grant_new_user_coupon,app,10
0025,LKUS_grant_new_user_coupon,cid,11
0025,LKUS_grant_new_user_coupon,uid,11
0025,LKUS_grant_new_user_coupon,phone,11
0025,LKUS_grant_new_user_coupon,extend,11
0025,LKUS_grant_new_user_coupon,tenant,11
0025,LKUS_grant_new_user_coupon,userNo,11
0025,LKUS_grant_new_user_coupon,sceneId,11
0025,LKUS_grant_new_user_coupon,version,11
0025,LKUS_grant_new_user_coupon,uniqueKey,11
0025,LKUS_grant_new_user_coupon,userAgent,11
0025,LKUS_grant_new_user_coupon,countryCode,11
0025,LKUS_grant_new_user_coupon,reviewRepeat,11
0025,LKUS_grant_new_user_coupon,cidOriginEnum,11
0025,LKUS_grant_new_user_coupon,recaptchaV3Token,11
0025,LKUS_grant_new_user_coupon,recaptchaV3Action,11
0025,LKUS_grant_new_user_coupon,recaptchaV3Enabled,11
0025,LKUS_physical_order_create,ip,52
0025,LKUS_physical_order_create,app,40
0025,LKUS_physical_order_create,cid,52
0025,LKUS_physical_order_create,uid,52
0025,LKUS_physical_order_create,phone,41
0025,LKUS_physical_order_create,shopId,52
0025,LKUS_physical_order_create,tenant,52
0025,LKUS_physical_order_create,userNo,52
0025,LKUS_physical_order_create,isGuest,52
0025,LKUS_physical_order_create,version,52
0025,LKUS_physical_order_create,latitude,41
0025,LKUS_physical_order_create,longitude,41
0025,LKUS_physical_order_create,orderType,52
0025,LKUS_physical_order_create,taxAmount,52
0025,LKUS_physical_order_create,uniqueKey,52
0025,LKUS_physical_order_create,userAgent,52
0025,LKUS_physical_order_create,couponList,52
0025,LKUS_physical_order_create,orderPrice,52
0025,LKUS_physical_order_create,countryCode,52
0025,LKUS_physical_order_create,shopAddress,52
0025,LKUS_physical_order_create,shopCityName,52
0025,LKUS_physical_order_create,shopLatitude,52
0025,LKUS_physical_order_create,cidOriginEnum,52
0025,LKUS_physical_order_create,isTaxRequired,52
0025,LKUS_physical_order_create,orderProducts,52
0025,LKUS_physical_order_create,productAmount,52
0025,LKUS_physical_order_create,shopLongitude,52
0025,LKUS_physical_order_create,coffeeStoreList,52
0025,LKUS_physical_order_create,packageOrderProducts,52
0025,LKUS_payment,ip,53
0025,LKUS_payment,app,41
0025,LKUS_payment,cid,53
0025,LKUS_payment,uid,53
0025,LKUS_payment,phone,42
0025,LKUS_payment,shopId,53
0025,LKUS_payment,tenant,53
0025,LKUS_payment,userNo,53
0025,LKUS_payment,isGuest,53
0025,LKUS_payment,orderNo,53
0025,LKUS_payment,payType,53
0025,LKUS_payment,version,53
0025,LKUS_payment,payMoney,53
0025,LKUS_payment,orderType,53
0025,LKUS_payment,taxAmount,53
0025,LKUS_payment,uniqueKey,53
0025,LKUS_payment,userAgent,53
0025,LKUS_payment,orderPrice,53
0025,LKUS_payment,countryCode,42
0025,LKUS_payment,cidOriginEnum,53
0025,LKUS_payment,isTaxRequired,53
0025,LKUS_payment,orderProducts,53
0025,LKUS_payment,packageOrderProducts,53
0025,LKUS_physical_order_create,reviewRepeat,38
0025,LKUS_physical_order_create,recaptchaV3Token,38
0025,LKUS_physical_order_create,recaptchaV3Action,38
0025,LKUS_physical_order_create,recaptchaV3Enabled,38
0025,LKUS_payment,reviewRepeat,39
0025,LKUS_payment,recaptchaV3Token,39
0025,LKUS_payment,recaptchaV3Action,39
0025,LKUS_payment,recaptchaV3Enabled,39
0025,LKUS_register,ip,3
0025,LKUS_register,app,3
0025,LKUS_register,cid,3
0025,LKUS_register,uid,3
0025,LKUS_register,phone,3
0025,LKUS_register,tenant,3
0025,LKUS_register,version,3
0025,LKUS_register,uniqueKey,3
0025,LKUS_register,userAgent,3
0025,LKUS_register,countryCode,3
0025,LKUS_register,reviewRepeat,3
0025,LKUS_register,cidOriginEnum,3
0025,LKUS_register,recaptchaV3Token,3
0025,LKUS_register,recaptchaV3Action,3
0025,LKUS_register,recaptchaV3Enabled,3
0025,LKUS_physical_order_create,did,11
0025,LKUS_physical_order_create,blackBox,11
0025,LKUS_physical_order_create,deviceId,11
0025,LKUS_physical_order_create,packagingBagPrice,3
0025,LKUS_physical_order_create,packagingBagNumber,3
0025,LKUS_payment,packagingBagPrice,3
0025,LKUS_payment,packagingBagNumber,3
0026,LKUS_push,ip,53
0026,LKUS_push,app,50
0026,LKUS_push,cid,53
0026,LKUS_push,uid,53
0026,LKUS_push,phone,53
0026,LKUS_push,tenant,53
0026,LKUS_push,version,53
0026,LKUS_push,uniqueKey,53
0026,LKUS_push,userAgent,53
0026,LKUS_push,countryCode,53
0026,LKUS_push,reviewRepeat,51
0026,LKUS_push,cidOriginEnum,53
0026,LKUS_push,recaptchaV3Token,51
0026,LKUS_push,recaptchaV3Action,51
0026,LKUS_push,recaptchaV3Enabled,51
0026,LKUS_physical_order_create,ip,49
0026,LKUS_physical_order_create,app,39
0026,LKUS_physical_order_create,cid,49
0026,LKUS_physical_order_create,uid,49
0026,LKUS_physical_order_create,phone,41
0026,LKUS_physical_order_create,shopId,49
0026,LKUS_physical_order_create,tenant,49
0026,LKUS_physical_order_create,userNo,49
0026,LKUS_physical_order_create,isGuest,49
0026,LKUS_physical_order_create,version,49
0026,LKUS_physical_order_create,latitude,40
0026,LKUS_physical_order_create,longitude,40
0026,LKUS_physical_order_create,orderType,49
0026,LKUS_physical_order_create,taxAmount,49
0026,LKUS_physical_order_create,uniqueKey,49
0026,LKUS_physical_order_create,userAgent,49
0026,LKUS_physical_order_create,couponList,49
0026,LKUS_physical_order_create,orderPrice,48
0026,LKUS_physical_order_create,countryCode,49
0026,LKUS_physical_order_create,shopAddress,49
0026,LKUS_physical_order_create,reviewRepeat,36
0026,LKUS_physical_order_create,shopCityName,49
0026,LKUS_physical_order_create,shopLatitude,49
0026,LKUS_physical_order_create,cidOriginEnum,49
0026,LKUS_physical_order_create,isTaxRequired,49
0026,LKUS_physical_order_create,orderProducts,49
0026,LKUS_physical_order_create,productAmount,49
0026,LKUS_physical_order_create,shopLongitude,49
0026,LKUS_physical_order_create,coffeeStoreList,49
0026,LKUS_physical_order_create,recaptchaV3Token,36
0026,LKUS_physical_order_create,recaptchaV3Action,36
0026,LKUS_physical_order_create,recaptchaV3Enabled,36
0026,LKUS_physical_order_create,packageOrderProducts,49
0026,LKUS_payment,ip,47
0026,LKUS_payment,app,37
0026,LKUS_payment,cid,47
0026,LKUS_payment,uid,47
0026,LKUS_payment,phone,39
0026,LKUS_payment,shopId,47
0026,LKUS_payment,tenant,47
0026,LKUS_payment,userNo,47
0026,LKUS_payment,isGuest,47
0026,LKUS_payment,orderNo,47
0026,LKUS_payment,payType,47
0026,LKUS_payment,version,47
0026,LKUS_payment,payMoney,47
0026,LKUS_payment,orderType,47
0026,LKUS_payment,taxAmount,47
0026,LKUS_payment,uniqueKey,47
0026,LKUS_payment,userAgent,47
0026,LKUS_payment,orderPrice,47
0026,LKUS_payment,countryCode,39
0026,LKUS_payment,reviewRepeat,34
0026,LKUS_payment,cidOriginEnum,47
0026,LKUS_payment,isTaxRequired,47
0026,LKUS_payment,orderProducts,47
0026,LKUS_payment,recaptchaV3Token,34
0026,LKUS_payment,recaptchaV3Action,34
0026,LKUS_payment,recaptchaV3Enabled,34
0026,LKUS_payment,packageOrderProducts,47
0026,LKUS_physical_order_create,did,9
0026,LKUS_physical_order_create,blackBox,9
0026,LKUS_physical_order_create,deviceId,9
0026,LKUS_login,ip,19
0026,LKUS_login,app,13
0026,LKUS_login,cid,19
0026,LKUS_login,uid,19
0026,LKUS_login,phone,19
0026,LKUS_login,tenant,19
0026,LKUS_login,userNo,19
0026,LKUS_login,version,19
0026,LKUS_login,uniqueKey,19
0026,LKUS_login,userAgent,19
0026,LKUS_login,countryCode,19
0026,LKUS_login,reviewRepeat,16
0026,LKUS_login,cidOriginEnum,19
0026,LKUS_login,recaptchaV3Token,16
0026,LKUS_login,recaptchaV3Action,16
0026,LKUS_login,recaptchaV3Enabled,16
0026,LKUS_physical_order_create,packagingBagPrice,3
0026,LKUS_physical_order_create,packagingBagNumber,3
0026,LKUS_payment,packagingBagPrice,3
0026,LKUS_payment,packagingBagNumber,3
0026,LKUS_register,ip,10
0026,LKUS_register,app,9
0026,LKUS_register,cid,10
0026,LKUS_register,uid,10
0026,LKUS_register,phone,10
0026,LKUS_register,tenant,10
0026,LKUS_register,version,10
0026,LKUS_register,uniqueKey,10
0026,LKUS_register,userAgent,10
0026,LKUS_register,countryCode,10
0026,LKUS_register,reviewRepeat,10
0026,LKUS_register,cidOriginEnum,10
0026,LKUS_register,recaptchaV3Token,10
0026,LKUS_register,recaptchaV3Action,10
0026,LKUS_register,recaptchaV3Enabled,10
0026,LKUS_grant_new_user_coupon,ip,11
0026,LKUS_grant_new_user_coupon,cid,11
0026,LKUS_grant_new_user_coupon,uid,11
0026,LKUS_grant_new_user_coupon,phone,11
0026,LKUS_grant_new_user_coupon,extend,11
0026,LKUS_grant_new_user_coupon,tenant,11
0026,LKUS_grant_new_user_coupon,userNo,11
0026,LKUS_grant_new_user_coupon,sceneId,11
0026,LKUS_grant_new_user_coupon,version,11
0026,LKUS_grant_new_user_coupon,uniqueKey,11
0026,LKUS_grant_new_user_coupon,userAgent,11
0026,LKUS_grant_new_user_coupon,countryCode,11
0026,LKUS_grant_new_user_coupon,reviewRepeat,11
0026,LKUS_grant_new_user_coupon,cidOriginEnum,11
0026,LKUS_grant_new_user_coupon,recaptchaV3Token,11
0026,LKUS_grant_new_user_coupon,recaptchaV3Action,11
0026,LKUS_grant_new_user_coupon,recaptchaV3Enabled,11
0026,LKUS_grant_new_user_coupon,app,8
0026,LKUS_push,userNo,2
0026,LKUS_physical_order_cancel,ip,1
0026,LKUS_physical_order_cancel,app,1
0026,LKUS_physical_order_cancel,cid,1
0026,LKUS_physical_order_cancel,uid,1
0026,LKUS_physical_order_cancel,phone,1
0026,LKUS_physical_order_cancel,shopId,1
0026,LKUS_physical_order_cancel,tenant,1
0026,LKUS_physical_order_cancel,userNo,1
0026,LKUS_physical_order_cancel,isGuest,1
0026,LKUS_physical_order_cancel,orderNo,1
0026,LKUS_physical_order_cancel,version,1
0026,LKUS_physical_order_cancel,shopCity,1
0026,LKUS_physical_order_cancel,uniqueKey,1
0026,LKUS_physical_order_cancel,userAgent,1
0026,LKUS_physical_order_cancel,countryCode,1
0026,LKUS_physical_order_cancel,totalOfMade,1
0026,LKUS_physical_order_cancel,reviewRepeat,1
0026,LKUS_physical_order_cancel,cidOriginEnum,1
0026,LKUS_physical_order_cancel,cancelTypeEnum,1
0026,LKUS_physical_order_cancel,recaptchaV3Token,1
0026,LKUS_physical_order_cancel,recaptchaV3Action,1
0026,LKUS_physical_order_cancel,recaptchaV3Enabled,1
0027,LKUS_push,ip,50
0027,LKUS_push,app,45
0027,LKUS_push,cid,50
0027,LKUS_push,uid,50
0027,LKUS_push,phone,50
0027,LKUS_push,tenant,50
0027,LKUS_push,version,50
0027,LKUS_push,uniqueKey,50
0027,LKUS_push,userAgent,50
0027,LKUS_push,countryCode,50
0027,LKUS_push,reviewRepeat,47
0027,LKUS_push,cidOriginEnum,50
0027,LKUS_push,recaptchaV3Token,47
0027,LKUS_push,recaptchaV3Action,47
0027,LKUS_push,recaptchaV3Enabled,47
0027,LKUS_physical_order_create,ip,36
0027,LKUS_physical_order_create,app,26
0027,LKUS_physical_order_create,cid,36
0027,LKUS_physical_order_create,uid,36
0027,LKUS_physical_order_create,phone,28
0027,LKUS_physical_order_create,shopId,36
0027,LKUS_physical_order_create,tenant,36
0027,LKUS_physical_order_create,userNo,36
0027,LKUS_physical_order_create,isGuest,36
0027,LKUS_physical_order_create,version,36
0027,LKUS_physical_order_create,latitude,28
0027,LKUS_physical_order_create,longitude,28
0027,LKUS_physical_order_create,orderType,36
0027,LKUS_physical_order_create,taxAmount,36
0027,LKUS_physical_order_create,uniqueKey,36
0027,LKUS_physical_order_create,userAgent,36
0027,LKUS_physical_order_create,couponList,36
0027,LKUS_physical_order_create,orderPrice,36
0027,LKUS_physical_order_create,countryCode,36
0027,LKUS_physical_order_create,shopAddress,36
0027,LKUS_physical_order_create,reviewRepeat,27
0027,LKUS_physical_order_create,shopCityName,36
0027,LKUS_physical_order_create,shopLatitude,36
0027,LKUS_physical_order_create,cidOriginEnum,36
0027,LKUS_physical_order_create,isTaxRequired,36
0027,LKUS_physical_order_create,orderProducts,36
0027,LKUS_physical_order_create,productAmount,36
0027,LKUS_physical_order_create,shopLongitude,36
0027,LKUS_physical_order_create,coffeeStoreList,36
0027,LKUS_physical_order_create,recaptchaV3Token,27
0027,LKUS_physical_order_create,recaptchaV3Action,27
0027,LKUS_physical_order_create,recaptchaV3Enabled,27
0027,LKUS_physical_order_create,packageOrderProducts,36
0027,LKUS_payment,ip,36
0027,LKUS_payment,app,26
0027,LKUS_payment,cid,36
0027,LKUS_payment,uid,36
0027,LKUS_payment,phone,28
0027,LKUS_payment,shopId,36
0027,LKUS_payment,tenant,36
0027,LKUS_payment,userNo,36
0027,LKUS_payment,isGuest,36
0027,LKUS_payment,orderNo,36
0027,LKUS_payment,payType,36
0027,LKUS_payment,version,36
0027,LKUS_payment,payMoney,36
0027,LKUS_payment,orderType,36
0027,LKUS_payment,taxAmount,36
0027,LKUS_payment,uniqueKey,36
0027,LKUS_payment,userAgent,36
0027,LKUS_payment,orderPrice,36
0027,LKUS_payment,countryCode,28
0027,LKUS_payment,reviewRepeat,27
0027,LKUS_payment,cidOriginEnum,36
0027,LKUS_payment,isTaxRequired,36
0027,LKUS_payment,orderProducts,36
0027,LKUS_payment,recaptchaV3Token,27
0027,LKUS_payment,recaptchaV3Action,27
0027,LKUS_payment,recaptchaV3Enabled,27
0027,LKUS_payment,packageOrderProducts,36
0027,LKUS_register,ip,9
0027,LKUS_register,app,7
0027,LKUS_register,cid,9
0027,LKUS_register,uid,9
0027,LKUS_register,phone,9
0027,LKUS_register,tenant,9
0027,LKUS_register,version,9
0027,LKUS_register,uniqueKey,9
0027,LKUS_register,userAgent,9
0027,LKUS_register,countryCode,9
0027,LKUS_register,reviewRepeat,9
0027,LKUS_register,cidOriginEnum,9
0027,LKUS_register,recaptchaV3Token,9
0027,LKUS_register,recaptchaV3Action,9
0027,LKUS_register,recaptchaV3Enabled,9
0027,LKUS_grant_new_user_coupon,ip,5
0027,LKUS_grant_new_user_coupon,app,5
0027,LKUS_grant_new_user_coupon,cid,5
0027,LKUS_grant_new_user_coupon,uid,5
0027,LKUS_grant_new_user_coupon,phone,5
0027,LKUS_grant_new_user_coupon,extend,5
0027,LKUS_grant_new_user_coupon,tenant,5
0027,LKUS_grant_new_user_coupon,userNo,5
0027,LKUS_grant_new_user_coupon,sceneId,5
0027,LKUS_grant_new_user_coupon,version,5
0027,LKUS_grant_new_user_coupon,uniqueKey,5
0027,LKUS_grant_new_user_coupon,userAgent,5
0027,LKUS_grant_new_user_coupon,countryCode,5
0027,LKUS_grant_new_user_coupon,reviewRepeat,5
0027,LKUS_grant_new_user_coupon,cidOriginEnum,5
0027,LKUS_grant_new_user_coupon,recaptchaV3Token,5
0027,LKUS_grant_new_user_coupon,recaptchaV3Action,5
0027,LKUS_grant_new_user_coupon,recaptchaV3Enabled,5
0027,LKUS_login,ip,6
0027,LKUS_login,app,6
0027,LKUS_login,cid,6
0027,LKUS_login,uid,6
0027,LKUS_login,phone,6
0027,LKUS_login,tenant,6
0027,LKUS_login,userNo,6
0027,LKUS_login,version,6
0027,LKUS_login,uniqueKey,6
0027,LKUS_login,userAgent,6
0027,LKUS_login,countryCode,6
0027,LKUS_login,reviewRepeat,6
0027,LKUS_login,cidOriginEnum,6
0027,LKUS_login,recaptchaV3Token,6
0027,LKUS_login,recaptchaV3Action,6
0027,LKUS_login,recaptchaV3Enabled,6
0027,LKUS_physical_order_create,did,8
0027,LKUS_physical_order_create,blackBox,8
0027,LKUS_physical_order_create,deviceId,8
0027,LKUS_push,userNo,1
0028,LKUS_push,ip,45
0028,LKUS_push,app,40
0028,LKUS_push,cid,45
0028,LKUS_push,uid,45
0028,LKUS_push,phone,45
0028,LKUS_push,tenant,45
0028,LKUS_push,version,45
0028,LKUS_push,uniqueKey,45
0028,LKUS_push,userAgent,45
0028,LKUS_push,countryCode,45
0028,LKUS_push,reviewRepeat,41
0028,LKUS_push,cidOriginEnum,45
0028,LKUS_push,recaptchaV3Token,41
0028,LKUS_push,recaptchaV3Action,41
0028,LKUS_push,recaptchaV3Enabled,41
0028,LKUS_login,ip,12
0028,LKUS_login,app,8
0028,LKUS_login,cid,12
0028,LKUS_login,uid,12
0028,LKUS_login,phone,12
0028,LKUS_login,tenant,12
0028,LKUS_login,userNo,12
0028,LKUS_login,version,12
0028,LKUS_login,uniqueKey,12
0028,LKUS_login,userAgent,12
0028,LKUS_login,countryCode,12
0028,LKUS_login,reviewRepeat,9
0028,LKUS_login,cidOriginEnum,12
0028,LKUS_login,recaptchaV3Token,9
0028,LKUS_login,recaptchaV3Action,9
0028,LKUS_login,recaptchaV3Enabled,9
0028,LKUS_grant_new_user_coupon,ip,6
0028,LKUS_grant_new_user_coupon,app,6
0028,LKUS_grant_new_user_coupon,cid,6
0028,LKUS_grant_new_user_coupon,uid,6
0028,LKUS_grant_new_user_coupon,phone,6
0028,LKUS_grant_new_user_coupon,extend,6
0028,LKUS_grant_new_user_coupon,tenant,6
0028,LKUS_grant_new_user_coupon,userNo,6
0028,LKUS_grant_new_user_coupon,sceneId,6
0028,LKUS_grant_new_user_coupon,version,6
0028,LKUS_grant_new_user_coupon,uniqueKey,6
0028,LKUS_grant_new_user_coupon,userAgent,6
0028,LKUS_grant_new_user_coupon,countryCode,6
0028,LKUS_grant_new_user_coupon,reviewRepeat,6
0028,LKUS_grant_new_user_coupon,cidOriginEnum,6
0028,LKUS_grant_new_user_coupon,recaptchaV3Token,6
0028,LKUS_grant_new_user_coupon,recaptchaV3Action,6
0028,LKUS_grant_new_user_coupon,recaptchaV3Enabled,6
0028,LKUS_push,userNo,2
0028,LKUS_register,ip,5
0028,LKUS_register,cid,5
0028,LKUS_register,uid,5
0028,LKUS_register,phone,5
0028,LKUS_register,tenant,5
0028,LKUS_register,version,5
0028,LKUS_register,uniqueKey,5
0028,LKUS_register,userAgent,5
0028,LKUS_register,countryCode,5
0028,LKUS_register,cidOriginEnum,5
0028,LKUS_physical_order_create,ip,55
0028,LKUS_physical_order_create,app,47
0028,LKUS_physical_order_create,cid,55
0028,LKUS_physical_order_create,uid,55
0028,LKUS_physical_order_create,phone,49
0028,LKUS_physical_order_create,shopId,55
0028,LKUS_physical_order_create,tenant,55
0028,LKUS_physical_order_create,userNo,55
0028,LKUS_physical_order_create,isGuest,55
0028,LKUS_physical_order_create,version,55
0028,LKUS_physical_order_create,latitude,49
0028,LKUS_physical_order_create,longitude,49
0028,LKUS_physical_order_create,orderType,55
0028,LKUS_physical_order_create,taxAmount,55
0028,LKUS_physical_order_create,uniqueKey,55
0028,LKUS_physical_order_create,userAgent,55
0028,LKUS_physical_order_create,couponList,55
0028,LKUS_physical_order_create,orderPrice,53
0028,LKUS_physical_order_create,countryCode,55
0028,LKUS_physical_order_create,shopAddress,55
0028,LKUS_physical_order_create,reviewRepeat,47
0028,LKUS_physical_order_create,shopCityName,55
0028,LKUS_physical_order_create,shopLatitude,55
0028,LKUS_physical_order_create,cidOriginEnum,55
0028,LKUS_physical_order_create,isTaxRequired,55
0028,LKUS_physical_order_create,orderProducts,55
0028,LKUS_physical_order_create,productAmount,55
0028,LKUS_physical_order_create,shopLongitude,55
0028,LKUS_physical_order_create,coffeeStoreList,55
0028,LKUS_physical_order_create,recaptchaV3Token,47
0028,LKUS_physical_order_create,recaptchaV3Action,47
0028,LKUS_physical_order_create,recaptchaV3Enabled,47
0028,LKUS_physical_order_create,packageOrderProducts,55
0028,LKUS_payment,ip,51
0028,LKUS_payment,app,44
0028,LKUS_payment,cid,51
0028,LKUS_payment,uid,51
0028,LKUS_payment,phone,46
0028,LKUS_payment,shopId,51
0028,LKUS_payment,tenant,51
0028,LKUS_payment,userNo,51
0028,LKUS_payment,isGuest,51
0028,LKUS_payment,orderNo,51
0028,LKUS_payment,payType,51
0028,LKUS_payment,version,51
0028,LKUS_payment,payMoney,51
0028,LKUS_payment,orderType,51
0028,LKUS_payment,taxAmount,51
0028,LKUS_payment,uniqueKey,51
0028,LKUS_payment,userAgent,51
0028,LKUS_payment,orderPrice,51
0028,LKUS_payment,countryCode,46
0028,LKUS_payment,reviewRepeat,43
0028,LKUS_payment,cidOriginEnum,51
0028,LKUS_payment,isTaxRequired,51
0028,LKUS_payment,orderProducts,51
0028,LKUS_payment,recaptchaV3Token,43
0028,LKUS_payment,recaptchaV3Action,43
0028,LKUS_payment,recaptchaV3Enabled,43
0028,LKUS_payment,packageOrderProducts,51
0028,LKUS_physical_order_create,did,6
0028,LKUS_physical_order_create,blackBox,6
0028,LKUS_physical_order_create,deviceId,6
0028,LKUS_register,app,4
0028,LKUS_register,reviewRepeat,4
0028,LKUS_register,recaptchaV3Token,4
0028,LKUS_register,recaptchaV3Action,4
0028,LKUS_register,recaptchaV3Enabled,4
0028,LKUS_physical_order_create,packagingBagPrice,1
0028,LKUS_physical_order_create,packagingBagNumber,1
0028,LKUS_payment,packagingBagPrice,1
0028,LKUS_payment,packagingBagNumber,1
0029,LKUS_push,ip,55
0029,LKUS_push,app,43
0029,LKUS_push,cid,55
0029,LKUS_push,uid,55
0029,LKUS_push,phone,55
0029,LKUS_push,tenant,55
0029,LKUS_push,version,55
0029,LKUS_push,uniqueKey,55
0029,LKUS_push,userAgent,55
0029,LKUS_push,countryCode,55
0029,LKUS_push,reviewRepeat,49
0029,LKUS_push,cidOriginEnum,55
0029,LKUS_push,recaptchaV3Token,48
0029,LKUS_push,recaptchaV3Action,48
0029,LKUS_push,recaptchaV3Enabled,49
0029,LKUS_captcha,ip,1
0029,LKUS_captcha,cid,1
0029,LKUS_captcha,uid,1
0029,LKUS_captcha,event,1
0029,LKUS_captcha,phone,1
0029,LKUS_captcha,tenant,1
0029,LKUS_captcha,isGuest,1
0029,LKUS_captcha,version,1
0029,LKUS_captcha,uniqueKey,1
0029,LKUS_captcha,userAgent,1
0029,LKUS_captcha,countryCode,1
0029,LKUS_captcha,reviewRepeat,1
0029,LKUS_captcha,cidOriginEnum,1
0029,LKUS_captcha,verifyCodeType,1
0029,LKUS_captcha,recaptchaV3Token,1
0029,LKUS_captcha,verifyCodeParams,1
0029,LKUS_captcha,recaptchaV3Action,1
0029,LKUS_register,ip,13
0029,LKUS_register,cid,13
0029,LKUS_register,uid,13
0029,LKUS_register,phone,13
0029,LKUS_register,tenant,13
0029,LKUS_register,version,13
0029,LKUS_register,uniqueKey,13
0029,LKUS_register,userAgent,13
0029,LKUS_register,countryCode,13
0029,LKUS_register,reviewRepeat,12
0029,LKUS_register,cidOriginEnum,13
0029,LKUS_register,recaptchaV3Token,12
0029,LKUS_register,recaptchaV3Action,12
0029,LKUS_register,recaptchaV3Enabled,12
0029,LKUS_push,userNo,4
0029,LKUS_physical_order_create,ip,49
0029,LKUS_physical_order_create,app,35
0029,LKUS_physical_order_create,cid,49
0029,LKUS_physical_order_create,uid,49
0029,LKUS_physical_order_create,phone,37
0029,LKUS_physical_order_create,shopId,49
0029,LKUS_physical_order_create,tenant,49
0029,LKUS_physical_order_create,userNo,49
0029,LKUS_physical_order_create,isGuest,49
0029,LKUS_physical_order_create,version,49
0029,LKUS_physical_order_create,latitude,36
0029,LKUS_physical_order_create,longitude,36
0029,LKUS_physical_order_create,orderType,49
0029,LKUS_physical_order_create,taxAmount,49
0029,LKUS_physical_order_create,uniqueKey,49
0029,LKUS_physical_order_create,userAgent,49
0029,LKUS_physical_order_create,couponList,49
0029,LKUS_physical_order_create,orderPrice,48
0029,LKUS_physical_order_create,countryCode,49
0029,LKUS_physical_order_create,shopAddress,49
0029,LKUS_physical_order_create,reviewRepeat,34
0029,LKUS_physical_order_create,shopCityName,49
0029,LKUS_physical_order_create,shopLatitude,49
0029,LKUS_physical_order_create,cidOriginEnum,49
0029,LKUS_physical_order_create,isTaxRequired,49
0029,LKUS_physical_order_create,orderProducts,49
0029,LKUS_physical_order_create,productAmount,49
0029,LKUS_physical_order_create,shopLongitude,49
0029,LKUS_physical_order_create,coffeeStoreList,49
0029,LKUS_physical_order_create,recaptchaV3Token,34
0029,LKUS_physical_order_create,recaptchaV3Action,34
0029,LKUS_physical_order_create,recaptchaV3Enabled,34
0029,LKUS_physical_order_create,packageOrderProducts,49
0029,LKUS_payment,ip,50
0029,LKUS_payment,app,35
0029,LKUS_payment,cid,50
0029,LKUS_payment,uid,50
0029,LKUS_payment,phone,38
0029,LKUS_payment,shopId,50
0029,LKUS_payment,tenant,50
0029,LKUS_payment,userNo,50
0029,LKUS_payment,isGuest,50
0029,LKUS_payment,orderNo,50
0029,LKUS_payment,payType,50
0029,LKUS_payment,version,50
0029,LKUS_payment,payMoney,50
0029,LKUS_payment,orderType,50
0029,LKUS_payment,taxAmount,50
0029,LKUS_payment,uniqueKey,50
0029,LKUS_payment,userAgent,50
0029,LKUS_payment,orderPrice,50
0029,LKUS_payment,countryCode,38
0029,LKUS_payment,reviewRepeat,34
0029,LKUS_payment,cidOriginEnum,50
0029,LKUS_payment,isTaxRequired,50
0029,LKUS_payment,orderProducts,50
0029,LKUS_payment,recaptchaV3Token,34
0029,LKUS_payment,recaptchaV3Action,34
0029,LKUS_payment,recaptchaV3Enabled,34
0029,LKUS_payment,packageOrderProducts,50
0029,LKUS_physical_order_create,did,13
0029,LKUS_physical_order_create,blackBox,13
0029,LKUS_physical_order_create,deviceId,13
0029,LKUS_physical_order_create,packagingBagPrice,3
0029,LKUS_physical_order_create,packagingBagNumber,3
0029,LKUS_payment,packagingBagPrice,3
0029,LKUS_payment,packagingBagNumber,3
0029,LKUS_register,app,11
0029,LKUS_login,ip,12
0029,LKUS_login,app,9
0029,LKUS_login,cid,12
0029,LKUS_login,uid,12
0029,LKUS_login,phone,12
0029,LKUS_login,tenant,12
0029,LKUS_login,userNo,12
0029,LKUS_login,version,12
0029,LKUS_login,uniqueKey,12
0029,LKUS_login,userAgent,12
0029,LKUS_login,countryCode,12
0029,LKUS_login,reviewRepeat,10
0029,LKUS_login,cidOriginEnum,12
0029,LKUS_login,recaptchaV3Token,10
0029,LKUS_login,recaptchaV3Action,10
0029,LKUS_login,recaptchaV3Enabled,10
0029,LKUS_grant_new_user_coupon,ip,4
0029,LKUS_grant_new_user_coupon,app,3
0029,LKUS_grant_new_user_coupon,cid,4
0029,LKUS_grant_new_user_coupon,uid,4
0029,LKUS_grant_new_user_coupon,phone,4
0029,LKUS_grant_new_user_coupon,extend,4
0029,LKUS_grant_new_user_coupon,tenant,4
0029,LKUS_grant_new_user_coupon,userNo,4
0029,LKUS_grant_new_user_coupon,sceneId,4
0029,LKUS_grant_new_user_coupon,version,4
0029,LKUS_grant_new_user_coupon,uniqueKey,4
0029,LKUS_grant_new_user_coupon,userAgent,4
0029,LKUS_grant_new_user_coupon,countryCode,4
0029,LKUS_grant_new_user_coupon,reviewRepeat,4
0029,LKUS_grant_new_user_coupon,cidOriginEnum,4
0029,LKUS_grant_new_user_coupon,recaptchaV3Token,4
0029,LKUS_grant_new_user_coupon,recaptchaV3Action,4
0029,LKUS_grant_new_user_coupon,recaptchaV3Enabled,4
0030,LKUS_push,ip,32
0030,LKUS_push,app,31
0030,LKUS_push,cid,32
0030,LKUS_push,uid,32
0030,LKUS_push,phone,32
0030,LKUS_push,tenant,32
0030,LKUS_push,version,32
0030,LKUS_push,uniqueKey,32
0030,LKUS_push,userAgent,32
0030,LKUS_push,countryCode,32
0030,LKUS_push,reviewRepeat,32
0030,LKUS_push,cidOriginEnum,32
0030,LKUS_push,recaptchaV3Token,32
0030,LKUS_push,recaptchaV3Action,32
0030,LKUS_push,recaptchaV3Enabled,32
0030,LKUS_payment,ip,56
0030,LKUS_payment,app,40
0030,LKUS_payment,cid,56
0030,LKUS_payment,uid,56
0030,LKUS_payment,phone,41
0030,LKUS_payment,shopId,56
0030,LKUS_payment,tenant,56
0030,LKUS_payment,userNo,56
0030,LKUS_payment,isGuest,56
0030,LKUS_payment,orderNo,56
0030,LKUS_payment,payType,56
0030,LKUS_payment,version,56
0030,LKUS_payment,payMoney,56
0030,LKUS_payment,orderType,56
0030,LKUS_payment,taxAmount,56
0030,LKUS_payment,uniqueKey,56
0030,LKUS_payment,userAgent,56
0030,LKUS_payment,orderPrice,56
0030,LKUS_payment,countryCode,41
0030,LKUS_payment,reviewRepeat,40
0030,LKUS_payment,cidOriginEnum,56
0030,LKUS_payment,isTaxRequired,56
0030,LKUS_payment,orderProducts,56
0030,LKUS_payment,recaptchaV3Token,40
0030,LKUS_payment,recaptchaV3Action,40
0030,LKUS_payment,recaptchaV3Enabled,40
0030,LKUS_payment,packageOrderProducts,56
0030,LKUS_physical_order_create,ip,54
0030,LKUS_physical_order_create,app,41
0030,LKUS_physical_order_create,cid,54
0030,LKUS_physical_order_create,uid,54
0030,LKUS_physical_order_create,phone,42
0030,LKUS_physical_order_create,shopId,54
0030,LKUS_physical_order_create,tenant,54
0030,LKUS_physical_order_create,userNo,54
0030,LKUS_physical_order_create,isGuest,54
0030,LKUS_physical_order_create,version,54
0030,LKUS_physical_order_create,latitude,44
0030,LKUS_physical_order_create,longitude,44
0030,LKUS_physical_order_create,orderType,54
0030,LKUS_physical_order_create,taxAmount,54
0030,LKUS_physical_order_create,uniqueKey,54
0030,LKUS_physical_order_create,userAgent,54
0030,LKUS_physical_order_create,couponList,54
0030,LKUS_physical_order_create,orderPrice,54
0030,LKUS_physical_order_create,countryCode,54
0030,LKUS_physical_order_create,shopAddress,54
0030,LKUS_physical_order_create,reviewRepeat,41
0030,LKUS_physical_order_create,shopCityName,54
0030,LKUS_physical_order_create,shopLatitude,54
0030,LKUS_physical_order_create,cidOriginEnum,54
0030,LKUS_physical_order_create,isTaxRequired,54
0030,LKUS_physical_order_create,orderProducts,54
0030,LKUS_physical_order_create,productAmount,54
0030,LKUS_physical_order_create,shopLongitude,54
0030,LKUS_physical_order_create,coffeeStoreList,54
0030,LKUS_physical_order_create,recaptchaV3Token,41
0030,LKUS_physical_order_create,recaptchaV3Action,41
0030,LKUS_physical_order_create,recaptchaV3Enabled,41
0030,LKUS_physical_order_create,packageOrderProducts,54
0030,LKUS_register,ip,6
0030,LKUS_register,cid,6
0030,LKUS_register,uid,6
0030,LKUS_register,phone,6
0030,LKUS_register,tenant,6
0030,LKUS_register,version,6
0030,LKUS_register,uniqueKey,6
0030,LKUS_register,userAgent,6
0030,LKUS_register,countryCode,6
0030,LKUS_register,reviewRepeat,6
0030,LKUS_register,cidOriginEnum,6
0030,LKUS_register,recaptchaV3Token,6
0030,LKUS_register,recaptchaV3Action,6
0030,LKUS_register,recaptchaV3Enabled,6
0030,LKUS_grant_new_user_coupon,ip,7
0030,LKUS_grant_new_user_coupon,app,6
0030,LKUS_grant_new_user_coupon,cid,7
0030,LKUS_grant_new_user_coupon,uid,7
0030,LKUS_grant_new_user_coupon,phone,7
0030,LKUS_grant_new_user_coupon,extend,7
0030,LKUS_grant_new_user_coupon,tenant,7
0030,LKUS_grant_new_user_coupon,userNo,7
0030,LKUS_grant_new_user_coupon,sceneId,7
0030,LKUS_grant_new_user_coupon,version,7
0030,LKUS_grant_new_user_coupon,uniqueKey,7
0030,LKUS_grant_new_user_coupon,userAgent,7
0030,LKUS_grant_new_user_coupon,countryCode,7
0030,LKUS_grant_new_user_coupon,reviewRepeat,7
0030,LKUS_grant_new_user_coupon,cidOriginEnum,7
0030,LKUS_grant_new_user_coupon,recaptchaV3Token,7
0030,LKUS_grant_new_user_coupon,recaptchaV3Action,7
0030,LKUS_grant_new_user_coupon,recaptchaV3Enabled,7
0030,LKUS_login,ip,10
0030,LKUS_login,app,9
0030,LKUS_login,cid,10
0030,LKUS_login,uid,10
0030,LKUS_login,phone,10
0030,LKUS_login,tenant,10
0030,LKUS_login,userNo,10
0030,LKUS_login,version,10
0030,LKUS_login,uniqueKey,10
0030,LKUS_login,userAgent,10
0030,LKUS_login,countryCode,10
0030,LKUS_login,reviewRepeat,8
0030,LKUS_login,cidOriginEnum,10
0030,LKUS_login,recaptchaV3Token,8
0030,LKUS_login,recaptchaV3Action,8
0030,LKUS_login,recaptchaV3Enabled,8
0030,LKUS_physical_order_create,packagingBagPrice,3
0030,LKUS_physical_order_create,packagingBagNumber,3
0030,LKUS_payment,packagingBagPrice,3
0030,LKUS_payment,packagingBagNumber,3
0030,LKUS_physical_order_create,did,10
0030,LKUS_physical_order_create,blackBox,10
0030,LKUS_physical_order_create,deviceId,10
0030,LKUS_register,app,5
0031,LKUS_payment,ip,43
0031,LKUS_payment,app,28
0031,LKUS_payment,cid,43
0031,LKUS_payment,uid,43
0031,LKUS_payment,phone,31
0031,LKUS_payment,shopId,43
0031,LKUS_payment,tenant,43
0031,LKUS_payment,userNo,43
0031,LKUS_payment,isGuest,43
0031,LKUS_payment,orderNo,43
0031,LKUS_payment,payType,43
0031,LKUS_payment,version,43
0031,LKUS_payment,payMoney,43
0031,LKUS_payment,orderType,43
0031,LKUS_payment,taxAmount,43
0031,LKUS_payment,uniqueKey,43
0031,LKUS_payment,userAgent,43
0031,LKUS_payment,orderPrice,43
0031,LKUS_payment,countryCode,31
0031,LKUS_payment,reviewRepeat,27
0031,LKUS_payment,cidOriginEnum,43
0031,LKUS_payment,isTaxRequired,43
0031,LKUS_payment,orderProducts,43
0031,LKUS_payment,recaptchaV3Token,27
0031,LKUS_payment,recaptchaV3Action,27
0031,LKUS_payment,recaptchaV3Enabled,27
0031,LKUS_payment,packageOrderProducts,43
0031,LKUS_physical_order_create,ip,42
0031,LKUS_physical_order_create,app,27
0031,LKUS_physical_order_create,cid,42
0031,LKUS_physical_order_create,uid,42
0031,LKUS_physical_order_create,phone,30
0031,LKUS_physical_order_create,shopId,42
0031,LKUS_physical_order_create,tenant,42
0031,LKUS_physical_order_create,userNo,42
0031,LKUS_physical_order_create,isGuest,42
0031,LKUS_physical_order_create,version,42
0031,LKUS_physical_order_create,latitude,28
0031,LKUS_physical_order_create,longitude,28
0031,LKUS_physical_order_create,orderType,42
0031,LKUS_physical_order_create,taxAmount,42
0031,LKUS_physical_order_create,uniqueKey,42
0031,LKUS_physical_order_create,userAgent,42
0031,LKUS_physical_order_create,couponList,42
0031,LKUS_physical_order_create,orderPrice,41
0031,LKUS_physical_order_create,countryCode,42
0031,LKUS_physical_order_create,shopAddress,42
0031,LKUS_physical_order_create,reviewRepeat,26
0031,LKUS_physical_order_create,shopCityName,42
0031,LKUS_physical_order_create,shopLatitude,42
0031,LKUS_physical_order_create,cidOriginEnum,42
0031,LKUS_physical_order_create,isTaxRequired,42
0031,LKUS_physical_order_create,orderProducts,42
0031,LKUS_physical_order_create,productAmount,42
0031,LKUS_physical_order_create,shopLongitude,42
0031,LKUS_physical_order_create,coffeeStoreList,42
0031,LKUS_physical_order_create,recaptchaV3Token,26
0031,LKUS_physical_order_create,recaptchaV3Action,26
0031,LKUS_physical_order_create,recaptchaV3Enabled,26
0031,LKUS_physical_order_create,packageOrderProducts,42
0031,LKUS_login,ip,11
0031,LKUS_login,app,9
0031,LKUS_login,cid,11
0031,LKUS_login,uid,11
0031,LKUS_login,phone,11
0031,LKUS_login,tenant,11
0031,LKUS_login,userNo,11
0031,LKUS_login,version,11
0031,LKUS_login,uniqueKey,11
0031,LKUS_login,userAgent,11
0031,LKUS_login,countryCode,11
0031,LKUS_login,reviewRepeat,9
0031,LKUS_login,cidOriginEnum,11
0031,LKUS_login,recaptchaV3Token,9
0031,LKUS_login,recaptchaV3Action,9
0031,LKUS_login,recaptchaV3Enabled,9
0031,LKUS_physical_order_create,did,14
0031,LKUS_physical_order_create,blackBox,14
0031,LKUS_physical_order_create,deviceId,14
0031,LKUS_push,ip,16
0031,LKUS_push,app,11
0031,LKUS_push,cid,16
0031,LKUS_push,uid,16
0031,LKUS_push,phone,16
0031,LKUS_push,tenant,16
0031,LKUS_push,version,16
0031,LKUS_push,uniqueKey,16
0031,LKUS_push,userAgent,16
0031,LKUS_push,countryCode,16
0031,LKUS_push,reviewRepeat,13
0031,LKUS_push,cidOriginEnum,16
0031,LKUS_push,recaptchaV3Token,13
0031,LKUS_push,recaptchaV3Action,13
0031,LKUS_push,recaptchaV3Enabled,13
0031,LKUS_register,ip,6
0031,LKUS_register,app,4
0031,LKUS_register,cid,6
0031,LKUS_register,uid,6
0031,LKUS_register,phone,6
0031,LKUS_register,tenant,6
0031,LKUS_register,version,6
0031,LKUS_register,uniqueKey,6
0031,LKUS_register,userAgent,6
0031,LKUS_register,countryCode,6
0031,LKUS_register,reviewRepeat,6
0031,LKUS_register,cidOriginEnum,6
0031,LKUS_register,recaptchaV3Token,6
0031,LKUS_register,recaptchaV3Action,6
0031,LKUS_register,recaptchaV3Enabled,6
0031,LKUS_physical_order_create,packagingBagPrice,2
0031,LKUS_physical_order_create,packagingBagNumber,2
0031,LKUS_payment,packagingBagPrice,2
0031,LKUS_payment,packagingBagNumber,2
0031,LKUS_grant_new_user_coupon,ip,4
0031,LKUS_grant_new_user_coupon,app,4
0031,LKUS_grant_new_user_coupon,cid,4
0031,LKUS_grant_new_user_coupon,uid,4
0031,LKUS_grant_new_user_coupon,phone,4
0031,LKUS_grant_new_user_coupon,extend,4
0031,LKUS_grant_new_user_coupon,tenant,4
0031,LKUS_grant_new_user_coupon,userNo,4
0031,LKUS_grant_new_user_coupon,sceneId,4
0031,LKUS_grant_new_user_coupon,version,4
0031,LKUS_grant_new_user_coupon,uniqueKey,4
0031,LKUS_grant_new_user_coupon,userAgent,4
0031,LKUS_grant_new_user_coupon,countryCode,4
0031,LKUS_grant_new_user_coupon,reviewRepeat,4
0031,LKUS_grant_new_user_coupon,cidOriginEnum,4
0031,LKUS_grant_new_user_coupon,recaptchaV3Token,4
0031,LKUS_grant_new_user_coupon,recaptchaV3Action,4
0031,LKUS_grant_new_user_coupon,recaptchaV3Enabled,4
0031,LKUS_push,userNo,2
0032,LKUS_login,ip,7
0032,LKUS_login,app,7
0032,LKUS_login,cid,7
0032,LKUS_login,uid,7
0032,LKUS_login,phone,7
0032,LKUS_login,tenant,7
0032,LKUS_login,userNo,7
0032,LKUS_login,version,7
0032,LKUS_login,uniqueKey,7
0032,LKUS_login,userAgent,7
0032,LKUS_login,countryCode,7
0032,LKUS_login,reviewRepeat,7
0032,LKUS_login,cidOriginEnum,7
0032,LKUS_login,recaptchaV3Token,7
0032,LKUS_login,recaptchaV3Action,7
0032,LKUS_login,recaptchaV3Enabled,7
0032,LKUS_grant_new_user_coupon,ip,4
0032,LKUS_grant_new_user_coupon,app,4
0032,LKUS_grant_new_user_coupon,cid,4
0032,LKUS_grant_new_user_coupon,uid,4
0032,LKUS_grant_new_user_coupon,phone,4
0032,LKUS_grant_new_user_coupon,extend,4
0032,LKUS_grant_new_user_coupon,tenant,4
0032,LKUS_grant_new_user_coupon,userNo,4
0032,LKUS_grant_new_user_coupon,sceneId,4
0032,LKUS_grant_new_user_coupon,version,4
0032,LKUS_grant_new_user_coupon,uniqueKey,4
0032,LKUS_grant_new_user_coupon,userAgent,4
0032,LKUS_grant_new_user_coupon,countryCode,4
0032,LKUS_grant_new_user_coupon,reviewRepeat,4
0032,LKUS_grant_new_user_coupon,cidOriginEnum,4
0032,LKUS_grant_new_user_coupon,recaptchaV3Token,4
0032,LKUS_grant_new_user_coupon,recaptchaV3Action,4
0032,LKUS_grant_new_user_coupon,recaptchaV3Enabled,4
0032,LKUS_push,ip,46
0032,LKUS_push,app,45
0032,LKUS_push,cid,46
0032,LKUS_push,uid,46
0032,LKUS_push,phone,46
0032,LKUS_push,tenant,46
0032,LKUS_push,version,46
0032,LKUS_push,uniqueKey,46
0032,LKUS_push,userAgent,46
0032,LKUS_push,countryCode,46
0032,LKUS_push,reviewRepeat,46
0032,LKUS_push,cidOriginEnum,46
0032,LKUS_push,recaptchaV3Token,46
0032,LKUS_push,recaptchaV3Action,46
0032,LKUS_push,recaptchaV3Enabled,46
0032,LKUS_physical_order_create,ip,39
0032,LKUS_physical_order_create,app,32
0032,LKUS_physical_order_create,cid,39
0032,LKUS_physical_order_create,uid,39
0032,LKUS_physical_order_create,phone,32
0032,LKUS_physical_order_create,shopId,39
0032,LKUS_physical_order_create,tenant,39
0032,LKUS_physical_order_create,userNo,39
0032,LKUS_physical_order_create,isGuest,39
0032,LKUS_physical_order_create,version,39
0032,LKUS_physical_order_create,latitude,32
0032,LKUS_physical_order_create,longitude,32
0032,LKUS_physical_order_create,orderType,39
0032,LKUS_physical_order_create,taxAmount,39
0032,LKUS_physical_order_create,uniqueKey,39
0032,LKUS_physical_order_create,userAgent,39
0032,LKUS_physical_order_create,couponList,39
0032,LKUS_physical_order_create,orderPrice,39
0032,LKUS_physical_order_create,countryCode,39
0032,LKUS_physical_order_create,shopAddress,39
0032,LKUS_physical_order_create,reviewRepeat,28
0032,LKUS_physical_order_create,shopCityName,39
0032,LKUS_physical_order_create,shopLatitude,39
0032,LKUS_physical_order_create,cidOriginEnum,39
0032,LKUS_physical_order_create,isTaxRequired,39
0032,LKUS_physical_order_create,orderProducts,39
0032,LKUS_physical_order_create,productAmount,39
0032,LKUS_physical_order_create,shopLongitude,39
0032,LKUS_physical_order_create,coffeeStoreList,39
0032,LKUS_physical_order_create,recaptchaV3Token,28
0032,LKUS_physical_order_create,recaptchaV3Action,28
0032,LKUS_physical_order_create,recaptchaV3Enabled,28
0032,LKUS_physical_order_create,packageOrderProducts,39
0032,LKUS_payment,ip,39
0032,LKUS_payment,app,31
0032,LKUS_payment,cid,39
0032,LKUS_payment,uid,39
0032,LKUS_payment,phone,31
0032,LKUS_payment,shopId,39
0032,LKUS_payment,tenant,39
0032,LKUS_payment,userNo,39
0032,LKUS_payment,isGuest,39
0032,LKUS_payment,orderNo,39
0032,LKUS_payment,payType,39
0032,LKUS_payment,version,39
0032,LKUS_payment,payMoney,39
0032,LKUS_payment,orderType,39
0032,LKUS_payment,taxAmount,39
0032,LKUS_payment,uniqueKey,39
0032,LKUS_payment,userAgent,39
0032,LKUS_payment,orderPrice,39
0032,LKUS_payment,countryCode,31
0032,LKUS_payment,reviewRepeat,27
0032,LKUS_payment,cidOriginEnum,39
0032,LKUS_payment,isTaxRequired,39
0032,LKUS_payment,orderProducts,39
0032,LKUS_payment,recaptchaV3Token,27
0032,LKUS_payment,recaptchaV3Action,27
0032,LKUS_payment,recaptchaV3Enabled,27
0032,LKUS_payment,packageOrderProducts,39
0032,LKUS_physical_order_create,did,7
0032,LKUS_physical_order_create,blackBox,7
0032,LKUS_physical_order_create,deviceId,7
0032,LKUS_physical_order_cancel,ip,1
0032,LKUS_physical_order_cancel,app,1
0032,LKUS_physical_order_cancel,cid,1
0032,LKUS_physical_order_cancel,uid,1
0032,LKUS_physical_order_cancel,phone,1
0032,LKUS_physical_order_cancel,shopId,1
0032,LKUS_physical_order_cancel,tenant,1
0032,LKUS_physical_order_cancel,userNo,1
0032,LKUS_physical_order_cancel,isGuest,1
0032,LKUS_physical_order_cancel,orderNo,1
0032,LKUS_physical_order_cancel,version,1
0032,LKUS_physical_order_cancel,shopCity,1
0032,LKUS_physical_order_cancel,uniqueKey,1
0032,LKUS_physical_order_cancel,userAgent,1
0032,LKUS_physical_order_cancel,countryCode,1
0032,LKUS_physical_order_cancel,totalOfMade,1
0032,LKUS_physical_order_cancel,reviewRepeat,1
0032,LKUS_physical_order_cancel,cidOriginEnum,1
0032,LKUS_physical_order_cancel,cancelTypeEnum,1
0032,LKUS_physical_order_cancel,recaptchaV3Token,1
0032,LKUS_physical_order_cancel,recaptchaV3Action,1
0032,LKUS_physical_order_cancel,recaptchaV3Enabled,1
0032,LKUS_physical_order_create,packagingBagPrice,2
0032,LKUS_physical_order_create,packagingBagNumber,2
0032,LKUS_payment,packagingBagPrice,2
0032,LKUS_payment,packagingBagNumber,2
0032,LKUS_register,ip,2
0032,LKUS_register,app,1
0032,LKUS_register,cid,2
0032,LKUS_register,uid,2
0032,LKUS_register,phone,2
0032,LKUS_register,tenant,2
0032,LKUS_register,version,2
0032,LKUS_register,uniqueKey,2
0032,LKUS_register,userAgent,2
0032,LKUS_register,countryCode,2
0032,LKUS_register,reviewRepeat,2
0032,LKUS_register,cidOriginEnum,2
0032,LKUS_register,recaptchaV3Token,2
0032,LKUS_register,recaptchaV3Action,2
0032,LKUS_register,recaptchaV3Enabled,2
0033,LKUS_grant_new_user_coupon,ip,8
0033,LKUS_grant_new_user_coupon,app,7
0033,LKUS_grant_new_user_coupon,cid,8
0033,LKUS_grant_new_user_coupon,uid,8
0033,LKUS_grant_new_user_coupon,phone,8
0033,LKUS_grant_new_user_coupon,extend,8
0033,LKUS_grant_new_user_coupon,tenant,8
0033,LKUS_grant_new_user_coupon,userNo,8
0033,LKUS_grant_new_user_coupon,sceneId,8
0033,LKUS_grant_new_user_coupon,version,8
0033,LKUS_grant_new_user_coupon,uniqueKey,8
0033,LKUS_grant_new_user_coupon,userAgent,8
0033,LKUS_grant_new_user_coupon,countryCode,8
0033,LKUS_grant_new_user_coupon,reviewRepeat,8
0033,LKUS_grant_new_user_coupon,cidOriginEnum,8
0033,LKUS_grant_new_user_coupon,recaptchaV3Token,8
0033,LKUS_grant_new_user_coupon,recaptchaV3Action,8
0033,LKUS_grant_new_user_coupon,recaptchaV3Enabled,8
0033,LKUS_login,ip,10
0033,LKUS_login,app,9
0033,LKUS_login,cid,10
0033,LKUS_login,uid,10
0033,LKUS_login,phone,10
0033,LKUS_login,tenant,10
0033,LKUS_login,userNo,10
0033,LKUS_login,version,10
0033,LKUS_login,uniqueKey,10
0033,LKUS_login,userAgent,10
0033,LKUS_login,countryCode,10
0033,LKUS_login,reviewRepeat,10
0033,LKUS_login,cidOriginEnum,10
0033,LKUS_login,recaptchaV3Token,10
0033,LKUS_login,recaptchaV3Action,10
0033,LKUS_login,recaptchaV3Enabled,10
0033,LKUS_push,ip,63
0033,LKUS_push,app,58
0033,LKUS_push,cid,63
0033,LKUS_push,uid,63
0033,LKUS_push,phone,63
0033,LKUS_push,tenant,63
0033,LKUS_push,version,63
0033,LKUS_push,uniqueKey,63
0033,LKUS_push,userAgent,63
0033,LKUS_push,countryCode,63
0033,LKUS_push,reviewRepeat,62
0033,LKUS_push,cidOriginEnum,63
0033,LKUS_push,recaptchaV3Token,62
0033,LKUS_push,recaptchaV3Action,62
0033,LKUS_push,recaptchaV3Enabled,62
0033,LKUS_physical_order_create,ip,55
0033,LKUS_physical_order_create,app,45
0033,LKUS_physical_order_create,cid,55
0033,LKUS_physical_order_create,uid,55
0033,LKUS_physical_order_create,phone,46
0033,LKUS_physical_order_create,shopId,55
0033,LKUS_physical_order_create,tenant,55
0033,LKUS_physical_order_create,userNo,55
0033,LKUS_physical_order_create,isGuest,55
0033,LKUS_physical_order_create,version,55
0033,LKUS_physical_order_create,latitude,46
0033,LKUS_physical_order_create,longitude,46
0033,LKUS_physical_order_create,orderType,55
0033,LKUS_physical_order_create,taxAmount,55
0033,LKUS_physical_order_create,uniqueKey,55
0033,LKUS_physical_order_create,userAgent,55
0033,LKUS_physical_order_create,couponList,55
0033,LKUS_physical_order_create,orderPrice,54
0033,LKUS_physical_order_create,countryCode,55
0033,LKUS_physical_order_create,shopAddress,55
0033,LKUS_physical_order_create,reviewRepeat,42
0033,LKUS_physical_order_create,shopCityName,55
0033,LKUS_physical_order_create,shopLatitude,55
0033,LKUS_physical_order_create,cidOriginEnum,55
0033,LKUS_physical_order_create,isTaxRequired,55
0033,LKUS_physical_order_create,orderProducts,55
0033,LKUS_physical_order_create,productAmount,55
0033,LKUS_physical_order_create,shopLongitude,55
0033,LKUS_physical_order_create,coffeeStoreList,55
0033,LKUS_physical_order_create,recaptchaV3Token,42
0033,LKUS_physical_order_create,recaptchaV3Action,42
0033,LKUS_physical_order_create,recaptchaV3Enabled,42
0033,LKUS_physical_order_create,packageOrderProducts,55
0033,LKUS_payment,ip,56
0033,LKUS_payment,app,45
0033,LKUS_payment,cid,56
0033,LKUS_payment,uid,56
0033,LKUS_payment,phone,46
0033,LKUS_payment,shopId,56
0033,LKUS_payment,tenant,56
0033,LKUS_payment,userNo,56
0033,LKUS_payment,isGuest,56
0033,LKUS_payment,orderNo,56
0033,LKUS_payment,payType,56
0033,LKUS_payment,version,56
0033,LKUS_payment,payMoney,56
0033,LKUS_payment,orderType,56
0033,LKUS_payment,taxAmount,56
0033,LKUS_payment,uniqueKey,56
0033,LKUS_payment,userAgent,56
0033,LKUS_payment,orderPrice,56
0033,LKUS_payment,countryCode,46
0033,LKUS_payment,reviewRepeat,42
0033,LKUS_payment,cidOriginEnum,56
0033,LKUS_payment,isTaxRequired,56
0033,LKUS_payment,orderProducts,56
0033,LKUS_payment,recaptchaV3Token,42
0033,LKUS_payment,recaptchaV3Action,42
0033,LKUS_payment,recaptchaV3Enabled,42
0033,LKUS_payment,packageOrderProducts,56
0033,LKUS_physical_order_create,did,9
0033,LKUS_physical_order_create,blackBox,9
0033,LKUS_physical_order_create,deviceId,9
0033,LKUS_register,ip,9
0033,LKUS_register,cid,9
0033,LKUS_register,uid,9
0033,LKUS_register,phone,9
0033,LKUS_register,tenant,9
0033,LKUS_register,version,9
0033,LKUS_register,uniqueKey,9
0033,LKUS_register,userAgent,9
0033,LKUS_register,countryCode,9
0033,LKUS_register,reviewRepeat,9
0033,LKUS_register,cidOriginEnum,9
0033,LKUS_register,recaptchaV3Token,9
0033,LKUS_register,recaptchaV3Action,9
0033,LKUS_register,recaptchaV3Enabled,9
0033,LKUS_physical_order_cancel,ip,1
0033,LKUS_physical_order_cancel,app,1
0033,LKUS_physical_order_cancel,cid,1
0033,LKUS_physical_order_cancel,uid,1
0033,LKUS_physical_order_cancel,phone,1
0033,LKUS_physical_order_cancel,shopId,1
0033,LKUS_physical_order_cancel,tenant,1
0033,LKUS_physical_order_cancel,userNo,1
0033,LKUS_physical_order_cancel,isGuest,1
0033,LKUS_physical_order_cancel,orderNo,1
0033,LKUS_physical_order_cancel,version,1
0033,LKUS_physical_order_cancel,shopCity,1
0033,LKUS_physical_order_cancel,uniqueKey,1
0033,LKUS_physical_order_cancel,userAgent,1
0033,LKUS_physical_order_cancel,countryCode,1
0033,LKUS_physical_order_cancel,totalOfMade,1
0033,LKUS_physical_order_cancel,reviewRepeat,1
0033,LKUS_physical_order_cancel,cidOriginEnum,1
0033,LKUS_physical_order_cancel,cancelTypeEnum,1
0033,LKUS_physical_order_cancel,recaptchaV3Token,1
0033,LKUS_physical_order_cancel,recaptchaV3Action,1
0033,LKUS_physical_order_cancel,recaptchaV3Enabled,1
0033,LKUS_physical_order_create,packagingBagPrice,1
0033,LKUS_physical_order_create,packagingBagNumber,1
0033,LKUS_payment,packagingBagPrice,1
0033,LKUS_payment,packagingBagNumber,1
0033,LKUS_register,app,6
0033,LKUS_push,userNo,1
0034,LKUS_push,ip,32
0034,LKUS_push,app,29
0034,LKUS_push,cid,32
0034,LKUS_push,uid,32
0034,LKUS_push,phone,32
0034,LKUS_push,tenant,32
0034,LKUS_push,version,32
0034,LKUS_push,uniqueKey,32
0034,LKUS_push,userAgent,32
0034,LKUS_push,countryCode,32
0034,LKUS_push,reviewRepeat,30
0034,LKUS_push,cidOriginEnum,32
0034,LKUS_push,recaptchaV3Token,30
0034,LKUS_push,recaptchaV3Action,30
0034,LKUS_push,recaptchaV3Enabled,30
0034,LKUS_register,ip,6
0034,LKUS_register,app,4
0034,LKUS_register,cid,6
0034,LKUS_register,uid,6
0034,LKUS_register,phone,6
0034,LKUS_register,tenant,6
0034,LKUS_register,version,6
0034,LKUS_register,uniqueKey,6
0034,LKUS_register,userAgent,6
0034,LKUS_register,countryCode,6
0034,LKUS_register,reviewRepeat,6
0034,LKUS_register,cidOriginEnum,6
0034,LKUS_register,recaptchaV3Token,6
0034,LKUS_register,recaptchaV3Action,6
0034,LKUS_register,recaptchaV3Enabled,6
0034,LKUS_physical_order_create,ip,54
0034,LKUS_physical_order_create,app,47
0034,LKUS_physical_order_create,cid,54
0034,LKUS_physical_order_create,uid,54
0034,LKUS_physical_order_create,phone,48
0034,LKUS_physical_order_create,shopId,54
0034,LKUS_physical_order_create,tenant,54
0034,LKUS_physical_order_create,userNo,54
0034,LKUS_physical_order_create,isGuest,54
0034,LKUS_physical_order_create,version,54
0034,LKUS_physical_order_create,latitude,48
0034,LKUS_physical_order_create,longitude,48
0034,LKUS_physical_order_create,orderType,54
0034,LKUS_physical_order_create,taxAmount,54
0034,LKUS_physical_order_create,uniqueKey,54
0034,LKUS_physical_order_create,userAgent,54
0034,LKUS_physical_order_create,couponList,54
0034,LKUS_physical_order_create,orderPrice,54
0034,LKUS_physical_order_create,countryCode,54
0034,LKUS_physical_order_create,shopAddress,54
0034,LKUS_physical_order_create,reviewRepeat,45
0034,LKUS_physical_order_create,shopCityName,54
0034,LKUS_physical_order_create,shopLatitude,54
0034,LKUS_physical_order_create,cidOriginEnum,54
0034,LKUS_physical_order_create,isTaxRequired,54
0034,LKUS_physical_order_create,orderProducts,54
0034,LKUS_physical_order_create,productAmount,54
0034,LKUS_physical_order_create,shopLongitude,54
0034,LKUS_physical_order_create,coffeeStoreList,54
0034,LKUS_physical_order_create,recaptchaV3Token,45
0034,LKUS_physical_order_create,recaptchaV3Action,45
0034,LKUS_physical_order_create,recaptchaV3Enabled,45
0034,LKUS_physical_order_create,packageOrderProducts,54
0034,LKUS_payment,ip,50
0034,LKUS_payment,app,43
0034,LKUS_payment,cid,50
0034,LKUS_payment,uid,50
0034,LKUS_payment,phone,44
0034,LKUS_payment,shopId,50
0034,LKUS_payment,tenant,50
0034,LKUS_payment,userNo,50
0034,LKUS_payment,isGuest,50
0034,LKUS_payment,orderNo,50
0034,LKUS_payment,payType,50
0034,LKUS_payment,version,50
0034,LKUS_payment,payMoney,50
0034,LKUS_payment,orderType,50
0034,LKUS_payment,taxAmount,50
0034,LKUS_payment,uniqueKey,50
0034,LKUS_payment,userAgent,50
0034,LKUS_payment,orderPrice,50
0034,LKUS_payment,countryCode,44
0034,LKUS_payment,reviewRepeat,42
0034,LKUS_payment,cidOriginEnum,50
0034,LKUS_payment,isTaxRequired,50
0034,LKUS_payment,orderProducts,50
0034,LKUS_payment,recaptchaV3Token,42
0034,LKUS_payment,recaptchaV3Action,42
0034,LKUS_payment,recaptchaV3Enabled,42
0034,LKUS_payment,packageOrderProducts,50
0034,LKUS_physical_order_create,did,6
0034,LKUS_physical_order_create,blackBox,6
0034,LKUS_physical_order_create,deviceId,6
0034,LKUS_grant_new_user_coupon,ip,5
0034,LKUS_grant_new_user_coupon,app,4
0034,LKUS_grant_new_user_coupon,cid,5
0034,LKUS_grant_new_user_coupon,uid,5
0034,LKUS_grant_new_user_coupon,phone,5
0034,LKUS_grant_new_user_coupon,extend,5
0034,LKUS_grant_new_user_coupon,tenant,5
0034,LKUS_grant_new_user_coupon,userNo,5
0034,LKUS_grant_new_user_coupon,sceneId,5
0034,LKUS_grant_new_user_coupon,version,5
0034,LKUS_grant_new_user_coupon,uniqueKey,5
0034,LKUS_grant_new_user_coupon,userAgent,5
0034,LKUS_grant_new_user_coupon,countryCode,5
0034,LKUS_grant_new_user_coupon,reviewRepeat,5
0034,LKUS_grant_new_user_coupon,cidOriginEnum,5
0034,LKUS_grant_new_user_coupon,recaptchaV3Token,5
0034,LKUS_grant_new_user_coupon,recaptchaV3Action,5
0034,LKUS_grant_new_user_coupon,recaptchaV3Enabled,5
0034,LKUS_login,ip,10
0034,LKUS_login,app,9
0034,LKUS_login,cid,10
0034,LKUS_login,uid,10
0034,LKUS_login,phone,10
0034,LKUS_login,tenant,10
0034,LKUS_login,userNo,10
0034,LKUS_login,version,10
0034,LKUS_login,uniqueKey,10
0034,LKUS_login,userAgent,10
0034,LKUS_login,countryCode,10
0034,LKUS_login,reviewRepeat,10
0034,LKUS_login,cidOriginEnum,10
0034,LKUS_login,recaptchaV3Token,10
0034,LKUS_login,recaptchaV3Action,10
0034,LKUS_login,recaptchaV3Enabled,10
0034,LKUS_physical_order_cancel,ip,2
0034,LKUS_physical_order_cancel,app,2
0034,LKUS_physical_order_cancel,cid,2
0034,LKUS_physical_order_cancel,uid,2
0034,LKUS_physical_order_cancel,phone,2
0034,LKUS_physical_order_cancel,shopId,2
0034,LKUS_physical_order_cancel,tenant,2
0034,LKUS_physical_order_cancel,userNo,2
0034,LKUS_physical_order_cancel,isGuest,2
0034,LKUS_physical_order_cancel,orderNo,2
0034,LKUS_physical_order_cancel,version,2
0034,LKUS_physical_order_cancel,shopCity,2
0034,LKUS_physical_order_cancel,uniqueKey,2
0034,LKUS_physical_order_cancel,userAgent,2
0034,LKUS_physical_order_cancel,countryCode,2
0034,LKUS_physical_order_cancel,totalOfMade,2
0034,LKUS_physical_order_cancel,reviewRepeat,2
0034,LKUS_physical_order_cancel,cidOriginEnum,2
0034,LKUS_physical_order_cancel,cancelTypeEnum,2
0034,LKUS_physical_order_cancel,recaptchaV3Token,2
0034,LKUS_physical_order_cancel,recaptchaV3Action,2
0034,LKUS_physical_order_cancel,recaptchaV3Enabled,2
0035,LKUS_push,ip,31
0035,LKUS_push,app,31
0035,LKUS_push,cid,31
0035,LKUS_push,uid,31
0035,LKUS_push,phone,31
0035,LKUS_push,tenant,31
0035,LKUS_push,version,31
0035,LKUS_push,uniqueKey,31
0035,LKUS_push,userAgent,31
0035,LKUS_push,countryCode,31
0035,LKUS_push,reviewRepeat,22
0035,LKUS_push,cidOriginEnum,31
0035,LKUS_push,recaptchaV3Token,22
0035,LKUS_push,recaptchaV3Action,22
0035,LKUS_push,recaptchaV3Enabled,22
0035,LKUS_register,ip,4
0035,LKUS_register,app,4
0035,LKUS_register,cid,4
0035,LKUS_register,uid,4
0035,LKUS_register,phone,4
0035,LKUS_register,tenant,4
0035,LKUS_register,version,4
0035,LKUS_register,uniqueKey,4
0035,LKUS_register,userAgent,4
0035,LKUS_register,countryCode,4
0035,LKUS_register,reviewRepeat,4
0035,LKUS_register,cidOriginEnum,4
0035,LKUS_register,recaptchaV3Token,4
0035,LKUS_register,recaptchaV3Action,4
0035,LKUS_register,recaptchaV3Enabled,4
0035,LKUS_grant_new_user_coupon,ip,4
0035,LKUS_grant_new_user_coupon,app,4
0035,LKUS_grant_new_user_coupon,cid,4
0035,LKUS_grant_new_user_coupon,uid,4
0035,LKUS_grant_new_user_coupon,phone,4
0035,LKUS_grant_new_user_coupon,extend,4
0035,LKUS_grant_new_user_coupon,tenant,4
0035,LKUS_grant_new_user_coupon,userNo,4
0035,LKUS_grant_new_user_coupon,sceneId,4
0035,LKUS_grant_new_user_coupon,version,4
0035,LKUS_grant_new_user_coupon,uniqueKey,4
0035,LKUS_grant_new_user_coupon,userAgent,4
0035,LKUS_grant_new_user_coupon,countryCode,4
0035,LKUS_grant_new_user_coupon,reviewRepeat,4
0035,LKUS_grant_new_user_coupon,cidOriginEnum,4
0035,LKUS_grant_new_user_coupon,recaptchaV3Token,4
0035,LKUS_grant_new_user_coupon,recaptchaV3Action,4
0035,LKUS_grant_new_user_coupon,recaptchaV3Enabled,4
0035,LKUS_login,ip,6
0035,LKUS_login,app,5
0035,LKUS_login,cid,6
0035,LKUS_login,uid,6
0035,LKUS_login,phone,6
0035,LKUS_login,tenant,6
0035,LKUS_login,userNo,6
0035,LKUS_login,version,6
0035,LKUS_login,uniqueKey,6
0035,LKUS_login,userAgent,6
0035,LKUS_login,countryCode,6
0035,LKUS_login,reviewRepeat,5
0035,LKUS_login,cidOriginEnum,6
0035,LKUS_login,recaptchaV3Token,5
0035,LKUS_login,recaptchaV3Action,5
0035,LKUS_login,recaptchaV3Enabled,5
0035,LKUS_physical_order_create,ip,40
0035,LKUS_physical_order_create,app,33
0035,LKUS_physical_order_create,cid,40
0035,LKUS_physical_order_create,uid,40
0035,LKUS_physical_order_create,phone,33
0035,LKUS_physical_order_create,shopId,40
0035,LKUS_physical_order_create,tenant,40
0035,LKUS_physical_order_create,userNo,40
0035,LKUS_physical_order_create,isGuest,40
0035,LKUS_physical_order_create,version,40
0035,LKUS_physical_order_create,latitude,33
0035,LKUS_physical_order_create,longitude,33
0035,LKUS_physical_order_create,orderType,40
0035,LKUS_physical_order_create,taxAmount,40
0035,LKUS_physical_order_create,uniqueKey,40
0035,LKUS_physical_order_create,userAgent,40
0035,LKUS_physical_order_create,couponList,40
0035,LKUS_physical_order_create,orderPrice,38
0035,LKUS_physical_order_create,countryCode,40
0035,LKUS_physical_order_create,shopAddress,40
0035,LKUS_physical_order_create,reviewRepeat,32
0035,LKUS_physical_order_create,shopCityName,40
0035,LKUS_physical_order_create,shopLatitude,40
0035,LKUS_physical_order_create,cidOriginEnum,40
0035,LKUS_physical_order_create,isTaxRequired,40
0035,LKUS_physical_order_create,orderProducts,40
0035,LKUS_physical_order_create,productAmount,40
0035,LKUS_physical_order_create,shopLongitude,40
0035,LKUS_physical_order_create,coffeeStoreList,40
0035,LKUS_physical_order_create,recaptchaV3Token,32
0035,LKUS_physical_order_create,recaptchaV3Action,32
0035,LKUS_physical_order_create,recaptchaV3Enabled,32
0035,LKUS_physical_order_create,packageOrderProducts,40
0035,LKUS_payment,ip,40
0035,LKUS_payment,app,32
0035,LKUS_payment,cid,40
0035,LKUS_payment,uid,40
0035,LKUS_payment,phone,32
0035,LKUS_payment,shopId,40
0035,LKUS_payment,tenant,40
0035,LKUS_payment,userNo,40
0035,LKUS_payment,isGuest,40
0035,LKUS_payment,orderNo,40
0035,LKUS_payment,payType,40
0035,LKUS_payment,version,40
0035,LKUS_payment,payMoney,40
0035,LKUS_payment,orderType,40
0035,LKUS_payment,taxAmount,40
0035,LKUS_payment,uniqueKey,40
0035,LKUS_payment,userAgent,40
0035,LKUS_payment,orderPrice,40
0035,LKUS_payment,countryCode,32
0035,LKUS_payment,reviewRepeat,31
0035,LKUS_payment,cidOriginEnum,40
0035,LKUS_payment,isTaxRequired,40
0035,LKUS_payment,orderProducts,40
0035,LKUS_payment,recaptchaV3Token,31
0035,LKUS_payment,recaptchaV3Action,31
0035,LKUS_payment,recaptchaV3Enabled,31
0035,LKUS_payment,packageOrderProducts,40
0035,LKUS_physical_order_create,did,7
0035,LKUS_physical_order_create,blackBox,7
0035,LKUS_physical_order_create,deviceId,7
0035,LKUS_physical_order_create,packagingBagPrice,3
0035,LKUS_physical_order_create,packagingBagNumber,3
0035,LKUS_payment,packagingBagPrice,3
0035,LKUS_payment,packagingBagNumber,3
0036,LKUS_push,ip,48
0036,LKUS_push,app,42
0036,LKUS_push,cid,48
0036,LKUS_push,uid,48
0036,LKUS_push,phone,48
0036,LKUS_push,tenant,48
0036,LKUS_push,version,48
0036,LKUS_push,uniqueKey,48
0036,LKUS_push,userAgent,48
0036,LKUS_push,countryCode,48
0036,LKUS_push,reviewRepeat,47
0036,LKUS_push,cidOriginEnum,48
0036,LKUS_push,recaptchaV3Token,46
0036,LKUS_push,recaptchaV3Action,46
0036,LKUS_push,recaptchaV3Enabled,47
0036,LKUS_payment,ip,38
0036,LKUS_payment,cid,38
0036,LKUS_payment,uid,38
0036,LKUS_payment,shopId,38
0036,LKUS_payment,tenant,38
0036,LKUS_payment,userNo,38
0036,LKUS_payment,isGuest,38
0036,LKUS_payment,orderNo,38
0036,LKUS_payment,payType,38
0036,LKUS_payment,version,38
0036,LKUS_payment,payMoney,38
0036,LKUS_payment,orderType,38
0036,LKUS_payment,taxAmount,38
0036,LKUS_payment,uniqueKey,38
0036,LKUS_payment,userAgent,38
0036,LKUS_payment,orderPrice,38
0036,LKUS_payment,cidOriginEnum,38
0036,LKUS_payment,isTaxRequired,38
0036,LKUS_payment,orderProducts,38
0036,LKUS_payment,packageOrderProducts,38
0036,LKUS_physical_order_create,ip,39
0036,LKUS_physical_order_create,cid,39
0036,LKUS_physical_order_create,did,12
0036,LKUS_physical_order_create,uid,39
0036,LKUS_physical_order_create,shopId,39
0036,LKUS_physical_order_create,tenant,39
0036,LKUS_physical_order_create,userNo,39
0036,LKUS_physical_order_create,isGuest,39
0036,LKUS_physical_order_create,version,39
0036,LKUS_physical_order_create,blackBox,12
0036,LKUS_physical_order_create,deviceId,12
0036,LKUS_physical_order_create,orderType,39
0036,LKUS_physical_order_create,taxAmount,39
0036,LKUS_physical_order_create,uniqueKey,39
0036,LKUS_physical_order_create,userAgent,39
0036,LKUS_physical_order_create,couponList,39
0036,LKUS_physical_order_create,orderPrice,39
0036,LKUS_physical_order_create,countryCode,39
0036,LKUS_physical_order_create,shopAddress,39
0036,LKUS_physical_order_create,shopCityName,39
0036,LKUS_physical_order_create,shopLatitude,39
0036,LKUS_physical_order_create,cidOriginEnum,39
0036,LKUS_physical_order_create,isTaxRequired,39
0036,LKUS_physical_order_create,orderProducts,39
0036,LKUS_physical_order_create,productAmount,39
0036,LKUS_physical_order_create,shopLongitude,39
0036,LKUS_physical_order_create,coffeeStoreList,39
0036,LKUS_physical_order_create,packageOrderProducts,39
0036,LKUS_physical_order_create,packagingBagPrice,2
0036,LKUS_physical_order_create,packagingBagNumber,2
0036,LKUS_payment,packagingBagPrice,2
0036,LKUS_payment,packagingBagNumber,2
0036,LKUS_physical_order_create,app,26
0036,LKUS_physical_order_create,phone,27
0036,LKUS_physical_order_create,latitude,27
0036,LKUS_physical_order_create,longitude,27
0036,LKUS_physical_order_create,reviewRepeat,26
0036,LKUS_physical_order_create,recaptchaV3Token,26
0036,LKUS_physical_order_create,recaptchaV3Action,26
0036,LKUS_physical_order_create,recaptchaV3Enabled,26
0036,LKUS_payment,app,25
0036,LKUS_payment,phone,26
0036,LKUS_payment,countryCode,26
0036,LKUS_payment,reviewRepeat,25
0036,LKUS_payment,recaptchaV3Token,25
0036,LKUS_payment,recaptchaV3Action,25
0036,LKUS_payment,recaptchaV3Enabled,25
0036,LKUS_register,ip,10
0036,LKUS_register,app,8
0036,LKUS_register,cid,10
0036,LKUS_register,uid,10
0036,LKUS_register,phone,10
0036,LKUS_register,tenant,10
0036,LKUS_register,version,10
0036,LKUS_register,uniqueKey,10
0036,LKUS_register,userAgent,10
0036,LKUS_register,countryCode,10
0036,LKUS_register,reviewRepeat,10
0036,LKUS_register,cidOriginEnum,10
0036,LKUS_register,recaptchaV3Token,10
0036,LKUS_register,recaptchaV3Action,10
0036,LKUS_register,recaptchaV3Enabled,10
0036,LKUS_grant_new_user_coupon,ip,6
0036,LKUS_grant_new_user_coupon,app,5
0036,LKUS_grant_new_user_coupon,cid,6
0036,LKUS_grant_new_user_coupon,uid,6
0036,LKUS_grant_new_user_coupon,phone,6
0036,LKUS_grant_new_user_coupon,extend,6
0036,LKUS_grant_new_user_coupon,tenant,6
0036,LKUS_grant_new_user_coupon,userNo,6
0036,LKUS_grant_new_user_coupon,sceneId,6
0036,LKUS_grant_new_user_coupon,version,6
0036,LKUS_grant_new_user_coupon,uniqueKey,6
0036,LKUS_grant_new_user_coupon,userAgent,6
0036,LKUS_grant_new_user_coupon,countryCode,6
0036,LKUS_grant_new_user_coupon,reviewRepeat,6
0036,LKUS_grant_new_user_coupon,cidOriginEnum,6
0036,LKUS_grant_new_user_coupon,recaptchaV3Token,6
0036,LKUS_grant_new_user_coupon,recaptchaV3Action,6
0036,LKUS_grant_new_user_coupon,recaptchaV3Enabled,6
0036,LKUS_login,ip,9
0036,LKUS_login,app,8
0036,LKUS_login,cid,9
0036,LKUS_login,uid,9
0036,LKUS_login,phone,9
0036,LKUS_login,tenant,9
0036,LKUS_login,userNo,9
0036,LKUS_login,version,9
0036,LKUS_login,uniqueKey,9
0036,LKUS_login,userAgent,9
0036,LKUS_login,countryCode,9
0036,LKUS_login,reviewRepeat,8
0036,LKUS_login,cidOriginEnum,9
0036,LKUS_login,recaptchaV3Token,8
0036,LKUS_login,recaptchaV3Action,8
0036,LKUS_login,recaptchaV3Enabled,8
0036,LKUS_physical_order_cancel,ip,1
0036,LKUS_physical_order_cancel,app,1
0036,LKUS_physical_order_cancel,cid,1
0036,LKUS_physical_order_cancel,uid,1
0036,LKUS_physical_order_cancel,phone,1
0036,LKUS_physical_order_cancel,shopId,1
0036,LKUS_physical_order_cancel,tenant,1
0036,LKUS_physical_order_cancel,userNo,1
0036,LKUS_physical_order_cancel,isGuest,1
0036,LKUS_physical_order_cancel,orderNo,1
0036,LKUS_physical_order_cancel,version,1
0036,LKUS_physical_order_cancel,shopCity,1
0036,LKUS_physical_order_cancel,uniqueKey,1
0036,LKUS_physical_order_cancel,userAgent,1
0036,LKUS_physical_order_cancel,countryCode,1
0036,LKUS_physical_order_cancel,totalOfMade,1
0036,LKUS_physical_order_cancel,reviewRepeat,1
0036,LKUS_physical_order_cancel,cidOriginEnum,1
0036,LKUS_physical_order_cancel,cancelTypeEnum,1
0036,LKUS_physical_order_cancel,recaptchaV3Token,1
0036,LKUS_physical_order_cancel,recaptchaV3Action,1
0036,LKUS_physical_order_cancel,recaptchaV3Enabled,1
0036,LKUS_captcha,ip,1
0036,LKUS_captcha,cid,1
0036,LKUS_captcha,uid,1
0036,LKUS_captcha,event,1
0036,LKUS_captcha,phone,1
0036,LKUS_captcha,tenant,1
0036,LKUS_captcha,isGuest,1
0036,LKUS_captcha,version,1
0036,LKUS_captcha,uniqueKey,1
0036,LKUS_captcha,userAgent,1
0036,LKUS_captcha,countryCode,1
0036,LKUS_captcha,reviewRepeat,1
0036,LKUS_captcha,cidOriginEnum,1
0036,LKUS_captcha,verifyCodeType,1
0036,LKUS_captcha,recaptchaV3Token,1
0036,LKUS_captcha,verifyCodeParams,1
0036,LKUS_captcha,recaptchaV3Action,1
0036,LKUS_push,userNo,1
0037,LKUS_push,ip,47
0037,LKUS_push,app,37
0037,LKUS_push,cid,47
0037,LKUS_push,uid,47
0037,LKUS_push,phone,47
0037,LKUS_push,tenant,47
0037,LKUS_push,version,47
0037,LKUS_push,uniqueKey,47
0037,LKUS_push,userAgent,47
0037,LKUS_push,countryCode,47
0037,LKUS_push,reviewRepeat,40
0037,LKUS_push,cidOriginEnum,47
0037,LKUS_push,recaptchaV3Token,40
0037,LKUS_push,recaptchaV3Action,40
0037,LKUS_push,recaptchaV3Enabled,40
0037,LKUS_login,ip,9
0037,LKUS_login,app,7
0037,LKUS_login,cid,9
0037,LKUS_login,uid,9
0037,LKUS_login,phone,9
0037,LKUS_login,tenant,9
0037,LKUS_login,userNo,9
0037,LKUS_login,version,9
0037,LKUS_login,uniqueKey,9
0037,LKUS_login,userAgent,9
0037,LKUS_login,countryCode,9
0037,LKUS_login,reviewRepeat,9
0037,LKUS_login,cidOriginEnum,9
0037,LKUS_login,recaptchaV3Token,9
0037,LKUS_login,recaptchaV3Action,9
0037,LKUS_login,recaptchaV3Enabled,9
0037,LKUS_grant_new_user_coupon,ip,6
0037,LKUS_grant_new_user_coupon,app,4
0037,LKUS_grant_new_user_coupon,cid,6
0037,LKUS_grant_new_user_coupon,uid,6
0037,LKUS_grant_new_user_coupon,phone,6
0037,LKUS_grant_new_user_coupon,extend,6
0037,LKUS_grant_new_user_coupon,tenant,6
0037,LKUS_grant_new_user_coupon,userNo,6
0037,LKUS_grant_new_user_coupon,sceneId,6
0037,LKUS_grant_new_user_coupon,version,6
0037,LKUS_grant_new_user_coupon,uniqueKey,6
0037,LKUS_grant_new_user_coupon,userAgent,6
0037,LKUS_grant_new_user_coupon,countryCode,6
0037,LKUS_grant_new_user_coupon,reviewRepeat,6
0037,LKUS_grant_new_user_coupon,cidOriginEnum,6
0037,LKUS_grant_new_user_coupon,recaptchaV3Token,6
0037,LKUS_grant_new_user_coupon,recaptchaV3Action,6
0037,LKUS_grant_new_user_coupon,recaptchaV3Enabled,6
0037,LKUS_physical_order_create,ip,35
0037,LKUS_physical_order_create,app,28
0037,LKUS_physical_order_create,cid,35
0037,LKUS_physical_order_create,uid,35
0037,LKUS_physical_order_create,phone,29
0037,LKUS_physical_order_create,shopId,35
0037,LKUS_physical_order_create,tenant,35
0037,LKUS_physical_order_create,userNo,35
0037,LKUS_physical_order_create,isGuest,35
0037,LKUS_physical_order_create,version,35
0037,LKUS_physical_order_create,latitude,29
0037,LKUS_physical_order_create,longitude,29
0037,LKUS_physical_order_create,orderType,35
0037,LKUS_physical_order_create,taxAmount,35
0037,LKUS_physical_order_create,uniqueKey,35
0037,LKUS_physical_order_create,userAgent,35
0037,LKUS_physical_order_create,couponList,35
0037,LKUS_physical_order_create,orderPrice,34
0037,LKUS_physical_order_create,countryCode,35
0037,LKUS_physical_order_create,shopAddress,35
0037,LKUS_physical_order_create,reviewRepeat,26
0037,LKUS_physical_order_create,shopCityName,35
0037,LKUS_physical_order_create,shopLatitude,35
0037,LKUS_physical_order_create,cidOriginEnum,35
0037,LKUS_physical_order_create,isTaxRequired,35
0037,LKUS_physical_order_create,orderProducts,35
0037,LKUS_physical_order_create,productAmount,35
0037,LKUS_physical_order_create,shopLongitude,35
0037,LKUS_physical_order_create,coffeeStoreList,35
0037,LKUS_physical_order_create,recaptchaV3Token,26
0037,LKUS_physical_order_create,recaptchaV3Action,26
0037,LKUS_physical_order_create,recaptchaV3Enabled,26
0037,LKUS_physical_order_create,packageOrderProducts,35
0037,LKUS_payment,ip,35
0037,LKUS_payment,app,27
0037,LKUS_payment,cid,35
0037,LKUS_payment,uid,35
0037,LKUS_payment,phone,28
0037,LKUS_payment,shopId,35
0037,LKUS_payment,tenant,35
0037,LKUS_payment,userNo,35
0037,LKUS_payment,isGuest,35
0037,LKUS_payment,orderNo,35
0037,LKUS_payment,payType,35
0037,LKUS_payment,version,35
0037,LKUS_payment,payMoney,35
0037,LKUS_payment,orderType,35
0037,LKUS_payment,taxAmount,35
0037,LKUS_payment,uniqueKey,35
0037,LKUS_payment,userAgent,35
0037,LKUS_payment,orderPrice,35
0037,LKUS_payment,countryCode,28
0037,LKUS_payment,reviewRepeat,25
0037,LKUS_payment,cidOriginEnum,35
0037,LKUS_payment,isTaxRequired,35
0037,LKUS_payment,orderProducts,35
0037,LKUS_payment,recaptchaV3Token,25
0037,LKUS_payment,recaptchaV3Action,25
0037,LKUS_payment,recaptchaV3Enabled,25
0037,LKUS_payment,packageOrderProducts,35
0037,LKUS_physical_order_create,did,6
0037,LKUS_physical_order_create,blackBox,6
0037,LKUS_physical_order_create,deviceId,6
0037,LKUS_register,ip,7
0037,LKUS_register,app,5
0037,LKUS_register,cid,7
0037,LKUS_register,uid,7
0037,LKUS_register,phone,7
0037,LKUS_register,tenant,7
0037,LKUS_register,version,7
0037,LKUS_register,uniqueKey,7
0037,LKUS_register,userAgent,7
0037,LKUS_register,countryCode,7
0037,LKUS_register,reviewRepeat,7
0037,LKUS_register,cidOriginEnum,7
0037,LKUS_register,recaptchaV3Token,7
0037,LKUS_register,recaptchaV3Action,7
0037,LKUS_register,recaptchaV3Enabled,7
0037,LKUS_physical_order_create,packagingBagPrice,4
0037,LKUS_physical_order_create,packagingBagNumber,4
0037,LKUS_payment,packagingBagPrice,4
0037,LKUS_payment,packagingBagNumber,4
0037,LKUS_push,userNo,6
0037,LKUS_physical_order_cancel,ip,1
0037,LKUS_physical_order_cancel,app,1
0037,LKUS_physical_order_cancel,cid,1
0037,LKUS_physical_order_cancel,uid,1
0037,LKUS_physical_order_cancel,phone,1
0037,LKUS_physical_order_cancel,shopId,1
0037,LKUS_physical_order_cancel,tenant,1
0037,LKUS_physical_order_cancel,userNo,1
0037,LKUS_physical_order_cancel,isGuest,1
0037,LKUS_physical_order_cancel,orderNo,1
0037,LKUS_physical_order_cancel,version,1
0037,LKUS_physical_order_cancel,shopCity,1
0037,LKUS_physical_order_cancel,uniqueKey,1
0037,LKUS_physical_order_cancel,userAgent,1
0037,LKUS_physical_order_cancel,countryCode,1
0037,LKUS_physical_order_cancel,totalOfMade,1
0037,LKUS_physical_order_cancel,reviewRepeat,1
0037,LKUS_physical_order_cancel,cidOriginEnum,1
0037,LKUS_physical_order_cancel,cancelTypeEnum,1
0037,LKUS_physical_order_cancel,recaptchaV3Token,1
0037,LKUS_physical_order_cancel,recaptchaV3Action,1
0037,LKUS_physical_order_cancel,recaptchaV3Enabled,1
0038,LKUS_push,ip,45
0038,LKUS_push,app,44
0038,LKUS_push,cid,45
0038,LKUS_push,uid,45
0038,LKUS_push,phone,45
0038,LKUS_push,tenant,45
0038,LKUS_push,version,45
0038,LKUS_push,uniqueKey,45
0038,LKUS_push,userAgent,45
0038,LKUS_push,countryCode,45
0038,LKUS_push,reviewRepeat,43
0038,LKUS_push,cidOriginEnum,45
0038,LKUS_push,recaptchaV3Token,43
0038,LKUS_push,recaptchaV3Action,43
0038,LKUS_push,recaptchaV3Enabled,43
0038,LKUS_grant_new_user_coupon,ip,6
0038,LKUS_grant_new_user_coupon,app,4
0038,LKUS_grant_new_user_coupon,cid,6
0038,LKUS_grant_new_user_coupon,uid,6
0038,LKUS_grant_new_user_coupon,phone,6
0038,LKUS_grant_new_user_coupon,extend,6
0038,LKUS_grant_new_user_coupon,tenant,6
0038,LKUS_grant_new_user_coupon,userNo,6
0038,LKUS_grant_new_user_coupon,sceneId,6
0038,LKUS_grant_new_user_coupon,version,6
0038,LKUS_grant_new_user_coupon,uniqueKey,6
0038,LKUS_grant_new_user_coupon,userAgent,6
0038,LKUS_grant_new_user_coupon,countryCode,6
0038,LKUS_grant_new_user_coupon,reviewRepeat,6
0038,LKUS_grant_new_user_coupon,cidOriginEnum,6
0038,LKUS_grant_new_user_coupon,recaptchaV3Token,6
0038,LKUS_grant_new_user_coupon,recaptchaV3Action,6
0038,LKUS_grant_new_user_coupon,recaptchaV3Enabled,6
0038,LKUS_login,ip,11
0038,LKUS_login,app,9
0038,LKUS_login,cid,11
0038,LKUS_login,uid,11
0038,LKUS_login,phone,11
0038,LKUS_login,tenant,11
0038,LKUS_login,userNo,11
0038,LKUS_login,version,11
0038,LKUS_login,uniqueKey,11
0038,LKUS_login,userAgent,11
0038,LKUS_login,countryCode,11
0038,LKUS_login,reviewRepeat,11
0038,LKUS_login,cidOriginEnum,11
0038,LKUS_login,recaptchaV3Token,11
0038,LKUS_login,recaptchaV3Action,11
0038,LKUS_login,recaptchaV3Enabled,11
0038,LKUS_physical_order_create,ip,30
0038,LKUS_physical_order_create,app,21
0038,LKUS_physical_order_create,cid,30
0038,LKUS_physical_order_create,uid,30
0038,LKUS_physical_order_create,phone,22
0038,LKUS_physical_order_create,shopId,30
0038,LKUS_physical_order_create,tenant,30
0038,LKUS_physical_order_create,userNo,30
0038,LKUS_physical_order_create,isGuest,30
0038,LKUS_physical_order_create,version,30
0038,LKUS_physical_order_create,latitude,22
0038,LKUS_physical_order_create,longitude,22
0038,LKUS_physical_order_create,orderType,30
0038,LKUS_physical_order_create,taxAmount,30
0038,LKUS_physical_order_create,uniqueKey,30
0038,LKUS_physical_order_create,userAgent,30
0038,LKUS_physical_order_create,couponList,30
0038,LKUS_physical_order_create,orderPrice,30
0038,LKUS_physical_order_create,countryCode,30
0038,LKUS_physical_order_create,shopAddress,30
0038,LKUS_physical_order_create,shopCityName,30
0038,LKUS_physical_order_create,shopLatitude,30
0038,LKUS_physical_order_create,cidOriginEnum,30
0038,LKUS_physical_order_create,isTaxRequired,30
0038,LKUS_physical_order_create,orderProducts,30
0038,LKUS_physical_order_create,productAmount,30
0038,LKUS_physical_order_create,shopLongitude,30
0038,LKUS_physical_order_create,coffeeStoreList,30
0038,LKUS_physical_order_create,packageOrderProducts,30
0038,LKUS_payment,ip,32
0038,LKUS_payment,app,23
0038,LKUS_payment,cid,32
0038,LKUS_payment,uid,32
0038,LKUS_payment,phone,24
0038,LKUS_payment,shopId,32
0038,LKUS_payment,tenant,32
0038,LKUS_payment,userNo,32
0038,LKUS_payment,isGuest,32
0038,LKUS_payment,orderNo,32
0038,LKUS_payment,payType,32
0038,LKUS_payment,version,32
0038,LKUS_payment,payMoney,32
0038,LKUS_payment,orderType,32
0038,LKUS_payment,taxAmount,32
0038,LKUS_payment,uniqueKey,32
0038,LKUS_payment,userAgent,32
0038,LKUS_payment,orderPrice,32
0038,LKUS_payment,countryCode,24
0038,LKUS_payment,cidOriginEnum,32
0038,LKUS_payment,isTaxRequired,32
0038,LKUS_payment,orderProducts,32
0038,LKUS_payment,packageOrderProducts,32
0038,LKUS_physical_order_create,reviewRepeat,20
0038,LKUS_physical_order_create,recaptchaV3Token,20
0038,LKUS_physical_order_create,recaptchaV3Action,20
0038,LKUS_physical_order_create,recaptchaV3Enabled,20
0038,LKUS_payment,reviewRepeat,22
0038,LKUS_payment,recaptchaV3Token,22
0038,LKUS_payment,recaptchaV3Action,22
0038,LKUS_payment,recaptchaV3Enabled,22
0038,LKUS_physical_order_create,did,8
0038,LKUS_physical_order_create,blackBox,8
0038,LKUS_physical_order_create,deviceId,8
0038,LKUS_register,ip,6
0038,LKUS_register,app,5
0038,LKUS_register,cid,6
0038,LKUS_register,uid,6
0038,LKUS_register,phone,6
0038,LKUS_register,tenant,6
0038,LKUS_register,version,6
0038,LKUS_register,uniqueKey,6
0038,LKUS_register,userAgent,6
0038,LKUS_register,countryCode,6
0038,LKUS_register,reviewRepeat,5
0038,LKUS_register,cidOriginEnum,6
0038,LKUS_register,recaptchaV3Token,5
0038,LKUS_register,recaptchaV3Action,5
0038,LKUS_register,recaptchaV3Enabled,5
0038,LKUS_physical_order_create,packagingBagPrice,2
0038,LKUS_physical_order_create,packagingBagNumber,2
0038,LKUS_payment,packagingBagPrice,2
0038,LKUS_payment,packagingBagNumber,2
0038,LKUS_push,userNo,1
0039,LKUS_push,ip,25
0039,LKUS_push,app,23
0039,LKUS_push,cid,25
0039,LKUS_push,uid,25
0039,LKUS_push,phone,25
0039,LKUS_push,tenant,25
0039,LKUS_push,version,25
0039,LKUS_push,uniqueKey,25
0039,LKUS_push,userAgent,25
0039,LKUS_push,countryCode,25
0039,LKUS_push,reviewRepeat,23
0039,LKUS_push,cidOriginEnum,25
0039,LKUS_push,recaptchaV3Token,23
0039,LKUS_push,recaptchaV3Action,23
0039,LKUS_push,recaptchaV3Enabled,23
0039,LKUS_login,ip,13
0039,LKUS_login,app,13
0039,LKUS_login,cid,13
0039,LKUS_login,uid,13
0039,LKUS_login,phone,13
0039,LKUS_login,tenant,13
0039,LKUS_login,userNo,13
0039,LKUS_login,version,13
0039,LKUS_login,uniqueKey,13
0039,LKUS_login,userAgent,13
0039,LKUS_login,countryCode,13
0039,LKUS_login,reviewRepeat,13
0039,LKUS_login,cidOriginEnum,13
0039,LKUS_login,recaptchaV3Token,13
0039,LKUS_login,recaptchaV3Action,13
0039,LKUS_login,recaptchaV3Enabled,13
0039,LKUS_grant_new_user_coupon,ip,12
0039,LKUS_grant_new_user_coupon,app,12
0039,LKUS_grant_new_user_coupon,cid,12
0039,LKUS_grant_new_user_coupon,uid,12
0039,LKUS_grant_new_user_coupon,phone,12
0039,LKUS_grant_new_user_coupon,extend,12
0039,LKUS_grant_new_user_coupon,tenant,12
0039,LKUS_grant_new_user_coupon,userNo,12
0039,LKUS_grant_new_user_coupon,sceneId,12
0039,LKUS_grant_new_user_coupon,version,12
0039,LKUS_grant_new_user_coupon,uniqueKey,12
0039,LKUS_grant_new_user_coupon,userAgent,12
0039,LKUS_grant_new_user_coupon,countryCode,12
0039,LKUS_grant_new_user_coupon,reviewRepeat,12
0039,LKUS_grant_new_user_coupon,cidOriginEnum,12
0039,LKUS_grant_new_user_coupon,recaptchaV3Token,12
0039,LKUS_grant_new_user_coupon,recaptchaV3Action,12
0039,LKUS_grant_new_user_coupon,recaptchaV3Enabled,12
0039,LKUS_payment,ip,48
0039,LKUS_payment,cid,48
0039,LKUS_payment,uid,48
0039,LKUS_payment,shopId,48
0039,LKUS_payment,tenant,48
0039,LKUS_payment,userNo,48
0039,LKUS_payment,isGuest,48
0039,LKUS_payment,orderNo,48
0039,LKUS_payment,payType,48
0039,LKUS_payment,version,48
0039,LKUS_payment,payMoney,48
0039,LKUS_payment,orderType,48
0039,LKUS_payment,taxAmount,48
0039,LKUS_payment,uniqueKey,48
0039,LKUS_payment,userAgent,48
0039,LKUS_payment,orderPrice,48
0039,LKUS_payment,cidOriginEnum,48
0039,LKUS_payment,isTaxRequired,48
0039,LKUS_payment,orderProducts,48
0039,LKUS_payment,packageOrderProducts,48
0039,LKUS_physical_order_create,ip,46
0039,LKUS_physical_order_create,cid,46
0039,LKUS_physical_order_create,did,6
0039,LKUS_physical_order_create,uid,46
0039,LKUS_physical_order_create,shopId,46
0039,LKUS_physical_order_create,tenant,46
0039,LKUS_physical_order_create,userNo,46
0039,LKUS_physical_order_create,isGuest,46
0039,LKUS_physical_order_create,version,46
0039,LKUS_physical_order_create,blackBox,6
0039,LKUS_physical_order_create,deviceId,6
0039,LKUS_physical_order_create,orderType,46
0039,LKUS_physical_order_create,taxAmount,46
0039,LKUS_physical_order_create,uniqueKey,46
0039,LKUS_physical_order_create,userAgent,46
0039,LKUS_physical_order_create,couponList,46
0039,LKUS_physical_order_create,orderPrice,46
0039,LKUS_physical_order_create,countryCode,46
0039,LKUS_physical_order_create,shopAddress,46
0039,LKUS_physical_order_create,shopCityName,46
0039,LKUS_physical_order_create,shopLatitude,46
0039,LKUS_physical_order_create,cidOriginEnum,46
0039,LKUS_physical_order_create,isTaxRequired,46
0039,LKUS_physical_order_create,orderProducts,46
0039,LKUS_physical_order_create,productAmount,46
0039,LKUS_physical_order_create,shopLongitude,46
0039,LKUS_physical_order_create,coffeeStoreList,46
0039,LKUS_physical_order_create,packageOrderProducts,46
0039,LKUS_physical_order_create,app,39
0039,LKUS_physical_order_create,phone,40
0039,LKUS_physical_order_create,latitude,40
0039,LKUS_physical_order_create,longitude,40
0039,LKUS_physical_order_create,reviewRepeat,38
0039,LKUS_physical_order_create,recaptchaV3Token,38
0039,LKUS_physical_order_create,recaptchaV3Action,38
0039,LKUS_physical_order_create,recaptchaV3Enabled,38
0039,LKUS_payment,app,41
0039,LKUS_payment,phone,42
0039,LKUS_payment,countryCode,42
0039,LKUS_payment,reviewRepeat,40
0039,LKUS_payment,recaptchaV3Token,40
0039,LKUS_payment,recaptchaV3Action,40
0039,LKUS_payment,recaptchaV3Enabled,40
0039,LKUS_physical_order_create,packagingBagPrice,4
0039,LKUS_physical_order_create,packagingBagNumber,4
0039,LKUS_payment,packagingBagPrice,4
0039,LKUS_payment,packagingBagNumber,4
0039,LKUS_register,ip,5
0039,LKUS_register,app,5
0039,LKUS_register,cid,5
0039,LKUS_register,uid,5
0039,LKUS_register,phone,5
0039,LKUS_register,tenant,5
0039,LKUS_register,version,5
0039,LKUS_register,uniqueKey,5
0039,LKUS_register,userAgent,5
0039,LKUS_register,countryCode,5
0039,LKUS_register,reviewRepeat,5
0039,LKUS_register,cidOriginEnum,5
0039,LKUS_register,recaptchaV3Token,5
0039,LKUS_register,recaptchaV3Action,5
0039,LKUS_register,recaptchaV3Enabled,5
0040,LKUS_push,ip,44
0040,LKUS_push,app,41
0040,LKUS_push,cid,44
0040,LKUS_push,uid,44
0040,LKUS_push,phone,44
0040,LKUS_push,tenant,44
0040,LKUS_push,version,44
0040,LKUS_push,uniqueKey,44
0040,LKUS_push,userAgent,44
0040,LKUS_push,countryCode,44
0040,LKUS_push,reviewRepeat,40
0040,LKUS_push,cidOriginEnum,44
0040,LKUS_push,recaptchaV3Token,40
0040,LKUS_push,recaptchaV3Action,40
0040,LKUS_push,recaptchaV3Enabled,40
0040,LKUS_register,ip,8
0040,LKUS_register,app,7
0040,LKUS_register,cid,8
0040,LKUS_register,uid,8
0040,LKUS_register,phone,8
0040,LKUS_register,tenant,8
0040,LKUS_register,version,8
0040,LKUS_register,uniqueKey,8
0040,LKUS_register,userAgent,8
0040,LKUS_register,countryCode,8
0040,LKUS_register,cidOriginEnum,8
0040,LKUS_physical_order_create,ip,46
0040,LKUS_physical_order_create,app,33
0040,LKUS_physical_order_create,cid,46
0040,LKUS_physical_order_create,uid,46
0040,LKUS_physical_order_create,phone,36
0040,LKUS_physical_order_create,shopId,46
0040,LKUS_physical_order_create,tenant,46
0040,LKUS_physical_order_create,userNo,46
0040,LKUS_physical_order_create,isGuest,46
0040,LKUS_physical_order_create,version,46
0040,LKUS_physical_order_create,latitude,36
0040,LKUS_physical_order_create,longitude,36
0040,LKUS_physical_order_create,orderType,46
0040,LKUS_physical_order_create,taxAmount,46
0040,LKUS_physical_order_create,uniqueKey,46
0040,LKUS_physical_order_create,userAgent,46
0040,LKUS_physical_order_create,couponList,46
0040,LKUS_physical_order_create,orderPrice,46
0040,LKUS_physical_order_create,countryCode,46
0040,LKUS_physical_order_create,shopAddress,46
0040,LKUS_physical_order_create,reviewRepeat,34
0040,LKUS_physical_order_create,shopCityName,46
0040,LKUS_physical_order_create,shopLatitude,46
0040,LKUS_physical_order_create,cidOriginEnum,46
0040,LKUS_physical_order_create,isTaxRequired,46
0040,LKUS_physical_order_create,orderProducts,46
0040,LKUS_physical_order_create,productAmount,46
0040,LKUS_physical_order_create,shopLongitude,46
0040,LKUS_physical_order_create,coffeeStoreList,46
0040,LKUS_physical_order_create,recaptchaV3Token,34
0040,LKUS_physical_order_create,recaptchaV3Action,34
0040,LKUS_physical_order_create,recaptchaV3Enabled,34
0040,LKUS_physical_order_create,packageOrderProducts,46
0040,LKUS_payment,ip,46
0040,LKUS_payment,app,33
0040,LKUS_payment,cid,46
0040,LKUS_payment,uid,46
0040,LKUS_payment,phone,36
0040,LKUS_payment,shopId,46
0040,LKUS_payment,tenant,46
0040,LKUS_payment,userNo,46
0040,LKUS_payment,isGuest,46
0040,LKUS_payment,orderNo,46
0040,LKUS_payment,payType,46
0040,LKUS_payment,version,46
0040,LKUS_payment,payMoney,46
0040,LKUS_payment,orderType,46
0040,LKUS_payment,taxAmount,46
0040,LKUS_payment,uniqueKey,46
0040,LKUS_payment,userAgent,46
0040,LKUS_payment,orderPrice,46
0040,LKUS_payment,countryCode,36
0040,LKUS_payment,reviewRepeat,34
0040,LKUS_payment,cidOriginEnum,46
0040,LKUS_payment,isTaxRequired,46
0040,LKUS_payment,orderProducts,46
0040,LKUS_payment,recaptchaV3Token,32
0040,LKUS_payment,recaptchaV3Action,32
0040,LKUS_payment,recaptchaV3Enabled,34
0040,LKUS_payment,packageOrderProducts,46
0040,LKUS_physical_order_create,did,10
0040,LKUS_physical_order_create,blackBox,10
0040,LKUS_physical_order_create,deviceId,10
0040,LKUS_physical_order_create,packagingBagPrice,2
0040,LKUS_physical_order_create,packagingBagNumber,2
0040,LKUS_payment,packagingBagPrice,2
0040,LKUS_payment,packagingBagNumber,2
0040,LKUS_register,reviewRepeat,7
0040,LKUS_register,recaptchaV3Token,7
0040,LKUS_register,recaptchaV3Action,7
0040,LKUS_register,recaptchaV3Enabled,7
0040,LKUS_login,ip,10
0040,LKUS_login,cid,10
0040,LKUS_login,uid,10
0040,LKUS_login,phone,10
0040,LKUS_login,tenant,10
0040,LKUS_login,userNo,10
0040,LKUS_login,version,10
0040,LKUS_login,uniqueKey,10
0040,LKUS_login,userAgent,10
0040,LKUS_login,countryCode,10
0040,LKUS_login,reviewRepeat,10
0040,LKUS_login,cidOriginEnum,10
0040,LKUS_login,recaptchaV3Token,10
0040,LKUS_login,recaptchaV3Action,10
0040,LKUS_login,recaptchaV3Enabled,10
0040,LKUS_grant_new_user_coupon,ip,8
0040,LKUS_grant_new_user_coupon,cid,8
0040,LKUS_grant_new_user_coupon,uid,8
0040,LKUS_grant_new_user_coupon,phone,8
0040,LKUS_grant_new_user_coupon,extend,8
0040,LKUS_grant_new_user_coupon,tenant,8
0040,LKUS_grant_new_user_coupon,userNo,8
0040,LKUS_grant_new_user_coupon,sceneId,8
0040,LKUS_grant_new_user_coupon,version,8
0040,LKUS_grant_new_user_coupon,uniqueKey,8
0040,LKUS_grant_new_user_coupon,userAgent,8
0040,LKUS_grant_new_user_coupon,countryCode,8
0040,LKUS_grant_new_user_coupon,reviewRepeat,8
0040,LKUS_grant_new_user_coupon,cidOriginEnum,8
0040,LKUS_grant_new_user_coupon,recaptchaV3Token,8
0040,LKUS_grant_new_user_coupon,recaptchaV3Action,8
0040,LKUS_grant_new_user_coupon,recaptchaV3Enabled,8
0040,LKUS_login,app,9
0040,LKUS_grant_new_user_coupon,app,7
0040,LKUS_push,userNo,1
0041,LKUS_push,ip,42
0041,LKUS_push,app,42
0041,LKUS_push,cid,42
0041,LKUS_push,uid,42
0041,LKUS_push,phone,42
0041,LKUS_push,tenant,42
0041,LKUS_push,version,42
0041,LKUS_push,uniqueKey,42
0041,LKUS_push,userAgent,42
0041,LKUS_push,countryCode,42
0041,LKUS_push,reviewRepeat,41
0041,LKUS_push,cidOriginEnum,42
0041,LKUS_push,recaptchaV3Token,41
0041,LKUS_push,recaptchaV3Action,41
0041,LKUS_push,recaptchaV3Enabled,41
0041,LKUS_login,ip,9
0041,LKUS_login,app,9
0041,LKUS_login,cid,9
0041,LKUS_login,uid,9
0041,LKUS_login,phone,9
0041,LKUS_login,tenant,9
0041,LKUS_login,userNo,9
0041,LKUS_login,version,9
0041,LKUS_login,uniqueKey,9
0041,LKUS_login,userAgent,9
0041,LKUS_login,countryCode,9
0041,LKUS_login,reviewRepeat,9
0041,LKUS_login,cidOriginEnum,9
0041,LKUS_login,recaptchaV3Token,9
0041,LKUS_login,recaptchaV3Action,9
0041,LKUS_login,recaptchaV3Enabled,9
0041,LKUS_grant_new_user_coupon,ip,6
0041,LKUS_grant_new_user_coupon,app,6
0041,LKUS_grant_new_user_coupon,cid,6
0041,LKUS_grant_new_user_coupon,uid,6
0041,LKUS_grant_new_user_coupon,phone,6
0041,LKUS_grant_new_user_coupon,extend,6
0041,LKUS_grant_new_user_coupon,tenant,6
0041,LKUS_grant_new_user_coupon,userNo,6
0041,LKUS_grant_new_user_coupon,sceneId,6
0041,LKUS_grant_new_user_coupon,version,6
0041,LKUS_grant_new_user_coupon,uniqueKey,6
0041,LKUS_grant_new_user_coupon,userAgent,6
0041,LKUS_grant_new_user_coupon,countryCode,6
0041,LKUS_grant_new_user_coupon,reviewRepeat,6
0041,LKUS_grant_new_user_coupon,cidOriginEnum,6
0041,LKUS_grant_new_user_coupon,recaptchaV3Token,6
0041,LKUS_grant_new_user_coupon,recaptchaV3Action,6
0041,LKUS_grant_new_user_coupon,recaptchaV3Enabled,6
0041,LKUS_physical_order_create,ip,47
0041,LKUS_physical_order_create,app,35
0041,LKUS_physical_order_create,cid,47
0041,LKUS_physical_order_create,uid,47
0041,LKUS_physical_order_create,phone,36
0041,LKUS_physical_order_create,shopId,47
0041,LKUS_physical_order_create,tenant,47
0041,LKUS_physical_order_create,userNo,47
0041,LKUS_physical_order_create,isGuest,47
0041,LKUS_physical_order_create,version,47
0041,LKUS_physical_order_create,latitude,36
0041,LKUS_physical_order_create,longitude,36
0041,LKUS_physical_order_create,orderType,47
0041,LKUS_physical_order_create,taxAmount,47
0041,LKUS_physical_order_create,uniqueKey,47
0041,LKUS_physical_order_create,userAgent,47
0041,LKUS_physical_order_create,couponList,47
0041,LKUS_physical_order_create,orderPrice,47
0041,LKUS_physical_order_create,countryCode,47
0041,LKUS_physical_order_create,shopAddress,47
0041,LKUS_physical_order_create,reviewRepeat,33
0041,LKUS_physical_order_create,shopCityName,47
0041,LKUS_physical_order_create,shopLatitude,47
0041,LKUS_physical_order_create,cidOriginEnum,47
0041,LKUS_physical_order_create,isTaxRequired,47
0041,LKUS_physical_order_create,orderProducts,47
0041,LKUS_physical_order_create,productAmount,47
0041,LKUS_physical_order_create,shopLongitude,47
0041,LKUS_physical_order_create,coffeeStoreList,47
0041,LKUS_physical_order_create,recaptchaV3Token,33
0041,LKUS_physical_order_create,recaptchaV3Action,33
0041,LKUS_physical_order_create,recaptchaV3Enabled,33
0041,LKUS_physical_order_create,packageOrderProducts,47
0041,LKUS_payment,ip,46
0041,LKUS_payment,app,33
0041,LKUS_payment,cid,46
0041,LKUS_payment,uid,46
0041,LKUS_payment,phone,34
0041,LKUS_payment,shopId,46
0041,LKUS_payment,tenant,46
0041,LKUS_payment,userNo,46
0041,LKUS_payment,isGuest,46
0041,LKUS_payment,orderNo,46
0041,LKUS_payment,payType,46
0041,LKUS_payment,version,46
0041,LKUS_payment,payMoney,46
0041,LKUS_payment,orderType,46
0041,LKUS_payment,taxAmount,46
0041,LKUS_payment,uniqueKey,46
0041,LKUS_payment,userAgent,46
0041,LKUS_payment,orderPrice,46
0041,LKUS_payment,countryCode,34
0041,LKUS_payment,reviewRepeat,31
0041,LKUS_payment,cidOriginEnum,46
0041,LKUS_payment,isTaxRequired,46
0041,LKUS_payment,orderProducts,46
0041,LKUS_payment,recaptchaV3Token,31
0041,LKUS_payment,recaptchaV3Action,31
0041,LKUS_payment,recaptchaV3Enabled,31
0041,LKUS_payment,packageOrderProducts,46
0041,LKUS_physical_order_create,did,11
0041,LKUS_physical_order_create,blackBox,11
0041,LKUS_physical_order_create,deviceId,11
0041,LKUS_register,ip,9
0041,LKUS_register,app,9
0041,LKUS_register,cid,9
0041,LKUS_register,uid,9
0041,LKUS_register,phone,9
0041,LKUS_register,tenant,9
0041,LKUS_register,version,9
0041,LKUS_register,uniqueKey,9
0041,LKUS_register,userAgent,9
0041,LKUS_register,countryCode,9
0041,LKUS_register,reviewRepeat,9
0041,LKUS_register,cidOriginEnum,9
0041,LKUS_register,recaptchaV3Token,9
0041,LKUS_register,recaptchaV3Action,9
0041,LKUS_register,recaptchaV3Enabled,9
0041,LKUS_physical_order_cancel,ip,2
0041,LKUS_physical_order_cancel,app,2
0041,LKUS_physical_order_cancel,cid,2
0041,LKUS_physical_order_cancel,uid,2
0041,LKUS_physical_order_cancel,phone,2
0041,LKUS_physical_order_cancel,shopId,2
0041,LKUS_physical_order_cancel,tenant,2
0041,LKUS_physical_order_cancel,userNo,2
0041,LKUS_physical_order_cancel,isGuest,2
0041,LKUS_physical_order_cancel,orderNo,2
0041,LKUS_physical_order_cancel,version,2
0041,LKUS_physical_order_cancel,shopCity,2
0041,LKUS_physical_order_cancel,uniqueKey,2
0041,LKUS_physical_order_cancel,userAgent,2
0041,LKUS_physical_order_cancel,countryCode,2
0041,LKUS_physical_order_cancel,totalOfMade,2
0041,LKUS_physical_order_cancel,reviewRepeat,2
0041,LKUS_physical_order_cancel,cidOriginEnum,2
0041,LKUS_physical_order_cancel,cancelTypeEnum,2
0041,LKUS_physical_order_cancel,recaptchaV3Token,2
0041,LKUS_physical_order_cancel,recaptchaV3Action,2
0041,LKUS_physical_order_cancel,recaptchaV3Enabled,2
0042,LKUS_push,ip,50
0042,LKUS_push,app,46
0042,LKUS_push,cid,50
0042,LKUS_push,uid,50
0042,LKUS_push,phone,50
0042,LKUS_push,tenant,50
0042,LKUS_push,version,50
0042,LKUS_push,uniqueKey,50
0042,LKUS_push,userAgent,50
0042,LKUS_push,countryCode,50
0042,LKUS_push,reviewRepeat,48
0042,LKUS_push,cidOriginEnum,50
0042,LKUS_push,recaptchaV3Token,48
0042,LKUS_push,recaptchaV3Action,48
0042,LKUS_push,recaptchaV3Enabled,48
0042,LKUS_physical_order_create,ip,48
0042,LKUS_physical_order_create,app,37
0042,LKUS_physical_order_create,cid,48
0042,LKUS_physical_order_create,uid,48
0042,LKUS_physical_order_create,phone,38
0042,LKUS_physical_order_create,shopId,48
0042,LKUS_physical_order_create,tenant,48
0042,LKUS_physical_order_create,userNo,48
0042,LKUS_physical_order_create,isGuest,48
0042,LKUS_physical_order_create,version,48
0042,LKUS_physical_order_create,latitude,38
0042,LKUS_physical_order_create,longitude,38
0042,LKUS_physical_order_create,orderType,48
0042,LKUS_physical_order_create,taxAmount,48
0042,LKUS_physical_order_create,uniqueKey,48
0042,LKUS_physical_order_create,userAgent,48
0042,LKUS_physical_order_create,couponList,48
0042,LKUS_physical_order_create,orderPrice,48
0042,LKUS_physical_order_create,countryCode,48
0042,LKUS_physical_order_create,shopAddress,48
0042,LKUS_physical_order_create,reviewRepeat,36
0042,LKUS_physical_order_create,shopCityName,48
0042,LKUS_physical_order_create,shopLatitude,48
0042,LKUS_physical_order_create,cidOriginEnum,48
0042,LKUS_physical_order_create,isTaxRequired,48
0042,LKUS_physical_order_create,orderProducts,48
0042,LKUS_physical_order_create,productAmount,48
0042,LKUS_physical_order_create,shopLongitude,48
0042,LKUS_physical_order_create,coffeeStoreList,48
0042,LKUS_physical_order_create,recaptchaV3Token,36
0042,LKUS_physical_order_create,recaptchaV3Action,36
0042,LKUS_physical_order_create,recaptchaV3Enabled,36
0042,LKUS_physical_order_create,packageOrderProducts,48
0042,LKUS_payment,ip,46
0042,LKUS_payment,app,35
0042,LKUS_payment,cid,46
0042,LKUS_payment,uid,46
0042,LKUS_payment,phone,36
0042,LKUS_payment,shopId,46
0042,LKUS_payment,tenant,46
0042,LKUS_payment,userNo,46
0042,LKUS_payment,isGuest,46
0042,LKUS_payment,orderNo,46
0042,LKUS_payment,payType,46
0042,LKUS_payment,version,46
0042,LKUS_payment,payMoney,46
0042,LKUS_payment,orderType,46
0042,LKUS_payment,taxAmount,46
0042,LKUS_payment,uniqueKey,46
0042,LKUS_payment,userAgent,46
0042,LKUS_payment,orderPrice,46
0042,LKUS_payment,countryCode,36
0042,LKUS_payment,reviewRepeat,34
0042,LKUS_payment,cidOriginEnum,46
0042,LKUS_payment,isTaxRequired,46
0042,LKUS_payment,orderProducts,46
0042,LKUS_payment,recaptchaV3Token,34
0042,LKUS_payment,recaptchaV3Action,34
0042,LKUS_payment,recaptchaV3Enabled,34
0042,LKUS_payment,packageOrderProducts,46
0042,LKUS_physical_order_create,did,10
0042,LKUS_physical_order_create,blackBox,10
0042,LKUS_physical_order_create,deviceId,10
0042,LKUS_push,userNo,2
0042,LKUS_login,ip,8
0042,LKUS_login,app,7
0042,LKUS_login,cid,8
0042,LKUS_login,uid,8
0042,LKUS_login,phone,8
0042,LKUS_login,tenant,8
0042,LKUS_login,userNo,8
0042,LKUS_login,version,8
0042,LKUS_login,uniqueKey,8
0042,LKUS_login,userAgent,8
0042,LKUS_login,countryCode,8
0042,LKUS_login,reviewRepeat,7
0042,LKUS_login,cidOriginEnum,8
0042,LKUS_login,recaptchaV3Token,7
0042,LKUS_login,recaptchaV3Action,7
0042,LKUS_login,recaptchaV3Enabled,7
0042,LKUS_physical_order_create,packagingBagPrice,2
0042,LKUS_physical_order_create,packagingBagNumber,2
0042,LKUS_payment,packagingBagPrice,2
0042,LKUS_payment,packagingBagNumber,2
0042,LKUS_register,ip,7
0042,LKUS_register,cid,7
0042,LKUS_register,uid,7
0042,LKUS_register,phone,7
0042,LKUS_register,tenant,7
0042,LKUS_register,version,7
0042,LKUS_register,uniqueKey,7
0042,LKUS_register,userAgent,7
0042,LKUS_register,countryCode,7
0042,LKUS_register,reviewRepeat,7
0042,LKUS_register,cidOriginEnum,7
0042,LKUS_register,recaptchaV3Token,7
0042,LKUS_register,recaptchaV3Action,7
0042,LKUS_register,recaptchaV3Enabled,7
0042,LKUS_register,app,6
0042,LKUS_grant_new_user_coupon,ip,4
0042,LKUS_grant_new_user_coupon,app,4
0042,LKUS_grant_new_user_coupon,cid,4
0042,LKUS_grant_new_user_coupon,uid,4
0042,LKUS_grant_new_user_coupon,phone,4
0042,LKUS_grant_new_user_coupon,extend,4
0042,LKUS_grant_new_user_coupon,tenant,4
0042,LKUS_grant_new_user_coupon,userNo,4
0042,LKUS_grant_new_user_coupon,sceneId,4
0042,LKUS_grant_new_user_coupon,version,4
0042,LKUS_grant_new_user_coupon,uniqueKey,4
0042,LKUS_grant_new_user_coupon,userAgent,4
0042,LKUS_grant_new_user_coupon,countryCode,4
0042,LKUS_grant_new_user_coupon,reviewRepeat,4
0042,LKUS_grant_new_user_coupon,cidOriginEnum,4
0042,LKUS_grant_new_user_coupon,recaptchaV3Token,4
0042,LKUS_grant_new_user_coupon,recaptchaV3Action,4
0042,LKUS_grant_new_user_coupon,recaptchaV3Enabled,4
0043,LKUS_push,ip,31
0043,LKUS_push,app,28
0043,LKUS_push,cid,31
0043,LKUS_push,uid,31
0043,LKUS_push,phone,31
0043,LKUS_push,tenant,31
0043,LKUS_push,version,31
0043,LKUS_push,uniqueKey,31
0043,LKUS_push,userAgent,31
0043,LKUS_push,countryCode,31
0043,LKUS_push,reviewRepeat,31
0043,LKUS_push,cidOriginEnum,31
0043,LKUS_push,recaptchaV3Token,31
0043,LKUS_push,recaptchaV3Action,31
0043,LKUS_push,recaptchaV3Enabled,31
0043,LKUS_physical_order_create,ip,40
0043,LKUS_physical_order_create,app,29
0043,LKUS_physical_order_create,cid,40
0043,LKUS_physical_order_create,uid,40
0043,LKUS_physical_order_create,phone,30
0043,LKUS_physical_order_create,shopId,40
0043,LKUS_physical_order_create,tenant,40
0043,LKUS_physical_order_create,userNo,40
0043,LKUS_physical_order_create,isGuest,40
0043,LKUS_physical_order_create,version,40
0043,LKUS_physical_order_create,latitude,30
0043,LKUS_physical_order_create,longitude,30
0043,LKUS_physical_order_create,orderType,40
0043,LKUS_physical_order_create,taxAmount,40
0043,LKUS_physical_order_create,uniqueKey,40
0043,LKUS_physical_order_create,userAgent,40
0043,LKUS_physical_order_create,couponList,40
0043,LKUS_physical_order_create,orderPrice,40
0043,LKUS_physical_order_create,countryCode,40
0043,LKUS_physical_order_create,shopAddress,40
0043,LKUS_physical_order_create,reviewRepeat,29
0043,LKUS_physical_order_create,shopCityName,40
0043,LKUS_physical_order_create,shopLatitude,40
0043,LKUS_physical_order_create,cidOriginEnum,40
0043,LKUS_physical_order_create,isTaxRequired,40
0043,LKUS_physical_order_create,orderProducts,40
0043,LKUS_physical_order_create,productAmount,40
0043,LKUS_physical_order_create,shopLongitude,40
0043,LKUS_physical_order_create,coffeeStoreList,40
0043,LKUS_physical_order_create,recaptchaV3Token,29
0043,LKUS_physical_order_create,recaptchaV3Action,29
0043,LKUS_physical_order_create,recaptchaV3Enabled,29
0043,LKUS_physical_order_create,packageOrderProducts,40
0043,LKUS_payment,ip,42
0043,LKUS_payment,app,29
0043,LKUS_payment,cid,42
0043,LKUS_payment,uid,42
0043,LKUS_payment,phone,30
0043,LKUS_payment,shopId,42
0043,LKUS_payment,tenant,42
0043,LKUS_payment,userNo,42
0043,LKUS_payment,isGuest,42
0043,LKUS_payment,orderNo,42
0043,LKUS_payment,payType,42
0043,LKUS_payment,version,42
0043,LKUS_payment,payMoney,42
0043,LKUS_payment,orderType,42
0043,LKUS_payment,taxAmount,42
0043,LKUS_payment,uniqueKey,42
0043,LKUS_payment,userAgent,42
0043,LKUS_payment,orderPrice,42
0043,LKUS_payment,countryCode,30
0043,LKUS_payment,reviewRepeat,29
0043,LKUS_payment,cidOriginEnum,42
0043,LKUS_payment,isTaxRequired,42
0043,LKUS_payment,orderProducts,42
0043,LKUS_payment,recaptchaV3Token,29
0043,LKUS_payment,recaptchaV3Action,29
0043,LKUS_payment,recaptchaV3Enabled,29
0043,LKUS_payment,packageOrderProducts,42
0043,LKUS_physical_order_create,did,10
0043,LKUS_physical_order_create,blackBox,10
0043,LKUS_physical_order_create,deviceId,10
0043,LKUS_login,ip,6
0043,LKUS_login,app,5
0043,LKUS_login,cid,6
0043,LKUS_login,uid,6
0043,LKUS_login,phone,6
0043,LKUS_login,tenant,6
0043,LKUS_login,userNo,6
0043,LKUS_login,version,6
0043,LKUS_login,uniqueKey,6
0043,LKUS_login,userAgent,6
0043,LKUS_login,countryCode,6
0043,LKUS_login,reviewRepeat,6
0043,LKUS_login,cidOriginEnum,6
0043,LKUS_login,recaptchaV3Token,6
0043,LKUS_login,recaptchaV3Action,6
0043,LKUS_login,recaptchaV3Enabled,6
0043,LKUS_grant_new_user_coupon,ip,4
0043,LKUS_grant_new_user_coupon,app,3
0043,LKUS_grant_new_user_coupon,cid,4
0043,LKUS_grant_new_user_coupon,uid,4
0043,LKUS_grant_new_user_coupon,phone,4
0043,LKUS_grant_new_user_coupon,extend,4
0043,LKUS_grant_new_user_coupon,tenant,4
0043,LKUS_grant_new_user_coupon,userNo,4
0043,LKUS_grant_new_user_coupon,sceneId,4
0043,LKUS_grant_new_user_coupon,version,4
0043,LKUS_grant_new_user_coupon,uniqueKey,4
0043,LKUS_grant_new_user_coupon,userAgent,4
0043,LKUS_grant_new_user_coupon,countryCode,4
0043,LKUS_grant_new_user_coupon,reviewRepeat,4
0043,LKUS_grant_new_user_coupon,cidOriginEnum,4
0043,LKUS_grant_new_user_coupon,recaptchaV3Token,4
0043,LKUS_grant_new_user_coupon,recaptchaV3Action,4
0043,LKUS_grant_new_user_coupon,recaptchaV3Enabled,4
0043,LKUS_register,ip,9
0043,LKUS_register,app,8
0043,LKUS_register,cid,9
0043,LKUS_register,uid,9
0043,LKUS_register,phone,9
0043,LKUS_register,tenant,9
0043,LKUS_register,version,9
0043,LKUS_register,uniqueKey,9
0043,LKUS_register,userAgent,9
0043,LKUS_register,countryCode,9
0043,LKUS_register,reviewRepeat,9
0043,LKUS_register,cidOriginEnum,9
0043,LKUS_register,recaptchaV3Token,9
0043,LKUS_register,recaptchaV3Action,9
0043,LKUS_register,recaptchaV3Enabled,9
0044,LKUS_push,ip,40
0044,LKUS_push,app,40
0044,LKUS_push,cid,40
0044,LKUS_push,uid,40
0044,LKUS_push,phone,40
0044,LKUS_push,tenant,40
0044,LKUS_push,version,40
0044,LKUS_push,uniqueKey,40
0044,LKUS_push,userAgent,40
0044,LKUS_push,countryCode,40
0044,LKUS_push,reviewRepeat,40
0044,LKUS_push,cidOriginEnum,40
0044,LKUS_push,recaptchaV3Token,40
0044,LKUS_push,recaptchaV3Action,40
0044,LKUS_push,recaptchaV3Enabled,40
0044,LKUS_register,ip,6
0044,LKUS_register,app,6
0044,LKUS_register,cid,6
0044,LKUS_register,uid,6
0044,LKUS_register,phone,6
0044,LKUS_register,tenant,6
0044,LKUS_register,version,6
0044,LKUS_register,uniqueKey,6
0044,LKUS_register,userAgent,6
0044,LKUS_register,countryCode,6
0044,LKUS_register,reviewRepeat,6
0044,LKUS_register,cidOriginEnum,6
0044,LKUS_register,recaptchaV3Token,6
0044,LKUS_register,recaptchaV3Action,6
0044,LKUS_register,recaptchaV3Enabled,6
0044,LKUS_physical_order_create,ip,33
0044,LKUS_physical_order_create,app,23
0044,LKUS_physical_order_create,cid,33
0044,LKUS_physical_order_create,uid,33
0044,LKUS_physical_order_create,phone,25
0044,LKUS_physical_order_create,shopId,33
0044,LKUS_physical_order_create,tenant,33
0044,LKUS_physical_order_create,userNo,33
0044,LKUS_physical_order_create,isGuest,33
0044,LKUS_physical_order_create,version,33
0044,LKUS_physical_order_create,latitude,25
0044,LKUS_physical_order_create,longitude,25
0044,LKUS_physical_order_create,orderType,33
0044,LKUS_physical_order_create,taxAmount,33
0044,LKUS_physical_order_create,uniqueKey,33
0044,LKUS_physical_order_create,userAgent,33
0044,LKUS_physical_order_create,couponList,33
0044,LKUS_physical_order_create,orderPrice,33
0044,LKUS_physical_order_create,countryCode,33
0044,LKUS_physical_order_create,shopAddress,33
0044,LKUS_physical_order_create,reviewRepeat,23
0044,LKUS_physical_order_create,shopCityName,33
0044,LKUS_physical_order_create,shopLatitude,33
0044,LKUS_physical_order_create,cidOriginEnum,33
0044,LKUS_physical_order_create,isTaxRequired,33
0044,LKUS_physical_order_create,orderProducts,33
0044,LKUS_physical_order_create,productAmount,33
0044,LKUS_physical_order_create,shopLongitude,33
0044,LKUS_physical_order_create,coffeeStoreList,33
0044,LKUS_physical_order_create,recaptchaV3Token,23
0044,LKUS_physical_order_create,recaptchaV3Action,23
0044,LKUS_physical_order_create,recaptchaV3Enabled,23
0044,LKUS_physical_order_create,packageOrderProducts,33
0044,LKUS_payment,ip,33
0044,LKUS_payment,app,23
0044,LKUS_payment,cid,33
0044,LKUS_payment,uid,33
0044,LKUS_payment,phone,25
0044,LKUS_payment,shopId,33
0044,LKUS_payment,tenant,33
0044,LKUS_payment,userNo,33
0044,LKUS_payment,isGuest,33
0044,LKUS_payment,orderNo,33
0044,LKUS_payment,payType,33
0044,LKUS_payment,version,33
0044,LKUS_payment,payMoney,33
0044,LKUS_payment,orderType,33
0044,LKUS_payment,taxAmount,33
0044,LKUS_payment,uniqueKey,33
0044,LKUS_payment,userAgent,33
0044,LKUS_payment,orderPrice,33
0044,LKUS_payment,countryCode,25
0044,LKUS_payment,reviewRepeat,23
0044,LKUS_payment,cidOriginEnum,33
0044,LKUS_payment,isTaxRequired,33
0044,LKUS_payment,orderProducts,33
0044,LKUS_payment,recaptchaV3Token,23
0044,LKUS_payment,recaptchaV3Action,23
0044,LKUS_payment,recaptchaV3Enabled,23
0044,LKUS_payment,packageOrderProducts,33
0044,LKUS_grant_new_user_coupon,ip,3
0044,LKUS_grant_new_user_coupon,app,3
0044,LKUS_grant_new_user_coupon,cid,3
0044,LKUS_grant_new_user_coupon,uid,3
0044,LKUS_grant_new_user_coupon,phone,3
0044,LKUS_grant_new_user_coupon,extend,3
0044,LKUS_grant_new_user_coupon,tenant,3
0044,LKUS_grant_new_user_coupon,userNo,3
0044,LKUS_grant_new_user_coupon,sceneId,3
0044,LKUS_grant_new_user_coupon,version,3
0044,LKUS_grant_new_user_coupon,uniqueKey,3
0044,LKUS_grant_new_user_coupon,userAgent,3
0044,LKUS_grant_new_user_coupon,countryCode,3
0044,LKUS_grant_new_user_coupon,reviewRepeat,3
0044,LKUS_grant_new_user_coupon,cidOriginEnum,3
0044,LKUS_grant_new_user_coupon,recaptchaV3Token,3
0044,LKUS_grant_new_user_coupon,recaptchaV3Action,3
0044,LKUS_grant_new_user_coupon,recaptchaV3Enabled,3
0044,LKUS_login,ip,6
0044,LKUS_login,app,5
0044,LKUS_login,cid,6
0044,LKUS_login,uid,6
0044,LKUS_login,phone,6
0044,LKUS_login,tenant,6
0044,LKUS_login,userNo,6
0044,LKUS_login,version,6
0044,LKUS_login,uniqueKey,6
0044,LKUS_login,userAgent,6
0044,LKUS_login,countryCode,6
0044,LKUS_login,reviewRepeat,6
0044,LKUS_login,cidOriginEnum,6
0044,LKUS_login,recaptchaV3Token,6
0044,LKUS_login,recaptchaV3Action,6
0044,LKUS_login,recaptchaV3Enabled,6
0044,LKUS_physical_order_create,did,8
0044,LKUS_physical_order_create,blackBox,8
0044,LKUS_physical_order_create,deviceId,8
0044,LKUS_physical_order_create,packagingBagPrice,4
0044,LKUS_physical_order_create,packagingBagNumber,4
0044,LKUS_payment,packagingBagPrice,4
0044,LKUS_payment,packagingBagNumber,4
0045,LKUS_push,ip,24
0045,LKUS_push,app,22
0045,LKUS_push,cid,24
0045,LKUS_push,uid,24
0045,LKUS_push,phone,24
0045,LKUS_push,tenant,24
0045,LKUS_push,version,24
0045,LKUS_push,uniqueKey,24
0045,LKUS_push,userAgent,24
0045,LKUS_push,countryCode,24
0045,LKUS_push,reviewRepeat,22
0045,LKUS_push,cidOriginEnum,24
0045,LKUS_push,recaptchaV3Token,22
0045,LKUS_push,recaptchaV3Action,22
0045,LKUS_push,recaptchaV3Enabled,22
0045,LKUS_physical_order_create,ip,45
0045,LKUS_physical_order_create,app,35
0045,LKUS_physical_order_create,cid,45
0045,LKUS_physical_order_create,uid,45
0045,LKUS_physical_order_create,phone,35
0045,LKUS_physical_order_create,shopId,45
0045,LKUS_physical_order_create,tenant,45
0045,LKUS_physical_order_create,userNo,45
0045,LKUS_physical_order_create,isGuest,45
0045,LKUS_physical_order_create,version,45
0045,LKUS_physical_order_create,latitude,35
0045,LKUS_physical_order_create,longitude,35
0045,LKUS_physical_order_create,orderType,45
0045,LKUS_physical_order_create,taxAmount,45
0045,LKUS_physical_order_create,uniqueKey,45
0045,LKUS_physical_order_create,userAgent,45
0045,LKUS_physical_order_create,couponList,45
0045,LKUS_physical_order_create,orderPrice,45
0045,LKUS_physical_order_create,countryCode,45
0045,LKUS_physical_order_create,shopAddress,45
0045,LKUS_physical_order_create,reviewRepeat,32
0045,LKUS_physical_order_create,shopCityName,45
0045,LKUS_physical_order_create,shopLatitude,45
0045,LKUS_physical_order_create,cidOriginEnum,45
0045,LKUS_physical_order_create,isTaxRequired,45
0045,LKUS_physical_order_create,orderProducts,45
0045,LKUS_physical_order_create,productAmount,45
0045,LKUS_physical_order_create,shopLongitude,45
0045,LKUS_physical_order_create,coffeeStoreList,45
0045,LKUS_physical_order_create,recaptchaV3Token,32
0045,LKUS_physical_order_create,recaptchaV3Action,32
0045,LKUS_physical_order_create,recaptchaV3Enabled,32
0045,LKUS_physical_order_create,packageOrderProducts,45
0045,LKUS_grant_new_user_coupon,ip,9
0045,LKUS_grant_new_user_coupon,app,8
0045,LKUS_grant_new_user_coupon,cid,9
0045,LKUS_grant_new_user_coupon,uid,9
0045,LKUS_grant_new_user_coupon,phone,9
0045,LKUS_grant_new_user_coupon,extend,9
0045,LKUS_grant_new_user_coupon,tenant,9
0045,LKUS_grant_new_user_coupon,userNo,9
0045,LKUS_grant_new_user_coupon,sceneId,9
0045,LKUS_grant_new_user_coupon,version,9
0045,LKUS_grant_new_user_coupon,uniqueKey,9
0045,LKUS_grant_new_user_coupon,userAgent,9
0045,LKUS_grant_new_user_coupon,countryCode,9
0045,LKUS_grant_new_user_coupon,reviewRepeat,9
0045,LKUS_grant_new_user_coupon,cidOriginEnum,9
0045,LKUS_grant_new_user_coupon,recaptchaV3Token,9
0045,LKUS_grant_new_user_coupon,recaptchaV3Action,9
0045,LKUS_grant_new_user_coupon,recaptchaV3Enabled,9
0045,LKUS_login,ip,15
0045,LKUS_login,app,13
0045,LKUS_login,cid,15
0045,LKUS_login,uid,15
0045,LKUS_login,phone,15
0045,LKUS_login,tenant,15
0045,LKUS_login,userNo,15
0045,LKUS_login,version,15
0045,LKUS_login,uniqueKey,15
0045,LKUS_login,userAgent,15
0045,LKUS_login,countryCode,15
0045,LKUS_login,reviewRepeat,14
0045,LKUS_login,cidOriginEnum,15
0045,LKUS_login,recaptchaV3Token,14
0045,LKUS_login,recaptchaV3Action,14
0045,LKUS_login,recaptchaV3Enabled,14
0045,LKUS_payment,ip,45
0045,LKUS_payment,app,35
0045,LKUS_payment,cid,45
0045,LKUS_payment,uid,45
0045,LKUS_payment,phone,35
0045,LKUS_payment,shopId,45
0045,LKUS_payment,tenant,45
0045,LKUS_payment,userNo,45
0045,LKUS_payment,isGuest,45
0045,LKUS_payment,orderNo,45
0045,LKUS_payment,payType,45
0045,LKUS_payment,version,45
0045,LKUS_payment,payMoney,45
0045,LKUS_payment,orderType,45
0045,LKUS_payment,taxAmount,45
0045,LKUS_payment,uniqueKey,45
0045,LKUS_payment,userAgent,45
0045,LKUS_payment,orderPrice,45
0045,LKUS_payment,countryCode,35
0045,LKUS_payment,reviewRepeat,32
0045,LKUS_payment,cidOriginEnum,45
0045,LKUS_payment,isTaxRequired,45
0045,LKUS_payment,orderProducts,45
0045,LKUS_payment,recaptchaV3Token,32
0045,LKUS_payment,recaptchaV3Action,32
0045,LKUS_payment,recaptchaV3Enabled,32
0045,LKUS_payment,packageOrderProducts,45
0045,LKUS_physical_order_create,did,10
0045,LKUS_physical_order_create,blackBox,10
0045,LKUS_physical_order_create,deviceId,10
0045,LKUS_register,ip,4
0045,LKUS_register,app,3
0045,LKUS_register,cid,4
0045,LKUS_register,uid,4
0045,LKUS_register,phone,4
0045,LKUS_register,tenant,4
0045,LKUS_register,version,4
0045,LKUS_register,uniqueKey,4
0045,LKUS_register,userAgent,4
0045,LKUS_register,countryCode,4
0045,LKUS_register,reviewRepeat,3
0045,LKUS_register,cidOriginEnum,4
0045,LKUS_register,recaptchaV3Token,3
0045,LKUS_register,recaptchaV3Action,3
0045,LKUS_register,recaptchaV3Enabled,3
0045,LKUS_push,userNo,1
0046,LKUS_push,ip,31
0046,LKUS_push,app,29
0046,LKUS_push,cid,31
0046,LKUS_push,uid,31
0046,LKUS_push,phone,31
0046,LKUS_push,tenant,31
0046,LKUS_push,version,31
0046,LKUS_push,uniqueKey,31
0046,LKUS_push,userAgent,31
0046,LKUS_push,countryCode,31
0046,LKUS_push,reviewRepeat,31
0046,LKUS_push,cidOriginEnum,31
0046,LKUS_push,recaptchaV3Token,31
0046,LKUS_push,recaptchaV3Action,31
0046,LKUS_push,recaptchaV3Enabled,31
0046,LKUS_physical_order_create,ip,42
0046,LKUS_physical_order_create,cid,42
0046,LKUS_physical_order_create,did,12
0046,LKUS_physical_order_create,uid,42
0046,LKUS_physical_order_create,shopId,42
0046,LKUS_physical_order_create,tenant,42
0046,LKUS_physical_order_create,userNo,42
0046,LKUS_physical_order_create,isGuest,42
0046,LKUS_physical_order_create,version,42
0046,LKUS_physical_order_create,blackBox,12
0046,LKUS_physical_order_create,deviceId,12
0046,LKUS_physical_order_create,orderType,42
0046,LKUS_physical_order_create,taxAmount,42
0046,LKUS_physical_order_create,uniqueKey,42
0046,LKUS_physical_order_create,userAgent,42
0046,LKUS_physical_order_create,couponList,42
0046,LKUS_physical_order_create,orderPrice,42
0046,LKUS_physical_order_create,countryCode,42
0046,LKUS_physical_order_create,shopAddress,42
0046,LKUS_physical_order_create,shopCityName,42
0046,LKUS_physical_order_create,shopLatitude,42
0046,LKUS_physical_order_create,cidOriginEnum,42
0046,LKUS_physical_order_create,isTaxRequired,42
0046,LKUS_physical_order_create,orderProducts,42
0046,LKUS_physical_order_create,productAmount,42
0046,LKUS_physical_order_create,shopLongitude,42
0046,LKUS_physical_order_create,coffeeStoreList,42
0046,LKUS_physical_order_create,packageOrderProducts,42
0046,LKUS_payment,ip,42
0046,LKUS_payment,cid,42
0046,LKUS_payment,uid,42
0046,LKUS_payment,shopId,42
0046,LKUS_payment,tenant,42
0046,LKUS_payment,userNo,42
0046,LKUS_payment,isGuest,42
0046,LKUS_payment,orderNo,42
0046,LKUS_payment,payType,42
0046,LKUS_payment,version,42
0046,LKUS_payment,payMoney,42
0046,LKUS_payment,orderType,42
0046,LKUS_payment,taxAmount,42
0046,LKUS_payment,uniqueKey,42
0046,LKUS_payment,userAgent,42
0046,LKUS_payment,orderPrice,42
0046,LKUS_payment,cidOriginEnum,42
0046,LKUS_payment,isTaxRequired,42
0046,LKUS_payment,orderProducts,42
0046,LKUS_payment,packageOrderProducts,42
0046,LKUS_physical_order_create,app,27
0046,LKUS_physical_order_create,phone,30
0046,LKUS_physical_order_create,latitude,30
0046,LKUS_physical_order_create,longitude,30
0046,LKUS_physical_order_create,reviewRepeat,26
0046,LKUS_physical_order_create,recaptchaV3Token,26
0046,LKUS_physical_order_create,recaptchaV3Action,26
0046,LKUS_physical_order_create,recaptchaV3Enabled,26
0046,LKUS_payment,app,27
0046,LKUS_payment,phone,30
0046,LKUS_payment,countryCode,30
0046,LKUS_payment,reviewRepeat,26
0046,LKUS_payment,recaptchaV3Token,26
0046,LKUS_payment,recaptchaV3Action,26
0046,LKUS_payment,recaptchaV3Enabled,26
0046,LKUS_register,ip,4
0046,LKUS_register,app,2
0046,LKUS_register,cid,4
0046,LKUS_register,uid,4
0046,LKUS_register,phone,4
0046,LKUS_register,tenant,4
0046,LKUS_register,version,4
0046,LKUS_register,uniqueKey,4
0046,LKUS_register,userAgent,4
0046,LKUS_register,countryCode,4
0046,LKUS_register,reviewRepeat,4
0046,LKUS_register,cidOriginEnum,4
0046,LKUS_register,recaptchaV3Token,4
0046,LKUS_register,recaptchaV3Action,4
0046,LKUS_register,recaptchaV3Enabled,4
0046,LKUS_physical_order_create,packagingBagPrice,3
0046,LKUS_physical_order_create,packagingBagNumber,3
0046,LKUS_payment,packagingBagPrice,3
0046,LKUS_payment,packagingBagNumber,3
0046,LKUS_login,ip,13
0046,LKUS_login,app,10
0046,LKUS_login,cid,13
0046,LKUS_login,uid,13
0046,LKUS_login,phone,13
0046,LKUS_login,tenant,13
0046,LKUS_login,userNo,13
0046,LKUS_login,version,13
0046,LKUS_login,uniqueKey,13
0046,LKUS_login,userAgent,13
0046,LKUS_login,countryCode,13
0046,LKUS_login,reviewRepeat,13
0046,LKUS_login,cidOriginEnum,13
0046,LKUS_login,recaptchaV3Token,13
0046,LKUS_login,recaptchaV3Action,13
0046,LKUS_login,recaptchaV3Enabled,13
0046,LKUS_grant_new_user_coupon,ip,7
0046,LKUS_grant_new_user_coupon,app,5
0046,LKUS_grant_new_user_coupon,cid,7
0046,LKUS_grant_new_user_coupon,uid,7
0046,LKUS_grant_new_user_coupon,phone,7
0046,LKUS_grant_new_user_coupon,extend,7
0046,LKUS_grant_new_user_coupon,tenant,7
0046,LKUS_grant_new_user_coupon,userNo,7
0046,LKUS_grant_new_user_coupon,sceneId,7
0046,LKUS_grant_new_user_coupon,version,7
0046,LKUS_grant_new_user_coupon,uniqueKey,7
0046,LKUS_grant_new_user_coupon,userAgent,7
0046,LKUS_grant_new_user_coupon,countryCode,7
0046,LKUS_grant_new_user_coupon,reviewRepeat,7
0046,LKUS_grant_new_user_coupon,cidOriginEnum,7
0046,LKUS_grant_new_user_coupon,recaptchaV3Token,7
0046,LKUS_grant_new_user_coupon,recaptchaV3Action,7
0046,LKUS_grant_new_user_coupon,recaptchaV3Enabled,7
0047,LKUS_push,ip,55
0047,LKUS_push,app,50
0047,LKUS_push,cid,55
0047,LKUS_push,uid,55
0047,LKUS_push,phone,55
0047,LKUS_push,tenant,55
0047,LKUS_push,version,55
0047,LKUS_push,uniqueKey,55
0047,LKUS_push,userAgent,55
0047,LKUS_push,countryCode,55
0047,LKUS_push,reviewRepeat,52
0047,LKUS_push,cidOriginEnum,55
0047,LKUS_push,recaptchaV3Token,52
0047,LKUS_push,recaptchaV3Action,52
0047,LKUS_push,recaptchaV3Enabled,52
0047,LKUS_login,ip,17
0047,LKUS_login,app,12
0047,LKUS_login,cid,17
0047,LKUS_login,uid,17
0047,LKUS_login,phone,17
0047,LKUS_login,tenant,17
0047,LKUS_login,userNo,17
0047,LKUS_login,version,17
0047,LKUS_login,uniqueKey,17
0047,LKUS_login,userAgent,17
0047,LKUS_login,countryCode,17
0047,LKUS_login,reviewRepeat,13
0047,LKUS_login,cidOriginEnum,17
0047,LKUS_login,recaptchaV3Token,13
0047,LKUS_login,recaptchaV3Action,13
0047,LKUS_login,recaptchaV3Enabled,13
0047,LKUS_grant_new_user_coupon,ip,8
0047,LKUS_grant_new_user_coupon,app,6
0047,LKUS_grant_new_user_coupon,cid,8
0047,LKUS_grant_new_user_coupon,uid,8
0047,LKUS_grant_new_user_coupon,phone,8
0047,LKUS_grant_new_user_coupon,extend,8
0047,LKUS_grant_new_user_coupon,tenant,8
0047,LKUS_grant_new_user_coupon,userNo,8
0047,LKUS_grant_new_user_coupon,sceneId,8
0047,LKUS_grant_new_user_coupon,version,8
0047,LKUS_grant_new_user_coupon,uniqueKey,8
0047,LKUS_grant_new_user_coupon,userAgent,8
0047,LKUS_grant_new_user_coupon,countryCode,8
0047,LKUS_grant_new_user_coupon,cidOriginEnum,8
0047,LKUS_physical_order_create,ip,44
0047,LKUS_physical_order_create,app,36
0047,LKUS_physical_order_create,cid,44
0047,LKUS_physical_order_create,uid,44
0047,LKUS_physical_order_create,phone,37
0047,LKUS_physical_order_create,shopId,44
0047,LKUS_physical_order_create,tenant,44
0047,LKUS_physical_order_create,userNo,44
0047,LKUS_physical_order_create,isGuest,44
0047,LKUS_physical_order_create,version,44
0047,LKUS_physical_order_create,latitude,36
0047,LKUS_physical_order_create,longitude,36
0047,LKUS_physical_order_create,orderType,44
0047,LKUS_physical_order_create,taxAmount,44
0047,LKUS_physical_order_create,uniqueKey,44
0047,LKUS_physical_order_create,userAgent,44
0047,LKUS_physical_order_create,couponList,44
0047,LKUS_physical_order_create,orderPrice,44
0047,LKUS_physical_order_create,countryCode,44
0047,LKUS_physical_order_create,shopAddress,44
0047,LKUS_physical_order_create,reviewRepeat,34
0047,LKUS_physical_order_create,shopCityName,44
0047,LKUS_physical_order_create,shopLatitude,44
0047,LKUS_physical_order_create,cidOriginEnum,44
0047,LKUS_physical_order_create,isTaxRequired,44
0047,LKUS_physical_order_create,orderProducts,44
0047,LKUS_physical_order_create,productAmount,44
0047,LKUS_physical_order_create,shopLongitude,44
0047,LKUS_physical_order_create,coffeeStoreList,44
0047,LKUS_physical_order_create,recaptchaV3Token,34
0047,LKUS_physical_order_create,recaptchaV3Action,34
0047,LKUS_physical_order_create,recaptchaV3Enabled,34
0047,LKUS_physical_order_create,packageOrderProducts,44
0047,LKUS_payment,ip,45
0047,LKUS_payment,app,35
0047,LKUS_payment,cid,45
0047,LKUS_payment,uid,45
0047,LKUS_payment,phone,36
0047,LKUS_payment,shopId,45
0047,LKUS_payment,tenant,45
0047,LKUS_payment,userNo,45
0047,LKUS_payment,isGuest,45
0047,LKUS_payment,orderNo,45
0047,LKUS_payment,payType,45
0047,LKUS_payment,version,45
0047,LKUS_payment,payMoney,45
0047,LKUS_payment,orderType,45
0047,LKUS_payment,taxAmount,45
0047,LKUS_payment,uniqueKey,45
0047,LKUS_payment,userAgent,45
0047,LKUS_payment,orderPrice,45
0047,LKUS_payment,countryCode,36
0047,LKUS_payment,reviewRepeat,33
0047,LKUS_payment,cidOriginEnum,45
0047,LKUS_payment,isTaxRequired,45
0047,LKUS_payment,orderProducts,45
0047,LKUS_payment,recaptchaV3Token,33
0047,LKUS_payment,recaptchaV3Action,33
0047,LKUS_payment,recaptchaV3Enabled,33
0047,LKUS_payment,packageOrderProducts,45
0047,LKUS_physical_order_create,did,8
0047,LKUS_physical_order_create,blackBox,8
0047,LKUS_physical_order_create,deviceId,8
0047,LKUS_push,userNo,2
0047,LKUS_grant_new_user_coupon,reviewRepeat,7
0047,LKUS_grant_new_user_coupon,recaptchaV3Token,7
0047,LKUS_grant_new_user_coupon,recaptchaV3Action,7
0047,LKUS_grant_new_user_coupon,recaptchaV3Enabled,7
0047,LKUS_physical_order_create,packagingBagPrice,1
0047,LKUS_physical_order_create,packagingBagNumber,1
0047,LKUS_payment,packagingBagPrice,1
0047,LKUS_payment,packagingBagNumber,1
0047,LKUS_register,ip,7
0047,LKUS_register,app,4
0047,LKUS_register,cid,7
0047,LKUS_register,uid,7
0047,LKUS_register,phone,7
0047,LKUS_register,tenant,7
0047,LKUS_register,version,7
0047,LKUS_register,uniqueKey,7
0047,LKUS_register,userAgent,7
0047,LKUS_register,countryCode,7
0047,LKUS_register,reviewRepeat,6
0047,LKUS_register,cidOriginEnum,7
0047,LKUS_register,recaptchaV3Token,6
0047,LKUS_register,recaptchaV3Action,6
0047,LKUS_register,recaptchaV3Enabled,6
0048,LKUS_push,ip,35
0048,LKUS_push,app,31
0048,LKUS_push,cid,35
0048,LKUS_push,uid,35
0048,LKUS_push,phone,35
0048,LKUS_push,tenant,35
0048,LKUS_push,version,35
0048,LKUS_push,uniqueKey,35
0048,LKUS_push,userAgent,35
0048,LKUS_push,countryCode,35
0048,LKUS_push,reviewRepeat,34
0048,LKUS_push,cidOriginEnum,35
0048,LKUS_push,recaptchaV3Token,34
0048,LKUS_push,recaptchaV3Action,34
0048,LKUS_push,recaptchaV3Enabled,34
0048,LKUS_physical_order_create,ip,50
0048,LKUS_physical_order_create,app,39
0048,LKUS_physical_order_create,cid,50
0048,LKUS_physical_order_create,uid,50
0048,LKUS_physical_order_create,phone,40
0048,LKUS_physical_order_create,shopId,50
0048,LKUS_physical_order_create,tenant,50
0048,LKUS_physical_order_create,userNo,50
0048,LKUS_physical_order_create,isGuest,50
0048,LKUS_physical_order_create,version,50
0048,LKUS_physical_order_create,latitude,40
0048,LKUS_physical_order_create,longitude,40
0048,LKUS_physical_order_create,orderType,50
0048,LKUS_physical_order_create,taxAmount,50
0048,LKUS_physical_order_create,uniqueKey,50
0048,LKUS_physical_order_create,userAgent,50
0048,LKUS_physical_order_create,couponList,50
0048,LKUS_physical_order_create,orderPrice,50
0048,LKUS_physical_order_create,countryCode,50
0048,LKUS_physical_order_create,shopAddress,50
0048,LKUS_physical_order_create,shopCityName,50
0048,LKUS_physical_order_create,shopLatitude,50
0048,LKUS_physical_order_create,cidOriginEnum,50
0048,LKUS_physical_order_create,isTaxRequired,50
0048,LKUS_physical_order_create,orderProducts,50
0048,LKUS_physical_order_create,productAmount,50
0048,LKUS_physical_order_create,shopLongitude,50
0048,LKUS_physical_order_create,coffeeStoreList,50
0048,LKUS_physical_order_create,packageOrderProducts,50
0048,LKUS_payment,ip,51
0048,LKUS_payment,app,39
0048,LKUS_payment,cid,51
0048,LKUS_payment,uid,51
0048,LKUS_payment,phone,40
0048,LKUS_payment,shopId,51
0048,LKUS_payment,tenant,51
0048,LKUS_payment,userNo,51
0048,LKUS_payment,isGuest,51
0048,LKUS_payment,orderNo,51
0048,LKUS_payment,payType,51
0048,LKUS_payment,version,51
0048,LKUS_payment,payMoney,51
0048,LKUS_payment,orderType,51
0048,LKUS_payment,taxAmount,51
0048,LKUS_payment,uniqueKey,51
0048,LKUS_payment,userAgent,51
0048,LKUS_payment,orderPrice,51
0048,LKUS_payment,countryCode,40
0048,LKUS_payment,cidOriginEnum,51
0048,LKUS_payment,isTaxRequired,51
0048,LKUS_payment,orderProducts,51
0048,LKUS_payment,packageOrderProducts,51
0048,LKUS_physical_order_create,did,10
0048,LKUS_physical_order_create,blackBox,10
0048,LKUS_physical_order_create,deviceId,10
0048,LKUS_physical_order_create,reviewRepeat,38
0048,LKUS_physical_order_create,recaptchaV3Token,38
0048,LKUS_physical_order_create,packagingBagPrice,3
0048,LKUS_physical_order_create,recaptchaV3Action,38
0048,LKUS_physical_order_create,packagingBagNumber,3
0048,LKUS_physical_order_create,recaptchaV3Enabled,38
0048,LKUS_payment,reviewRepeat,38
0048,LKUS_payment,recaptchaV3Token,38
0048,LKUS_payment,recaptchaV3Action,38
0048,LKUS_payment,recaptchaV3Enabled,38
0048,LKUS_physical_order_cancel,ip,1
0048,LKUS_physical_order_cancel,app,1
0048,LKUS_physical_order_cancel,cid,1
0048,LKUS_physical_order_cancel,uid,1
0048,LKUS_physical_order_cancel,phone,1
0048,LKUS_physical_order_cancel,shopId,1
0048,LKUS_physical_order_cancel,tenant,1
0048,LKUS_physical_order_cancel,userNo,1
0048,LKUS_physical_order_cancel,isGuest,1
0048,LKUS_physical_order_cancel,orderNo,1
0048,LKUS_physical_order_cancel,version,1
0048,LKUS_physical_order_cancel,shopCity,1
0048,LKUS_physical_order_cancel,uniqueKey,1
0048,LKUS_physical_order_cancel,userAgent,1
0048,LKUS_physical_order_cancel,countryCode,1
0048,LKUS_physical_order_cancel,totalOfMade,1
0048,LKUS_physical_order_cancel,reviewRepeat,1
0048,LKUS_physical_order_cancel,cidOriginEnum,1
0048,LKUS_physical_order_cancel,cancelTypeEnum,1
0048,LKUS_physical_order_cancel,recaptchaV3Token,1
0048,LKUS_physical_order_cancel,recaptchaV3Action,1
0048,LKUS_physical_order_cancel,recaptchaV3Enabled,1
0048,LKUS_payment,packagingBagPrice,2
0048,LKUS_payment,packagingBagNumber,2
0048,LKUS_register,ip,7
0048,LKUS_register,app,6
0048,LKUS_register,cid,7
0048,LKUS_register,uid,7
0048,LKUS_register,phone,7
0048,LKUS_register,tenant,7
0048,LKUS_register,version,7
0048,LKUS_register,uniqueKey,7
0048,LKUS_register,userAgent,7
0048,LKUS_register,countryCode,7
0048,LKUS_register,reviewRepeat,7
0048,LKUS_register,cidOriginEnum,7
0048,LKUS_register,recaptchaV3Token,7
0048,LKUS_register,recaptchaV3Action,7
0048,LKUS_register,recaptchaV3Enabled,7
0048,LKUS_login,ip,6
0048,LKUS_login,app,5
0048,LKUS_login,cid,6
0048,LKUS_login,uid,6
0048,LKUS_login,phone,6
0048,LKUS_login,tenant,6
0048,LKUS_login,userNo,6
0048,LKUS_login,version,6
0048,LKUS_login,uniqueKey,6
0048,LKUS_login,userAgent,6
0048,LKUS_login,countryCode,6
0048,LKUS_login,reviewRepeat,6
0048,LKUS_login,cidOriginEnum,6
0048,LKUS_login,recaptchaV3Token,6
0048,LKUS_login,recaptchaV3Action,6
0048,LKUS_login,recaptchaV3Enabled,6
0048,LKUS_grant_new_user_coupon,ip,5
0048,LKUS_grant_new_user_coupon,app,4
0048,LKUS_grant_new_user_coupon,cid,5
0048,LKUS_grant_new_user_coupon,uid,5
0048,LKUS_grant_new_user_coupon,phone,5
0048,LKUS_grant_new_user_coupon,extend,5
0048,LKUS_grant_new_user_coupon,tenant,5
0048,LKUS_grant_new_user_coupon,userNo,5
0048,LKUS_grant_new_user_coupon,sceneId,5
0048,LKUS_grant_new_user_coupon,version,5
0048,LKUS_grant_new_user_coupon,uniqueKey,5
0048,LKUS_grant_new_user_coupon,userAgent,5
0048,LKUS_grant_new_user_coupon,countryCode,5
0048,LKUS_grant_new_user_coupon,reviewRepeat,5
0048,LKUS_grant_new_user_coupon,cidOriginEnum,5
0048,LKUS_grant_new_user_coupon,recaptchaV3Token,5
0048,LKUS_grant_new_user_coupon,recaptchaV3Action,5
0048,LKUS_grant_new_user_coupon,recaptchaV3Enabled,5
0048,LKUS_push,userNo,1
0049,LKUS_push,ip,50
0049,LKUS_push,app,48
0049,LKUS_push,cid,50
0049,LKUS_push,uid,50
0049,LKUS_push,phone,50
0049,LKUS_push,tenant,50
0049,LKUS_push,version,50
0049,LKUS_push,uniqueKey,50
0049,LKUS_push,userAgent,50
0049,LKUS_push,countryCode,50
0049,LKUS_push,reviewRepeat,47
0049,LKUS_push,cidOriginEnum,50
0049,LKUS_push,recaptchaV3Token,47
0049,LKUS_push,recaptchaV3Action,47
0049,LKUS_push,recaptchaV3Enabled,47
0049,LKUS_physical_order_create,ip,47
0049,LKUS_physical_order_create,cid,47
0049,LKUS_physical_order_create,did,10
0049,LKUS_physical_order_create,uid,47
0049,LKUS_physical_order_create,shopId,47
0049,LKUS_physical_order_create,tenant,47
0049,LKUS_physical_order_create,userNo,47
0049,LKUS_physical_order_create,isGuest,47
0049,LKUS_physical_order_create,version,47
0049,LKUS_physical_order_create,blackBox,10
0049,LKUS_physical_order_create,deviceId,10
0049,LKUS_physical_order_create,orderType,47
0049,LKUS_physical_order_create,taxAmount,47
0049,LKUS_physical_order_create,uniqueKey,47
0049,LKUS_physical_order_create,userAgent,47
0049,LKUS_physical_order_create,couponList,47
0049,LKUS_physical_order_create,orderPrice,46
0049,LKUS_physical_order_create,countryCode,47
0049,LKUS_physical_order_create,shopAddress,47
0049,LKUS_physical_order_create,shopCityName,47
0049,LKUS_physical_order_create,shopLatitude,47
0049,LKUS_physical_order_create,cidOriginEnum,47
0049,LKUS_physical_order_create,isTaxRequired,47
0049,LKUS_physical_order_create,orderProducts,47
0049,LKUS_physical_order_create,productAmount,47
0049,LKUS_physical_order_create,shopLongitude,47
0049,LKUS_physical_order_create,coffeeStoreList,47
0049,LKUS_physical_order_create,packageOrderProducts,47
0049,LKUS_payment,ip,46
0049,LKUS_payment,cid,46
0049,LKUS_payment,uid,46
0049,LKUS_payment,shopId,46
0049,LKUS_payment,tenant,46
0049,LKUS_payment,userNo,46
0049,LKUS_payment,isGuest,46
0049,LKUS_payment,orderNo,46
0049,LKUS_payment,payType,46
0049,LKUS_payment,version,46
0049,LKUS_payment,payMoney,46
0049,LKUS_payment,orderType,46
0049,LKUS_payment,taxAmount,46
0049,LKUS_payment,uniqueKey,46
0049,LKUS_payment,userAgent,46
0049,LKUS_payment,orderPrice,46
0049,LKUS_payment,cidOriginEnum,46
0049,LKUS_payment,isTaxRequired,46
0049,LKUS_payment,orderProducts,46
0049,LKUS_payment,packageOrderProducts,46
0049,LKUS_grant_new_user_coupon,ip,7
0049,LKUS_grant_new_user_coupon,cid,7
0049,LKUS_grant_new_user_coupon,uid,7
0049,LKUS_grant_new_user_coupon,phone,7
0049,LKUS_grant_new_user_coupon,extend,7
0049,LKUS_grant_new_user_coupon,tenant,7
0049,LKUS_grant_new_user_coupon,userNo,7
0049,LKUS_grant_new_user_coupon,sceneId,7
0049,LKUS_grant_new_user_coupon,version,7
0049,LKUS_grant_new_user_coupon,uniqueKey,7
0049,LKUS_grant_new_user_coupon,userAgent,7
0049,LKUS_grant_new_user_coupon,countryCode,7
0049,LKUS_grant_new_user_coupon,reviewRepeat,7
0049,LKUS_grant_new_user_coupon,cidOriginEnum,7
0049,LKUS_grant_new_user_coupon,recaptchaV3Token,7
0049,LKUS_grant_new_user_coupon,recaptchaV3Action,7
0049,LKUS_grant_new_user_coupon,recaptchaV3Enabled,7
0049,LKUS_login,ip,10
0049,LKUS_login,cid,10
0049,LKUS_login,uid,10
0049,LKUS_login,phone,10
0049,LKUS_login,tenant,10
0049,LKUS_login,userNo,10
0049,LKUS_login,version,10
0049,LKUS_login,uniqueKey,10
0049,LKUS_login,userAgent,10
0049,LKUS_login,countryCode,10
0049,LKUS_login,reviewRepeat,9
0049,LKUS_login,cidOriginEnum,10
0049,LKUS_login,recaptchaV3Token,9
0049,LKUS_login,recaptchaV3Action,9
0049,LKUS_login,recaptchaV3Enabled,9
0049,LKUS_physical_order_create,app,36
0049,LKUS_physical_order_create,phone,37
0049,LKUS_physical_order_create,latitude,37
0049,LKUS_physical_order_create,longitude,37
0049,LKUS_physical_order_create,reviewRepeat,34
0049,LKUS_physical_order_create,recaptchaV3Token,34
0049,LKUS_physical_order_create,recaptchaV3Action,34
0049,LKUS_physical_order_create,recaptchaV3Enabled,34
0049,LKUS_payment,app,35
0049,LKUS_payment,phone,36
0049,LKUS_payment,countryCode,36
0049,LKUS_payment,reviewRepeat,33
0049,LKUS_payment,recaptchaV3Token,33
0049,LKUS_payment,recaptchaV3Action,33
0049,LKUS_payment,recaptchaV3Enabled,33
0049,LKUS_login,app,8
0049,LKUS_register,ip,5
0049,LKUS_register,cid,5
0049,LKUS_register,uid,5
0049,LKUS_register,phone,5
0049,LKUS_register,tenant,5
0049,LKUS_register,version,5
0049,LKUS_register,uniqueKey,5
0049,LKUS_register,userAgent,5
0049,LKUS_register,countryCode,5
0049,LKUS_register,reviewRepeat,5
0049,LKUS_register,cidOriginEnum,5
0049,LKUS_register,recaptchaV3Token,5
0049,LKUS_register,recaptchaV3Action,5
0049,LKUS_register,recaptchaV3Enabled,5
0049,LKUS_grant_new_user_coupon,app,6
0049,LKUS_physical_order_cancel,ip,1
0049,LKUS_physical_order_cancel,app,1
0049,LKUS_physical_order_cancel,cid,1
0049,LKUS_physical_order_cancel,uid,1
0049,LKUS_physical_order_cancel,phone,1
0049,LKUS_physical_order_cancel,shopId,1
0049,LKUS_physical_order_cancel,tenant,1
0049,LKUS_physical_order_cancel,userNo,1
0049,LKUS_physical_order_cancel,isGuest,1
0049,LKUS_physical_order_cancel,orderNo,1
0049,LKUS_physical_order_cancel,version,1
0049,LKUS_physical_order_cancel,shopCity,1
0049,LKUS_physical_order_cancel,uniqueKey,1
0049,LKUS_physical_order_cancel,userAgent,1
0049,LKUS_physical_order_cancel,countryCode,1
0049,LKUS_physical_order_cancel,totalOfMade,1
0049,LKUS_physical_order_cancel,reviewRepeat,1
0049,LKUS_physical_order_cancel,cidOriginEnum,1
0049,LKUS_physical_order_cancel,cancelTypeEnum,1
0049,LKUS_physical_order_cancel,recaptchaV3Token,1
0049,LKUS_physical_order_cancel,recaptchaV3Action,1
0049,LKUS_physical_order_cancel,recaptchaV3Enabled,1
0049,LKUS_register,app,4
0049,LKUS_push,userNo,1
0050,LKUS_push,ip,46
0050,LKUS_push,app,42
0050,LKUS_push,cid,46
0050,LKUS_push,uid,46
0050,LKUS_push,phone,46
0050,LKUS_push,tenant,46
0050,LKUS_push,version,46
0050,LKUS_push,uniqueKey,46
0050,LKUS_push,userAgent,46
0050,LKUS_push,countryCode,46
0050,LKUS_push,reviewRepeat,43
0050,LKUS_push,cidOriginEnum,46
0050,LKUS_push,recaptchaV3Token,43
0050,LKUS_push,recaptchaV3Action,43
0050,LKUS_push,recaptchaV3Enabled,43
0050,LKUS_login,ip,12
0050,LKUS_login,app,9
0050,LKUS_login,cid,12
0050,LKUS_login,uid,12
0050,LKUS_login,phone,12
0050,LKUS_login,tenant,12
0050,LKUS_login,userNo,12
0050,LKUS_login,version,12
0050,LKUS_login,uniqueKey,12
0050,LKUS_login,userAgent,12
0050,LKUS_login,countryCode,12
0050,LKUS_login,reviewRepeat,11
0050,LKUS_login,cidOriginEnum,12
0050,LKUS_login,recaptchaV3Token,11
0050,LKUS_login,recaptchaV3Action,11
0050,LKUS_login,recaptchaV3Enabled,11
0050,LKUS_grant_new_user_coupon,ip,6
0050,LKUS_grant_new_user_coupon,app,5
0050,LKUS_grant_new_user_coupon,cid,6
0050,LKUS_grant_new_user_coupon,uid,6
0050,LKUS_grant_new_user_coupon,phone,6
0050,LKUS_grant_new_user_coupon,extend,6
0050,LKUS_grant_new_user_coupon,tenant,6
0050,LKUS_grant_new_user_coupon,userNo,6
0050,LKUS_grant_new_user_coupon,sceneId,6
0050,LKUS_grant_new_user_coupon,version,6
0050,LKUS_grant_new_user_coupon,uniqueKey,6
0050,LKUS_grant_new_user_coupon,userAgent,6
0050,LKUS_grant_new_user_coupon,countryCode,6
0050,LKUS_grant_new_user_coupon,reviewRepeat,6
0050,LKUS_grant_new_user_coupon,cidOriginEnum,6
0050,LKUS_grant_new_user_coupon,recaptchaV3Token,6
0050,LKUS_grant_new_user_coupon,recaptchaV3Action,6
0050,LKUS_grant_new_user_coupon,recaptchaV3Enabled,6
0050,LKUS_payment,ip,49
0050,LKUS_payment,app,38
0050,LKUS_payment,cid,49
0050,LKUS_payment,uid,49
0050,LKUS_payment,phone,39
0050,LKUS_payment,shopId,49
0050,LKUS_payment,tenant,49
0050,LKUS_payment,userNo,49
0050,LKUS_payment,isGuest,49
0050,LKUS_payment,orderNo,49
0050,LKUS_payment,payType,49
0050,LKUS_payment,version,49
0050,LKUS_payment,payMoney,49
0050,LKUS_payment,orderType,49
0050,LKUS_payment,taxAmount,49
0050,LKUS_payment,uniqueKey,49
0050,LKUS_payment,userAgent,49
0050,LKUS_payment,orderPrice,49
0050,LKUS_payment,countryCode,39
0050,LKUS_payment,reviewRepeat,34
0050,LKUS_payment,cidOriginEnum,49
0050,LKUS_payment,isTaxRequired,49
0050,LKUS_payment,orderProducts,49
0050,LKUS_payment,recaptchaV3Token,34
0050,LKUS_payment,recaptchaV3Action,34
0050,LKUS_payment,recaptchaV3Enabled,34
0050,LKUS_payment,packageOrderProducts,49
0050,LKUS_physical_order_create,ip,49
0050,LKUS_physical_order_create,app,39
0050,LKUS_physical_order_create,cid,49
0050,LKUS_physical_order_create,uid,49
0050,LKUS_physical_order_create,phone,40
0050,LKUS_physical_order_create,shopId,49
0050,LKUS_physical_order_create,tenant,49
0050,LKUS_physical_order_create,userNo,49
0050,LKUS_physical_order_create,isGuest,49
0050,LKUS_physical_order_create,version,49
0050,LKUS_physical_order_create,latitude,39
0050,LKUS_physical_order_create,longitude,39
0050,LKUS_physical_order_create,orderType,49
0050,LKUS_physical_order_create,taxAmount,49
0050,LKUS_physical_order_create,uniqueKey,49
0050,LKUS_physical_order_create,userAgent,49
0050,LKUS_physical_order_create,couponList,49
0050,LKUS_physical_order_create,orderPrice,49
0050,LKUS_physical_order_create,countryCode,49
0050,LKUS_physical_order_create,shopAddress,49
0050,LKUS_physical_order_create,reviewRepeat,35
0050,LKUS_physical_order_create,shopCityName,49
0050,LKUS_physical_order_create,shopLatitude,49
0050,LKUS_physical_order_create,cidOriginEnum,49
0050,LKUS_physical_order_create,isTaxRequired,49
0050,LKUS_physical_order_create,orderProducts,49
0050,LKUS_physical_order_create,productAmount,49
0050,LKUS_physical_order_create,shopLongitude,49
0050,LKUS_physical_order_create,coffeeStoreList,49
0050,LKUS_physical_order_create,recaptchaV3Token,35
0050,LKUS_physical_order_create,recaptchaV3Action,35
0050,LKUS_physical_order_create,recaptchaV3Enabled,35
0050,LKUS_physical_order_create,packageOrderProducts,49
0050,LKUS_push,userNo,1
0050,LKUS_register,ip,9
0050,LKUS_register,cid,9
0050,LKUS_register,uid,9
0050,LKUS_register,phone,9
0050,LKUS_register,tenant,9
0050,LKUS_register,version,9
0050,LKUS_register,uniqueKey,9
0050,LKUS_register,userAgent,9
0050,LKUS_register,countryCode,9
0050,LKUS_register,cidOriginEnum,9
0050,LKUS_physical_order_create,did,10
0050,LKUS_physical_order_create,blackBox,10
0050,LKUS_physical_order_create,deviceId,10
0050,LKUS_register,app,8
0050,LKUS_register,reviewRepeat,8
0050,LKUS_register,recaptchaV3Token,8
0050,LKUS_register,recaptchaV3Action,8
0050,LKUS_register,recaptchaV3Enabled,8
0050,LKUS_physical_order_cancel,ip,1
0050,LKUS_physical_order_cancel,app,1
0050,LKUS_physical_order_cancel,cid,1
0050,LKUS_physical_order_cancel,uid,1
0050,LKUS_physical_order_cancel,phone,1
0050,LKUS_physical_order_cancel,shopId,1
0050,LKUS_physical_order_cancel,tenant,1
0050,LKUS_physical_order_cancel,userNo,1
0050,LKUS_physical_order_cancel,isGuest,1
0050,LKUS_physical_order_cancel,orderNo,1
0050,LKUS_physical_order_cancel,version,1
0050,LKUS_physical_order_cancel,shopCity,1
0050,LKUS_physical_order_cancel,uniqueKey,1
0050,LKUS_physical_order_cancel,userAgent,1
0050,LKUS_physical_order_cancel,countryCode,1
0050,LKUS_physical_order_cancel,totalOfMade,1
0050,LKUS_physical_order_cancel,reviewRepeat,1
0050,LKUS_physical_order_cancel,cidOriginEnum,1
0050,LKUS_physical_order_cancel,cancelTypeEnum,1
0050,LKUS_physical_order_cancel,recaptchaV3Token,1
0050,LKUS_physical_order_cancel,recaptchaV3Action,1
0050,LKUS_physical_order_cancel,recaptchaV3Enabled,1
0050,LKUS_physical_order_create,packagingBagPrice,1
0050,LKUS_physical_order_create,packagingBagNumber,1
0050,LKUS_payment,packagingBagPrice,1
0050,LKUS_payment,packagingBagNumber,1
0051,LKUS_push,ip,33
0051,LKUS_push,app,32
0051,LKUS_push,cid,33
0051,LKUS_push,uid,33
0051,LKUS_push,phone,33
0051,LKUS_push,tenant,33
0051,LKUS_push,version,33
0051,LKUS_push,uniqueKey,33
0051,LKUS_push,userAgent,33
0051,LKUS_push,countryCode,33
0051,LKUS_push,reviewRepeat,32
0051,LKUS_push,cidOriginEnum,33
0051,LKUS_push,recaptchaV3Token,32
0051,LKUS_push,recaptchaV3Action,32
0051,LKUS_push,recaptchaV3Enabled,32
0051,LKUS_physical_order_create,ip,34
0051,LKUS_physical_order_create,app,28
0051,LKUS_physical_order_create,cid,34
0051,LKUS_physical_order_create,uid,34
0051,LKUS_physical_order_create,phone,29
0051,LKUS_physical_order_create,shopId,34
0051,LKUS_physical_order_create,tenant,34
0051,LKUS_physical_order_create,userNo,34
0051,LKUS_physical_order_create,isGuest,34
0051,LKUS_physical_order_create,version,34
0051,LKUS_physical_order_create,latitude,29
0051,LKUS_physical_order_create,longitude,29
0051,LKUS_physical_order_create,orderType,34
0051,LKUS_physical_order_create,taxAmount,34
0051,LKUS_physical_order_create,uniqueKey,34
0051,LKUS_physical_order_create,userAgent,34
0051,LKUS_physical_order_create,couponList,34
0051,LKUS_physical_order_create,orderPrice,33
0051,LKUS_physical_order_create,countryCode,34
0051,LKUS_physical_order_create,shopAddress,34
0051,LKUS_physical_order_create,reviewRepeat,26
0051,LKUS_physical_order_create,shopCityName,34
0051,LKUS_physical_order_create,shopLatitude,34
0051,LKUS_physical_order_create,cidOriginEnum,34
0051,LKUS_physical_order_create,isTaxRequired,34
0051,LKUS_physical_order_create,orderProducts,34
0051,LKUS_physical_order_create,productAmount,34
0051,LKUS_physical_order_create,shopLongitude,34
0051,LKUS_physical_order_create,coffeeStoreList,34
0051,LKUS_physical_order_create,recaptchaV3Token,26
0051,LKUS_physical_order_create,recaptchaV3Action,26
0051,LKUS_physical_order_create,recaptchaV3Enabled,26
0051,LKUS_physical_order_create,packageOrderProducts,34
0051,LKUS_payment,ip,35
0051,LKUS_payment,app,29
0051,LKUS_payment,cid,35
0051,LKUS_payment,uid,35
0051,LKUS_payment,phone,30
0051,LKUS_payment,shopId,35
0051,LKUS_payment,tenant,35
0051,LKUS_payment,userNo,35
0051,LKUS_payment,isGuest,35
0051,LKUS_payment,orderNo,35
0051,LKUS_payment,payType,35
0051,LKUS_payment,version,35
0051,LKUS_payment,payMoney,35
0051,LKUS_payment,orderType,35
0051,LKUS_payment,taxAmount,35
0051,LKUS_payment,uniqueKey,35
0051,LKUS_payment,userAgent,35
0051,LKUS_payment,orderPrice,35
0051,LKUS_payment,countryCode,30
0051,LKUS_payment,reviewRepeat,27
0051,LKUS_payment,cidOriginEnum,35
0051,LKUS_payment,isTaxRequired,35
0051,LKUS_payment,orderProducts,35
0051,LKUS_payment,recaptchaV3Token,27
0051,LKUS_payment,recaptchaV3Action,27
0051,LKUS_payment,recaptchaV3Enabled,27
0051,LKUS_payment,packageOrderProducts,35
0051,LKUS_login,ip,10
0051,LKUS_login,app,8
0051,LKUS_login,cid,10
0051,LKUS_login,uid,10
0051,LKUS_login,phone,10
0051,LKUS_login,tenant,10
0051,LKUS_login,userNo,10
0051,LKUS_login,version,10
0051,LKUS_login,uniqueKey,10
0051,LKUS_login,userAgent,10
0051,LKUS_login,countryCode,10
0051,LKUS_login,reviewRepeat,9
0051,LKUS_login,cidOriginEnum,10
0051,LKUS_login,recaptchaV3Token,9
0051,LKUS_login,recaptchaV3Action,9
0051,LKUS_login,recaptchaV3Enabled,9
0051,LKUS_grant_new_user_coupon,ip,9
0051,LKUS_grant_new_user_coupon,app,8
0051,LKUS_grant_new_user_coupon,cid,9
0051,LKUS_grant_new_user_coupon,uid,9
0051,LKUS_grant_new_user_coupon,phone,9
0051,LKUS_grant_new_user_coupon,extend,9
0051,LKUS_grant_new_user_coupon,tenant,9
0051,LKUS_grant_new_user_coupon,userNo,9
0051,LKUS_grant_new_user_coupon,sceneId,9
0051,LKUS_grant_new_user_coupon,version,9
0051,LKUS_grant_new_user_coupon,uniqueKey,9
0051,LKUS_grant_new_user_coupon,userAgent,9
0051,LKUS_grant_new_user_coupon,countryCode,9
0051,LKUS_grant_new_user_coupon,reviewRepeat,9
0051,LKUS_grant_new_user_coupon,cidOriginEnum,9
0051,LKUS_grant_new_user_coupon,recaptchaV3Token,9
0051,LKUS_grant_new_user_coupon,recaptchaV3Action,9
0051,LKUS_grant_new_user_coupon,recaptchaV3Enabled,9
0051,LKUS_push,userNo,1
0051,LKUS_physical_order_create,did,5
0051,LKUS_physical_order_create,blackBox,5
0051,LKUS_physical_order_create,deviceId,5
0051,LKUS_physical_order_create,packagingBagPrice,4
0051,LKUS_physical_order_create,packagingBagNumber,4
0051,LKUS_payment,packagingBagPrice,4
0051,LKUS_payment,packagingBagNumber,4
0051,LKUS_register,ip,1
0051,LKUS_register,app,1
0051,LKUS_register,cid,1
0051,LKUS_register,uid,1
0051,LKUS_register,phone,1
0051,LKUS_register,tenant,1
0051,LKUS_register,version,1
0051,LKUS_register,uniqueKey,1
0051,LKUS_register,userAgent,1
0051,LKUS_register,countryCode,1
0051,LKUS_register,reviewRepeat,1
0051,LKUS_register,cidOriginEnum,1
0051,LKUS_register,recaptchaV3Token,1
0051,LKUS_register,recaptchaV3Action,1
0051,LKUS_register,recaptchaV3Enabled,1
0052,LKUS_push,ip,47
0052,LKUS_push,app,47
0052,LKUS_push,cid,47
0052,LKUS_push,uid,47
0052,LKUS_push,phone,47
0052,LKUS_push,tenant,47
0052,LKUS_push,version,47
0052,LKUS_push,uniqueKey,47
0052,LKUS_push,userAgent,47
0052,LKUS_push,countryCode,47
0052,LKUS_push,reviewRepeat,43
0052,LKUS_push,cidOriginEnum,47
0052,LKUS_push,recaptchaV3Token,43
0052,LKUS_push,recaptchaV3Action,43
0052,LKUS_push,recaptchaV3Enabled,43
0052,LKUS_physical_order_create,ip,45
0052,LKUS_physical_order_create,app,33
0052,LKUS_physical_order_create,cid,45
0052,LKUS_physical_order_create,uid,45
0052,LKUS_physical_order_create,phone,34
0052,LKUS_physical_order_create,shopId,45
0052,LKUS_physical_order_create,tenant,45
0052,LKUS_physical_order_create,userNo,45
0052,LKUS_physical_order_create,isGuest,45
0052,LKUS_physical_order_create,version,45
0052,LKUS_physical_order_create,latitude,33
0052,LKUS_physical_order_create,longitude,33
0052,LKUS_physical_order_create,orderType,45
0052,LKUS_physical_order_create,taxAmount,45
0052,LKUS_physical_order_create,uniqueKey,45
0052,LKUS_physical_order_create,userAgent,45
0052,LKUS_physical_order_create,couponList,45
0052,LKUS_physical_order_create,orderPrice,45
0052,LKUS_physical_order_create,countryCode,45
0052,LKUS_physical_order_create,shopAddress,45
0052,LKUS_physical_order_create,reviewRepeat,29
0052,LKUS_physical_order_create,shopCityName,45
0052,LKUS_physical_order_create,shopLatitude,45
0052,LKUS_physical_order_create,cidOriginEnum,45
0052,LKUS_physical_order_create,isTaxRequired,45
0052,LKUS_physical_order_create,orderProducts,45
0052,LKUS_physical_order_create,productAmount,45
0052,LKUS_physical_order_create,shopLongitude,45
0052,LKUS_physical_order_create,coffeeStoreList,45
0052,LKUS_physical_order_create,recaptchaV3Token,29
0052,LKUS_physical_order_create,recaptchaV3Action,29
0052,LKUS_physical_order_create,recaptchaV3Enabled,29
0052,LKUS_physical_order_create,packageOrderProducts,45
0052,LKUS_payment,ip,48
0052,LKUS_payment,app,35
0052,LKUS_payment,cid,48
0052,LKUS_payment,uid,48
0052,LKUS_payment,phone,36
0052,LKUS_payment,shopId,48
0052,LKUS_payment,tenant,48
0052,LKUS_payment,userNo,48
0052,LKUS_payment,isGuest,48
0052,LKUS_payment,orderNo,48
0052,LKUS_payment,payType,48
0052,LKUS_payment,version,48
0052,LKUS_payment,payMoney,48
0052,LKUS_payment,orderType,48
0052,LKUS_payment,taxAmount,48
0052,LKUS_payment,uniqueKey,48
0052,LKUS_payment,userAgent,48
0052,LKUS_payment,orderPrice,48
0052,LKUS_payment,countryCode,36
0052,LKUS_payment,reviewRepeat,31
0052,LKUS_payment,cidOriginEnum,48
0052,LKUS_payment,isTaxRequired,48
0052,LKUS_payment,orderProducts,48
0052,LKUS_payment,recaptchaV3Token,31
0052,LKUS_payment,recaptchaV3Action,31
0052,LKUS_payment,recaptchaV3Enabled,31
0052,LKUS_payment,packageOrderProducts,48
0052,LKUS_register,ip,8
0052,LKUS_register,app,8
0052,LKUS_register,cid,8
0052,LKUS_register,uid,8
0052,LKUS_register,phone,8
0052,LKUS_register,tenant,8
0052,LKUS_register,version,8
0052,LKUS_register,uniqueKey,8
0052,LKUS_register,userAgent,8
0052,LKUS_register,countryCode,8
0052,LKUS_register,reviewRepeat,8
0052,LKUS_register,cidOriginEnum,8
0052,LKUS_register,recaptchaV3Token,8
0052,LKUS_register,recaptchaV3Action,8
0052,LKUS_register,recaptchaV3Enabled,8
0052,LKUS_login,ip,7
0052,LKUS_login,app,6
0052,LKUS_login,cid,7
0052,LKUS_login,uid,7
0052,LKUS_login,phone,7
0052,LKUS_login,tenant,7
0052,LKUS_login,userNo,7
0052,LKUS_login,version,7
0052,LKUS_login,uniqueKey,7
0052,LKUS_login,userAgent,7
0052,LKUS_login,countryCode,7
0052,LKUS_login,reviewRepeat,6
0052,LKUS_login,cidOriginEnum,7
0052,LKUS_login,recaptchaV3Token,6
0052,LKUS_login,recaptchaV3Action,6
0052,LKUS_login,recaptchaV3Enabled,6
0052,LKUS_grant_new_user_coupon,ip,5
0052,LKUS_grant_new_user_coupon,app,5
0052,LKUS_grant_new_user_coupon,cid,5
0052,LKUS_grant_new_user_coupon,uid,5
0052,LKUS_grant_new_user_coupon,phone,5
0052,LKUS_grant_new_user_coupon,extend,5
0052,LKUS_grant_new_user_coupon,tenant,5
0052,LKUS_grant_new_user_coupon,userNo,5
0052,LKUS_grant_new_user_coupon,sceneId,5
0052,LKUS_grant_new_user_coupon,version,5
0052,LKUS_grant_new_user_coupon,uniqueKey,5
0052,LKUS_grant_new_user_coupon,userAgent,5
0052,LKUS_grant_new_user_coupon,countryCode,5
0052,LKUS_grant_new_user_coupon,reviewRepeat,5
0052,LKUS_grant_new_user_coupon,cidOriginEnum,5
0052,LKUS_grant_new_user_coupon,recaptchaV3Token,5
0052,LKUS_grant_new_user_coupon,recaptchaV3Action,5
0052,LKUS_grant_new_user_coupon,recaptchaV3Enabled,5
0052,LKUS_physical_order_create,did,12
0052,LKUS_physical_order_create,blackBox,12
0052,LKUS_physical_order_create,deviceId,12
0052,LKUS_physical_order_create,packagingBagPrice,1
0052,LKUS_physical_order_create,packagingBagNumber,1
0052,LKUS_payment,packagingBagPrice,1
0052,LKUS_payment,packagingBagNumber,1
0053,LKUS_push,ip,71
0053,LKUS_push,cid,71
0053,LKUS_push,uid,71
0053,LKUS_push,phone,71
0053,LKUS_push,tenant,71
0053,LKUS_push,userNo,2
0053,LKUS_push,version,71
0053,LKUS_push,uniqueKey,71
0053,LKUS_push,userAgent,71
0053,LKUS_push,countryCode,71
0053,LKUS_push,reviewRepeat,67
0053,LKUS_push,cidOriginEnum,71
0053,LKUS_push,recaptchaV3Token,66
0053,LKUS_push,recaptchaV3Action,66
0053,LKUS_push,recaptchaV3Enabled,67
0053,LKUS_push,app,61
0053,LKUS_register,ip,4
0053,LKUS_register,app,3
0053,LKUS_register,cid,4
0053,LKUS_register,uid,4
0053,LKUS_register,phone,4
0053,LKUS_register,tenant,4
0053,LKUS_register,version,4
0053,LKUS_register,uniqueKey,4
0053,LKUS_register,userAgent,4
0053,LKUS_register,countryCode,4
0053,LKUS_register,reviewRepeat,4
0053,LKUS_register,cidOriginEnum,4
0053,LKUS_register,recaptchaV3Token,4
0053,LKUS_register,recaptchaV3Action,4
0053,LKUS_register,recaptchaV3Enabled,4
0053,LKUS_physical_order_create,ip,33
0053,LKUS_physical_order_create,app,24
0053,LKUS_physical_order_create,cid,33
0053,LKUS_physical_order_create,uid,33
0053,LKUS_physical_order_create,phone,24
0053,LKUS_physical_order_create,shopId,33
0053,LKUS_physical_order_create,tenant,33
0053,LKUS_physical_order_create,userNo,33
0053,LKUS_physical_order_create,isGuest,33
0053,LKUS_physical_order_create,version,33
0053,LKUS_physical_order_create,latitude,24
0053,LKUS_physical_order_create,longitude,24
0053,LKUS_physical_order_create,orderType,33
0053,LKUS_physical_order_create,taxAmount,33
0053,LKUS_physical_order_create,uniqueKey,33
0053,LKUS_physical_order_create,userAgent,33
0053,LKUS_physical_order_create,couponList,33
0053,LKUS_physical_order_create,orderPrice,33
0053,LKUS_physical_order_create,countryCode,33
0053,LKUS_physical_order_create,shopAddress,33
0053,LKUS_physical_order_create,reviewRepeat,23
0053,LKUS_physical_order_create,shopCityName,33
0053,LKUS_physical_order_create,shopLatitude,33
0053,LKUS_physical_order_create,cidOriginEnum,33
0053,LKUS_physical_order_create,isTaxRequired,33
0053,LKUS_physical_order_create,orderProducts,33
0053,LKUS_physical_order_create,productAmount,33
0053,LKUS_physical_order_create,shopLongitude,33
0053,LKUS_physical_order_create,coffeeStoreList,33
0053,LKUS_physical_order_create,recaptchaV3Token,23
0053,LKUS_physical_order_create,recaptchaV3Action,23
0053,LKUS_physical_order_create,recaptchaV3Enabled,23
0053,LKUS_physical_order_create,packageOrderProducts,33
0053,LKUS_payment,ip,35
0053,LKUS_payment,app,23
0053,LKUS_payment,cid,35
0053,LKUS_payment,uid,35
0053,LKUS_payment,phone,23
0053,LKUS_payment,shopId,35
0053,LKUS_payment,tenant,35
0053,LKUS_payment,userNo,35
0053,LKUS_payment,isGuest,35
0053,LKUS_payment,orderNo,35
0053,LKUS_payment,payType,35
0053,LKUS_payment,version,35
0053,LKUS_payment,payMoney,35
0053,LKUS_payment,orderType,35
0053,LKUS_payment,taxAmount,35
0053,LKUS_payment,uniqueKey,35
0053,LKUS_payment,userAgent,35
0053,LKUS_payment,orderPrice,35
0053,LKUS_payment,countryCode,23
0053,LKUS_payment,reviewRepeat,22
0053,LKUS_payment,cidOriginEnum,35
0053,LKUS_payment,isTaxRequired,35
0053,LKUS_payment,orderProducts,35
0053,LKUS_payment,recaptchaV3Token,22
0053,LKUS_payment,recaptchaV3Action,22
0053,LKUS_payment,recaptchaV3Enabled,22
0053,LKUS_payment,packageOrderProducts,35
0053,LKUS_physical_order_create,did,9
0053,LKUS_physical_order_create,blackBox,9
0053,LKUS_physical_order_create,deviceId,9
0053,LKUS_captcha,ip,1
0053,LKUS_captcha,cid,1
0053,LKUS_captcha,uid,1
0053,LKUS_captcha,event,1
0053,LKUS_captcha,phone,1
0053,LKUS_captcha,tenant,1
0053,LKUS_captcha,isGuest,1
0053,LKUS_captcha,version,1
0053,LKUS_captcha,uniqueKey,1
0053,LKUS_captcha,userAgent,1
0053,LKUS_captcha,countryCode,1
0053,LKUS_captcha,reviewRepeat,1
0053,LKUS_captcha,cidOriginEnum,1
0053,LKUS_captcha,verifyCodeType,1
0053,LKUS_captcha,recaptchaV3Token,1
0053,LKUS_captcha,verifyCodeParams,1
0053,LKUS_captcha,recaptchaV3Action,1
0053,LKUS_login,ip,2
0053,LKUS_login,app,2
0053,LKUS_login,cid,2
0053,LKUS_login,uid,2
0053,LKUS_login,phone,2
0053,LKUS_login,tenant,2
0053,LKUS_login,userNo,2
0053,LKUS_login,version,2
0053,LKUS_login,uniqueKey,2
0053,LKUS_login,userAgent,2
0053,LKUS_login,countryCode,2
0053,LKUS_login,reviewRepeat,2
0053,LKUS_login,cidOriginEnum,2
0053,LKUS_login,recaptchaV3Token,2
0053,LKUS_login,recaptchaV3Action,2
0053,LKUS_login,recaptchaV3Enabled,2
0053,LKUS_grant_new_user_coupon,ip,2
0053,LKUS_grant_new_user_coupon,app,2
0053,LKUS_grant_new_user_coupon,cid,2
0053,LKUS_grant_new_user_coupon,uid,2
0053,LKUS_grant_new_user_coupon,phone,2
0053,LKUS_grant_new_user_coupon,extend,2
0053,LKUS_grant_new_user_coupon,tenant,2
0053,LKUS_grant_new_user_coupon,userNo,2
0053,LKUS_grant_new_user_coupon,sceneId,2
0053,LKUS_grant_new_user_coupon,version,2
0053,LKUS_grant_new_user_coupon,uniqueKey,2
0053,LKUS_grant_new_user_coupon,userAgent,2
0053,LKUS_grant_new_user_coupon,countryCode,2
0053,LKUS_grant_new_user_coupon,reviewRepeat,2
0053,LKUS_grant_new_user_coupon,cidOriginEnum,2
0053,LKUS_grant_new_user_coupon,recaptchaV3Token,2
0053,LKUS_grant_new_user_coupon,recaptchaV3Action,2
0053,LKUS_grant_new_user_coupon,recaptchaV3Enabled,2
0054,LKUS_push,ip,46
0054,LKUS_push,app,45
0054,LKUS_push,cid,46
0054,LKUS_push,uid,46
0054,LKUS_push,phone,46
0054,LKUS_push,tenant,46
0054,LKUS_push,version,46
0054,LKUS_push,uniqueKey,46
0054,LKUS_push,userAgent,46
0054,LKUS_push,countryCode,46
0054,LKUS_push,reviewRepeat,46
0054,LKUS_push,cidOriginEnum,46
0054,LKUS_push,recaptchaV3Token,46
0054,LKUS_push,recaptchaV3Action,46
0054,LKUS_push,recaptchaV3Enabled,46
0054,LKUS_payment,ip,49
0054,LKUS_payment,app,44
0054,LKUS_payment,cid,49
0054,LKUS_payment,uid,49
0054,LKUS_payment,phone,46
0054,LKUS_payment,shopId,49
0054,LKUS_payment,tenant,49
0054,LKUS_payment,userNo,49
0054,LKUS_payment,isGuest,49
0054,LKUS_payment,orderNo,49
0054,LKUS_payment,payType,49
0054,LKUS_payment,version,49
0054,LKUS_payment,payMoney,49
0054,LKUS_payment,orderType,49
0054,LKUS_payment,taxAmount,49
0054,LKUS_payment,uniqueKey,49
0054,LKUS_payment,userAgent,49
0054,LKUS_payment,orderPrice,49
0054,LKUS_payment,countryCode,46
0054,LKUS_payment,reviewRepeat,44
0054,LKUS_payment,cidOriginEnum,49
0054,LKUS_payment,isTaxRequired,49
0054,LKUS_payment,orderProducts,49
0054,LKUS_payment,recaptchaV3Token,44
0054,LKUS_payment,recaptchaV3Action,44
0054,LKUS_payment,recaptchaV3Enabled,44
0054,LKUS_payment,packageOrderProducts,49
0054,LKUS_physical_order_create,ip,50
0054,LKUS_physical_order_create,app,45
0054,LKUS_physical_order_create,cid,50
0054,LKUS_physical_order_create,uid,50
0054,LKUS_physical_order_create,phone,47
0054,LKUS_physical_order_create,shopId,50
0054,LKUS_physical_order_create,tenant,50
0054,LKUS_physical_order_create,userNo,50
0054,LKUS_physical_order_create,isGuest,50
0054,LKUS_physical_order_create,version,50
0054,LKUS_physical_order_create,latitude,47
0054,LKUS_physical_order_create,longitude,47
0054,LKUS_physical_order_create,orderType,50
0054,LKUS_physical_order_create,taxAmount,50
0054,LKUS_physical_order_create,uniqueKey,50
0054,LKUS_physical_order_create,userAgent,50
0054,LKUS_physical_order_create,couponList,50
0054,LKUS_physical_order_create,orderPrice,50
0054,LKUS_physical_order_create,countryCode,50
0054,LKUS_physical_order_create,shopAddress,50
0054,LKUS_physical_order_create,reviewRepeat,45
0054,LKUS_physical_order_create,shopCityName,50
0054,LKUS_physical_order_create,shopLatitude,50
0054,LKUS_physical_order_create,cidOriginEnum,50
0054,LKUS_physical_order_create,isTaxRequired,50
0054,LKUS_physical_order_create,orderProducts,50
0054,LKUS_physical_order_create,productAmount,50
0054,LKUS_physical_order_create,shopLongitude,50
0054,LKUS_physical_order_create,coffeeStoreList,50
0054,LKUS_physical_order_create,recaptchaV3Token,45
0054,LKUS_physical_order_create,recaptchaV3Action,45
0054,LKUS_physical_order_create,recaptchaV3Enabled,45
0054,LKUS_physical_order_create,packageOrderProducts,50
0054,LKUS_register,ip,2
0054,LKUS_register,app,2
0054,LKUS_register,cid,2
0054,LKUS_register,uid,2
0054,LKUS_register,phone,2
0054,LKUS_register,tenant,2
0054,LKUS_register,version,2
0054,LKUS_register,uniqueKey,2
0054,LKUS_register,userAgent,2
0054,LKUS_register,countryCode,2
0054,LKUS_register,reviewRepeat,2
0054,LKUS_register,cidOriginEnum,2
0054,LKUS_register,recaptchaV3Token,2
0054,LKUS_register,recaptchaV3Action,2
0054,LKUS_register,recaptchaV3Enabled,2
0054,LKUS_grant_new_user_coupon,ip,6
0054,LKUS_grant_new_user_coupon,app,6
0054,LKUS_grant_new_user_coupon,cid,6
0054,LKUS_grant_new_user_coupon,uid,6
0054,LKUS_grant_new_user_coupon,phone,6
0054,LKUS_grant_new_user_coupon,extend,6
0054,LKUS_grant_new_user_coupon,tenant,6
0054,LKUS_grant_new_user_coupon,userNo,6
0054,LKUS_grant_new_user_coupon,sceneId,6
0054,LKUS_grant_new_user_coupon,version,6
0054,LKUS_grant_new_user_coupon,uniqueKey,6
0054,LKUS_grant_new_user_coupon,userAgent,6
0054,LKUS_grant_new_user_coupon,countryCode,6
0054,LKUS_grant_new_user_coupon,reviewRepeat,6
0054,LKUS_grant_new_user_coupon,cidOriginEnum,6
0054,LKUS_grant_new_user_coupon,recaptchaV3Token,6
0054,LKUS_grant_new_user_coupon,recaptchaV3Action,6
0054,LKUS_grant_new_user_coupon,recaptchaV3Enabled,6
0054,LKUS_login,ip,14
0054,LKUS_login,app,12
0054,LKUS_login,cid,14
0054,LKUS_login,uid,14
0054,LKUS_login,phone,14
0054,LKUS_login,tenant,14
0054,LKUS_login,userNo,14
0054,LKUS_login,version,14
0054,LKUS_login,uniqueKey,14
0054,LKUS_login,userAgent,14
0054,LKUS_login,countryCode,14
0054,LKUS_login,reviewRepeat,14
0054,LKUS_login,cidOriginEnum,14
0054,LKUS_login,recaptchaV3Token,14
0054,LKUS_login,recaptchaV3Action,14
0054,LKUS_login,recaptchaV3Enabled,14
0054,LKUS_physical_order_create,did,3
0054,LKUS_physical_order_create,blackBox,3
0054,LKUS_physical_order_create,deviceId,3
0054,LKUS_physical_order_create,packagingBagPrice,1
0054,LKUS_physical_order_create,packagingBagNumber,1
0054,LKUS_payment,packagingBagPrice,1
0054,LKUS_payment,packagingBagNumber,1
0055,LKUS_push,ip,51
0055,LKUS_push,app,50
0055,LKUS_push,cid,51
0055,LKUS_push,uid,51
0055,LKUS_push,phone,51
0055,LKUS_push,tenant,51
0055,LKUS_push,version,51
0055,LKUS_push,uniqueKey,51
0055,LKUS_push,userAgent,51
0055,LKUS_push,countryCode,51
0055,LKUS_push,reviewRepeat,50
0055,LKUS_push,cidOriginEnum,51
0055,LKUS_push,recaptchaV3Token,50
0055,LKUS_push,recaptchaV3Action,50
0055,LKUS_push,recaptchaV3Enabled,50
0055,LKUS_register,ip,8
0055,LKUS_register,app,8
0055,LKUS_register,cid,8
0055,LKUS_register,uid,8
0055,LKUS_register,phone,8
0055,LKUS_register,tenant,8
0055,LKUS_register,version,8
0055,LKUS_register,uniqueKey,8
0055,LKUS_register,userAgent,8
0055,LKUS_register,countryCode,8
0055,LKUS_register,reviewRepeat,8
0055,LKUS_register,cidOriginEnum,8
0055,LKUS_register,recaptchaV3Token,8
0055,LKUS_register,recaptchaV3Action,8
0055,LKUS_register,recaptchaV3Enabled,8
0055,LKUS_physical_order_create,ip,36
0055,LKUS_physical_order_create,app,29
0055,LKUS_physical_order_create,cid,36
0055,LKUS_physical_order_create,uid,36
0055,LKUS_physical_order_create,phone,29
0055,LKUS_physical_order_create,shopId,36
0055,LKUS_physical_order_create,tenant,36
0055,LKUS_physical_order_create,userNo,36
0055,LKUS_physical_order_create,isGuest,36
0055,LKUS_physical_order_create,version,36
0055,LKUS_physical_order_create,latitude,29
0055,LKUS_physical_order_create,longitude,29
0055,LKUS_physical_order_create,orderType,36
0055,LKUS_physical_order_create,taxAmount,36
0055,LKUS_physical_order_create,uniqueKey,36
0055,LKUS_physical_order_create,userAgent,36
0055,LKUS_physical_order_create,couponList,36
0055,LKUS_physical_order_create,orderPrice,36
0055,LKUS_physical_order_create,countryCode,36
0055,LKUS_physical_order_create,shopAddress,36
0055,LKUS_physical_order_create,reviewRepeat,28
0055,LKUS_physical_order_create,shopCityName,36
0055,LKUS_physical_order_create,shopLatitude,36
0055,LKUS_physical_order_create,cidOriginEnum,36
0055,LKUS_physical_order_create,isTaxRequired,36
0055,LKUS_physical_order_create,orderProducts,36
0055,LKUS_physical_order_create,productAmount,36
0055,LKUS_physical_order_create,shopLongitude,36
0055,LKUS_physical_order_create,coffeeStoreList,36
0055,LKUS_physical_order_create,recaptchaV3Token,28
0055,LKUS_physical_order_create,recaptchaV3Action,28
0055,LKUS_physical_order_create,recaptchaV3Enabled,28
0055,LKUS_physical_order_create,packageOrderProducts,36
0055,LKUS_payment,ip,36
0055,LKUS_payment,app,29
0055,LKUS_payment,cid,36
0055,LKUS_payment,uid,36
0055,LKUS_payment,phone,29
0055,LKUS_payment,shopId,36
0055,LKUS_payment,tenant,36
0055,LKUS_payment,userNo,36
0055,LKUS_payment,isGuest,36
0055,LKUS_payment,orderNo,36
0055,LKUS_payment,payType,36
0055,LKUS_payment,version,36
0055,LKUS_payment,payMoney,36
0055,LKUS_payment,orderType,36
0055,LKUS_payment,taxAmount,36
0055,LKUS_payment,uniqueKey,36
0055,LKUS_payment,userAgent,36
0055,LKUS_payment,orderPrice,36
0055,LKUS_payment,countryCode,29
0055,LKUS_payment,reviewRepeat,28
0055,LKUS_payment,cidOriginEnum,36
0055,LKUS_payment,isTaxRequired,36
0055,LKUS_payment,orderProducts,36
0055,LKUS_payment,recaptchaV3Token,28
0055,LKUS_payment,recaptchaV3Action,28
0055,LKUS_payment,recaptchaV3Enabled,28
0055,LKUS_payment,packageOrderProducts,36
0055,LKUS_login,ip,8
0055,LKUS_login,app,8
0055,LKUS_login,cid,8
0055,LKUS_login,uid,8
0055,LKUS_login,phone,8
0055,LKUS_login,tenant,8
0055,LKUS_login,userNo,8
0055,LKUS_login,version,8
0055,LKUS_login,uniqueKey,8
0055,LKUS_login,userAgent,8
0055,LKUS_login,countryCode,8
0055,LKUS_login,reviewRepeat,8
0055,LKUS_login,cidOriginEnum,8
0055,LKUS_login,recaptchaV3Token,8
0055,LKUS_login,recaptchaV3Action,8
0055,LKUS_login,recaptchaV3Enabled,8
0055,LKUS_physical_order_create,did,7
0055,LKUS_physical_order_create,blackBox,7
0055,LKUS_physical_order_create,deviceId,7
0055,LKUS_grant_new_user_coupon,ip,6
0055,LKUS_grant_new_user_coupon,app,6
0055,LKUS_grant_new_user_coupon,cid,6
0055,LKUS_grant_new_user_coupon,uid,6
0055,LKUS_grant_new_user_coupon,phone,6
0055,LKUS_grant_new_user_coupon,extend,6
0055,LKUS_grant_new_user_coupon,tenant,6
0055,LKUS_grant_new_user_coupon,userNo,6
0055,LKUS_grant_new_user_coupon,sceneId,6
0055,LKUS_grant_new_user_coupon,version,6
0055,LKUS_grant_new_user_coupon,uniqueKey,6
0055,LKUS_grant_new_user_coupon,userAgent,6
0055,LKUS_grant_new_user_coupon,countryCode,6
0055,LKUS_grant_new_user_coupon,reviewRepeat,6
0055,LKUS_grant_new_user_coupon,cidOriginEnum,6
0055,LKUS_grant_new_user_coupon,recaptchaV3Token,6
0055,LKUS_grant_new_user_coupon,recaptchaV3Action,6
0055,LKUS_grant_new_user_coupon,recaptchaV3Enabled,6
0055,LKUS_physical_order_cancel,ip,2
0055,LKUS_physical_order_cancel,app,2
0055,LKUS_physical_order_cancel,cid,2
0055,LKUS_physical_order_cancel,uid,2
0055,LKUS_physical_order_cancel,phone,2
0055,LKUS_physical_order_cancel,shopId,2
0055,LKUS_physical_order_cancel,tenant,2
0055,LKUS_physical_order_cancel,userNo,2
0055,LKUS_physical_order_cancel,isGuest,2
0055,LKUS_physical_order_cancel,orderNo,2
0055,LKUS_physical_order_cancel,version,2
0055,LKUS_physical_order_cancel,shopCity,2
0055,LKUS_physical_order_cancel,uniqueKey,2
0055,LKUS_physical_order_cancel,userAgent,2
0055,LKUS_physical_order_cancel,countryCode,2
0055,LKUS_physical_order_cancel,totalOfMade,2
0055,LKUS_physical_order_cancel,reviewRepeat,2
0055,LKUS_physical_order_cancel,cidOriginEnum,2
0055,LKUS_physical_order_cancel,cancelTypeEnum,2
0055,LKUS_physical_order_cancel,recaptchaV3Token,2
0055,LKUS_physical_order_cancel,recaptchaV3Action,2
0055,LKUS_physical_order_cancel,recaptchaV3Enabled,2
0056,LKUS_push,ip,51
0056,LKUS_push,app,47
0056,LKUS_push,cid,51
0056,LKUS_push,uid,51
0056,LKUS_push,phone,51
0056,LKUS_push,tenant,51
0056,LKUS_push,version,51
0056,LKUS_push,uniqueKey,51
0056,LKUS_push,userAgent,51
0056,LKUS_push,countryCode,51
0056,LKUS_push,reviewRepeat,47
0056,LKUS_push,cidOriginEnum,51
0056,LKUS_push,recaptchaV3Token,47
0056,LKUS_push,recaptchaV3Action,47
0056,LKUS_push,recaptchaV3Enabled,47
0056,LKUS_physical_order_create,ip,44
0056,LKUS_physical_order_create,app,38
0056,LKUS_physical_order_create,cid,44
0056,LKUS_physical_order_create,uid,44
0056,LKUS_physical_order_create,phone,38
0056,LKUS_physical_order_create,shopId,44
0056,LKUS_physical_order_create,tenant,44
0056,LKUS_physical_order_create,userNo,44
0056,LKUS_physical_order_create,isGuest,44
0056,LKUS_physical_order_create,version,44
0056,LKUS_physical_order_create,latitude,38
0056,LKUS_physical_order_create,longitude,38
0056,LKUS_physical_order_create,orderType,44
0056,LKUS_physical_order_create,taxAmount,44
0056,LKUS_physical_order_create,uniqueKey,44
0056,LKUS_physical_order_create,userAgent,44
0056,LKUS_physical_order_create,couponList,44
0056,LKUS_physical_order_create,orderPrice,44
0056,LKUS_physical_order_create,countryCode,44
0056,LKUS_physical_order_create,shopAddress,44
0056,LKUS_physical_order_create,reviewRepeat,37
0056,LKUS_physical_order_create,shopCityName,44
0056,LKUS_physical_order_create,shopLatitude,44
0056,LKUS_physical_order_create,cidOriginEnum,44
0056,LKUS_physical_order_create,isTaxRequired,44
0056,LKUS_physical_order_create,orderProducts,44
0056,LKUS_physical_order_create,productAmount,44
0056,LKUS_physical_order_create,shopLongitude,44
0056,LKUS_physical_order_create,coffeeStoreList,44
0056,LKUS_physical_order_create,recaptchaV3Token,37
0056,LKUS_physical_order_create,recaptchaV3Action,37
0056,LKUS_physical_order_create,recaptchaV3Enabled,37
0056,LKUS_physical_order_create,packageOrderProducts,44
0056,LKUS_payment,ip,40
0056,LKUS_payment,app,34
0056,LKUS_payment,cid,40
0056,LKUS_payment,uid,40
0056,LKUS_payment,phone,34
0056,LKUS_payment,shopId,40
0056,LKUS_payment,tenant,40
0056,LKUS_payment,userNo,40
0056,LKUS_payment,isGuest,40
0056,LKUS_payment,orderNo,40
0056,LKUS_payment,payType,40
0056,LKUS_payment,version,40
0056,LKUS_payment,payMoney,40
0056,LKUS_payment,orderType,40
0056,LKUS_payment,taxAmount,40
0056,LKUS_payment,uniqueKey,40
0056,LKUS_payment,userAgent,40
0056,LKUS_payment,orderPrice,40
0056,LKUS_payment,countryCode,34
0056,LKUS_payment,reviewRepeat,33
0056,LKUS_payment,cidOriginEnum,40
0056,LKUS_payment,isTaxRequired,40
0056,LKUS_payment,orderProducts,40
0056,LKUS_payment,recaptchaV3Token,33
0056,LKUS_payment,recaptchaV3Action,33
0056,LKUS_payment,recaptchaV3Enabled,33
0056,LKUS_payment,packageOrderProducts,40
0056,LKUS_register,ip,11
0056,LKUS_register,app,10
0056,LKUS_register,cid,11
0056,LKUS_register,uid,11
0056,LKUS_register,phone,11
0056,LKUS_register,tenant,11
0056,LKUS_register,version,11
0056,LKUS_register,uniqueKey,11
0056,LKUS_register,userAgent,11
0056,LKUS_register,countryCode,11
0056,LKUS_register,reviewRepeat,10
0056,LKUS_register,cidOriginEnum,11
0056,LKUS_register,recaptchaV3Token,10
0056,LKUS_register,recaptchaV3Action,10
0056,LKUS_register,recaptchaV3Enabled,10
0056,LKUS_physical_order_create,did,6
0056,LKUS_physical_order_create,blackBox,6
0056,LKUS_physical_order_create,deviceId,6
0056,LKUS_physical_order_cancel,ip,2
0056,LKUS_physical_order_cancel,app,2
0056,LKUS_physical_order_cancel,cid,2
0056,LKUS_physical_order_cancel,uid,2
0056,LKUS_physical_order_cancel,phone,2
0056,LKUS_physical_order_cancel,shopId,2
0056,LKUS_physical_order_cancel,tenant,2
0056,LKUS_physical_order_cancel,userNo,2
0056,LKUS_physical_order_cancel,isGuest,2
0056,LKUS_physical_order_cancel,orderNo,2
0056,LKUS_physical_order_cancel,version,2
0056,LKUS_physical_order_cancel,shopCity,2
0056,LKUS_physical_order_cancel,uniqueKey,2
0056,LKUS_physical_order_cancel,userAgent,2
0056,LKUS_physical_order_cancel,countryCode,2
0056,LKUS_physical_order_cancel,totalOfMade,2
0056,LKUS_physical_order_cancel,reviewRepeat,2
0056,LKUS_physical_order_cancel,cidOriginEnum,2
0056,LKUS_physical_order_cancel,cancelTypeEnum,2
0056,LKUS_physical_order_cancel,recaptchaV3Token,2
0056,LKUS_physical_order_cancel,recaptchaV3Action,2
0056,LKUS_physical_order_cancel,recaptchaV3Enabled,2
0056,LKUS_login,ip,15
0056,LKUS_login,app,13
0056,LKUS_login,cid,15
0056,LKUS_login,uid,15
0056,LKUS_login,phone,15
0056,LKUS_login,tenant,15
0056,LKUS_login,userNo,15
0056,LKUS_login,version,15
0056,LKUS_login,uniqueKey,15
0056,LKUS_login,userAgent,15
0056,LKUS_login,countryCode,15
0056,LKUS_login,reviewRepeat,15
0056,LKUS_login,cidOriginEnum,15
0056,LKUS_login,recaptchaV3Token,15
0056,LKUS_login,recaptchaV3Action,15
0056,LKUS_login,recaptchaV3Enabled,15
0056,LKUS_physical_order_create,packagingBagPrice,2
0056,LKUS_physical_order_create,packagingBagNumber,2
0056,LKUS_payment,packagingBagPrice,2
0056,LKUS_payment,packagingBagNumber,2
0056,LKUS_grant_new_user_coupon,ip,7
0056,LKUS_grant_new_user_coupon,app,7
0056,LKUS_grant_new_user_coupon,cid,7
0056,LKUS_grant_new_user_coupon,uid,7
0056,LKUS_grant_new_user_coupon,phone,7
0056,LKUS_grant_new_user_coupon,extend,7
0056,LKUS_grant_new_user_coupon,tenant,7
0056,LKUS_grant_new_user_coupon,userNo,7
0056,LKUS_grant_new_user_coupon,sceneId,7
0056,LKUS_grant_new_user_coupon,version,7
0056,LKUS_grant_new_user_coupon,uniqueKey,7
0056,LKUS_grant_new_user_coupon,userAgent,7
0056,LKUS_grant_new_user_coupon,countryCode,7
0056,LKUS_grant_new_user_coupon,reviewRepeat,7
0056,LKUS_grant_new_user_coupon,cidOriginEnum,7
0056,LKUS_grant_new_user_coupon,recaptchaV3Token,7
0056,LKUS_grant_new_user_coupon,recaptchaV3Action,7
0056,LKUS_grant_new_user_coupon,recaptchaV3Enabled,7
0056,LKUS_push,userNo,2
0057,LKUS_push,ip,53
0057,LKUS_push,app,48
0057,LKUS_push,cid,53
0057,LKUS_push,uid,53
0057,LKUS_push,phone,53
0057,LKUS_push,tenant,53
0057,LKUS_push,version,53
0057,LKUS_push,uniqueKey,53
0057,LKUS_push,userAgent,53
0057,LKUS_push,countryCode,53
0057,LKUS_push,reviewRepeat,51
0057,LKUS_push,cidOriginEnum,53
0057,LKUS_push,recaptchaV3Token,51
0057,LKUS_push,recaptchaV3Action,51
0057,LKUS_push,recaptchaV3Enabled,51
0057,LKUS_physical_order_create,ip,49
0057,LKUS_physical_order_create,app,36
0057,LKUS_physical_order_create,cid,49
0057,LKUS_physical_order_create,uid,49
0057,LKUS_physical_order_create,phone,37
0057,LKUS_physical_order_create,shopId,49
0057,LKUS_physical_order_create,tenant,49
0057,LKUS_physical_order_create,userNo,49
0057,LKUS_physical_order_create,isGuest,49
0057,LKUS_physical_order_create,version,49
0057,LKUS_physical_order_create,latitude,37
0057,LKUS_physical_order_create,longitude,37
0057,LKUS_physical_order_create,orderType,49
0057,LKUS_physical_order_create,taxAmount,49
0057,LKUS_physical_order_create,uniqueKey,49
0057,LKUS_physical_order_create,userAgent,49
0057,LKUS_physical_order_create,couponList,49
0057,LKUS_physical_order_create,orderPrice,49
0057,LKUS_physical_order_create,countryCode,49
0057,LKUS_physical_order_create,shopAddress,49
0057,LKUS_physical_order_create,reviewRepeat,34
0057,LKUS_physical_order_create,shopCityName,49
0057,LKUS_physical_order_create,shopLatitude,49
0057,LKUS_physical_order_create,cidOriginEnum,49
0057,LKUS_physical_order_create,isTaxRequired,49
0057,LKUS_physical_order_create,orderProducts,49
0057,LKUS_physical_order_create,productAmount,49
0057,LKUS_physical_order_create,shopLongitude,49
0057,LKUS_physical_order_create,coffeeStoreList,49
0057,LKUS_physical_order_create,recaptchaV3Token,34
0057,LKUS_physical_order_create,recaptchaV3Action,34
0057,LKUS_physical_order_create,recaptchaV3Enabled,34
0057,LKUS_physical_order_create,packageOrderProducts,49
0057,LKUS_payment,ip,50
0057,LKUS_payment,app,37
0057,LKUS_payment,cid,50
0057,LKUS_payment,uid,50
0057,LKUS_payment,phone,38
0057,LKUS_payment,shopId,50
0057,LKUS_payment,tenant,50
0057,LKUS_payment,userNo,50
0057,LKUS_payment,isGuest,50
0057,LKUS_payment,orderNo,50
0057,LKUS_payment,payType,50
0057,LKUS_payment,version,50
0057,LKUS_payment,payMoney,50
0057,LKUS_payment,orderType,50
0057,LKUS_payment,taxAmount,50
0057,LKUS_payment,uniqueKey,50
0057,LKUS_payment,userAgent,50
0057,LKUS_payment,orderPrice,50
0057,LKUS_payment,countryCode,38
0057,LKUS_payment,reviewRepeat,35
0057,LKUS_payment,cidOriginEnum,50
0057,LKUS_payment,isTaxRequired,50
0057,LKUS_payment,orderProducts,50
0057,LKUS_payment,recaptchaV3Token,35
0057,LKUS_payment,recaptchaV3Action,35
0057,LKUS_payment,recaptchaV3Enabled,35
0057,LKUS_payment,packageOrderProducts,50
0057,LKUS_login,ip,8
0057,LKUS_login,cid,8
0057,LKUS_login,uid,8
0057,LKUS_login,phone,8
0057,LKUS_login,tenant,8
0057,LKUS_login,userNo,8
0057,LKUS_login,version,8
0057,LKUS_login,uniqueKey,8
0057,LKUS_login,userAgent,8
0057,LKUS_login,countryCode,8
0057,LKUS_login,reviewRepeat,7
0057,LKUS_login,cidOriginEnum,8
0057,LKUS_login,recaptchaV3Token,7
0057,LKUS_login,recaptchaV3Action,7
0057,LKUS_login,recaptchaV3Enabled,7
0057,LKUS_physical_order_create,did,12
0057,LKUS_physical_order_create,blackBox,12
0057,LKUS_physical_order_create,deviceId,12
0057,LKUS_physical_order_create,packagingBagPrice,3
0057,LKUS_physical_order_create,packagingBagNumber,3
0057,LKUS_payment,packagingBagPrice,3
0057,LKUS_payment,packagingBagNumber,3
0057,LKUS_grant_new_user_coupon,ip,4
0057,LKUS_grant_new_user_coupon,cid,4
0057,LKUS_grant_new_user_coupon,uid,4
0057,LKUS_grant_new_user_coupon,phone,4
0057,LKUS_grant_new_user_coupon,extend,4
0057,LKUS_grant_new_user_coupon,tenant,4
0057,LKUS_grant_new_user_coupon,userNo,4
0057,LKUS_grant_new_user_coupon,sceneId,4
0057,LKUS_grant_new_user_coupon,version,4
0057,LKUS_grant_new_user_coupon,uniqueKey,4
0057,LKUS_grant_new_user_coupon,userAgent,4
0057,LKUS_grant_new_user_coupon,countryCode,4
0057,LKUS_grant_new_user_coupon,reviewRepeat,4
0057,LKUS_grant_new_user_coupon,cidOriginEnum,4
0057,LKUS_grant_new_user_coupon,recaptchaV3Token,4
0057,LKUS_grant_new_user_coupon,recaptchaV3Action,4
0057,LKUS_grant_new_user_coupon,recaptchaV3Enabled,4
0057,LKUS_login,app,4
0057,LKUS_register,ip,10
0057,LKUS_register,app,8
0057,LKUS_register,cid,10
0057,LKUS_register,uid,10
0057,LKUS_register,phone,10
0057,LKUS_register,tenant,10
0057,LKUS_register,version,10
0057,LKUS_register,uniqueKey,10
0057,LKUS_register,userAgent,10
0057,LKUS_register,countryCode,10
0057,LKUS_register,reviewRepeat,10
0057,LKUS_register,cidOriginEnum,10
0057,LKUS_register,recaptchaV3Token,10
0057,LKUS_register,recaptchaV3Action,10
0057,LKUS_register,recaptchaV3Enabled,10
0057,LKUS_physical_order_cancel,ip,2
0057,LKUS_physical_order_cancel,app,2
0057,LKUS_physical_order_cancel,cid,2
0057,LKUS_physical_order_cancel,uid,2
0057,LKUS_physical_order_cancel,phone,2
0057,LKUS_physical_order_cancel,shopId,2
0057,LKUS_physical_order_cancel,tenant,2
0057,LKUS_physical_order_cancel,userNo,2
0057,LKUS_physical_order_cancel,isGuest,2
0057,LKUS_physical_order_cancel,orderNo,2
0057,LKUS_physical_order_cancel,version,2
0057,LKUS_physical_order_cancel,shopCity,2
0057,LKUS_physical_order_cancel,uniqueKey,2
0057,LKUS_physical_order_cancel,userAgent,2
0057,LKUS_physical_order_cancel,countryCode,2
0057,LKUS_physical_order_cancel,totalOfMade,2
0057,LKUS_physical_order_cancel,reviewRepeat,2
0057,LKUS_physical_order_cancel,cidOriginEnum,2
0057,LKUS_physical_order_cancel,cancelTypeEnum,2
0057,LKUS_physical_order_cancel,recaptchaV3Token,2
0057,LKUS_physical_order_cancel,recaptchaV3Action,2
0057,LKUS_physical_order_cancel,recaptchaV3Enabled,2
0057,LKUS_grant_new_user_coupon,app,3
0058,LKUS_push,ip,20
0058,LKUS_push,app,17
0058,LKUS_push,cid,20
0058,LKUS_push,uid,20
0058,LKUS_push,phone,20
0058,LKUS_push,tenant,20
0058,LKUS_push,version,20
0058,LKUS_push,uniqueKey,20
0058,LKUS_push,userAgent,20
0058,LKUS_push,countryCode,20
0058,LKUS_push,reviewRepeat,16
0058,LKUS_push,cidOriginEnum,20
0058,LKUS_push,recaptchaV3Token,16
0058,LKUS_push,recaptchaV3Action,16
0058,LKUS_push,recaptchaV3Enabled,16
0058,LKUS_login,ip,16
0058,LKUS_login,app,12
0058,LKUS_login,cid,16
0058,LKUS_login,uid,16
0058,LKUS_login,phone,16
0058,LKUS_login,tenant,16
0058,LKUS_login,userNo,16
0058,LKUS_login,version,16
0058,LKUS_login,uniqueKey,16
0058,LKUS_login,userAgent,16
0058,LKUS_login,countryCode,16
0058,LKUS_login,reviewRepeat,14
0058,LKUS_login,cidOriginEnum,16
0058,LKUS_login,recaptchaV3Token,14
0058,LKUS_login,recaptchaV3Action,14
0058,LKUS_login,recaptchaV3Enabled,14
0058,LKUS_physical_order_create,ip,48
0058,LKUS_physical_order_create,app,37
0058,LKUS_physical_order_create,cid,48
0058,LKUS_physical_order_create,uid,48
0058,LKUS_physical_order_create,phone,39
0058,LKUS_physical_order_create,shopId,48
0058,LKUS_physical_order_create,tenant,48
0058,LKUS_physical_order_create,userNo,48
0058,LKUS_physical_order_create,isGuest,48
0058,LKUS_physical_order_create,version,48
0058,LKUS_physical_order_create,latitude,38
0058,LKUS_physical_order_create,longitude,38
0058,LKUS_physical_order_create,orderType,48
0058,LKUS_physical_order_create,taxAmount,48
0058,LKUS_physical_order_create,uniqueKey,48
0058,LKUS_physical_order_create,userAgent,48
0058,LKUS_physical_order_create,couponList,48
0058,LKUS_physical_order_create,orderPrice,48
0058,LKUS_physical_order_create,countryCode,48
0058,LKUS_physical_order_create,shopAddress,48
0058,LKUS_physical_order_create,reviewRepeat,37
0058,LKUS_physical_order_create,shopCityName,48
0058,LKUS_physical_order_create,shopLatitude,48
0058,LKUS_physical_order_create,cidOriginEnum,48
0058,LKUS_physical_order_create,isTaxRequired,48
0058,LKUS_physical_order_create,orderProducts,48
0058,LKUS_physical_order_create,productAmount,48
0058,LKUS_physical_order_create,shopLongitude,48
0058,LKUS_physical_order_create,coffeeStoreList,48
0058,LKUS_physical_order_create,recaptchaV3Token,37
0058,LKUS_physical_order_create,recaptchaV3Action,37
0058,LKUS_physical_order_create,recaptchaV3Enabled,37
0058,LKUS_physical_order_create,packageOrderProducts,48
0058,LKUS_payment,ip,48
0058,LKUS_payment,app,37
0058,LKUS_payment,cid,48
0058,LKUS_payment,uid,48
0058,LKUS_payment,phone,39
0058,LKUS_payment,shopId,48
0058,LKUS_payment,tenant,48
0058,LKUS_payment,userNo,48
0058,LKUS_payment,isGuest,48
0058,LKUS_payment,orderNo,48
0058,LKUS_payment,payType,48
0058,LKUS_payment,version,48
0058,LKUS_payment,payMoney,48
0058,LKUS_payment,orderType,48
0058,LKUS_payment,taxAmount,48
0058,LKUS_payment,uniqueKey,48
0058,LKUS_payment,userAgent,48
0058,LKUS_payment,orderPrice,48
0058,LKUS_payment,countryCode,39
0058,LKUS_payment,reviewRepeat,37
0058,LKUS_payment,cidOriginEnum,48
0058,LKUS_payment,isTaxRequired,48
0058,LKUS_payment,orderProducts,48
0058,LKUS_payment,recaptchaV3Token,37
0058,LKUS_payment,recaptchaV3Action,37
0058,LKUS_payment,recaptchaV3Enabled,37
0058,LKUS_payment,packageOrderProducts,48
0058,LKUS_grant_new_user_coupon,ip,9
0058,LKUS_grant_new_user_coupon,cid,9
0058,LKUS_grant_new_user_coupon,uid,9
0058,LKUS_grant_new_user_coupon,phone,9
0058,LKUS_grant_new_user_coupon,extend,9
0058,LKUS_grant_new_user_coupon,tenant,9
0058,LKUS_grant_new_user_coupon,userNo,9
0058,LKUS_grant_new_user_coupon,sceneId,9
0058,LKUS_grant_new_user_coupon,version,9
0058,LKUS_grant_new_user_coupon,uniqueKey,9
0058,LKUS_grant_new_user_coupon,userAgent,9
0058,LKUS_grant_new_user_coupon,countryCode,9
0058,LKUS_grant_new_user_coupon,reviewRepeat,9
0058,LKUS_grant_new_user_coupon,cidOriginEnum,9
0058,LKUS_grant_new_user_coupon,recaptchaV3Token,9
0058,LKUS_grant_new_user_coupon,recaptchaV3Action,9
0058,LKUS_grant_new_user_coupon,recaptchaV3Enabled,9
0058,LKUS_physical_order_create,did,10
0058,LKUS_physical_order_create,blackBox,10
0058,LKUS_physical_order_create,deviceId,10
0058,LKUS_grant_new_user_coupon,app,8
0058,LKUS_register,ip,5
0058,LKUS_register,app,5
0058,LKUS_register,cid,5
0058,LKUS_register,uid,5
0058,LKUS_register,phone,5
0058,LKUS_register,tenant,5
0058,LKUS_register,version,5
0058,LKUS_register,uniqueKey,5
0058,LKUS_register,userAgent,5
0058,LKUS_register,countryCode,5
0058,LKUS_register,reviewRepeat,5
0058,LKUS_register,cidOriginEnum,5
0058,LKUS_register,recaptchaV3Token,5
0058,LKUS_register,recaptchaV3Action,5
0058,LKUS_register,recaptchaV3Enabled,5
0058,LKUS_payment,packagingBagPrice,4
0058,LKUS_payment,packagingBagNumber,4
0058,LKUS_physical_order_create,packagingBagPrice,4
0058,LKUS_physical_order_create,packagingBagNumber,4
0059,LKUS_push,ip,34
0059,LKUS_push,cid,34
0059,LKUS_push,uid,34
0059,LKUS_push,phone,34
0059,LKUS_push,tenant,34
0059,LKUS_push,version,34
0059,LKUS_push,uniqueKey,34
0059,LKUS_push,userAgent,34
0059,LKUS_push,countryCode,34
0059,LKUS_push,cidOriginEnum,34
0059,LKUS_push,app,28
0059,LKUS_push,reviewRepeat,32
0059,LKUS_push,recaptchaV3Token,32
0059,LKUS_push,recaptchaV3Action,32
0059,LKUS_push,recaptchaV3Enabled,32
0059,LKUS_physical_order_create,ip,58
0059,LKUS_physical_order_create,cid,58
0059,LKUS_physical_order_create,uid,58
0059,LKUS_physical_order_create,phone,45
0059,LKUS_physical_order_create,shopId,58
0059,LKUS_physical_order_create,tenant,58
0059,LKUS_physical_order_create,userNo,58
0059,LKUS_physical_order_create,isGuest,58
0059,LKUS_physical_order_create,version,58
0059,LKUS_physical_order_create,latitude,44
0059,LKUS_physical_order_create,longitude,44
0059,LKUS_physical_order_create,orderType,58
0059,LKUS_physical_order_create,taxAmount,58
0059,LKUS_physical_order_create,uniqueKey,58
0059,LKUS_physical_order_create,userAgent,58
0059,LKUS_physical_order_create,couponList,58
0059,LKUS_physical_order_create,orderPrice,58
0059,LKUS_physical_order_create,countryCode,58
0059,LKUS_physical_order_create,shopAddress,58
0059,LKUS_physical_order_create,shopCityName,58
0059,LKUS_physical_order_create,shopLatitude,58
0059,LKUS_physical_order_create,cidOriginEnum,58
0059,LKUS_physical_order_create,isTaxRequired,58
0059,LKUS_physical_order_create,orderProducts,58
0059,LKUS_physical_order_create,productAmount,58
0059,LKUS_physical_order_create,shopLongitude,58
0059,LKUS_physical_order_create,coffeeStoreList,58
0059,LKUS_physical_order_create,packageOrderProducts,58
0059,LKUS_payment,ip,60
0059,LKUS_payment,cid,60
0059,LKUS_payment,uid,60
0059,LKUS_payment,phone,45
0059,LKUS_payment,shopId,60
0059,LKUS_payment,tenant,60
0059,LKUS_payment,userNo,60
0059,LKUS_payment,isGuest,60
0059,LKUS_payment,orderNo,60
0059,LKUS_payment,payType,60
0059,LKUS_payment,version,60
0059,LKUS_payment,payMoney,60
0059,LKUS_payment,orderType,60
0059,LKUS_payment,taxAmount,60
0059,LKUS_payment,uniqueKey,60
0059,LKUS_payment,userAgent,60
0059,LKUS_payment,orderPrice,60
0059,LKUS_payment,countryCode,45
0059,LKUS_payment,cidOriginEnum,60
0059,LKUS_payment,isTaxRequired,60
0059,LKUS_payment,orderProducts,60
0059,LKUS_payment,packageOrderProducts,60
0059,LKUS_physical_order_create,app,42
0059,LKUS_physical_order_create,reviewRepeat,42
0059,LKUS_physical_order_create,recaptchaV3Token,42
0059,LKUS_physical_order_create,recaptchaV3Action,42
0059,LKUS_physical_order_create,recaptchaV3Enabled,42
0059,LKUS_payment,app,42
0059,LKUS_payment,reviewRepeat,42
0059,LKUS_payment,recaptchaV3Token,42
0059,LKUS_payment,recaptchaV3Action,42
0059,LKUS_payment,recaptchaV3Enabled,42
0059,LKUS_physical_order_create,did,14
0059,LKUS_physical_order_create,blackBox,14
0059,LKUS_physical_order_create,deviceId,14
0059,LKUS_login,ip,15
0059,LKUS_login,app,11
0059,LKUS_login,cid,15
0059,LKUS_login,uid,15
0059,LKUS_login,phone,15
0059,LKUS_login,tenant,15
0059,LKUS_login,userNo,15
0059,LKUS_login,version,15
0059,LKUS_login,uniqueKey,15
0059,LKUS_login,userAgent,15
0059,LKUS_login,countryCode,15
0059,LKUS_login,reviewRepeat,13
0059,LKUS_login,cidOriginEnum,15
0059,LKUS_login,recaptchaV3Token,13
0059,LKUS_login,recaptchaV3Action,13
0059,LKUS_login,recaptchaV3Enabled,13
0059,LKUS_grant_new_user_coupon,ip,12
0059,LKUS_grant_new_user_coupon,app,10
0059,LKUS_grant_new_user_coupon,cid,12
0059,LKUS_grant_new_user_coupon,uid,12
0059,LKUS_grant_new_user_coupon,phone,12
0059,LKUS_grant_new_user_coupon,extend,12
0059,LKUS_grant_new_user_coupon,tenant,12
0059,LKUS_grant_new_user_coupon,userNo,12
0059,LKUS_grant_new_user_coupon,sceneId,12
0059,LKUS_grant_new_user_coupon,version,12
0059,LKUS_grant_new_user_coupon,uniqueKey,12
0059,LKUS_grant_new_user_coupon,userAgent,12
0059,LKUS_grant_new_user_coupon,countryCode,12
0059,LKUS_grant_new_user_coupon,reviewRepeat,12
0059,LKUS_grant_new_user_coupon,cidOriginEnum,12
0059,LKUS_grant_new_user_coupon,recaptchaV3Token,12
0059,LKUS_grant_new_user_coupon,recaptchaV3Action,12
0059,LKUS_grant_new_user_coupon,recaptchaV3Enabled,12
0059,LKUS_register,ip,7
0059,LKUS_register,cid,7
0059,LKUS_register,uid,7
0059,LKUS_register,phone,7
0059,LKUS_register,tenant,7
0059,LKUS_register,version,7
0059,LKUS_register,uniqueKey,7
0059,LKUS_register,userAgent,7
0059,LKUS_register,countryCode,7
0059,LKUS_register,reviewRepeat,7
0059,LKUS_register,cidOriginEnum,7
0059,LKUS_register,recaptchaV3Token,7
0059,LKUS_register,recaptchaV3Action,7
0059,LKUS_register,recaptchaV3Enabled,7
0059,LKUS_physical_order_cancel,ip,1
0059,LKUS_physical_order_cancel,app,1
0059,LKUS_physical_order_cancel,cid,1
0059,LKUS_physical_order_cancel,uid,1
0059,LKUS_physical_order_cancel,phone,1
0059,LKUS_physical_order_cancel,shopId,1
0059,LKUS_physical_order_cancel,tenant,1
0059,LKUS_physical_order_cancel,userNo,1
0059,LKUS_physical_order_cancel,isGuest,1
0059,LKUS_physical_order_cancel,orderNo,1
0059,LKUS_physical_order_cancel,version,1
0059,LKUS_physical_order_cancel,shopCity,1
0059,LKUS_physical_order_cancel,uniqueKey,1
0059,LKUS_physical_order_cancel,userAgent,1
0059,LKUS_physical_order_cancel,countryCode,1
0059,LKUS_physical_order_cancel,totalOfMade,1
0059,LKUS_physical_order_cancel,reviewRepeat,1
0059,LKUS_physical_order_cancel,cidOriginEnum,1
0059,LKUS_physical_order_cancel,cancelTypeEnum,1
0059,LKUS_physical_order_cancel,recaptchaV3Token,1
0059,LKUS_physical_order_cancel,recaptchaV3Action,1
0059,LKUS_physical_order_cancel,recaptchaV3Enabled,1
0059,LKUS_push,userNo,2
0059,LKUS_register,app,3
0060,LKUS_push,ip,53
0060,LKUS_push,app,51
0060,LKUS_push,cid,53
0060,LKUS_push,uid,53
0060,LKUS_push,phone,53
0060,LKUS_push,tenant,53
0060,LKUS_push,version,53
0060,LKUS_push,uniqueKey,53
0060,LKUS_push,userAgent,53
0060,LKUS_push,countryCode,53
0060,LKUS_push,reviewRepeat,53
0060,LKUS_push,cidOriginEnum,53
0060,LKUS_push,recaptchaV3Token,53
0060,LKUS_push,recaptchaV3Action,53
0060,LKUS_push,recaptchaV3Enabled,53
0060,LKUS_physical_order_create,ip,44
0060,LKUS_physical_order_create,app,35
0060,LKUS_physical_order_create,cid,44
0060,LKUS_physical_order_create,uid,44
0060,LKUS_physical_order_create,phone,36
0060,LKUS_physical_order_create,shopId,44
0060,LKUS_physical_order_create,tenant,44
0060,LKUS_physical_order_create,userNo,44
0060,LKUS_physical_order_create,isGuest,44
0060,LKUS_physical_order_create,version,44
0060,LKUS_physical_order_create,latitude,35
0060,LKUS_physical_order_create,longitude,35
0060,LKUS_physical_order_create,orderType,44
0060,LKUS_physical_order_create,taxAmount,44
0060,LKUS_physical_order_create,uniqueKey,44
0060,LKUS_physical_order_create,userAgent,44
0060,LKUS_physical_order_create,couponList,44
0060,LKUS_physical_order_create,orderPrice,44
0060,LKUS_physical_order_create,countryCode,44
0060,LKUS_physical_order_create,shopAddress,44
0060,LKUS_physical_order_create,reviewRepeat,35
0060,LKUS_physical_order_create,shopCityName,44
0060,LKUS_physical_order_create,shopLatitude,44
0060,LKUS_physical_order_create,cidOriginEnum,44
0060,LKUS_physical_order_create,isTaxRequired,44
0060,LKUS_physical_order_create,orderProducts,44
0060,LKUS_physical_order_create,productAmount,44
0060,LKUS_physical_order_create,shopLongitude,44
0060,LKUS_physical_order_create,coffeeStoreList,44
0060,LKUS_physical_order_create,recaptchaV3Token,35
0060,LKUS_physical_order_create,recaptchaV3Action,35
0060,LKUS_physical_order_create,recaptchaV3Enabled,35
0060,LKUS_physical_order_create,packageOrderProducts,44
0060,LKUS_payment,ip,44
0060,LKUS_payment,app,35
0060,LKUS_payment,cid,44
0060,LKUS_payment,uid,44
0060,LKUS_payment,phone,36
0060,LKUS_payment,shopId,44
0060,LKUS_payment,tenant,44
0060,LKUS_payment,userNo,44
0060,LKUS_payment,isGuest,44
0060,LKUS_payment,orderNo,44
0060,LKUS_payment,payType,44
0060,LKUS_payment,version,44
0060,LKUS_payment,payMoney,44
0060,LKUS_payment,orderType,44
0060,LKUS_payment,taxAmount,44
0060,LKUS_payment,uniqueKey,44
0060,LKUS_payment,userAgent,44
0060,LKUS_payment,orderPrice,44
0060,LKUS_payment,countryCode,36
0060,LKUS_payment,reviewRepeat,35
0060,LKUS_payment,cidOriginEnum,44
0060,LKUS_payment,isTaxRequired,44
0060,LKUS_payment,orderProducts,44
0060,LKUS_payment,recaptchaV3Token,35
0060,LKUS_payment,recaptchaV3Action,35
0060,LKUS_payment,recaptchaV3Enabled,35
0060,LKUS_payment,packageOrderProducts,44
0060,LKUS_register,ip,6
0060,LKUS_register,app,5
0060,LKUS_register,cid,6
0060,LKUS_register,uid,6
0060,LKUS_register,phone,6
0060,LKUS_register,tenant,6
0060,LKUS_register,version,6
0060,LKUS_register,uniqueKey,6
0060,LKUS_register,userAgent,6
0060,LKUS_register,countryCode,6
0060,LKUS_register,reviewRepeat,6
0060,LKUS_register,cidOriginEnum,6
0060,LKUS_register,recaptchaV3Token,6
0060,LKUS_register,recaptchaV3Action,6
0060,LKUS_register,recaptchaV3Enabled,6
0060,LKUS_login,ip,17
0060,LKUS_login,cid,17
0060,LKUS_login,uid,17
0060,LKUS_login,phone,17
0060,LKUS_login,tenant,17
0060,LKUS_login,userNo,17
0060,LKUS_login,version,17
0060,LKUS_login,uniqueKey,17
0060,LKUS_login,userAgent,17
0060,LKUS_login,countryCode,17
0060,LKUS_login,cidOriginEnum,17
0060,LKUS_physical_order_create,did,9
0060,LKUS_physical_order_create,blackBox,9
0060,LKUS_physical_order_create,deviceId,9
0060,LKUS_login,app,13
0060,LKUS_login,reviewRepeat,16
0060,LKUS_login,recaptchaV3Token,16
0060,LKUS_login,recaptchaV3Action,16
0060,LKUS_login,recaptchaV3Enabled,16
0060,LKUS_physical_order_create,packagingBagPrice,1
0060,LKUS_physical_order_create,packagingBagNumber,1
0060,LKUS_payment,packagingBagPrice,1
0060,LKUS_payment,packagingBagNumber,1
0060,LKUS_grant_new_user_coupon,ip,6
0060,LKUS_grant_new_user_coupon,app,4
0060,LKUS_grant_new_user_coupon,cid,6
0060,LKUS_grant_new_user_coupon,uid,6
0060,LKUS_grant_new_user_coupon,phone,6
0060,LKUS_grant_new_user_coupon,extend,6
0060,LKUS_grant_new_user_coupon,tenant,6
0060,LKUS_grant_new_user_coupon,userNo,6
0060,LKUS_grant_new_user_coupon,sceneId,6
0060,LKUS_grant_new_user_coupon,version,6
0060,LKUS_grant_new_user_coupon,uniqueKey,6
0060,LKUS_grant_new_user_coupon,userAgent,6
0060,LKUS_grant_new_user_coupon,countryCode,6
0060,LKUS_grant_new_user_coupon,reviewRepeat,6
0060,LKUS_grant_new_user_coupon,cidOriginEnum,6
0060,LKUS_grant_new_user_coupon,recaptchaV3Token,6
0060,LKUS_grant_new_user_coupon,recaptchaV3Action,6
0060,LKUS_grant_new_user_coupon,recaptchaV3Enabled,6
0061,LKUS_push,ip,25
0061,LKUS_push,app,23
0061,LKUS_push,cid,25
0061,LKUS_push,uid,25
0061,LKUS_push,phone,25
0061,LKUS_push,tenant,25
0061,LKUS_push,version,25
0061,LKUS_push,uniqueKey,25
0061,LKUS_push,userAgent,25
0061,LKUS_push,countryCode,25
0061,LKUS_push,reviewRepeat,24
0061,LKUS_push,cidOriginEnum,25
0061,LKUS_push,recaptchaV3Token,24
0061,LKUS_push,recaptchaV3Action,24
0061,LKUS_push,recaptchaV3Enabled,24
0061,LKUS_physical_order_create,ip,47
0061,LKUS_physical_order_create,app,36
0061,LKUS_physical_order_create,cid,47
0061,LKUS_physical_order_create,uid,47
0061,LKUS_physical_order_create,phone,38
0061,LKUS_physical_order_create,shopId,47
0061,LKUS_physical_order_create,tenant,47
0061,LKUS_physical_order_create,userNo,47
0061,LKUS_physical_order_create,isGuest,47
0061,LKUS_physical_order_create,version,47
0061,LKUS_physical_order_create,latitude,36
0061,LKUS_physical_order_create,longitude,36
0061,LKUS_physical_order_create,orderType,47
0061,LKUS_physical_order_create,taxAmount,47
0061,LKUS_physical_order_create,uniqueKey,47
0061,LKUS_physical_order_create,userAgent,47
0061,LKUS_physical_order_create,couponList,47
0061,LKUS_physical_order_create,orderPrice,47
0061,LKUS_physical_order_create,countryCode,47
0061,LKUS_physical_order_create,shopAddress,47
0061,LKUS_physical_order_create,reviewRepeat,36
0061,LKUS_physical_order_create,shopCityName,47
0061,LKUS_physical_order_create,shopLatitude,47
0061,LKUS_physical_order_create,cidOriginEnum,47
0061,LKUS_physical_order_create,isTaxRequired,47
0061,LKUS_physical_order_create,orderProducts,47
0061,LKUS_physical_order_create,productAmount,47
0061,LKUS_physical_order_create,shopLongitude,47
0061,LKUS_physical_order_create,coffeeStoreList,47
0061,LKUS_physical_order_create,recaptchaV3Token,36
0061,LKUS_physical_order_create,recaptchaV3Action,36
0061,LKUS_physical_order_create,recaptchaV3Enabled,36
0061,LKUS_physical_order_create,packageOrderProducts,47
0061,LKUS_payment,ip,45
0061,LKUS_payment,app,34
0061,LKUS_payment,cid,45
0061,LKUS_payment,uid,45
0061,LKUS_payment,phone,36
0061,LKUS_payment,shopId,45
0061,LKUS_payment,tenant,45
0061,LKUS_payment,userNo,45
0061,LKUS_payment,isGuest,45
0061,LKUS_payment,orderNo,45
0061,LKUS_payment,payType,45
0061,LKUS_payment,version,45
0061,LKUS_payment,payMoney,45
0061,LKUS_payment,orderType,45
0061,LKUS_payment,taxAmount,45
0061,LKUS_payment,uniqueKey,45
0061,LKUS_payment,userAgent,45
0061,LKUS_payment,orderPrice,45
0061,LKUS_payment,countryCode,36
0061,LKUS_payment,reviewRepeat,34
0061,LKUS_payment,cidOriginEnum,45
0061,LKUS_payment,isTaxRequired,45
0061,LKUS_payment,orderProducts,45
0061,LKUS_payment,recaptchaV3Token,34
0061,LKUS_payment,recaptchaV3Action,34
0061,LKUS_payment,recaptchaV3Enabled,34
0061,LKUS_payment,packageOrderProducts,45
0061,LKUS_physical_order_cancel,ip,2
0061,LKUS_physical_order_cancel,app,2
0061,LKUS_physical_order_cancel,cid,2
0061,LKUS_physical_order_cancel,uid,2
0061,LKUS_physical_order_cancel,phone,2
0061,LKUS_physical_order_cancel,shopId,2
0061,LKUS_physical_order_cancel,tenant,2
0061,LKUS_physical_order_cancel,userNo,2
0061,LKUS_physical_order_cancel,isGuest,2
0061,LKUS_physical_order_cancel,orderNo,2
0061,LKUS_physical_order_cancel,version,2
0061,LKUS_physical_order_cancel,shopCity,2
0061,LKUS_physical_order_cancel,uniqueKey,2
0061,LKUS_physical_order_cancel,userAgent,2
0061,LKUS_physical_order_cancel,countryCode,2
0061,LKUS_physical_order_cancel,totalOfMade,2
0061,LKUS_physical_order_cancel,reviewRepeat,2
0061,LKUS_physical_order_cancel,cidOriginEnum,2
0061,LKUS_physical_order_cancel,cancelTypeEnum,2
0061,LKUS_physical_order_cancel,recaptchaV3Token,2
0061,LKUS_physical_order_cancel,recaptchaV3Action,2
0061,LKUS_physical_order_cancel,recaptchaV3Enabled,2
0061,LKUS_physical_order_create,did,11
0061,LKUS_physical_order_create,blackBox,11
0061,LKUS_physical_order_create,deviceId,11
0061,LKUS_register,ip,6
0061,LKUS_register,cid,6
0061,LKUS_register,uid,6
0061,LKUS_register,phone,6
0061,LKUS_register,tenant,6
0061,LKUS_register,version,6
0061,LKUS_register,uniqueKey,6
0061,LKUS_register,userAgent,6
0061,LKUS_register,countryCode,6
0061,LKUS_register,reviewRepeat,6
0061,LKUS_register,cidOriginEnum,6
0061,LKUS_register,recaptchaV3Token,6
0061,LKUS_register,recaptchaV3Action,6
0061,LKUS_register,recaptchaV3Enabled,6
0061,LKUS_register,app,5
0061,LKUS_login,ip,8
0061,LKUS_login,cid,8
0061,LKUS_login,uid,8
0061,LKUS_login,phone,8
0061,LKUS_login,tenant,8
0061,LKUS_login,userNo,8
0061,LKUS_login,version,8
0061,LKUS_login,uniqueKey,8
0061,LKUS_login,userAgent,8
0061,LKUS_login,countryCode,8
0061,LKUS_login,cidOriginEnum,8
0061,LKUS_login,app,5
0061,LKUS_login,reviewRepeat,6
0061,LKUS_login,recaptchaV3Token,6
0061,LKUS_login,recaptchaV3Action,6
0061,LKUS_login,recaptchaV3Enabled,6
0061,LKUS_grant_new_user_coupon,ip,5
0061,LKUS_grant_new_user_coupon,app,4
0061,LKUS_grant_new_user_coupon,cid,5
0061,LKUS_grant_new_user_coupon,uid,5
0061,LKUS_grant_new_user_coupon,phone,5
0061,LKUS_grant_new_user_coupon,extend,5
0061,LKUS_grant_new_user_coupon,tenant,5
0061,LKUS_grant_new_user_coupon,userNo,5
0061,LKUS_grant_new_user_coupon,sceneId,5
0061,LKUS_grant_new_user_coupon,version,5
0061,LKUS_grant_new_user_coupon,uniqueKey,5
0061,LKUS_grant_new_user_coupon,userAgent,5
0061,LKUS_grant_new_user_coupon,countryCode,5
0061,LKUS_grant_new_user_coupon,reviewRepeat,5
0061,LKUS_grant_new_user_coupon,cidOriginEnum,5
0061,LKUS_grant_new_user_coupon,recaptchaV3Token,5
0061,LKUS_grant_new_user_coupon,recaptchaV3Action,5
0061,LKUS_grant_new_user_coupon,recaptchaV3Enabled,5
0061,LKUS_push,userNo,1
0062,LKUS_push,ip,49
0062,LKUS_push,app,45
0062,LKUS_push,cid,49
0062,LKUS_push,uid,49
0062,LKUS_push,phone,49
0062,LKUS_push,tenant,49
0062,LKUS_push,version,49
0062,LKUS_push,uniqueKey,49
0062,LKUS_push,userAgent,49
0062,LKUS_push,countryCode,49
0062,LKUS_push,reviewRepeat,46
0062,LKUS_push,cidOriginEnum,49
0062,LKUS_push,recaptchaV3Token,46
0062,LKUS_push,recaptchaV3Action,46
0062,LKUS_push,recaptchaV3Enabled,46
0062,LKUS_login,ip,13
0062,LKUS_login,app,10
0062,LKUS_login,cid,13
0062,LKUS_login,uid,13
0062,LKUS_login,phone,13
0062,LKUS_login,tenant,13
0062,LKUS_login,userNo,13
0062,LKUS_login,version,13
0062,LKUS_login,uniqueKey,13
0062,LKUS_login,userAgent,13
0062,LKUS_login,countryCode,13
0062,LKUS_login,reviewRepeat,10
0062,LKUS_login,cidOriginEnum,13
0062,LKUS_login,recaptchaV3Token,10
0062,LKUS_login,recaptchaV3Action,10
0062,LKUS_login,recaptchaV3Enabled,10
0062,LKUS_grant_new_user_coupon,ip,5
0062,LKUS_grant_new_user_coupon,app,5
0062,LKUS_grant_new_user_coupon,cid,5
0062,LKUS_grant_new_user_coupon,uid,5
0062,LKUS_grant_new_user_coupon,phone,5
0062,LKUS_grant_new_user_coupon,extend,5
0062,LKUS_grant_new_user_coupon,tenant,5
0062,LKUS_grant_new_user_coupon,userNo,5
0062,LKUS_grant_new_user_coupon,sceneId,5
0062,LKUS_grant_new_user_coupon,version,5
0062,LKUS_grant_new_user_coupon,uniqueKey,5
0062,LKUS_grant_new_user_coupon,userAgent,5
0062,LKUS_grant_new_user_coupon,countryCode,5
0062,LKUS_grant_new_user_coupon,reviewRepeat,5
0062,LKUS_grant_new_user_coupon,cidOriginEnum,5
0062,LKUS_grant_new_user_coupon,recaptchaV3Token,5
0062,LKUS_grant_new_user_coupon,recaptchaV3Action,5
0062,LKUS_grant_new_user_coupon,recaptchaV3Enabled,5
0062,LKUS_register,ip,11
0062,LKUS_register,app,9
0062,LKUS_register,cid,11
0062,LKUS_register,uid,11
0062,LKUS_register,phone,11
0062,LKUS_register,tenant,11
0062,LKUS_register,version,11
0062,LKUS_register,uniqueKey,11
0062,LKUS_register,userAgent,11
0062,LKUS_register,countryCode,11
0062,LKUS_register,reviewRepeat,10
0062,LKUS_register,cidOriginEnum,11
0062,LKUS_register,recaptchaV3Token,10
0062,LKUS_register,recaptchaV3Action,10
0062,LKUS_register,recaptchaV3Enabled,10
0062,LKUS_payment,ip,34
0062,LKUS_payment,cid,34
0062,LKUS_payment,uid,34
0062,LKUS_payment,shopId,34
0062,LKUS_payment,tenant,34
0062,LKUS_payment,userNo,34
0062,LKUS_payment,isGuest,34
0062,LKUS_payment,orderNo,34
0062,LKUS_payment,payType,34
0062,LKUS_payment,version,34
0062,LKUS_payment,payMoney,34
0062,LKUS_payment,orderType,34
0062,LKUS_payment,taxAmount,34
0062,LKUS_payment,uniqueKey,34
0062,LKUS_payment,userAgent,34
0062,LKUS_payment,orderPrice,34
0062,LKUS_payment,cidOriginEnum,34
0062,LKUS_payment,isTaxRequired,34
0062,LKUS_payment,orderProducts,34
0062,LKUS_payment,packageOrderProducts,34
0062,LKUS_physical_order_create,ip,33
0062,LKUS_physical_order_create,cid,33
0062,LKUS_physical_order_create,did,11
0062,LKUS_physical_order_create,uid,33
0062,LKUS_physical_order_create,shopId,33
0062,LKUS_physical_order_create,tenant,33
0062,LKUS_physical_order_create,userNo,33
0062,LKUS_physical_order_create,isGuest,33
0062,LKUS_physical_order_create,version,33
0062,LKUS_physical_order_create,blackBox,11
0062,LKUS_physical_order_create,deviceId,11
0062,LKUS_physical_order_create,orderType,33
0062,LKUS_physical_order_create,taxAmount,33
0062,LKUS_physical_order_create,uniqueKey,33
0062,LKUS_physical_order_create,userAgent,33
0062,LKUS_physical_order_create,couponList,33
0062,LKUS_physical_order_create,orderPrice,32
0062,LKUS_physical_order_create,countryCode,33
0062,LKUS_physical_order_create,shopAddress,33
0062,LKUS_physical_order_create,shopCityName,33
0062,LKUS_physical_order_create,shopLatitude,33
0062,LKUS_physical_order_create,cidOriginEnum,33
0062,LKUS_physical_order_create,isTaxRequired,33
0062,LKUS_physical_order_create,orderProducts,33
0062,LKUS_physical_order_create,productAmount,33
0062,LKUS_physical_order_create,shopLongitude,33
0062,LKUS_physical_order_create,coffeeStoreList,33
0062,LKUS_physical_order_create,packageOrderProducts,33
0062,LKUS_physical_order_create,phone,24
0062,LKUS_payment,phone,24
0062,LKUS_payment,countryCode,24
0062,LKUS_physical_order_create,app,22
0062,LKUS_physical_order_create,latitude,22
0062,LKUS_physical_order_create,longitude,22
0062,LKUS_physical_order_create,reviewRepeat,20
0062,LKUS_physical_order_create,recaptchaV3Token,20
0062,LKUS_physical_order_create,recaptchaV3Action,20
0062,LKUS_physical_order_create,recaptchaV3Enabled,20
0062,LKUS_payment,app,22
0062,LKUS_payment,reviewRepeat,20
0062,LKUS_payment,recaptchaV3Token,20
0062,LKUS_payment,recaptchaV3Action,20
0062,LKUS_payment,recaptchaV3Enabled,20
0062,LKUS_push,userNo,2
0063,LKUS_push,ip,40
0063,LKUS_push,app,36
0063,LKUS_push,cid,40
0063,LKUS_push,uid,40
0063,LKUS_push,phone,40
0063,LKUS_push,tenant,40
0063,LKUS_push,version,40
0063,LKUS_push,uniqueKey,40
0063,LKUS_push,userAgent,40
0063,LKUS_push,countryCode,40
0063,LKUS_push,reviewRepeat,39
0063,LKUS_push,cidOriginEnum,40
0063,LKUS_push,recaptchaV3Token,39
0063,LKUS_push,recaptchaV3Action,39
0063,LKUS_push,recaptchaV3Enabled,39
0063,LKUS_physical_order_create,ip,54
0063,LKUS_physical_order_create,app,41
0063,LKUS_physical_order_create,cid,54
0063,LKUS_physical_order_create,uid,54
0063,LKUS_physical_order_create,phone,43
0063,LKUS_physical_order_create,shopId,54
0063,LKUS_physical_order_create,tenant,54
0063,LKUS_physical_order_create,userNo,54
0063,LKUS_physical_order_create,isGuest,54
0063,LKUS_physical_order_create,version,54
0063,LKUS_physical_order_create,latitude,43
0063,LKUS_physical_order_create,longitude,43
0063,LKUS_physical_order_create,orderType,54
0063,LKUS_physical_order_create,taxAmount,54
0063,LKUS_physical_order_create,uniqueKey,54
0063,LKUS_physical_order_create,userAgent,54
0063,LKUS_physical_order_create,couponList,54
0063,LKUS_physical_order_create,orderPrice,53
0063,LKUS_physical_order_create,countryCode,54
0063,LKUS_physical_order_create,shopAddress,54
0063,LKUS_physical_order_create,reviewRepeat,38
0063,LKUS_physical_order_create,shopCityName,54
0063,LKUS_physical_order_create,shopLatitude,54
0063,LKUS_physical_order_create,cidOriginEnum,54
0063,LKUS_physical_order_create,isTaxRequired,54
0063,LKUS_physical_order_create,orderProducts,54
0063,LKUS_physical_order_create,productAmount,54
0063,LKUS_physical_order_create,shopLongitude,54
0063,LKUS_physical_order_create,coffeeStoreList,54
0063,LKUS_physical_order_create,recaptchaV3Token,38
0063,LKUS_physical_order_create,packagingBagPrice,2
0063,LKUS_physical_order_create,recaptchaV3Action,38
0063,LKUS_physical_order_create,packagingBagNumber,2
0063,LKUS_physical_order_create,recaptchaV3Enabled,38
0063,LKUS_physical_order_create,packageOrderProducts,54
0063,LKUS_payment,ip,52
0063,LKUS_payment,app,39
0063,LKUS_payment,cid,52
0063,LKUS_payment,uid,52
0063,LKUS_payment,phone,41
0063,LKUS_payment,shopId,52
0063,LKUS_payment,tenant,52
0063,LKUS_payment,userNo,52
0063,LKUS_payment,isGuest,52
0063,LKUS_payment,orderNo,52
0063,LKUS_payment,payType,52
0063,LKUS_payment,version,52
0063,LKUS_payment,payMoney,52
0063,LKUS_payment,orderType,52
0063,LKUS_payment,taxAmount,52
0063,LKUS_payment,uniqueKey,52
0063,LKUS_payment,userAgent,52
0063,LKUS_payment,orderPrice,52
0063,LKUS_payment,countryCode,41
0063,LKUS_payment,reviewRepeat,36
0063,LKUS_payment,cidOriginEnum,52
0063,LKUS_payment,isTaxRequired,52
0063,LKUS_payment,orderProducts,52
0063,LKUS_payment,recaptchaV3Token,36
0063,LKUS_payment,packagingBagPrice,1
0063,LKUS_payment,recaptchaV3Action,36
0063,LKUS_payment,packagingBagNumber,1
0063,LKUS_payment,recaptchaV3Enabled,36
0063,LKUS_payment,packageOrderProducts,52
0063,LKUS_login,ip,10
0063,LKUS_login,app,8
0063,LKUS_login,cid,10
0063,LKUS_login,uid,10
0063,LKUS_login,phone,10
0063,LKUS_login,tenant,10
0063,LKUS_login,userNo,10
0063,LKUS_login,version,10
0063,LKUS_login,uniqueKey,10
0063,LKUS_login,userAgent,10
0063,LKUS_login,countryCode,10
0063,LKUS_login,reviewRepeat,7
0063,LKUS_login,cidOriginEnum,10
0063,LKUS_login,recaptchaV3Token,7
0063,LKUS_login,recaptchaV3Action,7
0063,LKUS_login,recaptchaV3Enabled,7
0063,LKUS_physical_order_create,did,11
0063,LKUS_physical_order_create,blackBox,11
0063,LKUS_physical_order_create,deviceId,11
0063,LKUS_grant_new_user_coupon,ip,4
0063,LKUS_grant_new_user_coupon,app,4
0063,LKUS_grant_new_user_coupon,cid,4
0063,LKUS_grant_new_user_coupon,uid,4
0063,LKUS_grant_new_user_coupon,phone,4
0063,LKUS_grant_new_user_coupon,extend,4
0063,LKUS_grant_new_user_coupon,tenant,4
0063,LKUS_grant_new_user_coupon,userNo,4
0063,LKUS_grant_new_user_coupon,sceneId,4
0063,LKUS_grant_new_user_coupon,version,4
0063,LKUS_grant_new_user_coupon,uniqueKey,4
0063,LKUS_grant_new_user_coupon,userAgent,4
0063,LKUS_grant_new_user_coupon,countryCode,4
0063,LKUS_grant_new_user_coupon,reviewRepeat,4
0063,LKUS_grant_new_user_coupon,cidOriginEnum,4
0063,LKUS_grant_new_user_coupon,recaptchaV3Token,4
0063,LKUS_grant_new_user_coupon,recaptchaV3Action,4
0063,LKUS_grant_new_user_coupon,recaptchaV3Enabled,4
0063,LKUS_physical_order_cancel,ip,2
0063,LKUS_physical_order_cancel,app,2
0063,LKUS_physical_order_cancel,cid,2
0063,LKUS_physical_order_cancel,uid,2
0063,LKUS_physical_order_cancel,phone,2
0063,LKUS_physical_order_cancel,shopId,2
0063,LKUS_physical_order_cancel,tenant,2
0063,LKUS_physical_order_cancel,userNo,2
0063,LKUS_physical_order_cancel,isGuest,2
0063,LKUS_physical_order_cancel,orderNo,2
0063,LKUS_physical_order_cancel,version,2
0063,LKUS_physical_order_cancel,shopCity,2
0063,LKUS_physical_order_cancel,uniqueKey,2
0063,LKUS_physical_order_cancel,userAgent,2
0063,LKUS_physical_order_cancel,countryCode,2
0063,LKUS_physical_order_cancel,totalOfMade,2
0063,LKUS_physical_order_cancel,reviewRepeat,2
0063,LKUS_physical_order_cancel,cidOriginEnum,2
0063,LKUS_physical_order_cancel,cancelTypeEnum,2
0063,LKUS_physical_order_cancel,recaptchaV3Token,2
0063,LKUS_physical_order_cancel,recaptchaV3Action,2
0063,LKUS_physical_order_cancel,recaptchaV3Enabled,2
0063,LKUS_register,ip,3
0063,LKUS_register,cid,3
0063,LKUS_register,uid,3
0063,LKUS_register,phone,3
0063,LKUS_register,tenant,3
0063,LKUS_register,version,3
0063,LKUS_register,uniqueKey,3
0063,LKUS_register,userAgent,3
0063,LKUS_register,countryCode,3
0063,LKUS_register,reviewRepeat,3
0063,LKUS_register,cidOriginEnum,3
0063,LKUS_register,recaptchaV3Token,3
0063,LKUS_register,recaptchaV3Action,3
0063,LKUS_register,recaptchaV3Enabled,3
0063,LKUS_register,app,2
0063,LKUS_push,userNo,1
