shard,scene_id,json_key,n_rows
0000,LKUS_push,app,47
0000,LKUS_push,cid,54
0000,LKUS_push,uid,54
0000,LKUS_push,realIp,54
0000,LKUS_push,tenant,54
0000,LKUS_push,phoneNo,54
0000,LKUS_push,version,54
0000,LKUS_push,userAgent,54
0000,LKUS_push,realIpCity,54
0000,LKUS_push,countryCode,54
0000,LKUS_push,fullPhoneNo,54
0000,LKUS_push,phoneCountry,54
0000,LKUS_push,reviewRepeat,46
0000,LKUS_push,realIpCountry,54
0000,LKUS_push,realIpProvince,54
0000,LKUS_push,recaptchaV3Token,46
0000,LKUS_push,recaptchaV3Action,46
0000,LKUS_push,recaptchaV3Enabled,46
0000,LKUS_push,userNo,4
0000,LKUS_login,app,11
0000,LKUS_login,cid,12
0000,LKUS_login,uid,12
0000,LKUS_login,realIp,12
0000,LKUS_login,tenant,12
0000,LKUS_login,userNo,12
0000,LKUS_login,phoneNo,12
0000,LKUS_login,version,12
0000,LKUS_login,userAgent,12
0000,LKUS_login,realIpCity,12
0000,LKUS_login,countryCode,12
0000,LKUS_login,fullPhoneNo,12
0000,LKUS_login,phoneCountry,12
0000,LKUS_login,reviewRepeat,11
0000,LKUS_login,realIpCountry,12
0000,LKUS_login,realIpProvince,12
0000,LKUS_login,recaptchaV3Token,11
0000,LKUS_login,recaptchaV3Action,11
0000,LKUS_login,recaptchaV3Enabled,11
0000,LKUS_physical_order_create,app,34
0000,LKUS_physical_order_create,cid,41
0000,LKUS_physical_order_create,uid,41
0000,LKUS_physical_order_create,realIp,41
0000,LKUS_physical_order_create,shopId,41
0000,LKUS_physical_order_create,tenant,41
0000,LKUS_physical_order_create,userNo,41
0000,LKUS_physical_order_create,isGuest,41
0000,LKUS_physical_order_create,phoneNo,35
0000,LKUS_physical_order_create,version,41
0000,LKUS_physical_order_create,latitude,35
0000,LKUS_physical_order_create,couponNos,30
0000,LKUS_physical_order_create,longitude,35
0000,LKUS_physical_order_create,orderType,41
0000,LKUS_physical_order_create,taxAmount,41
0000,LKUS_physical_order_create,userAgent,41
0000,LKUS_physical_order_create,orderPrice,40
0000,LKUS_physical_order_create,realIpCity,41
0000,LKUS_physical_order_create,countryCode,41
0000,LKUS_physical_order_create,couponNames,30
0000,LKUS_physical_order_create,couponTypes,30
0000,LKUS_physical_order_create,fullPhoneNo,35
0000,LKUS_physical_order_create,shopAddress,41
0000,LKUS_physical_order_create,phoneCountry,35
0000,LKUS_physical_order_create,reviewRepeat,32
0000,LKUS_physical_order_create,shopCityName,41
0000,LKUS_physical_order_create,shopLatitude,41
0000,LKUS_physical_order_create,couponSources,30
0000,LKUS_physical_order_create,isTaxRequired,41
0000,LKUS_physical_order_create,orderSkuCodes,38
0000,LKUS_physical_order_create,orderSpuCodes,38
0000,LKUS_physical_order_create,productAmount,41
0000,LKUS_physical_order_create,realIpCountry,41
0000,LKUS_physical_order_create,shopLongitude,41
0000,LKUS_physical_order_create,realIpProvince,41
0000,LKUS_physical_order_create,recaptchaV3Token,32
0000,LKUS_physical_order_create,couponProposalNos,30
0000,LKUS_physical_order_create,couponTemplateIds,30
0000,LKUS_physical_order_create,recaptchaV3Action,32
0000,LKUS_physical_order_create,couponDenomination,30
0000,LKUS_physical_order_create,recaptchaV3Enabled,32
0000,LKUS_physical_order_create,couponDiscountTypes,30
0000,LKUS_physical_order_create,couponDiscountSubTypes,30
0000,LKUS_payment,app,33
0000,LKUS_payment,cid,40
0000,LKUS_payment,uid,40
0000,LKUS_payment,realIp,40
0000,LKUS_payment,shopId,40
0000,LKUS_payment,tenant,40
0000,LKUS_payment,userNo,40
0000,LKUS_payment,isGuest,40
0000,LKUS_payment,orderNo,40
0000,LKUS_payment,payType,40
0000,LKUS_payment,phoneNo,34
0000,LKUS_payment,version,40
0000,LKUS_payment,payMoney,40
0000,LKUS_payment,orderType,40
0000,LKUS_payment,taxAmount,40
0000,LKUS_payment,userAgent,40
0000,LKUS_payment,orderPrice,40
0000,LKUS_payment,realIpCity,40
0000,LKUS_payment,countryCode,34
0000,LKUS_payment,fullPhoneNo,34
0000,LKUS_payment,phoneCountry,34
0000,LKUS_payment,reviewRepeat,32
0000,LKUS_payment,isTaxRequired,40
0000,LKUS_payment,realIpCountry,40
0000,LKUS_payment,realIpProvince,40
0000,LKUS_payment,recaptchaV3Token,32
0000,LKUS_payment,recaptchaV3Action,32
0000,LKUS_payment,recaptchaV3Enabled,32
0000,LKUS_physical_order_create,shumeiDevId,6
0000,LKUS_physical_order_create,shumengDevId,6
0000,LKUS_physical_order_create,tongdunBlackBox,6
0000,LKUS_physical_order_create,packageOrderSkuCodes,3
0000,LKUS_physical_order_create,packageOrderSpuCodes,3
0000,LKUS_grant_new_user_coupon,app,4
0000,LKUS_grant_new_user_coupon,cid,4
0000,LKUS_grant_new_user_coupon,uid,4
0000,LKUS_grant_new_user_coupon,type,4
0000,LKUS_grant_new_user_coupon,extend,4
0000,LKUS_grant_new_user_coupon,origin,4
0000,LKUS_grant_new_user_coupon,realIp,4
0000,LKUS_grant_new_user_coupon,tenant,4
0000,LKUS_grant_new_user_coupon,userNo,4
0000,LKUS_grant_new_user_coupon,phoneNo,4
0000,LKUS_grant_new_user_coupon,readmes,4
0000,LKUS_grant_new_user_coupon,sceneId,4
0000,LKUS_grant_new_user_coupon,version,4
0000,LKUS_grant_new_user_coupon,discounts,4
0000,LKUS_grant_new_user_coupon,userAgent,4
0000,LKUS_grant_new_user_coupon,realIpCity,4
0000,LKUS_grant_new_user_coupon,countryCode,4
0000,LKUS_grant_new_user_coupon,couponNames,4
0000,LKUS_grant_new_user_coupon,couponTypes,4
0000,LKUS_grant_new_user_coupon,fullPhoneNo,4
0000,LKUS_grant_new_user_coupon,isBindPhone,4
0000,LKUS_grant_new_user_coupon,maskPhoneNo,4
0000,LKUS_grant_new_user_coupon,templateIds,4
0000,LKUS_grant_new_user_coupon,templateNos,4
0000,LKUS_grant_new_user_coupon,phoneCountry,4
0000,LKUS_grant_new_user_coupon,registerTime,4
0000,LKUS_grant_new_user_coupon,reviewRepeat,4
0000,LKUS_grant_new_user_coupon,realIpCountry,4
0000,LKUS_grant_new_user_coupon,discountLabels,4
0000,LKUS_grant_new_user_coupon,invitationCode,4
0000,LKUS_grant_new_user_coupon,realIpProvince,4
0000,LKUS_grant_new_user_coupon,recaptchaV3Token,4
0000,LKUS_grant_new_user_coupon,phoneNoEncryption,4
0000,LKUS_grant_new_user_coupon,recaptchaV3Action,4
0000,LKUS_grant_new_user_coupon,recaptchaV3Enabled,4
0000,LKUS_grant_new_user_coupon,couponDenominations,4
0000,LKUS_grant_new_user_coupon,couponDiscountTypes,4
0000,LKUS_grant_new_user_coupon,couponDiscountSubTypes,4
0000,LKUS_grant_new_user_coupon,couponDiscountTypeNames,4
0000,LKUS_register,app,3
0000,LKUS_register,cid,4
0000,LKUS_register,uid,4
0000,LKUS_register,realIp,4
0000,LKUS_register,tenant,4
0000,LKUS_register,phoneNo,4
0000,LKUS_register,version,4
0000,LKUS_register,userAgent,4
0000,LKUS_register,realIpCity,4
0000,LKUS_register,countryCode,4
0000,LKUS_register,fullPhoneNo,4
0000,LKUS_register,phoneCountry,4
0000,LKUS_register,reviewRepeat,4
0000,LKUS_register,realIpCountry,4
0000,LKUS_register,realIpProvince,4
0000,LKUS_register,recaptchaV3Token,4
0000,LKUS_register,recaptchaV3Action,4
0000,LKUS_register,recaptchaV3Enabled,4
0001,LKUS_push,app,30
0001,LKUS_push,cid,31
0001,LKUS_push,uid,31
0001,LKUS_push,realIp,31
0001,LKUS_push,tenant,31
0001,LKUS_push,phoneNo,31
0001,LKUS_push,version,31
0001,LKUS_push,userAgent,31
0001,LKUS_push,realIpCity,31
0001,LKUS_push,countryCode,31
0001,LKUS_push,fullPhoneNo,31
0001,LKUS_push,phoneCountry,31
0001,LKUS_push,realIpCountry,31
0001,LKUS_push,realIpProvince,31
0001,LKUS_push,reviewRepeat,26
0001,LKUS_push,recaptchaV3Token,26
0001,LKUS_push,recaptchaV3Action,26
0001,LKUS_push,recaptchaV3Enabled,26
0001,LKUS_physical_order_create,app,33
0001,LKUS_physical_order_create,cid,42
0001,LKUS_physical_order_create,uid,42
0001,LKUS_physical_order_create,realIp,42
0001,LKUS_physical_order_create,shopId,42
0001,LKUS_physical_order_create,tenant,42
0001,LKUS_physical_order_create,userNo,42
0001,LKUS_physical_order_create,isGuest,42
0001,LKUS_physical_order_create,phoneNo,37
0001,LKUS_physical_order_create,version,42
0001,LKUS_physical_order_create,latitude,35
0001,LKUS_physical_order_create,couponNos,31
0001,LKUS_physical_order_create,longitude,35
0001,LKUS_physical_order_create,orderType,42
0001,LKUS_physical_order_create,taxAmount,42
0001,LKUS_physical_order_create,userAgent,42
0001,LKUS_physical_order_create,orderPrice,42
0001,LKUS_physical_order_create,realIpCity,42
0001,LKUS_physical_order_create,countryCode,42
0001,LKUS_physical_order_create,couponNames,31
0001,LKUS_physical_order_create,couponTypes,31
0001,LKUS_physical_order_create,fullPhoneNo,37
0001,LKUS_physical_order_create,shopAddress,42
0001,LKUS_physical_order_create,phoneCountry,37
0001,LKUS_physical_order_create,reviewRepeat,30
0001,LKUS_physical_order_create,shopCityName,42
0001,LKUS_physical_order_create,shopLatitude,42
0001,LKUS_physical_order_create,couponSources,31
0001,LKUS_physical_order_create,isTaxRequired,42
0001,LKUS_physical_order_create,orderSkuCodes,40
0001,LKUS_physical_order_create,orderSpuCodes,40
0001,LKUS_physical_order_create,productAmount,42
0001,LKUS_physical_order_create,realIpCountry,42
0001,LKUS_physical_order_create,shopLongitude,42
0001,LKUS_physical_order_create,realIpProvince,42
0001,LKUS_physical_order_create,recaptchaV3Token,30
0001,LKUS_physical_order_create,couponProposalNos,31
0001,LKUS_physical_order_create,couponTemplateIds,31
0001,LKUS_physical_order_create,recaptchaV3Action,30
0001,LKUS_physical_order_create,couponDenomination,31
0001,LKUS_physical_order_create,recaptchaV3Enabled,30
0001,LKUS_physical_order_create,couponDiscountTypes,31
0001,LKUS_physical_order_create,couponDiscountSubTypes,31
0001,LKUS_payment,app,35
0001,LKUS_payment,cid,42
0001,LKUS_payment,uid,42
0001,LKUS_payment,realIp,42
0001,LKUS_payment,shopId,42
0001,LKUS_payment,tenant,42
0001,LKUS_payment,userNo,42
0001,LKUS_payment,isGuest,42
0001,LKUS_payment,orderNo,42
0001,LKUS_payment,payType,42
0001,LKUS_payment,phoneNo,37
0001,LKUS_payment,version,42
0001,LKUS_payment,payMoney,42
0001,LKUS_payment,orderType,42
0001,LKUS_payment,taxAmount,42
0001,LKUS_payment,userAgent,42
0001,LKUS_payment,orderPrice,42
0001,LKUS_payment,realIpCity,42
0001,LKUS_payment,countryCode,37
0001,LKUS_payment,fullPhoneNo,37
0001,LKUS_payment,phoneCountry,37
0001,LKUS_payment,reviewRepeat,31
0001,LKUS_payment,isTaxRequired,42
0001,LKUS_payment,realIpCountry,42
0001,LKUS_payment,realIpProvince,42
0001,LKUS_payment,recaptchaV3Token,31
0001,LKUS_payment,recaptchaV3Action,31
0001,LKUS_payment,recaptchaV3Enabled,31
0001,LKUS_physical_order_create,packageOrderSkuCodes,2
0001,LKUS_physical_order_create,packageOrderSpuCodes,2
0001,LKUS_register,app,6
0001,LKUS_register,cid,6
0001,LKUS_register,uid,6
0001,LKUS_register,realIp,6
0001,LKUS_register,tenant,6
0001,LKUS_register,phoneNo,6
0001,LKUS_register,version,6
0001,LKUS_register,userAgent,6
0001,LKUS_register,realIpCity,6
0001,LKUS_register,countryCode,6
0001,LKUS_register,fullPhoneNo,6
0001,LKUS_register,phoneCountry,6
0001,LKUS_register,reviewRepeat,6
0001,LKUS_register,realIpCountry,6
0001,LKUS_register,realIpProvince,6
0001,LKUS_register,recaptchaV3Token,6
0001,LKUS_register,recaptchaV3Action,6
0001,LKUS_register,recaptchaV3Enabled,6
0001,LKUS_physical_order_create,shumeiDevId,7
0001,LKUS_physical_order_create,shumengDevId,7
0001,LKUS_physical_order_create,tongdunBlackBox,7
0001,LKUS_grant_new_user_coupon,cid,8
0001,LKUS_grant_new_user_coupon,uid,8
0001,LKUS_grant_new_user_coupon,type,8
0001,LKUS_grant_new_user_coupon,extend,8
0001,LKUS_grant_new_user_coupon,origin,8
0001,LKUS_grant_new_user_coupon,realIp,8
0001,LKUS_grant_new_user_coupon,tenant,8
0001,LKUS_grant_new_user_coupon,userNo,8
0001,LKUS_grant_new_user_coupon,phoneNo,8
0001,LKUS_grant_new_user_coupon,readmes,8
0001,LKUS_grant_new_user_coupon,sceneId,8
0001,LKUS_grant_new_user_coupon,version,8
0001,LKUS_grant_new_user_coupon,discounts,8
0001,LKUS_grant_new_user_coupon,userAgent,8
0001,LKUS_grant_new_user_coupon,realIpCity,8
0001,LKUS_grant_new_user_coupon,countryCode,8
0001,LKUS_grant_new_user_coupon,couponNames,8
0001,LKUS_grant_new_user_coupon,couponTypes,8
0001,LKUS_grant_new_user_coupon,fullPhoneNo,8
0001,LKUS_grant_new_user_coupon,inviterCode,1
0001,LKUS_grant_new_user_coupon,inviterType,1
0001,LKUS_grant_new_user_coupon,isBindPhone,8
0001,LKUS_grant_new_user_coupon,maskPhoneNo,8
0001,LKUS_grant_new_user_coupon,templateIds,8
0001,LKUS_grant_new_user_coupon,templateNos,8
0001,LKUS_grant_new_user_coupon,inviterPhone,1
0001,LKUS_grant_new_user_coupon,phoneCountry,8
0001,LKUS_grant_new_user_coupon,registerTime,8
0001,LKUS_grant_new_user_coupon,reviewRepeat,8
0001,LKUS_grant_new_user_coupon,inviterUserNo,1
0001,LKUS_grant_new_user_coupon,marketingCode,1
0001,LKUS_grant_new_user_coupon,realIpCountry,8
0001,LKUS_grant_new_user_coupon,discountLabels,8
0001,LKUS_grant_new_user_coupon,invitationCode,8
0001,LKUS_grant_new_user_coupon,realIpProvince,8
0001,LKUS_grant_new_user_coupon,recaptchaV3Token,8
0001,LKUS_grant_new_user_coupon,phoneNoEncryption,8
0001,LKUS_grant_new_user_coupon,recaptchaV3Action,8
0001,LKUS_grant_new_user_coupon,recaptchaV3Enabled,8
0001,LKUS_grant_new_user_coupon,couponDenominations,8
0001,LKUS_grant_new_user_coupon,couponDiscountTypes,8
0001,LKUS_grant_new_user_coupon,invitationActivityNo,1
0001,LKUS_grant_new_user_coupon,couponDiscountSubTypes,8
0001,LKUS_grant_new_user_coupon,couponDiscountTypeNames,8
0001,LKUS_login,cid,12
0001,LKUS_login,uid,12
0001,LKUS_login,realIp,12
0001,LKUS_login,tenant,12
0001,LKUS_login,userNo,12
0001,LKUS_login,phoneNo,12
0001,LKUS_login,version,12
0001,LKUS_login,userAgent,12
0001,LKUS_login,realIpCity,12
0001,LKUS_login,countryCode,12
0001,LKUS_login,fullPhoneNo,12
0001,LKUS_login,phoneCountry,12
0001,LKUS_login,reviewRepeat,9
0001,LKUS_login,realIpCountry,12
0001,LKUS_login,realIpProvince,12
0001,LKUS_login,recaptchaV3Token,9
0001,LKUS_login,recaptchaV3Action,9
0001,LKUS_login,recaptchaV3Enabled,9
0001,LKUS_grant_new_user_coupon,app,6
0001,LKUS_login,app,8
0001,LKUS_physical_order_cancel,cid,1
0001,LKUS_physical_order_cancel,uid,1
0001,LKUS_physical_order_cancel,realIp,1
0001,LKUS_physical_order_cancel,shopId,1
0001,LKUS_physical_order_cancel,tenant,1
0001,LKUS_physical_order_cancel,userNo,1
0001,LKUS_physical_order_cancel,isGuest,1
0001,LKUS_physical_order_cancel,orderNo,1
0001,LKUS_physical_order_cancel,phoneNo,1
0001,LKUS_physical_order_cancel,version,1
0001,LKUS_physical_order_cancel,shopCity,1
0001,LKUS_physical_order_cancel,userAgent,1
0001,LKUS_physical_order_cancel,realIpCity,1
0001,LKUS_physical_order_cancel,countryCode,1
0001,LKUS_physical_order_cancel,fullPhoneNo,1
0001,LKUS_physical_order_cancel,totalOfMade,1
0001,LKUS_physical_order_cancel,phoneCountry,1
0001,LKUS_physical_order_cancel,reviewRepeat,1
0001,LKUS_physical_order_cancel,realIpCountry,1
0001,LKUS_physical_order_cancel,realIpProvince,1
0001,LKUS_physical_order_cancel,recaptchaV3Token,1
0001,LKUS_physical_order_cancel,recaptchaV3Action,1
0001,LKUS_physical_order_cancel,recaptchaV3Enabled,1
0001,LKUS_physical_order_cancel,cancelTypeEnumIndex,1
0002,LKUS_login,app,10
0002,LKUS_login,cid,13
0002,LKUS_login,uid,13
0002,LKUS_login,realIp,13
0002,LKUS_login,tenant,13
0002,LKUS_login,userNo,13
0002,LKUS_login,phoneNo,13
0002,LKUS_login,version,13
0002,LKUS_login,userAgent,13
0002,LKUS_login,realIpCity,13
0002,LKUS_login,countryCode,13
0002,LKUS_login,fullPhoneNo,13
0002,LKUS_login,phoneCountry,13
0002,LKUS_login,reviewRepeat,13
0002,LKUS_login,realIpCountry,13
0002,LKUS_login,realIpProvince,13
0002,LKUS_login,recaptchaV3Token,13
0002,LKUS_login,recaptchaV3Action,13
0002,LKUS_login,recaptchaV3Enabled,13
0002,LKUS_grant_new_user_coupon,app,4
0002,LKUS_grant_new_user_coupon,cid,7
0002,LKUS_grant_new_user_coupon,uid,7
0002,LKUS_grant_new_user_coupon,type,7
0002,LKUS_grant_new_user_coupon,extend,7
0002,LKUS_grant_new_user_coupon,origin,7
0002,LKUS_grant_new_user_coupon,realIp,7
0002,LKUS_grant_new_user_coupon,tenant,7
0002,LKUS_grant_new_user_coupon,userNo,7
0002,LKUS_grant_new_user_coupon,phoneNo,7
0002,LKUS_grant_new_user_coupon,readmes,7
0002,LKUS_grant_new_user_coupon,sceneId,7
0002,LKUS_grant_new_user_coupon,version,7
0002,LKUS_grant_new_user_coupon,discounts,7
0002,LKUS_grant_new_user_coupon,userAgent,7
0002,LKUS_grant_new_user_coupon,realIpCity,7
0002,LKUS_grant_new_user_coupon,countryCode,7
0002,LKUS_grant_new_user_coupon,couponNames,7
0002,LKUS_grant_new_user_coupon,couponTypes,7
0002,LKUS_grant_new_user_coupon,fullPhoneNo,7
0002,LKUS_grant_new_user_coupon,isBindPhone,7
0002,LKUS_grant_new_user_coupon,maskPhoneNo,7
0002,LKUS_grant_new_user_coupon,templateIds,7
0002,LKUS_grant_new_user_coupon,templateNos,7
0002,LKUS_grant_new_user_coupon,phoneCountry,7
0002,LKUS_grant_new_user_coupon,registerTime,7
0002,LKUS_grant_new_user_coupon,reviewRepeat,7
0002,LKUS_grant_new_user_coupon,realIpCountry,7
0002,LKUS_grant_new_user_coupon,discountLabels,7
0002,LKUS_grant_new_user_coupon,invitationCode,7
0002,LKUS_grant_new_user_coupon,realIpProvince,7
0002,LKUS_grant_new_user_coupon,recaptchaV3Token,7
0002,LKUS_grant_new_user_coupon,phoneNoEncryption,7
0002,LKUS_grant_new_user_coupon,recaptchaV3Action,7
0002,LKUS_grant_new_user_coupon,recaptchaV3Enabled,7
0002,LKUS_grant_new_user_coupon,couponDenominations,7
0002,LKUS_grant_new_user_coupon,couponDiscountTypes,7
0002,LKUS_grant_new_user_coupon,couponDiscountSubTypes,7
0002,LKUS_grant_new_user_coupon,couponDiscountTypeNames,7
0002,LKUS_push,app,39
0002,LKUS_push,cid,45
0002,LKUS_push,uid,45
0002,LKUS_push,realIp,45
0002,LKUS_push,tenant,45
0002,LKUS_push,phoneNo,45
0002,LKUS_push,version,45
0002,LKUS_push,userAgent,45
0002,LKUS_push,realIpCity,45
0002,LKUS_push,countryCode,45
0002,LKUS_push,fullPhoneNo,45
0002,LKUS_push,phoneCountry,45
0002,LKUS_push,realIpCountry,45
0002,LKUS_push,realIpProvince,45
0002,LKUS_push,reviewRepeat,41
0002,LKUS_push,recaptchaV3Token,41
0002,LKUS_push,recaptchaV3Action,41
0002,LKUS_push,recaptchaV3Enabled,41
0002,LKUS_physical_order_create,app,46
0002,LKUS_physical_order_create,cid,56
0002,LKUS_physical_order_create,uid,56
0002,LKUS_physical_order_create,realIp,56
0002,LKUS_physical_order_create,shopId,56
0002,LKUS_physical_order_create,tenant,56
0002,LKUS_physical_order_create,userNo,56
0002,LKUS_physical_order_create,isGuest,56
0002,LKUS_physical_order_create,phoneNo,48
0002,LKUS_physical_order_create,version,56
0002,LKUS_physical_order_create,latitude,48
0002,LKUS_physical_order_create,couponNos,40
0002,LKUS_physical_order_create,longitude,48
0002,LKUS_physical_order_create,orderType,56
0002,LKUS_physical_order_create,taxAmount,56
0002,LKUS_physical_order_create,userAgent,56
0002,LKUS_physical_order_create,orderPrice,55
0002,LKUS_physical_order_create,realIpCity,56
0002,LKUS_physical_order_create,countryCode,56
0002,LKUS_physical_order_create,couponNames,40
0002,LKUS_physical_order_create,couponTypes,40
0002,LKUS_physical_order_create,fullPhoneNo,48
0002,LKUS_physical_order_create,shopAddress,56
0002,LKUS_physical_order_create,phoneCountry,48
0002,LKUS_physical_order_create,reviewRepeat,44
0002,LKUS_physical_order_create,shopCityName,56
0002,LKUS_physical_order_create,shopLatitude,56
0002,LKUS_physical_order_create,couponSources,40
0002,LKUS_physical_order_create,isTaxRequired,56
0002,LKUS_physical_order_create,orderSkuCodes,52
0002,LKUS_physical_order_create,orderSpuCodes,52
0002,LKUS_physical_order_create,productAmount,56
0002,LKUS_physical_order_create,realIpCountry,56
0002,LKUS_physical_order_create,shopLongitude,56
0002,LKUS_physical_order_create,realIpProvince,56
0002,LKUS_physical_order_create,recaptchaV3Token,44
0002,LKUS_physical_order_create,couponProposalNos,40
0002,LKUS_physical_order_create,couponTemplateIds,40
0002,LKUS_physical_order_create,recaptchaV3Action,44
0002,LKUS_physical_order_create,couponDenomination,40
0002,LKUS_physical_order_create,recaptchaV3Enabled,44
0002,LKUS_physical_order_create,couponDiscountTypes,40
0002,LKUS_physical_order_create,couponDiscountSubTypes,40
0002,LKUS_payment,app,45
0002,LKUS_payment,cid,55
0002,LKUS_payment,uid,55
0002,LKUS_payment,realIp,55
0002,LKUS_payment,shopId,55
0002,LKUS_payment,tenant,55
0002,LKUS_payment,userNo,55
0002,LKUS_payment,isGuest,55
0002,LKUS_payment,orderNo,55
0002,LKUS_payment,payType,55
0002,LKUS_payment,phoneNo,47
0002,LKUS_payment,version,55
0002,LKUS_payment,payMoney,55
0002,LKUS_payment,orderType,55
0002,LKUS_payment,taxAmount,55
0002,LKUS_payment,userAgent,55
0002,LKUS_payment,orderPrice,55
0002,LKUS_payment,realIpCity,55
0002,LKUS_payment,countryCode,47
0002,LKUS_payment,fullPhoneNo,47
0002,LKUS_payment,phoneCountry,47
0002,LKUS_payment,reviewRepeat,43
0002,LKUS_payment,isTaxRequired,55
0002,LKUS_payment,realIpCountry,55
0002,LKUS_payment,realIpProvince,55
0002,LKUS_payment,recaptchaV3Token,43
0002,LKUS_payment,recaptchaV3Action,43
0002,LKUS_payment,recaptchaV3Enabled,43
0002,LKUS_physical_order_create,packageOrderSkuCodes,7
0002,LKUS_physical_order_create,packageOrderSpuCodes,7
0002,LKUS_payment,packagingBagPrice,3
0002,LKUS_payment,packagingBagNumber,3
0002,LKUS_physical_order_create,shumeiDevId,8
0002,LKUS_physical_order_create,shumengDevId,8
0002,LKUS_physical_order_create,tongdunBlackBox,8
0002,LKUS_register,app,6
0002,LKUS_register,cid,7
0002,LKUS_register,uid,7
0002,LKUS_register,realIp,7
0002,LKUS_register,tenant,7
0002,LKUS_register,phoneNo,7
0002,LKUS_register,version,7
0002,LKUS_register,userAgent,7
0002,LKUS_register,realIpCity,7
0002,LKUS_register,countryCode,7
0002,LKUS_register,fullPhoneNo,7
0002,LKUS_register,phoneCountry,7
0002,LKUS_register,reviewRepeat,7
0002,LKUS_register,realIpCountry,7
0002,LKUS_register,realIpProvince,7
0002,LKUS_register,recaptchaV3Token,7
0002,LKUS_register,recaptchaV3Action,7
0002,LKUS_register,recaptchaV3Enabled,7
0002,LKUS_physical_order_cancel,app,1
0002,LKUS_physical_order_cancel,cid,1
0002,LKUS_physical_order_cancel,uid,1
0002,LKUS_physical_order_cancel,realIp,1
0002,LKUS_physical_order_cancel,shopId,1
0002,LKUS_physical_order_cancel,tenant,1
0002,LKUS_physical_order_cancel,userNo,1
0002,LKUS_physical_order_cancel,isGuest,1
0002,LKUS_physical_order_cancel,orderNo,1
0002,LKUS_physical_order_cancel,phoneNo,1
0002,LKUS_physical_order_cancel,version,1
0002,LKUS_physical_order_cancel,shopCity,1
0002,LKUS_physical_order_cancel,userAgent,1
0002,LKUS_physical_order_cancel,realIpCity,1
0002,LKUS_physical_order_cancel,countryCode,1
0002,LKUS_physical_order_cancel,fullPhoneNo,1
0002,LKUS_physical_order_cancel,totalOfMade,1
0002,LKUS_physical_order_cancel,phoneCountry,1
0002,LKUS_physical_order_cancel,reviewRepeat,1
0002,LKUS_physical_order_cancel,realIpCountry,1
0002,LKUS_physical_order_cancel,realIpProvince,1
0002,LKUS_physical_order_cancel,recaptchaV3Token,1
0002,LKUS_physical_order_cancel,recaptchaV3Action,1
0002,LKUS_physical_order_cancel,recaptchaV3Enabled,1
0002,LKUS_physical_order_cancel,cancelTypeEnumIndex,1
0002,LKUS_grant_new_user_coupon,inviterCode,2
0002,LKUS_grant_new_user_coupon,inviterType,2
0002,LKUS_grant_new_user_coupon,inviterPhone,2
0002,LKUS_grant_new_user_coupon,inviterUserNo,2
0002,LKUS_grant_new_user_coupon,marketingCode,2
0002,LKUS_grant_new_user_coupon,invitationActivityNo,2
0003,LKUS_push,app,28
0003,LKUS_push,cid,32
0003,LKUS_push,uid,32
0003,LKUS_push,realIp,32
0003,LKUS_push,tenant,32
0003,LKUS_push,phoneNo,32
0003,LKUS_push,version,32
0003,LKUS_push,userAgent,32
0003,LKUS_push,realIpCity,32
0003,LKUS_push,countryCode,32
0003,LKUS_push,fullPhoneNo,32
0003,LKUS_push,phoneCountry,32
0003,LKUS_push,reviewRepeat,31
0003,LKUS_push,realIpCountry,32
0003,LKUS_push,realIpProvince,32
0003,LKUS_push,recaptchaV3Token,31
0003,LKUS_push,recaptchaV3Action,31
0003,LKUS_push,recaptchaV3Enabled,31
0003,LKUS_login,app,10
0003,LKUS_login,cid,11
0003,LKUS_login,uid,11
0003,LKUS_login,realIp,11
0003,LKUS_login,tenant,11
0003,LKUS_login,userNo,11
0003,LKUS_login,phoneNo,11
0003,LKUS_login,version,11
0003,LKUS_login,userAgent,11
0003,LKUS_login,realIpCity,11
0003,LKUS_login,countryCode,11
0003,LKUS_login,fullPhoneNo,11
0003,LKUS_login,phoneCountry,11
0003,LKUS_login,reviewRepeat,11
0003,LKUS_login,realIpCountry,11
0003,LKUS_login,realIpProvince,11
0003,LKUS_login,recaptchaV3Token,11
0003,LKUS_login,recaptchaV3Action,11
0003,LKUS_login,recaptchaV3Enabled,11
0003,LKUS_physical_order_create,app,30
0003,LKUS_physical_order_create,cid,37
0003,LKUS_physical_order_create,uid,37
0003,LKUS_physical_order_create,realIp,37
0003,LKUS_physical_order_create,shopId,37
0003,LKUS_physical_order_create,tenant,37
0003,LKUS_physical_order_create,userNo,37
0003,LKUS_physical_order_create,isGuest,37
0003,LKUS_physical_order_create,phoneNo,30
0003,LKUS_physical_order_create,version,37
0003,LKUS_physical_order_create,latitude,31
0003,LKUS_physical_order_create,couponNos,30
0003,LKUS_physical_order_create,longitude,31
0003,LKUS_physical_order_create,orderType,37
0003,LKUS_physical_order_create,taxAmount,37
0003,LKUS_physical_order_create,userAgent,37
0003,LKUS_physical_order_create,orderPrice,37
0003,LKUS_physical_order_create,realIpCity,37
0003,LKUS_physical_order_create,countryCode,37
0003,LKUS_physical_order_create,couponNames,30
0003,LKUS_physical_order_create,couponTypes,30
0003,LKUS_physical_order_create,fullPhoneNo,30
0003,LKUS_physical_order_create,shopAddress,37
0003,LKUS_physical_order_create,phoneCountry,30
0003,LKUS_physical_order_create,reviewRepeat,29
0003,LKUS_physical_order_create,shopCityName,37
0003,LKUS_physical_order_create,shopLatitude,37
0003,LKUS_physical_order_create,couponSources,30
0003,LKUS_physical_order_create,isTaxRequired,37
0003,LKUS_physical_order_create,orderSkuCodes,37
0003,LKUS_physical_order_create,orderSpuCodes,37
0003,LKUS_physical_order_create,productAmount,37
0003,LKUS_physical_order_create,realIpCountry,37
0003,LKUS_physical_order_create,shopLongitude,37
0003,LKUS_physical_order_create,realIpProvince,37
0003,LKUS_physical_order_create,recaptchaV3Token,29
0003,LKUS_physical_order_create,couponProposalNos,30
0003,LKUS_physical_order_create,couponTemplateIds,30
0003,LKUS_physical_order_create,recaptchaV3Action,29
0003,LKUS_physical_order_create,couponDenomination,30
0003,LKUS_physical_order_create,recaptchaV3Enabled,29
0003,LKUS_physical_order_create,couponDiscountTypes,30
0003,LKUS_physical_order_create,couponDiscountSubTypes,30
0003,LKUS_payment,app,30
0003,LKUS_payment,cid,39
0003,LKUS_payment,uid,39
0003,LKUS_payment,realIp,39
0003,LKUS_payment,shopId,39
0003,LKUS_payment,tenant,39
0003,LKUS_payment,userNo,39
0003,LKUS_payment,isGuest,39
0003,LKUS_payment,orderNo,39
0003,LKUS_payment,payType,39
0003,LKUS_payment,phoneNo,30
0003,LKUS_payment,version,39
0003,LKUS_payment,payMoney,39
0003,LKUS_payment,orderType,39
0003,LKUS_payment,taxAmount,39
0003,LKUS_payment,userAgent,39
0003,LKUS_payment,orderPrice,39
0003,LKUS_payment,realIpCity,39
0003,LKUS_payment,countryCode,30
0003,LKUS_payment,fullPhoneNo,30
0003,LKUS_payment,phoneCountry,30
0003,LKUS_payment,reviewRepeat,29
0003,LKUS_payment,isTaxRequired,39
0003,LKUS_payment,realIpCountry,39
0003,LKUS_payment,realIpProvince,39
0003,LKUS_payment,recaptchaV3Token,29
0003,LKUS_payment,recaptchaV3Action,29
0003,LKUS_payment,recaptchaV3Enabled,29
0003,LKUS_physical_order_create,shumeiDevId,6
0003,LKUS_physical_order_create,shumengDevId,6
0003,LKUS_physical_order_create,tongdunBlackBox,6
0003,LKUS_grant_new_user_coupon,app,8
0003,LKUS_grant_new_user_coupon,cid,9
0003,LKUS_grant_new_user_coupon,uid,9
0003,LKUS_grant_new_user_coupon,type,9
0003,LKUS_grant_new_user_coupon,extend,9
0003,LKUS_grant_new_user_coupon,origin,9
0003,LKUS_grant_new_user_coupon,realIp,9
0003,LKUS_grant_new_user_coupon,tenant,9
0003,LKUS_grant_new_user_coupon,userNo,9
0003,LKUS_grant_new_user_coupon,phoneNo,9
0003,LKUS_grant_new_user_coupon,readmes,9
0003,LKUS_grant_new_user_coupon,sceneId,9
0003,LKUS_grant_new_user_coupon,version,9
0003,LKUS_grant_new_user_coupon,discounts,9
0003,LKUS_grant_new_user_coupon,userAgent,9
0003,LKUS_grant_new_user_coupon,realIpCity,9
0003,LKUS_grant_new_user_coupon,countryCode,9
0003,LKUS_grant_new_user_coupon,couponNames,9
0003,LKUS_grant_new_user_coupon,couponTypes,9
0003,LKUS_grant_new_user_coupon,fullPhoneNo,9
0003,LKUS_grant_new_user_coupon,isBindPhone,9
0003,LKUS_grant_new_user_coupon,maskPhoneNo,9
0003,LKUS_grant_new_user_coupon,templateIds,9
0003,LKUS_grant_new_user_coupon,templateNos,9
0003,LKUS_grant_new_user_coupon,phoneCountry,9
0003,LKUS_grant_new_user_coupon,registerTime,9
0003,LKUS_grant_new_user_coupon,reviewRepeat,9
0003,LKUS_grant_new_user_coupon,realIpCountry,9
0003,LKUS_grant_new_user_coupon,discountLabels,9
0003,LKUS_grant_new_user_coupon,invitationCode,9
0003,LKUS_grant_new_user_coupon,realIpProvince,9
0003,LKUS_grant_new_user_coupon,recaptchaV3Token,9
0003,LKUS_grant_new_user_coupon,phoneNoEncryption,9
0003,LKUS_grant_new_user_coupon,recaptchaV3Action,9
0003,LKUS_grant_new_user_coupon,recaptchaV3Enabled,9
0003,LKUS_grant_new_user_coupon,couponDenominations,9
0003,LKUS_grant_new_user_coupon,couponDiscountTypes,9
0003,LKUS_grant_new_user_coupon,couponDiscountSubTypes,9
0003,LKUS_grant_new_user_coupon,couponDiscountTypeNames,9
0003,LKUS_register,cid,6
0003,LKUS_register,uid,6
0003,LKUS_register,realIp,6
0003,LKUS_register,tenant,6
0003,LKUS_register,phoneNo,6
0003,LKUS_register,version,6
0003,LKUS_register,userAgent,6
0003,LKUS_register,realIpCity,6
0003,LKUS_register,countryCode,6
0003,LKUS_register,fullPhoneNo,6
0003,LKUS_register,phoneCountry,6
0003,LKUS_register,reviewRepeat,6
0003,LKUS_register,realIpCountry,6
0003,LKUS_register,realIpProvince,6
0003,LKUS_register,recaptchaV3Token,6
0003,LKUS_register,recaptchaV3Action,6
0003,LKUS_register,recaptchaV3Enabled,6
0003,LKUS_register,app,4
0003,LKUS_grant_new_user_coupon,inviterCode,1
0003,LKUS_grant_new_user_coupon,inviterType,1
0003,LKUS_grant_new_user_coupon,inviterPhone,1
0003,LKUS_grant_new_user_coupon,inviterUserNo,1
0003,LKUS_grant_new_user_coupon,marketingCode,1
0003,LKUS_grant_new_user_coupon,invitationActivityNo,1
0004,LKUS_push,app,35
0004,LKUS_push,cid,38
0004,LKUS_push,uid,38
0004,LKUS_push,realIp,38
0004,LKUS_push,tenant,38
0004,LKUS_push,phoneNo,38
0004,LKUS_push,version,38
0004,LKUS_push,userAgent,38
0004,LKUS_push,realIpCity,38
0004,LKUS_push,countryCode,38
0004,LKUS_push,fullPhoneNo,38
0004,LKUS_push,phoneCountry,38
0004,LKUS_push,reviewRepeat,38
0004,LKUS_push,realIpCountry,38
0004,LKUS_push,realIpProvince,38
0004,LKUS_push,recaptchaV3Token,38
0004,LKUS_push,recaptchaV3Action,38
0004,LKUS_push,recaptchaV3Enabled,38
0004,LKUS_physical_order_create,app,41
0004,LKUS_physical_order_create,cid,52
0004,LKUS_physical_order_create,uid,52
0004,LKUS_physical_order_create,realIp,52
0004,LKUS_physical_order_create,shopId,52
0004,LKUS_physical_order_create,tenant,52
0004,LKUS_physical_order_create,userNo,52
0004,LKUS_physical_order_create,isGuest,52
0004,LKUS_physical_order_create,phoneNo,44
0004,LKUS_physical_order_create,version,52
0004,LKUS_physical_order_create,latitude,44
0004,LKUS_physical_order_create,couponNos,36
0004,LKUS_physical_order_create,longitude,44
0004,LKUS_physical_order_create,orderType,52
0004,LKUS_physical_order_create,taxAmount,52
0004,LKUS_physical_order_create,userAgent,52
0004,LKUS_physical_order_create,orderPrice,51
0004,LKUS_physical_order_create,realIpCity,52
0004,LKUS_physical_order_create,countryCode,52
0004,LKUS_physical_order_create,couponNames,36
0004,LKUS_physical_order_create,couponTypes,36
0004,LKUS_physical_order_create,fullPhoneNo,44
0004,LKUS_physical_order_create,shopAddress,52
0004,LKUS_physical_order_create,phoneCountry,44
0004,LKUS_physical_order_create,reviewRepeat,40
0004,LKUS_physical_order_create,shopCityName,52
0004,LKUS_physical_order_create,shopLatitude,52
0004,LKUS_physical_order_create,couponSources,36
0004,LKUS_physical_order_create,isTaxRequired,52
0004,LKUS_physical_order_create,orderSkuCodes,49
0004,LKUS_physical_order_create,orderSpuCodes,49
0004,LKUS_physical_order_create,productAmount,52
0004,LKUS_physical_order_create,realIpCountry,52
0004,LKUS_physical_order_create,shopLongitude,52
0004,LKUS_physical_order_create,realIpProvince,52
0004,LKUS_physical_order_create,recaptchaV3Token,40
0004,LKUS_physical_order_create,couponProposalNos,36
0004,LKUS_physical_order_create,couponTemplateIds,36
0004,LKUS_physical_order_create,recaptchaV3Action,40
0004,LKUS_physical_order_create,couponDenomination,36
0004,LKUS_physical_order_create,recaptchaV3Enabled,40
0004,LKUS_physical_order_create,couponDiscountTypes,36
0004,LKUS_physical_order_create,couponDiscountSubTypes,36
0004,LKUS_payment,app,42
0004,LKUS_payment,cid,54
0004,LKUS_payment,uid,54
0004,LKUS_payment,realIp,54
0004,LKUS_payment,shopId,54
0004,LKUS_payment,tenant,54
0004,LKUS_payment,userNo,54
0004,LKUS_payment,isGuest,54
0004,LKUS_payment,orderNo,54
0004,LKUS_payment,payType,54
0004,LKUS_payment,phoneNo,45
0004,LKUS_payment,version,54
0004,LKUS_payment,payMoney,54
0004,LKUS_payment,orderType,54
0004,LKUS_payment,taxAmount,54
0004,LKUS_payment,userAgent,54
0004,LKUS_payment,orderPrice,54
0004,LKUS_payment,realIpCity,54
0004,LKUS_payment,countryCode,45
0004,LKUS_payment,fullPhoneNo,45
0004,LKUS_payment,phoneCountry,45
0004,LKUS_payment,reviewRepeat,41
0004,LKUS_payment,isTaxRequired,54
0004,LKUS_payment,realIpCountry,54
0004,LKUS_payment,realIpProvince,54
0004,LKUS_payment,recaptchaV3Token,41
0004,LKUS_payment,recaptchaV3Action,41
0004,LKUS_payment,recaptchaV3Enabled,41
0004,LKUS_login,app,9
0004,LKUS_login,cid,13
0004,LKUS_login,uid,13
0004,LKUS_login,realIp,13
0004,LKUS_login,tenant,13
0004,LKUS_login,userNo,13
0004,LKUS_login,phoneNo,13
0004,LKUS_login,version,13
0004,LKUS_login,userAgent,13
0004,LKUS_login,realIpCity,13
0004,LKUS_login,countryCode,13
0004,LKUS_login,fullPhoneNo,13
0004,LKUS_login,phoneCountry,13
0004,LKUS_login,reviewRepeat,11
0004,LKUS_login,realIpCountry,13
0004,LKUS_login,realIpProvince,13
0004,LKUS_login,recaptchaV3Token,11
0004,LKUS_login,recaptchaV3Action,11
0004,LKUS_login,recaptchaV3Enabled,11
0004,LKUS_grant_new_user_coupon,app,6
0004,LKUS_grant_new_user_coupon,cid,6
0004,LKUS_grant_new_user_coupon,uid,6
0004,LKUS_grant_new_user_coupon,type,6
0004,LKUS_grant_new_user_coupon,extend,6
0004,LKUS_grant_new_user_coupon,origin,6
0004,LKUS_grant_new_user_coupon,realIp,6
0004,LKUS_grant_new_user_coupon,tenant,6
0004,LKUS_grant_new_user_coupon,userNo,6
0004,LKUS_grant_new_user_coupon,phoneNo,6
0004,LKUS_grant_new_user_coupon,readmes,6
0004,LKUS_grant_new_user_coupon,sceneId,6
0004,LKUS_grant_new_user_coupon,version,6
0004,LKUS_grant_new_user_coupon,discounts,6
0004,LKUS_grant_new_user_coupon,userAgent,6
0004,LKUS_grant_new_user_coupon,realIpCity,6
0004,LKUS_grant_new_user_coupon,countryCode,6
0004,LKUS_grant_new_user_coupon,couponNames,6
0004,LKUS_grant_new_user_coupon,couponTypes,6
0004,LKUS_grant_new_user_coupon,fullPhoneNo,6
0004,LKUS_grant_new_user_coupon,isBindPhone,6
0004,LKUS_grant_new_user_coupon,maskPhoneNo,6
0004,LKUS_grant_new_user_coupon,templateIds,6
0004,LKUS_grant_new_user_coupon,templateNos,6
0004,LKUS_grant_new_user_coupon,phoneCountry,6
0004,LKUS_grant_new_user_coupon,registerTime,6
0004,LKUS_grant_new_user_coupon,reviewRepeat,6
0004,LKUS_grant_new_user_coupon,realIpCountry,6
0004,LKUS_grant_new_user_coupon,discountLabels,6
0004,LKUS_grant_new_user_coupon,invitationCode,6
0004,LKUS_grant_new_user_coupon,realIpProvince,6
0004,LKUS_grant_new_user_coupon,recaptchaV3Token,6
0004,LKUS_grant_new_user_coupon,phoneNoEncryption,6
0004,LKUS_grant_new_user_coupon,recaptchaV3Action,6
0004,LKUS_grant_new_user_coupon,recaptchaV3Enabled,6
0004,LKUS_grant_new_user_coupon,couponDenominations,6
0004,LKUS_grant_new_user_coupon,couponDiscountTypes,6
0004,LKUS_grant_new_user_coupon,couponDiscountSubTypes,6
0004,LKUS_grant_new_user_coupon,couponDiscountTypeNames,6
0004,LKUS_physical_order_create,shumeiDevId,8
0004,LKUS_physical_order_create,shumengDevId,8
0004,LKUS_physical_order_create,tongdunBlackBox,8
0004,LKUS_physical_order_create,packageOrderSkuCodes,3
0004,LKUS_physical_order_create,packageOrderSpuCodes,3
0004,LKUS_push,userNo,1
0004,LKUS_register,app,3
0004,LKUS_register,cid,5
0004,LKUS_register,uid,5
0004,LKUS_register,realIp,5
0004,LKUS_register,tenant,5
0004,LKUS_register,phoneNo,5
0004,LKUS_register,version,5
0004,LKUS_register,userAgent,5
0004,LKUS_register,realIpCity,5
0004,LKUS_register,countryCode,5
0004,LKUS_register,fullPhoneNo,5
0004,LKUS_register,phoneCountry,5
0004,LKUS_register,reviewRepeat,5
0004,LKUS_register,realIpCountry,5
0004,LKUS_register,realIpProvince,5
0004,LKUS_register,recaptchaV3Token,5
0004,LKUS_register,recaptchaV3Action,5
0004,LKUS_register,recaptchaV3Enabled,5
0005,LKUS_push,app,22
0005,LKUS_push,cid,26
0005,LKUS_push,uid,26
0005,LKUS_push,realIp,26
0005,LKUS_push,tenant,26
0005,LKUS_push,phoneNo,26
0005,LKUS_push,version,26
0005,LKUS_push,userAgent,26
0005,LKUS_push,realIpCity,26
0005,LKUS_push,countryCode,26
0005,LKUS_push,fullPhoneNo,26
0005,LKUS_push,phoneCountry,26
0005,LKUS_push,reviewRepeat,22
0005,LKUS_push,realIpCountry,26
0005,LKUS_push,realIpProvince,26
0005,LKUS_push,recaptchaV3Token,22
0005,LKUS_push,recaptchaV3Action,22
0005,LKUS_push,recaptchaV3Enabled,22
0005,LKUS_grant_new_user_coupon,app,5
0005,LKUS_grant_new_user_coupon,cid,6
0005,LKUS_grant_new_user_coupon,uid,6
0005,LKUS_grant_new_user_coupon,type,6
0005,LKUS_grant_new_user_coupon,extend,6
0005,LKUS_grant_new_user_coupon,origin,6
0005,LKUS_grant_new_user_coupon,realIp,6
0005,LKUS_grant_new_user_coupon,tenant,6
0005,LKUS_grant_new_user_coupon,userNo,6
0005,LKUS_grant_new_user_coupon,phoneNo,6
0005,LKUS_grant_new_user_coupon,readmes,6
0005,LKUS_grant_new_user_coupon,sceneId,6
0005,LKUS_grant_new_user_coupon,version,6
0005,LKUS_grant_new_user_coupon,discounts,6
0005,LKUS_grant_new_user_coupon,userAgent,6
0005,LKUS_grant_new_user_coupon,realIpCity,6
0005,LKUS_grant_new_user_coupon,countryCode,6
0005,LKUS_grant_new_user_coupon,couponNames,6
0005,LKUS_grant_new_user_coupon,couponTypes,6
0005,LKUS_grant_new_user_coupon,fullPhoneNo,6
0005,LKUS_grant_new_user_coupon,isBindPhone,6
0005,LKUS_grant_new_user_coupon,maskPhoneNo,6
0005,LKUS_grant_new_user_coupon,templateIds,6
0005,LKUS_grant_new_user_coupon,templateNos,6
0005,LKUS_grant_new_user_coupon,phoneCountry,6
0005,LKUS_grant_new_user_coupon,registerTime,6
0005,LKUS_grant_new_user_coupon,reviewRepeat,6
0005,LKUS_grant_new_user_coupon,realIpCountry,6
0005,LKUS_grant_new_user_coupon,discountLabels,6
0005,LKUS_grant_new_user_coupon,invitationCode,6
0005,LKUS_grant_new_user_coupon,realIpProvince,6
0005,LKUS_grant_new_user_coupon,recaptchaV3Token,6
0005,LKUS_grant_new_user_coupon,phoneNoEncryption,6
0005,LKUS_grant_new_user_coupon,recaptchaV3Action,6
0005,LKUS_grant_new_user_coupon,recaptchaV3Enabled,6
0005,LKUS_grant_new_user_coupon,couponDenominations,6
0005,LKUS_grant_new_user_coupon,couponDiscountTypes,6
0005,LKUS_grant_new_user_coupon,couponDiscountSubTypes,6
0005,LKUS_grant_new_user_coupon,couponDiscountTypeNames,6
0005,LKUS_login,app,7
0005,LKUS_login,cid,8
0005,LKUS_login,uid,8
0005,LKUS_login,realIp,8
0005,LKUS_login,tenant,8
0005,LKUS_login,userNo,8
0005,LKUS_login,phoneNo,8
0005,LKUS_login,version,8
0005,LKUS_login,userAgent,8
0005,LKUS_login,realIpCity,8
0005,LKUS_login,countryCode,8
0005,LKUS_login,fullPhoneNo,8
0005,LKUS_login,phoneCountry,8
0005,LKUS_login,reviewRepeat,8
0005,LKUS_login,realIpCountry,8
0005,LKUS_login,realIpProvince,8
0005,LKUS_login,recaptchaV3Token,8
0005,LKUS_login,recaptchaV3Action,8
0005,LKUS_login,recaptchaV3Enabled,8
0005,LKUS_physical_order_create,app,27
0005,LKUS_physical_order_create,cid,41
0005,LKUS_physical_order_create,uid,41
0005,LKUS_physical_order_create,realIp,41
0005,LKUS_physical_order_create,shopId,41
0005,LKUS_physical_order_create,tenant,41
0005,LKUS_physical_order_create,userNo,41
0005,LKUS_physical_order_create,isGuest,41
0005,LKUS_physical_order_create,phoneNo,28
0005,LKUS_physical_order_create,version,41
0005,LKUS_physical_order_create,latitude,29
0005,LKUS_physical_order_create,couponNos,27
0005,LKUS_physical_order_create,longitude,29
0005,LKUS_physical_order_create,orderType,41
0005,LKUS_physical_order_create,taxAmount,41
0005,LKUS_physical_order_create,userAgent,41
0005,LKUS_physical_order_create,orderPrice,41
0005,LKUS_physical_order_create,realIpCity,41
0005,LKUS_physical_order_create,countryCode,41
0005,LKUS_physical_order_create,couponNames,27
0005,LKUS_physical_order_create,couponTypes,27
0005,LKUS_physical_order_create,fullPhoneNo,28
0005,LKUS_physical_order_create,shopAddress,41
0005,LKUS_physical_order_create,phoneCountry,28
0005,LKUS_physical_order_create,reviewRepeat,27
0005,LKUS_physical_order_create,shopCityName,41
0005,LKUS_physical_order_create,shopLatitude,41
0005,LKUS_physical_order_create,couponSources,27
0005,LKUS_physical_order_create,isTaxRequired,41
0005,LKUS_physical_order_create,orderSkuCodes,41
0005,LKUS_physical_order_create,orderSpuCodes,41
0005,LKUS_physical_order_create,productAmount,41
0005,LKUS_physical_order_create,realIpCountry,41
0005,LKUS_physical_order_create,shopLongitude,41
0005,LKUS_physical_order_create,realIpProvince,41
0005,LKUS_physical_order_create,recaptchaV3Token,27
0005,LKUS_physical_order_create,couponProposalNos,27
0005,LKUS_physical_order_create,couponTemplateIds,27
0005,LKUS_physical_order_create,recaptchaV3Action,27
0005,LKUS_physical_order_create,couponDenomination,27
0005,LKUS_physical_order_create,recaptchaV3Enabled,27
0005,LKUS_physical_order_create,couponDiscountTypes,27
0005,LKUS_physical_order_create,couponDiscountSubTypes,27
0005,LKUS_physical_order_cancel,app,1
0005,LKUS_physical_order_cancel,cid,1
0005,LKUS_physical_order_cancel,uid,1
0005,LKUS_physical_order_cancel,realIp,1
0005,LKUS_physical_order_cancel,shopId,1
0005,LKUS_physical_order_cancel,tenant,1
0005,LKUS_physical_order_cancel,userNo,1
0005,LKUS_physical_order_cancel,isGuest,1
0005,LKUS_physical_order_cancel,orderNo,1
0005,LKUS_physical_order_cancel,phoneNo,1
0005,LKUS_physical_order_cancel,version,1
0005,LKUS_physical_order_cancel,shopCity,1
0005,LKUS_physical_order_cancel,userAgent,1
0005,LKUS_physical_order_cancel,realIpCity,1
0005,LKUS_physical_order_cancel,countryCode,1
0005,LKUS_physical_order_cancel,fullPhoneNo,1
0005,LKUS_physical_order_cancel,totalOfMade,1
0005,LKUS_physical_order_cancel,phoneCountry,1
0005,LKUS_physical_order_cancel,reviewRepeat,1
0005,LKUS_physical_order_cancel,realIpCountry,1
0005,LKUS_physical_order_cancel,realIpProvince,1
0005,LKUS_physical_order_cancel,recaptchaV3Token,1
0005,LKUS_physical_order_cancel,recaptchaV3Action,1
0005,LKUS_physical_order_cancel,recaptchaV3Enabled,1
0005,LKUS_physical_order_cancel,cancelTypeEnumIndex,1
0005,LKUS_payment,app,24
0005,LKUS_payment,cid,41
0005,LKUS_payment,uid,41
0005,LKUS_payment,realIp,41
0005,LKUS_payment,shopId,41
0005,LKUS_payment,tenant,41
0005,LKUS_payment,userNo,41
0005,LKUS_payment,isGuest,41
0005,LKUS_payment,orderNo,41
0005,LKUS_payment,payType,41
0005,LKUS_payment,phoneNo,25
0005,LKUS_payment,version,41
0005,LKUS_payment,payMoney,41
0005,LKUS_payment,orderType,41
0005,LKUS_payment,taxAmount,41
0005,LKUS_payment,userAgent,41
0005,LKUS_payment,orderPrice,41
0005,LKUS_payment,realIpCity,41
0005,LKUS_payment,countryCode,25
0005,LKUS_payment,fullPhoneNo,25
0005,LKUS_payment,phoneCountry,25
0005,LKUS_payment,reviewRepeat,24
0005,LKUS_payment,isTaxRequired,41
0005,LKUS_payment,realIpCountry,41
0005,LKUS_payment,realIpProvince,41
0005,LKUS_payment,recaptchaV3Token,24
0005,LKUS_payment,recaptchaV3Action,24
0005,LKUS_payment,recaptchaV3Enabled,24
0005,LKUS_physical_order_create,shumeiDevId,12
0005,LKUS_physical_order_create,shumengDevId,12
0005,LKUS_physical_order_create,tongdunBlackBox,12
0005,LKUS_register,app,6
0005,LKUS_register,cid,6
0005,LKUS_register,uid,6
0005,LKUS_register,realIp,6
0005,LKUS_register,tenant,6
0005,LKUS_register,phoneNo,6
0005,LKUS_register,version,6
0005,LKUS_register,userAgent,6
0005,LKUS_register,realIpCity,6
0005,LKUS_register,countryCode,6
0005,LKUS_register,fullPhoneNo,6
0005,LKUS_register,phoneCountry,6
0005,LKUS_register,reviewRepeat,6
0005,LKUS_register,realIpCountry,6
0005,LKUS_register,realIpProvince,6
0005,LKUS_register,recaptchaV3Token,6
0005,LKUS_register,recaptchaV3Action,6
0005,LKUS_register,recaptchaV3Enabled,6
0005,LKUS_grant_new_user_coupon,inviterCode,1
0005,LKUS_grant_new_user_coupon,inviterType,1
0005,LKUS_grant_new_user_coupon,inviterPhone,1
0005,LKUS_grant_new_user_coupon,inviterUserNo,1
0005,LKUS_grant_new_user_coupon,marketingCode,1
0005,LKUS_grant_new_user_coupon,invitationActivityNo,1
0006,LKUS_push,app,74
0006,LKUS_push,cid,82
0006,LKUS_push,uid,82
0006,LKUS_push,realIp,82
0006,LKUS_push,tenant,82
0006,LKUS_push,phoneNo,82
0006,LKUS_push,version,82
0006,LKUS_push,userAgent,82
0006,LKUS_push,realIpCity,82
0006,LKUS_push,countryCode,82
0006,LKUS_push,fullPhoneNo,82
0006,LKUS_push,phoneCountry,82
0006,LKUS_push,reviewRepeat,77
0006,LKUS_push,realIpCountry,82
0006,LKUS_push,realIpProvince,82
0006,LKUS_push,recaptchaV3Token,77
0006,LKUS_push,recaptchaV3Action,77
0006,LKUS_push,recaptchaV3Enabled,77
0006,LKUS_login,app,13
0006,LKUS_login,cid,15
0006,LKUS_login,uid,15
0006,LKUS_login,realIp,15
0006,LKUS_login,tenant,15
0006,LKUS_login,userNo,15
0006,LKUS_login,phoneNo,15
0006,LKUS_login,version,15
0006,LKUS_login,userAgent,15
0006,LKUS_login,realIpCity,15
0006,LKUS_login,countryCode,15
0006,LKUS_login,fullPhoneNo,15
0006,LKUS_login,phoneCountry,15
0006,LKUS_login,reviewRepeat,14
0006,LKUS_login,realIpCountry,15
0006,LKUS_login,realIpProvince,15
0006,LKUS_login,recaptchaV3Token,14
0006,LKUS_login,recaptchaV3Action,14
0006,LKUS_login,recaptchaV3Enabled,14
0006,LKUS_grant_new_user_coupon,app,7
0006,LKUS_grant_new_user_coupon,cid,9
0006,LKUS_grant_new_user_coupon,uid,9
0006,LKUS_grant_new_user_coupon,type,9
0006,LKUS_grant_new_user_coupon,extend,9
0006,LKUS_grant_new_user_coupon,origin,9
0006,LKUS_grant_new_user_coupon,realIp,9
0006,LKUS_grant_new_user_coupon,tenant,9
0006,LKUS_grant_new_user_coupon,userNo,9
0006,LKUS_grant_new_user_coupon,phoneNo,9
0006,LKUS_grant_new_user_coupon,readmes,9
0006,LKUS_grant_new_user_coupon,sceneId,9
0006,LKUS_grant_new_user_coupon,version,9
0006,LKUS_grant_new_user_coupon,discounts,9
0006,LKUS_grant_new_user_coupon,userAgent,9
0006,LKUS_grant_new_user_coupon,realIpCity,9
0006,LKUS_grant_new_user_coupon,countryCode,9
0006,LKUS_grant_new_user_coupon,couponNames,9
0006,LKUS_grant_new_user_coupon,couponTypes,9
0006,LKUS_grant_new_user_coupon,fullPhoneNo,9
0006,LKUS_grant_new_user_coupon,isBindPhone,9
0006,LKUS_grant_new_user_coupon,maskPhoneNo,9
0006,LKUS_grant_new_user_coupon,templateIds,9
0006,LKUS_grant_new_user_coupon,templateNos,9
0006,LKUS_grant_new_user_coupon,phoneCountry,9
0006,LKUS_grant_new_user_coupon,registerTime,9
0006,LKUS_grant_new_user_coupon,reviewRepeat,9
0006,LKUS_grant_new_user_coupon,realIpCountry,9
0006,LKUS_grant_new_user_coupon,discountLabels,9
0006,LKUS_grant_new_user_coupon,invitationCode,9
0006,LKUS_grant_new_user_coupon,realIpProvince,9
0006,LKUS_grant_new_user_coupon,recaptchaV3Token,9
0006,LKUS_grant_new_user_coupon,phoneNoEncryption,9
0006,LKUS_grant_new_user_coupon,recaptchaV3Action,9
0006,LKUS_grant_new_user_coupon,recaptchaV3Enabled,9
0006,LKUS_grant_new_user_coupon,couponDenominations,9
0006,LKUS_grant_new_user_coupon,couponDiscountTypes,9
0006,LKUS_grant_new_user_coupon,couponDiscountSubTypes,9
0006,LKUS_grant_new_user_coupon,couponDiscountTypeNames,9
0006,LKUS_register,app,6
0006,LKUS_register,cid,8
0006,LKUS_register,uid,8
0006,LKUS_register,realIp,8
0006,LKUS_register,tenant,8
0006,LKUS_register,phoneNo,8
0006,LKUS_register,version,8
0006,LKUS_register,userAgent,8
0006,LKUS_register,realIpCity,8
0006,LKUS_register,countryCode,8
0006,LKUS_register,fullPhoneNo,8
0006,LKUS_register,phoneCountry,8
0006,LKUS_register,reviewRepeat,8
0006,LKUS_register,realIpCountry,8
0006,LKUS_register,realIpProvince,8
0006,LKUS_register,recaptchaV3Token,8
0006,LKUS_register,recaptchaV3Action,8
0006,LKUS_register,recaptchaV3Enabled,8
0006,LKUS_physical_order_create,app,26
0006,LKUS_physical_order_create,cid,36
0006,LKUS_physical_order_create,uid,36
0006,LKUS_physical_order_create,realIp,36
0006,LKUS_physical_order_create,shopId,36
0006,LKUS_physical_order_create,tenant,36
0006,LKUS_physical_order_create,userNo,36
0006,LKUS_physical_order_create,isGuest,36
0006,LKUS_physical_order_create,phoneNo,27
0006,LKUS_physical_order_create,version,36
0006,LKUS_physical_order_create,latitude,27
0006,LKUS_physical_order_create,longitude,27
0006,LKUS_physical_order_create,orderType,36
0006,LKUS_physical_order_create,taxAmount,36
0006,LKUS_physical_order_create,userAgent,36
0006,LKUS_physical_order_create,orderPrice,36
0006,LKUS_physical_order_create,realIpCity,36
0006,LKUS_physical_order_create,countryCode,36
0006,LKUS_physical_order_create,fullPhoneNo,27
0006,LKUS_physical_order_create,shopAddress,36
0006,LKUS_physical_order_create,phoneCountry,27
0006,LKUS_physical_order_create,shopCityName,36
0006,LKUS_physical_order_create,shopLatitude,36
0006,LKUS_physical_order_create,isTaxRequired,36
0006,LKUS_physical_order_create,orderSkuCodes,35
0006,LKUS_physical_order_create,orderSpuCodes,35
0006,LKUS_physical_order_create,productAmount,36
0006,LKUS_physical_order_create,realIpCountry,36
0006,LKUS_physical_order_create,shopLongitude,36
0006,LKUS_physical_order_create,realIpProvince,36
0006,LKUS_payment,app,26
0006,LKUS_payment,cid,36
0006,LKUS_payment,uid,36
0006,LKUS_payment,realIp,36
0006,LKUS_payment,shopId,36
0006,LKUS_payment,tenant,36
0006,LKUS_payment,userNo,36
0006,LKUS_payment,isGuest,36
0006,LKUS_payment,orderNo,36
0006,LKUS_payment,payType,36
0006,LKUS_payment,phoneNo,27
0006,LKUS_payment,version,36
0006,LKUS_payment,payMoney,36
0006,LKUS_payment,orderType,36
0006,LKUS_payment,taxAmount,36
0006,LKUS_payment,userAgent,36
0006,LKUS_payment,orderPrice,36
0006,LKUS_payment,realIpCity,36
0006,LKUS_payment,countryCode,27
0006,LKUS_payment,fullPhoneNo,27
0006,LKUS_payment,phoneCountry,27
0006,LKUS_payment,isTaxRequired,36
0006,LKUS_payment,realIpCountry,36
0006,LKUS_payment,realIpProvince,36
0006,LKUS_physical_order_create,couponNos,25
0006,LKUS_physical_order_create,couponNames,25
0006,LKUS_physical_order_create,couponTypes,25
0006,LKUS_physical_order_create,reviewRepeat,23
0006,LKUS_physical_order_create,couponSources,25
0006,LKUS_physical_order_create,recaptchaV3Token,23
0006,LKUS_physical_order_create,couponProposalNos,25
0006,LKUS_physical_order_create,couponTemplateIds,25
0006,LKUS_physical_order_create,recaptchaV3Action,23
0006,LKUS_physical_order_create,couponDenomination,25
0006,LKUS_physical_order_create,recaptchaV3Enabled,23
0006,LKUS_physical_order_create,couponDiscountTypes,25
0006,LKUS_physical_order_create,couponDiscountSubTypes,25
0006,LKUS_payment,reviewRepeat,23
0006,LKUS_payment,recaptchaV3Token,23
0006,LKUS_payment,recaptchaV3Action,23
0006,LKUS_payment,recaptchaV3Enabled,23
0006,LKUS_physical_order_create,packageOrderSkuCodes,1
0006,LKUS_physical_order_create,packageOrderSpuCodes,1
0006,LKUS_physical_order_create,shumeiDevId,9
0006,LKUS_physical_order_create,shumengDevId,9
0006,LKUS_physical_order_create,tongdunBlackBox,9
0006,LKUS_grant_new_user_coupon,inviterCode,1
0006,LKUS_grant_new_user_coupon,inviterType,1
0006,LKUS_grant_new_user_coupon,inviterPhone,1
0006,LKUS_grant_new_user_coupon,inviterUserNo,1
0006,LKUS_grant_new_user_coupon,marketingCode,1
0006,LKUS_grant_new_user_coupon,invitationActivityNo,1
0006,LKUS_push,userNo,1
0006,LKUS_payment,packagingBagPrice,2
0006,LKUS_payment,packagingBagNumber,2
0007,LKUS_push,app,54
0007,LKUS_push,cid,57
0007,LKUS_push,uid,57
0007,LKUS_push,realIp,57
0007,LKUS_push,tenant,57
0007,LKUS_push,phoneNo,57
0007,LKUS_push,version,57
0007,LKUS_push,userAgent,57
0007,LKUS_push,realIpCity,57
0007,LKUS_push,countryCode,57
0007,LKUS_push,fullPhoneNo,57
0007,LKUS_push,phoneCountry,57
0007,LKUS_push,reviewRepeat,52
0007,LKUS_push,realIpCountry,57
0007,LKUS_push,realIpProvince,57
0007,LKUS_push,recaptchaV3Token,52
0007,LKUS_push,recaptchaV3Action,52
0007,LKUS_push,recaptchaV3Enabled,52
0007,LKUS_login,app,11
0007,LKUS_login,cid,14
0007,LKUS_login,uid,14
0007,LKUS_login,realIp,14
0007,LKUS_login,tenant,14
0007,LKUS_login,userNo,14
0007,LKUS_login,phoneNo,14
0007,LKUS_login,version,14
0007,LKUS_login,userAgent,14
0007,LKUS_login,realIpCity,14
0007,LKUS_login,countryCode,14
0007,LKUS_login,fullPhoneNo,14
0007,LKUS_login,phoneCountry,14
0007,LKUS_login,reviewRepeat,12
0007,LKUS_login,realIpCountry,14
0007,LKUS_login,realIpProvince,14
0007,LKUS_login,recaptchaV3Token,12
0007,LKUS_login,recaptchaV3Action,12
0007,LKUS_login,recaptchaV3Enabled,12
0007,LKUS_physical_order_create,app,37
0007,LKUS_physical_order_create,cid,47
0007,LKUS_physical_order_create,uid,47
0007,LKUS_physical_order_create,realIp,47
0007,LKUS_physical_order_create,shopId,47
0007,LKUS_physical_order_create,tenant,47
0007,LKUS_physical_order_create,userNo,47
0007,LKUS_physical_order_create,isGuest,47
0007,LKUS_physical_order_create,phoneNo,38
0007,LKUS_physical_order_create,version,47
0007,LKUS_physical_order_create,latitude,38
0007,LKUS_physical_order_create,couponNos,36
0007,LKUS_physical_order_create,longitude,38
0007,LKUS_physical_order_create,orderType,47
0007,LKUS_physical_order_create,taxAmount,47
0007,LKUS_physical_order_create,userAgent,47
0007,LKUS_physical_order_create,orderPrice,47
0007,LKUS_physical_order_create,realIpCity,47
0007,LKUS_physical_order_create,countryCode,47
0007,LKUS_physical_order_create,couponNames,36
0007,LKUS_physical_order_create,couponTypes,36
0007,LKUS_physical_order_create,fullPhoneNo,38
0007,LKUS_physical_order_create,shopAddress,47
0007,LKUS_physical_order_create,phoneCountry,38
0007,LKUS_physical_order_create,reviewRepeat,37
0007,LKUS_physical_order_create,shopCityName,47
0007,LKUS_physical_order_create,shopLatitude,47
0007,LKUS_physical_order_create,couponSources,36
0007,LKUS_physical_order_create,isTaxRequired,47
0007,LKUS_physical_order_create,orderSkuCodes,47
0007,LKUS_physical_order_create,orderSpuCodes,47
0007,LKUS_physical_order_create,productAmount,47
0007,LKUS_physical_order_create,realIpCountry,47
0007,LKUS_physical_order_create,shopLongitude,47
0007,LKUS_physical_order_create,realIpProvince,47
0007,LKUS_physical_order_create,recaptchaV3Token,37
0007,LKUS_physical_order_create,couponProposalNos,36
0007,LKUS_physical_order_create,couponTemplateIds,36
0007,LKUS_physical_order_create,recaptchaV3Action,37
0007,LKUS_physical_order_create,couponDenomination,36
0007,LKUS_physical_order_create,recaptchaV3Enabled,37
0007,LKUS_physical_order_create,couponDiscountTypes,36
0007,LKUS_physical_order_create,couponDiscountSubTypes,36
0007,LKUS_payment,app,37
0007,LKUS_payment,cid,47
0007,LKUS_payment,uid,47
0007,LKUS_payment,realIp,47
0007,LKUS_payment,shopId,47
0007,LKUS_payment,tenant,47
0007,LKUS_payment,userNo,47
0007,LKUS_payment,isGuest,47
0007,LKUS_payment,orderNo,47
0007,LKUS_payment,payType,47
0007,LKUS_payment,phoneNo,38
0007,LKUS_payment,version,47
0007,LKUS_payment,payMoney,47
0007,LKUS_payment,orderType,47
0007,LKUS_payment,taxAmount,47
0007,LKUS_payment,userAgent,47
0007,LKUS_payment,orderPrice,47
0007,LKUS_payment,realIpCity,47
0007,LKUS_payment,countryCode,38
0007,LKUS_payment,fullPhoneNo,38
0007,LKUS_payment,phoneCountry,38
0007,LKUS_payment,reviewRepeat,37
0007,LKUS_payment,isTaxRequired,47
0007,LKUS_payment,realIpCountry,47
0007,LKUS_payment,realIpProvince,47
0007,LKUS_payment,recaptchaV3Token,37
0007,LKUS_payment,recaptchaV3Action,37
0007,LKUS_payment,recaptchaV3Enabled,37
0007,LKUS_physical_order_create,shumeiDevId,9
0007,LKUS_physical_order_create,shumengDevId,9
0007,LKUS_physical_order_create,tongdunBlackBox,9
0007,LKUS_register,cid,3
0007,LKUS_register,uid,3
0007,LKUS_register,realIp,3
0007,LKUS_register,tenant,3
0007,LKUS_register,phoneNo,3
0007,LKUS_register,version,3
0007,LKUS_register,userAgent,3
0007,LKUS_register,realIpCity,3
0007,LKUS_register,countryCode,3
0007,LKUS_register,fullPhoneNo,3
0007,LKUS_register,phoneCountry,3
0007,LKUS_register,reviewRepeat,3
0007,LKUS_register,realIpCountry,3
0007,LKUS_register,realIpProvince,3
0007,LKUS_register,recaptchaV3Token,3
0007,LKUS_register,recaptchaV3Action,3
0007,LKUS_register,recaptchaV3Enabled,3
0007,LKUS_grant_new_user_coupon,cid,6
0007,LKUS_grant_new_user_coupon,uid,6
0007,LKUS_grant_new_user_coupon,type,6
0007,LKUS_grant_new_user_coupon,extend,6
0007,LKUS_grant_new_user_coupon,origin,6
0007,LKUS_grant_new_user_coupon,realIp,6
0007,LKUS_grant_new_user_coupon,tenant,6
0007,LKUS_grant_new_user_coupon,userNo,6
0007,LKUS_grant_new_user_coupon,phoneNo,6
0007,LKUS_grant_new_user_coupon,readmes,6
0007,LKUS_grant_new_user_coupon,sceneId,6
0007,LKUS_grant_new_user_coupon,version,6
0007,LKUS_grant_new_user_coupon,discounts,6
0007,LKUS_grant_new_user_coupon,userAgent,6
0007,LKUS_grant_new_user_coupon,realIpCity,6
0007,LKUS_grant_new_user_coupon,countryCode,6
0007,LKUS_grant_new_user_coupon,couponNames,6
0007,LKUS_grant_new_user_coupon,couponTypes,6
0007,LKUS_grant_new_user_coupon,fullPhoneNo,6
0007,LKUS_grant_new_user_coupon,isBindPhone,6
0007,LKUS_grant_new_user_coupon,maskPhoneNo,6
0007,LKUS_grant_new_user_coupon,templateIds,6
0007,LKUS_grant_new_user_coupon,templateNos,6
0007,LKUS_grant_new_user_coupon,phoneCountry,6
0007,LKUS_grant_new_user_coupon,registerTime,6
0007,LKUS_grant_new_user_coupon,reviewRepeat,6
0007,LKUS_grant_new_user_coupon,realIpCountry,6
0007,LKUS_grant_new_user_coupon,discountLabels,6
0007,LKUS_grant_new_user_coupon,invitationCode,6
0007,LKUS_grant_new_user_coupon,realIpProvince,6
0007,LKUS_grant_new_user_coupon,recaptchaV3Token,6
0007,LKUS_grant_new_user_coupon,phoneNoEncryption,6
0007,LKUS_grant_new_user_coupon,recaptchaV3Action,6
0007,LKUS_grant_new_user_coupon,recaptchaV3Enabled,6
0007,LKUS_grant_new_user_coupon,couponDenominations,6
0007,LKUS_grant_new_user_coupon,couponDiscountTypes,6
0007,LKUS_grant_new_user_coupon,couponDiscountSubTypes,6
0007,LKUS_grant_new_user_coupon,couponDiscountTypeNames,6
0007,LKUS_payment,packagingBagPrice,1
0007,LKUS_payment,packagingBagNumber,1
0007,LKUS_register,app,2
0007,LKUS_grant_new_user_coupon,app,5
0008,LKUS_push,app,28
0008,LKUS_push,cid,32
0008,LKUS_push,uid,32
0008,LKUS_push,realIp,32
0008,LKUS_push,tenant,32
0008,LKUS_push,phoneNo,32
0008,LKUS_push,version,32
0008,LKUS_push,userAgent,32
0008,LKUS_push,realIpCity,32
0008,LKUS_push,countryCode,32
0008,LKUS_push,fullPhoneNo,32
0008,LKUS_push,phoneCountry,32
0008,LKUS_push,reviewRepeat,28
0008,LKUS_push,realIpCountry,32
0008,LKUS_push,realIpProvince,32
0008,LKUS_push,recaptchaV3Token,28
0008,LKUS_push,recaptchaV3Action,28
0008,LKUS_push,recaptchaV3Enabled,28
0008,LKUS_register,app,6
0008,LKUS_register,cid,7
0008,LKUS_register,uid,7
0008,LKUS_register,realIp,7
0008,LKUS_register,tenant,7
0008,LKUS_register,phoneNo,7
0008,LKUS_register,version,7
0008,LKUS_register,userAgent,7
0008,LKUS_register,realIpCity,7
0008,LKUS_register,countryCode,7
0008,LKUS_register,fullPhoneNo,7
0008,LKUS_register,phoneCountry,7
0008,LKUS_register,reviewRepeat,6
0008,LKUS_register,realIpCountry,7
0008,LKUS_register,realIpProvince,7
0008,LKUS_register,recaptchaV3Token,6
0008,LKUS_register,recaptchaV3Action,6
0008,LKUS_register,recaptchaV3Enabled,6
0008,LKUS_physical_order_create,cid,46
0008,LKUS_physical_order_create,uid,46
0008,LKUS_physical_order_create,realIp,46
0008,LKUS_physical_order_create,shopId,46
0008,LKUS_physical_order_create,tenant,46
0008,LKUS_physical_order_create,userNo,46
0008,LKUS_physical_order_create,isGuest,46
0008,LKUS_physical_order_create,phoneNo,35
0008,LKUS_physical_order_create,version,46
0008,LKUS_physical_order_create,latitude,34
0008,LKUS_physical_order_create,couponNos,32
0008,LKUS_physical_order_create,longitude,34
0008,LKUS_physical_order_create,orderType,46
0008,LKUS_physical_order_create,taxAmount,46
0008,LKUS_physical_order_create,userAgent,46
0008,LKUS_physical_order_create,orderPrice,45
0008,LKUS_physical_order_create,realIpCity,46
0008,LKUS_physical_order_create,countryCode,46
0008,LKUS_physical_order_create,couponNames,32
0008,LKUS_physical_order_create,couponTypes,32
0008,LKUS_physical_order_create,fullPhoneNo,35
0008,LKUS_physical_order_create,shopAddress,46
0008,LKUS_physical_order_create,phoneCountry,35
0008,LKUS_physical_order_create,shopCityName,46
0008,LKUS_physical_order_create,shopLatitude,46
0008,LKUS_physical_order_create,couponSources,32
0008,LKUS_physical_order_create,isTaxRequired,46
0008,LKUS_physical_order_create,orderSkuCodes,46
0008,LKUS_physical_order_create,orderSpuCodes,46
0008,LKUS_physical_order_create,productAmount,46
0008,LKUS_physical_order_create,realIpCountry,46
0008,LKUS_physical_order_create,shopLongitude,46
0008,LKUS_physical_order_create,realIpProvince,46
0008,LKUS_physical_order_create,couponProposalNos,32
0008,LKUS_physical_order_create,couponTemplateIds,32
0008,LKUS_physical_order_create,couponDenomination,32
0008,LKUS_physical_order_create,couponDiscountTypes,32
0008,LKUS_physical_order_create,couponDiscountSubTypes,32
0008,LKUS_payment,cid,45
0008,LKUS_payment,uid,45
0008,LKUS_payment,realIp,45
0008,LKUS_payment,shopId,45
0008,LKUS_payment,tenant,45
0008,LKUS_payment,userNo,45
0008,LKUS_payment,isGuest,45
0008,LKUS_payment,orderNo,45
0008,LKUS_payment,payType,45
0008,LKUS_payment,phoneNo,34
0008,LKUS_payment,version,45
0008,LKUS_payment,payMoney,45
0008,LKUS_payment,orderType,45
0008,LKUS_payment,taxAmount,45
0008,LKUS_payment,userAgent,45
0008,LKUS_payment,orderPrice,45
0008,LKUS_payment,realIpCity,45
0008,LKUS_payment,countryCode,34
0008,LKUS_payment,fullPhoneNo,34
0008,LKUS_payment,phoneCountry,34
0008,LKUS_payment,isTaxRequired,45
0008,LKUS_payment,realIpCountry,45
0008,LKUS_payment,realIpProvince,45
0008,LKUS_physical_order_create,app,30
0008,LKUS_physical_order_create,reviewRepeat,32
0008,LKUS_physical_order_create,recaptchaV3Token,32
0008,LKUS_physical_order_create,recaptchaV3Action,32
0008,LKUS_physical_order_create,recaptchaV3Enabled,32
0008,LKUS_payment,app,29
0008,LKUS_payment,reviewRepeat,31
0008,LKUS_payment,recaptchaV3Token,31
0008,LKUS_payment,recaptchaV3Action,31
0008,LKUS_payment,recaptchaV3Enabled,31
0008,LKUS_physical_order_create,shumeiDevId,12
0008,LKUS_physical_order_create,shumengDevId,12
0008,LKUS_physical_order_create,tongdunBlackBox,12
0008,LKUS_login,app,7
0008,LKUS_login,cid,13
0008,LKUS_login,uid,13
0008,LKUS_login,realIp,13
0008,LKUS_login,tenant,13
0008,LKUS_login,userNo,13
0008,LKUS_login,phoneNo,13
0008,LKUS_login,version,13
0008,LKUS_login,userAgent,13
0008,LKUS_login,realIpCity,13
0008,LKUS_login,countryCode,13
0008,LKUS_login,fullPhoneNo,13
0008,LKUS_login,phoneCountry,13
0008,LKUS_login,reviewRepeat,12
0008,LKUS_login,realIpCountry,13
0008,LKUS_login,realIpProvince,13
0008,LKUS_login,recaptchaV3Token,12
0008,LKUS_login,recaptchaV3Action,12
0008,LKUS_login,recaptchaV3Enabled,12
0008,LKUS_grant_new_user_coupon,cid,6
0008,LKUS_grant_new_user_coupon,uid,6
0008,LKUS_grant_new_user_coupon,type,6
0008,LKUS_grant_new_user_coupon,extend,6
0008,LKUS_grant_new_user_coupon,origin,6
0008,LKUS_grant_new_user_coupon,realIp,6
0008,LKUS_grant_new_user_coupon,tenant,6
0008,LKUS_grant_new_user_coupon,userNo,6
0008,LKUS_grant_new_user_coupon,phoneNo,6
0008,LKUS_grant_new_user_coupon,readmes,6
0008,LKUS_grant_new_user_coupon,sceneId,6
0008,LKUS_grant_new_user_coupon,version,6
0008,LKUS_grant_new_user_coupon,discounts,6
0008,LKUS_grant_new_user_coupon,userAgent,6
0008,LKUS_grant_new_user_coupon,realIpCity,6
0008,LKUS_grant_new_user_coupon,countryCode,6
0008,LKUS_grant_new_user_coupon,couponNames,6
0008,LKUS_grant_new_user_coupon,couponTypes,6
0008,LKUS_grant_new_user_coupon,fullPhoneNo,6
0008,LKUS_grant_new_user_coupon,isBindPhone,6
0008,LKUS_grant_new_user_coupon,maskPhoneNo,6
0008,LKUS_grant_new_user_coupon,templateIds,6
0008,LKUS_grant_new_user_coupon,templateNos,6
0008,LKUS_grant_new_user_coupon,phoneCountry,6
0008,LKUS_grant_new_user_coupon,registerTime,6
0008,LKUS_grant_new_user_coupon,reviewRepeat,6
0008,LKUS_grant_new_user_coupon,realIpCountry,6
0008,LKUS_grant_new_user_coupon,discountLabels,6
0008,LKUS_grant_new_user_coupon,invitationCode,6
0008,LKUS_grant_new_user_coupon,realIpProvince,6
0008,LKUS_grant_new_user_coupon,recaptchaV3Token,6
0008,LKUS_grant_new_user_coupon,phoneNoEncryption,6
0008,LKUS_grant_new_user_coupon,recaptchaV3Action,6
0008,LKUS_grant_new_user_coupon,recaptchaV3Enabled,6
0008,LKUS_grant_new_user_coupon,couponDenominations,6
0008,LKUS_grant_new_user_coupon,couponDiscountTypes,6
0008,LKUS_grant_new_user_coupon,couponDiscountSubTypes,6
0008,LKUS_grant_new_user_coupon,couponDiscountTypeNames,6
0008,LKUS_push,userNo,3
0008,LKUS_grant_new_user_coupon,app,4
0008,LKUS_payment,packagingBagPrice,1
0008,LKUS_payment,packagingBagNumber,1
0008,LKUS_grant_new_user_coupon,inviterCode,1
0008,LKUS_grant_new_user_coupon,inviterType,1
0008,LKUS_grant_new_user_coupon,inviterPhone,1
0008,LKUS_grant_new_user_coupon,inviterUserNo,1
0008,LKUS_grant_new_user_coupon,marketingCode,1
0008,LKUS_grant_new_user_coupon,invitationActivityNo,1
0009,LKUS_push,app,42
0009,LKUS_push,cid,58
0009,LKUS_push,uid,58
0009,LKUS_push,realIp,58
0009,LKUS_push,tenant,58
0009,LKUS_push,phoneNo,58
0009,LKUS_push,version,58
0009,LKUS_push,userAgent,58
0009,LKUS_push,realIpCity,58
0009,LKUS_push,countryCode,58
0009,LKUS_push,fullPhoneNo,58
0009,LKUS_push,phoneCountry,58
0009,LKUS_push,reviewRepeat,58
0009,LKUS_push,realIpCountry,58
0009,LKUS_push,realIpProvince,58
0009,LKUS_push,recaptchaV3Token,57
0009,LKUS_push,recaptchaV3Action,57
0009,LKUS_push,recaptchaV3Enabled,58
0009,LKUS_login,app,10
0009,LKUS_login,cid,15
0009,LKUS_login,uid,15
0009,LKUS_login,realIp,15
0009,LKUS_login,tenant,15
0009,LKUS_login,userNo,15
0009,LKUS_login,phoneNo,15
0009,LKUS_login,version,15
0009,LKUS_login,userAgent,15
0009,LKUS_login,realIpCity,15
0009,LKUS_login,countryCode,15
0009,LKUS_login,fullPhoneNo,15
0009,LKUS_login,phoneCountry,15
0009,LKUS_login,reviewRepeat,14
0009,LKUS_login,realIpCountry,15
0009,LKUS_login,realIpProvince,15
0009,LKUS_login,recaptchaV3Token,14
0009,LKUS_login,recaptchaV3Action,14
0009,LKUS_login,recaptchaV3Enabled,14
0009,LKUS_grant_new_user_coupon,app,6
0009,LKUS_grant_new_user_coupon,cid,10
0009,LKUS_grant_new_user_coupon,uid,10
0009,LKUS_grant_new_user_coupon,type,10
0009,LKUS_grant_new_user_coupon,extend,10
0009,LKUS_grant_new_user_coupon,origin,10
0009,LKUS_grant_new_user_coupon,realIp,10
0009,LKUS_grant_new_user_coupon,tenant,10
0009,LKUS_grant_new_user_coupon,userNo,10
0009,LKUS_grant_new_user_coupon,phoneNo,10
0009,LKUS_grant_new_user_coupon,readmes,10
0009,LKUS_grant_new_user_coupon,sceneId,10
0009,LKUS_grant_new_user_coupon,version,10
0009,LKUS_grant_new_user_coupon,discounts,10
0009,LKUS_grant_new_user_coupon,userAgent,10
0009,LKUS_grant_new_user_coupon,realIpCity,10
0009,LKUS_grant_new_user_coupon,countryCode,10
0009,LKUS_grant_new_user_coupon,couponNames,10
0009,LKUS_grant_new_user_coupon,couponTypes,10
0009,LKUS_grant_new_user_coupon,fullPhoneNo,10
0009,LKUS_grant_new_user_coupon,isBindPhone,10
0009,LKUS_grant_new_user_coupon,maskPhoneNo,10
0009,LKUS_grant_new_user_coupon,templateIds,10
0009,LKUS_grant_new_user_coupon,templateNos,10
0009,LKUS_grant_new_user_coupon,phoneCountry,10
0009,LKUS_grant_new_user_coupon,registerTime,10
0009,LKUS_grant_new_user_coupon,reviewRepeat,10
0009,LKUS_grant_new_user_coupon,realIpCountry,10
0009,LKUS_grant_new_user_coupon,discountLabels,10
0009,LKUS_grant_new_user_coupon,invitationCode,10
0009,LKUS_grant_new_user_coupon,realIpProvince,10
0009,LKUS_grant_new_user_coupon,recaptchaV3Token,10
0009,LKUS_grant_new_user_coupon,phoneNoEncryption,10
0009,LKUS_grant_new_user_coupon,recaptchaV3Action,10
0009,LKUS_grant_new_user_coupon,recaptchaV3Enabled,10
0009,LKUS_grant_new_user_coupon,couponDenominations,10
0009,LKUS_grant_new_user_coupon,couponDiscountTypes,10
0009,LKUS_grant_new_user_coupon,couponDiscountSubTypes,10
0009,LKUS_grant_new_user_coupon,couponDiscountTypeNames,10
0009,LKUS_register,app,4
0009,LKUS_register,cid,5
0009,LKUS_register,uid,5
0009,LKUS_register,realIp,5
0009,LKUS_register,tenant,5
0009,LKUS_register,phoneNo,5
0009,LKUS_register,version,5
0009,LKUS_register,userAgent,5
0009,LKUS_register,realIpCity,5
0009,LKUS_register,countryCode,5
0009,LKUS_register,fullPhoneNo,5
0009,LKUS_register,phoneCountry,5
0009,LKUS_register,reviewRepeat,5
0009,LKUS_register,realIpCountry,5
0009,LKUS_register,realIpProvince,5
0009,LKUS_register,recaptchaV3Token,5
0009,LKUS_register,recaptchaV3Action,5
0009,LKUS_register,recaptchaV3Enabled,5
0009,LKUS_captcha,cid,1
0009,LKUS_captcha,uid,1
0009,LKUS_captcha,realIp,1
0009,LKUS_captcha,tenant,1
0009,LKUS_captcha,isGuest,1
0009,LKUS_captcha,phoneNo,1
0009,LKUS_captcha,version,1
0009,LKUS_captcha,eventName,1
0009,LKUS_captcha,userAgent,1
0009,LKUS_captcha,realIpCity,1
0009,LKUS_captcha,countryCode,1
0009,LKUS_captcha,fullPhoneNo,1
0009,LKUS_captcha,captchaScene,1
0009,LKUS_captcha,phoneCountry,1
0009,LKUS_captcha,reviewRepeat,1
0009,LKUS_captcha,realIpCountry,1
0009,LKUS_captcha,realIpProvince,1
0009,LKUS_captcha,verifyCodeType,1
0009,LKUS_captcha,recaptchaV2Token,1
0009,LKUS_captcha,recaptchaV3Token,1
0009,LKUS_captcha,recaptchaV3Action,1
0009,LKUS_captcha,verifyCodeTypeName,1
0009,LKUS_physical_order_create,cid,37
0009,LKUS_physical_order_create,uid,37
0009,LKUS_physical_order_create,realIp,37
0009,LKUS_physical_order_create,shopId,37
0009,LKUS_physical_order_create,tenant,37
0009,LKUS_physical_order_create,userNo,37
0009,LKUS_physical_order_create,isGuest,37
0009,LKUS_physical_order_create,version,37
0009,LKUS_physical_order_create,orderType,37
0009,LKUS_physical_order_create,taxAmount,37
0009,LKUS_physical_order_create,userAgent,37
0009,LKUS_physical_order_create,orderPrice,36
0009,LKUS_physical_order_create,realIpCity,37
0009,LKUS_physical_order_create,countryCode,37
0009,LKUS_physical_order_create,shopAddress,37
0009,LKUS_physical_order_create,shumeiDevId,8
0009,LKUS_physical_order_create,shopCityName,37
0009,LKUS_physical_order_create,shopLatitude,37
0009,LKUS_physical_order_create,shumengDevId,8
0009,LKUS_physical_order_create,isTaxRequired,37
0009,LKUS_physical_order_create,orderSkuCodes,33
0009,LKUS_physical_order_create,orderSpuCodes,33
0009,LKUS_physical_order_create,productAmount,37
0009,LKUS_physical_order_create,realIpCountry,37
0009,LKUS_physical_order_create,shopLongitude,37
0009,LKUS_physical_order_create,realIpProvince,37
0009,LKUS_physical_order_create,tongdunBlackBox,8
0009,LKUS_payment,cid,41
0009,LKUS_payment,uid,41
0009,LKUS_payment,realIp,41
0009,LKUS_payment,shopId,41
0009,LKUS_payment,tenant,41
0009,LKUS_payment,userNo,41
0009,LKUS_payment,isGuest,41
0009,LKUS_payment,orderNo,41
0009,LKUS_payment,payType,41
0009,LKUS_payment,version,41
0009,LKUS_payment,payMoney,41
0009,LKUS_payment,orderType,41
0009,LKUS_payment,taxAmount,41
0009,LKUS_payment,userAgent,41
0009,LKUS_payment,orderPrice,41
0009,LKUS_payment,realIpCity,41
0009,LKUS_payment,isTaxRequired,41
0009,LKUS_payment,realIpCountry,41
0009,LKUS_payment,realIpProvince,41
0009,LKUS_physical_order_create,app,26
0009,LKUS_physical_order_create,phoneNo,29
0009,LKUS_physical_order_create,latitude,29
0009,LKUS_physical_order_create,couponNos,25
0009,LKUS_physical_order_create,longitude,29
0009,LKUS_physical_order_create,couponNames,25
0009,LKUS_physical_order_create,couponTypes,25
0009,LKUS_physical_order_create,fullPhoneNo,29
0009,LKUS_physical_order_create,phoneCountry,29
0009,LKUS_physical_order_create,reviewRepeat,28
0009,LKUS_physical_order_create,couponSources,25
0009,LKUS_physical_order_create,recaptchaV3Token,28
0009,LKUS_physical_order_create,couponProposalNos,25
0009,LKUS_physical_order_create,couponTemplateIds,25
0009,LKUS_physical_order_create,recaptchaV3Action,28
0009,LKUS_physical_order_create,couponDenomination,25
0009,LKUS_physical_order_create,recaptchaV3Enabled,28
0009,LKUS_physical_order_create,couponDiscountTypes,25
0009,LKUS_physical_order_create,couponDiscountSubTypes,25
0009,LKUS_payment,app,26
0009,LKUS_payment,phoneNo,29
0009,LKUS_payment,countryCode,29
0009,LKUS_payment,fullPhoneNo,29
0009,LKUS_payment,phoneCountry,29
0009,LKUS_payment,reviewRepeat,28
0009,LKUS_payment,recaptchaV3Token,28
0009,LKUS_payment,recaptchaV3Action,28
0009,LKUS_payment,recaptchaV3Enabled,28
0009,LKUS_physical_order_create,packageOrderSkuCodes,5
0009,LKUS_physical_order_create,packageOrderSpuCodes,5
0009,LKUS_push,email,3
0009,LKUS_push,userNo,3
0009,LKUS_grant_new_user_coupon,inviterCode,2
0009,LKUS_grant_new_user_coupon,inviterType,2
0009,LKUS_grant_new_user_coupon,inviterPhone,2
0009,LKUS_grant_new_user_coupon,inviterUserNo,2
0009,LKUS_grant_new_user_coupon,marketingCode,2
0009,LKUS_grant_new_user_coupon,invitationActivityNo,2
0010,LKUS_push,app,49
0010,LKUS_push,cid,52
0010,LKUS_push,uid,52
0010,LKUS_push,realIp,52
0010,LKUS_push,tenant,52
0010,LKUS_push,phoneNo,52
0010,LKUS_push,version,52
0010,LKUS_push,userAgent,52
0010,LKUS_push,realIpCity,52
0010,LKUS_push,countryCode,52
0010,LKUS_push,fullPhoneNo,52
0010,LKUS_push,phoneCountry,52
0010,LKUS_push,reviewRepeat,50
0010,LKUS_push,realIpCountry,52
0010,LKUS_push,realIpProvince,52
0010,LKUS_push,recaptchaV3Token,50
0010,LKUS_push,recaptchaV3Action,50
0010,LKUS_push,recaptchaV3Enabled,50
0010,LKUS_register,app,4
0010,LKUS_register,cid,5
0010,LKUS_register,uid,5
0010,LKUS_register,realIp,5
0010,LKUS_register,tenant,5
0010,LKUS_register,phoneNo,5
0010,LKUS_register,version,5
0010,LKUS_register,userAgent,5
0010,LKUS_register,realIpCity,5
0010,LKUS_register,countryCode,5
0010,LKUS_register,fullPhoneNo,5
0010,LKUS_register,phoneCountry,5
0010,LKUS_register,reviewRepeat,5
0010,LKUS_register,realIpCountry,5
0010,LKUS_register,realIpProvince,5
0010,LKUS_register,recaptchaV3Token,5
0010,LKUS_register,recaptchaV3Action,5
0010,LKUS_register,recaptchaV3Enabled,5
0010,LKUS_physical_order_create,app,36
0010,LKUS_physical_order_create,cid,48
0010,LKUS_physical_order_create,uid,48
0010,LKUS_physical_order_create,realIp,48
0010,LKUS_physical_order_create,shopId,48
0010,LKUS_physical_order_create,tenant,48
0010,LKUS_physical_order_create,userNo,48
0010,LKUS_physical_order_create,isGuest,48
0010,LKUS_physical_order_create,phoneNo,37
0010,LKUS_physical_order_create,version,48
0010,LKUS_physical_order_create,latitude,38
0010,LKUS_physical_order_create,longitude,38
0010,LKUS_physical_order_create,orderType,48
0010,LKUS_physical_order_create,taxAmount,48
0010,LKUS_physical_order_create,userAgent,48
0010,LKUS_physical_order_create,realIpCity,48
0010,LKUS_physical_order_create,countryCode,48
0010,LKUS_physical_order_create,fullPhoneNo,37
0010,LKUS_physical_order_create,shopAddress,48
0010,LKUS_physical_order_create,phoneCountry,37
0010,LKUS_physical_order_create,reviewRepeat,37
0010,LKUS_physical_order_create,shopCityName,48
0010,LKUS_physical_order_create,shopLatitude,48
0010,LKUS_physical_order_create,isTaxRequired,48
0010,LKUS_physical_order_create,orderSkuCodes,46
0010,LKUS_physical_order_create,orderSpuCodes,46
0010,LKUS_physical_order_create,productAmount,48
0010,LKUS_physical_order_create,realIpCountry,48
0010,LKUS_physical_order_create,shopLongitude,48
0010,LKUS_physical_order_create,realIpProvince,48
0010,LKUS_physical_order_create,recaptchaV3Token,37
0010,LKUS_physical_order_create,recaptchaV3Action,37
0010,LKUS_physical_order_create,recaptchaV3Enabled,37
0010,LKUS_payment,app,39
0010,LKUS_payment,cid,52
0010,LKUS_payment,uid,52
0010,LKUS_payment,realIp,52
0010,LKUS_payment,shopId,52
0010,LKUS_payment,tenant,52
0010,LKUS_payment,userNo,52
0010,LKUS_payment,isGuest,52
0010,LKUS_payment,orderNo,52
0010,LKUS_payment,payType,52
0010,LKUS_payment,phoneNo,40
0010,LKUS_payment,version,52
0010,LKUS_payment,payMoney,52
0010,LKUS_payment,orderType,52
0010,LKUS_payment,taxAmount,52
0010,LKUS_payment,userAgent,52
0010,LKUS_payment,orderPrice,52
0010,LKUS_payment,realIpCity,52
0010,LKUS_payment,countryCode,40
0010,LKUS_payment,fullPhoneNo,40
0010,LKUS_payment,phoneCountry,40
0010,LKUS_payment,reviewRepeat,40
0010,LKUS_payment,isTaxRequired,52
0010,LKUS_payment,realIpCountry,52
0010,LKUS_payment,realIpProvince,52
0010,LKUS_payment,recaptchaV3Token,40
0010,LKUS_payment,recaptchaV3Action,40
0010,LKUS_payment,recaptchaV3Enabled,40
0010,LKUS_physical_order_create,couponNos,33
0010,LKUS_physical_order_create,orderPrice,47
0010,LKUS_physical_order_create,couponNames,33
0010,LKUS_physical_order_create,couponTypes,33
0010,LKUS_physical_order_create,couponSources,33
0010,LKUS_physical_order_create,couponProposalNos,33
0010,LKUS_physical_order_create,couponTemplateIds,33
0010,LKUS_physical_order_create,couponDenomination,33
0010,LKUS_physical_order_create,couponDiscountTypes,33
0010,LKUS_physical_order_create,couponDiscountSubTypes,33
0010,LKUS_physical_order_create,packageOrderSkuCodes,3
0010,LKUS_physical_order_create,packageOrderSpuCodes,3
0010,LKUS_payment,packagingBagPrice,4
0010,LKUS_payment,packagingBagNumber,4
0010,LKUS_physical_order_create,shumeiDevId,10
0010,LKUS_physical_order_create,shumengDevId,10
0010,LKUS_physical_order_create,tongdunBlackBox,10
0010,LKUS_login,app,8
0010,LKUS_login,cid,9
0010,LKUS_login,uid,9
0010,LKUS_login,realIp,9
0010,LKUS_login,tenant,9
0010,LKUS_login,userNo,9
0010,LKUS_login,phoneNo,9
0010,LKUS_login,version,9
0010,LKUS_login,userAgent,9
0010,LKUS_login,realIpCity,9
0010,LKUS_login,countryCode,9
0010,LKUS_login,fullPhoneNo,9
0010,LKUS_login,phoneCountry,9
0010,LKUS_login,reviewRepeat,9
0010,LKUS_login,realIpCountry,9
0010,LKUS_login,realIpProvince,9
0010,LKUS_login,recaptchaV3Token,9
0010,LKUS_login,recaptchaV3Action,9
0010,LKUS_login,recaptchaV3Enabled,9
0010,LKUS_grant_new_user_coupon,app,3
0010,LKUS_grant_new_user_coupon,cid,4
0010,LKUS_grant_new_user_coupon,uid,4
0010,LKUS_grant_new_user_coupon,type,4
0010,LKUS_grant_new_user_coupon,extend,4
0010,LKUS_grant_new_user_coupon,origin,4
0010,LKUS_grant_new_user_coupon,realIp,4
0010,LKUS_grant_new_user_coupon,tenant,4
0010,LKUS_grant_new_user_coupon,userNo,4
0010,LKUS_grant_new_user_coupon,phoneNo,4
0010,LKUS_grant_new_user_coupon,readmes,4
0010,LKUS_grant_new_user_coupon,sceneId,4
0010,LKUS_grant_new_user_coupon,version,4
0010,LKUS_grant_new_user_coupon,discounts,4
0010,LKUS_grant_new_user_coupon,userAgent,4
0010,LKUS_grant_new_user_coupon,realIpCity,4
0010,LKUS_grant_new_user_coupon,countryCode,4
0010,LKUS_grant_new_user_coupon,couponNames,4
0010,LKUS_grant_new_user_coupon,couponTypes,4
0010,LKUS_grant_new_user_coupon,fullPhoneNo,4
0010,LKUS_grant_new_user_coupon,isBindPhone,4
0010,LKUS_grant_new_user_coupon,maskPhoneNo,4
0010,LKUS_grant_new_user_coupon,templateIds,4
0010,LKUS_grant_new_user_coupon,templateNos,4
0010,LKUS_grant_new_user_coupon,phoneCountry,4
0010,LKUS_grant_new_user_coupon,registerTime,4
0010,LKUS_grant_new_user_coupon,reviewRepeat,4
0010,LKUS_grant_new_user_coupon,realIpCountry,4
0010,LKUS_grant_new_user_coupon,discountLabels,4
0010,LKUS_grant_new_user_coupon,invitationCode,4
0010,LKUS_grant_new_user_coupon,realIpProvince,4
0010,LKUS_grant_new_user_coupon,recaptchaV3Token,4
0010,LKUS_grant_new_user_coupon,phoneNoEncryption,4
0010,LKUS_grant_new_user_coupon,recaptchaV3Action,4
0010,LKUS_grant_new_user_coupon,recaptchaV3Enabled,4
0010,LKUS_grant_new_user_coupon,couponDenominations,4
0010,LKUS_grant_new_user_coupon,couponDiscountTypes,4
0010,LKUS_grant_new_user_coupon,couponDiscountSubTypes,4
0010,LKUS_grant_new_user_coupon,couponDiscountTypeNames,4
0010,LKUS_physical_order_cancel,app,1
0010,LKUS_physical_order_cancel,cid,1
0010,LKUS_physical_order_cancel,uid,1
0010,LKUS_physical_order_cancel,realIp,1
0010,LKUS_physical_order_cancel,shopId,1
0010,LKUS_physical_order_cancel,tenant,1
0010,LKUS_physical_order_cancel,userNo,1
0010,LKUS_physical_order_cancel,isGuest,1
0010,LKUS_physical_order_cancel,orderNo,1
0010,LKUS_physical_order_cancel,phoneNo,1
0010,LKUS_physical_order_cancel,version,1
0010,LKUS_physical_order_cancel,shopCity,1
0010,LKUS_physical_order_cancel,userAgent,1
0010,LKUS_physical_order_cancel,realIpCity,1
0010,LKUS_physical_order_cancel,countryCode,1
0010,LKUS_physical_order_cancel,fullPhoneNo,1
0010,LKUS_physical_order_cancel,totalOfMade,1
0010,LKUS_physical_order_cancel,phoneCountry,1
0010,LKUS_physical_order_cancel,reviewRepeat,1
0010,LKUS_physical_order_cancel,realIpCountry,1
0010,LKUS_physical_order_cancel,realIpProvince,1
0010,LKUS_physical_order_cancel,recaptchaV3Token,1
0010,LKUS_physical_order_cancel,recaptchaV3Action,1
0010,LKUS_physical_order_cancel,recaptchaV3Enabled,1
0010,LKUS_physical_order_cancel,cancelTypeEnumIndex,1
0011,LKUS_login,cid,11
0011,LKUS_login,uid,11
0011,LKUS_login,realIp,11
0011,LKUS_login,tenant,11
0011,LKUS_login,userNo,11
0011,LKUS_login,phoneNo,11
0011,LKUS_login,version,11
0011,LKUS_login,userAgent,11
0011,LKUS_login,realIpCity,11
0011,LKUS_login,countryCode,11
0011,LKUS_login,fullPhoneNo,11
0011,LKUS_login,phoneCountry,11
0011,LKUS_login,reviewRepeat,10
0011,LKUS_login,realIpCountry,11
0011,LKUS_login,realIpProvince,11
0011,LKUS_login,recaptchaV3Token,10
0011,LKUS_login,recaptchaV3Action,10
0011,LKUS_login,recaptchaV3Enabled,10
0011,LKUS_push,app,40
0011,LKUS_push,cid,42
0011,LKUS_push,uid,42
0011,LKUS_push,realIp,42
0011,LKUS_push,tenant,42
0011,LKUS_push,phoneNo,42
0011,LKUS_push,version,42
0011,LKUS_push,userAgent,42
0011,LKUS_push,realIpCity,42
0011,LKUS_push,countryCode,42
0011,LKUS_push,fullPhoneNo,42
0011,LKUS_push,phoneCountry,42
0011,LKUS_push,reviewRepeat,40
0011,LKUS_push,realIpCountry,42
0011,LKUS_push,realIpProvince,42
0011,LKUS_push,recaptchaV3Token,40
0011,LKUS_push,recaptchaV3Action,40
0011,LKUS_push,recaptchaV3Enabled,40
0011,LKUS_register,app,5
0011,LKUS_register,cid,5
0011,LKUS_register,uid,5
0011,LKUS_register,realIp,5
0011,LKUS_register,tenant,5
0011,LKUS_register,phoneNo,5
0011,LKUS_register,version,5
0011,LKUS_register,userAgent,5
0011,LKUS_register,realIpCity,5
0011,LKUS_register,countryCode,5
0011,LKUS_register,fullPhoneNo,5
0011,LKUS_register,phoneCountry,5
0011,LKUS_register,reviewRepeat,5
0011,LKUS_register,realIpCountry,5
0011,LKUS_register,realIpProvince,5
0011,LKUS_register,recaptchaV3Token,5
0011,LKUS_register,recaptchaV3Action,5
0011,LKUS_register,recaptchaV3Enabled,5
0011,LKUS_physical_order_create,cid,44
0011,LKUS_physical_order_create,uid,44
0011,LKUS_physical_order_create,realIp,44
0011,LKUS_physical_order_create,shopId,44
0011,LKUS_physical_order_create,tenant,44
0011,LKUS_physical_order_create,userNo,44
0011,LKUS_physical_order_create,isGuest,44
0011,LKUS_physical_order_create,phoneNo,36
0011,LKUS_physical_order_create,version,44
0011,LKUS_physical_order_create,latitude,36
0011,LKUS_physical_order_create,couponNos,33
0011,LKUS_physical_order_create,longitude,36
0011,LKUS_physical_order_create,orderType,44
0011,LKUS_physical_order_create,taxAmount,44
0011,LKUS_physical_order_create,userAgent,44
0011,LKUS_physical_order_create,orderPrice,44
0011,LKUS_physical_order_create,realIpCity,44
0011,LKUS_physical_order_create,countryCode,44
0011,LKUS_physical_order_create,couponNames,33
0011,LKUS_physical_order_create,couponTypes,33
0011,LKUS_physical_order_create,fullPhoneNo,36
0011,LKUS_physical_order_create,shopAddress,44
0011,LKUS_physical_order_create,phoneCountry,36
0011,LKUS_physical_order_create,reviewRepeat,35
0011,LKUS_physical_order_create,shopCityName,44
0011,LKUS_physical_order_create,shopLatitude,44
0011,LKUS_physical_order_create,couponSources,33
0011,LKUS_physical_order_create,isTaxRequired,44
0011,LKUS_physical_order_create,orderSkuCodes,43
0011,LKUS_physical_order_create,orderSpuCodes,43
0011,LKUS_physical_order_create,productAmount,44
0011,LKUS_physical_order_create,realIpCountry,44
0011,LKUS_physical_order_create,shopLongitude,44
0011,LKUS_physical_order_create,realIpProvince,44
0011,LKUS_physical_order_create,recaptchaV3Token,35
0011,LKUS_physical_order_create,couponProposalNos,33
0011,LKUS_physical_order_create,couponTemplateIds,33
0011,LKUS_physical_order_create,recaptchaV3Action,35
0011,LKUS_physical_order_create,couponDenomination,33
0011,LKUS_physical_order_create,recaptchaV3Enabled,35
0011,LKUS_physical_order_create,couponDiscountTypes,33
0011,LKUS_physical_order_create,couponDiscountSubTypes,33
0011,LKUS_payment,cid,48
0011,LKUS_payment,uid,48
0011,LKUS_payment,realIp,48
0011,LKUS_payment,shopId,48
0011,LKUS_payment,tenant,48
0011,LKUS_payment,userNo,48
0011,LKUS_payment,isGuest,48
0011,LKUS_payment,orderNo,48
0011,LKUS_payment,payType,48
0011,LKUS_payment,phoneNo,35
0011,LKUS_payment,version,48
0011,LKUS_payment,payMoney,48
0011,LKUS_payment,orderType,48
0011,LKUS_payment,taxAmount,48
0011,LKUS_payment,userAgent,48
0011,LKUS_payment,orderPrice,48
0011,LKUS_payment,realIpCity,48
0011,LKUS_payment,countryCode,35
0011,LKUS_payment,fullPhoneNo,35
0011,LKUS_payment,phoneCountry,35
0011,LKUS_payment,reviewRepeat,34
0011,LKUS_payment,isTaxRequired,48
0011,LKUS_payment,realIpCountry,48
0011,LKUS_payment,realIpProvince,48
0011,LKUS_payment,recaptchaV3Enabled,34
0011,LKUS_physical_order_create,app,33
0011,LKUS_physical_order_create,packageOrderSkuCodes,1
0011,LKUS_physical_order_create,packageOrderSpuCodes,1
0011,LKUS_payment,app,32
0011,LKUS_payment,recaptchaV3Token,33
0011,LKUS_payment,recaptchaV3Action,33
0011,LKUS_physical_order_create,shumeiDevId,8
0011,LKUS_physical_order_create,shumengDevId,8
0011,LKUS_physical_order_create,tongdunBlackBox,8
0011,LKUS_payment,packagingBagPrice,3
0011,LKUS_payment,packagingBagNumber,3
0011,LKUS_login,app,9
0011,LKUS_grant_new_user_coupon,app,7
0011,LKUS_grant_new_user_coupon,cid,7
0011,LKUS_grant_new_user_coupon,uid,7
0011,LKUS_grant_new_user_coupon,type,7
0011,LKUS_grant_new_user_coupon,extend,7
0011,LKUS_grant_new_user_coupon,origin,7
0011,LKUS_grant_new_user_coupon,realIp,7
0011,LKUS_grant_new_user_coupon,tenant,7
0011,LKUS_grant_new_user_coupon,userNo,7
0011,LKUS_grant_new_user_coupon,phoneNo,7
0011,LKUS_grant_new_user_coupon,readmes,7
0011,LKUS_grant_new_user_coupon,sceneId,7
0011,LKUS_grant_new_user_coupon,version,7
0011,LKUS_grant_new_user_coupon,discounts,7
0011,LKUS_grant_new_user_coupon,userAgent,7
0011,LKUS_grant_new_user_coupon,realIpCity,7
0011,LKUS_grant_new_user_coupon,countryCode,7
0011,LKUS_grant_new_user_coupon,couponNames,7
0011,LKUS_grant_new_user_coupon,couponTypes,7
0011,LKUS_grant_new_user_coupon,fullPhoneNo,7
0011,LKUS_grant_new_user_coupon,isBindPhone,7
0011,LKUS_grant_new_user_coupon,maskPhoneNo,7
0011,LKUS_grant_new_user_coupon,templateIds,7
0011,LKUS_grant_new_user_coupon,templateNos,7
0011,LKUS_grant_new_user_coupon,phoneCountry,7
0011,LKUS_grant_new_user_coupon,registerTime,7
0011,LKUS_grant_new_user_coupon,reviewRepeat,7
0011,LKUS_grant_new_user_coupon,realIpCountry,7
0011,LKUS_grant_new_user_coupon,discountLabels,7
0011,LKUS_grant_new_user_coupon,invitationCode,7
0011,LKUS_grant_new_user_coupon,realIpProvince,7
0011,LKUS_grant_new_user_coupon,recaptchaV3Token,7
0011,LKUS_grant_new_user_coupon,phoneNoEncryption,7
0011,LKUS_grant_new_user_coupon,recaptchaV3Action,7
0011,LKUS_grant_new_user_coupon,recaptchaV3Enabled,7
0011,LKUS_grant_new_user_coupon,couponDenominations,7
0011,LKUS_grant_new_user_coupon,couponDiscountTypes,7
0011,LKUS_grant_new_user_coupon,couponDiscountSubTypes,7
0011,LKUS_grant_new_user_coupon,couponDiscountTypeNames,7
0011,LKUS_physical_order_cancel,app,1
0011,LKUS_physical_order_cancel,cid,1
0011,LKUS_physical_order_cancel,uid,1
0011,LKUS_physical_order_cancel,realIp,1
0011,LKUS_physical_order_cancel,shopId,1
0011,LKUS_physical_order_cancel,tenant,1
0011,LKUS_physical_order_cancel,userNo,1
0011,LKUS_physical_order_cancel,isGuest,1
0011,LKUS_physical_order_cancel,orderNo,1
0011,LKUS_physical_order_cancel,phoneNo,1
0011,LKUS_physical_order_cancel,version,1
0011,LKUS_physical_order_cancel,shopCity,1
0011,LKUS_physical_order_cancel,userAgent,1
0011,LKUS_physical_order_cancel,realIpCity,1
0011,LKUS_physical_order_cancel,countryCode,1
0011,LKUS_physical_order_cancel,fullPhoneNo,1
0011,LKUS_physical_order_cancel,totalOfMade,1
0011,LKUS_physical_order_cancel,phoneCountry,1
0011,LKUS_physical_order_cancel,reviewRepeat,1
0011,LKUS_physical_order_cancel,realIpCountry,1
0011,LKUS_physical_order_cancel,realIpProvince,1
0011,LKUS_physical_order_cancel,recaptchaV3Token,1
0011,LKUS_physical_order_cancel,recaptchaV3Action,1
0011,LKUS_physical_order_cancel,recaptchaV3Enabled,1
0011,LKUS_physical_order_cancel,cancelTypeEnumIndex,1
0012,LKUS_push,app,42
0012,LKUS_push,cid,47
0012,LKUS_push,uid,47
0012,LKUS_push,realIp,47
0012,LKUS_push,tenant,47
0012,LKUS_push,phoneNo,47
0012,LKUS_push,version,47
0012,LKUS_push,userAgent,47
0012,LKUS_push,realIpCity,47
0012,LKUS_push,countryCode,47
0012,LKUS_push,fullPhoneNo,47
0012,LKUS_push,phoneCountry,47
0012,LKUS_push,reviewRepeat,45
0012,LKUS_push,realIpCountry,47
0012,LKUS_push,realIpProvince,47
0012,LKUS_push,recaptchaV3Token,45
0012,LKUS_push,recaptchaV3Action,45
0012,LKUS_push,recaptchaV3Enabled,45
0012,LKUS_login,app,7
0012,LKUS_login,cid,13
0012,LKUS_login,uid,13
0012,LKUS_login,realIp,13
0012,LKUS_login,tenant,13
0012,LKUS_login,userNo,13
0012,LKUS_login,phoneNo,13
0012,LKUS_login,version,13
0012,LKUS_login,userAgent,13
0012,LKUS_login,realIpCity,13
0012,LKUS_login,countryCode,13
0012,LKUS_login,fullPhoneNo,13
0012,LKUS_login,phoneCountry,13
0012,LKUS_login,reviewRepeat,8
0012,LKUS_login,realIpCountry,13
0012,LKUS_login,realIpProvince,13
0012,LKUS_login,recaptchaV3Token,8
0012,LKUS_login,recaptchaV3Action,8
0012,LKUS_login,recaptchaV3Enabled,8
0012,LKUS_physical_order_create,app,29
0012,LKUS_physical_order_create,cid,41
0012,LKUS_physical_order_create,uid,41
0012,LKUS_physical_order_create,realIp,41
0012,LKUS_physical_order_create,shopId,41
0012,LKUS_physical_order_create,tenant,41
0012,LKUS_physical_order_create,userNo,41
0012,LKUS_physical_order_create,isGuest,41
0012,LKUS_physical_order_create,phoneNo,34
0012,LKUS_physical_order_create,version,41
0012,LKUS_physical_order_create,latitude,29
0012,LKUS_physical_order_create,longitude,29
0012,LKUS_physical_order_create,orderType,41
0012,LKUS_physical_order_create,taxAmount,41
0012,LKUS_physical_order_create,userAgent,41
0012,LKUS_physical_order_create,orderPrice,40
0012,LKUS_physical_order_create,realIpCity,41
0012,LKUS_physical_order_create,countryCode,41
0012,LKUS_physical_order_create,fullPhoneNo,34
0012,LKUS_physical_order_create,shopAddress,41
0012,LKUS_physical_order_create,phoneCountry,34
0012,LKUS_physical_order_create,reviewRepeat,27
0012,LKUS_physical_order_create,shopCityName,41
0012,LKUS_physical_order_create,shopLatitude,41
0012,LKUS_physical_order_create,isTaxRequired,41
0012,LKUS_physical_order_create,orderSkuCodes,41
0012,LKUS_physical_order_create,orderSpuCodes,41
0012,LKUS_physical_order_create,productAmount,41
0012,LKUS_physical_order_create,realIpCountry,41
0012,LKUS_physical_order_create,shopLongitude,41
0012,LKUS_physical_order_create,realIpProvince,41
0012,LKUS_physical_order_create,recaptchaV3Token,27
0012,LKUS_physical_order_create,recaptchaV3Action,27
0012,LKUS_physical_order_create,recaptchaV3Enabled,27
0012,LKUS_payment,app,30
0012,LKUS_payment,cid,41
0012,LKUS_payment,uid,41
0012,LKUS_payment,realIp,41
0012,LKUS_payment,shopId,41
0012,LKUS_payment,tenant,41
0012,LKUS_payment,userNo,41
0012,LKUS_payment,isGuest,41
0012,LKUS_payment,orderNo,41
0012,LKUS_payment,payType,41
0012,LKUS_payment,phoneNo,34
0012,LKUS_payment,version,41
0012,LKUS_payment,payMoney,41
0012,LKUS_payment,orderType,41
0012,LKUS_payment,taxAmount,41
0012,LKUS_payment,userAgent,41
0012,LKUS_payment,orderPrice,41
0012,LKUS_payment,realIpCity,41
0012,LKUS_payment,countryCode,34
0012,LKUS_payment,fullPhoneNo,34
0012,LKUS_payment,phoneCountry,34
0012,LKUS_payment,reviewRepeat,28
0012,LKUS_payment,isTaxRequired,41
0012,LKUS_payment,realIpCountry,41
0012,LKUS_payment,realIpProvince,41
0012,LKUS_payment,recaptchaV3Token,28
0012,LKUS_payment,recaptchaV3Action,28
0012,LKUS_payment,recaptchaV3Enabled,28
0012,LKUS_payment,packagingBagPrice,4
0012,LKUS_payment,packagingBagNumber,4
0012,LKUS_physical_order_create,shumeiDevId,12
0012,LKUS_physical_order_create,shumengDevId,12
0012,LKUS_physical_order_create,tongdunBlackBox,12
0012,LKUS_physical_order_create,couponNos,27
0012,LKUS_physical_order_create,couponNames,27
0012,LKUS_physical_order_create,couponTypes,27
0012,LKUS_physical_order_create,couponSources,27
0012,LKUS_physical_order_create,couponProposalNos,27
0012,LKUS_physical_order_create,couponTemplateIds,27
0012,LKUS_physical_order_create,couponDenomination,27
0012,LKUS_physical_order_create,couponDiscountTypes,27
0012,LKUS_physical_order_create,couponDiscountSubTypes,27
0012,LKUS_grant_new_user_coupon,cid,4
0012,LKUS_grant_new_user_coupon,uid,4
0012,LKUS_grant_new_user_coupon,type,4
0012,LKUS_grant_new_user_coupon,extend,4
0012,LKUS_grant_new_user_coupon,origin,4
0012,LKUS_grant_new_user_coupon,realIp,4
0012,LKUS_grant_new_user_coupon,tenant,4
0012,LKUS_grant_new_user_coupon,userNo,4
0012,LKUS_grant_new_user_coupon,phoneNo,4
0012,LKUS_grant_new_user_coupon,readmes,4
0012,LKUS_grant_new_user_coupon,sceneId,4
0012,LKUS_grant_new_user_coupon,version,4
0012,LKUS_grant_new_user_coupon,discounts,4
0012,LKUS_grant_new_user_coupon,userAgent,4
0012,LKUS_grant_new_user_coupon,realIpCity,4
0012,LKUS_grant_new_user_coupon,countryCode,4
0012,LKUS_grant_new_user_coupon,couponNames,4
0012,LKUS_grant_new_user_coupon,couponTypes,4
0012,LKUS_grant_new_user_coupon,fullPhoneNo,4
0012,LKUS_grant_new_user_coupon,isBindPhone,4
0012,LKUS_grant_new_user_coupon,maskPhoneNo,4
0012,LKUS_grant_new_user_coupon,templateIds,4
0012,LKUS_grant_new_user_coupon,templateNos,4
0012,LKUS_grant_new_user_coupon,phoneCountry,4
0012,LKUS_grant_new_user_coupon,registerTime,4
0012,LKUS_grant_new_user_coupon,reviewRepeat,4
0012,LKUS_grant_new_user_coupon,realIpCountry,4
0012,LKUS_grant_new_user_coupon,discountLabels,4
0012,LKUS_grant_new_user_coupon,invitationCode,4
0012,LKUS_grant_new_user_coupon,realIpProvince,4
0012,LKUS_grant_new_user_coupon,recaptchaV3Token,4
0012,LKUS_grant_new_user_coupon,phoneNoEncryption,4
0012,LKUS_grant_new_user_coupon,recaptchaV3Action,4
0012,LKUS_grant_new_user_coupon,recaptchaV3Enabled,4
0012,LKUS_grant_new_user_coupon,couponDenominations,4
0012,LKUS_grant_new_user_coupon,couponDiscountTypes,4
0012,LKUS_grant_new_user_coupon,couponDiscountSubTypes,4
0012,LKUS_grant_new_user_coupon,couponDiscountTypeNames,4
0012,LKUS_register,app,6
0012,LKUS_register,cid,7
0012,LKUS_register,uid,7
0012,LKUS_register,realIp,7
0012,LKUS_register,tenant,7
0012,LKUS_register,phoneNo,7
0012,LKUS_register,version,7
0012,LKUS_register,userAgent,7
0012,LKUS_register,realIpCity,7
0012,LKUS_register,countryCode,7
0012,LKUS_register,fullPhoneNo,7
0012,LKUS_register,phoneCountry,7
0012,LKUS_register,reviewRepeat,6
0012,LKUS_register,realIpCountry,7
0012,LKUS_register,realIpProvince,7
0012,LKUS_register,recaptchaV3Token,6
0012,LKUS_register,recaptchaV3Action,6
0012,LKUS_register,recaptchaV3Enabled,6
0012,LKUS_push,userNo,4
0012,LKUS_grant_new_user_coupon,app,2
0012,LKUS_grant_new_user_coupon,inviterCode,1
0012,LKUS_grant_new_user_coupon,inviterType,1
0012,LKUS_grant_new_user_coupon,inviterPhone,1
0012,LKUS_grant_new_user_coupon,inviterUserNo,1
0012,LKUS_grant_new_user_coupon,marketingCode,1
0012,LKUS_grant_new_user_coupon,invitationActivityNo,1
0012,LKUS_physical_order_create,packageOrderSkuCodes,1
0012,LKUS_physical_order_create,packageOrderSpuCodes,1
0012,LKUS_physical_order_cancel,app,1
0012,LKUS_physical_order_cancel,cid,1
0012,LKUS_physical_order_cancel,uid,1
0012,LKUS_physical_order_cancel,realIp,1
0012,LKUS_physical_order_cancel,shopId,1
0012,LKUS_physical_order_cancel,tenant,1
0012,LKUS_physical_order_cancel,userNo,1
0012,LKUS_physical_order_cancel,isGuest,1
0012,LKUS_physical_order_cancel,orderNo,1
0012,LKUS_physical_order_cancel,phoneNo,1
0012,LKUS_physical_order_cancel,version,1
0012,LKUS_physical_order_cancel,shopCity,1
0012,LKUS_physical_order_cancel,userAgent,1
0012,LKUS_physical_order_cancel,realIpCity,1
0012,LKUS_physical_order_cancel,countryCode,1
0012,LKUS_physical_order_cancel,fullPhoneNo,1
0012,LKUS_physical_order_cancel,totalOfMade,1
0012,LKUS_physical_order_cancel,phoneCountry,1
0012,LKUS_physical_order_cancel,reviewRepeat,1
0012,LKUS_physical_order_cancel,realIpCountry,1
0012,LKUS_physical_order_cancel,realIpProvince,1
0012,LKUS_physical_order_cancel,recaptchaV3Token,1
0012,LKUS_physical_order_cancel,recaptchaV3Action,1
0012,LKUS_physical_order_cancel,recaptchaV3Enabled,1
0012,LKUS_physical_order_cancel,cancelTypeEnumIndex,1
0013,LKUS_push,app,29
0013,LKUS_push,cid,32
0013,LKUS_push,uid,32
0013,LKUS_push,realIp,32
0013,LKUS_push,tenant,32
0013,LKUS_push,phoneNo,32
0013,LKUS_push,version,32
0013,LKUS_push,userAgent,32
0013,LKUS_push,realIpCity,32
0013,LKUS_push,countryCode,32
0013,LKUS_push,fullPhoneNo,32
0013,LKUS_push,phoneCountry,32
0013,LKUS_push,reviewRepeat,31
0013,LKUS_push,realIpCountry,32
0013,LKUS_push,realIpProvince,32
0013,LKUS_push,recaptchaV3Token,31
0013,LKUS_push,recaptchaV3Action,31
0013,LKUS_push,recaptchaV3Enabled,31
0013,LKUS_physical_order_create,app,49
0013,LKUS_physical_order_create,cid,60
0013,LKUS_physical_order_create,uid,60
0013,LKUS_physical_order_create,realIp,60
0013,LKUS_physical_order_create,shopId,60
0013,LKUS_physical_order_create,tenant,60
0013,LKUS_physical_order_create,userNo,60
0013,LKUS_physical_order_create,isGuest,60
0013,LKUS_physical_order_create,phoneNo,51
0013,LKUS_physical_order_create,version,60
0013,LKUS_physical_order_create,latitude,50
0013,LKUS_physical_order_create,longitude,50
0013,LKUS_physical_order_create,orderType,60
0013,LKUS_physical_order_create,taxAmount,60
0013,LKUS_physical_order_create,userAgent,60
0013,LKUS_physical_order_create,orderPrice,59
0013,LKUS_physical_order_create,realIpCity,60
0013,LKUS_physical_order_create,countryCode,60
0013,LKUS_physical_order_create,fullPhoneNo,51
0013,LKUS_physical_order_create,shopAddress,60
0013,LKUS_physical_order_create,phoneCountry,51
0013,LKUS_physical_order_create,reviewRepeat,48
0013,LKUS_physical_order_create,shopCityName,60
0013,LKUS_physical_order_create,shopLatitude,60
0013,LKUS_physical_order_create,isTaxRequired,60
0013,LKUS_physical_order_create,productAmount,60
0013,LKUS_physical_order_create,realIpCountry,60
0013,LKUS_physical_order_create,shopLongitude,60
0013,LKUS_physical_order_create,realIpProvince,60
0013,LKUS_physical_order_create,recaptchaV3Token,48
0013,LKUS_physical_order_create,recaptchaV3Action,48
0013,LKUS_physical_order_create,recaptchaV3Enabled,48
0013,LKUS_physical_order_create,packageOrderSkuCodes,2
0013,LKUS_physical_order_create,packageOrderSpuCodes,2
0013,LKUS_payment,app,51
0013,LKUS_payment,cid,65
0013,LKUS_payment,uid,65
0013,LKUS_payment,realIp,65
0013,LKUS_payment,shopId,65
0013,LKUS_payment,tenant,65
0013,LKUS_payment,userNo,65
0013,LKUS_payment,isGuest,65
0013,LKUS_payment,orderNo,65
0013,LKUS_payment,payType,65
0013,LKUS_payment,phoneNo,53
0013,LKUS_payment,version,65
0013,LKUS_payment,payMoney,65
0013,LKUS_payment,orderType,65
0013,LKUS_payment,taxAmount,65
0013,LKUS_payment,userAgent,65
0013,LKUS_payment,orderPrice,65
0013,LKUS_payment,realIpCity,65
0013,LKUS_payment,countryCode,53
0013,LKUS_payment,fullPhoneNo,53
0013,LKUS_payment,phoneCountry,53
0013,LKUS_payment,reviewRepeat,50
0013,LKUS_payment,isTaxRequired,65
0013,LKUS_payment,realIpCountry,65
0013,LKUS_payment,realIpProvince,65
0013,LKUS_payment,recaptchaV3Token,50
0013,LKUS_payment,recaptchaV3Action,50
0013,LKUS_payment,recaptchaV3Enabled,50
0013,LKUS_physical_order_create,shumeiDevId,10
0013,LKUS_physical_order_create,shumengDevId,10
0013,LKUS_physical_order_create,orderSkuCodes,58
0013,LKUS_physical_order_create,orderSpuCodes,58
0013,LKUS_physical_order_create,tongdunBlackBox,10
0013,LKUS_physical_order_create,couponNos,44
0013,LKUS_physical_order_create,couponNames,44
0013,LKUS_physical_order_create,couponTypes,44
0013,LKUS_physical_order_create,couponSources,44
0013,LKUS_physical_order_create,couponProposalNos,44
0013,LKUS_physical_order_create,couponTemplateIds,44
0013,LKUS_physical_order_create,couponDenomination,44
0013,LKUS_physical_order_create,couponDiscountTypes,44
0013,LKUS_physical_order_create,couponDiscountSubTypes,44
0013,LKUS_register,app,6
0013,LKUS_register,cid,8
0013,LKUS_register,uid,8
0013,LKUS_register,realIp,8
0013,LKUS_register,tenant,8
0013,LKUS_register,phoneNo,8
0013,LKUS_register,version,8
0013,LKUS_register,userAgent,8
0013,LKUS_register,realIpCity,8
0013,LKUS_register,countryCode,8
0013,LKUS_register,fullPhoneNo,8
0013,LKUS_register,phoneCountry,8
0013,LKUS_register,reviewRepeat,7
0013,LKUS_register,realIpCountry,8
0013,LKUS_register,realIpProvince,8
0013,LKUS_register,recaptchaV3Token,7
0013,LKUS_register,recaptchaV3Action,7
0013,LKUS_register,recaptchaV3Enabled,7
0013,LKUS_push,userNo,1
0013,LKUS_login,cid,10
0013,LKUS_login,uid,10
0013,LKUS_login,realIp,10
0013,LKUS_login,tenant,10
0013,LKUS_login,userNo,10
0013,LKUS_login,phoneNo,10
0013,LKUS_login,version,10
0013,LKUS_login,userAgent,10
0013,LKUS_login,realIpCity,10
0013,LKUS_login,countryCode,10
0013,LKUS_login,fullPhoneNo,10
0013,LKUS_login,phoneCountry,10
0013,LKUS_login,realIpCountry,10
0013,LKUS_login,realIpProvince,10
0013,LKUS_login,app,7
0013,LKUS_login,reviewRepeat,8
0013,LKUS_login,recaptchaV3Token,8
0013,LKUS_login,recaptchaV3Action,8
0013,LKUS_login,recaptchaV3Enabled,8
0013,LKUS_payment,packagingBagPrice,3
0013,LKUS_payment,packagingBagNumber,3
0013,LKUS_grant_new_user_coupon,app,4
0013,LKUS_grant_new_user_coupon,cid,5
0013,LKUS_grant_new_user_coupon,uid,5
0013,LKUS_grant_new_user_coupon,type,5
0013,LKUS_grant_new_user_coupon,extend,5
0013,LKUS_grant_new_user_coupon,origin,5
0013,LKUS_grant_new_user_coupon,realIp,5
0013,LKUS_grant_new_user_coupon,tenant,5
0013,LKUS_grant_new_user_coupon,userNo,5
0013,LKUS_grant_new_user_coupon,phoneNo,5
0013,LKUS_grant_new_user_coupon,readmes,5
0013,LKUS_grant_new_user_coupon,sceneId,5
0013,LKUS_grant_new_user_coupon,version,5
0013,LKUS_grant_new_user_coupon,discounts,5
0013,LKUS_grant_new_user_coupon,userAgent,5
0013,LKUS_grant_new_user_coupon,realIpCity,5
0013,LKUS_grant_new_user_coupon,countryCode,5
0013,LKUS_grant_new_user_coupon,couponNames,5
0013,LKUS_grant_new_user_coupon,couponTypes,5
0013,LKUS_grant_new_user_coupon,fullPhoneNo,5
0013,LKUS_grant_new_user_coupon,isBindPhone,5
0013,LKUS_grant_new_user_coupon,maskPhoneNo,5
0013,LKUS_grant_new_user_coupon,templateIds,5
0013,LKUS_grant_new_user_coupon,templateNos,5
0013,LKUS_grant_new_user_coupon,phoneCountry,5
0013,LKUS_grant_new_user_coupon,registerTime,5
0013,LKUS_grant_new_user_coupon,reviewRepeat,5
0013,LKUS_grant_new_user_coupon,realIpCountry,5
0013,LKUS_grant_new_user_coupon,discountLabels,5
0013,LKUS_grant_new_user_coupon,invitationCode,5
0013,LKUS_grant_new_user_coupon,realIpProvince,5
0013,LKUS_grant_new_user_coupon,recaptchaV3Token,5
0013,LKUS_grant_new_user_coupon,phoneNoEncryption,5
0013,LKUS_grant_new_user_coupon,recaptchaV3Action,5
0013,LKUS_grant_new_user_coupon,recaptchaV3Enabled,5
0013,LKUS_grant_new_user_coupon,couponDenominations,5
0013,LKUS_grant_new_user_coupon,couponDiscountTypes,5
0013,LKUS_grant_new_user_coupon,couponDiscountSubTypes,5
0013,LKUS_grant_new_user_coupon,couponDiscountTypeNames,5
0013,LKUS_grant_new_user_coupon,inviterCode,1
0013,LKUS_grant_new_user_coupon,inviterType,1
0013,LKUS_grant_new_user_coupon,inviterPhone,1
0013,LKUS_grant_new_user_coupon,inviterUserNo,1
0013,LKUS_grant_new_user_coupon,marketingCode,1
0013,LKUS_grant_new_user_coupon,invitationActivityNo,1
0014,LKUS_push,app,27
0014,LKUS_push,cid,32
0014,LKUS_push,uid,32
0014,LKUS_push,realIp,32
0014,LKUS_push,tenant,32
0014,LKUS_push,phoneNo,32
0014,LKUS_push,version,32
0014,LKUS_push,userAgent,32
0014,LKUS_push,realIpCity,32
0014,LKUS_push,countryCode,32
0014,LKUS_push,fullPhoneNo,32
0014,LKUS_push,phoneCountry,32
0014,LKUS_push,reviewRepeat,30
0014,LKUS_push,realIpCountry,32
0014,LKUS_push,realIpProvince,32
0014,LKUS_push,recaptchaV3Token,30
0014,LKUS_push,recaptchaV3Action,30
0014,LKUS_push,recaptchaV3Enabled,30
0014,LKUS_register,app,6
0014,LKUS_register,cid,9
0014,LKUS_register,uid,9
0014,LKUS_register,realIp,9
0014,LKUS_register,tenant,9
0014,LKUS_register,phoneNo,9
0014,LKUS_register,version,9
0014,LKUS_register,userAgent,9
0014,LKUS_register,realIpCity,9
0014,LKUS_register,countryCode,9
0014,LKUS_register,fullPhoneNo,9
0014,LKUS_register,phoneCountry,9
0014,LKUS_register,reviewRepeat,8
0014,LKUS_register,realIpCountry,9
0014,LKUS_register,realIpProvince,9
0014,LKUS_register,recaptchaV3Token,8
0014,LKUS_register,recaptchaV3Action,8
0014,LKUS_register,recaptchaV3Enabled,8
0014,LKUS_login,app,12
0014,LKUS_login,cid,15
0014,LKUS_login,uid,15
0014,LKUS_login,realIp,15
0014,LKUS_login,tenant,15
0014,LKUS_login,userNo,15
0014,LKUS_login,phoneNo,15
0014,LKUS_login,version,15
0014,LKUS_login,userAgent,15
0014,LKUS_login,realIpCity,15
0014,LKUS_login,countryCode,15
0014,LKUS_login,fullPhoneNo,15
0014,LKUS_login,phoneCountry,15
0014,LKUS_login,reviewRepeat,15
0014,LKUS_login,realIpCountry,15
0014,LKUS_login,realIpProvince,15
0014,LKUS_login,recaptchaV3Token,15
0014,LKUS_login,recaptchaV3Action,15
0014,LKUS_login,recaptchaV3Enabled,15
0014,LKUS_grant_new_user_coupon,app,4
0014,LKUS_grant_new_user_coupon,cid,5
0014,LKUS_grant_new_user_coupon,uid,5
0014,LKUS_grant_new_user_coupon,type,5
0014,LKUS_grant_new_user_coupon,extend,5
0014,LKUS_grant_new_user_coupon,origin,5
0014,LKUS_grant_new_user_coupon,realIp,5
0014,LKUS_grant_new_user_coupon,tenant,5
0014,LKUS_grant_new_user_coupon,userNo,5
0014,LKUS_grant_new_user_coupon,phoneNo,5
0014,LKUS_grant_new_user_coupon,readmes,5
0014,LKUS_grant_new_user_coupon,sceneId,5
0014,LKUS_grant_new_user_coupon,version,5
0014,LKUS_grant_new_user_coupon,discounts,5
0014,LKUS_grant_new_user_coupon,userAgent,5
0014,LKUS_grant_new_user_coupon,realIpCity,5
0014,LKUS_grant_new_user_coupon,countryCode,5
0014,LKUS_grant_new_user_coupon,couponNames,5
0014,LKUS_grant_new_user_coupon,couponTypes,5
0014,LKUS_grant_new_user_coupon,fullPhoneNo,5
0014,LKUS_grant_new_user_coupon,isBindPhone,5
0014,LKUS_grant_new_user_coupon,maskPhoneNo,5
0014,LKUS_grant_new_user_coupon,templateIds,5
0014,LKUS_grant_new_user_coupon,templateNos,5
0014,LKUS_grant_new_user_coupon,phoneCountry,5
0014,LKUS_grant_new_user_coupon,registerTime,5
0014,LKUS_grant_new_user_coupon,reviewRepeat,5
0014,LKUS_grant_new_user_coupon,realIpCountry,5
0014,LKUS_grant_new_user_coupon,discountLabels,5
0014,LKUS_grant_new_user_coupon,invitationCode,5
0014,LKUS_grant_new_user_coupon,realIpProvince,5
0014,LKUS_grant_new_user_coupon,recaptchaV3Token,5
0014,LKUS_grant_new_user_coupon,phoneNoEncryption,5
0014,LKUS_grant_new_user_coupon,recaptchaV3Action,5
0014,LKUS_grant_new_user_coupon,recaptchaV3Enabled,5
0014,LKUS_grant_new_user_coupon,couponDenominations,5
0014,LKUS_grant_new_user_coupon,couponDiscountTypes,5
0014,LKUS_grant_new_user_coupon,couponDiscountSubTypes,5
0014,LKUS_grant_new_user_coupon,couponDiscountTypeNames,5
0014,LKUS_physical_order_create,app,35
0014,LKUS_physical_order_create,cid,44
0014,LKUS_physical_order_create,uid,44
0014,LKUS_physical_order_create,realIp,44
0014,LKUS_physical_order_create,shopId,44
0014,LKUS_physical_order_create,tenant,44
0014,LKUS_physical_order_create,userNo,44
0014,LKUS_physical_order_create,isGuest,44
0014,LKUS_physical_order_create,phoneNo,35
0014,LKUS_physical_order_create,version,44
0014,LKUS_physical_order_create,latitude,35
0014,LKUS_physical_order_create,longitude,35
0014,LKUS_physical_order_create,orderType,44
0014,LKUS_physical_order_create,taxAmount,44
0014,LKUS_physical_order_create,userAgent,44
0014,LKUS_physical_order_create,orderPrice,44
0014,LKUS_physical_order_create,realIpCity,44
0014,LKUS_physical_order_create,countryCode,44
0014,LKUS_physical_order_create,fullPhoneNo,35
0014,LKUS_physical_order_create,shopAddress,44
0014,LKUS_physical_order_create,phoneCountry,35
0014,LKUS_physical_order_create,reviewRepeat,35
0014,LKUS_physical_order_create,shopCityName,44
0014,LKUS_physical_order_create,shopLatitude,44
0014,LKUS_physical_order_create,isTaxRequired,44
0014,LKUS_physical_order_create,productAmount,44
0014,LKUS_physical_order_create,realIpCountry,44
0014,LKUS_physical_order_create,shopLongitude,44
0014,LKUS_physical_order_create,realIpProvince,44
0014,LKUS_physical_order_create,recaptchaV3Token,35
0014,LKUS_physical_order_create,recaptchaV3Action,35
0014,LKUS_physical_order_create,recaptchaV3Enabled,35
0014,LKUS_physical_order_create,packageOrderSkuCodes,1
0014,LKUS_physical_order_create,packageOrderSpuCodes,1
0014,LKUS_payment,app,35
0014,LKUS_payment,cid,44
0014,LKUS_payment,uid,44
0014,LKUS_payment,realIp,44
0014,LKUS_payment,shopId,44
0014,LKUS_payment,tenant,44
0014,LKUS_payment,userNo,44
0014,LKUS_payment,isGuest,44
0014,LKUS_payment,orderNo,44
0014,LKUS_payment,payType,44
0014,LKUS_payment,phoneNo,35
0014,LKUS_payment,version,44
0014,LKUS_payment,payMoney,44
0014,LKUS_payment,orderType,44
0014,LKUS_payment,taxAmount,44
0014,LKUS_payment,userAgent,44
0014,LKUS_payment,orderPrice,44
0014,LKUS_payment,realIpCity,44
0014,LKUS_payment,countryCode,35
0014,LKUS_payment,fullPhoneNo,35
0014,LKUS_payment,phoneCountry,35
0014,LKUS_payment,reviewRepeat,35
0014,LKUS_payment,isTaxRequired,44
0014,LKUS_payment,realIpCountry,44
0014,LKUS_payment,realIpProvince,44
0014,LKUS_payment,recaptchaV3Token,35
0014,LKUS_payment,packagingBagPrice,4
0014,LKUS_payment,recaptchaV3Action,35
0014,LKUS_payment,packagingBagNumber,4
0014,LKUS_payment,recaptchaV3Enabled,35
0014,LKUS_grant_new_user_coupon,inviterCode,1
0014,LKUS_grant_new_user_coupon,inviterType,1
0014,LKUS_grant_new_user_coupon,inviterPhone,1
0014,LKUS_grant_new_user_coupon,inviterUserNo,1
0014,LKUS_grant_new_user_coupon,marketingCode,1
0014,LKUS_grant_new_user_coupon,invitationActivityNo,1
0014,LKUS_physical_order_create,couponNos,31
0014,LKUS_physical_order_create,couponNames,31
0014,LKUS_physical_order_create,couponTypes,31
0014,LKUS_physical_order_create,couponSources,31
0014,LKUS_physical_order_create,orderSkuCodes,43
0014,LKUS_physical_order_create,orderSpuCodes,43
0014,LKUS_physical_order_create,couponProposalNos,31
0014,LKUS_physical_order_create,couponTemplateIds,31
0014,LKUS_physical_order_create,couponDenomination,31
0014,LKUS_physical_order_create,couponDiscountTypes,31
0014,LKUS_physical_order_create,couponDiscountSubTypes,31
0014,LKUS_physical_order_create,shumeiDevId,9
0014,LKUS_physical_order_create,shumengDevId,9
0014,LKUS_physical_order_create,tongdunBlackBox,9
0014,LKUS_physical_order_cancel,app,1
0014,LKUS_physical_order_cancel,cid,1
0014,LKUS_physical_order_cancel,uid,1
0014,LKUS_physical_order_cancel,realIp,1
0014,LKUS_physical_order_cancel,shopId,1
0014,LKUS_physical_order_cancel,tenant,1
0014,LKUS_physical_order_cancel,userNo,1
0014,LKUS_physical_order_cancel,isGuest,1
0014,LKUS_physical_order_cancel,orderNo,1
0014,LKUS_physical_order_cancel,phoneNo,1
0014,LKUS_physical_order_cancel,version,1
0014,LKUS_physical_order_cancel,shopCity,1
0014,LKUS_physical_order_cancel,userAgent,1
0014,LKUS_physical_order_cancel,realIpCity,1
0014,LKUS_physical_order_cancel,countryCode,1
0014,LKUS_physical_order_cancel,fullPhoneNo,1
0014,LKUS_physical_order_cancel,totalOfMade,1
0014,LKUS_physical_order_cancel,phoneCountry,1
0014,LKUS_physical_order_cancel,reviewRepeat,1
0014,LKUS_physical_order_cancel,realIpCountry,1
0014,LKUS_physical_order_cancel,realIpProvince,1
0014,LKUS_physical_order_cancel,recaptchaV3Token,1
0014,LKUS_physical_order_cancel,recaptchaV3Action,1
0014,LKUS_physical_order_cancel,recaptchaV3Enabled,1
0014,LKUS_physical_order_cancel,cancelTypeEnumIndex,1
0014,LKUS_push,userNo,2
0015,LKUS_login,app,9
0015,LKUS_login,cid,11
0015,LKUS_login,uid,11
0015,LKUS_login,realIp,11
0015,LKUS_login,tenant,11
0015,LKUS_login,userNo,11
0015,LKUS_login,phoneNo,11
0015,LKUS_login,version,11
0015,LKUS_login,userAgent,11
0015,LKUS_login,realIpCity,11
0015,LKUS_login,countryCode,11
0015,LKUS_login,fullPhoneNo,11
0015,LKUS_login,phoneCountry,11
0015,LKUS_login,reviewRepeat,11
0015,LKUS_login,realIpCountry,11
0015,LKUS_login,realIpProvince,11
0015,LKUS_login,recaptchaV3Token,11
0015,LKUS_login,recaptchaV3Action,11
0015,LKUS_login,recaptchaV3Enabled,11
0015,LKUS_push,app,54
0015,LKUS_push,cid,69
0015,LKUS_push,uid,69
0015,LKUS_push,realIp,69
0015,LKUS_push,tenant,69
0015,LKUS_push,phoneNo,69
0015,LKUS_push,version,69
0015,LKUS_push,userAgent,69
0015,LKUS_push,realIpCity,69
0015,LKUS_push,countryCode,69
0015,LKUS_push,fullPhoneNo,69
0015,LKUS_push,phoneCountry,69
0015,LKUS_push,reviewRepeat,53
0015,LKUS_push,realIpCountry,69
0015,LKUS_push,realIpProvince,69
0015,LKUS_push,recaptchaV3Token,53
0015,LKUS_push,recaptchaV3Action,53
0015,LKUS_push,recaptchaV3Enabled,53
0015,LKUS_physical_order_create,app,41
0015,LKUS_physical_order_create,cid,52
0015,LKUS_physical_order_create,uid,52
0015,LKUS_physical_order_create,realIp,52
0015,LKUS_physical_order_create,shopId,52
0015,LKUS_physical_order_create,tenant,52
0015,LKUS_physical_order_create,userNo,52
0015,LKUS_physical_order_create,isGuest,52
0015,LKUS_physical_order_create,phoneNo,42
0015,LKUS_physical_order_create,version,52
0015,LKUS_physical_order_create,latitude,42
0015,LKUS_physical_order_create,couponNos,36
0015,LKUS_physical_order_create,longitude,42
0015,LKUS_physical_order_create,orderType,52
0015,LKUS_physical_order_create,taxAmount,52
0015,LKUS_physical_order_create,userAgent,52
0015,LKUS_physical_order_create,orderPrice,51
0015,LKUS_physical_order_create,realIpCity,52
0015,LKUS_physical_order_create,countryCode,52
0015,LKUS_physical_order_create,couponNames,36
0015,LKUS_physical_order_create,couponTypes,36
0015,LKUS_physical_order_create,fullPhoneNo,42
0015,LKUS_physical_order_create,shopAddress,52
0015,LKUS_physical_order_create,phoneCountry,42
0015,LKUS_physical_order_create,reviewRepeat,39
0015,LKUS_physical_order_create,shopCityName,52
0015,LKUS_physical_order_create,shopLatitude,52
0015,LKUS_physical_order_create,couponSources,36
0015,LKUS_physical_order_create,isTaxRequired,52
0015,LKUS_physical_order_create,orderSkuCodes,50
0015,LKUS_physical_order_create,orderSpuCodes,50
0015,LKUS_physical_order_create,productAmount,52
0015,LKUS_physical_order_create,realIpCountry,52
0015,LKUS_physical_order_create,shopLongitude,52
0015,LKUS_physical_order_create,realIpProvince,52
0015,LKUS_physical_order_create,recaptchaV3Token,39
0015,LKUS_physical_order_create,couponProposalNos,36
0015,LKUS_physical_order_create,couponTemplateIds,36
0015,LKUS_physical_order_create,recaptchaV3Action,39
0015,LKUS_physical_order_create,couponDenomination,36
0015,LKUS_physical_order_create,recaptchaV3Enabled,39
0015,LKUS_physical_order_create,couponDiscountTypes,36
0015,LKUS_physical_order_create,couponDiscountSubTypes,36
0015,LKUS_payment,app,41
0015,LKUS_payment,cid,52
0015,LKUS_payment,uid,52
0015,LKUS_payment,realIp,52
0015,LKUS_payment,shopId,52
0015,LKUS_payment,tenant,52
0015,LKUS_payment,userNo,52
0015,LKUS_payment,isGuest,52
0015,LKUS_payment,orderNo,52
0015,LKUS_payment,payType,52
0015,LKUS_payment,phoneNo,42
0015,LKUS_payment,version,52
0015,LKUS_payment,payMoney,52
0015,LKUS_payment,orderType,52
0015,LKUS_payment,taxAmount,52
0015,LKUS_payment,userAgent,52
0015,LKUS_payment,orderPrice,52
0015,LKUS_payment,realIpCity,52
0015,LKUS_payment,countryCode,42
0015,LKUS_payment,fullPhoneNo,42
0015,LKUS_payment,phoneCountry,42
0015,LKUS_payment,reviewRepeat,39
0015,LKUS_payment,isTaxRequired,52
0015,LKUS_payment,realIpCountry,52
0015,LKUS_payment,realIpProvince,52
0015,LKUS_payment,recaptchaV3Token,39
0015,LKUS_payment,recaptchaV3Action,39
0015,LKUS_payment,recaptchaV3Enabled,39
0015,LKUS_physical_order_create,shumeiDevId,10
0015,LKUS_physical_order_create,shumengDevId,10
0015,LKUS_physical_order_create,tongdunBlackBox,10
0015,LKUS_physical_order_create,packageOrderSkuCodes,2
0015,LKUS_physical_order_create,packageOrderSpuCodes,2
0015,LKUS_payment,packagingBagPrice,2
0015,LKUS_payment,packagingBagNumber,2
0015,LKUS_grant_new_user_coupon,app,4
0015,LKUS_grant_new_user_coupon,cid,5
0015,LKUS_grant_new_user_coupon,uid,5
0015,LKUS_grant_new_user_coupon,type,5
0015,LKUS_grant_new_user_coupon,extend,5
0015,LKUS_grant_new_user_coupon,origin,5
0015,LKUS_grant_new_user_coupon,realIp,5
0015,LKUS_grant_new_user_coupon,tenant,5
0015,LKUS_grant_new_user_coupon,userNo,5
0015,LKUS_grant_new_user_coupon,phoneNo,5
0015,LKUS_grant_new_user_coupon,readmes,5
0015,LKUS_grant_new_user_coupon,sceneId,5
0015,LKUS_grant_new_user_coupon,version,5
0015,LKUS_grant_new_user_coupon,discounts,5
0015,LKUS_grant_new_user_coupon,userAgent,5
0015,LKUS_grant_new_user_coupon,realIpCity,5
0015,LKUS_grant_new_user_coupon,countryCode,5
0015,LKUS_grant_new_user_coupon,couponNames,5
0015,LKUS_grant_new_user_coupon,couponTypes,5
0015,LKUS_grant_new_user_coupon,fullPhoneNo,5
0015,LKUS_grant_new_user_coupon,isBindPhone,5
0015,LKUS_grant_new_user_coupon,maskPhoneNo,5
0015,LKUS_grant_new_user_coupon,templateIds,5
0015,LKUS_grant_new_user_coupon,templateNos,5
0015,LKUS_grant_new_user_coupon,phoneCountry,5
0015,LKUS_grant_new_user_coupon,registerTime,5
0015,LKUS_grant_new_user_coupon,reviewRepeat,5
0015,LKUS_grant_new_user_coupon,realIpCountry,5
0015,LKUS_grant_new_user_coupon,discountLabels,5
0015,LKUS_grant_new_user_coupon,invitationCode,5
0015,LKUS_grant_new_user_coupon,realIpProvince,5
0015,LKUS_grant_new_user_coupon,recaptchaV3Token,5
0015,LKUS_grant_new_user_coupon,phoneNoEncryption,5
0015,LKUS_grant_new_user_coupon,recaptchaV3Action,5
0015,LKUS_grant_new_user_coupon,recaptchaV3Enabled,5
0015,LKUS_grant_new_user_coupon,couponDenominations,5
0015,LKUS_grant_new_user_coupon,couponDiscountTypes,5
0015,LKUS_grant_new_user_coupon,couponDiscountSubTypes,5
0015,LKUS_grant_new_user_coupon,couponDiscountTypeNames,5
0015,LKUS_register,app,4
0015,LKUS_register,cid,4
0015,LKUS_register,uid,4
0015,LKUS_register,realIp,4
0015,LKUS_register,tenant,4
0015,LKUS_register,phoneNo,4
0015,LKUS_register,version,4
0015,LKUS_register,userAgent,4
0015,LKUS_register,realIpCity,4
0015,LKUS_register,countryCode,4
0015,LKUS_register,fullPhoneNo,4
0015,LKUS_register,phoneCountry,4
0015,LKUS_register,reviewRepeat,4
0015,LKUS_register,realIpCountry,4
0015,LKUS_register,realIpProvince,4
0015,LKUS_register,recaptchaV3Token,4
0015,LKUS_register,recaptchaV3Action,4
0015,LKUS_register,recaptchaV3Enabled,4
0015,LKUS_grant_new_user_coupon,inviterCode,1
0015,LKUS_grant_new_user_coupon,inviterType,1
0015,LKUS_grant_new_user_coupon,inviterPhone,1
0015,LKUS_grant_new_user_coupon,inviterUserNo,1
0015,LKUS_grant_new_user_coupon,marketingCode,1
0015,LKUS_grant_new_user_coupon,invitationActivityNo,1
0016,LKUS_push,app,33
0016,LKUS_push,cid,34
0016,LKUS_push,uid,34
0016,LKUS_push,realIp,34
0016,LKUS_push,tenant,34
0016,LKUS_push,phoneNo,34
0016,LKUS_push,version,34
0016,LKUS_push,userAgent,34
0016,LKUS_push,realIpCity,34
0016,LKUS_push,countryCode,34
0016,LKUS_push,fullPhoneNo,34
0016,LKUS_push,phoneCountry,34
0016,LKUS_push,reviewRepeat,33
0016,LKUS_push,realIpCountry,34
0016,LKUS_push,realIpProvince,34
0016,LKUS_push,recaptchaV3Token,33
0016,LKUS_push,recaptchaV3Action,33
0016,LKUS_push,recaptchaV3Enabled,33
0016,LKUS_physical_order_create,app,27
0016,LKUS_physical_order_create,cid,34
0016,LKUS_physical_order_create,uid,34
0016,LKUS_physical_order_create,realIp,34
0016,LKUS_physical_order_create,shopId,34
0016,LKUS_physical_order_create,tenant,34
0016,LKUS_physical_order_create,userNo,34
0016,LKUS_physical_order_create,isGuest,34
0016,LKUS_physical_order_create,phoneNo,28
0016,LKUS_physical_order_create,version,34
0016,LKUS_physical_order_create,latitude,28
0016,LKUS_physical_order_create,couponNos,24
0016,LKUS_physical_order_create,longitude,28
0016,LKUS_physical_order_create,orderType,34
0016,LKUS_physical_order_create,taxAmount,34
0016,LKUS_physical_order_create,userAgent,34
0016,LKUS_physical_order_create,orderPrice,34
0016,LKUS_physical_order_create,realIpCity,34
0016,LKUS_physical_order_create,countryCode,34
0016,LKUS_physical_order_create,couponNames,24
0016,LKUS_physical_order_create,couponTypes,24
0016,LKUS_physical_order_create,fullPhoneNo,28
0016,LKUS_physical_order_create,shopAddress,34
0016,LKUS_physical_order_create,phoneCountry,28
0016,LKUS_physical_order_create,reviewRepeat,27
0016,LKUS_physical_order_create,shopCityName,34
0016,LKUS_physical_order_create,shopLatitude,34
0016,LKUS_physical_order_create,couponSources,24
0016,LKUS_physical_order_create,isTaxRequired,34
0016,LKUS_physical_order_create,orderSkuCodes,32
0016,LKUS_physical_order_create,orderSpuCodes,32
0016,LKUS_physical_order_create,productAmount,34
0016,LKUS_physical_order_create,realIpCountry,34
0016,LKUS_physical_order_create,shopLongitude,34
0016,LKUS_physical_order_create,realIpProvince,34
0016,LKUS_physical_order_create,recaptchaV3Token,27
0016,LKUS_physical_order_create,couponProposalNos,24
0016,LKUS_physical_order_create,couponTemplateIds,24
0016,LKUS_physical_order_create,recaptchaV3Action,27
0016,LKUS_physical_order_create,couponDenomination,24
0016,LKUS_physical_order_create,recaptchaV3Enabled,27
0016,LKUS_physical_order_create,couponDiscountTypes,24
0016,LKUS_physical_order_create,couponDiscountSubTypes,24
0016,LKUS_physical_order_cancel,app,1
0016,LKUS_physical_order_cancel,cid,1
0016,LKUS_physical_order_cancel,uid,1
0016,LKUS_physical_order_cancel,realIp,1
0016,LKUS_physical_order_cancel,shopId,1
0016,LKUS_physical_order_cancel,tenant,1
0016,LKUS_physical_order_cancel,userNo,1
0016,LKUS_physical_order_cancel,isGuest,1
0016,LKUS_physical_order_cancel,orderNo,1
0016,LKUS_physical_order_cancel,phoneNo,1
0016,LKUS_physical_order_cancel,version,1
0016,LKUS_physical_order_cancel,shopCity,1
0016,LKUS_physical_order_cancel,userAgent,1
0016,LKUS_physical_order_cancel,realIpCity,1
0016,LKUS_physical_order_cancel,countryCode,1
0016,LKUS_physical_order_cancel,fullPhoneNo,1
0016,LKUS_physical_order_cancel,totalOfMade,1
0016,LKUS_physical_order_cancel,phoneCountry,1
0016,LKUS_physical_order_cancel,reviewRepeat,1
0016,LKUS_physical_order_cancel,realIpCountry,1
0016,LKUS_physical_order_cancel,realIpProvince,1
0016,LKUS_physical_order_cancel,recaptchaV3Token,1
0016,LKUS_physical_order_cancel,recaptchaV3Action,1
0016,LKUS_physical_order_cancel,recaptchaV3Enabled,1
0016,LKUS_physical_order_cancel,cancelTypeEnumIndex,1
0016,LKUS_payment,app,25
0016,LKUS_payment,cid,32
0016,LKUS_payment,uid,32
0016,LKUS_payment,realIp,32
0016,LKUS_payment,shopId,32
0016,LKUS_payment,tenant,32
0016,LKUS_payment,userNo,32
0016,LKUS_payment,isGuest,32
0016,LKUS_payment,orderNo,32
0016,LKUS_payment,payType,32
0016,LKUS_payment,phoneNo,26
0016,LKUS_payment,version,32
0016,LKUS_payment,payMoney,32
0016,LKUS_payment,orderType,32
0016,LKUS_payment,taxAmount,32
0016,LKUS_payment,userAgent,32
0016,LKUS_payment,orderPrice,32
0016,LKUS_payment,realIpCity,32
0016,LKUS_payment,countryCode,26
0016,LKUS_payment,fullPhoneNo,26
0016,LKUS_payment,phoneCountry,26
0016,LKUS_payment,reviewRepeat,25
0016,LKUS_payment,isTaxRequired,32
0016,LKUS_payment,realIpCountry,32
0016,LKUS_payment,realIpProvince,32
0016,LKUS_payment,recaptchaV3Token,25
0016,LKUS_payment,recaptchaV3Action,25
0016,LKUS_payment,recaptchaV3Enabled,25
0016,LKUS_login,app,9
0016,LKUS_login,cid,10
0016,LKUS_login,uid,10
0016,LKUS_login,realIp,10
0016,LKUS_login,tenant,10
0016,LKUS_login,userNo,10
0016,LKUS_login,phoneNo,10
0016,LKUS_login,version,10
0016,LKUS_login,userAgent,10
0016,LKUS_login,realIpCity,10
0016,LKUS_login,countryCode,10
0016,LKUS_login,fullPhoneNo,10
0016,LKUS_login,phoneCountry,10
0016,LKUS_login,reviewRepeat,10
0016,LKUS_login,realIpCountry,10
0016,LKUS_login,realIpProvince,10
0016,LKUS_login,recaptchaV3Token,10
0016,LKUS_login,recaptchaV3Action,10
0016,LKUS_login,recaptchaV3Enabled,10
0016,LKUS_physical_order_create,shumeiDevId,6
0016,LKUS_physical_order_create,shumengDevId,6
0016,LKUS_physical_order_create,tongdunBlackBox,6
0016,LKUS_register,cid,1
0016,LKUS_register,uid,1
0016,LKUS_register,realIp,1
0016,LKUS_register,tenant,1
0016,LKUS_register,phoneNo,1
0016,LKUS_register,version,1
0016,LKUS_register,userAgent,1
0016,LKUS_register,realIpCity,1
0016,LKUS_register,countryCode,1
0016,LKUS_register,fullPhoneNo,1
0016,LKUS_register,phoneCountry,1
0016,LKUS_register,reviewRepeat,1
0016,LKUS_register,realIpCountry,1
0016,LKUS_register,realIpProvince,1
0016,LKUS_register,recaptchaV3Token,1
0016,LKUS_register,recaptchaV3Action,1
0016,LKUS_register,recaptchaV3Enabled,1
0016,LKUS_physical_order_create,packageOrderSkuCodes,2
0016,LKUS_physical_order_create,packageOrderSpuCodes,2
0016,LKUS_grant_new_user_coupon,app,3
0016,LKUS_grant_new_user_coupon,cid,4
0016,LKUS_grant_new_user_coupon,uid,4
0016,LKUS_grant_new_user_coupon,type,4
0016,LKUS_grant_new_user_coupon,extend,4
0016,LKUS_grant_new_user_coupon,origin,4
0016,LKUS_grant_new_user_coupon,realIp,4
0016,LKUS_grant_new_user_coupon,tenant,4
0016,LKUS_grant_new_user_coupon,userNo,4
0016,LKUS_grant_new_user_coupon,phoneNo,4
0016,LKUS_grant_new_user_coupon,readmes,4
0016,LKUS_grant_new_user_coupon,sceneId,4
0016,LKUS_grant_new_user_coupon,version,4
0016,LKUS_grant_new_user_coupon,discounts,4
0016,LKUS_grant_new_user_coupon,userAgent,4
0016,LKUS_grant_new_user_coupon,realIpCity,4
0016,LKUS_grant_new_user_coupon,countryCode,4
0016,LKUS_grant_new_user_coupon,couponNames,4
0016,LKUS_grant_new_user_coupon,couponTypes,4
0016,LKUS_grant_new_user_coupon,fullPhoneNo,4
0016,LKUS_grant_new_user_coupon,isBindPhone,4
0016,LKUS_grant_new_user_coupon,maskPhoneNo,4
0016,LKUS_grant_new_user_coupon,templateIds,4
0016,LKUS_grant_new_user_coupon,templateNos,4
0016,LKUS_grant_new_user_coupon,phoneCountry,4
0016,LKUS_grant_new_user_coupon,registerTime,4
0016,LKUS_grant_new_user_coupon,reviewRepeat,4
0016,LKUS_grant_new_user_coupon,realIpCountry,4
0016,LKUS_grant_new_user_coupon,discountLabels,4
0016,LKUS_grant_new_user_coupon,invitationCode,4
0016,LKUS_grant_new_user_coupon,realIpProvince,4
0016,LKUS_grant_new_user_coupon,recaptchaV3Token,4
0016,LKUS_grant_new_user_coupon,phoneNoEncryption,4
0016,LKUS_grant_new_user_coupon,recaptchaV3Action,4
0016,LKUS_grant_new_user_coupon,recaptchaV3Enabled,4
0016,LKUS_grant_new_user_coupon,couponDenominations,4
0016,LKUS_grant_new_user_coupon,couponDiscountTypes,4
0016,LKUS_grant_new_user_coupon,couponDiscountSubTypes,4
0016,LKUS_grant_new_user_coupon,couponDiscountTypeNames,4
0016,LKUS_grant_new_user_coupon,inviterCode,1
0016,LKUS_grant_new_user_coupon,inviterType,1
0016,LKUS_grant_new_user_coupon,inviterPhone,1
0016,LKUS_grant_new_user_coupon,inviterUserNo,1
0016,LKUS_grant_new_user_coupon,marketingCode,1
0016,LKUS_grant_new_user_coupon,invitationActivityNo,1
0017,LKUS_push,app,23
0017,LKUS_push,cid,27
0017,LKUS_push,uid,27
0017,LKUS_push,realIp,27
0017,LKUS_push,tenant,27
0017,LKUS_push,phoneNo,27
0017,LKUS_push,version,27
0017,LKUS_push,userAgent,27
0017,LKUS_push,realIpCity,27
0017,LKUS_push,countryCode,27
0017,LKUS_push,fullPhoneNo,27
0017,LKUS_push,phoneCountry,27
0017,LKUS_push,reviewRepeat,25
0017,LKUS_push,realIpCountry,27
0017,LKUS_push,realIpProvince,27
0017,LKUS_push,recaptchaV3Token,25
0017,LKUS_push,recaptchaV3Action,25
0017,LKUS_push,recaptchaV3Enabled,25
0017,LKUS_register,app,6
0017,LKUS_register,cid,7
0017,LKUS_register,uid,7
0017,LKUS_register,realIp,7
0017,LKUS_register,tenant,7
0017,LKUS_register,phoneNo,7
0017,LKUS_register,version,7
0017,LKUS_register,userAgent,7
0017,LKUS_register,realIpCity,7
0017,LKUS_register,countryCode,7
0017,LKUS_register,fullPhoneNo,7
0017,LKUS_register,phoneCountry,7
0017,LKUS_register,reviewRepeat,7
0017,LKUS_register,realIpCountry,7
0017,LKUS_register,realIpProvince,7
0017,LKUS_register,recaptchaV3Token,7
0017,LKUS_register,recaptchaV3Action,7
0017,LKUS_register,recaptchaV3Enabled,7
0017,LKUS_login,app,5
0017,LKUS_login,cid,6
0017,LKUS_login,uid,6
0017,LKUS_login,realIp,6
0017,LKUS_login,tenant,6
0017,LKUS_login,userNo,6
0017,LKUS_login,phoneNo,6
0017,LKUS_login,version,6
0017,LKUS_login,userAgent,6
0017,LKUS_login,realIpCity,6
0017,LKUS_login,countryCode,6
0017,LKUS_login,fullPhoneNo,6
0017,LKUS_login,phoneCountry,6
0017,LKUS_login,reviewRepeat,6
0017,LKUS_login,realIpCountry,6
0017,LKUS_login,realIpProvince,6
0017,LKUS_login,recaptchaV3Token,6
0017,LKUS_login,recaptchaV3Action,6
0017,LKUS_login,recaptchaV3Enabled,6
0017,LKUS_grant_new_user_coupon,app,4
0017,LKUS_grant_new_user_coupon,cid,4
0017,LKUS_grant_new_user_coupon,uid,4
0017,LKUS_grant_new_user_coupon,type,4
0017,LKUS_grant_new_user_coupon,extend,4
0017,LKUS_grant_new_user_coupon,origin,4
0017,LKUS_grant_new_user_coupon,realIp,4
0017,LKUS_grant_new_user_coupon,tenant,4
0017,LKUS_grant_new_user_coupon,userNo,4
0017,LKUS_grant_new_user_coupon,phoneNo,4
0017,LKUS_grant_new_user_coupon,readmes,4
0017,LKUS_grant_new_user_coupon,sceneId,4
0017,LKUS_grant_new_user_coupon,version,4
0017,LKUS_grant_new_user_coupon,discounts,4
0017,LKUS_grant_new_user_coupon,userAgent,4
0017,LKUS_grant_new_user_coupon,realIpCity,4
0017,LKUS_grant_new_user_coupon,countryCode,4
0017,LKUS_grant_new_user_coupon,couponNames,4
0017,LKUS_grant_new_user_coupon,couponTypes,4
0017,LKUS_grant_new_user_coupon,fullPhoneNo,4
0017,LKUS_grant_new_user_coupon,isBindPhone,4
0017,LKUS_grant_new_user_coupon,maskPhoneNo,4
0017,LKUS_grant_new_user_coupon,templateIds,4
0017,LKUS_grant_new_user_coupon,templateNos,4
0017,LKUS_grant_new_user_coupon,phoneCountry,4
0017,LKUS_grant_new_user_coupon,registerTime,4
0017,LKUS_grant_new_user_coupon,reviewRepeat,4
0017,LKUS_grant_new_user_coupon,realIpCountry,4
0017,LKUS_grant_new_user_coupon,discountLabels,4
0017,LKUS_grant_new_user_coupon,invitationCode,4
0017,LKUS_grant_new_user_coupon,realIpProvince,4
0017,LKUS_grant_new_user_coupon,recaptchaV3Token,4
0017,LKUS_grant_new_user_coupon,phoneNoEncryption,4
0017,LKUS_grant_new_user_coupon,recaptchaV3Action,4
0017,LKUS_grant_new_user_coupon,recaptchaV3Enabled,4
0017,LKUS_grant_new_user_coupon,couponDenominations,4
0017,LKUS_grant_new_user_coupon,couponDiscountTypes,4
0017,LKUS_grant_new_user_coupon,couponDiscountSubTypes,4
0017,LKUS_grant_new_user_coupon,couponDiscountTypeNames,4
0017,LKUS_physical_order_create,app,27
0017,LKUS_physical_order_create,cid,31
0017,LKUS_physical_order_create,uid,31
0017,LKUS_physical_order_create,realIp,31
0017,LKUS_physical_order_create,shopId,31
0017,LKUS_physical_order_create,tenant,31
0017,LKUS_physical_order_create,userNo,31
0017,LKUS_physical_order_create,isGuest,31
0017,LKUS_physical_order_create,phoneNo,28
0017,LKUS_physical_order_create,version,31
0017,LKUS_physical_order_create,latitude,28
0017,LKUS_physical_order_create,longitude,28
0017,LKUS_physical_order_create,orderType,31
0017,LKUS_physical_order_create,taxAmount,31
0017,LKUS_physical_order_create,userAgent,31
0017,LKUS_physical_order_create,orderPrice,31
0017,LKUS_physical_order_create,realIpCity,31
0017,LKUS_physical_order_create,countryCode,31
0017,LKUS_physical_order_create,fullPhoneNo,28
0017,LKUS_physical_order_create,shopAddress,31
0017,LKUS_physical_order_create,phoneCountry,28
0017,LKUS_physical_order_create,reviewRepeat,27
0017,LKUS_physical_order_create,shopCityName,31
0017,LKUS_physical_order_create,shopLatitude,31
0017,LKUS_physical_order_create,isTaxRequired,31
0017,LKUS_physical_order_create,productAmount,31
0017,LKUS_physical_order_create,realIpCountry,31
0017,LKUS_physical_order_create,shopLongitude,31
0017,LKUS_physical_order_create,realIpProvince,31
0017,LKUS_physical_order_create,recaptchaV3Token,27
0017,LKUS_physical_order_create,recaptchaV3Action,27
0017,LKUS_physical_order_create,recaptchaV3Enabled,27
0017,LKUS_physical_order_create,packageOrderSkuCodes,2
0017,LKUS_physical_order_create,packageOrderSpuCodes,2
0017,LKUS_payment,app,26
0017,LKUS_payment,cid,30
0017,LKUS_payment,uid,30
0017,LKUS_payment,realIp,30
0017,LKUS_payment,shopId,30
0017,LKUS_payment,tenant,30
0017,LKUS_payment,userNo,30
0017,LKUS_payment,isGuest,30
0017,LKUS_payment,orderNo,30
0017,LKUS_payment,payType,30
0017,LKUS_payment,phoneNo,27
0017,LKUS_payment,version,30
0017,LKUS_payment,payMoney,30
0017,LKUS_payment,orderType,30
0017,LKUS_payment,taxAmount,30
0017,LKUS_payment,userAgent,30
0017,LKUS_payment,orderPrice,30
0017,LKUS_payment,realIpCity,30
0017,LKUS_payment,countryCode,27
0017,LKUS_payment,fullPhoneNo,27
0017,LKUS_payment,phoneCountry,27
0017,LKUS_payment,reviewRepeat,26
0017,LKUS_payment,isTaxRequired,30
0017,LKUS_payment,realIpCountry,30
0017,LKUS_payment,realIpProvince,30
0017,LKUS_payment,recaptchaV3Token,25
0017,LKUS_payment,recaptchaV3Action,25
0017,LKUS_payment,recaptchaV3Enabled,26
0017,LKUS_physical_order_create,orderSkuCodes,29
0017,LKUS_physical_order_create,orderSpuCodes,29
0017,LKUS_physical_order_create,couponNos,25
0017,LKUS_physical_order_create,couponNames,25
0017,LKUS_physical_order_create,couponTypes,25
0017,LKUS_physical_order_create,couponSources,25
0017,LKUS_physical_order_create,couponProposalNos,25
0017,LKUS_physical_order_create,couponTemplateIds,25
0017,LKUS_physical_order_create,couponDenomination,25
0017,LKUS_physical_order_create,couponDiscountTypes,25
0017,LKUS_physical_order_create,couponDiscountSubTypes,25
0017,LKUS_physical_order_create,shumeiDevId,3
0017,LKUS_physical_order_create,shumengDevId,3
0017,LKUS_physical_order_create,tongdunBlackBox,3
0017,LKUS_push,userNo,1
0018,LKUS_push,app,29
0018,LKUS_push,cid,34
0018,LKUS_push,uid,34
0018,LKUS_push,realIp,34
0018,LKUS_push,tenant,34
0018,LKUS_push,phoneNo,34
0018,LKUS_push,version,34
0018,LKUS_push,userAgent,34
0018,LKUS_push,realIpCity,34
0018,LKUS_push,countryCode,34
0018,LKUS_push,fullPhoneNo,34
0018,LKUS_push,phoneCountry,34
0018,LKUS_push,reviewRepeat,30
0018,LKUS_push,realIpCountry,34
0018,LKUS_push,realIpProvince,34
0018,LKUS_push,recaptchaV3Token,30
0018,LKUS_push,recaptchaV3Action,30
0018,LKUS_push,recaptchaV3Enabled,30
0018,LKUS_physical_order_create,app,35
0018,LKUS_physical_order_create,cid,46
0018,LKUS_physical_order_create,uid,46
0018,LKUS_physical_order_create,realIp,46
0018,LKUS_physical_order_create,shopId,46
0018,LKUS_physical_order_create,tenant,46
0018,LKUS_physical_order_create,userNo,46
0018,LKUS_physical_order_create,isGuest,46
0018,LKUS_physical_order_create,phoneNo,37
0018,LKUS_physical_order_create,version,46
0018,LKUS_physical_order_create,latitude,37
0018,LKUS_physical_order_create,couponNos,31
0018,LKUS_physical_order_create,longitude,37
0018,LKUS_physical_order_create,orderType,46
0018,LKUS_physical_order_create,taxAmount,46
0018,LKUS_physical_order_create,userAgent,46
0018,LKUS_physical_order_create,orderPrice,46
0018,LKUS_physical_order_create,realIpCity,46
0018,LKUS_physical_order_create,countryCode,46
0018,LKUS_physical_order_create,couponNames,31
0018,LKUS_physical_order_create,couponTypes,31
0018,LKUS_physical_order_create,fullPhoneNo,37
0018,LKUS_physical_order_create,shopAddress,46
0018,LKUS_physical_order_create,phoneCountry,37
0018,LKUS_physical_order_create,reviewRepeat,36
0018,LKUS_physical_order_create,shopCityName,46
0018,LKUS_physical_order_create,shopLatitude,46
0018,LKUS_physical_order_create,couponSources,31
0018,LKUS_physical_order_create,isTaxRequired,46
0018,LKUS_physical_order_create,orderSkuCodes,45
0018,LKUS_physical_order_create,orderSpuCodes,45
0018,LKUS_physical_order_create,productAmount,46
0018,LKUS_physical_order_create,realIpCountry,46
0018,LKUS_physical_order_create,shopLongitude,46
0018,LKUS_physical_order_create,realIpProvince,46
0018,LKUS_physical_order_create,recaptchaV3Token,36
0018,LKUS_physical_order_create,couponProposalNos,31
0018,LKUS_physical_order_create,couponTemplateIds,31
0018,LKUS_physical_order_create,recaptchaV3Action,36
0018,LKUS_physical_order_create,couponDenomination,31
0018,LKUS_physical_order_create,recaptchaV3Enabled,36
0018,LKUS_physical_order_create,couponDiscountTypes,31
0018,LKUS_physical_order_create,couponDiscountSubTypes,31
0018,LKUS_payment,app,37
0018,LKUS_payment,cid,48
0018,LKUS_payment,uid,48
0018,LKUS_payment,realIp,48
0018,LKUS_payment,shopId,48
0018,LKUS_payment,tenant,48
0018,LKUS_payment,userNo,48
0018,LKUS_payment,isGuest,48
0018,LKUS_payment,orderNo,48
0018,LKUS_payment,payType,48
0018,LKUS_payment,phoneNo,39
0018,LKUS_payment,version,48
0018,LKUS_payment,payMoney,48
0018,LKUS_payment,orderType,48
0018,LKUS_payment,taxAmount,48
0018,LKUS_payment,userAgent,48
0018,LKUS_payment,orderPrice,48
0018,LKUS_payment,realIpCity,48
0018,LKUS_payment,countryCode,39
0018,LKUS_payment,fullPhoneNo,39
0018,LKUS_payment,phoneCountry,39
0018,LKUS_payment,reviewRepeat,38
0018,LKUS_payment,isTaxRequired,48
0018,LKUS_payment,realIpCountry,48
0018,LKUS_payment,realIpProvince,48
0018,LKUS_payment,recaptchaV3Token,38
0018,LKUS_payment,recaptchaV3Action,38
0018,LKUS_payment,recaptchaV3Enabled,38
0018,LKUS_physical_order_create,packageOrderSkuCodes,1
0018,LKUS_physical_order_create,packageOrderSpuCodes,1
0018,LKUS_login,app,9
0018,LKUS_login,cid,14
0018,LKUS_login,uid,14
0018,LKUS_login,realIp,14
0018,LKUS_login,tenant,14
0018,LKUS_login,userNo,14
0018,LKUS_login,phoneNo,14
0018,LKUS_login,version,14
0018,LKUS_login,userAgent,14
0018,LKUS_login,realIpCity,14
0018,LKUS_login,countryCode,14
0018,LKUS_login,fullPhoneNo,14
0018,LKUS_login,phoneCountry,14
0018,LKUS_login,reviewRepeat,11
0018,LKUS_login,realIpCountry,14
0018,LKUS_login,realIpProvince,14
0018,LKUS_login,recaptchaV3Token,11
0018,LKUS_login,recaptchaV3Action,11
0018,LKUS_login,recaptchaV3Enabled,11
0018,LKUS_register,cid,4
0018,LKUS_register,uid,4
0018,LKUS_register,realIp,4
0018,LKUS_register,tenant,4
0018,LKUS_register,phoneNo,4
0018,LKUS_register,version,4
0018,LKUS_register,userAgent,4
0018,LKUS_register,realIpCity,4
0018,LKUS_register,countryCode,4
0018,LKUS_register,fullPhoneNo,4
0018,LKUS_register,phoneCountry,4
0018,LKUS_register,reviewRepeat,4
0018,LKUS_register,realIpCountry,4
0018,LKUS_register,realIpProvince,4
0018,LKUS_register,recaptchaV3Token,4
0018,LKUS_register,recaptchaV3Action,4
0018,LKUS_register,recaptchaV3Enabled,4
0018,LKUS_grant_new_user_coupon,app,7
0018,LKUS_grant_new_user_coupon,cid,10
0018,LKUS_grant_new_user_coupon,uid,10
0018,LKUS_grant_new_user_coupon,type,10
0018,LKUS_grant_new_user_coupon,extend,10
0018,LKUS_grant_new_user_coupon,origin,10
0018,LKUS_grant_new_user_coupon,realIp,10
0018,LKUS_grant_new_user_coupon,tenant,10
0018,LKUS_grant_new_user_coupon,userNo,10
0018,LKUS_grant_new_user_coupon,phoneNo,10
0018,LKUS_grant_new_user_coupon,readmes,10
0018,LKUS_grant_new_user_coupon,sceneId,10
0018,LKUS_grant_new_user_coupon,version,10
0018,LKUS_grant_new_user_coupon,discounts,10
0018,LKUS_grant_new_user_coupon,userAgent,10
0018,LKUS_grant_new_user_coupon,realIpCity,10
0018,LKUS_grant_new_user_coupon,countryCode,10
0018,LKUS_grant_new_user_coupon,couponNames,10
0018,LKUS_grant_new_user_coupon,couponTypes,10
0018,LKUS_grant_new_user_coupon,fullPhoneNo,10
0018,LKUS_grant_new_user_coupon,isBindPhone,10
0018,LKUS_grant_new_user_coupon,maskPhoneNo,10
0018,LKUS_grant_new_user_coupon,templateIds,10
0018,LKUS_grant_new_user_coupon,templateNos,10
0018,LKUS_grant_new_user_coupon,phoneCountry,10
0018,LKUS_grant_new_user_coupon,registerTime,10
0018,LKUS_grant_new_user_coupon,reviewRepeat,9
0018,LKUS_grant_new_user_coupon,realIpCountry,10
0018,LKUS_grant_new_user_coupon,discountLabels,10
0018,LKUS_grant_new_user_coupon,invitationCode,10
0018,LKUS_grant_new_user_coupon,realIpProvince,10
0018,LKUS_grant_new_user_coupon,recaptchaV3Token,9
0018,LKUS_grant_new_user_coupon,phoneNoEncryption,10
0018,LKUS_grant_new_user_coupon,recaptchaV3Action,9
0018,LKUS_grant_new_user_coupon,recaptchaV3Enabled,9
0018,LKUS_grant_new_user_coupon,couponDenominations,10
0018,LKUS_grant_new_user_coupon,couponDiscountTypes,10
0018,LKUS_grant_new_user_coupon,couponDiscountSubTypes,10
0018,LKUS_grant_new_user_coupon,couponDiscountTypeNames,10
0018,LKUS_physical_order_cancel,app,1
0018,LKUS_physical_order_cancel,cid,1
0018,LKUS_physical_order_cancel,uid,1
0018,LKUS_physical_order_cancel,realIp,1
0018,LKUS_physical_order_cancel,shopId,1
0018,LKUS_physical_order_cancel,tenant,1
0018,LKUS_physical_order_cancel,userNo,1
0018,LKUS_physical_order_cancel,isGuest,1
0018,LKUS_physical_order_cancel,orderNo,1
0018,LKUS_physical_order_cancel,phoneNo,1
0018,LKUS_physical_order_cancel,version,1
0018,LKUS_physical_order_cancel,shopCity,1
0018,LKUS_physical_order_cancel,userAgent,1
0018,LKUS_physical_order_cancel,realIpCity,1
0018,LKUS_physical_order_cancel,countryCode,1
0018,LKUS_physical_order_cancel,fullPhoneNo,1
0018,LKUS_physical_order_cancel,totalOfMade,1
0018,LKUS_physical_order_cancel,phoneCountry,1
0018,LKUS_physical_order_cancel,reviewRepeat,1
0018,LKUS_physical_order_cancel,realIpCountry,1
0018,LKUS_physical_order_cancel,realIpProvince,1
0018,LKUS_physical_order_cancel,recaptchaV3Token,1
0018,LKUS_physical_order_cancel,recaptchaV3Action,1
0018,LKUS_physical_order_cancel,recaptchaV3Enabled,1
0018,LKUS_physical_order_cancel,cancelTypeEnumIndex,1
0018,LKUS_physical_order_create,shumeiDevId,9
0018,LKUS_physical_order_create,shumengDevId,9
0018,LKUS_physical_order_create,tongdunBlackBox,9
0018,LKUS_grant_new_user_coupon,inviterCode,2
0018,LKUS_grant_new_user_coupon,inviterType,2
0018,LKUS_grant_new_user_coupon,inviterPhone,2
0018,LKUS_grant_new_user_coupon,inviterUserNo,2
0018,LKUS_grant_new_user_coupon,marketingCode,2
0018,LKUS_grant_new_user_coupon,invitationActivityNo,2
0018,LKUS_register,app,3
0018,LKUS_push,userNo,1
0019,LKUS_push,app,50
0019,LKUS_push,cid,52
0019,LKUS_push,uid,52
0019,LKUS_push,realIp,52
0019,LKUS_push,tenant,52
0019,LKUS_push,phoneNo,52
0019,LKUS_push,version,52
0019,LKUS_push,userAgent,52
0019,LKUS_push,realIpCity,52
0019,LKUS_push,countryCode,52
0019,LKUS_push,fullPhoneNo,52
0019,LKUS_push,phoneCountry,52
0019,LKUS_push,reviewRepeat,52
0019,LKUS_push,realIpCountry,52
0019,LKUS_push,realIpProvince,52
0019,LKUS_push,recaptchaV3Token,52
0019,LKUS_push,recaptchaV3Action,52
0019,LKUS_push,recaptchaV3Enabled,52
0019,LKUS_physical_order_create,app,31
0019,LKUS_physical_order_create,cid,39
0019,LKUS_physical_order_create,uid,39
0019,LKUS_physical_order_create,realIp,39
0019,LKUS_physical_order_create,shopId,39
0019,LKUS_physical_order_create,tenant,39
0019,LKUS_physical_order_create,userNo,39
0019,LKUS_physical_order_create,isGuest,39
0019,LKUS_physical_order_create,phoneNo,31
0019,LKUS_physical_order_create,version,39
0019,LKUS_physical_order_create,latitude,31
0019,LKUS_physical_order_create,couponNos,29
0019,LKUS_physical_order_create,longitude,31
0019,LKUS_physical_order_create,orderType,39
0019,LKUS_physical_order_create,taxAmount,39
0019,LKUS_physical_order_create,userAgent,39
0019,LKUS_physical_order_create,orderPrice,39
0019,LKUS_physical_order_create,realIpCity,39
0019,LKUS_physical_order_create,countryCode,39
0019,LKUS_physical_order_create,couponNames,29
0019,LKUS_physical_order_create,couponTypes,29
0019,LKUS_physical_order_create,fullPhoneNo,31
0019,LKUS_physical_order_create,shopAddress,39
0019,LKUS_physical_order_create,phoneCountry,31
0019,LKUS_physical_order_create,reviewRepeat,30
0019,LKUS_physical_order_create,shopCityName,39
0019,LKUS_physical_order_create,shopLatitude,39
0019,LKUS_physical_order_create,couponSources,29
0019,LKUS_physical_order_create,isTaxRequired,39
0019,LKUS_physical_order_create,orderSkuCodes,39
0019,LKUS_physical_order_create,orderSpuCodes,39
0019,LKUS_physical_order_create,productAmount,39
0019,LKUS_physical_order_create,realIpCountry,39
0019,LKUS_physical_order_create,shopLongitude,39
0019,LKUS_physical_order_create,realIpProvince,39
0019,LKUS_physical_order_create,recaptchaV3Token,30
0019,LKUS_physical_order_create,couponProposalNos,29
0019,LKUS_physical_order_create,couponTemplateIds,29
0019,LKUS_physical_order_create,recaptchaV3Action,30
0019,LKUS_physical_order_create,couponDenomination,29
0019,LKUS_physical_order_create,recaptchaV3Enabled,30
0019,LKUS_physical_order_create,couponDiscountTypes,29
0019,LKUS_physical_order_create,couponDiscountSubTypes,29
0019,LKUS_payment,app,31
0019,LKUS_payment,cid,41
0019,LKUS_payment,uid,41
0019,LKUS_payment,realIp,41
0019,LKUS_payment,shopId,41
0019,LKUS_payment,tenant,41
0019,LKUS_payment,userNo,41
0019,LKUS_payment,isGuest,41
0019,LKUS_payment,orderNo,41
0019,LKUS_payment,payType,41
0019,LKUS_payment,phoneNo,31
0019,LKUS_payment,version,41
0019,LKUS_payment,payMoney,41
0019,LKUS_payment,orderType,41
0019,LKUS_payment,taxAmount,41
0019,LKUS_payment,userAgent,41
0019,LKUS_payment,orderPrice,41
0019,LKUS_payment,realIpCity,41
0019,LKUS_payment,countryCode,31
0019,LKUS_payment,fullPhoneNo,31
0019,LKUS_payment,phoneCountry,31
0019,LKUS_payment,reviewRepeat,30
0019,LKUS_payment,isTaxRequired,41
0019,LKUS_payment,realIpCountry,41
0019,LKUS_payment,realIpProvince,41
0019,LKUS_payment,recaptchaV3Token,30
0019,LKUS_payment,recaptchaV3Action,30
0019,LKUS_payment,recaptchaV3Enabled,30
0019,LKUS_physical_order_create,shumeiDevId,8
0019,LKUS_physical_order_create,shumengDevId,8
0019,LKUS_physical_order_create,tongdunBlackBox,8
0019,LKUS_login,app,4
0019,LKUS_login,cid,5
0019,LKUS_login,uid,5
0019,LKUS_login,realIp,5
0019,LKUS_login,tenant,5
0019,LKUS_login,userNo,5
0019,LKUS_login,phoneNo,5
0019,LKUS_login,version,5
0019,LKUS_login,userAgent,5
0019,LKUS_login,realIpCity,5
0019,LKUS_login,countryCode,5
0019,LKUS_login,fullPhoneNo,5
0019,LKUS_login,phoneCountry,5
0019,LKUS_login,reviewRepeat,5
0019,LKUS_login,realIpCountry,5
0019,LKUS_login,realIpProvince,5
0019,LKUS_login,recaptchaV3Token,5
0019,LKUS_login,recaptchaV3Action,5
0019,LKUS_login,recaptchaV3Enabled,5
0019,LKUS_grant_new_user_coupon,app,2
0019,LKUS_grant_new_user_coupon,cid,3
0019,LKUS_grant_new_user_coupon,uid,3
0019,LKUS_grant_new_user_coupon,type,3
0019,LKUS_grant_new_user_coupon,extend,3
0019,LKUS_grant_new_user_coupon,origin,3
0019,LKUS_grant_new_user_coupon,realIp,3
0019,LKUS_grant_new_user_coupon,tenant,3
0019,LKUS_grant_new_user_coupon,userNo,3
0019,LKUS_grant_new_user_coupon,phoneNo,3
0019,LKUS_grant_new_user_coupon,readmes,3
0019,LKUS_grant_new_user_coupon,sceneId,3
0019,LKUS_grant_new_user_coupon,version,3
0019,LKUS_grant_new_user_coupon,discounts,3
0019,LKUS_grant_new_user_coupon,userAgent,3
0019,LKUS_grant_new_user_coupon,realIpCity,3
0019,LKUS_grant_new_user_coupon,countryCode,3
0019,LKUS_grant_new_user_coupon,couponNames,3
0019,LKUS_grant_new_user_coupon,couponTypes,3
0019,LKUS_grant_new_user_coupon,fullPhoneNo,3
0019,LKUS_grant_new_user_coupon,isBindPhone,3
0019,LKUS_grant_new_user_coupon,maskPhoneNo,3
0019,LKUS_grant_new_user_coupon,templateIds,3
0019,LKUS_grant_new_user_coupon,templateNos,3
0019,LKUS_grant_new_user_coupon,phoneCountry,3
0019,LKUS_grant_new_user_coupon,registerTime,3
0019,LKUS_grant_new_user_coupon,reviewRepeat,3
0019,LKUS_grant_new_user_coupon,realIpCountry,3
0019,LKUS_grant_new_user_coupon,discountLabels,3
0019,LKUS_grant_new_user_coupon,invitationCode,3
0019,LKUS_grant_new_user_coupon,realIpProvince,3
0019,LKUS_grant_new_user_coupon,recaptchaV3Token,3
0019,LKUS_grant_new_user_coupon,phoneNoEncryption,3
0019,LKUS_grant_new_user_coupon,recaptchaV3Action,3
0019,LKUS_grant_new_user_coupon,recaptchaV3Enabled,3
0019,LKUS_grant_new_user_coupon,couponDenominations,3
0019,LKUS_grant_new_user_coupon,couponDiscountTypes,3
0019,LKUS_grant_new_user_coupon,couponDiscountSubTypes,3
0019,LKUS_grant_new_user_coupon,couponDiscountTypeNames,3
0019,LKUS_payment,packagingBagPrice,3
0019,LKUS_payment,packagingBagNumber,3
0019,LKUS_register,app,2
0019,LKUS_register,cid,3
0019,LKUS_register,uid,3
0019,LKUS_register,realIp,3
0019,LKUS_register,tenant,3
0019,LKUS_register,phoneNo,3
0019,LKUS_register,version,3
0019,LKUS_register,userAgent,3
0019,LKUS_register,realIpCity,3
0019,LKUS_register,countryCode,3
0019,LKUS_register,fullPhoneNo,3
0019,LKUS_register,phoneCountry,3
0019,LKUS_register,reviewRepeat,3
0019,LKUS_register,realIpCountry,3
0019,LKUS_register,realIpProvince,3
0019,LKUS_register,recaptchaV3Token,3
0019,LKUS_register,recaptchaV3Action,3
0019,LKUS_register,recaptchaV3Enabled,3
0019,LKUS_grant_new_user_coupon,inviterCode,1
0019,LKUS_grant_new_user_coupon,inviterType,1
0019,LKUS_grant_new_user_coupon,inviterPhone,1
0019,LKUS_grant_new_user_coupon,inviterUserNo,1
0019,LKUS_grant_new_user_coupon,marketingCode,1
0019,LKUS_grant_new_user_coupon,invitationActivityNo,1
0020,LKUS_push,app,59
0020,LKUS_push,cid,63
0020,LKUS_push,uid,63
0020,LKUS_push,realIp,63
0020,LKUS_push,tenant,63
0020,LKUS_push,phoneNo,63
0020,LKUS_push,version,63
0020,LKUS_push,userAgent,63
0020,LKUS_push,realIpCity,63
0020,LKUS_push,countryCode,63
0020,LKUS_push,fullPhoneNo,63
0020,LKUS_push,phoneCountry,63
0020,LKUS_push,reviewRepeat,60
0020,LKUS_push,realIpCountry,63
0020,LKUS_push,realIpProvince,63
0020,LKUS_push,recaptchaV3Token,60
0020,LKUS_push,recaptchaV3Action,60
0020,LKUS_push,recaptchaV3Enabled,60
0020,LKUS_register,app,6
0020,LKUS_register,cid,7
0020,LKUS_register,uid,7
0020,LKUS_register,realIp,7
0020,LKUS_register,tenant,7
0020,LKUS_register,phoneNo,7
0020,LKUS_register,version,7
0020,LKUS_register,userAgent,7
0020,LKUS_register,realIpCity,7
0020,LKUS_register,countryCode,7
0020,LKUS_register,fullPhoneNo,7
0020,LKUS_register,phoneCountry,7
0020,LKUS_register,reviewRepeat,7
0020,LKUS_register,realIpCountry,7
0020,LKUS_register,realIpProvince,7
0020,LKUS_register,recaptchaV3Token,7
0020,LKUS_register,recaptchaV3Action,7
0020,LKUS_register,recaptchaV3Enabled,7
0020,LKUS_physical_order_create,app,38
0020,LKUS_physical_order_create,cid,49
0020,LKUS_physical_order_create,uid,49
0020,LKUS_physical_order_create,realIp,49
0020,LKUS_physical_order_create,shopId,49
0020,LKUS_physical_order_create,tenant,49
0020,LKUS_physical_order_create,userNo,49
0020,LKUS_physical_order_create,isGuest,49
0020,LKUS_physical_order_create,phoneNo,41
0020,LKUS_physical_order_create,version,49
0020,LKUS_physical_order_create,latitude,41
0020,LKUS_physical_order_create,couponNos,37
0020,LKUS_physical_order_create,longitude,41
0020,LKUS_physical_order_create,orderType,49
0020,LKUS_physical_order_create,taxAmount,49
0020,LKUS_physical_order_create,userAgent,49
0020,LKUS_physical_order_create,orderPrice,48
0020,LKUS_physical_order_create,realIpCity,49
0020,LKUS_physical_order_create,countryCode,49
0020,LKUS_physical_order_create,couponNames,37
0020,LKUS_physical_order_create,couponTypes,37
0020,LKUS_physical_order_create,fullPhoneNo,41
0020,LKUS_physical_order_create,shopAddress,49
0020,LKUS_physical_order_create,phoneCountry,41
0020,LKUS_physical_order_create,reviewRepeat,38
0020,LKUS_physical_order_create,shopCityName,49
0020,LKUS_physical_order_create,shopLatitude,49
0020,LKUS_physical_order_create,couponSources,37
0020,LKUS_physical_order_create,isTaxRequired,49
0020,LKUS_physical_order_create,orderSkuCodes,49
0020,LKUS_physical_order_create,orderSpuCodes,49
0020,LKUS_physical_order_create,productAmount,49
0020,LKUS_physical_order_create,realIpCountry,49
0020,LKUS_physical_order_create,shopLongitude,49
0020,LKUS_physical_order_create,realIpProvince,49
0020,LKUS_physical_order_create,recaptchaV3Token,38
0020,LKUS_physical_order_create,couponProposalNos,37
0020,LKUS_physical_order_create,couponTemplateIds,37
0020,LKUS_physical_order_create,recaptchaV3Action,38
0020,LKUS_physical_order_create,couponDenomination,37
0020,LKUS_physical_order_create,recaptchaV3Enabled,38
0020,LKUS_physical_order_create,couponDiscountTypes,37
0020,LKUS_physical_order_create,couponDiscountSubTypes,37
0020,LKUS_payment,app,39
0020,LKUS_payment,cid,50
0020,LKUS_payment,uid,50
0020,LKUS_payment,realIp,50
0020,LKUS_payment,shopId,50
0020,LKUS_payment,tenant,50
0020,LKUS_payment,userNo,50
0020,LKUS_payment,isGuest,50
0020,LKUS_payment,orderNo,50
0020,LKUS_payment,payType,50
0020,LKUS_payment,phoneNo,42
0020,LKUS_payment,version,50
0020,LKUS_payment,payMoney,50
0020,LKUS_payment,orderType,50
0020,LKUS_payment,taxAmount,50
0020,LKUS_payment,userAgent,50
0020,LKUS_payment,orderPrice,50
0020,LKUS_payment,realIpCity,50
0020,LKUS_payment,countryCode,42
0020,LKUS_payment,fullPhoneNo,42
0020,LKUS_payment,phoneCountry,42
0020,LKUS_payment,reviewRepeat,39
0020,LKUS_payment,isTaxRequired,50
0020,LKUS_payment,realIpCountry,50
0020,LKUS_payment,realIpProvince,50
0020,LKUS_payment,recaptchaV3Token,39
0020,LKUS_payment,recaptchaV3Action,39
0020,LKUS_payment,recaptchaV3Enabled,39
0020,LKUS_login,app,13
0020,LKUS_login,cid,15
0020,LKUS_login,uid,15
0020,LKUS_login,realIp,15
0020,LKUS_login,tenant,15
0020,LKUS_login,userNo,15
0020,LKUS_login,phoneNo,15
0020,LKUS_login,version,15
0020,LKUS_login,userAgent,15
0020,LKUS_login,realIpCity,15
0020,LKUS_login,countryCode,15
0020,LKUS_login,fullPhoneNo,15
0020,LKUS_login,phoneCountry,15
0020,LKUS_login,reviewRepeat,15
0020,LKUS_login,realIpCountry,15
0020,LKUS_login,realIpProvince,15
0020,LKUS_login,recaptchaV3Token,15
0020,LKUS_login,recaptchaV3Action,15
0020,LKUS_login,recaptchaV3Enabled,15
0020,LKUS_physical_order_create,shumeiDevId,8
0020,LKUS_physical_order_create,shumengDevId,8
0020,LKUS_physical_order_create,tongdunBlackBox,8
0020,LKUS_grant_new_user_coupon,app,7
0020,LKUS_grant_new_user_coupon,cid,7
0020,LKUS_grant_new_user_coupon,uid,7
0020,LKUS_grant_new_user_coupon,type,7
0020,LKUS_grant_new_user_coupon,extend,7
0020,LKUS_grant_new_user_coupon,origin,7
0020,LKUS_grant_new_user_coupon,realIp,7
0020,LKUS_grant_new_user_coupon,tenant,7
0020,LKUS_grant_new_user_coupon,userNo,7
0020,LKUS_grant_new_user_coupon,phoneNo,7
0020,LKUS_grant_new_user_coupon,readmes,7
0020,LKUS_grant_new_user_coupon,sceneId,7
0020,LKUS_grant_new_user_coupon,version,7
0020,LKUS_grant_new_user_coupon,discounts,7
0020,LKUS_grant_new_user_coupon,userAgent,7
0020,LKUS_grant_new_user_coupon,realIpCity,7
0020,LKUS_grant_new_user_coupon,countryCode,7
0020,LKUS_grant_new_user_coupon,couponNames,7
0020,LKUS_grant_new_user_coupon,couponTypes,7
0020,LKUS_grant_new_user_coupon,fullPhoneNo,7
0020,LKUS_grant_new_user_coupon,isBindPhone,7
0020,LKUS_grant_new_user_coupon,maskPhoneNo,7
0020,LKUS_grant_new_user_coupon,templateIds,7
0020,LKUS_grant_new_user_coupon,templateNos,7
0020,LKUS_grant_new_user_coupon,phoneCountry,7
0020,LKUS_grant_new_user_coupon,registerTime,7
0020,LKUS_grant_new_user_coupon,reviewRepeat,7
0020,LKUS_grant_new_user_coupon,realIpCountry,7
0020,LKUS_grant_new_user_coupon,discountLabels,7
0020,LKUS_grant_new_user_coupon,invitationCode,7
0020,LKUS_grant_new_user_coupon,realIpProvince,7
0020,LKUS_grant_new_user_coupon,recaptchaV3Token,7
0020,LKUS_grant_new_user_coupon,phoneNoEncryption,7
0020,LKUS_grant_new_user_coupon,recaptchaV3Action,7
0020,LKUS_grant_new_user_coupon,recaptchaV3Enabled,7
0020,LKUS_grant_new_user_coupon,couponDenominations,7
0020,LKUS_grant_new_user_coupon,couponDiscountTypes,7
0020,LKUS_grant_new_user_coupon,couponDiscountSubTypes,7
0020,LKUS_grant_new_user_coupon,couponDiscountTypeNames,7
0020,LKUS_physical_order_create,packageOrderSkuCodes,1
0020,LKUS_physical_order_create,packageOrderSpuCodes,1
0020,LKUS_push,userNo,3
0021,LKUS_push,cid,59
0021,LKUS_push,uid,59
0021,LKUS_push,realIp,59
0021,LKUS_push,tenant,59
0021,LKUS_push,phoneNo,59
0021,LKUS_push,version,59
0021,LKUS_push,userAgent,59
0021,LKUS_push,realIpCity,59
0021,LKUS_push,countryCode,59
0021,LKUS_push,fullPhoneNo,59
0021,LKUS_push,phoneCountry,59
0021,LKUS_push,reviewRepeat,56
0021,LKUS_push,realIpCountry,59
0021,LKUS_push,realIpProvince,59
0021,LKUS_push,recaptchaV3Token,55
0021,LKUS_push,recaptchaV3Action,55
0021,LKUS_push,recaptchaV3Enabled,56
0021,LKUS_captcha,cid,1
0021,LKUS_captcha,uid,1
0021,LKUS_captcha,realIp,1
0021,LKUS_captcha,tenant,1
0021,LKUS_captcha,isGuest,1
0021,LKUS_captcha,phoneNo,1
0021,LKUS_captcha,version,1
0021,LKUS_captcha,eventName,1
0021,LKUS_captcha,userAgent,1
0021,LKUS_captcha,realIpCity,1
0021,LKUS_captcha,countryCode,1
0021,LKUS_captcha,fullPhoneNo,1
0021,LKUS_captcha,captchaScene,1
0021,LKUS_captcha,phoneCountry,1
0021,LKUS_captcha,reviewRepeat,1
0021,LKUS_captcha,realIpCountry,1
0021,LKUS_captcha,realIpProvince,1
0021,LKUS_captcha,verifyCodeType,1
0021,LKUS_captcha,recaptchaV2Token,1
0021,LKUS_captcha,recaptchaV3Token,1
0021,LKUS_captcha,recaptchaV3Action,1
0021,LKUS_captcha,verifyCodeTypeName,1
0021,LKUS_push,app,45
0021,LKUS_physical_order_create,app,35
0021,LKUS_physical_order_create,cid,45
0021,LKUS_physical_order_create,uid,45
0021,LKUS_physical_order_create,realIp,45
0021,LKUS_physical_order_create,shopId,45
0021,LKUS_physical_order_create,tenant,45
0021,LKUS_physical_order_create,userNo,45
0021,LKUS_physical_order_create,isGuest,45
0021,LKUS_physical_order_create,phoneNo,36
0021,LKUS_physical_order_create,version,45
0021,LKUS_physical_order_create,latitude,36
0021,LKUS_physical_order_create,couponNos,28
0021,LKUS_physical_order_create,longitude,36
0021,LKUS_physical_order_create,orderType,45
0021,LKUS_physical_order_create,taxAmount,45
0021,LKUS_physical_order_create,userAgent,45
0021,LKUS_physical_order_create,orderPrice,45
0021,LKUS_physical_order_create,realIpCity,45
0021,LKUS_physical_order_create,countryCode,45
0021,LKUS_physical_order_create,couponNames,28
0021,LKUS_physical_order_create,couponTypes,28
0021,LKUS_physical_order_create,fullPhoneNo,36
0021,LKUS_physical_order_create,shopAddress,45
0021,LKUS_physical_order_create,phoneCountry,36
0021,LKUS_physical_order_create,reviewRepeat,32
0021,LKUS_physical_order_create,shopCityName,45
0021,LKUS_physical_order_create,shopLatitude,45
0021,LKUS_physical_order_create,couponSources,28
0021,LKUS_physical_order_create,isTaxRequired,45
0021,LKUS_physical_order_create,orderSkuCodes,42
0021,LKUS_physical_order_create,orderSpuCodes,42
0021,LKUS_physical_order_create,productAmount,45
0021,LKUS_physical_order_create,realIpCountry,45
0021,LKUS_physical_order_create,shopLongitude,45
0021,LKUS_physical_order_create,realIpProvince,45
0021,LKUS_physical_order_create,recaptchaV3Token,32
0021,LKUS_physical_order_create,couponProposalNos,28
0021,LKUS_physical_order_create,couponTemplateIds,28
0021,LKUS_physical_order_create,recaptchaV3Action,32
0021,LKUS_physical_order_create,couponDenomination,28
0021,LKUS_physical_order_create,recaptchaV3Enabled,32
0021,LKUS_physical_order_create,couponDiscountTypes,28
0021,LKUS_physical_order_create,couponDiscountSubTypes,28
0021,LKUS_payment,app,35
0021,LKUS_payment,cid,46
0021,LKUS_payment,uid,46
0021,LKUS_payment,realIp,46
0021,LKUS_payment,shopId,46
0021,LKUS_payment,tenant,46
0021,LKUS_payment,userNo,46
0021,LKUS_payment,isGuest,46
0021,LKUS_payment,orderNo,46
0021,LKUS_payment,payType,46
0021,LKUS_payment,phoneNo,36
0021,LKUS_payment,version,46
0021,LKUS_payment,payMoney,46
0021,LKUS_payment,orderType,46
0021,LKUS_payment,taxAmount,46
0021,LKUS_payment,userAgent,46
0021,LKUS_payment,orderPrice,46
0021,LKUS_payment,realIpCity,46
0021,LKUS_payment,countryCode,36
0021,LKUS_payment,fullPhoneNo,36
0021,LKUS_payment,phoneCountry,36
0021,LKUS_payment,reviewRepeat,32
0021,LKUS_payment,isTaxRequired,46
0021,LKUS_payment,realIpCountry,46
0021,LKUS_payment,realIpProvince,46
0021,LKUS_payment,recaptchaV3Token,32
0021,LKUS_payment,recaptchaV3Action,32
0021,LKUS_payment,recaptchaV3Enabled,32
0021,LKUS_physical_order_create,packageOrderSkuCodes,3
0021,LKUS_physical_order_create,packageOrderSpuCodes,3
0021,LKUS_physical_order_create,shumeiDevId,9
0021,LKUS_physical_order_create,shumengDevId,9
0021,LKUS_physical_order_create,tongdunBlackBox,9
0021,LKUS_grant_new_user_coupon,cid,5
0021,LKUS_grant_new_user_coupon,uid,5
0021,LKUS_grant_new_user_coupon,type,5
0021,LKUS_grant_new_user_coupon,extend,5
0021,LKUS_grant_new_user_coupon,origin,5
0021,LKUS_grant_new_user_coupon,realIp,5
0021,LKUS_grant_new_user_coupon,tenant,5
0021,LKUS_grant_new_user_coupon,userNo,5
0021,LKUS_grant_new_user_coupon,phoneNo,5
0021,LKUS_grant_new_user_coupon,readmes,5
0021,LKUS_grant_new_user_coupon,sceneId,5
0021,LKUS_grant_new_user_coupon,version,5
0021,LKUS_grant_new_user_coupon,discounts,5
0021,LKUS_grant_new_user_coupon,userAgent,5
0021,LKUS_grant_new_user_coupon,realIpCity,5
0021,LKUS_grant_new_user_coupon,countryCode,5
0021,LKUS_grant_new_user_coupon,couponNames,5
0021,LKUS_grant_new_user_coupon,couponTypes,5
0021,LKUS_grant_new_user_coupon,fullPhoneNo,5
0021,LKUS_grant_new_user_coupon,isBindPhone,5
0021,LKUS_grant_new_user_coupon,maskPhoneNo,5
0021,LKUS_grant_new_user_coupon,templateIds,5
0021,LKUS_grant_new_user_coupon,templateNos,5
0021,LKUS_grant_new_user_coupon,phoneCountry,5
0021,LKUS_grant_new_user_coupon,registerTime,5
0021,LKUS_grant_new_user_coupon,reviewRepeat,5
0021,LKUS_grant_new_user_coupon,realIpCountry,5
0021,LKUS_grant_new_user_coupon,discountLabels,5
0021,LKUS_grant_new_user_coupon,invitationCode,5
0021,LKUS_grant_new_user_coupon,realIpProvince,5
0021,LKUS_grant_new_user_coupon,recaptchaV3Token,5
0021,LKUS_grant_new_user_coupon,phoneNoEncryption,5
0021,LKUS_grant_new_user_coupon,recaptchaV3Action,5
0021,LKUS_grant_new_user_coupon,recaptchaV3Enabled,5
0021,LKUS_grant_new_user_coupon,couponDenominations,5
0021,LKUS_grant_new_user_coupon,couponDiscountTypes,5
0021,LKUS_grant_new_user_coupon,couponDiscountSubTypes,5
0021,LKUS_grant_new_user_coupon,couponDiscountTypeNames,5
0021,LKUS_login,cid,10
0021,LKUS_login,uid,10
0021,LKUS_login,realIp,10
0021,LKUS_login,tenant,10
0021,LKUS_login,userNo,10
0021,LKUS_login,phoneNo,10
0021,LKUS_login,version,10
0021,LKUS_login,userAgent,10
0021,LKUS_login,realIpCity,10
0021,LKUS_login,countryCode,10
0021,LKUS_login,fullPhoneNo,10
0021,LKUS_login,phoneCountry,10
0021,LKUS_login,reviewRepeat,9
0021,LKUS_login,realIpCountry,10
0021,LKUS_login,realIpProvince,10
0021,LKUS_login,recaptchaV3Token,9
0021,LKUS_login,recaptchaV3Action,9
0021,LKUS_login,recaptchaV3Enabled,9
0021,LKUS_grant_new_user_coupon,app,4
0021,LKUS_login,app,8
0021,LKUS_register,app,4
0021,LKUS_register,cid,4
0021,LKUS_register,uid,4
0021,LKUS_register,realIp,4
0021,LKUS_register,tenant,4
0021,LKUS_register,phoneNo,4
0021,LKUS_register,version,4
0021,LKUS_register,userAgent,4
0021,LKUS_register,realIpCity,4
0021,LKUS_register,countryCode,4
0021,LKUS_register,fullPhoneNo,4
0021,LKUS_register,phoneCountry,4
0021,LKUS_register,reviewRepeat,4
0021,LKUS_register,realIpCountry,4
0021,LKUS_register,realIpProvince,4
0021,LKUS_register,recaptchaV3Token,4
0021,LKUS_register,recaptchaV3Action,4
0021,LKUS_register,recaptchaV3Enabled,4
0021,LKUS_payment,packagingBagPrice,1
0021,LKUS_payment,packagingBagNumber,1
0022,LKUS_push,app,70
0022,LKUS_push,cid,73
0022,LKUS_push,uid,73
0022,LKUS_push,realIp,73
0022,LKUS_push,tenant,73
0022,LKUS_push,phoneNo,73
0022,LKUS_push,version,73
0022,LKUS_push,userAgent,73
0022,LKUS_push,realIpCity,73
0022,LKUS_push,countryCode,73
0022,LKUS_push,fullPhoneNo,73
0022,LKUS_push,phoneCountry,73
0022,LKUS_push,reviewRepeat,71
0022,LKUS_push,realIpCountry,73
0022,LKUS_push,realIpProvince,73
0022,LKUS_push,recaptchaV3Token,71
0022,LKUS_push,recaptchaV3Action,71
0022,LKUS_push,recaptchaV3Enabled,71
0022,LKUS_register,app,8
0022,LKUS_register,cid,10
0022,LKUS_register,uid,10
0022,LKUS_register,realIp,10
0022,LKUS_register,tenant,10
0022,LKUS_register,phoneNo,10
0022,LKUS_register,version,10
0022,LKUS_register,userAgent,10
0022,LKUS_register,realIpCity,10
0022,LKUS_register,countryCode,10
0022,LKUS_register,fullPhoneNo,10
0022,LKUS_register,phoneCountry,10
0022,LKUS_register,reviewRepeat,9
0022,LKUS_register,realIpCountry,10
0022,LKUS_register,realIpProvince,10
0022,LKUS_register,recaptchaV3Token,9
0022,LKUS_register,recaptchaV3Action,9
0022,LKUS_register,recaptchaV3Enabled,9
0022,LKUS_payment,cid,41
0022,LKUS_payment,uid,41
0022,LKUS_payment,realIp,41
0022,LKUS_payment,shopId,41
0022,LKUS_payment,tenant,41
0022,LKUS_payment,userNo,41
0022,LKUS_payment,isGuest,41
0022,LKUS_payment,orderNo,41
0022,LKUS_payment,payType,41
0022,LKUS_payment,version,41
0022,LKUS_payment,payMoney,41
0022,LKUS_payment,orderType,41
0022,LKUS_payment,taxAmount,41
0022,LKUS_payment,userAgent,41
0022,LKUS_payment,orderPrice,41
0022,LKUS_payment,realIpCity,41
0022,LKUS_payment,isTaxRequired,41
0022,LKUS_payment,realIpCountry,41
0022,LKUS_payment,realIpProvince,41
0022,LKUS_physical_order_create,cid,42
0022,LKUS_physical_order_create,uid,42
0022,LKUS_physical_order_create,realIp,42
0022,LKUS_physical_order_create,shopId,42
0022,LKUS_physical_order_create,tenant,42
0022,LKUS_physical_order_create,userNo,42
0022,LKUS_physical_order_create,isGuest,42
0022,LKUS_physical_order_create,version,42
0022,LKUS_physical_order_create,orderType,42
0022,LKUS_physical_order_create,taxAmount,42
0022,LKUS_physical_order_create,userAgent,42
0022,LKUS_physical_order_create,orderPrice,41
0022,LKUS_physical_order_create,realIpCity,42
0022,LKUS_physical_order_create,countryCode,42
0022,LKUS_physical_order_create,shopAddress,42
0022,LKUS_physical_order_create,shumeiDevId,8
0022,LKUS_physical_order_create,shopCityName,42
0022,LKUS_physical_order_create,shopLatitude,42
0022,LKUS_physical_order_create,shumengDevId,8
0022,LKUS_physical_order_create,isTaxRequired,42
0022,LKUS_physical_order_create,orderSkuCodes,42
0022,LKUS_physical_order_create,orderSpuCodes,42
0022,LKUS_physical_order_create,productAmount,42
0022,LKUS_physical_order_create,realIpCountry,42
0022,LKUS_physical_order_create,shopLongitude,42
0022,LKUS_physical_order_create,realIpProvince,42
0022,LKUS_physical_order_create,tongdunBlackBox,8
0022,LKUS_physical_order_create,app,34
0022,LKUS_physical_order_create,phoneNo,34
0022,LKUS_physical_order_create,latitude,34
0022,LKUS_physical_order_create,couponNos,32
0022,LKUS_physical_order_create,longitude,34
0022,LKUS_physical_order_create,couponNames,32
0022,LKUS_physical_order_create,couponTypes,32
0022,LKUS_physical_order_create,fullPhoneNo,34
0022,LKUS_physical_order_create,phoneCountry,34
0022,LKUS_physical_order_create,reviewRepeat,33
0022,LKUS_physical_order_create,couponSources,32
0022,LKUS_physical_order_create,recaptchaV3Token,33
0022,LKUS_physical_order_create,couponProposalNos,32
0022,LKUS_physical_order_create,couponTemplateIds,32
0022,LKUS_physical_order_create,recaptchaV3Action,33
0022,LKUS_physical_order_create,couponDenomination,32
0022,LKUS_physical_order_create,recaptchaV3Enabled,33
0022,LKUS_physical_order_create,couponDiscountTypes,32
0022,LKUS_physical_order_create,couponDiscountSubTypes,32
0022,LKUS_payment,app,33
0022,LKUS_payment,phoneNo,33
0022,LKUS_payment,countryCode,33
0022,LKUS_payment,fullPhoneNo,33
0022,LKUS_payment,phoneCountry,33
0022,LKUS_payment,reviewRepeat,32
0022,LKUS_payment,recaptchaV3Token,32
0022,LKUS_payment,recaptchaV3Action,32
0022,LKUS_payment,recaptchaV3Enabled,32
0022,LKUS_login,app,9
0022,LKUS_login,cid,9
0022,LKUS_login,uid,9
0022,LKUS_login,realIp,9
0022,LKUS_login,tenant,9
0022,LKUS_login,userNo,9
0022,LKUS_login,phoneNo,9
0022,LKUS_login,version,9
0022,LKUS_login,userAgent,9
0022,LKUS_login,realIpCity,9
0022,LKUS_login,countryCode,9
0022,LKUS_login,fullPhoneNo,9
0022,LKUS_login,phoneCountry,9
0022,LKUS_login,reviewRepeat,9
0022,LKUS_login,realIpCountry,9
0022,LKUS_login,realIpProvince,9
0022,LKUS_login,recaptchaV3Token,9
0022,LKUS_login,recaptchaV3Action,9
0022,LKUS_login,recaptchaV3Enabled,9
0022,LKUS_grant_new_user_coupon,app,6
0022,LKUS_grant_new_user_coupon,cid,6
0022,LKUS_grant_new_user_coupon,uid,6
0022,LKUS_grant_new_user_coupon,type,6
0022,LKUS_grant_new_user_coupon,extend,6
0022,LKUS_grant_new_user_coupon,origin,6
0022,LKUS_grant_new_user_coupon,realIp,6
0022,LKUS_grant_new_user_coupon,tenant,6
0022,LKUS_grant_new_user_coupon,userNo,6
0022,LKUS_grant_new_user_coupon,phoneNo,6
0022,LKUS_grant_new_user_coupon,readmes,6
0022,LKUS_grant_new_user_coupon,sceneId,6
0022,LKUS_grant_new_user_coupon,version,6
0022,LKUS_grant_new_user_coupon,discounts,6
0022,LKUS_grant_new_user_coupon,userAgent,6
0022,LKUS_grant_new_user_coupon,realIpCity,6
0022,LKUS_grant_new_user_coupon,countryCode,6
0022,LKUS_grant_new_user_coupon,couponNames,6
0022,LKUS_grant_new_user_coupon,couponTypes,6
0022,LKUS_grant_new_user_coupon,fullPhoneNo,6
0022,LKUS_grant_new_user_coupon,isBindPhone,6
0022,LKUS_grant_new_user_coupon,maskPhoneNo,6
0022,LKUS_grant_new_user_coupon,templateIds,6
0022,LKUS_grant_new_user_coupon,templateNos,6
0022,LKUS_grant_new_user_coupon,phoneCountry,6
0022,LKUS_grant_new_user_coupon,registerTime,6
0022,LKUS_grant_new_user_coupon,reviewRepeat,6
0022,LKUS_grant_new_user_coupon,realIpCountry,6
0022,LKUS_grant_new_user_coupon,discountLabels,6
0022,LKUS_grant_new_user_coupon,invitationCode,6
0022,LKUS_grant_new_user_coupon,realIpProvince,6
0022,LKUS_grant_new_user_coupon,recaptchaV3Token,6
0022,LKUS_grant_new_user_coupon,phoneNoEncryption,6
0022,LKUS_grant_new_user_coupon,recaptchaV3Action,6
0022,LKUS_grant_new_user_coupon,recaptchaV3Enabled,6
0022,LKUS_grant_new_user_coupon,couponDenominations,6
0022,LKUS_grant_new_user_coupon,couponDiscountTypes,6
0022,LKUS_grant_new_user_coupon,couponDiscountSubTypes,6
0022,LKUS_grant_new_user_coupon,couponDiscountTypeNames,6
0022,LKUS_push,userNo,2
0023,LKUS_push,app,52
0023,LKUS_push,cid,54
0023,LKUS_push,uid,54
0023,LKUS_push,realIp,54
0023,LKUS_push,tenant,54
0023,LKUS_push,phoneNo,54
0023,LKUS_push,version,54
0023,LKUS_push,userAgent,54
0023,LKUS_push,realIpCity,54
0023,LKUS_push,countryCode,54
0023,LKUS_push,fullPhoneNo,54
0023,LKUS_push,phoneCountry,54
0023,LKUS_push,reviewRepeat,53
0023,LKUS_push,realIpCountry,54
0023,LKUS_push,realIpProvince,54
0023,LKUS_push,recaptchaV3Token,53
0023,LKUS_push,recaptchaV3Action,53
0023,LKUS_push,recaptchaV3Enabled,53
0023,LKUS_register,app,6
0023,LKUS_register,cid,8
0023,LKUS_register,uid,8
0023,LKUS_register,realIp,8
0023,LKUS_register,tenant,8
0023,LKUS_register,phoneNo,8
0023,LKUS_register,version,8
0023,LKUS_register,userAgent,8
0023,LKUS_register,realIpCity,8
0023,LKUS_register,countryCode,8
0023,LKUS_register,fullPhoneNo,8
0023,LKUS_register,phoneCountry,8
0023,LKUS_register,reviewRepeat,7
0023,LKUS_register,realIpCountry,8
0023,LKUS_register,realIpProvince,8
0023,LKUS_register,recaptchaV3Token,7
0023,LKUS_register,recaptchaV3Action,7
0023,LKUS_register,recaptchaV3Enabled,7
0023,LKUS_physical_order_create,cid,39
0023,LKUS_physical_order_create,uid,39
0023,LKUS_physical_order_create,realIp,39
0023,LKUS_physical_order_create,shopId,39
0023,LKUS_physical_order_create,tenant,39
0023,LKUS_physical_order_create,userNo,39
0023,LKUS_physical_order_create,isGuest,39
0023,LKUS_physical_order_create,version,39
0023,LKUS_physical_order_create,orderType,39
0023,LKUS_physical_order_create,taxAmount,39
0023,LKUS_physical_order_create,userAgent,39
0023,LKUS_physical_order_create,orderPrice,39
0023,LKUS_physical_order_create,realIpCity,39
0023,LKUS_physical_order_create,countryCode,39
0023,LKUS_physical_order_create,shopAddress,39
0023,LKUS_physical_order_create,shumeiDevId,8
0023,LKUS_physical_order_create,shopCityName,39
0023,LKUS_physical_order_create,shopLatitude,39
0023,LKUS_physical_order_create,shumengDevId,8
0023,LKUS_physical_order_create,isTaxRequired,39
0023,LKUS_physical_order_create,orderSkuCodes,36
0023,LKUS_physical_order_create,orderSpuCodes,36
0023,LKUS_physical_order_create,productAmount,39
0023,LKUS_physical_order_create,realIpCountry,39
0023,LKUS_physical_order_create,shopLongitude,39
0023,LKUS_physical_order_create,realIpProvince,39
0023,LKUS_physical_order_create,tongdunBlackBox,8
0023,LKUS_payment,cid,39
0023,LKUS_payment,uid,39
0023,LKUS_payment,realIp,39
0023,LKUS_payment,shopId,39
0023,LKUS_payment,tenant,39
0023,LKUS_payment,userNo,39
0023,LKUS_payment,isGuest,39
0023,LKUS_payment,orderNo,39
0023,LKUS_payment,payType,39
0023,LKUS_payment,version,39
0023,LKUS_payment,payMoney,39
0023,LKUS_payment,orderType,39
0023,LKUS_payment,taxAmount,39
0023,LKUS_payment,userAgent,39
0023,LKUS_payment,orderPrice,39
0023,LKUS_payment,realIpCity,39
0023,LKUS_payment,isTaxRequired,39
0023,LKUS_payment,realIpCountry,39
0023,LKUS_payment,realIpProvince,39
0023,LKUS_physical_order_create,app,30
0023,LKUS_physical_order_create,phoneNo,31
0023,LKUS_physical_order_create,latitude,31
0023,LKUS_physical_order_create,couponNos,29
0023,LKUS_physical_order_create,longitude,31
0023,LKUS_physical_order_create,couponNames,29
0023,LKUS_physical_order_create,couponTypes,29
0023,LKUS_physical_order_create,fullPhoneNo,31
0023,LKUS_physical_order_create,phoneCountry,31
0023,LKUS_physical_order_create,reviewRepeat,31
0023,LKUS_physical_order_create,couponSources,29
0023,LKUS_physical_order_create,recaptchaV3Token,31
0023,LKUS_physical_order_create,couponProposalNos,29
0023,LKUS_physical_order_create,couponTemplateIds,29
0023,LKUS_physical_order_create,recaptchaV3Action,31
0023,LKUS_physical_order_create,couponDenomination,29
0023,LKUS_physical_order_create,recaptchaV3Enabled,31
0023,LKUS_physical_order_create,couponDiscountTypes,29
0023,LKUS_physical_order_create,couponDiscountSubTypes,29
0023,LKUS_payment,app,30
0023,LKUS_payment,phoneNo,31
0023,LKUS_payment,countryCode,31
0023,LKUS_payment,fullPhoneNo,31
0023,LKUS_payment,phoneCountry,31
0023,LKUS_payment,reviewRepeat,31
0023,LKUS_payment,recaptchaV3Token,31
0023,LKUS_payment,recaptchaV3Action,31
0023,LKUS_payment,recaptchaV3Enabled,31
0023,LKUS_push,userNo,1
0023,LKUS_login,app,7
0023,LKUS_login,cid,8
0023,LKUS_login,uid,8
0023,LKUS_login,realIp,8
0023,LKUS_login,tenant,8
0023,LKUS_login,userNo,8
0023,LKUS_login,phoneNo,8
0023,LKUS_login,version,8
0023,LKUS_login,userAgent,8
0023,LKUS_login,realIpCity,8
0023,LKUS_login,countryCode,8
0023,LKUS_login,fullPhoneNo,8
0023,LKUS_login,phoneCountry,8
0023,LKUS_login,reviewRepeat,8
0023,LKUS_login,realIpCountry,8
0023,LKUS_login,realIpProvince,8
0023,LKUS_login,recaptchaV3Token,8
0023,LKUS_login,recaptchaV3Action,8
0023,LKUS_login,recaptchaV3Enabled,8
0023,LKUS_grant_new_user_coupon,app,6
0023,LKUS_grant_new_user_coupon,cid,6
0023,LKUS_grant_new_user_coupon,uid,6
0023,LKUS_grant_new_user_coupon,type,6
0023,LKUS_grant_new_user_coupon,extend,6
0023,LKUS_grant_new_user_coupon,origin,6
0023,LKUS_grant_new_user_coupon,realIp,6
0023,LKUS_grant_new_user_coupon,tenant,6
0023,LKUS_grant_new_user_coupon,userNo,6
0023,LKUS_grant_new_user_coupon,phoneNo,6
0023,LKUS_grant_new_user_coupon,readmes,6
0023,LKUS_grant_new_user_coupon,sceneId,6
0023,LKUS_grant_new_user_coupon,version,6
0023,LKUS_grant_new_user_coupon,discounts,6
0023,LKUS_grant_new_user_coupon,userAgent,6
0023,LKUS_grant_new_user_coupon,realIpCity,6
0023,LKUS_grant_new_user_coupon,countryCode,6
0023,LKUS_grant_new_user_coupon,couponNames,6
0023,LKUS_grant_new_user_coupon,couponTypes,6
0023,LKUS_grant_new_user_coupon,fullPhoneNo,6
0023,LKUS_grant_new_user_coupon,isBindPhone,6
0023,LKUS_grant_new_user_coupon,maskPhoneNo,6
0023,LKUS_grant_new_user_coupon,templateIds,6
0023,LKUS_grant_new_user_coupon,templateNos,6
0023,LKUS_grant_new_user_coupon,phoneCountry,6
0023,LKUS_grant_new_user_coupon,registerTime,6
0023,LKUS_grant_new_user_coupon,reviewRepeat,6
0023,LKUS_grant_new_user_coupon,realIpCountry,6
0023,LKUS_grant_new_user_coupon,discountLabels,6
0023,LKUS_grant_new_user_coupon,invitationCode,6
0023,LKUS_grant_new_user_coupon,realIpProvince,6
0023,LKUS_grant_new_user_coupon,recaptchaV3Token,6
0023,LKUS_grant_new_user_coupon,phoneNoEncryption,6
0023,LKUS_grant_new_user_coupon,recaptchaV3Action,6
0023,LKUS_grant_new_user_coupon,recaptchaV3Enabled,6
0023,LKUS_grant_new_user_coupon,couponDenominations,6
0023,LKUS_grant_new_user_coupon,couponDiscountTypes,6
0023,LKUS_grant_new_user_coupon,couponDiscountSubTypes,6
0023,LKUS_grant_new_user_coupon,couponDiscountTypeNames,6
0023,LKUS_physical_order_create,packageOrderSkuCodes,3
0023,LKUS_physical_order_create,packageOrderSpuCodes,3
0024,LKUS_push,app,28
0024,LKUS_push,cid,29
0024,LKUS_push,uid,29
0024,LKUS_push,realIp,29
0024,LKUS_push,tenant,29
0024,LKUS_push,phoneNo,29
0024,LKUS_push,version,29
0024,LKUS_push,userAgent,29
0024,LKUS_push,realIpCity,29
0024,LKUS_push,countryCode,29
0024,LKUS_push,fullPhoneNo,29
0024,LKUS_push,phoneCountry,29
0024,LKUS_push,reviewRepeat,28
0024,LKUS_push,realIpCountry,29
0024,LKUS_push,realIpProvince,29
0024,LKUS_push,recaptchaV3Token,28
0024,LKUS_push,recaptchaV3Action,28
0024,LKUS_push,recaptchaV3Enabled,28
0024,LKUS_physical_order_create,cid,39
0024,LKUS_physical_order_create,uid,39
0024,LKUS_physical_order_create,realIp,39
0024,LKUS_physical_order_create,shopId,39
0024,LKUS_physical_order_create,tenant,39
0024,LKUS_physical_order_create,userNo,39
0024,LKUS_physical_order_create,isGuest,39
0024,LKUS_physical_order_create,version,39
0024,LKUS_physical_order_create,orderType,39
0024,LKUS_physical_order_create,taxAmount,39
0024,LKUS_physical_order_create,userAgent,39
0024,LKUS_physical_order_create,orderPrice,39
0024,LKUS_physical_order_create,realIpCity,39
0024,LKUS_physical_order_create,countryCode,39
0024,LKUS_physical_order_create,shopAddress,39
0024,LKUS_physical_order_create,shumeiDevId,10
0024,LKUS_physical_order_create,shopCityName,39
0024,LKUS_physical_order_create,shopLatitude,39
0024,LKUS_physical_order_create,shumengDevId,10
0024,LKUS_physical_order_create,isTaxRequired,39
0024,LKUS_physical_order_create,orderSkuCodes,38
0024,LKUS_physical_order_create,orderSpuCodes,38
0024,LKUS_physical_order_create,productAmount,39
0024,LKUS_physical_order_create,realIpCountry,39
0024,LKUS_physical_order_create,shopLongitude,39
0024,LKUS_physical_order_create,realIpProvince,39
0024,LKUS_physical_order_create,tongdunBlackBox,10
0024,LKUS_payment,cid,39
0024,LKUS_payment,uid,39
0024,LKUS_payment,realIp,39
0024,LKUS_payment,shopId,39
0024,LKUS_payment,tenant,39
0024,LKUS_payment,userNo,39
0024,LKUS_payment,isGuest,39
0024,LKUS_payment,orderNo,39
0024,LKUS_payment,payType,39
0024,LKUS_payment,version,39
0024,LKUS_payment,payMoney,39
0024,LKUS_payment,orderType,39
0024,LKUS_payment,taxAmount,39
0024,LKUS_payment,userAgent,39
0024,LKUS_payment,orderPrice,39
0024,LKUS_payment,realIpCity,39
0024,LKUS_payment,isTaxRequired,39
0024,LKUS_payment,realIpCountry,39
0024,LKUS_payment,realIpProvince,39
0024,LKUS_payment,app,28
0024,LKUS_payment,phoneNo,29
0024,LKUS_payment,countryCode,29
0024,LKUS_payment,fullPhoneNo,29
0024,LKUS_payment,phoneCountry,29
0024,LKUS_payment,reviewRepeat,28
0024,LKUS_payment,recaptchaV3Token,28
0024,LKUS_payment,recaptchaV3Action,28
0024,LKUS_payment,recaptchaV3Enabled,28
0024,LKUS_physical_order_create,app,28
0024,LKUS_physical_order_create,phoneNo,29
0024,LKUS_physical_order_create,latitude,29
0024,LKUS_physical_order_create,couponNos,27
0024,LKUS_physical_order_create,longitude,29
0024,LKUS_physical_order_create,couponNames,27
0024,LKUS_physical_order_create,couponTypes,27
0024,LKUS_physical_order_create,fullPhoneNo,29
0024,LKUS_physical_order_create,phoneCountry,29
0024,LKUS_physical_order_create,reviewRepeat,28
0024,LKUS_physical_order_create,couponSources,27
0024,LKUS_physical_order_create,recaptchaV3Token,28
0024,LKUS_physical_order_create,couponProposalNos,27
0024,LKUS_physical_order_create,couponTemplateIds,27
0024,LKUS_physical_order_create,recaptchaV3Action,28
0024,LKUS_physical_order_create,couponDenomination,27
0024,LKUS_physical_order_create,recaptchaV3Enabled,28
0024,LKUS_physical_order_create,couponDiscountTypes,27
0024,LKUS_physical_order_create,couponDiscountSubTypes,27
0024,LKUS_physical_order_create,packageOrderSkuCodes,1
0024,LKUS_physical_order_create,packageOrderSpuCodes,1
0024,LKUS_register,app,8
0024,LKUS_register,cid,8
0024,LKUS_register,uid,8
0024,LKUS_register,realIp,8
0024,LKUS_register,tenant,8
0024,LKUS_register,phoneNo,8
0024,LKUS_register,version,8
0024,LKUS_register,userAgent,8
0024,LKUS_register,realIpCity,8
0024,LKUS_register,countryCode,8
0024,LKUS_register,fullPhoneNo,8
0024,LKUS_register,phoneCountry,8
0024,LKUS_register,reviewRepeat,8
0024,LKUS_register,realIpCountry,8
0024,LKUS_register,realIpProvince,8
0024,LKUS_register,recaptchaV3Token,8
0024,LKUS_register,recaptchaV3Action,8
0024,LKUS_register,recaptchaV3Enabled,8
0024,LKUS_physical_order_cancel,app,1
0024,LKUS_physical_order_cancel,cid,1
0024,LKUS_physical_order_cancel,uid,1
0024,LKUS_physical_order_cancel,realIp,1
0024,LKUS_physical_order_cancel,shopId,1
0024,LKUS_physical_order_cancel,tenant,1
0024,LKUS_physical_order_cancel,userNo,1
0024,LKUS_physical_order_cancel,isGuest,1
0024,LKUS_physical_order_cancel,orderNo,1
0024,LKUS_physical_order_cancel,phoneNo,1
0024,LKUS_physical_order_cancel,version,1
0024,LKUS_physical_order_cancel,shopCity,1
0024,LKUS_physical_order_cancel,userAgent,1
0024,LKUS_physical_order_cancel,realIpCity,1
0024,LKUS_physical_order_cancel,countryCode,1
0024,LKUS_physical_order_cancel,fullPhoneNo,1
0024,LKUS_physical_order_cancel,totalOfMade,1
0024,LKUS_physical_order_cancel,phoneCountry,1
0024,LKUS_physical_order_cancel,reviewRepeat,1
0024,LKUS_physical_order_cancel,realIpCountry,1
0024,LKUS_physical_order_cancel,realIpProvince,1
0024,LKUS_physical_order_cancel,recaptchaV3Token,1
0024,LKUS_physical_order_cancel,recaptchaV3Action,1
0024,LKUS_physical_order_cancel,recaptchaV3Enabled,1
0024,LKUS_physical_order_cancel,cancelTypeEnumIndex,1
0024,LKUS_grant_new_user_coupon,app,6
0024,LKUS_grant_new_user_coupon,cid,7
0024,LKUS_grant_new_user_coupon,uid,7
0024,LKUS_grant_new_user_coupon,type,7
0024,LKUS_grant_new_user_coupon,extend,7
0024,LKUS_grant_new_user_coupon,origin,7
0024,LKUS_grant_new_user_coupon,realIp,7
0024,LKUS_grant_new_user_coupon,tenant,7
0024,LKUS_grant_new_user_coupon,userNo,7
0024,LKUS_grant_new_user_coupon,phoneNo,7
0024,LKUS_grant_new_user_coupon,readmes,7
0024,LKUS_grant_new_user_coupon,sceneId,7
0024,LKUS_grant_new_user_coupon,version,7
0024,LKUS_grant_new_user_coupon,discounts,7
0024,LKUS_grant_new_user_coupon,userAgent,7
0024,LKUS_grant_new_user_coupon,realIpCity,7
0024,LKUS_grant_new_user_coupon,countryCode,7
0024,LKUS_grant_new_user_coupon,couponNames,7
0024,LKUS_grant_new_user_coupon,couponTypes,7
0024,LKUS_grant_new_user_coupon,fullPhoneNo,7
0024,LKUS_grant_new_user_coupon,isBindPhone,7
0024,LKUS_grant_new_user_coupon,maskPhoneNo,7
0024,LKUS_grant_new_user_coupon,templateIds,7
0024,LKUS_grant_new_user_coupon,templateNos,7
0024,LKUS_grant_new_user_coupon,phoneCountry,7
0024,LKUS_grant_new_user_coupon,registerTime,7
0024,LKUS_grant_new_user_coupon,reviewRepeat,7
0024,LKUS_grant_new_user_coupon,realIpCountry,7
0024,LKUS_grant_new_user_coupon,discountLabels,7
0024,LKUS_grant_new_user_coupon,invitationCode,7
0024,LKUS_grant_new_user_coupon,realIpProvince,7
0024,LKUS_grant_new_user_coupon,recaptchaV3Token,7
0024,LKUS_grant_new_user_coupon,phoneNoEncryption,7
0024,LKUS_grant_new_user_coupon,recaptchaV3Action,7
0024,LKUS_grant_new_user_coupon,recaptchaV3Enabled,7
0024,LKUS_grant_new_user_coupon,couponDenominations,7
0024,LKUS_grant_new_user_coupon,couponDiscountTypes,7
0024,LKUS_grant_new_user_coupon,couponDiscountSubTypes,7
0024,LKUS_grant_new_user_coupon,couponDiscountTypeNames,7
0024,LKUS_login,app,7
0024,LKUS_login,cid,9
0024,LKUS_login,uid,9
0024,LKUS_login,realIp,9
0024,LKUS_login,tenant,9
0024,LKUS_login,userNo,9
0024,LKUS_login,phoneNo,9
0024,LKUS_login,version,9
0024,LKUS_login,userAgent,9
0024,LKUS_login,realIpCity,9
0024,LKUS_login,countryCode,9
0024,LKUS_login,fullPhoneNo,9
0024,LKUS_login,phoneCountry,9
0024,LKUS_login,reviewRepeat,9
0024,LKUS_login,realIpCountry,9
0024,LKUS_login,realIpProvince,9
0024,LKUS_login,recaptchaV3Token,9
0024,LKUS_login,recaptchaV3Action,9
0024,LKUS_login,recaptchaV3Enabled,9
0024,LKUS_grant_new_user_coupon,inviterCode,1
0024,LKUS_grant_new_user_coupon,inviterType,1
0024,LKUS_grant_new_user_coupon,inviterPhone,1
0024,LKUS_grant_new_user_coupon,inviterUserNo,1
0024,LKUS_grant_new_user_coupon,marketingCode,1
0024,LKUS_grant_new_user_coupon,invitationActivityNo,1
0024,LKUS_push,userNo,1
0025,LKUS_push,app,29
0025,LKUS_push,cid,29
0025,LKUS_push,uid,29
0025,LKUS_push,realIp,29
0025,LKUS_push,tenant,29
0025,LKUS_push,phoneNo,29
0025,LKUS_push,version,29
0025,LKUS_push,userAgent,29
0025,LKUS_push,realIpCity,29
0025,LKUS_push,countryCode,29
0025,LKUS_push,fullPhoneNo,29
0025,LKUS_push,phoneCountry,29
0025,LKUS_push,reviewRepeat,29
0025,LKUS_push,realIpCountry,29
0025,LKUS_push,realIpProvince,29
0025,LKUS_push,recaptchaV3Token,29
0025,LKUS_push,recaptchaV3Action,29
0025,LKUS_push,recaptchaV3Enabled,29
0025,LKUS_login,app,13
0025,LKUS_login,cid,16
0025,LKUS_login,uid,16
0025,LKUS_login,realIp,16
0025,LKUS_login,tenant,16
0025,LKUS_login,userNo,16
0025,LKUS_login,phoneNo,16
0025,LKUS_login,version,16
0025,LKUS_login,userAgent,16
0025,LKUS_login,realIpCity,16
0025,LKUS_login,countryCode,16
0025,LKUS_login,fullPhoneNo,16
0025,LKUS_login,phoneCountry,16
0025,LKUS_login,reviewRepeat,15
0025,LKUS_login,realIpCountry,16
0025,LKUS_login,realIpProvince,16
0025,LKUS_login,recaptchaV3Token,15
0025,LKUS_login,recaptchaV3Action,15
0025,LKUS_login,recaptchaV3Enabled,15
0025,LKUS_grant_new_user_coupon,app,10
0025,LKUS_grant_new_user_coupon,cid,11
0025,LKUS_grant_new_user_coupon,uid,11
0025,LKUS_grant_new_user_coupon,type,11
0025,LKUS_grant_new_user_coupon,extend,11
0025,LKUS_grant_new_user_coupon,origin,11
0025,LKUS_grant_new_user_coupon,realIp,11
0025,LKUS_grant_new_user_coupon,tenant,11
0025,LKUS_grant_new_user_coupon,userNo,11
0025,LKUS_grant_new_user_coupon,phoneNo,11
0025,LKUS_grant_new_user_coupon,readmes,11
0025,LKUS_grant_new_user_coupon,sceneId,11
0025,LKUS_grant_new_user_coupon,version,11
0025,LKUS_grant_new_user_coupon,discounts,11
0025,LKUS_grant_new_user_coupon,userAgent,11
0025,LKUS_grant_new_user_coupon,realIpCity,11
0025,LKUS_grant_new_user_coupon,countryCode,11
0025,LKUS_grant_new_user_coupon,couponNames,11
0025,LKUS_grant_new_user_coupon,couponTypes,11
0025,LKUS_grant_new_user_coupon,fullPhoneNo,11
0025,LKUS_grant_new_user_coupon,isBindPhone,11
0025,LKUS_grant_new_user_coupon,maskPhoneNo,11
0025,LKUS_grant_new_user_coupon,templateIds,11
0025,LKUS_grant_new_user_coupon,templateNos,11
0025,LKUS_grant_new_user_coupon,phoneCountry,11
0025,LKUS_grant_new_user_coupon,registerTime,11
0025,LKUS_grant_new_user_coupon,reviewRepeat,11
0025,LKUS_grant_new_user_coupon,realIpCountry,11
0025,LKUS_grant_new_user_coupon,discountLabels,11
0025,LKUS_grant_new_user_coupon,invitationCode,11
0025,LKUS_grant_new_user_coupon,realIpProvince,11
0025,LKUS_grant_new_user_coupon,recaptchaV3Token,11
0025,LKUS_grant_new_user_coupon,phoneNoEncryption,11
0025,LKUS_grant_new_user_coupon,recaptchaV3Action,11
0025,LKUS_grant_new_user_coupon,recaptchaV3Enabled,11
0025,LKUS_grant_new_user_coupon,couponDenominations,11
0025,LKUS_grant_new_user_coupon,couponDiscountTypes,11
0025,LKUS_grant_new_user_coupon,couponDiscountSubTypes,11
0025,LKUS_grant_new_user_coupon,couponDiscountTypeNames,11
0025,LKUS_physical_order_create,app,40
0025,LKUS_physical_order_create,cid,52
0025,LKUS_physical_order_create,uid,52
0025,LKUS_physical_order_create,realIp,52
0025,LKUS_physical_order_create,shopId,52
0025,LKUS_physical_order_create,tenant,52
0025,LKUS_physical_order_create,userNo,52
0025,LKUS_physical_order_create,isGuest,52
0025,LKUS_physical_order_create,phoneNo,41
0025,LKUS_physical_order_create,version,52
0025,LKUS_physical_order_create,latitude,41
0025,LKUS_physical_order_create,longitude,41
0025,LKUS_physical_order_create,orderType,52
0025,LKUS_physical_order_create,taxAmount,52
0025,LKUS_physical_order_create,userAgent,52
0025,LKUS_physical_order_create,orderPrice,52
0025,LKUS_physical_order_create,realIpCity,52
0025,LKUS_physical_order_create,countryCode,52
0025,LKUS_physical_order_create,fullPhoneNo,41
0025,LKUS_physical_order_create,shopAddress,52
0025,LKUS_physical_order_create,phoneCountry,41
0025,LKUS_physical_order_create,shopCityName,52
0025,LKUS_physical_order_create,shopLatitude,52
0025,LKUS_physical_order_create,isTaxRequired,52
0025,LKUS_physical_order_create,productAmount,52
0025,LKUS_physical_order_create,realIpCountry,52
0025,LKUS_physical_order_create,shopLongitude,52
0025,LKUS_physical_order_create,realIpProvince,52
0025,LKUS_physical_order_create,packageOrderSkuCodes,3
0025,LKUS_physical_order_create,packageOrderSpuCodes,3
0025,LKUS_payment,app,41
0025,LKUS_payment,cid,53
0025,LKUS_payment,uid,53
0025,LKUS_payment,realIp,53
0025,LKUS_payment,shopId,53
0025,LKUS_payment,tenant,53
0025,LKUS_payment,userNo,53
0025,LKUS_payment,isGuest,53
0025,LKUS_payment,orderNo,53
0025,LKUS_payment,payType,53
0025,LKUS_payment,phoneNo,42
0025,LKUS_payment,version,53
0025,LKUS_payment,payMoney,53
0025,LKUS_payment,orderType,53
0025,LKUS_payment,taxAmount,53
0025,LKUS_payment,userAgent,53
0025,LKUS_payment,orderPrice,53
0025,LKUS_payment,realIpCity,53
0025,LKUS_payment,countryCode,42
0025,LKUS_payment,fullPhoneNo,42
0025,LKUS_payment,phoneCountry,42
0025,LKUS_payment,isTaxRequired,53
0025,LKUS_payment,realIpCountry,53
0025,LKUS_payment,realIpProvince,53
0025,LKUS_physical_order_create,couponNos,35
0025,LKUS_physical_order_create,couponNames,35
0025,LKUS_physical_order_create,couponTypes,35
0025,LKUS_physical_order_create,reviewRepeat,38
0025,LKUS_physical_order_create,couponSources,35
0025,LKUS_physical_order_create,orderSkuCodes,49
0025,LKUS_physical_order_create,orderSpuCodes,49
0025,LKUS_physical_order_create,recaptchaV3Token,38
0025,LKUS_physical_order_create,couponProposalNos,35
0025,LKUS_physical_order_create,couponTemplateIds,35
0025,LKUS_physical_order_create,recaptchaV3Action,38
0025,LKUS_physical_order_create,couponDenomination,35
0025,LKUS_physical_order_create,recaptchaV3Enabled,38
0025,LKUS_physical_order_create,couponDiscountTypes,35
0025,LKUS_physical_order_create,couponDiscountSubTypes,35
0025,LKUS_payment,reviewRepeat,39
0025,LKUS_payment,recaptchaV3Token,39
0025,LKUS_payment,recaptchaV3Action,39
0025,LKUS_payment,recaptchaV3Enabled,39
0025,LKUS_register,app,3
0025,LKUS_register,cid,3
0025,LKUS_register,uid,3
0025,LKUS_register,realIp,3
0025,LKUS_register,tenant,3
0025,LKUS_register,phoneNo,3
0025,LKUS_register,version,3
0025,LKUS_register,userAgent,3
0025,LKUS_register,realIpCity,3
0025,LKUS_register,countryCode,3
0025,LKUS_register,fullPhoneNo,3
0025,LKUS_register,phoneCountry,3
0025,LKUS_register,reviewRepeat,3
0025,LKUS_register,realIpCountry,3
0025,LKUS_register,realIpProvince,3
0025,LKUS_register,recaptchaV3Token,3
0025,LKUS_register,recaptchaV3Action,3
0025,LKUS_register,recaptchaV3Enabled,3
0025,LKUS_physical_order_create,shumeiDevId,11
0025,LKUS_physical_order_create,shumengDevId,11
0025,LKUS_physical_order_create,tongdunBlackBox,11
0025,LKUS_payment,packagingBagPrice,3
0025,LKUS_payment,packagingBagNumber,3
0025,LKUS_grant_new_user_coupon,inviterCode,1
0025,LKUS_grant_new_user_coupon,inviterType,1
0025,LKUS_grant_new_user_coupon,inviterPhone,1
0025,LKUS_grant_new_user_coupon,inviterUserNo,1
0025,LKUS_grant_new_user_coupon,marketingCode,1
0025,LKUS_grant_new_user_coupon,invitationActivityNo,1
0026,LKUS_push,app,50
0026,LKUS_push,cid,53
0026,LKUS_push,uid,53
0026,LKUS_push,realIp,53
0026,LKUS_push,tenant,53
0026,LKUS_push,phoneNo,53
0026,LKUS_push,version,53
0026,LKUS_push,userAgent,53
0026,LKUS_push,realIpCity,53
0026,LKUS_push,countryCode,53
0026,LKUS_push,fullPhoneNo,53
0026,LKUS_push,phoneCountry,53
0026,LKUS_push,reviewRepeat,51
0026,LKUS_push,realIpCountry,53
0026,LKUS_push,realIpProvince,53
0026,LKUS_push,recaptchaV3Token,51
0026,LKUS_push,recaptchaV3Action,51
0026,LKUS_push,recaptchaV3Enabled,51
0026,LKUS_physical_order_create,app,39
0026,LKUS_physical_order_create,cid,49
0026,LKUS_physical_order_create,uid,49
0026,LKUS_physical_order_create,realIp,49
0026,LKUS_physical_order_create,shopId,49
0026,LKUS_physical_order_create,tenant,49
0026,LKUS_physical_order_create,userNo,49
0026,LKUS_physical_order_create,isGuest,49
0026,LKUS_physical_order_create,phoneNo,41
0026,LKUS_physical_order_create,version,49
0026,LKUS_physical_order_create,latitude,40
0026,LKUS_physical_order_create,longitude,40
0026,LKUS_physical_order_create,orderType,49
0026,LKUS_physical_order_create,taxAmount,49
0026,LKUS_physical_order_create,userAgent,49
0026,LKUS_physical_order_create,orderPrice,48
0026,LKUS_physical_order_create,realIpCity,49
0026,LKUS_physical_order_create,countryCode,49
0026,LKUS_physical_order_create,fullPhoneNo,41
0026,LKUS_physical_order_create,shopAddress,49
0026,LKUS_physical_order_create,phoneCountry,41
0026,LKUS_physical_order_create,reviewRepeat,36
0026,LKUS_physical_order_create,shopCityName,49
0026,LKUS_physical_order_create,shopLatitude,49
0026,LKUS_physical_order_create,isTaxRequired,49
0026,LKUS_physical_order_create,orderSkuCodes,45
0026,LKUS_physical_order_create,orderSpuCodes,45
0026,LKUS_physical_order_create,productAmount,49
0026,LKUS_physical_order_create,realIpCountry,49
0026,LKUS_physical_order_create,shopLongitude,49
0026,LKUS_physical_order_create,realIpProvince,49
0026,LKUS_physical_order_create,recaptchaV3Token,36
0026,LKUS_physical_order_create,recaptchaV3Action,36
0026,LKUS_physical_order_create,recaptchaV3Enabled,36
0026,LKUS_payment,app,37
0026,LKUS_payment,cid,47
0026,LKUS_payment,uid,47
0026,LKUS_payment,realIp,47
0026,LKUS_payment,shopId,47
0026,LKUS_payment,tenant,47
0026,LKUS_payment,userNo,47
0026,LKUS_payment,isGuest,47
0026,LKUS_payment,orderNo,47
0026,LKUS_payment,payType,47
0026,LKUS_payment,phoneNo,39
0026,LKUS_payment,version,47
0026,LKUS_payment,payMoney,47
0026,LKUS_payment,orderType,47
0026,LKUS_payment,taxAmount,47
0026,LKUS_payment,userAgent,47
0026,LKUS_payment,orderPrice,47
0026,LKUS_payment,realIpCity,47
0026,LKUS_payment,countryCode,39
0026,LKUS_payment,fullPhoneNo,39
0026,LKUS_payment,phoneCountry,39
0026,LKUS_payment,reviewRepeat,34
0026,LKUS_payment,isTaxRequired,47
0026,LKUS_payment,realIpCountry,47
0026,LKUS_payment,realIpProvince,47
0026,LKUS_payment,recaptchaV3Token,34
0026,LKUS_payment,recaptchaV3Action,34
0026,LKUS_payment,recaptchaV3Enabled,34
0026,LKUS_physical_order_create,shumeiDevId,9
0026,LKUS_physical_order_create,shumengDevId,9
0026,LKUS_physical_order_create,tongdunBlackBox,9
0026,LKUS_login,app,13
0026,LKUS_login,cid,19
0026,LKUS_login,uid,19
0026,LKUS_login,realIp,19
0026,LKUS_login,tenant,19
0026,LKUS_login,userNo,19
0026,LKUS_login,phoneNo,19
0026,LKUS_login,version,19
0026,LKUS_login,userAgent,19
0026,LKUS_login,realIpCity,19
0026,LKUS_login,countryCode,19
0026,LKUS_login,fullPhoneNo,19
0026,LKUS_login,phoneCountry,19
0026,LKUS_login,reviewRepeat,16
0026,LKUS_login,realIpCountry,19
0026,LKUS_login,realIpProvince,19
0026,LKUS_login,recaptchaV3Token,16
0026,LKUS_login,recaptchaV3Action,16
0026,LKUS_login,recaptchaV3Enabled,16
0026,LKUS_physical_order_create,couponNos,34
0026,LKUS_physical_order_create,couponNames,34
0026,LKUS_physical_order_create,couponTypes,34
0026,LKUS_physical_order_create,couponSources,34
0026,LKUS_physical_order_create,couponProposalNos,34
0026,LKUS_physical_order_create,couponTemplateIds,34
0026,LKUS_physical_order_create,couponDenomination,34
0026,LKUS_physical_order_create,couponDiscountTypes,34
0026,LKUS_physical_order_create,couponDiscountSubTypes,34
0026,LKUS_payment,packagingBagPrice,3
0026,LKUS_payment,packagingBagNumber,3
0026,LKUS_physical_order_create,packageOrderSkuCodes,5
0026,LKUS_physical_order_create,packageOrderSpuCodes,5
0026,LKUS_register,app,9
0026,LKUS_register,cid,10
0026,LKUS_register,uid,10
0026,LKUS_register,realIp,10
0026,LKUS_register,tenant,10
0026,LKUS_register,phoneNo,10
0026,LKUS_register,version,10
0026,LKUS_register,userAgent,10
0026,LKUS_register,realIpCity,10
0026,LKUS_register,countryCode,10
0026,LKUS_register,fullPhoneNo,10
0026,LKUS_register,phoneCountry,10
0026,LKUS_register,reviewRepeat,10
0026,LKUS_register,realIpCountry,10
0026,LKUS_register,realIpProvince,10
0026,LKUS_register,recaptchaV3Token,10
0026,LKUS_register,recaptchaV3Action,10
0026,LKUS_register,recaptchaV3Enabled,10
0026,LKUS_grant_new_user_coupon,cid,11
0026,LKUS_grant_new_user_coupon,uid,11
0026,LKUS_grant_new_user_coupon,type,11
0026,LKUS_grant_new_user_coupon,extend,11
0026,LKUS_grant_new_user_coupon,origin,11
0026,LKUS_grant_new_user_coupon,realIp,11
0026,LKUS_grant_new_user_coupon,tenant,11
0026,LKUS_grant_new_user_coupon,userNo,11
0026,LKUS_grant_new_user_coupon,phoneNo,11
0026,LKUS_grant_new_user_coupon,readmes,11
0026,LKUS_grant_new_user_coupon,sceneId,11
0026,LKUS_grant_new_user_coupon,version,11
0026,LKUS_grant_new_user_coupon,discounts,11
0026,LKUS_grant_new_user_coupon,userAgent,11
0026,LKUS_grant_new_user_coupon,realIpCity,11
0026,LKUS_grant_new_user_coupon,countryCode,11
0026,LKUS_grant_new_user_coupon,couponNames,11
0026,LKUS_grant_new_user_coupon,couponTypes,11
0026,LKUS_grant_new_user_coupon,fullPhoneNo,11
0026,LKUS_grant_new_user_coupon,inviterCode,3
0026,LKUS_grant_new_user_coupon,inviterType,3
0026,LKUS_grant_new_user_coupon,isBindPhone,11
0026,LKUS_grant_new_user_coupon,maskPhoneNo,11
0026,LKUS_grant_new_user_coupon,templateIds,11
0026,LKUS_grant_new_user_coupon,templateNos,11
0026,LKUS_grant_new_user_coupon,inviterPhone,3
0026,LKUS_grant_new_user_coupon,phoneCountry,11
0026,LKUS_grant_new_user_coupon,registerTime,11
0026,LKUS_grant_new_user_coupon,reviewRepeat,11
0026,LKUS_grant_new_user_coupon,inviterUserNo,3
0026,LKUS_grant_new_user_coupon,marketingCode,3
0026,LKUS_grant_new_user_coupon,realIpCountry,11
0026,LKUS_grant_new_user_coupon,discountLabels,11
0026,LKUS_grant_new_user_coupon,invitationCode,11
0026,LKUS_grant_new_user_coupon,realIpProvince,11
0026,LKUS_grant_new_user_coupon,recaptchaV3Token,11
0026,LKUS_grant_new_user_coupon,phoneNoEncryption,11
0026,LKUS_grant_new_user_coupon,recaptchaV3Action,11
0026,LKUS_grant_new_user_coupon,recaptchaV3Enabled,11
0026,LKUS_grant_new_user_coupon,couponDenominations,11
0026,LKUS_grant_new_user_coupon,couponDiscountTypes,11
0026,LKUS_grant_new_user_coupon,invitationActivityNo,3
0026,LKUS_grant_new_user_coupon,couponDiscountSubTypes,11
0026,LKUS_grant_new_user_coupon,couponDiscountTypeNames,11
0026,LKUS_grant_new_user_coupon,app,8
0026,LKUS_push,userNo,2
0026,LKUS_physical_order_cancel,app,1
0026,LKUS_physical_order_cancel,cid,1
0026,LKUS_physical_order_cancel,uid,1
0026,LKUS_physical_order_cancel,realIp,1
0026,LKUS_physical_order_cancel,shopId,1
0026,LKUS_physical_order_cancel,tenant,1
0026,LKUS_physical_order_cancel,userNo,1
0026,LKUS_physical_order_cancel,isGuest,1
0026,LKUS_physical_order_cancel,orderNo,1
0026,LKUS_physical_order_cancel,phoneNo,1
0026,LKUS_physical_order_cancel,version,1
0026,LKUS_physical_order_cancel,shopCity,1
0026,LKUS_physical_order_cancel,userAgent,1
0026,LKUS_physical_order_cancel,realIpCity,1
0026,LKUS_physical_order_cancel,countryCode,1
0026,LKUS_physical_order_cancel,fullPhoneNo,1
0026,LKUS_physical_order_cancel,totalOfMade,1
0026,LKUS_physical_order_cancel,phoneCountry,1
0026,LKUS_physical_order_cancel,reviewRepeat,1
0026,LKUS_physical_order_cancel,realIpCountry,1
0026,LKUS_physical_order_cancel,realIpProvince,1
0026,LKUS_physical_order_cancel,recaptchaV3Token,1
0026,LKUS_physical_order_cancel,recaptchaV3Action,1
0026,LKUS_physical_order_cancel,recaptchaV3Enabled,1
0026,LKUS_physical_order_cancel,cancelTypeEnumIndex,1
0027,LKUS_push,app,45
0027,LKUS_push,cid,50
0027,LKUS_push,uid,50
0027,LKUS_push,realIp,50
0027,LKUS_push,tenant,50
0027,LKUS_push,phoneNo,50
0027,LKUS_push,version,50
0027,LKUS_push,userAgent,50
0027,LKUS_push,realIpCity,50
0027,LKUS_push,countryCode,50
0027,LKUS_push,fullPhoneNo,50
0027,LKUS_push,phoneCountry,50
0027,LKUS_push,reviewRepeat,47
0027,LKUS_push,realIpCountry,50
0027,LKUS_push,realIpProvince,50
0027,LKUS_push,recaptchaV3Token,47
0027,LKUS_push,recaptchaV3Action,47
0027,LKUS_push,recaptchaV3Enabled,47
0027,LKUS_physical_order_create,app,26
0027,LKUS_physical_order_create,cid,36
0027,LKUS_physical_order_create,uid,36
0027,LKUS_physical_order_create,realIp,36
0027,LKUS_physical_order_create,shopId,36
0027,LKUS_physical_order_create,tenant,36
0027,LKUS_physical_order_create,userNo,36
0027,LKUS_physical_order_create,isGuest,36
0027,LKUS_physical_order_create,phoneNo,28
0027,LKUS_physical_order_create,version,36
0027,LKUS_physical_order_create,latitude,28
0027,LKUS_physical_order_create,couponNos,25
0027,LKUS_physical_order_create,longitude,28
0027,LKUS_physical_order_create,orderType,36
0027,LKUS_physical_order_create,taxAmount,36
0027,LKUS_physical_order_create,userAgent,36
0027,LKUS_physical_order_create,orderPrice,36
0027,LKUS_physical_order_create,realIpCity,36
0027,LKUS_physical_order_create,countryCode,36
0027,LKUS_physical_order_create,couponNames,25
0027,LKUS_physical_order_create,couponTypes,25
0027,LKUS_physical_order_create,fullPhoneNo,28
0027,LKUS_physical_order_create,shopAddress,36
0027,LKUS_physical_order_create,phoneCountry,28
0027,LKUS_physical_order_create,reviewRepeat,27
0027,LKUS_physical_order_create,shopCityName,36
0027,LKUS_physical_order_create,shopLatitude,36
0027,LKUS_physical_order_create,couponSources,25
0027,LKUS_physical_order_create,isTaxRequired,36
0027,LKUS_physical_order_create,orderSkuCodes,35
0027,LKUS_physical_order_create,orderSpuCodes,35
0027,LKUS_physical_order_create,productAmount,36
0027,LKUS_physical_order_create,realIpCountry,36
0027,LKUS_physical_order_create,shopLongitude,36
0027,LKUS_physical_order_create,realIpProvince,36
0027,LKUS_physical_order_create,recaptchaV3Token,27
0027,LKUS_physical_order_create,couponProposalNos,25
0027,LKUS_physical_order_create,couponTemplateIds,25
0027,LKUS_physical_order_create,recaptchaV3Action,27
0027,LKUS_physical_order_create,couponDenomination,25
0027,LKUS_physical_order_create,recaptchaV3Enabled,27
0027,LKUS_physical_order_create,couponDiscountTypes,25
0027,LKUS_physical_order_create,couponDiscountSubTypes,25
0027,LKUS_payment,app,26
0027,LKUS_payment,cid,36
0027,LKUS_payment,uid,36
0027,LKUS_payment,realIp,36
0027,LKUS_payment,shopId,36
0027,LKUS_payment,tenant,36
0027,LKUS_payment,userNo,36
0027,LKUS_payment,isGuest,36
0027,LKUS_payment,orderNo,36
0027,LKUS_payment,payType,36
0027,LKUS_payment,phoneNo,28
0027,LKUS_payment,version,36
0027,LKUS_payment,payMoney,36
0027,LKUS_payment,orderType,36
0027,LKUS_payment,taxAmount,36
0027,LKUS_payment,userAgent,36
0027,LKUS_payment,orderPrice,36
0027,LKUS_payment,realIpCity,36
0027,LKUS_payment,countryCode,28
0027,LKUS_payment,fullPhoneNo,28
0027,LKUS_payment,phoneCountry,28
0027,LKUS_payment,reviewRepeat,27
0027,LKUS_payment,isTaxRequired,36
0027,LKUS_payment,realIpCountry,36
0027,LKUS_payment,realIpProvince,36
0027,LKUS_payment,recaptchaV3Token,27
0027,LKUS_payment,recaptchaV3Action,27
0027,LKUS_payment,recaptchaV3Enabled,27
0027,LKUS_register,app,7
0027,LKUS_register,cid,9
0027,LKUS_register,uid,9
0027,LKUS_register,realIp,9
0027,LKUS_register,tenant,9
0027,LKUS_register,phoneNo,9
0027,LKUS_register,version,9
0027,LKUS_register,userAgent,9
0027,LKUS_register,realIpCity,9
0027,LKUS_register,countryCode,9
0027,LKUS_register,fullPhoneNo,9
0027,LKUS_register,phoneCountry,9
0027,LKUS_register,reviewRepeat,9
0027,LKUS_register,realIpCountry,9
0027,LKUS_register,realIpProvince,9
0027,LKUS_register,recaptchaV3Token,9
0027,LKUS_register,recaptchaV3Action,9
0027,LKUS_register,recaptchaV3Enabled,9
0027,LKUS_grant_new_user_coupon,app,5
0027,LKUS_grant_new_user_coupon,cid,5
0027,LKUS_grant_new_user_coupon,uid,5
0027,LKUS_grant_new_user_coupon,type,5
0027,LKUS_grant_new_user_coupon,extend,5
0027,LKUS_grant_new_user_coupon,origin,5
0027,LKUS_grant_new_user_coupon,realIp,5
0027,LKUS_grant_new_user_coupon,tenant,5
0027,LKUS_grant_new_user_coupon,userNo,5
0027,LKUS_grant_new_user_coupon,phoneNo,5
0027,LKUS_grant_new_user_coupon,readmes,5
0027,LKUS_grant_new_user_coupon,sceneId,5
0027,LKUS_grant_new_user_coupon,version,5
0027,LKUS_grant_new_user_coupon,discounts,5
0027,LKUS_grant_new_user_coupon,userAgent,5
0027,LKUS_grant_new_user_coupon,realIpCity,5
0027,LKUS_grant_new_user_coupon,countryCode,5
0027,LKUS_grant_new_user_coupon,couponNames,5
0027,LKUS_grant_new_user_coupon,couponTypes,5
0027,LKUS_grant_new_user_coupon,fullPhoneNo,5
0027,LKUS_grant_new_user_coupon,isBindPhone,5
0027,LKUS_grant_new_user_coupon,maskPhoneNo,5
0027,LKUS_grant_new_user_coupon,templateIds,5
0027,LKUS_grant_new_user_coupon,templateNos,5
0027,LKUS_grant_new_user_coupon,phoneCountry,5
0027,LKUS_grant_new_user_coupon,registerTime,5
0027,LKUS_grant_new_user_coupon,reviewRepeat,5
0027,LKUS_grant_new_user_coupon,realIpCountry,5
0027,LKUS_grant_new_user_coupon,discountLabels,5
0027,LKUS_grant_new_user_coupon,invitationCode,5
0027,LKUS_grant_new_user_coupon,realIpProvince,5
0027,LKUS_grant_new_user_coupon,recaptchaV3Token,5
0027,LKUS_grant_new_user_coupon,phoneNoEncryption,5
0027,LKUS_grant_new_user_coupon,recaptchaV3Action,5
0027,LKUS_grant_new_user_coupon,recaptchaV3Enabled,5
0027,LKUS_grant_new_user_coupon,couponDenominations,5
0027,LKUS_grant_new_user_coupon,couponDiscountTypes,5
0027,LKUS_grant_new_user_coupon,couponDiscountSubTypes,5
0027,LKUS_grant_new_user_coupon,couponDiscountTypeNames,5
0027,LKUS_login,app,6
0027,LKUS_login,cid,6
0027,LKUS_login,uid,6
0027,LKUS_login,realIp,6
0027,LKUS_login,tenant,6
0027,LKUS_login,userNo,6
0027,LKUS_login,phoneNo,6
0027,LKUS_login,version,6
0027,LKUS_login,userAgent,6
0027,LKUS_login,realIpCity,6
0027,LKUS_login,countryCode,6
0027,LKUS_login,fullPhoneNo,6
0027,LKUS_login,phoneCountry,6
0027,LKUS_login,reviewRepeat,6
0027,LKUS_login,realIpCountry,6
0027,LKUS_login,realIpProvince,6
0027,LKUS_login,recaptchaV3Token,6
0027,LKUS_login,recaptchaV3Action,6
0027,LKUS_login,recaptchaV3Enabled,6
0027,LKUS_physical_order_create,shumeiDevId,8
0027,LKUS_physical_order_create,shumengDevId,8
0027,LKUS_physical_order_create,tongdunBlackBox,8
0027,LKUS_physical_order_create,packageOrderSkuCodes,1
0027,LKUS_physical_order_create,packageOrderSpuCodes,1
0027,LKUS_push,userNo,1
0028,LKUS_push,app,40
0028,LKUS_push,cid,45
0028,LKUS_push,uid,45
0028,LKUS_push,realIp,45
0028,LKUS_push,tenant,45
0028,LKUS_push,phoneNo,45
0028,LKUS_push,version,45
0028,LKUS_push,userAgent,45
0028,LKUS_push,realIpCity,45
0028,LKUS_push,countryCode,45
0028,LKUS_push,fullPhoneNo,45
0028,LKUS_push,phoneCountry,45
0028,LKUS_push,reviewRepeat,41
0028,LKUS_push,realIpCountry,45
0028,LKUS_push,realIpProvince,45
0028,LKUS_push,recaptchaV3Token,41
0028,LKUS_push,recaptchaV3Action,41
0028,LKUS_push,recaptchaV3Enabled,41
0028,LKUS_login,app,8
0028,LKUS_login,cid,12
0028,LKUS_login,uid,12
0028,LKUS_login,realIp,12
0028,LKUS_login,tenant,12
0028,LKUS_login,userNo,12
0028,LKUS_login,phoneNo,12
0028,LKUS_login,version,12
0028,LKUS_login,userAgent,12
0028,LKUS_login,realIpCity,12
0028,LKUS_login,countryCode,12
0028,LKUS_login,fullPhoneNo,12
0028,LKUS_login,phoneCountry,12
0028,LKUS_login,reviewRepeat,9
0028,LKUS_login,realIpCountry,12
0028,LKUS_login,realIpProvince,12
0028,LKUS_login,recaptchaV3Token,9
0028,LKUS_login,recaptchaV3Action,9
0028,LKUS_login,recaptchaV3Enabled,9
0028,LKUS_grant_new_user_coupon,app,6
0028,LKUS_grant_new_user_coupon,cid,6
0028,LKUS_grant_new_user_coupon,uid,6
0028,LKUS_grant_new_user_coupon,type,6
0028,LKUS_grant_new_user_coupon,extend,6
0028,LKUS_grant_new_user_coupon,origin,6
0028,LKUS_grant_new_user_coupon,realIp,6
0028,LKUS_grant_new_user_coupon,tenant,6
0028,LKUS_grant_new_user_coupon,userNo,6
0028,LKUS_grant_new_user_coupon,phoneNo,6
0028,LKUS_grant_new_user_coupon,readmes,6
0028,LKUS_grant_new_user_coupon,sceneId,6
0028,LKUS_grant_new_user_coupon,version,6
0028,LKUS_grant_new_user_coupon,discounts,6
0028,LKUS_grant_new_user_coupon,userAgent,6
0028,LKUS_grant_new_user_coupon,realIpCity,6
0028,LKUS_grant_new_user_coupon,countryCode,6
0028,LKUS_grant_new_user_coupon,couponNames,6
0028,LKUS_grant_new_user_coupon,couponTypes,6
0028,LKUS_grant_new_user_coupon,fullPhoneNo,6
0028,LKUS_grant_new_user_coupon,isBindPhone,6
0028,LKUS_grant_new_user_coupon,maskPhoneNo,6
0028,LKUS_grant_new_user_coupon,templateIds,6
0028,LKUS_grant_new_user_coupon,templateNos,6
0028,LKUS_grant_new_user_coupon,phoneCountry,6
0028,LKUS_grant_new_user_coupon,registerTime,6
0028,LKUS_grant_new_user_coupon,reviewRepeat,6
0028,LKUS_grant_new_user_coupon,realIpCountry,6
0028,LKUS_grant_new_user_coupon,discountLabels,6
0028,LKUS_grant_new_user_coupon,invitationCode,6
0028,LKUS_grant_new_user_coupon,realIpProvince,6
0028,LKUS_grant_new_user_coupon,recaptchaV3Token,6
0028,LKUS_grant_new_user_coupon,phoneNoEncryption,6
0028,LKUS_grant_new_user_coupon,recaptchaV3Action,6
0028,LKUS_grant_new_user_coupon,recaptchaV3Enabled,6
0028,LKUS_grant_new_user_coupon,couponDenominations,6
0028,LKUS_grant_new_user_coupon,couponDiscountTypes,6
0028,LKUS_grant_new_user_coupon,couponDiscountSubTypes,6
0028,LKUS_grant_new_user_coupon,couponDiscountTypeNames,6
0028,LKUS_push,userNo,2
0028,LKUS_register,cid,5
0028,LKUS_register,uid,5
0028,LKUS_register,realIp,5
0028,LKUS_register,tenant,5
0028,LKUS_register,phoneNo,5
0028,LKUS_register,version,5
0028,LKUS_register,userAgent,5
0028,LKUS_register,realIpCity,5
0028,LKUS_register,countryCode,5
0028,LKUS_register,fullPhoneNo,5
0028,LKUS_register,phoneCountry,5
0028,LKUS_register,realIpCountry,5
0028,LKUS_register,realIpProvince,5
0028,LKUS_physical_order_create,app,47
0028,LKUS_physical_order_create,cid,55
0028,LKUS_physical_order_create,uid,55
0028,LKUS_physical_order_create,realIp,55
0028,LKUS_physical_order_create,shopId,55
0028,LKUS_physical_order_create,tenant,55
0028,LKUS_physical_order_create,userNo,55
0028,LKUS_physical_order_create,isGuest,55
0028,LKUS_physical_order_create,phoneNo,49
0028,LKUS_physical_order_create,version,55
0028,LKUS_physical_order_create,latitude,49
0028,LKUS_physical_order_create,couponNos,46
0028,LKUS_physical_order_create,longitude,49
0028,LKUS_physical_order_create,orderType,55
0028,LKUS_physical_order_create,taxAmount,55
0028,LKUS_physical_order_create,userAgent,55
0028,LKUS_physical_order_create,orderPrice,53
0028,LKUS_physical_order_create,realIpCity,55
0028,LKUS_physical_order_create,countryCode,55
0028,LKUS_physical_order_create,couponNames,46
0028,LKUS_physical_order_create,couponTypes,46
0028,LKUS_physical_order_create,fullPhoneNo,49
0028,LKUS_physical_order_create,shopAddress,55
0028,LKUS_physical_order_create,phoneCountry,49
0028,LKUS_physical_order_create,reviewRepeat,47
0028,LKUS_physical_order_create,shopCityName,55
0028,LKUS_physical_order_create,shopLatitude,55
0028,LKUS_physical_order_create,couponSources,46
0028,LKUS_physical_order_create,isTaxRequired,55
0028,LKUS_physical_order_create,orderSkuCodes,55
0028,LKUS_physical_order_create,orderSpuCodes,55
0028,LKUS_physical_order_create,productAmount,55
0028,LKUS_physical_order_create,realIpCountry,55
0028,LKUS_physical_order_create,shopLongitude,55
0028,LKUS_physical_order_create,realIpProvince,55
0028,LKUS_physical_order_create,recaptchaV3Token,47
0028,LKUS_physical_order_create,couponProposalNos,46
0028,LKUS_physical_order_create,couponTemplateIds,46
0028,LKUS_physical_order_create,recaptchaV3Action,47
0028,LKUS_physical_order_create,couponDenomination,46
0028,LKUS_physical_order_create,recaptchaV3Enabled,47
0028,LKUS_physical_order_create,couponDiscountTypes,46
0028,LKUS_physical_order_create,couponDiscountSubTypes,46
0028,LKUS_payment,app,44
0028,LKUS_payment,cid,51
0028,LKUS_payment,uid,51
0028,LKUS_payment,realIp,51
0028,LKUS_payment,shopId,51
0028,LKUS_payment,tenant,51
0028,LKUS_payment,userNo,51
0028,LKUS_payment,isGuest,51
0028,LKUS_payment,orderNo,51
0028,LKUS_payment,payType,51
0028,LKUS_payment,phoneNo,46
0028,LKUS_payment,version,51
0028,LKUS_payment,payMoney,51
0028,LKUS_payment,orderType,51
0028,LKUS_payment,taxAmount,51
0028,LKUS_payment,userAgent,51
0028,LKUS_payment,orderPrice,51
0028,LKUS_payment,realIpCity,51
0028,LKUS_payment,countryCode,46
0028,LKUS_payment,fullPhoneNo,46
0028,LKUS_payment,phoneCountry,46
0028,LKUS_payment,reviewRepeat,43
0028,LKUS_payment,isTaxRequired,51
0028,LKUS_payment,realIpCountry,51
0028,LKUS_payment,realIpProvince,51
0028,LKUS_payment,recaptchaV3Token,43
0028,LKUS_payment,recaptchaV3Action,43
0028,LKUS_payment,recaptchaV3Enabled,43
0028,LKUS_physical_order_create,shumeiDevId,6
0028,LKUS_physical_order_create,shumengDevId,6
0028,LKUS_physical_order_create,tongdunBlackBox,6
0028,LKUS_register,app,4
0028,LKUS_register,reviewRepeat,4
0028,LKUS_register,recaptchaV3Token,4
0028,LKUS_register,recaptchaV3Action,4
0028,LKUS_register,recaptchaV3Enabled,4
0028,LKUS_payment,packagingBagPrice,1
0028,LKUS_payment,packagingBagNumber,1
0029,LKUS_push,app,43
0029,LKUS_push,cid,55
0029,LKUS_push,uid,55
0029,LKUS_push,realIp,55
0029,LKUS_push,tenant,55
0029,LKUS_push,phoneNo,55
0029,LKUS_push,version,55
0029,LKUS_push,userAgent,55
0029,LKUS_push,realIpCity,55
0029,LKUS_push,countryCode,55
0029,LKUS_push,fullPhoneNo,55
0029,LKUS_push,phoneCountry,55
0029,LKUS_push,reviewRepeat,49
0029,LKUS_push,realIpCountry,55
0029,LKUS_push,realIpProvince,55
0029,LKUS_push,recaptchaV3Token,48
0029,LKUS_push,recaptchaV3Action,48
0029,LKUS_push,recaptchaV3Enabled,49
0029,LKUS_captcha,cid,1
0029,LKUS_captcha,uid,1
0029,LKUS_captcha,realIp,1
0029,LKUS_captcha,tenant,1
0029,LKUS_captcha,isGuest,1
0029,LKUS_captcha,phoneNo,1
0029,LKUS_captcha,version,1
0029,LKUS_captcha,eventName,1
0029,LKUS_captcha,userAgent,1
0029,LKUS_captcha,realIpCity,1
0029,LKUS_captcha,countryCode,1
0029,LKUS_captcha,fullPhoneNo,1
0029,LKUS_captcha,captchaScene,1
0029,LKUS_captcha,phoneCountry,1
0029,LKUS_captcha,reviewRepeat,1
0029,LKUS_captcha,realIpCountry,1
0029,LKUS_captcha,realIpProvince,1
0029,LKUS_captcha,verifyCodeType,1
0029,LKUS_captcha,recaptchaV2Token,1
0029,LKUS_captcha,recaptchaV3Token,1
0029,LKUS_captcha,recaptchaV3Action,1
0029,LKUS_captcha,verifyCodeTypeName,1
0029,LKUS_register,cid,13
0029,LKUS_register,uid,13
0029,LKUS_register,realIp,13
0029,LKUS_register,tenant,13
0029,LKUS_register,phoneNo,13
0029,LKUS_register,version,13
0029,LKUS_register,userAgent,13
0029,LKUS_register,realIpCity,13
0029,LKUS_register,countryCode,13
0029,LKUS_register,fullPhoneNo,13
0029,LKUS_register,phoneCountry,13
0029,LKUS_register,reviewRepeat,12
0029,LKUS_register,realIpCountry,13
0029,LKUS_register,realIpProvince,13
0029,LKUS_register,recaptchaV3Token,12
0029,LKUS_register,recaptchaV3Action,12
0029,LKUS_register,recaptchaV3Enabled,12
0029,LKUS_push,userNo,4
0029,LKUS_physical_order_create,app,35
0029,LKUS_physical_order_create,cid,49
0029,LKUS_physical_order_create,uid,49
0029,LKUS_physical_order_create,realIp,49
0029,LKUS_physical_order_create,shopId,49
0029,LKUS_physical_order_create,tenant,49
0029,LKUS_physical_order_create,userNo,49
0029,LKUS_physical_order_create,isGuest,49
0029,LKUS_physical_order_create,phoneNo,37
0029,LKUS_physical_order_create,version,49
0029,LKUS_physical_order_create,latitude,36
0029,LKUS_physical_order_create,couponNos,32
0029,LKUS_physical_order_create,longitude,36
0029,LKUS_physical_order_create,orderType,49
0029,LKUS_physical_order_create,taxAmount,49
0029,LKUS_physical_order_create,userAgent,49
0029,LKUS_physical_order_create,orderPrice,48
0029,LKUS_physical_order_create,realIpCity,49
0029,LKUS_physical_order_create,countryCode,49
0029,LKUS_physical_order_create,couponNames,32
0029,LKUS_physical_order_create,couponTypes,32
0029,LKUS_physical_order_create,fullPhoneNo,37
0029,LKUS_physical_order_create,shopAddress,49
0029,LKUS_physical_order_create,phoneCountry,37
0029,LKUS_physical_order_create,reviewRepeat,34
0029,LKUS_physical_order_create,shopCityName,49
0029,LKUS_physical_order_create,shopLatitude,49
0029,LKUS_physical_order_create,couponSources,32
0029,LKUS_physical_order_create,isTaxRequired,49
0029,LKUS_physical_order_create,orderSkuCodes,49
0029,LKUS_physical_order_create,orderSpuCodes,49
0029,LKUS_physical_order_create,productAmount,49
0029,LKUS_physical_order_create,realIpCountry,49
0029,LKUS_physical_order_create,shopLongitude,49
0029,LKUS_physical_order_create,realIpProvince,49
0029,LKUS_physical_order_create,recaptchaV3Token,34
0029,LKUS_physical_order_create,couponProposalNos,32
0029,LKUS_physical_order_create,couponTemplateIds,32
0029,LKUS_physical_order_create,recaptchaV3Action,34
0029,LKUS_physical_order_create,couponDenomination,32
0029,LKUS_physical_order_create,recaptchaV3Enabled,34
0029,LKUS_physical_order_create,couponDiscountTypes,32
0029,LKUS_physical_order_create,couponDiscountSubTypes,32
0029,LKUS_payment,app,35
0029,LKUS_payment,cid,50
0029,LKUS_payment,uid,50
0029,LKUS_payment,realIp,50
0029,LKUS_payment,shopId,50
0029,LKUS_payment,tenant,50
0029,LKUS_payment,userNo,50
0029,LKUS_payment,isGuest,50
0029,LKUS_payment,orderNo,50
0029,LKUS_payment,payType,50
0029,LKUS_payment,phoneNo,38
0029,LKUS_payment,version,50
0029,LKUS_payment,payMoney,50
0029,LKUS_payment,orderType,50
0029,LKUS_payment,taxAmount,50
0029,LKUS_payment,userAgent,50
0029,LKUS_payment,orderPrice,50
0029,LKUS_payment,realIpCity,50
0029,LKUS_payment,countryCode,38
0029,LKUS_payment,fullPhoneNo,38
0029,LKUS_payment,phoneCountry,38
0029,LKUS_payment,reviewRepeat,34
0029,LKUS_payment,isTaxRequired,50
0029,LKUS_payment,realIpCountry,50
0029,LKUS_payment,realIpProvince,50
0029,LKUS_payment,recaptchaV3Token,34
0029,LKUS_payment,recaptchaV3Action,34
0029,LKUS_payment,recaptchaV3Enabled,34
0029,LKUS_physical_order_create,shumeiDevId,13
0029,LKUS_physical_order_create,shumengDevId,13
0029,LKUS_physical_order_create,tongdunBlackBox,13
0029,LKUS_payment,packagingBagPrice,3
0029,LKUS_payment,packagingBagNumber,3
0029,LKUS_register,app,11
0029,LKUS_login,app,9
0029,LKUS_login,cid,12
0029,LKUS_login,uid,12
0029,LKUS_login,realIp,12
0029,LKUS_login,tenant,12
0029,LKUS_login,userNo,12
0029,LKUS_login,phoneNo,12
0029,LKUS_login,version,12
0029,LKUS_login,userAgent,12
0029,LKUS_login,realIpCity,12
0029,LKUS_login,countryCode,12
0029,LKUS_login,fullPhoneNo,12
0029,LKUS_login,phoneCountry,12
0029,LKUS_login,reviewRepeat,10
0029,LKUS_login,realIpCountry,12
0029,LKUS_login,realIpProvince,12
0029,LKUS_login,recaptchaV3Token,10
0029,LKUS_login,recaptchaV3Action,10
0029,LKUS_login,recaptchaV3Enabled,10
0029,LKUS_physical_order_create,packageOrderSkuCodes,1
0029,LKUS_physical_order_create,packageOrderSpuCodes,1
0029,LKUS_grant_new_user_coupon,app,3
0029,LKUS_grant_new_user_coupon,cid,4
0029,LKUS_grant_new_user_coupon,uid,4
0029,LKUS_grant_new_user_coupon,type,4
0029,LKUS_grant_new_user_coupon,extend,4
0029,LKUS_grant_new_user_coupon,origin,4
0029,LKUS_grant_new_user_coupon,realIp,4
0029,LKUS_grant_new_user_coupon,tenant,4
0029,LKUS_grant_new_user_coupon,userNo,4
0029,LKUS_grant_new_user_coupon,phoneNo,4
0029,LKUS_grant_new_user_coupon,readmes,4
0029,LKUS_grant_new_user_coupon,sceneId,4
0029,LKUS_grant_new_user_coupon,version,4
0029,LKUS_grant_new_user_coupon,discounts,4
0029,LKUS_grant_new_user_coupon,userAgent,4
0029,LKUS_grant_new_user_coupon,realIpCity,4
0029,LKUS_grant_new_user_coupon,countryCode,4
0029,LKUS_grant_new_user_coupon,couponNames,4
0029,LKUS_grant_new_user_coupon,couponTypes,4
0029,LKUS_grant_new_user_coupon,fullPhoneNo,4
0029,LKUS_grant_new_user_coupon,isBindPhone,4
0029,LKUS_grant_new_user_coupon,maskPhoneNo,4
0029,LKUS_grant_new_user_coupon,templateIds,4
0029,LKUS_grant_new_user_coupon,templateNos,4
0029,LKUS_grant_new_user_coupon,phoneCountry,4
0029,LKUS_grant_new_user_coupon,registerTime,4
0029,LKUS_grant_new_user_coupon,reviewRepeat,4
0029,LKUS_grant_new_user_coupon,realIpCountry,4
0029,LKUS_grant_new_user_coupon,discountLabels,4
0029,LKUS_grant_new_user_coupon,invitationCode,4
0029,LKUS_grant_new_user_coupon,realIpProvince,4
0029,LKUS_grant_new_user_coupon,recaptchaV3Token,4
0029,LKUS_grant_new_user_coupon,phoneNoEncryption,4
0029,LKUS_grant_new_user_coupon,recaptchaV3Action,4
0029,LKUS_grant_new_user_coupon,recaptchaV3Enabled,4
0029,LKUS_grant_new_user_coupon,couponDenominations,4
0029,LKUS_grant_new_user_coupon,couponDiscountTypes,4
0029,LKUS_grant_new_user_coupon,couponDiscountSubTypes,4
0029,LKUS_grant_new_user_coupon,couponDiscountTypeNames,4
0030,LKUS_push,app,31
0030,LKUS_push,cid,32
0030,LKUS_push,uid,32
0030,LKUS_push,realIp,32
0030,LKUS_push,tenant,32
0030,LKUS_push,phoneNo,32
0030,LKUS_push,version,32
0030,LKUS_push,userAgent,32
0030,LKUS_push,realIpCity,32
0030,LKUS_push,countryCode,32
0030,LKUS_push,fullPhoneNo,32
0030,LKUS_push,phoneCountry,32
0030,LKUS_push,reviewRepeat,32
0030,LKUS_push,realIpCountry,32
0030,LKUS_push,realIpProvince,32
0030,LKUS_push,recaptchaV3Token,32
0030,LKUS_push,recaptchaV3Action,32
0030,LKUS_push,recaptchaV3Enabled,32
0030,LKUS_payment,app,40
0030,LKUS_payment,cid,56
0030,LKUS_payment,uid,56
0030,LKUS_payment,realIp,56
0030,LKUS_payment,shopId,56
0030,LKUS_payment,tenant,56
0030,LKUS_payment,userNo,56
0030,LKUS_payment,isGuest,56
0030,LKUS_payment,orderNo,56
0030,LKUS_payment,payType,56
0030,LKUS_payment,phoneNo,41
0030,LKUS_payment,version,56
0030,LKUS_payment,payMoney,56
0030,LKUS_payment,orderType,56
0030,LKUS_payment,taxAmount,56
0030,LKUS_payment,userAgent,56
0030,LKUS_payment,orderPrice,56
0030,LKUS_payment,realIpCity,56
0030,LKUS_payment,countryCode,41
0030,LKUS_payment,fullPhoneNo,41
0030,LKUS_payment,phoneCountry,41
0030,LKUS_payment,reviewRepeat,40
0030,LKUS_payment,isTaxRequired,56
0030,LKUS_payment,realIpCountry,56
0030,LKUS_payment,realIpProvince,56
0030,LKUS_payment,recaptchaV3Token,40
0030,LKUS_payment,recaptchaV3Action,40
0030,LKUS_payment,recaptchaV3Enabled,40
0030,LKUS_physical_order_create,app,41
0030,LKUS_physical_order_create,cid,54
0030,LKUS_physical_order_create,uid,54
0030,LKUS_physical_order_create,realIp,54
0030,LKUS_physical_order_create,shopId,54
0030,LKUS_physical_order_create,tenant,54
0030,LKUS_physical_order_create,userNo,54
0030,LKUS_physical_order_create,isGuest,54
0030,LKUS_physical_order_create,phoneNo,42
0030,LKUS_physical_order_create,version,54
0030,LKUS_physical_order_create,latitude,44
0030,LKUS_physical_order_create,couponNos,40
0030,LKUS_physical_order_create,longitude,44
0030,LKUS_physical_order_create,orderType,54
0030,LKUS_physical_order_create,taxAmount,54
0030,LKUS_physical_order_create,userAgent,54
0030,LKUS_physical_order_create,orderPrice,54
0030,LKUS_physical_order_create,realIpCity,54
0030,LKUS_physical_order_create,countryCode,54
0030,LKUS_physical_order_create,couponNames,40
0030,LKUS_physical_order_create,couponTypes,40
0030,LKUS_physical_order_create,fullPhoneNo,42
0030,LKUS_physical_order_create,shopAddress,54
0030,LKUS_physical_order_create,phoneCountry,42
0030,LKUS_physical_order_create,reviewRepeat,41
0030,LKUS_physical_order_create,shopCityName,54
0030,LKUS_physical_order_create,shopLatitude,54
0030,LKUS_physical_order_create,couponSources,40
0030,LKUS_physical_order_create,isTaxRequired,54
0030,LKUS_physical_order_create,orderSkuCodes,53
0030,LKUS_physical_order_create,orderSpuCodes,53
0030,LKUS_physical_order_create,productAmount,54
0030,LKUS_physical_order_create,realIpCountry,54
0030,LKUS_physical_order_create,shopLongitude,54
0030,LKUS_physical_order_create,realIpProvince,54
0030,LKUS_physical_order_create,recaptchaV3Token,41
0030,LKUS_physical_order_create,couponProposalNos,40
0030,LKUS_physical_order_create,couponTemplateIds,40
0030,LKUS_physical_order_create,recaptchaV3Action,41
0030,LKUS_physical_order_create,couponDenomination,40
0030,LKUS_physical_order_create,recaptchaV3Enabled,41
0030,LKUS_physical_order_create,couponDiscountTypes,40
0030,LKUS_physical_order_create,couponDiscountSubTypes,40
0030,LKUS_register,cid,6
0030,LKUS_register,uid,6
0030,LKUS_register,realIp,6
0030,LKUS_register,tenant,6
0030,LKUS_register,phoneNo,6
0030,LKUS_register,version,6
0030,LKUS_register,userAgent,6
0030,LKUS_register,realIpCity,6
0030,LKUS_register,countryCode,6
0030,LKUS_register,fullPhoneNo,6
0030,LKUS_register,phoneCountry,6
0030,LKUS_register,reviewRepeat,6
0030,LKUS_register,realIpCountry,6
0030,LKUS_register,realIpProvince,6
0030,LKUS_register,recaptchaV3Token,6
0030,LKUS_register,recaptchaV3Action,6
0030,LKUS_register,recaptchaV3Enabled,6
0030,LKUS_grant_new_user_coupon,app,6
0030,LKUS_grant_new_user_coupon,cid,7
0030,LKUS_grant_new_user_coupon,uid,7
0030,LKUS_grant_new_user_coupon,type,7
0030,LKUS_grant_new_user_coupon,extend,7
0030,LKUS_grant_new_user_coupon,origin,7
0030,LKUS_grant_new_user_coupon,realIp,7
0030,LKUS_grant_new_user_coupon,tenant,7
0030,LKUS_grant_new_user_coupon,userNo,7
0030,LKUS_grant_new_user_coupon,phoneNo,7
0030,LKUS_grant_new_user_coupon,readmes,7
0030,LKUS_grant_new_user_coupon,sceneId,7
0030,LKUS_grant_new_user_coupon,version,7
0030,LKUS_grant_new_user_coupon,discounts,7
0030,LKUS_grant_new_user_coupon,userAgent,7
0030,LKUS_grant_new_user_coupon,realIpCity,7
0030,LKUS_grant_new_user_coupon,countryCode,7
0030,LKUS_grant_new_user_coupon,couponNames,7
0030,LKUS_grant_new_user_coupon,couponTypes,7
0030,LKUS_grant_new_user_coupon,fullPhoneNo,7
0030,LKUS_grant_new_user_coupon,isBindPhone,7
0030,LKUS_grant_new_user_coupon,maskPhoneNo,7
0030,LKUS_grant_new_user_coupon,templateIds,7
0030,LKUS_grant_new_user_coupon,templateNos,7
0030,LKUS_grant_new_user_coupon,phoneCountry,7
0030,LKUS_grant_new_user_coupon,registerTime,7
0030,LKUS_grant_new_user_coupon,reviewRepeat,7
0030,LKUS_grant_new_user_coupon,realIpCountry,7
0030,LKUS_grant_new_user_coupon,discountLabels,7
0030,LKUS_grant_new_user_coupon,invitationCode,7
0030,LKUS_grant_new_user_coupon,realIpProvince,7
0030,LKUS_grant_new_user_coupon,recaptchaV3Token,7
0030,LKUS_grant_new_user_coupon,phoneNoEncryption,7
0030,LKUS_grant_new_user_coupon,recaptchaV3Action,7
0030,LKUS_grant_new_user_coupon,recaptchaV3Enabled,7
0030,LKUS_grant_new_user_coupon,couponDenominations,7
0030,LKUS_grant_new_user_coupon,couponDiscountTypes,7
0030,LKUS_grant_new_user_coupon,couponDiscountSubTypes,7
0030,LKUS_grant_new_user_coupon,couponDiscountTypeNames,7
0030,LKUS_login,app,9
0030,LKUS_login,cid,10
0030,LKUS_login,uid,10
0030,LKUS_login,realIp,10
0030,LKUS_login,tenant,10
0030,LKUS_login,userNo,10
0030,LKUS_login,phoneNo,10
0030,LKUS_login,version,10
0030,LKUS_login,userAgent,10
0030,LKUS_login,realIpCity,10
0030,LKUS_login,countryCode,10
0030,LKUS_login,fullPhoneNo,10
0030,LKUS_login,phoneCountry,10
0030,LKUS_login,reviewRepeat,8
0030,LKUS_login,realIpCountry,10
0030,LKUS_login,realIpProvince,10
0030,LKUS_login,recaptchaV3Token,8
0030,LKUS_login,recaptchaV3Action,8
0030,LKUS_login,recaptchaV3Enabled,8
0030,LKUS_payment,packagingBagPrice,3
0030,LKUS_payment,packagingBagNumber,3
0030,LKUS_physical_order_create,shumeiDevId,10
0030,LKUS_physical_order_create,shumengDevId,10
0030,LKUS_physical_order_create,tongdunBlackBox,10
0030,LKUS_register,app,5
0030,LKUS_physical_order_create,packageOrderSkuCodes,1
0030,LKUS_physical_order_create,packageOrderSpuCodes,1
0031,LKUS_payment,app,28
0031,LKUS_payment,cid,43
0031,LKUS_payment,uid,43
0031,LKUS_payment,realIp,43
0031,LKUS_payment,shopId,43
0031,LKUS_payment,tenant,43
0031,LKUS_payment,userNo,43
0031,LKUS_payment,isGuest,43
0031,LKUS_payment,orderNo,43
0031,LKUS_payment,payType,43
0031,LKUS_payment,phoneNo,31
0031,LKUS_payment,version,43
0031,LKUS_payment,payMoney,43
0031,LKUS_payment,orderType,43
0031,LKUS_payment,taxAmount,43
0031,LKUS_payment,userAgent,43
0031,LKUS_payment,orderPrice,43
0031,LKUS_payment,realIpCity,43
0031,LKUS_payment,countryCode,31
0031,LKUS_payment,fullPhoneNo,31
0031,LKUS_payment,phoneCountry,31
0031,LKUS_payment,reviewRepeat,27
0031,LKUS_payment,isTaxRequired,43
0031,LKUS_payment,realIpCountry,43
0031,LKUS_payment,realIpProvince,43
0031,LKUS_payment,recaptchaV3Token,27
0031,LKUS_payment,recaptchaV3Action,27
0031,LKUS_payment,recaptchaV3Enabled,27
0031,LKUS_physical_order_create,app,27
0031,LKUS_physical_order_create,cid,42
0031,LKUS_physical_order_create,uid,42
0031,LKUS_physical_order_create,realIp,42
0031,LKUS_physical_order_create,shopId,42
0031,LKUS_physical_order_create,tenant,42
0031,LKUS_physical_order_create,userNo,42
0031,LKUS_physical_order_create,isGuest,42
0031,LKUS_physical_order_create,phoneNo,30
0031,LKUS_physical_order_create,version,42
0031,LKUS_physical_order_create,latitude,28
0031,LKUS_physical_order_create,couponNos,28
0031,LKUS_physical_order_create,longitude,28
0031,LKUS_physical_order_create,orderType,42
0031,LKUS_physical_order_create,taxAmount,42
0031,LKUS_physical_order_create,userAgent,42
0031,LKUS_physical_order_create,orderPrice,41
0031,LKUS_physical_order_create,realIpCity,42
0031,LKUS_physical_order_create,countryCode,42
0031,LKUS_physical_order_create,couponNames,28
0031,LKUS_physical_order_create,couponTypes,28
0031,LKUS_physical_order_create,fullPhoneNo,30
0031,LKUS_physical_order_create,shopAddress,42
0031,LKUS_physical_order_create,phoneCountry,30
0031,LKUS_physical_order_create,reviewRepeat,26
0031,LKUS_physical_order_create,shopCityName,42
0031,LKUS_physical_order_create,shopLatitude,42
0031,LKUS_physical_order_create,couponSources,28
0031,LKUS_physical_order_create,isTaxRequired,42
0031,LKUS_physical_order_create,orderSkuCodes,41
0031,LKUS_physical_order_create,orderSpuCodes,41
0031,LKUS_physical_order_create,productAmount,42
0031,LKUS_physical_order_create,realIpCountry,42
0031,LKUS_physical_order_create,shopLongitude,42
0031,LKUS_physical_order_create,realIpProvince,42
0031,LKUS_physical_order_create,recaptchaV3Token,26
0031,LKUS_physical_order_create,couponProposalNos,28
0031,LKUS_physical_order_create,couponTemplateIds,28
0031,LKUS_physical_order_create,recaptchaV3Action,26
0031,LKUS_physical_order_create,couponDenomination,28
0031,LKUS_physical_order_create,recaptchaV3Enabled,26
0031,LKUS_physical_order_create,couponDiscountTypes,28
0031,LKUS_physical_order_create,couponDiscountSubTypes,28
0031,LKUS_login,app,9
0031,LKUS_login,cid,11
0031,LKUS_login,uid,11
0031,LKUS_login,realIp,11
0031,LKUS_login,tenant,11
0031,LKUS_login,userNo,11
0031,LKUS_login,phoneNo,11
0031,LKUS_login,version,11
0031,LKUS_login,userAgent,11
0031,LKUS_login,realIpCity,11
0031,LKUS_login,countryCode,11
0031,LKUS_login,fullPhoneNo,11
0031,LKUS_login,phoneCountry,11
0031,LKUS_login,reviewRepeat,9
0031,LKUS_login,realIpCountry,11
0031,LKUS_login,realIpProvince,11
0031,LKUS_login,recaptchaV3Token,9
0031,LKUS_login,recaptchaV3Action,9
0031,LKUS_login,recaptchaV3Enabled,9
0031,LKUS_physical_order_create,shumeiDevId,14
0031,LKUS_physical_order_create,shumengDevId,14
0031,LKUS_physical_order_create,tongdunBlackBox,14
0031,LKUS_push,app,11
0031,LKUS_push,cid,16
0031,LKUS_push,uid,16
0031,LKUS_push,realIp,16
0031,LKUS_push,tenant,16
0031,LKUS_push,phoneNo,16
0031,LKUS_push,version,16
0031,LKUS_push,userAgent,16
0031,LKUS_push,realIpCity,16
0031,LKUS_push,countryCode,16
0031,LKUS_push,fullPhoneNo,16
0031,LKUS_push,phoneCountry,16
0031,LKUS_push,reviewRepeat,13
0031,LKUS_push,realIpCountry,16
0031,LKUS_push,realIpProvince,16
0031,LKUS_push,recaptchaV3Token,13
0031,LKUS_push,recaptchaV3Action,13
0031,LKUS_push,recaptchaV3Enabled,13
0031,LKUS_register,app,4
0031,LKUS_register,cid,6
0031,LKUS_register,uid,6
0031,LKUS_register,realIp,6
0031,LKUS_register,tenant,6
0031,LKUS_register,phoneNo,6
0031,LKUS_register,version,6
0031,LKUS_register,userAgent,6
0031,LKUS_register,realIpCity,6
0031,LKUS_register,countryCode,6
0031,LKUS_register,fullPhoneNo,6
0031,LKUS_register,phoneCountry,6
0031,LKUS_register,reviewRepeat,6
0031,LKUS_register,realIpCountry,6
0031,LKUS_register,realIpProvince,6
0031,LKUS_register,recaptchaV3Token,6
0031,LKUS_register,recaptchaV3Action,6
0031,LKUS_register,recaptchaV3Enabled,6
0031,LKUS_physical_order_create,packageOrderSkuCodes,2
0031,LKUS_physical_order_create,packageOrderSpuCodes,2
0031,LKUS_payment,packagingBagPrice,2
0031,LKUS_payment,packagingBagNumber,2
0031,LKUS_grant_new_user_coupon,app,4
0031,LKUS_grant_new_user_coupon,cid,4
0031,LKUS_grant_new_user_coupon,uid,4
0031,LKUS_grant_new_user_coupon,type,4
0031,LKUS_grant_new_user_coupon,extend,4
0031,LKUS_grant_new_user_coupon,origin,4
0031,LKUS_grant_new_user_coupon,realIp,4
0031,LKUS_grant_new_user_coupon,tenant,4
0031,LKUS_grant_new_user_coupon,userNo,4
0031,LKUS_grant_new_user_coupon,phoneNo,4
0031,LKUS_grant_new_user_coupon,readmes,4
0031,LKUS_grant_new_user_coupon,sceneId,4
0031,LKUS_grant_new_user_coupon,version,4
0031,LKUS_grant_new_user_coupon,discounts,4
0031,LKUS_grant_new_user_coupon,userAgent,4
0031,LKUS_grant_new_user_coupon,realIpCity,4
0031,LKUS_grant_new_user_coupon,countryCode,4
0031,LKUS_grant_new_user_coupon,couponNames,4
0031,LKUS_grant_new_user_coupon,couponTypes,4
0031,LKUS_grant_new_user_coupon,fullPhoneNo,4
0031,LKUS_grant_new_user_coupon,isBindPhone,4
0031,LKUS_grant_new_user_coupon,maskPhoneNo,4
0031,LKUS_grant_new_user_coupon,templateIds,4
0031,LKUS_grant_new_user_coupon,templateNos,4
0031,LKUS_grant_new_user_coupon,phoneCountry,4
0031,LKUS_grant_new_user_coupon,registerTime,4
0031,LKUS_grant_new_user_coupon,reviewRepeat,4
0031,LKUS_grant_new_user_coupon,realIpCountry,4
0031,LKUS_grant_new_user_coupon,discountLabels,4
0031,LKUS_grant_new_user_coupon,invitationCode,4
0031,LKUS_grant_new_user_coupon,realIpProvince,4
0031,LKUS_grant_new_user_coupon,recaptchaV3Token,4
0031,LKUS_grant_new_user_coupon,phoneNoEncryption,4
0031,LKUS_grant_new_user_coupon,recaptchaV3Action,4
0031,LKUS_grant_new_user_coupon,recaptchaV3Enabled,4
0031,LKUS_grant_new_user_coupon,couponDenominations,4
0031,LKUS_grant_new_user_coupon,couponDiscountTypes,4
0031,LKUS_grant_new_user_coupon,couponDiscountSubTypes,4
0031,LKUS_grant_new_user_coupon,couponDiscountTypeNames,4
0031,LKUS_push,userNo,2
0032,LKUS_login,app,7
0032,LKUS_login,cid,7
0032,LKUS_login,uid,7
0032,LKUS_login,realIp,7
0032,LKUS_login,tenant,7
0032,LKUS_login,userNo,7
0032,LKUS_login,phoneNo,7
0032,LKUS_login,version,7
0032,LKUS_login,userAgent,7
0032,LKUS_login,realIpCity,7
0032,LKUS_login,countryCode,7
0032,LKUS_login,fullPhoneNo,7
0032,LKUS_login,phoneCountry,7
0032,LKUS_login,reviewRepeat,7
0032,LKUS_login,realIpCountry,7
0032,LKUS_login,realIpProvince,7
0032,LKUS_login,recaptchaV3Token,7
0032,LKUS_login,recaptchaV3Action,7
0032,LKUS_login,recaptchaV3Enabled,7
0032,LKUS_grant_new_user_coupon,app,4
0032,LKUS_grant_new_user_coupon,cid,4
0032,LKUS_grant_new_user_coupon,uid,4
0032,LKUS_grant_new_user_coupon,type,4
0032,LKUS_grant_new_user_coupon,extend,4
0032,LKUS_grant_new_user_coupon,origin,4
0032,LKUS_grant_new_user_coupon,realIp,4
0032,LKUS_grant_new_user_coupon,tenant,4
0032,LKUS_grant_new_user_coupon,userNo,4
0032,LKUS_grant_new_user_coupon,phoneNo,4
0032,LKUS_grant_new_user_coupon,readmes,4
0032,LKUS_grant_new_user_coupon,sceneId,4
0032,LKUS_grant_new_user_coupon,version,4
0032,LKUS_grant_new_user_coupon,discounts,4
0032,LKUS_grant_new_user_coupon,userAgent,4
0032,LKUS_grant_new_user_coupon,realIpCity,4
0032,LKUS_grant_new_user_coupon,countryCode,4
0032,LKUS_grant_new_user_coupon,couponNames,4
0032,LKUS_grant_new_user_coupon,couponTypes,4
0032,LKUS_grant_new_user_coupon,fullPhoneNo,4
0032,LKUS_grant_new_user_coupon,isBindPhone,4
0032,LKUS_grant_new_user_coupon,maskPhoneNo,4
0032,LKUS_grant_new_user_coupon,templateIds,4
0032,LKUS_grant_new_user_coupon,templateNos,4
0032,LKUS_grant_new_user_coupon,phoneCountry,4
0032,LKUS_grant_new_user_coupon,registerTime,4
0032,LKUS_grant_new_user_coupon,reviewRepeat,4
0032,LKUS_grant_new_user_coupon,realIpCountry,4
0032,LKUS_grant_new_user_coupon,discountLabels,4
0032,LKUS_grant_new_user_coupon,invitationCode,4
0032,LKUS_grant_new_user_coupon,realIpProvince,4
0032,LKUS_grant_new_user_coupon,recaptchaV3Token,4
0032,LKUS_grant_new_user_coupon,phoneNoEncryption,4
0032,LKUS_grant_new_user_coupon,recaptchaV3Action,4
0032,LKUS_grant_new_user_coupon,recaptchaV3Enabled,4
0032,LKUS_grant_new_user_coupon,couponDenominations,4
0032,LKUS_grant_new_user_coupon,couponDiscountTypes,4
0032,LKUS_grant_new_user_coupon,couponDiscountSubTypes,4
0032,LKUS_grant_new_user_coupon,couponDiscountTypeNames,4
0032,LKUS_push,app,45
0032,LKUS_push,cid,46
0032,LKUS_push,uid,46
0032,LKUS_push,realIp,46
0032,LKUS_push,tenant,46
0032,LKUS_push,phoneNo,46
0032,LKUS_push,version,46
0032,LKUS_push,userAgent,46
0032,LKUS_push,realIpCity,46
0032,LKUS_push,countryCode,46
0032,LKUS_push,fullPhoneNo,46
0032,LKUS_push,phoneCountry,46
0032,LKUS_push,reviewRepeat,46
0032,LKUS_push,realIpCountry,46
0032,LKUS_push,realIpProvince,46
0032,LKUS_push,recaptchaV3Token,46
0032,LKUS_push,recaptchaV3Action,46
0032,LKUS_push,recaptchaV3Enabled,46
0032,LKUS_physical_order_create,app,32
0032,LKUS_physical_order_create,cid,39
0032,LKUS_physical_order_create,uid,39
0032,LKUS_physical_order_create,realIp,39
0032,LKUS_physical_order_create,shopId,39
0032,LKUS_physical_order_create,tenant,39
0032,LKUS_physical_order_create,userNo,39
0032,LKUS_physical_order_create,isGuest,39
0032,LKUS_physical_order_create,phoneNo,32
0032,LKUS_physical_order_create,version,39
0032,LKUS_physical_order_create,latitude,32
0032,LKUS_physical_order_create,couponNos,32
0032,LKUS_physical_order_create,longitude,32
0032,LKUS_physical_order_create,orderType,39
0032,LKUS_physical_order_create,taxAmount,39
0032,LKUS_physical_order_create,userAgent,39
0032,LKUS_physical_order_create,orderPrice,39
0032,LKUS_physical_order_create,realIpCity,39
0032,LKUS_physical_order_create,countryCode,39
0032,LKUS_physical_order_create,couponNames,32
0032,LKUS_physical_order_create,couponTypes,32
0032,LKUS_physical_order_create,fullPhoneNo,32
0032,LKUS_physical_order_create,shopAddress,39
0032,LKUS_physical_order_create,phoneCountry,32
0032,LKUS_physical_order_create,reviewRepeat,28
0032,LKUS_physical_order_create,shopCityName,39
0032,LKUS_physical_order_create,shopLatitude,39
0032,LKUS_physical_order_create,couponSources,32
0032,LKUS_physical_order_create,isTaxRequired,39
0032,LKUS_physical_order_create,orderSkuCodes,39
0032,LKUS_physical_order_create,orderSpuCodes,39
0032,LKUS_physical_order_create,productAmount,39
0032,LKUS_physical_order_create,realIpCountry,39
0032,LKUS_physical_order_create,shopLongitude,39
0032,LKUS_physical_order_create,realIpProvince,39
0032,LKUS_physical_order_create,recaptchaV3Token,28
0032,LKUS_physical_order_create,couponProposalNos,32
0032,LKUS_physical_order_create,couponTemplateIds,32
0032,LKUS_physical_order_create,recaptchaV3Action,28
0032,LKUS_physical_order_create,couponDenomination,32
0032,LKUS_physical_order_create,recaptchaV3Enabled,28
0032,LKUS_physical_order_create,couponDiscountTypes,32
0032,LKUS_physical_order_create,couponDiscountSubTypes,32
0032,LKUS_payment,app,31
0032,LKUS_payment,cid,39
0032,LKUS_payment,uid,39
0032,LKUS_payment,realIp,39
0032,LKUS_payment,shopId,39
0032,LKUS_payment,tenant,39
0032,LKUS_payment,userNo,39
0032,LKUS_payment,isGuest,39
0032,LKUS_payment,orderNo,39
0032,LKUS_payment,payType,39
0032,LKUS_payment,phoneNo,31
0032,LKUS_payment,version,39
0032,LKUS_payment,payMoney,39
0032,LKUS_payment,orderType,39
0032,LKUS_payment,taxAmount,39
0032,LKUS_payment,userAgent,39
0032,LKUS_payment,orderPrice,39
0032,LKUS_payment,realIpCity,39
0032,LKUS_payment,countryCode,31
0032,LKUS_payment,fullPhoneNo,31
0032,LKUS_payment,phoneCountry,31
0032,LKUS_payment,reviewRepeat,27
0032,LKUS_payment,isTaxRequired,39
0032,LKUS_payment,realIpCountry,39
0032,LKUS_payment,realIpProvince,39
0032,LKUS_payment,recaptchaV3Token,27
0032,LKUS_payment,recaptchaV3Action,27
0032,LKUS_payment,recaptchaV3Enabled,27
0032,LKUS_physical_order_create,shumeiDevId,7
0032,LKUS_physical_order_create,shumengDevId,7
0032,LKUS_physical_order_create,tongdunBlackBox,7
0032,LKUS_physical_order_cancel,app,1
0032,LKUS_physical_order_cancel,cid,1
0032,LKUS_physical_order_cancel,uid,1
0032,LKUS_physical_order_cancel,realIp,1
0032,LKUS_physical_order_cancel,shopId,1
0032,LKUS_physical_order_cancel,tenant,1
0032,LKUS_physical_order_cancel,userNo,1
0032,LKUS_physical_order_cancel,isGuest,1
0032,LKUS_physical_order_cancel,orderNo,1
0032,LKUS_physical_order_cancel,phoneNo,1
0032,LKUS_physical_order_cancel,version,1
0032,LKUS_physical_order_cancel,shopCity,1
0032,LKUS_physical_order_cancel,userAgent,1
0032,LKUS_physical_order_cancel,realIpCity,1
0032,LKUS_physical_order_cancel,countryCode,1
0032,LKUS_physical_order_cancel,fullPhoneNo,1
0032,LKUS_physical_order_cancel,totalOfMade,1
0032,LKUS_physical_order_cancel,phoneCountry,1
0032,LKUS_physical_order_cancel,reviewRepeat,1
0032,LKUS_physical_order_cancel,realIpCountry,1
0032,LKUS_physical_order_cancel,realIpProvince,1
0032,LKUS_physical_order_cancel,recaptchaV3Token,1
0032,LKUS_physical_order_cancel,recaptchaV3Action,1
0032,LKUS_physical_order_cancel,recaptchaV3Enabled,1
0032,LKUS_physical_order_cancel,cancelTypeEnumIndex,1
0032,LKUS_payment,packagingBagPrice,2
0032,LKUS_payment,packagingBagNumber,2
0032,LKUS_register,app,1
0032,LKUS_register,cid,2
0032,LKUS_register,uid,2
0032,LKUS_register,realIp,2
0032,LKUS_register,tenant,2
0032,LKUS_register,phoneNo,2
0032,LKUS_register,version,2
0032,LKUS_register,userAgent,2
0032,LKUS_register,realIpCity,2
0032,LKUS_register,countryCode,2
0032,LKUS_register,fullPhoneNo,2
0032,LKUS_register,phoneCountry,2
0032,LKUS_register,reviewRepeat,2
0032,LKUS_register,realIpCountry,2
0032,LKUS_register,realIpProvince,2
0032,LKUS_register,recaptchaV3Token,2
0032,LKUS_register,recaptchaV3Action,2
0032,LKUS_register,recaptchaV3Enabled,2
0033,LKUS_grant_new_user_coupon,app,7
0033,LKUS_grant_new_user_coupon,cid,8
0033,LKUS_grant_new_user_coupon,uid,8
0033,LKUS_grant_new_user_coupon,type,8
0033,LKUS_grant_new_user_coupon,extend,8
0033,LKUS_grant_new_user_coupon,origin,8
0033,LKUS_grant_new_user_coupon,realIp,8
0033,LKUS_grant_new_user_coupon,tenant,8
0033,LKUS_grant_new_user_coupon,userNo,8
0033,LKUS_grant_new_user_coupon,phoneNo,8
0033,LKUS_grant_new_user_coupon,readmes,8
0033,LKUS_grant_new_user_coupon,sceneId,8
0033,LKUS_grant_new_user_coupon,version,8
0033,LKUS_grant_new_user_coupon,discounts,8
0033,LKUS_grant_new_user_coupon,userAgent,8
0033,LKUS_grant_new_user_coupon,realIpCity,8
0033,LKUS_grant_new_user_coupon,countryCode,8
0033,LKUS_grant_new_user_coupon,couponNames,8
0033,LKUS_grant_new_user_coupon,couponTypes,8
0033,LKUS_grant_new_user_coupon,fullPhoneNo,8
0033,LKUS_grant_new_user_coupon,isBindPhone,8
0033,LKUS_grant_new_user_coupon,maskPhoneNo,8
0033,LKUS_grant_new_user_coupon,templateIds,8
0033,LKUS_grant_new_user_coupon,templateNos,8
0033,LKUS_grant_new_user_coupon,phoneCountry,8
0033,LKUS_grant_new_user_coupon,registerTime,8
0033,LKUS_grant_new_user_coupon,reviewRepeat,8
0033,LKUS_grant_new_user_coupon,realIpCountry,8
0033,LKUS_grant_new_user_coupon,discountLabels,8
0033,LKUS_grant_new_user_coupon,invitationCode,8
0033,LKUS_grant_new_user_coupon,realIpProvince,8
0033,LKUS_grant_new_user_coupon,recaptchaV3Token,8
0033,LKUS_grant_new_user_coupon,phoneNoEncryption,8
0033,LKUS_grant_new_user_coupon,recaptchaV3Action,8
0033,LKUS_grant_new_user_coupon,recaptchaV3Enabled,8
0033,LKUS_grant_new_user_coupon,couponDenominations,8
0033,LKUS_grant_new_user_coupon,couponDiscountTypes,8
0033,LKUS_grant_new_user_coupon,couponDiscountSubTypes,8
0033,LKUS_grant_new_user_coupon,couponDiscountTypeNames,8
0033,LKUS_login,app,9
0033,LKUS_login,cid,10
0033,LKUS_login,uid,10
0033,LKUS_login,realIp,10
0033,LKUS_login,tenant,10
0033,LKUS_login,userNo,10
0033,LKUS_login,phoneNo,10
0033,LKUS_login,version,10
0033,LKUS_login,userAgent,10
0033,LKUS_login,realIpCity,10
0033,LKUS_login,countryCode,10
0033,LKUS_login,fullPhoneNo,10
0033,LKUS_login,phoneCountry,10
0033,LKUS_login,reviewRepeat,10
0033,LKUS_login,realIpCountry,10
0033,LKUS_login,realIpProvince,10
0033,LKUS_login,recaptchaV3Token,10
0033,LKUS_login,recaptchaV3Action,10
0033,LKUS_login,recaptchaV3Enabled,10
0033,LKUS_push,app,58
0033,LKUS_push,cid,63
0033,LKUS_push,uid,63
0033,LKUS_push,realIp,63
0033,LKUS_push,tenant,63
0033,LKUS_push,phoneNo,63
0033,LKUS_push,version,63
0033,LKUS_push,userAgent,63
0033,LKUS_push,realIpCity,63
0033,LKUS_push,countryCode,63
0033,LKUS_push,fullPhoneNo,63
0033,LKUS_push,phoneCountry,63
0033,LKUS_push,reviewRepeat,62
0033,LKUS_push,realIpCountry,63
0033,LKUS_push,realIpProvince,63
0033,LKUS_push,recaptchaV3Token,62
0033,LKUS_push,recaptchaV3Action,62
0033,LKUS_push,recaptchaV3Enabled,62
0033,LKUS_physical_order_create,app,45
0033,LKUS_physical_order_create,cid,55
0033,LKUS_physical_order_create,uid,55
0033,LKUS_physical_order_create,realIp,55
0033,LKUS_physical_order_create,shopId,55
0033,LKUS_physical_order_create,tenant,55
0033,LKUS_physical_order_create,userNo,55
0033,LKUS_physical_order_create,isGuest,55
0033,LKUS_physical_order_create,phoneNo,46
0033,LKUS_physical_order_create,version,55
0033,LKUS_physical_order_create,latitude,46
0033,LKUS_physical_order_create,longitude,46
0033,LKUS_physical_order_create,orderType,55
0033,LKUS_physical_order_create,taxAmount,55
0033,LKUS_physical_order_create,userAgent,55
0033,LKUS_physical_order_create,orderPrice,54
0033,LKUS_physical_order_create,realIpCity,55
0033,LKUS_physical_order_create,countryCode,55
0033,LKUS_physical_order_create,fullPhoneNo,46
0033,LKUS_physical_order_create,shopAddress,55
0033,LKUS_physical_order_create,phoneCountry,46
0033,LKUS_physical_order_create,reviewRepeat,42
0033,LKUS_physical_order_create,shopCityName,55
0033,LKUS_physical_order_create,shopLatitude,55
0033,LKUS_physical_order_create,isTaxRequired,55
0033,LKUS_physical_order_create,orderSkuCodes,53
0033,LKUS_physical_order_create,orderSpuCodes,53
0033,LKUS_physical_order_create,productAmount,55
0033,LKUS_physical_order_create,realIpCountry,55
0033,LKUS_physical_order_create,shopLongitude,55
0033,LKUS_physical_order_create,realIpProvince,55
0033,LKUS_physical_order_create,recaptchaV3Token,42
0033,LKUS_physical_order_create,recaptchaV3Action,42
0033,LKUS_physical_order_create,recaptchaV3Enabled,42
0033,LKUS_payment,app,45
0033,LKUS_payment,cid,56
0033,LKUS_payment,uid,56
0033,LKUS_payment,realIp,56
0033,LKUS_payment,shopId,56
0033,LKUS_payment,tenant,56
0033,LKUS_payment,userNo,56
0033,LKUS_payment,isGuest,56
0033,LKUS_payment,orderNo,56
0033,LKUS_payment,payType,56
0033,LKUS_payment,phoneNo,46
0033,LKUS_payment,version,56
0033,LKUS_payment,payMoney,56
0033,LKUS_payment,orderType,56
0033,LKUS_payment,taxAmount,56
0033,LKUS_payment,userAgent,56
0033,LKUS_payment,orderPrice,56
0033,LKUS_payment,realIpCity,56
0033,LKUS_payment,countryCode,46
0033,LKUS_payment,fullPhoneNo,46
0033,LKUS_payment,phoneCountry,46
0033,LKUS_payment,reviewRepeat,42
0033,LKUS_payment,isTaxRequired,56
0033,LKUS_payment,realIpCountry,56
0033,LKUS_payment,realIpProvince,56
0033,LKUS_payment,recaptchaV3Token,42
0033,LKUS_payment,recaptchaV3Action,42
0033,LKUS_payment,recaptchaV3Enabled,42
0033,LKUS_physical_order_create,shumeiDevId,9
0033,LKUS_physical_order_create,shumengDevId,9
0033,LKUS_physical_order_create,tongdunBlackBox,9
0033,LKUS_physical_order_create,couponNos,43
0033,LKUS_physical_order_create,couponNames,43
0033,LKUS_physical_order_create,couponTypes,43
0033,LKUS_physical_order_create,couponSources,43
0033,LKUS_physical_order_create,couponProposalNos,43
0033,LKUS_physical_order_create,couponTemplateIds,43
0033,LKUS_physical_order_create,couponDenomination,43
0033,LKUS_physical_order_create,couponDiscountTypes,43
0033,LKUS_physical_order_create,couponDiscountSubTypes,43
0033,LKUS_physical_order_create,packageOrderSkuCodes,2
0033,LKUS_physical_order_create,packageOrderSpuCodes,2
0033,LKUS_register,cid,9
0033,LKUS_register,uid,9
0033,LKUS_register,realIp,9
0033,LKUS_register,tenant,9
0033,LKUS_register,phoneNo,9
0033,LKUS_register,version,9
0033,LKUS_register,userAgent,9
0033,LKUS_register,realIpCity,9
0033,LKUS_register,countryCode,9
0033,LKUS_register,fullPhoneNo,9
0033,LKUS_register,phoneCountry,9
0033,LKUS_register,reviewRepeat,9
0033,LKUS_register,realIpCountry,9
0033,LKUS_register,realIpProvince,9
0033,LKUS_register,recaptchaV3Token,9
0033,LKUS_register,recaptchaV3Action,9
0033,LKUS_register,recaptchaV3Enabled,9
0033,LKUS_physical_order_cancel,app,1
0033,LKUS_physical_order_cancel,cid,1
0033,LKUS_physical_order_cancel,uid,1
0033,LKUS_physical_order_cancel,realIp,1
0033,LKUS_physical_order_cancel,shopId,1
0033,LKUS_physical_order_cancel,tenant,1
0033,LKUS_physical_order_cancel,userNo,1
0033,LKUS_physical_order_cancel,isGuest,1
0033,LKUS_physical_order_cancel,orderNo,1
0033,LKUS_physical_order_cancel,phoneNo,1
0033,LKUS_physical_order_cancel,version,1
0033,LKUS_physical_order_cancel,shopCity,1
0033,LKUS_physical_order_cancel,userAgent,1
0033,LKUS_physical_order_cancel,realIpCity,1
0033,LKUS_physical_order_cancel,countryCode,1
0033,LKUS_physical_order_cancel,fullPhoneNo,1
0033,LKUS_physical_order_cancel,totalOfMade,1
0033,LKUS_physical_order_cancel,phoneCountry,1
0033,LKUS_physical_order_cancel,reviewRepeat,1
0033,LKUS_physical_order_cancel,realIpCountry,1
0033,LKUS_physical_order_cancel,realIpProvince,1
0033,LKUS_physical_order_cancel,recaptchaV3Token,1
0033,LKUS_physical_order_cancel,recaptchaV3Action,1
0033,LKUS_physical_order_cancel,recaptchaV3Enabled,1
0033,LKUS_physical_order_cancel,cancelTypeEnumIndex,1
0033,LKUS_payment,packagingBagPrice,1
0033,LKUS_payment,packagingBagNumber,1
0033,LKUS_register,app,6
0033,LKUS_push,userNo,1
0034,LKUS_push,app,29
0034,LKUS_push,cid,32
0034,LKUS_push,uid,32
0034,LKUS_push,realIp,32
0034,LKUS_push,tenant,32
0034,LKUS_push,phoneNo,32
0034,LKUS_push,version,32
0034,LKUS_push,userAgent,32
0034,LKUS_push,realIpCity,32
0034,LKUS_push,countryCode,32
0034,LKUS_push,fullPhoneNo,32
0034,LKUS_push,phoneCountry,32
0034,LKUS_push,reviewRepeat,30
0034,LKUS_push,realIpCountry,32
0034,LKUS_push,realIpProvince,32
0034,LKUS_push,recaptchaV3Token,30
0034,LKUS_push,recaptchaV3Action,30
0034,LKUS_push,recaptchaV3Enabled,30
0034,LKUS_register,app,4
0034,LKUS_register,cid,6
0034,LKUS_register,uid,6
0034,LKUS_register,realIp,6
0034,LKUS_register,tenant,6
0034,LKUS_register,phoneNo,6
0034,LKUS_register,version,6
0034,LKUS_register,userAgent,6
0034,LKUS_register,realIpCity,6
0034,LKUS_register,countryCode,6
0034,LKUS_register,fullPhoneNo,6
0034,LKUS_register,phoneCountry,6
0034,LKUS_register,reviewRepeat,6
0034,LKUS_register,realIpCountry,6
0034,LKUS_register,realIpProvince,6
0034,LKUS_register,recaptchaV3Token,6
0034,LKUS_register,recaptchaV3Action,6
0034,LKUS_register,recaptchaV3Enabled,6
0034,LKUS_physical_order_create,app,47
0034,LKUS_physical_order_create,cid,54
0034,LKUS_physical_order_create,uid,54
0034,LKUS_physical_order_create,realIp,54
0034,LKUS_physical_order_create,shopId,54
0034,LKUS_physical_order_create,tenant,54
0034,LKUS_physical_order_create,userNo,54
0034,LKUS_physical_order_create,isGuest,54
0034,LKUS_physical_order_create,phoneNo,48
0034,LKUS_physical_order_create,version,54
0034,LKUS_physical_order_create,latitude,48
0034,LKUS_physical_order_create,couponNos,44
0034,LKUS_physical_order_create,longitude,48
0034,LKUS_physical_order_create,orderType,54
0034,LKUS_physical_order_create,taxAmount,54
0034,LKUS_physical_order_create,userAgent,54
0034,LKUS_physical_order_create,orderPrice,54
0034,LKUS_physical_order_create,realIpCity,54
0034,LKUS_physical_order_create,countryCode,54
0034,LKUS_physical_order_create,couponNames,44
0034,LKUS_physical_order_create,couponTypes,44
0034,LKUS_physical_order_create,fullPhoneNo,48
0034,LKUS_physical_order_create,shopAddress,54
0034,LKUS_physical_order_create,phoneCountry,48
0034,LKUS_physical_order_create,reviewRepeat,45
0034,LKUS_physical_order_create,shopCityName,54
0034,LKUS_physical_order_create,shopLatitude,54
0034,LKUS_physical_order_create,couponSources,44
0034,LKUS_physical_order_create,isTaxRequired,54
0034,LKUS_physical_order_create,orderSkuCodes,52
0034,LKUS_physical_order_create,orderSpuCodes,52
0034,LKUS_physical_order_create,productAmount,54
0034,LKUS_physical_order_create,realIpCountry,54
0034,LKUS_physical_order_create,shopLongitude,54
0034,LKUS_physical_order_create,realIpProvince,54
0034,LKUS_physical_order_create,recaptchaV3Token,45
0034,LKUS_physical_order_create,couponProposalNos,44
0034,LKUS_physical_order_create,couponTemplateIds,44
0034,LKUS_physical_order_create,recaptchaV3Action,45
0034,LKUS_physical_order_create,couponDenomination,44
0034,LKUS_physical_order_create,recaptchaV3Enabled,45
0034,LKUS_physical_order_create,couponDiscountTypes,44
0034,LKUS_physical_order_create,couponDiscountSubTypes,44
0034,LKUS_payment,app,43
0034,LKUS_payment,cid,50
0034,LKUS_payment,uid,50
0034,LKUS_payment,realIp,50
0034,LKUS_payment,shopId,50
0034,LKUS_payment,tenant,50
0034,LKUS_payment,userNo,50
0034,LKUS_payment,isGuest,50
0034,LKUS_payment,orderNo,50
0034,LKUS_payment,payType,50
0034,LKUS_payment,phoneNo,44
0034,LKUS_payment,version,50
0034,LKUS_payment,payMoney,50
0034,LKUS_payment,orderType,50
0034,LKUS_payment,taxAmount,50
0034,LKUS_payment,userAgent,50
0034,LKUS_payment,orderPrice,50
0034,LKUS_payment,realIpCity,50
0034,LKUS_payment,countryCode,44
0034,LKUS_payment,fullPhoneNo,44
0034,LKUS_payment,phoneCountry,44
0034,LKUS_payment,reviewRepeat,42
0034,LKUS_payment,isTaxRequired,50
0034,LKUS_payment,realIpCountry,50
0034,LKUS_payment,realIpProvince,50
0034,LKUS_payment,recaptchaV3Token,42
0034,LKUS_payment,recaptchaV3Action,42
0034,LKUS_payment,recaptchaV3Enabled,42
0034,LKUS_physical_order_create,shumeiDevId,6
0034,LKUS_physical_order_create,shumengDevId,6
0034,LKUS_physical_order_create,tongdunBlackBox,6
0034,LKUS_physical_order_create,packageOrderSkuCodes,2
0034,LKUS_physical_order_create,packageOrderSpuCodes,2
0034,LKUS_grant_new_user_coupon,app,4
0034,LKUS_grant_new_user_coupon,cid,5
0034,LKUS_grant_new_user_coupon,uid,5
0034,LKUS_grant_new_user_coupon,type,5
0034,LKUS_grant_new_user_coupon,extend,5
0034,LKUS_grant_new_user_coupon,origin,5
0034,LKUS_grant_new_user_coupon,realIp,5
0034,LKUS_grant_new_user_coupon,tenant,5
0034,LKUS_grant_new_user_coupon,userNo,5
0034,LKUS_grant_new_user_coupon,phoneNo,5
0034,LKUS_grant_new_user_coupon,readmes,5
0034,LKUS_grant_new_user_coupon,sceneId,5
0034,LKUS_grant_new_user_coupon,version,5
0034,LKUS_grant_new_user_coupon,discounts,5
0034,LKUS_grant_new_user_coupon,userAgent,5
0034,LKUS_grant_new_user_coupon,realIpCity,5
0034,LKUS_grant_new_user_coupon,countryCode,5
0034,LKUS_grant_new_user_coupon,couponNames,5
0034,LKUS_grant_new_user_coupon,couponTypes,5
0034,LKUS_grant_new_user_coupon,fullPhoneNo,5
0034,LKUS_grant_new_user_coupon,isBindPhone,5
0034,LKUS_grant_new_user_coupon,maskPhoneNo,5
0034,LKUS_grant_new_user_coupon,templateIds,5
0034,LKUS_grant_new_user_coupon,templateNos,5
0034,LKUS_grant_new_user_coupon,phoneCountry,5
0034,LKUS_grant_new_user_coupon,registerTime,5
0034,LKUS_grant_new_user_coupon,reviewRepeat,5
0034,LKUS_grant_new_user_coupon,realIpCountry,5
0034,LKUS_grant_new_user_coupon,discountLabels,5
0034,LKUS_grant_new_user_coupon,invitationCode,5
0034,LKUS_grant_new_user_coupon,realIpProvince,5
0034,LKUS_grant_new_user_coupon,recaptchaV3Token,5
0034,LKUS_grant_new_user_coupon,phoneNoEncryption,5
0034,LKUS_grant_new_user_coupon,recaptchaV3Action,5
0034,LKUS_grant_new_user_coupon,recaptchaV3Enabled,5
0034,LKUS_grant_new_user_coupon,couponDenominations,5
0034,LKUS_grant_new_user_coupon,couponDiscountTypes,5
0034,LKUS_grant_new_user_coupon,couponDiscountSubTypes,5
0034,LKUS_grant_new_user_coupon,couponDiscountTypeNames,5
0034,LKUS_login,app,9
0034,LKUS_login,cid,10
0034,LKUS_login,uid,10
0034,LKUS_login,realIp,10
0034,LKUS_login,tenant,10
0034,LKUS_login,userNo,10
0034,LKUS_login,phoneNo,10
0034,LKUS_login,version,10
0034,LKUS_login,userAgent,10
0034,LKUS_login,realIpCity,10
0034,LKUS_login,countryCode,10
0034,LKUS_login,fullPhoneNo,10
0034,LKUS_login,phoneCountry,10
0034,LKUS_login,reviewRepeat,10
0034,LKUS_login,realIpCountry,10
0034,LKUS_login,realIpProvince,10
0034,LKUS_login,recaptchaV3Token,10
0034,LKUS_login,recaptchaV3Action,10
0034,LKUS_login,recaptchaV3Enabled,10
0034,LKUS_physical_order_cancel,app,2
0034,LKUS_physical_order_cancel,cid,2
0034,LKUS_physical_order_cancel,uid,2
0034,LKUS_physical_order_cancel,realIp,2
0034,LKUS_physical_order_cancel,shopId,2
0034,LKUS_physical_order_cancel,tenant,2
0034,LKUS_physical_order_cancel,userNo,2
0034,LKUS_physical_order_cancel,isGuest,2
0034,LKUS_physical_order_cancel,orderNo,2
0034,LKUS_physical_order_cancel,phoneNo,2
0034,LKUS_physical_order_cancel,version,2
0034,LKUS_physical_order_cancel,shopCity,2
0034,LKUS_physical_order_cancel,userAgent,2
0034,LKUS_physical_order_cancel,realIpCity,2
0034,LKUS_physical_order_cancel,countryCode,2
0034,LKUS_physical_order_cancel,fullPhoneNo,2
0034,LKUS_physical_order_cancel,totalOfMade,2
0034,LKUS_physical_order_cancel,phoneCountry,2
0034,LKUS_physical_order_cancel,reviewRepeat,2
0034,LKUS_physical_order_cancel,realIpCountry,2
0034,LKUS_physical_order_cancel,realIpProvince,2
0034,LKUS_physical_order_cancel,recaptchaV3Token,2
0034,LKUS_physical_order_cancel,recaptchaV3Action,2
0034,LKUS_physical_order_cancel,recaptchaV3Enabled,2
0034,LKUS_physical_order_cancel,cancelTypeEnumIndex,2
0034,LKUS_grant_new_user_coupon,inviterCode,1
0034,LKUS_grant_new_user_coupon,inviterType,1
0034,LKUS_grant_new_user_coupon,inviterPhone,1
0034,LKUS_grant_new_user_coupon,inviterUserNo,1
0034,LKUS_grant_new_user_coupon,marketingCode,1
0034,LKUS_grant_new_user_coupon,invitationActivityNo,1
0035,LKUS_push,app,31
0035,LKUS_push,cid,31
0035,LKUS_push,uid,31
0035,LKUS_push,realIp,31
0035,LKUS_push,tenant,31
0035,LKUS_push,phoneNo,31
0035,LKUS_push,version,31
0035,LKUS_push,userAgent,31
0035,LKUS_push,realIpCity,31
0035,LKUS_push,countryCode,31
0035,LKUS_push,fullPhoneNo,31
0035,LKUS_push,phoneCountry,31
0035,LKUS_push,reviewRepeat,22
0035,LKUS_push,realIpCountry,31
0035,LKUS_push,realIpProvince,31
0035,LKUS_push,recaptchaV3Token,22
0035,LKUS_push,recaptchaV3Action,22
0035,LKUS_push,recaptchaV3Enabled,22
0035,LKUS_register,app,4
0035,LKUS_register,cid,4
0035,LKUS_register,uid,4
0035,LKUS_register,realIp,4
0035,LKUS_register,tenant,4
0035,LKUS_register,phoneNo,4
0035,LKUS_register,version,4
0035,LKUS_register,userAgent,4
0035,LKUS_register,realIpCity,4
0035,LKUS_register,countryCode,4
0035,LKUS_register,fullPhoneNo,4
0035,LKUS_register,phoneCountry,4
0035,LKUS_register,reviewRepeat,4
0035,LKUS_register,realIpCountry,4
0035,LKUS_register,realIpProvince,4
0035,LKUS_register,recaptchaV3Token,4
0035,LKUS_register,recaptchaV3Action,4
0035,LKUS_register,recaptchaV3Enabled,4
0035,LKUS_grant_new_user_coupon,app,4
0035,LKUS_grant_new_user_coupon,cid,4
0035,LKUS_grant_new_user_coupon,uid,4
0035,LKUS_grant_new_user_coupon,type,4
0035,LKUS_grant_new_user_coupon,extend,4
0035,LKUS_grant_new_user_coupon,origin,4
0035,LKUS_grant_new_user_coupon,realIp,4
0035,LKUS_grant_new_user_coupon,tenant,4
0035,LKUS_grant_new_user_coupon,userNo,4
0035,LKUS_grant_new_user_coupon,phoneNo,4
0035,LKUS_grant_new_user_coupon,readmes,4
0035,LKUS_grant_new_user_coupon,sceneId,4
0035,LKUS_grant_new_user_coupon,version,4
0035,LKUS_grant_new_user_coupon,discounts,4
0035,LKUS_grant_new_user_coupon,userAgent,4
0035,LKUS_grant_new_user_coupon,realIpCity,4
0035,LKUS_grant_new_user_coupon,countryCode,4
0035,LKUS_grant_new_user_coupon,couponNames,4
0035,LKUS_grant_new_user_coupon,couponTypes,4
0035,LKUS_grant_new_user_coupon,fullPhoneNo,4
0035,LKUS_grant_new_user_coupon,isBindPhone,4
0035,LKUS_grant_new_user_coupon,maskPhoneNo,4
0035,LKUS_grant_new_user_coupon,templateIds,4
0035,LKUS_grant_new_user_coupon,templateNos,4
0035,LKUS_grant_new_user_coupon,phoneCountry,4
0035,LKUS_grant_new_user_coupon,registerTime,4
0035,LKUS_grant_new_user_coupon,reviewRepeat,4
0035,LKUS_grant_new_user_coupon,realIpCountry,4
0035,LKUS_grant_new_user_coupon,discountLabels,4
0035,LKUS_grant_new_user_coupon,invitationCode,4
0035,LKUS_grant_new_user_coupon,realIpProvince,4
0035,LKUS_grant_new_user_coupon,recaptchaV3Token,4
0035,LKUS_grant_new_user_coupon,phoneNoEncryption,4
0035,LKUS_grant_new_user_coupon,recaptchaV3Action,4
0035,LKUS_grant_new_user_coupon,recaptchaV3Enabled,4
0035,LKUS_grant_new_user_coupon,couponDenominations,4
0035,LKUS_grant_new_user_coupon,couponDiscountTypes,4
0035,LKUS_grant_new_user_coupon,couponDiscountSubTypes,4
0035,LKUS_grant_new_user_coupon,couponDiscountTypeNames,4
0035,LKUS_login,app,5
0035,LKUS_login,cid,6
0035,LKUS_login,uid,6
0035,LKUS_login,realIp,6
0035,LKUS_login,tenant,6
0035,LKUS_login,userNo,6
0035,LKUS_login,phoneNo,6
0035,LKUS_login,version,6
0035,LKUS_login,userAgent,6
0035,LKUS_login,realIpCity,6
0035,LKUS_login,countryCode,6
0035,LKUS_login,fullPhoneNo,6
0035,LKUS_login,phoneCountry,6
0035,LKUS_login,reviewRepeat,5
0035,LKUS_login,realIpCountry,6
0035,LKUS_login,realIpProvince,6
0035,LKUS_login,recaptchaV3Token,5
0035,LKUS_login,recaptchaV3Action,5
0035,LKUS_login,recaptchaV3Enabled,5
0035,LKUS_physical_order_create,app,33
0035,LKUS_physical_order_create,cid,40
0035,LKUS_physical_order_create,uid,40
0035,LKUS_physical_order_create,realIp,40
0035,LKUS_physical_order_create,shopId,40
0035,LKUS_physical_order_create,tenant,40
0035,LKUS_physical_order_create,userNo,40
0035,LKUS_physical_order_create,isGuest,40
0035,LKUS_physical_order_create,phoneNo,33
0035,LKUS_physical_order_create,version,40
0035,LKUS_physical_order_create,latitude,33
0035,LKUS_physical_order_create,longitude,33
0035,LKUS_physical_order_create,orderType,40
0035,LKUS_physical_order_create,taxAmount,40
0035,LKUS_physical_order_create,userAgent,40
0035,LKUS_physical_order_create,orderPrice,38
0035,LKUS_physical_order_create,realIpCity,40
0035,LKUS_physical_order_create,countryCode,40
0035,LKUS_physical_order_create,fullPhoneNo,33
0035,LKUS_physical_order_create,shopAddress,40
0035,LKUS_physical_order_create,phoneCountry,33
0035,LKUS_physical_order_create,reviewRepeat,32
0035,LKUS_physical_order_create,shopCityName,40
0035,LKUS_physical_order_create,shopLatitude,40
0035,LKUS_physical_order_create,isTaxRequired,40
0035,LKUS_physical_order_create,productAmount,40
0035,LKUS_physical_order_create,realIpCountry,40
0035,LKUS_physical_order_create,shopLongitude,40
0035,LKUS_physical_order_create,realIpProvince,40
0035,LKUS_physical_order_create,recaptchaV3Token,32
0035,LKUS_physical_order_create,recaptchaV3Action,32
0035,LKUS_physical_order_create,recaptchaV3Enabled,32
0035,LKUS_physical_order_create,packageOrderSkuCodes,1
0035,LKUS_physical_order_create,packageOrderSpuCodes,1
0035,LKUS_payment,app,32
0035,LKUS_payment,cid,40
0035,LKUS_payment,uid,40
0035,LKUS_payment,realIp,40
0035,LKUS_payment,shopId,40
0035,LKUS_payment,tenant,40
0035,LKUS_payment,userNo,40
0035,LKUS_payment,isGuest,40
0035,LKUS_payment,orderNo,40
0035,LKUS_payment,payType,40
0035,LKUS_payment,phoneNo,32
0035,LKUS_payment,version,40
0035,LKUS_payment,payMoney,40
0035,LKUS_payment,orderType,40
0035,LKUS_payment,taxAmount,40
0035,LKUS_payment,userAgent,40
0035,LKUS_payment,orderPrice,40
0035,LKUS_payment,realIpCity,40
0035,LKUS_payment,countryCode,32
0035,LKUS_payment,fullPhoneNo,32
0035,LKUS_payment,phoneCountry,32
0035,LKUS_payment,reviewRepeat,31
0035,LKUS_payment,isTaxRequired,40
0035,LKUS_payment,realIpCountry,40
0035,LKUS_payment,realIpProvince,40
0035,LKUS_payment,recaptchaV3Token,31
0035,LKUS_payment,recaptchaV3Action,31
0035,LKUS_payment,recaptchaV3Enabled,31
0035,LKUS_physical_order_create,couponNos,31
0035,LKUS_physical_order_create,couponNames,31
0035,LKUS_physical_order_create,couponTypes,31
0035,LKUS_physical_order_create,couponSources,31
0035,LKUS_physical_order_create,orderSkuCodes,39
0035,LKUS_physical_order_create,orderSpuCodes,39
0035,LKUS_physical_order_create,couponProposalNos,31
0035,LKUS_physical_order_create,couponTemplateIds,31
0035,LKUS_physical_order_create,couponDenomination,31
0035,LKUS_physical_order_create,couponDiscountTypes,31
0035,LKUS_physical_order_create,couponDiscountSubTypes,31
0035,LKUS_physical_order_create,shumeiDevId,7
0035,LKUS_physical_order_create,shumengDevId,7
0035,LKUS_physical_order_create,tongdunBlackBox,7
0035,LKUS_payment,packagingBagPrice,3
0035,LKUS_payment,packagingBagNumber,3
0036,LKUS_push,app,42
0036,LKUS_push,cid,48
0036,LKUS_push,uid,48
0036,LKUS_push,realIp,48
0036,LKUS_push,tenant,48
0036,LKUS_push,phoneNo,48
0036,LKUS_push,version,48
0036,LKUS_push,userAgent,48
0036,LKUS_push,realIpCity,48
0036,LKUS_push,countryCode,48
0036,LKUS_push,fullPhoneNo,48
0036,LKUS_push,phoneCountry,48
0036,LKUS_push,reviewRepeat,47
0036,LKUS_push,realIpCountry,48
0036,LKUS_push,realIpProvince,48
0036,LKUS_push,recaptchaV3Token,46
0036,LKUS_push,recaptchaV3Action,46
0036,LKUS_push,recaptchaV3Enabled,47
0036,LKUS_payment,cid,38
0036,LKUS_payment,uid,38
0036,LKUS_payment,realIp,38
0036,LKUS_payment,shopId,38
0036,LKUS_payment,tenant,38
0036,LKUS_payment,userNo,38
0036,LKUS_payment,isGuest,38
0036,LKUS_payment,orderNo,38
0036,LKUS_payment,payType,38
0036,LKUS_payment,version,38
0036,LKUS_payment,payMoney,38
0036,LKUS_payment,orderType,38
0036,LKUS_payment,taxAmount,38
0036,LKUS_payment,userAgent,38
0036,LKUS_payment,orderPrice,38
0036,LKUS_payment,realIpCity,38
0036,LKUS_payment,isTaxRequired,38
0036,LKUS_payment,realIpCountry,38
0036,LKUS_payment,realIpProvince,38
0036,LKUS_physical_order_create,cid,39
0036,LKUS_physical_order_create,uid,39
0036,LKUS_physical_order_create,realIp,39
0036,LKUS_physical_order_create,shopId,39
0036,LKUS_physical_order_create,tenant,39
0036,LKUS_physical_order_create,userNo,39
0036,LKUS_physical_order_create,isGuest,39
0036,LKUS_physical_order_create,version,39
0036,LKUS_physical_order_create,orderType,39
0036,LKUS_physical_order_create,taxAmount,39
0036,LKUS_physical_order_create,userAgent,39
0036,LKUS_physical_order_create,orderPrice,39
0036,LKUS_physical_order_create,realIpCity,39
0036,LKUS_physical_order_create,countryCode,39
0036,LKUS_physical_order_create,shopAddress,39
0036,LKUS_physical_order_create,shumeiDevId,12
0036,LKUS_physical_order_create,shopCityName,39
0036,LKUS_physical_order_create,shopLatitude,39
0036,LKUS_physical_order_create,shumengDevId,12
0036,LKUS_physical_order_create,isTaxRequired,39
0036,LKUS_physical_order_create,orderSkuCodes,39
0036,LKUS_physical_order_create,orderSpuCodes,39
0036,LKUS_physical_order_create,productAmount,39
0036,LKUS_physical_order_create,realIpCountry,39
0036,LKUS_physical_order_create,shopLongitude,39
0036,LKUS_physical_order_create,realIpProvince,39
0036,LKUS_physical_order_create,tongdunBlackBox,12
0036,LKUS_payment,packagingBagPrice,2
0036,LKUS_payment,packagingBagNumber,2
0036,LKUS_physical_order_create,app,26
0036,LKUS_physical_order_create,phoneNo,27
0036,LKUS_physical_order_create,latitude,27
0036,LKUS_physical_order_create,couponNos,22
0036,LKUS_physical_order_create,longitude,27
0036,LKUS_physical_order_create,couponNames,22
0036,LKUS_physical_order_create,couponTypes,22
0036,LKUS_physical_order_create,fullPhoneNo,27
0036,LKUS_physical_order_create,phoneCountry,27
0036,LKUS_physical_order_create,reviewRepeat,26
0036,LKUS_physical_order_create,couponSources,22
0036,LKUS_physical_order_create,recaptchaV3Token,26
0036,LKUS_physical_order_create,couponProposalNos,22
0036,LKUS_physical_order_create,couponTemplateIds,22
0036,LKUS_physical_order_create,recaptchaV3Action,26
0036,LKUS_physical_order_create,couponDenomination,22
0036,LKUS_physical_order_create,recaptchaV3Enabled,26
0036,LKUS_physical_order_create,couponDiscountTypes,22
0036,LKUS_physical_order_create,couponDiscountSubTypes,22
0036,LKUS_payment,app,25
0036,LKUS_payment,phoneNo,26
0036,LKUS_payment,countryCode,26
0036,LKUS_payment,fullPhoneNo,26
0036,LKUS_payment,phoneCountry,26
0036,LKUS_payment,reviewRepeat,25
0036,LKUS_payment,recaptchaV3Token,25
0036,LKUS_payment,recaptchaV3Action,25
0036,LKUS_payment,recaptchaV3Enabled,25
0036,LKUS_register,app,8
0036,LKUS_register,cid,10
0036,LKUS_register,uid,10
0036,LKUS_register,realIp,10
0036,LKUS_register,tenant,10
0036,LKUS_register,phoneNo,10
0036,LKUS_register,version,10
0036,LKUS_register,userAgent,10
0036,LKUS_register,realIpCity,10
0036,LKUS_register,countryCode,10
0036,LKUS_register,fullPhoneNo,10
0036,LKUS_register,phoneCountry,10
0036,LKUS_register,reviewRepeat,10
0036,LKUS_register,realIpCountry,10
0036,LKUS_register,realIpProvince,10
0036,LKUS_register,recaptchaV3Token,10
0036,LKUS_register,recaptchaV3Action,10
0036,LKUS_register,recaptchaV3Enabled,10
0036,LKUS_grant_new_user_coupon,app,5
0036,LKUS_grant_new_user_coupon,cid,6
0036,LKUS_grant_new_user_coupon,uid,6
0036,LKUS_grant_new_user_coupon,type,6
0036,LKUS_grant_new_user_coupon,extend,6
0036,LKUS_grant_new_user_coupon,origin,6
0036,LKUS_grant_new_user_coupon,realIp,6
0036,LKUS_grant_new_user_coupon,tenant,6
0036,LKUS_grant_new_user_coupon,userNo,6
0036,LKUS_grant_new_user_coupon,phoneNo,6
0036,LKUS_grant_new_user_coupon,readmes,6
0036,LKUS_grant_new_user_coupon,sceneId,6
0036,LKUS_grant_new_user_coupon,version,6
0036,LKUS_grant_new_user_coupon,discounts,6
0036,LKUS_grant_new_user_coupon,userAgent,6
0036,LKUS_grant_new_user_coupon,realIpCity,6
0036,LKUS_grant_new_user_coupon,countryCode,6
0036,LKUS_grant_new_user_coupon,couponNames,6
0036,LKUS_grant_new_user_coupon,couponTypes,6
0036,LKUS_grant_new_user_coupon,fullPhoneNo,6
0036,LKUS_grant_new_user_coupon,isBindPhone,6
0036,LKUS_grant_new_user_coupon,maskPhoneNo,6
0036,LKUS_grant_new_user_coupon,templateIds,6
0036,LKUS_grant_new_user_coupon,templateNos,6
0036,LKUS_grant_new_user_coupon,phoneCountry,6
0036,LKUS_grant_new_user_coupon,registerTime,6
0036,LKUS_grant_new_user_coupon,reviewRepeat,6
0036,LKUS_grant_new_user_coupon,realIpCountry,6
0036,LKUS_grant_new_user_coupon,discountLabels,6
0036,LKUS_grant_new_user_coupon,invitationCode,6
0036,LKUS_grant_new_user_coupon,realIpProvince,6
0036,LKUS_grant_new_user_coupon,recaptchaV3Token,6
0036,LKUS_grant_new_user_coupon,phoneNoEncryption,6
0036,LKUS_grant_new_user_coupon,recaptchaV3Action,6
0036,LKUS_grant_new_user_coupon,recaptchaV3Enabled,6
0036,LKUS_grant_new_user_coupon,couponDenominations,6
0036,LKUS_grant_new_user_coupon,couponDiscountTypes,6
0036,LKUS_grant_new_user_coupon,couponDiscountSubTypes,6
0036,LKUS_grant_new_user_coupon,couponDiscountTypeNames,6
0036,LKUS_login,app,8
0036,LKUS_login,cid,9
0036,LKUS_login,uid,9
0036,LKUS_login,realIp,9
0036,LKUS_login,tenant,9
0036,LKUS_login,userNo,9
0036,LKUS_login,phoneNo,9
0036,LKUS_login,version,9
0036,LKUS_login,userAgent,9
0036,LKUS_login,realIpCity,9
0036,LKUS_login,countryCode,9
0036,LKUS_login,fullPhoneNo,9
0036,LKUS_login,phoneCountry,9
0036,LKUS_login,reviewRepeat,8
0036,LKUS_login,realIpCountry,9
0036,LKUS_login,realIpProvince,9
0036,LKUS_login,recaptchaV3Token,8
0036,LKUS_login,recaptchaV3Action,8
0036,LKUS_login,recaptchaV3Enabled,8
0036,LKUS_physical_order_cancel,app,1
0036,LKUS_physical_order_cancel,cid,1
0036,LKUS_physical_order_cancel,uid,1
0036,LKUS_physical_order_cancel,realIp,1
0036,LKUS_physical_order_cancel,shopId,1
0036,LKUS_physical_order_cancel,tenant,1
0036,LKUS_physical_order_cancel,userNo,1
0036,LKUS_physical_order_cancel,isGuest,1
0036,LKUS_physical_order_cancel,orderNo,1
0036,LKUS_physical_order_cancel,phoneNo,1
0036,LKUS_physical_order_cancel,version,1
0036,LKUS_physical_order_cancel,shopCity,1
0036,LKUS_physical_order_cancel,userAgent,1
0036,LKUS_physical_order_cancel,realIpCity,1
0036,LKUS_physical_order_cancel,countryCode,1
0036,LKUS_physical_order_cancel,fullPhoneNo,1
0036,LKUS_physical_order_cancel,totalOfMade,1
0036,LKUS_physical_order_cancel,phoneCountry,1
0036,LKUS_physical_order_cancel,reviewRepeat,1
0036,LKUS_physical_order_cancel,realIpCountry,1
0036,LKUS_physical_order_cancel,realIpProvince,1
0036,LKUS_physical_order_cancel,recaptchaV3Token,1
0036,LKUS_physical_order_cancel,recaptchaV3Action,1
0036,LKUS_physical_order_cancel,recaptchaV3Enabled,1
0036,LKUS_physical_order_cancel,cancelTypeEnumIndex,1
0036,LKUS_captcha,cid,1
0036,LKUS_captcha,uid,1
0036,LKUS_captcha,realIp,1
0036,LKUS_captcha,tenant,1
0036,LKUS_captcha,isGuest,1
0036,LKUS_captcha,phoneNo,1
0036,LKUS_captcha,version,1
0036,LKUS_captcha,eventName,1
0036,LKUS_captcha,userAgent,1
0036,LKUS_captcha,realIpCity,1
0036,LKUS_captcha,countryCode,1
0036,LKUS_captcha,fullPhoneNo,1
0036,LKUS_captcha,captchaScene,1
0036,LKUS_captcha,phoneCountry,1
0036,LKUS_captcha,reviewRepeat,1
0036,LKUS_captcha,realIpCountry,1
0036,LKUS_captcha,realIpProvince,1
0036,LKUS_captcha,verifyCodeType,1
0036,LKUS_captcha,recaptchaV2Token,1
0036,LKUS_captcha,recaptchaV3Token,1
0036,LKUS_captcha,recaptchaV3Action,1
0036,LKUS_captcha,verifyCodeTypeName,1
0036,LKUS_push,userNo,1
0037,LKUS_push,app,37
0037,LKUS_push,cid,47
0037,LKUS_push,uid,47
0037,LKUS_push,realIp,47
0037,LKUS_push,tenant,47
0037,LKUS_push,phoneNo,47
0037,LKUS_push,version,47
0037,LKUS_push,userAgent,47
0037,LKUS_push,realIpCity,47
0037,LKUS_push,countryCode,47
0037,LKUS_push,fullPhoneNo,47
0037,LKUS_push,phoneCountry,47
0037,LKUS_push,reviewRepeat,40
0037,LKUS_push,realIpCountry,47
0037,LKUS_push,realIpProvince,47
0037,LKUS_push,recaptchaV3Token,40
0037,LKUS_push,recaptchaV3Action,40
0037,LKUS_push,recaptchaV3Enabled,40
0037,LKUS_login,app,7
0037,LKUS_login,cid,9
0037,LKUS_login,uid,9
0037,LKUS_login,realIp,9
0037,LKUS_login,tenant,9
0037,LKUS_login,userNo,9
0037,LKUS_login,phoneNo,9
0037,LKUS_login,version,9
0037,LKUS_login,userAgent,9
0037,LKUS_login,realIpCity,9
0037,LKUS_login,countryCode,9
0037,LKUS_login,fullPhoneNo,9
0037,LKUS_login,phoneCountry,9
0037,LKUS_login,reviewRepeat,9
0037,LKUS_login,realIpCountry,9
0037,LKUS_login,realIpProvince,9
0037,LKUS_login,recaptchaV3Token,9
0037,LKUS_login,recaptchaV3Action,9
0037,LKUS_login,recaptchaV3Enabled,9
0037,LKUS_grant_new_user_coupon,app,4
0037,LKUS_grant_new_user_coupon,cid,6
0037,LKUS_grant_new_user_coupon,uid,6
0037,LKUS_grant_new_user_coupon,type,6
0037,LKUS_grant_new_user_coupon,extend,6
0037,LKUS_grant_new_user_coupon,origin,6
0037,LKUS_grant_new_user_coupon,realIp,6
0037,LKUS_grant_new_user_coupon,tenant,6
0037,LKUS_grant_new_user_coupon,userNo,6
0037,LKUS_grant_new_user_coupon,phoneNo,6
0037,LKUS_grant_new_user_coupon,readmes,6
0037,LKUS_grant_new_user_coupon,sceneId,6
0037,LKUS_grant_new_user_coupon,version,6
0037,LKUS_grant_new_user_coupon,discounts,6
0037,LKUS_grant_new_user_coupon,userAgent,6
0037,LKUS_grant_new_user_coupon,realIpCity,6
0037,LKUS_grant_new_user_coupon,countryCode,6
0037,LKUS_grant_new_user_coupon,couponNames,6
0037,LKUS_grant_new_user_coupon,couponTypes,6
0037,LKUS_grant_new_user_coupon,fullPhoneNo,6
0037,LKUS_grant_new_user_coupon,isBindPhone,6
0037,LKUS_grant_new_user_coupon,maskPhoneNo,6
0037,LKUS_grant_new_user_coupon,templateIds,6
0037,LKUS_grant_new_user_coupon,templateNos,6
0037,LKUS_grant_new_user_coupon,phoneCountry,6
0037,LKUS_grant_new_user_coupon,registerTime,6
0037,LKUS_grant_new_user_coupon,reviewRepeat,6
0037,LKUS_grant_new_user_coupon,realIpCountry,6
0037,LKUS_grant_new_user_coupon,discountLabels,6
0037,LKUS_grant_new_user_coupon,invitationCode,6
0037,LKUS_grant_new_user_coupon,realIpProvince,6
0037,LKUS_grant_new_user_coupon,recaptchaV3Token,6
0037,LKUS_grant_new_user_coupon,phoneNoEncryption,6
0037,LKUS_grant_new_user_coupon,recaptchaV3Action,6
0037,LKUS_grant_new_user_coupon,recaptchaV3Enabled,6
0037,LKUS_grant_new_user_coupon,couponDenominations,6
0037,LKUS_grant_new_user_coupon,couponDiscountTypes,6
0037,LKUS_grant_new_user_coupon,couponDiscountSubTypes,6
0037,LKUS_grant_new_user_coupon,couponDiscountTypeNames,6
0037,LKUS_physical_order_create,app,28
0037,LKUS_physical_order_create,cid,35
0037,LKUS_physical_order_create,uid,35
0037,LKUS_physical_order_create,realIp,35
0037,LKUS_physical_order_create,shopId,35
0037,LKUS_physical_order_create,tenant,35
0037,LKUS_physical_order_create,userNo,35
0037,LKUS_physical_order_create,isGuest,35
0037,LKUS_physical_order_create,phoneNo,29
0037,LKUS_physical_order_create,version,35
0037,LKUS_physical_order_create,latitude,29
0037,LKUS_physical_order_create,couponNos,27
0037,LKUS_physical_order_create,longitude,29
0037,LKUS_physical_order_create,orderType,35
0037,LKUS_physical_order_create,taxAmount,35
0037,LKUS_physical_order_create,userAgent,35
0037,LKUS_physical_order_create,orderPrice,34
0037,LKUS_physical_order_create,realIpCity,35
0037,LKUS_physical_order_create,countryCode,35
0037,LKUS_physical_order_create,couponNames,27
0037,LKUS_physical_order_create,couponTypes,27
0037,LKUS_physical_order_create,fullPhoneNo,29
0037,LKUS_physical_order_create,shopAddress,35
0037,LKUS_physical_order_create,phoneCountry,29
0037,LKUS_physical_order_create,reviewRepeat,26
0037,LKUS_physical_order_create,shopCityName,35
0037,LKUS_physical_order_create,shopLatitude,35
0037,LKUS_physical_order_create,couponSources,27
0037,LKUS_physical_order_create,isTaxRequired,35
0037,LKUS_physical_order_create,orderSkuCodes,34
0037,LKUS_physical_order_create,orderSpuCodes,34
0037,LKUS_physical_order_create,productAmount,35
0037,LKUS_physical_order_create,realIpCountry,35
0037,LKUS_physical_order_create,shopLongitude,35
0037,LKUS_physical_order_create,realIpProvince,35
0037,LKUS_physical_order_create,recaptchaV3Token,26
0037,LKUS_physical_order_create,couponProposalNos,27
0037,LKUS_physical_order_create,couponTemplateIds,27
0037,LKUS_physical_order_create,recaptchaV3Action,26
0037,LKUS_physical_order_create,couponDenomination,27
0037,LKUS_physical_order_create,recaptchaV3Enabled,26
0037,LKUS_physical_order_create,couponDiscountTypes,27
0037,LKUS_physical_order_create,couponDiscountSubTypes,27
0037,LKUS_payment,app,27
0037,LKUS_payment,cid,35
0037,LKUS_payment,uid,35
0037,LKUS_payment,realIp,35
0037,LKUS_payment,shopId,35
0037,LKUS_payment,tenant,35
0037,LKUS_payment,userNo,35
0037,LKUS_payment,isGuest,35
0037,LKUS_payment,orderNo,35
0037,LKUS_payment,payType,35
0037,LKUS_payment,phoneNo,28
0037,LKUS_payment,version,35
0037,LKUS_payment,payMoney,35
0037,LKUS_payment,orderType,35
0037,LKUS_payment,taxAmount,35
0037,LKUS_payment,userAgent,35
0037,LKUS_payment,orderPrice,35
0037,LKUS_payment,realIpCity,35
0037,LKUS_payment,countryCode,28
0037,LKUS_payment,fullPhoneNo,28
0037,LKUS_payment,phoneCountry,28
0037,LKUS_payment,reviewRepeat,25
0037,LKUS_payment,isTaxRequired,35
0037,LKUS_payment,realIpCountry,35
0037,LKUS_payment,realIpProvince,35
0037,LKUS_payment,recaptchaV3Token,25
0037,LKUS_payment,recaptchaV3Action,25
0037,LKUS_payment,recaptchaV3Enabled,25
0037,LKUS_physical_order_create,shumeiDevId,6
0037,LKUS_physical_order_create,shumengDevId,6
0037,LKUS_physical_order_create,tongdunBlackBox,6
0037,LKUS_register,app,5
0037,LKUS_register,cid,7
0037,LKUS_register,uid,7
0037,LKUS_register,realIp,7
0037,LKUS_register,tenant,7
0037,LKUS_register,phoneNo,7
0037,LKUS_register,version,7
0037,LKUS_register,userAgent,7
0037,LKUS_register,realIpCity,7
0037,LKUS_register,countryCode,7
0037,LKUS_register,fullPhoneNo,7
0037,LKUS_register,phoneCountry,7
0037,LKUS_register,reviewRepeat,7
0037,LKUS_register,realIpCountry,7
0037,LKUS_register,realIpProvince,7
0037,LKUS_register,recaptchaV3Token,7
0037,LKUS_register,recaptchaV3Action,7
0037,LKUS_register,recaptchaV3Enabled,7
0037,LKUS_payment,packagingBagPrice,4
0037,LKUS_payment,packagingBagNumber,4
0037,LKUS_push,userNo,6
0037,LKUS_physical_order_create,packageOrderSkuCodes,1
0037,LKUS_physical_order_create,packageOrderSpuCodes,1
0037,LKUS_grant_new_user_coupon,inviterCode,1
0037,LKUS_grant_new_user_coupon,inviterType,1
0037,LKUS_grant_new_user_coupon,inviterPhone,1
0037,LKUS_grant_new_user_coupon,inviterUserNo,1
0037,LKUS_grant_new_user_coupon,marketingCode,1
0037,LKUS_grant_new_user_coupon,invitationActivityNo,1
0037,LKUS_physical_order_cancel,app,1
0037,LKUS_physical_order_cancel,cid,1
0037,LKUS_physical_order_cancel,uid,1
0037,LKUS_physical_order_cancel,realIp,1
0037,LKUS_physical_order_cancel,shopId,1
0037,LKUS_physical_order_cancel,tenant,1
0037,LKUS_physical_order_cancel,userNo,1
0037,LKUS_physical_order_cancel,isGuest,1
0037,LKUS_physical_order_cancel,orderNo,1
0037,LKUS_physical_order_cancel,phoneNo,1
0037,LKUS_physical_order_cancel,version,1
0037,LKUS_physical_order_cancel,shopCity,1
0037,LKUS_physical_order_cancel,userAgent,1
0037,LKUS_physical_order_cancel,realIpCity,1
0037,LKUS_physical_order_cancel,countryCode,1
0037,LKUS_physical_order_cancel,fullPhoneNo,1
0037,LKUS_physical_order_cancel,totalOfMade,1
0037,LKUS_physical_order_cancel,phoneCountry,1
0037,LKUS_physical_order_cancel,reviewRepeat,1
0037,LKUS_physical_order_cancel,realIpCountry,1
0037,LKUS_physical_order_cancel,realIpProvince,1
0037,LKUS_physical_order_cancel,recaptchaV3Token,1
0037,LKUS_physical_order_cancel,recaptchaV3Action,1
0037,LKUS_physical_order_cancel,recaptchaV3Enabled,1
0037,LKUS_physical_order_cancel,cancelTypeEnumIndex,1
0038,LKUS_push,app,44
0038,LKUS_push,cid,45
0038,LKUS_push,uid,45
0038,LKUS_push,realIp,45
0038,LKUS_push,tenant,45
0038,LKUS_push,phoneNo,45
0038,LKUS_push,version,45
0038,LKUS_push,userAgent,45
0038,LKUS_push,realIpCity,45
0038,LKUS_push,countryCode,45
0038,LKUS_push,fullPhoneNo,45
0038,LKUS_push,phoneCountry,45
0038,LKUS_push,reviewRepeat,43
0038,LKUS_push,realIpCountry,45
0038,LKUS_push,realIpProvince,45
0038,LKUS_push,recaptchaV3Token,43
0038,LKUS_push,recaptchaV3Action,43
0038,LKUS_push,recaptchaV3Enabled,43
0038,LKUS_grant_new_user_coupon,app,4
0038,LKUS_grant_new_user_coupon,cid,6
0038,LKUS_grant_new_user_coupon,uid,6
0038,LKUS_grant_new_user_coupon,type,6
0038,LKUS_grant_new_user_coupon,extend,6
0038,LKUS_grant_new_user_coupon,origin,6
0038,LKUS_grant_new_user_coupon,realIp,6
0038,LKUS_grant_new_user_coupon,tenant,6
0038,LKUS_grant_new_user_coupon,userNo,6
0038,LKUS_grant_new_user_coupon,phoneNo,6
0038,LKUS_grant_new_user_coupon,readmes,6
0038,LKUS_grant_new_user_coupon,sceneId,6
0038,LKUS_grant_new_user_coupon,version,6
0038,LKUS_grant_new_user_coupon,discounts,6
0038,LKUS_grant_new_user_coupon,userAgent,6
0038,LKUS_grant_new_user_coupon,realIpCity,6
0038,LKUS_grant_new_user_coupon,countryCode,6
0038,LKUS_grant_new_user_coupon,couponNames,6
0038,LKUS_grant_new_user_coupon,couponTypes,6
0038,LKUS_grant_new_user_coupon,fullPhoneNo,6
0038,LKUS_grant_new_user_coupon,isBindPhone,6
0038,LKUS_grant_new_user_coupon,maskPhoneNo,6
0038,LKUS_grant_new_user_coupon,templateIds,6
0038,LKUS_grant_new_user_coupon,templateNos,6
0038,LKUS_grant_new_user_coupon,phoneCountry,6
0038,LKUS_grant_new_user_coupon,registerTime,6
0038,LKUS_grant_new_user_coupon,reviewRepeat,6
0038,LKUS_grant_new_user_coupon,realIpCountry,6
0038,LKUS_grant_new_user_coupon,discountLabels,6
0038,LKUS_grant_new_user_coupon,invitationCode,6
0038,LKUS_grant_new_user_coupon,realIpProvince,6
0038,LKUS_grant_new_user_coupon,recaptchaV3Token,6
0038,LKUS_grant_new_user_coupon,phoneNoEncryption,6
0038,LKUS_grant_new_user_coupon,recaptchaV3Action,6
0038,LKUS_grant_new_user_coupon,recaptchaV3Enabled,6
0038,LKUS_grant_new_user_coupon,couponDenominations,6
0038,LKUS_grant_new_user_coupon,couponDiscountTypes,6
0038,LKUS_grant_new_user_coupon,couponDiscountSubTypes,6
0038,LKUS_grant_new_user_coupon,couponDiscountTypeNames,6
0038,LKUS_login,app,9
0038,LKUS_login,cid,11
0038,LKUS_login,uid,11
0038,LKUS_login,realIp,11
0038,LKUS_login,tenant,11
0038,LKUS_login,userNo,11
0038,LKUS_login,phoneNo,11
0038,LKUS_login,version,11
0038,LKUS_login,userAgent,11
0038,LKUS_login,realIpCity,11
0038,LKUS_login,countryCode,11
0038,LKUS_login,fullPhoneNo,11
0038,LKUS_login,phoneCountry,11
0038,LKUS_login,reviewRepeat,11
0038,LKUS_login,realIpCountry,11
0038,LKUS_login,realIpProvince,11
0038,LKUS_login,recaptchaV3Token,11
0038,LKUS_login,recaptchaV3Action,11
0038,LKUS_login,recaptchaV3Enabled,11
0038,LKUS_physical_order_create,app,21
0038,LKUS_physical_order_create,cid,30
0038,LKUS_physical_order_create,uid,30
0038,LKUS_physical_order_create,realIp,30
0038,LKUS_physical_order_create,shopId,30
0038,LKUS_physical_order_create,tenant,30
0038,LKUS_physical_order_create,userNo,30
0038,LKUS_physical_order_create,isGuest,30
0038,LKUS_physical_order_create,phoneNo,22
0038,LKUS_physical_order_create,version,30
0038,LKUS_physical_order_create,latitude,22
0038,LKUS_physical_order_create,couponNos,18
0038,LKUS_physical_order_create,longitude,22
0038,LKUS_physical_order_create,orderType,30
0038,LKUS_physical_order_create,taxAmount,30
0038,LKUS_physical_order_create,userAgent,30
0038,LKUS_physical_order_create,orderPrice,30
0038,LKUS_physical_order_create,realIpCity,30
0038,LKUS_physical_order_create,countryCode,30
0038,LKUS_physical_order_create,couponNames,18
0038,LKUS_physical_order_create,couponTypes,18
0038,LKUS_physical_order_create,fullPhoneNo,22
0038,LKUS_physical_order_create,shopAddress,30
0038,LKUS_physical_order_create,phoneCountry,22
0038,LKUS_physical_order_create,shopCityName,30
0038,LKUS_physical_order_create,shopLatitude,30
0038,LKUS_physical_order_create,couponSources,18
0038,LKUS_physical_order_create,isTaxRequired,30
0038,LKUS_physical_order_create,orderSkuCodes,28
0038,LKUS_physical_order_create,orderSpuCodes,28
0038,LKUS_physical_order_create,productAmount,30
0038,LKUS_physical_order_create,realIpCountry,30
0038,LKUS_physical_order_create,shopLongitude,30
0038,LKUS_physical_order_create,realIpProvince,30
0038,LKUS_physical_order_create,couponProposalNos,18
0038,LKUS_physical_order_create,couponTemplateIds,18
0038,LKUS_physical_order_create,couponDenomination,18
0038,LKUS_physical_order_create,couponDiscountTypes,18
0038,LKUS_physical_order_create,couponDiscountSubTypes,18
0038,LKUS_payment,app,23
0038,LKUS_payment,cid,32
0038,LKUS_payment,uid,32
0038,LKUS_payment,realIp,32
0038,LKUS_payment,shopId,32
0038,LKUS_payment,tenant,32
0038,LKUS_payment,userNo,32
0038,LKUS_payment,isGuest,32
0038,LKUS_payment,orderNo,32
0038,LKUS_payment,payType,32
0038,LKUS_payment,phoneNo,24
0038,LKUS_payment,version,32
0038,LKUS_payment,payMoney,32
0038,LKUS_payment,orderType,32
0038,LKUS_payment,taxAmount,32
0038,LKUS_payment,userAgent,32
0038,LKUS_payment,orderPrice,32
0038,LKUS_payment,realIpCity,32
0038,LKUS_payment,countryCode,24
0038,LKUS_payment,fullPhoneNo,24
0038,LKUS_payment,phoneCountry,24
0038,LKUS_payment,isTaxRequired,32
0038,LKUS_payment,realIpCountry,32
0038,LKUS_payment,realIpProvince,32
0038,LKUS_physical_order_create,reviewRepeat,20
0038,LKUS_physical_order_create,recaptchaV3Token,20
0038,LKUS_physical_order_create,recaptchaV3Action,20
0038,LKUS_physical_order_create,recaptchaV3Enabled,20
0038,LKUS_payment,reviewRepeat,22
0038,LKUS_payment,recaptchaV3Token,22
0038,LKUS_payment,recaptchaV3Action,22
0038,LKUS_payment,recaptchaV3Enabled,22
0038,LKUS_physical_order_create,shumeiDevId,8
0038,LKUS_physical_order_create,shumengDevId,8
0038,LKUS_physical_order_create,tongdunBlackBox,8
0038,LKUS_register,app,5
0038,LKUS_register,cid,6
0038,LKUS_register,uid,6
0038,LKUS_register,realIp,6
0038,LKUS_register,tenant,6
0038,LKUS_register,phoneNo,6
0038,LKUS_register,version,6
0038,LKUS_register,userAgent,6
0038,LKUS_register,realIpCity,6
0038,LKUS_register,countryCode,6
0038,LKUS_register,fullPhoneNo,6
0038,LKUS_register,phoneCountry,6
0038,LKUS_register,reviewRepeat,5
0038,LKUS_register,realIpCountry,6
0038,LKUS_register,realIpProvince,6
0038,LKUS_register,recaptchaV3Token,5
0038,LKUS_register,recaptchaV3Action,5
0038,LKUS_register,recaptchaV3Enabled,5
0038,LKUS_payment,packagingBagPrice,2
0038,LKUS_payment,packagingBagNumber,2
0038,LKUS_physical_order_create,packageOrderSkuCodes,3
0038,LKUS_physical_order_create,packageOrderSpuCodes,3
0038,LKUS_grant_new_user_coupon,inviterCode,1
0038,LKUS_grant_new_user_coupon,inviterType,1
0038,LKUS_grant_new_user_coupon,inviterPhone,1
0038,LKUS_grant_new_user_coupon,inviterUserNo,1
0038,LKUS_grant_new_user_coupon,marketingCode,1
0038,LKUS_grant_new_user_coupon,invitationActivityNo,1
0038,LKUS_push,userNo,1
0039,LKUS_push,app,23
0039,LKUS_push,cid,25
0039,LKUS_push,uid,25
0039,LKUS_push,realIp,25
0039,LKUS_push,tenant,25
0039,LKUS_push,phoneNo,25
0039,LKUS_push,version,25
0039,LKUS_push,userAgent,25
0039,LKUS_push,realIpCity,25
0039,LKUS_push,countryCode,25
0039,LKUS_push,fullPhoneNo,25
0039,LKUS_push,phoneCountry,25
0039,LKUS_push,reviewRepeat,23
0039,LKUS_push,realIpCountry,25
0039,LKUS_push,realIpProvince,25
0039,LKUS_push,recaptchaV3Token,23
0039,LKUS_push,recaptchaV3Action,23
0039,LKUS_push,recaptchaV3Enabled,23
0039,LKUS_login,app,13
0039,LKUS_login,cid,13
0039,LKUS_login,uid,13
0039,LKUS_login,realIp,13
0039,LKUS_login,tenant,13
0039,LKUS_login,userNo,13
0039,LKUS_login,phoneNo,13
0039,LKUS_login,version,13
0039,LKUS_login,userAgent,13
0039,LKUS_login,realIpCity,13
0039,LKUS_login,countryCode,13
0039,LKUS_login,fullPhoneNo,13
0039,LKUS_login,phoneCountry,13
0039,LKUS_login,reviewRepeat,13
0039,LKUS_login,realIpCountry,13
0039,LKUS_login,realIpProvince,13
0039,LKUS_login,recaptchaV3Token,13
0039,LKUS_login,recaptchaV3Action,13
0039,LKUS_login,recaptchaV3Enabled,13
0039,LKUS_grant_new_user_coupon,app,12
0039,LKUS_grant_new_user_coupon,cid,12
0039,LKUS_grant_new_user_coupon,uid,12
0039,LKUS_grant_new_user_coupon,type,12
0039,LKUS_grant_new_user_coupon,extend,12
0039,LKUS_grant_new_user_coupon,origin,12
0039,LKUS_grant_new_user_coupon,realIp,12
0039,LKUS_grant_new_user_coupon,tenant,12
0039,LKUS_grant_new_user_coupon,userNo,12
0039,LKUS_grant_new_user_coupon,phoneNo,12
0039,LKUS_grant_new_user_coupon,readmes,12
0039,LKUS_grant_new_user_coupon,sceneId,12
0039,LKUS_grant_new_user_coupon,version,12
0039,LKUS_grant_new_user_coupon,discounts,12
0039,LKUS_grant_new_user_coupon,userAgent,12
0039,LKUS_grant_new_user_coupon,realIpCity,12
0039,LKUS_grant_new_user_coupon,countryCode,12
0039,LKUS_grant_new_user_coupon,couponNames,12
0039,LKUS_grant_new_user_coupon,couponTypes,12
0039,LKUS_grant_new_user_coupon,fullPhoneNo,12
0039,LKUS_grant_new_user_coupon,isBindPhone,12
0039,LKUS_grant_new_user_coupon,maskPhoneNo,12
0039,LKUS_grant_new_user_coupon,templateIds,12
0039,LKUS_grant_new_user_coupon,templateNos,12
0039,LKUS_grant_new_user_coupon,phoneCountry,12
0039,LKUS_grant_new_user_coupon,registerTime,12
0039,LKUS_grant_new_user_coupon,reviewRepeat,12
0039,LKUS_grant_new_user_coupon,realIpCountry,12
0039,LKUS_grant_new_user_coupon,discountLabels,12
0039,LKUS_grant_new_user_coupon,invitationCode,12
0039,LKUS_grant_new_user_coupon,realIpProvince,12
0039,LKUS_grant_new_user_coupon,recaptchaV3Token,12
0039,LKUS_grant_new_user_coupon,phoneNoEncryption,12
0039,LKUS_grant_new_user_coupon,recaptchaV3Action,12
0039,LKUS_grant_new_user_coupon,recaptchaV3Enabled,12
0039,LKUS_grant_new_user_coupon,couponDenominations,12
0039,LKUS_grant_new_user_coupon,couponDiscountTypes,12
0039,LKUS_grant_new_user_coupon,couponDiscountSubTypes,12
0039,LKUS_grant_new_user_coupon,couponDiscountTypeNames,12
0039,LKUS_payment,cid,48
0039,LKUS_payment,uid,48
0039,LKUS_payment,realIp,48
0039,LKUS_payment,shopId,48
0039,LKUS_payment,tenant,48
0039,LKUS_payment,userNo,48
0039,LKUS_payment,isGuest,48
0039,LKUS_payment,orderNo,48
0039,LKUS_payment,payType,48
0039,LKUS_payment,version,48
0039,LKUS_payment,payMoney,48
0039,LKUS_payment,orderType,48
0039,LKUS_payment,taxAmount,48
0039,LKUS_payment,userAgent,48
0039,LKUS_payment,orderPrice,48
0039,LKUS_payment,realIpCity,48
0039,LKUS_payment,isTaxRequired,48
0039,LKUS_payment,realIpCountry,48
0039,LKUS_payment,realIpProvince,48
0039,LKUS_physical_order_create,cid,46
0039,LKUS_physical_order_create,uid,46
0039,LKUS_physical_order_create,realIp,46
0039,LKUS_physical_order_create,shopId,46
0039,LKUS_physical_order_create,tenant,46
0039,LKUS_physical_order_create,userNo,46
0039,LKUS_physical_order_create,isGuest,46
0039,LKUS_physical_order_create,version,46
0039,LKUS_physical_order_create,orderType,46
0039,LKUS_physical_order_create,taxAmount,46
0039,LKUS_physical_order_create,userAgent,46
0039,LKUS_physical_order_create,orderPrice,46
0039,LKUS_physical_order_create,realIpCity,46
0039,LKUS_physical_order_create,countryCode,46
0039,LKUS_physical_order_create,shopAddress,46
0039,LKUS_physical_order_create,shumeiDevId,6
0039,LKUS_physical_order_create,shopCityName,46
0039,LKUS_physical_order_create,shopLatitude,46
0039,LKUS_physical_order_create,shumengDevId,6
0039,LKUS_physical_order_create,isTaxRequired,46
0039,LKUS_physical_order_create,orderSkuCodes,46
0039,LKUS_physical_order_create,orderSpuCodes,46
0039,LKUS_physical_order_create,productAmount,46
0039,LKUS_physical_order_create,realIpCountry,46
0039,LKUS_physical_order_create,shopLongitude,46
0039,LKUS_physical_order_create,realIpProvince,46
0039,LKUS_physical_order_create,tongdunBlackBox,6
0039,LKUS_physical_order_create,app,39
0039,LKUS_physical_order_create,phoneNo,40
0039,LKUS_physical_order_create,latitude,40
0039,LKUS_physical_order_create,couponNos,39
0039,LKUS_physical_order_create,longitude,40
0039,LKUS_physical_order_create,couponNames,39
0039,LKUS_physical_order_create,couponTypes,39
0039,LKUS_physical_order_create,fullPhoneNo,40
0039,LKUS_physical_order_create,phoneCountry,40
0039,LKUS_physical_order_create,reviewRepeat,38
0039,LKUS_physical_order_create,couponSources,39
0039,LKUS_physical_order_create,recaptchaV3Token,38
0039,LKUS_physical_order_create,couponProposalNos,39
0039,LKUS_physical_order_create,couponTemplateIds,39
0039,LKUS_physical_order_create,recaptchaV3Action,38
0039,LKUS_physical_order_create,couponDenomination,39
0039,LKUS_physical_order_create,recaptchaV3Enabled,38
0039,LKUS_physical_order_create,couponDiscountTypes,39
0039,LKUS_physical_order_create,couponDiscountSubTypes,39
0039,LKUS_payment,app,41
0039,LKUS_payment,phoneNo,42
0039,LKUS_payment,countryCode,42
0039,LKUS_payment,fullPhoneNo,42
0039,LKUS_payment,phoneCountry,42
0039,LKUS_payment,reviewRepeat,40
0039,LKUS_payment,recaptchaV3Token,40
0039,LKUS_payment,recaptchaV3Action,40
0039,LKUS_payment,recaptchaV3Enabled,40
0039,LKUS_physical_order_create,packageOrderSkuCodes,1
0039,LKUS_physical_order_create,packageOrderSpuCodes,1
0039,LKUS_payment,packagingBagPrice,4
0039,LKUS_payment,packagingBagNumber,4
0039,LKUS_register,app,5
0039,LKUS_register,cid,5
0039,LKUS_register,uid,5
0039,LKUS_register,realIp,5
0039,LKUS_register,tenant,5
0039,LKUS_register,phoneNo,5
0039,LKUS_register,version,5
0039,LKUS_register,userAgent,5
0039,LKUS_register,realIpCity,5
0039,LKUS_register,countryCode,5
0039,LKUS_register,fullPhoneNo,5
0039,LKUS_register,phoneCountry,5
0039,LKUS_register,reviewRepeat,5
0039,LKUS_register,realIpCountry,5
0039,LKUS_register,realIpProvince,5
0039,LKUS_register,recaptchaV3Token,5
0039,LKUS_register,recaptchaV3Action,5
0039,LKUS_register,recaptchaV3Enabled,5
0040,LKUS_push,app,41
0040,LKUS_push,cid,44
0040,LKUS_push,uid,44
0040,LKUS_push,realIp,44
0040,LKUS_push,tenant,44
0040,LKUS_push,phoneNo,44
0040,LKUS_push,version,44
0040,LKUS_push,userAgent,44
0040,LKUS_push,realIpCity,44
0040,LKUS_push,countryCode,44
0040,LKUS_push,fullPhoneNo,44
0040,LKUS_push,phoneCountry,44
0040,LKUS_push,reviewRepeat,40
0040,LKUS_push,realIpCountry,44
0040,LKUS_push,realIpProvince,44
0040,LKUS_push,recaptchaV3Token,40
0040,LKUS_push,recaptchaV3Action,40
0040,LKUS_push,recaptchaV3Enabled,40
0040,LKUS_register,app,7
0040,LKUS_register,cid,8
0040,LKUS_register,uid,8
0040,LKUS_register,realIp,8
0040,LKUS_register,tenant,8
0040,LKUS_register,phoneNo,8
0040,LKUS_register,version,8
0040,LKUS_register,userAgent,8
0040,LKUS_register,realIpCity,8
0040,LKUS_register,countryCode,8
0040,LKUS_register,fullPhoneNo,8
0040,LKUS_register,phoneCountry,8
0040,LKUS_register,realIpCountry,8
0040,LKUS_register,realIpProvince,8
0040,LKUS_physical_order_create,app,33
0040,LKUS_physical_order_create,cid,46
0040,LKUS_physical_order_create,uid,46
0040,LKUS_physical_order_create,realIp,46
0040,LKUS_physical_order_create,shopId,46
0040,LKUS_physical_order_create,tenant,46
0040,LKUS_physical_order_create,userNo,46
0040,LKUS_physical_order_create,isGuest,46
0040,LKUS_physical_order_create,phoneNo,36
0040,LKUS_physical_order_create,version,46
0040,LKUS_physical_order_create,latitude,36
0040,LKUS_physical_order_create,couponNos,30
0040,LKUS_physical_order_create,longitude,36
0040,LKUS_physical_order_create,orderType,46
0040,LKUS_physical_order_create,taxAmount,46
0040,LKUS_physical_order_create,userAgent,46
0040,LKUS_physical_order_create,orderPrice,46
0040,LKUS_physical_order_create,realIpCity,46
0040,LKUS_physical_order_create,countryCode,46
0040,LKUS_physical_order_create,couponNames,30
0040,LKUS_physical_order_create,couponTypes,30
0040,LKUS_physical_order_create,fullPhoneNo,36
0040,LKUS_physical_order_create,shopAddress,46
0040,LKUS_physical_order_create,phoneCountry,36
0040,LKUS_physical_order_create,reviewRepeat,34
0040,LKUS_physical_order_create,shopCityName,46
0040,LKUS_physical_order_create,shopLatitude,46
0040,LKUS_physical_order_create,couponSources,30
0040,LKUS_physical_order_create,isTaxRequired,46
0040,LKUS_physical_order_create,orderSkuCodes,43
0040,LKUS_physical_order_create,orderSpuCodes,43
0040,LKUS_physical_order_create,productAmount,46
0040,LKUS_physical_order_create,realIpCountry,46
0040,LKUS_physical_order_create,shopLongitude,46
0040,LKUS_physical_order_create,realIpProvince,46
0040,LKUS_physical_order_create,recaptchaV3Token,34
0040,LKUS_physical_order_create,couponProposalNos,30
0040,LKUS_physical_order_create,couponTemplateIds,30
0040,LKUS_physical_order_create,recaptchaV3Action,34
0040,LKUS_physical_order_create,couponDenomination,30
0040,LKUS_physical_order_create,recaptchaV3Enabled,34
0040,LKUS_physical_order_create,couponDiscountTypes,30
0040,LKUS_physical_order_create,couponDiscountSubTypes,30
0040,LKUS_payment,app,33
0040,LKUS_payment,cid,46
0040,LKUS_payment,uid,46
0040,LKUS_payment,realIp,46
0040,LKUS_payment,shopId,46
0040,LKUS_payment,tenant,46
0040,LKUS_payment,userNo,46
0040,LKUS_payment,isGuest,46
0040,LKUS_payment,orderNo,46
0040,LKUS_payment,payType,46
0040,LKUS_payment,phoneNo,36
0040,LKUS_payment,version,46
0040,LKUS_payment,payMoney,46
0040,LKUS_payment,orderType,46
0040,LKUS_payment,taxAmount,46
0040,LKUS_payment,userAgent,46
0040,LKUS_payment,orderPrice,46
0040,LKUS_payment,realIpCity,46
0040,LKUS_payment,countryCode,36
0040,LKUS_payment,fullPhoneNo,36
0040,LKUS_payment,phoneCountry,36
0040,LKUS_payment,reviewRepeat,34
0040,LKUS_payment,isTaxRequired,46
0040,LKUS_payment,realIpCountry,46
0040,LKUS_payment,realIpProvince,46
0040,LKUS_payment,recaptchaV3Token,32
0040,LKUS_payment,recaptchaV3Action,32
0040,LKUS_payment,recaptchaV3Enabled,34
0040,LKUS_physical_order_create,shumeiDevId,10
0040,LKUS_physical_order_create,shumengDevId,10
0040,LKUS_physical_order_create,tongdunBlackBox,10
0040,LKUS_physical_order_create,packageOrderSkuCodes,3
0040,LKUS_physical_order_create,packageOrderSpuCodes,3
0040,LKUS_payment,packagingBagPrice,2
0040,LKUS_payment,packagingBagNumber,2
0040,LKUS_register,reviewRepeat,7
0040,LKUS_register,recaptchaV3Token,7
0040,LKUS_register,recaptchaV3Action,7
0040,LKUS_register,recaptchaV3Enabled,7
0040,LKUS_login,cid,10
0040,LKUS_login,uid,10
0040,LKUS_login,realIp,10
0040,LKUS_login,tenant,10
0040,LKUS_login,userNo,10
0040,LKUS_login,phoneNo,10
0040,LKUS_login,version,10
0040,LKUS_login,userAgent,10
0040,LKUS_login,realIpCity,10
0040,LKUS_login,countryCode,10
0040,LKUS_login,fullPhoneNo,10
0040,LKUS_login,phoneCountry,10
0040,LKUS_login,reviewRepeat,10
0040,LKUS_login,realIpCountry,10
0040,LKUS_login,realIpProvince,10
0040,LKUS_login,recaptchaV3Token,10
0040,LKUS_login,recaptchaV3Action,10
0040,LKUS_login,recaptchaV3Enabled,10
0040,LKUS_grant_new_user_coupon,cid,8
0040,LKUS_grant_new_user_coupon,uid,8
0040,LKUS_grant_new_user_coupon,type,8
0040,LKUS_grant_new_user_coupon,extend,8
0040,LKUS_grant_new_user_coupon,origin,8
0040,LKUS_grant_new_user_coupon,realIp,8
0040,LKUS_grant_new_user_coupon,tenant,8
0040,LKUS_grant_new_user_coupon,userNo,8
0040,LKUS_grant_new_user_coupon,phoneNo,8
0040,LKUS_grant_new_user_coupon,readmes,8
0040,LKUS_grant_new_user_coupon,sceneId,8
0040,LKUS_grant_new_user_coupon,version,8
0040,LKUS_grant_new_user_coupon,discounts,8
0040,LKUS_grant_new_user_coupon,userAgent,8
0040,LKUS_grant_new_user_coupon,realIpCity,8
0040,LKUS_grant_new_user_coupon,countryCode,8
0040,LKUS_grant_new_user_coupon,couponNames,8
0040,LKUS_grant_new_user_coupon,couponTypes,8
0040,LKUS_grant_new_user_coupon,fullPhoneNo,8
0040,LKUS_grant_new_user_coupon,isBindPhone,8
0040,LKUS_grant_new_user_coupon,maskPhoneNo,8
0040,LKUS_grant_new_user_coupon,templateIds,8
0040,LKUS_grant_new_user_coupon,templateNos,8
0040,LKUS_grant_new_user_coupon,phoneCountry,8
0040,LKUS_grant_new_user_coupon,registerTime,8
0040,LKUS_grant_new_user_coupon,reviewRepeat,8
0040,LKUS_grant_new_user_coupon,realIpCountry,8
0040,LKUS_grant_new_user_coupon,discountLabels,8
0040,LKUS_grant_new_user_coupon,invitationCode,8
0040,LKUS_grant_new_user_coupon,realIpProvince,8
0040,LKUS_grant_new_user_coupon,recaptchaV3Token,8
0040,LKUS_grant_new_user_coupon,phoneNoEncryption,8
0040,LKUS_grant_new_user_coupon,recaptchaV3Action,8
0040,LKUS_grant_new_user_coupon,recaptchaV3Enabled,8
0040,LKUS_grant_new_user_coupon,couponDenominations,8
0040,LKUS_grant_new_user_coupon,couponDiscountTypes,8
0040,LKUS_grant_new_user_coupon,couponDiscountSubTypes,8
0040,LKUS_grant_new_user_coupon,couponDiscountTypeNames,8
0040,LKUS_login,app,9
0040,LKUS_grant_new_user_coupon,app,7
0040,LKUS_push,userNo,1
0041,LKUS_push,app,42
0041,LKUS_push,cid,42
0041,LKUS_push,uid,42
0041,LKUS_push,realIp,42
0041,LKUS_push,tenant,42
0041,LKUS_push,phoneNo,42
0041,LKUS_push,version,42
0041,LKUS_push,userAgent,42
0041,LKUS_push,realIpCity,42
0041,LKUS_push,countryCode,42
0041,LKUS_push,fullPhoneNo,42
0041,LKUS_push,phoneCountry,42
0041,LKUS_push,reviewRepeat,41
0041,LKUS_push,realIpCountry,42
0041,LKUS_push,realIpProvince,42
0041,LKUS_push,recaptchaV3Token,41
0041,LKUS_push,recaptchaV3Action,41
0041,LKUS_push,recaptchaV3Enabled,41
0041,LKUS_login,app,9
0041,LKUS_login,cid,9
0041,LKUS_login,uid,9
0041,LKUS_login,realIp,9
0041,LKUS_login,tenant,9
0041,LKUS_login,userNo,9
0041,LKUS_login,phoneNo,9
0041,LKUS_login,version,9
0041,LKUS_login,userAgent,9
0041,LKUS_login,realIpCity,9
0041,LKUS_login,countryCode,9
0041,LKUS_login,fullPhoneNo,9
0041,LKUS_login,phoneCountry,9
0041,LKUS_login,reviewRepeat,9
0041,LKUS_login,realIpCountry,9
0041,LKUS_login,realIpProvince,9
0041,LKUS_login,recaptchaV3Token,9
0041,LKUS_login,recaptchaV3Action,9
0041,LKUS_login,recaptchaV3Enabled,9
0041,LKUS_grant_new_user_coupon,app,6
0041,LKUS_grant_new_user_coupon,cid,6
0041,LKUS_grant_new_user_coupon,uid,6
0041,LKUS_grant_new_user_coupon,type,6
0041,LKUS_grant_new_user_coupon,extend,6
0041,LKUS_grant_new_user_coupon,origin,6
0041,LKUS_grant_new_user_coupon,realIp,6
0041,LKUS_grant_new_user_coupon,tenant,6
0041,LKUS_grant_new_user_coupon,userNo,6
0041,LKUS_grant_new_user_coupon,phoneNo,6
0041,LKUS_grant_new_user_coupon,readmes,6
0041,LKUS_grant_new_user_coupon,sceneId,6
0041,LKUS_grant_new_user_coupon,version,6
0041,LKUS_grant_new_user_coupon,discounts,6
0041,LKUS_grant_new_user_coupon,userAgent,6
0041,LKUS_grant_new_user_coupon,realIpCity,6
0041,LKUS_grant_new_user_coupon,countryCode,6
0041,LKUS_grant_new_user_coupon,couponNames,6
0041,LKUS_grant_new_user_coupon,couponTypes,6
0041,LKUS_grant_new_user_coupon,fullPhoneNo,6
0041,LKUS_grant_new_user_coupon,isBindPhone,6
0041,LKUS_grant_new_user_coupon,maskPhoneNo,6
0041,LKUS_grant_new_user_coupon,templateIds,6
0041,LKUS_grant_new_user_coupon,templateNos,6
0041,LKUS_grant_new_user_coupon,phoneCountry,6
0041,LKUS_grant_new_user_coupon,registerTime,6
0041,LKUS_grant_new_user_coupon,reviewRepeat,6
0041,LKUS_grant_new_user_coupon,realIpCountry,6
0041,LKUS_grant_new_user_coupon,discountLabels,6
0041,LKUS_grant_new_user_coupon,invitationCode,6
0041,LKUS_grant_new_user_coupon,realIpProvince,6
0041,LKUS_grant_new_user_coupon,recaptchaV3Token,6
0041,LKUS_grant_new_user_coupon,phoneNoEncryption,6
0041,LKUS_grant_new_user_coupon,recaptchaV3Action,6
0041,LKUS_grant_new_user_coupon,recaptchaV3Enabled,6
0041,LKUS_grant_new_user_coupon,couponDenominations,6
0041,LKUS_grant_new_user_coupon,couponDiscountTypes,6
0041,LKUS_grant_new_user_coupon,couponDiscountSubTypes,6
0041,LKUS_grant_new_user_coupon,couponDiscountTypeNames,6
0041,LKUS_physical_order_create,app,35
0041,LKUS_physical_order_create,cid,47
0041,LKUS_physical_order_create,uid,47
0041,LKUS_physical_order_create,realIp,47
0041,LKUS_physical_order_create,shopId,47
0041,LKUS_physical_order_create,tenant,47
0041,LKUS_physical_order_create,userNo,47
0041,LKUS_physical_order_create,isGuest,47
0041,LKUS_physical_order_create,phoneNo,36
0041,LKUS_physical_order_create,version,47
0041,LKUS_physical_order_create,latitude,36
0041,LKUS_physical_order_create,couponNos,34
0041,LKUS_physical_order_create,longitude,36
0041,LKUS_physical_order_create,orderType,47
0041,LKUS_physical_order_create,taxAmount,47
0041,LKUS_physical_order_create,userAgent,47
0041,LKUS_physical_order_create,orderPrice,47
0041,LKUS_physical_order_create,realIpCity,47
0041,LKUS_physical_order_create,countryCode,47
0041,LKUS_physical_order_create,couponNames,34
0041,LKUS_physical_order_create,couponTypes,34
0041,LKUS_physical_order_create,fullPhoneNo,36
0041,LKUS_physical_order_create,shopAddress,47
0041,LKUS_physical_order_create,phoneCountry,36
0041,LKUS_physical_order_create,reviewRepeat,33
0041,LKUS_physical_order_create,shopCityName,47
0041,LKUS_physical_order_create,shopLatitude,47
0041,LKUS_physical_order_create,couponSources,34
0041,LKUS_physical_order_create,isTaxRequired,47
0041,LKUS_physical_order_create,orderSkuCodes,46
0041,LKUS_physical_order_create,orderSpuCodes,46
0041,LKUS_physical_order_create,productAmount,47
0041,LKUS_physical_order_create,realIpCountry,47
0041,LKUS_physical_order_create,shopLongitude,47
0041,LKUS_physical_order_create,realIpProvince,47
0041,LKUS_physical_order_create,recaptchaV3Token,33
0041,LKUS_physical_order_create,couponProposalNos,34
0041,LKUS_physical_order_create,couponTemplateIds,34
0041,LKUS_physical_order_create,recaptchaV3Action,33
0041,LKUS_physical_order_create,couponDenomination,34
0041,LKUS_physical_order_create,recaptchaV3Enabled,33
0041,LKUS_physical_order_create,couponDiscountTypes,34
0041,LKUS_physical_order_create,couponDiscountSubTypes,34
0041,LKUS_payment,app,33
0041,LKUS_payment,cid,46
0041,LKUS_payment,uid,46
0041,LKUS_payment,realIp,46
0041,LKUS_payment,shopId,46
0041,LKUS_payment,tenant,46
0041,LKUS_payment,userNo,46
0041,LKUS_payment,isGuest,46
0041,LKUS_payment,orderNo,46
0041,LKUS_payment,payType,46
0041,LKUS_payment,phoneNo,34
0041,LKUS_payment,version,46
0041,LKUS_payment,payMoney,46
0041,LKUS_payment,orderType,46
0041,LKUS_payment,taxAmount,46
0041,LKUS_payment,userAgent,46
0041,LKUS_payment,orderPrice,46
0041,LKUS_payment,realIpCity,46
0041,LKUS_payment,countryCode,34
0041,LKUS_payment,fullPhoneNo,34
0041,LKUS_payment,phoneCountry,34
0041,LKUS_payment,reviewRepeat,31
0041,LKUS_payment,isTaxRequired,46
0041,LKUS_payment,realIpCountry,46
0041,LKUS_payment,realIpProvince,46
0041,LKUS_payment,recaptchaV3Token,31
0041,LKUS_payment,recaptchaV3Action,31
0041,LKUS_payment,recaptchaV3Enabled,31
0041,LKUS_physical_order_create,shumeiDevId,11
0041,LKUS_physical_order_create,shumengDevId,11
0041,LKUS_physical_order_create,tongdunBlackBox,11
0041,LKUS_register,app,9
0041,LKUS_register,cid,9
0041,LKUS_register,uid,9
0041,LKUS_register,realIp,9
0041,LKUS_register,tenant,9
0041,LKUS_register,phoneNo,9
0041,LKUS_register,version,9
0041,LKUS_register,userAgent,9
0041,LKUS_register,realIpCity,9
0041,LKUS_register,countryCode,9
0041,LKUS_register,fullPhoneNo,9
0041,LKUS_register,phoneCountry,9
0041,LKUS_register,reviewRepeat,9
0041,LKUS_register,realIpCountry,9
0041,LKUS_register,realIpProvince,9
0041,LKUS_register,recaptchaV3Token,9
0041,LKUS_register,recaptchaV3Action,9
0041,LKUS_register,recaptchaV3Enabled,9
0041,LKUS_physical_order_create,packageOrderSkuCodes,1
0041,LKUS_physical_order_create,packageOrderSpuCodes,1
0041,LKUS_physical_order_cancel,app,2
0041,LKUS_physical_order_cancel,cid,2
0041,LKUS_physical_order_cancel,uid,2
0041,LKUS_physical_order_cancel,realIp,2
0041,LKUS_physical_order_cancel,shopId,2
0041,LKUS_physical_order_cancel,tenant,2
0041,LKUS_physical_order_cancel,userNo,2
0041,LKUS_physical_order_cancel,isGuest,2
0041,LKUS_physical_order_cancel,orderNo,2
0041,LKUS_physical_order_cancel,phoneNo,2
0041,LKUS_physical_order_cancel,version,2
0041,LKUS_physical_order_cancel,shopCity,2
0041,LKUS_physical_order_cancel,userAgent,2
0041,LKUS_physical_order_cancel,realIpCity,2
0041,LKUS_physical_order_cancel,countryCode,2
0041,LKUS_physical_order_cancel,fullPhoneNo,2
0041,LKUS_physical_order_cancel,totalOfMade,2
0041,LKUS_physical_order_cancel,phoneCountry,2
0041,LKUS_physical_order_cancel,reviewRepeat,2
0041,LKUS_physical_order_cancel,realIpCountry,2
0041,LKUS_physical_order_cancel,realIpProvince,2
0041,LKUS_physical_order_cancel,recaptchaV3Token,2
0041,LKUS_physical_order_cancel,recaptchaV3Action,2
0041,LKUS_physical_order_cancel,recaptchaV3Enabled,2
0041,LKUS_physical_order_cancel,cancelTypeEnumIndex,2
0042,LKUS_push,app,46
0042,LKUS_push,cid,50
0042,LKUS_push,uid,50
0042,LKUS_push,realIp,50
0042,LKUS_push,tenant,50
0042,LKUS_push,phoneNo,50
0042,LKUS_push,version,50
0042,LKUS_push,userAgent,50
0042,LKUS_push,realIpCity,50
0042,LKUS_push,countryCode,50
0042,LKUS_push,fullPhoneNo,50
0042,LKUS_push,phoneCountry,50
0042,LKUS_push,reviewRepeat,48
0042,LKUS_push,realIpCountry,50
0042,LKUS_push,realIpProvince,50
0042,LKUS_push,recaptchaV3Token,48
0042,LKUS_push,recaptchaV3Action,48
0042,LKUS_push,recaptchaV3Enabled,48
0042,LKUS_physical_order_create,app,37
0042,LKUS_physical_order_create,cid,48
0042,LKUS_physical_order_create,uid,48
0042,LKUS_physical_order_create,realIp,48
0042,LKUS_physical_order_create,shopId,48
0042,LKUS_physical_order_create,tenant,48
0042,LKUS_physical_order_create,userNo,48
0042,LKUS_physical_order_create,isGuest,48
0042,LKUS_physical_order_create,phoneNo,38
0042,LKUS_physical_order_create,version,48
0042,LKUS_physical_order_create,latitude,38
0042,LKUS_physical_order_create,couponNos,36
0042,LKUS_physical_order_create,longitude,38
0042,LKUS_physical_order_create,orderType,48
0042,LKUS_physical_order_create,taxAmount,48
0042,LKUS_physical_order_create,userAgent,48
0042,LKUS_physical_order_create,orderPrice,48
0042,LKUS_physical_order_create,realIpCity,48
0042,LKUS_physical_order_create,countryCode,48
0042,LKUS_physical_order_create,couponNames,36
0042,LKUS_physical_order_create,couponTypes,36
0042,LKUS_physical_order_create,fullPhoneNo,38
0042,LKUS_physical_order_create,shopAddress,48
0042,LKUS_physical_order_create,phoneCountry,38
0042,LKUS_physical_order_create,reviewRepeat,36
0042,LKUS_physical_order_create,shopCityName,48
0042,LKUS_physical_order_create,shopLatitude,48
0042,LKUS_physical_order_create,couponSources,36
0042,LKUS_physical_order_create,isTaxRequired,48
0042,LKUS_physical_order_create,orderSkuCodes,47
0042,LKUS_physical_order_create,orderSpuCodes,47
0042,LKUS_physical_order_create,productAmount,48
0042,LKUS_physical_order_create,realIpCountry,48
0042,LKUS_physical_order_create,shopLongitude,48
0042,LKUS_physical_order_create,realIpProvince,48
0042,LKUS_physical_order_create,recaptchaV3Token,36
0042,LKUS_physical_order_create,couponProposalNos,36
0042,LKUS_physical_order_create,couponTemplateIds,36
0042,LKUS_physical_order_create,recaptchaV3Action,36
0042,LKUS_physical_order_create,couponDenomination,36
0042,LKUS_physical_order_create,recaptchaV3Enabled,36
0042,LKUS_physical_order_create,couponDiscountTypes,36
0042,LKUS_physical_order_create,couponDiscountSubTypes,36
0042,LKUS_payment,app,35
0042,LKUS_payment,cid,46
0042,LKUS_payment,uid,46
0042,LKUS_payment,realIp,46
0042,LKUS_payment,shopId,46
0042,LKUS_payment,tenant,46
0042,LKUS_payment,userNo,46
0042,LKUS_payment,isGuest,46
0042,LKUS_payment,orderNo,46
0042,LKUS_payment,payType,46
0042,LKUS_payment,phoneNo,36
0042,LKUS_payment,version,46
0042,LKUS_payment,payMoney,46
0042,LKUS_payment,orderType,46
0042,LKUS_payment,taxAmount,46
0042,LKUS_payment,userAgent,46
0042,LKUS_payment,orderPrice,46
0042,LKUS_payment,realIpCity,46
0042,LKUS_payment,countryCode,36
0042,LKUS_payment,fullPhoneNo,36
0042,LKUS_payment,phoneCountry,36
0042,LKUS_payment,reviewRepeat,34
0042,LKUS_payment,isTaxRequired,46
0042,LKUS_payment,realIpCountry,46
0042,LKUS_payment,realIpProvince,46
0042,LKUS_payment,recaptchaV3Token,34
0042,LKUS_payment,recaptchaV3Action,34
0042,LKUS_payment,recaptchaV3Enabled,34
0042,LKUS_physical_order_create,shumeiDevId,10
0042,LKUS_physical_order_create,shumengDevId,10
0042,LKUS_physical_order_create,tongdunBlackBox,10
0042,LKUS_push,userNo,2
0042,LKUS_login,app,7
0042,LKUS_login,cid,8
0042,LKUS_login,uid,8
0042,LKUS_login,realIp,8
0042,LKUS_login,tenant,8
0042,LKUS_login,userNo,8
0042,LKUS_login,phoneNo,8
0042,LKUS_login,version,8
0042,LKUS_login,userAgent,8
0042,LKUS_login,realIpCity,8
0042,LKUS_login,countryCode,8
0042,LKUS_login,fullPhoneNo,8
0042,LKUS_login,phoneCountry,8
0042,LKUS_login,reviewRepeat,7
0042,LKUS_login,realIpCountry,8
0042,LKUS_login,realIpProvince,8
0042,LKUS_login,recaptchaV3Token,7
0042,LKUS_login,recaptchaV3Action,7
0042,LKUS_login,recaptchaV3Enabled,7
0042,LKUS_payment,packagingBagPrice,2
0042,LKUS_payment,packagingBagNumber,2
0042,LKUS_register,cid,7
0042,LKUS_register,uid,7
0042,LKUS_register,realIp,7
0042,LKUS_register,tenant,7
0042,LKUS_register,phoneNo,7
0042,LKUS_register,version,7
0042,LKUS_register,userAgent,7
0042,LKUS_register,realIpCity,7
0042,LKUS_register,countryCode,7
0042,LKUS_register,fullPhoneNo,7
0042,LKUS_register,phoneCountry,7
0042,LKUS_register,reviewRepeat,7
0042,LKUS_register,realIpCountry,7
0042,LKUS_register,realIpProvince,7
0042,LKUS_register,recaptchaV3Token,7
0042,LKUS_register,recaptchaV3Action,7
0042,LKUS_register,recaptchaV3Enabled,7
0042,LKUS_register,app,6
0042,LKUS_physical_order_create,packageOrderSkuCodes,1
0042,LKUS_physical_order_create,packageOrderSpuCodes,1
0042,LKUS_grant_new_user_coupon,app,4
0042,LKUS_grant_new_user_coupon,cid,4
0042,LKUS_grant_new_user_coupon,uid,4
0042,LKUS_grant_new_user_coupon,type,4
0042,LKUS_grant_new_user_coupon,extend,4
0042,LKUS_grant_new_user_coupon,origin,4
0042,LKUS_grant_new_user_coupon,realIp,4
0042,LKUS_grant_new_user_coupon,tenant,4
0042,LKUS_grant_new_user_coupon,userNo,4
0042,LKUS_grant_new_user_coupon,phoneNo,4
0042,LKUS_grant_new_user_coupon,readmes,4
0042,LKUS_grant_new_user_coupon,sceneId,4
0042,LKUS_grant_new_user_coupon,version,4
0042,LKUS_grant_new_user_coupon,discounts,4
0042,LKUS_grant_new_user_coupon,userAgent,4
0042,LKUS_grant_new_user_coupon,realIpCity,4
0042,LKUS_grant_new_user_coupon,countryCode,4
0042,LKUS_grant_new_user_coupon,couponNames,4
0042,LKUS_grant_new_user_coupon,couponTypes,4
0042,LKUS_grant_new_user_coupon,fullPhoneNo,4
0042,LKUS_grant_new_user_coupon,isBindPhone,4
0042,LKUS_grant_new_user_coupon,maskPhoneNo,4
0042,LKUS_grant_new_user_coupon,templateIds,4
0042,LKUS_grant_new_user_coupon,templateNos,4
0042,LKUS_grant_new_user_coupon,phoneCountry,4
0042,LKUS_grant_new_user_coupon,registerTime,4
0042,LKUS_grant_new_user_coupon,reviewRepeat,4
0042,LKUS_grant_new_user_coupon,realIpCountry,4
0042,LKUS_grant_new_user_coupon,discountLabels,4
0042,LKUS_grant_new_user_coupon,invitationCode,4
0042,LKUS_grant_new_user_coupon,realIpProvince,4
0042,LKUS_grant_new_user_coupon,recaptchaV3Token,4
0042,LKUS_grant_new_user_coupon,phoneNoEncryption,4
0042,LKUS_grant_new_user_coupon,recaptchaV3Action,4
0042,LKUS_grant_new_user_coupon,recaptchaV3Enabled,4
0042,LKUS_grant_new_user_coupon,couponDenominations,4
0042,LKUS_grant_new_user_coupon,couponDiscountTypes,4
0042,LKUS_grant_new_user_coupon,couponDiscountSubTypes,4
0042,LKUS_grant_new_user_coupon,couponDiscountTypeNames,4
0043,LKUS_push,app,28
0043,LKUS_push,cid,31
0043,LKUS_push,uid,31
0043,LKUS_push,realIp,31
0043,LKUS_push,tenant,31
0043,LKUS_push,phoneNo,31
0043,LKUS_push,version,31
0043,LKUS_push,userAgent,31
0043,LKUS_push,realIpCity,31
0043,LKUS_push,countryCode,31
0043,LKUS_push,fullPhoneNo,31
0043,LKUS_push,phoneCountry,31
0043,LKUS_push,reviewRepeat,31
0043,LKUS_push,realIpCountry,31
0043,LKUS_push,realIpProvince,31
0043,LKUS_push,recaptchaV3Token,31
0043,LKUS_push,recaptchaV3Action,31
0043,LKUS_push,recaptchaV3Enabled,31
0043,LKUS_physical_order_create,app,29
0043,LKUS_physical_order_create,cid,40
0043,LKUS_physical_order_create,uid,40
0043,LKUS_physical_order_create,realIp,40
0043,LKUS_physical_order_create,shopId,40
0043,LKUS_physical_order_create,tenant,40
0043,LKUS_physical_order_create,userNo,40
0043,LKUS_physical_order_create,isGuest,40
0043,LKUS_physical_order_create,phoneNo,30
0043,LKUS_physical_order_create,version,40
0043,LKUS_physical_order_create,latitude,30
0043,LKUS_physical_order_create,couponNos,26
0043,LKUS_physical_order_create,longitude,30
0043,LKUS_physical_order_create,orderType,40
0043,LKUS_physical_order_create,taxAmount,40
0043,LKUS_physical_order_create,userAgent,40
0043,LKUS_physical_order_create,orderPrice,40
0043,LKUS_physical_order_create,realIpCity,40
0043,LKUS_physical_order_create,countryCode,40
0043,LKUS_physical_order_create,couponNames,26
0043,LKUS_physical_order_create,couponTypes,26
0043,LKUS_physical_order_create,fullPhoneNo,30
0043,LKUS_physical_order_create,shopAddress,40
0043,LKUS_physical_order_create,phoneCountry,30
0043,LKUS_physical_order_create,reviewRepeat,29
0043,LKUS_physical_order_create,shopCityName,40
0043,LKUS_physical_order_create,shopLatitude,40
0043,LKUS_physical_order_create,couponSources,26
0043,LKUS_physical_order_create,isTaxRequired,40
0043,LKUS_physical_order_create,orderSkuCodes,39
0043,LKUS_physical_order_create,orderSpuCodes,39
0043,LKUS_physical_order_create,productAmount,40
0043,LKUS_physical_order_create,realIpCountry,40
0043,LKUS_physical_order_create,shopLongitude,40
0043,LKUS_physical_order_create,realIpProvince,40
0043,LKUS_physical_order_create,recaptchaV3Token,29
0043,LKUS_physical_order_create,couponProposalNos,26
0043,LKUS_physical_order_create,couponTemplateIds,26
0043,LKUS_physical_order_create,recaptchaV3Action,29
0043,LKUS_physical_order_create,couponDenomination,26
0043,LKUS_physical_order_create,recaptchaV3Enabled,29
0043,LKUS_physical_order_create,couponDiscountTypes,26
0043,LKUS_physical_order_create,couponDiscountSubTypes,26
0043,LKUS_payment,app,29
0043,LKUS_payment,cid,42
0043,LKUS_payment,uid,42
0043,LKUS_payment,realIp,42
0043,LKUS_payment,shopId,42
0043,LKUS_payment,tenant,42
0043,LKUS_payment,userNo,42
0043,LKUS_payment,isGuest,42
0043,LKUS_payment,orderNo,42
0043,LKUS_payment,payType,42
0043,LKUS_payment,phoneNo,30
0043,LKUS_payment,version,42
0043,LKUS_payment,payMoney,42
0043,LKUS_payment,orderType,42
0043,LKUS_payment,taxAmount,42
0043,LKUS_payment,userAgent,42
0043,LKUS_payment,orderPrice,42
0043,LKUS_payment,realIpCity,42
0043,LKUS_payment,countryCode,30
0043,LKUS_payment,fullPhoneNo,30
0043,LKUS_payment,phoneCountry,30
0043,LKUS_payment,reviewRepeat,29
0043,LKUS_payment,isTaxRequired,42
0043,LKUS_payment,realIpCountry,42
0043,LKUS_payment,realIpProvince,42
0043,LKUS_payment,recaptchaV3Token,29
0043,LKUS_payment,recaptchaV3Action,29
0043,LKUS_payment,recaptchaV3Enabled,29
0043,LKUS_physical_order_create,shumeiDevId,10
0043,LKUS_physical_order_create,shumengDevId,10
0043,LKUS_physical_order_create,tongdunBlackBox,10
0043,LKUS_login,app,5
0043,LKUS_login,cid,6
0043,LKUS_login,uid,6
0043,LKUS_login,realIp,6
0043,LKUS_login,tenant,6
0043,LKUS_login,userNo,6
0043,LKUS_login,phoneNo,6
0043,LKUS_login,version,6
0043,LKUS_login,userAgent,6
0043,LKUS_login,realIpCity,6
0043,LKUS_login,countryCode,6
0043,LKUS_login,fullPhoneNo,6
0043,LKUS_login,phoneCountry,6
0043,LKUS_login,reviewRepeat,6
0043,LKUS_login,realIpCountry,6
0043,LKUS_login,realIpProvince,6
0043,LKUS_login,recaptchaV3Token,6
0043,LKUS_login,recaptchaV3Action,6
0043,LKUS_login,recaptchaV3Enabled,6
0043,LKUS_grant_new_user_coupon,app,3
0043,LKUS_grant_new_user_coupon,cid,4
0043,LKUS_grant_new_user_coupon,uid,4
0043,LKUS_grant_new_user_coupon,type,4
0043,LKUS_grant_new_user_coupon,extend,4
0043,LKUS_grant_new_user_coupon,origin,4
0043,LKUS_grant_new_user_coupon,realIp,4
0043,LKUS_grant_new_user_coupon,tenant,4
0043,LKUS_grant_new_user_coupon,userNo,4
0043,LKUS_grant_new_user_coupon,phoneNo,4
0043,LKUS_grant_new_user_coupon,readmes,4
0043,LKUS_grant_new_user_coupon,sceneId,4
0043,LKUS_grant_new_user_coupon,version,4
0043,LKUS_grant_new_user_coupon,discounts,4
0043,LKUS_grant_new_user_coupon,userAgent,4
0043,LKUS_grant_new_user_coupon,realIpCity,4
0043,LKUS_grant_new_user_coupon,countryCode,4
0043,LKUS_grant_new_user_coupon,couponNames,4
0043,LKUS_grant_new_user_coupon,couponTypes,4
0043,LKUS_grant_new_user_coupon,fullPhoneNo,4
0043,LKUS_grant_new_user_coupon,isBindPhone,4
0043,LKUS_grant_new_user_coupon,maskPhoneNo,4
0043,LKUS_grant_new_user_coupon,templateIds,4
0043,LKUS_grant_new_user_coupon,templateNos,4
0043,LKUS_grant_new_user_coupon,phoneCountry,4
0043,LKUS_grant_new_user_coupon,registerTime,4
0043,LKUS_grant_new_user_coupon,reviewRepeat,4
0043,LKUS_grant_new_user_coupon,realIpCountry,4
0043,LKUS_grant_new_user_coupon,discountLabels,4
0043,LKUS_grant_new_user_coupon,invitationCode,4
0043,LKUS_grant_new_user_coupon,realIpProvince,4
0043,LKUS_grant_new_user_coupon,recaptchaV3Token,4
0043,LKUS_grant_new_user_coupon,phoneNoEncryption,4
0043,LKUS_grant_new_user_coupon,recaptchaV3Action,4
0043,LKUS_grant_new_user_coupon,recaptchaV3Enabled,4
0043,LKUS_grant_new_user_coupon,couponDenominations,4
0043,LKUS_grant_new_user_coupon,couponDiscountTypes,4
0043,LKUS_grant_new_user_coupon,couponDiscountSubTypes,4
0043,LKUS_grant_new_user_coupon,couponDiscountTypeNames,4
0043,LKUS_register,app,8
0043,LKUS_register,cid,9
0043,LKUS_register,uid,9
0043,LKUS_register,realIp,9
0043,LKUS_register,tenant,9
0043,LKUS_register,phoneNo,9
0043,LKUS_register,version,9
0043,LKUS_register,userAgent,9
0043,LKUS_register,realIpCity,9
0043,LKUS_register,countryCode,9
0043,LKUS_register,fullPhoneNo,9
0043,LKUS_register,phoneCountry,9
0043,LKUS_register,reviewRepeat,9
0043,LKUS_register,realIpCountry,9
0043,LKUS_register,realIpProvince,9
0043,LKUS_register,recaptchaV3Token,9
0043,LKUS_register,recaptchaV3Action,9
0043,LKUS_register,recaptchaV3Enabled,9
0043,LKUS_physical_order_create,packageOrderSkuCodes,1
0043,LKUS_physical_order_create,packageOrderSpuCodes,1
0044,LKUS_push,app,40
0044,LKUS_push,cid,40
0044,LKUS_push,uid,40
0044,LKUS_push,realIp,40
0044,LKUS_push,tenant,40
0044,LKUS_push,phoneNo,40
0044,LKUS_push,version,40
0044,LKUS_push,userAgent,40
0044,LKUS_push,realIpCity,40
0044,LKUS_push,countryCode,40
0044,LKUS_push,fullPhoneNo,40
0044,LKUS_push,phoneCountry,40
0044,LKUS_push,reviewRepeat,40
0044,LKUS_push,realIpCountry,40
0044,LKUS_push,realIpProvince,40
0044,LKUS_push,recaptchaV3Token,40
0044,LKUS_push,recaptchaV3Action,40
0044,LKUS_push,recaptchaV3Enabled,40
0044,LKUS_register,app,6
0044,LKUS_register,cid,6
0044,LKUS_register,uid,6
0044,LKUS_register,realIp,6
0044,LKUS_register,tenant,6
0044,LKUS_register,phoneNo,6
0044,LKUS_register,version,6
0044,LKUS_register,userAgent,6
0044,LKUS_register,realIpCity,6
0044,LKUS_register,countryCode,6
0044,LKUS_register,fullPhoneNo,6
0044,LKUS_register,phoneCountry,6
0044,LKUS_register,reviewRepeat,6
0044,LKUS_register,realIpCountry,6
0044,LKUS_register,realIpProvince,6
0044,LKUS_register,recaptchaV3Token,6
0044,LKUS_register,recaptchaV3Action,6
0044,LKUS_register,recaptchaV3Enabled,6
0044,LKUS_physical_order_create,app,23
0044,LKUS_physical_order_create,cid,33
0044,LKUS_physical_order_create,uid,33
0044,LKUS_physical_order_create,realIp,33
0044,LKUS_physical_order_create,shopId,33
0044,LKUS_physical_order_create,tenant,33
0044,LKUS_physical_order_create,userNo,33
0044,LKUS_physical_order_create,isGuest,33
0044,LKUS_physical_order_create,phoneNo,25
0044,LKUS_physical_order_create,version,33
0044,LKUS_physical_order_create,latitude,25
0044,LKUS_physical_order_create,couponNos,24
0044,LKUS_physical_order_create,longitude,25
0044,LKUS_physical_order_create,orderType,33
0044,LKUS_physical_order_create,taxAmount,33
0044,LKUS_physical_order_create,userAgent,33
0044,LKUS_physical_order_create,orderPrice,33
0044,LKUS_physical_order_create,realIpCity,33
0044,LKUS_physical_order_create,countryCode,33
0044,LKUS_physical_order_create,couponNames,24
0044,LKUS_physical_order_create,couponTypes,24
0044,LKUS_physical_order_create,fullPhoneNo,25
0044,LKUS_physical_order_create,shopAddress,33
0044,LKUS_physical_order_create,phoneCountry,25
0044,LKUS_physical_order_create,reviewRepeat,23
0044,LKUS_physical_order_create,shopCityName,33
0044,LKUS_physical_order_create,shopLatitude,33
0044,LKUS_physical_order_create,couponSources,24
0044,LKUS_physical_order_create,isTaxRequired,33
0044,LKUS_physical_order_create,orderSkuCodes,32
0044,LKUS_physical_order_create,orderSpuCodes,32
0044,LKUS_physical_order_create,productAmount,33
0044,LKUS_physical_order_create,realIpCountry,33
0044,LKUS_physical_order_create,shopLongitude,33
0044,LKUS_physical_order_create,realIpProvince,33
0044,LKUS_physical_order_create,recaptchaV3Token,23
0044,LKUS_physical_order_create,couponProposalNos,24
0044,LKUS_physical_order_create,couponTemplateIds,24
0044,LKUS_physical_order_create,recaptchaV3Action,23
0044,LKUS_physical_order_create,couponDenomination,24
0044,LKUS_physical_order_create,recaptchaV3Enabled,23
0044,LKUS_physical_order_create,couponDiscountTypes,24
0044,LKUS_physical_order_create,couponDiscountSubTypes,24
0044,LKUS_payment,app,23
0044,LKUS_payment,cid,33
0044,LKUS_payment,uid,33
0044,LKUS_payment,realIp,33
0044,LKUS_payment,shopId,33
0044,LKUS_payment,tenant,33
0044,LKUS_payment,userNo,33
0044,LKUS_payment,isGuest,33
0044,LKUS_payment,orderNo,33
0044,LKUS_payment,payType,33
0044,LKUS_payment,phoneNo,25
0044,LKUS_payment,version,33
0044,LKUS_payment,payMoney,33
0044,LKUS_payment,orderType,33
0044,LKUS_payment,taxAmount,33
0044,LKUS_payment,userAgent,33
0044,LKUS_payment,orderPrice,33
0044,LKUS_payment,realIpCity,33
0044,LKUS_payment,countryCode,25
0044,LKUS_payment,fullPhoneNo,25
0044,LKUS_payment,phoneCountry,25
0044,LKUS_payment,reviewRepeat,23
0044,LKUS_payment,isTaxRequired,33
0044,LKUS_payment,realIpCountry,33
0044,LKUS_payment,realIpProvince,33
0044,LKUS_payment,recaptchaV3Token,23
0044,LKUS_payment,recaptchaV3Action,23
0044,LKUS_payment,recaptchaV3Enabled,23
0044,LKUS_grant_new_user_coupon,app,3
0044,LKUS_grant_new_user_coupon,cid,3
0044,LKUS_grant_new_user_coupon,uid,3
0044,LKUS_grant_new_user_coupon,type,3
0044,LKUS_grant_new_user_coupon,extend,3
0044,LKUS_grant_new_user_coupon,origin,3
0044,LKUS_grant_new_user_coupon,realIp,3
0044,LKUS_grant_new_user_coupon,tenant,3
0044,LKUS_grant_new_user_coupon,userNo,3
0044,LKUS_grant_new_user_coupon,phoneNo,3
0044,LKUS_grant_new_user_coupon,readmes,3
0044,LKUS_grant_new_user_coupon,sceneId,3
0044,LKUS_grant_new_user_coupon,version,3
0044,LKUS_grant_new_user_coupon,discounts,3
0044,LKUS_grant_new_user_coupon,userAgent,3
0044,LKUS_grant_new_user_coupon,realIpCity,3
0044,LKUS_grant_new_user_coupon,countryCode,3
0044,LKUS_grant_new_user_coupon,couponNames,3
0044,LKUS_grant_new_user_coupon,couponTypes,3
0044,LKUS_grant_new_user_coupon,fullPhoneNo,3
0044,LKUS_grant_new_user_coupon,isBindPhone,3
0044,LKUS_grant_new_user_coupon,maskPhoneNo,3
0044,LKUS_grant_new_user_coupon,templateIds,3
0044,LKUS_grant_new_user_coupon,templateNos,3
0044,LKUS_grant_new_user_coupon,phoneCountry,3
0044,LKUS_grant_new_user_coupon,registerTime,3
0044,LKUS_grant_new_user_coupon,reviewRepeat,3
0044,LKUS_grant_new_user_coupon,realIpCountry,3
0044,LKUS_grant_new_user_coupon,discountLabels,3
0044,LKUS_grant_new_user_coupon,invitationCode,3
0044,LKUS_grant_new_user_coupon,realIpProvince,3
0044,LKUS_grant_new_user_coupon,recaptchaV3Token,3
0044,LKUS_grant_new_user_coupon,phoneNoEncryption,3
0044,LKUS_grant_new_user_coupon,recaptchaV3Action,3
0044,LKUS_grant_new_user_coupon,recaptchaV3Enabled,3
0044,LKUS_grant_new_user_coupon,couponDenominations,3
0044,LKUS_grant_new_user_coupon,couponDiscountTypes,3
0044,LKUS_grant_new_user_coupon,couponDiscountSubTypes,3
0044,LKUS_grant_new_user_coupon,couponDiscountTypeNames,3
0044,LKUS_login,app,5
0044,LKUS_login,cid,6
0044,LKUS_login,uid,6
0044,LKUS_login,realIp,6
0044,LKUS_login,tenant,6
0044,LKUS_login,userNo,6
0044,LKUS_login,phoneNo,6
0044,LKUS_login,version,6
0044,LKUS_login,userAgent,6
0044,LKUS_login,realIpCity,6
0044,LKUS_login,countryCode,6
0044,LKUS_login,fullPhoneNo,6
0044,LKUS_login,phoneCountry,6
0044,LKUS_login,reviewRepeat,6
0044,LKUS_login,realIpCountry,6
0044,LKUS_login,realIpProvince,6
0044,LKUS_login,recaptchaV3Token,6
0044,LKUS_login,recaptchaV3Action,6
0044,LKUS_login,recaptchaV3Enabled,6
0044,LKUS_physical_order_create,shumeiDevId,8
0044,LKUS_physical_order_create,shumengDevId,8
0044,LKUS_physical_order_create,tongdunBlackBox,8
0044,LKUS_payment,packagingBagPrice,4
0044,LKUS_payment,packagingBagNumber,4
0044,LKUS_physical_order_create,packageOrderSkuCodes,1
0044,LKUS_physical_order_create,packageOrderSpuCodes,1
0045,LKUS_push,app,22
0045,LKUS_push,cid,24
0045,LKUS_push,uid,24
0045,LKUS_push,realIp,24
0045,LKUS_push,tenant,24
0045,LKUS_push,phoneNo,24
0045,LKUS_push,version,24
0045,LKUS_push,userAgent,24
0045,LKUS_push,realIpCity,24
0045,LKUS_push,countryCode,24
0045,LKUS_push,fullPhoneNo,24
0045,LKUS_push,phoneCountry,24
0045,LKUS_push,reviewRepeat,22
0045,LKUS_push,realIpCountry,24
0045,LKUS_push,realIpProvince,24
0045,LKUS_push,recaptchaV3Token,22
0045,LKUS_push,recaptchaV3Action,22
0045,LKUS_push,recaptchaV3Enabled,22
0045,LKUS_physical_order_create,app,35
0045,LKUS_physical_order_create,cid,45
0045,LKUS_physical_order_create,uid,45
0045,LKUS_physical_order_create,realIp,45
0045,LKUS_physical_order_create,shopId,45
0045,LKUS_physical_order_create,tenant,45
0045,LKUS_physical_order_create,userNo,45
0045,LKUS_physical_order_create,isGuest,45
0045,LKUS_physical_order_create,phoneNo,35
0045,LKUS_physical_order_create,version,45
0045,LKUS_physical_order_create,latitude,35
0045,LKUS_physical_order_create,couponNos,28
0045,LKUS_physical_order_create,longitude,35
0045,LKUS_physical_order_create,orderType,45
0045,LKUS_physical_order_create,taxAmount,45
0045,LKUS_physical_order_create,userAgent,45
0045,LKUS_physical_order_create,orderPrice,45
0045,LKUS_physical_order_create,realIpCity,45
0045,LKUS_physical_order_create,countryCode,45
0045,LKUS_physical_order_create,couponNames,28
0045,LKUS_physical_order_create,couponTypes,28
0045,LKUS_physical_order_create,fullPhoneNo,35
0045,LKUS_physical_order_create,shopAddress,45
0045,LKUS_physical_order_create,phoneCountry,35
0045,LKUS_physical_order_create,reviewRepeat,32
0045,LKUS_physical_order_create,shopCityName,45
0045,LKUS_physical_order_create,shopLatitude,45
0045,LKUS_physical_order_create,couponSources,28
0045,LKUS_physical_order_create,isTaxRequired,45
0045,LKUS_physical_order_create,orderSkuCodes,42
0045,LKUS_physical_order_create,orderSpuCodes,42
0045,LKUS_physical_order_create,productAmount,45
0045,LKUS_physical_order_create,realIpCountry,45
0045,LKUS_physical_order_create,shopLongitude,45
0045,LKUS_physical_order_create,realIpProvince,45
0045,LKUS_physical_order_create,recaptchaV3Token,32
0045,LKUS_physical_order_create,couponProposalNos,28
0045,LKUS_physical_order_create,couponTemplateIds,28
0045,LKUS_physical_order_create,recaptchaV3Action,32
0045,LKUS_physical_order_create,couponDenomination,28
0045,LKUS_physical_order_create,recaptchaV3Enabled,32
0045,LKUS_physical_order_create,couponDiscountTypes,28
0045,LKUS_physical_order_create,couponDiscountSubTypes,28
0045,LKUS_grant_new_user_coupon,app,8
0045,LKUS_grant_new_user_coupon,cid,9
0045,LKUS_grant_new_user_coupon,uid,9
0045,LKUS_grant_new_user_coupon,type,9
0045,LKUS_grant_new_user_coupon,extend,9
0045,LKUS_grant_new_user_coupon,origin,9
0045,LKUS_grant_new_user_coupon,realIp,9
0045,LKUS_grant_new_user_coupon,tenant,9
0045,LKUS_grant_new_user_coupon,userNo,9
0045,LKUS_grant_new_user_coupon,phoneNo,9
0045,LKUS_grant_new_user_coupon,readmes,9
0045,LKUS_grant_new_user_coupon,sceneId,9
0045,LKUS_grant_new_user_coupon,version,9
0045,LKUS_grant_new_user_coupon,discounts,9
0045,LKUS_grant_new_user_coupon,userAgent,9
0045,LKUS_grant_new_user_coupon,realIpCity,9
0045,LKUS_grant_new_user_coupon,countryCode,9
0045,LKUS_grant_new_user_coupon,couponNames,9
0045,LKUS_grant_new_user_coupon,couponTypes,9
0045,LKUS_grant_new_user_coupon,fullPhoneNo,9
0045,LKUS_grant_new_user_coupon,isBindPhone,9
0045,LKUS_grant_new_user_coupon,maskPhoneNo,9
0045,LKUS_grant_new_user_coupon,templateIds,9
0045,LKUS_grant_new_user_coupon,templateNos,9
0045,LKUS_grant_new_user_coupon,phoneCountry,9
0045,LKUS_grant_new_user_coupon,registerTime,9
0045,LKUS_grant_new_user_coupon,reviewRepeat,9
0045,LKUS_grant_new_user_coupon,realIpCountry,9
0045,LKUS_grant_new_user_coupon,discountLabels,9
0045,LKUS_grant_new_user_coupon,invitationCode,9
0045,LKUS_grant_new_user_coupon,realIpProvince,9
0045,LKUS_grant_new_user_coupon,recaptchaV3Token,9
0045,LKUS_grant_new_user_coupon,phoneNoEncryption,9
0045,LKUS_grant_new_user_coupon,recaptchaV3Action,9
0045,LKUS_grant_new_user_coupon,recaptchaV3Enabled,9
0045,LKUS_grant_new_user_coupon,couponDenominations,9
0045,LKUS_grant_new_user_coupon,couponDiscountTypes,9
0045,LKUS_grant_new_user_coupon,couponDiscountSubTypes,9
0045,LKUS_grant_new_user_coupon,couponDiscountTypeNames,9
0045,LKUS_login,app,13
0045,LKUS_login,cid,15
0045,LKUS_login,uid,15
0045,LKUS_login,realIp,15
0045,LKUS_login,tenant,15
0045,LKUS_login,userNo,15
0045,LKUS_login,phoneNo,15
0045,LKUS_login,version,15
0045,LKUS_login,userAgent,15
0045,LKUS_login,realIpCity,15
0045,LKUS_login,countryCode,15
0045,LKUS_login,fullPhoneNo,15
0045,LKUS_login,phoneCountry,15
0045,LKUS_login,reviewRepeat,14
0045,LKUS_login,realIpCountry,15
0045,LKUS_login,realIpProvince,15
0045,LKUS_login,recaptchaV3Token,14
0045,LKUS_login,recaptchaV3Action,14
0045,LKUS_login,recaptchaV3Enabled,14
0045,LKUS_payment,app,35
0045,LKUS_payment,cid,45
0045,LKUS_payment,uid,45
0045,LKUS_payment,realIp,45
0045,LKUS_payment,shopId,45
0045,LKUS_payment,tenant,45
0045,LKUS_payment,userNo,45
0045,LKUS_payment,isGuest,45
0045,LKUS_payment,orderNo,45
0045,LKUS_payment,payType,45
0045,LKUS_payment,phoneNo,35
0045,LKUS_payment,version,45
0045,LKUS_payment,payMoney,45
0045,LKUS_payment,orderType,45
0045,LKUS_payment,taxAmount,45
0045,LKUS_payment,userAgent,45
0045,LKUS_payment,orderPrice,45
0045,LKUS_payment,realIpCity,45
0045,LKUS_payment,countryCode,35
0045,LKUS_payment,fullPhoneNo,35
0045,LKUS_payment,phoneCountry,35
0045,LKUS_payment,reviewRepeat,32
0045,LKUS_payment,isTaxRequired,45
0045,LKUS_payment,realIpCountry,45
0045,LKUS_payment,realIpProvince,45
0045,LKUS_payment,recaptchaV3Token,32
0045,LKUS_payment,recaptchaV3Action,32
0045,LKUS_payment,recaptchaV3Enabled,32
0045,LKUS_physical_order_create,packageOrderSkuCodes,3
0045,LKUS_physical_order_create,packageOrderSpuCodes,3
0045,LKUS_physical_order_create,shumeiDevId,10
0045,LKUS_physical_order_create,shumengDevId,10
0045,LKUS_physical_order_create,tongdunBlackBox,10
0045,LKUS_grant_new_user_coupon,inviterCode,1
0045,LKUS_grant_new_user_coupon,inviterType,1
0045,LKUS_grant_new_user_coupon,inviterPhone,1
0045,LKUS_grant_new_user_coupon,inviterUserNo,1
0045,LKUS_grant_new_user_coupon,marketingCode,1
0045,LKUS_grant_new_user_coupon,invitationActivityNo,1
0045,LKUS_register,app,3
0045,LKUS_register,cid,4
0045,LKUS_register,uid,4
0045,LKUS_register,realIp,4
0045,LKUS_register,tenant,4
0045,LKUS_register,phoneNo,4
0045,LKUS_register,version,4
0045,LKUS_register,userAgent,4
0045,LKUS_register,realIpCity,4
0045,LKUS_register,countryCode,4
0045,LKUS_register,fullPhoneNo,4
0045,LKUS_register,phoneCountry,4
0045,LKUS_register,reviewRepeat,3
0045,LKUS_register,realIpCountry,4
0045,LKUS_register,realIpProvince,4
0045,LKUS_register,recaptchaV3Token,3
0045,LKUS_register,recaptchaV3Action,3
0045,LKUS_register,recaptchaV3Enabled,3
0045,LKUS_push,userNo,1
0046,LKUS_push,app,29
0046,LKUS_push,cid,31
0046,LKUS_push,uid,31
0046,LKUS_push,realIp,31
0046,LKUS_push,tenant,31
0046,LKUS_push,phoneNo,31
0046,LKUS_push,version,31
0046,LKUS_push,userAgent,31
0046,LKUS_push,realIpCity,31
0046,LKUS_push,countryCode,31
0046,LKUS_push,fullPhoneNo,31
0046,LKUS_push,phoneCountry,31
0046,LKUS_push,reviewRepeat,31
0046,LKUS_push,realIpCountry,31
0046,LKUS_push,realIpProvince,31
0046,LKUS_push,recaptchaV3Token,31
0046,LKUS_push,recaptchaV3Action,31
0046,LKUS_push,recaptchaV3Enabled,31
0046,LKUS_physical_order_create,cid,42
0046,LKUS_physical_order_create,uid,42
0046,LKUS_physical_order_create,realIp,42
0046,LKUS_physical_order_create,shopId,42
0046,LKUS_physical_order_create,tenant,42
0046,LKUS_physical_order_create,userNo,42
0046,LKUS_physical_order_create,isGuest,42
0046,LKUS_physical_order_create,version,42
0046,LKUS_physical_order_create,orderType,42
0046,LKUS_physical_order_create,taxAmount,42
0046,LKUS_physical_order_create,userAgent,42
0046,LKUS_physical_order_create,orderPrice,42
0046,LKUS_physical_order_create,realIpCity,42
0046,LKUS_physical_order_create,countryCode,42
0046,LKUS_physical_order_create,shopAddress,42
0046,LKUS_physical_order_create,shumeiDevId,12
0046,LKUS_physical_order_create,shopCityName,42
0046,LKUS_physical_order_create,shopLatitude,42
0046,LKUS_physical_order_create,shumengDevId,12
0046,LKUS_physical_order_create,isTaxRequired,42
0046,LKUS_physical_order_create,orderSkuCodes,40
0046,LKUS_physical_order_create,orderSpuCodes,40
0046,LKUS_physical_order_create,productAmount,42
0046,LKUS_physical_order_create,realIpCountry,42
0046,LKUS_physical_order_create,shopLongitude,42
0046,LKUS_physical_order_create,realIpProvince,42
0046,LKUS_physical_order_create,tongdunBlackBox,12
0046,LKUS_payment,cid,42
0046,LKUS_payment,uid,42
0046,LKUS_payment,realIp,42
0046,LKUS_payment,shopId,42
0046,LKUS_payment,tenant,42
0046,LKUS_payment,userNo,42
0046,LKUS_payment,isGuest,42
0046,LKUS_payment,orderNo,42
0046,LKUS_payment,payType,42
0046,LKUS_payment,version,42
0046,LKUS_payment,payMoney,42
0046,LKUS_payment,orderType,42
0046,LKUS_payment,taxAmount,42
0046,LKUS_payment,userAgent,42
0046,LKUS_payment,orderPrice,42
0046,LKUS_payment,realIpCity,42
0046,LKUS_payment,isTaxRequired,42
0046,LKUS_payment,realIpCountry,42
0046,LKUS_payment,realIpProvince,42
0046,LKUS_physical_order_create,app,27
0046,LKUS_physical_order_create,phoneNo,30
0046,LKUS_physical_order_create,latitude,30
0046,LKUS_physical_order_create,couponNos,26
0046,LKUS_physical_order_create,longitude,30
0046,LKUS_physical_order_create,couponNames,26
0046,LKUS_physical_order_create,couponTypes,26
0046,LKUS_physical_order_create,fullPhoneNo,30
0046,LKUS_physical_order_create,phoneCountry,30
0046,LKUS_physical_order_create,reviewRepeat,26
0046,LKUS_physical_order_create,couponSources,26
0046,LKUS_physical_order_create,recaptchaV3Token,26
0046,LKUS_physical_order_create,couponProposalNos,26
0046,LKUS_physical_order_create,couponTemplateIds,26
0046,LKUS_physical_order_create,recaptchaV3Action,26
0046,LKUS_physical_order_create,couponDenomination,26
0046,LKUS_physical_order_create,recaptchaV3Enabled,26
0046,LKUS_physical_order_create,couponDiscountTypes,26
0046,LKUS_physical_order_create,couponDiscountSubTypes,26
0046,LKUS_payment,app,27
0046,LKUS_payment,phoneNo,30
0046,LKUS_payment,countryCode,30
0046,LKUS_payment,fullPhoneNo,30
0046,LKUS_payment,phoneCountry,30
0046,LKUS_payment,reviewRepeat,26
0046,LKUS_payment,recaptchaV3Token,26
0046,LKUS_payment,recaptchaV3Action,26
0046,LKUS_payment,recaptchaV3Enabled,26
0046,LKUS_register,app,2
0046,LKUS_register,cid,4
0046,LKUS_register,uid,4
0046,LKUS_register,realIp,4
0046,LKUS_register,tenant,4
0046,LKUS_register,phoneNo,4
0046,LKUS_register,version,4
0046,LKUS_register,userAgent,4
0046,LKUS_register,realIpCity,4
0046,LKUS_register,countryCode,4
0046,LKUS_register,fullPhoneNo,4
0046,LKUS_register,phoneCountry,4
0046,LKUS_register,reviewRepeat,4
0046,LKUS_register,realIpCountry,4
0046,LKUS_register,realIpProvince,4
0046,LKUS_register,recaptchaV3Token,4
0046,LKUS_register,recaptchaV3Action,4
0046,LKUS_register,recaptchaV3Enabled,4
0046,LKUS_physical_order_create,packageOrderSkuCodes,2
0046,LKUS_physical_order_create,packageOrderSpuCodes,2
0046,LKUS_payment,packagingBagPrice,3
0046,LKUS_payment,packagingBagNumber,3
0046,LKUS_login,app,10
0046,LKUS_login,cid,13
0046,LKUS_login,uid,13
0046,LKUS_login,realIp,13
0046,LKUS_login,tenant,13
0046,LKUS_login,userNo,13
0046,LKUS_login,phoneNo,13
0046,LKUS_login,version,13
0046,LKUS_login,userAgent,13
0046,LKUS_login,realIpCity,13
0046,LKUS_login,countryCode,13
0046,LKUS_login,fullPhoneNo,13
0046,LKUS_login,phoneCountry,13
0046,LKUS_login,reviewRepeat,13
0046,LKUS_login,realIpCountry,13
0046,LKUS_login,realIpProvince,13
0046,LKUS_login,recaptchaV3Token,13
0046,LKUS_login,recaptchaV3Action,13
0046,LKUS_login,recaptchaV3Enabled,13
0046,LKUS_grant_new_user_coupon,app,5
0046,LKUS_grant_new_user_coupon,cid,7
0046,LKUS_grant_new_user_coupon,uid,7
0046,LKUS_grant_new_user_coupon,type,7
0046,LKUS_grant_new_user_coupon,extend,7
0046,LKUS_grant_new_user_coupon,origin,7
0046,LKUS_grant_new_user_coupon,realIp,7
0046,LKUS_grant_new_user_coupon,tenant,7
0046,LKUS_grant_new_user_coupon,userNo,7
0046,LKUS_grant_new_user_coupon,phoneNo,7
0046,LKUS_grant_new_user_coupon,readmes,7
0046,LKUS_grant_new_user_coupon,sceneId,7
0046,LKUS_grant_new_user_coupon,version,7
0046,LKUS_grant_new_user_coupon,discounts,7
0046,LKUS_grant_new_user_coupon,userAgent,7
0046,LKUS_grant_new_user_coupon,realIpCity,7
0046,LKUS_grant_new_user_coupon,countryCode,7
0046,LKUS_grant_new_user_coupon,couponNames,7
0046,LKUS_grant_new_user_coupon,couponTypes,7
0046,LKUS_grant_new_user_coupon,fullPhoneNo,7
0046,LKUS_grant_new_user_coupon,isBindPhone,7
0046,LKUS_grant_new_user_coupon,maskPhoneNo,7
0046,LKUS_grant_new_user_coupon,templateIds,7
0046,LKUS_grant_new_user_coupon,templateNos,7
0046,LKUS_grant_new_user_coupon,phoneCountry,7
0046,LKUS_grant_new_user_coupon,registerTime,7
0046,LKUS_grant_new_user_coupon,reviewRepeat,7
0046,LKUS_grant_new_user_coupon,realIpCountry,7
0046,LKUS_grant_new_user_coupon,discountLabels,7
0046,LKUS_grant_new_user_coupon,invitationCode,7
0046,LKUS_grant_new_user_coupon,realIpProvince,7
0046,LKUS_grant_new_user_coupon,recaptchaV3Token,7
0046,LKUS_grant_new_user_coupon,phoneNoEncryption,7
0046,LKUS_grant_new_user_coupon,recaptchaV3Action,7
0046,LKUS_grant_new_user_coupon,recaptchaV3Enabled,7
0046,LKUS_grant_new_user_coupon,couponDenominations,7
0046,LKUS_grant_new_user_coupon,couponDiscountTypes,7
0046,LKUS_grant_new_user_coupon,couponDiscountSubTypes,7
0046,LKUS_grant_new_user_coupon,couponDiscountTypeNames,7
0046,LKUS_grant_new_user_coupon,inviterCode,1
0046,LKUS_grant_new_user_coupon,inviterType,1
0046,LKUS_grant_new_user_coupon,inviterPhone,1
0046,LKUS_grant_new_user_coupon,inviterUserNo,1
0046,LKUS_grant_new_user_coupon,marketingCode,1
0046,LKUS_grant_new_user_coupon,invitationActivityNo,1
0047,LKUS_push,app,50
0047,LKUS_push,cid,55
0047,LKUS_push,uid,55
0047,LKUS_push,realIp,55
0047,LKUS_push,tenant,55
0047,LKUS_push,phoneNo,55
0047,LKUS_push,version,55
0047,LKUS_push,userAgent,55
0047,LKUS_push,realIpCity,55
0047,LKUS_push,countryCode,55
0047,LKUS_push,fullPhoneNo,55
0047,LKUS_push,phoneCountry,55
0047,LKUS_push,reviewRepeat,52
0047,LKUS_push,realIpCountry,55
0047,LKUS_push,realIpProvince,55
0047,LKUS_push,recaptchaV3Token,52
0047,LKUS_push,recaptchaV3Action,52
0047,LKUS_push,recaptchaV3Enabled,52
0047,LKUS_login,app,12
0047,LKUS_login,cid,17
0047,LKUS_login,uid,17
0047,LKUS_login,realIp,17
0047,LKUS_login,tenant,17
0047,LKUS_login,userNo,17
0047,LKUS_login,phoneNo,17
0047,LKUS_login,version,17
0047,LKUS_login,userAgent,17
0047,LKUS_login,realIpCity,17
0047,LKUS_login,countryCode,17
0047,LKUS_login,fullPhoneNo,17
0047,LKUS_login,phoneCountry,17
0047,LKUS_login,reviewRepeat,13
0047,LKUS_login,realIpCountry,17
0047,LKUS_login,realIpProvince,17
0047,LKUS_login,recaptchaV3Token,13
0047,LKUS_login,recaptchaV3Action,13
0047,LKUS_login,recaptchaV3Enabled,13
0047,LKUS_grant_new_user_coupon,app,6
0047,LKUS_grant_new_user_coupon,cid,8
0047,LKUS_grant_new_user_coupon,uid,8
0047,LKUS_grant_new_user_coupon,type,8
0047,LKUS_grant_new_user_coupon,extend,8
0047,LKUS_grant_new_user_coupon,origin,8
0047,LKUS_grant_new_user_coupon,realIp,8
0047,LKUS_grant_new_user_coupon,tenant,8
0047,LKUS_grant_new_user_coupon,userNo,8
0047,LKUS_grant_new_user_coupon,phoneNo,8
0047,LKUS_grant_new_user_coupon,readmes,8
0047,LKUS_grant_new_user_coupon,sceneId,8
0047,LKUS_grant_new_user_coupon,version,8
0047,LKUS_grant_new_user_coupon,discounts,8
0047,LKUS_grant_new_user_coupon,userAgent,8
0047,LKUS_grant_new_user_coupon,realIpCity,8
0047,LKUS_grant_new_user_coupon,countryCode,8
0047,LKUS_grant_new_user_coupon,couponNames,8
0047,LKUS_grant_new_user_coupon,couponTypes,8
0047,LKUS_grant_new_user_coupon,fullPhoneNo,8
0047,LKUS_grant_new_user_coupon,isBindPhone,8
0047,LKUS_grant_new_user_coupon,maskPhoneNo,8
0047,LKUS_grant_new_user_coupon,templateIds,8
0047,LKUS_grant_new_user_coupon,templateNos,8
0047,LKUS_grant_new_user_coupon,phoneCountry,8
0047,LKUS_grant_new_user_coupon,registerTime,8
0047,LKUS_grant_new_user_coupon,realIpCountry,8
0047,LKUS_grant_new_user_coupon,discountLabels,8
0047,LKUS_grant_new_user_coupon,invitationCode,8
0047,LKUS_grant_new_user_coupon,realIpProvince,8
0047,LKUS_grant_new_user_coupon,phoneNoEncryption,8
0047,LKUS_grant_new_user_coupon,couponDenominations,8
0047,LKUS_grant_new_user_coupon,couponDiscountTypes,8
0047,LKUS_grant_new_user_coupon,couponDiscountSubTypes,8
0047,LKUS_grant_new_user_coupon,couponDiscountTypeNames,8
0047,LKUS_physical_order_create,app,36
0047,LKUS_physical_order_create,cid,44
0047,LKUS_physical_order_create,uid,44
0047,LKUS_physical_order_create,realIp,44
0047,LKUS_physical_order_create,shopId,44
0047,LKUS_physical_order_create,tenant,44
0047,LKUS_physical_order_create,userNo,44
0047,LKUS_physical_order_create,isGuest,44
0047,LKUS_physical_order_create,phoneNo,37
0047,LKUS_physical_order_create,version,44
0047,LKUS_physical_order_create,latitude,36
0047,LKUS_physical_order_create,couponNos,35
0047,LKUS_physical_order_create,longitude,36
0047,LKUS_physical_order_create,orderType,44
0047,LKUS_physical_order_create,taxAmount,44
0047,LKUS_physical_order_create,userAgent,44
0047,LKUS_physical_order_create,orderPrice,44
0047,LKUS_physical_order_create,realIpCity,44
0047,LKUS_physical_order_create,countryCode,44
0047,LKUS_physical_order_create,couponNames,35
0047,LKUS_physical_order_create,couponTypes,35
0047,LKUS_physical_order_create,fullPhoneNo,37
0047,LKUS_physical_order_create,shopAddress,44
0047,LKUS_physical_order_create,phoneCountry,37
0047,LKUS_physical_order_create,reviewRepeat,34
0047,LKUS_physical_order_create,shopCityName,44
0047,LKUS_physical_order_create,shopLatitude,44
0047,LKUS_physical_order_create,couponSources,35
0047,LKUS_physical_order_create,isTaxRequired,44
0047,LKUS_physical_order_create,orderSkuCodes,44
0047,LKUS_physical_order_create,orderSpuCodes,44
0047,LKUS_physical_order_create,productAmount,44
0047,LKUS_physical_order_create,realIpCountry,44
0047,LKUS_physical_order_create,shopLongitude,44
0047,LKUS_physical_order_create,realIpProvince,44
0047,LKUS_physical_order_create,recaptchaV3Token,34
0047,LKUS_physical_order_create,couponProposalNos,35
0047,LKUS_physical_order_create,couponTemplateIds,35
0047,LKUS_physical_order_create,recaptchaV3Action,34
0047,LKUS_physical_order_create,couponDenomination,35
0047,LKUS_physical_order_create,recaptchaV3Enabled,34
0047,LKUS_physical_order_create,couponDiscountTypes,35
0047,LKUS_physical_order_create,couponDiscountSubTypes,35
0047,LKUS_payment,app,35
0047,LKUS_payment,cid,45
0047,LKUS_payment,uid,45
0047,LKUS_payment,realIp,45
0047,LKUS_payment,shopId,45
0047,LKUS_payment,tenant,45
0047,LKUS_payment,userNo,45
0047,LKUS_payment,isGuest,45
0047,LKUS_payment,orderNo,45
0047,LKUS_payment,payType,45
0047,LKUS_payment,phoneNo,36
0047,LKUS_payment,version,45
0047,LKUS_payment,payMoney,45
0047,LKUS_payment,orderType,45
0047,LKUS_payment,taxAmount,45
0047,LKUS_payment,userAgent,45
0047,LKUS_payment,orderPrice,45
0047,LKUS_payment,realIpCity,45
0047,LKUS_payment,countryCode,36
0047,LKUS_payment,fullPhoneNo,36
0047,LKUS_payment,phoneCountry,36
0047,LKUS_payment,reviewRepeat,33
0047,LKUS_payment,isTaxRequired,45
0047,LKUS_payment,realIpCountry,45
0047,LKUS_payment,realIpProvince,45
0047,LKUS_payment,recaptchaV3Token,33
0047,LKUS_payment,recaptchaV3Action,33
0047,LKUS_payment,recaptchaV3Enabled,33
0047,LKUS_physical_order_create,shumeiDevId,8
0047,LKUS_physical_order_create,shumengDevId,8
0047,LKUS_physical_order_create,tongdunBlackBox,8
0047,LKUS_push,userNo,2
0047,LKUS_grant_new_user_coupon,inviterCode,2
0047,LKUS_grant_new_user_coupon,inviterType,2
0047,LKUS_grant_new_user_coupon,inviterPhone,2
0047,LKUS_grant_new_user_coupon,reviewRepeat,7
0047,LKUS_grant_new_user_coupon,inviterUserNo,2
0047,LKUS_grant_new_user_coupon,marketingCode,2
0047,LKUS_grant_new_user_coupon,recaptchaV3Token,7
0047,LKUS_grant_new_user_coupon,recaptchaV3Action,7
0047,LKUS_grant_new_user_coupon,recaptchaV3Enabled,7
0047,LKUS_grant_new_user_coupon,invitationActivityNo,2
0047,LKUS_payment,packagingBagPrice,1
0047,LKUS_payment,packagingBagNumber,1
0047,LKUS_register,app,4
0047,LKUS_register,cid,7
0047,LKUS_register,uid,7
0047,LKUS_register,realIp,7
0047,LKUS_register,tenant,7
0047,LKUS_register,phoneNo,7
0047,LKUS_register,version,7
0047,LKUS_register,userAgent,7
0047,LKUS_register,realIpCity,7
0047,LKUS_register,countryCode,7
0047,LKUS_register,fullPhoneNo,7
0047,LKUS_register,phoneCountry,7
0047,LKUS_register,reviewRepeat,6
0047,LKUS_register,realIpCountry,7
0047,LKUS_register,realIpProvince,7
0047,LKUS_register,recaptchaV3Token,6
0047,LKUS_register,recaptchaV3Action,6
0047,LKUS_register,recaptchaV3Enabled,6
0048,LKUS_push,app,31
0048,LKUS_push,cid,35
0048,LKUS_push,uid,35
0048,LKUS_push,realIp,35
0048,LKUS_push,tenant,35
0048,LKUS_push,phoneNo,35
0048,LKUS_push,version,35
0048,LKUS_push,userAgent,35
0048,LKUS_push,realIpCity,35
0048,LKUS_push,countryCode,35
0048,LKUS_push,fullPhoneNo,35
0048,LKUS_push,phoneCountry,35
0048,LKUS_push,reviewRepeat,34
0048,LKUS_push,realIpCountry,35
0048,LKUS_push,realIpProvince,35
0048,LKUS_push,recaptchaV3Token,34
0048,LKUS_push,recaptchaV3Action,34
0048,LKUS_push,recaptchaV3Enabled,34
0048,LKUS_physical_order_create,app,39
0048,LKUS_physical_order_create,cid,50
0048,LKUS_physical_order_create,uid,50
0048,LKUS_physical_order_create,realIp,50
0048,LKUS_physical_order_create,shopId,50
0048,LKUS_physical_order_create,tenant,50
0048,LKUS_physical_order_create,userNo,50
0048,LKUS_physical_order_create,isGuest,50
0048,LKUS_physical_order_create,phoneNo,40
0048,LKUS_physical_order_create,version,50
0048,LKUS_physical_order_create,latitude,40
0048,LKUS_physical_order_create,couponNos,33
0048,LKUS_physical_order_create,longitude,40
0048,LKUS_physical_order_create,orderType,50
0048,LKUS_physical_order_create,taxAmount,50
0048,LKUS_physical_order_create,userAgent,50
0048,LKUS_physical_order_create,orderPrice,50
0048,LKUS_physical_order_create,realIpCity,50
0048,LKUS_physical_order_create,countryCode,50
0048,LKUS_physical_order_create,couponNames,33
0048,LKUS_physical_order_create,couponTypes,33
0048,LKUS_physical_order_create,fullPhoneNo,40
0048,LKUS_physical_order_create,shopAddress,50
0048,LKUS_physical_order_create,phoneCountry,40
0048,LKUS_physical_order_create,shopCityName,50
0048,LKUS_physical_order_create,shopLatitude,50
0048,LKUS_physical_order_create,couponSources,33
0048,LKUS_physical_order_create,isTaxRequired,50
0048,LKUS_physical_order_create,orderSkuCodes,46
0048,LKUS_physical_order_create,orderSpuCodes,46
0048,LKUS_physical_order_create,productAmount,50
0048,LKUS_physical_order_create,realIpCountry,50
0048,LKUS_physical_order_create,shopLongitude,50
0048,LKUS_physical_order_create,realIpProvince,50
0048,LKUS_physical_order_create,couponProposalNos,33
0048,LKUS_physical_order_create,couponTemplateIds,33
0048,LKUS_physical_order_create,couponDenomination,33
0048,LKUS_physical_order_create,couponDiscountTypes,33
0048,LKUS_physical_order_create,couponDiscountSubTypes,33
0048,LKUS_payment,app,39
0048,LKUS_payment,cid,51
0048,LKUS_payment,uid,51
0048,LKUS_payment,realIp,51
0048,LKUS_payment,shopId,51
0048,LKUS_payment,tenant,51
0048,LKUS_payment,userNo,51
0048,LKUS_payment,isGuest,51
0048,LKUS_payment,orderNo,51
0048,LKUS_payment,payType,51
0048,LKUS_payment,phoneNo,40
0048,LKUS_payment,version,51
0048,LKUS_payment,payMoney,51
0048,LKUS_payment,orderType,51
0048,LKUS_payment,taxAmount,51
0048,LKUS_payment,userAgent,51
0048,LKUS_payment,orderPrice,51
0048,LKUS_payment,realIpCity,51
0048,LKUS_payment,countryCode,40
0048,LKUS_payment,fullPhoneNo,40
0048,LKUS_payment,phoneCountry,40
0048,LKUS_payment,isTaxRequired,51
0048,LKUS_payment,realIpCountry,51
0048,LKUS_payment,realIpProvince,51
0048,LKUS_physical_order_create,shumeiDevId,10
0048,LKUS_physical_order_create,shumengDevId,10
0048,LKUS_physical_order_create,tongdunBlackBox,10
0048,LKUS_physical_order_create,reviewRepeat,38
0048,LKUS_physical_order_create,recaptchaV3Token,38
0048,LKUS_physical_order_create,recaptchaV3Action,38
0048,LKUS_physical_order_create,recaptchaV3Enabled,38
0048,LKUS_payment,reviewRepeat,38
0048,LKUS_payment,recaptchaV3Token,38
0048,LKUS_payment,recaptchaV3Action,38
0048,LKUS_payment,recaptchaV3Enabled,38
0048,LKUS_physical_order_cancel,app,1
0048,LKUS_physical_order_cancel,cid,1
0048,LKUS_physical_order_cancel,uid,1
0048,LKUS_physical_order_cancel,realIp,1
0048,LKUS_physical_order_cancel,shopId,1
0048,LKUS_physical_order_cancel,tenant,1
0048,LKUS_physical_order_cancel,userNo,1
0048,LKUS_physical_order_cancel,isGuest,1
0048,LKUS_physical_order_cancel,orderNo,1
0048,LKUS_physical_order_cancel,phoneNo,1
0048,LKUS_physical_order_cancel,version,1
0048,LKUS_physical_order_cancel,shopCity,1
0048,LKUS_physical_order_cancel,userAgent,1
0048,LKUS_physical_order_cancel,realIpCity,1
0048,LKUS_physical_order_cancel,countryCode,1
0048,LKUS_physical_order_cancel,fullPhoneNo,1
0048,LKUS_physical_order_cancel,totalOfMade,1
0048,LKUS_physical_order_cancel,phoneCountry,1
0048,LKUS_physical_order_cancel,reviewRepeat,1
0048,LKUS_physical_order_cancel,realIpCountry,1
0048,LKUS_physical_order_cancel,realIpProvince,1
0048,LKUS_physical_order_cancel,recaptchaV3Token,1
0048,LKUS_physical_order_cancel,recaptchaV3Action,1
0048,LKUS_physical_order_cancel,recaptchaV3Enabled,1
0048,LKUS_physical_order_cancel,cancelTypeEnumIndex,1
0048,LKUS_payment,packagingBagPrice,2
0048,LKUS_payment,packagingBagNumber,2
0048,LKUS_physical_order_create,packageOrderSkuCodes,5
0048,LKUS_physical_order_create,packageOrderSpuCodes,5
0048,LKUS_register,app,6
0048,LKUS_register,cid,7
0048,LKUS_register,uid,7
0048,LKUS_register,realIp,7
0048,LKUS_register,tenant,7
0048,LKUS_register,phoneNo,7
0048,LKUS_register,version,7
0048,LKUS_register,userAgent,7
0048,LKUS_register,realIpCity,7
0048,LKUS_register,countryCode,7
0048,LKUS_register,fullPhoneNo,7
0048,LKUS_register,phoneCountry,7
0048,LKUS_register,reviewRepeat,7
0048,LKUS_register,realIpCountry,7
0048,LKUS_register,realIpProvince,7
0048,LKUS_register,recaptchaV3Token,7
0048,LKUS_register,recaptchaV3Action,7
0048,LKUS_register,recaptchaV3Enabled,7
0048,LKUS_login,app,5
0048,LKUS_login,cid,6
0048,LKUS_login,uid,6
0048,LKUS_login,realIp,6
0048,LKUS_login,tenant,6
0048,LKUS_login,userNo,6
0048,LKUS_login,phoneNo,6
0048,LKUS_login,version,6
0048,LKUS_login,userAgent,6
0048,LKUS_login,realIpCity,6
0048,LKUS_login,countryCode,6
0048,LKUS_login,fullPhoneNo,6
0048,LKUS_login,phoneCountry,6
0048,LKUS_login,reviewRepeat,6
0048,LKUS_login,realIpCountry,6
0048,LKUS_login,realIpProvince,6
0048,LKUS_login,recaptchaV3Token,6
0048,LKUS_login,recaptchaV3Action,6
0048,LKUS_login,recaptchaV3Enabled,6
0048,LKUS_grant_new_user_coupon,app,4
0048,LKUS_grant_new_user_coupon,cid,5
0048,LKUS_grant_new_user_coupon,uid,5
0048,LKUS_grant_new_user_coupon,type,5
0048,LKUS_grant_new_user_coupon,extend,5
0048,LKUS_grant_new_user_coupon,origin,5
0048,LKUS_grant_new_user_coupon,realIp,5
0048,LKUS_grant_new_user_coupon,tenant,5
0048,LKUS_grant_new_user_coupon,userNo,5
0048,LKUS_grant_new_user_coupon,phoneNo,5
0048,LKUS_grant_new_user_coupon,readmes,5
0048,LKUS_grant_new_user_coupon,sceneId,5
0048,LKUS_grant_new_user_coupon,version,5
0048,LKUS_grant_new_user_coupon,discounts,5
0048,LKUS_grant_new_user_coupon,userAgent,5
0048,LKUS_grant_new_user_coupon,realIpCity,5
0048,LKUS_grant_new_user_coupon,countryCode,5
0048,LKUS_grant_new_user_coupon,couponNames,5
0048,LKUS_grant_new_user_coupon,couponTypes,5
0048,LKUS_grant_new_user_coupon,fullPhoneNo,5
0048,LKUS_grant_new_user_coupon,isBindPhone,5
0048,LKUS_grant_new_user_coupon,maskPhoneNo,5
0048,LKUS_grant_new_user_coupon,templateIds,5
0048,LKUS_grant_new_user_coupon,templateNos,5
0048,LKUS_grant_new_user_coupon,phoneCountry,5
0048,LKUS_grant_new_user_coupon,registerTime,5
0048,LKUS_grant_new_user_coupon,reviewRepeat,5
0048,LKUS_grant_new_user_coupon,realIpCountry,5
0048,LKUS_grant_new_user_coupon,discountLabels,5
0048,LKUS_grant_new_user_coupon,invitationCode,5
0048,LKUS_grant_new_user_coupon,realIpProvince,5
0048,LKUS_grant_new_user_coupon,recaptchaV3Token,5
0048,LKUS_grant_new_user_coupon,phoneNoEncryption,5
0048,LKUS_grant_new_user_coupon,recaptchaV3Action,5
0048,LKUS_grant_new_user_coupon,recaptchaV3Enabled,5
0048,LKUS_grant_new_user_coupon,couponDenominations,5
0048,LKUS_grant_new_user_coupon,couponDiscountTypes,5
0048,LKUS_grant_new_user_coupon,couponDiscountSubTypes,5
0048,LKUS_grant_new_user_coupon,couponDiscountTypeNames,5
0048,LKUS_grant_new_user_coupon,inviterCode,1
0048,LKUS_grant_new_user_coupon,inviterType,1
0048,LKUS_grant_new_user_coupon,inviterPhone,1
0048,LKUS_grant_new_user_coupon,inviterUserNo,1
0048,LKUS_grant_new_user_coupon,marketingCode,1
0048,LKUS_grant_new_user_coupon,invitationActivityNo,1
0048,LKUS_push,userNo,1
0049,LKUS_push,app,48
0049,LKUS_push,cid,50
0049,LKUS_push,uid,50
0049,LKUS_push,realIp,50
0049,LKUS_push,tenant,50
0049,LKUS_push,phoneNo,50
0049,LKUS_push,version,50
0049,LKUS_push,userAgent,50
0049,LKUS_push,realIpCity,50
0049,LKUS_push,countryCode,50
0049,LKUS_push,fullPhoneNo,50
0049,LKUS_push,phoneCountry,50
0049,LKUS_push,reviewRepeat,47
0049,LKUS_push,realIpCountry,50
0049,LKUS_push,realIpProvince,50
0049,LKUS_push,recaptchaV3Token,47
0049,LKUS_push,recaptchaV3Action,47
0049,LKUS_push,recaptchaV3Enabled,47
0049,LKUS_physical_order_create,cid,47
0049,LKUS_physical_order_create,uid,47
0049,LKUS_physical_order_create,realIp,47
0049,LKUS_physical_order_create,shopId,47
0049,LKUS_physical_order_create,tenant,47
0049,LKUS_physical_order_create,userNo,47
0049,LKUS_physical_order_create,isGuest,47
0049,LKUS_physical_order_create,version,47
0049,LKUS_physical_order_create,orderType,47
0049,LKUS_physical_order_create,taxAmount,47
0049,LKUS_physical_order_create,userAgent,47
0049,LKUS_physical_order_create,orderPrice,46
0049,LKUS_physical_order_create,realIpCity,47
0049,LKUS_physical_order_create,countryCode,47
0049,LKUS_physical_order_create,shopAddress,47
0049,LKUS_physical_order_create,shumeiDevId,10
0049,LKUS_physical_order_create,shopCityName,47
0049,LKUS_physical_order_create,shopLatitude,47
0049,LKUS_physical_order_create,shumengDevId,10
0049,LKUS_physical_order_create,isTaxRequired,47
0049,LKUS_physical_order_create,orderSkuCodes,45
0049,LKUS_physical_order_create,orderSpuCodes,45
0049,LKUS_physical_order_create,productAmount,47
0049,LKUS_physical_order_create,realIpCountry,47
0049,LKUS_physical_order_create,shopLongitude,47
0049,LKUS_physical_order_create,realIpProvince,47
0049,LKUS_physical_order_create,tongdunBlackBox,10
0049,LKUS_payment,cid,46
0049,LKUS_payment,uid,46
0049,LKUS_payment,realIp,46
0049,LKUS_payment,shopId,46
0049,LKUS_payment,tenant,46
0049,LKUS_payment,userNo,46
0049,LKUS_payment,isGuest,46
0049,LKUS_payment,orderNo,46
0049,LKUS_payment,payType,46
0049,LKUS_payment,version,46
0049,LKUS_payment,payMoney,46
0049,LKUS_payment,orderType,46
0049,LKUS_payment,taxAmount,46
0049,LKUS_payment,userAgent,46
0049,LKUS_payment,orderPrice,46
0049,LKUS_payment,realIpCity,46
0049,LKUS_payment,isTaxRequired,46
0049,LKUS_payment,realIpCountry,46
0049,LKUS_payment,realIpProvince,46
0049,LKUS_grant_new_user_coupon,cid,7
0049,LKUS_grant_new_user_coupon,uid,7
0049,LKUS_grant_new_user_coupon,type,7
0049,LKUS_grant_new_user_coupon,extend,7
0049,LKUS_grant_new_user_coupon,origin,7
0049,LKUS_grant_new_user_coupon,realIp,7
0049,LKUS_grant_new_user_coupon,tenant,7
0049,LKUS_grant_new_user_coupon,userNo,7
0049,LKUS_grant_new_user_coupon,phoneNo,7
0049,LKUS_grant_new_user_coupon,readmes,7
0049,LKUS_grant_new_user_coupon,sceneId,7
0049,LKUS_grant_new_user_coupon,version,7
0049,LKUS_grant_new_user_coupon,discounts,7
0049,LKUS_grant_new_user_coupon,userAgent,7
0049,LKUS_grant_new_user_coupon,realIpCity,7
0049,LKUS_grant_new_user_coupon,countryCode,7
0049,LKUS_grant_new_user_coupon,couponNames,7
0049,LKUS_grant_new_user_coupon,couponTypes,7
0049,LKUS_grant_new_user_coupon,fullPhoneNo,7
0049,LKUS_grant_new_user_coupon,inviterCode,1
0049,LKUS_grant_new_user_coupon,inviterType,1
0049,LKUS_grant_new_user_coupon,isBindPhone,7
0049,LKUS_grant_new_user_coupon,maskPhoneNo,7
0049,LKUS_grant_new_user_coupon,templateIds,7
0049,LKUS_grant_new_user_coupon,templateNos,7
0049,LKUS_grant_new_user_coupon,inviterPhone,1
0049,LKUS_grant_new_user_coupon,phoneCountry,7
0049,LKUS_grant_new_user_coupon,registerTime,7
0049,LKUS_grant_new_user_coupon,reviewRepeat,7
0049,LKUS_grant_new_user_coupon,inviterUserNo,1
0049,LKUS_grant_new_user_coupon,marketingCode,1
0049,LKUS_grant_new_user_coupon,realIpCountry,7
0049,LKUS_grant_new_user_coupon,discountLabels,7
0049,LKUS_grant_new_user_coupon,invitationCode,7
0049,LKUS_grant_new_user_coupon,realIpProvince,7
0049,LKUS_grant_new_user_coupon,recaptchaV3Token,7
0049,LKUS_grant_new_user_coupon,phoneNoEncryption,7
0049,LKUS_grant_new_user_coupon,recaptchaV3Action,7
0049,LKUS_grant_new_user_coupon,recaptchaV3Enabled,7
0049,LKUS_grant_new_user_coupon,couponDenominations,7
0049,LKUS_grant_new_user_coupon,couponDiscountTypes,7
0049,LKUS_grant_new_user_coupon,invitationActivityNo,1
0049,LKUS_grant_new_user_coupon,couponDiscountSubTypes,7
0049,LKUS_grant_new_user_coupon,couponDiscountTypeNames,7
0049,LKUS_login,cid,10
0049,LKUS_login,uid,10
0049,LKUS_login,realIp,10
0049,LKUS_login,tenant,10
0049,LKUS_login,userNo,10
0049,LKUS_login,phoneNo,10
0049,LKUS_login,version,10
0049,LKUS_login,userAgent,10
0049,LKUS_login,realIpCity,10
0049,LKUS_login,countryCode,10
0049,LKUS_login,fullPhoneNo,10
0049,LKUS_login,phoneCountry,10
0049,LKUS_login,reviewRepeat,9
0049,LKUS_login,realIpCountry,10
0049,LKUS_login,realIpProvince,10
0049,LKUS_login,recaptchaV3Token,9
0049,LKUS_login,recaptchaV3Action,9
0049,LKUS_login,recaptchaV3Enabled,9
0049,LKUS_physical_order_create,app,36
0049,LKUS_physical_order_create,phoneNo,37
0049,LKUS_physical_order_create,latitude,37
0049,LKUS_physical_order_create,couponNos,28
0049,LKUS_physical_order_create,longitude,37
0049,LKUS_physical_order_create,couponNames,28
0049,LKUS_physical_order_create,couponTypes,28
0049,LKUS_physical_order_create,fullPhoneNo,37
0049,LKUS_physical_order_create,phoneCountry,37
0049,LKUS_physical_order_create,reviewRepeat,34
0049,LKUS_physical_order_create,couponSources,28
0049,LKUS_physical_order_create,recaptchaV3Token,34
0049,LKUS_physical_order_create,couponProposalNos,28
0049,LKUS_physical_order_create,couponTemplateIds,28
0049,LKUS_physical_order_create,recaptchaV3Action,34
0049,LKUS_physical_order_create,couponDenomination,28
0049,LKUS_physical_order_create,recaptchaV3Enabled,34
0049,LKUS_physical_order_create,couponDiscountTypes,28
0049,LKUS_physical_order_create,couponDiscountSubTypes,28
0049,LKUS_payment,app,35
0049,LKUS_payment,phoneNo,36
0049,LKUS_payment,countryCode,36
0049,LKUS_payment,fullPhoneNo,36
0049,LKUS_payment,phoneCountry,36
0049,LKUS_payment,reviewRepeat,33
0049,LKUS_payment,recaptchaV3Token,33
0049,LKUS_payment,recaptchaV3Action,33
0049,LKUS_payment,recaptchaV3Enabled,33
0049,LKUS_physical_order_create,packageOrderSkuCodes,2
0049,LKUS_physical_order_create,packageOrderSpuCodes,2
0049,LKUS_login,app,8
0049,LKUS_register,cid,5
0049,LKUS_register,uid,5
0049,LKUS_register,realIp,5
0049,LKUS_register,tenant,5
0049,LKUS_register,phoneNo,5
0049,LKUS_register,version,5
0049,LKUS_register,userAgent,5
0049,LKUS_register,realIpCity,5
0049,LKUS_register,countryCode,5
0049,LKUS_register,fullPhoneNo,5
0049,LKUS_register,phoneCountry,5
0049,LKUS_register,reviewRepeat,5
0049,LKUS_register,realIpCountry,5
0049,LKUS_register,realIpProvince,5
0049,LKUS_register,recaptchaV3Token,5
0049,LKUS_register,recaptchaV3Action,5
0049,LKUS_register,recaptchaV3Enabled,5
0049,LKUS_grant_new_user_coupon,app,6
0049,LKUS_physical_order_cancel,app,1
0049,LKUS_physical_order_cancel,cid,1
0049,LKUS_physical_order_cancel,uid,1
0049,LKUS_physical_order_cancel,realIp,1
0049,LKUS_physical_order_cancel,shopId,1
0049,LKUS_physical_order_cancel,tenant,1
0049,LKUS_physical_order_cancel,userNo,1
0049,LKUS_physical_order_cancel,isGuest,1
0049,LKUS_physical_order_cancel,orderNo,1
0049,LKUS_physical_order_cancel,phoneNo,1
0049,LKUS_physical_order_cancel,version,1
0049,LKUS_physical_order_cancel,shopCity,1
0049,LKUS_physical_order_cancel,userAgent,1
0049,LKUS_physical_order_cancel,realIpCity,1
0049,LKUS_physical_order_cancel,countryCode,1
0049,LKUS_physical_order_cancel,fullPhoneNo,1
0049,LKUS_physical_order_cancel,totalOfMade,1
0049,LKUS_physical_order_cancel,phoneCountry,1
0049,LKUS_physical_order_cancel,reviewRepeat,1
0049,LKUS_physical_order_cancel,realIpCountry,1
0049,LKUS_physical_order_cancel,realIpProvince,1
0049,LKUS_physical_order_cancel,recaptchaV3Token,1
0049,LKUS_physical_order_cancel,recaptchaV3Action,1
0049,LKUS_physical_order_cancel,recaptchaV3Enabled,1
0049,LKUS_physical_order_cancel,cancelTypeEnumIndex,1
0049,LKUS_register,app,4
0049,LKUS_push,userNo,1
0050,LKUS_push,app,42
0050,LKUS_push,cid,46
0050,LKUS_push,uid,46
0050,LKUS_push,realIp,46
0050,LKUS_push,tenant,46
0050,LKUS_push,phoneNo,46
0050,LKUS_push,version,46
0050,LKUS_push,userAgent,46
0050,LKUS_push,realIpCity,46
0050,LKUS_push,countryCode,46
0050,LKUS_push,fullPhoneNo,46
0050,LKUS_push,phoneCountry,46
0050,LKUS_push,reviewRepeat,43
0050,LKUS_push,realIpCountry,46
0050,LKUS_push,realIpProvince,46
0050,LKUS_push,recaptchaV3Token,43
0050,LKUS_push,recaptchaV3Action,43
0050,LKUS_push,recaptchaV3Enabled,43
0050,LKUS_login,app,9
0050,LKUS_login,cid,12
0050,LKUS_login,uid,12
0050,LKUS_login,realIp,12
0050,LKUS_login,tenant,12
0050,LKUS_login,userNo,12
0050,LKUS_login,phoneNo,12
0050,LKUS_login,version,12
0050,LKUS_login,userAgent,12
0050,LKUS_login,realIpCity,12
0050,LKUS_login,countryCode,12
0050,LKUS_login,fullPhoneNo,12
0050,LKUS_login,phoneCountry,12
0050,LKUS_login,reviewRepeat,11
0050,LKUS_login,realIpCountry,12
0050,LKUS_login,realIpProvince,12
0050,LKUS_login,recaptchaV3Token,11
0050,LKUS_login,recaptchaV3Action,11
0050,LKUS_login,recaptchaV3Enabled,11
0050,LKUS_grant_new_user_coupon,app,5
0050,LKUS_grant_new_user_coupon,cid,6
0050,LKUS_grant_new_user_coupon,uid,6
0050,LKUS_grant_new_user_coupon,type,6
0050,LKUS_grant_new_user_coupon,extend,6
0050,LKUS_grant_new_user_coupon,origin,6
0050,LKUS_grant_new_user_coupon,realIp,6
0050,LKUS_grant_new_user_coupon,tenant,6
0050,LKUS_grant_new_user_coupon,userNo,6
0050,LKUS_grant_new_user_coupon,phoneNo,6
0050,LKUS_grant_new_user_coupon,readmes,6
0050,LKUS_grant_new_user_coupon,sceneId,6
0050,LKUS_grant_new_user_coupon,version,6
0050,LKUS_grant_new_user_coupon,discounts,6
0050,LKUS_grant_new_user_coupon,userAgent,6
0050,LKUS_grant_new_user_coupon,realIpCity,6
0050,LKUS_grant_new_user_coupon,countryCode,6
0050,LKUS_grant_new_user_coupon,couponNames,6
0050,LKUS_grant_new_user_coupon,couponTypes,6
0050,LKUS_grant_new_user_coupon,fullPhoneNo,6
0050,LKUS_grant_new_user_coupon,isBindPhone,6
0050,LKUS_grant_new_user_coupon,maskPhoneNo,6
0050,LKUS_grant_new_user_coupon,templateIds,6
0050,LKUS_grant_new_user_coupon,templateNos,6
0050,LKUS_grant_new_user_coupon,phoneCountry,6
0050,LKUS_grant_new_user_coupon,registerTime,6
0050,LKUS_grant_new_user_coupon,reviewRepeat,6
0050,LKUS_grant_new_user_coupon,realIpCountry,6
0050,LKUS_grant_new_user_coupon,discountLabels,6
0050,LKUS_grant_new_user_coupon,invitationCode,6
0050,LKUS_grant_new_user_coupon,realIpProvince,6
0050,LKUS_grant_new_user_coupon,recaptchaV3Token,6
0050,LKUS_grant_new_user_coupon,phoneNoEncryption,6
0050,LKUS_grant_new_user_coupon,recaptchaV3Action,6
0050,LKUS_grant_new_user_coupon,recaptchaV3Enabled,6
0050,LKUS_grant_new_user_coupon,couponDenominations,6
0050,LKUS_grant_new_user_coupon,couponDiscountTypes,6
0050,LKUS_grant_new_user_coupon,couponDiscountSubTypes,6
0050,LKUS_grant_new_user_coupon,couponDiscountTypeNames,6
0050,LKUS_payment,app,38
0050,LKUS_payment,cid,49
0050,LKUS_payment,uid,49
0050,LKUS_payment,realIp,49
0050,LKUS_payment,shopId,49
0050,LKUS_payment,tenant,49
0050,LKUS_payment,userNo,49
0050,LKUS_payment,isGuest,49
0050,LKUS_payment,orderNo,49
0050,LKUS_payment,payType,49
0050,LKUS_payment,phoneNo,39
0050,LKUS_payment,version,49
0050,LKUS_payment,payMoney,49
0050,LKUS_payment,orderType,49
0050,LKUS_payment,taxAmount,49
0050,LKUS_payment,userAgent,49
0050,LKUS_payment,orderPrice,49
0050,LKUS_payment,realIpCity,49
0050,LKUS_payment,countryCode,39
0050,LKUS_payment,fullPhoneNo,39
0050,LKUS_payment,phoneCountry,39
0050,LKUS_payment,reviewRepeat,34
0050,LKUS_payment,isTaxRequired,49
0050,LKUS_payment,realIpCountry,49
0050,LKUS_payment,realIpProvince,49
0050,LKUS_payment,recaptchaV3Token,34
0050,LKUS_payment,recaptchaV3Action,34
0050,LKUS_payment,recaptchaV3Enabled,34
0050,LKUS_physical_order_create,app,39
0050,LKUS_physical_order_create,cid,49
0050,LKUS_physical_order_create,uid,49
0050,LKUS_physical_order_create,realIp,49
0050,LKUS_physical_order_create,shopId,49
0050,LKUS_physical_order_create,tenant,49
0050,LKUS_physical_order_create,userNo,49
0050,LKUS_physical_order_create,isGuest,49
0050,LKUS_physical_order_create,phoneNo,40
0050,LKUS_physical_order_create,version,49
0050,LKUS_physical_order_create,latitude,39
0050,LKUS_physical_order_create,couponNos,33
0050,LKUS_physical_order_create,longitude,39
0050,LKUS_physical_order_create,orderType,49
0050,LKUS_physical_order_create,taxAmount,49
0050,LKUS_physical_order_create,userAgent,49
0050,LKUS_physical_order_create,orderPrice,49
0050,LKUS_physical_order_create,realIpCity,49
0050,LKUS_physical_order_create,countryCode,49
0050,LKUS_physical_order_create,couponNames,33
0050,LKUS_physical_order_create,couponTypes,33
0050,LKUS_physical_order_create,fullPhoneNo,40
0050,LKUS_physical_order_create,shopAddress,49
0050,LKUS_physical_order_create,phoneCountry,40
0050,LKUS_physical_order_create,reviewRepeat,35
0050,LKUS_physical_order_create,shopCityName,49
0050,LKUS_physical_order_create,shopLatitude,49
0050,LKUS_physical_order_create,couponSources,33
0050,LKUS_physical_order_create,isTaxRequired,49
0050,LKUS_physical_order_create,orderSkuCodes,48
0050,LKUS_physical_order_create,orderSpuCodes,48
0050,LKUS_physical_order_create,productAmount,49
0050,LKUS_physical_order_create,realIpCountry,49
0050,LKUS_physical_order_create,shopLongitude,49
0050,LKUS_physical_order_create,realIpProvince,49
0050,LKUS_physical_order_create,recaptchaV3Token,35
0050,LKUS_physical_order_create,couponProposalNos,33
0050,LKUS_physical_order_create,couponTemplateIds,33
0050,LKUS_physical_order_create,recaptchaV3Action,35
0050,LKUS_physical_order_create,couponDenomination,33
0050,LKUS_physical_order_create,recaptchaV3Enabled,35
0050,LKUS_physical_order_create,couponDiscountTypes,33
0050,LKUS_physical_order_create,couponDiscountSubTypes,33
0050,LKUS_push,userNo,1
0050,LKUS_register,cid,9
0050,LKUS_register,uid,9
0050,LKUS_register,realIp,9
0050,LKUS_register,tenant,9
0050,LKUS_register,phoneNo,9
0050,LKUS_register,version,9
0050,LKUS_register,userAgent,9
0050,LKUS_register,realIpCity,9
0050,LKUS_register,countryCode,9
0050,LKUS_register,fullPhoneNo,9
0050,LKUS_register,phoneCountry,9
0050,LKUS_register,realIpCountry,9
0050,LKUS_register,realIpProvince,9
0050,LKUS_physical_order_create,shumeiDevId,10
0050,LKUS_physical_order_create,shumengDevId,10
0050,LKUS_physical_order_create,tongdunBlackBox,10
0050,LKUS_register,app,8
0050,LKUS_register,reviewRepeat,8
0050,LKUS_register,recaptchaV3Token,8
0050,LKUS_register,recaptchaV3Action,8
0050,LKUS_register,recaptchaV3Enabled,8
0050,LKUS_physical_order_cancel,app,1
0050,LKUS_physical_order_cancel,cid,1
0050,LKUS_physical_order_cancel,uid,1
0050,LKUS_physical_order_cancel,realIp,1
0050,LKUS_physical_order_cancel,shopId,1
0050,LKUS_physical_order_cancel,tenant,1
0050,LKUS_physical_order_cancel,userNo,1
0050,LKUS_physical_order_cancel,isGuest,1
0050,LKUS_physical_order_cancel,orderNo,1
0050,LKUS_physical_order_cancel,phoneNo,1
0050,LKUS_physical_order_cancel,version,1
0050,LKUS_physical_order_cancel,shopCity,1
0050,LKUS_physical_order_cancel,userAgent,1
0050,LKUS_physical_order_cancel,realIpCity,1
0050,LKUS_physical_order_cancel,countryCode,1
0050,LKUS_physical_order_cancel,fullPhoneNo,1
0050,LKUS_physical_order_cancel,totalOfMade,1
0050,LKUS_physical_order_cancel,phoneCountry,1
0050,LKUS_physical_order_cancel,reviewRepeat,1
0050,LKUS_physical_order_cancel,realIpCountry,1
0050,LKUS_physical_order_cancel,realIpProvince,1
0050,LKUS_physical_order_cancel,recaptchaV3Token,1
0050,LKUS_physical_order_cancel,recaptchaV3Action,1
0050,LKUS_physical_order_cancel,recaptchaV3Enabled,1
0050,LKUS_physical_order_cancel,cancelTypeEnumIndex,1
0050,LKUS_payment,packagingBagPrice,1
0050,LKUS_payment,packagingBagNumber,1
0050,LKUS_physical_order_create,packageOrderSkuCodes,2
0050,LKUS_physical_order_create,packageOrderSpuCodes,2
0051,LKUS_push,app,32
0051,LKUS_push,cid,33
0051,LKUS_push,uid,33
0051,LKUS_push,realIp,33
0051,LKUS_push,tenant,33
0051,LKUS_push,phoneNo,33
0051,LKUS_push,version,33
0051,LKUS_push,userAgent,33
0051,LKUS_push,realIpCity,33
0051,LKUS_push,countryCode,33
0051,LKUS_push,fullPhoneNo,33
0051,LKUS_push,phoneCountry,33
0051,LKUS_push,reviewRepeat,32
0051,LKUS_push,realIpCountry,33
0051,LKUS_push,realIpProvince,33
0051,LKUS_push,recaptchaV3Token,32
0051,LKUS_push,recaptchaV3Action,32
0051,LKUS_push,recaptchaV3Enabled,32
0051,LKUS_physical_order_create,app,28
0051,LKUS_physical_order_create,cid,34
0051,LKUS_physical_order_create,uid,34
0051,LKUS_physical_order_create,realIp,34
0051,LKUS_physical_order_create,shopId,34
0051,LKUS_physical_order_create,tenant,34
0051,LKUS_physical_order_create,userNo,34
0051,LKUS_physical_order_create,isGuest,34
0051,LKUS_physical_order_create,phoneNo,29
0051,LKUS_physical_order_create,version,34
0051,LKUS_physical_order_create,latitude,29
0051,LKUS_physical_order_create,couponNos,24
0051,LKUS_physical_order_create,longitude,29
0051,LKUS_physical_order_create,orderType,34
0051,LKUS_physical_order_create,taxAmount,34
0051,LKUS_physical_order_create,userAgent,34
0051,LKUS_physical_order_create,orderPrice,33
0051,LKUS_physical_order_create,realIpCity,34
0051,LKUS_physical_order_create,countryCode,34
0051,LKUS_physical_order_create,couponNames,24
0051,LKUS_physical_order_create,couponTypes,24
0051,LKUS_physical_order_create,fullPhoneNo,29
0051,LKUS_physical_order_create,shopAddress,34
0051,LKUS_physical_order_create,phoneCountry,29
0051,LKUS_physical_order_create,reviewRepeat,26
0051,LKUS_physical_order_create,shopCityName,34
0051,LKUS_physical_order_create,shopLatitude,34
0051,LKUS_physical_order_create,couponSources,24
0051,LKUS_physical_order_create,isTaxRequired,34
0051,LKUS_physical_order_create,orderSkuCodes,33
0051,LKUS_physical_order_create,orderSpuCodes,33
0051,LKUS_physical_order_create,productAmount,34
0051,LKUS_physical_order_create,realIpCountry,34
0051,LKUS_physical_order_create,shopLongitude,34
0051,LKUS_physical_order_create,realIpProvince,34
0051,LKUS_physical_order_create,recaptchaV3Token,26
0051,LKUS_physical_order_create,couponProposalNos,24
0051,LKUS_physical_order_create,couponTemplateIds,24
0051,LKUS_physical_order_create,recaptchaV3Action,26
0051,LKUS_physical_order_create,couponDenomination,24
0051,LKUS_physical_order_create,recaptchaV3Enabled,26
0051,LKUS_physical_order_create,couponDiscountTypes,24
0051,LKUS_physical_order_create,couponDiscountSubTypes,24
0051,LKUS_payment,app,29
0051,LKUS_payment,cid,35
0051,LKUS_payment,uid,35
0051,LKUS_payment,realIp,35
0051,LKUS_payment,shopId,35
0051,LKUS_payment,tenant,35
0051,LKUS_payment,userNo,35
0051,LKUS_payment,isGuest,35
0051,LKUS_payment,orderNo,35
0051,LKUS_payment,payType,35
0051,LKUS_payment,phoneNo,30
0051,LKUS_payment,version,35
0051,LKUS_payment,payMoney,35
0051,LKUS_payment,orderType,35
0051,LKUS_payment,taxAmount,35
0051,LKUS_payment,userAgent,35
0051,LKUS_payment,orderPrice,35
0051,LKUS_payment,realIpCity,35
0051,LKUS_payment,countryCode,30
0051,LKUS_payment,fullPhoneNo,30
0051,LKUS_payment,phoneCountry,30
0051,LKUS_payment,reviewRepeat,27
0051,LKUS_payment,isTaxRequired,35
0051,LKUS_payment,realIpCountry,35
0051,LKUS_payment,realIpProvince,35
0051,LKUS_payment,recaptchaV3Token,27
0051,LKUS_payment,recaptchaV3Action,27
0051,LKUS_payment,recaptchaV3Enabled,27
0051,LKUS_login,app,8
0051,LKUS_login,cid,10
0051,LKUS_login,uid,10
0051,LKUS_login,realIp,10
0051,LKUS_login,tenant,10
0051,LKUS_login,userNo,10
0051,LKUS_login,phoneNo,10
0051,LKUS_login,version,10
0051,LKUS_login,userAgent,10
0051,LKUS_login,realIpCity,10
0051,LKUS_login,countryCode,10
0051,LKUS_login,fullPhoneNo,10
0051,LKUS_login,phoneCountry,10
0051,LKUS_login,reviewRepeat,9
0051,LKUS_login,realIpCountry,10
0051,LKUS_login,realIpProvince,10
0051,LKUS_login,recaptchaV3Token,9
0051,LKUS_login,recaptchaV3Action,9
0051,LKUS_login,recaptchaV3Enabled,9
0051,LKUS_grant_new_user_coupon,app,8
0051,LKUS_grant_new_user_coupon,cid,9
0051,LKUS_grant_new_user_coupon,uid,9
0051,LKUS_grant_new_user_coupon,type,9
0051,LKUS_grant_new_user_coupon,extend,9
0051,LKUS_grant_new_user_coupon,origin,9
0051,LKUS_grant_new_user_coupon,realIp,9
0051,LKUS_grant_new_user_coupon,tenant,9
0051,LKUS_grant_new_user_coupon,userNo,9
0051,LKUS_grant_new_user_coupon,phoneNo,9
0051,LKUS_grant_new_user_coupon,readmes,9
0051,LKUS_grant_new_user_coupon,sceneId,9
0051,LKUS_grant_new_user_coupon,version,9
0051,LKUS_grant_new_user_coupon,discounts,9
0051,LKUS_grant_new_user_coupon,userAgent,9
0051,LKUS_grant_new_user_coupon,realIpCity,9
0051,LKUS_grant_new_user_coupon,countryCode,9
0051,LKUS_grant_new_user_coupon,couponNames,9
0051,LKUS_grant_new_user_coupon,couponTypes,9
0051,LKUS_grant_new_user_coupon,fullPhoneNo,9
0051,LKUS_grant_new_user_coupon,isBindPhone,9
0051,LKUS_grant_new_user_coupon,maskPhoneNo,9
0051,LKUS_grant_new_user_coupon,templateIds,9
0051,LKUS_grant_new_user_coupon,templateNos,9
0051,LKUS_grant_new_user_coupon,phoneCountry,9
0051,LKUS_grant_new_user_coupon,registerTime,9
0051,LKUS_grant_new_user_coupon,reviewRepeat,9
0051,LKUS_grant_new_user_coupon,realIpCountry,9
0051,LKUS_grant_new_user_coupon,discountLabels,9
0051,LKUS_grant_new_user_coupon,invitationCode,9
0051,LKUS_grant_new_user_coupon,realIpProvince,9
0051,LKUS_grant_new_user_coupon,recaptchaV3Token,9
0051,LKUS_grant_new_user_coupon,phoneNoEncryption,9
0051,LKUS_grant_new_user_coupon,recaptchaV3Action,9
0051,LKUS_grant_new_user_coupon,recaptchaV3Enabled,9
0051,LKUS_grant_new_user_coupon,couponDenominations,9
0051,LKUS_grant_new_user_coupon,couponDiscountTypes,9
0051,LKUS_grant_new_user_coupon,couponDiscountSubTypes,9
0051,LKUS_grant_new_user_coupon,couponDiscountTypeNames,9
0051,LKUS_push,userNo,1
0051,LKUS_physical_order_create,shumeiDevId,5
0051,LKUS_physical_order_create,shumengDevId,5
0051,LKUS_physical_order_create,tongdunBlackBox,5
0051,LKUS_payment,packagingBagPrice,4
0051,LKUS_payment,packagingBagNumber,4
0051,LKUS_physical_order_create,packageOrderSkuCodes,1
0051,LKUS_physical_order_create,packageOrderSpuCodes,1
0051,LKUS_register,app,1
0051,LKUS_register,cid,1
0051,LKUS_register,uid,1
0051,LKUS_register,realIp,1
0051,LKUS_register,tenant,1
0051,LKUS_register,phoneNo,1
0051,LKUS_register,version,1
0051,LKUS_register,userAgent,1
0051,LKUS_register,realIpCity,1
0051,LKUS_register,countryCode,1
0051,LKUS_register,fullPhoneNo,1
0051,LKUS_register,phoneCountry,1
0051,LKUS_register,reviewRepeat,1
0051,LKUS_register,realIpCountry,1
0051,LKUS_register,realIpProvince,1
0051,LKUS_register,recaptchaV3Token,1
0051,LKUS_register,recaptchaV3Action,1
0051,LKUS_register,recaptchaV3Enabled,1
0052,LKUS_push,app,47
0052,LKUS_push,cid,47
0052,LKUS_push,uid,47
0052,LKUS_push,realIp,47
0052,LKUS_push,tenant,47
0052,LKUS_push,phoneNo,47
0052,LKUS_push,version,47
0052,LKUS_push,userAgent,47
0052,LKUS_push,realIpCity,47
0052,LKUS_push,countryCode,47
0052,LKUS_push,fullPhoneNo,47
0052,LKUS_push,phoneCountry,47
0052,LKUS_push,reviewRepeat,43
0052,LKUS_push,realIpCountry,47
0052,LKUS_push,realIpProvince,47
0052,LKUS_push,recaptchaV3Token,43
0052,LKUS_push,recaptchaV3Action,43
0052,LKUS_push,recaptchaV3Enabled,43
0052,LKUS_physical_order_create,app,33
0052,LKUS_physical_order_create,cid,45
0052,LKUS_physical_order_create,uid,45
0052,LKUS_physical_order_create,realIp,45
0052,LKUS_physical_order_create,shopId,45
0052,LKUS_physical_order_create,tenant,45
0052,LKUS_physical_order_create,userNo,45
0052,LKUS_physical_order_create,isGuest,45
0052,LKUS_physical_order_create,phoneNo,34
0052,LKUS_physical_order_create,version,45
0052,LKUS_physical_order_create,latitude,33
0052,LKUS_physical_order_create,longitude,33
0052,LKUS_physical_order_create,orderType,45
0052,LKUS_physical_order_create,taxAmount,45
0052,LKUS_physical_order_create,userAgent,45
0052,LKUS_physical_order_create,orderPrice,45
0052,LKUS_physical_order_create,realIpCity,45
0052,LKUS_physical_order_create,countryCode,45
0052,LKUS_physical_order_create,fullPhoneNo,34
0052,LKUS_physical_order_create,shopAddress,45
0052,LKUS_physical_order_create,phoneCountry,34
0052,LKUS_physical_order_create,reviewRepeat,29
0052,LKUS_physical_order_create,shopCityName,45
0052,LKUS_physical_order_create,shopLatitude,45
0052,LKUS_physical_order_create,isTaxRequired,45
0052,LKUS_physical_order_create,orderSkuCodes,44
0052,LKUS_physical_order_create,orderSpuCodes,44
0052,LKUS_physical_order_create,productAmount,45
0052,LKUS_physical_order_create,realIpCountry,45
0052,LKUS_physical_order_create,shopLongitude,45
0052,LKUS_physical_order_create,realIpProvince,45
0052,LKUS_physical_order_create,recaptchaV3Token,29
0052,LKUS_physical_order_create,recaptchaV3Action,29
0052,LKUS_physical_order_create,recaptchaV3Enabled,29
0052,LKUS_payment,app,35
0052,LKUS_payment,cid,48
0052,LKUS_payment,uid,48
0052,LKUS_payment,realIp,48
0052,LKUS_payment,shopId,48
0052,LKUS_payment,tenant,48
0052,LKUS_payment,userNo,48
0052,LKUS_payment,isGuest,48
0052,LKUS_payment,orderNo,48
0052,LKUS_payment,payType,48
0052,LKUS_payment,phoneNo,36
0052,LKUS_payment,version,48
0052,LKUS_payment,payMoney,48
0052,LKUS_payment,orderType,48
0052,LKUS_payment,taxAmount,48
0052,LKUS_payment,userAgent,48
0052,LKUS_payment,orderPrice,48
0052,LKUS_payment,realIpCity,48
0052,LKUS_payment,countryCode,36
0052,LKUS_payment,fullPhoneNo,36
0052,LKUS_payment,phoneCountry,36
0052,LKUS_payment,reviewRepeat,31
0052,LKUS_payment,isTaxRequired,48
0052,LKUS_payment,realIpCountry,48
0052,LKUS_payment,realIpProvince,48
0052,LKUS_payment,recaptchaV3Token,31
0052,LKUS_payment,recaptchaV3Action,31
0052,LKUS_payment,recaptchaV3Enabled,31
0052,LKUS_register,app,8
0052,LKUS_register,cid,8
0052,LKUS_register,uid,8
0052,LKUS_register,realIp,8
0052,LKUS_register,tenant,8
0052,LKUS_register,phoneNo,8
0052,LKUS_register,version,8
0052,LKUS_register,userAgent,8
0052,LKUS_register,realIpCity,8
0052,LKUS_register,countryCode,8
0052,LKUS_register,fullPhoneNo,8
0052,LKUS_register,phoneCountry,8
0052,LKUS_register,reviewRepeat,8
0052,LKUS_register,realIpCountry,8
0052,LKUS_register,realIpProvince,8
0052,LKUS_register,recaptchaV3Token,8
0052,LKUS_register,recaptchaV3Action,8
0052,LKUS_register,recaptchaV3Enabled,8
0052,LKUS_login,app,6
0052,LKUS_login,cid,7
0052,LKUS_login,uid,7
0052,LKUS_login,realIp,7
0052,LKUS_login,tenant,7
0052,LKUS_login,userNo,7
0052,LKUS_login,phoneNo,7
0052,LKUS_login,version,7
0052,LKUS_login,userAgent,7
0052,LKUS_login,realIpCity,7
0052,LKUS_login,countryCode,7
0052,LKUS_login,fullPhoneNo,7
0052,LKUS_login,phoneCountry,7
0052,LKUS_login,reviewRepeat,6
0052,LKUS_login,realIpCountry,7
0052,LKUS_login,realIpProvince,7
0052,LKUS_login,recaptchaV3Token,6
0052,LKUS_login,recaptchaV3Action,6
0052,LKUS_login,recaptchaV3Enabled,6
0052,LKUS_grant_new_user_coupon,app,5
0052,LKUS_grant_new_user_coupon,cid,5
0052,LKUS_grant_new_user_coupon,uid,5
0052,LKUS_grant_new_user_coupon,type,5
0052,LKUS_grant_new_user_coupon,extend,5
0052,LKUS_grant_new_user_coupon,origin,5
0052,LKUS_grant_new_user_coupon,realIp,5
0052,LKUS_grant_new_user_coupon,tenant,5
0052,LKUS_grant_new_user_coupon,userNo,5
0052,LKUS_grant_new_user_coupon,phoneNo,5
0052,LKUS_grant_new_user_coupon,readmes,5
0052,LKUS_grant_new_user_coupon,sceneId,5
0052,LKUS_grant_new_user_coupon,version,5
0052,LKUS_grant_new_user_coupon,discounts,5
0052,LKUS_grant_new_user_coupon,userAgent,5
0052,LKUS_grant_new_user_coupon,realIpCity,5
0052,LKUS_grant_new_user_coupon,countryCode,5
0052,LKUS_grant_new_user_coupon,couponNames,5
0052,LKUS_grant_new_user_coupon,couponTypes,5
0052,LKUS_grant_new_user_coupon,fullPhoneNo,5
0052,LKUS_grant_new_user_coupon,isBindPhone,5
0052,LKUS_grant_new_user_coupon,maskPhoneNo,5
0052,LKUS_grant_new_user_coupon,templateIds,5
0052,LKUS_grant_new_user_coupon,templateNos,5
0052,LKUS_grant_new_user_coupon,phoneCountry,5
0052,LKUS_grant_new_user_coupon,registerTime,5
0052,LKUS_grant_new_user_coupon,reviewRepeat,5
0052,LKUS_grant_new_user_coupon,realIpCountry,5
0052,LKUS_grant_new_user_coupon,discountLabels,5
0052,LKUS_grant_new_user_coupon,invitationCode,5
0052,LKUS_grant_new_user_coupon,realIpProvince,5
0052,LKUS_grant_new_user_coupon,recaptchaV3Token,5
0052,LKUS_grant_new_user_coupon,phoneNoEncryption,5
0052,LKUS_grant_new_user_coupon,recaptchaV3Action,5
0052,LKUS_grant_new_user_coupon,recaptchaV3Enabled,5
0052,LKUS_grant_new_user_coupon,couponDenominations,5
0052,LKUS_grant_new_user_coupon,couponDiscountTypes,5
0052,LKUS_grant_new_user_coupon,couponDiscountSubTypes,5
0052,LKUS_grant_new_user_coupon,couponDiscountTypeNames,5
0052,LKUS_physical_order_create,couponNos,29
0052,LKUS_physical_order_create,couponNames,29
0052,LKUS_physical_order_create,couponTypes,29
0052,LKUS_physical_order_create,couponSources,29
0052,LKUS_physical_order_create,couponProposalNos,29
0052,LKUS_physical_order_create,couponTemplateIds,29
0052,LKUS_physical_order_create,couponDenomination,29
0052,LKUS_physical_order_create,couponDiscountTypes,29
0052,LKUS_physical_order_create,couponDiscountSubTypes,29
0052,LKUS_physical_order_create,packageOrderSkuCodes,1
0052,LKUS_physical_order_create,packageOrderSpuCodes,1
0052,LKUS_physical_order_create,shumeiDevId,12
0052,LKUS_physical_order_create,shumengDevId,12
0052,LKUS_physical_order_create,tongdunBlackBox,12
0052,LKUS_payment,packagingBagPrice,1
0052,LKUS_payment,packagingBagNumber,1
0053,LKUS_push,cid,71
0053,LKUS_push,uid,71
0053,LKUS_push,realIp,71
0053,LKUS_push,tenant,71
0053,LKUS_push,userNo,2
0053,LKUS_push,phoneNo,71
0053,LKUS_push,version,71
0053,LKUS_push,userAgent,71
0053,LKUS_push,realIpCity,71
0053,LKUS_push,countryCode,71
0053,LKUS_push,fullPhoneNo,71
0053,LKUS_push,phoneCountry,71
0053,LKUS_push,reviewRepeat,67
0053,LKUS_push,realIpCountry,71
0053,LKUS_push,realIpProvince,71
0053,LKUS_push,recaptchaV3Token,66
0053,LKUS_push,recaptchaV3Action,66
0053,LKUS_push,recaptchaV3Enabled,67
0053,LKUS_push,app,61
0053,LKUS_register,app,3
0053,LKUS_register,cid,4
0053,LKUS_register,uid,4
0053,LKUS_register,realIp,4
0053,LKUS_register,tenant,4
0053,LKUS_register,phoneNo,4
0053,LKUS_register,version,4
0053,LKUS_register,userAgent,4
0053,LKUS_register,realIpCity,4
0053,LKUS_register,countryCode,4
0053,LKUS_register,fullPhoneNo,4
0053,LKUS_register,phoneCountry,4
0053,LKUS_register,reviewRepeat,4
0053,LKUS_register,realIpCountry,4
0053,LKUS_register,realIpProvince,4
0053,LKUS_register,recaptchaV3Token,4
0053,LKUS_register,recaptchaV3Action,4
0053,LKUS_register,recaptchaV3Enabled,4
0053,LKUS_physical_order_create,app,24
0053,LKUS_physical_order_create,cid,33
0053,LKUS_physical_order_create,uid,33
0053,LKUS_physical_order_create,realIp,33
0053,LKUS_physical_order_create,shopId,33
0053,LKUS_physical_order_create,tenant,33
0053,LKUS_physical_order_create,userNo,33
0053,LKUS_physical_order_create,isGuest,33
0053,LKUS_physical_order_create,phoneNo,24
0053,LKUS_physical_order_create,version,33
0053,LKUS_physical_order_create,latitude,24
0053,LKUS_physical_order_create,couponNos,23
0053,LKUS_physical_order_create,longitude,24
0053,LKUS_physical_order_create,orderType,33
0053,LKUS_physical_order_create,taxAmount,33
0053,LKUS_physical_order_create,userAgent,33
0053,LKUS_physical_order_create,orderPrice,33
0053,LKUS_physical_order_create,realIpCity,33
0053,LKUS_physical_order_create,countryCode,33
0053,LKUS_physical_order_create,couponNames,23
0053,LKUS_physical_order_create,couponTypes,23
0053,LKUS_physical_order_create,fullPhoneNo,24
0053,LKUS_physical_order_create,shopAddress,33
0053,LKUS_physical_order_create,phoneCountry,24
0053,LKUS_physical_order_create,reviewRepeat,23
0053,LKUS_physical_order_create,shopCityName,33
0053,LKUS_physical_order_create,shopLatitude,33
0053,LKUS_physical_order_create,couponSources,23
0053,LKUS_physical_order_create,isTaxRequired,33
0053,LKUS_physical_order_create,orderSkuCodes,33
0053,LKUS_physical_order_create,orderSpuCodes,33
0053,LKUS_physical_order_create,productAmount,33
0053,LKUS_physical_order_create,realIpCountry,33
0053,LKUS_physical_order_create,shopLongitude,33
0053,LKUS_physical_order_create,realIpProvince,33
0053,LKUS_physical_order_create,recaptchaV3Token,23
0053,LKUS_physical_order_create,couponProposalNos,23
0053,LKUS_physical_order_create,couponTemplateIds,23
0053,LKUS_physical_order_create,recaptchaV3Action,23
0053,LKUS_physical_order_create,couponDenomination,23
0053,LKUS_physical_order_create,recaptchaV3Enabled,23
0053,LKUS_physical_order_create,couponDiscountTypes,23
0053,LKUS_physical_order_create,couponDiscountSubTypes,23
0053,LKUS_payment,app,23
0053,LKUS_payment,cid,35
0053,LKUS_payment,uid,35
0053,LKUS_payment,realIp,35
0053,LKUS_payment,shopId,35
0053,LKUS_payment,tenant,35
0053,LKUS_payment,userNo,35
0053,LKUS_payment,isGuest,35
0053,LKUS_payment,orderNo,35
0053,LKUS_payment,payType,35
0053,LKUS_payment,phoneNo,23
0053,LKUS_payment,version,35
0053,LKUS_payment,payMoney,35
0053,LKUS_payment,orderType,35
0053,LKUS_payment,taxAmount,35
0053,LKUS_payment,userAgent,35
0053,LKUS_payment,orderPrice,35
0053,LKUS_payment,realIpCity,35
0053,LKUS_payment,countryCode,23
0053,LKUS_payment,fullPhoneNo,23
0053,LKUS_payment,phoneCountry,23
0053,LKUS_payment,reviewRepeat,22
0053,LKUS_payment,isTaxRequired,35
0053,LKUS_payment,realIpCountry,35
0053,LKUS_payment,realIpProvince,35
0053,LKUS_payment,recaptchaV3Token,22
0053,LKUS_payment,recaptchaV3Action,22
0053,LKUS_payment,recaptchaV3Enabled,22
0053,LKUS_physical_order_create,shumeiDevId,9
0053,LKUS_physical_order_create,shumengDevId,9
0053,LKUS_physical_order_create,tongdunBlackBox,9
0053,LKUS_physical_order_create,packageOrderSkuCodes,1
0053,LKUS_physical_order_create,packageOrderSpuCodes,1
0053,LKUS_captcha,cid,1
0053,LKUS_captcha,uid,1
0053,LKUS_captcha,realIp,1
0053,LKUS_captcha,tenant,1
0053,LKUS_captcha,isGuest,1
0053,LKUS_captcha,phoneNo,1
0053,LKUS_captcha,version,1
0053,LKUS_captcha,eventName,1
0053,LKUS_captcha,userAgent,1
0053,LKUS_captcha,realIpCity,1
0053,LKUS_captcha,countryCode,1
0053,LKUS_captcha,fullPhoneNo,1
0053,LKUS_captcha,captchaScene,1
0053,LKUS_captcha,phoneCountry,1
0053,LKUS_captcha,reviewRepeat,1
0053,LKUS_captcha,realIpCountry,1
0053,LKUS_captcha,realIpProvince,1
0053,LKUS_captcha,verifyCodeType,1
0053,LKUS_captcha,recaptchaV2Token,1
0053,LKUS_captcha,recaptchaV3Token,1
0053,LKUS_captcha,recaptchaV3Action,1
0053,LKUS_captcha,verifyCodeTypeName,1
0053,LKUS_login,app,2
0053,LKUS_login,cid,2
0053,LKUS_login,uid,2
0053,LKUS_login,realIp,2
0053,LKUS_login,tenant,2
0053,LKUS_login,userNo,2
0053,LKUS_login,phoneNo,2
0053,LKUS_login,version,2
0053,LKUS_login,userAgent,2
0053,LKUS_login,realIpCity,2
0053,LKUS_login,countryCode,2
0053,LKUS_login,fullPhoneNo,2
0053,LKUS_login,phoneCountry,2
0053,LKUS_login,reviewRepeat,2
0053,LKUS_login,realIpCountry,2
0053,LKUS_login,realIpProvince,2
0053,LKUS_login,recaptchaV3Token,2
0053,LKUS_login,recaptchaV3Action,2
0053,LKUS_login,recaptchaV3Enabled,2
0053,LKUS_grant_new_user_coupon,app,2
0053,LKUS_grant_new_user_coupon,cid,2
0053,LKUS_grant_new_user_coupon,uid,2
0053,LKUS_grant_new_user_coupon,type,2
0053,LKUS_grant_new_user_coupon,extend,2
0053,LKUS_grant_new_user_coupon,origin,2
0053,LKUS_grant_new_user_coupon,realIp,2
0053,LKUS_grant_new_user_coupon,tenant,2
0053,LKUS_grant_new_user_coupon,userNo,2
0053,LKUS_grant_new_user_coupon,phoneNo,2
0053,LKUS_grant_new_user_coupon,readmes,2
0053,LKUS_grant_new_user_coupon,sceneId,2
0053,LKUS_grant_new_user_coupon,version,2
0053,LKUS_grant_new_user_coupon,discounts,2
0053,LKUS_grant_new_user_coupon,userAgent,2
0053,LKUS_grant_new_user_coupon,realIpCity,2
0053,LKUS_grant_new_user_coupon,countryCode,2
0053,LKUS_grant_new_user_coupon,couponNames,2
0053,LKUS_grant_new_user_coupon,couponTypes,2
0053,LKUS_grant_new_user_coupon,fullPhoneNo,2
0053,LKUS_grant_new_user_coupon,isBindPhone,2
0053,LKUS_grant_new_user_coupon,maskPhoneNo,2
0053,LKUS_grant_new_user_coupon,templateIds,2
0053,LKUS_grant_new_user_coupon,templateNos,2
0053,LKUS_grant_new_user_coupon,phoneCountry,2
0053,LKUS_grant_new_user_coupon,registerTime,2
0053,LKUS_grant_new_user_coupon,reviewRepeat,2
0053,LKUS_grant_new_user_coupon,realIpCountry,2
0053,LKUS_grant_new_user_coupon,discountLabels,2
0053,LKUS_grant_new_user_coupon,invitationCode,2
0053,LKUS_grant_new_user_coupon,realIpProvince,2
0053,LKUS_grant_new_user_coupon,recaptchaV3Token,2
0053,LKUS_grant_new_user_coupon,phoneNoEncryption,2
0053,LKUS_grant_new_user_coupon,recaptchaV3Action,2
0053,LKUS_grant_new_user_coupon,recaptchaV3Enabled,2
0053,LKUS_grant_new_user_coupon,couponDenominations,2
0053,LKUS_grant_new_user_coupon,couponDiscountTypes,2
0053,LKUS_grant_new_user_coupon,couponDiscountSubTypes,2
0053,LKUS_grant_new_user_coupon,couponDiscountTypeNames,2
0054,LKUS_push,app,45
0054,LKUS_push,cid,46
0054,LKUS_push,uid,46
0054,LKUS_push,realIp,46
0054,LKUS_push,tenant,46
0054,LKUS_push,phoneNo,46
0054,LKUS_push,version,46
0054,LKUS_push,userAgent,46
0054,LKUS_push,realIpCity,46
0054,LKUS_push,countryCode,46
0054,LKUS_push,fullPhoneNo,46
0054,LKUS_push,phoneCountry,46
0054,LKUS_push,reviewRepeat,46
0054,LKUS_push,realIpCountry,46
0054,LKUS_push,realIpProvince,46
0054,LKUS_push,recaptchaV3Token,46
0054,LKUS_push,recaptchaV3Action,46
0054,LKUS_push,recaptchaV3Enabled,46
0054,LKUS_payment,app,44
0054,LKUS_payment,cid,49
0054,LKUS_payment,uid,49
0054,LKUS_payment,realIp,49
0054,LKUS_payment,shopId,49
0054,LKUS_payment,tenant,49
0054,LKUS_payment,userNo,49
0054,LKUS_payment,isGuest,49
0054,LKUS_payment,orderNo,49
0054,LKUS_payment,payType,49
0054,LKUS_payment,phoneNo,46
0054,LKUS_payment,version,49
0054,LKUS_payment,payMoney,49
0054,LKUS_payment,orderType,49
0054,LKUS_payment,taxAmount,49
0054,LKUS_payment,userAgent,49
0054,LKUS_payment,orderPrice,49
0054,LKUS_payment,realIpCity,49
0054,LKUS_payment,countryCode,46
0054,LKUS_payment,fullPhoneNo,46
0054,LKUS_payment,phoneCountry,46
0054,LKUS_payment,reviewRepeat,44
0054,LKUS_payment,isTaxRequired,49
0054,LKUS_payment,realIpCountry,49
0054,LKUS_payment,realIpProvince,49
0054,LKUS_payment,recaptchaV3Token,44
0054,LKUS_payment,recaptchaV3Action,44
0054,LKUS_payment,recaptchaV3Enabled,44
0054,LKUS_physical_order_create,app,45
0054,LKUS_physical_order_create,cid,50
0054,LKUS_physical_order_create,uid,50
0054,LKUS_physical_order_create,realIp,50
0054,LKUS_physical_order_create,shopId,50
0054,LKUS_physical_order_create,tenant,50
0054,LKUS_physical_order_create,userNo,50
0054,LKUS_physical_order_create,isGuest,50
0054,LKUS_physical_order_create,phoneNo,47
0054,LKUS_physical_order_create,version,50
0054,LKUS_physical_order_create,latitude,47
0054,LKUS_physical_order_create,couponNos,43
0054,LKUS_physical_order_create,longitude,47
0054,LKUS_physical_order_create,orderType,50
0054,LKUS_physical_order_create,taxAmount,50
0054,LKUS_physical_order_create,userAgent,50
0054,LKUS_physical_order_create,orderPrice,50
0054,LKUS_physical_order_create,realIpCity,50
0054,LKUS_physical_order_create,countryCode,50
0054,LKUS_physical_order_create,couponNames,43
0054,LKUS_physical_order_create,couponTypes,43
0054,LKUS_physical_order_create,fullPhoneNo,47
0054,LKUS_physical_order_create,shopAddress,50
0054,LKUS_physical_order_create,phoneCountry,47
0054,LKUS_physical_order_create,reviewRepeat,45
0054,LKUS_physical_order_create,shopCityName,50
0054,LKUS_physical_order_create,shopLatitude,50
0054,LKUS_physical_order_create,couponSources,43
0054,LKUS_physical_order_create,isTaxRequired,50
0054,LKUS_physical_order_create,orderSkuCodes,49
0054,LKUS_physical_order_create,orderSpuCodes,49
0054,LKUS_physical_order_create,productAmount,50
0054,LKUS_physical_order_create,realIpCountry,50
0054,LKUS_physical_order_create,shopLongitude,50
0054,LKUS_physical_order_create,realIpProvince,50
0054,LKUS_physical_order_create,recaptchaV3Token,45
0054,LKUS_physical_order_create,couponProposalNos,43
0054,LKUS_physical_order_create,couponTemplateIds,43
0054,LKUS_physical_order_create,recaptchaV3Action,45
0054,LKUS_physical_order_create,couponDenomination,43
0054,LKUS_physical_order_create,recaptchaV3Enabled,45
0054,LKUS_physical_order_create,couponDiscountTypes,43
0054,LKUS_physical_order_create,couponDiscountSubTypes,43
0054,LKUS_register,app,2
0054,LKUS_register,cid,2
0054,LKUS_register,uid,2
0054,LKUS_register,realIp,2
0054,LKUS_register,tenant,2
0054,LKUS_register,phoneNo,2
0054,LKUS_register,version,2
0054,LKUS_register,userAgent,2
0054,LKUS_register,realIpCity,2
0054,LKUS_register,countryCode,2
0054,LKUS_register,fullPhoneNo,2
0054,LKUS_register,phoneCountry,2
0054,LKUS_register,reviewRepeat,2
0054,LKUS_register,realIpCountry,2
0054,LKUS_register,realIpProvince,2
0054,LKUS_register,recaptchaV3Token,2
0054,LKUS_register,recaptchaV3Action,2
0054,LKUS_register,recaptchaV3Enabled,2
0054,LKUS_physical_order_create,packageOrderSkuCodes,2
0054,LKUS_physical_order_create,packageOrderSpuCodes,2
0054,LKUS_grant_new_user_coupon,app,6
0054,LKUS_grant_new_user_coupon,cid,6
0054,LKUS_grant_new_user_coupon,uid,6
0054,LKUS_grant_new_user_coupon,type,6
0054,LKUS_grant_new_user_coupon,extend,6
0054,LKUS_grant_new_user_coupon,origin,6
0054,LKUS_grant_new_user_coupon,realIp,6
0054,LKUS_grant_new_user_coupon,tenant,6
0054,LKUS_grant_new_user_coupon,userNo,6
0054,LKUS_grant_new_user_coupon,phoneNo,6
0054,LKUS_grant_new_user_coupon,readmes,6
0054,LKUS_grant_new_user_coupon,sceneId,6
0054,LKUS_grant_new_user_coupon,version,6
0054,LKUS_grant_new_user_coupon,discounts,6
0054,LKUS_grant_new_user_coupon,userAgent,6
0054,LKUS_grant_new_user_coupon,realIpCity,6
0054,LKUS_grant_new_user_coupon,countryCode,6
0054,LKUS_grant_new_user_coupon,couponNames,6
0054,LKUS_grant_new_user_coupon,couponTypes,6
0054,LKUS_grant_new_user_coupon,fullPhoneNo,6
0054,LKUS_grant_new_user_coupon,isBindPhone,6
0054,LKUS_grant_new_user_coupon,maskPhoneNo,6
0054,LKUS_grant_new_user_coupon,templateIds,6
0054,LKUS_grant_new_user_coupon,templateNos,6
0054,LKUS_grant_new_user_coupon,phoneCountry,6
0054,LKUS_grant_new_user_coupon,registerTime,6
0054,LKUS_grant_new_user_coupon,reviewRepeat,6
0054,LKUS_grant_new_user_coupon,realIpCountry,6
0054,LKUS_grant_new_user_coupon,discountLabels,6
0054,LKUS_grant_new_user_coupon,invitationCode,6
0054,LKUS_grant_new_user_coupon,realIpProvince,6
0054,LKUS_grant_new_user_coupon,recaptchaV3Token,6
0054,LKUS_grant_new_user_coupon,phoneNoEncryption,6
0054,LKUS_grant_new_user_coupon,recaptchaV3Action,6
0054,LKUS_grant_new_user_coupon,recaptchaV3Enabled,6
0054,LKUS_grant_new_user_coupon,couponDenominations,6
0054,LKUS_grant_new_user_coupon,couponDiscountTypes,6
0054,LKUS_grant_new_user_coupon,couponDiscountSubTypes,6
0054,LKUS_grant_new_user_coupon,couponDiscountTypeNames,6
0054,LKUS_login,app,12
0054,LKUS_login,cid,14
0054,LKUS_login,uid,14
0054,LKUS_login,realIp,14
0054,LKUS_login,tenant,14
0054,LKUS_login,userNo,14
0054,LKUS_login,phoneNo,14
0054,LKUS_login,version,14
0054,LKUS_login,userAgent,14
0054,LKUS_login,realIpCity,14
0054,LKUS_login,countryCode,14
0054,LKUS_login,fullPhoneNo,14
0054,LKUS_login,phoneCountry,14
0054,LKUS_login,reviewRepeat,14
0054,LKUS_login,realIpCountry,14
0054,LKUS_login,realIpProvince,14
0054,LKUS_login,recaptchaV3Token,14
0054,LKUS_login,recaptchaV3Action,14
0054,LKUS_login,recaptchaV3Enabled,14
0054,LKUS_physical_order_create,shumeiDevId,3
0054,LKUS_physical_order_create,shumengDevId,3
0054,LKUS_physical_order_create,tongdunBlackBox,3
0054,LKUS_payment,packagingBagPrice,1
0054,LKUS_payment,packagingBagNumber,1
0055,LKUS_push,app,50
0055,LKUS_push,cid,51
0055,LKUS_push,uid,51
0055,LKUS_push,realIp,51
0055,LKUS_push,tenant,51
0055,LKUS_push,phoneNo,51
0055,LKUS_push,version,51
0055,LKUS_push,userAgent,51
0055,LKUS_push,realIpCity,51
0055,LKUS_push,countryCode,51
0055,LKUS_push,fullPhoneNo,51
0055,LKUS_push,phoneCountry,51
0055,LKUS_push,reviewRepeat,50
0055,LKUS_push,realIpCountry,51
0055,LKUS_push,realIpProvince,51
0055,LKUS_push,recaptchaV3Token,50
0055,LKUS_push,recaptchaV3Action,50
0055,LKUS_push,recaptchaV3Enabled,50
0055,LKUS_register,app,8
0055,LKUS_register,cid,8
0055,LKUS_register,uid,8
0055,LKUS_register,realIp,8
0055,LKUS_register,tenant,8
0055,LKUS_register,phoneNo,8
0055,LKUS_register,version,8
0055,LKUS_register,userAgent,8
0055,LKUS_register,realIpCity,8
0055,LKUS_register,countryCode,8
0055,LKUS_register,fullPhoneNo,8
0055,LKUS_register,phoneCountry,8
0055,LKUS_register,reviewRepeat,8
0055,LKUS_register,realIpCountry,8
0055,LKUS_register,realIpProvince,8
0055,LKUS_register,recaptchaV3Token,8
0055,LKUS_register,recaptchaV3Action,8
0055,LKUS_register,recaptchaV3Enabled,8
0055,LKUS_physical_order_create,app,29
0055,LKUS_physical_order_create,cid,36
0055,LKUS_physical_order_create,uid,36
0055,LKUS_physical_order_create,realIp,36
0055,LKUS_physical_order_create,shopId,36
0055,LKUS_physical_order_create,tenant,36
0055,LKUS_physical_order_create,userNo,36
0055,LKUS_physical_order_create,isGuest,36
0055,LKUS_physical_order_create,phoneNo,29
0055,LKUS_physical_order_create,version,36
0055,LKUS_physical_order_create,latitude,29
0055,LKUS_physical_order_create,couponNos,26
0055,LKUS_physical_order_create,longitude,29
0055,LKUS_physical_order_create,orderType,36
0055,LKUS_physical_order_create,taxAmount,36
0055,LKUS_physical_order_create,userAgent,36
0055,LKUS_physical_order_create,orderPrice,36
0055,LKUS_physical_order_create,realIpCity,36
0055,LKUS_physical_order_create,countryCode,36
0055,LKUS_physical_order_create,couponNames,26
0055,LKUS_physical_order_create,couponTypes,26
0055,LKUS_physical_order_create,fullPhoneNo,29
0055,LKUS_physical_order_create,shopAddress,36
0055,LKUS_physical_order_create,phoneCountry,29
0055,LKUS_physical_order_create,reviewRepeat,28
0055,LKUS_physical_order_create,shopCityName,36
0055,LKUS_physical_order_create,shopLatitude,36
0055,LKUS_physical_order_create,couponSources,26
0055,LKUS_physical_order_create,isTaxRequired,36
0055,LKUS_physical_order_create,orderSkuCodes,35
0055,LKUS_physical_order_create,orderSpuCodes,35
0055,LKUS_physical_order_create,productAmount,36
0055,LKUS_physical_order_create,realIpCountry,36
0055,LKUS_physical_order_create,shopLongitude,36
0055,LKUS_physical_order_create,realIpProvince,36
0055,LKUS_physical_order_create,recaptchaV3Token,28
0055,LKUS_physical_order_create,couponProposalNos,26
0055,LKUS_physical_order_create,couponTemplateIds,26
0055,LKUS_physical_order_create,recaptchaV3Action,28
0055,LKUS_physical_order_create,couponDenomination,26
0055,LKUS_physical_order_create,recaptchaV3Enabled,28
0055,LKUS_physical_order_create,couponDiscountTypes,26
0055,LKUS_physical_order_create,couponDiscountSubTypes,26
0055,LKUS_payment,app,29
0055,LKUS_payment,cid,36
0055,LKUS_payment,uid,36
0055,LKUS_payment,realIp,36
0055,LKUS_payment,shopId,36
0055,LKUS_payment,tenant,36
0055,LKUS_payment,userNo,36
0055,LKUS_payment,isGuest,36
0055,LKUS_payment,orderNo,36
0055,LKUS_payment,payType,36
0055,LKUS_payment,phoneNo,29
0055,LKUS_payment,version,36
0055,LKUS_payment,payMoney,36
0055,LKUS_payment,orderType,36
0055,LKUS_payment,taxAmount,36
0055,LKUS_payment,userAgent,36
0055,LKUS_payment,orderPrice,36
0055,LKUS_payment,realIpCity,36
0055,LKUS_payment,countryCode,29
0055,LKUS_payment,fullPhoneNo,29
0055,LKUS_payment,phoneCountry,29
0055,LKUS_payment,reviewRepeat,28
0055,LKUS_payment,isTaxRequired,36
0055,LKUS_payment,realIpCountry,36
0055,LKUS_payment,realIpProvince,36
0055,LKUS_payment,recaptchaV3Token,28
0055,LKUS_payment,recaptchaV3Action,28
0055,LKUS_payment,recaptchaV3Enabled,28
0055,LKUS_login,app,8
0055,LKUS_login,cid,8
0055,LKUS_login,uid,8
0055,LKUS_login,realIp,8
0055,LKUS_login,tenant,8
0055,LKUS_login,userNo,8
0055,LKUS_login,phoneNo,8
0055,LKUS_login,version,8
0055,LKUS_login,userAgent,8
0055,LKUS_login,realIpCity,8
0055,LKUS_login,countryCode,8
0055,LKUS_login,fullPhoneNo,8
0055,LKUS_login,phoneCountry,8
0055,LKUS_login,reviewRepeat,8
0055,LKUS_login,realIpCountry,8
0055,LKUS_login,realIpProvince,8
0055,LKUS_login,recaptchaV3Token,8
0055,LKUS_login,recaptchaV3Action,8
0055,LKUS_login,recaptchaV3Enabled,8
0055,LKUS_physical_order_create,packageOrderSkuCodes,1
0055,LKUS_physical_order_create,packageOrderSpuCodes,1
0055,LKUS_physical_order_create,shumeiDevId,7
0055,LKUS_physical_order_create,shumengDevId,7
0055,LKUS_physical_order_create,tongdunBlackBox,7
0055,LKUS_grant_new_user_coupon,app,6
0055,LKUS_grant_new_user_coupon,cid,6
0055,LKUS_grant_new_user_coupon,uid,6
0055,LKUS_grant_new_user_coupon,type,6
0055,LKUS_grant_new_user_coupon,extend,6
0055,LKUS_grant_new_user_coupon,origin,6
0055,LKUS_grant_new_user_coupon,realIp,6
0055,LKUS_grant_new_user_coupon,tenant,6
0055,LKUS_grant_new_user_coupon,userNo,6
0055,LKUS_grant_new_user_coupon,phoneNo,6
0055,LKUS_grant_new_user_coupon,readmes,6
0055,LKUS_grant_new_user_coupon,sceneId,6
0055,LKUS_grant_new_user_coupon,version,6
0055,LKUS_grant_new_user_coupon,discounts,6
0055,LKUS_grant_new_user_coupon,userAgent,6
0055,LKUS_grant_new_user_coupon,realIpCity,6
0055,LKUS_grant_new_user_coupon,countryCode,6
0055,LKUS_grant_new_user_coupon,couponNames,6
0055,LKUS_grant_new_user_coupon,couponTypes,6
0055,LKUS_grant_new_user_coupon,fullPhoneNo,6
0055,LKUS_grant_new_user_coupon,isBindPhone,6
0055,LKUS_grant_new_user_coupon,maskPhoneNo,6
0055,LKUS_grant_new_user_coupon,templateIds,6
0055,LKUS_grant_new_user_coupon,templateNos,6
0055,LKUS_grant_new_user_coupon,phoneCountry,6
0055,LKUS_grant_new_user_coupon,registerTime,6
0055,LKUS_grant_new_user_coupon,reviewRepeat,6
0055,LKUS_grant_new_user_coupon,realIpCountry,6
0055,LKUS_grant_new_user_coupon,discountLabels,6
0055,LKUS_grant_new_user_coupon,invitationCode,6
0055,LKUS_grant_new_user_coupon,realIpProvince,6
0055,LKUS_grant_new_user_coupon,recaptchaV3Token,6
0055,LKUS_grant_new_user_coupon,phoneNoEncryption,6
0055,LKUS_grant_new_user_coupon,recaptchaV3Action,6
0055,LKUS_grant_new_user_coupon,recaptchaV3Enabled,6
0055,LKUS_grant_new_user_coupon,couponDenominations,6
0055,LKUS_grant_new_user_coupon,couponDiscountTypes,6
0055,LKUS_grant_new_user_coupon,couponDiscountSubTypes,6
0055,LKUS_grant_new_user_coupon,couponDiscountTypeNames,6
0055,LKUS_physical_order_cancel,app,2
0055,LKUS_physical_order_cancel,cid,2
0055,LKUS_physical_order_cancel,uid,2
0055,LKUS_physical_order_cancel,realIp,2
0055,LKUS_physical_order_cancel,shopId,2
0055,LKUS_physical_order_cancel,tenant,2
0055,LKUS_physical_order_cancel,userNo,2
0055,LKUS_physical_order_cancel,isGuest,2
0055,LKUS_physical_order_cancel,orderNo,2
0055,LKUS_physical_order_cancel,phoneNo,2
0055,LKUS_physical_order_cancel,version,2
0055,LKUS_physical_order_cancel,shopCity,2
0055,LKUS_physical_order_cancel,userAgent,2
0055,LKUS_physical_order_cancel,realIpCity,2
0055,LKUS_physical_order_cancel,countryCode,2
0055,LKUS_physical_order_cancel,fullPhoneNo,2
0055,LKUS_physical_order_cancel,totalOfMade,2
0055,LKUS_physical_order_cancel,phoneCountry,2
0055,LKUS_physical_order_cancel,reviewRepeat,2
0055,LKUS_physical_order_cancel,realIpCountry,2
0055,LKUS_physical_order_cancel,realIpProvince,2
0055,LKUS_physical_order_cancel,recaptchaV3Token,2
0055,LKUS_physical_order_cancel,recaptchaV3Action,2
0055,LKUS_physical_order_cancel,recaptchaV3Enabled,2
0055,LKUS_physical_order_cancel,cancelTypeEnumIndex,2
0056,LKUS_push,app,47
0056,LKUS_push,cid,51
0056,LKUS_push,uid,51
0056,LKUS_push,realIp,51
0056,LKUS_push,tenant,51
0056,LKUS_push,phoneNo,51
0056,LKUS_push,version,51
0056,LKUS_push,userAgent,51
0056,LKUS_push,realIpCity,51
0056,LKUS_push,countryCode,51
0056,LKUS_push,fullPhoneNo,51
0056,LKUS_push,phoneCountry,51
0056,LKUS_push,reviewRepeat,47
0056,LKUS_push,realIpCountry,51
0056,LKUS_push,realIpProvince,51
0056,LKUS_push,recaptchaV3Token,47
0056,LKUS_push,recaptchaV3Action,47
0056,LKUS_push,recaptchaV3Enabled,47
0056,LKUS_physical_order_create,app,38
0056,LKUS_physical_order_create,cid,44
0056,LKUS_physical_order_create,uid,44
0056,LKUS_physical_order_create,realIp,44
0056,LKUS_physical_order_create,shopId,44
0056,LKUS_physical_order_create,tenant,44
0056,LKUS_physical_order_create,userNo,44
0056,LKUS_physical_order_create,isGuest,44
0056,LKUS_physical_order_create,phoneNo,38
0056,LKUS_physical_order_create,version,44
0056,LKUS_physical_order_create,latitude,38
0056,LKUS_physical_order_create,couponNos,34
0056,LKUS_physical_order_create,longitude,38
0056,LKUS_physical_order_create,orderType,44
0056,LKUS_physical_order_create,taxAmount,44
0056,LKUS_physical_order_create,userAgent,44
0056,LKUS_physical_order_create,orderPrice,44
0056,LKUS_physical_order_create,realIpCity,44
0056,LKUS_physical_order_create,countryCode,44
0056,LKUS_physical_order_create,couponNames,34
0056,LKUS_physical_order_create,couponTypes,34
0056,LKUS_physical_order_create,fullPhoneNo,38
0056,LKUS_physical_order_create,shopAddress,44
0056,LKUS_physical_order_create,phoneCountry,38
0056,LKUS_physical_order_create,reviewRepeat,37
0056,LKUS_physical_order_create,shopCityName,44
0056,LKUS_physical_order_create,shopLatitude,44
0056,LKUS_physical_order_create,couponSources,34
0056,LKUS_physical_order_create,isTaxRequired,44
0056,LKUS_physical_order_create,orderSkuCodes,40
0056,LKUS_physical_order_create,orderSpuCodes,40
0056,LKUS_physical_order_create,productAmount,44
0056,LKUS_physical_order_create,realIpCountry,44
0056,LKUS_physical_order_create,shopLongitude,44
0056,LKUS_physical_order_create,realIpProvince,44
0056,LKUS_physical_order_create,recaptchaV3Token,37
0056,LKUS_physical_order_create,couponProposalNos,34
0056,LKUS_physical_order_create,couponTemplateIds,34
0056,LKUS_physical_order_create,recaptchaV3Action,37
0056,LKUS_physical_order_create,couponDenomination,34
0056,LKUS_physical_order_create,recaptchaV3Enabled,37
0056,LKUS_physical_order_create,couponDiscountTypes,34
0056,LKUS_physical_order_create,couponDiscountSubTypes,34
0056,LKUS_payment,app,34
0056,LKUS_payment,cid,40
0056,LKUS_payment,uid,40
0056,LKUS_payment,realIp,40
0056,LKUS_payment,shopId,40
0056,LKUS_payment,tenant,40
0056,LKUS_payment,userNo,40
0056,LKUS_payment,isGuest,40
0056,LKUS_payment,orderNo,40
0056,LKUS_payment,payType,40
0056,LKUS_payment,phoneNo,34
0056,LKUS_payment,version,40
0056,LKUS_payment,payMoney,40
0056,LKUS_payment,orderType,40
0056,LKUS_payment,taxAmount,40
0056,LKUS_payment,userAgent,40
0056,LKUS_payment,orderPrice,40
0056,LKUS_payment,realIpCity,40
0056,LKUS_payment,countryCode,34
0056,LKUS_payment,fullPhoneNo,34
0056,LKUS_payment,phoneCountry,34
0056,LKUS_payment,reviewRepeat,33
0056,LKUS_payment,isTaxRequired,40
0056,LKUS_payment,realIpCountry,40
0056,LKUS_payment,realIpProvince,40
0056,LKUS_payment,recaptchaV3Token,33
0056,LKUS_payment,recaptchaV3Action,33
0056,LKUS_payment,recaptchaV3Enabled,33
0056,LKUS_physical_order_create,packageOrderSkuCodes,4
0056,LKUS_physical_order_create,packageOrderSpuCodes,4
0056,LKUS_register,app,10
0056,LKUS_register,cid,11
0056,LKUS_register,uid,11
0056,LKUS_register,realIp,11
0056,LKUS_register,tenant,11
0056,LKUS_register,phoneNo,11
0056,LKUS_register,version,11
0056,LKUS_register,userAgent,11
0056,LKUS_register,realIpCity,11
0056,LKUS_register,countryCode,11
0056,LKUS_register,fullPhoneNo,11
0056,LKUS_register,phoneCountry,11
0056,LKUS_register,reviewRepeat,10
0056,LKUS_register,realIpCountry,11
0056,LKUS_register,realIpProvince,11
0056,LKUS_register,recaptchaV3Token,10
0056,LKUS_register,recaptchaV3Action,10
0056,LKUS_register,recaptchaV3Enabled,10
0056,LKUS_physical_order_create,shumeiDevId,6
0056,LKUS_physical_order_create,shumengDevId,6
0056,LKUS_physical_order_create,tongdunBlackBox,6
0056,LKUS_physical_order_cancel,app,2
0056,LKUS_physical_order_cancel,cid,2
0056,LKUS_physical_order_cancel,uid,2
0056,LKUS_physical_order_cancel,realIp,2
0056,LKUS_physical_order_cancel,shopId,2
0056,LKUS_physical_order_cancel,tenant,2
0056,LKUS_physical_order_cancel,userNo,2
0056,LKUS_physical_order_cancel,isGuest,2
0056,LKUS_physical_order_cancel,orderNo,2
0056,LKUS_physical_order_cancel,phoneNo,2
0056,LKUS_physical_order_cancel,version,2
0056,LKUS_physical_order_cancel,shopCity,2
0056,LKUS_physical_order_cancel,userAgent,2
0056,LKUS_physical_order_cancel,realIpCity,2
0056,LKUS_physical_order_cancel,countryCode,2
0056,LKUS_physical_order_cancel,fullPhoneNo,2
0056,LKUS_physical_order_cancel,totalOfMade,2
0056,LKUS_physical_order_cancel,phoneCountry,2
0056,LKUS_physical_order_cancel,reviewRepeat,2
0056,LKUS_physical_order_cancel,realIpCountry,2
0056,LKUS_physical_order_cancel,realIpProvince,2
0056,LKUS_physical_order_cancel,recaptchaV3Token,2
0056,LKUS_physical_order_cancel,recaptchaV3Action,2
0056,LKUS_physical_order_cancel,recaptchaV3Enabled,2
0056,LKUS_physical_order_cancel,cancelTypeEnumIndex,2
0056,LKUS_login,app,13
0056,LKUS_login,cid,15
0056,LKUS_login,uid,15
0056,LKUS_login,realIp,15
0056,LKUS_login,tenant,15
0056,LKUS_login,userNo,15
0056,LKUS_login,phoneNo,15
0056,LKUS_login,version,15
0056,LKUS_login,userAgent,15
0056,LKUS_login,realIpCity,15
0056,LKUS_login,countryCode,15
0056,LKUS_login,fullPhoneNo,15
0056,LKUS_login,phoneCountry,15
0056,LKUS_login,reviewRepeat,15
0056,LKUS_login,realIpCountry,15
0056,LKUS_login,realIpProvince,15
0056,LKUS_login,recaptchaV3Token,15
0056,LKUS_login,recaptchaV3Action,15
0056,LKUS_login,recaptchaV3Enabled,15
0056,LKUS_payment,packagingBagPrice,2
0056,LKUS_payment,packagingBagNumber,2
0056,LKUS_grant_new_user_coupon,app,7
0056,LKUS_grant_new_user_coupon,cid,7
0056,LKUS_grant_new_user_coupon,uid,7
0056,LKUS_grant_new_user_coupon,type,7
0056,LKUS_grant_new_user_coupon,extend,7
0056,LKUS_grant_new_user_coupon,origin,7
0056,LKUS_grant_new_user_coupon,realIp,7
0056,LKUS_grant_new_user_coupon,tenant,7
0056,LKUS_grant_new_user_coupon,userNo,7
0056,LKUS_grant_new_user_coupon,phoneNo,7
0056,LKUS_grant_new_user_coupon,readmes,7
0056,LKUS_grant_new_user_coupon,sceneId,7
0056,LKUS_grant_new_user_coupon,version,7
0056,LKUS_grant_new_user_coupon,discounts,7
0056,LKUS_grant_new_user_coupon,userAgent,7
0056,LKUS_grant_new_user_coupon,realIpCity,7
0056,LKUS_grant_new_user_coupon,countryCode,7
0056,LKUS_grant_new_user_coupon,couponNames,7
0056,LKUS_grant_new_user_coupon,couponTypes,7
0056,LKUS_grant_new_user_coupon,fullPhoneNo,7
0056,LKUS_grant_new_user_coupon,isBindPhone,7
0056,LKUS_grant_new_user_coupon,maskPhoneNo,7
0056,LKUS_grant_new_user_coupon,templateIds,7
0056,LKUS_grant_new_user_coupon,templateNos,7
0056,LKUS_grant_new_user_coupon,phoneCountry,7
0056,LKUS_grant_new_user_coupon,registerTime,7
0056,LKUS_grant_new_user_coupon,reviewRepeat,7
0056,LKUS_grant_new_user_coupon,realIpCountry,7
0056,LKUS_grant_new_user_coupon,discountLabels,7
0056,LKUS_grant_new_user_coupon,invitationCode,7
0056,LKUS_grant_new_user_coupon,realIpProvince,7
0056,LKUS_grant_new_user_coupon,recaptchaV3Token,7
0056,LKUS_grant_new_user_coupon,phoneNoEncryption,7
0056,LKUS_grant_new_user_coupon,recaptchaV3Action,7
0056,LKUS_grant_new_user_coupon,recaptchaV3Enabled,7
0056,LKUS_grant_new_user_coupon,couponDenominations,7
0056,LKUS_grant_new_user_coupon,couponDiscountTypes,7
0056,LKUS_grant_new_user_coupon,couponDiscountSubTypes,7
0056,LKUS_grant_new_user_coupon,couponDiscountTypeNames,7
0056,LKUS_push,userNo,2
0057,LKUS_push,app,48
0057,LKUS_push,cid,53
0057,LKUS_push,uid,53
0057,LKUS_push,realIp,53
0057,LKUS_push,tenant,53
0057,LKUS_push,phoneNo,53
0057,LKUS_push,version,53
0057,LKUS_push,userAgent,53
0057,LKUS_push,realIpCity,53
0057,LKUS_push,countryCode,53
0057,LKUS_push,fullPhoneNo,53
0057,LKUS_push,phoneCountry,53
0057,LKUS_push,reviewRepeat,51
0057,LKUS_push,realIpCountry,53
0057,LKUS_push,realIpProvince,53
0057,LKUS_push,recaptchaV3Token,51
0057,LKUS_push,recaptchaV3Action,51
0057,LKUS_push,recaptchaV3Enabled,51
0057,LKUS_physical_order_create,app,36
0057,LKUS_physical_order_create,cid,49
0057,LKUS_physical_order_create,uid,49
0057,LKUS_physical_order_create,realIp,49
0057,LKUS_physical_order_create,shopId,49
0057,LKUS_physical_order_create,tenant,49
0057,LKUS_physical_order_create,userNo,49
0057,LKUS_physical_order_create,isGuest,49
0057,LKUS_physical_order_create,phoneNo,37
0057,LKUS_physical_order_create,version,49
0057,LKUS_physical_order_create,latitude,37
0057,LKUS_physical_order_create,couponNos,33
0057,LKUS_physical_order_create,longitude,37
0057,LKUS_physical_order_create,orderType,49
0057,LKUS_physical_order_create,taxAmount,49
0057,LKUS_physical_order_create,userAgent,49
0057,LKUS_physical_order_create,orderPrice,49
0057,LKUS_physical_order_create,realIpCity,49
0057,LKUS_physical_order_create,countryCode,49
0057,LKUS_physical_order_create,couponNames,33
0057,LKUS_physical_order_create,couponTypes,33
0057,LKUS_physical_order_create,fullPhoneNo,37
0057,LKUS_physical_order_create,shopAddress,49
0057,LKUS_physical_order_create,phoneCountry,37
0057,LKUS_physical_order_create,reviewRepeat,34
0057,LKUS_physical_order_create,shopCityName,49
0057,LKUS_physical_order_create,shopLatitude,49
0057,LKUS_physical_order_create,couponSources,33
0057,LKUS_physical_order_create,isTaxRequired,49
0057,LKUS_physical_order_create,orderSkuCodes,48
0057,LKUS_physical_order_create,orderSpuCodes,48
0057,LKUS_physical_order_create,productAmount,49
0057,LKUS_physical_order_create,realIpCountry,49
0057,LKUS_physical_order_create,shopLongitude,49
0057,LKUS_physical_order_create,realIpProvince,49
0057,LKUS_physical_order_create,recaptchaV3Token,34
0057,LKUS_physical_order_create,couponProposalNos,33
0057,LKUS_physical_order_create,couponTemplateIds,33
0057,LKUS_physical_order_create,recaptchaV3Action,34
0057,LKUS_physical_order_create,couponDenomination,33
0057,LKUS_physical_order_create,recaptchaV3Enabled,34
0057,LKUS_physical_order_create,couponDiscountTypes,33
0057,LKUS_physical_order_create,couponDiscountSubTypes,33
0057,LKUS_payment,app,37
0057,LKUS_payment,cid,50
0057,LKUS_payment,uid,50
0057,LKUS_payment,realIp,50
0057,LKUS_payment,shopId,50
0057,LKUS_payment,tenant,50
0057,LKUS_payment,userNo,50
0057,LKUS_payment,isGuest,50
0057,LKUS_payment,orderNo,50
0057,LKUS_payment,payType,50
0057,LKUS_payment,phoneNo,38
0057,LKUS_payment,version,50
0057,LKUS_payment,payMoney,50
0057,LKUS_payment,orderType,50
0057,LKUS_payment,taxAmount,50
0057,LKUS_payment,userAgent,50
0057,LKUS_payment,orderPrice,50
0057,LKUS_payment,realIpCity,50
0057,LKUS_payment,countryCode,38
0057,LKUS_payment,fullPhoneNo,38
0057,LKUS_payment,phoneCountry,38
0057,LKUS_payment,reviewRepeat,35
0057,LKUS_payment,isTaxRequired,50
0057,LKUS_payment,realIpCountry,50
0057,LKUS_payment,realIpProvince,50
0057,LKUS_payment,recaptchaV3Token,35
0057,LKUS_payment,recaptchaV3Action,35
0057,LKUS_payment,recaptchaV3Enabled,35
0057,LKUS_login,cid,8
0057,LKUS_login,uid,8
0057,LKUS_login,realIp,8
0057,LKUS_login,tenant,8
0057,LKUS_login,userNo,8
0057,LKUS_login,phoneNo,8
0057,LKUS_login,version,8
0057,LKUS_login,userAgent,8
0057,LKUS_login,realIpCity,8
0057,LKUS_login,countryCode,8
0057,LKUS_login,fullPhoneNo,8
0057,LKUS_login,phoneCountry,8
0057,LKUS_login,reviewRepeat,7
0057,LKUS_login,realIpCountry,8
0057,LKUS_login,realIpProvince,8
0057,LKUS_login,recaptchaV3Token,7
0057,LKUS_login,recaptchaV3Action,7
0057,LKUS_login,recaptchaV3Enabled,7
0057,LKUS_physical_order_create,shumeiDevId,12
0057,LKUS_physical_order_create,shumengDevId,12
0057,LKUS_physical_order_create,tongdunBlackBox,12
0057,LKUS_physical_order_create,packageOrderSkuCodes,2
0057,LKUS_physical_order_create,packageOrderSpuCodes,2
0057,LKUS_payment,packagingBagPrice,3
0057,LKUS_payment,packagingBagNumber,3
0057,LKUS_grant_new_user_coupon,cid,4
0057,LKUS_grant_new_user_coupon,uid,4
0057,LKUS_grant_new_user_coupon,type,4
0057,LKUS_grant_new_user_coupon,extend,4
0057,LKUS_grant_new_user_coupon,origin,4
0057,LKUS_grant_new_user_coupon,realIp,4
0057,LKUS_grant_new_user_coupon,tenant,4
0057,LKUS_grant_new_user_coupon,userNo,4
0057,LKUS_grant_new_user_coupon,phoneNo,4
0057,LKUS_grant_new_user_coupon,readmes,4
0057,LKUS_grant_new_user_coupon,sceneId,4
0057,LKUS_grant_new_user_coupon,version,4
0057,LKUS_grant_new_user_coupon,discounts,4
0057,LKUS_grant_new_user_coupon,userAgent,4
0057,LKUS_grant_new_user_coupon,realIpCity,4
0057,LKUS_grant_new_user_coupon,countryCode,4
0057,LKUS_grant_new_user_coupon,couponNames,4
0057,LKUS_grant_new_user_coupon,couponTypes,4
0057,LKUS_grant_new_user_coupon,fullPhoneNo,4
0057,LKUS_grant_new_user_coupon,inviterCode,1
0057,LKUS_grant_new_user_coupon,inviterType,1
0057,LKUS_grant_new_user_coupon,isBindPhone,4
0057,LKUS_grant_new_user_coupon,maskPhoneNo,4
0057,LKUS_grant_new_user_coupon,templateIds,4
0057,LKUS_grant_new_user_coupon,templateNos,4
0057,LKUS_grant_new_user_coupon,inviterPhone,1
0057,LKUS_grant_new_user_coupon,phoneCountry,4
0057,LKUS_grant_new_user_coupon,registerTime,4
0057,LKUS_grant_new_user_coupon,reviewRepeat,4
0057,LKUS_grant_new_user_coupon,inviterUserNo,1
0057,LKUS_grant_new_user_coupon,marketingCode,1
0057,LKUS_grant_new_user_coupon,realIpCountry,4
0057,LKUS_grant_new_user_coupon,discountLabels,4
0057,LKUS_grant_new_user_coupon,invitationCode,4
0057,LKUS_grant_new_user_coupon,realIpProvince,4
0057,LKUS_grant_new_user_coupon,recaptchaV3Token,4
0057,LKUS_grant_new_user_coupon,phoneNoEncryption,4
0057,LKUS_grant_new_user_coupon,recaptchaV3Action,4
0057,LKUS_grant_new_user_coupon,recaptchaV3Enabled,4
0057,LKUS_grant_new_user_coupon,couponDenominations,4
0057,LKUS_grant_new_user_coupon,couponDiscountTypes,4
0057,LKUS_grant_new_user_coupon,invitationActivityNo,1
0057,LKUS_grant_new_user_coupon,couponDiscountSubTypes,4
0057,LKUS_grant_new_user_coupon,couponDiscountTypeNames,4
0057,LKUS_login,app,4
0057,LKUS_register,app,8
0057,LKUS_register,cid,10
0057,LKUS_register,uid,10
0057,LKUS_register,realIp,10
0057,LKUS_register,tenant,10
0057,LKUS_register,phoneNo,10
0057,LKUS_register,version,10
0057,LKUS_register,userAgent,10
0057,LKUS_register,realIpCity,10
0057,LKUS_register,countryCode,10
0057,LKUS_register,fullPhoneNo,10
0057,LKUS_register,phoneCountry,10
0057,LKUS_register,reviewRepeat,10
0057,LKUS_register,realIpCountry,10
0057,LKUS_register,realIpProvince,10
0057,LKUS_register,recaptchaV3Token,10
0057,LKUS_register,recaptchaV3Action,10
0057,LKUS_register,recaptchaV3Enabled,10
0057,LKUS_physical_order_cancel,app,2
0057,LKUS_physical_order_cancel,cid,2
0057,LKUS_physical_order_cancel,uid,2
0057,LKUS_physical_order_cancel,realIp,2
0057,LKUS_physical_order_cancel,shopId,2
0057,LKUS_physical_order_cancel,tenant,2
0057,LKUS_physical_order_cancel,userNo,2
0057,LKUS_physical_order_cancel,isGuest,2
0057,LKUS_physical_order_cancel,orderNo,2
0057,LKUS_physical_order_cancel,phoneNo,2
0057,LKUS_physical_order_cancel,version,2
0057,LKUS_physical_order_cancel,shopCity,2
0057,LKUS_physical_order_cancel,userAgent,2
0057,LKUS_physical_order_cancel,realIpCity,2
0057,LKUS_physical_order_cancel,countryCode,2
0057,LKUS_physical_order_cancel,fullPhoneNo,2
0057,LKUS_physical_order_cancel,totalOfMade,2
0057,LKUS_physical_order_cancel,phoneCountry,2
0057,LKUS_physical_order_cancel,reviewRepeat,2
0057,LKUS_physical_order_cancel,realIpCountry,2
0057,LKUS_physical_order_cancel,realIpProvince,2
0057,LKUS_physical_order_cancel,recaptchaV3Token,2
0057,LKUS_physical_order_cancel,recaptchaV3Action,2
0057,LKUS_physical_order_cancel,recaptchaV3Enabled,2
0057,LKUS_physical_order_cancel,cancelTypeEnumIndex,2
0057,LKUS_grant_new_user_coupon,app,3
0058,LKUS_push,app,17
0058,LKUS_push,cid,20
0058,LKUS_push,uid,20
0058,LKUS_push,realIp,20
0058,LKUS_push,tenant,20
0058,LKUS_push,phoneNo,20
0058,LKUS_push,version,20
0058,LKUS_push,userAgent,20
0058,LKUS_push,realIpCity,20
0058,LKUS_push,countryCode,20
0058,LKUS_push,fullPhoneNo,20
0058,LKUS_push,phoneCountry,20
0058,LKUS_push,reviewRepeat,16
0058,LKUS_push,realIpCountry,20
0058,LKUS_push,realIpProvince,20
0058,LKUS_push,recaptchaV3Token,16
0058,LKUS_push,recaptchaV3Action,16
0058,LKUS_push,recaptchaV3Enabled,16
0058,LKUS_login,app,12
0058,LKUS_login,cid,16
0058,LKUS_login,uid,16
0058,LKUS_login,realIp,16
0058,LKUS_login,tenant,16
0058,LKUS_login,userNo,16
0058,LKUS_login,phoneNo,16
0058,LKUS_login,version,16
0058,LKUS_login,userAgent,16
0058,LKUS_login,realIpCity,16
0058,LKUS_login,countryCode,16
0058,LKUS_login,fullPhoneNo,16
0058,LKUS_login,phoneCountry,16
0058,LKUS_login,reviewRepeat,14
0058,LKUS_login,realIpCountry,16
0058,LKUS_login,realIpProvince,16
0058,LKUS_login,recaptchaV3Token,14
0058,LKUS_login,recaptchaV3Action,14
0058,LKUS_login,recaptchaV3Enabled,14
0058,LKUS_physical_order_create,app,37
0058,LKUS_physical_order_create,cid,48
0058,LKUS_physical_order_create,uid,48
0058,LKUS_physical_order_create,realIp,48
0058,LKUS_physical_order_create,shopId,48
0058,LKUS_physical_order_create,tenant,48
0058,LKUS_physical_order_create,userNo,48
0058,LKUS_physical_order_create,isGuest,48
0058,LKUS_physical_order_create,phoneNo,39
0058,LKUS_physical_order_create,version,48
0058,LKUS_physical_order_create,latitude,38
0058,LKUS_physical_order_create,couponNos,36
0058,LKUS_physical_order_create,longitude,38
0058,LKUS_physical_order_create,orderType,48
0058,LKUS_physical_order_create,taxAmount,48
0058,LKUS_physical_order_create,userAgent,48
0058,LKUS_physical_order_create,orderPrice,48
0058,LKUS_physical_order_create,realIpCity,48
0058,LKUS_physical_order_create,countryCode,48
0058,LKUS_physical_order_create,couponNames,36
0058,LKUS_physical_order_create,couponTypes,36
0058,LKUS_physical_order_create,fullPhoneNo,39
0058,LKUS_physical_order_create,shopAddress,48
0058,LKUS_physical_order_create,phoneCountry,39
0058,LKUS_physical_order_create,reviewRepeat,37
0058,LKUS_physical_order_create,shopCityName,48
0058,LKUS_physical_order_create,shopLatitude,48
0058,LKUS_physical_order_create,couponSources,36
0058,LKUS_physical_order_create,isTaxRequired,48
0058,LKUS_physical_order_create,orderSkuCodes,47
0058,LKUS_physical_order_create,orderSpuCodes,47
0058,LKUS_physical_order_create,productAmount,48
0058,LKUS_physical_order_create,realIpCountry,48
0058,LKUS_physical_order_create,shopLongitude,48
0058,LKUS_physical_order_create,realIpProvince,48
0058,LKUS_physical_order_create,recaptchaV3Token,37
0058,LKUS_physical_order_create,couponProposalNos,36
0058,LKUS_physical_order_create,couponTemplateIds,36
0058,LKUS_physical_order_create,recaptchaV3Action,37
0058,LKUS_physical_order_create,couponDenomination,36
0058,LKUS_physical_order_create,recaptchaV3Enabled,37
0058,LKUS_physical_order_create,couponDiscountTypes,36
0058,LKUS_physical_order_create,couponDiscountSubTypes,36
0058,LKUS_payment,app,37
0058,LKUS_payment,cid,48
0058,LKUS_payment,uid,48
0058,LKUS_payment,realIp,48
0058,LKUS_payment,shopId,48
0058,LKUS_payment,tenant,48
0058,LKUS_payment,userNo,48
0058,LKUS_payment,isGuest,48
0058,LKUS_payment,orderNo,48
0058,LKUS_payment,payType,48
0058,LKUS_payment,phoneNo,39
0058,LKUS_payment,version,48
0058,LKUS_payment,payMoney,48
0058,LKUS_payment,orderType,48
0058,LKUS_payment,taxAmount,48
0058,LKUS_payment,userAgent,48
0058,LKUS_payment,orderPrice,48
0058,LKUS_payment,realIpCity,48
0058,LKUS_payment,countryCode,39
0058,LKUS_payment,fullPhoneNo,39
0058,LKUS_payment,phoneCountry,39
0058,LKUS_payment,reviewRepeat,37
0058,LKUS_payment,isTaxRequired,48
0058,LKUS_payment,realIpCountry,48
0058,LKUS_payment,realIpProvince,48
0058,LKUS_payment,recaptchaV3Token,37
0058,LKUS_payment,recaptchaV3Action,37
0058,LKUS_payment,recaptchaV3Enabled,37
0058,LKUS_grant_new_user_coupon,cid,9
0058,LKUS_grant_new_user_coupon,uid,9
0058,LKUS_grant_new_user_coupon,type,9
0058,LKUS_grant_new_user_coupon,extend,9
0058,LKUS_grant_new_user_coupon,origin,9
0058,LKUS_grant_new_user_coupon,realIp,9
0058,LKUS_grant_new_user_coupon,tenant,9
0058,LKUS_grant_new_user_coupon,userNo,9
0058,LKUS_grant_new_user_coupon,phoneNo,9
0058,LKUS_grant_new_user_coupon,readmes,9
0058,LKUS_grant_new_user_coupon,sceneId,9
0058,LKUS_grant_new_user_coupon,version,9
0058,LKUS_grant_new_user_coupon,discounts,9
0058,LKUS_grant_new_user_coupon,userAgent,9
0058,LKUS_grant_new_user_coupon,realIpCity,9
0058,LKUS_grant_new_user_coupon,countryCode,9
0058,LKUS_grant_new_user_coupon,couponNames,9
0058,LKUS_grant_new_user_coupon,couponTypes,9
0058,LKUS_grant_new_user_coupon,fullPhoneNo,9
0058,LKUS_grant_new_user_coupon,inviterCode,1
0058,LKUS_grant_new_user_coupon,inviterType,1
0058,LKUS_grant_new_user_coupon,isBindPhone,9
0058,LKUS_grant_new_user_coupon,maskPhoneNo,9
0058,LKUS_grant_new_user_coupon,templateIds,9
0058,LKUS_grant_new_user_coupon,templateNos,9
0058,LKUS_grant_new_user_coupon,inviterPhone,1
0058,LKUS_grant_new_user_coupon,phoneCountry,9
0058,LKUS_grant_new_user_coupon,registerTime,9
0058,LKUS_grant_new_user_coupon,reviewRepeat,9
0058,LKUS_grant_new_user_coupon,inviterUserNo,1
0058,LKUS_grant_new_user_coupon,marketingCode,1
0058,LKUS_grant_new_user_coupon,realIpCountry,9
0058,LKUS_grant_new_user_coupon,discountLabels,9
0058,LKUS_grant_new_user_coupon,invitationCode,9
0058,LKUS_grant_new_user_coupon,realIpProvince,9
0058,LKUS_grant_new_user_coupon,recaptchaV3Token,9
0058,LKUS_grant_new_user_coupon,phoneNoEncryption,9
0058,LKUS_grant_new_user_coupon,recaptchaV3Action,9
0058,LKUS_grant_new_user_coupon,recaptchaV3Enabled,9
0058,LKUS_grant_new_user_coupon,couponDenominations,9
0058,LKUS_grant_new_user_coupon,couponDiscountTypes,9
0058,LKUS_grant_new_user_coupon,invitationActivityNo,1
0058,LKUS_grant_new_user_coupon,couponDiscountSubTypes,9
0058,LKUS_grant_new_user_coupon,couponDiscountTypeNames,9
0058,LKUS_physical_order_create,shumeiDevId,10
0058,LKUS_physical_order_create,shumengDevId,10
0058,LKUS_physical_order_create,tongdunBlackBox,10
0058,LKUS_grant_new_user_coupon,app,8
0058,LKUS_register,app,5
0058,LKUS_register,cid,5
0058,LKUS_register,uid,5
0058,LKUS_register,realIp,5
0058,LKUS_register,tenant,5
0058,LKUS_register,phoneNo,5
0058,LKUS_register,version,5
0058,LKUS_register,userAgent,5
0058,LKUS_register,realIpCity,5
0058,LKUS_register,countryCode,5
0058,LKUS_register,fullPhoneNo,5
0058,LKUS_register,phoneCountry,5
0058,LKUS_register,reviewRepeat,5
0058,LKUS_register,realIpCountry,5
0058,LKUS_register,realIpProvince,5
0058,LKUS_register,recaptchaV3Token,5
0058,LKUS_register,recaptchaV3Action,5
0058,LKUS_register,recaptchaV3Enabled,5
0058,LKUS_payment,packagingBagPrice,4
0058,LKUS_payment,packagingBagNumber,4
0058,LKUS_physical_order_create,packageOrderSkuCodes,1
0058,LKUS_physical_order_create,packageOrderSpuCodes,1
0059,LKUS_push,cid,34
0059,LKUS_push,uid,34
0059,LKUS_push,realIp,34
0059,LKUS_push,tenant,34
0059,LKUS_push,phoneNo,34
0059,LKUS_push,version,34
0059,LKUS_push,userAgent,34
0059,LKUS_push,realIpCity,34
0059,LKUS_push,countryCode,34
0059,LKUS_push,fullPhoneNo,34
0059,LKUS_push,phoneCountry,34
0059,LKUS_push,realIpCountry,34
0059,LKUS_push,realIpProvince,34
0059,LKUS_push,app,28
0059,LKUS_push,reviewRepeat,32
0059,LKUS_push,recaptchaV3Token,32
0059,LKUS_push,recaptchaV3Action,32
0059,LKUS_push,recaptchaV3Enabled,32
0059,LKUS_physical_order_create,cid,58
0059,LKUS_physical_order_create,uid,58
0059,LKUS_physical_order_create,realIp,58
0059,LKUS_physical_order_create,shopId,58
0059,LKUS_physical_order_create,tenant,58
0059,LKUS_physical_order_create,userNo,58
0059,LKUS_physical_order_create,isGuest,58
0059,LKUS_physical_order_create,phoneNo,45
0059,LKUS_physical_order_create,version,58
0059,LKUS_physical_order_create,latitude,44
0059,LKUS_physical_order_create,couponNos,43
0059,LKUS_physical_order_create,longitude,44
0059,LKUS_physical_order_create,orderType,58
0059,LKUS_physical_order_create,taxAmount,58
0059,LKUS_physical_order_create,userAgent,58
0059,LKUS_physical_order_create,orderPrice,58
0059,LKUS_physical_order_create,realIpCity,58
0059,LKUS_physical_order_create,countryCode,58
0059,LKUS_physical_order_create,couponNames,43
0059,LKUS_physical_order_create,couponTypes,43
0059,LKUS_physical_order_create,fullPhoneNo,45
0059,LKUS_physical_order_create,shopAddress,58
0059,LKUS_physical_order_create,phoneCountry,45
0059,LKUS_physical_order_create,shopCityName,58
0059,LKUS_physical_order_create,shopLatitude,58
0059,LKUS_physical_order_create,couponSources,43
0059,LKUS_physical_order_create,isTaxRequired,58
0059,LKUS_physical_order_create,orderSkuCodes,58
0059,LKUS_physical_order_create,orderSpuCodes,58
0059,LKUS_physical_order_create,productAmount,58
0059,LKUS_physical_order_create,realIpCountry,58
0059,LKUS_physical_order_create,shopLongitude,58
0059,LKUS_physical_order_create,realIpProvince,58
0059,LKUS_physical_order_create,couponProposalNos,43
0059,LKUS_physical_order_create,couponTemplateIds,43
0059,LKUS_physical_order_create,couponDenomination,43
0059,LKUS_physical_order_create,couponDiscountTypes,43
0059,LKUS_physical_order_create,couponDiscountSubTypes,43
0059,LKUS_payment,cid,60
0059,LKUS_payment,uid,60
0059,LKUS_payment,realIp,60
0059,LKUS_payment,shopId,60
0059,LKUS_payment,tenant,60
0059,LKUS_payment,userNo,60
0059,LKUS_payment,isGuest,60
0059,LKUS_payment,orderNo,60
0059,LKUS_payment,payType,60
0059,LKUS_payment,phoneNo,45
0059,LKUS_payment,version,60
0059,LKUS_payment,payMoney,60
0059,LKUS_payment,orderType,60
0059,LKUS_payment,taxAmount,60
0059,LKUS_payment,userAgent,60
0059,LKUS_payment,orderPrice,60
0059,LKUS_payment,realIpCity,60
0059,LKUS_payment,countryCode,45
0059,LKUS_payment,fullPhoneNo,45
0059,LKUS_payment,phoneCountry,45
0059,LKUS_payment,isTaxRequired,60
0059,LKUS_payment,realIpCountry,60
0059,LKUS_payment,realIpProvince,60
0059,LKUS_physical_order_create,app,42
0059,LKUS_physical_order_create,reviewRepeat,42
0059,LKUS_physical_order_create,recaptchaV3Token,42
0059,LKUS_physical_order_create,recaptchaV3Action,42
0059,LKUS_physical_order_create,recaptchaV3Enabled,42
0059,LKUS_payment,app,42
0059,LKUS_payment,reviewRepeat,42
0059,LKUS_payment,recaptchaV3Token,42
0059,LKUS_payment,recaptchaV3Action,42
0059,LKUS_payment,recaptchaV3Enabled,42
0059,LKUS_physical_order_create,shumeiDevId,14
0059,LKUS_physical_order_create,shumengDevId,14
0059,LKUS_physical_order_create,tongdunBlackBox,14
0059,LKUS_login,app,11
0059,LKUS_login,cid,15
0059,LKUS_login,uid,15
0059,LKUS_login,realIp,15
0059,LKUS_login,tenant,15
0059,LKUS_login,userNo,15
0059,LKUS_login,phoneNo,15
0059,LKUS_login,version,15
0059,LKUS_login,userAgent,15
0059,LKUS_login,realIpCity,15
0059,LKUS_login,countryCode,15
0059,LKUS_login,fullPhoneNo,15
0059,LKUS_login,phoneCountry,15
0059,LKUS_login,reviewRepeat,13
0059,LKUS_login,realIpCountry,15
0059,LKUS_login,realIpProvince,15
0059,LKUS_login,recaptchaV3Token,13
0059,LKUS_login,recaptchaV3Action,13
0059,LKUS_login,recaptchaV3Enabled,13
0059,LKUS_grant_new_user_coupon,app,10
0059,LKUS_grant_new_user_coupon,cid,12
0059,LKUS_grant_new_user_coupon,uid,12
0059,LKUS_grant_new_user_coupon,type,12
0059,LKUS_grant_new_user_coupon,extend,12
0059,LKUS_grant_new_user_coupon,origin,12
0059,LKUS_grant_new_user_coupon,realIp,12
0059,LKUS_grant_new_user_coupon,tenant,12
0059,LKUS_grant_new_user_coupon,userNo,12
0059,LKUS_grant_new_user_coupon,phoneNo,12
0059,LKUS_grant_new_user_coupon,readmes,12
0059,LKUS_grant_new_user_coupon,sceneId,12
0059,LKUS_grant_new_user_coupon,version,12
0059,LKUS_grant_new_user_coupon,discounts,12
0059,LKUS_grant_new_user_coupon,userAgent,12
0059,LKUS_grant_new_user_coupon,realIpCity,12
0059,LKUS_grant_new_user_coupon,countryCode,12
0059,LKUS_grant_new_user_coupon,couponNames,12
0059,LKUS_grant_new_user_coupon,couponTypes,12
0059,LKUS_grant_new_user_coupon,fullPhoneNo,12
0059,LKUS_grant_new_user_coupon,isBindPhone,12
0059,LKUS_grant_new_user_coupon,maskPhoneNo,12
0059,LKUS_grant_new_user_coupon,templateIds,12
0059,LKUS_grant_new_user_coupon,templateNos,12
0059,LKUS_grant_new_user_coupon,phoneCountry,12
0059,LKUS_grant_new_user_coupon,registerTime,12
0059,LKUS_grant_new_user_coupon,reviewRepeat,12
0059,LKUS_grant_new_user_coupon,realIpCountry,12
0059,LKUS_grant_new_user_coupon,discountLabels,12
0059,LKUS_grant_new_user_coupon,invitationCode,12
0059,LKUS_grant_new_user_coupon,realIpProvince,12
0059,LKUS_grant_new_user_coupon,recaptchaV3Token,12
0059,LKUS_grant_new_user_coupon,phoneNoEncryption,12
0059,LKUS_grant_new_user_coupon,recaptchaV3Action,12
0059,LKUS_grant_new_user_coupon,recaptchaV3Enabled,12
0059,LKUS_grant_new_user_coupon,couponDenominations,12
0059,LKUS_grant_new_user_coupon,couponDiscountTypes,12
0059,LKUS_grant_new_user_coupon,couponDiscountSubTypes,12
0059,LKUS_grant_new_user_coupon,couponDiscountTypeNames,12
0059,LKUS_physical_order_create,packageOrderSkuCodes,1
0059,LKUS_physical_order_create,packageOrderSpuCodes,1
0059,LKUS_grant_new_user_coupon,inviterCode,1
0059,LKUS_grant_new_user_coupon,inviterType,1
0059,LKUS_grant_new_user_coupon,inviterPhone,1
0059,LKUS_grant_new_user_coupon,inviterUserNo,1
0059,LKUS_grant_new_user_coupon,marketingCode,1
0059,LKUS_grant_new_user_coupon,invitationActivityNo,1
0059,LKUS_register,cid,7
0059,LKUS_register,uid,7
0059,LKUS_register,realIp,7
0059,LKUS_register,tenant,7
0059,LKUS_register,phoneNo,7
0059,LKUS_register,version,7
0059,LKUS_register,userAgent,7
0059,LKUS_register,realIpCity,7
0059,LKUS_register,countryCode,7
0059,LKUS_register,fullPhoneNo,7
0059,LKUS_register,phoneCountry,7
0059,LKUS_register,reviewRepeat,7
0059,LKUS_register,realIpCountry,7
0059,LKUS_register,realIpProvince,7
0059,LKUS_register,recaptchaV3Token,7
0059,LKUS_register,recaptchaV3Action,7
0059,LKUS_register,recaptchaV3Enabled,7
0059,LKUS_physical_order_cancel,app,1
0059,LKUS_physical_order_cancel,cid,1
0059,LKUS_physical_order_cancel,uid,1
0059,LKUS_physical_order_cancel,realIp,1
0059,LKUS_physical_order_cancel,shopId,1
0059,LKUS_physical_order_cancel,tenant,1
0059,LKUS_physical_order_cancel,userNo,1
0059,LKUS_physical_order_cancel,isGuest,1
0059,LKUS_physical_order_cancel,orderNo,1
0059,LKUS_physical_order_cancel,phoneNo,1
0059,LKUS_physical_order_cancel,version,1
0059,LKUS_physical_order_cancel,shopCity,1
0059,LKUS_physical_order_cancel,userAgent,1
0059,LKUS_physical_order_cancel,realIpCity,1
0059,LKUS_physical_order_cancel,countryCode,1
0059,LKUS_physical_order_cancel,fullPhoneNo,1
0059,LKUS_physical_order_cancel,totalOfMade,1
0059,LKUS_physical_order_cancel,phoneCountry,1
0059,LKUS_physical_order_cancel,reviewRepeat,1
0059,LKUS_physical_order_cancel,realIpCountry,1
0059,LKUS_physical_order_cancel,realIpProvince,1
0059,LKUS_physical_order_cancel,recaptchaV3Token,1
0059,LKUS_physical_order_cancel,recaptchaV3Action,1
0059,LKUS_physical_order_cancel,recaptchaV3Enabled,1
0059,LKUS_physical_order_cancel,cancelTypeEnumIndex,1
0059,LKUS_push,userNo,2
0059,LKUS_register,app,3
0060,LKUS_push,app,51
0060,LKUS_push,cid,53
0060,LKUS_push,uid,53
0060,LKUS_push,realIp,53
0060,LKUS_push,tenant,53
0060,LKUS_push,phoneNo,53
0060,LKUS_push,version,53
0060,LKUS_push,userAgent,53
0060,LKUS_push,realIpCity,53
0060,LKUS_push,countryCode,53
0060,LKUS_push,fullPhoneNo,53
0060,LKUS_push,phoneCountry,53
0060,LKUS_push,reviewRepeat,53
0060,LKUS_push,realIpCountry,53
0060,LKUS_push,realIpProvince,53
0060,LKUS_push,recaptchaV3Token,53
0060,LKUS_push,recaptchaV3Action,53
0060,LKUS_push,recaptchaV3Enabled,53
0060,LKUS_physical_order_create,app,35
0060,LKUS_physical_order_create,cid,44
0060,LKUS_physical_order_create,uid,44
0060,LKUS_physical_order_create,realIp,44
0060,LKUS_physical_order_create,shopId,44
0060,LKUS_physical_order_create,tenant,44
0060,LKUS_physical_order_create,userNo,44
0060,LKUS_physical_order_create,isGuest,44
0060,LKUS_physical_order_create,phoneNo,36
0060,LKUS_physical_order_create,version,44
0060,LKUS_physical_order_create,latitude,35
0060,LKUS_physical_order_create,longitude,35
0060,LKUS_physical_order_create,orderType,44
0060,LKUS_physical_order_create,taxAmount,44
0060,LKUS_physical_order_create,userAgent,44
0060,LKUS_physical_order_create,orderPrice,44
0060,LKUS_physical_order_create,realIpCity,44
0060,LKUS_physical_order_create,countryCode,44
0060,LKUS_physical_order_create,fullPhoneNo,36
0060,LKUS_physical_order_create,shopAddress,44
0060,LKUS_physical_order_create,phoneCountry,36
0060,LKUS_physical_order_create,reviewRepeat,35
0060,LKUS_physical_order_create,shopCityName,44
0060,LKUS_physical_order_create,shopLatitude,44
0060,LKUS_physical_order_create,isTaxRequired,44
0060,LKUS_physical_order_create,productAmount,44
0060,LKUS_physical_order_create,realIpCountry,44
0060,LKUS_physical_order_create,shopLongitude,44
0060,LKUS_physical_order_create,realIpProvince,44
0060,LKUS_physical_order_create,recaptchaV3Token,35
0060,LKUS_physical_order_create,recaptchaV3Action,35
0060,LKUS_physical_order_create,recaptchaV3Enabled,35
0060,LKUS_physical_order_create,packageOrderSkuCodes,3
0060,LKUS_physical_order_create,packageOrderSpuCodes,3
0060,LKUS_payment,app,35
0060,LKUS_payment,cid,44
0060,LKUS_payment,uid,44
0060,LKUS_payment,realIp,44
0060,LKUS_payment,shopId,44
0060,LKUS_payment,tenant,44
0060,LKUS_payment,userNo,44
0060,LKUS_payment,isGuest,44
0060,LKUS_payment,orderNo,44
0060,LKUS_payment,payType,44
0060,LKUS_payment,phoneNo,36
0060,LKUS_payment,version,44
0060,LKUS_payment,payMoney,44
0060,LKUS_payment,orderType,44
0060,LKUS_payment,taxAmount,44
0060,LKUS_payment,userAgent,44
0060,LKUS_payment,orderPrice,44
0060,LKUS_payment,realIpCity,44
0060,LKUS_payment,countryCode,36
0060,LKUS_payment,fullPhoneNo,36
0060,LKUS_payment,phoneCountry,36
0060,LKUS_payment,reviewRepeat,35
0060,LKUS_payment,isTaxRequired,44
0060,LKUS_payment,realIpCountry,44
0060,LKUS_payment,realIpProvince,44
0060,LKUS_payment,recaptchaV3Token,35
0060,LKUS_payment,recaptchaV3Action,35
0060,LKUS_payment,recaptchaV3Enabled,35
0060,LKUS_register,app,5
0060,LKUS_register,cid,6
0060,LKUS_register,uid,6
0060,LKUS_register,realIp,6
0060,LKUS_register,tenant,6
0060,LKUS_register,phoneNo,6
0060,LKUS_register,version,6
0060,LKUS_register,userAgent,6
0060,LKUS_register,realIpCity,6
0060,LKUS_register,countryCode,6
0060,LKUS_register,fullPhoneNo,6
0060,LKUS_register,phoneCountry,6
0060,LKUS_register,reviewRepeat,6
0060,LKUS_register,realIpCountry,6
0060,LKUS_register,realIpProvince,6
0060,LKUS_register,recaptchaV3Token,6
0060,LKUS_register,recaptchaV3Action,6
0060,LKUS_register,recaptchaV3Enabled,6
0060,LKUS_login,cid,17
0060,LKUS_login,uid,17
0060,LKUS_login,realIp,17
0060,LKUS_login,tenant,17
0060,LKUS_login,userNo,17
0060,LKUS_login,phoneNo,17
0060,LKUS_login,version,17
0060,LKUS_login,userAgent,17
0060,LKUS_login,realIpCity,17
0060,LKUS_login,countryCode,17
0060,LKUS_login,fullPhoneNo,17
0060,LKUS_login,phoneCountry,17
0060,LKUS_login,realIpCountry,17
0060,LKUS_login,realIpProvince,17
0060,LKUS_physical_order_create,shumeiDevId,9
0060,LKUS_physical_order_create,shumengDevId,9
0060,LKUS_physical_order_create,orderSkuCodes,41
0060,LKUS_physical_order_create,orderSpuCodes,41
0060,LKUS_physical_order_create,tongdunBlackBox,9
0060,LKUS_physical_order_create,couponNos,31
0060,LKUS_physical_order_create,couponNames,31
0060,LKUS_physical_order_create,couponTypes,31
0060,LKUS_physical_order_create,couponSources,31
0060,LKUS_physical_order_create,couponProposalNos,31
0060,LKUS_physical_order_create,couponTemplateIds,31
0060,LKUS_physical_order_create,couponDenomination,31
0060,LKUS_physical_order_create,couponDiscountTypes,31
0060,LKUS_physical_order_create,couponDiscountSubTypes,31
0060,LKUS_login,app,13
0060,LKUS_login,reviewRepeat,16
0060,LKUS_login,recaptchaV3Token,16
0060,LKUS_login,recaptchaV3Action,16
0060,LKUS_login,recaptchaV3Enabled,16
0060,LKUS_payment,packagingBagPrice,1
0060,LKUS_payment,packagingBagNumber,1
0060,LKUS_grant_new_user_coupon,app,4
0060,LKUS_grant_new_user_coupon,cid,6
0060,LKUS_grant_new_user_coupon,uid,6
0060,LKUS_grant_new_user_coupon,type,6
0060,LKUS_grant_new_user_coupon,extend,6
0060,LKUS_grant_new_user_coupon,origin,6
0060,LKUS_grant_new_user_coupon,realIp,6
0060,LKUS_grant_new_user_coupon,tenant,6
0060,LKUS_grant_new_user_coupon,userNo,6
0060,LKUS_grant_new_user_coupon,phoneNo,6
0060,LKUS_grant_new_user_coupon,readmes,6
0060,LKUS_grant_new_user_coupon,sceneId,6
0060,LKUS_grant_new_user_coupon,version,6
0060,LKUS_grant_new_user_coupon,discounts,6
0060,LKUS_grant_new_user_coupon,userAgent,6
0060,LKUS_grant_new_user_coupon,realIpCity,6
0060,LKUS_grant_new_user_coupon,countryCode,6
0060,LKUS_grant_new_user_coupon,couponNames,6
0060,LKUS_grant_new_user_coupon,couponTypes,6
0060,LKUS_grant_new_user_coupon,fullPhoneNo,6
0060,LKUS_grant_new_user_coupon,isBindPhone,6
0060,LKUS_grant_new_user_coupon,maskPhoneNo,6
0060,LKUS_grant_new_user_coupon,templateIds,6
0060,LKUS_grant_new_user_coupon,templateNos,6
0060,LKUS_grant_new_user_coupon,phoneCountry,6
0060,LKUS_grant_new_user_coupon,registerTime,6
0060,LKUS_grant_new_user_coupon,reviewRepeat,6
0060,LKUS_grant_new_user_coupon,realIpCountry,6
0060,LKUS_grant_new_user_coupon,discountLabels,6
0060,LKUS_grant_new_user_coupon,invitationCode,6
0060,LKUS_grant_new_user_coupon,realIpProvince,6
0060,LKUS_grant_new_user_coupon,recaptchaV3Token,6
0060,LKUS_grant_new_user_coupon,phoneNoEncryption,6
0060,LKUS_grant_new_user_coupon,recaptchaV3Action,6
0060,LKUS_grant_new_user_coupon,recaptchaV3Enabled,6
0060,LKUS_grant_new_user_coupon,couponDenominations,6
0060,LKUS_grant_new_user_coupon,couponDiscountTypes,6
0060,LKUS_grant_new_user_coupon,couponDiscountSubTypes,6
0060,LKUS_grant_new_user_coupon,couponDiscountTypeNames,6
0060,LKUS_grant_new_user_coupon,inviterCode,2
0060,LKUS_grant_new_user_coupon,inviterType,2
0060,LKUS_grant_new_user_coupon,inviterPhone,2
0060,LKUS_grant_new_user_coupon,inviterUserNo,2
0060,LKUS_grant_new_user_coupon,marketingCode,2
0060,LKUS_grant_new_user_coupon,invitationActivityNo,2
0061,LKUS_push,app,23
0061,LKUS_push,cid,25
0061,LKUS_push,uid,25
0061,LKUS_push,realIp,25
0061,LKUS_push,tenant,25
0061,LKUS_push,phoneNo,25
0061,LKUS_push,version,25
0061,LKUS_push,userAgent,25
0061,LKUS_push,realIpCity,25
0061,LKUS_push,countryCode,25
0061,LKUS_push,fullPhoneNo,25
0061,LKUS_push,phoneCountry,25
0061,LKUS_push,reviewRepeat,24
0061,LKUS_push,realIpCountry,25
0061,LKUS_push,realIpProvince,25
0061,LKUS_push,recaptchaV3Token,24
0061,LKUS_push,recaptchaV3Action,24
0061,LKUS_push,recaptchaV3Enabled,24
0061,LKUS_physical_order_create,app,36
0061,LKUS_physical_order_create,cid,47
0061,LKUS_physical_order_create,uid,47
0061,LKUS_physical_order_create,realIp,47
0061,LKUS_physical_order_create,shopId,47
0061,LKUS_physical_order_create,tenant,47
0061,LKUS_physical_order_create,userNo,47
0061,LKUS_physical_order_create,isGuest,47
0061,LKUS_physical_order_create,phoneNo,38
0061,LKUS_physical_order_create,version,47
0061,LKUS_physical_order_create,latitude,36
0061,LKUS_physical_order_create,longitude,36
0061,LKUS_physical_order_create,orderType,47
0061,LKUS_physical_order_create,taxAmount,47
0061,LKUS_physical_order_create,userAgent,47
0061,LKUS_physical_order_create,orderPrice,47
0061,LKUS_physical_order_create,realIpCity,47
0061,LKUS_physical_order_create,countryCode,47
0061,LKUS_physical_order_create,fullPhoneNo,38
0061,LKUS_physical_order_create,shopAddress,47
0061,LKUS_physical_order_create,phoneCountry,38
0061,LKUS_physical_order_create,reviewRepeat,36
0061,LKUS_physical_order_create,shopCityName,47
0061,LKUS_physical_order_create,shopLatitude,47
0061,LKUS_physical_order_create,isTaxRequired,47
0061,LKUS_physical_order_create,orderSkuCodes,45
0061,LKUS_physical_order_create,orderSpuCodes,45
0061,LKUS_physical_order_create,productAmount,47
0061,LKUS_physical_order_create,realIpCountry,47
0061,LKUS_physical_order_create,shopLongitude,47
0061,LKUS_physical_order_create,realIpProvince,47
0061,LKUS_physical_order_create,recaptchaV3Token,36
0061,LKUS_physical_order_create,recaptchaV3Action,36
0061,LKUS_physical_order_create,recaptchaV3Enabled,36
0061,LKUS_payment,app,34
0061,LKUS_payment,cid,45
0061,LKUS_payment,uid,45
0061,LKUS_payment,realIp,45
0061,LKUS_payment,shopId,45
0061,LKUS_payment,tenant,45
0061,LKUS_payment,userNo,45
0061,LKUS_payment,isGuest,45
0061,LKUS_payment,orderNo,45
0061,LKUS_payment,payType,45
0061,LKUS_payment,phoneNo,36
0061,LKUS_payment,version,45
0061,LKUS_payment,payMoney,45
0061,LKUS_payment,orderType,45
0061,LKUS_payment,taxAmount,45
0061,LKUS_payment,userAgent,45
0061,LKUS_payment,orderPrice,45
0061,LKUS_payment,realIpCity,45
0061,LKUS_payment,countryCode,36
0061,LKUS_payment,fullPhoneNo,36
0061,LKUS_payment,phoneCountry,36
0061,LKUS_payment,reviewRepeat,34
0061,LKUS_payment,isTaxRequired,45
0061,LKUS_payment,realIpCountry,45
0061,LKUS_payment,realIpProvince,45
0061,LKUS_payment,recaptchaV3Token,34
0061,LKUS_payment,recaptchaV3Action,34
0061,LKUS_payment,recaptchaV3Enabled,34
0061,LKUS_physical_order_create,couponNos,29
0061,LKUS_physical_order_create,couponNames,29
0061,LKUS_physical_order_create,couponTypes,29
0061,LKUS_physical_order_create,couponSources,29
0061,LKUS_physical_order_create,couponProposalNos,29
0061,LKUS_physical_order_create,couponTemplateIds,29
0061,LKUS_physical_order_create,couponDenomination,29
0061,LKUS_physical_order_create,couponDiscountTypes,29
0061,LKUS_physical_order_create,couponDiscountSubTypes,29
0061,LKUS_physical_order_create,packageOrderSkuCodes,3
0061,LKUS_physical_order_create,packageOrderSpuCodes,3
0061,LKUS_physical_order_cancel,app,2
0061,LKUS_physical_order_cancel,cid,2
0061,LKUS_physical_order_cancel,uid,2
0061,LKUS_physical_order_cancel,realIp,2
0061,LKUS_physical_order_cancel,shopId,2
0061,LKUS_physical_order_cancel,tenant,2
0061,LKUS_physical_order_cancel,userNo,2
0061,LKUS_physical_order_cancel,isGuest,2
0061,LKUS_physical_order_cancel,orderNo,2
0061,LKUS_physical_order_cancel,phoneNo,2
0061,LKUS_physical_order_cancel,version,2
0061,LKUS_physical_order_cancel,shopCity,2
0061,LKUS_physical_order_cancel,userAgent,2
0061,LKUS_physical_order_cancel,realIpCity,2
0061,LKUS_physical_order_cancel,countryCode,2
0061,LKUS_physical_order_cancel,fullPhoneNo,2
0061,LKUS_physical_order_cancel,totalOfMade,2
0061,LKUS_physical_order_cancel,phoneCountry,2
0061,LKUS_physical_order_cancel,reviewRepeat,2
0061,LKUS_physical_order_cancel,realIpCountry,2
0061,LKUS_physical_order_cancel,realIpProvince,2
0061,LKUS_physical_order_cancel,recaptchaV3Token,2
0061,LKUS_physical_order_cancel,recaptchaV3Action,2
0061,LKUS_physical_order_cancel,recaptchaV3Enabled,2
0061,LKUS_physical_order_cancel,cancelTypeEnumIndex,2
0061,LKUS_physical_order_create,shumeiDevId,11
0061,LKUS_physical_order_create,shumengDevId,11
0061,LKUS_physical_order_create,tongdunBlackBox,11
0061,LKUS_register,cid,6
0061,LKUS_register,uid,6
0061,LKUS_register,realIp,6
0061,LKUS_register,tenant,6
0061,LKUS_register,phoneNo,6
0061,LKUS_register,version,6
0061,LKUS_register,userAgent,6
0061,LKUS_register,realIpCity,6
0061,LKUS_register,countryCode,6
0061,LKUS_register,fullPhoneNo,6
0061,LKUS_register,phoneCountry,6
0061,LKUS_register,reviewRepeat,6
0061,LKUS_register,realIpCountry,6
0061,LKUS_register,realIpProvince,6
0061,LKUS_register,recaptchaV3Token,6
0061,LKUS_register,recaptchaV3Action,6
0061,LKUS_register,recaptchaV3Enabled,6
0061,LKUS_register,app,5
0061,LKUS_login,cid,8
0061,LKUS_login,uid,8
0061,LKUS_login,realIp,8
0061,LKUS_login,tenant,8
0061,LKUS_login,userNo,8
0061,LKUS_login,phoneNo,8
0061,LKUS_login,version,8
0061,LKUS_login,userAgent,8
0061,LKUS_login,realIpCity,8
0061,LKUS_login,countryCode,8
0061,LKUS_login,fullPhoneNo,8
0061,LKUS_login,phoneCountry,8
0061,LKUS_login,realIpCountry,8
0061,LKUS_login,realIpProvince,8
0061,LKUS_login,app,5
0061,LKUS_login,reviewRepeat,6
0061,LKUS_login,recaptchaV3Token,6
0061,LKUS_login,recaptchaV3Action,6
0061,LKUS_login,recaptchaV3Enabled,6
0061,LKUS_grant_new_user_coupon,app,4
0061,LKUS_grant_new_user_coupon,cid,5
0061,LKUS_grant_new_user_coupon,uid,5
0061,LKUS_grant_new_user_coupon,type,5
0061,LKUS_grant_new_user_coupon,extend,5
0061,LKUS_grant_new_user_coupon,origin,5
0061,LKUS_grant_new_user_coupon,realIp,5
0061,LKUS_grant_new_user_coupon,tenant,5
0061,LKUS_grant_new_user_coupon,userNo,5
0061,LKUS_grant_new_user_coupon,phoneNo,5
0061,LKUS_grant_new_user_coupon,readmes,5
0061,LKUS_grant_new_user_coupon,sceneId,5
0061,LKUS_grant_new_user_coupon,version,5
0061,LKUS_grant_new_user_coupon,discounts,5
0061,LKUS_grant_new_user_coupon,userAgent,5
0061,LKUS_grant_new_user_coupon,realIpCity,5
0061,LKUS_grant_new_user_coupon,countryCode,5
0061,LKUS_grant_new_user_coupon,couponNames,5
0061,LKUS_grant_new_user_coupon,couponTypes,5
0061,LKUS_grant_new_user_coupon,fullPhoneNo,5
0061,LKUS_grant_new_user_coupon,isBindPhone,5
0061,LKUS_grant_new_user_coupon,maskPhoneNo,5
0061,LKUS_grant_new_user_coupon,templateIds,5
0061,LKUS_grant_new_user_coupon,templateNos,5
0061,LKUS_grant_new_user_coupon,phoneCountry,5
0061,LKUS_grant_new_user_coupon,registerTime,5
0061,LKUS_grant_new_user_coupon,reviewRepeat,5
0061,LKUS_grant_new_user_coupon,realIpCountry,5
0061,LKUS_grant_new_user_coupon,discountLabels,5
0061,LKUS_grant_new_user_coupon,invitationCode,5
0061,LKUS_grant_new_user_coupon,realIpProvince,5
0061,LKUS_grant_new_user_coupon,recaptchaV3Token,5
0061,LKUS_grant_new_user_coupon,phoneNoEncryption,5
0061,LKUS_grant_new_user_coupon,recaptchaV3Action,5
0061,LKUS_grant_new_user_coupon,recaptchaV3Enabled,5
0061,LKUS_grant_new_user_coupon,couponDenominations,5
0061,LKUS_grant_new_user_coupon,couponDiscountTypes,5
0061,LKUS_grant_new_user_coupon,couponDiscountSubTypes,5
0061,LKUS_grant_new_user_coupon,couponDiscountTypeNames,5
0061,LKUS_grant_new_user_coupon,inviterCode,1
0061,LKUS_grant_new_user_coupon,inviterType,1
0061,LKUS_grant_new_user_coupon,inviterPhone,1
0061,LKUS_grant_new_user_coupon,inviterUserNo,1
0061,LKUS_grant_new_user_coupon,marketingCode,1
0061,LKUS_grant_new_user_coupon,invitationActivityNo,1
0061,LKUS_push,userNo,1
0062,LKUS_push,app,45
0062,LKUS_push,cid,49
0062,LKUS_push,uid,49
0062,LKUS_push,realIp,49
0062,LKUS_push,tenant,49
0062,LKUS_push,phoneNo,49
0062,LKUS_push,version,49
0062,LKUS_push,userAgent,49
0062,LKUS_push,realIpCity,49
0062,LKUS_push,countryCode,49
0062,LKUS_push,fullPhoneNo,49
0062,LKUS_push,phoneCountry,49
0062,LKUS_push,reviewRepeat,46
0062,LKUS_push,realIpCountry,49
0062,LKUS_push,realIpProvince,49
0062,LKUS_push,recaptchaV3Token,46
0062,LKUS_push,recaptchaV3Action,46
0062,LKUS_push,recaptchaV3Enabled,46
0062,LKUS_login,app,10
0062,LKUS_login,cid,13
0062,LKUS_login,uid,13
0062,LKUS_login,realIp,13
0062,LKUS_login,tenant,13
0062,LKUS_login,userNo,13
0062,LKUS_login,phoneNo,13
0062,LKUS_login,version,13
0062,LKUS_login,userAgent,13
0062,LKUS_login,realIpCity,13
0062,LKUS_login,countryCode,13
0062,LKUS_login,fullPhoneNo,13
0062,LKUS_login,phoneCountry,13
0062,LKUS_login,reviewRepeat,10
0062,LKUS_login,realIpCountry,13
0062,LKUS_login,realIpProvince,13
0062,LKUS_login,recaptchaV3Token,10
0062,LKUS_login,recaptchaV3Action,10
0062,LKUS_login,recaptchaV3Enabled,10
0062,LKUS_grant_new_user_coupon,app,5
0062,LKUS_grant_new_user_coupon,cid,5
0062,LKUS_grant_new_user_coupon,uid,5
0062,LKUS_grant_new_user_coupon,type,5
0062,LKUS_grant_new_user_coupon,extend,5
0062,LKUS_grant_new_user_coupon,origin,5
0062,LKUS_grant_new_user_coupon,realIp,5
0062,LKUS_grant_new_user_coupon,tenant,5
0062,LKUS_grant_new_user_coupon,userNo,5
0062,LKUS_grant_new_user_coupon,phoneNo,5
0062,LKUS_grant_new_user_coupon,readmes,5
0062,LKUS_grant_new_user_coupon,sceneId,5
0062,LKUS_grant_new_user_coupon,version,5
0062,LKUS_grant_new_user_coupon,discounts,5
0062,LKUS_grant_new_user_coupon,userAgent,5
0062,LKUS_grant_new_user_coupon,realIpCity,5
0062,LKUS_grant_new_user_coupon,countryCode,5
0062,LKUS_grant_new_user_coupon,couponNames,5
0062,LKUS_grant_new_user_coupon,couponTypes,5
0062,LKUS_grant_new_user_coupon,fullPhoneNo,5
0062,LKUS_grant_new_user_coupon,isBindPhone,5
0062,LKUS_grant_new_user_coupon,maskPhoneNo,5
0062,LKUS_grant_new_user_coupon,templateIds,5
0062,LKUS_grant_new_user_coupon,templateNos,5
0062,LKUS_grant_new_user_coupon,phoneCountry,5
0062,LKUS_grant_new_user_coupon,registerTime,5
0062,LKUS_grant_new_user_coupon,reviewRepeat,5
0062,LKUS_grant_new_user_coupon,realIpCountry,5
0062,LKUS_grant_new_user_coupon,discountLabels,5
0062,LKUS_grant_new_user_coupon,invitationCode,5
0062,LKUS_grant_new_user_coupon,realIpProvince,5
0062,LKUS_grant_new_user_coupon,recaptchaV3Token,5
0062,LKUS_grant_new_user_coupon,phoneNoEncryption,5
0062,LKUS_grant_new_user_coupon,recaptchaV3Action,5
0062,LKUS_grant_new_user_coupon,recaptchaV3Enabled,5
0062,LKUS_grant_new_user_coupon,couponDenominations,5
0062,LKUS_grant_new_user_coupon,couponDiscountTypes,5
0062,LKUS_grant_new_user_coupon,couponDiscountSubTypes,5
0062,LKUS_grant_new_user_coupon,couponDiscountTypeNames,5
0062,LKUS_register,app,9
0062,LKUS_register,cid,11
0062,LKUS_register,uid,11
0062,LKUS_register,realIp,11
0062,LKUS_register,tenant,11
0062,LKUS_register,phoneNo,11
0062,LKUS_register,version,11
0062,LKUS_register,userAgent,11
0062,LKUS_register,realIpCity,11
0062,LKUS_register,countryCode,11
0062,LKUS_register,fullPhoneNo,11
0062,LKUS_register,phoneCountry,11
0062,LKUS_register,reviewRepeat,10
0062,LKUS_register,realIpCountry,11
0062,LKUS_register,realIpProvince,11
0062,LKUS_register,recaptchaV3Token,10
0062,LKUS_register,recaptchaV3Action,10
0062,LKUS_register,recaptchaV3Enabled,10
0062,LKUS_payment,cid,34
0062,LKUS_payment,uid,34
0062,LKUS_payment,realIp,34
0062,LKUS_payment,shopId,34
0062,LKUS_payment,tenant,34
0062,LKUS_payment,userNo,34
0062,LKUS_payment,isGuest,34
0062,LKUS_payment,orderNo,34
0062,LKUS_payment,payType,34
0062,LKUS_payment,version,34
0062,LKUS_payment,payMoney,34
0062,LKUS_payment,orderType,34
0062,LKUS_payment,taxAmount,34
0062,LKUS_payment,userAgent,34
0062,LKUS_payment,orderPrice,34
0062,LKUS_payment,realIpCity,34
0062,LKUS_payment,isTaxRequired,34
0062,LKUS_payment,realIpCountry,34
0062,LKUS_payment,realIpProvince,34
0062,LKUS_physical_order_create,cid,33
0062,LKUS_physical_order_create,uid,33
0062,LKUS_physical_order_create,realIp,33
0062,LKUS_physical_order_create,shopId,33
0062,LKUS_physical_order_create,tenant,33
0062,LKUS_physical_order_create,userNo,33
0062,LKUS_physical_order_create,isGuest,33
0062,LKUS_physical_order_create,version,33
0062,LKUS_physical_order_create,orderType,33
0062,LKUS_physical_order_create,taxAmount,33
0062,LKUS_physical_order_create,userAgent,33
0062,LKUS_physical_order_create,orderPrice,32
0062,LKUS_physical_order_create,realIpCity,33
0062,LKUS_physical_order_create,countryCode,33
0062,LKUS_physical_order_create,shopAddress,33
0062,LKUS_physical_order_create,shumeiDevId,11
0062,LKUS_physical_order_create,shopCityName,33
0062,LKUS_physical_order_create,shopLatitude,33
0062,LKUS_physical_order_create,shumengDevId,11
0062,LKUS_physical_order_create,isTaxRequired,33
0062,LKUS_physical_order_create,orderSkuCodes,33
0062,LKUS_physical_order_create,orderSpuCodes,33
0062,LKUS_physical_order_create,productAmount,33
0062,LKUS_physical_order_create,realIpCountry,33
0062,LKUS_physical_order_create,shopLongitude,33
0062,LKUS_physical_order_create,realIpProvince,33
0062,LKUS_physical_order_create,tongdunBlackBox,11
0062,LKUS_physical_order_create,phoneNo,24
0062,LKUS_physical_order_create,fullPhoneNo,24
0062,LKUS_physical_order_create,phoneCountry,24
0062,LKUS_payment,phoneNo,24
0062,LKUS_payment,countryCode,24
0062,LKUS_payment,fullPhoneNo,24
0062,LKUS_payment,phoneCountry,24
0062,LKUS_physical_order_create,app,22
0062,LKUS_physical_order_create,latitude,22
0062,LKUS_physical_order_create,couponNos,22
0062,LKUS_physical_order_create,longitude,22
0062,LKUS_physical_order_create,couponNames,22
0062,LKUS_physical_order_create,couponTypes,22
0062,LKUS_physical_order_create,reviewRepeat,20
0062,LKUS_physical_order_create,couponSources,22
0062,LKUS_physical_order_create,recaptchaV3Token,20
0062,LKUS_physical_order_create,couponProposalNos,22
0062,LKUS_physical_order_create,couponTemplateIds,22
0062,LKUS_physical_order_create,recaptchaV3Action,20
0062,LKUS_physical_order_create,couponDenomination,22
0062,LKUS_physical_order_create,recaptchaV3Enabled,20
0062,LKUS_physical_order_create,couponDiscountTypes,22
0062,LKUS_physical_order_create,couponDiscountSubTypes,22
0062,LKUS_payment,app,22
0062,LKUS_payment,reviewRepeat,20
0062,LKUS_payment,recaptchaV3Token,20
0062,LKUS_payment,recaptchaV3Action,20
0062,LKUS_payment,recaptchaV3Enabled,20
0062,LKUS_push,userNo,2
0063,LKUS_push,app,36
0063,LKUS_push,cid,40
0063,LKUS_push,uid,40
0063,LKUS_push,realIp,40
0063,LKUS_push,tenant,40
0063,LKUS_push,phoneNo,40
0063,LKUS_push,version,40
0063,LKUS_push,userAgent,40
0063,LKUS_push,realIpCity,40
0063,LKUS_push,countryCode,40
0063,LKUS_push,fullPhoneNo,40
0063,LKUS_push,phoneCountry,40
0063,LKUS_push,reviewRepeat,39
0063,LKUS_push,realIpCountry,40
0063,LKUS_push,realIpProvince,40
0063,LKUS_push,recaptchaV3Token,39
0063,LKUS_push,recaptchaV3Action,39
0063,LKUS_push,recaptchaV3Enabled,39
0063,LKUS_physical_order_create,app,41
0063,LKUS_physical_order_create,cid,54
0063,LKUS_physical_order_create,uid,54
0063,LKUS_physical_order_create,realIp,54
0063,LKUS_physical_order_create,shopId,54
0063,LKUS_physical_order_create,tenant,54
0063,LKUS_physical_order_create,userNo,54
0063,LKUS_physical_order_create,isGuest,54
0063,LKUS_physical_order_create,phoneNo,43
0063,LKUS_physical_order_create,version,54
0063,LKUS_physical_order_create,latitude,43
0063,LKUS_physical_order_create,couponNos,40
0063,LKUS_physical_order_create,longitude,43
0063,LKUS_physical_order_create,orderType,54
0063,LKUS_physical_order_create,taxAmount,54
0063,LKUS_physical_order_create,userAgent,54
0063,LKUS_physical_order_create,orderPrice,53
0063,LKUS_physical_order_create,realIpCity,54
0063,LKUS_physical_order_create,countryCode,54
0063,LKUS_physical_order_create,couponNames,40
0063,LKUS_physical_order_create,couponTypes,40
0063,LKUS_physical_order_create,fullPhoneNo,43
0063,LKUS_physical_order_create,shopAddress,54
0063,LKUS_physical_order_create,phoneCountry,43
0063,LKUS_physical_order_create,reviewRepeat,38
0063,LKUS_physical_order_create,shopCityName,54
0063,LKUS_physical_order_create,shopLatitude,54
0063,LKUS_physical_order_create,couponSources,40
0063,LKUS_physical_order_create,isTaxRequired,54
0063,LKUS_physical_order_create,orderSkuCodes,54
0063,LKUS_physical_order_create,orderSpuCodes,54
0063,LKUS_physical_order_create,productAmount,54
0063,LKUS_physical_order_create,realIpCountry,54
0063,LKUS_physical_order_create,shopLongitude,54
0063,LKUS_physical_order_create,realIpProvince,54
0063,LKUS_physical_order_create,recaptchaV3Token,38
0063,LKUS_physical_order_create,couponProposalNos,40
0063,LKUS_physical_order_create,couponTemplateIds,40
0063,LKUS_physical_order_create,recaptchaV3Action,38
0063,LKUS_physical_order_create,couponDenomination,40
0063,LKUS_physical_order_create,recaptchaV3Enabled,38
0063,LKUS_physical_order_create,couponDiscountTypes,40
0063,LKUS_physical_order_create,couponDiscountSubTypes,40
0063,LKUS_payment,app,39
0063,LKUS_payment,cid,52
0063,LKUS_payment,uid,52
0063,LKUS_payment,realIp,52
0063,LKUS_payment,shopId,52
0063,LKUS_payment,tenant,52
0063,LKUS_payment,userNo,52
0063,LKUS_payment,isGuest,52
0063,LKUS_payment,orderNo,52
0063,LKUS_payment,payType,52
0063,LKUS_payment,phoneNo,41
0063,LKUS_payment,version,52
0063,LKUS_payment,payMoney,52
0063,LKUS_payment,orderType,52
0063,LKUS_payment,taxAmount,52
0063,LKUS_payment,userAgent,52
0063,LKUS_payment,orderPrice,52
0063,LKUS_payment,realIpCity,52
0063,LKUS_payment,countryCode,41
0063,LKUS_payment,fullPhoneNo,41
0063,LKUS_payment,phoneCountry,41
0063,LKUS_payment,reviewRepeat,36
0063,LKUS_payment,isTaxRequired,52
0063,LKUS_payment,realIpCountry,52
0063,LKUS_payment,realIpProvince,52
0063,LKUS_payment,recaptchaV3Token,36
0063,LKUS_payment,packagingBagPrice,1
0063,LKUS_payment,recaptchaV3Action,36
0063,LKUS_payment,packagingBagNumber,1
0063,LKUS_payment,recaptchaV3Enabled,36
0063,LKUS_login,app,8
0063,LKUS_login,cid,10
0063,LKUS_login,uid,10
0063,LKUS_login,realIp,10
0063,LKUS_login,tenant,10
0063,LKUS_login,userNo,10
0063,LKUS_login,phoneNo,10
0063,LKUS_login,version,10
0063,LKUS_login,userAgent,10
0063,LKUS_login,realIpCity,10
0063,LKUS_login,countryCode,10
0063,LKUS_login,fullPhoneNo,10
0063,LKUS_login,phoneCountry,10
0063,LKUS_login,reviewRepeat,7
0063,LKUS_login,realIpCountry,10
0063,LKUS_login,realIpProvince,10
0063,LKUS_login,recaptchaV3Token,7
0063,LKUS_login,recaptchaV3Action,7
0063,LKUS_login,recaptchaV3Enabled,7
0063,LKUS_physical_order_create,shumeiDevId,11
0063,LKUS_physical_order_create,shumengDevId,11
0063,LKUS_physical_order_create,tongdunBlackBox,11
0063,LKUS_grant_new_user_coupon,app,4
0063,LKUS_grant_new_user_coupon,cid,4
0063,LKUS_grant_new_user_coupon,uid,4
0063,LKUS_grant_new_user_coupon,type,4
0063,LKUS_grant_new_user_coupon,extend,4
0063,LKUS_grant_new_user_coupon,origin,4
0063,LKUS_grant_new_user_coupon,realIp,4
0063,LKUS_grant_new_user_coupon,tenant,4
0063,LKUS_grant_new_user_coupon,userNo,4
0063,LKUS_grant_new_user_coupon,phoneNo,4
0063,LKUS_grant_new_user_coupon,readmes,4
0063,LKUS_grant_new_user_coupon,sceneId,4
0063,LKUS_grant_new_user_coupon,version,4
0063,LKUS_grant_new_user_coupon,discounts,4
0063,LKUS_grant_new_user_coupon,userAgent,4
0063,LKUS_grant_new_user_coupon,realIpCity,4
0063,LKUS_grant_new_user_coupon,countryCode,4
0063,LKUS_grant_new_user_coupon,couponNames,4
0063,LKUS_grant_new_user_coupon,couponTypes,4
0063,LKUS_grant_new_user_coupon,fullPhoneNo,4
0063,LKUS_grant_new_user_coupon,isBindPhone,4
0063,LKUS_grant_new_user_coupon,maskPhoneNo,4
0063,LKUS_grant_new_user_coupon,templateIds,4
0063,LKUS_grant_new_user_coupon,templateNos,4
0063,LKUS_grant_new_user_coupon,phoneCountry,4
0063,LKUS_grant_new_user_coupon,registerTime,4
0063,LKUS_grant_new_user_coupon,reviewRepeat,4
0063,LKUS_grant_new_user_coupon,realIpCountry,4
0063,LKUS_grant_new_user_coupon,discountLabels,4
0063,LKUS_grant_new_user_coupon,invitationCode,4
0063,LKUS_grant_new_user_coupon,realIpProvince,4
0063,LKUS_grant_new_user_coupon,recaptchaV3Token,4
0063,LKUS_grant_new_user_coupon,phoneNoEncryption,4
0063,LKUS_grant_new_user_coupon,recaptchaV3Action,4
0063,LKUS_grant_new_user_coupon,recaptchaV3Enabled,4
0063,LKUS_grant_new_user_coupon,couponDenominations,4
0063,LKUS_grant_new_user_coupon,couponDiscountTypes,4
0063,LKUS_grant_new_user_coupon,couponDiscountSubTypes,4
0063,LKUS_grant_new_user_coupon,couponDiscountTypeNames,4
0063,LKUS_physical_order_cancel,app,2
0063,LKUS_physical_order_cancel,cid,2
0063,LKUS_physical_order_cancel,uid,2
0063,LKUS_physical_order_cancel,realIp,2
0063,LKUS_physical_order_cancel,shopId,2
0063,LKUS_physical_order_cancel,tenant,2
0063,LKUS_physical_order_cancel,userNo,2
0063,LKUS_physical_order_cancel,isGuest,2
0063,LKUS_physical_order_cancel,orderNo,2
0063,LKUS_physical_order_cancel,phoneNo,2
0063,LKUS_physical_order_cancel,version,2
0063,LKUS_physical_order_cancel,shopCity,2
0063,LKUS_physical_order_cancel,userAgent,2
0063,LKUS_physical_order_cancel,realIpCity,2
0063,LKUS_physical_order_cancel,countryCode,2
0063,LKUS_physical_order_cancel,fullPhoneNo,2
0063,LKUS_physical_order_cancel,totalOfMade,2
0063,LKUS_physical_order_cancel,phoneCountry,2
0063,LKUS_physical_order_cancel,reviewRepeat,2
0063,LKUS_physical_order_cancel,realIpCountry,2
0063,LKUS_physical_order_cancel,realIpProvince,2
0063,LKUS_physical_order_cancel,recaptchaV3Token,2
0063,LKUS_physical_order_cancel,recaptchaV3Action,2
0063,LKUS_physical_order_cancel,recaptchaV3Enabled,2
0063,LKUS_physical_order_cancel,cancelTypeEnumIndex,2
0063,LKUS_register,cid,3
0063,LKUS_register,uid,3
0063,LKUS_register,realIp,3
0063,LKUS_register,tenant,3
0063,LKUS_register,phoneNo,3
0063,LKUS_register,version,3
0063,LKUS_register,userAgent,3
0063,LKUS_register,realIpCity,3
0063,LKUS_register,countryCode,3
0063,LKUS_register,fullPhoneNo,3
0063,LKUS_register,phoneCountry,3
0063,LKUS_register,reviewRepeat,3
0063,LKUS_register,realIpCountry,3
0063,LKUS_register,realIpProvince,3
0063,LKUS_register,recaptchaV3Token,3
0063,LKUS_register,recaptchaV3Action,3
0063,LKUS_register,recaptchaV3Enabled,3
0063,LKUS_register,app,2
0063,LKUS_push,userNo,1
