name,window_start_utc,shards,batch,seconds,rows
p0_timing_b1,2026-09-26 04:00:00,0000..0000,1,0.1643,49
p0_timing_b1,2026-09-26 04:00:00,0001..0001,1,0.1195,47
p0_timing_b1,2026-09-26 04:00:00,0002..0002,1,0.1411,47
p0_timing_b1,2026-09-26 04:00:00,0003..0003,1,0.1015,47
p0_timing_b1,2026-09-26 04:00:00,0004..0004,1,0.1637,49
p0_timing_b1,2026-09-26 04:00:00,0005..0005,1,0.1001,47
p0_timing_b1,2026-09-26 04:00:00,0006..0006,1,0.2013,48
p0_timing_b1,2026-09-26 04:00:00,0007..0007,1,0.1578,47
p0_timing_b1,2026-09-26 04:00:00,0008..0008,1,0.1082,48
p0_timing_b1,2026-09-26 04:00:00,0009..0009,1,0.1459,51
p0_timing_b1,2026-09-26 04:00:00,0010..0010,1,0.1244,47
p0_timing_b1,2026-09-26 04:00:00,0011..0011,1,0.1595,47
p0_timing_b1,2026-09-26 04:00:00,0012..0012,1,0.1502,49
p0_timing_b1,2026-09-26 04:00:00,0013..0013,1,0.1213,48
p0_timing_b1,2026-09-26 04:00:00,0014..0014,1,0.1265,48
p0_timing_b1,2026-09-26 04:00:00,0015..0015,1,0.1853,47
p0_timing_b1,2026-09-26 04:00:00,0016..0016,1,0.091,47
p0_timing_b1,2026-09-26 04:00:00,0017..0017,1,0.4215,48
p0_timing_b1,2026-09-26 04:00:00,0018..0018,1,0.1267,48
p0_timing_b1,2026-09-26 04:00:00,0019..0019,1,0.1639,47
p0_timing_b1,2026-09-26 04:00:00,0020..0020,1,0.1499,49
p0_timing_b1,2026-09-26 04:00:00,0021..0021,1,0.1668,47
p0_timing_b1,2026-09-26 04:00:00,0022..0022,1,0.1717,48
p0_timing_b1,2026-09-26 04:00:00,0023..0023,1,0.175,48
p0_timing_b1,2026-09-26 04:00:00,0024..0024,1,0.1066,46
p0_timing_b1,2026-09-26 04:00:00,0025..0025,1,0.1395,45
p0_timing_b1,2026-09-26 04:00:00,0026..0026,1,0.154,48
p0_timing_b1,2026-09-26 04:00:00,0027..0027,1,0.1457,48
p0_timing_b1,2026-09-26 04:00:00,0028..0028,1,0.168,48
p0_timing_b1,2026-09-26 04:00:00,0029..0029,1,0.1523,49
p0_timing_b1,2026-09-26 04:00:00,0030..0030,1,0.1397,47
p0_timing_b1,2026-09-26 04:00:00,0031..0031,1,0.0843,48
p0_timing_b1,2026-09-26 04:00:00,0032..0032,1,0.1296,47
p0_timing_b1,2026-09-26 04:00:00,0033..0033,1,0.2216,48
p0_timing_b1,2026-09-26 04:00:00,0034..0034,1,0.1207,47
p0_timing_b1,2026-09-26 04:00:00,0035..0035,1,0.1072,47
p0_timing_b1,2026-09-26 04:00:00,0036..0036,1,0.1479,48
p0_timing_b1,2026-09-26 04:00:00,0037..0037,1,0.141,48
p0_timing_b1,2026-09-26 04:00:00,0038..0038,1,0.1043,48
p0_timing_b1,2026-09-26 04:00:00,0039..0039,1,0.0974,47
p0_timing_b1,2026-09-26 04:00:00,0040..0040,1,0.1466,49
p0_timing_b1,2026-09-26 04:00:00,0041..0041,1,0.1653,47
p0_timing_b1,2026-09-26 04:00:00,0042..0042,1,0.121,49
p0_timing_b1,2026-09-26 04:00:00,0043..0043,1,0.1125,47
p0_timing_b1,2026-09-26 04:00:00,0044..0044,1,0.1045,47
p0_timing_b1,2026-09-26 04:00:00,0045..0045,1,0.1097,48
p0_timing_b1,2026-09-26 04:00:00,0046..0046,1,0.1169,47
p0_timing_b1,2026-09-26 04:00:00,0047..0047,1,0.1406,48
p0_timing_b1,2026-09-26 04:00:00,0048..0048,1,0.1168,49
p0_timing_b1,2026-09-26 04:00:00,0049..0049,1,0.152,48
p0_timing_b1,2026-09-26 04:00:00,0050..0050,1,0.1294,48
p0_timing_b1,2026-09-26 04:00:00,0051..0051,1,0.1005,48
p0_timing_b1,2026-09-26 04:00:00,0052..0052,1,0.1499,47
p0_timing_b1,2026-09-26 04:00:00,0053..0053,1,0.1748,49
p0_timing_b1,2026-09-26 04:00:00,0054..0054,1,0.1394,47
p0_timing_b1,2026-09-26 04:00:00,0055..0055,1,0.1417,47
p0_timing_b1,2026-09-26 04:00:00,0056..0056,1,0.1639,48
p0_timing_b1,2026-09-26 04:00:00,0057..0057,1,0.1551,47
p0_timing_b1,2026-09-26 04:00:00,0058..0058,1,0.1219,47
p0_timing_b1,2026-09-26 04:00:00,0059..0059,1,0.1553,49
p0_timing_b1,2026-09-26 04:00:00,0060..0060,1,0.1392,45
p0_timing_b1,2026-09-26 04:00:00,0061..0061,1,0.0863,46
p0_timing_b1,2026-09-26 04:00:00,0062..0062,1,0.1173,49
p0_timing_b1,2026-09-26 04:00:00,0063..0063,1,0.1144,48
p0_timing_b4,2026-09-26 04:00:00,0000..0003,4,0.0995,190
p0_timing_b4,2026-09-26 04:00:00,0004..0007,4,0.1201,191
p0_timing_b4,2026-09-26 04:00:00,0008..0011,4,0.1099,193
p0_timing_b4,2026-09-26 04:00:00,0012..0015,4,0.1084,192
p0_timing_b4,2026-09-26 04:00:00,0016..0019,4,0.0946,190
p0_timing_b4,2026-09-26 04:00:00,0020..0023,4,0.1521,192
p0_timing_b4,2026-09-26 04:00:00,0024..0027,4,0.107,187
p0_timing_b4,2026-09-26 04:00:00,0028..0031,4,0.0893,192
p0_timing_b4,2026-09-26 04:00:00,0032..0035,4,0.1048,189
p0_timing_b4,2026-09-26 04:00:00,0036..0039,4,0.0973,191
p0_timing_b4,2026-09-26 04:00:00,0040..0043,4,0.1011,192
p0_timing_b4,2026-09-26 04:00:00,0044..0047,4,0.092,190
p0_timing_b4,2026-09-26 04:00:00,0048..0051,4,0.0994,193
p0_timing_b4,2026-09-26 04:00:00,0052..0055,4,0.1265,190
p0_timing_b4,2026-09-26 04:00:00,0056..0059,4,0.0964,191
p0_timing_b4,2026-09-26 04:00:00,0060..0063,4,0.1022,188
p0_timing_b8,2026-09-26 04:00:00,0000..0007,8,0.2175,381
p0_timing_b8,2026-09-26 04:00:00,0008..0015,8,0.2108,385
p0_timing_b8,2026-09-26 04:00:00,0016..0023,8,0.2335,382
p0_timing_b8,2026-09-26 04:00:00,0024..0031,8,0.2118,379
p0_timing_b8,2026-09-26 04:00:00,0032..0039,8,0.1932,380
p0_timing_b8,2026-09-26 04:00:00,0040..0047,8,0.1867,382
p0_timing_b8,2026-09-26 04:00:00,0048..0055,8,0.2234,383
p0_timing_b8,2026-09-26 04:00:00,0056..0063,8,0.1907,379
p0_timing_b16,2026-09-26 04:00:00,0000..0015,16,0.4231,766
p0_timing_b16,2026-09-26 04:00:00,0016..0031,16,0.3999,761
p0_timing_b16,2026-09-26 04:00:00,0032..0047,16,0.4141,762
p0_timing_b16,2026-09-26 04:00:00,0048..0063,16,0.4019,762
p0_runner_validation,2026-09-26 04:00:00,0000..0000,1,0.0041,7
p1_freshness,2026-09-27 04:00:00,0000..0015,16,0.01,16
p1_freshness,2026-09-27 04:00:00,0016..0031,16,0.0083,16
p1_freshness,2026-09-27 04:00:00,0032..0047,16,0.007,16
p1_freshness,2026-09-27 04:00:00,0048..0063,16,0.007,16
p1_freshness,2026-09-27 05:00:00,0000..0015,16,0.0072,16
p1_freshness,2026-09-27 05:00:00,0016..0031,16,0.0071,16
p1_freshness,2026-09-27 05:00:00,0032..0047,16,0.0069,16
p1_freshness,2026-09-27 05:00:00,0048..0063,16,0.0067,16
p1_freshness,2026-09-27 06:00:00,0000..0015,16,0.0067,16
p1_freshness,2026-09-27 06:00:00,0016..0031,16,0.0071,16
p1_freshness,2026-09-27 06:00:00,0032..0047,16,0.007,16
p1_freshness,2026-09-27 06:00:00,0048..0063,16,0.0067,16
p1_freshness,2026-09-27 07:00:00,0000..0015,16,0.0066,16
p1_freshness,2026-09-27 07:00:00,0016..0031,16,0.0067,16
p1_freshness,2026-09-27 07:00:00,0032..0047,16,0.0068,16
p1_freshness,2026-09-27 07:00:00,0048..0063,16,0.0068,16
p1_freshness,2026-09-27 08:00:00,0000..0015,16,0.0069,16
p1_freshness,2026-09-27 08:00:00,0016..0031,16,0.0069,16
p1_freshness,2026-09-27 08:00:00,0032..0047,16,0.0067,16
p1_freshness,2026-09-27 08:00:00,0048..0063,16,0.007,16
p1_freshness,2026-09-27 09:00:00,0000..0015,16,0.0068,16
p1_freshness,2026-09-27 09:00:00,0016..0031,16,0.0068,16
p1_freshness,2026-09-27 09:00:00,0032..0047,16,0.0067,16
p1_freshness,2026-09-27 09:00:00,0048..0063,16,0.0068,16
p1_freshness,2026-09-27 10:00:00,0000..0015,16,0.0065,16
p1_freshness,2026-09-27 10:00:00,0016..0031,16,0.0066,16
p1_freshness,2026-09-27 10:00:00,0032..0047,16,0.0065,16
p1_freshness,2026-09-27 10:00:00,0048..0063,16,0.0067,16
p1_row_profile,2026-09-26 04:00:00,0000..0015,16,1.9975,104
p1_row_profile,2026-09-26 04:00:00,0016..0031,16,1.9873,102
p1_row_profile,2026-09-26 04:00:00,0032..0047,16,1.8259,103
p1_row_profile,2026-09-26 04:00:00,0048..0063,16,2.265,106
p1_payload_size,2026-09-26 04:00:00,0000..0015,16,0.9593,104
p1_payload_size,2026-09-26 04:00:00,0016..0031,16,0.9425,102
p1_payload_size,2026-09-26 04:00:00,0032..0047,16,0.8888,103
p1_payload_size,2026-09-26 04:00:00,0048..0063,16,0.9302,106
p1_keys_para,2026-09-26 04:00:00,0000..0015,16,0.3139,3003
p1_keys_para,2026-09-26 04:00:00,0016..0031,16,0.2975,2920
p1_keys_para,2026-09-26 04:00:00,0032..0047,16,0.2862,2954
p1_keys_para,2026-09-26 04:00:00,0048..0063,16,0.3094,3035
p1_keys_re,2026-09-26 04:00:00,0000..0015,16,1.2553,1330
p1_keys_re,2026-09-26 04:00:00,0016..0031,16,1.2989,1306
p1_keys_re,2026-09-26 04:00:00,0032..0047,16,1.1625,1309
p1_keys_re,2026-09-26 04:00:00,0048..0063,16,1.2376,1356
p1_keys_request,2026-09-26 04:00:00,0000..0015,16,0.2054,2251
p1_keys_request,2026-09-26 04:00:00,0016..0031,16,0.2001,2196
p1_keys_request,2026-09-26 04:00:00,0032..0047,16,0.196,2237
p1_keys_request,2026-09-26 04:00:00,0048..0063,16,0.2085,2297
p1_keys_response,2026-09-26 04:00:00,0000..0015,16,0.0499,417
p1_keys_response,2026-09-26 04:00:00,0016..0031,16,0.0495,410
p1_keys_response,2026-09-26 04:00:00,0032..0047,16,0.0478,413
p1_keys_response,2026-09-26 04:00:00,0048..0063,16,0.0493,425
p1_keys_req_top,2026-09-26 04:00:00,0000..0015,16,0.08,312
p1_keys_req_top,2026-09-26 04:00:00,0016..0031,16,0.0792,306
p1_keys_req_top,2026-09-26 04:00:00,0032..0047,16,0.0765,309
p1_keys_req_top,2026-09-26 04:00:00,0048..0063,16,0.0794,318
p1_keys_resp_top,2026-09-26 04:00:00,0000..0015,16,0.5489,416
p1_keys_resp_top,2026-09-26 04:00:00,0016..0031,16,0.4604,408
p1_keys_resp_top,2026-09-26 04:00:00,0032..0047,16,0.5795,412
p1_keys_resp_top,2026-09-26 04:00:00,0048..0063,16,0.4593,424
p1_keys_extend,2026-09-26 04:00:00,0000..0015,16,0.0344,94
p1_keys_extend,2026-09-26 04:00:00,0016..0031,16,0.0317,88
p1_keys_extend,2026-09-26 04:00:00,0032..0047,16,0.0383,92
p1_keys_extend,2026-09-26 04:00:00,0048..0063,16,0.0314,98
p1_keys_hitStrategy_elem,2026-09-26 04:00:00,0000..0015,16,1.1047,420
p1_keys_hitStrategy_elem,2026-09-26 04:00:00,0016..0031,16,1.0932,406
p1_keys_hitStrategy_elem,2026-09-26 04:00:00,0032..0047,16,1.0969,385
p1_keys_hitStrategy_elem,2026-09-26 04:00:00,0048..0063,16,1.0692,434
p1_keys_hitPreOnlineStrategy_elem,2026-09-26 04:00:00,0000..0015,16,1.1398,231
p1_keys_hitPreOnlineStrategy_elem,2026-09-26 04:00:00,0016..0031,16,1.1649,238
p1_keys_hitPreOnlineStrategy_elem,2026-09-26 04:00:00,0032..0047,16,1.0344,231
p1_keys_hitPreOnlineStrategy_elem,2026-09-26 04:00:00,0048..0063,16,1.1072,231
p1_keys_hitBreakStrategy_elem,2026-09-26 04:00:00,0000..0015,16,1.0583,0
p1_keys_hitBreakStrategy_elem,2026-09-26 04:00:00,0016..0031,16,1.0689,0
p1_keys_hitBreakStrategy_elem,2026-09-26 04:00:00,0032..0047,16,0.9699,0
p1_keys_hitBreakStrategy_elem,2026-09-26 04:00:00,0048..0063,16,1.025,0
p1_keys_featureDetail_elem,2026-09-26 04:00:00,0000..0015,16,2.2556,624
p1_keys_featureDetail_elem,2026-09-26 04:00:00,0016..0031,16,2.6525,612
p1_keys_featureDetail_elem,2026-09-26 04:00:00,0032..0047,16,2.2116,618
p1_keys_featureDetail_elem,2026-09-26 04:00:00,0048..0063,16,2.2842,636
p1_keys_featureDetail_comments,2026-09-26 04:00:00,0000..0015,16,1.2684,65
p1_keys_featureDetail_comments,2026-09-26 04:00:00,0016..0031,16,1.1444,66
p1_keys_featureDetail_comments,2026-09-26 04:00:00,0032..0047,16,1.0595,65
p1_keys_featureDetail_comments,2026-09-26 04:00:00,0048..0063,16,1.1282,65
p1_keys_ruleDetail_elem,2026-09-26 04:00:00,0000..0015,16,3.4975,624
p1_keys_ruleDetail_elem,2026-09-26 04:00:00,0016..0023,8,1.6337,306
p1_keys_ruleDetail_elem,2026-09-26 04:00:00,0024..0031,8,1.5148,306
p1_keys_ruleDetail_elem,2026-09-26 04:00:00,0032..0039,8,1.5217,324
p1_keys_ruleDetail_elem,2026-09-26 04:00:00,0040..0047,8,1.6238,294
p1_keys_ruleDetail_elem,2026-09-26 04:00:00,0048..0055,8,1.6288,318
p1_keys_ruleDetail_elem,2026-09-26 04:00:00,0056..0063,8,1.4969,318
p1_chk_consistency,2026-09-20 04:00:00,0000..0015,16,3.709,83
p1_chk_consistency,2026-09-20 04:00:00,0016..0023,8,1.6805,44
p1_chk_consistency,2026-09-20 04:00:00,0024..0031,8,1.928,42
p1_chk_consistency,2026-09-20 04:00:00,0032..0039,8,1.5001,46
p1_chk_consistency,2026-09-20 04:00:00,0040..0047,8,1.7126,42
p1_chk_consistency,2026-09-20 04:00:00,0048..0055,8,2.0587,44
p1_chk_consistency,2026-09-20 04:00:00,0056..0063,8,1.6678,45
p1_chk_consistency,2026-09-21 04:00:00,0000..0007,8,2.793,54
p1_chk_consistency,2026-09-21 04:00:00,0008..0015,8,3.164,58
p1_chk_consistency,2026-09-21 04:00:00,0016..0019,4,1.3695,23
p1_chk_consistency,2026-09-21 04:00:00,0020..0023,4,1.7021,27
p1_chk_consistency,2026-09-21 04:00:00,0024..0027,4,1.4209,26
p1_chk_consistency,2026-09-21 04:00:00,0028..0031,4,1.2725,24
p1_chk_consistency,2026-09-21 04:00:00,0032..0035,4,1.4906,28
p1_chk_consistency,2026-09-21 04:00:00,0036..0039,4,1.4365,25
p1_chk_consistency,2026-09-21 04:00:00,0040..0043,4,1.3157,30
p1_chk_consistency,2026-09-21 04:00:00,0044..0047,4,1.7069,28
p1_chk_consistency,2026-09-21 04:00:00,0048..0051,4,1.5187,26
p1_chk_consistency,2026-09-21 04:00:00,0052..0055,4,1.1893,26
p1_chk_consistency,2026-09-21 04:00:00,0056..0059,4,1.8029,25
p1_chk_consistency,2026-09-21 04:00:00,0060..0063,4,1.5042,30
p1_chk_consistency,2026-09-22 04:00:00,0000..0003,4,1.4614,25
p1_chk_consistency,2026-09-22 04:00:00,0004..0007,4,1.4929,26
p1_chk_consistency,2026-09-22 04:00:00,0008..0011,4,1.3798,22
p1_chk_consistency,2026-09-22 04:00:00,0012..0015,4,1.5518,30
p1_chk_consistency,2026-09-22 04:00:00,0016..0019,4,1.7486,33
p1_chk_consistency,2026-09-22 04:00:00,0020..0023,4,1.9514,37
p1_chk_consistency,2026-09-22 04:00:00,0024..0027,4,1.5434,32
p1_chk_consistency,2026-09-22 04:00:00,0028..0031,4,1.627,29
p1_chk_consistency,2026-09-22 04:00:00,0032..0035,4,1.5466,34
p1_chk_consistency,2026-09-22 04:00:00,0036..0039,4,1.6537,30
p1_chk_consistency,2026-09-22 04:00:00,0040..0043,4,1.3518,28
p1_chk_consistency,2026-09-22 04:00:00,0044..0047,4,1.7132,30
p1_chk_consistency,2026-09-22 04:00:00,0048..0051,4,1.7029,35
p1_chk_consistency,2026-09-22 04:00:00,0052..0055,4,1.3917,25
p1_chk_consistency,2026-09-22 04:00:00,0056..0059,4,1.6554,28
p1_chk_consistency,2026-09-22 04:00:00,0060..0063,4,1.6183,24
p1_chk_consistency,2026-09-23 04:00:00,0000..0003,4,1.4912,25
p1_chk_consistency,2026-09-23 04:00:00,0004..0007,4,1.4728,26
p1_chk_consistency,2026-09-23 04:00:00,0008..0011,4,1.6913,31
p1_chk_consistency,2026-09-23 04:00:00,0012..0015,4,1.5092,29
p1_chk_consistency,2026-09-23 04:00:00,0016..0019,4,1.5678,28
p1_chk_consistency,2026-09-23 04:00:00,0020..0023,4,2.1087,31
p1_chk_consistency,2026-09-23 04:00:00,0024..0027,4,1.484,28
p1_chk_consistency,2026-09-23 04:00:00,0028..0031,4,1.4386,33
p1_chk_consistency,2026-09-23 04:00:00,0032..0035,4,1.6235,27
p1_chk_consistency,2026-09-23 04:00:00,0036..0039,4,1.712,32
p1_chk_consistency,2026-09-23 04:00:00,0040..0043,4,1.3179,26
p1_chk_consistency,2026-09-23 04:00:00,0044..0047,4,1.3323,26
p1_chk_consistency,2026-09-23 04:00:00,0048..0051,4,1.4538,29
p1_chk_consistency,2026-09-23 04:00:00,0052..0055,4,1.3391,31
p1_chk_consistency,2026-09-23 04:00:00,0056..0059,4,1.4231,30
p1_chk_consistency,2026-09-23 04:00:00,0060..0063,4,1.6997,34
p1_chk_consistency,2026-09-24 04:00:00,0000..0003,4,1.0619,27
p1_chk_consistency,2026-09-24 04:00:00,0004..0007,4,0.6301,24
p1_chk_consistency,2026-09-24 04:00:00,0008..0011,4,0.3291,26
p1_chk_consistency,2026-09-24 04:00:00,0012..0015,4,0.374,26
p1_chk_consistency,2026-09-24 04:00:00,0016..0019,4,0.3214,25
p1_chk_consistency,2026-09-24 04:00:00,0020..0023,4,0.3676,27
p1_chk_consistency,2026-09-24 04:00:00,0024..0027,4,0.3544,29
p1_chk_consistency,2026-09-24 04:00:00,0028..0031,4,0.3978,28
p1_chk_consistency,2026-09-24 04:00:00,0032..0035,4,0.3196,30
p1_chk_consistency,2026-09-24 04:00:00,0036..0039,4,0.3288,25
p1_chk_consistency,2026-09-24 04:00:00,0040..0043,4,0.3095,29
p1_chk_consistency,2026-09-24 04:00:00,0044..0047,4,0.3144,23
p1_chk_consistency,2026-09-24 04:00:00,0048..0051,4,0.4299,27
p1_chk_consistency,2026-09-24 04:00:00,0052..0055,4,0.3371,24
p1_chk_consistency,2026-09-24 04:00:00,0056..0059,4,0.4162,28
p1_chk_consistency,2026-09-24 04:00:00,0060..0063,4,0.3841,34
p1_chk_consistency,2026-09-25 04:00:00,0000..0003,4,0.2913,22
p1_chk_consistency,2026-09-25 04:00:00,0004..0007,4,0.2467,29
p1_chk_consistency,2026-09-25 04:00:00,0008..0011,4,0.2876,28
p1_chk_consistency,2026-09-25 04:00:00,0012..0015,4,0.3734,21
p1_chk_consistency,2026-09-25 04:00:00,0016..0019,4,0.2367,27
p1_chk_consistency,2026-09-25 04:00:00,0020..0023,4,0.4149,32
p1_chk_consistency,2026-09-25 04:00:00,0024..0027,4,0.2707,24
p1_chk_consistency,2026-09-25 04:00:00,0028..0031,4,0.2673,27
p1_chk_consistency,2026-09-25 04:00:00,0032..0035,4,0.274,30
p1_chk_consistency,2026-09-25 04:00:00,0036..0039,4,0.3011,32
p1_chk_consistency,2026-09-25 04:00:00,0040..0043,4,0.2626,30
p1_chk_consistency,2026-09-25 04:00:00,0044..0047,4,0.2129,23
p1_chk_consistency,2026-09-25 04:00:00,0048..0051,4,0.3641,32
p1_chk_consistency,2026-09-25 04:00:00,0052..0055,4,0.4239,30
p1_chk_consistency,2026-09-25 04:00:00,0056..0059,4,0.3513,28
p1_chk_consistency,2026-09-25 04:00:00,0060..0063,4,0.3386,26
p1_chk_consistency,2026-09-26 04:00:00,0000..0003,4,0.3013,22
p1_chk_consistency,2026-09-26 04:00:00,0004..0007,4,0.3621,24
p1_chk_consistency,2026-09-26 04:00:00,0008..0011,4,0.3195,26
p1_chk_consistency,2026-09-26 04:00:00,0012..0015,4,0.3194,22
p1_chk_consistency,2026-09-26 04:00:00,0016..0019,4,0.2763,25
p1_chk_consistency,2026-09-26 04:00:00,0020..0023,4,0.4476,29
p1_chk_consistency,2026-09-26 04:00:00,0024..0027,4,0.2947,25
p1_chk_consistency,2026-09-26 04:00:00,0028..0031,4,0.259,28
p1_chk_consistency,2026-09-26 04:00:00,0032..0035,4,0.319,21
p1_chk_consistency,2026-09-26 04:00:00,0036..0039,4,0.2886,24
p1_chk_consistency,2026-09-26 04:00:00,0040..0043,4,0.3235,24
p1_chk_consistency,2026-09-26 04:00:00,0044..0047,4,0.2771,21
p1_chk_consistency,2026-09-26 04:00:00,0048..0051,4,0.2978,28
p1_chk_consistency,2026-09-26 04:00:00,0052..0055,4,0.3893,27
p1_chk_consistency,2026-09-26 04:00:00,0056..0059,4,0.2785,25
p1_chk_consistency,2026-09-26 04:00:00,0060..0063,4,0.3049,25
p1_chk_cid_app,2026-09-20 04:00:00,0000..0015,16,0.9343,95
p1_chk_cid_app,2026-09-20 04:00:00,0016..0031,16,0.8854,94
p1_chk_cid_app,2026-09-20 04:00:00,0032..0047,16,0.8016,99
p1_chk_cid_app,2026-09-20 04:00:00,0048..0063,16,1.2329,99
p1_chk_cid_app,2026-09-21 04:00:00,0000..0015,16,2.772,97
p1_chk_cid_app,2026-09-21 04:00:00,0016..0031,16,1.6257,89
p1_chk_cid_app,2026-09-21 04:00:00,0032..0047,16,1.6234,98
p1_chk_cid_app,2026-09-21 04:00:00,0048..0063,16,1.5419,104
p1_chk_cid_app,2026-09-22 04:00:00,0000..0015,16,1.5646,95
p1_chk_cid_app,2026-09-22 04:00:00,0016..0031,16,1.7111,112
p1_chk_cid_app,2026-09-22 04:00:00,0032..0047,16,1.4715,95
p1_chk_cid_app,2026-09-22 04:00:00,0048..0063,16,1.7161,98
p1_chk_cid_app,2026-09-23 04:00:00,0000..0015,16,1.7329,82
p1_chk_cid_app,2026-09-23 04:00:00,0016..0031,16,1.6889,90
p1_chk_cid_app,2026-09-23 04:00:00,0032..0047,16,1.5279,91
p1_chk_cid_app,2026-09-23 04:00:00,0048..0063,16,1.5598,84
p1_chk_cid_app,2026-09-24 04:00:00,0000..0015,16,0.5133,94
p1_chk_cid_app,2026-09-24 04:00:00,0016..0031,16,0.1616,96
p1_chk_cid_app,2026-09-24 04:00:00,0032..0047,16,0.1383,101
p1_chk_cid_app,2026-09-24 04:00:00,0048..0063,16,0.1949,105
p1_chk_cid_app,2026-09-25 04:00:00,0000..0015,16,0.1484,96
p1_chk_cid_app,2026-09-25 04:00:00,0016..0031,16,0.1318,99
p1_chk_cid_app,2026-09-25 04:00:00,0032..0047,16,0.127,93
p1_chk_cid_app,2026-09-25 04:00:00,0048..0063,16,0.2304,95
p1_chk_cid_app,2026-09-26 04:00:00,0000..0015,16,0.2406,85
p1_chk_cid_app,2026-09-26 04:00:00,0016..0031,16,0.1446,85
p1_chk_cid_app,2026-09-26 04:00:00,0032..0047,16,0.1325,72
p1_chk_cid_app,2026-09-26 04:00:00,0048..0063,16,0.1433,80
p1_chk_country_pairs,2026-09-20 04:00:00,0000..0015,16,0.8799,417
p1_chk_country_pairs,2026-09-20 04:00:00,0016..0031,16,0.8113,363
p1_chk_country_pairs,2026-09-20 04:00:00,0032..0047,16,0.4462,357
p1_chk_country_pairs,2026-09-20 04:00:00,0048..0063,16,1.1933,363
p1_chk_country_pairs,2026-09-21 04:00:00,0000..0015,16,1.7503,376
p1_chk_country_pairs,2026-09-21 04:00:00,0016..0031,16,1.3211,381
p1_chk_country_pairs,2026-09-21 04:00:00,0032..0047,16,1.6609,381
p1_chk_country_pairs,2026-09-21 04:00:00,0048..0063,16,1.5292,401
p1_chk_country_pairs,2026-09-22 04:00:00,0000..0015,16,1.5036,459
p1_chk_country_pairs,2026-09-22 04:00:00,0016..0031,16,1.6525,540
p1_chk_country_pairs,2026-09-22 04:00:00,0032..0047,16,1.6155,491
p1_chk_country_pairs,2026-09-22 04:00:00,0048..0063,16,1.6037,484
p1_chk_country_pairs,2026-09-23 04:00:00,0000..0015,16,1.5285,506
p1_chk_country_pairs,2026-09-23 04:00:00,0016..0031,16,1.8996,493
p1_chk_country_pairs,2026-09-23 04:00:00,0032..0047,16,1.2578,415
p1_chk_country_pairs,2026-09-23 04:00:00,0048..0063,16,1.4766,416
p1_chk_country_pairs,2026-09-24 04:00:00,0000..0015,16,0.4598,252
p1_chk_country_pairs,2026-09-24 04:00:00,0016..0031,16,0.1144,267
p1_chk_country_pairs,2026-09-24 04:00:00,0032..0047,16,0.099,244
p1_chk_country_pairs,2026-09-24 04:00:00,0048..0063,16,0.1228,268
p1_chk_country_pairs,2026-09-25 04:00:00,0000..0015,16,0.0908,213
p1_chk_country_pairs,2026-09-25 04:00:00,0016..0031,16,0.0923,226
p1_chk_country_pairs,2026-09-25 04:00:00,0032..0047,16,0.0869,193
p1_chk_country_pairs,2026-09-25 04:00:00,0048..0063,16,0.1056,210
p1_chk_country_pairs,2026-09-26 04:00:00,0000..0015,16,0.099,221
p1_chk_country_pairs,2026-09-26 04:00:00,0016..0031,16,0.0988,201
p1_chk_country_pairs,2026-09-26 04:00:00,0032..0047,16,0.0912,200
p1_chk_country_pairs,2026-09-26 04:00:00,0048..0063,16,0.0979,202
p1_dr002_email_signals,2026-09-20 04:00:00,0000..0015,16,2.5009,0
p1_dr002_email_signals,2026-09-20 04:00:00,0016..0031,16,2.547,0
p1_dr002_email_signals,2026-09-20 04:00:00,0032..0047,16,1.938,2
p1_dr002_email_signals,2026-09-20 04:00:00,0048..0063,16,2.9111,2
p1_dr002_email_signals,2026-09-21 04:00:00,0000..0015,16,4.3915,8
p1_dr002_email_signals,2026-09-21 04:00:00,0016..0023,8,2.1186,1
p1_dr002_email_signals,2026-09-21 04:00:00,0024..0031,8,2.0692,0
p1_dr002_email_signals,2026-09-21 04:00:00,0032..0039,8,2.2635,4
p1_dr002_email_signals,2026-09-21 04:00:00,0040..0047,8,2.2667,6
p1_dr002_email_signals,2026-09-21 04:00:00,0048..0055,8,2.1117,0
p1_dr002_email_signals,2026-09-21 04:00:00,0056..0063,8,2.6109,4
p1_dr002_email_signals,2026-09-22 04:00:00,0000..0007,8,2.2327,0
p1_dr002_email_signals,2026-09-22 04:00:00,0008..0015,8,2.2336,0
p1_dr002_email_signals,2026-09-22 04:00:00,0016..0023,8,2.9154,7
p1_dr002_email_signals,2026-09-22 04:00:00,0024..0031,8,2.3915,1
p1_dr002_email_signals,2026-09-22 04:00:00,0032..0039,8,2.4576,2
p1_dr002_email_signals,2026-09-22 04:00:00,0040..0047,8,2.2614,0
p1_dr002_email_signals,2026-09-22 04:00:00,0048..0055,8,2.3222,5
p1_dr002_email_signals,2026-09-22 04:00:00,0056..0063,8,2.9087,1
p1_dr002_email_signals,2026-09-23 04:00:00,0000..0007,8,2.2841,0
p1_dr002_email_signals,2026-09-23 04:00:00,0008..0015,8,2.3698,2
p1_dr002_email_signals,2026-09-23 04:00:00,0016..0023,8,2.4999,0
p1_dr002_email_signals,2026-09-23 04:00:00,0024..0031,8,2.4721,0
p1_dr002_email_signals,2026-09-23 04:00:00,0032..0039,8,2.6013,1
p1_dr002_email_signals,2026-09-23 04:00:00,0040..0047,8,1.83,1
p1_dr002_email_signals,2026-09-23 04:00:00,0048..0055,8,2.1407,0
p1_dr002_email_signals,2026-09-23 04:00:00,0056..0063,8,2.3303,1
p1_dr002_email_signals,2026-09-24 04:00:00,0000..0007,8,1.2326,2
p1_dr002_email_signals,2026-09-24 04:00:00,0008..0015,8,0.221,6
p1_dr002_email_signals,2026-09-24 04:00:00,0016..0023,8,0.221,2
p1_dr002_email_signals,2026-09-24 04:00:00,0024..0031,8,0.2363,4
p1_dr002_email_signals,2026-09-24 04:00:00,0032..0039,8,0.21,6
p1_dr002_email_signals,2026-09-24 04:00:00,0040..0047,8,0.1915,3
p1_dr002_email_signals,2026-09-24 04:00:00,0048..0055,8,0.2383,3
p1_dr002_email_signals,2026-09-24 04:00:00,0056..0063,8,0.2572,9
p1_dr002_email_signals,2026-09-25 04:00:00,0000..0007,8,0.3071,5
p1_dr002_email_signals,2026-09-25 04:00:00,0008..0015,8,0.2049,3
p1_dr002_email_signals,2026-09-25 04:00:00,0016..0023,8,0.214,6
p1_dr002_email_signals,2026-09-25 04:00:00,0024..0031,8,0.2228,9
p1_dr002_email_signals,2026-09-25 04:00:00,0032..0039,8,0.1917,8
p1_dr002_email_signals,2026-09-25 04:00:00,0040..0047,8,0.1575,6
p1_dr002_email_signals,2026-09-25 04:00:00,0048..0055,8,0.2245,8
p1_dr002_email_signals,2026-09-25 04:00:00,0056..0063,8,0.2024,2
p1_dr002_email_signals,2026-09-26 04:00:00,0000..0007,8,0.1981,0
p1_dr002_email_signals,2026-09-26 04:00:00,0008..0015,8,0.1972,3
p1_dr002_email_signals,2026-09-26 04:00:00,0016..0023,8,0.2736,1
p1_dr002_email_signals,2026-09-26 04:00:00,0024..0031,8,0.1696,2
p1_dr002_email_signals,2026-09-26 04:00:00,0032..0039,8,0.1955,2
p1_dr002_email_signals,2026-09-26 04:00:00,0040..0047,8,0.1764,0
p1_dr002_email_signals,2026-09-26 04:00:00,0048..0055,8,0.259,2
p1_dr002_email_signals,2026-09-26 04:00:00,0056..0063,8,0.1779,0
p1_sk_concat_check_20260926,2026-09-26 04:00:00,0000..0015,16,0.0441,16
p1_sk_concat_check_20260926,2026-09-26 04:00:00,0016..0031,16,0.049,16
p1_sk_concat_check_20260926,2026-09-26 04:00:00,0032..0047,16,0.042,16
p1_sk_concat_check_20260926,2026-09-26 04:00:00,0048..0063,16,0.0537,16
dr014_sharding_key_by_scene_20260926,2026-09-26 04:00:00,0000..0015,16,3.5372,104
dr014_sharding_key_by_scene_20260926,2026-09-26 04:00:00,0016..0023,8,1.9608,51
dr014_sharding_key_by_scene_20260926,2026-09-26 04:00:00,0024..0031,8,1.6193,51
dr014_sharding_key_by_scene_20260926,2026-09-26 04:00:00,0032..0039,8,1.5898,54
dr014_sharding_key_by_scene_20260926,2026-09-26 04:00:00,0040..0047,8,1.5916,49
dr014_sharding_key_by_scene_20260926,2026-09-26 04:00:00,0048..0055,8,1.7266,53
dr014_sharding_key_by_scene_20260926,2026-09-26 04:00:00,0056..0063,8,1.6342,53
p2_hits_7d,2026-09-20 04:00:00,0000..0015,16,2.2315,442
p2_hits_7d,2026-09-20 04:00:00,0016..0031,16,2.3436,429
p2_hits_7d,2026-09-20 04:00:00,0032..0047,16,1.9224,444
p2_hits_7d,2026-09-20 04:00:00,0048..0063,16,2.6951,439
p2_hits_7d,2026-09-21 04:00:00,0000..0015,16,4.3692,515
p2_hits_7d,2026-09-21 04:00:00,0016..0023,8,1.9831,244
p2_hits_7d,2026-09-21 04:00:00,0024..0031,8,2.036,234
p2_hits_7d,2026-09-21 04:00:00,0032..0039,8,2.1048,247
p2_hits_7d,2026-09-21 04:00:00,0040..0047,8,2.1491,257
p2_hits_7d,2026-09-21 04:00:00,0048..0055,8,1.9746,225
p2_hits_7d,2026-09-21 04:00:00,0056..0063,8,2.5309,257
p2_hits_7d,2026-09-22 04:00:00,0000..0007,8,2.0326,244
p2_hits_7d,2026-09-22 04:00:00,0008..0015,8,2.3173,236
p2_hits_7d,2026-09-22 04:00:00,0016..0023,8,2.5339,282
p2_hits_7d,2026-09-22 04:00:00,0024..0031,8,2.2686,276
p2_hits_7d,2026-09-22 04:00:00,0032..0039,8,2.2138,264
p2_hits_7d,2026-09-22 04:00:00,0040..0047,8,2.131,231
p2_hits_7d,2026-09-22 04:00:00,0048..0055,8,2.1396,258
p2_hits_7d,2026-09-22 04:00:00,0056..0063,8,2.2991,247
p2_hits_7d,2026-09-23 04:00:00,0000..0007,8,2.0985,241
p2_hits_7d,2026-09-23 04:00:00,0008..0015,8,2.2179,256
p2_hits_7d,2026-09-23 04:00:00,0016..0023,8,2.2892,249
p2_hits_7d,2026-09-23 04:00:00,0024..0031,8,2.0769,248
p2_hits_7d,2026-09-23 04:00:00,0032..0039,8,2.5377,259
p2_hits_7d,2026-09-23 04:00:00,0040..0047,8,1.9682,239
p2_hits_7d,2026-09-23 04:00:00,0048..0055,8,2.0221,244
p2_hits_7d,2026-09-23 04:00:00,0056..0063,8,2.1937,263
p2_hits_7d,2026-09-24 04:00:00,0000..0007,8,1.5558,186
p2_hits_7d,2026-09-24 04:00:00,0008..0015,8,0.5173,217
p2_hits_7d,2026-09-24 04:00:00,0016..0023,8,0.2836,211
p2_hits_7d,2026-09-24 04:00:00,0024..0031,8,0.3055,214
p2_hits_7d,2026-09-24 04:00:00,0032..0039,8,0.268,199
p2_hits_7d,2026-09-24 04:00:00,0040..0047,8,0.2486,206
p2_hits_7d,2026-09-24 04:00:00,0048..0055,8,0.3015,211
p2_hits_7d,2026-09-24 04:00:00,0056..0063,8,0.3271,247
p2_hits_7d,2026-09-25 04:00:00,0000..0007,8,0.3235,193
p2_hits_7d,2026-09-25 04:00:00,0008..0015,8,0.2501,206
p2_hits_7d,2026-09-25 04:00:00,0016..0023,8,0.2744,214
p2_hits_7d,2026-09-25 04:00:00,0024..0031,8,0.2361,217
p2_hits_7d,2026-09-25 04:00:00,0032..0039,8,0.2409,220
p2_hits_7d,2026-09-25 04:00:00,0040..0047,8,0.2254,179
p2_hits_7d,2026-09-25 04:00:00,0048..0055,8,0.2871,238
p2_hits_7d,2026-09-25 04:00:00,0056..0063,8,0.2896,199
p2_hits_7d,2026-09-26 04:00:00,0000..0007,8,0.2628,215
p2_hits_7d,2026-09-26 04:00:00,0008..0015,8,0.3179,215
p2_hits_7d,2026-09-26 04:00:00,0016..0023,8,0.2763,212
p2_hits_7d,2026-09-26 04:00:00,0024..0031,8,0.216,176
p2_hits_7d,2026-09-26 04:00:00,0032..0039,8,0.2513,179
p2_hits_7d,2026-09-26 04:00:00,0040..0047,8,0.2284,191
p2_hits_7d,2026-09-26 04:00:00,0048..0055,8,0.2672,212
p2_hits_7d,2026-09-26 04:00:00,0056..0063,8,0.2305,181
e1_a,2026-09-19 04:00:00,0000..0015,16,0.4712,49
e1_a,2026-09-19 04:00:00,0016..0031,16,0.4141,43
e1_a,2026-09-19 04:00:00,0032..0047,16,0.5515,45
e1_a,2026-09-19 04:00:00,0048..0063,16,0.5722,58
e1_a,2026-09-19 05:00:00,0000..0015,16,0.5304,57
e1_a,2026-09-19 05:00:00,0016..0031,16,0.4776,53
e1_a,2026-09-19 05:00:00,0032..0047,16,0.5253,57
e1_a,2026-09-19 05:00:00,0048..0063,16,0.5497,62
e1_a,2026-09-19 06:00:00,0000..0015,16,0.6196,66
e1_a,2026-09-19 06:00:00,0016..0031,16,0.6415,68
e1_a,2026-09-19 06:00:00,0032..0047,16,0.7246,79
e1_a,2026-09-19 06:00:00,0048..0063,16,0.866,98
e1_a,2026-09-19 07:00:00,0000..0015,16,0.2944,31
e1_a,2026-09-19 07:00:00,0016..0031,16,0.3184,37
e1_a,2026-09-19 07:00:00,0032..0047,16,0.304,32
e1_a,2026-09-19 07:00:00,0048..0063,16,0.2694,29
e1_a,2026-09-19 08:00:00,0000..0015,16,0.516,51
e1_a,2026-09-19 08:00:00,0016..0031,16,0.3176,34
e1_a,2026-09-19 08:00:00,0032..0047,16,0.4833,55
e1_a,2026-09-19 08:00:00,0048..0063,16,0.5781,64
e1_a,2026-09-19 09:00:00,0000..0015,16,0.4119,42
e1_a,2026-09-19 09:00:00,0016..0031,16,0.3521,36
e1_a,2026-09-19 09:00:00,0032..0047,16,0.6094,57
e1_a,2026-09-19 09:00:00,0048..0063,16,0.6394,67
e1_a,2026-09-19 10:00:00,0000..0015,16,0.6956,72
e1_a,2026-09-19 10:00:00,0016..0031,16,0.4652,48
e1_a,2026-09-19 10:00:00,0032..0047,16,0.6185,63
e1_a,2026-09-19 10:00:00,0048..0063,16,1.0383,118
e1_a,2026-09-19 11:00:00,0000..0015,16,0.4775,45
e1_a,2026-09-19 11:00:00,0016..0031,16,0.5095,50
e1_a,2026-09-19 11:00:00,0032..0047,16,0.3703,32
e1_a,2026-09-19 11:00:00,0048..0063,16,0.5989,62
e1_a,2026-09-19 12:00:00,0000..0015,16,0.2408,17
e1_a,2026-09-19 12:00:00,0016..0031,16,0.3578,31
e1_a,2026-09-19 12:00:00,0032..0047,16,0.3108,24
e1_a,2026-09-19 12:00:00,0048..0063,16,0.4183,34
e1_a,2026-09-19 13:00:00,0000..0015,16,1.1203,111
e1_a,2026-09-19 13:00:00,0016..0031,16,0.8146,83
e1_a,2026-09-19 13:00:00,0032..0047,16,0.734,72
e1_a,2026-09-19 13:00:00,0048..0063,16,1.1409,113
e1_a,2026-09-19 14:00:00,0000..0015,16,0.6137,49
e1_a,2026-09-19 14:00:00,0016..0031,16,0.4861,45
e1_a,2026-09-19 14:00:00,0032..0047,16,0.4879,36
e1_a,2026-09-19 14:00:00,0048..0063,16,0.8314,78
e1_a,2026-09-19 15:00:00,0000..0015,16,1.1133,118
e1_a,2026-09-19 15:00:00,0016..0031,16,1.0261,105
e1_a,2026-09-19 15:00:00,0032..0047,16,0.7847,75
e1_a,2026-09-19 15:00:00,0048..0063,16,0.8091,74
e1_a,2026-09-19 16:00:00,0000..0015,16,0.9075,85
e1_a,2026-09-19 16:00:00,0016..0031,16,0.7769,73
e1_a,2026-09-19 16:00:00,0032..0047,16,0.916,84
e1_a,2026-09-19 16:00:00,0048..0063,16,0.7082,64
e1_a,2026-09-19 17:00:00,0000..0015,16,0.6155,51
e1_a,2026-09-19 17:00:00,0016..0031,16,0.6152,52
e1_a,2026-09-19 17:00:00,0032..0047,16,0.7537,66
e1_a,2026-09-19 17:00:00,0048..0063,16,0.7483,60
e1_a,2026-09-19 18:00:00,0000..0015,16,0.6634,57
e1_a,2026-09-19 18:00:00,0016..0031,16,0.5788,52
e1_a,2026-09-19 18:00:00,0032..0047,16,0.5763,46
e1_a,2026-09-19 18:00:00,0048..0063,16,0.731,63
e1_a,2026-09-19 19:00:00,0000..0015,16,0.8049,75
e1_a,2026-09-19 19:00:00,0016..0031,16,0.7973,79
e1_a,2026-09-19 19:00:00,0032..0047,16,0.5148,44
e1_a,2026-09-19 19:00:00,0048..0063,16,0.519,43
e1_a,2026-09-19 20:00:00,0000..0015,16,0.6739,65
e1_a,2026-09-19 20:00:00,0016..0031,16,0.5876,54
e1_a,2026-09-19 20:00:00,0032..0047,16,0.6613,56
e1_a,2026-09-19 20:00:00,0048..0063,16,0.4627,37
e1_a,2026-09-19 21:00:00,0000..0015,16,0.3884,35
e1_a,2026-09-19 21:00:00,0016..0031,16,0.3666,30
e1_a,2026-09-19 21:00:00,0032..0047,16,0.4061,39
e1_a,2026-09-19 21:00:00,0048..0063,16,0.3576,30
e1_a,2026-09-19 22:00:00,0000..0015,16,0.2487,20
e1_a,2026-09-19 22:00:00,0016..0031,16,0.1561,8
e1_a,2026-09-19 22:00:00,0032..0047,16,0.2604,20
e1_a,2026-09-19 22:00:00,0048..0063,16,0.3417,14
e1_a,2026-09-19 23:00:00,0000..0015,16,0.6934,77
e1_a,2026-09-19 23:00:00,0016..0031,16,0.6613,79
e1_a,2026-09-19 23:00:00,0032..0047,16,0.5845,69
e1_a,2026-09-19 23:00:00,0048..0063,16,0.58,69
e1_a,2026-09-20 00:00:00,0000..0015,16,0.4597,52
e1_a,2026-09-20 00:00:00,0016..0031,16,0.499,51
e1_a,2026-09-20 00:00:00,0032..0047,16,0.629,70
e1_a,2026-09-20 00:00:00,0048..0063,16,0.4777,54
e1_a,2026-09-20 01:00:00,0000..0015,16,0.54,58
e1_a,2026-09-20 01:00:00,0016..0031,16,0.6947,76
e1_a,2026-09-20 01:00:00,0032..0047,16,0.4349,47
e1_a,2026-09-20 01:00:00,0048..0063,16,0.4717,49
e1_a,2026-09-20 02:00:00,0000..0015,16,0.5256,54
e1_a,2026-09-20 02:00:00,0016..0031,16,0.3308,34
e1_a,2026-09-20 02:00:00,0032..0047,16,0.3341,37
e1_a,2026-09-20 02:00:00,0048..0063,16,0.3883,44
e1_a,2026-09-20 03:00:00,0000..0015,16,0.3776,40
e1_a,2026-09-20 03:00:00,0016..0031,16,0.6677,75
e1_a,2026-09-20 03:00:00,0032..0047,16,0.3989,43
e1_a,2026-09-20 03:00:00,0048..0063,16,0.8374,86
e1_a,2026-09-20 04:00:00,0000..0015,16,0.2606,29
e1_a,2026-09-20 04:00:00,0016..0031,16,0.2158,23
e1_a,2026-09-20 04:00:00,0032..0047,16,0.3092,36
e1_a,2026-09-20 04:00:00,0048..0063,16,0.2676,30
e1_a,2026-09-20 05:00:00,0000..0015,16,0.4823,59
e1_a,2026-09-20 05:00:00,0016..0031,16,0.3972,43
e1_a,2026-09-20 05:00:00,0032..0047,16,0.5893,69
e1_a,2026-09-20 05:00:00,0048..0063,16,0.4663,49
e1_a,2026-09-20 06:00:00,0000..0015,16,0.3591,42
e1_a,2026-09-20 06:00:00,0016..0031,16,0.5555,71
e1_a,2026-09-20 06:00:00,0032..0047,16,0.3026,31
e1_a,2026-09-20 06:00:00,0048..0063,16,0.2841,31
e1_a,2026-09-20 07:00:00,0000..0015,16,0.2039,20
e1_a,2026-09-20 07:00:00,0016..0031,16,0.2252,24
e1_a,2026-09-20 07:00:00,0032..0047,16,0.1501,12
e1_a,2026-09-20 07:00:00,0048..0063,16,0.2539,26
e1_a,2026-09-20 08:00:00,0000..0015,16,0.4404,53
e1_a,2026-09-20 08:00:00,0016..0031,16,0.3636,40
e1_a,2026-09-20 08:00:00,0032..0047,16,0.246,26
e1_a,2026-09-20 08:00:00,0048..0063,16,0.3196,35
e1_a,2026-09-20 09:00:00,0000..0015,16,0.4958,62
e1_a,2026-09-20 09:00:00,0016..0031,16,0.6373,73
e1_a,2026-09-20 09:00:00,0032..0047,16,0.5675,65
e1_a,2026-09-20 09:00:00,0048..0063,16,0.4918,42
e1_a,2026-09-20 10:00:00,0000..0015,16,0.1955,21
e1_a,2026-09-20 10:00:00,0016..0031,16,0.2664,29
e1_a,2026-09-20 10:00:00,0032..0047,16,0.1223,12
e1_a,2026-09-20 10:00:00,0048..0063,16,0.4179,47
e1_a,2026-09-20 11:00:00,0000..0015,16,0.1631,15
e1_a,2026-09-20 11:00:00,0016..0031,16,0.3958,45
e1_a,2026-09-20 11:00:00,0032..0047,16,0.2583,29
e1_a,2026-09-20 11:00:00,0048..0063,16,0.2534,24
e1_a,2026-09-20 12:00:00,0000..0015,16,0.4368,56
e1_a,2026-09-20 12:00:00,0016..0031,16,0.2539,24
e1_a,2026-09-20 12:00:00,0032..0047,16,0.2736,27
e1_a,2026-09-20 12:00:00,0048..0063,16,0.4235,46
e1_a,2026-09-20 13:00:00,0000..0015,16,0.234,22
e1_a,2026-09-20 13:00:00,0016..0031,16,0.2703,26
e1_a,2026-09-20 13:00:00,0032..0047,16,0.3136,28
e1_a,2026-09-20 13:00:00,0048..0063,16,0.3142,29
e1_a,2026-09-20 14:00:00,0000..0015,16,0.483,49
e1_a,2026-09-20 14:00:00,0016..0031,16,0.3287,35
e1_a,2026-09-20 14:00:00,0032..0047,16,0.5812,69
e1_a,2026-09-20 14:00:00,0048..0063,16,0.3968,38
e1_a,2026-09-20 15:00:00,0000..0015,16,0.432,54
e1_a,2026-09-20 15:00:00,0016..0031,16,0.3364,31
e1_a,2026-09-20 15:00:00,0032..0047,16,0.3923,43
e1_a,2026-09-20 15:00:00,0048..0063,16,0.3144,29
e1_a,2026-09-20 16:00:00,0000..0015,16,0.8207,95
e1_a,2026-09-20 16:00:00,0016..0031,16,0.6683,60
e1_a,2026-09-20 16:00:00,0032..0047,16,0.7451,92
e1_a,2026-09-20 16:00:00,0048..0063,16,0.7576,86
e1_a,2026-09-20 17:00:00,0000..0015,16,0.5913,68
e1_a,2026-09-20 17:00:00,0016..0031,16,0.4795,52
e1_a,2026-09-20 17:00:00,0032..0047,16,0.4235,44
e1_a,2026-09-20 17:00:00,0048..0063,16,0.4086,39
e1_a,2026-09-20 18:00:00,0000..0015,16,0.5477,61
e1_a,2026-09-20 18:00:00,0016..0031,16,0.6589,66
e1_a,2026-09-20 18:00:00,0032..0047,16,0.3786,39
e1_a,2026-09-20 18:00:00,0048..0063,16,0.5987,64
e1_a,2026-09-20 19:00:00,0000..0015,16,0.3028,32
e1_a,2026-09-20 19:00:00,0016..0031,16,0.2971,27
e1_a,2026-09-20 19:00:00,0032..0047,16,0.3259,28
e1_a,2026-09-20 19:00:00,0048..0063,16,0.3298,26
e1_a,2026-09-20 20:00:00,0000..0015,16,0.162,14
e1_a,2026-09-20 20:00:00,0016..0031,16,0.1245,6
e1_a,2026-09-20 20:00:00,0032..0047,16,0.1886,17
e1_a,2026-09-20 20:00:00,0048..0063,16,0.258,24
e1_a,2026-09-20 21:00:00,0000..0015,16,0.1782,17
e1_a,2026-09-20 21:00:00,0016..0031,16,0.1001,4
e1_a,2026-09-20 21:00:00,0032..0047,16,0.1489,12
e1_a,2026-09-20 21:00:00,0048..0063,16,0.1847,18
e1_a,2026-09-20 22:00:00,0000..0015,16,0.2131,23
e1_a,2026-09-20 22:00:00,0016..0031,16,0.1005,5
e1_a,2026-09-20 22:00:00,0032..0047,16,0.8422,11
e1_a,2026-09-20 22:00:00,0048..0063,16,0.1725,13
e1_a,2026-09-20 23:00:00,0000..0015,16,0.3737,44
e1_a,2026-09-20 23:00:00,0016..0031,16,0.3964,48
e1_a,2026-09-20 23:00:00,0032..0047,16,0.3915,45
e1_a,2026-09-20 23:00:00,0048..0063,16,0.4606,55
e1_a,2026-09-21 00:00:00,0000..0015,16,0.3214,38
e1_a,2026-09-21 00:00:00,0016..0031,16,0.2717,29
e1_a,2026-09-21 00:00:00,0032..0047,16,0.4088,35
e1_a,2026-09-21 00:00:00,0048..0063,16,0.2757,30
e1_a,2026-09-21 01:00:00,0000..0015,16,0.2782,31
e1_a,2026-09-21 01:00:00,0016..0031,16,0.2297,25
e1_a,2026-09-21 01:00:00,0032..0047,16,0.2262,23
e1_a,2026-09-21 01:00:00,0048..0063,16,0.4105,45
e1_a,2026-09-21 02:00:00,0000..0015,16,0.239,27
e1_a,2026-09-21 02:00:00,0016..0031,16,0.2862,36
e1_a,2026-09-21 02:00:00,0032..0047,16,0.2731,35
e1_a,2026-09-21 02:00:00,0048..0063,16,0.2571,26
e1_a,2026-09-21 03:00:00,0000..0015,16,0.2133,23
e1_a,2026-09-21 03:00:00,0016..0031,16,0.2982,32
e1_a,2026-09-21 03:00:00,0032..0047,16,0.1917,18
e1_a,2026-09-21 03:00:00,0048..0063,16,0.3845,44
e1_a,2026-09-21 04:00:00,0000..0015,16,0.2145,21
e1_a,2026-09-21 04:00:00,0016..0031,16,0.4484,51
e1_a,2026-09-21 04:00:00,0032..0047,16,0.3609,38
e1_a,2026-09-21 04:00:00,0048..0063,16,0.5234,61
e1_a,2026-09-21 05:00:00,0000..0015,16,0.5208,45
e1_a,2026-09-21 05:00:00,0016..0031,16,0.6377,75
e1_a,2026-09-21 05:00:00,0032..0047,16,0.499,53
e1_a,2026-09-21 05:00:00,0048..0063,16,0.4973,58
e1_a,2026-09-21 06:00:00,0000..0015,16,0.2723,27
e1_a,2026-09-21 06:00:00,0016..0031,16,0.2462,26
e1_a,2026-09-21 06:00:00,0032..0047,16,0.3264,36
e1_a,2026-09-21 06:00:00,0048..0063,16,0.2499,27
e1_a,2026-09-21 07:00:00,0000..0015,16,0.3541,30
e1_a,2026-09-21 07:00:00,0016..0031,16,0.4106,45
e1_a,2026-09-21 07:00:00,0032..0047,16,0.4983,53
e1_a,2026-09-21 07:00:00,0048..0063,16,0.3754,43
e1_a,2026-09-21 08:00:00,0000..0015,16,0.2194,23
e1_a,2026-09-21 08:00:00,0016..0031,16,0.4957,60
e1_a,2026-09-21 08:00:00,0032..0047,16,0.3884,45
e1_a,2026-09-21 08:00:00,0048..0063,16,0.4082,49
e1_a,2026-09-21 09:00:00,0000..0015,16,0.7245,43
e1_a,2026-09-21 09:00:00,0016..0031,16,0.3233,33
e1_a,2026-09-21 09:00:00,0032..0047,16,0.346,37
e1_a,2026-09-21 09:00:00,0048..0063,16,0.3802,38
e1_a,2026-09-21 10:00:00,0000..0015,16,0.533,62
e1_a,2026-09-21 10:00:00,0016..0031,16,0.4883,59
e1_a,2026-09-21 10:00:00,0032..0047,16,0.3206,32
e1_a,2026-09-21 10:00:00,0048..0063,16,0.4703,45
e1_a,2026-09-21 11:00:00,0000..0015,16,0.6831,70
e1_a,2026-09-21 11:00:00,0016..0031,16,0.6772,80
e1_a,2026-09-21 11:00:00,0032..0047,16,1.029,103
e1_a,2026-09-21 11:00:00,0048..0063,16,1.1859,205
e1_a,2026-09-21 12:00:00,0000..0015,16,0.7012,54
e1_a,2026-09-21 12:00:00,0016..0031,16,0.5607,45
e1_a,2026-09-21 12:00:00,0032..0047,16,0.7269,51
e1_a,2026-09-21 12:00:00,0048..0063,16,0.5642,42
e1_a,2026-09-21 13:00:00,0000..0015,16,0.7836,66
e1_a,2026-09-21 13:00:00,0016..0031,16,0.7229,57
e1_a,2026-09-21 13:00:00,0032..0047,16,0.9203,73
e1_a,2026-09-21 13:00:00,0048..0063,16,0.6831,52
e1_a,2026-09-21 14:00:00,0000..0015,16,0.6917,67
e1_a,2026-09-21 14:00:00,0016..0031,16,0.5339,38
e1_a,2026-09-21 14:00:00,0032..0047,16,0.7165,60
e1_a,2026-09-21 14:00:00,0048..0063,16,0.8033,84
e1_a,2026-09-21 15:00:00,0000..0015,16,0.7657,73
e1_a,2026-09-21 15:00:00,0016..0031,16,0.7186,69
e1_a,2026-09-21 15:00:00,0032..0047,16,0.6575,62
e1_a,2026-09-21 15:00:00,0048..0063,16,0.6389,61
e1_a,2026-09-21 16:00:00,0000..0015,16,1.0493,111
e1_a,2026-09-21 16:00:00,0016..0031,16,0.7916,82
e1_a,2026-09-21 16:00:00,0032..0047,16,0.8156,76
e1_a,2026-09-21 16:00:00,0048..0063,16,0.8992,97
e1_a,2026-09-21 17:00:00,0000..0015,16,0.7782,70
e1_a,2026-09-21 17:00:00,0016..0031,16,0.8586,74
e1_a,2026-09-21 17:00:00,0032..0047,16,0.767,65
e1_a,2026-09-21 17:00:00,0048..0063,16,0.7244,80
e1_a,2026-09-21 18:00:00,0000..0015,16,0.3888,30
e1_a,2026-09-21 18:00:00,0016..0031,16,0.4153,30
e1_a,2026-09-21 18:00:00,0032..0047,16,0.8546,53
e1_a,2026-09-21 18:00:00,0048..0063,16,0.664,70
e1_a,2026-09-21 19:00:00,0000..0015,16,0.5325,51
e1_a,2026-09-21 19:00:00,0016..0031,16,0.5663,50
e1_a,2026-09-21 19:00:00,0032..0047,16,0.6412,62
e1_a,2026-09-21 19:00:00,0048..0063,16,0.4765,48
e1_a,2026-09-21 20:00:00,0000..0015,16,0.3349,28
e1_a,2026-09-21 20:00:00,0016..0031,16,0.331,27
e1_a,2026-09-21 20:00:00,0032..0047,16,0.2896,23
e1_a,2026-09-21 20:00:00,0048..0063,16,0.3035,26
e1_a,2026-09-21 21:00:00,0000..0015,16,0.2588,22
e1_a,2026-09-21 21:00:00,0016..0031,16,0.2493,17
e1_a,2026-09-21 21:00:00,0032..0047,16,0.266,22
e1_a,2026-09-21 21:00:00,0048..0063,16,0.2344,19
e1_a,2026-09-21 22:00:00,0000..0015,16,0.2188,17
e1_a,2026-09-21 22:00:00,0016..0031,16,0.1707,12
e1_a,2026-09-21 22:00:00,0032..0047,16,0.1716,15
e1_a,2026-09-21 22:00:00,0048..0063,16,0.2199,16
e1_a,2026-09-21 23:00:00,0000..0015,16,0.4578,48
e1_a,2026-09-21 23:00:00,0016..0031,16,0.444,48
e1_a,2026-09-21 23:00:00,0032..0047,16,0.3606,38
e1_a,2026-09-21 23:00:00,0048..0063,16,0.3776,43
e1_a,2026-09-22 00:00:00,0000..0015,16,0.3563,43
e1_a,2026-09-22 00:00:00,0016..0031,16,0.3861,43
e1_a,2026-09-22 00:00:00,0032..0047,16,0.2751,28
e1_a,2026-09-22 00:00:00,0048..0063,16,0.3239,26
e1_a,2026-09-22 01:00:00,0000..0015,16,0.2607,26
e1_a,2026-09-22 01:00:00,0016..0031,16,0.2345,24
e1_a,2026-09-22 01:00:00,0032..0047,16,0.3075,31
e1_a,2026-09-22 01:00:00,0048..0063,16,0.2621,28
e1_a,2026-09-22 02:00:00,0000..0015,16,0.3788,38
e1_a,2026-09-22 02:00:00,0016..0031,16,0.5026,53
e1_a,2026-09-22 02:00:00,0032..0047,16,0.6808,73
e1_a,2026-09-22 02:00:00,0048..0063,16,0.7595,82
e1_a,2026-09-22 03:00:00,0000..0015,16,0.299,30
e1_a,2026-09-22 03:00:00,0016..0031,16,0.3406,35
e1_a,2026-09-22 03:00:00,0032..0047,16,0.3663,37
e1_a,2026-09-22 03:00:00,0048..0063,16,0.4251,44
e1_a,2026-09-22 04:00:00,0000..0015,16,0.4306,47
e1_a,2026-09-22 04:00:00,0016..0031,16,0.6143,69
e1_a,2026-09-22 04:00:00,0032..0047,16,0.5557,58
e1_a,2026-09-22 04:00:00,0048..0063,16,0.714,72
e1_a,2026-09-22 05:00:00,0000..0015,16,0.662,72
e1_a,2026-09-22 05:00:00,0016..0031,16,0.5784,66
e1_a,2026-09-22 05:00:00,0032..0047,16,0.5564,61
e1_a,2026-09-22 05:00:00,0048..0063,16,0.7069,78
e1_a,2026-09-22 06:00:00,0000..0015,16,0.4971,46
e1_a,2026-09-22 06:00:00,0016..0031,16,0.5898,63
e1_a,2026-09-22 06:00:00,0032..0047,16,0.6359,74
e1_a,2026-09-22 06:00:00,0048..0063,16,0.5906,66
e1_a,2026-09-22 07:00:00,0000..0015,16,0.4727,47
e1_a,2026-09-22 07:00:00,0016..0031,16,0.458,48
e1_a,2026-09-22 07:00:00,0032..0047,16,0.5063,54
e1_a,2026-09-22 07:00:00,0048..0063,16,0.3608,36
e1_a,2026-09-22 08:00:00,0000..0015,16,0.3763,38
e1_a,2026-09-22 08:00:00,0016..0031,16,0.2137,19
e1_a,2026-09-22 08:00:00,0032..0047,16,0.342,35
e1_a,2026-09-22 08:00:00,0048..0063,16,0.4496,47
e1_a,2026-09-22 09:00:00,0000..0015,16,0.3664,37
e1_a,2026-09-22 09:00:00,0016..0031,16,0.806,92
e1_a,2026-09-22 09:00:00,0032..0047,16,0.5304,53
e1_a,2026-09-22 09:00:00,0048..0063,16,0.5152,51
e1_a,2026-09-22 10:00:00,0000..0015,16,0.6398,73
e1_a,2026-09-22 10:00:00,0016..0031,16,0.8331,100
e1_a,2026-09-22 10:00:00,0032..0047,16,0.8776,98
e1_a,2026-09-22 10:00:00,0048..0063,16,0.5515,61
e1_a,2026-09-22 11:00:00,0000..0015,16,0.5348,37
e1_a,2026-09-22 11:00:00,0016..0031,16,0.8693,96
e1_a,2026-09-22 11:00:00,0032..0047,16,0.811,83
e1_a,2026-09-22 11:00:00,0048..0063,16,0.6298,62
e1_a,2026-09-22 12:00:00,0000..0015,16,0.7255,54
e1_a,2026-09-22 12:00:00,0016..0031,16,0.8396,62
e1_a,2026-09-22 12:00:00,0032..0047,16,0.9828,82
e1_a,2026-09-22 12:00:00,0048..0063,16,0.7481,53
e1_a,2026-09-22 13:00:00,0000..0015,16,1.0157,94
e1_a,2026-09-22 13:00:00,0016..0031,16,1.2106,116
e1_a,2026-09-22 13:00:00,0032..0047,16,0.8389,68
e1_a,2026-09-22 13:00:00,0048..0063,16,1.0541,99
e1_a,2026-09-22 14:00:00,0000..0015,16,0.4956,41
e1_a,2026-09-22 14:00:00,0016..0031,16,0.7191,68
e1_a,2026-09-22 14:00:00,0032..0047,16,0.9457,49
e1_a,2026-09-22 14:00:00,0048..0063,16,0.5611,51
e1_a,2026-09-22 15:00:00,0000..0015,16,0.6,56
e1_a,2026-09-22 15:00:00,0016..0031,16,1.0407,118
e1_a,2026-09-22 15:00:00,0032..0047,16,0.7111,69
e1_a,2026-09-22 15:00:00,0048..0063,16,0.8567,80
e1_a,2026-09-22 16:00:00,0000..0015,16,0.7275,69
e1_a,2026-09-22 16:00:00,0016..0031,16,0.836,90
e1_a,2026-09-22 16:00:00,0032..0047,16,0.7106,69
e1_a,2026-09-22 16:00:00,0048..0063,16,0.8884,96
e1_a,2026-09-22 17:00:00,0000..0015,16,1.046,81
e1_a,2026-09-22 17:00:00,0016..0031,16,0.8207,86
e1_a,2026-09-22 17:00:00,0032..0047,16,0.5858,49
e1_a,2026-09-22 17:00:00,0048..0063,16,0.795,78
e1_a,2026-09-22 18:00:00,0000..0015,16,0.6138,47
e1_a,2026-09-22 18:00:00,0016..0031,16,0.64,54
e1_a,2026-09-22 18:00:00,0032..0047,16,0.4305,35
e1_a,2026-09-22 18:00:00,0048..0063,16,0.4792,37
e1_a,2026-09-22 19:00:00,0000..0015,16,0.5036,41
e1_a,2026-09-22 19:00:00,0016..0031,16,0.38,30
e1_a,2026-09-22 19:00:00,0032..0047,16,0.4593,38
e1_a,2026-09-22 19:00:00,0048..0063,16,0.5854,57
e1_a,2026-09-22 20:00:00,0000..0015,16,0.3633,30
e1_a,2026-09-22 20:00:00,0016..0031,16,0.3524,27
e1_a,2026-09-22 20:00:00,0032..0047,16,0.2996,21
e1_a,2026-09-22 20:00:00,0048..0063,16,0.2741,21
e1_a,2026-09-22 21:00:00,0000..0015,16,0.2332,18
e1_a,2026-09-22 21:00:00,0016..0031,16,0.2099,17
e1_a,2026-09-22 21:00:00,0032..0047,16,0.234,20
e1_a,2026-09-22 21:00:00,0048..0063,16,0.1992,14
e1_a,2026-09-22 22:00:00,0000..0015,16,0.2011,18
e1_a,2026-09-22 22:00:00,0016..0031,16,0.3263,36
e1_a,2026-09-22 22:00:00,0032..0047,16,0.3062,29
e1_a,2026-09-22 22:00:00,0048..0063,16,0.2059,5
e1_a,2026-09-22 23:00:00,0000..0015,16,0.4463,58
e1_a,2026-09-22 23:00:00,0016..0031,16,0.584,66
e1_a,2026-09-22 23:00:00,0032..0047,16,0.293,29
e1_a,2026-09-22 23:00:00,0048..0063,16,0.4219,47
e1_a,2026-09-23 00:00:00,0000..0015,16,0.4223,45
e1_a,2026-09-23 00:00:00,0016..0031,16,0.3649,44
e1_a,2026-09-23 00:00:00,0032..0047,16,0.763,77
e1_a,2026-09-23 00:00:00,0048..0063,16,0.4171,44
e1_a,2026-09-23 01:00:00,0000..0015,16,0.2691,28
e1_a,2026-09-23 01:00:00,0016..0031,16,0.5018,51
e1_a,2026-09-23 01:00:00,0032..0047,16,0.4607,48
e1_a,2026-09-23 01:00:00,0048..0063,16,0.4921,59
e1_a,2026-09-23 02:00:00,0000..0015,16,0.2247,21
e1_a,2026-09-23 02:00:00,0016..0031,16,0.4141,41
e1_a,2026-09-23 02:00:00,0032..0047,16,0.3038,29
e1_a,2026-09-23 02:00:00,0048..0063,16,0.3054,30
e1_a,2026-09-23 03:00:00,0000..0015,16,0.3931,40
e1_a,2026-09-23 03:00:00,0016..0031,16,0.2646,25
e1_a,2026-09-23 03:00:00,0032..0047,16,0.2851,27
e1_a,2026-09-23 03:00:00,0048..0063,16,0.2467,23
e1_b,2026-09-23 04:00:00,0000..0015,16,0.5184,57
e1_b,2026-09-23 04:00:00,0016..0031,16,0.4784,46
e1_b,2026-09-23 04:00:00,0032..0047,16,0.4878,52
e1_b,2026-09-23 04:00:00,0048..0063,16,0.3441,33
e1_b,2026-09-23 05:00:00,0000..0015,16,0.4902,52
e1_b,2026-09-23 05:00:00,0016..0031,16,0.7513,80
e1_b,2026-09-23 05:00:00,0032..0047,16,0.6952,78
e1_b,2026-09-23 05:00:00,0048..0063,16,0.9037,95
e1_b,2026-09-23 06:00:00,0000..0015,16,0.6121,66
e1_b,2026-09-23 06:00:00,0016..0031,16,0.6725,78
e1_b,2026-09-23 06:00:00,0032..0047,16,0.4187,47
e1_b,2026-09-23 06:00:00,0048..0063,16,0.5588,65
e1_b,2026-09-23 07:00:00,0000..0015,16,0.5051,53
e1_b,2026-09-23 07:00:00,0016..0031,16,0.5222,56
e1_b,2026-09-23 07:00:00,0032..0047,16,0.5638,58
e1_b,2026-09-23 07:00:00,0048..0063,16,0.6609,68
e1_b,2026-09-23 08:00:00,0000..0015,16,1.024,110
e1_b,2026-09-23 08:00:00,0016..0031,16,1.1266,128
e1_b,2026-09-23 08:00:00,0032..0047,16,0.471,50
e1_b,2026-09-23 08:00:00,0048..0063,16,0.8697,56
e1_b,2026-09-23 09:00:00,0000..0015,16,0.3761,35
e1_b,2026-09-23 09:00:00,0016..0031,16,0.4712,48
e1_b,2026-09-23 09:00:00,0032..0047,16,0.4087,41
e1_b,2026-09-23 09:00:00,0048..0063,16,0.2585,24
e1_b,2026-09-23 10:00:00,0000..0015,16,0.408,44
e1_b,2026-09-23 10:00:00,0016..0031,16,0.591,70
e1_b,2026-09-23 10:00:00,0032..0047,16,0.5848,70
e1_b,2026-09-23 10:00:00,0048..0063,16,0.4047,46
e1_b,2026-09-23 11:00:00,0000..0015,16,0.7357,68
e1_b,2026-09-23 11:00:00,0016..0031,16,0.6202,64
e1_b,2026-09-23 11:00:00,0032..0047,16,0.4353,39
e1_b,2026-09-23 11:00:00,0048..0063,16,0.6159,54
e1_b,2026-09-23 12:00:00,0000..0015,16,1.0777,90
e1_b,2026-09-23 12:00:00,0016..0031,16,0.9395,85
e1_b,2026-09-23 12:00:00,0032..0047,16,0.7215,61
e1_b,2026-09-23 12:00:00,0048..0063,16,0.9142,70
e1_b,2026-09-23 13:00:00,0000..0015,16,0.7886,55
e1_b,2026-09-23 13:00:00,0016..0031,16,0.6245,50
e1_b,2026-09-23 13:00:00,0032..0047,16,0.7018,58
e1_b,2026-09-23 13:00:00,0048..0063,16,0.7792,61
e1_b,2026-09-23 14:00:00,0000..0015,16,1.1898,120
e1_b,2026-09-23 14:00:00,0016..0031,16,0.7934,68
e1_b,2026-09-23 14:00:00,0032..0047,16,1.0283,102
e1_b,2026-09-23 14:00:00,0048..0063,16,1.0174,102
e1_b,2026-09-23 15:00:00,0000..0015,16,0.5662,50
e1_b,2026-09-23 15:00:00,0016..0031,16,0.4516,38
e1_b,2026-09-23 15:00:00,0032..0047,16,0.5601,48
e1_b,2026-09-23 15:00:00,0048..0063,16,0.3949,29
e1_b,2026-09-23 16:00:00,0000..0015,16,0.7521,67
e1_b,2026-09-23 16:00:00,0016..0031,16,0.6472,56
e1_b,2026-09-23 16:00:00,0032..0047,16,0.8637,84
e1_b,2026-09-23 16:00:00,0048..0063,16,0.5474,45
e1_b,2026-09-23 17:00:00,0000..0015,16,0.8299,62
e1_b,2026-09-23 17:00:00,0016..0031,16,0.8259,75
e1_b,2026-09-23 17:00:00,0032..0047,16,0.6955,60
e1_b,2026-09-23 17:00:00,0048..0063,16,0.6591,57
e1_b,2026-09-23 18:00:00,0000..0015,16,0.57,46
e1_b,2026-09-23 18:00:00,0016..0031,16,0.5356,47
e1_b,2026-09-23 18:00:00,0032..0047,16,0.5273,46
e1_b,2026-09-23 18:00:00,0048..0063,16,0.5348,50
e1_b,2026-09-23 19:00:00,0000..0015,16,0.5548,44
e1_b,2026-09-23 19:00:00,0016..0031,16,0.4189,36
e1_b,2026-09-23 19:00:00,0032..0047,16,0.3976,30
e1_b,2026-09-23 19:00:00,0048..0063,16,0.3931,26
e1_b,2026-09-23 20:00:00,0000..0015,16,0.3679,33
e1_b,2026-09-23 20:00:00,0016..0031,16,0.2883,22
e1_b,2026-09-23 20:00:00,0032..0047,16,0.2984,25
e1_b,2026-09-23 20:00:00,0048..0063,16,0.2712,17
e1_b,2026-09-23 21:00:00,0000..0015,16,0.2577,19
e1_b,2026-09-23 21:00:00,0016..0031,16,0.21,14
e1_b,2026-09-23 21:00:00,0032..0047,16,0.223,15
e1_b,2026-09-23 21:00:00,0048..0063,16,0.2208,14
e1_b,2026-09-23 22:00:00,0000..0015,16,0.1792,10
e1_b,2026-09-23 22:00:00,0016..0031,16,0.173,14
e1_b,2026-09-23 22:00:00,0032..0047,16,0.1907,15
e1_b,2026-09-23 22:00:00,0048..0063,16,0.2673,11
e1_b,2026-09-23 23:00:00,0000..0015,16,0.2735,26
e1_b,2026-09-23 23:00:00,0016..0031,16,0.4619,50
e1_b,2026-09-23 23:00:00,0032..0047,16,0.4697,51
e1_b,2026-09-23 23:00:00,0048..0063,16,0.4456,52
e1_b,2026-09-24 00:00:00,0000..0015,16,0.2944,29
e1_b,2026-09-24 00:00:00,0016..0031,16,0.3608,38
e1_b,2026-09-24 00:00:00,0032..0047,16,0.1898,17
e1_b,2026-09-24 00:00:00,0048..0063,16,0.2935,29
e1_b,2026-09-24 01:00:00,0000..0015,16,0.1919,13
e1_b,2026-09-24 01:00:00,0016..0031,16,0.1851,16
e1_b,2026-09-24 01:00:00,0032..0047,16,0.3748,40
e1_b,2026-09-24 01:00:00,0048..0063,16,0.4253,47
e1_b,2026-09-24 02:00:00,0000..0015,16,0.2726,25
e1_b,2026-09-24 02:00:00,0016..0031,16,0.1989,17
e1_b,2026-09-24 02:00:00,0032..0047,16,0.1255,10
e1_b,2026-09-24 02:00:00,0048..0063,16,0.2401,23
e1_b,2026-09-24 03:00:00,0000..0015,16,0.3052,31
e1_b,2026-09-24 03:00:00,0016..0031,16,0.458,50
e1_b,2026-09-24 03:00:00,0032..0047,16,0.2979,28
e1_b,2026-09-24 03:00:00,0048..0063,16,0.4165,41
e1_b,2026-09-24 04:00:00,0000..0015,16,0.3634,44
e1_b,2026-09-24 04:00:00,0016..0031,16,0.3278,34
e1_b,2026-09-24 04:00:00,0032..0047,16,0.171,18
e1_b,2026-09-24 04:00:00,0048..0063,16,0.3891,47
e1_b,2026-09-24 05:00:00,0000..0015,16,0.2231,23
e1_b,2026-09-24 05:00:00,0016..0031,16,0.2013,22
e1_b,2026-09-24 05:00:00,0032..0047,16,0.1445,13
e1_b,2026-09-24 05:00:00,0048..0063,16,0.1906,20
e1_b,2026-09-24 06:00:00,0000..0015,16,0.4905,50
e1_b,2026-09-24 06:00:00,0016..0031,16,0.2993,35
e1_b,2026-09-24 06:00:00,0032..0047,16,0.2276,28
e1_b,2026-09-24 06:00:00,0048..0063,16,0.2951,36
e1_b,2026-09-24 07:00:00,0000..0015,16,0.2035,20
e1_b,2026-09-24 07:00:00,0016..0031,16,0.2414,25
e1_b,2026-09-24 07:00:00,0032..0047,16,0.1809,21
e1_b,2026-09-24 07:00:00,0048..0063,16,0.1483,13
e1_b,2026-09-24 08:00:00,0000..0015,16,0.3243,34
e1_b,2026-09-24 08:00:00,0016..0031,16,0.3455,42
e1_b,2026-09-24 08:00:00,0032..0047,16,0.2699,32
e1_b,2026-09-24 08:00:00,0048..0063,16,0.3867,48
e1_b,2026-09-24 09:00:00,0000..0015,16,0.3306,39
e1_b,2026-09-24 09:00:00,0016..0031,16,0.1859,20
e1_b,2026-09-24 09:00:00,0032..0047,16,0.3373,45
e1_b,2026-09-24 09:00:00,0048..0063,16,0.1151,8
e1_b,2026-09-24 10:00:00,0000..0015,16,0.4082,50
e1_b,2026-09-24 10:00:00,0016..0031,16,0.2348,30
e1_b,2026-09-24 10:00:00,0032..0047,16,0.226,25
e1_b,2026-09-24 10:00:00,0048..0063,16,0.4192,45
e1_b,2026-09-24 11:00:00,0000..0015,16,0.4039,33
e1_b,2026-09-24 11:00:00,0016..0031,16,0.3776,51
e1_b,2026-09-24 11:00:00,0032..0047,16,0.2513,34
e1_b,2026-09-24 11:00:00,0048..0063,16,0.2995,39
e1_b,2026-09-24 12:00:00,0000..0015,16,0.443,35
e1_b,2026-09-24 12:00:00,0016..0031,16,0.2346,30
e1_b,2026-09-24 12:00:00,0032..0047,16,0.2569,33
e1_b,2026-09-24 12:00:00,0048..0063,16,0.2715,35
e1_b,2026-09-24 13:00:00,0000..0015,16,0.6147,54
e1_b,2026-09-24 13:00:00,0016..0031,16,0.3248,44
e1_b,2026-09-24 13:00:00,0032..0047,16,0.3391,45
e1_b,2026-09-24 13:00:00,0048..0063,16,0.4467,62
e1_b,2026-09-24 14:00:00,0000..0015,16,0.3791,35
e1_b,2026-09-24 14:00:00,0016..0031,16,0.4159,62
e1_b,2026-09-24 14:00:00,0032..0047,16,0.4991,70
e1_b,2026-09-24 14:00:00,0048..0063,16,0.3365,48
e1_b,2026-09-24 15:00:00,0000..0015,16,0.4107,43
e1_b,2026-09-24 15:00:00,0016..0031,16,0.6631,93
e1_b,2026-09-24 15:00:00,0032..0047,16,0.5439,76
e1_b,2026-09-24 15:00:00,0048..0063,16,0.2423,31
e1_b,2026-09-24 16:00:00,0000..0015,16,0.3497,35
e1_b,2026-09-24 16:00:00,0016..0031,16,0.412,60
e1_b,2026-09-24 16:00:00,0032..0047,16,0.2895,39
e1_b,2026-09-24 16:00:00,0048..0063,16,0.2922,42
e1_b,2026-09-24 17:00:00,0000..0015,16,0.3252,27
e1_b,2026-09-24 17:00:00,0016..0031,16,0.2861,39
e1_b,2026-09-24 17:00:00,0032..0047,16,0.226,27
e1_b,2026-09-24 17:00:00,0048..0063,16,0.418,56
e1_b,2026-09-24 18:00:00,0000..0015,16,0.3801,38
e1_b,2026-09-24 18:00:00,0016..0031,16,0.243,34
e1_b,2026-09-24 18:00:00,0032..0047,16,0.2908,40
e1_b,2026-09-24 18:00:00,0048..0063,16,0.397,53
e1_b,2026-09-24 19:00:00,0000..0015,16,0.2326,19
e1_b,2026-09-24 19:00:00,0016..0031,16,0.1896,25
e1_b,2026-09-24 19:00:00,0032..0047,16,0.254,32
e1_b,2026-09-24 19:00:00,0048..0063,16,0.2829,41
e1_b,2026-09-24 20:00:00,0000..0015,16,0.3047,29
e1_b,2026-09-24 20:00:00,0016..0031,16,0.1945,22
e1_b,2026-09-24 20:00:00,0032..0047,16,0.1472,17
e1_b,2026-09-24 20:00:00,0048..0063,16,0.2153,29
e1_b,2026-09-24 21:00:00,0000..0015,16,0.2445,25
e1_b,2026-09-24 21:00:00,0016..0031,16,0.1379,17
e1_b,2026-09-24 21:00:00,0032..0047,16,0.1501,17
e1_b,2026-09-24 21:00:00,0048..0063,16,0.1835,22
e1_b,2026-09-24 22:00:00,0000..0015,16,0.1913,13
e1_b,2026-09-24 22:00:00,0016..0031,16,0.1099,11
e1_b,2026-09-24 22:00:00,0032..0047,16,0.1115,11
e1_b,2026-09-24 22:00:00,0048..0063,16,0.0907,8
e1_b,2026-09-24 23:00:00,0000..0015,16,0.3135,34
e1_b,2026-09-24 23:00:00,0016..0031,16,0.1793,20
e1_b,2026-09-24 23:00:00,0032..0047,16,0.17,18
e1_b,2026-09-24 23:00:00,0048..0063,16,0.4094,53
e1_b,2026-09-25 00:00:00,0000..0015,16,0.191,18
e1_b,2026-09-25 00:00:00,0016..0031,16,0.2157,22
e1_b,2026-09-25 00:00:00,0032..0047,16,0.132,13
e1_b,2026-09-25 00:00:00,0048..0063,16,0.4297,44
e1_b,2026-09-25 01:00:00,0000..0015,16,0.1722,19
e1_b,2026-09-25 01:00:00,0016..0031,16,0.1554,17
e1_b,2026-09-25 01:00:00,0032..0047,16,0.1096,10
e1_b,2026-09-25 01:00:00,0048..0063,16,0.1357,14
e1_b,2026-09-25 02:00:00,0000..0015,16,0.2448,28
e1_b,2026-09-25 02:00:00,0016..0031,16,0.4104,52
e1_b,2026-09-25 02:00:00,0032..0047,16,0.163,16
e1_b,2026-09-25 02:00:00,0048..0063,16,0.4621,63
e1_b,2026-09-25 03:00:00,0000..0015,16,0.2394,26
e1_b,2026-09-25 03:00:00,0016..0031,16,0.2577,32
e1_b,2026-09-25 03:00:00,0032..0047,16,0.4207,39
e1_b,2026-09-25 03:00:00,0048..0063,16,0.3109,39
e1_b,2026-09-25 04:00:00,0000..0015,16,0.1358,14
e1_b,2026-09-25 04:00:00,0016..0031,16,0.2249,28
e1_b,2026-09-25 04:00:00,0032..0047,16,0.2394,32
e1_b,2026-09-25 04:00:00,0048..0063,16,0.2123,26
e1_b,2026-09-25 05:00:00,0000..0015,16,0.233,27
e1_b,2026-09-25 05:00:00,0016..0031,16,0.3472,46
e1_b,2026-09-25 05:00:00,0032..0047,16,0.1854,20
e1_b,2026-09-25 05:00:00,0048..0063,16,0.2327,27
e1_b,2026-09-25 06:00:00,0000..0015,16,0.1875,23
e1_b,2026-09-25 06:00:00,0016..0031,16,0.2566,39
e1_b,2026-09-25 06:00:00,0032..0047,16,0.1568,16
e1_b,2026-09-25 06:00:00,0048..0063,16,0.1993,22
e1_b,2026-09-25 07:00:00,0000..0015,16,0.3703,48
e1_b,2026-09-25 07:00:00,0016..0031,16,0.2022,23
e1_b,2026-09-25 07:00:00,0032..0047,16,0.1549,15
e1_b,2026-09-25 07:00:00,0048..0063,16,0.2658,36
e1_b,2026-09-25 08:00:00,0000..0015,16,0.1583,16
e1_b,2026-09-25 08:00:00,0016..0031,16,0.1844,20
e1_b,2026-09-25 08:00:00,0032..0047,16,0.3287,39
e1_b,2026-09-25 08:00:00,0048..0063,16,0.229,21
e1_b,2026-09-25 09:00:00,0000..0015,16,0.2159,21
e1_b,2026-09-25 09:00:00,0016..0031,16,0.1408,11
e1_b,2026-09-25 09:00:00,0032..0047,16,0.138,13
e1_b,2026-09-25 09:00:00,0048..0063,16,0.232,27
e1_b,2026-09-25 10:00:00,0000..0015,16,0.1387,15
e1_b,2026-09-25 10:00:00,0016..0031,16,0.0963,8
e1_b,2026-09-25 10:00:00,0032..0047,16,0.1119,10
e1_b,2026-09-25 10:00:00,0048..0063,16,0.1843,21
e1_b,2026-09-25 11:00:00,0000..0015,16,0.2253,29
e1_b,2026-09-25 11:00:00,0016..0031,16,0.2101,26
e1_b,2026-09-25 11:00:00,0032..0047,16,0.1831,20
e1_b,2026-09-25 11:00:00,0048..0063,16,0.1316,15
e1_b,2026-09-25 12:00:00,0000..0015,16,0.4119,33
e1_b,2026-09-25 12:00:00,0016..0031,16,0.3915,55
e1_b,2026-09-25 12:00:00,0032..0047,16,0.2448,32
e1_b,2026-09-25 12:00:00,0048..0063,16,0.3837,54
e1_b,2026-09-25 13:00:00,0000..0015,16,0.3862,51
e1_b,2026-09-25 13:00:00,0016..0031,16,0.344,52
e1_b,2026-09-25 13:00:00,0032..0047,16,0.3173,46
e1_b,2026-09-25 13:00:00,0048..0063,16,0.4697,66
e1_b,2026-09-25 14:00:00,0000..0015,16,0.4582,52
e1_b,2026-09-25 14:00:00,0016..0031,16,0.3473,47
e1_b,2026-09-25 14:00:00,0032..0047,16,0.2468,33
e1_b,2026-09-25 14:00:00,0048..0063,16,0.4007,57
e1_b,2026-09-25 15:00:00,0000..0015,16,0.3507,46
e1_b,2026-09-25 15:00:00,0016..0031,16,0.2605,29
e1_b,2026-09-25 15:00:00,0032..0047,16,0.2396,36
e1_b,2026-09-25 15:00:00,0048..0063,16,0.3706,51
e1_b,2026-09-25 16:00:00,0000..0015,16,0.2529,37
e1_b,2026-09-25 16:00:00,0016..0031,16,0.3762,49
e1_b,2026-09-25 16:00:00,0032..0047,16,0.3572,41
e1_b,2026-09-25 16:00:00,0048..0063,16,0.3887,59
e1_b,2026-09-25 17:00:00,0000..0015,16,0.3038,41
e1_b,2026-09-25 17:00:00,0016..0031,16,0.2433,33
e1_b,2026-09-25 17:00:00,0032..0047,16,0.2499,31
e1_b,2026-09-25 17:00:00,0048..0063,16,0.3123,42
e1_b,2026-09-25 18:00:00,0000..0015,16,0.2117,26
e1_b,2026-09-25 18:00:00,0016..0031,16,0.2385,29
e1_b,2026-09-25 18:00:00,0032..0047,16,0.2049,26
e1_b,2026-09-25 18:00:00,0048..0063,16,0.2539,34
e1_b,2026-09-25 19:00:00,0000..0015,16,0.2595,36
e1_b,2026-09-25 19:00:00,0016..0031,16,0.2962,34
e1_b,2026-09-25 19:00:00,0032..0047,16,0.2336,31
e1_b,2026-09-25 19:00:00,0048..0063,16,0.2469,35
e1_b,2026-09-25 20:00:00,0000..0015,16,0.1688,21
e1_b,2026-09-25 20:00:00,0016..0031,16,0.1722,20
e1_b,2026-09-25 20:00:00,0032..0047,16,0.2014,25
e1_b,2026-09-25 20:00:00,0048..0063,16,0.2513,29
e1_b,2026-09-25 21:00:00,0000..0015,16,0.1709,19
e1_b,2026-09-25 21:00:00,0016..0031,16,0.1791,22
e1_b,2026-09-25 21:00:00,0032..0047,16,0.1938,29
e1_b,2026-09-25 21:00:00,0048..0063,16,0.1241,13
e1_b,2026-09-25 22:00:00,0000..0015,16,0.0707,4
e1_b,2026-09-25 22:00:00,0016..0031,16,0.1394,15
e1_b,2026-09-25 22:00:00,0032..0047,16,0.09,9
e1_b,2026-09-25 22:00:00,0048..0063,16,0.1119,11
e1_b,2026-09-25 23:00:00,0000..0015,16,0.2,27
e1_b,2026-09-25 23:00:00,0016..0031,16,0.1501,17
e1_b,2026-09-25 23:00:00,0032..0047,16,0.2314,27
e1_b,2026-09-25 23:00:00,0048..0063,16,0.1534,17
e1_b,2026-09-26 00:00:00,0000..0015,16,0.1899,20
e1_b,2026-09-26 00:00:00,0016..0031,16,0.1568,14
e1_b,2026-09-26 00:00:00,0032..0047,16,0.1316,13
e1_b,2026-09-26 00:00:00,0048..0063,16,0.3582,28
e1_b,2026-09-26 01:00:00,0000..0015,16,0.2173,22
e1_b,2026-09-26 01:00:00,0016..0031,16,0.2745,33
e1_b,2026-09-26 01:00:00,0032..0047,16,0.2418,27
e1_b,2026-09-26 01:00:00,0048..0063,16,0.2086,23
e1_b,2026-09-26 02:00:00,0000..0015,16,0.1023,9
e1_b,2026-09-26 02:00:00,0016..0031,16,0.116,10
e1_b,2026-09-26 02:00:00,0032..0047,16,0.093,7
e1_b,2026-09-26 02:00:00,0048..0063,16,0.188,20
e1_b,2026-09-26 03:00:00,0000..0015,16,0.2564,32
e1_b,2026-09-26 03:00:00,0016..0031,16,0.2658,35
e1_b,2026-09-26 03:00:00,0032..0047,16,0.2384,22
e1_b,2026-09-26 03:00:00,0048..0063,16,0.3413,44
e1_b,2026-09-26 04:00:00,0000..0015,16,0.1764,19
e1_b,2026-09-26 04:00:00,0016..0031,16,0.3688,45
e1_b,2026-09-26 04:00:00,0032..0047,16,0.2636,31
e1_b,2026-09-26 04:00:00,0048..0063,16,0.2988,38
e1_b,2026-09-26 05:00:00,0000..0015,16,0.1932,21
e1_b,2026-09-26 05:00:00,0016..0031,16,0.2269,26
e1_b,2026-09-26 05:00:00,0032..0047,16,0.3146,42
e1_b,2026-09-26 05:00:00,0048..0063,16,0.2412,28
e1_b,2026-09-26 06:00:00,0000..0015,16,0.2062,18
e1_b,2026-09-26 06:00:00,0016..0031,16,0.2525,29
e1_b,2026-09-26 06:00:00,0032..0047,16,0.2931,34
e1_b,2026-09-26 06:00:00,0048..0063,16,0.3925,49
e1_b,2026-09-26 07:00:00,0000..0015,16,0.1347,13
e1_b,2026-09-26 07:00:00,0016..0031,16,0.2223,29
e1_b,2026-09-26 07:00:00,0032..0047,16,0.1341,13
e1_b,2026-09-26 07:00:00,0048..0063,16,0.1252,11
e1_b,2026-09-26 08:00:00,0000..0015,16,0.399,46
e1_b,2026-09-26 08:00:00,0016..0031,16,0.2378,24
e1_b,2026-09-26 08:00:00,0032..0047,16,0.1666,17
e1_b,2026-09-26 08:00:00,0048..0063,16,0.2129,21
e1_b,2026-09-26 09:00:00,0000..0015,16,0.3722,42
e1_b,2026-09-26 09:00:00,0016..0031,16,0.3934,45
e1_b,2026-09-26 09:00:00,0032..0047,16,0.3262,38
e1_b,2026-09-26 09:00:00,0048..0063,16,0.1718,18
e1_b,2026-09-26 10:00:00,0000..0015,16,0.2468,34
e1_b,2026-09-26 10:00:00,0016..0031,16,0.2872,34
e1_b,2026-09-26 10:00:00,0032..0047,16,0.2343,26
e1_b,2026-09-26 10:00:00,0048..0063,16,0.3539,39
e1_b,2026-09-26 11:00:00,0000..0015,16,0.3446,36
e1_b,2026-09-26 11:00:00,0016..0031,16,0.1675,18
e1_b,2026-09-26 11:00:00,0032..0047,16,0.1127,10
e1_b,2026-09-26 11:00:00,0048..0063,16,0.1092,10
e1_b,2026-09-26 12:00:00,0000..0015,16,0.1995,20
e1_b,2026-09-26 12:00:00,0016..0031,16,0.2353,27
e1_b,2026-09-26 12:00:00,0032..0047,16,0.2602,32
e1_b,2026-09-26 12:00:00,0048..0063,16,0.1965,22
e1_b,2026-09-26 13:00:00,0000..0015,16,0.3488,43
e1_b,2026-09-26 13:00:00,0016..0031,16,0.203,24
e1_b,2026-09-26 13:00:00,0032..0047,16,0.3721,46
e1_b,2026-09-26 13:00:00,0048..0063,16,0.2763,25
e1_b,2026-09-26 14:00:00,0000..0015,16,0.4137,54
e1_b,2026-09-26 14:00:00,0016..0031,16,0.3868,48
e1_b,2026-09-26 14:00:00,0032..0047,16,0.2376,28
e1_b,2026-09-26 14:00:00,0048..0063,16,0.2653,33
e1_b,2026-09-26 15:00:00,0000..0015,16,0.2965,41
e1_b,2026-09-26 15:00:00,0016..0031,16,0.2418,33
e1_b,2026-09-26 15:00:00,0032..0047,16,0.159,20
e1_b,2026-09-26 15:00:00,0048..0063,16,0.216,29
e1_b,2026-09-26 16:00:00,0000..0015,16,0.362,47
e1_b,2026-09-26 16:00:00,0016..0031,16,0.2526,32
e1_b,2026-09-26 16:00:00,0032..0047,16,0.2993,35
e1_b,2026-09-26 16:00:00,0048..0063,16,0.3313,43
e1_b,2026-09-26 17:00:00,0000..0015,16,0.2754,35
e1_b,2026-09-26 17:00:00,0016..0031,16,0.2223,28
e1_b,2026-09-26 17:00:00,0032..0047,16,0.3062,38
e1_b,2026-09-26 17:00:00,0048..0063,16,0.3233,43
e1_b,2026-09-26 18:00:00,0000..0015,16,0.3124,37
e1_b,2026-09-26 18:00:00,0016..0031,16,0.4039,56
e1_b,2026-09-26 18:00:00,0032..0047,16,0.6059,42
e1_b,2026-09-26 18:00:00,0048..0063,16,0.4601,61
e1_b,2026-09-26 19:00:00,0000..0015,16,0.2182,32
e1_b,2026-09-26 19:00:00,0016..0031,16,0.1728,23
e1_b,2026-09-26 19:00:00,0032..0047,16,0.1715,21
e1_b,2026-09-26 19:00:00,0048..0063,16,0.1682,22
e1_b,2026-09-26 20:00:00,0000..0015,16,0.2477,32
e1_b,2026-09-26 20:00:00,0016..0031,16,0.2149,29
e1_b,2026-09-26 20:00:00,0032..0047,16,0.1435,17
e1_b,2026-09-26 20:00:00,0048..0063,16,0.1877,24
e1_b,2026-09-26 21:00:00,0000..0015,16,0.1546,18
e1_b,2026-09-26 21:00:00,0016..0031,16,0.0839,8
e1_b,2026-09-26 21:00:00,0032..0047,16,0.1817,22
e1_b,2026-09-26 21:00:00,0048..0063,16,0.1525,19
e1_b,2026-09-26 22:00:00,0000..0015,16,0.0733,5
e1_b,2026-09-26 22:00:00,0016..0031,16,0.0757,5
e1_b,2026-09-26 22:00:00,0032..0047,16,0.0855,8
e1_b,2026-09-26 22:00:00,0048..0063,16,0.0474,1
e1_b,2026-09-26 23:00:00,0000..0015,16,0.3898,49
e1_b,2026-09-26 23:00:00,0016..0031,16,0.3387,43
e1_b,2026-09-26 23:00:00,0032..0047,16,0.2653,32
e1_b,2026-09-26 23:00:00,0048..0063,16,0.2557,32
e1_b,2026-09-27 00:00:00,0000..0015,16,0.1659,17
e1_b,2026-09-27 00:00:00,0016..0031,16,0.1323,12
e1_b,2026-09-27 00:00:00,0032..0047,16,0.1252,7
e1_b,2026-09-27 00:00:00,0048..0063,16,0.1546,16
e1_b,2026-09-27 01:00:00,0000..0015,16,0.203,22
e1_b,2026-09-27 01:00:00,0016..0031,16,0.3095,37
e1_b,2026-09-27 01:00:00,0032..0047,16,0.2598,31
e1_b,2026-09-27 01:00:00,0048..0063,16,0.2539,30
e1_b,2026-09-27 02:00:00,0000..0015,16,0.195,20
e1_b,2026-09-27 02:00:00,0016..0031,16,0.1986,22
e1_b,2026-09-27 02:00:00,0032..0047,16,0.2465,30
e1_b,2026-09-27 02:00:00,0048..0063,16,0.3233,40
e1_b,2026-09-27 03:00:00,0000..0015,16,0.2603,28
e1_b,2026-09-27 03:00:00,0016..0031,16,0.241,28
e1_b,2026-09-27 03:00:00,0032..0047,16,0.3023,34
e1_b,2026-09-27 03:00:00,0048..0063,16,0.4348,50
p4_daily_series,2026-06-01 04:00:00,0000..0007,8,0.3334,25
p4_daily_series,2026-06-01 04:00:00,0008..0015,8,0.3493,22
p4_daily_series,2026-06-01 04:00:00,0016..0023,8,0.3933,22
p4_daily_series,2026-06-01 04:00:00,0024..0031,8,0.3607,20
p4_daily_series,2026-06-01 04:00:00,0032..0039,8,0.3638,16
p4_daily_series,2026-06-01 04:00:00,0040..0047,8,0.3613,14
p4_daily_series,2026-06-01 04:00:00,0048..0055,8,0.3445,16
p4_daily_series,2026-06-01 04:00:00,0056..0063,8,0.3928,12
p4_daily_series,2026-06-02 04:00:00,0000..0007,8,0.3463,12
p4_daily_series,2026-06-02 04:00:00,0008..0015,8,0.3899,19
p4_daily_series,2026-06-02 04:00:00,0016..0023,8,0.3763,15
p4_daily_series,2026-06-02 04:00:00,0024..0031,8,0.3425,17
p4_daily_series,2026-06-02 04:00:00,0032..0039,8,0.329,16
p4_daily_series,2026-06-02 04:00:00,0040..0047,8,0.3332,12
p4_daily_series,2026-06-02 04:00:00,0048..0055,8,0.3774,14
p4_daily_series,2026-06-02 04:00:00,0056..0063,8,0.381,17
p4_daily_series,2026-06-03 04:00:00,0000..0007,8,0.2346,19
p4_daily_series,2026-06-03 04:00:00,0008..0015,8,0.3593,19
p4_daily_series,2026-06-03 04:00:00,0016..0023,8,0.3069,17
p4_daily_series,2026-06-03 04:00:00,0024..0031,8,0.3691,15
p4_daily_series,2026-06-03 04:00:00,0032..0039,8,0.3362,19
p4_daily_series,2026-06-03 04:00:00,0040..0047,8,0.3524,20
p4_daily_series,2026-06-03 04:00:00,0048..0055,8,0.2697,15
p4_daily_series,2026-06-03 04:00:00,0056..0063,8,0.222,15
p4_daily_series,2026-06-04 04:00:00,0000..0007,8,0.3339,19
p4_daily_series,2026-06-04 04:00:00,0008..0015,8,0.2427,14
p4_daily_series,2026-06-04 04:00:00,0016..0023,8,0.2841,15
p4_daily_series,2026-06-04 04:00:00,0024..0031,8,0.3006,19
p4_daily_series,2026-06-04 04:00:00,0032..0039,8,0.3072,22
p4_daily_series,2026-06-04 04:00:00,0040..0047,8,0.21,21
p4_daily_series,2026-06-04 04:00:00,0048..0055,8,0.3054,20
p4_daily_series,2026-06-04 04:00:00,0056..0063,8,0.3512,19
p4_daily_series,2026-06-05 04:00:00,0000..0007,8,0.2186,21
p4_daily_series,2026-06-05 04:00:00,0008..0015,8,0.2528,16
p4_daily_series,2026-06-05 04:00:00,0016..0023,8,0.2382,21
p4_daily_series,2026-06-05 04:00:00,0024..0031,8,0.2658,24
p4_daily_series,2026-06-05 04:00:00,0032..0039,8,0.2713,21
p4_daily_series,2026-06-05 04:00:00,0040..0047,8,0.256,18
p4_daily_series,2026-06-05 04:00:00,0048..0055,8,0.3133,19
p4_daily_series,2026-06-05 04:00:00,0056..0063,8,0.2844,19
p4_daily_series,2026-06-06 04:00:00,0000..0007,8,0.3371,19
p4_daily_series,2026-06-06 04:00:00,0008..0015,8,0.295,13
p4_daily_series,2026-06-06 04:00:00,0016..0023,8,0.2612,17
p4_daily_series,2026-06-06 04:00:00,0024..0031,8,0.2844,22
p4_daily_series,2026-06-06 04:00:00,0032..0039,8,0.3177,21
p4_daily_series,2026-06-06 04:00:00,0040..0047,8,0.292,17
p4_daily_series,2026-06-06 04:00:00,0048..0055,8,0.2606,22
p4_daily_series,2026-06-06 04:00:00,0056..0063,8,0.2564,16
p4_daily_series,2026-06-07 04:00:00,0000..0007,8,0.2816,17
p4_daily_series,2026-06-07 04:00:00,0008..0015,8,0.3174,23
p4_daily_series,2026-06-07 04:00:00,0016..0023,8,0.3194,18
p4_daily_series,2026-06-07 04:00:00,0024..0031,8,0.2577,23
p4_daily_series,2026-06-07 04:00:00,0032..0039,8,0.2712,17
p4_daily_series,2026-06-07 04:00:00,0040..0047,8,0.2505,21
p4_daily_series,2026-06-07 04:00:00,0048..0055,8,0.1721,12
p4_daily_series,2026-06-07 04:00:00,0056..0063,8,0.3002,20
p4_daily_series,2026-06-08 04:00:00,0000..0007,8,0.214,19
p4_daily_series,2026-06-08 04:00:00,0008..0015,8,0.2893,21
p4_daily_series,2026-06-08 04:00:00,0016..0023,8,0.2743,18
p4_daily_series,2026-06-08 04:00:00,0024..0031,8,0.2167,18
p4_daily_series,2026-06-08 04:00:00,0032..0039,8,0.236,16
p4_daily_series,2026-06-08 04:00:00,0040..0047,8,0.6837,17
p4_daily_series,2026-06-08 04:00:00,0048..0055,8,0.2845,20
p4_daily_series,2026-06-08 04:00:00,0056..0063,8,0.2517,14
p4_daily_series,2026-06-09 04:00:00,0000..0007,8,0.2507,16
p4_daily_series,2026-06-09 04:00:00,0008..0015,8,0.2454,15
p4_daily_series,2026-06-09 04:00:00,0016..0023,8,0.2067,19
p4_daily_series,2026-06-09 04:00:00,0024..0031,8,0.2789,17
p4_daily_series,2026-06-09 04:00:00,0032..0039,8,0.2865,19
p4_daily_series,2026-06-09 04:00:00,0040..0047,8,0.3367,18
p4_daily_series,2026-06-09 04:00:00,0048..0055,8,0.2901,15
p4_daily_series,2026-06-09 04:00:00,0056..0063,8,0.275,18
p4_daily_series,2026-06-10 04:00:00,0000..0007,8,0.3075,15
p4_daily_series,2026-06-10 04:00:00,0008..0015,8,0.3142,20
p4_daily_series,2026-06-10 04:00:00,0016..0023,8,0.2504,16
p4_daily_series,2026-06-10 04:00:00,0024..0031,8,0.2033,24
p4_daily_series,2026-06-10 04:00:00,0032..0039,8,0.2493,14
p4_daily_series,2026-06-10 04:00:00,0040..0047,8,0.2516,14
p4_daily_series,2026-06-10 04:00:00,0048..0055,8,0.286,18
p4_daily_series,2026-06-10 04:00:00,0056..0063,8,0.3172,12
p4_daily_series,2026-06-11 04:00:00,0000..0007,8,0.2212,21
p4_daily_series,2026-06-11 04:00:00,0008..0015,8,0.2907,28
p4_daily_series,2026-06-11 04:00:00,0016..0023,8,0.2834,18
p4_daily_series,2026-06-11 04:00:00,0024..0031,8,0.2806,18
p4_daily_series,2026-06-11 04:00:00,0032..0039,8,0.2793,19
p4_daily_series,2026-06-11 04:00:00,0040..0047,8,0.2598,20
p4_daily_series,2026-06-11 04:00:00,0048..0055,8,0.2696,18
p4_daily_series,2026-06-11 04:00:00,0056..0063,8,0.2748,21
p4_daily_series,2026-06-12 04:00:00,0000..0007,8,0.2883,20
p4_daily_series,2026-06-12 04:00:00,0008..0015,8,0.3079,25
p4_daily_series,2026-06-12 04:00:00,0016..0023,8,0.2156,14
p4_daily_series,2026-06-12 04:00:00,0024..0031,8,0.2944,16
p4_daily_series,2026-06-12 04:00:00,0032..0039,8,0.356,17
p4_daily_series,2026-06-12 04:00:00,0040..0047,8,0.2911,16
p4_daily_series,2026-06-12 04:00:00,0048..0055,8,0.2938,27
p4_daily_series,2026-06-12 04:00:00,0056..0063,8,0.2734,23
p4_daily_series,2026-06-13 04:00:00,0000..0007,8,0.3017,12
p4_daily_series,2026-06-13 04:00:00,0008..0015,8,0.2284,19
p4_daily_series,2026-06-13 04:00:00,0016..0023,8,0.2628,22
p4_daily_series,2026-06-13 04:00:00,0024..0031,8,0.2799,14
p4_daily_series,2026-06-13 04:00:00,0032..0039,8,0.2482,21
p4_daily_series,2026-06-13 04:00:00,0040..0047,8,0.2777,18
p4_daily_series,2026-06-13 04:00:00,0048..0055,8,0.3022,15
p4_daily_series,2026-06-13 04:00:00,0056..0063,8,0.1891,21
p4_daily_series,2026-06-14 04:00:00,0000..0007,8,0.2466,21
p4_daily_series,2026-06-14 04:00:00,0008..0015,8,0.2789,27
p4_daily_series,2026-06-14 04:00:00,0016..0023,8,0.2717,20
p4_daily_series,2026-06-14 04:00:00,0024..0031,8,0.2409,21
p4_daily_series,2026-06-14 04:00:00,0032..0039,8,0.2381,18
p4_daily_series,2026-06-14 04:00:00,0040..0047,8,0.2905,25
p4_daily_series,2026-06-14 04:00:00,0048..0055,8,0.2217,12
p4_daily_series,2026-06-14 04:00:00,0056..0063,8,0.209,25
p4_daily_series,2026-06-15 04:00:00,0000..0007,8,0.2003,18
p4_daily_series,2026-06-15 04:00:00,0008..0015,8,0.3325,22
p4_daily_series,2026-06-15 04:00:00,0016..0023,8,0.2542,20
p4_daily_series,2026-06-15 04:00:00,0024..0031,8,0.3425,13
p4_daily_series,2026-06-15 04:00:00,0032..0039,8,0.2524,23
p4_daily_series,2026-06-15 04:00:00,0040..0047,8,0.2101,18
p4_daily_series,2026-06-15 04:00:00,0048..0055,8,0.2319,19
p4_daily_series,2026-06-15 04:00:00,0056..0063,8,0.2127,19
p4_daily_series,2026-06-16 04:00:00,0000..0007,8,0.1953,24
p4_daily_series,2026-06-16 04:00:00,0008..0015,8,0.2867,23
p4_daily_series,2026-06-16 04:00:00,0016..0023,8,0.2686,20
p4_daily_series,2026-06-16 04:00:00,0024..0031,8,0.2481,19
p4_daily_series,2026-06-16 04:00:00,0032..0039,8,0.332,18
p4_daily_series,2026-06-16 04:00:00,0040..0047,8,0.2299,22
p4_daily_series,2026-06-16 04:00:00,0048..0055,8,0.3064,19
p4_daily_series,2026-06-16 04:00:00,0056..0063,8,0.2934,15
p4_daily_series,2026-06-17 04:00:00,0000..0007,8,0.2838,23
p4_daily_series,2026-06-17 04:00:00,0008..0015,8,0.2877,28
p4_daily_series,2026-06-17 04:00:00,0016..0023,8,0.2833,22
p4_daily_series,2026-06-17 04:00:00,0024..0031,8,0.3483,24
p4_daily_series,2026-06-17 04:00:00,0032..0039,8,0.214,18
p4_daily_series,2026-06-17 04:00:00,0040..0047,8,0.2616,20
p4_daily_series,2026-06-17 04:00:00,0048..0055,8,0.1964,26
p4_daily_series,2026-06-17 04:00:00,0056..0063,8,0.3169,21
p4_daily_series,2026-06-18 04:00:00,0000..0007,8,0.2667,20
p4_daily_series,2026-06-18 04:00:00,0008..0015,8,0.2995,20
p4_daily_series,2026-06-18 04:00:00,0016..0023,8,0.3056,15
p4_daily_series,2026-06-18 04:00:00,0024..0031,8,0.2697,19
p4_daily_series,2026-06-18 04:00:00,0032..0039,8,0.2856,18
p4_daily_series,2026-06-18 04:00:00,0040..0047,8,0.2781,15
p4_daily_series,2026-06-18 04:00:00,0048..0055,8,0.2601,21
p4_daily_series,2026-06-18 04:00:00,0056..0063,8,0.3789,25
p4_daily_series,2026-06-19 04:00:00,0000..0007,8,0.2283,21
p4_daily_series,2026-06-19 04:00:00,0008..0015,8,0.2458,24
p4_daily_series,2026-06-19 04:00:00,0016..0023,8,0.2507,23
p4_daily_series,2026-06-19 04:00:00,0024..0031,8,0.2675,16
p4_daily_series,2026-06-19 04:00:00,0032..0039,8,0.2354,20
p4_daily_series,2026-06-19 04:00:00,0040..0047,8,0.278,14
p4_daily_series,2026-06-19 04:00:00,0048..0055,8,0.2913,19
p4_daily_series,2026-06-19 04:00:00,0056..0063,8,0.2464,22
p4_daily_series,2026-06-20 04:00:00,0000..0007,8,0.2046,20
p4_daily_series,2026-06-20 04:00:00,0008..0015,8,0.1866,12
p4_daily_series,2026-06-20 04:00:00,0016..0023,8,0.236,17
p4_daily_series,2026-06-20 04:00:00,0024..0031,8,0.2162,16
p4_daily_series,2026-06-20 04:00:00,0032..0039,8,0.2986,16
p4_daily_series,2026-06-20 04:00:00,0040..0047,8,0.1932,14
p4_daily_series,2026-06-20 04:00:00,0048..0055,8,0.1661,10
p4_daily_series,2026-06-20 04:00:00,0056..0063,8,0.202,16
p4_daily_series,2026-06-21 04:00:00,0000..0007,8,0.1966,14
p4_daily_series,2026-06-21 04:00:00,0008..0015,8,0.2114,14
p4_daily_series,2026-06-21 04:00:00,0016..0023,8,0.2502,20
p4_daily_series,2026-06-21 04:00:00,0024..0031,8,0.2381,20
p4_daily_series,2026-06-21 04:00:00,0032..0039,8,0.2502,18
p4_daily_series,2026-06-21 04:00:00,0040..0047,8,0.1487,18
p4_daily_series,2026-06-21 04:00:00,0048..0055,8,0.1247,10
p4_daily_series,2026-06-21 04:00:00,0056..0063,8,0.1637,16
p4_daily_series,2026-06-22 04:00:00,0000..0007,8,0.1542,14
p4_daily_series,2026-06-22 04:00:00,0008..0015,8,0.1662,20
p4_daily_series,2026-06-22 04:00:00,0016..0023,8,0.2103,16
p4_daily_series,2026-06-22 04:00:00,0024..0031,8,0.1486,14
p4_daily_series,2026-06-22 04:00:00,0032..0039,8,0.2082,12
p4_daily_series,2026-06-22 04:00:00,0040..0047,8,0.1308,13
p4_daily_series,2026-06-22 04:00:00,0048..0055,8,0.1105,11
p4_daily_series,2026-06-22 04:00:00,0056..0063,8,0.1338,14
p4_daily_series,2026-06-23 04:00:00,0000..0007,8,0.1676,10
p4_daily_series,2026-06-23 04:00:00,0008..0015,8,0.1742,16
p4_daily_series,2026-06-23 04:00:00,0016..0023,8,0.1563,16
p4_daily_series,2026-06-23 04:00:00,0024..0031,8,0.1677,12
p4_daily_series,2026-06-23 04:00:00,0032..0039,8,0.2828,9
p4_daily_series,2026-06-23 04:00:00,0040..0047,8,0.18,14
p4_daily_series,2026-06-23 04:00:00,0048..0055,8,0.2097,17
p4_daily_series,2026-06-23 04:00:00,0056..0063,8,0.2083,18
p4_daily_series,2026-06-24 04:00:00,0000..0007,8,0.295,15
p4_daily_series,2026-06-24 04:00:00,0008..0015,8,0.324,19
p4_daily_series,2026-06-24 04:00:00,0016..0023,8,0.2696,30
p4_daily_series,2026-06-24 04:00:00,0024..0031,8,0.3168,20
p4_daily_series,2026-06-24 04:00:00,0032..0039,8,0.2822,14
p4_daily_series,2026-06-24 04:00:00,0040..0047,8,0.2747,15
p4_daily_series,2026-06-24 04:00:00,0048..0055,8,0.3169,19
p4_daily_series,2026-06-24 04:00:00,0056..0063,8,0.258,15
p4_daily_series,2026-06-25 04:00:00,0000..0007,8,0.4917,13
p4_daily_series,2026-06-25 04:00:00,0008..0015,8,0.2931,14
p4_daily_series,2026-06-25 04:00:00,0016..0023,8,0.2112,21
p4_daily_series,2026-06-25 04:00:00,0024..0031,8,0.1886,15
p4_daily_series,2026-06-25 04:00:00,0032..0039,8,0.1905,15
p4_daily_series,2026-06-25 04:00:00,0040..0047,8,0.2548,14
p4_daily_series,2026-06-25 04:00:00,0048..0055,8,0.238,15
p4_daily_series,2026-06-25 04:00:00,0056..0063,8,0.2063,18
p4_daily_series,2026-06-26 04:00:00,0000..0007,8,0.2438,22
p4_daily_series,2026-06-26 04:00:00,0008..0015,8,0.2263,17
p4_daily_series,2026-06-26 04:00:00,0016..0023,8,0.2018,12
p4_daily_series,2026-06-26 04:00:00,0024..0031,8,0.1756,20
p4_daily_series,2026-06-26 04:00:00,0032..0039,8,0.2166,14
p4_daily_series,2026-06-26 04:00:00,0040..0047,8,0.1791,14
p4_daily_series,2026-06-26 04:00:00,0048..0055,8,0.1772,18
p4_daily_series,2026-06-26 04:00:00,0056..0063,8,0.189,18
p4_daily_series,2026-06-27 04:00:00,0000..0007,8,0.1684,13
p4_daily_series,2026-06-27 04:00:00,0008..0015,8,0.1982,16
p4_daily_series,2026-06-27 04:00:00,0016..0023,8,0.1859,20
p4_daily_series,2026-06-27 04:00:00,0024..0031,8,0.1883,14
p4_daily_series,2026-06-27 04:00:00,0032..0039,8,0.1887,19
p4_daily_series,2026-06-27 04:00:00,0040..0047,8,0.1619,14
p4_daily_series,2026-06-27 04:00:00,0048..0055,8,0.1508,20
p4_daily_series,2026-06-27 04:00:00,0056..0063,8,0.1515,16
p4_daily_series,2026-06-28 04:00:00,0000..0007,8,0.2299,15
p4_daily_series,2026-06-28 04:00:00,0008..0015,8,0.1588,11
p4_daily_series,2026-06-28 04:00:00,0016..0023,8,0.2779,16
p4_daily_series,2026-06-28 04:00:00,0024..0031,8,0.2019,15
p4_daily_series,2026-06-28 04:00:00,0032..0039,8,0.1961,17
p4_daily_series,2026-06-28 04:00:00,0040..0047,8,0.2421,22
p4_daily_series,2026-06-28 04:00:00,0048..0055,8,0.2236,17
p4_daily_series,2026-06-28 04:00:00,0056..0063,8,0.2093,13
p4_daily_series,2026-06-29 04:00:00,0000..0007,8,0.2287,15
p4_daily_series,2026-06-29 04:00:00,0008..0015,8,0.2483,18
p4_daily_series,2026-06-29 04:00:00,0016..0023,8,0.2362,15
p4_daily_series,2026-06-29 04:00:00,0024..0031,8,0.2156,14
p4_daily_series,2026-06-29 04:00:00,0032..0039,8,0.256,13
p4_daily_series,2026-06-29 04:00:00,0040..0047,8,0.1852,13
p4_daily_series,2026-06-29 04:00:00,0048..0055,8,0.1999,15
p4_daily_series,2026-06-29 04:00:00,0056..0063,8,0.1781,18
p4_daily_series,2026-06-30 04:00:00,0000..0007,8,0.2782,18
p4_daily_series,2026-06-30 04:00:00,0008..0015,8,0.2317,16
p4_daily_series,2026-06-30 04:00:00,0016..0023,8,0.2176,20
p4_daily_series,2026-06-30 04:00:00,0024..0031,8,0.2731,16
p4_daily_series,2026-06-30 04:00:00,0032..0039,8,0.3423,16
p4_daily_series,2026-06-30 04:00:00,0040..0047,8,0.2492,19
p4_daily_series,2026-06-30 04:00:00,0048..0055,8,0.208,18
p4_daily_series,2026-06-30 04:00:00,0056..0063,8,0.2285,12
p4_daily_series,2026-07-01 04:00:00,0000..0007,8,0.251,15
p4_daily_series,2026-07-01 04:00:00,0008..0015,8,0.2628,18
p4_daily_series,2026-07-01 04:00:00,0016..0023,8,0.2974,15
p4_daily_series,2026-07-01 04:00:00,0024..0031,8,0.2427,16
p4_daily_series,2026-07-01 04:00:00,0032..0039,8,0.2482,20
p4_daily_series,2026-07-01 04:00:00,0040..0047,8,0.1947,19
p4_daily_series,2026-07-01 04:00:00,0048..0055,8,0.2757,15
p4_daily_series,2026-07-01 04:00:00,0056..0063,8,0.2884,21
p4_daily_series,2026-07-02 04:00:00,0000..0007,8,0.1731,14
p4_daily_series,2026-07-02 04:00:00,0008..0015,8,0.2178,17
p4_daily_series,2026-07-02 04:00:00,0016..0023,8,0.2404,20
p4_daily_series,2026-07-02 04:00:00,0024..0031,8,0.2036,21
p4_daily_series,2026-07-02 04:00:00,0032..0039,8,0.2314,18
p4_daily_series,2026-07-02 04:00:00,0040..0047,8,0.1533,20
p4_daily_series,2026-07-02 04:00:00,0048..0055,8,0.2595,22
p4_daily_series,2026-07-02 04:00:00,0056..0063,8,0.1972,19
p4_daily_series,2026-07-03 04:00:00,0000..0007,8,0.1512,18
p4_daily_series,2026-07-03 04:00:00,0008..0015,8,0.1535,17
p4_daily_series,2026-07-03 04:00:00,0016..0023,8,0.1663,10
p4_daily_series,2026-07-03 04:00:00,0024..0031,8,0.1912,21
p4_daily_series,2026-07-03 04:00:00,0032..0039,8,0.1488,19
p4_daily_series,2026-07-03 04:00:00,0040..0047,8,0.1275,18
p4_daily_series,2026-07-03 04:00:00,0048..0055,8,0.1623,18
p4_daily_series,2026-07-03 04:00:00,0056..0063,8,0.2242,18
p4_daily_series,2026-07-04 04:00:00,0000..0007,8,0.2067,18
p4_daily_series,2026-07-04 04:00:00,0008..0015,8,0.1344,12
p4_daily_series,2026-07-04 04:00:00,0016..0023,8,0.1636,10
p4_daily_series,2026-07-04 04:00:00,0024..0031,8,0.1578,10
p4_daily_series,2026-07-04 04:00:00,0032..0039,8,0.1533,15
p4_daily_series,2026-07-04 04:00:00,0040..0047,8,0.144,12
p4_daily_series,2026-07-04 04:00:00,0048..0055,8,0.141,17
p4_daily_series,2026-07-04 04:00:00,0056..0063,8,0.1734,11
p4_daily_series,2026-07-05 04:00:00,0000..0007,8,0.181,20
p4_daily_series,2026-07-05 04:00:00,0008..0015,8,0.1573,15
p4_daily_series,2026-07-05 04:00:00,0016..0023,8,0.2266,16
p4_daily_series,2026-07-05 04:00:00,0024..0031,8,0.1993,18
p4_daily_series,2026-07-05 04:00:00,0032..0039,8,0.1633,20
p4_daily_series,2026-07-05 04:00:00,0040..0047,8,0.1494,15
p4_daily_series,2026-07-05 04:00:00,0048..0055,8,0.1337,10
p4_daily_series,2026-07-05 04:00:00,0056..0063,8,0.2198,15
p4_daily_series,2026-07-06 04:00:00,0000..0007,8,0.141,15
p4_daily_series,2026-07-06 04:00:00,0008..0015,8,0.159,15
p4_daily_series,2026-07-06 04:00:00,0016..0023,8,0.1874,13
p4_daily_series,2026-07-06 04:00:00,0024..0031,8,0.1769,19
p4_daily_series,2026-07-06 04:00:00,0032..0039,8,0.1653,14
p4_daily_series,2026-07-06 04:00:00,0040..0047,8,0.1603,17
p4_daily_series,2026-07-06 04:00:00,0048..0055,8,0.1627,15
p4_daily_series,2026-07-06 04:00:00,0056..0063,8,0.2342,18
p4_daily_series,2026-07-07 04:00:00,0000..0007,8,0.2157,20
p4_daily_series,2026-07-07 04:00:00,0008..0015,8,0.2224,14
p4_daily_series,2026-07-07 04:00:00,0016..0023,8,0.1671,22
p4_daily_series,2026-07-07 04:00:00,0024..0031,8,0.1862,22
p4_daily_series,2026-07-07 04:00:00,0032..0039,8,0.2261,20
p4_daily_series,2026-07-07 04:00:00,0040..0047,8,0.1484,15
p4_daily_series,2026-07-07 04:00:00,0048..0055,8,0.2376,12
p4_daily_series,2026-07-07 04:00:00,0056..0063,8,0.2464,23
p4_daily_series,2026-07-08 04:00:00,0000..0007,8,0.2412,20
p4_daily_series,2026-07-08 04:00:00,0008..0015,8,0.2508,13
p4_daily_series,2026-07-08 04:00:00,0016..0023,8,0.289,16
p4_daily_series,2026-07-08 04:00:00,0024..0031,8,0.2502,20
p4_daily_series,2026-07-08 04:00:00,0032..0039,8,0.262,15
p4_daily_series,2026-07-08 04:00:00,0040..0047,8,0.4122,17
p4_daily_series,2026-07-08 04:00:00,0048..0055,8,0.2623,16
p4_daily_series,2026-07-08 04:00:00,0056..0063,8,0.2973,25
p4_daily_series,2026-07-09 04:00:00,0000..0007,8,0.2371,18
p4_daily_series,2026-07-09 04:00:00,0008..0015,8,0.2313,18
p4_daily_series,2026-07-09 04:00:00,0016..0023,8,0.211,12
p4_daily_series,2026-07-09 04:00:00,0024..0031,8,0.2835,16
p4_daily_series,2026-07-09 04:00:00,0032..0039,8,0.2243,17
p4_daily_series,2026-07-09 04:00:00,0040..0047,8,0.2155,20
p4_daily_series,2026-07-09 04:00:00,0048..0055,8,0.2395,11
p4_daily_series,2026-07-09 04:00:00,0056..0063,8,0.2488,20
p4_daily_series,2026-07-10 04:00:00,0000..0007,8,0.3422,19
p4_daily_series,2026-07-10 04:00:00,0008..0015,8,0.2503,25
p4_daily_series,2026-07-10 04:00:00,0016..0023,8,0.1912,20
p4_daily_series,2026-07-10 04:00:00,0024..0031,8,0.2916,19
p4_daily_series,2026-07-10 04:00:00,0032..0039,8,0.1829,20
p4_daily_series,2026-07-10 04:00:00,0040..0047,8,0.2171,20
p4_daily_series,2026-07-10 04:00:00,0048..0055,8,0.2412,15
p4_daily_series,2026-07-10 04:00:00,0056..0063,8,0.2466,21
p4_daily_series,2026-07-11 04:00:00,0000..0007,8,0.1569,20
p4_daily_series,2026-07-11 04:00:00,0008..0015,8,0.2221,15
p4_daily_series,2026-07-11 04:00:00,0016..0023,8,0.2036,13
p4_daily_series,2026-07-11 04:00:00,0024..0031,8,0.2383,17
p4_daily_series,2026-07-11 04:00:00,0032..0039,8,0.2099,24
p4_daily_series,2026-07-11 04:00:00,0040..0047,8,0.2143,14
p4_daily_series,2026-07-11 04:00:00,0048..0055,8,0.2254,17
p4_daily_series,2026-07-11 04:00:00,0056..0063,8,0.225,16
p4_daily_series,2026-07-12 04:00:00,0000..0007,8,0.1772,16
p4_daily_series,2026-07-12 04:00:00,0008..0015,8,0.2285,20
p4_daily_series,2026-07-12 04:00:00,0016..0023,8,0.2221,23
p4_daily_series,2026-07-12 04:00:00,0024..0031,8,0.2492,24
p4_daily_series,2026-07-12 04:00:00,0032..0039,8,0.2002,13
p4_daily_series,2026-07-12 04:00:00,0040..0047,8,0.1914,19
p4_daily_series,2026-07-12 04:00:00,0048..0055,8,0.2086,18
p4_daily_series,2026-07-12 04:00:00,0056..0063,8,0.5399,21
p4_daily_series,2026-07-13 04:00:00,0000..0007,8,0.2456,24
p4_daily_series,2026-07-13 04:00:00,0008..0015,8,0.281,20
p4_daily_series,2026-07-13 04:00:00,0016..0023,8,0.1732,21
p4_daily_series,2026-07-13 04:00:00,0024..0031,8,0.2382,20
p4_daily_series,2026-07-13 04:00:00,0032..0039,8,0.1912,11
p4_daily_series,2026-07-13 04:00:00,0040..0047,8,0.1819,12
p4_daily_series,2026-07-13 04:00:00,0048..0055,8,0.205,17
p4_daily_series,2026-07-13 04:00:00,0056..0063,8,0.2289,16
p4_daily_series,2026-07-14 04:00:00,0000..0007,8,0.2608,13
p4_daily_series,2026-07-14 04:00:00,0008..0015,8,0.2788,28
p4_daily_series,2026-07-14 04:00:00,0016..0023,8,0.2351,20
p4_daily_series,2026-07-14 04:00:00,0024..0031,8,0.2328,10
p4_daily_series,2026-07-14 04:00:00,0032..0039,8,0.2315,17
p4_daily_series,2026-07-14 04:00:00,0040..0047,8,0.2264,17
p4_daily_series,2026-07-14 04:00:00,0048..0055,8,0.2238,15
p4_daily_series,2026-07-14 04:00:00,0056..0063,8,0.1938,13
p4_daily_series,2026-07-15 04:00:00,0000..0007,8,0.1648,17
p4_daily_series,2026-07-15 04:00:00,0008..0015,8,0.2378,19
p4_daily_series,2026-07-15 04:00:00,0016..0023,8,0.3172,15
p4_daily_series,2026-07-15 04:00:00,0024..0031,8,0.2179,12
p4_daily_series,2026-07-15 04:00:00,0032..0039,8,0.3415,13
p4_daily_series,2026-07-15 04:00:00,0040..0047,8,0.2477,20
p4_daily_series,2026-07-15 04:00:00,0048..0055,8,0.3106,16
p4_daily_series,2026-07-15 04:00:00,0056..0063,8,0.2785,11
p4_daily_series,2026-07-16 04:00:00,0000..0007,8,0.3133,15
p4_daily_series,2026-07-16 04:00:00,0008..0015,8,0.2899,18
p4_daily_series,2026-07-16 04:00:00,0016..0023,8,0.2376,16
p4_daily_series,2026-07-16 04:00:00,0024..0031,8,0.2562,16
p4_daily_series,2026-07-16 04:00:00,0032..0039,8,0.3377,23
p4_daily_series,2026-07-16 04:00:00,0040..0047,8,0.3303,14
p4_daily_series,2026-07-16 04:00:00,0048..0055,8,0.3676,23
p4_daily_series,2026-07-16 04:00:00,0056..0063,8,0.3101,19
p4_daily_series,2026-07-17 04:00:00,0000..0007,8,0.2331,26
p4_daily_series,2026-07-17 04:00:00,0008..0015,8,0.2282,24
p4_daily_series,2026-07-17 04:00:00,0016..0023,8,0.232,17
p4_daily_series,2026-07-17 04:00:00,0024..0031,8,0.264,17
p4_daily_series,2026-07-17 04:00:00,0032..0039,8,0.2834,16
p4_daily_series,2026-07-17 04:00:00,0040..0047,8,0.3071,14
p4_daily_series,2026-07-17 04:00:00,0048..0055,8,0.2741,19
p4_daily_series,2026-07-17 04:00:00,0056..0063,8,0.2094,14
p4_daily_series,2026-07-18 04:00:00,0000..0007,8,0.15,15
p4_daily_series,2026-07-18 04:00:00,0008..0015,8,0.175,18
p4_daily_series,2026-07-18 04:00:00,0016..0023,8,0.1671,19
p4_daily_series,2026-07-18 04:00:00,0024..0031,8,0.1806,26
p4_daily_series,2026-07-18 04:00:00,0032..0039,8,0.1545,14
p4_daily_series,2026-07-18 04:00:00,0040..0047,8,0.1657,15
p4_daily_series,2026-07-18 04:00:00,0048..0055,8,0.1487,11
p4_daily_series,2026-07-18 04:00:00,0056..0063,8,0.1344,17
p4_daily_series,2026-07-19 04:00:00,0000..0007,8,0.2049,18
p4_daily_series,2026-07-19 04:00:00,0008..0015,8,0.1653,18
p4_daily_series,2026-07-19 04:00:00,0016..0023,8,0.1766,14
p4_daily_series,2026-07-19 04:00:00,0024..0031,8,0.1585,11
p4_daily_series,2026-07-19 04:00:00,0032..0039,8,0.1602,9
p4_daily_series,2026-07-19 04:00:00,0040..0047,8,0.1752,17
p4_daily_series,2026-07-19 04:00:00,0048..0055,8,0.1795,16
p4_daily_series,2026-07-19 04:00:00,0056..0063,8,0.1839,14
p4_daily_series,2026-07-20 04:00:00,0000..0007,8,0.3138,14
p4_daily_series,2026-07-20 04:00:00,0008..0015,8,0.2383,19
p4_daily_series,2026-07-20 04:00:00,0016..0023,8,0.2338,21
p4_daily_series,2026-07-20 04:00:00,0024..0031,8,0.2216,17
p4_daily_series,2026-07-20 04:00:00,0032..0039,8,0.2377,13
p4_daily_series,2026-07-20 04:00:00,0040..0047,8,0.2575,21
p4_daily_series,2026-07-20 04:00:00,0048..0055,8,0.2705,21
p4_daily_series,2026-07-20 04:00:00,0056..0063,8,0.2639,16
p4_daily_series,2026-07-21 04:00:00,0000..0007,8,0.247,16
p4_daily_series,2026-07-21 04:00:00,0008..0015,8,0.2225,15
p4_daily_series,2026-07-21 04:00:00,0016..0023,8,0.2135,20
p4_daily_series,2026-07-21 04:00:00,0024..0031,8,0.3314,14
p4_daily_series,2026-07-21 04:00:00,0032..0039,8,0.2175,13
p4_daily_series,2026-07-21 04:00:00,0040..0047,8,0.2582,14
p4_daily_series,2026-07-21 04:00:00,0048..0055,8,0.2438,17
p4_daily_series,2026-07-21 04:00:00,0056..0063,8,0.2102,17
p4_daily_series,2026-07-22 04:00:00,0000..0007,8,0.3253,12
p4_daily_series,2026-07-22 04:00:00,0008..0015,8,0.2706,17
p4_daily_series,2026-07-22 04:00:00,0016..0023,8,0.2922,23
p4_daily_series,2026-07-22 04:00:00,0024..0031,8,0.3003,11
p4_daily_series,2026-07-22 04:00:00,0032..0039,8,0.3034,15
p4_daily_series,2026-07-22 04:00:00,0040..0047,8,0.2682,21
p4_daily_series,2026-07-22 04:00:00,0048..0055,8,0.3065,19
p4_daily_series,2026-07-22 04:00:00,0056..0063,8,0.3215,24
p4_daily_series,2026-07-23 04:00:00,0000..0007,8,0.2887,19
p4_daily_series,2026-07-23 04:00:00,0008..0015,8,0.2846,21
p4_daily_series,2026-07-23 04:00:00,0016..0023,8,0.3481,17
p4_daily_series,2026-07-23 04:00:00,0024..0031,8,0.2163,14
p4_daily_series,2026-07-23 04:00:00,0032..0039,8,0.2895,20
p4_daily_series,2026-07-23 04:00:00,0040..0047,8,0.4017,19
p4_daily_series,2026-07-23 04:00:00,0048..0055,8,0.3043,22
p4_daily_series,2026-07-23 04:00:00,0056..0063,8,0.3337,29
p4_daily_series,2026-07-24 04:00:00,0000..0007,8,0.2485,20
p4_daily_series,2026-07-24 04:00:00,0008..0015,8,0.2799,20
p4_daily_series,2026-07-24 04:00:00,0016..0023,8,0.2263,19
p4_daily_series,2026-07-24 04:00:00,0024..0031,8,0.234,18
p4_daily_series,2026-07-24 04:00:00,0032..0039,8,0.27,26
p4_daily_series,2026-07-24 04:00:00,0040..0047,8,0.3005,22
p4_daily_series,2026-07-24 04:00:00,0048..0055,8,0.266,21
p4_daily_series,2026-07-24 04:00:00,0056..0063,8,0.2011,15
p4_daily_series,2026-07-25 04:00:00,0000..0007,8,0.2373,23
p4_daily_series,2026-07-25 04:00:00,0008..0015,8,0.2155,17
p4_daily_series,2026-07-25 04:00:00,0016..0023,8,0.3118,18
p4_daily_series,2026-07-25 04:00:00,0024..0031,8,0.2427,10
p4_daily_series,2026-07-25 04:00:00,0032..0039,8,0.2157,15
p4_daily_series,2026-07-25 04:00:00,0040..0047,8,0.2213,21
p4_daily_series,2026-07-25 04:00:00,0048..0055,8,0.2448,17
p4_daily_series,2026-07-25 04:00:00,0056..0063,8,0.2469,13
p4_daily_series,2026-07-26 04:00:00,0000..0007,8,0.167,19
p4_daily_series,2026-07-26 04:00:00,0008..0015,8,0.2062,16
p4_daily_series,2026-07-26 04:00:00,0016..0023,8,0.2288,17
p4_daily_series,2026-07-26 04:00:00,0024..0031,8,0.1679,18
p4_daily_series,2026-07-26 04:00:00,0032..0039,8,0.1671,21
p4_daily_series,2026-07-26 04:00:00,0040..0047,8,0.2253,23
p4_daily_series,2026-07-26 04:00:00,0048..0055,8,0.2326,14
p4_daily_series,2026-07-26 04:00:00,0056..0063,8,0.2808,20
p4_daily_series,2026-07-27 04:00:00,0000..0007,8,0.2345,22
p4_daily_series,2026-07-27 04:00:00,0008..0015,8,0.2443,23
p4_daily_series,2026-07-27 04:00:00,0016..0023,8,0.2551,19
p4_daily_series,2026-07-27 04:00:00,0024..0031,8,0.2216,19
p4_daily_series,2026-07-27 04:00:00,0032..0039,8,0.1811,12
p4_daily_series,2026-07-27 04:00:00,0040..0047,8,0.2784,14
p4_daily_series,2026-07-27 04:00:00,0048..0055,8,0.2693,21
p4_daily_series,2026-07-27 04:00:00,0056..0063,8,0.298,21
p4_daily_series,2026-07-28 04:00:00,0000..0007,8,0.389,20
p4_daily_series,2026-07-28 04:00:00,0008..0015,8,0.3816,17
p4_daily_series,2026-07-28 04:00:00,0016..0023,8,0.3574,21
p4_daily_series,2026-07-28 04:00:00,0024..0031,8,0.3555,14
p4_daily_series,2026-07-28 04:00:00,0032..0039,8,0.2746,16
p4_daily_series,2026-07-28 04:00:00,0040..0047,8,0.3136,14
p4_daily_series,2026-07-28 04:00:00,0048..0055,8,0.3184,20
p4_daily_series,2026-07-28 04:00:00,0056..0063,8,0.3965,24
p4_daily_series,2026-07-29 04:00:00,0000..0007,8,0.4719,21
p4_daily_series,2026-07-29 04:00:00,0008..0015,8,0.3934,17
p4_daily_series,2026-07-29 04:00:00,0016..0023,8,0.5398,18
p4_daily_series,2026-07-29 04:00:00,0024..0031,8,0.2984,14
p4_daily_series,2026-07-29 04:00:00,0032..0039,8,0.3227,15
p4_daily_series,2026-07-29 04:00:00,0040..0047,8,0.4091,17
p4_daily_series,2026-07-29 04:00:00,0048..0055,8,0.3718,12
p4_daily_series,2026-07-29 04:00:00,0056..0063,8,0.4271,27
p4_daily_series,2026-07-30 04:00:00,0000..0007,8,0.4001,15
p4_daily_series,2026-07-30 04:00:00,0008..0015,8,0.4337,13
p4_daily_series,2026-07-30 04:00:00,0016..0023,8,0.4291,17
p4_daily_series,2026-07-30 04:00:00,0024..0031,8,0.3824,22
p4_daily_series,2026-07-30 04:00:00,0032..0039,8,0.3639,13
p4_daily_series,2026-07-30 04:00:00,0040..0047,8,0.389,22
p4_daily_series,2026-07-30 04:00:00,0048..0055,8,0.387,18
p4_daily_series,2026-07-30 04:00:00,0056..0063,8,0.4497,17
p4_daily_series,2026-07-31 04:00:00,0000..0007,8,0.4329,24
p4_daily_series,2026-07-31 04:00:00,0008..0015,8,0.434,16
p4_daily_series,2026-07-31 04:00:00,0016..0023,8,0.5277,23
p4_daily_series,2026-07-31 04:00:00,0024..0031,8,0.3881,24
p4_daily_series,2026-07-31 04:00:00,0032..0039,8,0.5019,23
p4_daily_series,2026-07-31 04:00:00,0040..0047,8,0.4598,24
p4_daily_series,2026-07-31 04:00:00,0048..0055,8,0.4031,24
p4_daily_series,2026-07-31 04:00:00,0056..0063,8,0.3665,15
p4_daily_series,2026-08-01 04:00:00,0000..0007,8,0.3496,10
p4_daily_series,2026-08-01 04:00:00,0008..0015,8,0.3728,21
p4_daily_series,2026-08-01 04:00:00,0016..0023,8,0.4007,19
p4_daily_series,2026-08-01 04:00:00,0024..0031,8,0.3795,19
p4_daily_series,2026-08-01 04:00:00,0032..0039,8,0.4457,21
p4_daily_series,2026-08-01 04:00:00,0040..0047,8,0.4454,16
p4_daily_series,2026-08-01 04:00:00,0048..0055,8,0.3597,18
p4_daily_series,2026-08-01 04:00:00,0056..0063,8,0.3804,17
p4_daily_series,2026-08-02 04:00:00,0000..0007,8,0.3186,14
p4_daily_series,2026-08-02 04:00:00,0008..0015,8,0.3785,21
p4_daily_series,2026-08-02 04:00:00,0016..0023,8,0.3793,18
p4_daily_series,2026-08-02 04:00:00,0024..0031,8,0.3074,21
p4_daily_series,2026-08-02 04:00:00,0032..0039,8,0.3665,20
p4_daily_series,2026-08-02 04:00:00,0040..0047,8,0.3779,19
p4_daily_series,2026-08-02 04:00:00,0048..0055,8,0.3223,21
p4_daily_series,2026-08-02 04:00:00,0056..0063,8,0.4175,25
p4_daily_series,2026-08-03 04:00:00,0000..0007,8,0.3391,17
p4_daily_series,2026-08-03 04:00:00,0008..0015,8,0.2684,23
p4_daily_series,2026-08-03 04:00:00,0016..0023,8,0.3707,21
p4_daily_series,2026-08-03 04:00:00,0024..0031,8,0.281,25
p4_daily_series,2026-08-03 04:00:00,0032..0039,8,0.3274,23
p4_daily_series,2026-08-03 04:00:00,0040..0047,8,0.3751,19
p4_daily_series,2026-08-03 04:00:00,0048..0055,8,0.325,24
p4_daily_series,2026-08-03 04:00:00,0056..0063,8,0.2587,20
p4_daily_series,2026-08-04 04:00:00,0000..0007,8,0.3796,23
p4_daily_series,2026-08-04 04:00:00,0008..0015,8,0.4629,23
p4_daily_series,2026-08-04 04:00:00,0016..0023,8,0.479,20
p4_daily_series,2026-08-04 04:00:00,0024..0031,8,0.4803,21
p4_daily_series,2026-08-04 04:00:00,0032..0039,8,0.4657,19
p4_daily_series,2026-08-04 04:00:00,0040..0047,8,0.466,18
p4_daily_series,2026-08-04 04:00:00,0048..0055,8,0.4215,23
p4_daily_series,2026-08-04 04:00:00,0056..0063,8,0.4581,23
p4_daily_series,2026-08-05 04:00:00,0000..0007,8,0.4349,17
p4_daily_series,2026-08-05 04:00:00,0008..0015,8,0.4259,15
p4_daily_series,2026-08-05 04:00:00,0016..0023,8,0.5089,18
p4_daily_series,2026-08-05 04:00:00,0024..0031,8,0.3698,17
p4_daily_series,2026-08-05 04:00:00,0032..0039,8,0.4328,16
p4_daily_series,2026-08-05 04:00:00,0040..0047,8,0.4586,14
p4_daily_series,2026-08-05 04:00:00,0048..0055,8,0.4316,14
p4_daily_series,2026-08-05 04:00:00,0056..0063,8,0.4753,17
p4_daily_series,2026-08-06 04:00:00,0000..0007,8,0.521,24
p4_daily_series,2026-08-06 04:00:00,0008..0015,8,0.429,28
p4_daily_series,2026-08-06 04:00:00,0016..0023,8,0.4379,17
p4_daily_series,2026-08-06 04:00:00,0024..0031,8,0.5023,21
p4_daily_series,2026-08-06 04:00:00,0032..0039,8,0.4782,29
p4_daily_series,2026-08-06 04:00:00,0040..0047,8,0.4395,15
p4_daily_series,2026-08-06 04:00:00,0048..0055,8,0.4747,18
p4_daily_series,2026-08-06 04:00:00,0056..0063,8,0.5105,29
p4_daily_series,2026-08-07 04:00:00,0000..0007,8,0.3473,21
p4_daily_series,2026-08-07 04:00:00,0008..0015,8,0.4131,12
p4_daily_series,2026-08-07 04:00:00,0016..0023,8,0.4327,17
p4_daily_series,2026-08-07 04:00:00,0024..0031,8,0.4658,21
p4_daily_series,2026-08-07 04:00:00,0032..0039,8,0.3761,17
p4_daily_series,2026-08-07 04:00:00,0040..0047,8,0.3557,19
p4_daily_series,2026-08-07 04:00:00,0048..0055,8,0.4128,22
p4_daily_series,2026-08-07 04:00:00,0056..0063,8,0.3606,28
p4_daily_series,2026-08-08 04:00:00,0000..0007,8,0.4366,18
p4_daily_series,2026-08-08 04:00:00,0008..0015,8,0.4458,15
p4_daily_series,2026-08-08 04:00:00,0016..0023,8,0.3242,16
p4_daily_series,2026-08-08 04:00:00,0024..0031,8,0.4808,14
p4_daily_series,2026-08-08 04:00:00,0032..0039,8,0.442,21
p4_daily_series,2026-08-08 04:00:00,0040..0047,8,0.3819,12
p4_daily_series,2026-08-08 04:00:00,0048..0055,8,0.4261,14
p4_daily_series,2026-08-08 04:00:00,0056..0063,8,0.3771,15
p4_daily_series,2026-08-09 04:00:00,0000..0007,8,0.2827,14
p4_daily_series,2026-08-09 04:00:00,0008..0015,8,0.3612,13
p4_daily_series,2026-08-09 04:00:00,0016..0023,8,0.3599,13
p4_daily_series,2026-08-09 04:00:00,0024..0031,8,0.2892,26
p4_daily_series,2026-08-09 04:00:00,0032..0039,8,0.3547,16
p4_daily_series,2026-08-09 04:00:00,0040..0047,8,0.4114,12
p4_daily_series,2026-08-09 04:00:00,0048..0055,8,0.3835,20
p4_daily_series,2026-08-09 04:00:00,0056..0063,8,0.2922,18
p4_daily_series,2026-08-10 04:00:00,0000..0007,8,0.3116,18
p4_daily_series,2026-08-10 04:00:00,0008..0015,8,0.4785,18
p4_daily_series,2026-08-10 04:00:00,0016..0023,8,0.5223,26
p4_daily_series,2026-08-10 04:00:00,0024..0031,8,0.3635,24
p4_daily_series,2026-08-10 04:00:00,0032..0039,8,0.8204,14
p4_daily_series,2026-08-10 04:00:00,0040..0047,8,0.3928,19
p4_daily_series,2026-08-10 04:00:00,0048..0055,8,0.3625,15
p4_daily_series,2026-08-10 04:00:00,0056..0063,8,0.4184,25
p4_daily_series,2026-08-11 04:00:00,0000..0007,8,0.478,15
p4_daily_series,2026-08-11 04:00:00,0008..0015,8,0.4315,18
p4_daily_series,2026-08-11 04:00:00,0016..0023,8,0.5028,16
p4_daily_series,2026-08-11 04:00:00,0024..0031,8,0.4817,20
p4_daily_series,2026-08-11 04:00:00,0032..0039,8,0.4707,15
p4_daily_series,2026-08-11 04:00:00,0040..0047,8,0.5878,19
p4_daily_series,2026-08-11 04:00:00,0048..0055,8,0.3936,18
p4_daily_series,2026-08-11 04:00:00,0056..0063,8,0.503,26
p4_daily_series,2026-08-12 04:00:00,0000..0007,8,0.4273,19
p4_daily_series,2026-08-12 04:00:00,0008..0015,8,0.4974,21
p4_daily_series,2026-08-12 04:00:00,0016..0023,8,0.4844,19
p4_daily_series,2026-08-12 04:00:00,0024..0031,8,0.536,18
p4_daily_series,2026-08-12 04:00:00,0032..0039,8,0.5827,17
p4_daily_series,2026-08-12 04:00:00,0040..0047,8,0.4521,19
p4_daily_series,2026-08-12 04:00:00,0048..0055,8,0.474,21
p4_daily_series,2026-08-12 04:00:00,0056..0063,8,0.5218,19
p4_daily_series,2026-08-13 04:00:00,0000..0007,8,0.4731,22
p4_daily_series,2026-08-13 04:00:00,0008..0015,8,0.5555,19
p4_daily_series,2026-08-13 04:00:00,0016..0023,8,0.5822,21
p4_daily_series,2026-08-13 04:00:00,0024..0031,8,0.4967,19
p4_daily_series,2026-08-13 04:00:00,0032..0039,8,0.4966,20
p4_daily_series,2026-08-13 04:00:00,0040..0047,8,0.522,19
p4_daily_series,2026-08-13 04:00:00,0048..0055,8,0.3931,24
p4_daily_series,2026-08-13 04:00:00,0056..0063,8,0.4866,19
p4_daily_series,2026-08-14 04:00:00,0000..0007,8,0.3697,16
p4_daily_series,2026-08-14 04:00:00,0008..0015,8,0.4189,16
p4_daily_series,2026-08-14 04:00:00,0016..0023,8,0.3959,20
p4_daily_series,2026-08-14 04:00:00,0024..0031,8,0.4281,13
p4_daily_series,2026-08-14 04:00:00,0032..0039,8,0.4631,17
p4_daily_series,2026-08-14 04:00:00,0040..0047,8,0.4272,22
p4_daily_series,2026-08-14 04:00:00,0048..0055,8,0.3908,21
p4_daily_series,2026-08-14 04:00:00,0056..0063,8,0.4751,19
p4_daily_series,2026-08-15 04:00:00,0000..0007,8,0.419,22
p4_daily_series,2026-08-15 04:00:00,0008..0015,8,0.4663,17
p4_daily_series,2026-08-15 04:00:00,0016..0023,8,0.3111,9
p4_daily_series,2026-08-15 04:00:00,0024..0031,8,0.4022,19
p4_daily_series,2026-08-15 04:00:00,0032..0039,8,0.4304,16
p4_daily_series,2026-08-15 04:00:00,0040..0047,8,0.3944,17
p4_daily_series,2026-08-15 04:00:00,0048..0055,8,0.3798,18
p4_daily_series,2026-08-15 04:00:00,0056..0063,8,0.3727,26
p4_daily_series,2026-08-16 04:00:00,0000..0007,8,0.3448,19
p4_daily_series,2026-08-16 04:00:00,0008..0015,8,0.3499,20
p4_daily_series,2026-08-16 04:00:00,0016..0023,8,0.3098,15
p4_daily_series,2026-08-16 04:00:00,0024..0031,8,0.3126,16
p4_daily_series,2026-08-16 04:00:00,0032..0039,8,0.2876,17
p4_daily_series,2026-08-16 04:00:00,0040..0047,8,0.326,21
p4_daily_series,2026-08-16 04:00:00,0048..0055,8,0.3354,21
p4_daily_series,2026-08-16 04:00:00,0056..0063,8,0.2802,22
p4_daily_series,2026-08-17 04:00:00,0000..0007,8,0.3912,17
p4_daily_series,2026-08-17 04:00:00,0008..0015,8,0.4338,20
p4_daily_series,2026-08-17 04:00:00,0016..0023,8,0.4335,23
p4_daily_series,2026-08-17 04:00:00,0024..0031,8,0.4612,16
p4_daily_series,2026-08-17 04:00:00,0032..0039,8,0.4403,19
p4_daily_series,2026-08-17 04:00:00,0040..0047,8,0.4554,17
p4_daily_series,2026-08-17 04:00:00,0048..0055,8,0.4166,20
p4_daily_series,2026-08-17 04:00:00,0056..0063,8,0.3767,19
p4_daily_series,2026-08-18 04:00:00,0000..0007,8,0.5595,25
p4_daily_series,2026-08-18 04:00:00,0008..0015,8,0.4279,19
p4_daily_series,2026-08-18 04:00:00,0016..0023,8,0.5359,20
p4_daily_series,2026-08-18 04:00:00,0024..0031,8,0.5383,18
p4_daily_series,2026-08-18 04:00:00,0032..0039,8,0.3944,19
p4_daily_series,2026-08-18 04:00:00,0040..0047,8,0.4549,15
p4_daily_series,2026-08-18 04:00:00,0048..0055,8,0.4632,20
p4_daily_series,2026-08-18 04:00:00,0056..0063,8,0.4313,19
p4_daily_series,2026-08-19 04:00:00,0000..0007,8,0.4528,23
p4_daily_series,2026-08-19 04:00:00,0008..0015,8,0.4591,20
p4_daily_series,2026-08-19 04:00:00,0016..0023,8,0.5915,23
p4_daily_series,2026-08-19 04:00:00,0024..0031,8,0.4958,20
p4_daily_series,2026-08-19 04:00:00,0032..0039,8,0.5474,23
p4_daily_series,2026-08-19 04:00:00,0040..0047,8,0.558,20
p4_daily_series,2026-08-19 04:00:00,0048..0055,8,0.4157,23
p4_daily_series,2026-08-19 04:00:00,0056..0063,8,0.5223,21
p4_daily_series,2026-08-20 04:00:00,0000..0007,8,0.5775,21
p4_daily_series,2026-08-20 04:00:00,0008..0015,8,0.461,24
p4_daily_series,2026-08-20 04:00:00,0016..0023,8,0.5653,20
p4_daily_series,2026-08-20 04:00:00,0024..0031,8,0.4749,20
p4_daily_series,2026-08-20 04:00:00,0032..0039,8,0.5822,19
p4_daily_series,2026-08-20 04:00:00,0040..0047,8,0.4884,23
p4_daily_series,2026-08-20 04:00:00,0048..0055,8,0.5505,24
p4_daily_series,2026-08-20 04:00:00,0056..0063,8,0.4862,18
p4_daily_series,2026-08-21 04:00:00,0000..0007,8,0.5457,24
p4_daily_series,2026-08-21 04:00:00,0008..0015,8,0.5741,23
p4_daily_series,2026-08-21 04:00:00,0016..0023,8,0.4861,27
p4_daily_series,2026-08-21 04:00:00,0024..0031,8,0.4597,20
p4_daily_series,2026-08-21 04:00:00,0032..0039,8,0.4538,17
p4_daily_series,2026-08-21 04:00:00,0040..0047,8,0.4835,19
p4_daily_series,2026-08-21 04:00:00,0048..0055,8,0.5202,21
p4_daily_series,2026-08-21 04:00:00,0056..0063,8,0.704,23
p4_daily_series,2026-08-22 04:00:00,0000..0007,8,0.5203,20
p4_daily_series,2026-08-22 04:00:00,0008..0015,8,0.5389,23
p4_daily_series,2026-08-22 04:00:00,0016..0023,8,0.5288,17
p4_daily_series,2026-08-22 04:00:00,0024..0031,8,0.544,25
p4_daily_series,2026-08-22 04:00:00,0032..0039,8,0.5275,25
p4_daily_series,2026-08-22 04:00:00,0040..0047,8,0.4816,15
p4_daily_series,2026-08-22 04:00:00,0048..0055,8,0.6618,22
p4_daily_series,2026-08-22 04:00:00,0056..0063,8,0.5335,22
p4_daily_series,2026-08-23 04:00:00,0000..0007,8,0.4975,18
p4_daily_series,2026-08-23 04:00:00,0008..0015,8,0.5584,25
p4_daily_series,2026-08-23 04:00:00,0016..0023,8,0.3778,20
p4_daily_series,2026-08-23 04:00:00,0024..0031,8,0.5963,19
p4_daily_series,2026-08-23 04:00:00,0032..0039,8,0.5364,23
p4_daily_series,2026-08-23 04:00:00,0040..0047,8,0.5251,17
p4_daily_series,2026-08-23 04:00:00,0048..0055,8,0.5153,20
p4_daily_series,2026-08-23 04:00:00,0056..0063,8,0.5579,18
p4_daily_series,2026-08-24 04:00:00,0000..0007,8,0.4719,20
p4_daily_series,2026-08-24 04:00:00,0008..0015,8,0.4673,18
p4_daily_series,2026-08-24 04:00:00,0016..0023,8,0.5219,18
p4_daily_series,2026-08-24 04:00:00,0024..0031,8,0.5358,16
p4_daily_series,2026-08-24 04:00:00,0032..0039,8,0.3884,16
p4_daily_series,2026-08-24 04:00:00,0040..0047,8,0.4335,18
p4_daily_series,2026-08-24 04:00:00,0048..0055,8,0.5878,22
p4_daily_series,2026-08-24 04:00:00,0056..0063,8,0.5702,18
p4_daily_series,2026-08-25 04:00:00,0000..0007,8,0.6187,15
p4_daily_series,2026-08-25 04:00:00,0008..0015,8,0.5276,19
p4_daily_series,2026-08-25 04:00:00,0016..0023,8,0.6301,22
p4_daily_series,2026-08-25 04:00:00,0024..0031,8,0.6131,21
p4_daily_series,2026-08-25 04:00:00,0032..0039,8,0.6151,19
p4_daily_series,2026-08-25 04:00:00,0040..0047,8,0.5758,17
p4_daily_series,2026-08-25 04:00:00,0048..0055,8,0.5816,25
p4_daily_series,2026-08-25 04:00:00,0056..0063,8,0.503,23
p4_daily_series,2026-08-26 04:00:00,0000..0007,8,0.5321,25
p4_daily_series,2026-08-26 04:00:00,0008..0015,8,0.5855,21
p4_daily_series,2026-08-26 04:00:00,0016..0023,8,0.5378,22
p4_daily_series,2026-08-26 04:00:00,0024..0031,8,0.6164,25
p4_daily_series,2026-08-26 04:00:00,0032..0039,8,0.498,21
p4_daily_series,2026-08-26 04:00:00,0040..0047,8,0.5685,20
p4_daily_series,2026-08-26 04:00:00,0048..0055,8,0.6015,25
p4_daily_series,2026-08-26 04:00:00,0056..0063,8,0.5922,21
p4_daily_series,2026-08-27 04:00:00,0000..0007,8,0.4347,17
p4_daily_series,2026-08-27 04:00:00,0008..0015,8,0.4384,19
p4_daily_series,2026-08-27 04:00:00,0016..0023,8,0.5701,17
p4_daily_series,2026-08-27 04:00:00,0024..0031,8,0.4038,19
p4_daily_series,2026-08-27 04:00:00,0032..0039,8,0.4307,17
p4_daily_series,2026-08-27 04:00:00,0040..0047,8,0.4109,18
p4_daily_series,2026-08-27 04:00:00,0048..0055,8,0.5207,22
p4_daily_series,2026-08-27 04:00:00,0056..0063,8,0.4813,18
p4_daily_series,2026-08-28 04:00:00,0000..0007,8,0.6025,21
p4_daily_series,2026-08-28 04:00:00,0008..0015,8,0.5941,19
p4_daily_series,2026-08-28 04:00:00,0016..0023,8,0.5126,21
p4_daily_series,2026-08-28 04:00:00,0024..0031,8,0.6128,24
p4_daily_series,2026-08-28 04:00:00,0032..0039,8,0.4783,18
p4_daily_series,2026-08-28 04:00:00,0040..0047,8,0.4778,22
p4_daily_series,2026-08-28 04:00:00,0048..0055,8,0.7033,22
p4_daily_series,2026-08-28 04:00:00,0056..0063,8,0.5326,18
p4_daily_series,2026-08-29 04:00:00,0000..0007,8,0.492,18
p4_daily_series,2026-08-29 04:00:00,0008..0015,8,0.4387,19
p4_daily_series,2026-08-29 04:00:00,0016..0023,8,0.5862,18
p4_daily_series,2026-08-29 04:00:00,0024..0031,8,0.6804,17
p4_daily_series,2026-08-29 04:00:00,0032..0039,8,0.4958,17
p4_daily_series,2026-08-29 04:00:00,0040..0047,8,0.5059,21
p4_daily_series,2026-08-29 04:00:00,0048..0055,8,0.446,13
p4_daily_series,2026-08-29 04:00:00,0056..0063,8,0.5722,22
p4_daily_series,2026-08-30 04:00:00,0000..0007,8,0.4814,15
p4_daily_series,2026-08-30 04:00:00,0008..0015,8,0.6032,20
p4_daily_series,2026-08-30 04:00:00,0016..0023,8,0.551,23
p4_daily_series,2026-08-30 04:00:00,0024..0031,8,0.5132,19
p4_daily_series,2026-08-30 04:00:00,0032..0039,8,0.4694,23
p4_daily_series,2026-08-30 04:00:00,0040..0047,8,0.4777,19
p4_daily_series,2026-08-30 04:00:00,0048..0055,8,0.584,21
p4_daily_series,2026-08-30 04:00:00,0056..0063,8,0.4971,20
p4_daily_series,2026-08-31 04:00:00,0000..0007,8,0.6502,24
p4_daily_series,2026-08-31 04:00:00,0008..0015,8,0.6039,21
p4_daily_series,2026-08-31 04:00:00,0016..0023,8,0.5713,23
p4_daily_series,2026-08-31 04:00:00,0024..0031,8,0.5979,22
p4_daily_series,2026-08-31 04:00:00,0032..0039,8,0.624,26
p4_daily_series,2026-08-31 04:00:00,0040..0047,8,0.653,22
p4_daily_series,2026-08-31 04:00:00,0048..0055,8,0.6146,21
p4_daily_series,2026-08-31 04:00:00,0056..0063,8,1.0177,22
p4_daily_series,2026-09-01 04:00:00,0000..0007,8,0.5795,21
p4_daily_series,2026-09-01 04:00:00,0008..0015,8,0.5297,20
p4_daily_series,2026-09-01 04:00:00,0016..0023,8,0.5889,19
p4_daily_series,2026-09-01 04:00:00,0024..0031,8,0.6356,20
p4_daily_series,2026-09-01 04:00:00,0032..0039,8,0.4746,23
p4_daily_series,2026-09-01 04:00:00,0040..0047,8,0.6013,25
p4_daily_series,2026-09-01 04:00:00,0048..0055,8,0.5845,22
p4_daily_series,2026-09-01 04:00:00,0056..0063,8,0.5639,18
p4_daily_series,2026-09-02 04:00:00,0000..0007,8,0.6016,24
p4_daily_series,2026-09-02 04:00:00,0008..0015,8,0.5817,26
p4_daily_series,2026-09-02 04:00:00,0016..0023,8,0.6711,17
p4_daily_series,2026-09-02 04:00:00,0024..0031,8,0.5309,23
p4_daily_series,2026-09-02 04:00:00,0032..0039,8,0.5985,21
p4_daily_series,2026-09-02 04:00:00,0040..0047,8,0.6253,26
p4_daily_series,2026-09-02 04:00:00,0048..0055,8,0.5422,31
p4_daily_series,2026-09-02 04:00:00,0056..0063,8,0.6119,25
p4_daily_series,2026-09-03 04:00:00,0000..0007,8,0.6216,31
p4_daily_series,2026-09-03 04:00:00,0008..0015,8,0.6581,25
p4_daily_series,2026-09-03 04:00:00,0016..0023,8,0.6881,26
p4_daily_series,2026-09-03 04:00:00,0024..0031,8,0.6326,27
p4_daily_series,2026-09-03 04:00:00,0032..0039,8,0.6134,24
p4_daily_series,2026-09-03 04:00:00,0040..0047,8,0.656,28
p4_daily_series,2026-09-03 04:00:00,0048..0055,8,0.6517,28
p4_daily_series,2026-09-03 04:00:00,0056..0063,8,0.723,24
p4_daily_series,2026-09-04 04:00:00,0000..0007,8,1.0647,26
p4_daily_series,2026-09-04 04:00:00,0008..0015,8,1.1076,25
p4_daily_series,2026-09-04 04:00:00,0016..0023,8,0.9693,29
p4_daily_series,2026-09-04 04:00:00,0024..0031,8,1.0379,29
p4_daily_series,2026-09-04 04:00:00,0032..0039,8,1.2636,25
p4_daily_series,2026-09-04 04:00:00,0040..0047,8,1.083,27
p4_daily_series,2026-09-04 04:00:00,0048..0055,8,1.1387,28
p4_daily_series,2026-09-04 04:00:00,0056..0063,8,1.1162,28
p4_daily_series,2026-09-05 04:00:00,0000..0007,8,1.5869,25
p4_daily_series,2026-09-05 04:00:00,0008..0015,8,1.9418,27
p4_daily_series,2026-09-05 04:00:00,0016..0023,8,1.6768,27
p4_daily_series,2026-09-05 04:00:00,0024..0031,8,1.6246,29
p4_daily_series,2026-09-05 04:00:00,0032..0039,8,1.701,28
p4_daily_series,2026-09-05 04:00:00,0040..0047,8,1.534,27
p4_daily_series,2026-09-05 04:00:00,0048..0055,8,1.6303,26
p4_daily_series,2026-09-05 04:00:00,0056..0063,8,1.6785,27
p4_daily_series,2026-09-06 04:00:00,0000..0007,8,1.6709,25
p4_daily_series,2026-09-06 04:00:00,0008..0015,8,1.8811,28
p4_daily_series,2026-09-06 04:00:00,0016..0023,8,1.8418,27
p4_daily_series,2026-09-06 04:00:00,0024..0031,8,1.9035,26
p4_daily_series,2026-09-06 04:00:00,0032..0039,8,1.6453,29
p4_daily_series,2026-09-06 04:00:00,0040..0047,8,1.6391,26
p4_daily_series,2026-09-06 04:00:00,0048..0055,8,1.8791,27
p4_daily_series,2026-09-06 04:00:00,0056..0063,8,2.1437,28
p4_daily_series,2026-09-07 04:00:00,0000..0007,8,1.5825,27
p4_daily_series,2026-09-07 04:00:00,0008..0015,8,1.558,25
p4_daily_series,2026-09-07 04:00:00,0016..0023,8,1.563,24
p4_daily_series,2026-09-07 04:00:00,0024..0031,8,1.7353,29
p4_daily_series,2026-09-07 04:00:00,0032..0039,8,1.5586,25
p4_daily_series,2026-09-07 04:00:00,0040..0047,8,1.4278,26
p4_daily_series,2026-09-07 04:00:00,0048..0055,8,1.6121,26
p4_daily_series,2026-09-07 04:00:00,0056..0063,8,1.8676,28
p4_daily_series,2026-09-08 04:00:00,0000..0007,8,1.7087,26
p4_daily_series,2026-09-08 04:00:00,0008..0015,8,1.8305,27
p4_daily_series,2026-09-08 04:00:00,0016..0023,8,1.8074,27
p4_daily_series,2026-09-08 04:00:00,0024..0031,8,1.8342,24
p4_daily_series,2026-09-08 04:00:00,0032..0039,8,1.7479,26
p4_daily_series,2026-09-08 04:00:00,0040..0047,8,1.6828,29
p4_daily_series,2026-09-08 04:00:00,0048..0055,8,1.883,26
p4_daily_series,2026-09-08 04:00:00,0056..0063,8,1.7235,25
p4_daily_series,2026-09-09 04:00:00,0000..0007,8,1.9656,28
p4_daily_series,2026-09-09 04:00:00,0008..0015,8,1.8659,26
p4_daily_series,2026-09-09 04:00:00,0016..0023,8,1.6636,27
p4_daily_series,2026-09-09 04:00:00,0024..0031,8,1.7588,26
p4_daily_series,2026-09-09 04:00:00,0032..0039,8,2.0754,27
p4_daily_series,2026-09-09 04:00:00,0040..0047,8,1.7732,26
p4_daily_series,2026-09-09 04:00:00,0048..0055,8,1.9065,27
p4_daily_series,2026-09-09 04:00:00,0056..0063,8,1.6688,28
p4_daily_series,2026-09-10 04:00:00,0000..0007,8,1.6382,27
p4_daily_series,2026-09-10 04:00:00,0008..0015,8,1.5863,28
p4_daily_series,2026-09-10 04:00:00,0016..0023,8,1.5031,24
p4_daily_series,2026-09-10 04:00:00,0024..0031,8,1.5368,27
p4_daily_series,2026-09-10 04:00:00,0032..0039,8,1.6625,26
p4_daily_series,2026-09-10 04:00:00,0040..0047,8,1.5183,27
p4_daily_series,2026-09-10 04:00:00,0048..0055,8,3.5931,26
p4_daily_series,2026-09-10 04:00:00,0056..0059,4,0.7611,13
p4_daily_series,2026-09-10 04:00:00,0060..0063,4,0.7391,12
p4_daily_series,2026-09-11 04:00:00,0000..0003,4,0.6017,15
p4_daily_series,2026-09-11 04:00:00,0004..0007,4,0.6889,13
p4_daily_series,2026-09-11 04:00:00,0008..0011,4,0.6254,14
p4_daily_series,2026-09-11 04:00:00,0012..0015,4,0.7294,13
p4_daily_series,2026-09-11 04:00:00,0016..0019,4,0.688,13
p4_daily_series,2026-09-11 04:00:00,0020..0023,4,0.5583,13
p4_daily_series,2026-09-11 04:00:00,0024..0027,4,0.6528,14
p4_daily_series,2026-09-11 04:00:00,0028..0031,4,0.4959,12
p4_daily_series,2026-09-11 04:00:00,0032..0035,4,0.7188,12
p4_daily_series,2026-09-11 04:00:00,0036..0039,4,0.716,13
p4_daily_series,2026-09-11 04:00:00,0040..0043,4,0.6323,13
p4_daily_series,2026-09-11 04:00:00,0044..0047,4,0.5728,13
p4_daily_series,2026-09-11 04:00:00,0048..0051,4,0.5886,12
p4_daily_series,2026-09-11 04:00:00,0052..0055,4,0.6556,14
p4_daily_series,2026-09-11 04:00:00,0056..0059,4,0.6544,16
p4_daily_series,2026-09-11 04:00:00,0060..0063,4,0.732,13
p4_daily_series,2026-09-12 04:00:00,0000..0003,4,0.5038,12
p4_daily_series,2026-09-12 04:00:00,0004..0007,4,0.6926,13
p4_daily_series,2026-09-12 04:00:00,0008..0011,4,0.627,17
p4_daily_series,2026-09-12 04:00:00,0012..0015,4,0.5679,13
p4_daily_series,2026-09-12 04:00:00,0016..0019,4,0.5345,12
p4_daily_series,2026-09-12 04:00:00,0020..0023,4,0.5376,14
p4_daily_series,2026-09-12 04:00:00,0024..0027,4,0.5555,13
p4_daily_series,2026-09-12 04:00:00,0028..0031,4,0.5356,12
p4_daily_series,2026-09-12 04:00:00,0032..0035,4,0.781,14
p4_daily_series,2026-09-12 04:00:00,0036..0039,4,0.7444,14
p4_daily_series,2026-09-12 04:00:00,0040..0043,4,0.5665,14
p4_daily_series,2026-09-12 04:00:00,0044..0047,4,0.6666,14
p4_daily_series,2026-09-12 04:00:00,0048..0051,4,0.5681,13
p4_daily_series,2026-09-12 04:00:00,0052..0055,4,0.5842,14
p4_daily_series,2026-09-12 04:00:00,0056..0059,4,0.7775,15
p4_daily_series,2026-09-12 04:00:00,0060..0063,4,0.6504,12
p4_daily_series,2026-09-13 04:00:00,0000..0003,4,0.4511,14
p4_daily_series,2026-09-13 04:00:00,0004..0007,4,0.4493,15
p4_daily_series,2026-09-13 04:00:00,0008..0011,4,0.5264,12
p4_daily_series,2026-09-13 04:00:00,0012..0015,4,0.5301,16
p4_daily_series,2026-09-13 04:00:00,0016..0019,4,0.473,13
p4_daily_series,2026-09-13 04:00:00,0020..0023,4,0.5498,13
p4_daily_series,2026-09-13 04:00:00,0024..0027,4,0.5124,13
p4_daily_series,2026-09-13 04:00:00,0028..0031,4,0.5351,17
p4_daily_series,2026-09-13 04:00:00,0032..0035,4,0.4443,13
p4_daily_series,2026-09-13 04:00:00,0036..0039,4,0.5253,12
p4_daily_series,2026-09-13 04:00:00,0040..0043,4,0.5566,13
p4_daily_series,2026-09-13 04:00:00,0044..0047,4,0.4571,13
p4_daily_series,2026-09-13 04:00:00,0048..0051,4,0.5392,14
p4_daily_series,2026-09-13 04:00:00,0052..0055,4,0.5067,14
p4_daily_series,2026-09-13 04:00:00,0056..0059,4,0.4574,14
p4_daily_series,2026-09-13 04:00:00,0060..0063,4,0.5292,12
p4_daily_series,2026-09-14 04:00:00,0000..0003,4,0.5384,13
p4_daily_series,2026-09-14 04:00:00,0004..0007,4,0.5045,14
p4_daily_series,2026-09-14 04:00:00,0008..0011,4,0.6424,15
p4_daily_series,2026-09-14 04:00:00,0012..0015,4,0.5357,13
p4_daily_series,2026-09-14 04:00:00,0016..0019,4,0.6743,15
p4_daily_series,2026-09-14 04:00:00,0020..0023,4,0.5669,14
p4_daily_series,2026-09-14 04:00:00,0024..0027,4,0.3734,12
p4_daily_series,2026-09-14 04:00:00,0028..0031,4,0.504,14
p4_daily_series,2026-09-14 04:00:00,0032..0035,4,0.4611,12
p4_daily_series,2026-09-14 04:00:00,0036..0039,4,0.4572,13
p4_daily_series,2026-09-14 04:00:00,0040..0043,4,0.4986,13
p4_daily_series,2026-09-14 04:00:00,0044..0047,4,0.5649,13
p4_daily_series,2026-09-14 04:00:00,0048..0051,4,0.5655,13
p4_daily_series,2026-09-14 04:00:00,0052..0055,4,0.5871,15
p4_daily_series,2026-09-14 04:00:00,0056..0059,4,0.4152,14
p4_daily_series,2026-09-14 04:00:00,0060..0063,4,0.5336,14
p4_daily_series,2026-09-15 04:00:00,0000..0003,4,0.5569,13
p4_daily_series,2026-09-15 04:00:00,0004..0007,4,0.6725,13
p4_daily_series,2026-09-15 04:00:00,0008..0011,4,0.5481,14
p4_daily_series,2026-09-15 04:00:00,0012..0015,4,0.6895,13
p4_daily_series,2026-09-15 04:00:00,0016..0019,4,0.742,12
p4_daily_series,2026-09-15 04:00:00,0020..0023,4,0.5425,14
p4_daily_series,2026-09-15 04:00:00,0024..0027,4,0.9626,14
p4_daily_series,2026-09-15 04:00:00,0028..0031,4,0.5949,13
p4_daily_series,2026-09-15 04:00:00,0032..0035,4,0.6485,13
p4_daily_series,2026-09-15 04:00:00,0036..0039,4,0.6094,13
p4_daily_series,2026-09-15 04:00:00,0040..0043,4,0.5459,12
p4_daily_series,2026-09-15 04:00:00,0044..0047,4,0.6899,13
p4_daily_series,2026-09-15 04:00:00,0048..0051,4,0.7489,13
p4_daily_series,2026-09-15 04:00:00,0052..0055,4,0.7232,12
p4_daily_series,2026-09-15 04:00:00,0056..0059,4,0.5723,16
p4_daily_series,2026-09-15 04:00:00,0060..0063,4,0.5978,13
p4_daily_series,2026-09-16 04:00:00,0000..0003,4,0.5763,14
p4_daily_series,2026-09-16 04:00:00,0004..0007,4,0.7069,14
p4_daily_series,2026-09-16 04:00:00,0008..0011,4,0.5436,17
p4_daily_series,2026-09-16 04:00:00,0012..0015,4,0.6877,13
p4_daily_series,2026-09-16 04:00:00,0016..0019,4,0.6401,12
p4_daily_series,2026-09-16 04:00:00,0020..0023,4,0.6118,14
p4_daily_series,2026-09-16 04:00:00,0024..0027,4,0.7144,14
p4_daily_series,2026-09-16 04:00:00,0028..0031,4,0.5175,15
p4_daily_series,2026-09-16 04:00:00,0032..0035,4,0.5989,15
p4_daily_series,2026-09-16 04:00:00,0036..0039,4,0.7855,15
p4_daily_series,2026-09-16 04:00:00,0040..0043,4,0.6902,13
p4_daily_series,2026-09-16 04:00:00,0044..0047,4,0.5481,14
p4_daily_series,2026-09-16 04:00:00,0048..0051,4,0.6738,12
p4_daily_series,2026-09-16 04:00:00,0052..0055,4,0.7193,15
p4_daily_series,2026-09-16 04:00:00,0056..0059,4,0.7218,18
p4_daily_series,2026-09-16 04:00:00,0060..0063,4,0.6019,12
p4_daily_series,2026-09-17 04:00:00,0000..0003,4,0.6223,13
p4_daily_series,2026-09-17 04:00:00,0004..0007,4,0.7559,15
p4_daily_series,2026-09-17 04:00:00,0008..0011,4,0.6649,14
p4_daily_series,2026-09-17 04:00:00,0012..0015,4,0.6101,13
p4_daily_series,2026-09-17 04:00:00,0016..0019,4,0.621,13
p4_daily_series,2026-09-17 04:00:00,0020..0023,4,0.7228,12
p4_daily_series,2026-09-17 04:00:00,0024..0027,4,0.7567,14
p4_daily_series,2026-09-17 04:00:00,0028..0031,4,0.6573,15
p4_daily_series,2026-09-17 04:00:00,0032..0035,4,0.6065,14
p4_daily_series,2026-09-17 04:00:00,0036..0039,4,0.6638,12
p4_daily_series,2026-09-17 04:00:00,0040..0043,4,0.6311,13
p4_daily_series,2026-09-17 04:00:00,0044..0047,4,0.6339,13
p4_daily_series,2026-09-17 04:00:00,0048..0051,4,0.6221,13
p4_daily_series,2026-09-17 04:00:00,0052..0055,4,0.621,13
p4_daily_series,2026-09-17 04:00:00,0056..0059,4,0.5159,13
p4_daily_series,2026-09-17 04:00:00,0060..0063,4,0.6193,14
p4_daily_series,2026-09-18 04:00:00,0000..0003,4,0.5331,14
p4_daily_series,2026-09-18 04:00:00,0004..0007,4,0.4583,13
p4_daily_series,2026-09-18 04:00:00,0008..0011,4,0.4728,13
p4_daily_series,2026-09-18 04:00:00,0012..0015,4,0.6114,13
p4_daily_series,2026-09-18 04:00:00,0016..0019,4,0.7098,15
p4_daily_series,2026-09-18 04:00:00,0020..0023,4,0.5913,12
p4_daily_series,2026-09-18 04:00:00,0024..0027,4,0.6241,14
p4_daily_series,2026-09-18 04:00:00,0028..0031,4,0.461,14
p4_daily_series,2026-09-18 04:00:00,0032..0035,4,0.5362,12
p4_daily_series,2026-09-18 04:00:00,0036..0039,4,0.5936,12
p4_daily_series,2026-09-18 04:00:00,0040..0043,4,0.4885,13
p4_daily_series,2026-09-18 04:00:00,0044..0047,4,0.5019,12
p4_daily_series,2026-09-18 04:00:00,0048..0051,4,0.6758,15
p4_daily_series,2026-09-18 04:00:00,0052..0055,4,0.6392,14
p4_daily_series,2026-09-18 04:00:00,0056..0059,4,0.5591,13
p4_daily_series,2026-09-18 04:00:00,0060..0063,4,0.4998,13
p4_daily_series,2026-09-19 04:00:00,0000..0003,4,0.6166,13
p4_daily_series,2026-09-19 04:00:00,0004..0007,4,0.5026,14
p4_daily_series,2026-09-19 04:00:00,0008..0011,4,0.4964,13
p4_daily_series,2026-09-19 04:00:00,0012..0015,4,0.6123,13
p4_daily_series,2026-09-19 04:00:00,0016..0019,4,0.5205,13
p4_daily_series,2026-09-19 04:00:00,0020..0023,4,0.4467,14
p4_daily_series,2026-09-19 04:00:00,0024..0027,4,0.5681,12
p4_daily_series,2026-09-19 04:00:00,0028..0031,4,0.5294,13
p4_daily_series,2026-09-19 04:00:00,0032..0035,4,0.4987,14
p4_daily_series,2026-09-19 04:00:00,0036..0039,4,0.5067,12
p4_daily_series,2026-09-19 04:00:00,0040..0043,4,0.4534,15
p4_daily_series,2026-09-19 04:00:00,0044..0047,4,0.5315,12
p4_daily_series,2026-09-19 04:00:00,0048..0051,4,0.6769,12
p4_daily_series,2026-09-19 04:00:00,0052..0055,4,0.6404,15
p4_daily_series,2026-09-19 04:00:00,0056..0059,4,0.6553,14
p4_daily_series,2026-09-19 04:00:00,0060..0063,4,0.4844,12
p4_daily_series,2026-09-20 04:00:00,0000..0003,4,0.6804,12
p4_daily_series,2026-09-20 04:00:00,0004..0007,4,0.4387,13
p4_daily_series,2026-09-20 04:00:00,0008..0011,4,0.3995,12
p4_daily_series,2026-09-20 04:00:00,0012..0015,4,0.4773,12
p4_daily_series,2026-09-20 04:00:00,0016..0019,4,0.3186,14
p4_daily_series,2026-09-20 04:00:00,0020..0023,4,0.3552,14
p4_daily_series,2026-09-20 04:00:00,0024..0027,4,0.34,13
p4_daily_series,2026-09-20 04:00:00,0028..0031,4,0.2901,13
p4_daily_series,2026-09-20 04:00:00,0032..0035,4,0.3342,13
p4_daily_series,2026-09-20 04:00:00,0036..0039,4,0.3591,14
p4_daily_series,2026-09-20 04:00:00,0040..0043,4,0.268,13
p4_daily_series,2026-09-20 04:00:00,0044..0047,4,0.3142,13
p4_daily_series,2026-09-20 04:00:00,0048..0051,4,0.4328,12
p4_daily_series,2026-09-20 04:00:00,0052..0055,4,0.2674,13
p4_daily_series,2026-09-20 04:00:00,0056..0059,4,0.3575,13
p4_daily_series,2026-09-20 04:00:00,0060..0063,4,0.3183,14
p4_daily_series,2026-09-21 04:00:00,0000..0003,4,0.4696,15
p4_daily_series,2026-09-21 04:00:00,0004..0007,4,0.4436,12
p4_daily_series,2026-09-21 04:00:00,0008..0011,4,0.5367,14
p4_daily_series,2026-09-21 04:00:00,0012..0015,4,0.5295,16
p4_daily_series,2026-09-21 04:00:00,0016..0019,4,0.4486,13
p4_daily_series,2026-09-21 04:00:00,0020..0023,4,0.4863,13
p4_daily_series,2026-09-21 04:00:00,0024..0027,4,0.4714,13
p4_daily_series,2026-09-21 04:00:00,0028..0031,4,0.4648,12
p4_daily_series,2026-09-21 04:00:00,0032..0035,4,0.4673,14
p4_daily_series,2026-09-21 04:00:00,0036..0039,4,0.5318,14
p4_daily_series,2026-09-21 04:00:00,0040..0043,4,0.503,14
p4_daily_series,2026-09-21 04:00:00,0044..0047,4,0.6546,14
p4_daily_series,2026-09-21 04:00:00,0048..0051,4,0.5101,14
p4_daily_series,2026-09-21 04:00:00,0052..0055,4,0.4614,14
p4_daily_series,2026-09-21 04:00:00,0056..0059,4,0.551,14
p4_daily_series,2026-09-21 04:00:00,0060..0063,4,0.5799,17
p4_daily_series,2026-09-22 04:00:00,0000..0003,4,0.5409,12
p4_daily_series,2026-09-22 04:00:00,0004..0007,4,0.5459,12
p4_daily_series,2026-09-22 04:00:00,0008..0011,4,0.4943,12
p4_daily_series,2026-09-22 04:00:00,0012..0015,4,0.5817,13
p4_daily_series,2026-09-22 04:00:00,0016..0019,4,0.5836,17
p4_daily_series,2026-09-22 04:00:00,0020..0023,4,0.7196,15
p4_daily_series,2026-09-22 04:00:00,0024..0027,4,0.5133,13
p4_daily_series,2026-09-22 04:00:00,0028..0031,4,0.7305,13
p4_daily_series,2026-09-22 04:00:00,0032..0035,4,0.549,13
p4_daily_series,2026-09-22 04:00:00,0036..0039,4,0.6194,12
p4_daily_series,2026-09-22 04:00:00,0040..0043,4,0.5076,13
p4_daily_series,2026-09-22 04:00:00,0044..0047,4,0.6076,12
p4_daily_series,2026-09-22 04:00:00,0048..0051,4,0.734,16
p4_daily_series,2026-09-22 04:00:00,0052..0055,4,0.4828,12
p4_daily_series,2026-09-22 04:00:00,0056..0059,4,0.6113,14
p4_daily_series,2026-09-22 04:00:00,0060..0063,4,0.6434,12
p4_daily_series,2026-09-23 04:00:00,0000..0003,4,0.557,12
p4_daily_series,2026-09-23 04:00:00,0004..0007,4,0.5496,13
p4_daily_series,2026-09-23 04:00:00,0008..0011,4,0.6316,12
p4_daily_series,2026-09-23 04:00:00,0012..0015,4,0.5213,14
p4_daily_series,2026-09-23 04:00:00,0016..0019,4,0.5827,12
p4_daily_series,2026-09-23 04:00:00,0020..0023,4,0.6741,12
p4_daily_series,2026-09-23 04:00:00,0024..0027,4,0.5049,12
p4_daily_series,2026-09-23 04:00:00,0028..0031,4,0.5614,12
p4_daily_series,2026-09-23 04:00:00,0032..0035,4,0.6173,13
p4_daily_series,2026-09-23 04:00:00,0036..0039,4,0.825,15
p4_daily_series,2026-09-23 04:00:00,0040..0043,4,0.4871,14
p4_daily_series,2026-09-23 04:00:00,0044..0047,4,0.4672,12
p4_daily_series,2026-09-23 04:00:00,0048..0051,4,0.5137,12
p4_daily_series,2026-09-23 04:00:00,0052..0055,4,0.4783,14
p4_daily_series,2026-09-23 04:00:00,0056..0059,4,0.5356,14
p4_daily_series,2026-09-23 04:00:00,0060..0063,4,0.7053,13
p4_daily_series,2026-09-24 04:00:00,0000..0003,4,0.3811,14
p4_daily_series,2026-09-24 04:00:00,0004..0007,4,0.3644,13
p4_daily_series,2026-09-24 04:00:00,0008..0011,4,0.2802,15
p4_daily_series,2026-09-24 04:00:00,0012..0015,4,0.2481,14
p4_daily_series,2026-09-24 04:00:00,0016..0019,4,0.2237,12
p4_daily_series,2026-09-24 04:00:00,0020..0023,4,0.2283,15
p4_daily_series,2026-09-24 04:00:00,0024..0027,4,0.2375,15
p4_daily_series,2026-09-24 04:00:00,0028..0031,4,0.2874,14
p4_daily_series,2026-09-24 04:00:00,0032..0035,4,0.1944,17
p4_daily_series,2026-09-24 04:00:00,0036..0039,4,0.2137,12
p4_daily_series,2026-09-24 04:00:00,0040..0043,4,0.1918,16
p4_daily_series,2026-09-24 04:00:00,0044..0047,4,0.1921,12
p4_daily_series,2026-09-24 04:00:00,0048..0051,4,0.3068,14
p4_daily_series,2026-09-24 04:00:00,0052..0055,4,0.2469,12
p4_daily_series,2026-09-24 04:00:00,0056..0059,4,0.282,14
p4_daily_series,2026-09-24 04:00:00,0060..0063,4,0.2634,16
p4_daily_series,2026-09-25 04:00:00,0000..0003,4,0.1794,13
p4_daily_series,2026-09-25 04:00:00,0004..0007,4,0.152,14
p4_daily_series,2026-09-25 04:00:00,0008..0011,4,0.1934,14
p4_daily_series,2026-09-25 04:00:00,0012..0015,4,0.2159,12
p4_daily_series,2026-09-25 04:00:00,0016..0019,4,0.1527,15
p4_daily_series,2026-09-25 04:00:00,0020..0023,4,0.2646,17
p4_daily_series,2026-09-25 04:00:00,0024..0027,4,0.1836,16
p4_daily_series,2026-09-25 04:00:00,0028..0031,4,0.2037,14
p4_daily_series,2026-09-25 04:00:00,0032..0035,4,0.1627,16
p4_daily_series,2026-09-25 04:00:00,0036..0039,4,0.2041,14
p4_daily_series,2026-09-25 04:00:00,0040..0043,4,0.1645,16
p4_daily_series,2026-09-25 04:00:00,0044..0047,4,0.1526,12
p4_daily_series,2026-09-25 04:00:00,0048..0051,4,0.256,13
p4_daily_series,2026-09-25 04:00:00,0052..0055,4,0.2199,15
p4_daily_series,2026-09-25 04:00:00,0056..0059,4,0.2104,14
p4_daily_series,2026-09-25 04:00:00,0060..0063,4,0.2096,14
p4_daily_series,2026-09-26 04:00:00,0000..0003,4,0.2026,12
p4_daily_series,2026-09-26 04:00:00,0004..0007,4,0.268,12
p4_daily_series,2026-09-26 04:00:00,0008..0011,4,0.4238,15
p4_daily_series,2026-09-26 04:00:00,0012..0015,4,0.2303,13
p4_daily_series,2026-09-26 04:00:00,0016..0019,4,0.2022,13
p4_daily_series,2026-09-26 04:00:00,0020..0023,4,0.3249,16
p4_daily_series,2026-09-26 04:00:00,0024..0027,4,0.2155,13
p4_daily_series,2026-09-26 04:00:00,0028..0031,4,0.1757,14
p4_daily_series,2026-09-26 04:00:00,0032..0035,4,0.2143,13
p4_daily_series,2026-09-26 04:00:00,0036..0039,4,0.2102,12
p4_daily_series,2026-09-26 04:00:00,0040..0043,4,0.2221,13
p4_daily_series,2026-09-26 04:00:00,0044..0047,4,0.1979,13
p4_daily_series,2026-09-26 04:00:00,0048..0051,4,0.2198,14
p4_daily_series,2026-09-26 04:00:00,0052..0055,4,0.4148,14
p4_daily_series,2026-09-26 04:00:00,0056..0059,4,0.1888,12
p4_daily_series,2026-09-26 04:00:00,0060..0063,4,0.2234,12
dr027_tk10_43na,2026-09-19 04:00:00,0000..0007,8,2.7723,27
dr027_tk10_43na,2026-09-19 04:00:00,0008..0015,8,2.8002,26
dr027_tk10_43na,2026-09-19 04:00:00,0016..0023,8,2.483,27
dr027_tk10_43na,2026-09-19 04:00:00,0024..0031,8,2.6965,25
dr027_tk10_43na,2026-09-19 04:00:00,0032..0039,8,2.6865,26
dr027_tk10_43na,2026-09-19 04:00:00,0040..0047,8,2.5216,27
dr027_tk10_43na,2026-09-19 04:00:00,0048..0055,8,3.2137,27
dr027_tk10_43na,2026-09-19 04:00:00,0056..0059,4,1.4317,14
dr027_tk10_43na,2026-09-19 04:00:00,0060..0063,4,1.2941,12
dr027_tk10_43na,2026-09-20 04:00:00,0000..0003,4,0.8587,12
dr027_tk10_43na,2026-09-20 04:00:00,0004..0007,4,0.8701,13
dr027_tk10_43na,2026-09-20 04:00:00,0008..0011,4,0.8902,12
dr027_tk10_43na,2026-09-20 04:00:00,0012..0015,4,1.03,12
dr027_tk10_43na,2026-09-20 04:00:00,0016..0019,4,0.7559,14
dr027_tk10_43na,2026-09-20 04:00:00,0020..0023,4,0.8038,14
dr027_tk10_43na,2026-09-20 04:00:00,0024..0027,4,0.9372,13
dr027_tk10_43na,2026-09-20 04:00:00,0028..0031,4,0.7138,13
dr027_tk10_43na,2026-09-20 04:00:00,0032..0035,4,0.757,13
dr027_tk10_43na,2026-09-20 04:00:00,0036..0039,4,0.743,14
dr027_tk10_43na,2026-09-20 04:00:00,0040..0043,4,0.677,13
dr027_tk10_43na,2026-09-20 04:00:00,0044..0047,4,0.8898,13
dr027_tk10_43na,2026-09-20 04:00:00,0048..0051,4,1.0132,12
dr027_tk10_43na,2026-09-20 04:00:00,0052..0055,4,0.6294,13
dr027_tk10_43na,2026-09-20 04:00:00,0056..0059,4,0.7956,13
dr027_tk10_43na,2026-09-20 04:00:00,0060..0063,4,0.7687,14
dr027_tk10_43na,2026-09-21 04:00:00,0000..0003,4,1.2665,15
dr027_tk10_43na,2026-09-21 04:00:00,0004..0007,4,1.034,12
dr027_tk10_43na,2026-09-21 04:00:00,0008..0011,4,1.0723,14
dr027_tk10_43na,2026-09-21 04:00:00,0012..0015,4,1.2224,16
dr027_tk10_43na,2026-09-21 04:00:00,0016..0019,4,1.1692,13
dr027_tk10_43na,2026-09-21 04:00:00,0020..0023,4,1.3947,13
dr027_tk10_43na,2026-09-21 04:00:00,0024..0027,4,1.0447,13
dr027_tk10_43na,2026-09-21 04:00:00,0028..0031,4,1.0534,12
dr027_tk10_43na,2026-09-21 04:00:00,0032..0035,4,1.078,14
dr027_tk10_43na,2026-09-21 04:00:00,0036..0039,4,1.1468,14
dr027_tk10_43na,2026-09-21 04:00:00,0040..0043,4,1.0877,14
dr027_tk10_43na,2026-09-21 04:00:00,0044..0047,4,1.4389,14
dr027_tk10_43na,2026-09-21 04:00:00,0048..0051,4,1.2241,14
dr027_tk10_43na,2026-09-21 04:00:00,0052..0055,4,1.0342,14
dr027_tk10_43na,2026-09-21 04:00:00,0056..0059,4,1.5156,14
dr027_tk10_43na,2026-09-21 04:00:00,0060..0063,4,1.2488,17
dr027_tk10_43na,2026-09-22 04:00:00,0000..0003,4,1.1955,12
dr027_tk10_43na,2026-09-22 04:00:00,0004..0007,4,1.2191,12
dr027_tk10_43na,2026-09-22 04:00:00,0008..0011,4,1.1994,12
dr027_tk10_43na,2026-09-22 04:00:00,0012..0015,4,1.3109,13
dr027_tk10_43na,2026-09-22 04:00:00,0016..0019,4,1.3983,17
dr027_tk10_43na,2026-09-22 04:00:00,0020..0023,4,1.7025,15
dr027_tk10_43na,2026-09-22 04:00:00,0024..0027,4,1.2983,13
dr027_tk10_43na,2026-09-22 04:00:00,0028..0031,4,1.3204,13
dr027_tk10_43na,2026-09-22 04:00:00,0032..0035,4,1.398,13
dr027_tk10_43na,2026-09-22 04:00:00,0036..0039,4,1.3985,12
dr027_tk10_43na,2026-09-22 04:00:00,0040..0043,4,1.1093,13
dr027_tk10_43na,2026-09-22 04:00:00,0044..0047,4,1.3774,12
dr027_tk10_43na,2026-09-22 04:00:00,0048..0051,4,1.3703,16
dr027_tk10_43na,2026-09-22 04:00:00,0052..0055,4,1.191,12
dr027_tk10_43na,2026-09-22 04:00:00,0056..0059,4,1.4329,14
dr027_tk10_43na,2026-09-22 04:00:00,0060..0063,4,1.4927,12
dr027_tk10_43na,2026-09-23 04:00:00,0000..0003,4,1.273,24
dr027_tk10_43na,2026-09-23 04:00:00,0004..0007,4,1.2149,25
dr027_tk10_43na,2026-09-23 04:00:00,0008..0011,4,1.4275,23
dr027_tk10_43na,2026-09-23 04:00:00,0012..0015,4,1.213,26
dr027_tk10_43na,2026-09-23 04:00:00,0016..0019,4,1.2839,24
dr027_tk10_43na,2026-09-23 04:00:00,0020..0023,4,1.4805,24
dr027_tk10_43na,2026-09-23 04:00:00,0024..0027,4,1.2388,23
dr027_tk10_43na,2026-09-23 04:00:00,0028..0031,4,1.2374,24
dr027_tk10_43na,2026-09-23 04:00:00,0032..0035,4,1.3153,25
dr027_tk10_43na,2026-09-23 04:00:00,0036..0039,4,1.4852,26
dr027_tk10_43na,2026-09-23 04:00:00,0040..0043,4,1.0974,26
dr027_tk10_43na,2026-09-23 04:00:00,0044..0047,4,1.0544,23
dr027_tk10_43na,2026-09-23 04:00:00,0048..0051,4,1.4791,24
dr027_tk10_43na,2026-09-23 04:00:00,0052..0055,4,1.1961,26
dr027_tk10_43na,2026-09-23 04:00:00,0056..0059,4,1.1749,26
dr027_tk10_43na,2026-09-23 04:00:00,0060..0063,4,1.361,25
dr027_tk10_43na,2026-09-24 04:00:00,0000..0003,4,0.8742,14
dr027_tk10_43na,2026-09-24 04:00:00,0004..0007,4,0.8632,13
dr027_tk10_43na,2026-09-24 04:00:00,0008..0011,4,0.5209,15
dr027_tk10_43na,2026-09-24 04:00:00,0012..0015,4,0.3759,14
dr027_tk10_43na,2026-09-24 04:00:00,0016..0019,4,0.3113,12
dr027_tk10_43na,2026-09-24 04:00:00,0020..0023,4,0.3345,15
dr027_tk10_43na,2026-09-24 04:00:00,0024..0027,4,0.3402,15
dr027_tk10_43na,2026-09-24 04:00:00,0028..0031,4,0.4432,14
dr027_tk10_43na,2026-09-24 04:00:00,0032..0035,4,0.3073,17
dr027_tk10_43na,2026-09-24 04:00:00,0036..0039,4,0.3236,12
dr027_tk10_43na,2026-09-24 04:00:00,0040..0043,4,0.2551,16
dr027_tk10_43na,2026-09-24 04:00:00,0044..0047,4,0.2516,12
dr027_tk10_43na,2026-09-24 04:00:00,0048..0051,4,0.4088,14
dr027_tk10_43na,2026-09-24 04:00:00,0052..0055,4,0.3216,12
dr027_tk10_43na,2026-09-24 04:00:00,0056..0059,4,0.3615,14
dr027_tk10_43na,2026-09-24 04:00:00,0060..0063,4,0.4586,16
dr027_tk10_43na,2026-09-25 04:00:00,0000..0003,4,0.2199,13
dr027_tk10_43na,2026-09-25 04:00:00,0004..0007,4,0.1886,14
dr027_tk10_43na,2026-09-25 04:00:00,0008..0011,4,0.2204,14
dr027_tk10_43na,2026-09-25 04:00:00,0012..0015,4,0.2776,12
dr027_tk10_43na,2026-09-25 04:00:00,0016..0019,4,0.1784,15
dr027_tk10_43na,2026-09-25 04:00:00,0020..0023,4,0.3256,17
dr027_tk10_43na,2026-09-25 04:00:00,0024..0027,4,0.21,16
dr027_tk10_43na,2026-09-25 04:00:00,0028..0031,4,0.1983,14
dr027_tk10_43na,2026-09-25 04:00:00,0032..0035,4,0.199,16
dr027_tk10_43na,2026-09-25 04:00:00,0036..0039,4,0.2365,14
dr027_tk10_43na,2026-09-25 04:00:00,0040..0043,4,0.199,16
dr027_tk10_43na,2026-09-25 04:00:00,0044..0047,4,0.1682,12
dr027_tk10_43na,2026-09-25 04:00:00,0048..0051,4,0.2937,13
dr027_tk10_43na,2026-09-25 04:00:00,0052..0055,4,0.2632,15
dr027_tk10_43na,2026-09-25 04:00:00,0056..0059,4,0.2471,14
dr027_tk10_43na,2026-09-25 04:00:00,0060..0063,4,0.2501,14
dr027_tk10_43na,2026-09-26 04:00:00,0000..0003,4,0.2295,12
dr027_tk10_43na,2026-09-26 04:00:00,0004..0007,4,0.3016,12
dr027_tk10_43na,2026-09-26 04:00:00,0008..0011,4,0.2618,15
dr027_tk10_43na,2026-09-26 04:00:00,0012..0015,4,0.2499,13
dr027_tk10_43na,2026-09-26 04:00:00,0016..0019,4,0.2184,13
dr027_tk10_43na,2026-09-26 04:00:00,0020..0023,4,0.4779,16
dr027_tk10_43na,2026-09-26 04:00:00,0024..0027,4,0.2617,13
dr027_tk10_43na,2026-09-26 04:00:00,0028..0031,4,0.2139,14
dr027_tk10_43na,2026-09-26 04:00:00,0032..0035,4,0.2445,13
dr027_tk10_43na,2026-09-26 04:00:00,0036..0039,4,0.2439,12
dr027_tk10_43na,2026-09-26 04:00:00,0040..0043,4,0.2487,13
dr027_tk10_43na,2026-09-26 04:00:00,0044..0047,4,0.2119,13
dr027_tk10_43na,2026-09-26 04:00:00,0048..0051,4,0.2542,14
dr027_tk10_43na,2026-09-26 04:00:00,0052..0055,4,0.3226,14
dr027_tk10_43na,2026-09-26 04:00:00,0056..0059,4,0.2244,12
dr027_tk10_43na,2026-09-26 04:00:00,0060..0063,4,0.2469,12
dr027_tk08_43na_hitStrategy,2026-09-19 04:00:00,0000..0015,16,5.0149,0
dr027_tk08_43na_hitStrategy,2026-09-19 04:00:00,0016..0023,8,2.2752,0
dr027_tk08_43na_hitStrategy,2026-09-19 04:00:00,0024..0031,8,2.3279,0
dr027_tk08_43na_hitStrategy,2026-09-19 04:00:00,0032..0039,8,2.5113,0
dr027_tk08_43na_hitStrategy,2026-09-19 04:00:00,0040..0047,8,2.2636,0
dr027_tk08_43na_hitStrategy,2026-09-19 04:00:00,0048..0055,8,3.0287,0
dr027_tk08_43na_hitStrategy,2026-09-19 04:00:00,0056..0059,4,1.2659,0
dr027_tk08_43na_hitStrategy,2026-09-19 04:00:00,0060..0063,4,1.2359,0
dr027_tk08_43na_hitStrategy,2026-09-20 04:00:00,0000..0003,4,0.7276,0
dr027_tk08_43na_hitStrategy,2026-09-20 04:00:00,0004..0007,4,0.7564,0
dr027_tk08_43na_hitStrategy,2026-09-20 04:00:00,0008..0011,4,0.7317,0
dr027_tk08_43na_hitStrategy,2026-09-20 04:00:00,0012..0015,4,0.9062,0
dr027_tk08_43na_hitStrategy,2026-09-20 04:00:00,0016..0019,4,0.6971,0
dr027_tk08_43na_hitStrategy,2026-09-20 04:00:00,0020..0023,4,0.7199,0
dr027_tk08_43na_hitStrategy,2026-09-20 04:00:00,0024..0027,4,0.7333,0
dr027_tk08_43na_hitStrategy,2026-09-20 04:00:00,0028..0031,4,0.6214,0
dr027_tk08_43na_hitStrategy,2026-09-20 04:00:00,0032..0035,4,0.7034,0
dr027_tk08_43na_hitStrategy,2026-09-20 04:00:00,0036..0039,4,0.696,0
dr027_tk08_43na_hitStrategy,2026-09-20 04:00:00,0040..0043,4,0.5826,0
dr027_tk08_43na_hitStrategy,2026-09-20 04:00:00,0044..0047,4,0.7665,0
dr027_tk08_43na_hitStrategy,2026-09-20 04:00:00,0048..0051,4,0.8899,0
dr027_tk08_43na_hitStrategy,2026-09-20 04:00:00,0052..0055,4,0.4875,0
dr027_tk08_43na_hitStrategy,2026-09-20 04:00:00,0056..0059,4,0.7209,0
dr027_tk08_43na_hitStrategy,2026-09-20 04:00:00,0060..0063,4,0.6812,0
dr027_tk08_43na_hitStrategy,2026-09-21 04:00:00,0000..0003,4,1.0399,0
dr027_tk08_43na_hitStrategy,2026-09-21 04:00:00,0004..0007,4,0.8905,0
dr027_tk08_43na_hitStrategy,2026-09-21 04:00:00,0008..0011,4,0.9564,0
dr027_tk08_43na_hitStrategy,2026-09-21 04:00:00,0012..0015,4,1.0812,0
dr027_tk08_43na_hitStrategy,2026-09-21 04:00:00,0016..0019,4,0.9841,0
dr027_tk08_43na_hitStrategy,2026-09-21 04:00:00,0020..0023,4,1.2648,0
dr027_tk08_43na_hitStrategy,2026-09-21 04:00:00,0024..0027,4,0.9863,0
dr027_tk08_43na_hitStrategy,2026-09-21 04:00:00,0028..0031,4,1.042,0
dr027_tk08_43na_hitStrategy,2026-09-21 04:00:00,0032..0035,4,1.0983,0
dr027_tk08_43na_hitStrategy,2026-09-21 04:00:00,0036..0039,4,1.1423,0
dr027_tk08_43na_hitStrategy,2026-09-21 04:00:00,0040..0043,4,0.91,0
dr027_tk08_43na_hitStrategy,2026-09-21 04:00:00,0044..0047,4,1.3137,0
dr027_tk08_43na_hitStrategy,2026-09-21 04:00:00,0048..0051,4,1.181,0
dr027_tk08_43na_hitStrategy,2026-09-21 04:00:00,0052..0055,4,0.9998,0
dr027_tk08_43na_hitStrategy,2026-09-21 04:00:00,0056..0059,4,1.5632,0
dr027_tk08_43na_hitStrategy,2026-09-21 04:00:00,0060..0063,4,1.3409,0
dr027_tk08_43na_hitStrategy,2026-09-22 04:00:00,0000..0003,4,1.2608,0
dr027_tk08_43na_hitStrategy,2026-09-22 04:00:00,0004..0007,4,1.2349,0
dr027_tk08_43na_hitStrategy,2026-09-22 04:00:00,0008..0011,4,1.2479,0
dr027_tk08_43na_hitStrategy,2026-09-22 04:00:00,0012..0015,4,1.3081,0
dr027_tk08_43na_hitStrategy,2026-09-22 04:00:00,0016..0019,4,1.3585,0
dr027_tk08_43na_hitStrategy,2026-09-22 04:00:00,0020..0023,4,1.7953,0
dr027_tk08_43na_hitStrategy,2026-09-22 04:00:00,0024..0027,4,1.285,0
dr027_tk08_43na_hitStrategy,2026-09-22 04:00:00,0028..0031,4,1.3418,0
dr027_tk08_43na_hitStrategy,2026-09-22 04:00:00,0032..0035,4,1.496,0
dr027_tk08_43na_hitStrategy,2026-09-22 04:00:00,0036..0039,4,1.2841,0
dr027_tk08_43na_hitStrategy,2026-09-22 04:00:00,0040..0043,4,1.1063,0
dr027_tk08_43na_hitStrategy,2026-09-22 04:00:00,0044..0047,4,1.6576,0
dr027_tk08_43na_hitStrategy,2026-09-22 04:00:00,0048..0051,4,1.422,0
dr027_tk08_43na_hitStrategy,2026-09-22 04:00:00,0052..0055,4,1.1469,0
dr027_tk08_43na_hitStrategy,2026-09-22 04:00:00,0056..0059,4,1.4313,0
dr027_tk08_43na_hitStrategy,2026-09-22 04:00:00,0060..0063,4,1.3006,0
dr027_tk08_43na_hitStrategy,2026-09-23 04:00:00,0000..0003,4,1.215,8
dr027_tk08_43na_hitStrategy,2026-09-23 04:00:00,0004..0007,4,1.2011,8
dr027_tk08_43na_hitStrategy,2026-09-23 04:00:00,0008..0011,4,1.431,8
dr027_tk08_43na_hitStrategy,2026-09-23 04:00:00,0012..0015,4,1.1148,8
dr027_tk08_43na_hitStrategy,2026-09-23 04:00:00,0016..0019,4,1.2304,8
dr027_tk08_43na_hitStrategy,2026-09-23 04:00:00,0020..0023,4,1.4825,8
dr027_tk08_43na_hitStrategy,2026-09-23 04:00:00,0024..0027,4,1.1715,8
dr027_tk08_43na_hitStrategy,2026-09-23 04:00:00,0028..0031,4,1.1447,8
dr027_tk08_43na_hitStrategy,2026-09-23 04:00:00,0032..0035,4,1.1787,8
dr027_tk08_43na_hitStrategy,2026-09-23 04:00:00,0036..0039,4,1.3503,8
dr027_tk08_43na_hitStrategy,2026-09-23 04:00:00,0040..0043,4,1.0881,8
dr027_tk08_43na_hitStrategy,2026-09-23 04:00:00,0044..0047,4,0.9752,8
dr027_tk08_43na_hitStrategy,2026-09-23 04:00:00,0048..0051,4,1.1453,8
dr027_tk08_43na_hitStrategy,2026-09-23 04:00:00,0052..0055,4,1.3068,8
dr027_tk08_43na_hitStrategy,2026-09-23 04:00:00,0056..0059,4,1.1314,8
dr027_tk08_43na_hitStrategy,2026-09-23 04:00:00,0060..0063,4,1.3111,8
dr027_tk08_43na_hitStrategy,2026-09-24 04:00:00,0000..0003,4,0.8682,8
dr027_tk08_43na_hitStrategy,2026-09-24 04:00:00,0004..0007,4,0.8432,8
dr027_tk08_43na_hitStrategy,2026-09-24 04:00:00,0008..0011,4,0.494,8
dr027_tk08_43na_hitStrategy,2026-09-24 04:00:00,0012..0015,4,0.3617,8
dr027_tk08_43na_hitStrategy,2026-09-24 04:00:00,0016..0019,4,0.302,8
dr027_tk08_43na_hitStrategy,2026-09-24 04:00:00,0020..0023,4,0.2877,8
dr027_tk08_43na_hitStrategy,2026-09-24 04:00:00,0024..0027,4,0.3283,8
dr027_tk08_43na_hitStrategy,2026-09-24 04:00:00,0028..0031,4,0.3843,8
dr027_tk08_43na_hitStrategy,2026-09-24 04:00:00,0032..0035,4,0.2592,6
dr027_tk08_43na_hitStrategy,2026-09-24 04:00:00,0036..0039,4,0.3206,8
dr027_tk08_43na_hitStrategy,2026-09-24 04:00:00,0040..0043,4,0.247,8
dr027_tk08_43na_hitStrategy,2026-09-24 04:00:00,0044..0047,4,0.2399,8
dr027_tk08_43na_hitStrategy,2026-09-24 04:00:00,0048..0051,4,0.3881,8
dr027_tk08_43na_hitStrategy,2026-09-24 04:00:00,0052..0055,4,0.3291,8
dr027_tk08_43na_hitStrategy,2026-09-24 04:00:00,0056..0059,4,0.3328,8
dr027_tk08_43na_hitStrategy,2026-09-24 04:00:00,0060..0063,4,0.386,8
dr027_tk08_43na_hitStrategy,2026-09-25 04:00:00,0000..0003,4,0.2092,8
dr027_tk08_43na_hitStrategy,2026-09-25 04:00:00,0004..0007,4,0.1677,8
dr027_tk08_43na_hitStrategy,2026-09-25 04:00:00,0008..0011,4,0.2157,8
dr027_tk08_43na_hitStrategy,2026-09-25 04:00:00,0012..0015,4,0.3421,8
dr027_tk08_43na_hitStrategy,2026-09-25 04:00:00,0016..0019,4,0.1565,8
dr027_tk08_43na_hitStrategy,2026-09-25 04:00:00,0020..0023,4,0.2982,8
dr027_tk08_43na_hitStrategy,2026-09-25 04:00:00,0024..0027,4,0.1946,8
dr027_tk08_43na_hitStrategy,2026-09-25 04:00:00,0028..0031,4,0.1846,8
dr027_tk08_43na_hitStrategy,2026-09-25 04:00:00,0032..0035,4,0.1901,8
dr027_tk08_43na_hitStrategy,2026-09-25 04:00:00,0036..0039,4,0.21,8
dr027_tk08_43na_hitStrategy,2026-09-25 04:00:00,0040..0043,4,0.1608,8
dr027_tk08_43na_hitStrategy,2026-09-25 04:00:00,0044..0047,4,0.1627,8
dr027_tk08_43na_hitStrategy,2026-09-25 04:00:00,0048..0051,4,0.2501,8
dr027_tk08_43na_hitStrategy,2026-09-25 04:00:00,0052..0055,4,0.2329,8
dr027_tk08_43na_hitStrategy,2026-09-25 04:00:00,0056..0059,4,0.2483,8
dr027_tk08_43na_hitStrategy,2026-09-25 04:00:00,0060..0063,4,0.2347,8
dr027_tk08_43na_hitStrategy,2026-09-26 04:00:00,0000..0003,4,0.2011,6
dr027_tk08_43na_hitStrategy,2026-09-26 04:00:00,0004..0007,4,0.2823,8
dr027_tk08_43na_hitStrategy,2026-09-26 04:00:00,0008..0011,4,0.2357,8
dr027_tk08_43na_hitStrategy,2026-09-26 04:00:00,0012..0015,4,0.224,8
dr027_tk08_43na_hitStrategy,2026-09-26 04:00:00,0016..0019,4,0.1896,8
dr027_tk08_43na_hitStrategy,2026-09-26 04:00:00,0020..0023,4,0.3306,8
dr027_tk08_43na_hitStrategy,2026-09-26 04:00:00,0024..0027,4,0.2263,8
dr027_tk08_43na_hitStrategy,2026-09-26 04:00:00,0028..0031,4,0.1683,6
dr027_tk08_43na_hitStrategy,2026-09-26 04:00:00,0032..0035,4,0.2401,8
dr027_tk08_43na_hitStrategy,2026-09-26 04:00:00,0036..0039,4,0.2392,8
dr027_tk08_43na_hitStrategy,2026-09-26 04:00:00,0040..0043,4,0.2902,8
dr027_tk08_43na_hitStrategy,2026-09-26 04:00:00,0044..0047,4,0.2112,8
dr027_tk08_43na_hitStrategy,2026-09-26 04:00:00,0048..0051,4,0.2264,8
dr027_tk08_43na_hitStrategy,2026-09-26 04:00:00,0052..0055,4,0.3094,8
dr027_tk08_43na_hitStrategy,2026-09-26 04:00:00,0056..0059,4,0.2067,8
dr027_tk08_43na_hitStrategy,2026-09-26 04:00:00,0060..0063,4,0.2257,8
dr027_tk08_43na_hitPreOnlineStrategy,2026-09-19 04:00:00,0000..0015,16,4.8895,0
dr027_tk08_43na_hitPreOnlineStrategy,2026-09-19 04:00:00,0016..0023,8,2.2465,0
dr027_tk08_43na_hitPreOnlineStrategy,2026-09-19 04:00:00,0024..0031,8,2.0007,0
dr027_tk08_43na_hitPreOnlineStrategy,2026-09-19 04:00:00,0032..0039,8,2.2224,0
dr027_tk08_43na_hitPreOnlineStrategy,2026-09-19 04:00:00,0040..0047,8,2.25,0
dr027_tk08_43na_hitPreOnlineStrategy,2026-09-19 04:00:00,0048..0055,8,2.5853,0
dr027_tk08_43na_hitPreOnlineStrategy,2026-09-19 04:00:00,0056..0063,8,2.4105,0
dr027_tk08_43na_hitPreOnlineStrategy,2026-09-20 04:00:00,0000..0007,8,1.461,0
dr027_tk08_43na_hitPreOnlineStrategy,2026-09-20 04:00:00,0008..0015,8,1.6233,0
dr027_tk08_43na_hitPreOnlineStrategy,2026-09-20 04:00:00,0016..0023,8,1.4014,0
dr027_tk08_43na_hitPreOnlineStrategy,2026-09-20 04:00:00,0024..0031,8,1.4398,0
dr027_tk08_43na_hitPreOnlineStrategy,2026-09-20 04:00:00,0032..0039,8,1.3625,0
dr027_tk08_43na_hitPreOnlineStrategy,2026-09-20 04:00:00,0040..0047,8,1.4092,0
dr027_tk08_43na_hitPreOnlineStrategy,2026-09-20 04:00:00,0048..0055,8,1.5993,0
dr027_tk08_43na_hitPreOnlineStrategy,2026-09-20 04:00:00,0056..0063,8,1.2911,0
dr027_tk08_43na_hitPreOnlineStrategy,2026-09-21 04:00:00,0000..0007,8,1.9724,0
dr027_tk08_43na_hitPreOnlineStrategy,2026-09-21 04:00:00,0008..0015,8,2.0181,0
dr027_tk08_43na_hitPreOnlineStrategy,2026-09-21 04:00:00,0016..0023,8,2.2606,0
dr027_tk08_43na_hitPreOnlineStrategy,2026-09-21 04:00:00,0024..0031,8,2.0306,0
dr027_tk08_43na_hitPreOnlineStrategy,2026-09-21 04:00:00,0032..0039,8,2.0015,0
dr027_tk08_43na_hitPreOnlineStrategy,2026-09-21 04:00:00,0040..0047,8,2.2789,0
dr027_tk08_43na_hitPreOnlineStrategy,2026-09-21 04:00:00,0048..0055,8,2.0392,0
dr027_tk08_43na_hitPreOnlineStrategy,2026-09-21 04:00:00,0056..0063,8,2.5593,0
dr027_tk08_43na_hitPreOnlineStrategy,2026-09-22 04:00:00,0000..0007,8,2.3086,23
dr027_tk08_43na_hitPreOnlineStrategy,2026-09-22 04:00:00,0008..0015,8,2.3616,23
dr027_tk08_43na_hitPreOnlineStrategy,2026-09-22 04:00:00,0016..0023,8,2.6588,24
dr027_tk08_43na_hitPreOnlineStrategy,2026-09-22 04:00:00,0024..0031,8,2.8108,24
dr027_tk08_43na_hitPreOnlineStrategy,2026-09-22 04:00:00,0032..0039,8,2.4627,24
dr027_tk08_43na_hitPreOnlineStrategy,2026-09-22 04:00:00,0040..0047,8,2.306,24
dr027_tk08_43na_hitPreOnlineStrategy,2026-09-22 04:00:00,0048..0055,8,2.0502,24
dr027_tk08_43na_hitPreOnlineStrategy,2026-09-22 04:00:00,0056..0063,8,2.617,24
dr027_tk08_43na_hitPreOnlineStrategy,2026-09-23 04:00:00,0000..0007,8,2.4667,24
dr027_tk08_43na_hitPreOnlineStrategy,2026-09-23 04:00:00,0008..0015,8,2.364,24
dr027_tk08_43na_hitPreOnlineStrategy,2026-09-23 04:00:00,0016..0023,8,2.8247,24
dr027_tk08_43na_hitPreOnlineStrategy,2026-09-23 04:00:00,0024..0031,8,2.4956,24
dr027_tk08_43na_hitPreOnlineStrategy,2026-09-23 04:00:00,0032..0039,8,2.702,24
dr027_tk08_43na_hitPreOnlineStrategy,2026-09-23 04:00:00,0040..0047,8,2.0767,24
dr027_tk08_43na_hitPreOnlineStrategy,2026-09-23 04:00:00,0048..0055,8,2.4494,24
dr027_tk08_43na_hitPreOnlineStrategy,2026-09-23 04:00:00,0056..0063,8,2.5634,24
dr027_tk08_43na_hitPreOnlineStrategy,2026-09-24 04:00:00,0000..0007,8,1.5706,0
dr027_tk08_43na_hitPreOnlineStrategy,2026-09-24 04:00:00,0008..0015,8,0.7547,0
dr027_tk08_43na_hitPreOnlineStrategy,2026-09-24 04:00:00,0016..0023,8,0.5011,0
dr027_tk08_43na_hitPreOnlineStrategy,2026-09-24 04:00:00,0024..0031,8,0.5921,0
dr027_tk08_43na_hitPreOnlineStrategy,2026-09-24 04:00:00,0032..0039,8,0.4974,0
dr027_tk08_43na_hitPreOnlineStrategy,2026-09-24 04:00:00,0040..0047,8,0.3992,0
dr027_tk08_43na_hitPreOnlineStrategy,2026-09-24 04:00:00,0048..0055,8,0.7057,0
dr027_tk08_43na_hitPreOnlineStrategy,2026-09-24 04:00:00,0056..0063,8,0.5769,0
dr027_tk08_43na_hitPreOnlineStrategy,2026-09-25 04:00:00,0000..0007,8,0.3241,0
dr027_tk08_43na_hitPreOnlineStrategy,2026-09-25 04:00:00,0008..0015,8,0.3561,0
dr027_tk08_43na_hitPreOnlineStrategy,2026-09-25 04:00:00,0016..0023,8,0.3667,0
dr027_tk08_43na_hitPreOnlineStrategy,2026-09-25 04:00:00,0024..0031,8,0.2756,0
dr027_tk08_43na_hitPreOnlineStrategy,2026-09-25 04:00:00,0032..0039,8,0.3127,0
dr027_tk08_43na_hitPreOnlineStrategy,2026-09-25 04:00:00,0040..0047,8,0.2275,0
dr027_tk08_43na_hitPreOnlineStrategy,2026-09-25 04:00:00,0048..0055,8,0.3386,0
dr027_tk08_43na_hitPreOnlineStrategy,2026-09-25 04:00:00,0056..0063,8,0.2985,0
dr027_tk08_43na_hitPreOnlineStrategy,2026-09-26 04:00:00,0000..0007,8,0.3046,0
dr027_tk08_43na_hitPreOnlineStrategy,2026-09-26 04:00:00,0008..0015,8,0.2923,0
dr027_tk08_43na_hitPreOnlineStrategy,2026-09-26 04:00:00,0016..0023,8,0.4335,0
dr027_tk08_43na_hitPreOnlineStrategy,2026-09-26 04:00:00,0024..0031,8,0.3435,0
dr027_tk08_43na_hitPreOnlineStrategy,2026-09-26 04:00:00,0032..0039,8,0.357,0
dr027_tk08_43na_hitPreOnlineStrategy,2026-09-26 04:00:00,0040..0047,8,0.3477,0
dr027_tk08_43na_hitPreOnlineStrategy,2026-09-26 04:00:00,0048..0055,8,0.4296,0
dr027_tk08_43na_hitPreOnlineStrategy,2026-09-26 04:00:00,0056..0063,8,0.3512,0
p5_checkpoint,2026-08-21 20:09:00,0000..0015,16,1.2323,16
p5_checkpoint,2026-08-21 20:09:00,0016..0031,16,0.9457,16
p5_checkpoint,2026-08-21 20:09:00,0032..0047,16,0.9908,16
p5_checkpoint,2026-08-21 20:09:00,0048..0063,16,1.034,16
p5_checkpoint,2026-08-22 20:09:00,0000..0015,16,0.6909,16
p5_checkpoint,2026-08-22 20:09:00,0016..0031,16,0.6558,16
p5_checkpoint,2026-08-22 20:09:00,0032..0047,16,0.6362,16
p5_checkpoint,2026-08-22 20:09:00,0048..0063,16,0.7841,16
p5_checkpoint,2026-08-23 20:09:00,0000..0015,16,0.7683,16
p5_checkpoint,2026-08-23 20:09:00,0016..0031,16,0.8354,16
p5_checkpoint,2026-08-23 20:09:00,0032..0047,16,0.7352,16
p5_checkpoint,2026-08-23 20:09:00,0048..0063,16,0.8308,16
p5_checkpoint,2026-08-24 20:09:00,0000..0015,16,0.8484,16
p5_checkpoint,2026-08-24 20:09:00,0016..0031,16,0.8959,16
p5_checkpoint,2026-08-24 20:09:00,0032..0047,16,0.9454,16
p5_checkpoint,2026-08-24 20:09:00,0048..0063,16,0.8708,16
p5_checkpoint,2026-08-25 20:09:00,0000..0015,16,0.6698,16
p5_checkpoint,2026-08-25 20:09:00,0016..0031,16,0.8095,16
p5_checkpoint,2026-08-25 20:09:00,0032..0047,16,0.828,16
p5_checkpoint,2026-08-25 20:09:00,0048..0063,16,0.8976,16
p5_checkpoint,2026-08-26 20:09:00,0000..0015,16,0.7356,16
p5_checkpoint,2026-08-26 20:09:00,0016..0031,16,0.8278,16
p5_checkpoint,2026-08-26 20:09:00,0032..0047,16,0.6318,16
p5_checkpoint,2026-08-26 20:09:00,0048..0063,16,0.8437,16
p5_checkpoint,2026-08-27 20:09:00,0000..0015,16,0.951,16
p5_checkpoint,2026-08-27 20:09:00,0016..0031,16,0.8066,16
p5_checkpoint,2026-08-27 20:09:00,0032..0047,16,0.708,16
p5_checkpoint,2026-08-27 20:09:00,0048..0063,16,0.7149,16
p5_checkpoint,2026-08-28 20:09:00,0000..0015,16,0.5853,16
p5_checkpoint,2026-08-28 20:09:00,0016..0031,16,0.8332,16
p5_checkpoint,2026-08-28 20:09:00,0032..0047,16,0.5953,16
p5_checkpoint,2026-08-28 20:09:00,0048..0063,16,0.7021,16
p5_checkpoint,2026-08-29 20:09:00,0000..0015,16,0.6762,16
p5_checkpoint,2026-08-29 20:09:00,0016..0031,16,0.6778,16
p5_checkpoint,2026-08-29 20:09:00,0032..0047,16,0.6197,16
p5_checkpoint,2026-08-29 20:09:00,0048..0063,16,0.6996,16
p5_checkpoint,2026-08-30 20:09:00,0000..0015,16,0.8279,16
p5_checkpoint,2026-08-30 20:09:00,0016..0031,16,0.6971,16
p5_checkpoint,2026-08-30 20:09:00,0032..0047,16,0.8539,16
p5_checkpoint,2026-08-30 20:09:00,0048..0063,16,0.8866,16
p5_checkpoint,2026-08-31 20:09:00,0000..0015,16,0.7191,16
p5_checkpoint,2026-08-31 20:09:00,0016..0031,16,0.8223,16
p5_checkpoint,2026-08-31 20:09:00,0032..0047,16,0.7293,16
p5_checkpoint,2026-08-31 20:09:00,0048..0063,16,0.8899,16
p5_checkpoint,2026-09-01 20:09:00,0000..0015,16,0.8527,16
p5_checkpoint,2026-09-01 20:09:00,0016..0031,16,0.8798,16
p5_checkpoint,2026-09-01 20:09:00,0032..0047,16,0.8,16
p5_checkpoint,2026-09-01 20:09:00,0048..0063,16,0.6598,16
p5_checkpoint,2026-09-02 20:09:00,0000..0015,16,0.6838,16
p5_checkpoint,2026-09-02 20:09:00,0016..0031,16,0.7148,16
p5_checkpoint,2026-09-02 20:09:00,0032..0047,16,0.7558,16
p5_checkpoint,2026-09-02 20:09:00,0048..0063,16,0.7531,16
p5_checkpoint,2026-09-03 20:09:00,0000..0015,16,0.7463,16
p5_checkpoint,2026-09-03 20:09:00,0016..0031,16,0.6501,16
p5_checkpoint,2026-09-03 20:09:00,0032..0047,16,0.7639,16
p5_checkpoint,2026-09-03 20:09:00,0048..0063,16,0.7228,16
p5_checkpoint,2026-09-04 20:09:00,0000..0015,16,0.8335,16
p5_checkpoint,2026-09-04 20:09:00,0016..0031,16,0.7243,16
p5_checkpoint,2026-09-04 20:09:00,0032..0047,16,0.7512,16
p5_checkpoint,2026-09-04 20:09:00,0048..0063,16,0.6948,16
p5_checkpoint,2026-09-05 20:09:00,0000..0015,16,0.7953,16
p5_checkpoint,2026-09-05 20:09:00,0016..0031,16,1.2115,16
p5_checkpoint,2026-09-05 20:09:00,0032..0047,16,0.6499,16
p5_checkpoint,2026-09-05 20:09:00,0048..0063,16,0.6897,16
p5_checkpoint,2026-09-06 20:09:00,0000..0015,16,0.777,16
p5_checkpoint,2026-09-06 20:09:00,0016..0031,16,0.8373,16
p5_checkpoint,2026-09-06 20:09:00,0032..0047,16,0.7394,16
p5_checkpoint,2026-09-06 20:09:00,0048..0063,16,0.6925,16
p5_checkpoint,2026-09-07 20:09:00,0000..0015,16,0.9569,16
p5_checkpoint,2026-09-07 20:09:00,0016..0031,16,1.0422,16
p5_checkpoint,2026-09-07 20:09:00,0032..0047,16,0.8912,16
p5_checkpoint,2026-09-07 20:09:00,0048..0063,16,0.957,16
p5_checkpoint,2026-09-08 20:09:00,0000..0015,16,1.0808,16
p5_checkpoint,2026-09-08 20:09:00,0016..0031,16,0.9767,16
p5_checkpoint,2026-09-08 20:09:00,0032..0047,16,1.0957,16
p5_checkpoint,2026-09-08 20:09:00,0048..0063,16,1.0419,16
p5_checkpoint,2026-09-09 20:09:00,0000..0015,16,1.0496,16
p5_checkpoint,2026-09-09 20:09:00,0016..0031,16,0.997,16
p5_checkpoint,2026-09-09 20:09:00,0032..0047,16,1.047,16
p5_checkpoint,2026-09-09 20:09:00,0048..0063,16,1.0849,16
p5_checkpoint_edges,2026-08-21 20:04:00,0000..0015,16,0.0262,16
p5_checkpoint_edges,2026-08-21 20:04:00,0016..0031,16,0.0282,16
p5_checkpoint_edges,2026-08-21 20:04:00,0032..0047,16,0.0261,16
p5_checkpoint_edges,2026-08-21 20:04:00,0048..0063,16,0.0296,16
p5_checkpoint_edges_end,2026-09-10 20:04:00,0000..0015,16,0.0159,16
p5_checkpoint_edges_end,2026-09-10 20:04:00,0016..0031,16,0.0134,16
p5_checkpoint_edges_end,2026-09-10 20:04:00,0032..0047,16,0.0132,16
p5_checkpoint_edges_end,2026-09-10 20:04:00,0048..0063,16,0.0122,16
toolkit_tests/tk01_volume_users,2026-09-26 04:00:00,0000..0015,16,0.274,172
toolkit_tests/tk01_volume_users,2026-09-26 04:00:00,0016..0031,16,0.4428,176
toolkit_tests/tk01_volume_users,2026-09-26 04:00:00,0032..0047,16,0.4061,170
toolkit_tests/tk01_volume_users,2026-09-26 04:00:00,0048..0063,16,0.4606,175
toolkit_tests/tk01_volume_users,2026-09-25 04:00:00,0000..0015,16,0.3532,173
toolkit_tests/tk01_volume_users,2026-09-25 04:00:00,0016..0031,16,0.3301,184
toolkit_tests/tk01_volume_users,2026-09-25 04:00:00,0032..0047,16,0.3276,174
toolkit_tests/tk01_volume_users,2026-09-25 04:00:00,0048..0063,16,0.3116,188
toolkit_tests/tk01_volume_users,2026-09-24 04:00:00,0000..0015,16,0.938,188
toolkit_tests/tk01_volume_users,2026-09-24 04:00:00,0016..0031,16,0.4895,204
toolkit_tests/tk01_volume_users,2026-09-24 04:00:00,0032..0047,16,0.3779,192
toolkit_tests/tk01_volume_users,2026-09-24 04:00:00,0048..0063,16,0.5614,204
toolkit_tests/tk01_volume_users,2026-09-23 04:00:00,0000..0015,16,2.0152,310
toolkit_tests/tk01_volume_users,2026-09-23 04:00:00,0016..0031,16,2.1038,307
toolkit_tests/tk01_volume_users,2026-09-23 04:00:00,0032..0047,16,1.9962,287
toolkit_tests/tk01_volume_users,2026-09-23 04:00:00,0048..0063,16,1.871,288
toolkit_tests/tk01_volume_users,2026-09-22 04:00:00,0000..0015,16,2.065,301
toolkit_tests/tk01_volume_users,2026-09-22 04:00:00,0016..0031,16,1.9859,330
toolkit_tests/tk01_volume_users,2026-09-22 04:00:00,0032..0047,16,2.0652,308
toolkit_tests/tk01_volume_users,2026-09-22 04:00:00,0048..0063,16,2.0264,304
toolkit_tests/tk01_volume_users,2026-09-21 04:00:00,0000..0015,16,1.8436,279
toolkit_tests/tk01_volume_users,2026-09-21 04:00:00,0016..0031,16,1.6861,272
toolkit_tests/tk01_volume_users,2026-09-21 04:00:00,0032..0047,16,1.8289,275
toolkit_tests/tk01_volume_users,2026-09-21 04:00:00,0048..0063,16,1.8263,276
toolkit_tests/tk01_volume_users,2026-09-20 04:00:00,0000..0015,16,1.4516,244
toolkit_tests/tk01_volume_users,2026-09-20 04:00:00,0016..0031,16,1.2173,245
toolkit_tests/tk01_volume_users,2026-09-20 04:00:00,0032..0047,16,1.296,243
toolkit_tests/tk01_volume_users,2026-09-20 04:00:00,0048..0063,16,1.507,249
toolkit_tests/tk01_volume_users,2026-09-19 04:00:00,0000..0015,16,1.5766,318
toolkit_tests/tk01_volume_users,2026-09-19 04:00:00,0016..0031,16,1.6574,324
toolkit_tests/tk01_volume_users,2026-09-19 04:00:00,0032..0047,16,1.7944,314
toolkit_tests/tk01_volume_users,2026-09-19 04:00:00,0048..0063,16,1.9307,312
toolkit_tests/tk02_strategy_hits,2026-09-20 04:00:00,0000..0015,16,2.343,189
toolkit_tests/tk02_strategy_hits,2026-09-20 04:00:00,0016..0031,16,2.216,180
toolkit_tests/tk02_strategy_hits,2026-09-20 04:00:00,0032..0047,16,2.0952,180
toolkit_tests/tk02_strategy_hits,2026-09-20 04:00:00,0048..0063,16,2.2532,191
toolkit_tests/tk02_strategy_hits,2026-09-21 04:00:00,0000..0015,16,3.8596,225
toolkit_tests/tk02_strategy_hits,2026-09-21 04:00:00,0016..0023,8,2.0868,108
toolkit_tests/tk02_strategy_hits,2026-09-21 04:00:00,0024..0031,8,1.8417,110
toolkit_tests/tk02_strategy_hits,2026-09-21 04:00:00,0032..0039,8,1.8975,107
toolkit_tests/tk02_strategy_hits,2026-09-21 04:00:00,0040..0047,8,2.0111,112
toolkit_tests/tk02_strategy_hits,2026-09-21 04:00:00,0048..0055,8,2.0521,107
toolkit_tests/tk02_strategy_hits,2026-09-21 04:00:00,0056..0063,8,2.094,119
toolkit_tests/tk02_strategy_hits,2026-09-22 04:00:00,0000..0007,8,1.9058,131
toolkit_tests/tk02_strategy_hits,2026-09-22 04:00:00,0008..0015,8,2.0033,134
toolkit_tests/tk02_strategy_hits,2026-09-22 04:00:00,0016..0023,8,2.5635,152
toolkit_tests/tk02_strategy_hits,2026-09-22 04:00:00,0024..0031,8,1.9886,141
toolkit_tests/tk02_strategy_hits,2026-09-22 04:00:00,0032..0039,8,2.1216,140
toolkit_tests/tk02_strategy_hits,2026-09-22 04:00:00,0040..0047,8,2.0415,131
toolkit_tests/tk02_strategy_hits,2026-09-22 04:00:00,0048..0055,8,2.0204,125
toolkit_tests/tk02_strategy_hits,2026-09-22 04:00:00,0056..0063,8,2.2071,129
toolkit_tests/tk02_strategy_hits,2026-09-23 04:00:00,0000..0007,8,1.9347,125
toolkit_tests/tk02_strategy_hits,2026-09-23 04:00:00,0008..0015,8,2.1354,138
toolkit_tests/tk02_strategy_hits,2026-09-23 04:00:00,0016..0023,8,2.2504,134
toolkit_tests/tk02_strategy_hits,2026-09-23 04:00:00,0024..0031,8,2.4203,132
toolkit_tests/tk02_strategy_hits,2026-09-23 04:00:00,0032..0039,8,2.3036,124
toolkit_tests/tk02_strategy_hits,2026-09-23 04:00:00,0040..0047,8,1.8663,106
toolkit_tests/tk02_strategy_hits,2026-09-23 04:00:00,0048..0055,8,1.9058,117
toolkit_tests/tk02_strategy_hits,2026-09-23 04:00:00,0056..0063,8,2.1653,126
toolkit_tests/tk02_strategy_hits,2026-09-24 04:00:00,0000..0007,8,1.4814,77
toolkit_tests/tk02_strategy_hits,2026-09-24 04:00:00,0008..0015,8,1.279,80
toolkit_tests/tk02_strategy_hits,2026-09-24 04:00:00,0016..0023,8,1.3076,84
toolkit_tests/tk02_strategy_hits,2026-09-24 04:00:00,0024..0031,8,0.6265,90
toolkit_tests/tk02_strategy_hits,2026-09-24 04:00:00,0032..0039,8,0.383,77
toolkit_tests/tk02_strategy_hits,2026-09-24 04:00:00,0040..0047,8,0.2881,77
toolkit_tests/tk02_strategy_hits,2026-09-24 04:00:00,0048..0055,8,0.4212,92
toolkit_tests/tk02_strategy_hits,2026-09-24 04:00:00,0056..0063,8,0.4121,85
toolkit_tests/tk02_strategy_hits,2026-09-25 04:00:00,0000..0007,8,0.213,68
toolkit_tests/tk02_strategy_hits,2026-09-25 04:00:00,0008..0015,8,0.2314,75
toolkit_tests/tk02_strategy_hits,2026-09-25 04:00:00,0016..0023,8,0.2483,75
toolkit_tests/tk02_strategy_hits,2026-09-25 04:00:00,0024..0031,8,0.2091,70
toolkit_tests/tk02_strategy_hits,2026-09-25 04:00:00,0032..0039,8,0.2202,77
toolkit_tests/tk02_strategy_hits,2026-09-25 04:00:00,0040..0047,8,0.1848,69
toolkit_tests/tk02_strategy_hits,2026-09-25 04:00:00,0048..0055,8,0.263,78
toolkit_tests/tk02_strategy_hits,2026-09-25 04:00:00,0056..0063,8,0.2465,69
toolkit_tests/tk02_strategy_hits,2026-09-26 04:00:00,0000..0007,8,0.2403,70
toolkit_tests/tk02_strategy_hits,2026-09-26 04:00:00,0008..0015,8,0.2552,73
toolkit_tests/tk02_strategy_hits,2026-09-26 04:00:00,0016..0023,8,0.28,84
toolkit_tests/tk02_strategy_hits,2026-09-26 04:00:00,0024..0031,8,0.2135,71
toolkit_tests/tk02_strategy_hits,2026-09-26 04:00:00,0032..0039,8,0.2345,73
toolkit_tests/tk02_strategy_hits,2026-09-26 04:00:00,0040..0047,8,0.2578,71
toolkit_tests/tk02_strategy_hits,2026-09-26 04:00:00,0048..0055,8,0.2537,83
toolkit_tests/tk02_strategy_hits,2026-09-26 04:00:00,0056..0063,8,0.2123,68
toolkit_tests/tk03_extra_recall,2026-09-20 04:00:00,0000..0015,16,1.9075,66
toolkit_tests/tk03_extra_recall,2026-09-20 04:00:00,0016..0031,16,1.9506,54
toolkit_tests/tk03_extra_recall,2026-09-20 04:00:00,0032..0047,16,1.8872,63
toolkit_tests/tk03_extra_recall,2026-09-20 04:00:00,0048..0063,16,2.0239,66
toolkit_tests/tk03_extra_recall,2026-09-21 04:00:00,0000..0015,16,3.5534,90
toolkit_tests/tk03_extra_recall,2026-09-21 04:00:00,0016..0023,8,1.9451,39
toolkit_tests/tk03_extra_recall,2026-09-21 04:00:00,0024..0031,8,1.7106,39
toolkit_tests/tk03_extra_recall,2026-09-21 04:00:00,0032..0039,8,1.7408,42
toolkit_tests/tk03_extra_recall,2026-09-21 04:00:00,0040..0047,8,1.9412,40
toolkit_tests/tk03_extra_recall,2026-09-21 04:00:00,0048..0055,8,1.8234,39
toolkit_tests/tk03_extra_recall,2026-09-21 04:00:00,0056..0063,8,2.6963,49
toolkit_tests/tk03_extra_recall,2026-09-22 04:00:00,0000..0007,8,1.8171,42
toolkit_tests/tk03_extra_recall,2026-09-22 04:00:00,0008..0015,8,1.9397,49
toolkit_tests/tk03_extra_recall,2026-09-22 04:00:00,0016..0023,8,2.3023,59
toolkit_tests/tk03_extra_recall,2026-09-22 04:00:00,0024..0031,8,1.796,56
toolkit_tests/tk03_extra_recall,2026-09-22 04:00:00,0032..0039,8,2.006,53
toolkit_tests/tk03_extra_recall,2026-09-22 04:00:00,0040..0047,8,1.9139,42
toolkit_tests/tk03_extra_recall,2026-09-22 04:00:00,0048..0055,8,2.0529,48
toolkit_tests/tk03_extra_recall,2026-09-22 04:00:00,0056..0063,8,2.0618,48
toolkit_tests/tk03_extra_recall,2026-09-23 04:00:00,0000..0007,8,1.9169,47
toolkit_tests/tk03_extra_recall,2026-09-23 04:00:00,0008..0015,8,1.9088,60
toolkit_tests/tk03_extra_recall,2026-09-23 04:00:00,0016..0023,8,2.3213,58
toolkit_tests/tk03_extra_recall,2026-09-23 04:00:00,0024..0031,8,1.9572,54
toolkit_tests/tk03_extra_recall,2026-09-23 04:00:00,0032..0039,8,1.9401,51
toolkit_tests/tk03_extra_recall,2026-09-23 04:00:00,0040..0047,8,1.6996,41
toolkit_tests/tk03_extra_recall,2026-09-23 04:00:00,0048..0055,8,1.6542,48
toolkit_tests/tk03_extra_recall,2026-09-23 04:00:00,0056..0063,8,1.7229,49
toolkit_tests/tk03_extra_recall,2026-09-24 04:00:00,0000..0007,8,1.3516,35
toolkit_tests/tk03_extra_recall,2026-09-24 04:00:00,0008..0015,8,1.242,35
toolkit_tests/tk03_extra_recall,2026-09-24 04:00:00,0016..0023,8,1.1081,41
toolkit_tests/tk03_extra_recall,2026-09-24 04:00:00,0024..0031,8,0.5423,45
toolkit_tests/tk03_extra_recall,2026-09-24 04:00:00,0032..0039,8,0.283,37
toolkit_tests/tk03_extra_recall,2026-09-24 04:00:00,0040..0047,8,0.2026,36
toolkit_tests/tk03_extra_recall,2026-09-24 04:00:00,0048..0055,8,0.3088,46
toolkit_tests/tk03_extra_recall,2026-09-24 04:00:00,0056..0063,8,0.2771,40
toolkit_tests/tk03_extra_recall,2026-09-25 04:00:00,0000..0007,8,0.12,35
toolkit_tests/tk03_extra_recall,2026-09-25 04:00:00,0008..0015,8,0.1341,35
toolkit_tests/tk03_extra_recall,2026-09-25 04:00:00,0016..0023,8,0.1437,34
toolkit_tests/tk03_extra_recall,2026-09-25 04:00:00,0024..0031,8,0.1203,31
toolkit_tests/tk03_extra_recall,2026-09-25 04:00:00,0032..0039,8,0.1252,35
toolkit_tests/tk03_extra_recall,2026-09-25 04:00:00,0040..0047,8,0.1123,24
toolkit_tests/tk03_extra_recall,2026-09-25 04:00:00,0048..0055,8,0.1483,31
toolkit_tests/tk03_extra_recall,2026-09-25 04:00:00,0056..0063,8,0.1388,24
toolkit_tests/tk03_extra_recall,2026-09-26 04:00:00,0000..0007,8,0.1459,34
toolkit_tests/tk03_extra_recall,2026-09-26 04:00:00,0008..0015,8,0.1368,30
toolkit_tests/tk03_extra_recall,2026-09-26 04:00:00,0016..0023,8,0.1544,33
toolkit_tests/tk03_extra_recall,2026-09-26 04:00:00,0024..0031,8,0.1189,25
toolkit_tests/tk03_extra_recall,2026-09-26 04:00:00,0032..0039,8,0.1331,33
toolkit_tests/tk03_extra_recall,2026-09-26 04:00:00,0040..0047,8,0.1259,30
toolkit_tests/tk03_extra_recall,2026-09-26 04:00:00,0048..0055,8,0.1585,33
toolkit_tests/tk03_extra_recall,2026-09-26 04:00:00,0056..0063,8,0.1262,27
toolkit_tests/tk04_pass_leakage,2026-09-20 04:00:00,0000..0015,16,0.6424,189
toolkit_tests/tk04_pass_leakage,2026-09-20 04:00:00,0016..0031,16,0.553,184
toolkit_tests/tk04_pass_leakage,2026-09-20 04:00:00,0032..0047,16,0.501,180
toolkit_tests/tk04_pass_leakage,2026-09-20 04:00:00,0048..0063,16,0.5684,180
toolkit_tests/tk04_pass_leakage,2026-09-21 04:00:00,0000..0015,16,1.5285,196
toolkit_tests/tk04_pass_leakage,2026-09-21 04:00:00,0016..0031,16,1.5854,220
toolkit_tests/tk04_pass_leakage,2026-09-21 04:00:00,0032..0047,16,1.588,217
toolkit_tests/tk04_pass_leakage,2026-09-21 04:00:00,0048..0063,16,1.8611,225
toolkit_tests/tk04_pass_leakage,2026-09-22 04:00:00,0000..0015,16,1.5834,277
toolkit_tests/tk04_pass_leakage,2026-09-22 04:00:00,0016..0031,16,1.4757,317
toolkit_tests/tk04_pass_leakage,2026-09-22 04:00:00,0032..0047,16,1.6294,286
toolkit_tests/tk04_pass_leakage,2026-09-22 04:00:00,0048..0063,16,1.5638,261
toolkit_tests/tk04_pass_leakage,2026-09-23 04:00:00,0000..0015,16,1.541,225
toolkit_tests/tk04_pass_leakage,2026-09-23 04:00:00,0016..0031,16,1.8987,237
toolkit_tests/tk04_pass_leakage,2026-09-23 04:00:00,0032..0047,16,1.5372,197
toolkit_tests/tk04_pass_leakage,2026-09-23 04:00:00,0048..0063,16,1.349,197
toolkit_tests/tk04_pass_leakage,2026-09-24 04:00:00,0000..0015,16,0.614,78
toolkit_tests/tk04_pass_leakage,2026-09-24 04:00:00,0016..0031,16,0.26,86
toolkit_tests/tk04_pass_leakage,2026-09-24 04:00:00,0032..0047,16,0.2261,79
toolkit_tests/tk04_pass_leakage,2026-09-24 04:00:00,0048..0063,16,0.4473,78
toolkit_tests/tk04_pass_leakage,2026-09-25 04:00:00,0000..0015,16,0.1922,60
toolkit_tests/tk04_pass_leakage,2026-09-25 04:00:00,0016..0031,16,0.2466,76
toolkit_tests/tk04_pass_leakage,2026-09-25 04:00:00,0032..0047,16,0.231,76
toolkit_tests/tk04_pass_leakage,2026-09-25 04:00:00,0048..0063,16,0.2725,83
toolkit_tests/tk04_pass_leakage,2026-09-26 04:00:00,0000..0015,16,0.2283,79
toolkit_tests/tk04_pass_leakage,2026-09-26 04:00:00,0016..0031,16,0.2887,90
toolkit_tests/tk04_pass_leakage,2026-09-26 04:00:00,0032..0047,16,0.2679,63
toolkit_tests/tk04_pass_leakage,2026-09-26 04:00:00,0048..0063,16,0.2692,87
toolkit_tests/tk05_v3_distribution,2026-09-20 04:00:00,0000..0015,16,2.6244,401
toolkit_tests/tk05_v3_distribution,2026-09-20 04:00:00,0016..0031,16,2.4699,396
toolkit_tests/tk05_v3_distribution,2026-09-20 04:00:00,0032..0047,16,2.2681,404
toolkit_tests/tk05_v3_distribution,2026-09-20 04:00:00,0048..0063,16,2.5495,418
toolkit_tests/tk05_v3_distribution,2026-09-21 04:00:00,0000..0015,16,4.1877,496
toolkit_tests/tk05_v3_distribution,2026-09-21 04:00:00,0016..0023,8,2.345,235
toolkit_tests/tk05_v3_distribution,2026-09-21 04:00:00,0024..0031,8,2.1756,228
toolkit_tests/tk05_v3_distribution,2026-09-21 04:00:00,0032..0039,8,2.1572,234
toolkit_tests/tk05_v3_distribution,2026-09-21 04:00:00,0040..0047,8,2.8899,239
toolkit_tests/tk05_v3_distribution,2026-09-21 04:00:00,0048..0055,8,2.1963,225
toolkit_tests/tk05_v3_distribution,2026-09-21 04:00:00,0056..0063,8,2.2796,256
toolkit_tests/tk05_v3_distribution,2026-09-22 04:00:00,0000..0007,8,2.2105,247
toolkit_tests/tk05_v3_distribution,2026-09-22 04:00:00,0008..0015,8,2.3379,245
toolkit_tests/tk05_v3_distribution,2026-09-22 04:00:00,0016..0023,8,2.7938,289
toolkit_tests/tk05_v3_distribution,2026-09-22 04:00:00,0024..0031,8,2.221,272
toolkit_tests/tk05_v3_distribution,2026-09-22 04:00:00,0032..0039,8,2.5214,265
toolkit_tests/tk05_v3_distribution,2026-09-22 04:00:00,0040..0047,8,2.3579,241
toolkit_tests/tk05_v3_distribution,2026-09-22 04:00:00,0048..0055,8,2.3028,253
toolkit_tests/tk05_v3_distribution,2026-09-22 04:00:00,0056..0063,8,2.687,264
toolkit_tests/tk05_v3_distribution,2026-09-23 04:00:00,0000..0007,8,2.4146,218
toolkit_tests/tk05_v3_distribution,2026-09-23 04:00:00,0008..0015,8,2.3728,259
toolkit_tests/tk05_v3_distribution,2026-09-23 04:00:00,0016..0023,8,2.6222,255
toolkit_tests/tk05_v3_distribution,2026-09-23 04:00:00,0024..0031,8,2.3961,243
toolkit_tests/tk05_v3_distribution,2026-09-23 04:00:00,0032..0039,8,2.4491,240
toolkit_tests/tk05_v3_distribution,2026-09-23 04:00:00,0040..0047,8,2.0409,206
toolkit_tests/tk05_v3_distribution,2026-09-23 04:00:00,0048..0055,8,2.0311,220
toolkit_tests/tk05_v3_distribution,2026-09-23 04:00:00,0056..0063,8,2.1362,243
toolkit_tests/tk05_v3_distribution,2026-09-24 04:00:00,0000..0007,8,1.5569,148
toolkit_tests/tk05_v3_distribution,2026-09-24 04:00:00,0008..0015,8,1.4193,149
toolkit_tests/tk05_v3_distribution,2026-09-24 04:00:00,0016..0023,8,1.2758,150
toolkit_tests/tk05_v3_distribution,2026-09-24 04:00:00,0024..0031,8,0.695,169
toolkit_tests/tk05_v3_distribution,2026-09-24 04:00:00,0032..0039,8,0.4314,149
toolkit_tests/tk05_v3_distribution,2026-09-24 04:00:00,0040..0047,8,0.3589,152
toolkit_tests/tk05_v3_distribution,2026-09-24 04:00:00,0048..0055,8,0.6215,162
toolkit_tests/tk05_v3_distribution,2026-09-24 04:00:00,0056..0063,8,0.5909,175
toolkit_tests/tk05_v3_distribution,2026-09-25 04:00:00,0000..0007,8,0.2535,136
toolkit_tests/tk05_v3_distribution,2026-09-25 04:00:00,0008..0015,8,0.2878,144
toolkit_tests/tk05_v3_distribution,2026-09-25 04:00:00,0016..0023,8,0.3387,154
toolkit_tests/tk05_v3_distribution,2026-09-25 04:00:00,0024..0031,8,0.2863,138
toolkit_tests/tk05_v3_distribution,2026-09-25 04:00:00,0032..0039,8,0.2949,145
toolkit_tests/tk05_v3_distribution,2026-09-25 04:00:00,0040..0047,8,0.2297,117
toolkit_tests/tk05_v3_distribution,2026-09-25 04:00:00,0048..0055,8,0.5621,164
toolkit_tests/tk05_v3_distribution,2026-09-25 04:00:00,0056..0063,8,0.3072,144
toolkit_tests/tk05_v3_distribution,2026-09-26 04:00:00,0000..0007,8,0.311,135
toolkit_tests/tk05_v3_distribution,2026-09-26 04:00:00,0008..0015,8,0.2698,137
toolkit_tests/tk05_v3_distribution,2026-09-26 04:00:00,0016..0023,8,0.3407,138
toolkit_tests/tk05_v3_distribution,2026-09-26 04:00:00,0024..0031,8,0.2677,120
toolkit_tests/tk05_v3_distribution,2026-09-26 04:00:00,0032..0039,8,0.3004,125
toolkit_tests/tk05_v3_distribution,2026-09-26 04:00:00,0040..0047,8,0.3132,118
toolkit_tests/tk05_v3_distribution,2026-09-26 04:00:00,0048..0055,8,0.3314,137
toolkit_tests/tk05_v3_distribution,2026-09-26 04:00:00,0056..0063,8,0.3239,119
tk06_extract_strategy_lf6DsxMdAPzy,2026-09-26 02:55:00,0000..0015,16,0.0584,30
tk06_extract_strategy_lf6DsxMdAPzy,2026-09-26 02:55:00,0016..0031,16,0.0513,26
tk06_extract_strategy_lf6DsxMdAPzy,2026-09-26 02:55:00,0032..0047,16,0.0465,18
tk06_extract_strategy_lf6DsxMdAPzy,2026-09-26 02:55:00,0048..0063,16,0.0744,41
tk06_extract_strategy_lf6DsxMdAPzy,2026-09-26 03:55:00,0000..0015,16,0.0463,21
tk06_extract_strategy_lf6DsxMdAPzy,2026-09-26 03:55:00,0016..0031,16,0.0999,55
tk06_extract_strategy_lf6DsxMdAPzy,2026-09-26 03:55:00,0032..0047,16,0.0706,36
tk06_extract_strategy_lf6DsxMdAPzy,2026-09-26 03:55:00,0048..0063,16,0.0737,40
tk06_extract_strategy_lf6DsxMdAPzy,2026-09-26 04:55:00,0000..0015,16,0.0438,19
tk06_extract_strategy_lf6DsxMdAPzy,2026-09-26 04:55:00,0016..0031,16,0.0509,24
tk06_extract_strategy_lf6DsxMdAPzy,2026-09-26 04:55:00,0032..0047,16,0.0738,40
tk06_extract_strategy_lf6DsxMdAPzy,2026-09-26 04:55:00,0048..0063,16,0.0507,24
tk06_extract_strategy_lf6DsxMdAPzy,2026-09-26 05:55:00,0000..0015,16,0.0438,19
tk06_extract_strategy_lf6DsxMdAPzy,2026-09-26 05:55:00,0016..0031,16,0.0559,27
tk06_extract_strategy_lf6DsxMdAPzy,2026-09-26 05:55:00,0032..0047,16,0.0752,35
tk06_extract_strategy_lf6DsxMdAPzy,2026-09-26 05:55:00,0048..0063,16,0.0876,46
tk06_extract_strategy_lf6DsxMdAPzy,2026-09-26 06:55:00,0000..0015,16,0.0328,12
tk06_extract_strategy_lf6DsxMdAPzy,2026-09-26 06:55:00,0016..0031,16,0.0613,32
tk06_extract_strategy_lf6DsxMdAPzy,2026-09-26 06:55:00,0032..0047,16,0.0351,14
tk06_extract_strategy_lf6DsxMdAPzy,2026-09-26 06:55:00,0048..0063,16,0.041,18
tk06_extract_strategy_lf6DsxMdAPzy,2026-09-26 07:55:00,0000..0015,16,0.0745,40
tk06_extract_strategy_lf6DsxMdAPzy,2026-09-26 07:55:00,0016..0031,16,0.0448,20
tk06_extract_strategy_lf6DsxMdAPzy,2026-09-26 07:55:00,0032..0047,16,0.04,17
tk06_extract_strategy_lf6DsxMdAPzy,2026-09-26 07:55:00,0048..0063,16,0.0476,22
tk06_extract_strategy_lf6DsxMdAPzy,2026-09-26 08:55:00,0000..0015,16,0.101,48
tk06_extract_strategy_lf6DsxMdAPzy,2026-09-26 08:55:00,0016..0031,16,0.0755,40
tk06_extract_strategy_lf6DsxMdAPzy,2026-09-26 08:55:00,0032..0047,16,0.0736,38
tk06_extract_strategy_lf6DsxMdAPzy,2026-09-26 08:55:00,0048..0063,16,0.0393,17
tk06_extract_strategy_lf6DsxMdAPzy,2026-09-26 09:55:00,0000..0015,16,0.0652,36
tk06_extract_strategy_lf6DsxMdAPzy,2026-09-26 09:55:00,0016..0031,16,0.081,43
tk06_extract_strategy_lf6DsxMdAPzy,2026-09-26 09:55:00,0032..0047,16,0.0862,25
tk06_extract_strategy_lf6DsxMdAPzy,2026-09-26 09:55:00,0048..0063,16,0.0762,39
tk06_extract_strategy_lf6DsxMdAPzy,2026-09-26 10:55:00,0000..0015,16,0.0679,36
tk06_extract_strategy_lf6DsxMdAPzy,2026-09-26 10:55:00,0016..0031,16,0.0423,19
tk06_extract_strategy_lf6DsxMdAPzy,2026-09-26 10:55:00,0032..0047,16,0.0313,11
tk06_extract_strategy_lf6DsxMdAPzy,2026-09-26 10:55:00,0048..0063,16,0.0316,11
tk06_extract_strategy_lf6DsxMdAPzy,2026-09-26 11:55:00,0000..0015,16,0.0416,13
tk06_extract_strategy_lf6DsxMdAPzy,2026-09-26 11:55:00,0016..0031,16,0.0475,21
tk06_extract_strategy_lf6DsxMdAPzy,2026-09-26 11:55:00,0032..0047,16,0.0586,29
tk06_extract_strategy_lf6DsxMdAPzy,2026-09-26 11:55:00,0048..0063,16,0.0513,19
tk06_extract_strategy_lf6DsxMdAPzy,2026-09-26 12:55:00,0000..0015,16,0.097,46
tk06_extract_strategy_lf6DsxMdAPzy,2026-09-26 12:55:00,0016..0031,16,0.0618,30
tk06_extract_strategy_lf6DsxMdAPzy,2026-09-26 12:55:00,0032..0047,16,0.0836,45
tk06_extract_strategy_lf6DsxMdAPzy,2026-09-26 12:55:00,0048..0063,16,0.0559,28
tk06_extract_strategy_lf6DsxMdAPzy,2026-09-26 13:55:00,0000..0015,16,0.0998,57
tk06_extract_strategy_lf6DsxMdAPzy,2026-09-26 13:55:00,0016..0031,16,0.0827,45
tk06_extract_strategy_lf6DsxMdAPzy,2026-09-26 13:55:00,0032..0047,16,0.0596,32
tk06_extract_strategy_lf6DsxMdAPzy,2026-09-26 13:55:00,0048..0063,16,0.0647,31
tk06_extract_strategy_lf6DsxMdAPzy,2026-09-26 14:55:00,0000..0015,16,0.0701,40
tk06_extract_strategy_lf6DsxMdAPzy,2026-09-26 14:55:00,0016..0031,16,0.0616,34
tk06_extract_strategy_lf6DsxMdAPzy,2026-09-26 14:55:00,0032..0047,16,0.0419,20
tk06_extract_strategy_lf6DsxMdAPzy,2026-09-26 14:55:00,0048..0063,16,0.0548,29
tk06_extract_strategy_lf6DsxMdAPzy,2026-09-26 15:55:00,0000..0015,16,0.0932,49
tk06_extract_strategy_lf6DsxMdAPzy,2026-09-26 15:55:00,0016..0031,16,0.0686,34
tk06_extract_strategy_lf6DsxMdAPzy,2026-09-26 15:55:00,0032..0047,16,0.0645,33
tk06_extract_strategy_lf6DsxMdAPzy,2026-09-26 15:55:00,0048..0063,16,0.0869,44
tk06_extract_strategy_lf6DsxMdAPzy,2026-09-26 16:55:00,0000..0015,16,0.0664,34
tk06_extract_strategy_lf6DsxMdAPzy,2026-09-26 16:55:00,0016..0031,16,0.0504,25
tk06_extract_strategy_lf6DsxMdAPzy,2026-09-26 16:55:00,0032..0047,16,0.0719,36
tk06_extract_strategy_lf6DsxMdAPzy,2026-09-26 16:55:00,0048..0063,16,0.0764,42
tk06_extract_strategy_lf6DsxMdAPzy,2026-09-26 17:55:00,0000..0015,16,0.0676,37
tk06_extract_strategy_lf6DsxMdAPzy,2026-09-26 17:55:00,0016..0031,16,0.0955,57
tk06_extract_strategy_lf6DsxMdAPzy,2026-09-26 17:55:00,0032..0047,16,0.0764,46
tk06_extract_strategy_lf6DsxMdAPzy,2026-09-26 17:55:00,0048..0063,16,0.1065,61
tk06_extract_strategy_lf6DsxMdAPzy,2026-09-26 18:55:00,0000..0015,16,0.056,32
tk06_extract_strategy_lf6DsxMdAPzy,2026-09-26 18:55:00,0016..0031,16,0.0492,25
tk06_extract_strategy_lf6DsxMdAPzy,2026-09-26 18:55:00,0032..0047,16,0.0446,21
tk06_extract_strategy_lf6DsxMdAPzy,2026-09-26 18:55:00,0048..0063,16,0.0438,20
tk06_extract_strategy_lf6DsxMdAPzy,2026-09-26 19:55:00,0000..0015,16,0.0627,32
tk06_extract_strategy_lf6DsxMdAPzy,2026-09-26 19:55:00,0016..0031,16,0.0672,27
tk06_extract_strategy_lf6DsxMdAPzy,2026-09-26 19:55:00,0032..0047,16,0.0318,11
tk06_extract_strategy_lf6DsxMdAPzy,2026-09-26 19:55:00,0048..0063,16,0.0528,28
tk06_extract_strategy_lf6DsxMdAPzy,2026-09-26 20:55:00,0000..0015,16,0.0406,18
tk06_extract_strategy_lf6DsxMdAPzy,2026-09-26 20:55:00,0016..0031,16,0.0284,10
tk06_extract_strategy_lf6DsxMdAPzy,2026-09-26 20:55:00,0032..0047,16,0.0535,28
tk06_extract_strategy_lf6DsxMdAPzy,2026-09-26 20:55:00,0048..0063,16,0.0399,19
tk06_extract_strategy_lf6DsxMdAPzy,2026-09-26 21:55:00,0000..0015,16,0.0247,6
tk06_extract_strategy_lf6DsxMdAPzy,2026-09-26 21:55:00,0016..0031,16,0.0215,5
tk06_extract_strategy_lf6DsxMdAPzy,2026-09-26 21:55:00,0032..0047,16,0.0219,6
tk06_extract_strategy_lf6DsxMdAPzy,2026-09-26 21:55:00,0048..0063,16,0.0171,1
tk06_extract_strategy_lf6DsxMdAPzy,2026-09-26 22:55:00,0000..0015,16,0.0879,48
tk06_extract_strategy_lf6DsxMdAPzy,2026-09-26 22:55:00,0016..0031,16,0.0819,43
tk06_extract_strategy_lf6DsxMdAPzy,2026-09-26 22:55:00,0032..0047,16,0.062,32
tk06_extract_strategy_lf6DsxMdAPzy,2026-09-26 22:55:00,0048..0063,16,0.062,32
tk06_extract_strategy_lf6DsxMdAPzy,2026-09-26 23:55:00,0000..0015,16,0.042,18
tk06_extract_strategy_lf6DsxMdAPzy,2026-09-26 23:55:00,0016..0031,16,0.0321,12
tk06_extract_strategy_lf6DsxMdAPzy,2026-09-26 23:55:00,0032..0047,16,0.1054,7
tk06_extract_strategy_lf6DsxMdAPzy,2026-09-26 23:55:00,0048..0063,16,0.0388,16
tk06_extract_strategy_lf6DsxMdAPzy,2026-09-27 00:55:00,0000..0015,16,0.0502,22
tk06_extract_strategy_lf6DsxMdAPzy,2026-09-27 00:55:00,0016..0031,16,0.0674,34
tk06_extract_strategy_lf6DsxMdAPzy,2026-09-27 00:55:00,0032..0047,16,0.0633,31
tk06_extract_strategy_lf6DsxMdAPzy,2026-09-27 00:55:00,0048..0063,16,0.0607,29
tk06_extract_strategy_lf6DsxMdAPzy,2026-09-27 01:55:00,0000..0015,16,0.0412,17
tk06_extract_strategy_lf6DsxMdAPzy,2026-09-27 01:55:00,0016..0031,16,0.051,24
tk06_extract_strategy_lf6DsxMdAPzy,2026-09-27 01:55:00,0032..0047,16,0.0605,31
tk06_extract_strategy_lf6DsxMdAPzy,2026-09-27 01:55:00,0048..0063,16,0.0732,40
tk06_extract_strategy_lf6DsxMdAPzy,2026-09-27 02:55:00,0000..0015,16,0.0601,30
tk06_extract_strategy_lf6DsxMdAPzy,2026-09-27 02:55:00,0016..0031,16,0.0574,28
tk06_extract_strategy_lf6DsxMdAPzy,2026-09-27 02:55:00,0032..0047,16,0.0763,35
tk06_extract_strategy_lf6DsxMdAPzy,2026-09-27 02:55:00,0048..0063,16,0.0952,51
tk06_extract_strategy_lf6DsxMdAPzy,2026-09-27 03:55:00,0000..0015,16,0.0151,1
tk06_extract_strategy_lf6DsxMdAPzy,2026-09-27 03:55:00,0016..0031,16,0.0149,1
tk06_extract_strategy_lf6DsxMdAPzy,2026-09-27 03:55:00,0032..0047,16,0.0128,0
tk06_extract_strategy_lf6DsxMdAPzy,2026-09-27 03:55:00,0048..0063,16,0.0131,0
toolkit_tests/tk07_patrol_20260926,2026-09-26 04:00:00,0000..0015,16,0.5438,586
toolkit_tests/tk07_patrol_20260926,2026-09-26 04:00:00,0016..0031,16,0.5301,548
toolkit_tests/tk07_patrol_20260926,2026-09-26 04:00:00,0032..0047,16,0.4876,524
toolkit_tests/tk07_patrol_20260926,2026-09-26 04:00:00,0048..0063,16,0.5785,552
toolkit_tests/tk08_strategy_cid_geo,2026-09-20 04:00:00,0000..0015,16,2.6665,34
toolkit_tests/tk08_strategy_cid_geo,2026-09-20 04:00:00,0016..0031,16,2.45,40
toolkit_tests/tk08_strategy_cid_geo,2026-09-20 04:00:00,0032..0047,16,2.6281,40
toolkit_tests/tk08_strategy_cid_geo,2026-09-20 04:00:00,0048..0063,16,2.5016,34
toolkit_tests/tk08_strategy_cid_geo,2026-09-21 04:00:00,0000..0015,16,4.2529,46
toolkit_tests/tk08_strategy_cid_geo,2026-09-21 04:00:00,0016..0023,8,2.4218,22
toolkit_tests/tk08_strategy_cid_geo,2026-09-21 04:00:00,0024..0031,8,2.2185,24
toolkit_tests/tk08_strategy_cid_geo,2026-09-21 04:00:00,0032..0039,8,2.2343,26
toolkit_tests/tk08_strategy_cid_geo,2026-09-21 04:00:00,0040..0047,8,2.5102,20
toolkit_tests/tk08_strategy_cid_geo,2026-09-21 04:00:00,0048..0055,8,2.2352,22
toolkit_tests/tk08_strategy_cid_geo,2026-09-21 04:00:00,0056..0063,8,2.406,30
toolkit_tests/tk08_strategy_cid_geo,2026-09-22 04:00:00,0000..0007,8,2.2344,20
toolkit_tests/tk08_strategy_cid_geo,2026-09-22 04:00:00,0008..0015,8,2.3214,30
toolkit_tests/tk08_strategy_cid_geo,2026-09-22 04:00:00,0016..0023,8,2.9739,28
toolkit_tests/tk08_strategy_cid_geo,2026-09-22 04:00:00,0024..0031,8,2.2609,24
toolkit_tests/tk08_strategy_cid_geo,2026-09-22 04:00:00,0032..0039,8,2.5961,30
toolkit_tests/tk08_strategy_cid_geo,2026-09-22 04:00:00,0040..0047,8,2.4883,22
toolkit_tests/tk08_strategy_cid_geo,2026-09-22 04:00:00,0048..0055,8,2.4306,24
toolkit_tests/tk08_strategy_cid_geo,2026-09-22 04:00:00,0056..0063,8,2.6033,26
toolkit_tests/tk08_strategy_cid_geo,2026-09-23 04:00:00,0000..0007,8,2.3593,20
toolkit_tests/tk08_strategy_cid_geo,2026-09-23 04:00:00,0008..0015,8,2.3936,24
toolkit_tests/tk08_strategy_cid_geo,2026-09-23 04:00:00,0016..0023,8,2.7113,22
toolkit_tests/tk08_strategy_cid_geo,2026-09-23 04:00:00,0024..0031,8,2.442,20
toolkit_tests/tk08_strategy_cid_geo,2026-09-23 04:00:00,0032..0039,8,2.3928,24
toolkit_tests/tk08_strategy_cid_geo,2026-09-23 04:00:00,0040..0047,8,2.3791,20
toolkit_tests/tk08_strategy_cid_geo,2026-09-23 04:00:00,0048..0055,8,2.1424,18
toolkit_tests/tk08_strategy_cid_geo,2026-09-23 04:00:00,0056..0063,8,2.2437,26
toolkit_tests/tk08_strategy_cid_geo,2026-09-24 04:00:00,0000..0007,8,1.5708,24
toolkit_tests/tk08_strategy_cid_geo,2026-09-24 04:00:00,0008..0015,8,1.4196,24
toolkit_tests/tk08_strategy_cid_geo,2026-09-24 04:00:00,0016..0023,8,1.2954,18
toolkit_tests/tk08_strategy_cid_geo,2026-09-24 04:00:00,0024..0031,8,0.7342,24
toolkit_tests/tk08_strategy_cid_geo,2026-09-24 04:00:00,0032..0039,8,0.4575,22
toolkit_tests/tk08_strategy_cid_geo,2026-09-24 04:00:00,0040..0047,8,0.367,22
toolkit_tests/tk08_strategy_cid_geo,2026-09-24 04:00:00,0048..0055,8,0.5557,20
toolkit_tests/tk08_strategy_cid_geo,2026-09-24 04:00:00,0056..0063,8,0.6444,32
toolkit_tests/tk08_strategy_cid_geo,2026-09-25 04:00:00,0000..0007,8,0.2667,12
toolkit_tests/tk08_strategy_cid_geo,2026-09-25 04:00:00,0008..0015,8,0.3311,16
toolkit_tests/tk08_strategy_cid_geo,2026-09-25 04:00:00,0016..0023,8,0.3534,20
toolkit_tests/tk08_strategy_cid_geo,2026-09-25 04:00:00,0024..0031,8,0.293,10
toolkit_tests/tk08_strategy_cid_geo,2026-09-25 04:00:00,0032..0039,8,0.3219,20
toolkit_tests/tk08_strategy_cid_geo,2026-09-25 04:00:00,0040..0047,8,0.2258,6
toolkit_tests/tk08_strategy_cid_geo,2026-09-25 04:00:00,0048..0055,8,0.3742,14
toolkit_tests/tk08_strategy_cid_geo,2026-09-25 04:00:00,0056..0063,8,0.3154,12
toolkit_tests/tk08_strategy_cid_geo,2026-09-26 04:00:00,0000..0007,8,0.2718,22
toolkit_tests/tk08_strategy_cid_geo,2026-09-26 04:00:00,0008..0015,8,0.28,16
toolkit_tests/tk08_strategy_cid_geo,2026-09-26 04:00:00,0016..0023,8,0.3402,20
toolkit_tests/tk08_strategy_cid_geo,2026-09-26 04:00:00,0024..0031,8,0.2216,14
toolkit_tests/tk08_strategy_cid_geo,2026-09-26 04:00:00,0032..0039,8,0.2803,18
toolkit_tests/tk08_strategy_cid_geo,2026-09-26 04:00:00,0040..0047,8,0.2409,22
toolkit_tests/tk08_strategy_cid_geo,2026-09-26 04:00:00,0048..0055,8,0.3238,18
toolkit_tests/tk08_strategy_cid_geo,2026-09-26 04:00:00,0056..0063,8,0.2465,20
toolkit_tests/tk09_engine_vs_final,2026-09-26 04:00:00,0000..0015,16,1.2761,98
toolkit_tests/tk09_engine_vs_final,2026-09-26 04:00:00,0016..0031,16,1.4344,90
toolkit_tests/tk09_engine_vs_final,2026-09-26 04:00:00,0032..0047,16,1.1613,78
toolkit_tests/tk09_engine_vs_final,2026-09-26 04:00:00,0048..0063,16,1.269,86
p7_stab_daily_series,2026-09-25 04:00:00,0000..0015,16,0.5167,53
p7_stab_daily_series,2026-09-25 04:00:00,0016..0031,16,0.5218,62
p7_stab_daily_series,2026-09-25 04:00:00,0032..0047,16,0.481,58
p7_stab_daily_series,2026-09-25 04:00:00,0048..0063,16,0.6087,56
p7_stab_hits,2026-09-25 04:00:00,0000..0015,16,0.4773,399
p7_stab_hits,2026-09-25 04:00:00,0016..0031,16,0.4961,431
p7_stab_hits,2026-09-25 04:00:00,0032..0047,16,0.4972,399
p7_stab_hits,2026-09-25 04:00:00,0048..0063,16,0.6748,437
p7_stab_dr014,2026-09-26 04:00:00,0000..0015,16,3.383,104
p7_stab_dr014,2026-09-26 04:00:00,0016..0023,8,1.7498,51
p7_stab_dr014,2026-09-26 04:00:00,0024..0031,8,1.6607,51
p7_stab_dr014,2026-09-26 04:00:00,0032..0039,8,1.769,54
p7_stab_dr014,2026-09-26 04:00:00,0040..0047,8,1.7606,49
p7_stab_dr014,2026-09-26 04:00:00,0048..0055,8,1.7309,53
p7_stab_dr014,2026-09-26 04:00:00,0056..0063,8,1.6404,53
toolkit_tests/tk02_strategy_hits,2026-09-20 04:00:00,0000..0015,16,1.8212,189
toolkit_tests/tk02_strategy_hits,2026-09-20 04:00:00,0016..0031,16,1.9082,180
toolkit_tests/tk02_strategy_hits,2026-09-20 04:00:00,0032..0047,16,2.0113,180
toolkit_tests/tk02_strategy_hits,2026-09-20 04:00:00,0048..0063,16,2.386,191
toolkit_tests/tk02_strategy_hits,2026-09-21 04:00:00,0000..0015,16,4.1951,225
toolkit_tests/tk02_strategy_hits,2026-09-21 04:00:00,0016..0023,8,2.3312,108
toolkit_tests/tk02_strategy_hits,2026-09-21 04:00:00,0024..0031,8,2.0547,110
toolkit_tests/tk02_strategy_hits,2026-09-21 04:00:00,0032..0039,8,1.9286,107
toolkit_tests/tk02_strategy_hits,2026-09-21 04:00:00,0040..0047,8,2.3364,112
toolkit_tests/tk02_strategy_hits,2026-09-21 04:00:00,0048..0055,8,2.1071,107
toolkit_tests/tk02_strategy_hits,2026-09-21 04:00:00,0056..0063,8,2.312,119
toolkit_tests/tk02_strategy_hits,2026-09-22 04:00:00,0000..0007,8,2.2029,131
toolkit_tests/tk02_strategy_hits,2026-09-22 04:00:00,0008..0015,8,2.3997,134
toolkit_tests/tk02_strategy_hits,2026-09-22 04:00:00,0016..0023,8,2.9006,152
toolkit_tests/tk02_strategy_hits,2026-09-22 04:00:00,0024..0031,8,2.4409,141
toolkit_tests/tk02_strategy_hits,2026-09-22 04:00:00,0032..0039,8,2.5364,140
toolkit_tests/tk02_strategy_hits,2026-09-22 04:00:00,0040..0047,8,2.4347,131
toolkit_tests/tk02_strategy_hits,2026-09-22 04:00:00,0048..0055,8,2.4226,125
toolkit_tests/tk02_strategy_hits,2026-09-22 04:00:00,0056..0063,8,2.5687,129
toolkit_tests/tk02_strategy_hits,2026-09-23 04:00:00,0000..0007,8,2.4331,125
toolkit_tests/tk02_strategy_hits,2026-09-23 04:00:00,0008..0015,8,2.4763,138
toolkit_tests/tk02_strategy_hits,2026-09-23 04:00:00,0016..0023,8,2.5933,134
toolkit_tests/tk02_strategy_hits,2026-09-23 04:00:00,0024..0031,8,2.3294,132
toolkit_tests/tk02_strategy_hits,2026-09-23 04:00:00,0032..0039,8,2.672,124
toolkit_tests/tk02_strategy_hits,2026-09-23 04:00:00,0040..0047,8,2.0161,106
toolkit_tests/tk02_strategy_hits,2026-09-23 04:00:00,0048..0055,8,2.2805,117
toolkit_tests/tk02_strategy_hits,2026-09-23 04:00:00,0056..0063,8,2.3939,126
toolkit_tests/tk02_strategy_hits,2026-09-24 04:00:00,0000..0007,8,1.6563,77
toolkit_tests/tk02_strategy_hits,2026-09-24 04:00:00,0008..0015,8,1.5647,80
toolkit_tests/tk02_strategy_hits,2026-09-24 04:00:00,0016..0023,8,1.2599,84
toolkit_tests/tk02_strategy_hits,2026-09-24 04:00:00,0024..0031,8,0.7397,90
toolkit_tests/tk02_strategy_hits,2026-09-24 04:00:00,0032..0039,8,0.4673,77
toolkit_tests/tk02_strategy_hits,2026-09-24 04:00:00,0040..0047,8,0.3432,77
toolkit_tests/tk02_strategy_hits,2026-09-24 04:00:00,0048..0055,8,0.5475,92
toolkit_tests/tk02_strategy_hits,2026-09-24 04:00:00,0056..0063,8,0.5842,85
toolkit_tests/tk02_strategy_hits,2026-09-25 04:00:00,0000..0007,8,0.2177,68
toolkit_tests/tk02_strategy_hits,2026-09-25 04:00:00,0008..0015,8,0.2456,75
toolkit_tests/tk02_strategy_hits,2026-09-25 04:00:00,0016..0023,8,0.2549,75
toolkit_tests/tk02_strategy_hits,2026-09-25 04:00:00,0024..0031,8,0.2147,70
toolkit_tests/tk02_strategy_hits,2026-09-25 04:00:00,0032..0039,8,0.4598,77
toolkit_tests/tk02_strategy_hits,2026-09-25 04:00:00,0040..0047,8,0.1879,69
toolkit_tests/tk02_strategy_hits,2026-09-25 04:00:00,0048..0055,8,0.3311,78
toolkit_tests/tk02_strategy_hits,2026-09-25 04:00:00,0056..0063,8,0.2491,69
toolkit_tests/tk02_strategy_hits,2026-09-26 04:00:00,0000..0007,8,0.2435,70
toolkit_tests/tk02_strategy_hits,2026-09-26 04:00:00,0008..0015,8,0.2372,73
toolkit_tests/tk02_strategy_hits,2026-09-26 04:00:00,0016..0023,8,0.2572,84
toolkit_tests/tk02_strategy_hits,2026-09-26 04:00:00,0024..0031,8,0.2047,71
toolkit_tests/tk02_strategy_hits,2026-09-26 04:00:00,0032..0039,8,0.2228,73
toolkit_tests/tk02_strategy_hits,2026-09-26 04:00:00,0040..0047,8,0.2107,71
toolkit_tests/tk02_strategy_hits,2026-09-26 04:00:00,0048..0055,8,0.2503,83
toolkit_tests/tk02_strategy_hits,2026-09-26 04:00:00,0056..0063,8,0.2356,68
toolkit_tests/tk03_extra_recall,2026-09-20 04:00:00,0000..0015,16,1.5703,66
toolkit_tests/tk03_extra_recall,2026-09-20 04:00:00,0016..0031,16,1.6512,54
toolkit_tests/tk03_extra_recall,2026-09-20 04:00:00,0032..0047,16,1.6275,63
toolkit_tests/tk03_extra_recall,2026-09-20 04:00:00,0048..0063,16,2.276,66
toolkit_tests/tk03_extra_recall,2026-09-21 04:00:00,0000..0015,16,3.9465,90
toolkit_tests/tk03_extra_recall,2026-09-21 04:00:00,0016..0023,8,1.9506,39
toolkit_tests/tk03_extra_recall,2026-09-21 04:00:00,0024..0031,8,2.0648,39
toolkit_tests/tk03_extra_recall,2026-09-21 04:00:00,0032..0039,8,1.7985,42
toolkit_tests/tk03_extra_recall,2026-09-21 04:00:00,0040..0047,8,1.909,40
toolkit_tests/tk03_extra_recall,2026-09-21 04:00:00,0048..0055,8,1.7686,39
toolkit_tests/tk03_extra_recall,2026-09-21 04:00:00,0056..0063,8,2.089,49
toolkit_tests/tk03_extra_recall,2026-09-22 04:00:00,0000..0007,8,1.7556,42
toolkit_tests/tk03_extra_recall,2026-09-22 04:00:00,0008..0015,8,1.801,49
toolkit_tests/tk03_extra_recall,2026-09-22 04:00:00,0016..0023,8,2.5079,59
toolkit_tests/tk03_extra_recall,2026-09-22 04:00:00,0024..0031,8,2.2587,56
toolkit_tests/tk03_extra_recall,2026-09-22 04:00:00,0032..0039,8,2.4116,53
toolkit_tests/tk03_extra_recall,2026-09-22 04:00:00,0040..0047,8,2.2858,42
toolkit_tests/tk03_extra_recall,2026-09-22 04:00:00,0048..0055,8,2.3262,48
toolkit_tests/tk03_extra_recall,2026-09-22 04:00:00,0056..0063,8,2.308,48
toolkit_tests/tk03_extra_recall,2026-09-23 04:00:00,0000..0007,8,1.9364,47
toolkit_tests/tk03_extra_recall,2026-09-23 04:00:00,0008..0015,8,2.3053,60
toolkit_tests/tk03_extra_recall,2026-09-23 04:00:00,0016..0023,8,2.332,58
toolkit_tests/tk03_extra_recall,2026-09-23 04:00:00,0024..0031,8,1.8779,54
toolkit_tests/tk03_extra_recall,2026-09-23 04:00:00,0032..0039,8,2.3964,51
toolkit_tests/tk03_extra_recall,2026-09-23 04:00:00,0040..0047,8,1.8558,41
toolkit_tests/tk03_extra_recall,2026-09-23 04:00:00,0048..0055,8,1.9996,48
toolkit_tests/tk03_extra_recall,2026-09-23 04:00:00,0056..0063,8,2.3032,49
toolkit_tests/tk03_extra_recall,2026-09-24 04:00:00,0000..0007,8,1.5448,35
toolkit_tests/tk03_extra_recall,2026-09-24 04:00:00,0008..0015,8,1.4671,35
toolkit_tests/tk03_extra_recall,2026-09-24 04:00:00,0016..0023,8,1.1698,41
toolkit_tests/tk03_extra_recall,2026-09-24 04:00:00,0024..0031,8,0.5742,45
toolkit_tests/tk03_extra_recall,2026-09-24 04:00:00,0032..0039,8,0.3313,37
toolkit_tests/tk03_extra_recall,2026-09-24 04:00:00,0040..0047,8,0.2412,36
toolkit_tests/tk03_extra_recall,2026-09-24 04:00:00,0048..0055,8,0.429,46
toolkit_tests/tk03_extra_recall,2026-09-24 04:00:00,0056..0063,8,0.4461,40
toolkit_tests/tk03_extra_recall,2026-09-25 04:00:00,0000..0007,8,0.1263,35
toolkit_tests/tk03_extra_recall,2026-09-25 04:00:00,0008..0015,8,0.1374,35
toolkit_tests/tk03_extra_recall,2026-09-25 04:00:00,0016..0023,8,0.1506,34
toolkit_tests/tk03_extra_recall,2026-09-25 04:00:00,0024..0031,8,0.123,31
toolkit_tests/tk03_extra_recall,2026-09-25 04:00:00,0032..0039,8,0.1282,35
toolkit_tests/tk03_extra_recall,2026-09-25 04:00:00,0040..0047,8,0.1026,24
toolkit_tests/tk03_extra_recall,2026-09-25 04:00:00,0048..0055,8,0.1527,31
toolkit_tests/tk03_extra_recall,2026-09-25 04:00:00,0056..0063,8,0.1398,24
toolkit_tests/tk03_extra_recall,2026-09-26 04:00:00,0000..0007,8,0.1626,34
toolkit_tests/tk03_extra_recall,2026-09-26 04:00:00,0008..0015,8,0.1418,30
toolkit_tests/tk03_extra_recall,2026-09-26 04:00:00,0016..0023,8,0.1602,33
toolkit_tests/tk03_extra_recall,2026-09-26 04:00:00,0024..0031,8,0.1203,25
toolkit_tests/tk03_extra_recall,2026-09-26 04:00:00,0032..0039,8,0.1515,33
toolkit_tests/tk03_extra_recall,2026-09-26 04:00:00,0040..0047,8,0.131,30
toolkit_tests/tk03_extra_recall,2026-09-26 04:00:00,0048..0055,8,0.1615,33
toolkit_tests/tk03_extra_recall,2026-09-26 04:00:00,0056..0063,8,0.1351,27
toolkit_tests/tk02_strategy_hits_sms,2026-09-20 04:00:00,0000..0015,16,1.8957,189
toolkit_tests/tk02_strategy_hits_sms,2026-09-20 04:00:00,0016..0031,16,1.951,180
toolkit_tests/tk02_strategy_hits_sms,2026-09-20 04:00:00,0032..0047,16,1.9789,180
toolkit_tests/tk02_strategy_hits_sms,2026-09-20 04:00:00,0048..0063,16,2.4501,191
toolkit_tests/tk02_strategy_hits_sms,2026-09-21 04:00:00,0000..0015,16,4.3985,225
toolkit_tests/tk02_strategy_hits_sms,2026-09-21 04:00:00,0016..0023,8,2.0896,108
toolkit_tests/tk02_strategy_hits_sms,2026-09-21 04:00:00,0024..0031,8,1.9885,110
toolkit_tests/tk02_strategy_hits_sms,2026-09-21 04:00:00,0032..0039,8,1.987,107
toolkit_tests/tk02_strategy_hits_sms,2026-09-21 04:00:00,0040..0047,8,2.4722,112
toolkit_tests/tk02_strategy_hits_sms,2026-09-21 04:00:00,0048..0055,8,1.8716,107
toolkit_tests/tk02_strategy_hits_sms,2026-09-21 04:00:00,0056..0063,8,2.3079,119
toolkit_tests/tk02_strategy_hits_sms,2026-09-22 04:00:00,0000..0007,8,1.9603,131
toolkit_tests/tk02_strategy_hits_sms,2026-09-22 04:00:00,0008..0015,8,2.1722,134
toolkit_tests/tk02_strategy_hits_sms,2026-09-22 04:00:00,0016..0023,8,2.6544,152
toolkit_tests/tk02_strategy_hits_sms,2026-09-22 04:00:00,0024..0031,8,2.5971,141
toolkit_tests/tk02_strategy_hits_sms,2026-09-22 04:00:00,0032..0039,8,2.4698,140
toolkit_tests/tk02_strategy_hits_sms,2026-09-22 04:00:00,0040..0047,8,2.5319,131
toolkit_tests/tk02_strategy_hits_sms,2026-09-22 04:00:00,0048..0055,8,2.4732,125
toolkit_tests/tk02_strategy_hits_sms,2026-09-22 04:00:00,0056..0063,8,2.7177,129
toolkit_tests/tk02_strategy_hits_sms,2026-09-23 04:00:00,0000..0007,8,2.1657,125
toolkit_tests/tk02_strategy_hits_sms,2026-09-23 04:00:00,0008..0015,8,2.3371,138
toolkit_tests/tk02_strategy_hits_sms,2026-09-23 04:00:00,0016..0023,8,2.2052,134
toolkit_tests/tk02_strategy_hits_sms,2026-09-23 04:00:00,0024..0031,8,2.1026,132
toolkit_tests/tk02_strategy_hits_sms,2026-09-23 04:00:00,0032..0039,8,2.7963,124
toolkit_tests/tk02_strategy_hits_sms,2026-09-23 04:00:00,0040..0047,8,2.0441,106
toolkit_tests/tk02_strategy_hits_sms,2026-09-23 04:00:00,0048..0055,8,2.2585,117
toolkit_tests/tk02_strategy_hits_sms,2026-09-23 04:00:00,0056..0063,8,2.389,126
toolkit_tests/tk02_strategy_hits_sms,2026-09-24 04:00:00,0000..0007,8,1.6223,77
toolkit_tests/tk02_strategy_hits_sms,2026-09-24 04:00:00,0008..0015,8,1.7709,80
toolkit_tests/tk02_strategy_hits_sms,2026-09-24 04:00:00,0016..0023,8,1.4335,84
toolkit_tests/tk02_strategy_hits_sms,2026-09-24 04:00:00,0024..0031,8,0.7273,90
toolkit_tests/tk02_strategy_hits_sms,2026-09-24 04:00:00,0032..0039,8,0.4778,77
toolkit_tests/tk02_strategy_hits_sms,2026-09-24 04:00:00,0040..0047,8,0.3984,77
toolkit_tests/tk02_strategy_hits_sms,2026-09-24 04:00:00,0048..0055,8,0.5825,92
toolkit_tests/tk02_strategy_hits_sms,2026-09-24 04:00:00,0056..0063,8,0.6048,85
toolkit_tests/tk02_strategy_hits_sms,2026-09-25 04:00:00,0000..0007,8,0.2313,68
toolkit_tests/tk02_strategy_hits_sms,2026-09-25 04:00:00,0008..0015,8,0.2555,75
toolkit_tests/tk02_strategy_hits_sms,2026-09-25 04:00:00,0016..0023,8,0.273,75
toolkit_tests/tk02_strategy_hits_sms,2026-09-25 04:00:00,0024..0031,8,0.2306,70
toolkit_tests/tk02_strategy_hits_sms,2026-09-25 04:00:00,0032..0039,8,0.2398,77
toolkit_tests/tk02_strategy_hits_sms,2026-09-25 04:00:00,0040..0047,8,0.1979,69
toolkit_tests/tk02_strategy_hits_sms,2026-09-25 04:00:00,0048..0055,8,0.5345,78
toolkit_tests/tk02_strategy_hits_sms,2026-09-25 04:00:00,0056..0063,8,0.2664,69
toolkit_tests/tk02_strategy_hits_sms,2026-09-26 04:00:00,0000..0007,8,0.2655,70
toolkit_tests/tk02_strategy_hits_sms,2026-09-26 04:00:00,0008..0015,8,0.259,73
toolkit_tests/tk02_strategy_hits_sms,2026-09-26 04:00:00,0016..0023,8,0.286,84
toolkit_tests/tk02_strategy_hits_sms,2026-09-26 04:00:00,0024..0031,8,0.2229,71
toolkit_tests/tk02_strategy_hits_sms,2026-09-26 04:00:00,0032..0039,8,0.241,73
toolkit_tests/tk02_strategy_hits_sms,2026-09-26 04:00:00,0040..0047,8,0.2306,71
toolkit_tests/tk02_strategy_hits_sms,2026-09-26 04:00:00,0048..0055,8,0.2722,83
toolkit_tests/tk02_strategy_hits_sms,2026-09-26 04:00:00,0056..0063,8,0.2362,68
toolkit_tests/tk03_extra_recall_sms,2026-09-20 04:00:00,0000..0015,16,1.6299,66
toolkit_tests/tk03_extra_recall_sms,2026-09-20 04:00:00,0016..0031,16,1.6426,54
toolkit_tests/tk03_extra_recall_sms,2026-09-20 04:00:00,0032..0047,16,1.6288,63
toolkit_tests/tk03_extra_recall_sms,2026-09-20 04:00:00,0048..0063,16,2.1389,66
toolkit_tests/tk03_extra_recall_sms,2026-09-21 04:00:00,0000..0015,16,3.9705,90
toolkit_tests/tk03_extra_recall_sms,2026-09-21 04:00:00,0016..0023,8,1.8765,39
toolkit_tests/tk03_extra_recall_sms,2026-09-21 04:00:00,0024..0031,8,1.7926,39
toolkit_tests/tk03_extra_recall_sms,2026-09-21 04:00:00,0032..0039,8,1.6981,42
toolkit_tests/tk03_extra_recall_sms,2026-09-21 04:00:00,0040..0047,8,1.9093,40
toolkit_tests/tk03_extra_recall_sms,2026-09-21 04:00:00,0048..0055,8,1.6297,39
toolkit_tests/tk03_extra_recall_sms,2026-09-21 04:00:00,0056..0063,8,2.0934,49
toolkit_tests/tk03_extra_recall_sms,2026-09-22 04:00:00,0000..0007,8,1.7809,42
toolkit_tests/tk03_extra_recall_sms,2026-09-22 04:00:00,0008..0015,8,1.6257,49
toolkit_tests/tk03_extra_recall_sms,2026-09-22 04:00:00,0016..0023,8,2.1419,59
toolkit_tests/tk03_extra_recall_sms,2026-09-22 04:00:00,0024..0031,8,2.4257,56
toolkit_tests/tk03_extra_recall_sms,2026-09-22 04:00:00,0032..0039,8,2.3745,53
toolkit_tests/tk03_extra_recall_sms,2026-09-22 04:00:00,0040..0047,8,2.313,42
toolkit_tests/tk03_extra_recall_sms,2026-09-22 04:00:00,0048..0055,8,2.3521,48
toolkit_tests/tk03_extra_recall_sms,2026-09-22 04:00:00,0056..0063,8,2.3693,48
toolkit_tests/tk03_extra_recall_sms,2026-09-23 04:00:00,0000..0007,8,1.8743,47
toolkit_tests/tk03_extra_recall_sms,2026-09-23 04:00:00,0008..0015,8,2.5024,60
toolkit_tests/tk03_extra_recall_sms,2026-09-23 04:00:00,0016..0023,8,2.1118,58
toolkit_tests/tk03_extra_recall_sms,2026-09-23 04:00:00,0024..0031,8,2.2443,54
toolkit_tests/tk03_extra_recall_sms,2026-09-23 04:00:00,0032..0039,8,2.501,51
toolkit_tests/tk03_extra_recall_sms,2026-09-23 04:00:00,0040..0047,8,1.8981,41
toolkit_tests/tk03_extra_recall_sms,2026-09-23 04:00:00,0048..0055,8,2.0977,48
toolkit_tests/tk03_extra_recall_sms,2026-09-23 04:00:00,0056..0063,8,2.3381,49
toolkit_tests/tk03_extra_recall_sms,2026-09-24 04:00:00,0000..0007,8,1.5802,35
toolkit_tests/tk03_extra_recall_sms,2026-09-24 04:00:00,0008..0015,8,1.674,35
toolkit_tests/tk03_extra_recall_sms,2026-09-24 04:00:00,0016..0023,8,1.5343,41
toolkit_tests/tk03_extra_recall_sms,2026-09-24 04:00:00,0024..0031,8,0.602,45
toolkit_tests/tk03_extra_recall_sms,2026-09-24 04:00:00,0032..0039,8,0.3407,37
toolkit_tests/tk03_extra_recall_sms,2026-09-24 04:00:00,0040..0047,8,0.261,36
toolkit_tests/tk03_extra_recall_sms,2026-09-24 04:00:00,0048..0055,8,0.4446,46
toolkit_tests/tk03_extra_recall_sms,2026-09-24 04:00:00,0056..0063,8,0.4777,40
toolkit_tests/tk03_extra_recall_sms,2026-09-25 04:00:00,0000..0007,8,0.1347,35
toolkit_tests/tk03_extra_recall_sms,2026-09-25 04:00:00,0008..0015,8,0.1476,35
toolkit_tests/tk03_extra_recall_sms,2026-09-25 04:00:00,0016..0023,8,0.1571,34
toolkit_tests/tk03_extra_recall_sms,2026-09-25 04:00:00,0024..0031,8,0.1337,31
toolkit_tests/tk03_extra_recall_sms,2026-09-25 04:00:00,0032..0039,8,0.1387,35
toolkit_tests/tk03_extra_recall_sms,2026-09-25 04:00:00,0040..0047,8,0.1125,24
toolkit_tests/tk03_extra_recall_sms,2026-09-25 04:00:00,0048..0055,8,0.1743,31
toolkit_tests/tk03_extra_recall_sms,2026-09-25 04:00:00,0056..0063,8,0.1904,24
toolkit_tests/tk03_extra_recall_sms,2026-09-26 04:00:00,0000..0007,8,0.1728,34
toolkit_tests/tk03_extra_recall_sms,2026-09-26 04:00:00,0008..0015,8,0.154,30
toolkit_tests/tk03_extra_recall_sms,2026-09-26 04:00:00,0016..0023,8,0.1879,33
toolkit_tests/tk03_extra_recall_sms,2026-09-26 04:00:00,0024..0031,8,0.1317,25
toolkit_tests/tk03_extra_recall_sms,2026-09-26 04:00:00,0032..0039,8,0.15,33
toolkit_tests/tk03_extra_recall_sms,2026-09-26 04:00:00,0040..0047,8,0.1417,30
toolkit_tests/tk03_extra_recall_sms,2026-09-26 04:00:00,0048..0055,8,0.2074,33
toolkit_tests/tk03_extra_recall_sms,2026-09-26 04:00:00,0056..0063,8,0.1676,27
tk06_extract_strategy_lf6DsxMdAPzy,2026-09-26 02:55:00,0000..0015,16,0.0604,30
tk06_extract_strategy_lf6DsxMdAPzy,2026-09-26 02:55:00,0016..0031,16,0.0516,26
tk06_extract_strategy_lf6DsxMdAPzy,2026-09-26 02:55:00,0032..0047,16,0.0408,18
tk06_extract_strategy_lf6DsxMdAPzy,2026-09-26 02:55:00,0048..0063,16,0.0753,41
tk06_extract_strategy_lf6DsxMdAPzy,2026-09-26 03:55:00,0000..0015,16,0.0474,21
tk06_extract_strategy_lf6DsxMdAPzy,2026-09-26 03:55:00,0016..0031,16,0.1019,55
tk06_extract_strategy_lf6DsxMdAPzy,2026-09-26 03:55:00,0032..0047,16,0.0723,36
tk06_extract_strategy_lf6DsxMdAPzy,2026-09-26 03:55:00,0048..0063,16,0.0753,40
tk06_extract_strategy_lf6DsxMdAPzy,2026-09-26 04:55:00,0000..0015,16,0.0447,19
tk06_extract_strategy_lf6DsxMdAPzy,2026-09-26 04:55:00,0016..0031,16,0.057,24
tk06_extract_strategy_lf6DsxMdAPzy,2026-09-26 04:55:00,0032..0047,16,0.0764,40
tk06_extract_strategy_lf6DsxMdAPzy,2026-09-26 04:55:00,0048..0063,16,0.0533,24
tk06_extract_strategy_lf6DsxMdAPzy,2026-09-26 05:55:00,0000..0015,16,0.053,19
tk06_extract_strategy_lf6DsxMdAPzy,2026-09-26 05:55:00,0016..0031,16,0.0702,27
tk06_extract_strategy_lf6DsxMdAPzy,2026-09-26 05:55:00,0032..0047,16,0.0731,35
tk06_extract_strategy_lf6DsxMdAPzy,2026-09-26 05:55:00,0048..0063,16,0.0891,46
tk06_extract_strategy_lf6DsxMdAPzy,2026-09-26 06:55:00,0000..0015,16,0.0338,12
tk06_extract_strategy_lf6DsxMdAPzy,2026-09-26 06:55:00,0016..0031,16,0.0619,32
tk06_extract_strategy_lf6DsxMdAPzy,2026-09-26 06:55:00,0032..0047,16,0.0355,14
tk06_extract_strategy_lf6DsxMdAPzy,2026-09-26 06:55:00,0048..0063,16,0.0417,18
tk06_extract_strategy_lf6DsxMdAPzy,2026-09-26 07:55:00,0000..0015,16,0.089,40
tk06_extract_strategy_lf6DsxMdAPzy,2026-09-26 07:55:00,0016..0031,16,0.0474,20
tk06_extract_strategy_lf6DsxMdAPzy,2026-09-26 07:55:00,0032..0047,16,0.0407,17
tk06_extract_strategy_lf6DsxMdAPzy,2026-09-26 07:55:00,0048..0063,16,0.0532,22
tk06_extract_strategy_lf6DsxMdAPzy,2026-09-26 08:55:00,0000..0015,16,0.0855,48
tk06_extract_strategy_lf6DsxMdAPzy,2026-09-26 08:55:00,0016..0031,16,0.0784,40
tk06_extract_strategy_lf6DsxMdAPzy,2026-09-26 08:55:00,0032..0047,16,0.0747,38
tk06_extract_strategy_lf6DsxMdAPzy,2026-09-26 08:55:00,0048..0063,16,0.0411,17
tk06_extract_strategy_lf6DsxMdAPzy,2026-09-26 09:55:00,0000..0015,16,0.0689,36
tk06_extract_strategy_lf6DsxMdAPzy,2026-09-26 09:55:00,0016..0031,16,0.0886,43
tk06_extract_strategy_lf6DsxMdAPzy,2026-09-26 09:55:00,0032..0047,16,0.058,25
tk06_extract_strategy_lf6DsxMdAPzy,2026-09-26 09:55:00,0048..0063,16,0.0774,39
tk06_extract_strategy_lf6DsxMdAPzy,2026-09-26 10:55:00,0000..0015,16,0.0735,36
tk06_extract_strategy_lf6DsxMdAPzy,2026-09-26 10:55:00,0016..0031,16,0.0445,19
tk06_extract_strategy_lf6DsxMdAPzy,2026-09-26 10:55:00,0032..0047,16,0.0323,11
tk06_extract_strategy_lf6DsxMdAPzy,2026-09-26 10:55:00,0048..0063,16,0.0321,11
tk06_extract_strategy_lf6DsxMdAPzy,2026-09-26 11:55:00,0000..0015,16,0.0351,13
tk06_extract_strategy_lf6DsxMdAPzy,2026-09-26 11:55:00,0016..0031,16,0.0473,21
tk06_extract_strategy_lf6DsxMdAPzy,2026-09-26 11:55:00,0032..0047,16,0.0617,29
tk06_extract_strategy_lf6DsxMdAPzy,2026-09-26 11:55:00,0048..0063,16,0.0487,19
tk06_extract_strategy_lf6DsxMdAPzy,2026-09-26 12:55:00,0000..0015,16,0.0892,46
tk06_extract_strategy_lf6DsxMdAPzy,2026-09-26 12:55:00,0016..0031,16,0.0738,30
tk06_extract_strategy_lf6DsxMdAPzy,2026-09-26 12:55:00,0032..0047,16,0.0864,45
tk06_extract_strategy_lf6DsxMdAPzy,2026-09-26 12:55:00,0048..0063,16,0.0569,28
tk06_extract_strategy_lf6DsxMdAPzy,2026-09-26 13:55:00,0000..0015,16,0.1015,57
tk06_extract_strategy_lf6DsxMdAPzy,2026-09-26 13:55:00,0016..0031,16,0.0845,45
tk06_extract_strategy_lf6DsxMdAPzy,2026-09-26 13:55:00,0032..0047,16,0.0621,32
tk06_extract_strategy_lf6DsxMdAPzy,2026-09-26 13:55:00,0048..0063,16,0.0628,31
tk06_extract_strategy_lf6DsxMdAPzy,2026-09-26 14:55:00,0000..0015,16,0.0708,40
tk06_extract_strategy_lf6DsxMdAPzy,2026-09-26 14:55:00,0016..0031,16,0.0631,34
tk06_extract_strategy_lf6DsxMdAPzy,2026-09-26 14:55:00,0032..0047,16,0.0433,20
tk06_extract_strategy_lf6DsxMdAPzy,2026-09-26 14:55:00,0048..0063,16,0.0564,29
tk06_extract_strategy_lf6DsxMdAPzy,2026-09-26 15:55:00,0000..0015,16,0.0901,49
tk06_extract_strategy_lf6DsxMdAPzy,2026-09-26 15:55:00,0016..0031,16,0.069,34
tk06_extract_strategy_lf6DsxMdAPzy,2026-09-26 15:55:00,0032..0047,16,0.0649,33
tk06_extract_strategy_lf6DsxMdAPzy,2026-09-26 15:55:00,0048..0063,16,0.0831,44
tk06_extract_strategy_lf6DsxMdAPzy,2026-09-26 16:55:00,0000..0015,16,0.0684,34
tk06_extract_strategy_lf6DsxMdAPzy,2026-09-26 16:55:00,0016..0031,16,0.0516,25
tk06_extract_strategy_lf6DsxMdAPzy,2026-09-26 16:55:00,0032..0047,16,0.0754,36
tk06_extract_strategy_lf6DsxMdAPzy,2026-09-26 16:55:00,0048..0063,16,0.0788,42
tk06_extract_strategy_lf6DsxMdAPzy,2026-09-26 17:55:00,0000..0015,16,0.0695,37
tk06_extract_strategy_lf6DsxMdAPzy,2026-09-26 17:55:00,0016..0031,16,0.0983,57
tk06_extract_strategy_lf6DsxMdAPzy,2026-09-26 17:55:00,0032..0047,16,0.0799,46
tk06_extract_strategy_lf6DsxMdAPzy,2026-09-26 17:55:00,0048..0063,16,0.1203,61
tk06_extract_strategy_lf6DsxMdAPzy,2026-09-26 18:55:00,0000..0015,16,0.0584,32
tk06_extract_strategy_lf6DsxMdAPzy,2026-09-26 18:55:00,0016..0031,16,0.0475,25
tk06_extract_strategy_lf6DsxMdAPzy,2026-09-26 18:55:00,0032..0047,16,0.046,21
tk06_extract_strategy_lf6DsxMdAPzy,2026-09-26 18:55:00,0048..0063,16,0.0448,20
tk06_extract_strategy_lf6DsxMdAPzy,2026-09-26 19:55:00,0000..0015,16,0.0626,32
tk06_extract_strategy_lf6DsxMdAPzy,2026-09-26 19:55:00,0016..0031,16,0.0535,27
tk06_extract_strategy_lf6DsxMdAPzy,2026-09-26 19:55:00,0032..0047,16,0.0314,11
tk06_extract_strategy_lf6DsxMdAPzy,2026-09-26 19:55:00,0048..0063,16,0.0536,28
tk06_extract_strategy_lf6DsxMdAPzy,2026-09-26 20:55:00,0000..0015,16,0.0418,18
tk06_extract_strategy_lf6DsxMdAPzy,2026-09-26 20:55:00,0016..0031,16,0.0278,10
tk06_extract_strategy_lf6DsxMdAPzy,2026-09-26 20:55:00,0032..0047,16,0.0554,28
tk06_extract_strategy_lf6DsxMdAPzy,2026-09-26 20:55:00,0048..0063,16,0.294,19
tk06_extract_strategy_lf6DsxMdAPzy,2026-09-26 21:55:00,0000..0015,16,0.028,6
tk06_extract_strategy_lf6DsxMdAPzy,2026-09-26 21:55:00,0016..0031,16,0.0238,5
tk06_extract_strategy_lf6DsxMdAPzy,2026-09-26 21:55:00,0032..0047,16,0.0231,6
tk06_extract_strategy_lf6DsxMdAPzy,2026-09-26 21:55:00,0048..0063,16,0.0162,1
tk06_extract_strategy_lf6DsxMdAPzy,2026-09-26 22:55:00,0000..0015,16,0.0947,48
tk06_extract_strategy_lf6DsxMdAPzy,2026-09-26 22:55:00,0016..0031,16,0.082,43
tk06_extract_strategy_lf6DsxMdAPzy,2026-09-26 22:55:00,0032..0047,16,0.0633,32
tk06_extract_strategy_lf6DsxMdAPzy,2026-09-26 22:55:00,0048..0063,16,0.0637,32
tk06_extract_strategy_lf6DsxMdAPzy,2026-09-26 23:55:00,0000..0015,16,0.0429,18
tk06_extract_strategy_lf6DsxMdAPzy,2026-09-26 23:55:00,0016..0031,16,0.0385,12
tk06_extract_strategy_lf6DsxMdAPzy,2026-09-26 23:55:00,0032..0047,16,0.0266,7
tk06_extract_strategy_lf6DsxMdAPzy,2026-09-26 23:55:00,0048..0063,16,0.0413,16
tk06_extract_strategy_lf6DsxMdAPzy,2026-09-27 00:55:00,0000..0015,16,0.0501,22
tk06_extract_strategy_lf6DsxMdAPzy,2026-09-27 00:55:00,0016..0031,16,0.0736,34
tk06_extract_strategy_lf6DsxMdAPzy,2026-09-27 00:55:00,0032..0047,16,0.0647,31
tk06_extract_strategy_lf6DsxMdAPzy,2026-09-27 00:55:00,0048..0063,16,0.0604,29
tk06_extract_strategy_lf6DsxMdAPzy,2026-09-27 01:55:00,0000..0015,16,0.0423,17
tk06_extract_strategy_lf6DsxMdAPzy,2026-09-27 01:55:00,0016..0031,16,0.0807,24
tk06_extract_strategy_lf6DsxMdAPzy,2026-09-27 01:55:00,0032..0047,16,0.0625,31
tk06_extract_strategy_lf6DsxMdAPzy,2026-09-27 01:55:00,0048..0063,16,0.0778,40
tk06_extract_strategy_lf6DsxMdAPzy,2026-09-27 02:55:00,0000..0015,16,0.0627,30
tk06_extract_strategy_lf6DsxMdAPzy,2026-09-27 02:55:00,0016..0031,16,0.0596,28
tk06_extract_strategy_lf6DsxMdAPzy,2026-09-27 02:55:00,0032..0047,16,0.0713,35
tk06_extract_strategy_lf6DsxMdAPzy,2026-09-27 02:55:00,0048..0063,16,0.0968,51
tk06_extract_strategy_lf6DsxMdAPzy,2026-09-27 03:55:00,0000..0015,16,0.0153,1
tk06_extract_strategy_lf6DsxMdAPzy,2026-09-27 03:55:00,0016..0031,16,0.0156,1
tk06_extract_strategy_lf6DsxMdAPzy,2026-09-27 03:55:00,0032..0047,16,0.0139,0
tk06_extract_strategy_lf6DsxMdAPzy,2026-09-27 03:55:00,0048..0063,16,0.0137,0
toolkit_tests/tk07_patrol_20260926,2026-09-26 04:00:00,0000..0015,16,0.5435,586
toolkit_tests/tk07_patrol_20260926,2026-09-26 04:00:00,0016..0031,16,0.5278,548
toolkit_tests/tk07_patrol_20260926,2026-09-26 04:00:00,0032..0047,16,0.5146,524
toolkit_tests/tk07_patrol_20260926,2026-09-26 04:00:00,0048..0063,16,0.5254,552
