shard,scene_id,json_key,n_rows
0000,LKUS_login,app,13
0000,LKUS_login,cid,17
0000,LKUS_login,uid,17
0000,LKUS_login,realIp,17
0000,LKUS_login,tenant,17
0000,LKUS_login,userNo,17
0000,LKUS_login,phoneNo,17
0000,LKUS_login,version,17
0000,LKUS_login,userAgent,17
0000,LKUS_login,realIpCity,17
0000,LKUS_login,countryCode,17
0000,LKUS_login,fullPhoneNo,17
0000,LKUS_login,phoneCountry,17
0000,LKUS_login,reviewRepeat,15
0000,LKUS_login,realIpCountry,17
0000,LKUS_login,realIpProvince,17
0000,LKUS_login,recaptchaV3Token,15
0000,LKUS_login,recaptchaV3Action,15
0000,LKUS_login,recaptchaV3Enabled,15
0000,LKUS_grant_new_user_coupon,app,11
0000,LKUS_grant_new_user_coupon,cid,12
0000,LKUS_grant_new_user_coupon,uid,12
0000,LKUS_grant_new_user_coupon,type,12
0000,LKUS_grant_new_user_coupon,extend,12
0000,LKUS_grant_new_user_coupon,origin,12
0000,LKUS_grant_new_user_coupon,realIp,12
0000,LKUS_grant_new_user_coupon,tenant,12
0000,LKUS_grant_new_user_coupon,userNo,12
0000,LKUS_grant_new_user_coupon,phoneNo,12
0000,LKUS_grant_new_user_coupon,readmes,12
0000,LKUS_grant_new_user_coupon,sceneId,12
0000,LKUS_grant_new_user_coupon,version,12
0000,LKUS_grant_new_user_coupon,discounts,12
0000,LKUS_grant_new_user_coupon,userAgent,12
0000,LKUS_grant_new_user_coupon,realIpCity,12
0000,LKUS_grant_new_user_coupon,countryCode,12
0000,LKUS_grant_new_user_coupon,couponNames,12
0000,LKUS_grant_new_user_coupon,couponTypes,12
0000,LKUS_grant_new_user_coupon,fullPhoneNo,12
0000,LKUS_grant_new_user_coupon,isBindPhone,12
0000,LKUS_grant_new_user_coupon,maskPhoneNo,12
0000,LKUS_grant_new_user_coupon,templateIds,12
0000,LKUS_grant_new_user_coupon,templateNos,12
0000,LKUS_grant_new_user_coupon,phoneCountry,12
0000,LKUS_grant_new_user_coupon,registerTime,12
0000,LKUS_grant_new_user_coupon,reviewRepeat,12
0000,LKUS_grant_new_user_coupon,realIpCountry,12
0000,LKUS_grant_new_user_coupon,discountLabels,12
0000,LKUS_grant_new_user_coupon,invitationCode,12
0000,LKUS_grant_new_user_coupon,realIpProvince,12
0000,LKUS_grant_new_user_coupon,recaptchaV3Token,12
0000,LKUS_grant_new_user_coupon,phoneNoEncryption,12
0000,LKUS_grant_new_user_coupon,recaptchaV3Action,12
0000,LKUS_grant_new_user_coupon,recaptchaV3Enabled,12
0000,LKUS_grant_new_user_coupon,couponDenominations,12
0000,LKUS_grant_new_user_coupon,couponDiscountTypes,12
0000,LKUS_grant_new_user_coupon,couponDiscountSubTypes,12
0000,LKUS_grant_new_user_coupon,couponDiscountTypeNames,12
0000,LKUS_push,app,44
0000,LKUS_push,cid,50
0000,LKUS_push,uid,50
0000,LKUS_push,realIp,50
0000,LKUS_push,tenant,50
0000,LKUS_push,phoneNo,50
0000,LKUS_push,version,50
0000,LKUS_push,userAgent,50
0000,LKUS_push,realIpCity,50
0000,LKUS_push,countryCode,50
0000,LKUS_push,fullPhoneNo,50
0000,LKUS_push,phoneCountry,50
0000,LKUS_push,reviewRepeat,45
0000,LKUS_push,realIpCountry,50
0000,LKUS_push,realIpProvince,50
0000,LKUS_push,recaptchaV3Token,45
0000,LKUS_push,recaptchaV3Action,45
0000,LKUS_push,recaptchaV3Enabled,45
0000,LKUS_physical_order_create,app,67
0000,LKUS_physical_order_create,cid,82
0000,LKUS_physical_order_create,uid,82
0000,LKUS_physical_order_create,realIp,82
0000,LKUS_physical_order_create,shopId,82
0000,LKUS_physical_order_create,tenant,82
0000,LKUS_physical_order_create,userNo,82
0000,LKUS_physical_order_create,isGuest,82
0000,LKUS_physical_order_create,phoneNo,69
0000,LKUS_physical_order_create,version,82
0000,LKUS_physical_order_create,latitude,69
0000,LKUS_physical_order_create,couponNos,59
0000,LKUS_physical_order_create,longitude,69
0000,LKUS_physical_order_create,orderType,82
0000,LKUS_physical_order_create,taxAmount,82
0000,LKUS_physical_order_create,userAgent,82
0000,LKUS_physical_order_create,orderPrice,80
0000,LKUS_physical_order_create,realIpCity,82
0000,LKUS_physical_order_create,countryCode,82
0000,LKUS_physical_order_create,couponNames,59
0000,LKUS_physical_order_create,couponTypes,59
0000,LKUS_physical_order_create,fullPhoneNo,69
0000,LKUS_physical_order_create,shopAddress,82
0000,LKUS_physical_order_create,phoneCountry,69
0000,LKUS_physical_order_create,reviewRepeat,62
0000,LKUS_physical_order_create,shopCityName,82
0000,LKUS_physical_order_create,shopLatitude,82
0000,LKUS_physical_order_create,couponSources,59
0000,LKUS_physical_order_create,isTaxRequired,82
0000,LKUS_physical_order_create,orderSkuCodes,78
0000,LKUS_physical_order_create,orderSpuCodes,78
0000,LKUS_physical_order_create,productAmount,82
0000,LKUS_physical_order_create,realIpCountry,82
0000,LKUS_physical_order_create,shopLongitude,82
0000,LKUS_physical_order_create,realIpProvince,82
0000,LKUS_physical_order_create,recaptchaV3Token,62
0000,LKUS_physical_order_create,couponProposalNos,59
0000,LKUS_physical_order_create,couponTemplateIds,59
0000,LKUS_physical_order_create,recaptchaV3Action,62
0000,LKUS_physical_order_create,couponDenomination,59
0000,LKUS_physical_order_create,recaptchaV3Enabled,62
0000,LKUS_physical_order_create,couponDiscountTypes,59
0000,LKUS_physical_order_create,couponDiscountSubTypes,59
0000,LKUS_payment,app,67
0000,LKUS_payment,cid,82
0000,LKUS_payment,uid,82
0000,LKUS_payment,realIp,82
0000,LKUS_payment,shopId,82
0000,LKUS_payment,tenant,82
0000,LKUS_payment,userNo,82
0000,LKUS_payment,isGuest,82
0000,LKUS_payment,orderNo,82
0000,LKUS_payment,payType,82
0000,LKUS_payment,phoneNo,69
0000,LKUS_payment,version,82
0000,LKUS_payment,payMoney,82
0000,LKUS_payment,orderType,82
0000,LKUS_payment,taxAmount,82
0000,LKUS_payment,userAgent,82
0000,LKUS_payment,orderPrice,82
0000,LKUS_payment,realIpCity,82
0000,LKUS_payment,countryCode,69
0000,LKUS_payment,fullPhoneNo,69
0000,LKUS_payment,phoneCountry,69
0000,LKUS_payment,reviewRepeat,62
0000,LKUS_payment,isTaxRequired,82
0000,LKUS_payment,realIpCountry,82
0000,LKUS_payment,realIpProvince,82
0000,LKUS_payment,recaptchaV3Token,62
0000,LKUS_payment,recaptchaV3Action,62
0000,LKUS_payment,recaptchaV3Enabled,62
0000,LKUS_physical_order_create,shumeiDevId,13
0000,LKUS_physical_order_create,shumengDevId,13
0000,LKUS_physical_order_create,tongdunBlackBox,13
0000,LKUS_register,app,7
0000,LKUS_register,cid,8
0000,LKUS_register,uid,8
0000,LKUS_register,realIp,8
0000,LKUS_register,tenant,8
0000,LKUS_register,phoneNo,8
0000,LKUS_register,version,8
0000,LKUS_register,userAgent,8
0000,LKUS_register,realIpCity,8
0000,LKUS_register,countryCode,8
0000,LKUS_register,fullPhoneNo,8
0000,LKUS_register,phoneCountry,8
0000,LKUS_register,reviewRepeat,8
0000,LKUS_register,realIpCountry,8
0000,LKUS_register,realIpProvince,8
0000,LKUS_register,recaptchaV3Token,8
0000,LKUS_register,recaptchaV3Action,8
0000,LKUS_register,recaptchaV3Enabled,8
0000,LKUS_physical_order_create,packageOrderSkuCodes,5
0000,LKUS_physical_order_create,packageOrderSpuCodes,5
0000,LKUS_push,userNo,1
0000,LKUS_physical_order_cancel,app,1
0000,LKUS_physical_order_cancel,cid,1
0000,LKUS_physical_order_cancel,uid,1
0000,LKUS_physical_order_cancel,realIp,1
0000,LKUS_physical_order_cancel,shopId,1
0000,LKUS_physical_order_cancel,tenant,1
0000,LKUS_physical_order_cancel,userNo,1
0000,LKUS_physical_order_cancel,isGuest,1
0000,LKUS_physical_order_cancel,orderNo,1
0000,LKUS_physical_order_cancel,phoneNo,1
0000,LKUS_physical_order_cancel,version,1
0000,LKUS_physical_order_cancel,shopCity,1
0000,LKUS_physical_order_cancel,userAgent,1
0000,LKUS_physical_order_cancel,realIpCity,1
0000,LKUS_physical_order_cancel,countryCode,1
0000,LKUS_physical_order_cancel,fullPhoneNo,1
0000,LKUS_physical_order_cancel,totalOfMade,1
0000,LKUS_physical_order_cancel,phoneCountry,1
0000,LKUS_physical_order_cancel,reviewRepeat,1
0000,LKUS_physical_order_cancel,realIpCountry,1
0000,LKUS_physical_order_cancel,realIpProvince,1
0000,LKUS_physical_order_cancel,recaptchaV3Token,1
0000,LKUS_physical_order_cancel,recaptchaV3Action,1
0000,LKUS_physical_order_cancel,recaptchaV3Enabled,1
0000,LKUS_physical_order_cancel,cancelTypeEnumIndex,1
0000,LKUS_payment,packagingBagPrice,3
0000,LKUS_payment,packagingBagNumber,3
0001,LKUS_push,app,23
0001,LKUS_push,cid,29
0001,LKUS_push,uid,29
0001,LKUS_push,realIp,29
0001,LKUS_push,tenant,29
0001,LKUS_push,phoneNo,29
0001,LKUS_push,version,29
0001,LKUS_push,userAgent,29
0001,LKUS_push,realIpCity,29
0001,LKUS_push,countryCode,29
0001,LKUS_push,fullPhoneNo,29
0001,LKUS_push,phoneCountry,29
0001,LKUS_push,reviewRepeat,27
0001,LKUS_push,realIpCountry,29
0001,LKUS_push,realIpProvince,29
0001,LKUS_push,recaptchaV3Token,27
0001,LKUS_push,recaptchaV3Action,27
0001,LKUS_push,recaptchaV3Enabled,27
0001,LKUS_physical_order_create,app,60
0001,LKUS_physical_order_create,cid,73
0001,LKUS_physical_order_create,uid,73
0001,LKUS_physical_order_create,realIp,73
0001,LKUS_physical_order_create,shopId,73
0001,LKUS_physical_order_create,tenant,73
0001,LKUS_physical_order_create,userNo,73
0001,LKUS_physical_order_create,isGuest,73
0001,LKUS_physical_order_create,phoneNo,63
0001,LKUS_physical_order_create,version,73
0001,LKUS_physical_order_create,latitude,62
0001,LKUS_physical_order_create,longitude,62
0001,LKUS_physical_order_create,orderType,73
0001,LKUS_physical_order_create,taxAmount,73
0001,LKUS_physical_order_create,userAgent,73
0001,LKUS_physical_order_create,orderPrice,73
0001,LKUS_physical_order_create,realIpCity,73
0001,LKUS_physical_order_create,countryCode,73
0001,LKUS_physical_order_create,fullPhoneNo,63
0001,LKUS_physical_order_create,shopAddress,73
0001,LKUS_physical_order_create,phoneCountry,63
0001,LKUS_physical_order_create,reviewRepeat,59
0001,LKUS_physical_order_create,shopCityName,73
0001,LKUS_physical_order_create,shopLatitude,73
0001,LKUS_physical_order_create,isTaxRequired,73
0001,LKUS_physical_order_create,orderSkuCodes,72
0001,LKUS_physical_order_create,orderSpuCodes,72
0001,LKUS_physical_order_create,productAmount,73
0001,LKUS_physical_order_create,realIpCountry,73
0001,LKUS_physical_order_create,shopLongitude,73
0001,LKUS_physical_order_create,realIpProvince,73
0001,LKUS_physical_order_create,recaptchaV3Token,59
0001,LKUS_physical_order_create,recaptchaV3Action,59
0001,LKUS_physical_order_create,recaptchaV3Enabled,59
0001,LKUS_payment,app,58
0001,LKUS_payment,cid,71
0001,LKUS_payment,uid,71
0001,LKUS_payment,realIp,71
0001,LKUS_payment,shopId,71
0001,LKUS_payment,tenant,71
0001,LKUS_payment,userNo,71
0001,LKUS_payment,isGuest,71
0001,LKUS_payment,orderNo,71
0001,LKUS_payment,payType,71
0001,LKUS_payment,phoneNo,61
0001,LKUS_payment,version,71
0001,LKUS_payment,payMoney,71
0001,LKUS_payment,orderType,71
0001,LKUS_payment,taxAmount,71
0001,LKUS_payment,userAgent,71
0001,LKUS_payment,orderPrice,71
0001,LKUS_payment,realIpCity,71
0001,LKUS_payment,countryCode,61
0001,LKUS_payment,fullPhoneNo,61
0001,LKUS_payment,phoneCountry,61
0001,LKUS_payment,reviewRepeat,57
0001,LKUS_payment,isTaxRequired,71
0001,LKUS_payment,realIpCountry,71
0001,LKUS_payment,realIpProvince,71
0001,LKUS_payment,recaptchaV3Token,57
0001,LKUS_payment,recaptchaV3Action,57
0001,LKUS_payment,recaptchaV3Enabled,57
0001,LKUS_login,app,14
0001,LKUS_login,cid,18
0001,LKUS_login,uid,18
0001,LKUS_login,realIp,18
0001,LKUS_login,tenant,18
0001,LKUS_login,userNo,18
0001,LKUS_login,phoneNo,18
0001,LKUS_login,version,18
0001,LKUS_login,userAgent,18
0001,LKUS_login,realIpCity,18
0001,LKUS_login,countryCode,18
0001,LKUS_login,fullPhoneNo,18
0001,LKUS_login,phoneCountry,18
0001,LKUS_login,reviewRepeat,17
0001,LKUS_login,realIpCountry,18
0001,LKUS_login,realIpProvince,18
0001,LKUS_login,recaptchaV3Token,17
0001,LKUS_login,recaptchaV3Action,17
0001,LKUS_login,recaptchaV3Enabled,17
0001,LKUS_grant_new_user_coupon,app,10
0001,LKUS_grant_new_user_coupon,cid,13
0001,LKUS_grant_new_user_coupon,uid,13
0001,LKUS_grant_new_user_coupon,type,13
0001,LKUS_grant_new_user_coupon,extend,13
0001,LKUS_grant_new_user_coupon,origin,13
0001,LKUS_grant_new_user_coupon,realIp,13
0001,LKUS_grant_new_user_coupon,tenant,13
0001,LKUS_grant_new_user_coupon,userNo,13
0001,LKUS_grant_new_user_coupon,phoneNo,13
0001,LKUS_grant_new_user_coupon,readmes,13
0001,LKUS_grant_new_user_coupon,sceneId,13
0001,LKUS_grant_new_user_coupon,version,13
0001,LKUS_grant_new_user_coupon,discounts,13
0001,LKUS_grant_new_user_coupon,userAgent,13
0001,LKUS_grant_new_user_coupon,realIpCity,13
0001,LKUS_grant_new_user_coupon,countryCode,13
0001,LKUS_grant_new_user_coupon,couponNames,13
0001,LKUS_grant_new_user_coupon,couponTypes,13
0001,LKUS_grant_new_user_coupon,fullPhoneNo,13
0001,LKUS_grant_new_user_coupon,isBindPhone,13
0001,LKUS_grant_new_user_coupon,maskPhoneNo,13
0001,LKUS_grant_new_user_coupon,templateIds,13
0001,LKUS_grant_new_user_coupon,templateNos,13
0001,LKUS_grant_new_user_coupon,phoneCountry,13
0001,LKUS_grant_new_user_coupon,registerTime,13
0001,LKUS_grant_new_user_coupon,reviewRepeat,13
0001,LKUS_grant_new_user_coupon,realIpCountry,13
0001,LKUS_grant_new_user_coupon,discountLabels,13
0001,LKUS_grant_new_user_coupon,invitationCode,13
0001,LKUS_grant_new_user_coupon,realIpProvince,13
0001,LKUS_grant_new_user_coupon,recaptchaV3Token,13
0001,LKUS_grant_new_user_coupon,phoneNoEncryption,13
0001,LKUS_grant_new_user_coupon,recaptchaV3Action,13
0001,LKUS_grant_new_user_coupon,recaptchaV3Enabled,13
0001,LKUS_grant_new_user_coupon,couponDenominations,13
0001,LKUS_grant_new_user_coupon,couponDiscountTypes,13
0001,LKUS_grant_new_user_coupon,couponDiscountSubTypes,13
0001,LKUS_grant_new_user_coupon,couponDiscountTypeNames,13
0001,LKUS_physical_order_create,couponNos,54
0001,LKUS_physical_order_create,couponNames,54
0001,LKUS_physical_order_create,couponTypes,54
0001,LKUS_physical_order_create,couponSources,54
0001,LKUS_physical_order_create,couponProposalNos,54
0001,LKUS_physical_order_create,couponTemplateIds,54
0001,LKUS_physical_order_create,couponDenomination,54
0001,LKUS_physical_order_create,couponDiscountTypes,54
0001,LKUS_physical_order_create,couponDiscountSubTypes,54
0001,LKUS_register,cid,6
0001,LKUS_register,uid,6
0001,LKUS_register,realIp,6
0001,LKUS_register,tenant,6
0001,LKUS_register,phoneNo,6
0001,LKUS_register,version,6
0001,LKUS_register,userAgent,6
0001,LKUS_register,realIpCity,6
0001,LKUS_register,countryCode,6
0001,LKUS_register,fullPhoneNo,6
0001,LKUS_register,phoneCountry,6
0001,LKUS_register,reviewRepeat,6
0001,LKUS_register,realIpCountry,6
0001,LKUS_register,realIpProvince,6
0001,LKUS_register,recaptchaV3Token,6
0001,LKUS_register,recaptchaV3Action,6
0001,LKUS_register,recaptchaV3Enabled,6
0001,LKUS_physical_order_create,shumeiDevId,11
0001,LKUS_physical_order_create,shumengDevId,11
0001,LKUS_physical_order_create,tongdunBlackBox,11
0001,LKUS_physical_order_create,packageOrderSkuCodes,1
0001,LKUS_physical_order_create,packageOrderSpuCodes,1
0001,LKUS_physical_order_cancel,app,2
0001,LKUS_physical_order_cancel,cid,2
0001,LKUS_physical_order_cancel,uid,2
0001,LKUS_physical_order_cancel,realIp,2
0001,LKUS_physical_order_cancel,shopId,2
0001,LKUS_physical_order_cancel,tenant,2
0001,LKUS_physical_order_cancel,userNo,2
0001,LKUS_physical_order_cancel,isGuest,2
0001,LKUS_physical_order_cancel,orderNo,2
0001,LKUS_physical_order_cancel,phoneNo,2
0001,LKUS_physical_order_cancel,version,2
0001,LKUS_physical_order_cancel,shopCity,2
0001,LKUS_physical_order_cancel,userAgent,2
0001,LKUS_physical_order_cancel,realIpCity,2
0001,LKUS_physical_order_cancel,countryCode,2
0001,LKUS_physical_order_cancel,fullPhoneNo,2
0001,LKUS_physical_order_cancel,totalOfMade,2
0001,LKUS_physical_order_cancel,phoneCountry,2
0001,LKUS_physical_order_cancel,reviewRepeat,2
0001,LKUS_physical_order_cancel,realIpCountry,2
0001,LKUS_physical_order_cancel,realIpProvince,2
0001,LKUS_physical_order_cancel,recaptchaV3Token,2
0001,LKUS_physical_order_cancel,recaptchaV3Action,2
0001,LKUS_physical_order_cancel,recaptchaV3Enabled,2
0001,LKUS_physical_order_cancel,cancelTypeEnumIndex,2
0001,LKUS_register,app,4
0001,LKUS_grant_new_user_coupon,inviterCode,2
0001,LKUS_grant_new_user_coupon,inviterType,2
0001,LKUS_grant_new_user_coupon,inviterPhone,2
0001,LKUS_grant_new_user_coupon,inviterUserNo,2
0001,LKUS_grant_new_user_coupon,marketingCode,2
0001,LKUS_grant_new_user_coupon,invitationActivityNo,2
0001,LKUS_push,userNo,4
0001,LKUS_push,email,1
0001,LKUS_payment,packagingBagPrice,1
0001,LKUS_payment,packagingBagNumber,1
0002,LKUS_push,app,42
0002,LKUS_push,cid,53
0002,LKUS_push,uid,53
0002,LKUS_push,realIp,53
0002,LKUS_push,tenant,53
0002,LKUS_push,phoneNo,53
0002,LKUS_push,version,53
0002,LKUS_push,userAgent,53
0002,LKUS_push,realIpCity,53
0002,LKUS_push,countryCode,53
0002,LKUS_push,fullPhoneNo,53
0002,LKUS_push,phoneCountry,53
0002,LKUS_push,reviewRepeat,50
0002,LKUS_push,realIpCountry,53
0002,LKUS_push,realIpProvince,53
0002,LKUS_push,recaptchaV3Token,50
0002,LKUS_push,recaptchaV3Action,50
0002,LKUS_push,recaptchaV3Enabled,50
0002,LKUS_register,app,7
0002,LKUS_register,cid,8
0002,LKUS_register,uid,8
0002,LKUS_register,realIp,8
0002,LKUS_register,tenant,8
0002,LKUS_register,phoneNo,8
0002,LKUS_register,version,8
0002,LKUS_register,userAgent,8
0002,LKUS_register,realIpCity,8
0002,LKUS_register,countryCode,8
0002,LKUS_register,fullPhoneNo,8
0002,LKUS_register,phoneCountry,8
0002,LKUS_register,reviewRepeat,8
0002,LKUS_register,realIpCountry,8
0002,LKUS_register,realIpProvince,8
0002,LKUS_register,recaptchaV3Token,8
0002,LKUS_register,recaptchaV3Action,8
0002,LKUS_register,recaptchaV3Enabled,8
0002,LKUS_physical_order_create,app,62
0002,LKUS_physical_order_create,cid,79
0002,LKUS_physical_order_create,uid,79
0002,LKUS_physical_order_create,realIp,79
0002,LKUS_physical_order_create,shopId,79
0002,LKUS_physical_order_create,tenant,79
0002,LKUS_physical_order_create,userNo,79
0002,LKUS_physical_order_create,isGuest,79
0002,LKUS_physical_order_create,phoneNo,65
0002,LKUS_physical_order_create,version,79
0002,LKUS_physical_order_create,latitude,65
0002,LKUS_physical_order_create,couponNos,54
0002,LKUS_physical_order_create,longitude,65
0002,LKUS_physical_order_create,orderType,79
0002,LKUS_physical_order_create,taxAmount,79
0002,LKUS_physical_order_create,userAgent,79
0002,LKUS_physical_order_create,orderPrice,79
0002,LKUS_physical_order_create,realIpCity,79
0002,LKUS_physical_order_create,countryCode,79
0002,LKUS_physical_order_create,couponNames,54
0002,LKUS_physical_order_create,couponTypes,54
0002,LKUS_physical_order_create,fullPhoneNo,65
0002,LKUS_physical_order_create,shopAddress,79
0002,LKUS_physical_order_create,phoneCountry,65
0002,LKUS_physical_order_create,reviewRepeat,59
0002,LKUS_physical_order_create,shopCityName,79
0002,LKUS_physical_order_create,shopLatitude,79
0002,LKUS_physical_order_create,couponSources,54
0002,LKUS_physical_order_create,isTaxRequired,79
0002,LKUS_physical_order_create,orderSkuCodes,74
0002,LKUS_physical_order_create,orderSpuCodes,74
0002,LKUS_physical_order_create,productAmount,79
0002,LKUS_physical_order_create,realIpCountry,79
0002,LKUS_physical_order_create,shopLongitude,79
0002,LKUS_physical_order_create,realIpProvince,79
0002,LKUS_physical_order_create,recaptchaV3Token,59
0002,LKUS_physical_order_create,couponProposalNos,54
0002,LKUS_physical_order_create,couponTemplateIds,54
0002,LKUS_physical_order_create,recaptchaV3Action,59
0002,LKUS_physical_order_create,couponDenomination,54
0002,LKUS_physical_order_create,recaptchaV3Enabled,59
0002,LKUS_physical_order_create,couponDiscountTypes,54
0002,LKUS_physical_order_create,couponDiscountSubTypes,54
0002,LKUS_payment,app,62
0002,LKUS_payment,cid,79
0002,LKUS_payment,uid,79
0002,LKUS_payment,realIp,79
0002,LKUS_payment,shopId,79
0002,LKUS_payment,tenant,79
0002,LKUS_payment,userNo,79
0002,LKUS_payment,isGuest,79
0002,LKUS_payment,orderNo,79
0002,LKUS_payment,payType,79
0002,LKUS_payment,phoneNo,65
0002,LKUS_payment,version,79
0002,LKUS_payment,payMoney,79
0002,LKUS_payment,orderType,79
0002,LKUS_payment,taxAmount,79
0002,LKUS_payment,userAgent,79
0002,LKUS_payment,orderPrice,79
0002,LKUS_payment,realIpCity,79
0002,LKUS_payment,countryCode,65
0002,LKUS_payment,fullPhoneNo,65
0002,LKUS_payment,phoneCountry,65
0002,LKUS_payment,reviewRepeat,59
0002,LKUS_payment,isTaxRequired,79
0002,LKUS_payment,realIpCountry,79
0002,LKUS_payment,realIpProvince,79
0002,LKUS_payment,recaptchaV3Token,59
0002,LKUS_payment,recaptchaV3Action,59
0002,LKUS_payment,recaptchaV3Enabled,59
0002,LKUS_login,app,12
0002,LKUS_login,cid,13
0002,LKUS_login,uid,13
0002,LKUS_login,realIp,13
0002,LKUS_login,tenant,13
0002,LKUS_login,userNo,13
0002,LKUS_login,phoneNo,13
0002,LKUS_login,version,13
0002,LKUS_login,userAgent,13
0002,LKUS_login,realIpCity,13
0002,LKUS_login,countryCode,13
0002,LKUS_login,fullPhoneNo,13
0002,LKUS_login,phoneCountry,13
0002,LKUS_login,reviewRepeat,13
0002,LKUS_login,realIpCountry,13
0002,LKUS_login,realIpProvince,13
0002,LKUS_login,recaptchaV3Token,13
0002,LKUS_login,recaptchaV3Action,13
0002,LKUS_login,recaptchaV3Enabled,13
0002,LKUS_physical_order_create,packageOrderSkuCodes,5
0002,LKUS_physical_order_create,packageOrderSpuCodes,5
0002,LKUS_physical_order_create,shumeiDevId,14
0002,LKUS_physical_order_create,shumengDevId,14
0002,LKUS_physical_order_create,tongdunBlackBox,14
0002,LKUS_grant_new_user_coupon,app,7
0002,LKUS_grant_new_user_coupon,cid,7
0002,LKUS_grant_new_user_coupon,uid,7
0002,LKUS_grant_new_user_coupon,type,7
0002,LKUS_grant_new_user_coupon,extend,7
0002,LKUS_grant_new_user_coupon,origin,7
0002,LKUS_grant_new_user_coupon,realIp,7
0002,LKUS_grant_new_user_coupon,tenant,7
0002,LKUS_grant_new_user_coupon,userNo,7
0002,LKUS_grant_new_user_coupon,phoneNo,7
0002,LKUS_grant_new_user_coupon,readmes,7
0002,LKUS_grant_new_user_coupon,sceneId,7
0002,LKUS_grant_new_user_coupon,version,7
0002,LKUS_grant_new_user_coupon,discounts,7
0002,LKUS_grant_new_user_coupon,userAgent,7
0002,LKUS_grant_new_user_coupon,realIpCity,7
0002,LKUS_grant_new_user_coupon,countryCode,7
0002,LKUS_grant_new_user_coupon,couponNames,7
0002,LKUS_grant_new_user_coupon,couponTypes,7
0002,LKUS_grant_new_user_coupon,fullPhoneNo,7
0002,LKUS_grant_new_user_coupon,isBindPhone,7
0002,LKUS_grant_new_user_coupon,maskPhoneNo,7
0002,LKUS_grant_new_user_coupon,templateIds,7
0002,LKUS_grant_new_user_coupon,templateNos,7
0002,LKUS_grant_new_user_coupon,phoneCountry,7
0002,LKUS_grant_new_user_coupon,registerTime,7
0002,LKUS_grant_new_user_coupon,reviewRepeat,7
0002,LKUS_grant_new_user_coupon,realIpCountry,7
0002,LKUS_grant_new_user_coupon,discountLabels,7
0002,LKUS_grant_new_user_coupon,invitationCode,7
0002,LKUS_grant_new_user_coupon,realIpProvince,7
0002,LKUS_grant_new_user_coupon,recaptchaV3Token,7
0002,LKUS_grant_new_user_coupon,phoneNoEncryption,7
0002,LKUS_grant_new_user_coupon,recaptchaV3Action,7
0002,LKUS_grant_new_user_coupon,recaptchaV3Enabled,7
0002,LKUS_grant_new_user_coupon,couponDenominations,7
0002,LKUS_grant_new_user_coupon,couponDiscountTypes,7
0002,LKUS_grant_new_user_coupon,couponDiscountSubTypes,7
0002,LKUS_grant_new_user_coupon,couponDiscountTypeNames,7
0002,LKUS_payment,packagingBagPrice,2
0002,LKUS_payment,packagingBagNumber,2
0002,LKUS_physical_order_cancel,app,1
0002,LKUS_physical_order_cancel,cid,1
0002,LKUS_physical_order_cancel,uid,1
0002,LKUS_physical_order_cancel,realIp,1
0002,LKUS_physical_order_cancel,shopId,1
0002,LKUS_physical_order_cancel,tenant,1
0002,LKUS_physical_order_cancel,userNo,1
0002,LKUS_physical_order_cancel,isGuest,1
0002,LKUS_physical_order_cancel,orderNo,1
0002,LKUS_physical_order_cancel,phoneNo,1
0002,LKUS_physical_order_cancel,version,1
0002,LKUS_physical_order_cancel,shopCity,1
0002,LKUS_physical_order_cancel,userAgent,1
0002,LKUS_physical_order_cancel,realIpCity,1
0002,LKUS_physical_order_cancel,countryCode,1
0002,LKUS_physical_order_cancel,fullPhoneNo,1
0002,LKUS_physical_order_cancel,totalOfMade,1
0002,LKUS_physical_order_cancel,phoneCountry,1
0002,LKUS_physical_order_cancel,reviewRepeat,1
0002,LKUS_physical_order_cancel,realIpCountry,1
0002,LKUS_physical_order_cancel,realIpProvince,1
0002,LKUS_physical_order_cancel,recaptchaV3Token,1
0002,LKUS_physical_order_cancel,recaptchaV3Action,1
0002,LKUS_physical_order_cancel,recaptchaV3Enabled,1
0002,LKUS_physical_order_cancel,cancelTypeEnumIndex,1
0003,LKUS_push,cid,43
0003,LKUS_push,uid,43
0003,LKUS_push,realIp,43
0003,LKUS_push,tenant,43
0003,LKUS_push,phoneNo,43
0003,LKUS_push,version,43
0003,LKUS_push,userAgent,43
0003,LKUS_push,realIpCity,43
0003,LKUS_push,countryCode,43
0003,LKUS_push,fullPhoneNo,43
0003,LKUS_push,phoneCountry,43
0003,LKUS_push,reviewRepeat,37
0003,LKUS_push,realIpCountry,43
0003,LKUS_push,realIpProvince,43
0003,LKUS_push,recaptchaV3Token,37
0003,LKUS_push,recaptchaV3Action,37
0003,LKUS_push,recaptchaV3Enabled,37
0003,LKUS_push,app,29
0003,LKUS_physical_order_create,app,75
0003,LKUS_physical_order_create,cid,87
0003,LKUS_physical_order_create,uid,87
0003,LKUS_physical_order_create,realIp,87
0003,LKUS_physical_order_create,shopId,87
0003,LKUS_physical_order_create,tenant,87
0003,LKUS_physical_order_create,userNo,87
0003,LKUS_physical_order_create,isGuest,87
0003,LKUS_physical_order_create,phoneNo,77
0003,LKUS_physical_order_create,version,87
0003,LKUS_physical_order_create,latitude,76
0003,LKUS_physical_order_create,couponNos,68
0003,LKUS_physical_order_create,longitude,76
0003,LKUS_physical_order_create,orderType,87
0003,LKUS_physical_order_create,taxAmount,87
0003,LKUS_physical_order_create,userAgent,87
0003,LKUS_physical_order_create,orderPrice,87
0003,LKUS_physical_order_create,realIpCity,87
0003,LKUS_physical_order_create,countryCode,87
0003,LKUS_physical_order_create,couponNames,68
0003,LKUS_physical_order_create,couponTypes,68
0003,LKUS_physical_order_create,fullPhoneNo,77
0003,LKUS_physical_order_create,shopAddress,87
0003,LKUS_physical_order_create,phoneCountry,77
0003,LKUS_physical_order_create,reviewRepeat,73
0003,LKUS_physical_order_create,shopCityName,87
0003,LKUS_physical_order_create,shopLatitude,87
0003,LKUS_physical_order_create,couponSources,68
0003,LKUS_physical_order_create,isTaxRequired,87
0003,LKUS_physical_order_create,orderSkuCodes,83
0003,LKUS_physical_order_create,orderSpuCodes,83
0003,LKUS_physical_order_create,productAmount,87
0003,LKUS_physical_order_create,realIpCountry,87
0003,LKUS_physical_order_create,shopLongitude,87
0003,LKUS_physical_order_create,realIpProvince,87
0003,LKUS_physical_order_create,recaptchaV3Token,73
0003,LKUS_physical_order_create,couponProposalNos,68
0003,LKUS_physical_order_create,couponTemplateIds,68
0003,LKUS_physical_order_create,recaptchaV3Action,73
0003,LKUS_physical_order_create,couponDenomination,68
0003,LKUS_physical_order_create,recaptchaV3Enabled,73
0003,LKUS_physical_order_create,couponDiscountTypes,68
0003,LKUS_physical_order_create,couponDiscountSubTypes,68
0003,LKUS_payment,app,74
0003,LKUS_payment,cid,86
0003,LKUS_payment,uid,86
0003,LKUS_payment,realIp,86
0003,LKUS_payment,shopId,86
0003,LKUS_payment,tenant,86
0003,LKUS_payment,userNo,86
0003,LKUS_payment,isGuest,86
0003,LKUS_payment,orderNo,86
0003,LKUS_payment,payType,86
0003,LKUS_payment,phoneNo,76
0003,LKUS_payment,version,86
0003,LKUS_payment,payMoney,86
0003,LKUS_payment,orderType,86
0003,LKUS_payment,taxAmount,86
0003,LKUS_payment,userAgent,86
0003,LKUS_payment,orderPrice,86
0003,LKUS_payment,realIpCity,86
0003,LKUS_payment,countryCode,76
0003,LKUS_payment,fullPhoneNo,76
0003,LKUS_payment,phoneCountry,76
0003,LKUS_payment,reviewRepeat,72
0003,LKUS_payment,isTaxRequired,86
0003,LKUS_payment,realIpCountry,86
0003,LKUS_payment,realIpProvince,86
0003,LKUS_payment,recaptchaV3Token,72
0003,LKUS_payment,recaptchaV3Action,72
0003,LKUS_payment,recaptchaV3Enabled,72
0003,LKUS_physical_order_create,packageOrderSkuCodes,5
0003,LKUS_physical_order_create,packageOrderSpuCodes,5
0003,LKUS_login,app,19
0003,LKUS_login,cid,24
0003,LKUS_login,uid,24
0003,LKUS_login,realIp,24
0003,LKUS_login,tenant,24
0003,LKUS_login,userNo,24
0003,LKUS_login,phoneNo,24
0003,LKUS_login,version,24
0003,LKUS_login,userAgent,24
0003,LKUS_login,realIpCity,24
0003,LKUS_login,countryCode,24
0003,LKUS_login,fullPhoneNo,24
0003,LKUS_login,phoneCountry,24
0003,LKUS_login,reviewRepeat,22
0003,LKUS_login,realIpCountry,24
0003,LKUS_login,realIpProvince,24
0003,LKUS_login,recaptchaV3Token,22
0003,LKUS_login,recaptchaV3Action,22
0003,LKUS_login,recaptchaV3Enabled,22
0003,LKUS_physical_order_create,shumeiDevId,11
0003,LKUS_physical_order_create,shumengDevId,11
0003,LKUS_physical_order_create,tongdunBlackBox,11
0003,LKUS_register,app,4
0003,LKUS_register,cid,6
0003,LKUS_register,uid,6
0003,LKUS_register,realIp,6
0003,LKUS_register,tenant,6
0003,LKUS_register,phoneNo,6
0003,LKUS_register,version,6
0003,LKUS_register,userAgent,6
0003,LKUS_register,realIpCity,6
0003,LKUS_register,countryCode,6
0003,LKUS_register,fullPhoneNo,6
0003,LKUS_register,phoneCountry,6
0003,LKUS_register,reviewRepeat,6
0003,LKUS_register,realIpCountry,6
0003,LKUS_register,realIpProvince,6
0003,LKUS_register,recaptchaV3Token,6
0003,LKUS_register,recaptchaV3Action,6
0003,LKUS_register,recaptchaV3Enabled,6
0003,LKUS_grant_new_user_coupon,app,10
0003,LKUS_grant_new_user_coupon,cid,11
0003,LKUS_grant_new_user_coupon,uid,11
0003,LKUS_grant_new_user_coupon,type,11
0003,LKUS_grant_new_user_coupon,extend,11
0003,LKUS_grant_new_user_coupon,origin,11
0003,LKUS_grant_new_user_coupon,realIp,11
0003,LKUS_grant_new_user_coupon,tenant,11
0003,LKUS_grant_new_user_coupon,userNo,11
0003,LKUS_grant_new_user_coupon,phoneNo,11
0003,LKUS_grant_new_user_coupon,readmes,11
0003,LKUS_grant_new_user_coupon,sceneId,11
0003,LKUS_grant_new_user_coupon,version,11
0003,LKUS_grant_new_user_coupon,discounts,11
0003,LKUS_grant_new_user_coupon,userAgent,11
0003,LKUS_grant_new_user_coupon,realIpCity,11
0003,LKUS_grant_new_user_coupon,countryCode,11
0003,LKUS_grant_new_user_coupon,couponNames,11
0003,LKUS_grant_new_user_coupon,couponTypes,11
0003,LKUS_grant_new_user_coupon,fullPhoneNo,11
0003,LKUS_grant_new_user_coupon,isBindPhone,11
0003,LKUS_grant_new_user_coupon,maskPhoneNo,11
0003,LKUS_grant_new_user_coupon,templateIds,11
0003,LKUS_grant_new_user_coupon,templateNos,11
0003,LKUS_grant_new_user_coupon,phoneCountry,11
0003,LKUS_grant_new_user_coupon,registerTime,11
0003,LKUS_grant_new_user_coupon,reviewRepeat,11
0003,LKUS_grant_new_user_coupon,realIpCountry,11
0003,LKUS_grant_new_user_coupon,discountLabels,11
0003,LKUS_grant_new_user_coupon,invitationCode,11
0003,LKUS_grant_new_user_coupon,realIpProvince,11
0003,LKUS_grant_new_user_coupon,recaptchaV3Token,11
0003,LKUS_grant_new_user_coupon,phoneNoEncryption,11
0003,LKUS_grant_new_user_coupon,recaptchaV3Action,11
0003,LKUS_grant_new_user_coupon,recaptchaV3Enabled,11
0003,LKUS_grant_new_user_coupon,couponDenominations,11
0003,LKUS_grant_new_user_coupon,couponDiscountTypes,11
0003,LKUS_grant_new_user_coupon,couponDiscountSubTypes,11
0003,LKUS_grant_new_user_coupon,couponDiscountTypeNames,11
0003,LKUS_grant_new_user_coupon,inviterCode,1
0003,LKUS_grant_new_user_coupon,inviterType,1
0003,LKUS_grant_new_user_coupon,inviterPhone,1
0003,LKUS_grant_new_user_coupon,inviterUserNo,1
0003,LKUS_grant_new_user_coupon,marketingCode,1
0003,LKUS_grant_new_user_coupon,invitationActivityNo,1
0003,LKUS_payment,packagingBagPrice,3
0003,LKUS_payment,packagingBagNumber,3
0003,LKUS_physical_order_cancel,app,2
0003,LKUS_physical_order_cancel,cid,2
0003,LKUS_physical_order_cancel,uid,2
0003,LKUS_physical_order_cancel,realIp,2
0003,LKUS_physical_order_cancel,shopId,2
0003,LKUS_physical_order_cancel,tenant,2
0003,LKUS_physical_order_cancel,userNo,2
0003,LKUS_physical_order_cancel,isGuest,2
0003,LKUS_physical_order_cancel,orderNo,2
0003,LKUS_physical_order_cancel,phoneNo,2
0003,LKUS_physical_order_cancel,version,2
0003,LKUS_physical_order_cancel,shopCity,2
0003,LKUS_physical_order_cancel,userAgent,2
0003,LKUS_physical_order_cancel,realIpCity,2
0003,LKUS_physical_order_cancel,countryCode,2
0003,LKUS_physical_order_cancel,fullPhoneNo,2
0003,LKUS_physical_order_cancel,totalOfMade,2
0003,LKUS_physical_order_cancel,phoneCountry,2
0003,LKUS_physical_order_cancel,reviewRepeat,2
0003,LKUS_physical_order_cancel,realIpCountry,2
0003,LKUS_physical_order_cancel,realIpProvince,2
0003,LKUS_physical_order_cancel,recaptchaV3Token,2
0003,LKUS_physical_order_cancel,recaptchaV3Action,2
0003,LKUS_physical_order_cancel,recaptchaV3Enabled,2
0003,LKUS_physical_order_cancel,cancelTypeEnumIndex,2
0003,LKUS_push,userNo,4
0004,LKUS_push,app,33
0004,LKUS_push,cid,35
0004,LKUS_push,uid,35
0004,LKUS_push,realIp,35
0004,LKUS_push,tenant,35
0004,LKUS_push,phoneNo,35
0004,LKUS_push,version,35
0004,LKUS_push,userAgent,35
0004,LKUS_push,realIpCity,35
0004,LKUS_push,countryCode,35
0004,LKUS_push,fullPhoneNo,35
0004,LKUS_push,phoneCountry,35
0004,LKUS_push,reviewRepeat,34
0004,LKUS_push,realIpCountry,35
0004,LKUS_push,realIpProvince,35
0004,LKUS_push,recaptchaV3Token,34
0004,LKUS_push,recaptchaV3Action,34
0004,LKUS_push,recaptchaV3Enabled,34
0004,LKUS_physical_order_create,app,54
0004,LKUS_physical_order_create,cid,67
0004,LKUS_physical_order_create,uid,67
0004,LKUS_physical_order_create,realIp,67
0004,LKUS_physical_order_create,shopId,67
0004,LKUS_physical_order_create,tenant,67
0004,LKUS_physical_order_create,userNo,67
0004,LKUS_physical_order_create,isGuest,67
0004,LKUS_physical_order_create,phoneNo,57
0004,LKUS_physical_order_create,version,67
0004,LKUS_physical_order_create,latitude,55
0004,LKUS_physical_order_create,couponNos,48
0004,LKUS_physical_order_create,longitude,55
0004,LKUS_physical_order_create,orderType,67
0004,LKUS_physical_order_create,taxAmount,67
0004,LKUS_physical_order_create,userAgent,67
0004,LKUS_physical_order_create,orderPrice,67
0004,LKUS_physical_order_create,realIpCity,67
0004,LKUS_physical_order_create,countryCode,67
0004,LKUS_physical_order_create,couponNames,48
0004,LKUS_physical_order_create,couponTypes,48
0004,LKUS_physical_order_create,fullPhoneNo,57
0004,LKUS_physical_order_create,shopAddress,67
0004,LKUS_physical_order_create,phoneCountry,57
0004,LKUS_physical_order_create,reviewRepeat,51
0004,LKUS_physical_order_create,shopCityName,67
0004,LKUS_physical_order_create,shopLatitude,67
0004,LKUS_physical_order_create,couponSources,48
0004,LKUS_physical_order_create,isTaxRequired,67
0004,LKUS_physical_order_create,orderSkuCodes,66
0004,LKUS_physical_order_create,orderSpuCodes,66
0004,LKUS_physical_order_create,productAmount,67
0004,LKUS_physical_order_create,realIpCountry,67
0004,LKUS_physical_order_create,shopLongitude,67
0004,LKUS_physical_order_create,realIpProvince,67
0004,LKUS_physical_order_create,recaptchaV3Token,51
0004,LKUS_physical_order_create,couponProposalNos,48
0004,LKUS_physical_order_create,couponTemplateIds,48
0004,LKUS_physical_order_create,recaptchaV3Action,51
0004,LKUS_physical_order_create,couponDenomination,48
0004,LKUS_physical_order_create,recaptchaV3Enabled,51
0004,LKUS_physical_order_create,couponDiscountTypes,48
0004,LKUS_physical_order_create,couponDiscountSubTypes,48
0004,LKUS_payment,app,55
0004,LKUS_payment,cid,68
0004,LKUS_payment,uid,68
0004,LKUS_payment,realIp,68
0004,LKUS_payment,shopId,68
0004,LKUS_payment,tenant,68
0004,LKUS_payment,userNo,68
0004,LKUS_payment,isGuest,68
0004,LKUS_payment,orderNo,68
0004,LKUS_payment,payType,68
0004,LKUS_payment,phoneNo,58
0004,LKUS_payment,version,68
0004,LKUS_payment,payMoney,68
0004,LKUS_payment,orderType,68
0004,LKUS_payment,taxAmount,68
0004,LKUS_payment,userAgent,68
0004,LKUS_payment,orderPrice,68
0004,LKUS_payment,realIpCity,68
0004,LKUS_payment,countryCode,58
0004,LKUS_payment,fullPhoneNo,58
0004,LKUS_payment,phoneCountry,58
0004,LKUS_payment,reviewRepeat,52
0004,LKUS_payment,isTaxRequired,68
0004,LKUS_payment,realIpCountry,68
0004,LKUS_payment,realIpProvince,68
0004,LKUS_payment,recaptchaV3Token,51
0004,LKUS_payment,packagingBagPrice,2
0004,LKUS_payment,recaptchaV3Action,51
0004,LKUS_payment,packagingBagNumber,2
0004,LKUS_payment,recaptchaV3Enabled,52
0004,LKUS_register,app,8
0004,LKUS_register,cid,9
0004,LKUS_register,uid,9
0004,LKUS_register,realIp,9
0004,LKUS_register,tenant,9
0004,LKUS_register,phoneNo,9
0004,LKUS_register,version,9
0004,LKUS_register,userAgent,9
0004,LKUS_register,realIpCity,9
0004,LKUS_register,countryCode,9
0004,LKUS_register,fullPhoneNo,9
0004,LKUS_register,phoneCountry,9
0004,LKUS_register,reviewRepeat,9
0004,LKUS_register,realIpCountry,9
0004,LKUS_register,realIpProvince,9
0004,LKUS_register,recaptchaV3Token,9
0004,LKUS_register,recaptchaV3Action,9
0004,LKUS_register,recaptchaV3Enabled,9
0004,LKUS_physical_order_create,shumeiDevId,12
0004,LKUS_physical_order_create,shumengDevId,12
0004,LKUS_physical_order_create,tongdunBlackBox,12
0004,LKUS_grant_new_user_coupon,app,4
0004,LKUS_grant_new_user_coupon,cid,4
0004,LKUS_grant_new_user_coupon,uid,4
0004,LKUS_grant_new_user_coupon,type,4
0004,LKUS_grant_new_user_coupon,extend,4
0004,LKUS_grant_new_user_coupon,origin,4
0004,LKUS_grant_new_user_coupon,realIp,4
0004,LKUS_grant_new_user_coupon,tenant,4
0004,LKUS_grant_new_user_coupon,userNo,4
0004,LKUS_grant_new_user_coupon,phoneNo,4
0004,LKUS_grant_new_user_coupon,readmes,4
0004,LKUS_grant_new_user_coupon,sceneId,4
0004,LKUS_grant_new_user_coupon,version,4
0004,LKUS_grant_new_user_coupon,discounts,4
0004,LKUS_grant_new_user_coupon,userAgent,4
0004,LKUS_grant_new_user_coupon,realIpCity,4
0004,LKUS_grant_new_user_coupon,countryCode,4
0004,LKUS_grant_new_user_coupon,couponNames,4
0004,LKUS_grant_new_user_coupon,couponTypes,4
0004,LKUS_grant_new_user_coupon,fullPhoneNo,4
0004,LKUS_grant_new_user_coupon,isBindPhone,4
0004,LKUS_grant_new_user_coupon,maskPhoneNo,4
0004,LKUS_grant_new_user_coupon,templateIds,4
0004,LKUS_grant_new_user_coupon,templateNos,4
0004,LKUS_grant_new_user_coupon,phoneCountry,4
0004,LKUS_grant_new_user_coupon,registerTime,4
0004,LKUS_grant_new_user_coupon,reviewRepeat,4
0004,LKUS_grant_new_user_coupon,realIpCountry,4
0004,LKUS_grant_new_user_coupon,discountLabels,4
0004,LKUS_grant_new_user_coupon,invitationCode,4
0004,LKUS_grant_new_user_coupon,realIpProvince,4
0004,LKUS_grant_new_user_coupon,recaptchaV3Token,4
0004,LKUS_grant_new_user_coupon,phoneNoEncryption,4
0004,LKUS_grant_new_user_coupon,recaptchaV3Action,4
0004,LKUS_grant_new_user_coupon,recaptchaV3Enabled,4
0004,LKUS_grant_new_user_coupon,couponDenominations,4
0004,LKUS_grant_new_user_coupon,couponDiscountTypes,4
0004,LKUS_grant_new_user_coupon,couponDiscountSubTypes,4
0004,LKUS_grant_new_user_coupon,couponDiscountTypeNames,4
0004,LKUS_login,app,9
0004,LKUS_login,cid,12
0004,LKUS_login,uid,12
0004,LKUS_login,realIp,12
0004,LKUS_login,tenant,12
0004,LKUS_login,userNo,12
0004,LKUS_login,phoneNo,12
0004,LKUS_login,version,12
0004,LKUS_login,userAgent,12
0004,LKUS_login,realIpCity,12
0004,LKUS_login,countryCode,12
0004,LKUS_login,fullPhoneNo,12
0004,LKUS_login,phoneCountry,12
0004,LKUS_login,reviewRepeat,10
0004,LKUS_login,realIpCountry,12
0004,LKUS_login,realIpProvince,12
0004,LKUS_login,recaptchaV3Token,10
0004,LKUS_login,recaptchaV3Action,10
0004,LKUS_login,recaptchaV3Enabled,10
0004,LKUS_physical_order_create,packageOrderSkuCodes,1
0004,LKUS_physical_order_create,packageOrderSpuCodes,1
0004,LKUS_push,userNo,2
0004,LKUS_push,email,1
0005,LKUS_push,cid,52
0005,LKUS_push,uid,52
0005,LKUS_push,realIp,52
0005,LKUS_push,tenant,52
0005,LKUS_push,phoneNo,52
0005,LKUS_push,version,52
0005,LKUS_push,userAgent,52
0005,LKUS_push,realIpCity,52
0005,LKUS_push,countryCode,52
0005,LKUS_push,fullPhoneNo,52
0005,LKUS_push,phoneCountry,52
0005,LKUS_push,reviewRepeat,42
0005,LKUS_push,realIpCountry,52
0005,LKUS_push,realIpProvince,52
0005,LKUS_push,recaptchaV3Token,41
0005,LKUS_push,recaptchaV3Action,41
0005,LKUS_push,recaptchaV3Enabled,42
0005,LKUS_captcha,cid,1
0005,LKUS_captcha,uid,1
0005,LKUS_captcha,realIp,1
0005,LKUS_captcha,tenant,1
0005,LKUS_captcha,isGuest,1
0005,LKUS_captcha,phoneNo,1
0005,LKUS_captcha,version,1
0005,LKUS_captcha,eventName,1
0005,LKUS_captcha,userAgent,1
0005,LKUS_captcha,realIpCity,1
0005,LKUS_captcha,countryCode,1
0005,LKUS_captcha,fullPhoneNo,1
0005,LKUS_captcha,captchaScene,1
0005,LKUS_captcha,phoneCountry,1
0005,LKUS_captcha,reviewRepeat,1
0005,LKUS_captcha,realIpCountry,1
0005,LKUS_captcha,realIpProvince,1
0005,LKUS_captcha,verifyCodeType,1
0005,LKUS_captcha,recaptchaV2Token,1
0005,LKUS_captcha,recaptchaV3Token,1
0005,LKUS_captcha,recaptchaV3Action,1
0005,LKUS_captcha,verifyCodeTypeName,1
0005,LKUS_push,app,35
0005,LKUS_login,app,19
0005,LKUS_login,cid,21
0005,LKUS_login,uid,21
0005,LKUS_login,realIp,21
0005,LKUS_login,tenant,21
0005,LKUS_login,userNo,21
0005,LKUS_login,phoneNo,21
0005,LKUS_login,version,21
0005,LKUS_login,userAgent,21
0005,LKUS_login,realIpCity,21
0005,LKUS_login,countryCode,21
0005,LKUS_login,fullPhoneNo,21
0005,LKUS_login,phoneCountry,21
0005,LKUS_login,reviewRepeat,18
0005,LKUS_login,realIpCountry,21
0005,LKUS_login,realIpProvince,21
0005,LKUS_login,recaptchaV3Token,18
0005,LKUS_login,recaptchaV3Action,18
0005,LKUS_login,recaptchaV3Enabled,18
0005,LKUS_push,userNo,1
0005,LKUS_physical_order_create,app,71
0005,LKUS_physical_order_create,cid,88
0005,LKUS_physical_order_create,uid,88
0005,LKUS_physical_order_create,realIp,88
0005,LKUS_physical_order_create,shopId,88
0005,LKUS_physical_order_create,tenant,88
0005,LKUS_physical_order_create,userNo,88
0005,LKUS_physical_order_create,isGuest,88
0005,LKUS_physical_order_create,phoneNo,75
0005,LKUS_physical_order_create,version,88
0005,LKUS_physical_order_create,latitude,73
0005,LKUS_physical_order_create,couponNos,61
0005,LKUS_physical_order_create,longitude,73
0005,LKUS_physical_order_create,orderType,88
0005,LKUS_physical_order_create,taxAmount,88
0005,LKUS_physical_order_create,userAgent,88
0005,LKUS_physical_order_create,orderPrice,87
0005,LKUS_physical_order_create,realIpCity,88
0005,LKUS_physical_order_create,countryCode,88
0005,LKUS_physical_order_create,couponNames,61
0005,LKUS_physical_order_create,couponTypes,61
0005,LKUS_physical_order_create,fullPhoneNo,75
0005,LKUS_physical_order_create,shopAddress,88
0005,LKUS_physical_order_create,phoneCountry,75
0005,LKUS_physical_order_create,reviewRepeat,64
0005,LKUS_physical_order_create,shopCityName,88
0005,LKUS_physical_order_create,shopLatitude,88
0005,LKUS_physical_order_create,couponSources,61
0005,LKUS_physical_order_create,isTaxRequired,88
0005,LKUS_physical_order_create,orderSkuCodes,82
0005,LKUS_physical_order_create,orderSpuCodes,82
0005,LKUS_physical_order_create,productAmount,88
0005,LKUS_physical_order_create,realIpCountry,88
0005,LKUS_physical_order_create,shopLongitude,88
0005,LKUS_physical_order_create,realIpProvince,88
0005,LKUS_physical_order_create,recaptchaV3Token,64
0005,LKUS_physical_order_create,couponProposalNos,61
0005,LKUS_physical_order_create,couponTemplateIds,61
0005,LKUS_physical_order_create,recaptchaV3Action,64
0005,LKUS_physical_order_create,couponDenomination,61
0005,LKUS_physical_order_create,recaptchaV3Enabled,64
0005,LKUS_physical_order_create,couponDiscountTypes,61
0005,LKUS_physical_order_create,couponDiscountSubTypes,61
0005,LKUS_payment,app,71
0005,LKUS_payment,cid,88
0005,LKUS_payment,uid,88
0005,LKUS_payment,realIp,88
0005,LKUS_payment,shopId,88
0005,LKUS_payment,tenant,88
0005,LKUS_payment,userNo,88
0005,LKUS_payment,isGuest,88
0005,LKUS_payment,orderNo,88
0005,LKUS_payment,payType,88
0005,LKUS_payment,phoneNo,75
0005,LKUS_payment,version,88
0005,LKUS_payment,payMoney,88
0005,LKUS_payment,orderType,88
0005,LKUS_payment,taxAmount,88
0005,LKUS_payment,userAgent,88
0005,LKUS_payment,orderPrice,88
0005,LKUS_payment,realIpCity,88
0005,LKUS_payment,countryCode,75
0005,LKUS_payment,fullPhoneNo,75
0005,LKUS_payment,phoneCountry,75
0005,LKUS_payment,reviewRepeat,65
0005,LKUS_payment,isTaxRequired,88
0005,LKUS_payment,realIpCountry,88
0005,LKUS_payment,realIpProvince,88
0005,LKUS_payment,recaptchaV3Token,65
0005,LKUS_payment,recaptchaV3Action,65
0005,LKUS_payment,recaptchaV3Enabled,65
0005,LKUS_physical_order_create,packageOrderSkuCodes,8
0005,LKUS_physical_order_create,packageOrderSpuCodes,8
0005,LKUS_register,app,7
0005,LKUS_register,cid,9
0005,LKUS_register,uid,9
0005,LKUS_register,realIp,9
0005,LKUS_register,tenant,9
0005,LKUS_register,phoneNo,9
0005,LKUS_register,version,9
0005,LKUS_register,userAgent,9
0005,LKUS_register,realIpCity,9
0005,LKUS_register,countryCode,9
0005,LKUS_register,fullPhoneNo,9
0005,LKUS_register,phoneCountry,9
0005,LKUS_register,reviewRepeat,9
0005,LKUS_register,realIpCountry,9
0005,LKUS_register,realIpProvince,9
0005,LKUS_register,recaptchaV3Token,9
0005,LKUS_register,recaptchaV3Action,9
0005,LKUS_register,recaptchaV3Enabled,9
0005,LKUS_physical_order_create,shumeiDevId,15
0005,LKUS_physical_order_create,shumengDevId,15
0005,LKUS_physical_order_create,tongdunBlackBox,15
0005,LKUS_grant_new_user_coupon,app,10
0005,LKUS_grant_new_user_coupon,cid,10
0005,LKUS_grant_new_user_coupon,uid,10
0005,LKUS_grant_new_user_coupon,type,10
0005,LKUS_grant_new_user_coupon,extend,10
0005,LKUS_grant_new_user_coupon,origin,10
0005,LKUS_grant_new_user_coupon,realIp,10
0005,LKUS_grant_new_user_coupon,tenant,10
0005,LKUS_grant_new_user_coupon,userNo,10
0005,LKUS_grant_new_user_coupon,phoneNo,10
0005,LKUS_grant_new_user_coupon,readmes,10
0005,LKUS_grant_new_user_coupon,sceneId,10
0005,LKUS_grant_new_user_coupon,version,10
0005,LKUS_grant_new_user_coupon,discounts,10
0005,LKUS_grant_new_user_coupon,userAgent,10
0005,LKUS_grant_new_user_coupon,realIpCity,10
0005,LKUS_grant_new_user_coupon,countryCode,10
0005,LKUS_grant_new_user_coupon,couponNames,10
0005,LKUS_grant_new_user_coupon,couponTypes,10
0005,LKUS_grant_new_user_coupon,fullPhoneNo,10
0005,LKUS_grant_new_user_coupon,isBindPhone,10
0005,LKUS_grant_new_user_coupon,maskPhoneNo,10
0005,LKUS_grant_new_user_coupon,templateIds,10
0005,LKUS_grant_new_user_coupon,templateNos,10
0005,LKUS_grant_new_user_coupon,phoneCountry,10
0005,LKUS_grant_new_user_coupon,registerTime,10
0005,LKUS_grant_new_user_coupon,reviewRepeat,10
0005,LKUS_grant_new_user_coupon,realIpCountry,10
0005,LKUS_grant_new_user_coupon,discountLabels,10
0005,LKUS_grant_new_user_coupon,invitationCode,10
0005,LKUS_grant_new_user_coupon,realIpProvince,10
0005,LKUS_grant_new_user_coupon,recaptchaV3Token,10
0005,LKUS_grant_new_user_coupon,phoneNoEncryption,10
0005,LKUS_grant_new_user_coupon,recaptchaV3Action,10
0005,LKUS_grant_new_user_coupon,recaptchaV3Enabled,10
0005,LKUS_grant_new_user_coupon,couponDenominations,10
0005,LKUS_grant_new_user_coupon,couponDiscountTypes,10
0005,LKUS_grant_new_user_coupon,couponDiscountSubTypes,10
0005,LKUS_grant_new_user_coupon,couponDiscountTypeNames,10
0005,LKUS_payment,packagingBagPrice,2
0005,LKUS_payment,packagingBagNumber,2
0006,LKUS_push,app,23
0006,LKUS_push,cid,28
0006,LKUS_push,uid,28
0006,LKUS_push,realIp,28
0006,LKUS_push,tenant,28
0006,LKUS_push,phoneNo,28
0006,LKUS_push,version,28
0006,LKUS_push,userAgent,28
0006,LKUS_push,realIpCity,28
0006,LKUS_push,countryCode,28
0006,LKUS_push,fullPhoneNo,28
0006,LKUS_push,phoneCountry,28
0006,LKUS_push,reviewRepeat,24
0006,LKUS_push,realIpCountry,28
0006,LKUS_push,realIpProvince,28
0006,LKUS_push,recaptchaV3Token,24
0006,LKUS_push,recaptchaV3Action,24
0006,LKUS_push,recaptchaV3Enabled,24
0006,LKUS_physical_order_create,app,68
0006,LKUS_physical_order_create,cid,82
0006,LKUS_physical_order_create,uid,82
0006,LKUS_physical_order_create,realIp,82
0006,LKUS_physical_order_create,shopId,82
0006,LKUS_physical_order_create,tenant,82
0006,LKUS_physical_order_create,userNo,82
0006,LKUS_physical_order_create,isGuest,82
0006,LKUS_physical_order_create,phoneNo,71
0006,LKUS_physical_order_create,version,82
0006,LKUS_physical_order_create,latitude,69
0006,LKUS_physical_order_create,longitude,69
0006,LKUS_physical_order_create,orderType,82
0006,LKUS_physical_order_create,taxAmount,82
0006,LKUS_physical_order_create,userAgent,82
0006,LKUS_physical_order_create,orderPrice,81
0006,LKUS_physical_order_create,realIpCity,82
0006,LKUS_physical_order_create,countryCode,82
0006,LKUS_physical_order_create,fullPhoneNo,71
0006,LKUS_physical_order_create,shopAddress,82
0006,LKUS_physical_order_create,phoneCountry,71
0006,LKUS_physical_order_create,reviewRepeat,65
0006,LKUS_physical_order_create,shopCityName,82
0006,LKUS_physical_order_create,shopLatitude,82
0006,LKUS_physical_order_create,isTaxRequired,82
0006,LKUS_physical_order_create,orderSkuCodes,76
0006,LKUS_physical_order_create,orderSpuCodes,76
0006,LKUS_physical_order_create,productAmount,82
0006,LKUS_physical_order_create,realIpCountry,82
0006,LKUS_physical_order_create,shopLongitude,82
0006,LKUS_physical_order_create,realIpProvince,82
0006,LKUS_physical_order_create,recaptchaV3Token,65
0006,LKUS_physical_order_create,recaptchaV3Action,65
0006,LKUS_physical_order_create,recaptchaV3Enabled,65
0006,LKUS_payment,app,67
0006,LKUS_payment,cid,81
0006,LKUS_payment,uid,81
0006,LKUS_payment,realIp,81
0006,LKUS_payment,shopId,81
0006,LKUS_payment,tenant,81
0006,LKUS_payment,userNo,81
0006,LKUS_payment,isGuest,81
0006,LKUS_payment,orderNo,81
0006,LKUS_payment,payType,81
0006,LKUS_payment,phoneNo,70
0006,LKUS_payment,version,81
0006,LKUS_payment,payMoney,81
0006,LKUS_payment,orderType,81
0006,LKUS_payment,taxAmount,81
0006,LKUS_payment,userAgent,81
0006,LKUS_payment,orderPrice,81
0006,LKUS_payment,realIpCity,81
0006,LKUS_payment,countryCode,70
0006,LKUS_payment,fullPhoneNo,70
0006,LKUS_payment,phoneCountry,70
0006,LKUS_payment,reviewRepeat,64
0006,LKUS_payment,isTaxRequired,81
0006,LKUS_payment,realIpCountry,81
0006,LKUS_payment,realIpProvince,81
0006,LKUS_payment,recaptchaV3Token,64
0006,LKUS_payment,recaptchaV3Action,64
0006,LKUS_payment,recaptchaV3Enabled,64
0006,LKUS_physical_order_create,couponNos,57
0006,LKUS_physical_order_create,couponNames,57
0006,LKUS_physical_order_create,couponTypes,57
0006,LKUS_physical_order_create,couponSources,57
0006,LKUS_physical_order_create,couponProposalNos,57
0006,LKUS_physical_order_create,couponTemplateIds,57
0006,LKUS_physical_order_create,couponDenomination,57
0006,LKUS_physical_order_create,couponDiscountTypes,57
0006,LKUS_physical_order_create,couponDiscountSubTypes,57
0006,LKUS_login,cid,18
0006,LKUS_login,uid,18
0006,LKUS_login,realIp,18
0006,LKUS_login,tenant,18
0006,LKUS_login,userNo,18
0006,LKUS_login,phoneNo,18
0006,LKUS_login,version,18
0006,LKUS_login,userAgent,18
0006,LKUS_login,realIpCity,18
0006,LKUS_login,countryCode,18
0006,LKUS_login,fullPhoneNo,18
0006,LKUS_login,phoneCountry,18
0006,LKUS_login,realIpCountry,18
0006,LKUS_login,realIpProvince,18
0006,LKUS_physical_order_create,shumeiDevId,13
0006,LKUS_physical_order_create,shumengDevId,13
0006,LKUS_physical_order_create,tongdunBlackBox,13
0006,LKUS_login,app,15
0006,LKUS_login,reviewRepeat,14
0006,LKUS_login,recaptchaV3Token,14
0006,LKUS_login,recaptchaV3Action,14
0006,LKUS_login,recaptchaV3Enabled,14
0006,LKUS_physical_order_create,packageOrderSkuCodes,6
0006,LKUS_physical_order_create,packageOrderSpuCodes,6
0006,LKUS_payment,packagingBagPrice,1
0006,LKUS_payment,packagingBagNumber,1
0006,LKUS_grant_new_user_coupon,app,6
0006,LKUS_grant_new_user_coupon,cid,6
0006,LKUS_grant_new_user_coupon,uid,6
0006,LKUS_grant_new_user_coupon,type,6
0006,LKUS_grant_new_user_coupon,extend,6
0006,LKUS_grant_new_user_coupon,origin,6
0006,LKUS_grant_new_user_coupon,realIp,6
0006,LKUS_grant_new_user_coupon,tenant,6
0006,LKUS_grant_new_user_coupon,userNo,6
0006,LKUS_grant_new_user_coupon,phoneNo,6
0006,LKUS_grant_new_user_coupon,readmes,6
0006,LKUS_grant_new_user_coupon,sceneId,6
0006,LKUS_grant_new_user_coupon,version,6
0006,LKUS_grant_new_user_coupon,discounts,6
0006,LKUS_grant_new_user_coupon,userAgent,6
0006,LKUS_grant_new_user_coupon,realIpCity,6
0006,LKUS_grant_new_user_coupon,countryCode,6
0006,LKUS_grant_new_user_coupon,couponNames,6
0006,LKUS_grant_new_user_coupon,couponTypes,6
0006,LKUS_grant_new_user_coupon,fullPhoneNo,6
0006,LKUS_grant_new_user_coupon,isBindPhone,6
0006,LKUS_grant_new_user_coupon,maskPhoneNo,6
0006,LKUS_grant_new_user_coupon,templateIds,6
0006,LKUS_grant_new_user_coupon,templateNos,6
0006,LKUS_grant_new_user_coupon,phoneCountry,6
0006,LKUS_grant_new_user_coupon,registerTime,6
0006,LKUS_grant_new_user_coupon,reviewRepeat,6
0006,LKUS_grant_new_user_coupon,realIpCountry,6
0006,LKUS_grant_new_user_coupon,discountLabels,6
0006,LKUS_grant_new_user_coupon,invitationCode,6
0006,LKUS_grant_new_user_coupon,realIpProvince,6
0006,LKUS_grant_new_user_coupon,recaptchaV3Token,6
0006,LKUS_grant_new_user_coupon,phoneNoEncryption,6
0006,LKUS_grant_new_user_coupon,recaptchaV3Action,6
0006,LKUS_grant_new_user_coupon,recaptchaV3Enabled,6
0006,LKUS_grant_new_user_coupon,couponDenominations,6
0006,LKUS_grant_new_user_coupon,couponDiscountTypes,6
0006,LKUS_grant_new_user_coupon,couponDiscountSubTypes,6
0006,LKUS_grant_new_user_coupon,couponDiscountTypeNames,6
0006,LKUS_register,app,5
0006,LKUS_register,cid,6
0006,LKUS_register,uid,6
0006,LKUS_register,realIp,6
0006,LKUS_register,tenant,6
0006,LKUS_register,phoneNo,6
0006,LKUS_register,version,6
0006,LKUS_register,userAgent,6
0006,LKUS_register,realIpCity,6
0006,LKUS_register,countryCode,6
0006,LKUS_register,fullPhoneNo,6
0006,LKUS_register,phoneCountry,6
0006,LKUS_register,reviewRepeat,6
0006,LKUS_register,realIpCountry,6
0006,LKUS_register,realIpProvince,6
0006,LKUS_register,recaptchaV3Token,6
0006,LKUS_register,recaptchaV3Action,6
0006,LKUS_register,recaptchaV3Enabled,6
0006,LKUS_push,userNo,1
0007,LKUS_push,cid,30
0007,LKUS_push,uid,30
0007,LKUS_push,realIp,30
0007,LKUS_push,tenant,30
0007,LKUS_push,phoneNo,30
0007,LKUS_push,version,30
0007,LKUS_push,userAgent,30
0007,LKUS_push,realIpCity,30
0007,LKUS_push,countryCode,30
0007,LKUS_push,fullPhoneNo,30
0007,LKUS_push,phoneCountry,30
0007,LKUS_push,reviewRepeat,29
0007,LKUS_push,realIpCountry,30
0007,LKUS_push,realIpProvince,30
0007,LKUS_push,recaptchaV3Token,29
0007,LKUS_push,recaptchaV3Action,29
0007,LKUS_push,recaptchaV3Enabled,29
0007,LKUS_push,app,27
0007,LKUS_physical_order_create,app,75
0007,LKUS_physical_order_create,cid,85
0007,LKUS_physical_order_create,uid,85
0007,LKUS_physical_order_create,realIp,85
0007,LKUS_physical_order_create,shopId,85
0007,LKUS_physical_order_create,tenant,85
0007,LKUS_physical_order_create,userNo,85
0007,LKUS_physical_order_create,isGuest,85
0007,LKUS_physical_order_create,phoneNo,76
0007,LKUS_physical_order_create,version,85
0007,LKUS_physical_order_create,latitude,77
0007,LKUS_physical_order_create,longitude,77
0007,LKUS_physical_order_create,orderType,85
0007,LKUS_physical_order_create,taxAmount,85
0007,LKUS_physical_order_create,userAgent,85
0007,LKUS_physical_order_create,orderPrice,85
0007,LKUS_physical_order_create,realIpCity,85
0007,LKUS_physical_order_create,countryCode,85
0007,LKUS_physical_order_create,fullPhoneNo,76
0007,LKUS_physical_order_create,shopAddress,85
0007,LKUS_physical_order_create,phoneCountry,76
0007,LKUS_physical_order_create,reviewRepeat,75
0007,LKUS_physical_order_create,shopCityName,85
0007,LKUS_physical_order_create,shopLatitude,85
0007,LKUS_physical_order_create,isTaxRequired,85
0007,LKUS_physical_order_create,orderSkuCodes,77
0007,LKUS_physical_order_create,orderSpuCodes,77
0007,LKUS_physical_order_create,productAmount,85
0007,LKUS_physical_order_create,realIpCountry,85
0007,LKUS_physical_order_create,shopLongitude,85
0007,LKUS_physical_order_create,realIpProvince,85
0007,LKUS_physical_order_create,recaptchaV3Token,75
0007,LKUS_physical_order_create,recaptchaV3Action,75
0007,LKUS_physical_order_create,recaptchaV3Enabled,75
0007,LKUS_payment,app,74
0007,LKUS_payment,cid,84
0007,LKUS_payment,uid,84
0007,LKUS_payment,realIp,84
0007,LKUS_payment,shopId,84
0007,LKUS_payment,tenant,84
0007,LKUS_payment,userNo,84
0007,LKUS_payment,isGuest,84
0007,LKUS_payment,orderNo,84
0007,LKUS_payment,payType,84
0007,LKUS_payment,phoneNo,75
0007,LKUS_payment,version,84
0007,LKUS_payment,payMoney,84
0007,LKUS_payment,orderType,84
0007,LKUS_payment,taxAmount,84
0007,LKUS_payment,userAgent,84
0007,LKUS_payment,orderPrice,84
0007,LKUS_payment,realIpCity,84
0007,LKUS_payment,countryCode,75
0007,LKUS_payment,fullPhoneNo,75
0007,LKUS_payment,phoneCountry,75
0007,LKUS_payment,reviewRepeat,74
0007,LKUS_payment,isTaxRequired,84
0007,LKUS_payment,realIpCountry,84
0007,LKUS_payment,realIpProvince,84
0007,LKUS_payment,recaptchaV3Token,74
0007,LKUS_payment,recaptchaV3Action,74
0007,LKUS_payment,recaptchaV3Enabled,74
0007,LKUS_physical_order_create,couponNos,64
0007,LKUS_physical_order_create,couponNames,64
0007,LKUS_physical_order_create,couponTypes,64
0007,LKUS_physical_order_create,couponSources,64
0007,LKUS_physical_order_create,couponProposalNos,64
0007,LKUS_physical_order_create,couponTemplateIds,64
0007,LKUS_physical_order_create,couponDenomination,64
0007,LKUS_physical_order_create,couponDiscountTypes,64
0007,LKUS_physical_order_create,couponDiscountSubTypes,64
0007,LKUS_physical_order_create,packageOrderSkuCodes,8
0007,LKUS_physical_order_create,packageOrderSpuCodes,8
0007,LKUS_login,cid,11
0007,LKUS_login,uid,11
0007,LKUS_login,realIp,11
0007,LKUS_login,tenant,11
0007,LKUS_login,userNo,11
0007,LKUS_login,phoneNo,11
0007,LKUS_login,version,11
0007,LKUS_login,userAgent,11
0007,LKUS_login,realIpCity,11
0007,LKUS_login,countryCode,11
0007,LKUS_login,fullPhoneNo,11
0007,LKUS_login,phoneCountry,11
0007,LKUS_login,realIpCountry,11
0007,LKUS_login,realIpProvince,11
0007,LKUS_physical_order_create,shumeiDevId,8
0007,LKUS_physical_order_create,shumengDevId,8
0007,LKUS_physical_order_create,tongdunBlackBox,8
0007,LKUS_register,app,8
0007,LKUS_register,cid,8
0007,LKUS_register,uid,8
0007,LKUS_register,realIp,8
0007,LKUS_register,tenant,8
0007,LKUS_register,phoneNo,8
0007,LKUS_register,version,8
0007,LKUS_register,userAgent,8
0007,LKUS_register,realIpCity,8
0007,LKUS_register,countryCode,8
0007,LKUS_register,fullPhoneNo,8
0007,LKUS_register,phoneCountry,8
0007,LKUS_register,reviewRepeat,8
0007,LKUS_register,realIpCountry,8
0007,LKUS_register,realIpProvince,8
0007,LKUS_register,recaptchaV3Token,8
0007,LKUS_register,recaptchaV3Action,8
0007,LKUS_register,recaptchaV3Enabled,8
0007,LKUS_login,app,10
0007,LKUS_login,reviewRepeat,10
0007,LKUS_login,recaptchaV3Token,10
0007,LKUS_login,recaptchaV3Action,10
0007,LKUS_login,recaptchaV3Enabled,10
0007,LKUS_physical_order_cancel,app,1
0007,LKUS_physical_order_cancel,cid,1
0007,LKUS_physical_order_cancel,uid,1
0007,LKUS_physical_order_cancel,realIp,1
0007,LKUS_physical_order_cancel,shopId,1
0007,LKUS_physical_order_cancel,tenant,1
0007,LKUS_physical_order_cancel,userNo,1
0007,LKUS_physical_order_cancel,isGuest,1
0007,LKUS_physical_order_cancel,orderNo,1
0007,LKUS_physical_order_cancel,phoneNo,1
0007,LKUS_physical_order_cancel,version,1
0007,LKUS_physical_order_cancel,shopCity,1
0007,LKUS_physical_order_cancel,userAgent,1
0007,LKUS_physical_order_cancel,realIpCity,1
0007,LKUS_physical_order_cancel,countryCode,1
0007,LKUS_physical_order_cancel,fullPhoneNo,1
0007,LKUS_physical_order_cancel,totalOfMade,1
0007,LKUS_physical_order_cancel,phoneCountry,1
0007,LKUS_physical_order_cancel,reviewRepeat,1
0007,LKUS_physical_order_cancel,realIpCountry,1
0007,LKUS_physical_order_cancel,realIpProvince,1
0007,LKUS_physical_order_cancel,recaptchaV3Token,1
0007,LKUS_physical_order_cancel,recaptchaV3Action,1
0007,LKUS_physical_order_cancel,recaptchaV3Enabled,1
0007,LKUS_physical_order_cancel,cancelTypeEnumIndex,1
0007,LKUS_grant_new_user_coupon,app,1
0007,LKUS_grant_new_user_coupon,cid,1
0007,LKUS_grant_new_user_coupon,uid,1
0007,LKUS_grant_new_user_coupon,type,1
0007,LKUS_grant_new_user_coupon,extend,1
0007,LKUS_grant_new_user_coupon,origin,1
0007,LKUS_grant_new_user_coupon,realIp,1
0007,LKUS_grant_new_user_coupon,tenant,1
0007,LKUS_grant_new_user_coupon,userNo,1
0007,LKUS_grant_new_user_coupon,phoneNo,1
0007,LKUS_grant_new_user_coupon,readmes,1
0007,LKUS_grant_new_user_coupon,sceneId,1
0007,LKUS_grant_new_user_coupon,version,1
0007,LKUS_grant_new_user_coupon,discounts,1
0007,LKUS_grant_new_user_coupon,userAgent,1
0007,LKUS_grant_new_user_coupon,realIpCity,1
0007,LKUS_grant_new_user_coupon,countryCode,1
0007,LKUS_grant_new_user_coupon,couponNames,1
0007,LKUS_grant_new_user_coupon,couponTypes,1
0007,LKUS_grant_new_user_coupon,fullPhoneNo,1
0007,LKUS_grant_new_user_coupon,isBindPhone,1
0007,LKUS_grant_new_user_coupon,maskPhoneNo,1
0007,LKUS_grant_new_user_coupon,templateIds,1
0007,LKUS_grant_new_user_coupon,templateNos,1
0007,LKUS_grant_new_user_coupon,phoneCountry,1
0007,LKUS_grant_new_user_coupon,registerTime,1
0007,LKUS_grant_new_user_coupon,reviewRepeat,1
0007,LKUS_grant_new_user_coupon,realIpCountry,1
0007,LKUS_grant_new_user_coupon,discountLabels,1
0007,LKUS_grant_new_user_coupon,invitationCode,1
0007,LKUS_grant_new_user_coupon,realIpProvince,1
0007,LKUS_grant_new_user_coupon,recaptchaV3Token,1
0007,LKUS_grant_new_user_coupon,phoneNoEncryption,1
0007,LKUS_grant_new_user_coupon,recaptchaV3Action,1
0007,LKUS_grant_new_user_coupon,recaptchaV3Enabled,1
0007,LKUS_grant_new_user_coupon,couponDenominations,1
0007,LKUS_grant_new_user_coupon,couponDiscountTypes,1
0007,LKUS_grant_new_user_coupon,couponDiscountSubTypes,1
0007,LKUS_grant_new_user_coupon,couponDiscountTypeNames,1
0008,LKUS_push,cid,45
0008,LKUS_push,uid,45
0008,LKUS_push,realIp,45
0008,LKUS_push,tenant,45
0008,LKUS_push,phoneNo,45
0008,LKUS_push,version,45
0008,LKUS_push,userAgent,45
0008,LKUS_push,realIpCity,45
0008,LKUS_push,countryCode,45
0008,LKUS_push,fullPhoneNo,45
0008,LKUS_push,phoneCountry,45
0008,LKUS_push,reviewRepeat,39
0008,LKUS_push,realIpCountry,45
0008,LKUS_push,realIpProvince,45
0008,LKUS_push,recaptchaV3Token,39
0008,LKUS_push,recaptchaV3Action,39
0008,LKUS_push,recaptchaV3Enabled,39
0008,LKUS_login,app,10
0008,LKUS_login,cid,11
0008,LKUS_login,uid,11
0008,LKUS_login,realIp,11
0008,LKUS_login,tenant,11
0008,LKUS_login,userNo,11
0008,LKUS_login,phoneNo,11
0008,LKUS_login,version,11
0008,LKUS_login,userAgent,11
0008,LKUS_login,realIpCity,11
0008,LKUS_login,countryCode,11
0008,LKUS_login,fullPhoneNo,11
0008,LKUS_login,phoneCountry,11
0008,LKUS_login,reviewRepeat,11
0008,LKUS_login,realIpCountry,11
0008,LKUS_login,realIpProvince,11
0008,LKUS_login,recaptchaV3Token,11
0008,LKUS_login,recaptchaV3Action,11
0008,LKUS_login,recaptchaV3Enabled,11
0008,LKUS_grant_new_user_coupon,app,6
0008,LKUS_grant_new_user_coupon,cid,6
0008,LKUS_grant_new_user_coupon,uid,6
0008,LKUS_grant_new_user_coupon,type,6
0008,LKUS_grant_new_user_coupon,extend,6
0008,LKUS_grant_new_user_coupon,origin,6
0008,LKUS_grant_new_user_coupon,realIp,6
0008,LKUS_grant_new_user_coupon,tenant,6
0008,LKUS_grant_new_user_coupon,userNo,6
0008,LKUS_grant_new_user_coupon,phoneNo,6
0008,LKUS_grant_new_user_coupon,readmes,6
0008,LKUS_grant_new_user_coupon,sceneId,6
0008,LKUS_grant_new_user_coupon,version,6
0008,LKUS_grant_new_user_coupon,discounts,6
0008,LKUS_grant_new_user_coupon,userAgent,6
0008,LKUS_grant_new_user_coupon,realIpCity,6
0008,LKUS_grant_new_user_coupon,countryCode,6
0008,LKUS_grant_new_user_coupon,couponNames,6
0008,LKUS_grant_new_user_coupon,couponTypes,6
0008,LKUS_grant_new_user_coupon,fullPhoneNo,6
0008,LKUS_grant_new_user_coupon,isBindPhone,6
0008,LKUS_grant_new_user_coupon,maskPhoneNo,6
0008,LKUS_grant_new_user_coupon,templateIds,6
0008,LKUS_grant_new_user_coupon,templateNos,6
0008,LKUS_grant_new_user_coupon,phoneCountry,6
0008,LKUS_grant_new_user_coupon,registerTime,6
0008,LKUS_grant_new_user_coupon,reviewRepeat,6
0008,LKUS_grant_new_user_coupon,realIpCountry,6
0008,LKUS_grant_new_user_coupon,discountLabels,6
0008,LKUS_grant_new_user_coupon,invitationCode,6
0008,LKUS_grant_new_user_coupon,realIpProvince,6
0008,LKUS_grant_new_user_coupon,recaptchaV3Token,6
0008,LKUS_grant_new_user_coupon,phoneNoEncryption,6
0008,LKUS_grant_new_user_coupon,recaptchaV3Action,6
0008,LKUS_grant_new_user_coupon,recaptchaV3Enabled,6
0008,LKUS_grant_new_user_coupon,couponDenominations,6
0008,LKUS_grant_new_user_coupon,couponDiscountTypes,6
0008,LKUS_grant_new_user_coupon,couponDiscountSubTypes,6
0008,LKUS_grant_new_user_coupon,couponDiscountTypeNames,6
0008,LKUS_push,app,35
0008,LKUS_payment,cid,80
0008,LKUS_payment,uid,80
0008,LKUS_payment,realIp,80
0008,LKUS_payment,shopId,80
0008,LKUS_payment,tenant,80
0008,LKUS_payment,userNo,80
0008,LKUS_payment,isGuest,80
0008,LKUS_payment,orderNo,80
0008,LKUS_payment,payType,80
0008,LKUS_payment,version,80
0008,LKUS_payment,payMoney,80
0008,LKUS_payment,orderType,80
0008,LKUS_payment,taxAmount,80
0008,LKUS_payment,userAgent,80
0008,LKUS_payment,orderPrice,80
0008,LKUS_payment,realIpCity,80
0008,LKUS_payment,isTaxRequired,80
0008,LKUS_payment,realIpCountry,80
0008,LKUS_payment,realIpProvince,80
0008,LKUS_physical_order_create,cid,81
0008,LKUS_physical_order_create,uid,81
0008,LKUS_physical_order_create,realIp,81
0008,LKUS_physical_order_create,shopId,81
0008,LKUS_physical_order_create,tenant,81
0008,LKUS_physical_order_create,userNo,81
0008,LKUS_physical_order_create,isGuest,81
0008,LKUS_physical_order_create,version,81
0008,LKUS_physical_order_create,orderType,81
0008,LKUS_physical_order_create,taxAmount,81
0008,LKUS_physical_order_create,userAgent,81
0008,LKUS_physical_order_create,orderPrice,81
0008,LKUS_physical_order_create,realIpCity,81
0008,LKUS_physical_order_create,countryCode,81
0008,LKUS_physical_order_create,shopAddress,81
0008,LKUS_physical_order_create,shumeiDevId,13
0008,LKUS_physical_order_create,shopCityName,81
0008,LKUS_physical_order_create,shopLatitude,81
0008,LKUS_physical_order_create,shumengDevId,13
0008,LKUS_physical_order_create,isTaxRequired,81
0008,LKUS_physical_order_create,orderSkuCodes,75
0008,LKUS_physical_order_create,orderSpuCodes,75
0008,LKUS_physical_order_create,productAmount,81
0008,LKUS_physical_order_create,realIpCountry,81
0008,LKUS_physical_order_create,shopLongitude,81
0008,LKUS_physical_order_create,realIpProvince,81
0008,LKUS_physical_order_create,tongdunBlackBox,13
0008,LKUS_physical_order_create,app,67
0008,LKUS_physical_order_create,phoneNo,68
0008,LKUS_physical_order_create,latitude,68
0008,LKUS_physical_order_create,couponNos,60
0008,LKUS_physical_order_create,longitude,68
0008,LKUS_physical_order_create,couponNames,60
0008,LKUS_physical_order_create,couponTypes,60
0008,LKUS_physical_order_create,fullPhoneNo,68
0008,LKUS_physical_order_create,phoneCountry,68
0008,LKUS_physical_order_create,reviewRepeat,65
0008,LKUS_physical_order_create,couponSources,60
0008,LKUS_physical_order_create,recaptchaV3Token,65
0008,LKUS_physical_order_create,couponProposalNos,60
0008,LKUS_physical_order_create,couponTemplateIds,60
0008,LKUS_physical_order_create,recaptchaV3Action,65
0008,LKUS_physical_order_create,couponDenomination,60
0008,LKUS_physical_order_create,recaptchaV3Enabled,65
0008,LKUS_physical_order_create,couponDiscountTypes,60
0008,LKUS_physical_order_create,couponDiscountSubTypes,60
0008,LKUS_payment,app,65
0008,LKUS_payment,phoneNo,66
0008,LKUS_payment,countryCode,66
0008,LKUS_payment,fullPhoneNo,66
0008,LKUS_payment,phoneCountry,66
0008,LKUS_payment,reviewRepeat,63
0008,LKUS_payment,recaptchaV3Token,63
0008,LKUS_payment,recaptchaV3Action,63
0008,LKUS_payment,recaptchaV3Enabled,63
0008,LKUS_physical_order_create,packageOrderSkuCodes,6
0008,LKUS_physical_order_create,packageOrderSpuCodes,6
0008,LKUS_physical_order_cancel,app,1
0008,LKUS_physical_order_cancel,cid,1
0008,LKUS_physical_order_cancel,uid,1
0008,LKUS_physical_order_cancel,realIp,1
0008,LKUS_physical_order_cancel,shopId,1
0008,LKUS_physical_order_cancel,tenant,1
0008,LKUS_physical_order_cancel,userNo,1
0008,LKUS_physical_order_cancel,isGuest,1
0008,LKUS_physical_order_cancel,orderNo,1
0008,LKUS_physical_order_cancel,phoneNo,1
0008,LKUS_physical_order_cancel,version,1
0008,LKUS_physical_order_cancel,shopCity,1
0008,LKUS_physical_order_cancel,userAgent,1
0008,LKUS_physical_order_cancel,realIpCity,1
0008,LKUS_physical_order_cancel,countryCode,1
0008,LKUS_physical_order_cancel,fullPhoneNo,1
0008,LKUS_physical_order_cancel,totalOfMade,1
0008,LKUS_physical_order_cancel,phoneCountry,1
0008,LKUS_physical_order_cancel,reviewRepeat,1
0008,LKUS_physical_order_cancel,realIpCountry,1
0008,LKUS_physical_order_cancel,realIpProvince,1
0008,LKUS_physical_order_cancel,recaptchaV3Token,1
0008,LKUS_physical_order_cancel,recaptchaV3Action,1
0008,LKUS_physical_order_cancel,recaptchaV3Enabled,1
0008,LKUS_physical_order_cancel,cancelTypeEnumIndex,1
0008,LKUS_push,userNo,3
0008,LKUS_register,app,5
0008,LKUS_register,cid,7
0008,LKUS_register,uid,7
0008,LKUS_register,realIp,7
0008,LKUS_register,tenant,7
0008,LKUS_register,phoneNo,7
0008,LKUS_register,version,7
0008,LKUS_register,userAgent,7
0008,LKUS_register,realIpCity,7
0008,LKUS_register,countryCode,7
0008,LKUS_register,fullPhoneNo,7
0008,LKUS_register,phoneCountry,7
0008,LKUS_register,reviewRepeat,6
0008,LKUS_register,realIpCountry,7
0008,LKUS_register,realIpProvince,7
0008,LKUS_register,recaptchaV3Token,6
0008,LKUS_register,recaptchaV3Action,6
0008,LKUS_register,recaptchaV3Enabled,6
0009,LKUS_push,app,40
0009,LKUS_push,cid,44
0009,LKUS_push,uid,44
0009,LKUS_push,realIp,44
0009,LKUS_push,tenant,44
0009,LKUS_push,phoneNo,44
0009,LKUS_push,version,44
0009,LKUS_push,userAgent,44
0009,LKUS_push,realIpCity,44
0009,LKUS_push,countryCode,44
0009,LKUS_push,fullPhoneNo,44
0009,LKUS_push,phoneCountry,44
0009,LKUS_push,reviewRepeat,41
0009,LKUS_push,realIpCountry,44
0009,LKUS_push,realIpProvince,44
0009,LKUS_push,recaptchaV3Token,41
0009,LKUS_push,recaptchaV3Action,41
0009,LKUS_push,recaptchaV3Enabled,41
0009,LKUS_register,app,7
0009,LKUS_register,cid,7
0009,LKUS_register,uid,7
0009,LKUS_register,realIp,7
0009,LKUS_register,tenant,7
0009,LKUS_register,phoneNo,7
0009,LKUS_register,version,7
0009,LKUS_register,userAgent,7
0009,LKUS_register,realIpCity,7
0009,LKUS_register,countryCode,7
0009,LKUS_register,fullPhoneNo,7
0009,LKUS_register,phoneCountry,7
0009,LKUS_register,reviewRepeat,7
0009,LKUS_register,realIpCountry,7
0009,LKUS_register,realIpProvince,7
0009,LKUS_register,recaptchaV3Token,7
0009,LKUS_register,recaptchaV3Action,7
0009,LKUS_register,recaptchaV3Enabled,7
0009,LKUS_login,app,13
0009,LKUS_login,cid,15
0009,LKUS_login,uid,15
0009,LKUS_login,realIp,15
0009,LKUS_login,tenant,15
0009,LKUS_login,userNo,15
0009,LKUS_login,phoneNo,15
0009,LKUS_login,version,15
0009,LKUS_login,userAgent,15
0009,LKUS_login,realIpCity,15
0009,LKUS_login,countryCode,15
0009,LKUS_login,fullPhoneNo,15
0009,LKUS_login,phoneCountry,15
0009,LKUS_login,reviewRepeat,13
0009,LKUS_login,realIpCountry,15
0009,LKUS_login,realIpProvince,15
0009,LKUS_login,recaptchaV3Token,13
0009,LKUS_login,recaptchaV3Action,13
0009,LKUS_login,recaptchaV3Enabled,13
0009,LKUS_grant_new_user_coupon,app,9
0009,LKUS_grant_new_user_coupon,cid,10
0009,LKUS_grant_new_user_coupon,uid,10
0009,LKUS_grant_new_user_coupon,type,10
0009,LKUS_grant_new_user_coupon,extend,10
0009,LKUS_grant_new_user_coupon,origin,10
0009,LKUS_grant_new_user_coupon,realIp,10
0009,LKUS_grant_new_user_coupon,tenant,10
0009,LKUS_grant_new_user_coupon,userNo,10
0009,LKUS_grant_new_user_coupon,phoneNo,10
0009,LKUS_grant_new_user_coupon,readmes,10
0009,LKUS_grant_new_user_coupon,sceneId,10
0009,LKUS_grant_new_user_coupon,version,10
0009,LKUS_grant_new_user_coupon,discounts,10
0009,LKUS_grant_new_user_coupon,userAgent,10
0009,LKUS_grant_new_user_coupon,realIpCity,10
0009,LKUS_grant_new_user_coupon,countryCode,10
0009,LKUS_grant_new_user_coupon,couponNames,10
0009,LKUS_grant_new_user_coupon,couponTypes,10
0009,LKUS_grant_new_user_coupon,fullPhoneNo,10
0009,LKUS_grant_new_user_coupon,isBindPhone,10
0009,LKUS_grant_new_user_coupon,maskPhoneNo,10
0009,LKUS_grant_new_user_coupon,templateIds,10
0009,LKUS_grant_new_user_coupon,templateNos,10
0009,LKUS_grant_new_user_coupon,phoneCountry,10
0009,LKUS_grant_new_user_coupon,registerTime,10
0009,LKUS_grant_new_user_coupon,reviewRepeat,9
0009,LKUS_grant_new_user_coupon,realIpCountry,10
0009,LKUS_grant_new_user_coupon,discountLabels,10
0009,LKUS_grant_new_user_coupon,invitationCode,10
0009,LKUS_grant_new_user_coupon,realIpProvince,10
0009,LKUS_grant_new_user_coupon,recaptchaV3Token,9
0009,LKUS_grant_new_user_coupon,phoneNoEncryption,10
0009,LKUS_grant_new_user_coupon,recaptchaV3Action,9
0009,LKUS_grant_new_user_coupon,recaptchaV3Enabled,9
0009,LKUS_grant_new_user_coupon,couponDenominations,10
0009,LKUS_grant_new_user_coupon,couponDiscountTypes,10
0009,LKUS_grant_new_user_coupon,couponDiscountSubTypes,10
0009,LKUS_grant_new_user_coupon,couponDiscountTypeNames,10
0009,LKUS_physical_order_create,app,68
0009,LKUS_physical_order_create,cid,76
0009,LKUS_physical_order_create,uid,76
0009,LKUS_physical_order_create,realIp,76
0009,LKUS_physical_order_create,shopId,76
0009,LKUS_physical_order_create,tenant,76
0009,LKUS_physical_order_create,userNo,76
0009,LKUS_physical_order_create,isGuest,76
0009,LKUS_physical_order_create,phoneNo,71
0009,LKUS_physical_order_create,version,76
0009,LKUS_physical_order_create,latitude,70
0009,LKUS_physical_order_create,couponNos,63
0009,LKUS_physical_order_create,longitude,70
0009,LKUS_physical_order_create,orderType,76
0009,LKUS_physical_order_create,taxAmount,76
0009,LKUS_physical_order_create,userAgent,76
0009,LKUS_physical_order_create,orderPrice,74
0009,LKUS_physical_order_create,realIpCity,76
0009,LKUS_physical_order_create,countryCode,76
0009,LKUS_physical_order_create,couponNames,63
0009,LKUS_physical_order_create,couponTypes,63
0009,LKUS_physical_order_create,fullPhoneNo,71
0009,LKUS_physical_order_create,shopAddress,76
0009,LKUS_physical_order_create,phoneCountry,71
0009,LKUS_physical_order_create,reviewRepeat,65
0009,LKUS_physical_order_create,shopCityName,76
0009,LKUS_physical_order_create,shopLatitude,76
0009,LKUS_physical_order_create,couponSources,63
0009,LKUS_physical_order_create,isTaxRequired,76
0009,LKUS_physical_order_create,orderSkuCodes,74
0009,LKUS_physical_order_create,orderSpuCodes,74
0009,LKUS_physical_order_create,productAmount,76
0009,LKUS_physical_order_create,realIpCountry,76
0009,LKUS_physical_order_create,shopLongitude,76
0009,LKUS_physical_order_create,realIpProvince,76
0009,LKUS_physical_order_create,recaptchaV3Token,65
0009,LKUS_physical_order_create,couponProposalNos,63
0009,LKUS_physical_order_create,couponTemplateIds,63
0009,LKUS_physical_order_create,recaptchaV3Action,65
0009,LKUS_physical_order_create,couponDenomination,63
0009,LKUS_physical_order_create,recaptchaV3Enabled,65
0009,LKUS_physical_order_create,couponDiscountTypes,63
0009,LKUS_physical_order_create,couponDiscountSubTypes,63
0009,LKUS_payment,app,69
0009,LKUS_payment,cid,77
0009,LKUS_payment,uid,77
0009,LKUS_payment,realIp,77
0009,LKUS_payment,shopId,77
0009,LKUS_payment,tenant,77
0009,LKUS_payment,userNo,77
0009,LKUS_payment,isGuest,77
0009,LKUS_payment,orderNo,77
0009,LKUS_payment,payType,77
0009,LKUS_payment,phoneNo,72
0009,LKUS_payment,version,77
0009,LKUS_payment,payMoney,77
0009,LKUS_payment,orderType,77
0009,LKUS_payment,taxAmount,77
0009,LKUS_payment,userAgent,77
0009,LKUS_payment,orderPrice,77
0009,LKUS_payment,realIpCity,77
0009,LKUS_payment,countryCode,72
0009,LKUS_payment,fullPhoneNo,72
0009,LKUS_payment,phoneCountry,72
0009,LKUS_payment,reviewRepeat,66
0009,LKUS_payment,isTaxRequired,77
0009,LKUS_payment,realIpCountry,77
0009,LKUS_payment,realIpProvince,77
0009,LKUS_payment,recaptchaV3Token,66
0009,LKUS_payment,recaptchaV3Action,66
0009,LKUS_payment,recaptchaV3Enabled,66
0009,LKUS_push,userNo,3
0009,LKUS_physical_order_create,shumeiDevId,6
0009,LKUS_physical_order_create,shumengDevId,6
0009,LKUS_physical_order_create,tongdunBlackBox,6
0009,LKUS_physical_order_create,packageOrderSkuCodes,2
0009,LKUS_physical_order_create,packageOrderSpuCodes,2
0009,LKUS_push,email,1
0009,LKUS_payment,packagingBagPrice,2
0009,LKUS_payment,packagingBagNumber,2
0010,LKUS_push,app,22
0010,LKUS_push,cid,32
0010,LKUS_push,uid,32
0010,LKUS_push,realIp,32
0010,LKUS_push,tenant,32
0010,LKUS_push,phoneNo,32
0010,LKUS_push,version,32
0010,LKUS_push,userAgent,32
0010,LKUS_push,realIpCity,32
0010,LKUS_push,countryCode,32
0010,LKUS_push,fullPhoneNo,32
0010,LKUS_push,phoneCountry,32
0010,LKUS_push,reviewRepeat,28
0010,LKUS_push,realIpCountry,32
0010,LKUS_push,realIpProvince,32
0010,LKUS_push,recaptchaV3Token,27
0010,LKUS_push,recaptchaV3Action,27
0010,LKUS_push,recaptchaV3Enabled,28
0010,LKUS_captcha,cid,1
0010,LKUS_captcha,uid,1
0010,LKUS_captcha,realIp,1
0010,LKUS_captcha,tenant,1
0010,LKUS_captcha,isGuest,1
0010,LKUS_captcha,phoneNo,1
0010,LKUS_captcha,version,1
0010,LKUS_captcha,eventName,1
0010,LKUS_captcha,userAgent,1
0010,LKUS_captcha,realIpCity,1
0010,LKUS_captcha,countryCode,1
0010,LKUS_captcha,fullPhoneNo,1
0010,LKUS_captcha,captchaScene,1
0010,LKUS_captcha,phoneCountry,1
0010,LKUS_captcha,reviewRepeat,1
0010,LKUS_captcha,realIpCountry,1
0010,LKUS_captcha,realIpProvince,1
0010,LKUS_captcha,verifyCodeType,1
0010,LKUS_captcha,recaptchaV2Token,1
0010,LKUS_captcha,recaptchaV3Token,1
0010,LKUS_captcha,recaptchaV3Action,1
0010,LKUS_captcha,verifyCodeTypeName,1
0010,LKUS_register,cid,7
0010,LKUS_register,uid,7
0010,LKUS_register,realIp,7
0010,LKUS_register,tenant,7
0010,LKUS_register,phoneNo,7
0010,LKUS_register,version,7
0010,LKUS_register,userAgent,7
0010,LKUS_register,realIpCity,7
0010,LKUS_register,countryCode,7
0010,LKUS_register,fullPhoneNo,7
0010,LKUS_register,phoneCountry,7
0010,LKUS_register,reviewRepeat,6
0010,LKUS_register,realIpCountry,7
0010,LKUS_register,realIpProvince,7
0010,LKUS_register,recaptchaV3Token,6
0010,LKUS_register,recaptchaV3Action,6
0010,LKUS_register,recaptchaV3Enabled,6
0010,LKUS_push,userNo,4
0010,LKUS_physical_order_create,app,63
0010,LKUS_physical_order_create,cid,74
0010,LKUS_physical_order_create,uid,74
0010,LKUS_physical_order_create,realIp,74
0010,LKUS_physical_order_create,shopId,74
0010,LKUS_physical_order_create,tenant,74
0010,LKUS_physical_order_create,userNo,74
0010,LKUS_physical_order_create,isGuest,74
0010,LKUS_physical_order_create,phoneNo,63
0010,LKUS_physical_order_create,version,74
0010,LKUS_physical_order_create,latitude,65
0010,LKUS_physical_order_create,longitude,65
0010,LKUS_physical_order_create,orderType,74
0010,LKUS_physical_order_create,taxAmount,74
0010,LKUS_physical_order_create,userAgent,74
0010,LKUS_physical_order_create,orderPrice,74
0010,LKUS_physical_order_create,realIpCity,74
0010,LKUS_physical_order_create,countryCode,74
0010,LKUS_physical_order_create,fullPhoneNo,63
0010,LKUS_physical_order_create,shopAddress,74
0010,LKUS_physical_order_create,phoneCountry,63
0010,LKUS_physical_order_create,reviewRepeat,64
0010,LKUS_physical_order_create,shopCityName,74
0010,LKUS_physical_order_create,shopLatitude,74
0010,LKUS_physical_order_create,isTaxRequired,74
0010,LKUS_physical_order_create,productAmount,74
0010,LKUS_physical_order_create,realIpCountry,74
0010,LKUS_physical_order_create,shopLongitude,74
0010,LKUS_physical_order_create,realIpProvince,74
0010,LKUS_physical_order_create,recaptchaV3Token,64
0010,LKUS_physical_order_create,recaptchaV3Action,64
0010,LKUS_physical_order_create,recaptchaV3Enabled,64
0010,LKUS_physical_order_create,packageOrderSkuCodes,5
0010,LKUS_physical_order_create,packageOrderSpuCodes,5
0010,LKUS_payment,app,62
0010,LKUS_payment,cid,73
0010,LKUS_payment,uid,73
0010,LKUS_payment,realIp,73
0010,LKUS_payment,shopId,73
0010,LKUS_payment,tenant,73
0010,LKUS_payment,userNo,73
0010,LKUS_payment,isGuest,73
0010,LKUS_payment,orderNo,73
0010,LKUS_payment,payType,73
0010,LKUS_payment,phoneNo,62
0010,LKUS_payment,version,73
0010,LKUS_payment,payMoney,73
0010,LKUS_payment,orderType,73
0010,LKUS_payment,taxAmount,73
0010,LKUS_payment,userAgent,73
0010,LKUS_payment,orderPrice,73
0010,LKUS_payment,realIpCity,73
0010,LKUS_payment,countryCode,62
0010,LKUS_payment,fullPhoneNo,62
0010,LKUS_payment,phoneCountry,62
0010,LKUS_payment,reviewRepeat,62
0010,LKUS_payment,isTaxRequired,73
0010,LKUS_payment,realIpCountry,73
0010,LKUS_payment,realIpProvince,73
0010,LKUS_payment,recaptchaV3Token,62
0010,LKUS_payment,packagingBagPrice,1
0010,LKUS_payment,recaptchaV3Action,62
0010,LKUS_payment,packagingBagNumber,1
0010,LKUS_payment,recaptchaV3Enabled,62
0010,LKUS_physical_order_create,couponNos,53
0010,LKUS_physical_order_create,couponNames,53
0010,LKUS_physical_order_create,couponTypes,53
0010,LKUS_physical_order_create,couponSources,53
0010,LKUS_physical_order_create,orderSkuCodes,69
0010,LKUS_physical_order_create,orderSpuCodes,69
0010,LKUS_physical_order_create,couponProposalNos,53
0010,LKUS_physical_order_create,couponTemplateIds,53
0010,LKUS_physical_order_create,couponDenomination,53
0010,LKUS_physical_order_create,couponDiscountTypes,53
0010,LKUS_physical_order_create,couponDiscountSubTypes,53
0010,LKUS_login,app,8
0010,LKUS_login,cid,8
0010,LKUS_login,uid,8
0010,LKUS_login,realIp,8
0010,LKUS_login,tenant,8
0010,LKUS_login,userNo,8
0010,LKUS_login,phoneNo,8
0010,LKUS_login,version,8
0010,LKUS_login,userAgent,8
0010,LKUS_login,realIpCity,8
0010,LKUS_login,countryCode,8
0010,LKUS_login,fullPhoneNo,8
0010,LKUS_login,phoneCountry,8
0010,LKUS_login,reviewRepeat,8
0010,LKUS_login,realIpCountry,8
0010,LKUS_login,realIpProvince,8
0010,LKUS_login,recaptchaV3Token,8
0010,LKUS_login,recaptchaV3Action,8
0010,LKUS_login,recaptchaV3Enabled,8
0010,LKUS_physical_order_create,shumeiDevId,9
0010,LKUS_physical_order_create,shumengDevId,9
0010,LKUS_physical_order_create,tongdunBlackBox,9
0010,LKUS_grant_new_user_coupon,app,4
0010,LKUS_grant_new_user_coupon,cid,4
0010,LKUS_grant_new_user_coupon,uid,4
0010,LKUS_grant_new_user_coupon,type,4
0010,LKUS_grant_new_user_coupon,extend,4
0010,LKUS_grant_new_user_coupon,origin,4
0010,LKUS_grant_new_user_coupon,realIp,4
0010,LKUS_grant_new_user_coupon,tenant,4
0010,LKUS_grant_new_user_coupon,userNo,4
0010,LKUS_grant_new_user_coupon,phoneNo,4
0010,LKUS_grant_new_user_coupon,readmes,4
0010,LKUS_grant_new_user_coupon,sceneId,4
0010,LKUS_grant_new_user_coupon,version,4
0010,LKUS_grant_new_user_coupon,discounts,4
0010,LKUS_grant_new_user_coupon,userAgent,4
0010,LKUS_grant_new_user_coupon,realIpCity,4
0010,LKUS_grant_new_user_coupon,countryCode,4
0010,LKUS_grant_new_user_coupon,couponNames,4
0010,LKUS_grant_new_user_coupon,couponTypes,4
0010,LKUS_grant_new_user_coupon,fullPhoneNo,4
0010,LKUS_grant_new_user_coupon,isBindPhone,4
0010,LKUS_grant_new_user_coupon,maskPhoneNo,4
0010,LKUS_grant_new_user_coupon,templateIds,4
0010,LKUS_grant_new_user_coupon,templateNos,4
0010,LKUS_grant_new_user_coupon,phoneCountry,4
0010,LKUS_grant_new_user_coupon,registerTime,4
0010,LKUS_grant_new_user_coupon,reviewRepeat,4
0010,LKUS_grant_new_user_coupon,realIpCountry,4
0010,LKUS_grant_new_user_coupon,discountLabels,4
0010,LKUS_grant_new_user_coupon,invitationCode,4
0010,LKUS_grant_new_user_coupon,realIpProvince,4
0010,LKUS_grant_new_user_coupon,recaptchaV3Token,4
0010,LKUS_grant_new_user_coupon,phoneNoEncryption,4
0010,LKUS_grant_new_user_coupon,recaptchaV3Action,4
0010,LKUS_grant_new_user_coupon,recaptchaV3Enabled,4
0010,LKUS_grant_new_user_coupon,couponDenominations,4
0010,LKUS_grant_new_user_coupon,couponDiscountTypes,4
0010,LKUS_grant_new_user_coupon,couponDiscountSubTypes,4
0010,LKUS_grant_new_user_coupon,couponDiscountTypeNames,4
0010,LKUS_register,app,5
0011,LKUS_push,app,41
0011,LKUS_push,cid,43
0011,LKUS_push,uid,43
0011,LKUS_push,realIp,43
0011,LKUS_push,tenant,43
0011,LKUS_push,phoneNo,43
0011,LKUS_push,version,43
0011,LKUS_push,userAgent,43
0011,LKUS_push,realIpCity,43
0011,LKUS_push,countryCode,43
0011,LKUS_push,fullPhoneNo,43
0011,LKUS_push,phoneCountry,43
0011,LKUS_push,reviewRepeat,43
0011,LKUS_push,realIpCountry,43
0011,LKUS_push,realIpProvince,43
0011,LKUS_push,recaptchaV3Token,43
0011,LKUS_push,recaptchaV3Action,43
0011,LKUS_push,recaptchaV3Enabled,43
0011,LKUS_physical_order_create,app,62
0011,LKUS_physical_order_create,cid,78
0011,LKUS_physical_order_create,uid,78
0011,LKUS_physical_order_create,realIp,78
0011,LKUS_physical_order_create,shopId,78
0011,LKUS_physical_order_create,tenant,78
0011,LKUS_physical_order_create,userNo,78
0011,LKUS_physical_order_create,isGuest,78
0011,LKUS_physical_order_create,phoneNo,63
0011,LKUS_physical_order_create,version,78
0011,LKUS_physical_order_create,latitude,63
0011,LKUS_physical_order_create,longitude,63
0011,LKUS_physical_order_create,orderType,78
0011,LKUS_physical_order_create,taxAmount,78
0011,LKUS_physical_order_create,userAgent,78
0011,LKUS_physical_order_create,orderPrice,77
0011,LKUS_physical_order_create,realIpCity,78
0011,LKUS_physical_order_create,countryCode,78
0011,LKUS_physical_order_create,fullPhoneNo,63
0011,LKUS_physical_order_create,shopAddress,78
0011,LKUS_physical_order_create,phoneCountry,63
0011,LKUS_physical_order_create,reviewRepeat,60
0011,LKUS_physical_order_create,shopCityName,78
0011,LKUS_physical_order_create,shopLatitude,78
0011,LKUS_physical_order_create,isTaxRequired,78
0011,LKUS_physical_order_create,orderSkuCodes,76
0011,LKUS_physical_order_create,orderSpuCodes,76
0011,LKUS_physical_order_create,productAmount,78
0011,LKUS_physical_order_create,realIpCountry,78
0011,LKUS_physical_order_create,shopLongitude,78
0011,LKUS_physical_order_create,realIpProvince,78
0011,LKUS_physical_order_create,recaptchaV3Token,60
0011,LKUS_physical_order_create,recaptchaV3Action,60
0011,LKUS_physical_order_create,recaptchaV3Enabled,60
0011,LKUS_physical_order_create,packageOrderSkuCodes,4
0011,LKUS_physical_order_create,packageOrderSpuCodes,4
0011,LKUS_payment,app,68
0011,LKUS_payment,cid,85
0011,LKUS_payment,uid,85
0011,LKUS_payment,realIp,85
0011,LKUS_payment,shopId,85
0011,LKUS_payment,tenant,85
0011,LKUS_payment,userNo,85
0011,LKUS_payment,isGuest,85
0011,LKUS_payment,orderNo,85
0011,LKUS_payment,payType,85
0011,LKUS_payment,phoneNo,69
0011,LKUS_payment,version,85
0011,LKUS_payment,payMoney,85
0011,LKUS_payment,orderType,85
0011,LKUS_payment,taxAmount,85
0011,LKUS_payment,userAgent,85
0011,LKUS_payment,orderPrice,85
0011,LKUS_payment,realIpCity,85
0011,LKUS_payment,countryCode,69
0011,LKUS_payment,fullPhoneNo,69
0011,LKUS_payment,phoneCountry,69
0011,LKUS_payment,reviewRepeat,66
0011,LKUS_payment,isTaxRequired,85
0011,LKUS_payment,realIpCountry,85
0011,LKUS_payment,realIpProvince,85
0011,LKUS_payment,recaptchaV3Token,65
0011,LKUS_payment,recaptchaV3Action,65
0011,LKUS_payment,recaptchaV3Enabled,66
0011,LKUS_physical_order_create,couponNos,52
0011,LKUS_physical_order_create,couponNames,52
0011,LKUS_physical_order_create,couponTypes,52
0011,LKUS_physical_order_create,couponSources,52
0011,LKUS_physical_order_create,couponProposalNos,52
0011,LKUS_physical_order_create,couponTemplateIds,52
0011,LKUS_physical_order_create,couponDenomination,52
0011,LKUS_physical_order_create,couponDiscountTypes,52
0011,LKUS_physical_order_create,couponDiscountSubTypes,52
0011,LKUS_physical_order_create,shumeiDevId,15
0011,LKUS_physical_order_create,shumengDevId,15
0011,LKUS_physical_order_create,tongdunBlackBox,15
0011,LKUS_login,app,8
0011,LKUS_login,cid,10
0011,LKUS_login,uid,10
0011,LKUS_login,realIp,10
0011,LKUS_login,tenant,10
0011,LKUS_login,userNo,10
0011,LKUS_login,phoneNo,10
0011,LKUS_login,version,10
0011,LKUS_login,userAgent,10
0011,LKUS_login,realIpCity,10
0011,LKUS_login,countryCode,10
0011,LKUS_login,fullPhoneNo,10
0011,LKUS_login,phoneCountry,10
0011,LKUS_login,reviewRepeat,10
0011,LKUS_login,realIpCountry,10
0011,LKUS_login,realIpProvince,10
0011,LKUS_login,recaptchaV3Token,10
0011,LKUS_login,recaptchaV3Action,10
0011,LKUS_login,recaptchaV3Enabled,10
0011,LKUS_register,app,6
0011,LKUS_register,cid,7
0011,LKUS_register,uid,7
0011,LKUS_register,realIp,7
0011,LKUS_register,tenant,7
0011,LKUS_register,phoneNo,7
0011,LKUS_register,version,7
0011,LKUS_register,userAgent,7
0011,LKUS_register,realIpCity,7
0011,LKUS_register,countryCode,7
0011,LKUS_register,fullPhoneNo,7
0011,LKUS_register,phoneCountry,7
0011,LKUS_register,reviewRepeat,7
0011,LKUS_register,realIpCountry,7
0011,LKUS_register,realIpProvince,7
0011,LKUS_register,recaptchaV3Token,7
0011,LKUS_register,recaptchaV3Action,7
0011,LKUS_register,recaptchaV3Enabled,7
0011,LKUS_push,userNo,2
0011,LKUS_payment,packagingBagPrice,2
0011,LKUS_payment,packagingBagNumber,2
0011,LKUS_grant_new_user_coupon,app,6
0011,LKUS_grant_new_user_coupon,cid,7
0011,LKUS_grant_new_user_coupon,uid,7
0011,LKUS_grant_new_user_coupon,type,7
0011,LKUS_grant_new_user_coupon,extend,7
0011,LKUS_grant_new_user_coupon,origin,7
0011,LKUS_grant_new_user_coupon,realIp,7
0011,LKUS_grant_new_user_coupon,tenant,7
0011,LKUS_grant_new_user_coupon,userNo,7
0011,LKUS_grant_new_user_coupon,phoneNo,7
0011,LKUS_grant_new_user_coupon,readmes,7
0011,LKUS_grant_new_user_coupon,sceneId,7
0011,LKUS_grant_new_user_coupon,version,7
0011,LKUS_grant_new_user_coupon,discounts,7
0011,LKUS_grant_new_user_coupon,userAgent,7
0011,LKUS_grant_new_user_coupon,realIpCity,7
0011,LKUS_grant_new_user_coupon,countryCode,7
0011,LKUS_grant_new_user_coupon,couponNames,7
0011,LKUS_grant_new_user_coupon,couponTypes,7
0011,LKUS_grant_new_user_coupon,fullPhoneNo,7
0011,LKUS_grant_new_user_coupon,isBindPhone,7
0011,LKUS_grant_new_user_coupon,maskPhoneNo,7
0011,LKUS_grant_new_user_coupon,templateIds,7
0011,LKUS_grant_new_user_coupon,templateNos,7
0011,LKUS_grant_new_user_coupon,phoneCountry,7
0011,LKUS_grant_new_user_coupon,registerTime,7
0011,LKUS_grant_new_user_coupon,reviewRepeat,7
0011,LKUS_grant_new_user_coupon,realIpCountry,7
0011,LKUS_grant_new_user_coupon,discountLabels,7
0011,LKUS_grant_new_user_coupon,invitationCode,7
0011,LKUS_grant_new_user_coupon,realIpProvince,7
0011,LKUS_grant_new_user_coupon,recaptchaV3Token,7
0011,LKUS_grant_new_user_coupon,phoneNoEncryption,7
0011,LKUS_grant_new_user_coupon,recaptchaV3Action,7
0011,LKUS_grant_new_user_coupon,recaptchaV3Enabled,7
0011,LKUS_grant_new_user_coupon,couponDenominations,7
0011,LKUS_grant_new_user_coupon,couponDiscountTypes,7
0011,LKUS_grant_new_user_coupon,couponDiscountSubTypes,7
0011,LKUS_grant_new_user_coupon,couponDiscountTypeNames,7
0011,LKUS_physical_order_cancel,app,1
0011,LKUS_physical_order_cancel,cid,1
0011,LKUS_physical_order_cancel,uid,1
0011,LKUS_physical_order_cancel,realIp,1
0011,LKUS_physical_order_cancel,shopId,1
0011,LKUS_physical_order_cancel,tenant,1
0011,LKUS_physical_order_cancel,userNo,1
0011,LKUS_physical_order_cancel,isGuest,1
0011,LKUS_physical_order_cancel,orderNo,1
0011,LKUS_physical_order_cancel,phoneNo,1
0011,LKUS_physical_order_cancel,version,1
0011,LKUS_physical_order_cancel,shopCity,1
0011,LKUS_physical_order_cancel,userAgent,1
0011,LKUS_physical_order_cancel,realIpCity,1
0011,LKUS_physical_order_cancel,countryCode,1
0011,LKUS_physical_order_cancel,fullPhoneNo,1
0011,LKUS_physical_order_cancel,totalOfMade,1
0011,LKUS_physical_order_cancel,phoneCountry,1
0011,LKUS_physical_order_cancel,reviewRepeat,1
0011,LKUS_physical_order_cancel,realIpCountry,1
0011,LKUS_physical_order_cancel,realIpProvince,1
0011,LKUS_physical_order_cancel,recaptchaV3Token,1
0011,LKUS_physical_order_cancel,recaptchaV3Action,1
0011,LKUS_physical_order_cancel,recaptchaV3Enabled,1
0011,LKUS_physical_order_cancel,cancelTypeEnumIndex,1
0012,LKUS_push,app,38
0012,LKUS_push,cid,38
0012,LKUS_push,uid,38
0012,LKUS_push,realIp,38
0012,LKUS_push,tenant,38
0012,LKUS_push,phoneNo,38
0012,LKUS_push,version,38
0012,LKUS_push,userAgent,38
0012,LKUS_push,realIpCity,38
0012,LKUS_push,countryCode,38
0012,LKUS_push,fullPhoneNo,38
0012,LKUS_push,phoneCountry,38
0012,LKUS_push,reviewRepeat,38
0012,LKUS_push,realIpCountry,38
0012,LKUS_push,realIpProvince,38
0012,LKUS_push,recaptchaV3Token,38
0012,LKUS_push,recaptchaV3Action,38
0012,LKUS_push,recaptchaV3Enabled,38
0012,LKUS_login,app,13
0012,LKUS_login,cid,17
0012,LKUS_login,uid,17
0012,LKUS_login,realIp,17
0012,LKUS_login,tenant,17
0012,LKUS_login,userNo,17
0012,LKUS_login,phoneNo,17
0012,LKUS_login,version,17
0012,LKUS_login,userAgent,17
0012,LKUS_login,realIpCity,17
0012,LKUS_login,countryCode,17
0012,LKUS_login,fullPhoneNo,17
0012,LKUS_login,phoneCountry,17
0012,LKUS_login,reviewRepeat,16
0012,LKUS_login,realIpCountry,17
0012,LKUS_login,realIpProvince,17
0012,LKUS_login,recaptchaV3Token,16
0012,LKUS_login,recaptchaV3Action,16
0012,LKUS_login,recaptchaV3Enabled,16
0012,LKUS_grant_new_user_coupon,app,7
0012,LKUS_grant_new_user_coupon,cid,10
0012,LKUS_grant_new_user_coupon,uid,10
0012,LKUS_grant_new_user_coupon,type,10
0012,LKUS_grant_new_user_coupon,extend,10
0012,LKUS_grant_new_user_coupon,origin,10
0012,LKUS_grant_new_user_coupon,realIp,10
0012,LKUS_grant_new_user_coupon,tenant,10
0012,LKUS_grant_new_user_coupon,userNo,10
0012,LKUS_grant_new_user_coupon,phoneNo,10
0012,LKUS_grant_new_user_coupon,readmes,10
0012,LKUS_grant_new_user_coupon,sceneId,10
0012,LKUS_grant_new_user_coupon,version,10
0012,LKUS_grant_new_user_coupon,discounts,10
0012,LKUS_grant_new_user_coupon,userAgent,10
0012,LKUS_grant_new_user_coupon,realIpCity,10
0012,LKUS_grant_new_user_coupon,countryCode,10
0012,LKUS_grant_new_user_coupon,couponNames,10
0012,LKUS_grant_new_user_coupon,couponTypes,10
0012,LKUS_grant_new_user_coupon,fullPhoneNo,10
0012,LKUS_grant_new_user_coupon,isBindPhone,10
0012,LKUS_grant_new_user_coupon,maskPhoneNo,10
0012,LKUS_grant_new_user_coupon,templateIds,10
0012,LKUS_grant_new_user_coupon,templateNos,10
0012,LKUS_grant_new_user_coupon,phoneCountry,10
0012,LKUS_grant_new_user_coupon,registerTime,10
0012,LKUS_grant_new_user_coupon,reviewRepeat,10
0012,LKUS_grant_new_user_coupon,realIpCountry,10
0012,LKUS_grant_new_user_coupon,discountLabels,10
0012,LKUS_grant_new_user_coupon,invitationCode,10
0012,LKUS_grant_new_user_coupon,realIpProvince,10
0012,LKUS_grant_new_user_coupon,recaptchaV3Token,10
0012,LKUS_grant_new_user_coupon,phoneNoEncryption,10
0012,LKUS_grant_new_user_coupon,recaptchaV3Action,10
0012,LKUS_grant_new_user_coupon,recaptchaV3Enabled,10
0012,LKUS_grant_new_user_coupon,couponDenominations,10
0012,LKUS_grant_new_user_coupon,couponDiscountTypes,10
0012,LKUS_grant_new_user_coupon,couponDiscountSubTypes,10
0012,LKUS_grant_new_user_coupon,couponDiscountTypeNames,10
0012,LKUS_physical_order_create,app,67
0012,LKUS_physical_order_create,cid,78
0012,LKUS_physical_order_create,uid,78
0012,LKUS_physical_order_create,realIp,78
0012,LKUS_physical_order_create,shopId,78
0012,LKUS_physical_order_create,tenant,78
0012,LKUS_physical_order_create,userNo,78
0012,LKUS_physical_order_create,isGuest,78
0012,LKUS_physical_order_create,phoneNo,70
0012,LKUS_physical_order_create,version,78
0012,LKUS_physical_order_create,latitude,69
0012,LKUS_physical_order_create,longitude,69
0012,LKUS_physical_order_create,orderType,78
0012,LKUS_physical_order_create,taxAmount,78
0012,LKUS_physical_order_create,userAgent,78
0012,LKUS_physical_order_create,orderPrice,78
0012,LKUS_physical_order_create,realIpCity,78
0012,LKUS_physical_order_create,countryCode,78
0012,LKUS_physical_order_create,fullPhoneNo,70
0012,LKUS_physical_order_create,shopAddress,78
0012,LKUS_physical_order_create,phoneCountry,70
0012,LKUS_physical_order_create,reviewRepeat,66
0012,LKUS_physical_order_create,shopCityName,78
0012,LKUS_physical_order_create,shopLatitude,78
0012,LKUS_physical_order_create,isTaxRequired,78
0012,LKUS_physical_order_create,orderSkuCodes,75
0012,LKUS_physical_order_create,orderSpuCodes,75
0012,LKUS_physical_order_create,productAmount,78
0012,LKUS_physical_order_create,realIpCountry,78
0012,LKUS_physical_order_create,shopLongitude,78
0012,LKUS_physical_order_create,realIpProvince,78
0012,LKUS_physical_order_create,recaptchaV3Token,66
0012,LKUS_physical_order_create,recaptchaV3Action,66
0012,LKUS_physical_order_create,recaptchaV3Enabled,66
0012,LKUS_payment,app,64
0012,LKUS_payment,cid,76
0012,LKUS_payment,uid,76
0012,LKUS_payment,realIp,76
0012,LKUS_payment,shopId,76
0012,LKUS_payment,tenant,76
0012,LKUS_payment,userNo,76
0012,LKUS_payment,isGuest,76
0012,LKUS_payment,orderNo,76
0012,LKUS_payment,payType,76
0012,LKUS_payment,phoneNo,67
0012,LKUS_payment,version,76
0012,LKUS_payment,payMoney,76
0012,LKUS_payment,orderType,76
0012,LKUS_payment,taxAmount,76
0012,LKUS_payment,userAgent,76
0012,LKUS_payment,orderPrice,76
0012,LKUS_payment,realIpCity,76
0012,LKUS_payment,countryCode,67
0012,LKUS_payment,fullPhoneNo,67
0012,LKUS_payment,phoneCountry,67
0012,LKUS_payment,reviewRepeat,63
0012,LKUS_payment,isTaxRequired,76
0012,LKUS_payment,realIpCountry,76
0012,LKUS_payment,realIpProvince,76
0012,LKUS_payment,recaptchaV3Token,63
0012,LKUS_payment,recaptchaV3Action,63
0012,LKUS_payment,recaptchaV3Enabled,63
0012,LKUS_physical_order_create,couponNos,58
0012,LKUS_physical_order_create,couponNames,58
0012,LKUS_physical_order_create,couponTypes,58
0012,LKUS_physical_order_create,couponSources,58
0012,LKUS_physical_order_create,couponProposalNos,58
0012,LKUS_physical_order_create,couponTemplateIds,58
0012,LKUS_physical_order_create,couponDenomination,58
0012,LKUS_physical_order_create,couponDiscountTypes,58
0012,LKUS_physical_order_create,couponDiscountSubTypes,58
0012,LKUS_physical_order_create,shumeiDevId,9
0012,LKUS_physical_order_create,shumengDevId,9
0012,LKUS_physical_order_create,tongdunBlackBox,9
0012,LKUS_physical_order_create,packageOrderSkuCodes,4
0012,LKUS_physical_order_create,packageOrderSpuCodes,4
0012,LKUS_payment,packagingBagPrice,3
0012,LKUS_payment,packagingBagNumber,3
0012,LKUS_physical_order_cancel,app,1
0012,LKUS_physical_order_cancel,cid,1
0012,LKUS_physical_order_cancel,uid,1
0012,LKUS_physical_order_cancel,realIp,1
0012,LKUS_physical_order_cancel,shopId,1
0012,LKUS_physical_order_cancel,tenant,1
0012,LKUS_physical_order_cancel,userNo,1
0012,LKUS_physical_order_cancel,isGuest,1
0012,LKUS_physical_order_cancel,orderNo,1
0012,LKUS_physical_order_cancel,phoneNo,1
0012,LKUS_physical_order_cancel,version,1
0012,LKUS_physical_order_cancel,shopCity,1
0012,LKUS_physical_order_cancel,userAgent,1
0012,LKUS_physical_order_cancel,realIpCity,1
0012,LKUS_physical_order_cancel,countryCode,1
0012,LKUS_physical_order_cancel,fullPhoneNo,1
0012,LKUS_physical_order_cancel,totalOfMade,1
0012,LKUS_physical_order_cancel,phoneCountry,1
0012,LKUS_physical_order_cancel,reviewRepeat,1
0012,LKUS_physical_order_cancel,realIpCountry,1
0012,LKUS_physical_order_cancel,realIpProvince,1
0012,LKUS_physical_order_cancel,recaptchaV3Token,1
0012,LKUS_physical_order_cancel,recaptchaV3Action,1
0012,LKUS_physical_order_cancel,recaptchaV3Enabled,1
0012,LKUS_physical_order_cancel,cancelTypeEnumIndex,1
0012,LKUS_register,app,8
0012,LKUS_register,cid,8
0012,LKUS_register,uid,8
0012,LKUS_register,realIp,8
0012,LKUS_register,tenant,8
0012,LKUS_register,phoneNo,8
0012,LKUS_register,version,8
0012,LKUS_register,userAgent,8
0012,LKUS_register,realIpCity,8
0012,LKUS_register,countryCode,8
0012,LKUS_register,fullPhoneNo,8
0012,LKUS_register,phoneCountry,8
0012,LKUS_register,reviewRepeat,8
0012,LKUS_register,realIpCountry,8
0012,LKUS_register,realIpProvince,8
0012,LKUS_register,recaptchaV3Token,8
0012,LKUS_register,recaptchaV3Action,8
0012,LKUS_register,recaptchaV3Enabled,8
0012,LKUS_grant_new_user_coupon,inviterCode,2
0012,LKUS_grant_new_user_coupon,inviterType,2
0012,LKUS_grant_new_user_coupon,inviterPhone,2
0012,LKUS_grant_new_user_coupon,inviterUserNo,2
0012,LKUS_grant_new_user_coupon,marketingCode,2
0012,LKUS_grant_new_user_coupon,invitationActivityNo,2
0013,LKUS_push,app,41
0013,LKUS_push,cid,45
0013,LKUS_push,uid,45
0013,LKUS_push,realIp,45
0013,LKUS_push,tenant,45
0013,LKUS_push,phoneNo,45
0013,LKUS_push,version,45
0013,LKUS_push,userAgent,45
0013,LKUS_push,realIpCity,45
0013,LKUS_push,countryCode,45
0013,LKUS_push,fullPhoneNo,45
0013,LKUS_push,phoneCountry,45
0013,LKUS_push,reviewRepeat,44
0013,LKUS_push,realIpCountry,45
0013,LKUS_push,realIpProvince,45
0013,LKUS_push,recaptchaV3Token,44
0013,LKUS_push,recaptchaV3Action,44
0013,LKUS_push,recaptchaV3Enabled,44
0013,IQA2_login,app,1
0013,IQA2_login,cid,1
0013,IQA2_login,uid,1
0013,IQA2_login,realIp,1
0013,IQA2_login,tenant,1
0013,IQA2_login,userNo,1
0013,IQA2_login,phoneNo,1
0013,IQA2_login,version,1
0013,IQA2_login,userAgent,1
0013,IQA2_login,realIpCity,1
0013,IQA2_login,countryCode,1
0013,IQA2_login,fullPhoneNo,1
0013,IQA2_login,phoneCountry,1
0013,IQA2_login,reviewRepeat,1
0013,IQA2_login,realIpCountry,1
0013,IQA2_login,realIpProvince,1
0013,IQA2_login,recaptchaV3Token,1
0013,IQA2_login,recaptchaV3Action,1
0013,IQA2_login,recaptchaV3Enabled,1
0013,IQA2_payment,app,1
0013,IQA2_payment,cid,1
0013,IQA2_payment,uid,1
0013,IQA2_payment,realIp,1
0013,IQA2_payment,shopId,1
0013,IQA2_payment,tenant,1
0013,IQA2_payment,userNo,1
0013,IQA2_payment,isGuest,1
0013,IQA2_payment,orderNo,1
0013,IQA2_payment,payType,1
0013,IQA2_payment,phoneNo,1
0013,IQA2_payment,version,1
0013,IQA2_payment,payMoney,1
0013,IQA2_payment,orderType,1
0013,IQA2_payment,taxAmount,1
0013,IQA2_payment,userAgent,1
0013,IQA2_payment,orderPrice,1
0013,IQA2_payment,realIpCity,1
0013,IQA2_payment,countryCode,1
0013,IQA2_payment,fullPhoneNo,1
0013,IQA2_payment,phoneCountry,1
0013,IQA2_payment,reviewRepeat,1
0013,IQA2_payment,isTaxRequired,1
0013,IQA2_payment,realIpCountry,1
0013,IQA2_payment,realIpProvince,1
0013,IQA2_payment,recaptchaV3Token,1
0013,IQA2_payment,recaptchaV3Action,1
0013,IQA2_payment,recaptchaV3Enabled,1
0013,IQA2_physical_order_create,app,1
0013,IQA2_physical_order_create,cid,1
0013,IQA2_physical_order_create,uid,1
0013,IQA2_physical_order_create,realIp,1
0013,IQA2_physical_order_create,shopId,1
0013,IQA2_physical_order_create,tenant,1
0013,IQA2_physical_order_create,userNo,1
0013,IQA2_physical_order_create,isGuest,1
0013,IQA2_physical_order_create,phoneNo,1
0013,IQA2_physical_order_create,version,1
0013,IQA2_physical_order_create,latitude,1
0013,IQA2_physical_order_create,couponNos,1
0013,IQA2_physical_order_create,longitude,1
0013,IQA2_physical_order_create,orderType,1
0013,IQA2_physical_order_create,taxAmount,1
0013,IQA2_physical_order_create,userAgent,1
0013,IQA2_physical_order_create,orderPrice,1
0013,IQA2_physical_order_create,realIpCity,1
0013,IQA2_physical_order_create,countryCode,1
0013,IQA2_physical_order_create,couponNames,1
0013,IQA2_physical_order_create,couponTypes,1
0013,IQA2_physical_order_create,fullPhoneNo,1
0013,IQA2_physical_order_create,shopAddress,1
0013,IQA2_physical_order_create,phoneCountry,1
0013,IQA2_physical_order_create,reviewRepeat,1
0013,IQA2_physical_order_create,shopCityName,1
0013,IQA2_physical_order_create,shopLatitude,1
0013,IQA2_physical_order_create,couponSources,1
0013,IQA2_physical_order_create,isTaxRequired,1
0013,IQA2_physical_order_create,orderSkuCodes,1
0013,IQA2_physical_order_create,orderSpuCodes,1
0013,IQA2_physical_order_create,productAmount,1
0013,IQA2_physical_order_create,realIpCountry,1
0013,IQA2_physical_order_create,shopLongitude,1
0013,IQA2_physical_order_create,realIpProvince,1
0013,IQA2_physical_order_create,recaptchaV3Token,1
0013,IQA2_physical_order_create,couponProposalNos,1
0013,IQA2_physical_order_create,couponTemplateIds,1
0013,IQA2_physical_order_create,recaptchaV3Action,1
0013,IQA2_physical_order_create,couponDenomination,1
0013,IQA2_physical_order_create,recaptchaV3Enabled,1
0013,IQA2_physical_order_create,couponDiscountTypes,1
0013,IQA2_physical_order_create,couponDiscountSubTypes,1
0013,IQA2_physical_order_cancel,app,1
0013,IQA2_physical_order_cancel,cid,1
0013,IQA2_physical_order_cancel,uid,1
0013,IQA2_physical_order_cancel,realIp,1
0013,IQA2_physical_order_cancel,shopId,1
0013,IQA2_physical_order_cancel,tenant,1
0013,IQA2_physical_order_cancel,userNo,1
0013,IQA2_physical_order_cancel,isGuest,1
0013,IQA2_physical_order_cancel,orderNo,1
0013,IQA2_physical_order_cancel,phoneNo,1
0013,IQA2_physical_order_cancel,version,1
0013,IQA2_physical_order_cancel,shopCity,1
0013,IQA2_physical_order_cancel,userAgent,1
0013,IQA2_physical_order_cancel,realIpCity,1
0013,IQA2_physical_order_cancel,countryCode,1
0013,IQA2_physical_order_cancel,fullPhoneNo,1
0013,IQA2_physical_order_cancel,totalOfMade,1
0013,IQA2_physical_order_cancel,phoneCountry,1
0013,IQA2_physical_order_cancel,reviewRepeat,1
0013,IQA2_physical_order_cancel,realIpCountry,1
0013,IQA2_physical_order_cancel,realIpProvince,1
0013,IQA2_physical_order_cancel,recaptchaV3Token,1
0013,IQA2_physical_order_cancel,recaptchaV3Action,1
0013,IQA2_physical_order_cancel,recaptchaV3Enabled,1
0013,IQA2_physical_order_cancel,cancelTypeEnumIndex,1
0013,IQA2_draw_activity,cid,2
0013,IQA2_draw_activity,uid,2
0013,IQA2_draw_activity,extend,2
0013,IQA2_draw_activity,partId,2
0013,IQA2_draw_activity,partNo,2
0013,IQA2_draw_activity,realIp,2
0013,IQA2_draw_activity,tenant,2
0013,IQA2_draw_activity,userNo,2
0013,IQA2_draw_activity,phoneNo,2
0013,IQA2_draw_activity,sceneId,2
0013,IQA2_draw_activity,version,2
0013,IQA2_draw_activity,drawType,2
0013,IQA2_draw_activity,hitPrize,2
0013,IQA2_draw_activity,partType,2
0013,IQA2_draw_activity,prizeIds,2
0013,IQA2_draw_activity,userAgent,2
0013,IQA2_draw_activity,activityId,2
0013,IQA2_draw_activity,activityNo,2
0013,IQA2_draw_activity,couponNums,2
0013,IQA2_draw_activity,prizeCodes,2
0013,IQA2_draw_activity,prizeNames,2
0013,IQA2_draw_activity,prizeRates,2
0013,IQA2_draw_activity,prizeTypes,2
0013,IQA2_draw_activity,realIpCity,2
0013,IQA2_draw_activity,countryCode,2
0013,IQA2_draw_activity,couponTypes,2
0013,IQA2_draw_activity,fullPhoneNo,2
0013,IQA2_draw_activity,activityName,2
0013,IQA2_draw_activity,defaultTypes,2
0013,IQA2_draw_activity,fixedEndTime,2
0013,IQA2_draw_activity,phoneCountry,2
0013,IQA2_draw_activity,discountRates,2
0013,IQA2_draw_activity,realIpCountry,2
0013,IQA2_draw_activity,fixedStartTime,2
0013,IQA2_draw_activity,limitUserGroup,2
0013,IQA2_draw_activity,realIpProvince,2
0013,IQA2_draw_activity,maxDiscountRate,2
0013,IQA2_draw_activity,minDiscountRate,2
0013,IQA2_draw_activity,drawActivityType,2
0013,IQA2_draw_activity,prizeReceiveType,2
0013,IQA2_draw_activity,couponProposalNos,2
0013,IQA2_draw_activity,couponTemplateNos,2
0013,IQA2_draw_activity,couponDiscountTypes,2
0013,IQA2_draw_activity,couponDiscountSubTypes,2
0013,LKUS_login,app,7
0013,LKUS_login,cid,10
0013,LKUS_login,uid,10
0013,LKUS_login,realIp,10
0013,LKUS_login,tenant,10
0013,LKUS_login,userNo,10
0013,LKUS_login,phoneNo,10
0013,LKUS_login,version,10
0013,LKUS_login,userAgent,10
0013,LKUS_login,realIpCity,10
0013,LKUS_login,countryCode,10
0013,LKUS_login,fullPhoneNo,10
0013,LKUS_login,phoneCountry,10
0013,LKUS_login,reviewRepeat,9
0013,LKUS_login,realIpCountry,10
0013,LKUS_login,realIpProvince,10
0013,LKUS_login,recaptchaV3Token,9
0013,LKUS_login,recaptchaV3Action,9
0013,LKUS_login,recaptchaV3Enabled,9
0013,LKUS_physical_order_create,app,81
0013,LKUS_physical_order_create,cid,96
0013,LKUS_physical_order_create,uid,96
0013,LKUS_physical_order_create,realIp,96
0013,LKUS_physical_order_create,shopId,96
0013,LKUS_physical_order_create,tenant,96
0013,LKUS_physical_order_create,userNo,96
0013,LKUS_physical_order_create,isGuest,96
0013,LKUS_physical_order_create,phoneNo,84
0013,LKUS_physical_order_create,version,96
0013,LKUS_physical_order_create,latitude,83
0013,LKUS_physical_order_create,couponNos,76
0013,LKUS_physical_order_create,longitude,83
0013,LKUS_physical_order_create,orderType,96
0013,LKUS_physical_order_create,taxAmount,96
0013,LKUS_physical_order_create,userAgent,96
0013,LKUS_physical_order_create,orderPrice,94
0013,LKUS_physical_order_create,realIpCity,96
0013,LKUS_physical_order_create,countryCode,96
0013,LKUS_physical_order_create,couponNames,76
0013,LKUS_physical_order_create,couponTypes,76
0013,LKUS_physical_order_create,fullPhoneNo,84
0013,LKUS_physical_order_create,shopAddress,96
0013,LKUS_physical_order_create,phoneCountry,84
0013,LKUS_physical_order_create,reviewRepeat,79
0013,LKUS_physical_order_create,shopCityName,96
0013,LKUS_physical_order_create,shopLatitude,96
0013,LKUS_physical_order_create,couponSources,76
0013,LKUS_physical_order_create,isTaxRequired,96
0013,LKUS_physical_order_create,orderSkuCodes,95
0013,LKUS_physical_order_create,orderSpuCodes,95
0013,LKUS_physical_order_create,productAmount,96
0013,LKUS_physical_order_create,realIpCountry,96
0013,LKUS_physical_order_create,shopLongitude,96
0013,LKUS_physical_order_create,realIpProvince,96
0013,LKUS_physical_order_create,recaptchaV3Token,79
0013,LKUS_physical_order_create,couponProposalNos,76
0013,LKUS_physical_order_create,couponTemplateIds,76
0013,LKUS_physical_order_create,recaptchaV3Action,79
0013,LKUS_physical_order_create,couponDenomination,76
0013,LKUS_physical_order_create,recaptchaV3Enabled,79
0013,LKUS_physical_order_create,couponDiscountTypes,76
0013,LKUS_physical_order_create,couponDiscountSubTypes,76
0013,LKUS_payment,app,80
0013,LKUS_payment,cid,95
0013,LKUS_payment,uid,95
0013,LKUS_payment,realIp,95
0013,LKUS_payment,shopId,95
0013,LKUS_payment,tenant,95
0013,LKUS_payment,userNo,95
0013,LKUS_payment,isGuest,95
0013,LKUS_payment,orderNo,95
0013,LKUS_payment,payType,95
0013,LKUS_payment,phoneNo,83
0013,LKUS_payment,version,95
0013,LKUS_payment,payMoney,95
0013,LKUS_payment,orderType,95
0013,LKUS_payment,taxAmount,95
0013,LKUS_payment,userAgent,95
0013,LKUS_payment,orderPrice,95
0013,LKUS_payment,realIpCity,95
0013,LKUS_payment,countryCode,83
0013,LKUS_payment,fullPhoneNo,83
0013,LKUS_payment,phoneCountry,83
0013,LKUS_payment,reviewRepeat,78
0013,LKUS_payment,isTaxRequired,95
0013,LKUS_payment,realIpCountry,95
0013,LKUS_payment,realIpProvince,95
0013,LKUS_payment,recaptchaV3Token,78
0013,LKUS_payment,recaptchaV3Action,78
0013,LKUS_payment,recaptchaV3Enabled,78
0013,LKUS_grant_new_user_coupon,cid,7
0013,LKUS_grant_new_user_coupon,uid,7
0013,LKUS_grant_new_user_coupon,type,7
0013,LKUS_grant_new_user_coupon,extend,7
0013,LKUS_grant_new_user_coupon,origin,7
0013,LKUS_grant_new_user_coupon,realIp,7
0013,LKUS_grant_new_user_coupon,tenant,7
0013,LKUS_grant_new_user_coupon,userNo,7
0013,LKUS_grant_new_user_coupon,phoneNo,7
0013,LKUS_grant_new_user_coupon,readmes,7
0013,LKUS_grant_new_user_coupon,sceneId,7
0013,LKUS_grant_new_user_coupon,version,7
0013,LKUS_grant_new_user_coupon,discounts,7
0013,LKUS_grant_new_user_coupon,userAgent,7
0013,LKUS_grant_new_user_coupon,realIpCity,7
0013,LKUS_grant_new_user_coupon,countryCode,7
0013,LKUS_grant_new_user_coupon,couponNames,7
0013,LKUS_grant_new_user_coupon,couponTypes,7
0013,LKUS_grant_new_user_coupon,fullPhoneNo,7
0013,LKUS_grant_new_user_coupon,inviterCode,2
0013,LKUS_grant_new_user_coupon,inviterType,2
0013,LKUS_grant_new_user_coupon,isBindPhone,7
0013,LKUS_grant_new_user_coupon,maskPhoneNo,7
0013,LKUS_grant_new_user_coupon,templateIds,7
0013,LKUS_grant_new_user_coupon,templateNos,7
0013,LKUS_grant_new_user_coupon,inviterPhone,2
0013,LKUS_grant_new_user_coupon,phoneCountry,7
0013,LKUS_grant_new_user_coupon,registerTime,7
0013,LKUS_grant_new_user_coupon,reviewRepeat,7
0013,LKUS_grant_new_user_coupon,inviterUserNo,2
0013,LKUS_grant_new_user_coupon,marketingCode,2
0013,LKUS_grant_new_user_coupon,realIpCountry,7
0013,LKUS_grant_new_user_coupon,discountLabels,7
0013,LKUS_grant_new_user_coupon,invitationCode,7
0013,LKUS_grant_new_user_coupon,realIpProvince,7
0013,LKUS_grant_new_user_coupon,recaptchaV3Token,7
0013,LKUS_grant_new_user_coupon,phoneNoEncryption,7
0013,LKUS_grant_new_user_coupon,recaptchaV3Action,7
0013,LKUS_grant_new_user_coupon,recaptchaV3Enabled,7
0013,LKUS_grant_new_user_coupon,couponDenominations,7
0013,LKUS_grant_new_user_coupon,couponDiscountTypes,7
0013,LKUS_grant_new_user_coupon,invitationActivityNo,2
0013,LKUS_grant_new_user_coupon,couponDiscountSubTypes,7
0013,LKUS_grant_new_user_coupon,couponDiscountTypeNames,7
0013,LKUS_physical_order_create,shumeiDevId,13
0013,LKUS_physical_order_create,shumengDevId,13
0013,LKUS_physical_order_create,tongdunBlackBox,13
0013,LKUS_physical_order_create,packageOrderSkuCodes,1
0013,LKUS_physical_order_create,packageOrderSpuCodes,1
0013,LKUS_grant_new_user_coupon,app,5
0013,LKUS_register,app,3
0013,LKUS_register,cid,5
0013,LKUS_register,uid,5
0013,LKUS_register,realIp,5
0013,LKUS_register,tenant,5
0013,LKUS_register,phoneNo,5
0013,LKUS_register,version,5
0013,LKUS_register,userAgent,5
0013,LKUS_register,realIpCity,5
0013,LKUS_register,countryCode,5
0013,LKUS_register,fullPhoneNo,5
0013,LKUS_register,phoneCountry,5
0013,LKUS_register,reviewRepeat,5
0013,LKUS_register,realIpCountry,5
0013,LKUS_register,realIpProvince,5
0013,LKUS_register,recaptchaV3Token,5
0013,LKUS_register,recaptchaV3Action,5
0013,LKUS_register,recaptchaV3Enabled,5
0013,LKUS_payment,packagingBagPrice,1
0013,LKUS_payment,packagingBagNumber,1
0014,LKUS_push,app,33
0014,LKUS_push,cid,36
0014,LKUS_push,uid,36
0014,LKUS_push,realIp,36
0014,LKUS_push,tenant,36
0014,LKUS_push,phoneNo,36
0014,LKUS_push,version,36
0014,LKUS_push,userAgent,36
0014,LKUS_push,realIpCity,36
0014,LKUS_push,countryCode,36
0014,LKUS_push,fullPhoneNo,36
0014,LKUS_push,phoneCountry,36
0014,LKUS_push,reviewRepeat,33
0014,LKUS_push,realIpCountry,36
0014,LKUS_push,realIpProvince,36
0014,LKUS_push,recaptchaV3Token,33
0014,LKUS_push,recaptchaV3Action,33
0014,LKUS_push,recaptchaV3Enabled,33
0014,LKUS_login,app,18
0014,LKUS_login,cid,19
0014,LKUS_login,uid,19
0014,LKUS_login,realIp,19
0014,LKUS_login,tenant,19
0014,LKUS_login,userNo,19
0014,LKUS_login,phoneNo,19
0014,LKUS_login,version,19
0014,LKUS_login,userAgent,19
0014,LKUS_login,realIpCity,19
0014,LKUS_login,countryCode,19
0014,LKUS_login,fullPhoneNo,19
0014,LKUS_login,phoneCountry,19
0014,LKUS_login,reviewRepeat,18
0014,LKUS_login,realIpCountry,19
0014,LKUS_login,realIpProvince,19
0014,LKUS_login,recaptchaV3Token,18
0014,LKUS_login,recaptchaV3Action,18
0014,LKUS_login,recaptchaV3Enabled,18
0014,LKUS_grant_new_user_coupon,app,14
0014,LKUS_grant_new_user_coupon,cid,14
0014,LKUS_grant_new_user_coupon,uid,14
0014,LKUS_grant_new_user_coupon,type,14
0014,LKUS_grant_new_user_coupon,extend,14
0014,LKUS_grant_new_user_coupon,origin,14
0014,LKUS_grant_new_user_coupon,realIp,14
0014,LKUS_grant_new_user_coupon,tenant,14
0014,LKUS_grant_new_user_coupon,userNo,14
0014,LKUS_grant_new_user_coupon,phoneNo,14
0014,LKUS_grant_new_user_coupon,readmes,14
0014,LKUS_grant_new_user_coupon,sceneId,14
0014,LKUS_grant_new_user_coupon,version,14
0014,LKUS_grant_new_user_coupon,discounts,14
0014,LKUS_grant_new_user_coupon,userAgent,14
0014,LKUS_grant_new_user_coupon,realIpCity,14
0014,LKUS_grant_new_user_coupon,countryCode,14
0014,LKUS_grant_new_user_coupon,couponNames,14
0014,LKUS_grant_new_user_coupon,couponTypes,14
0014,LKUS_grant_new_user_coupon,fullPhoneNo,14
0014,LKUS_grant_new_user_coupon,isBindPhone,14
0014,LKUS_grant_new_user_coupon,maskPhoneNo,14
0014,LKUS_grant_new_user_coupon,templateIds,14
0014,LKUS_grant_new_user_coupon,templateNos,14
0014,LKUS_grant_new_user_coupon,phoneCountry,14
0014,LKUS_grant_new_user_coupon,registerTime,14
0014,LKUS_grant_new_user_coupon,reviewRepeat,14
0014,LKUS_grant_new_user_coupon,realIpCountry,14
0014,LKUS_grant_new_user_coupon,discountLabels,14
0014,LKUS_grant_new_user_coupon,invitationCode,14
0014,LKUS_grant_new_user_coupon,realIpProvince,14
0014,LKUS_grant_new_user_coupon,recaptchaV3Token,14
0014,LKUS_grant_new_user_coupon,phoneNoEncryption,14
0014,LKUS_grant_new_user_coupon,recaptchaV3Action,14
0014,LKUS_grant_new_user_coupon,recaptchaV3Enabled,14
0014,LKUS_grant_new_user_coupon,couponDenominations,14
0014,LKUS_grant_new_user_coupon,couponDiscountTypes,14
0014,LKUS_grant_new_user_coupon,couponDiscountSubTypes,14
0014,LKUS_grant_new_user_coupon,couponDiscountTypeNames,14
0014,LKUS_physical_order_create,app,76
0014,LKUS_physical_order_create,cid,93
0014,LKUS_physical_order_create,uid,93
0014,LKUS_physical_order_create,realIp,93
0014,LKUS_physical_order_create,shopId,93
0014,LKUS_physical_order_create,tenant,93
0014,LKUS_physical_order_create,userNo,93
0014,LKUS_physical_order_create,isGuest,93
0014,LKUS_physical_order_create,phoneNo,77
0014,LKUS_physical_order_create,version,93
0014,LKUS_physical_order_create,latitude,77
0014,LKUS_physical_order_create,couponNos,70
0014,LKUS_physical_order_create,longitude,77
0014,LKUS_physical_order_create,orderType,93
0014,LKUS_physical_order_create,taxAmount,93
0014,LKUS_physical_order_create,userAgent,93
0014,LKUS_physical_order_create,orderPrice,93
0014,LKUS_physical_order_create,realIpCity,93
0014,LKUS_physical_order_create,countryCode,93
0014,LKUS_physical_order_create,couponNames,70
0014,LKUS_physical_order_create,couponTypes,70
0014,LKUS_physical_order_create,fullPhoneNo,77
0014,LKUS_physical_order_create,shopAddress,93
0014,LKUS_physical_order_create,phoneCountry,77
0014,LKUS_physical_order_create,reviewRepeat,74
0014,LKUS_physical_order_create,shopCityName,93
0014,LKUS_physical_order_create,shopLatitude,93
0014,LKUS_physical_order_create,couponSources,70
0014,LKUS_physical_order_create,isTaxRequired,93
0014,LKUS_physical_order_create,orderSkuCodes,92
0014,LKUS_physical_order_create,orderSpuCodes,92
0014,LKUS_physical_order_create,productAmount,93
0014,LKUS_physical_order_create,realIpCountry,93
0014,LKUS_physical_order_create,shopLongitude,93
0014,LKUS_physical_order_create,realIpProvince,93
0014,LKUS_physical_order_create,recaptchaV3Token,74
0014,LKUS_physical_order_create,couponProposalNos,70
0014,LKUS_physical_order_create,couponTemplateIds,70
0014,LKUS_physical_order_create,recaptchaV3Action,74
0014,LKUS_physical_order_create,couponDenomination,70
0014,LKUS_physical_order_create,recaptchaV3Enabled,74
0014,LKUS_physical_order_create,couponDiscountTypes,70
0014,LKUS_physical_order_create,couponDiscountSubTypes,70
0014,LKUS_payment,app,78
0014,LKUS_payment,cid,97
0014,LKUS_payment,uid,97
0014,LKUS_payment,realIp,97
0014,LKUS_payment,shopId,97
0014,LKUS_payment,tenant,97
0014,LKUS_payment,userNo,97
0014,LKUS_payment,isGuest,97
0014,LKUS_payment,orderNo,97
0014,LKUS_payment,payType,97
0014,LKUS_payment,phoneNo,79
0014,LKUS_payment,version,97
0014,LKUS_payment,payMoney,97
0014,LKUS_payment,orderType,97
0014,LKUS_payment,taxAmount,97
0014,LKUS_payment,userAgent,97
0014,LKUS_payment,orderPrice,97
0014,LKUS_payment,realIpCity,97
0014,LKUS_payment,countryCode,79
0014,LKUS_payment,fullPhoneNo,79
0014,LKUS_payment,phoneCountry,79
0014,LKUS_payment,reviewRepeat,76
0014,LKUS_payment,isTaxRequired,97
0014,LKUS_payment,realIpCountry,97
0014,LKUS_payment,realIpProvince,97
0014,LKUS_payment,recaptchaV3Token,76
0014,LKUS_payment,recaptchaV3Action,76
0014,LKUS_payment,recaptchaV3Enabled,76
0014,LKUS_push,userNo,2
0014,LKUS_physical_order_create,shumeiDevId,16
0014,LKUS_physical_order_create,shumengDevId,16
0014,LKUS_physical_order_create,tongdunBlackBox,16
0014,LKUS_physical_order_create,packageOrderSkuCodes,1
0014,LKUS_physical_order_create,packageOrderSpuCodes,1
0014,LKUS_register,app,4
0014,LKUS_register,cid,6
0014,LKUS_register,uid,6
0014,LKUS_register,realIp,6
0014,LKUS_register,tenant,6
0014,LKUS_register,phoneNo,6
0014,LKUS_register,version,6
0014,LKUS_register,userAgent,6
0014,LKUS_register,realIpCity,6
0014,LKUS_register,countryCode,6
0014,LKUS_register,fullPhoneNo,6
0014,LKUS_register,phoneCountry,6
0014,LKUS_register,reviewRepeat,5
0014,LKUS_register,realIpCountry,6
0014,LKUS_register,realIpProvince,6
0014,LKUS_register,recaptchaV3Token,5
0014,LKUS_register,recaptchaV3Action,5
0014,LKUS_register,recaptchaV3Enabled,5
0014,LKUS_payment,packagingBagPrice,1
0014,LKUS_payment,packagingBagNumber,1
0014,LKUS_physical_order_cancel,app,1
0014,LKUS_physical_order_cancel,cid,1
0014,LKUS_physical_order_cancel,uid,1
0014,LKUS_physical_order_cancel,realIp,1
0014,LKUS_physical_order_cancel,shopId,1
0014,LKUS_physical_order_cancel,tenant,1
0014,LKUS_physical_order_cancel,userNo,1
0014,LKUS_physical_order_cancel,isGuest,1
0014,LKUS_physical_order_cancel,orderNo,1
0014,LKUS_physical_order_cancel,phoneNo,1
0014,LKUS_physical_order_cancel,version,1
0014,LKUS_physical_order_cancel,shopCity,1
0014,LKUS_physical_order_cancel,userAgent,1
0014,LKUS_physical_order_cancel,realIpCity,1
0014,LKUS_physical_order_cancel,countryCode,1
0014,LKUS_physical_order_cancel,fullPhoneNo,1
0014,LKUS_physical_order_cancel,totalOfMade,1
0014,LKUS_physical_order_cancel,phoneCountry,1
0014,LKUS_physical_order_cancel,reviewRepeat,1
0014,LKUS_physical_order_cancel,realIpCountry,1
0014,LKUS_physical_order_cancel,realIpProvince,1
0014,LKUS_physical_order_cancel,recaptchaV3Token,1
0014,LKUS_physical_order_cancel,recaptchaV3Action,1
0014,LKUS_physical_order_cancel,recaptchaV3Enabled,1
0014,LKUS_physical_order_cancel,cancelTypeEnumIndex,1
0015,LKUS_grant_new_user_coupon,app,9
0015,LKUS_grant_new_user_coupon,cid,11
0015,LKUS_grant_new_user_coupon,uid,11
0015,LKUS_grant_new_user_coupon,type,11
0015,LKUS_grant_new_user_coupon,extend,11
0015,LKUS_grant_new_user_coupon,origin,11
0015,LKUS_grant_new_user_coupon,realIp,11
0015,LKUS_grant_new_user_coupon,tenant,11
0015,LKUS_grant_new_user_coupon,userNo,11
0015,LKUS_grant_new_user_coupon,phoneNo,11
0015,LKUS_grant_new_user_coupon,readmes,11
0015,LKUS_grant_new_user_coupon,sceneId,11
0015,LKUS_grant_new_user_coupon,version,11
0015,LKUS_grant_new_user_coupon,discounts,11
0015,LKUS_grant_new_user_coupon,userAgent,11
0015,LKUS_grant_new_user_coupon,realIpCity,11
0015,LKUS_grant_new_user_coupon,countryCode,11
0015,LKUS_grant_new_user_coupon,couponNames,11
0015,LKUS_grant_new_user_coupon,couponTypes,11
0015,LKUS_grant_new_user_coupon,fullPhoneNo,11
0015,LKUS_grant_new_user_coupon,isBindPhone,11
0015,LKUS_grant_new_user_coupon,maskPhoneNo,11
0015,LKUS_grant_new_user_coupon,templateIds,11
0015,LKUS_grant_new_user_coupon,templateNos,11
0015,LKUS_grant_new_user_coupon,phoneCountry,11
0015,LKUS_grant_new_user_coupon,registerTime,11
0015,LKUS_grant_new_user_coupon,reviewRepeat,11
0015,LKUS_grant_new_user_coupon,realIpCountry,11
0015,LKUS_grant_new_user_coupon,discountLabels,11
0015,LKUS_grant_new_user_coupon,invitationCode,11
0015,LKUS_grant_new_user_coupon,realIpProvince,11
0015,LKUS_grant_new_user_coupon,recaptchaV3Token,11
0015,LKUS_grant_new_user_coupon,phoneNoEncryption,11
0015,LKUS_grant_new_user_coupon,recaptchaV3Action,11
0015,LKUS_grant_new_user_coupon,recaptchaV3Enabled,11
0015,LKUS_grant_new_user_coupon,couponDenominations,11
0015,LKUS_grant_new_user_coupon,couponDiscountTypes,11
0015,LKUS_grant_new_user_coupon,couponDiscountSubTypes,11
0015,LKUS_grant_new_user_coupon,couponDiscountTypeNames,11
0015,LKUS_login,app,19
0015,LKUS_login,cid,27
0015,LKUS_login,uid,27
0015,LKUS_login,realIp,27
0015,LKUS_login,tenant,27
0015,LKUS_login,userNo,27
0015,LKUS_login,phoneNo,27
0015,LKUS_login,version,27
0015,LKUS_login,userAgent,27
0015,LKUS_login,realIpCity,27
0015,LKUS_login,countryCode,27
0015,LKUS_login,fullPhoneNo,27
0015,LKUS_login,phoneCountry,27
0015,LKUS_login,reviewRepeat,21
0015,LKUS_login,realIpCountry,27
0015,LKUS_login,realIpProvince,27
0015,LKUS_login,recaptchaV3Token,21
0015,LKUS_login,recaptchaV3Action,21
0015,LKUS_login,recaptchaV3Enabled,21
0015,LKUS_push,app,51
0015,LKUS_push,cid,66
0015,LKUS_push,uid,66
0015,LKUS_push,realIp,66
0015,LKUS_push,tenant,66
0015,LKUS_push,phoneNo,66
0015,LKUS_push,version,66
0015,LKUS_push,userAgent,66
0015,LKUS_push,realIpCity,66
0015,LKUS_push,countryCode,66
0015,LKUS_push,fullPhoneNo,66
0015,LKUS_push,phoneCountry,66
0015,LKUS_push,reviewRepeat,53
0015,LKUS_push,realIpCountry,66
0015,LKUS_push,realIpProvince,66
0015,LKUS_push,recaptchaV3Token,53
0015,LKUS_push,recaptchaV3Action,53
0015,LKUS_push,recaptchaV3Enabled,53
0015,LKUS_physical_order_create,app,85
0015,LKUS_physical_order_create,cid,105
0015,LKUS_physical_order_create,uid,105
0015,LKUS_physical_order_create,realIp,105
0015,LKUS_physical_order_create,shopId,105
0015,LKUS_physical_order_create,tenant,105
0015,LKUS_physical_order_create,userNo,105
0015,LKUS_physical_order_create,isGuest,105
0015,LKUS_physical_order_create,phoneNo,90
0015,LKUS_physical_order_create,version,105
0015,LKUS_physical_order_create,latitude,88
0015,LKUS_physical_order_create,couponNos,74
0015,LKUS_physical_order_create,longitude,88
0015,LKUS_physical_order_create,orderType,105
0015,LKUS_physical_order_create,taxAmount,105
0015,LKUS_physical_order_create,userAgent,105
0015,LKUS_physical_order_create,orderPrice,104
0015,LKUS_physical_order_create,realIpCity,105
0015,LKUS_physical_order_create,countryCode,105
0015,LKUS_physical_order_create,couponNames,74
0015,LKUS_physical_order_create,couponTypes,74
0015,LKUS_physical_order_create,fullPhoneNo,90
0015,LKUS_physical_order_create,shopAddress,105
0015,LKUS_physical_order_create,phoneCountry,90
0015,LKUS_physical_order_create,reviewRepeat,83
0015,LKUS_physical_order_create,shopCityName,105
0015,LKUS_physical_order_create,shopLatitude,105
0015,LKUS_physical_order_create,couponSources,74
0015,LKUS_physical_order_create,isTaxRequired,105
0015,LKUS_physical_order_create,orderSkuCodes,99
0015,LKUS_physical_order_create,orderSpuCodes,99
0015,LKUS_physical_order_create,productAmount,105
0015,LKUS_physical_order_create,realIpCountry,105
0015,LKUS_physical_order_create,shopLongitude,105
0015,LKUS_physical_order_create,realIpProvince,105
0015,LKUS_physical_order_create,recaptchaV3Token,83
0015,LKUS_physical_order_create,couponProposalNos,74
0015,LKUS_physical_order_create,couponTemplateIds,74
0015,LKUS_physical_order_create,recaptchaV3Action,83
0015,LKUS_physical_order_create,couponDenomination,74
0015,LKUS_physical_order_create,recaptchaV3Enabled,83
0015,LKUS_physical_order_create,couponDiscountTypes,74
0015,LKUS_physical_order_create,couponDiscountSubTypes,74
0015,LKUS_payment,app,91
0015,LKUS_payment,cid,113
0015,LKUS_payment,uid,113
0015,LKUS_payment,realIp,113
0015,LKUS_payment,shopId,113
0015,LKUS_payment,tenant,113
0015,LKUS_payment,userNo,113
0015,LKUS_payment,isGuest,113
0015,LKUS_payment,orderNo,113
0015,LKUS_payment,payType,113
0015,LKUS_payment,phoneNo,96
0015,LKUS_payment,version,113
0015,LKUS_payment,payMoney,113
0015,LKUS_payment,orderType,113
0015,LKUS_payment,taxAmount,113
0015,LKUS_payment,userAgent,113
0015,LKUS_payment,orderPrice,113
0015,LKUS_payment,realIpCity,113
0015,LKUS_payment,countryCode,96
0015,LKUS_payment,fullPhoneNo,96
0015,LKUS_payment,phoneCountry,96
0015,LKUS_payment,reviewRepeat,89
0015,LKUS_payment,isTaxRequired,113
0015,LKUS_payment,realIpCountry,113
0015,LKUS_payment,realIpProvince,113
0015,LKUS_payment,recaptchaV3Token,89
0015,LKUS_payment,recaptchaV3Action,89
0015,LKUS_payment,recaptchaV3Enabled,89
0015,LKUS_physical_order_create,shumeiDevId,17
0015,LKUS_physical_order_create,shumengDevId,17
0015,LKUS_physical_order_create,tongdunBlackBox,17
0015,LKUS_physical_order_create,packageOrderSkuCodes,6
0015,LKUS_physical_order_create,packageOrderSpuCodes,6
0015,LKUS_push,userNo,3
0015,LKUS_register,app,8
0015,LKUS_register,cid,9
0015,LKUS_register,uid,9
0015,LKUS_register,realIp,9
0015,LKUS_register,tenant,9
0015,LKUS_register,phoneNo,9
0015,LKUS_register,version,9
0015,LKUS_register,userAgent,9
0015,LKUS_register,realIpCity,9
0015,LKUS_register,countryCode,9
0015,LKUS_register,fullPhoneNo,9
0015,LKUS_register,phoneCountry,9
0015,LKUS_register,reviewRepeat,8
0015,LKUS_register,realIpCountry,9
0015,LKUS_register,realIpProvince,9
0015,LKUS_register,recaptchaV3Token,8
0015,LKUS_register,recaptchaV3Action,8
0015,LKUS_register,recaptchaV3Enabled,8
0015,LKUS_payment,packagingBagPrice,1
0015,LKUS_payment,packagingBagNumber,1
0015,LKUS_grant_new_user_coupon,inviterCode,2
0015,LKUS_grant_new_user_coupon,inviterType,2
0015,LKUS_grant_new_user_coupon,inviterPhone,2
0015,LKUS_grant_new_user_coupon,inviterUserNo,2
0015,LKUS_grant_new_user_coupon,marketingCode,2
0015,LKUS_grant_new_user_coupon,invitationActivityNo,2
0016,LKUS_push,app,37
0016,LKUS_push,cid,40
0016,LKUS_push,uid,40
0016,LKUS_push,realIp,40
0016,LKUS_push,tenant,40
0016,LKUS_push,phoneNo,40
0016,LKUS_push,version,40
0016,LKUS_push,userAgent,40
0016,LKUS_push,realIpCity,40
0016,LKUS_push,countryCode,40
0016,LKUS_push,fullPhoneNo,40
0016,LKUS_push,phoneCountry,40
0016,LKUS_push,reviewRepeat,38
0016,LKUS_push,realIpCountry,40
0016,LKUS_push,realIpProvince,40
0016,LKUS_push,recaptchaV3Token,38
0016,LKUS_push,recaptchaV3Action,38
0016,LKUS_push,recaptchaV3Enabled,38
0016,LKUS_push,userNo,1
0016,LKUS_physical_order_create,app,58
0016,LKUS_physical_order_create,cid,73
0016,LKUS_physical_order_create,uid,73
0016,LKUS_physical_order_create,realIp,73
0016,LKUS_physical_order_create,shopId,73
0016,LKUS_physical_order_create,tenant,73
0016,LKUS_physical_order_create,userNo,73
0016,LKUS_physical_order_create,isGuest,73
0016,LKUS_physical_order_create,phoneNo,61
0016,LKUS_physical_order_create,version,73
0016,LKUS_physical_order_create,latitude,60
0016,LKUS_physical_order_create,couponNos,53
0016,LKUS_physical_order_create,longitude,60
0016,LKUS_physical_order_create,orderType,73
0016,LKUS_physical_order_create,taxAmount,73
0016,LKUS_physical_order_create,userAgent,73
0016,LKUS_physical_order_create,orderPrice,73
0016,LKUS_physical_order_create,realIpCity,73
0016,LKUS_physical_order_create,countryCode,73
0016,LKUS_physical_order_create,couponNames,53
0016,LKUS_physical_order_create,couponTypes,53
0016,LKUS_physical_order_create,fullPhoneNo,61
0016,LKUS_physical_order_create,shopAddress,73
0016,LKUS_physical_order_create,phoneCountry,61
0016,LKUS_physical_order_create,reviewRepeat,56
0016,LKUS_physical_order_create,shopCityName,73
0016,LKUS_physical_order_create,shopLatitude,73
0016,LKUS_physical_order_create,couponSources,53
0016,LKUS_physical_order_create,isTaxRequired,73
0016,LKUS_physical_order_create,orderSkuCodes,70
0016,LKUS_physical_order_create,orderSpuCodes,70
0016,LKUS_physical_order_create,productAmount,73
0016,LKUS_physical_order_create,realIpCountry,73
0016,LKUS_physical_order_create,shopLongitude,73
0016,LKUS_physical_order_create,realIpProvince,73
0016,LKUS_physical_order_create,recaptchaV3Token,56
0016,LKUS_physical_order_create,couponProposalNos,53
0016,LKUS_physical_order_create,couponTemplateIds,53
0016,LKUS_physical_order_create,recaptchaV3Action,56
0016,LKUS_physical_order_create,couponDenomination,53
0016,LKUS_physical_order_create,recaptchaV3Enabled,56
0016,LKUS_physical_order_create,couponDiscountTypes,53
0016,LKUS_physical_order_create,couponDiscountSubTypes,53
0016,LKUS_payment,app,56
0016,LKUS_payment,cid,71
0016,LKUS_payment,uid,71
0016,LKUS_payment,realIp,71
0016,LKUS_payment,shopId,71
0016,LKUS_payment,tenant,71
0016,LKUS_payment,userNo,71
0016,LKUS_payment,isGuest,71
0016,LKUS_payment,orderNo,71
0016,LKUS_payment,payType,71
0016,LKUS_payment,phoneNo,59
0016,LKUS_payment,version,71
0016,LKUS_payment,payMoney,71
0016,LKUS_payment,orderType,71
0016,LKUS_payment,taxAmount,71
0016,LKUS_payment,userAgent,71
0016,LKUS_payment,orderPrice,71
0016,LKUS_payment,realIpCity,71
0016,LKUS_payment,countryCode,59
0016,LKUS_payment,fullPhoneNo,59
0016,LKUS_payment,phoneCountry,59
0016,LKUS_payment,reviewRepeat,54
0016,LKUS_payment,isTaxRequired,71
0016,LKUS_payment,realIpCountry,71
0016,LKUS_payment,realIpProvince,71
0016,LKUS_payment,recaptchaV3Token,54
0016,LKUS_payment,recaptchaV3Action,54
0016,LKUS_payment,recaptchaV3Enabled,54
0016,LKUS_physical_order_create,shumeiDevId,13
0016,LKUS_physical_order_create,shumengDevId,13
0016,LKUS_physical_order_create,tongdunBlackBox,13
0016,LKUS_login,cid,19
0016,LKUS_login,uid,19
0016,LKUS_login,realIp,19
0016,LKUS_login,tenant,19
0016,LKUS_login,userNo,19
0016,LKUS_login,phoneNo,19
0016,LKUS_login,version,19
0016,LKUS_login,userAgent,19
0016,LKUS_login,realIpCity,19
0016,LKUS_login,countryCode,19
0016,LKUS_login,fullPhoneNo,19
0016,LKUS_login,phoneCountry,19
0016,LKUS_login,reviewRepeat,17
0016,LKUS_login,realIpCountry,19
0016,LKUS_login,realIpProvince,19
0016,LKUS_login,recaptchaV3Token,17
0016,LKUS_login,recaptchaV3Action,17
0016,LKUS_login,recaptchaV3Enabled,17
0016,LKUS_login,app,15
0016,LKUS_grant_new_user_coupon,app,5
0016,LKUS_grant_new_user_coupon,cid,7
0016,LKUS_grant_new_user_coupon,uid,7
0016,LKUS_grant_new_user_coupon,type,7
0016,LKUS_grant_new_user_coupon,extend,7
0016,LKUS_grant_new_user_coupon,origin,7
0016,LKUS_grant_new_user_coupon,realIp,7
0016,LKUS_grant_new_user_coupon,tenant,7
0016,LKUS_grant_new_user_coupon,userNo,7
0016,LKUS_grant_new_user_coupon,phoneNo,7
0016,LKUS_grant_new_user_coupon,readmes,7
0016,LKUS_grant_new_user_coupon,sceneId,7
0016,LKUS_grant_new_user_coupon,version,7
0016,LKUS_grant_new_user_coupon,discounts,7
0016,LKUS_grant_new_user_coupon,userAgent,7
0016,LKUS_grant_new_user_coupon,realIpCity,7
0016,LKUS_grant_new_user_coupon,countryCode,7
0016,LKUS_grant_new_user_coupon,couponNames,7
0016,LKUS_grant_new_user_coupon,couponTypes,7
0016,LKUS_grant_new_user_coupon,fullPhoneNo,7
0016,LKUS_grant_new_user_coupon,isBindPhone,7
0016,LKUS_grant_new_user_coupon,maskPhoneNo,7
0016,LKUS_grant_new_user_coupon,templateIds,7
0016,LKUS_grant_new_user_coupon,templateNos,7
0016,LKUS_grant_new_user_coupon,phoneCountry,7
0016,LKUS_grant_new_user_coupon,registerTime,7
0016,LKUS_grant_new_user_coupon,reviewRepeat,7
0016,LKUS_grant_new_user_coupon,realIpCountry,7
0016,LKUS_grant_new_user_coupon,discountLabels,7
0016,LKUS_grant_new_user_coupon,invitationCode,7
0016,LKUS_grant_new_user_coupon,realIpProvince,7
0016,LKUS_grant_new_user_coupon,recaptchaV3Token,7
0016,LKUS_grant_new_user_coupon,phoneNoEncryption,7
0016,LKUS_grant_new_user_coupon,recaptchaV3Action,7
0016,LKUS_grant_new_user_coupon,recaptchaV3Enabled,7
0016,LKUS_grant_new_user_coupon,couponDenominations,7
0016,LKUS_grant_new_user_coupon,couponDiscountTypes,7
0016,LKUS_grant_new_user_coupon,couponDiscountSubTypes,7
0016,LKUS_grant_new_user_coupon,couponDiscountTypeNames,7
0016,LKUS_physical_order_create,packageOrderSkuCodes,3
0016,LKUS_physical_order_create,packageOrderSpuCodes,3
0016,LKUS_register,app,6
0016,LKUS_register,cid,6
0016,LKUS_register,uid,6
0016,LKUS_register,realIp,6
0016,LKUS_register,tenant,6
0016,LKUS_register,phoneNo,6
0016,LKUS_register,version,6
0016,LKUS_register,userAgent,6
0016,LKUS_register,realIpCity,6
0016,LKUS_register,countryCode,6
0016,LKUS_register,fullPhoneNo,6
0016,LKUS_register,phoneCountry,6
0016,LKUS_register,reviewRepeat,6
0016,LKUS_register,realIpCountry,6
0016,LKUS_register,realIpProvince,6
0016,LKUS_register,recaptchaV3Token,6
0016,LKUS_register,recaptchaV3Action,6
0016,LKUS_register,recaptchaV3Enabled,6
0016,LKUS_payment,packagingBagPrice,1
0016,LKUS_payment,packagingBagNumber,1
0017,LKUS_push,app,31
0017,LKUS_push,cid,37
0017,LKUS_push,uid,37
0017,LKUS_push,realIp,37
0017,LKUS_push,tenant,37
0017,LKUS_push,phoneNo,37
0017,LKUS_push,version,37
0017,LKUS_push,userAgent,37
0017,LKUS_push,realIpCity,37
0017,LKUS_push,countryCode,37
0017,LKUS_push,fullPhoneNo,37
0017,LKUS_push,phoneCountry,37
0017,LKUS_push,reviewRepeat,32
0017,LKUS_push,realIpCountry,37
0017,LKUS_push,realIpProvince,37
0017,LKUS_push,recaptchaV3Token,32
0017,LKUS_push,recaptchaV3Action,32
0017,LKUS_push,recaptchaV3Enabled,32
0017,LKUS_register,app,7
0017,LKUS_register,cid,8
0017,LKUS_register,uid,8
0017,LKUS_register,realIp,8
0017,LKUS_register,tenant,8
0017,LKUS_register,phoneNo,8
0017,LKUS_register,version,8
0017,LKUS_register,userAgent,8
0017,LKUS_register,realIpCity,8
0017,LKUS_register,countryCode,8
0017,LKUS_register,fullPhoneNo,8
0017,LKUS_register,phoneCountry,8
0017,LKUS_register,reviewRepeat,8
0017,LKUS_register,realIpCountry,8
0017,LKUS_register,realIpProvince,8
0017,LKUS_register,recaptchaV3Token,8
0017,LKUS_register,recaptchaV3Action,8
0017,LKUS_register,recaptchaV3Enabled,8
0017,LKUS_physical_order_create,app,58
0017,LKUS_physical_order_create,cid,76
0017,LKUS_physical_order_create,uid,76
0017,LKUS_physical_order_create,realIp,76
0017,LKUS_physical_order_create,shopId,76
0017,LKUS_physical_order_create,tenant,76
0017,LKUS_physical_order_create,userNo,76
0017,LKUS_physical_order_create,isGuest,76
0017,LKUS_physical_order_create,phoneNo,61
0017,LKUS_physical_order_create,version,76
0017,LKUS_physical_order_create,latitude,60
0017,LKUS_physical_order_create,longitude,60
0017,LKUS_physical_order_create,orderType,76
0017,LKUS_physical_order_create,taxAmount,76
0017,LKUS_physical_order_create,userAgent,76
0017,LKUS_physical_order_create,orderPrice,76
0017,LKUS_physical_order_create,realIpCity,76
0017,LKUS_physical_order_create,countryCode,76
0017,LKUS_physical_order_create,fullPhoneNo,61
0017,LKUS_physical_order_create,shopAddress,76
0017,LKUS_physical_order_create,phoneCountry,61
0017,LKUS_physical_order_create,reviewRepeat,55
0017,LKUS_physical_order_create,shopCityName,76
0017,LKUS_physical_order_create,shopLatitude,76
0017,LKUS_physical_order_create,isTaxRequired,76
0017,LKUS_physical_order_create,productAmount,76
0017,LKUS_physical_order_create,realIpCountry,76
0017,LKUS_physical_order_create,shopLongitude,76
0017,LKUS_physical_order_create,realIpProvince,76
0017,LKUS_physical_order_create,recaptchaV3Token,55
0017,LKUS_physical_order_create,recaptchaV3Action,55
0017,LKUS_physical_order_create,recaptchaV3Enabled,55
0017,LKUS_physical_order_create,packageOrderSkuCodes,1
0017,LKUS_physical_order_create,packageOrderSpuCodes,1
0017,LKUS_payment,app,56
0017,LKUS_payment,cid,73
0017,LKUS_payment,uid,73
0017,LKUS_payment,realIp,73
0017,LKUS_payment,shopId,73
0017,LKUS_payment,tenant,73
0017,LKUS_payment,userNo,73
0017,LKUS_payment,isGuest,73
0017,LKUS_payment,orderNo,73
0017,LKUS_payment,payType,73
0017,LKUS_payment,phoneNo,58
0017,LKUS_payment,version,73
0017,LKUS_payment,payMoney,73
0017,LKUS_payment,orderType,73
0017,LKUS_payment,taxAmount,73
0017,LKUS_payment,userAgent,73
0017,LKUS_payment,orderPrice,73
0017,LKUS_payment,realIpCity,73
0017,LKUS_payment,countryCode,58
0017,LKUS_payment,fullPhoneNo,58
0017,LKUS_payment,phoneCountry,58
0017,LKUS_payment,reviewRepeat,53
0017,LKUS_payment,isTaxRequired,73
0017,LKUS_payment,realIpCountry,73
0017,LKUS_payment,realIpProvince,73
0017,LKUS_payment,recaptchaV3Token,53
0017,LKUS_payment,recaptchaV3Action,53
0017,LKUS_payment,recaptchaV3Enabled,53
0017,LKUS_physical_order_create,orderSkuCodes,75
0017,LKUS_physical_order_create,orderSpuCodes,75
0017,LKUS_physical_order_create,shumeiDevId,16
0017,LKUS_physical_order_create,shumengDevId,16
0017,LKUS_physical_order_create,tongdunBlackBox,16
0017,LKUS_login,app,11
0017,LKUS_login,cid,16
0017,LKUS_login,uid,16
0017,LKUS_login,realIp,16
0017,LKUS_login,tenant,16
0017,LKUS_login,userNo,16
0017,LKUS_login,phoneNo,16
0017,LKUS_login,version,16
0017,LKUS_login,userAgent,16
0017,LKUS_login,realIpCity,16
0017,LKUS_login,countryCode,16
0017,LKUS_login,fullPhoneNo,16
0017,LKUS_login,phoneCountry,16
0017,LKUS_login,reviewRepeat,12
0017,LKUS_login,realIpCountry,16
0017,LKUS_login,realIpProvince,16
0017,LKUS_login,recaptchaV3Token,12
0017,LKUS_login,recaptchaV3Action,12
0017,LKUS_login,recaptchaV3Enabled,12
0017,LKUS_physical_order_create,couponNos,53
0017,LKUS_physical_order_create,couponNames,53
0017,LKUS_physical_order_create,couponTypes,53
0017,LKUS_physical_order_create,couponSources,53
0017,LKUS_physical_order_create,couponProposalNos,53
0017,LKUS_physical_order_create,couponTemplateIds,53
0017,LKUS_physical_order_create,couponDenomination,53
0017,LKUS_physical_order_create,couponDiscountTypes,53
0017,LKUS_physical_order_create,couponDiscountSubTypes,53
0017,LKUS_grant_new_user_coupon,app,3
0017,LKUS_grant_new_user_coupon,cid,5
0017,LKUS_grant_new_user_coupon,uid,5
0017,LKUS_grant_new_user_coupon,type,5
0017,LKUS_grant_new_user_coupon,extend,5
0017,LKUS_grant_new_user_coupon,origin,5
0017,LKUS_grant_new_user_coupon,realIp,5
0017,LKUS_grant_new_user_coupon,tenant,5
0017,LKUS_grant_new_user_coupon,userNo,5
0017,LKUS_grant_new_user_coupon,phoneNo,5
0017,LKUS_grant_new_user_coupon,readmes,5
0017,LKUS_grant_new_user_coupon,sceneId,5
0017,LKUS_grant_new_user_coupon,version,5
0017,LKUS_grant_new_user_coupon,discounts,5
0017,LKUS_grant_new_user_coupon,userAgent,5
0017,LKUS_grant_new_user_coupon,realIpCity,5
0017,LKUS_grant_new_user_coupon,countryCode,5
0017,LKUS_grant_new_user_coupon,couponNames,5
0017,LKUS_grant_new_user_coupon,couponTypes,5
0017,LKUS_grant_new_user_coupon,fullPhoneNo,5
0017,LKUS_grant_new_user_coupon,isBindPhone,5
0017,LKUS_grant_new_user_coupon,maskPhoneNo,5
0017,LKUS_grant_new_user_coupon,templateIds,5
0017,LKUS_grant_new_user_coupon,templateNos,5
0017,LKUS_grant_new_user_coupon,phoneCountry,5
0017,LKUS_grant_new_user_coupon,registerTime,5
0017,LKUS_grant_new_user_coupon,reviewRepeat,5
0017,LKUS_grant_new_user_coupon,realIpCountry,5
0017,LKUS_grant_new_user_coupon,discountLabels,5
0017,LKUS_grant_new_user_coupon,invitationCode,5
0017,LKUS_grant_new_user_coupon,realIpProvince,5
0017,LKUS_grant_new_user_coupon,recaptchaV3Token,5
0017,LKUS_grant_new_user_coupon,phoneNoEncryption,5
0017,LKUS_grant_new_user_coupon,recaptchaV3Action,5
0017,LKUS_grant_new_user_coupon,recaptchaV3Enabled,5
0017,LKUS_grant_new_user_coupon,couponDenominations,5
0017,LKUS_grant_new_user_coupon,couponDiscountTypes,5
0017,LKUS_grant_new_user_coupon,couponDiscountSubTypes,5
0017,LKUS_grant_new_user_coupon,couponDiscountTypeNames,5
0017,LKUS_push,userNo,1
0017,LKUS_grant_new_user_coupon,inviterCode,1
0017,LKUS_grant_new_user_coupon,inviterType,1
0017,LKUS_grant_new_user_coupon,inviterPhone,1
0017,LKUS_grant_new_user_coupon,inviterUserNo,1
0017,LKUS_grant_new_user_coupon,marketingCode,1
0017,LKUS_grant_new_user_coupon,invitationActivityNo,1
0017,LKUS_payment,packagingBagPrice,1
0017,LKUS_payment,packagingBagNumber,1
0017,LKUS_physical_order_cancel,cid,1
0017,LKUS_physical_order_cancel,uid,1
0017,LKUS_physical_order_cancel,realIp,1
0017,LKUS_physical_order_cancel,shopId,1
0017,LKUS_physical_order_cancel,tenant,1
0017,LKUS_physical_order_cancel,userNo,1
0017,LKUS_physical_order_cancel,isGuest,1
0017,LKUS_physical_order_cancel,orderNo,1
0017,LKUS_physical_order_cancel,phoneNo,1
0017,LKUS_physical_order_cancel,version,1
0017,LKUS_physical_order_cancel,shopCity,1
0017,LKUS_physical_order_cancel,userAgent,1
0017,LKUS_physical_order_cancel,realIpCity,1
0017,LKUS_physical_order_cancel,countryCode,1
0017,LKUS_physical_order_cancel,fullPhoneNo,1
0017,LKUS_physical_order_cancel,totalOfMade,1
0017,LKUS_physical_order_cancel,phoneCountry,1
0017,LKUS_physical_order_cancel,reviewRepeat,1
0017,LKUS_physical_order_cancel,realIpCountry,1
0017,LKUS_physical_order_cancel,realIpProvince,1
0017,LKUS_physical_order_cancel,recaptchaV3Token,1
0017,LKUS_physical_order_cancel,recaptchaV3Action,1
0017,LKUS_physical_order_cancel,recaptchaV3Enabled,1
0017,LKUS_physical_order_cancel,cancelTypeEnumIndex,1
0018,LKUS_push,app,29
0018,LKUS_push,cid,35
0018,LKUS_push,uid,35
0018,LKUS_push,realIp,35
0018,LKUS_push,tenant,35
0018,LKUS_push,phoneNo,35
0018,LKUS_push,version,35
0018,LKUS_push,userAgent,35
0018,LKUS_push,realIpCity,35
0018,LKUS_push,countryCode,35
0018,LKUS_push,fullPhoneNo,35
0018,LKUS_push,phoneCountry,35
0018,LKUS_push,reviewRepeat,33
0018,LKUS_push,realIpCountry,35
0018,LKUS_push,realIpProvince,35
0018,LKUS_push,recaptchaV3Token,33
0018,LKUS_push,recaptchaV3Action,33
0018,LKUS_push,recaptchaV3Enabled,33
0018,LKUS_physical_order_create,app,71
0018,LKUS_physical_order_create,cid,78
0018,LKUS_physical_order_create,uid,78
0018,LKUS_physical_order_create,realIp,78
0018,LKUS_physical_order_create,shopId,78
0018,LKUS_physical_order_create,tenant,78
0018,LKUS_physical_order_create,userNo,78
0018,LKUS_physical_order_create,isGuest,78
0018,LKUS_physical_order_create,phoneNo,71
0018,LKUS_physical_order_create,version,78
0018,LKUS_physical_order_create,latitude,71
0018,LKUS_physical_order_create,couponNos,64
0018,LKUS_physical_order_create,longitude,71
0018,LKUS_physical_order_create,orderType,78
0018,LKUS_physical_order_create,taxAmount,78
0018,LKUS_physical_order_create,userAgent,78
0018,LKUS_physical_order_create,orderPrice,78
0018,LKUS_physical_order_create,realIpCity,78
0018,LKUS_physical_order_create,countryCode,78
0018,LKUS_physical_order_create,couponNames,64
0018,LKUS_physical_order_create,couponTypes,64
0018,LKUS_physical_order_create,fullPhoneNo,71
0018,LKUS_physical_order_create,shopAddress,78
0018,LKUS_physical_order_create,phoneCountry,71
0018,LKUS_physical_order_create,shopCityName,78
0018,LKUS_physical_order_create,shopLatitude,78
0018,LKUS_physical_order_create,couponSources,64
0018,LKUS_physical_order_create,isTaxRequired,78
0018,LKUS_physical_order_create,orderSkuCodes,77
0018,LKUS_physical_order_create,orderSpuCodes,77
0018,LKUS_physical_order_create,productAmount,78
0018,LKUS_physical_order_create,realIpCountry,78
0018,LKUS_physical_order_create,shopLongitude,78
0018,LKUS_physical_order_create,realIpProvince,78
0018,LKUS_physical_order_create,couponProposalNos,64
0018,LKUS_physical_order_create,couponTemplateIds,64
0018,LKUS_physical_order_create,couponDenomination,64
0018,LKUS_physical_order_create,couponDiscountTypes,64
0018,LKUS_physical_order_create,couponDiscountSubTypes,64
0018,LKUS_payment,app,72
0018,LKUS_payment,cid,79
0018,LKUS_payment,uid,79
0018,LKUS_payment,realIp,79
0018,LKUS_payment,shopId,79
0018,LKUS_payment,tenant,79
0018,LKUS_payment,userNo,79
0018,LKUS_payment,isGuest,79
0018,LKUS_payment,orderNo,79
0018,LKUS_payment,payType,79
0018,LKUS_payment,phoneNo,72
0018,LKUS_payment,version,79
0018,LKUS_payment,payMoney,79
0018,LKUS_payment,orderType,79
0018,LKUS_payment,taxAmount,79
0018,LKUS_payment,userAgent,79
0018,LKUS_payment,orderPrice,79
0018,LKUS_payment,realIpCity,79
0018,LKUS_payment,countryCode,72
0018,LKUS_payment,fullPhoneNo,72
0018,LKUS_payment,phoneCountry,72
0018,LKUS_payment,isTaxRequired,79
0018,LKUS_payment,realIpCountry,79
0018,LKUS_payment,realIpProvince,79
0018,LKUS_payment,reviewRepeat,65
0018,LKUS_payment,recaptchaV3Token,65
0018,LKUS_payment,recaptchaV3Action,65
0018,LKUS_payment,recaptchaV3Enabled,65
0018,LKUS_physical_order_create,reviewRepeat,64
0018,LKUS_physical_order_create,recaptchaV3Token,64
0018,LKUS_physical_order_create,recaptchaV3Action,64
0018,LKUS_physical_order_create,recaptchaV3Enabled,64
0018,LKUS_grant_new_user_coupon,app,8
0018,LKUS_grant_new_user_coupon,cid,9
0018,LKUS_grant_new_user_coupon,uid,9
0018,LKUS_grant_new_user_coupon,type,9
0018,LKUS_grant_new_user_coupon,extend,9
0018,LKUS_grant_new_user_coupon,origin,9
0018,LKUS_grant_new_user_coupon,realIp,9
0018,LKUS_grant_new_user_coupon,tenant,9
0018,LKUS_grant_new_user_coupon,userNo,9
0018,LKUS_grant_new_user_coupon,phoneNo,9
0018,LKUS_grant_new_user_coupon,readmes,9
0018,LKUS_grant_new_user_coupon,sceneId,9
0018,LKUS_grant_new_user_coupon,version,9
0018,LKUS_grant_new_user_coupon,discounts,9
0018,LKUS_grant_new_user_coupon,userAgent,9
0018,LKUS_grant_new_user_coupon,realIpCity,9
0018,LKUS_grant_new_user_coupon,countryCode,9
0018,LKUS_grant_new_user_coupon,couponNames,9
0018,LKUS_grant_new_user_coupon,couponTypes,9
0018,LKUS_grant_new_user_coupon,fullPhoneNo,9
0018,LKUS_grant_new_user_coupon,isBindPhone,9
0018,LKUS_grant_new_user_coupon,maskPhoneNo,9
0018,LKUS_grant_new_user_coupon,templateIds,9
0018,LKUS_grant_new_user_coupon,templateNos,9
0018,LKUS_grant_new_user_coupon,phoneCountry,9
0018,LKUS_grant_new_user_coupon,registerTime,9
0018,LKUS_grant_new_user_coupon,reviewRepeat,9
0018,LKUS_grant_new_user_coupon,realIpCountry,9
0018,LKUS_grant_new_user_coupon,discountLabels,9
0018,LKUS_grant_new_user_coupon,invitationCode,9
0018,LKUS_grant_new_user_coupon,realIpProvince,9
0018,LKUS_grant_new_user_coupon,recaptchaV3Token,9
0018,LKUS_grant_new_user_coupon,phoneNoEncryption,9
0018,LKUS_grant_new_user_coupon,recaptchaV3Action,9
0018,LKUS_grant_new_user_coupon,recaptchaV3Enabled,9
0018,LKUS_grant_new_user_coupon,couponDenominations,9
0018,LKUS_grant_new_user_coupon,couponDiscountTypes,9
0018,LKUS_grant_new_user_coupon,couponDiscountSubTypes,9
0018,LKUS_grant_new_user_coupon,couponDiscountTypeNames,9
0018,LKUS_login,app,11
0018,LKUS_login,cid,13
0018,LKUS_login,uid,13
0018,LKUS_login,realIp,13
0018,LKUS_login,tenant,13
0018,LKUS_login,userNo,13
0018,LKUS_login,phoneNo,13
0018,LKUS_login,version,13
0018,LKUS_login,userAgent,13
0018,LKUS_login,realIpCity,13
0018,LKUS_login,countryCode,13
0018,LKUS_login,fullPhoneNo,13
0018,LKUS_login,phoneCountry,13
0018,LKUS_login,reviewRepeat,11
0018,LKUS_login,realIpCountry,13
0018,LKUS_login,realIpProvince,13
0018,LKUS_login,recaptchaV3Token,11
0018,LKUS_login,recaptchaV3Action,11
0018,LKUS_login,recaptchaV3Enabled,11
0018,LKUS_register,app,10
0018,LKUS_register,cid,12
0018,LKUS_register,uid,12
0018,LKUS_register,realIp,12
0018,LKUS_register,tenant,12
0018,LKUS_register,phoneNo,12
0018,LKUS_register,version,12
0018,LKUS_register,userAgent,12
0018,LKUS_register,realIpCity,12
0018,LKUS_register,countryCode,12
0018,LKUS_register,fullPhoneNo,12
0018,LKUS_register,phoneCountry,12
0018,LKUS_register,reviewRepeat,12
0018,LKUS_register,realIpCountry,12
0018,LKUS_register,realIpProvince,12
0018,LKUS_register,recaptchaV3Token,12
0018,LKUS_register,recaptchaV3Action,12
0018,LKUS_register,recaptchaV3Enabled,12
0018,LKUS_physical_order_create,packageOrderSkuCodes,1
0018,LKUS_physical_order_create,packageOrderSpuCodes,1
0018,LKUS_physical_order_cancel,app,2
0018,LKUS_physical_order_cancel,cid,2
0018,LKUS_physical_order_cancel,uid,2
0018,LKUS_physical_order_cancel,realIp,2
0018,LKUS_physical_order_cancel,shopId,2
0018,LKUS_physical_order_cancel,tenant,2
0018,LKUS_physical_order_cancel,userNo,2
0018,LKUS_physical_order_cancel,isGuest,2
0018,LKUS_physical_order_cancel,orderNo,2
0018,LKUS_physical_order_cancel,phoneNo,2
0018,LKUS_physical_order_cancel,version,2
0018,LKUS_physical_order_cancel,shopCity,2
0018,LKUS_physical_order_cancel,userAgent,2
0018,LKUS_physical_order_cancel,realIpCity,2
0018,LKUS_physical_order_cancel,countryCode,2
0018,LKUS_physical_order_cancel,fullPhoneNo,2
0018,LKUS_physical_order_cancel,totalOfMade,2
0018,LKUS_physical_order_cancel,phoneCountry,2
0018,LKUS_physical_order_cancel,reviewRepeat,1
0018,LKUS_physical_order_cancel,realIpCountry,2
0018,LKUS_physical_order_cancel,realIpProvince,2
0018,LKUS_physical_order_cancel,recaptchaV3Token,1
0018,LKUS_physical_order_cancel,recaptchaV3Action,1
0018,LKUS_physical_order_cancel,recaptchaV3Enabled,1
0018,LKUS_physical_order_cancel,cancelTypeEnumIndex,2
0018,LKUS_push,userNo,2
0018,LKUS_physical_order_create,shumeiDevId,7
0018,LKUS_physical_order_create,shumengDevId,7
0018,LKUS_physical_order_create,tongdunBlackBox,7
0018,LKUS_payment,packagingBagPrice,2
0018,LKUS_payment,packagingBagNumber,2
0019,LKUS_push,app,19
0019,LKUS_push,cid,23
0019,LKUS_push,uid,23
0019,LKUS_push,realIp,23
0019,LKUS_push,tenant,23
0019,LKUS_push,phoneNo,23
0019,LKUS_push,version,23
0019,LKUS_push,userAgent,23
0019,LKUS_push,realIpCity,23
0019,LKUS_push,countryCode,23
0019,LKUS_push,fullPhoneNo,23
0019,LKUS_push,phoneCountry,23
0019,LKUS_push,reviewRepeat,19
0019,LKUS_push,realIpCountry,23
0019,LKUS_push,realIpProvince,23
0019,LKUS_push,recaptchaV3Token,19
0019,LKUS_push,recaptchaV3Action,19
0019,LKUS_push,recaptchaV3Enabled,19
0019,IQA2_push,app,1
0019,IQA2_push,cid,1
0019,IQA2_push,uid,1
0019,IQA2_push,realIp,1
0019,IQA2_push,tenant,1
0019,IQA2_push,phoneNo,1
0019,IQA2_push,version,1
0019,IQA2_push,userAgent,1
0019,IQA2_push,realIpCity,1
0019,IQA2_push,countryCode,1
0019,IQA2_push,fullPhoneNo,1
0019,IQA2_push,phoneCountry,1
0019,IQA2_push,reviewRepeat,1
0019,IQA2_push,realIpCountry,1
0019,IQA2_push,realIpProvince,1
0019,IQA2_push,recaptchaV3Token,1
0019,IQA2_push,recaptchaV3Action,1
0019,IQA2_push,recaptchaV3Enabled,1
0019,LKUS_physical_order_create,app,59
0019,LKUS_physical_order_create,cid,75
0019,LKUS_physical_order_create,uid,75
0019,LKUS_physical_order_create,realIp,75
0019,LKUS_physical_order_create,shopId,75
0019,LKUS_physical_order_create,tenant,75
0019,LKUS_physical_order_create,userNo,75
0019,LKUS_physical_order_create,isGuest,75
0019,LKUS_physical_order_create,phoneNo,59
0019,LKUS_physical_order_create,version,75
0019,LKUS_physical_order_create,latitude,59
0019,LKUS_physical_order_create,couponNos,49
0019,LKUS_physical_order_create,longitude,59
0019,LKUS_physical_order_create,orderType,75
0019,LKUS_physical_order_create,taxAmount,75
0019,LKUS_physical_order_create,userAgent,75
0019,LKUS_physical_order_create,orderPrice,75
0019,LKUS_physical_order_create,realIpCity,75
0019,LKUS_physical_order_create,countryCode,75
0019,LKUS_physical_order_create,couponNames,49
0019,LKUS_physical_order_create,couponTypes,49
0019,LKUS_physical_order_create,fullPhoneNo,59
0019,LKUS_physical_order_create,shopAddress,75
0019,LKUS_physical_order_create,phoneCountry,59
0019,LKUS_physical_order_create,reviewRepeat,57
0019,LKUS_physical_order_create,shopCityName,75
0019,LKUS_physical_order_create,shopLatitude,75
0019,LKUS_physical_order_create,couponSources,49
0019,LKUS_physical_order_create,isTaxRequired,75
0019,LKUS_physical_order_create,orderSkuCodes,70
0019,LKUS_physical_order_create,orderSpuCodes,70
0019,LKUS_physical_order_create,productAmount,75
0019,LKUS_physical_order_create,realIpCountry,75
0019,LKUS_physical_order_create,shopLongitude,75
0019,LKUS_physical_order_create,realIpProvince,75
0019,LKUS_physical_order_create,recaptchaV3Token,57
0019,LKUS_physical_order_create,couponProposalNos,49
0019,LKUS_physical_order_create,couponTemplateIds,49
0019,LKUS_physical_order_create,recaptchaV3Action,57
0019,LKUS_physical_order_create,couponDenomination,49
0019,LKUS_physical_order_create,recaptchaV3Enabled,57
0019,LKUS_physical_order_create,couponDiscountTypes,49
0019,LKUS_physical_order_create,couponDiscountSubTypes,49
0019,LKUS_payment,app,57
0019,LKUS_payment,cid,73
0019,LKUS_payment,uid,73
0019,LKUS_payment,realIp,73
0019,LKUS_payment,shopId,73
0019,LKUS_payment,tenant,73
0019,LKUS_payment,userNo,73
0019,LKUS_payment,isGuest,73
0019,LKUS_payment,orderNo,73
0019,LKUS_payment,payType,73
0019,LKUS_payment,phoneNo,57
0019,LKUS_payment,version,73
0019,LKUS_payment,payMoney,73
0019,LKUS_payment,orderType,73
0019,LKUS_payment,taxAmount,73
0019,LKUS_payment,userAgent,73
0019,LKUS_payment,orderPrice,73
0019,LKUS_payment,realIpCity,73
0019,LKUS_payment,countryCode,57
0019,LKUS_payment,fullPhoneNo,57
0019,LKUS_payment,phoneCountry,57
0019,LKUS_payment,reviewRepeat,55
0019,LKUS_payment,isTaxRequired,73
0019,LKUS_payment,realIpCountry,73
0019,LKUS_payment,realIpProvince,73
0019,LKUS_payment,recaptchaV3Token,55
0019,LKUS_payment,recaptchaV3Action,55
0019,LKUS_payment,recaptchaV3Enabled,55
0019,LKUS_physical_order_create,shumeiDevId,16
0019,LKUS_physical_order_create,shumengDevId,16
0019,LKUS_physical_order_create,tongdunBlackBox,16
0019,LKUS_push,userNo,4
0019,LKUS_login,app,12
0019,LKUS_login,cid,12
0019,LKUS_login,uid,12
0019,LKUS_login,realIp,12
0019,LKUS_login,tenant,12
0019,LKUS_login,userNo,12
0019,LKUS_login,phoneNo,12
0019,LKUS_login,version,12
0019,LKUS_login,userAgent,12
0019,LKUS_login,realIpCity,12
0019,LKUS_login,countryCode,12
0019,LKUS_login,fullPhoneNo,12
0019,LKUS_login,phoneCountry,12
0019,LKUS_login,reviewRepeat,12
0019,LKUS_login,realIpCountry,12
0019,LKUS_login,realIpProvince,12
0019,LKUS_login,recaptchaV3Token,12
0019,LKUS_login,recaptchaV3Action,12
0019,LKUS_login,recaptchaV3Enabled,12
0019,LKUS_grant_new_user_coupon,app,7
0019,LKUS_grant_new_user_coupon,cid,7
0019,LKUS_grant_new_user_coupon,uid,7
0019,LKUS_grant_new_user_coupon,type,7
0019,LKUS_grant_new_user_coupon,extend,7
0019,LKUS_grant_new_user_coupon,origin,7
0019,LKUS_grant_new_user_coupon,realIp,7
0019,LKUS_grant_new_user_coupon,tenant,7
0019,LKUS_grant_new_user_coupon,userNo,7
0019,LKUS_grant_new_user_coupon,phoneNo,7
0019,LKUS_grant_new_user_coupon,readmes,7
0019,LKUS_grant_new_user_coupon,sceneId,7
0019,LKUS_grant_new_user_coupon,version,7
0019,LKUS_grant_new_user_coupon,discounts,7
0019,LKUS_grant_new_user_coupon,userAgent,7
0019,LKUS_grant_new_user_coupon,realIpCity,7
0019,LKUS_grant_new_user_coupon,countryCode,7
0019,LKUS_grant_new_user_coupon,couponNames,7
0019,LKUS_grant_new_user_coupon,couponTypes,7
0019,LKUS_grant_new_user_coupon,fullPhoneNo,7
0019,LKUS_grant_new_user_coupon,isBindPhone,7
0019,LKUS_grant_new_user_coupon,maskPhoneNo,7
0019,LKUS_grant_new_user_coupon,templateIds,7
0019,LKUS_grant_new_user_coupon,templateNos,7
0019,LKUS_grant_new_user_coupon,phoneCountry,7
0019,LKUS_grant_new_user_coupon,registerTime,7
0019,LKUS_grant_new_user_coupon,reviewRepeat,7
0019,LKUS_grant_new_user_coupon,realIpCountry,7
0019,LKUS_grant_new_user_coupon,discountLabels,7
0019,LKUS_grant_new_user_coupon,invitationCode,7
0019,LKUS_grant_new_user_coupon,realIpProvince,7
0019,LKUS_grant_new_user_coupon,recaptchaV3Token,7
0019,LKUS_grant_new_user_coupon,phoneNoEncryption,7
0019,LKUS_grant_new_user_coupon,recaptchaV3Action,7
0019,LKUS_grant_new_user_coupon,recaptchaV3Enabled,7
0019,LKUS_grant_new_user_coupon,couponDenominations,7
0019,LKUS_grant_new_user_coupon,couponDiscountTypes,7
0019,LKUS_grant_new_user_coupon,couponDiscountSubTypes,7
0019,LKUS_grant_new_user_coupon,couponDiscountTypeNames,7
0019,LKUS_register,app,7
0019,LKUS_register,cid,9
0019,LKUS_register,uid,9
0019,LKUS_register,realIp,9
0019,LKUS_register,tenant,9
0019,LKUS_register,phoneNo,9
0019,LKUS_register,version,9
0019,LKUS_register,userAgent,9
0019,LKUS_register,realIpCity,9
0019,LKUS_register,countryCode,9
0019,LKUS_register,fullPhoneNo,9
0019,LKUS_register,phoneCountry,9
0019,LKUS_register,reviewRepeat,8
0019,LKUS_register,realIpCountry,9
0019,LKUS_register,realIpProvince,9
0019,LKUS_register,recaptchaV3Token,8
0019,LKUS_register,recaptchaV3Action,8
0019,LKUS_register,recaptchaV3Enabled,8
0019,LKUS_physical_order_create,packageOrderSkuCodes,5
0019,LKUS_physical_order_create,packageOrderSpuCodes,5
0019,LKUS_payment,packagingBagPrice,1
0019,LKUS_payment,packagingBagNumber,1
0019,LKUS_push,email,1
0019,LKUS_physical_order_cancel,app,1
0019,LKUS_physical_order_cancel,cid,1
0019,LKUS_physical_order_cancel,uid,1
0019,LKUS_physical_order_cancel,realIp,1
0019,LKUS_physical_order_cancel,shopId,1
0019,LKUS_physical_order_cancel,tenant,1
0019,LKUS_physical_order_cancel,userNo,1
0019,LKUS_physical_order_cancel,isGuest,1
0019,LKUS_physical_order_cancel,orderNo,1
0019,LKUS_physical_order_cancel,phoneNo,1
0019,LKUS_physical_order_cancel,version,1
0019,LKUS_physical_order_cancel,shopCity,1
0019,LKUS_physical_order_cancel,userAgent,1
0019,LKUS_physical_order_cancel,realIpCity,1
0019,LKUS_physical_order_cancel,countryCode,1
0019,LKUS_physical_order_cancel,fullPhoneNo,1
0019,LKUS_physical_order_cancel,totalOfMade,1
0019,LKUS_physical_order_cancel,phoneCountry,1
0019,LKUS_physical_order_cancel,reviewRepeat,1
0019,LKUS_physical_order_cancel,realIpCountry,1
0019,LKUS_physical_order_cancel,realIpProvince,1
0019,LKUS_physical_order_cancel,recaptchaV3Token,1
0019,LKUS_physical_order_cancel,recaptchaV3Action,1
0019,LKUS_physical_order_cancel,recaptchaV3Enabled,1
0019,LKUS_physical_order_cancel,cancelTypeEnumIndex,1
0020,LKUS_push,app,41
0020,LKUS_push,cid,46
0020,LKUS_push,uid,46
0020,LKUS_push,realIp,46
0020,LKUS_push,tenant,46
0020,LKUS_push,phoneNo,46
0020,LKUS_push,version,46
0020,LKUS_push,userAgent,46
0020,LKUS_push,realIpCity,46
0020,LKUS_push,countryCode,46
0020,LKUS_push,fullPhoneNo,46
0020,LKUS_push,phoneCountry,46
0020,LKUS_push,reviewRepeat,42
0020,LKUS_push,realIpCountry,46
0020,LKUS_push,realIpProvince,46
0020,LKUS_push,recaptchaV3Token,42
0020,LKUS_push,recaptchaV3Action,42
0020,LKUS_push,recaptchaV3Enabled,42
0020,LKUS_register,app,8
0020,LKUS_register,cid,8
0020,LKUS_register,uid,8
0020,LKUS_register,realIp,8
0020,LKUS_register,tenant,8
0020,LKUS_register,phoneNo,8
0020,LKUS_register,version,8
0020,LKUS_register,userAgent,8
0020,LKUS_register,realIpCity,8
0020,LKUS_register,countryCode,8
0020,LKUS_register,fullPhoneNo,8
0020,LKUS_register,phoneCountry,8
0020,LKUS_register,reviewRepeat,8
0020,LKUS_register,realIpCountry,8
0020,LKUS_register,realIpProvince,8
0020,LKUS_register,recaptchaV3Token,8
0020,LKUS_register,recaptchaV3Action,8
0020,LKUS_register,recaptchaV3Enabled,8
0020,LKUS_physical_order_create,app,66
0020,LKUS_physical_order_create,cid,80
0020,LKUS_physical_order_create,uid,80
0020,LKUS_physical_order_create,realIp,80
0020,LKUS_physical_order_create,shopId,80
0020,LKUS_physical_order_create,tenant,80
0020,LKUS_physical_order_create,userNo,80
0020,LKUS_physical_order_create,isGuest,80
0020,LKUS_physical_order_create,phoneNo,71
0020,LKUS_physical_order_create,version,80
0020,LKUS_physical_order_create,latitude,67
0020,LKUS_physical_order_create,couponNos,61
0020,LKUS_physical_order_create,longitude,67
0020,LKUS_physical_order_create,orderType,80
0020,LKUS_physical_order_create,taxAmount,80
0020,LKUS_physical_order_create,userAgent,80
0020,LKUS_physical_order_create,orderPrice,80
0020,LKUS_physical_order_create,realIpCity,80
0020,LKUS_physical_order_create,countryCode,80
0020,LKUS_physical_order_create,couponNames,61
0020,LKUS_physical_order_create,couponTypes,61
0020,LKUS_physical_order_create,fullPhoneNo,71
0020,LKUS_physical_order_create,shopAddress,80
0020,LKUS_physical_order_create,phoneCountry,71
0020,LKUS_physical_order_create,reviewRepeat,63
0020,LKUS_physical_order_create,shopCityName,80
0020,LKUS_physical_order_create,shopLatitude,80
0020,LKUS_physical_order_create,couponSources,61
0020,LKUS_physical_order_create,isTaxRequired,80
0020,LKUS_physical_order_create,orderSkuCodes,77
0020,LKUS_physical_order_create,orderSpuCodes,77
0020,LKUS_physical_order_create,productAmount,80
0020,LKUS_physical_order_create,realIpCountry,80
0020,LKUS_physical_order_create,shopLongitude,80
0020,LKUS_physical_order_create,realIpProvince,80
0020,LKUS_physical_order_create,recaptchaV3Token,63
0020,LKUS_physical_order_create,couponProposalNos,61
0020,LKUS_physical_order_create,couponTemplateIds,61
0020,LKUS_physical_order_create,recaptchaV3Action,63
0020,LKUS_physical_order_create,couponDenomination,61
0020,LKUS_physical_order_create,recaptchaV3Enabled,63
0020,LKUS_physical_order_create,couponDiscountTypes,61
0020,LKUS_physical_order_create,couponDiscountSubTypes,61
0020,LKUS_payment,app,64
0020,LKUS_payment,cid,79
0020,LKUS_payment,uid,79
0020,LKUS_payment,realIp,79
0020,LKUS_payment,shopId,79
0020,LKUS_payment,tenant,79
0020,LKUS_payment,userNo,79
0020,LKUS_payment,isGuest,79
0020,LKUS_payment,orderNo,79
0020,LKUS_payment,payType,79
0020,LKUS_payment,phoneNo,69
0020,LKUS_payment,version,79
0020,LKUS_payment,payMoney,79
0020,LKUS_payment,orderType,79
0020,LKUS_payment,taxAmount,79
0020,LKUS_payment,userAgent,79
0020,LKUS_payment,orderPrice,79
0020,LKUS_payment,realIpCity,79
0020,LKUS_payment,countryCode,69
0020,LKUS_payment,fullPhoneNo,69
0020,LKUS_payment,phoneCountry,69
0020,LKUS_payment,reviewRepeat,61
0020,LKUS_payment,isTaxRequired,79
0020,LKUS_payment,realIpCountry,79
0020,LKUS_payment,realIpProvince,79
0020,LKUS_payment,recaptchaV3Token,61
0020,LKUS_payment,recaptchaV3Action,61
0020,LKUS_payment,recaptchaV3Enabled,61
0020,LKUS_physical_order_create,packageOrderSkuCodes,3
0020,LKUS_physical_order_create,packageOrderSpuCodes,3
0020,LKUS_physical_order_create,shumeiDevId,13
0020,LKUS_physical_order_create,shumengDevId,13
0020,LKUS_physical_order_create,tongdunBlackBox,13
0020,LKUS_push,email,2
0020,LKUS_push,userNo,3
0020,LKUS_payment,packagingBagPrice,1
0020,LKUS_payment,packagingBagNumber,1
0020,LKUS_login,cid,15
0020,LKUS_login,uid,15
0020,LKUS_login,realIp,15
0020,LKUS_login,tenant,15
0020,LKUS_login,userNo,15
0020,LKUS_login,phoneNo,15
0020,LKUS_login,version,15
0020,LKUS_login,userAgent,15
0020,LKUS_login,realIpCity,15
0020,LKUS_login,countryCode,15
0020,LKUS_login,fullPhoneNo,15
0020,LKUS_login,phoneCountry,15
0020,LKUS_login,reviewRepeat,10
0020,LKUS_login,realIpCountry,15
0020,LKUS_login,realIpProvince,15
0020,LKUS_login,recaptchaV3Token,10
0020,LKUS_login,recaptchaV3Action,10
0020,LKUS_login,recaptchaV3Enabled,10
0020,LKUS_grant_new_user_coupon,cid,6
0020,LKUS_grant_new_user_coupon,uid,6
0020,LKUS_grant_new_user_coupon,type,6
0020,LKUS_grant_new_user_coupon,extend,6
0020,LKUS_grant_new_user_coupon,origin,6
0020,LKUS_grant_new_user_coupon,realIp,6
0020,LKUS_grant_new_user_coupon,tenant,6
0020,LKUS_grant_new_user_coupon,userNo,6
0020,LKUS_grant_new_user_coupon,phoneNo,6
0020,LKUS_grant_new_user_coupon,readmes,6
0020,LKUS_grant_new_user_coupon,sceneId,6
0020,LKUS_grant_new_user_coupon,version,6
0020,LKUS_grant_new_user_coupon,discounts,6
0020,LKUS_grant_new_user_coupon,userAgent,6
0020,LKUS_grant_new_user_coupon,realIpCity,6
0020,LKUS_grant_new_user_coupon,countryCode,6
0020,LKUS_grant_new_user_coupon,couponNames,6
0020,LKUS_grant_new_user_coupon,couponTypes,6
0020,LKUS_grant_new_user_coupon,fullPhoneNo,6
0020,LKUS_grant_new_user_coupon,inviterCode,2
0020,LKUS_grant_new_user_coupon,inviterType,2
0020,LKUS_grant_new_user_coupon,isBindPhone,6
0020,LKUS_grant_new_user_coupon,maskPhoneNo,6
0020,LKUS_grant_new_user_coupon,templateIds,6
0020,LKUS_grant_new_user_coupon,templateNos,6
0020,LKUS_grant_new_user_coupon,inviterPhone,2
0020,LKUS_grant_new_user_coupon,phoneCountry,6
0020,LKUS_grant_new_user_coupon,registerTime,6
0020,LKUS_grant_new_user_coupon,reviewRepeat,6
0020,LKUS_grant_new_user_coupon,inviterUserNo,2
0020,LKUS_grant_new_user_coupon,marketingCode,2
0020,LKUS_grant_new_user_coupon,realIpCountry,6
0020,LKUS_grant_new_user_coupon,discountLabels,6
0020,LKUS_grant_new_user_coupon,invitationCode,6
0020,LKUS_grant_new_user_coupon,realIpProvince,6
0020,LKUS_grant_new_user_coupon,recaptchaV3Token,6
0020,LKUS_grant_new_user_coupon,phoneNoEncryption,6
0020,LKUS_grant_new_user_coupon,recaptchaV3Action,6
0020,LKUS_grant_new_user_coupon,recaptchaV3Enabled,6
0020,LKUS_grant_new_user_coupon,couponDenominations,6
0020,LKUS_grant_new_user_coupon,couponDiscountTypes,6
0020,LKUS_grant_new_user_coupon,invitationActivityNo,2
0020,LKUS_grant_new_user_coupon,couponDiscountSubTypes,6
0020,LKUS_grant_new_user_coupon,couponDiscountTypeNames,6
0020,LKUS_grant_new_user_coupon,app,3
0020,LKUS_login,app,7
0021,LKUS_push,app,41
0021,LKUS_push,cid,97
0021,LKUS_push,uid,97
0021,LKUS_push,realIp,97
0021,LKUS_push,tenant,97
0021,LKUS_push,phoneNo,97
0021,LKUS_push,version,97
0021,LKUS_push,userAgent,97
0021,LKUS_push,realIpCity,97
0021,LKUS_push,countryCode,97
0021,LKUS_push,fullPhoneNo,97
0021,LKUS_push,phoneCountry,97
0021,LKUS_push,reviewRepeat,93
0021,LKUS_push,realIpCountry,97
0021,LKUS_push,realIpProvince,97
0021,LKUS_push,recaptchaV3Token,92
0021,LKUS_push,recaptchaV3Action,92
0021,LKUS_push,recaptchaV3Enabled,93
0021,LKUS_captcha,cid,1
0021,LKUS_captcha,uid,1
0021,LKUS_captcha,realIp,1
0021,LKUS_captcha,tenant,1
0021,LKUS_captcha,isGuest,1
0021,LKUS_captcha,phoneNo,1
0021,LKUS_captcha,version,1
0021,LKUS_captcha,eventName,1
0021,LKUS_captcha,userAgent,1
0021,LKUS_captcha,realIpCity,1
0021,LKUS_captcha,countryCode,1
0021,LKUS_captcha,fullPhoneNo,1
0021,LKUS_captcha,captchaScene,1
0021,LKUS_captcha,phoneCountry,1
0021,LKUS_captcha,reviewRepeat,1
0021,LKUS_captcha,realIpCountry,1
0021,LKUS_captcha,realIpProvince,1
0021,LKUS_captcha,verifyCodeType,1
0021,LKUS_captcha,recaptchaV2Token,1
0021,LKUS_captcha,recaptchaV3Token,1
0021,LKUS_captcha,recaptchaV3Action,1
0021,LKUS_captcha,verifyCodeTypeName,1
0021,LKUS_login,app,17
0021,LKUS_login,cid,23
0021,LKUS_login,uid,23
0021,LKUS_login,realIp,23
0021,LKUS_login,tenant,23
0021,LKUS_login,userNo,23
0021,LKUS_login,phoneNo,23
0021,LKUS_login,version,23
0021,LKUS_login,userAgent,23
0021,LKUS_login,realIpCity,23
0021,LKUS_login,countryCode,23
0021,LKUS_login,fullPhoneNo,23
0021,LKUS_login,phoneCountry,23
0021,LKUS_login,reviewRepeat,22
0021,LKUS_login,realIpCountry,23
0021,LKUS_login,realIpProvince,23
0021,LKUS_login,recaptchaV3Token,22
0021,LKUS_login,recaptchaV3Action,22
0021,LKUS_login,recaptchaV3Enabled,22
0021,LKUS_grant_new_user_coupon,app,8
0021,LKUS_grant_new_user_coupon,cid,11
0021,LKUS_grant_new_user_coupon,uid,11
0021,LKUS_grant_new_user_coupon,type,11
0021,LKUS_grant_new_user_coupon,extend,11
0021,LKUS_grant_new_user_coupon,origin,11
0021,LKUS_grant_new_user_coupon,realIp,11
0021,LKUS_grant_new_user_coupon,tenant,11
0021,LKUS_grant_new_user_coupon,userNo,11
0021,LKUS_grant_new_user_coupon,phoneNo,11
0021,LKUS_grant_new_user_coupon,readmes,11
0021,LKUS_grant_new_user_coupon,sceneId,11
0021,LKUS_grant_new_user_coupon,version,11
0021,LKUS_grant_new_user_coupon,discounts,11
0021,LKUS_grant_new_user_coupon,userAgent,11
0021,LKUS_grant_new_user_coupon,realIpCity,11
0021,LKUS_grant_new_user_coupon,countryCode,11
0021,LKUS_grant_new_user_coupon,couponNames,11
0021,LKUS_grant_new_user_coupon,couponTypes,11
0021,LKUS_grant_new_user_coupon,fullPhoneNo,11
0021,LKUS_grant_new_user_coupon,isBindPhone,11
0021,LKUS_grant_new_user_coupon,maskPhoneNo,11
0021,LKUS_grant_new_user_coupon,templateIds,11
0021,LKUS_grant_new_user_coupon,templateNos,11
0021,LKUS_grant_new_user_coupon,phoneCountry,11
0021,LKUS_grant_new_user_coupon,registerTime,11
0021,LKUS_grant_new_user_coupon,reviewRepeat,11
0021,LKUS_grant_new_user_coupon,realIpCountry,11
0021,LKUS_grant_new_user_coupon,discountLabels,11
0021,LKUS_grant_new_user_coupon,invitationCode,11
0021,LKUS_grant_new_user_coupon,realIpProvince,11
0021,LKUS_grant_new_user_coupon,recaptchaV3Token,11
0021,LKUS_grant_new_user_coupon,phoneNoEncryption,11
0021,LKUS_grant_new_user_coupon,recaptchaV3Action,11
0021,LKUS_grant_new_user_coupon,recaptchaV3Enabled,11
0021,LKUS_grant_new_user_coupon,couponDenominations,11
0021,LKUS_grant_new_user_coupon,couponDiscountTypes,11
0021,LKUS_grant_new_user_coupon,couponDiscountSubTypes,11
0021,LKUS_grant_new_user_coupon,couponDiscountTypeNames,11
0021,LKUS_physical_order_create,app,57
0021,LKUS_physical_order_create,cid,69
0021,LKUS_physical_order_create,uid,69
0021,LKUS_physical_order_create,realIp,69
0021,LKUS_physical_order_create,shopId,69
0021,LKUS_physical_order_create,tenant,69
0021,LKUS_physical_order_create,userNo,69
0021,LKUS_physical_order_create,isGuest,69
0021,LKUS_physical_order_create,phoneNo,60
0021,LKUS_physical_order_create,version,69
0021,LKUS_physical_order_create,latitude,60
0021,LKUS_physical_order_create,couponNos,45
0021,LKUS_physical_order_create,longitude,60
0021,LKUS_physical_order_create,orderType,69
0021,LKUS_physical_order_create,taxAmount,69
0021,LKUS_physical_order_create,userAgent,69
0021,LKUS_physical_order_create,orderPrice,69
0021,LKUS_physical_order_create,realIpCity,69
0021,LKUS_physical_order_create,countryCode,69
0021,LKUS_physical_order_create,couponNames,45
0021,LKUS_physical_order_create,couponTypes,45
0021,LKUS_physical_order_create,fullPhoneNo,60
0021,LKUS_physical_order_create,shopAddress,69
0021,LKUS_physical_order_create,phoneCountry,60
0021,LKUS_physical_order_create,reviewRepeat,57
0021,LKUS_physical_order_create,shopCityName,69
0021,LKUS_physical_order_create,shopLatitude,69
0021,LKUS_physical_order_create,couponSources,45
0021,LKUS_physical_order_create,isTaxRequired,69
0021,LKUS_physical_order_create,orderSkuCodes,64
0021,LKUS_physical_order_create,orderSpuCodes,64
0021,LKUS_physical_order_create,productAmount,69
0021,LKUS_physical_order_create,realIpCountry,69
0021,LKUS_physical_order_create,shopLongitude,69
0021,LKUS_physical_order_create,realIpProvince,69
0021,LKUS_physical_order_create,recaptchaV3Token,57
0021,LKUS_physical_order_create,couponProposalNos,45
0021,LKUS_physical_order_create,couponTemplateIds,45
0021,LKUS_physical_order_create,recaptchaV3Action,57
0021,LKUS_physical_order_create,couponDenomination,45
0021,LKUS_physical_order_create,recaptchaV3Enabled,57
0021,LKUS_physical_order_create,couponDiscountTypes,45
0021,LKUS_physical_order_create,couponDiscountSubTypes,45
0021,LKUS_physical_order_create,packageOrderSkuCodes,7
0021,LKUS_physical_order_create,packageOrderSpuCodes,7
0021,LKUS_payment,app,56
0021,LKUS_payment,cid,68
0021,LKUS_payment,uid,68
0021,LKUS_payment,realIp,68
0021,LKUS_payment,shopId,68
0021,LKUS_payment,tenant,68
0021,LKUS_payment,userNo,68
0021,LKUS_payment,isGuest,68
0021,LKUS_payment,orderNo,68
0021,LKUS_payment,payType,68
0021,LKUS_payment,phoneNo,59
0021,LKUS_payment,version,68
0021,LKUS_payment,payMoney,68
0021,LKUS_payment,orderType,68
0021,LKUS_payment,taxAmount,68
0021,LKUS_payment,userAgent,68
0021,LKUS_payment,orderPrice,68
0021,LKUS_payment,realIpCity,68
0021,LKUS_payment,countryCode,59
0021,LKUS_payment,fullPhoneNo,59
0021,LKUS_payment,phoneCountry,59
0021,LKUS_payment,reviewRepeat,56
0021,LKUS_payment,isTaxRequired,68
0021,LKUS_payment,realIpCountry,68
0021,LKUS_payment,realIpProvince,68
0021,LKUS_payment,recaptchaV3Token,56
0021,LKUS_payment,recaptchaV3Action,56
0021,LKUS_payment,recaptchaV3Enabled,56
0021,LKUS_register,app,7
0021,LKUS_register,cid,7
0021,LKUS_register,uid,7
0021,LKUS_register,realIp,7
0021,LKUS_register,tenant,7
0021,LKUS_register,phoneNo,7
0021,LKUS_register,version,7
0021,LKUS_register,userAgent,7
0021,LKUS_register,realIpCity,7
0021,LKUS_register,countryCode,7
0021,LKUS_register,fullPhoneNo,7
0021,LKUS_register,phoneCountry,7
0021,LKUS_register,reviewRepeat,7
0021,LKUS_register,realIpCountry,7
0021,LKUS_register,realIpProvince,7
0021,LKUS_register,recaptchaV3Token,7
0021,LKUS_register,recaptchaV3Action,7
0021,LKUS_register,recaptchaV3Enabled,7
0021,LKUS_physical_order_create,shumeiDevId,9
0021,LKUS_physical_order_create,shumengDevId,9
0021,LKUS_physical_order_create,tongdunBlackBox,9
0021,LKUS_physical_order_cancel,app,1
0021,LKUS_physical_order_cancel,cid,1
0021,LKUS_physical_order_cancel,uid,1
0021,LKUS_physical_order_cancel,realIp,1
0021,LKUS_physical_order_cancel,shopId,1
0021,LKUS_physical_order_cancel,tenant,1
0021,LKUS_physical_order_cancel,userNo,1
0021,LKUS_physical_order_cancel,isGuest,1
0021,LKUS_physical_order_cancel,orderNo,1
0021,LKUS_physical_order_cancel,phoneNo,1
0021,LKUS_physical_order_cancel,version,1
0021,LKUS_physical_order_cancel,shopCity,1
0021,LKUS_physical_order_cancel,userAgent,1
0021,LKUS_physical_order_cancel,realIpCity,1
0021,LKUS_physical_order_cancel,countryCode,1
0021,LKUS_physical_order_cancel,fullPhoneNo,1
0021,LKUS_physical_order_cancel,totalOfMade,1
0021,LKUS_physical_order_cancel,phoneCountry,1
0021,LKUS_physical_order_cancel,reviewRepeat,1
0021,LKUS_physical_order_cancel,realIpCountry,1
0021,LKUS_physical_order_cancel,realIpProvince,1
0021,LKUS_physical_order_cancel,recaptchaV3Token,1
0021,LKUS_physical_order_cancel,recaptchaV3Action,1
0021,LKUS_physical_order_cancel,recaptchaV3Enabled,1
0021,LKUS_physical_order_cancel,cancelTypeEnumIndex,1
0021,LKUS_push,userNo,2
0021,LKUS_grant_new_user_coupon,inviterCode,1
0021,LKUS_grant_new_user_coupon,inviterType,1
0021,LKUS_grant_new_user_coupon,inviterPhone,1
0021,LKUS_grant_new_user_coupon,inviterUserNo,1
0021,LKUS_grant_new_user_coupon,marketingCode,1
0021,LKUS_grant_new_user_coupon,invitationActivityNo,1
0022,LKUS_push,app,53
0022,LKUS_push,cid,61
0022,LKUS_push,uid,61
0022,LKUS_push,realIp,61
0022,LKUS_push,tenant,61
0022,LKUS_push,phoneNo,61
0022,LKUS_push,version,61
0022,LKUS_push,userAgent,61
0022,LKUS_push,realIpCity,61
0022,LKUS_push,countryCode,61
0022,LKUS_push,fullPhoneNo,61
0022,LKUS_push,phoneCountry,61
0022,LKUS_push,reviewRepeat,60
0022,LKUS_push,realIpCountry,61
0022,LKUS_push,realIpProvince,61
0022,LKUS_push,recaptchaV3Token,59
0022,LKUS_push,recaptchaV3Action,59
0022,LKUS_push,recaptchaV3Enabled,60
0022,LKUS_physical_order_create,app,48
0022,LKUS_physical_order_create,cid,63
0022,LKUS_physical_order_create,uid,63
0022,LKUS_physical_order_create,realIp,63
0022,LKUS_physical_order_create,shopId,63
0022,LKUS_physical_order_create,tenant,63
0022,LKUS_physical_order_create,userNo,63
0022,LKUS_physical_order_create,isGuest,63
0022,LKUS_physical_order_create,phoneNo,49
0022,LKUS_physical_order_create,version,63
0022,LKUS_physical_order_create,latitude,51
0022,LKUS_physical_order_create,longitude,51
0022,LKUS_physical_order_create,orderType,63
0022,LKUS_physical_order_create,taxAmount,63
0022,LKUS_physical_order_create,userAgent,63
0022,LKUS_physical_order_create,orderPrice,63
0022,LKUS_physical_order_create,realIpCity,63
0022,LKUS_physical_order_create,countryCode,63
0022,LKUS_physical_order_create,fullPhoneNo,49
0022,LKUS_physical_order_create,shopAddress,63
0022,LKUS_physical_order_create,phoneCountry,49
0022,LKUS_physical_order_create,reviewRepeat,48
0022,LKUS_physical_order_create,shopCityName,63
0022,LKUS_physical_order_create,shopLatitude,63
0022,LKUS_physical_order_create,isTaxRequired,63
0022,LKUS_physical_order_create,productAmount,63
0022,LKUS_physical_order_create,realIpCountry,63
0022,LKUS_physical_order_create,shopLongitude,63
0022,LKUS_physical_order_create,realIpProvince,63
0022,LKUS_physical_order_create,recaptchaV3Token,48
0022,LKUS_physical_order_create,recaptchaV3Action,48
0022,LKUS_physical_order_create,recaptchaV3Enabled,48
0022,LKUS_physical_order_create,packageOrderSkuCodes,10
0022,LKUS_physical_order_create,packageOrderSpuCodes,10
0022,LKUS_payment,app,45
0022,LKUS_payment,cid,60
0022,LKUS_payment,uid,60
0022,LKUS_payment,realIp,60
0022,LKUS_payment,shopId,60
0022,LKUS_payment,tenant,60
0022,LKUS_payment,userNo,60
0022,LKUS_payment,isGuest,60
0022,LKUS_payment,orderNo,60
0022,LKUS_payment,payType,60
0022,LKUS_payment,phoneNo,46
0022,LKUS_payment,version,60
0022,LKUS_payment,payMoney,60
0022,LKUS_payment,orderType,60
0022,LKUS_payment,taxAmount,60
0022,LKUS_payment,userAgent,60
0022,LKUS_payment,orderPrice,60
0022,LKUS_payment,realIpCity,60
0022,LKUS_payment,countryCode,46
0022,LKUS_payment,fullPhoneNo,46
0022,LKUS_payment,phoneCountry,46
0022,LKUS_payment,reviewRepeat,46
0022,LKUS_payment,isTaxRequired,60
0022,LKUS_payment,realIpCountry,60
0022,LKUS_payment,realIpProvince,60
0022,LKUS_payment,recaptchaV3Token,46
0022,LKUS_payment,recaptchaV3Action,46
0022,LKUS_payment,recaptchaV3Enabled,46
0022,LKUS_physical_order_create,couponNos,37
0022,LKUS_physical_order_create,couponNames,37
0022,LKUS_physical_order_create,couponTypes,37
0022,LKUS_physical_order_create,couponSources,37
0022,LKUS_physical_order_create,orderSkuCodes,55
0022,LKUS_physical_order_create,orderSpuCodes,55
0022,LKUS_physical_order_create,couponProposalNos,37
0022,LKUS_physical_order_create,couponTemplateIds,37
0022,LKUS_physical_order_create,couponDenomination,37
0022,LKUS_physical_order_create,couponDiscountTypes,37
0022,LKUS_physical_order_create,couponDiscountSubTypes,37
0022,LKUS_physical_order_cancel,app,2
0022,LKUS_physical_order_cancel,cid,2
0022,LKUS_physical_order_cancel,uid,2
0022,LKUS_physical_order_cancel,realIp,2
0022,LKUS_physical_order_cancel,shopId,2
0022,LKUS_physical_order_cancel,tenant,2
0022,LKUS_physical_order_cancel,userNo,2
0022,LKUS_physical_order_cancel,isGuest,2
0022,LKUS_physical_order_cancel,orderNo,2
0022,LKUS_physical_order_cancel,phoneNo,2
0022,LKUS_physical_order_cancel,version,2
0022,LKUS_physical_order_cancel,shopCity,2
0022,LKUS_physical_order_cancel,userAgent,2
0022,LKUS_physical_order_cancel,realIpCity,2
0022,LKUS_physical_order_cancel,countryCode,2
0022,LKUS_physical_order_cancel,fullPhoneNo,2
0022,LKUS_physical_order_cancel,totalOfMade,2
0022,LKUS_physical_order_cancel,phoneCountry,2
0022,LKUS_physical_order_cancel,reviewRepeat,1
0022,LKUS_physical_order_cancel,realIpCountry,2
0022,LKUS_physical_order_cancel,realIpProvince,2
0022,LKUS_physical_order_cancel,recaptchaV3Token,1
0022,LKUS_physical_order_cancel,recaptchaV3Action,1
0022,LKUS_physical_order_cancel,recaptchaV3Enabled,1
0022,LKUS_physical_order_cancel,cancelTypeEnumIndex,2
0022,LKUS_payment,packagingBagPrice,3
0022,LKUS_payment,packagingBagNumber,3
0022,LKUS_grant_new_user_coupon,app,4
0022,LKUS_grant_new_user_coupon,cid,4
0022,LKUS_grant_new_user_coupon,uid,4
0022,LKUS_grant_new_user_coupon,type,4
0022,LKUS_grant_new_user_coupon,extend,4
0022,LKUS_grant_new_user_coupon,origin,4
0022,LKUS_grant_new_user_coupon,realIp,4
0022,LKUS_grant_new_user_coupon,tenant,4
0022,LKUS_grant_new_user_coupon,userNo,4
0022,LKUS_grant_new_user_coupon,phoneNo,4
0022,LKUS_grant_new_user_coupon,readmes,4
0022,LKUS_grant_new_user_coupon,sceneId,4
0022,LKUS_grant_new_user_coupon,version,4
0022,LKUS_grant_new_user_coupon,discounts,4
0022,LKUS_grant_new_user_coupon,userAgent,4
0022,LKUS_grant_new_user_coupon,realIpCity,4
0022,LKUS_grant_new_user_coupon,countryCode,4
0022,LKUS_grant_new_user_coupon,couponNames,4
0022,LKUS_grant_new_user_coupon,couponTypes,4
0022,LKUS_grant_new_user_coupon,fullPhoneNo,4
0022,LKUS_grant_new_user_coupon,isBindPhone,4
0022,LKUS_grant_new_user_coupon,maskPhoneNo,4
0022,LKUS_grant_new_user_coupon,templateIds,4
0022,LKUS_grant_new_user_coupon,templateNos,4
0022,LKUS_grant_new_user_coupon,phoneCountry,4
0022,LKUS_grant_new_user_coupon,registerTime,4
0022,LKUS_grant_new_user_coupon,reviewRepeat,4
0022,LKUS_grant_new_user_coupon,realIpCountry,4
0022,LKUS_grant_new_user_coupon,discountLabels,4
0022,LKUS_grant_new_user_coupon,invitationCode,4
0022,LKUS_grant_new_user_coupon,realIpProvince,4
0022,LKUS_grant_new_user_coupon,recaptchaV3Token,4
0022,LKUS_grant_new_user_coupon,phoneNoEncryption,4
0022,LKUS_grant_new_user_coupon,recaptchaV3Action,4
0022,LKUS_grant_new_user_coupon,recaptchaV3Enabled,4
0022,LKUS_grant_new_user_coupon,couponDenominations,4
0022,LKUS_grant_new_user_coupon,couponDiscountTypes,4
0022,LKUS_grant_new_user_coupon,couponDiscountSubTypes,4
0022,LKUS_grant_new_user_coupon,couponDiscountTypeNames,4
0022,LKUS_login,app,15
0022,LKUS_login,cid,16
0022,LKUS_login,uid,16
0022,LKUS_login,realIp,16
0022,LKUS_login,tenant,16
0022,LKUS_login,userNo,16
0022,LKUS_login,phoneNo,16
0022,LKUS_login,version,16
0022,LKUS_login,userAgent,16
0022,LKUS_login,realIpCity,16
0022,LKUS_login,countryCode,16
0022,LKUS_login,fullPhoneNo,16
0022,LKUS_login,phoneCountry,16
0022,LKUS_login,reviewRepeat,15
0022,LKUS_login,realIpCountry,16
0022,LKUS_login,realIpProvince,16
0022,LKUS_login,recaptchaV3Token,15
0022,LKUS_login,recaptchaV3Action,15
0022,LKUS_login,recaptchaV3Enabled,15
0022,LKUS_physical_order_create,shumeiDevId,12
0022,LKUS_physical_order_create,shumengDevId,12
0022,LKUS_physical_order_create,tongdunBlackBox,12
0022,LKUS_register,app,6
0022,LKUS_register,cid,9
0022,LKUS_register,uid,9
0022,LKUS_register,realIp,9
0022,LKUS_register,tenant,9
0022,LKUS_register,phoneNo,9
0022,LKUS_register,version,9
0022,LKUS_register,userAgent,9
0022,LKUS_register,realIpCity,9
0022,LKUS_register,countryCode,9
0022,LKUS_register,fullPhoneNo,9
0022,LKUS_register,phoneCountry,9
0022,LKUS_register,reviewRepeat,9
0022,LKUS_register,realIpCountry,9
0022,LKUS_register,realIpProvince,9
0022,LKUS_register,recaptchaV3Token,9
0022,LKUS_register,recaptchaV3Action,9
0022,LKUS_register,recaptchaV3Enabled,9
0022,LKUS_push,userNo,1
0022,LKUS_captcha,cid,1
0022,LKUS_captcha,uid,1
0022,LKUS_captcha,realIp,1
0022,LKUS_captcha,tenant,1
0022,LKUS_captcha,isGuest,1
0022,LKUS_captcha,phoneNo,1
0022,LKUS_captcha,version,1
0022,LKUS_captcha,eventName,1
0022,LKUS_captcha,userAgent,1
0022,LKUS_captcha,realIpCity,1
0022,LKUS_captcha,countryCode,1
0022,LKUS_captcha,fullPhoneNo,1
0022,LKUS_captcha,captchaScene,1
0022,LKUS_captcha,phoneCountry,1
0022,LKUS_captcha,reviewRepeat,1
0022,LKUS_captcha,realIpCountry,1
0022,LKUS_captcha,realIpProvince,1
0022,LKUS_captcha,verifyCodeType,1
0022,LKUS_captcha,recaptchaV2Token,1
0022,LKUS_captcha,recaptchaV3Token,1
0022,LKUS_captcha,recaptchaV3Action,1
0022,LKUS_captcha,verifyCodeTypeName,1
0023,LKUS_push,app,34
0023,LKUS_push,cid,46
0023,LKUS_push,uid,46
0023,LKUS_push,realIp,46
0023,LKUS_push,tenant,46
0023,LKUS_push,phoneNo,46
0023,LKUS_push,version,46
0023,LKUS_push,userAgent,46
0023,LKUS_push,realIpCity,46
0023,LKUS_push,countryCode,46
0023,LKUS_push,fullPhoneNo,46
0023,LKUS_push,phoneCountry,46
0023,LKUS_push,reviewRepeat,37
0023,LKUS_push,realIpCountry,46
0023,LKUS_push,realIpProvince,46
0023,LKUS_push,recaptchaV3Token,37
0023,LKUS_push,recaptchaV3Action,37
0023,LKUS_push,recaptchaV3Enabled,37
0023,LKUS_register,app,9
0023,LKUS_register,cid,12
0023,LKUS_register,uid,12
0023,LKUS_register,realIp,12
0023,LKUS_register,tenant,12
0023,LKUS_register,phoneNo,12
0023,LKUS_register,version,12
0023,LKUS_register,userAgent,12
0023,LKUS_register,realIpCity,12
0023,LKUS_register,countryCode,12
0023,LKUS_register,fullPhoneNo,12
0023,LKUS_register,phoneCountry,12
0023,LKUS_register,reviewRepeat,11
0023,LKUS_register,realIpCountry,12
0023,LKUS_register,realIpProvince,12
0023,LKUS_register,recaptchaV3Token,11
0023,LKUS_register,recaptchaV3Action,11
0023,LKUS_register,recaptchaV3Enabled,11
0023,LKUS_login,app,10
0023,LKUS_login,cid,14
0023,LKUS_login,uid,14
0023,LKUS_login,realIp,14
0023,LKUS_login,tenant,14
0023,LKUS_login,userNo,14
0023,LKUS_login,phoneNo,14
0023,LKUS_login,version,14
0023,LKUS_login,userAgent,14
0023,LKUS_login,realIpCity,14
0023,LKUS_login,countryCode,14
0023,LKUS_login,fullPhoneNo,14
0023,LKUS_login,phoneCountry,14
0023,LKUS_login,reviewRepeat,10
0023,LKUS_login,realIpCountry,14
0023,LKUS_login,realIpProvince,14
0023,LKUS_login,recaptchaV3Token,10
0023,LKUS_login,recaptchaV3Action,10
0023,LKUS_login,recaptchaV3Enabled,10
0023,LKUS_physical_order_create,app,55
0023,LKUS_physical_order_create,cid,61
0023,LKUS_physical_order_create,uid,61
0023,LKUS_physical_order_create,realIp,61
0023,LKUS_physical_order_create,shopId,61
0023,LKUS_physical_order_create,tenant,61
0023,LKUS_physical_order_create,userNo,61
0023,LKUS_physical_order_create,isGuest,61
0023,LKUS_physical_order_create,phoneNo,56
0023,LKUS_physical_order_create,version,61
0023,LKUS_physical_order_create,latitude,56
0023,LKUS_physical_order_create,couponNos,42
0023,LKUS_physical_order_create,longitude,56
0023,LKUS_physical_order_create,orderType,61
0023,LKUS_physical_order_create,taxAmount,61
0023,LKUS_physical_order_create,userAgent,61
0023,LKUS_physical_order_create,orderPrice,61
0023,LKUS_physical_order_create,realIpCity,61
0023,LKUS_physical_order_create,countryCode,61
0023,LKUS_physical_order_create,couponNames,42
0023,LKUS_physical_order_create,couponTypes,42
0023,LKUS_physical_order_create,fullPhoneNo,56
0023,LKUS_physical_order_create,shopAddress,61
0023,LKUS_physical_order_create,phoneCountry,56
0023,LKUS_physical_order_create,reviewRepeat,55
0023,LKUS_physical_order_create,shopCityName,61
0023,LKUS_physical_order_create,shopLatitude,61
0023,LKUS_physical_order_create,couponSources,42
0023,LKUS_physical_order_create,isTaxRequired,61
0023,LKUS_physical_order_create,orderSkuCodes,56
0023,LKUS_physical_order_create,orderSpuCodes,56
0023,LKUS_physical_order_create,productAmount,61
0023,LKUS_physical_order_create,realIpCountry,61
0023,LKUS_physical_order_create,shopLongitude,61
0023,LKUS_physical_order_create,realIpProvince,61
0023,LKUS_physical_order_create,recaptchaV3Token,55
0023,LKUS_physical_order_create,couponProposalNos,42
0023,LKUS_physical_order_create,couponTemplateIds,42
0023,LKUS_physical_order_create,recaptchaV3Action,55
0023,LKUS_physical_order_create,couponDenomination,42
0023,LKUS_physical_order_create,recaptchaV3Enabled,55
0023,LKUS_physical_order_create,couponDiscountTypes,42
0023,LKUS_physical_order_create,couponDiscountSubTypes,42
0023,LKUS_payment,app,54
0023,LKUS_payment,cid,61
0023,LKUS_payment,uid,61
0023,LKUS_payment,realIp,61
0023,LKUS_payment,shopId,61
0023,LKUS_payment,tenant,61
0023,LKUS_payment,userNo,61
0023,LKUS_payment,isGuest,61
0023,LKUS_payment,orderNo,61
0023,LKUS_payment,payType,61
0023,LKUS_payment,phoneNo,55
0023,LKUS_payment,version,61
0023,LKUS_payment,payMoney,61
0023,LKUS_payment,orderType,61
0023,LKUS_payment,taxAmount,61
0023,LKUS_payment,userAgent,61
0023,LKUS_payment,orderPrice,61
0023,LKUS_payment,realIpCity,61
0023,LKUS_payment,countryCode,55
0023,LKUS_payment,fullPhoneNo,55
0023,LKUS_payment,phoneCountry,55
0023,LKUS_payment,reviewRepeat,54
0023,LKUS_payment,isTaxRequired,61
0023,LKUS_payment,realIpCountry,61
0023,LKUS_payment,realIpProvince,61
0023,LKUS_payment,recaptchaV3Token,54
0023,LKUS_payment,recaptchaV3Action,54
0023,LKUS_payment,recaptchaV3Enabled,54
0023,LKUS_grant_new_user_coupon,app,6
0023,LKUS_grant_new_user_coupon,cid,6
0023,LKUS_grant_new_user_coupon,uid,6
0023,LKUS_grant_new_user_coupon,type,6
0023,LKUS_grant_new_user_coupon,extend,6
0023,LKUS_grant_new_user_coupon,origin,6
0023,LKUS_grant_new_user_coupon,realIp,6
0023,LKUS_grant_new_user_coupon,tenant,6
0023,LKUS_grant_new_user_coupon,userNo,6
0023,LKUS_grant_new_user_coupon,phoneNo,6
0023,LKUS_grant_new_user_coupon,readmes,6
0023,LKUS_grant_new_user_coupon,sceneId,6
0023,LKUS_grant_new_user_coupon,version,6
0023,LKUS_grant_new_user_coupon,discounts,6
0023,LKUS_grant_new_user_coupon,userAgent,6
0023,LKUS_grant_new_user_coupon,realIpCity,6
0023,LKUS_grant_new_user_coupon,countryCode,6
0023,LKUS_grant_new_user_coupon,couponNames,6
0023,LKUS_grant_new_user_coupon,couponTypes,6
0023,LKUS_grant_new_user_coupon,fullPhoneNo,6
0023,LKUS_grant_new_user_coupon,isBindPhone,6
0023,LKUS_grant_new_user_coupon,maskPhoneNo,6
0023,LKUS_grant_new_user_coupon,templateIds,6
0023,LKUS_grant_new_user_coupon,templateNos,6
0023,LKUS_grant_new_user_coupon,phoneCountry,6
0023,LKUS_grant_new_user_coupon,registerTime,6
0023,LKUS_grant_new_user_coupon,reviewRepeat,6
0023,LKUS_grant_new_user_coupon,realIpCountry,6
0023,LKUS_grant_new_user_coupon,discountLabels,6
0023,LKUS_grant_new_user_coupon,invitationCode,6
0023,LKUS_grant_new_user_coupon,realIpProvince,6
0023,LKUS_grant_new_user_coupon,recaptchaV3Token,6
0023,LKUS_grant_new_user_coupon,phoneNoEncryption,6
0023,LKUS_grant_new_user_coupon,recaptchaV3Action,6
0023,LKUS_grant_new_user_coupon,recaptchaV3Enabled,6
0023,LKUS_grant_new_user_coupon,couponDenominations,6
0023,LKUS_grant_new_user_coupon,couponDiscountTypes,6
0023,LKUS_grant_new_user_coupon,couponDiscountSubTypes,6
0023,LKUS_grant_new_user_coupon,couponDiscountTypeNames,6
0023,LKUS_physical_order_create,packageOrderSkuCodes,5
0023,LKUS_physical_order_create,packageOrderSpuCodes,5
0023,LKUS_physical_order_create,shumeiDevId,5
0023,LKUS_physical_order_create,shumengDevId,5
0023,LKUS_physical_order_create,tongdunBlackBox,5
0023,LKUS_payment,packagingBagPrice,1
0023,LKUS_payment,packagingBagNumber,1
0024,LKUS_push,app,26
0024,LKUS_push,cid,30
0024,LKUS_push,uid,30
0024,LKUS_push,realIp,30
0024,LKUS_push,tenant,30
0024,LKUS_push,phoneNo,30
0024,LKUS_push,version,30
0024,LKUS_push,userAgent,30
0024,LKUS_push,realIpCity,30
0024,LKUS_push,countryCode,30
0024,LKUS_push,fullPhoneNo,30
0024,LKUS_push,phoneCountry,30
0024,LKUS_push,reviewRepeat,30
0024,LKUS_push,realIpCountry,30
0024,LKUS_push,realIpProvince,30
0024,LKUS_push,recaptchaV3Token,30
0024,LKUS_push,recaptchaV3Action,30
0024,LKUS_push,recaptchaV3Enabled,30
0024,LKUS_register,app,6
0024,LKUS_register,cid,7
0024,LKUS_register,uid,7
0024,LKUS_register,realIp,7
0024,LKUS_register,tenant,7
0024,LKUS_register,phoneNo,7
0024,LKUS_register,version,7
0024,LKUS_register,userAgent,7
0024,LKUS_register,realIpCity,7
0024,LKUS_register,countryCode,7
0024,LKUS_register,fullPhoneNo,7
0024,LKUS_register,phoneCountry,7
0024,LKUS_register,reviewRepeat,7
0024,LKUS_register,realIpCountry,7
0024,LKUS_register,realIpProvince,7
0024,LKUS_register,recaptchaV3Token,7
0024,LKUS_register,recaptchaV3Action,7
0024,LKUS_register,recaptchaV3Enabled,7
0024,LKUS_login,cid,31
0024,LKUS_login,uid,31
0024,LKUS_login,realIp,31
0024,LKUS_login,tenant,31
0024,LKUS_login,userNo,31
0024,LKUS_login,phoneNo,31
0024,LKUS_login,version,31
0024,LKUS_login,userAgent,31
0024,LKUS_login,realIpCity,31
0024,LKUS_login,countryCode,31
0024,LKUS_login,fullPhoneNo,31
0024,LKUS_login,phoneCountry,31
0024,LKUS_login,realIpCountry,31
0024,LKUS_login,realIpProvince,31
0024,LKUS_physical_order_create,cid,93
0024,LKUS_physical_order_create,uid,93
0024,LKUS_physical_order_create,realIp,93
0024,LKUS_physical_order_create,shopId,93
0024,LKUS_physical_order_create,tenant,93
0024,LKUS_physical_order_create,userNo,93
0024,LKUS_physical_order_create,isGuest,93
0024,LKUS_physical_order_create,phoneNo,88
0024,LKUS_physical_order_create,version,93
0024,LKUS_physical_order_create,orderType,93
0024,LKUS_physical_order_create,taxAmount,93
0024,LKUS_physical_order_create,userAgent,93
0024,LKUS_physical_order_create,orderPrice,92
0024,LKUS_physical_order_create,realIpCity,93
0024,LKUS_physical_order_create,countryCode,93
0024,LKUS_physical_order_create,fullPhoneNo,88
0024,LKUS_physical_order_create,shopAddress,93
0024,LKUS_physical_order_create,shumeiDevId,5
0024,LKUS_physical_order_create,phoneCountry,88
0024,LKUS_physical_order_create,shopCityName,93
0024,LKUS_physical_order_create,shopLatitude,93
0024,LKUS_physical_order_create,shumengDevId,5
0024,LKUS_physical_order_create,isTaxRequired,93
0024,LKUS_physical_order_create,orderSkuCodes,91
0024,LKUS_physical_order_create,orderSpuCodes,91
0024,LKUS_physical_order_create,productAmount,93
0024,LKUS_physical_order_create,realIpCountry,93
0024,LKUS_physical_order_create,shopLongitude,93
0024,LKUS_physical_order_create,realIpProvince,93
0024,LKUS_physical_order_create,tongdunBlackBox,5
0024,LKUS_payment,cid,93
0024,LKUS_payment,uid,93
0024,LKUS_payment,realIp,93
0024,LKUS_payment,shopId,93
0024,LKUS_payment,tenant,93
0024,LKUS_payment,userNo,93
0024,LKUS_payment,isGuest,93
0024,LKUS_payment,orderNo,93
0024,LKUS_payment,payType,93
0024,LKUS_payment,phoneNo,88
0024,LKUS_payment,version,93
0024,LKUS_payment,payMoney,93
0024,LKUS_payment,orderType,93
0024,LKUS_payment,taxAmount,93
0024,LKUS_payment,userAgent,93
0024,LKUS_payment,orderPrice,93
0024,LKUS_payment,realIpCity,93
0024,LKUS_payment,countryCode,88
0024,LKUS_payment,fullPhoneNo,88
0024,LKUS_payment,phoneCountry,88
0024,LKUS_payment,isTaxRequired,93
0024,LKUS_payment,realIpCountry,93
0024,LKUS_payment,realIpProvince,93
0024,LKUS_login,app,27
0024,LKUS_login,reviewRepeat,27
0024,LKUS_login,recaptchaV3Token,27
0024,LKUS_login,recaptchaV3Action,27
0024,LKUS_login,recaptchaV3Enabled,27
0024,LKUS_payment,app,85
0024,LKUS_payment,reviewRepeat,83
0024,LKUS_payment,recaptchaV3Token,83
0024,LKUS_payment,recaptchaV3Action,83
0024,LKUS_payment,recaptchaV3Enabled,83
0024,LKUS_physical_order_create,app,85
0024,LKUS_physical_order_create,latitude,88
0024,LKUS_physical_order_create,couponNos,80
0024,LKUS_physical_order_create,longitude,88
0024,LKUS_physical_order_create,couponNames,80
0024,LKUS_physical_order_create,couponTypes,80
0024,LKUS_physical_order_create,reviewRepeat,83
0024,LKUS_physical_order_create,couponSources,80
0024,LKUS_physical_order_create,recaptchaV3Token,83
0024,LKUS_physical_order_create,couponProposalNos,80
0024,LKUS_physical_order_create,couponTemplateIds,80
0024,LKUS_physical_order_create,recaptchaV3Action,83
0024,LKUS_physical_order_create,couponDenomination,80
0024,LKUS_physical_order_create,recaptchaV3Enabled,83
0024,LKUS_physical_order_create,couponDiscountTypes,80
0024,LKUS_physical_order_create,couponDiscountSubTypes,80
0024,LKUS_physical_order_create,packageOrderSkuCodes,4
0024,LKUS_physical_order_create,packageOrderSpuCodes,4
0024,LKUS_grant_new_user_coupon,app,16
0024,LKUS_grant_new_user_coupon,cid,18
0024,LKUS_grant_new_user_coupon,uid,18
0024,LKUS_grant_new_user_coupon,type,18
0024,LKUS_grant_new_user_coupon,extend,18
0024,LKUS_grant_new_user_coupon,origin,18
0024,LKUS_grant_new_user_coupon,realIp,18
0024,LKUS_grant_new_user_coupon,tenant,18
0024,LKUS_grant_new_user_coupon,userNo,18
0024,LKUS_grant_new_user_coupon,phoneNo,18
0024,LKUS_grant_new_user_coupon,readmes,18
0024,LKUS_grant_new_user_coupon,sceneId,18
0024,LKUS_grant_new_user_coupon,version,18
0024,LKUS_grant_new_user_coupon,discounts,18
0024,LKUS_grant_new_user_coupon,userAgent,18
0024,LKUS_grant_new_user_coupon,realIpCity,18
0024,LKUS_grant_new_user_coupon,countryCode,18
0024,LKUS_grant_new_user_coupon,couponNames,18
0024,LKUS_grant_new_user_coupon,couponTypes,18
0024,LKUS_grant_new_user_coupon,fullPhoneNo,18
0024,LKUS_grant_new_user_coupon,isBindPhone,18
0024,LKUS_grant_new_user_coupon,maskPhoneNo,18
0024,LKUS_grant_new_user_coupon,templateIds,18
0024,LKUS_grant_new_user_coupon,templateNos,18
0024,LKUS_grant_new_user_coupon,phoneCountry,18
0024,LKUS_grant_new_user_coupon,registerTime,18
0024,LKUS_grant_new_user_coupon,reviewRepeat,18
0024,LKUS_grant_new_user_coupon,realIpCountry,18
0024,LKUS_grant_new_user_coupon,discountLabels,18
0024,LKUS_grant_new_user_coupon,invitationCode,18
0024,LKUS_grant_new_user_coupon,realIpProvince,18
0024,LKUS_grant_new_user_coupon,recaptchaV3Token,18
0024,LKUS_grant_new_user_coupon,phoneNoEncryption,18
0024,LKUS_grant_new_user_coupon,recaptchaV3Action,18
0024,LKUS_grant_new_user_coupon,recaptchaV3Enabled,18
0024,LKUS_grant_new_user_coupon,couponDenominations,18
0024,LKUS_grant_new_user_coupon,couponDiscountTypes,18
0024,LKUS_grant_new_user_coupon,couponDiscountSubTypes,18
0024,LKUS_grant_new_user_coupon,couponDiscountTypeNames,18
0024,LKUS_grant_new_user_coupon,inviterCode,1
0024,LKUS_grant_new_user_coupon,inviterType,1
0024,LKUS_grant_new_user_coupon,inviterPhone,1
0024,LKUS_grant_new_user_coupon,inviterUserNo,1
0024,LKUS_grant_new_user_coupon,marketingCode,1
0024,LKUS_grant_new_user_coupon,invitationActivityNo,1
0024,LKUS_payment,packagingBagPrice,4
0024,LKUS_payment,packagingBagNumber,4
0025,LKUS_push,cid,30
0025,LKUS_push,uid,30
0025,LKUS_push,realIp,30
0025,LKUS_push,tenant,30
0025,LKUS_push,phoneNo,30
0025,LKUS_push,version,30
0025,LKUS_push,userAgent,30
0025,LKUS_push,realIpCity,30
0025,LKUS_push,countryCode,30
0025,LKUS_push,fullPhoneNo,30
0025,LKUS_push,phoneCountry,30
0025,LKUS_push,reviewRepeat,29
0025,LKUS_push,realIpCountry,30
0025,LKUS_push,realIpProvince,30
0025,LKUS_push,recaptchaV3Token,27
0025,LKUS_push,recaptchaV3Action,27
0025,LKUS_push,recaptchaV3Enabled,29
0025,LKUS_captcha,cid,2
0025,LKUS_captcha,uid,2
0025,LKUS_captcha,realIp,2
0025,LKUS_captcha,tenant,2
0025,LKUS_captcha,isGuest,2
0025,LKUS_captcha,phoneNo,2
0025,LKUS_captcha,version,2
0025,LKUS_captcha,eventName,2
0025,LKUS_captcha,userAgent,2
0025,LKUS_captcha,realIpCity,2
0025,LKUS_captcha,countryCode,2
0025,LKUS_captcha,fullPhoneNo,2
0025,LKUS_captcha,captchaScene,2
0025,LKUS_captcha,phoneCountry,2
0025,LKUS_captcha,reviewRepeat,2
0025,LKUS_captcha,realIpCountry,2
0025,LKUS_captcha,realIpProvince,2
0025,LKUS_captcha,verifyCodeType,2
0025,LKUS_captcha,recaptchaV2Token,2
0025,LKUS_captcha,recaptchaV3Token,2
0025,LKUS_captcha,recaptchaV3Action,2
0025,LKUS_captcha,verifyCodeTypeName,2
0025,LKUS_login,app,10
0025,LKUS_login,cid,10
0025,LKUS_login,uid,10
0025,LKUS_login,realIp,10
0025,LKUS_login,tenant,10
0025,LKUS_login,userNo,10
0025,LKUS_login,phoneNo,10
0025,LKUS_login,version,10
0025,LKUS_login,userAgent,10
0025,LKUS_login,realIpCity,10
0025,LKUS_login,countryCode,10
0025,LKUS_login,fullPhoneNo,10
0025,LKUS_login,phoneCountry,10
0025,LKUS_login,reviewRepeat,10
0025,LKUS_login,realIpCountry,10
0025,LKUS_login,realIpProvince,10
0025,LKUS_login,recaptchaV3Token,10
0025,LKUS_login,recaptchaV3Action,10
0025,LKUS_login,recaptchaV3Enabled,10
0025,LKUS_grant_new_user_coupon,app,6
0025,LKUS_grant_new_user_coupon,cid,6
0025,LKUS_grant_new_user_coupon,uid,6
0025,LKUS_grant_new_user_coupon,type,6
0025,LKUS_grant_new_user_coupon,extend,6
0025,LKUS_grant_new_user_coupon,origin,6
0025,LKUS_grant_new_user_coupon,realIp,6
0025,LKUS_grant_new_user_coupon,tenant,6
0025,LKUS_grant_new_user_coupon,userNo,6
0025,LKUS_grant_new_user_coupon,phoneNo,6
0025,LKUS_grant_new_user_coupon,readmes,6
0025,LKUS_grant_new_user_coupon,sceneId,6
0025,LKUS_grant_new_user_coupon,version,6
0025,LKUS_grant_new_user_coupon,discounts,6
0025,LKUS_grant_new_user_coupon,userAgent,6
0025,LKUS_grant_new_user_coupon,realIpCity,6
0025,LKUS_grant_new_user_coupon,countryCode,6
0025,LKUS_grant_new_user_coupon,couponNames,6
0025,LKUS_grant_new_user_coupon,couponTypes,6
0025,LKUS_grant_new_user_coupon,fullPhoneNo,6
0025,LKUS_grant_new_user_coupon,isBindPhone,6
0025,LKUS_grant_new_user_coupon,maskPhoneNo,6
0025,LKUS_grant_new_user_coupon,templateIds,6
0025,LKUS_grant_new_user_coupon,templateNos,6
0025,LKUS_grant_new_user_coupon,phoneCountry,6
0025,LKUS_grant_new_user_coupon,registerTime,6
0025,LKUS_grant_new_user_coupon,reviewRepeat,6
0025,LKUS_grant_new_user_coupon,realIpCountry,6
0025,LKUS_grant_new_user_coupon,discountLabels,6
0025,LKUS_grant_new_user_coupon,invitationCode,6
0025,LKUS_grant_new_user_coupon,realIpProvince,6
0025,LKUS_grant_new_user_coupon,recaptchaV3Token,6
0025,LKUS_grant_new_user_coupon,phoneNoEncryption,6
0025,LKUS_grant_new_user_coupon,recaptchaV3Action,6
0025,LKUS_grant_new_user_coupon,recaptchaV3Enabled,6
0025,LKUS_grant_new_user_coupon,couponDenominations,6
0025,LKUS_grant_new_user_coupon,couponDiscountTypes,6
0025,LKUS_grant_new_user_coupon,couponDiscountSubTypes,6
0025,LKUS_grant_new_user_coupon,couponDiscountTypeNames,6
0025,LKUS_push,app,22
0025,LKUS_physical_order_create,app,57
0025,LKUS_physical_order_create,cid,73
0025,LKUS_physical_order_create,uid,73
0025,LKUS_physical_order_create,realIp,73
0025,LKUS_physical_order_create,shopId,73
0025,LKUS_physical_order_create,tenant,73
0025,LKUS_physical_order_create,userNo,73
0025,LKUS_physical_order_create,isGuest,73
0025,LKUS_physical_order_create,phoneNo,58
0025,LKUS_physical_order_create,version,73
0025,LKUS_physical_order_create,latitude,58
0025,LKUS_physical_order_create,couponNos,48
0025,LKUS_physical_order_create,longitude,58
0025,LKUS_physical_order_create,orderType,73
0025,LKUS_physical_order_create,taxAmount,73
0025,LKUS_physical_order_create,userAgent,73
0025,LKUS_physical_order_create,orderPrice,73
0025,LKUS_physical_order_create,realIpCity,73
0025,LKUS_physical_order_create,countryCode,73
0025,LKUS_physical_order_create,couponNames,48
0025,LKUS_physical_order_create,couponTypes,48
0025,LKUS_physical_order_create,fullPhoneNo,58
0025,LKUS_physical_order_create,shopAddress,73
0025,LKUS_physical_order_create,phoneCountry,58
0025,LKUS_physical_order_create,reviewRepeat,55
0025,LKUS_physical_order_create,shopCityName,73
0025,LKUS_physical_order_create,shopLatitude,73
0025,LKUS_physical_order_create,couponSources,48
0025,LKUS_physical_order_create,isTaxRequired,73
0025,LKUS_physical_order_create,orderSkuCodes,71
0025,LKUS_physical_order_create,orderSpuCodes,71
0025,LKUS_physical_order_create,productAmount,73
0025,LKUS_physical_order_create,realIpCountry,73
0025,LKUS_physical_order_create,shopLongitude,73
0025,LKUS_physical_order_create,realIpProvince,73
0025,LKUS_physical_order_create,recaptchaV3Token,55
0025,LKUS_physical_order_create,couponProposalNos,48
0025,LKUS_physical_order_create,couponTemplateIds,48
0025,LKUS_physical_order_create,recaptchaV3Action,55
0025,LKUS_physical_order_create,couponDenomination,48
0025,LKUS_physical_order_create,recaptchaV3Enabled,55
0025,LKUS_physical_order_create,couponDiscountTypes,48
0025,LKUS_physical_order_create,couponDiscountSubTypes,48
0025,LKUS_payment,app,56
0025,LKUS_payment,cid,73
0025,LKUS_payment,uid,73
0025,LKUS_payment,realIp,73
0025,LKUS_payment,shopId,73
0025,LKUS_payment,tenant,73
0025,LKUS_payment,userNo,73
0025,LKUS_payment,isGuest,73
0025,LKUS_payment,orderNo,73
0025,LKUS_payment,payType,73
0025,LKUS_payment,phoneNo,57
0025,LKUS_payment,version,73
0025,LKUS_payment,payMoney,73
0025,LKUS_payment,orderType,73
0025,LKUS_payment,taxAmount,73
0025,LKUS_payment,userAgent,73
0025,LKUS_payment,orderPrice,73
0025,LKUS_payment,realIpCity,73
0025,LKUS_payment,countryCode,57
0025,LKUS_payment,fullPhoneNo,57
0025,LKUS_payment,phoneCountry,57
0025,LKUS_payment,reviewRepeat,54
0025,LKUS_payment,isTaxRequired,73
0025,LKUS_payment,realIpCountry,73
0025,LKUS_payment,realIpProvince,73
0025,LKUS_payment,recaptchaV3Token,54
0025,LKUS_payment,recaptchaV3Action,54
0025,LKUS_payment,recaptchaV3Enabled,54
0025,LKUS_register,app,6
0025,LKUS_register,cid,7
0025,LKUS_register,uid,7
0025,LKUS_register,realIp,7
0025,LKUS_register,tenant,7
0025,LKUS_register,phoneNo,7
0025,LKUS_register,version,7
0025,LKUS_register,userAgent,7
0025,LKUS_register,realIpCity,7
0025,LKUS_register,countryCode,7
0025,LKUS_register,fullPhoneNo,7
0025,LKUS_register,phoneCountry,7
0025,LKUS_register,reviewRepeat,7
0025,LKUS_register,realIpCountry,7
0025,LKUS_register,realIpProvince,7
0025,LKUS_register,recaptchaV3Token,7
0025,LKUS_register,recaptchaV3Action,7
0025,LKUS_register,recaptchaV3Enabled,7
0025,LKUS_physical_order_create,shumeiDevId,15
0025,LKUS_physical_order_create,shumengDevId,15
0025,LKUS_physical_order_create,tongdunBlackBox,15
0025,LKUS_payment,packagingBagPrice,3
0025,LKUS_payment,packagingBagNumber,3
0025,LKUS_physical_order_create,packageOrderSkuCodes,2
0025,LKUS_physical_order_create,packageOrderSpuCodes,2
0026,LKUS_push,app,40
0026,LKUS_push,cid,45
0026,LKUS_push,uid,45
0026,LKUS_push,realIp,45
0026,LKUS_push,tenant,45
0026,LKUS_push,phoneNo,45
0026,LKUS_push,version,45
0026,LKUS_push,userAgent,45
0026,LKUS_push,realIpCity,45
0026,LKUS_push,countryCode,45
0026,LKUS_push,fullPhoneNo,45
0026,LKUS_push,phoneCountry,45
0026,LKUS_push,reviewRepeat,42
0026,LKUS_push,realIpCountry,45
0026,LKUS_push,realIpProvince,45
0026,LKUS_push,recaptchaV3Token,42
0026,LKUS_push,recaptchaV3Action,42
0026,LKUS_push,recaptchaV3Enabled,42
0026,LKUS_physical_order_create,app,72
0026,LKUS_physical_order_create,cid,92
0026,LKUS_physical_order_create,uid,92
0026,LKUS_physical_order_create,realIp,92
0026,LKUS_physical_order_create,shopId,92
0026,LKUS_physical_order_create,tenant,92
0026,LKUS_physical_order_create,userNo,92
0026,LKUS_physical_order_create,isGuest,92
0026,LKUS_physical_order_create,phoneNo,75
0026,LKUS_physical_order_create,version,92
0026,LKUS_physical_order_create,latitude,76
0026,LKUS_physical_order_create,couponNos,64
0026,LKUS_physical_order_create,longitude,76
0026,LKUS_physical_order_create,orderType,92
0026,LKUS_physical_order_create,taxAmount,92
0026,LKUS_physical_order_create,userAgent,92
0026,LKUS_physical_order_create,orderPrice,92
0026,LKUS_physical_order_create,realIpCity,92
0026,LKUS_physical_order_create,countryCode,92
0026,LKUS_physical_order_create,couponNames,64
0026,LKUS_physical_order_create,couponTypes,64
0026,LKUS_physical_order_create,fullPhoneNo,75
0026,LKUS_physical_order_create,shopAddress,92
0026,LKUS_physical_order_create,phoneCountry,75
0026,LKUS_physical_order_create,reviewRepeat,74
0026,LKUS_physical_order_create,shopCityName,92
0026,LKUS_physical_order_create,shopLatitude,92
0026,LKUS_physical_order_create,couponSources,64
0026,LKUS_physical_order_create,isTaxRequired,92
0026,LKUS_physical_order_create,orderSkuCodes,90
0026,LKUS_physical_order_create,orderSpuCodes,90
0026,LKUS_physical_order_create,productAmount,92
0026,LKUS_physical_order_create,realIpCountry,92
0026,LKUS_physical_order_create,shopLongitude,92
0026,LKUS_physical_order_create,realIpProvince,92
0026,LKUS_physical_order_create,recaptchaV3Token,74
0026,LKUS_physical_order_create,couponProposalNos,64
0026,LKUS_physical_order_create,couponTemplateIds,64
0026,LKUS_physical_order_create,recaptchaV3Action,74
0026,LKUS_physical_order_create,couponDenomination,64
0026,LKUS_physical_order_create,recaptchaV3Enabled,74
0026,LKUS_physical_order_create,couponDiscountTypes,64
0026,LKUS_physical_order_create,couponDiscountSubTypes,64
0026,LKUS_payment,app,71
0026,LKUS_payment,cid,91
0026,LKUS_payment,uid,91
0026,LKUS_payment,realIp,91
0026,LKUS_payment,shopId,91
0026,LKUS_payment,tenant,91
0026,LKUS_payment,userNo,91
0026,LKUS_payment,isGuest,91
0026,LKUS_payment,orderNo,91
0026,LKUS_payment,payType,91
0026,LKUS_payment,phoneNo,74
0026,LKUS_payment,version,91
0026,LKUS_payment,payMoney,91
0026,LKUS_payment,orderType,91
0026,LKUS_payment,taxAmount,91
0026,LKUS_payment,userAgent,91
0026,LKUS_payment,orderPrice,91
0026,LKUS_payment,realIpCity,91
0026,LKUS_payment,countryCode,74
0026,LKUS_payment,fullPhoneNo,74
0026,LKUS_payment,phoneCountry,74
0026,LKUS_payment,reviewRepeat,73
0026,LKUS_payment,isTaxRequired,91
0026,LKUS_payment,realIpCountry,91
0026,LKUS_payment,realIpProvince,91
0026,LKUS_payment,recaptchaV3Token,73
0026,LKUS_payment,recaptchaV3Action,73
0026,LKUS_payment,recaptchaV3Enabled,73
0026,LKUS_payment,packagingBagPrice,5
0026,LKUS_payment,packagingBagNumber,5
0026,LKUS_login,app,14
0026,LKUS_login,cid,17
0026,LKUS_login,uid,17
0026,LKUS_login,realIp,17
0026,LKUS_login,tenant,17
0026,LKUS_login,userNo,17
0026,LKUS_login,phoneNo,17
0026,LKUS_login,version,17
0026,LKUS_login,userAgent,17
0026,LKUS_login,realIpCity,17
0026,LKUS_login,countryCode,17
0026,LKUS_login,fullPhoneNo,17
0026,LKUS_login,phoneCountry,17
0026,LKUS_login,reviewRepeat,15
0026,LKUS_login,realIpCountry,17
0026,LKUS_login,realIpProvince,17
0026,LKUS_login,recaptchaV3Token,15
0026,LKUS_login,recaptchaV3Action,15
0026,LKUS_login,recaptchaV3Enabled,15
0026,LKUS_physical_order_create,shumeiDevId,16
0026,LKUS_physical_order_create,shumengDevId,16
0026,LKUS_physical_order_create,tongdunBlackBox,16
0026,LKUS_register,app,6
0026,LKUS_register,cid,6
0026,LKUS_register,uid,6
0026,LKUS_register,realIp,6
0026,LKUS_register,tenant,6
0026,LKUS_register,phoneNo,6
0026,LKUS_register,version,6
0026,LKUS_register,userAgent,6
0026,LKUS_register,realIpCity,6
0026,LKUS_register,countryCode,6
0026,LKUS_register,fullPhoneNo,6
0026,LKUS_register,phoneCountry,6
0026,LKUS_register,reviewRepeat,6
0026,LKUS_register,realIpCountry,6
0026,LKUS_register,realIpProvince,6
0026,LKUS_register,recaptchaV3Token,6
0026,LKUS_register,recaptchaV3Action,6
0026,LKUS_register,recaptchaV3Enabled,6
0026,LKUS_push,email,1
0026,LKUS_push,userNo,2
0026,LKUS_grant_new_user_coupon,app,7
0026,LKUS_grant_new_user_coupon,cid,8
0026,LKUS_grant_new_user_coupon,uid,8
0026,LKUS_grant_new_user_coupon,type,8
0026,LKUS_grant_new_user_coupon,extend,8
0026,LKUS_grant_new_user_coupon,origin,8
0026,LKUS_grant_new_user_coupon,realIp,8
0026,LKUS_grant_new_user_coupon,tenant,8
0026,LKUS_grant_new_user_coupon,userNo,8
0026,LKUS_grant_new_user_coupon,phoneNo,8
0026,LKUS_grant_new_user_coupon,readmes,8
0026,LKUS_grant_new_user_coupon,sceneId,8
0026,LKUS_grant_new_user_coupon,version,8
0026,LKUS_grant_new_user_coupon,discounts,8
0026,LKUS_grant_new_user_coupon,userAgent,8
0026,LKUS_grant_new_user_coupon,realIpCity,8
0026,LKUS_grant_new_user_coupon,countryCode,8
0026,LKUS_grant_new_user_coupon,couponNames,8
0026,LKUS_grant_new_user_coupon,couponTypes,8
0026,LKUS_grant_new_user_coupon,fullPhoneNo,8
0026,LKUS_grant_new_user_coupon,isBindPhone,8
0026,LKUS_grant_new_user_coupon,maskPhoneNo,8
0026,LKUS_grant_new_user_coupon,templateIds,8
0026,LKUS_grant_new_user_coupon,templateNos,8
0026,LKUS_grant_new_user_coupon,phoneCountry,8
0026,LKUS_grant_new_user_coupon,registerTime,8
0026,LKUS_grant_new_user_coupon,reviewRepeat,8
0026,LKUS_grant_new_user_coupon,realIpCountry,8
0026,LKUS_grant_new_user_coupon,discountLabels,8
0026,LKUS_grant_new_user_coupon,invitationCode,8
0026,LKUS_grant_new_user_coupon,realIpProvince,8
0026,LKUS_grant_new_user_coupon,recaptchaV3Token,8
0026,LKUS_grant_new_user_coupon,phoneNoEncryption,8
0026,LKUS_grant_new_user_coupon,recaptchaV3Action,8
0026,LKUS_grant_new_user_coupon,recaptchaV3Enabled,8
0026,LKUS_grant_new_user_coupon,couponDenominations,8
0026,LKUS_grant_new_user_coupon,couponDiscountTypes,8
0026,LKUS_grant_new_user_coupon,couponDiscountSubTypes,8
0026,LKUS_grant_new_user_coupon,couponDiscountTypeNames,8
0026,LKUS_physical_order_create,packageOrderSkuCodes,2
0026,LKUS_physical_order_create,packageOrderSpuCodes,2
0026,LKUS_grant_new_user_coupon,inviterCode,1
0026,LKUS_grant_new_user_coupon,inviterType,1
0026,LKUS_grant_new_user_coupon,inviterPhone,1
0026,LKUS_grant_new_user_coupon,inviterUserNo,1
0026,LKUS_grant_new_user_coupon,marketingCode,1
0026,LKUS_grant_new_user_coupon,invitationActivityNo,1
0027,LKUS_push,app,45
0027,LKUS_push,cid,50
0027,LKUS_push,uid,50
0027,LKUS_push,realIp,50
0027,LKUS_push,tenant,50
0027,LKUS_push,phoneNo,50
0027,LKUS_push,version,50
0027,LKUS_push,userAgent,50
0027,LKUS_push,realIpCity,50
0027,LKUS_push,countryCode,50
0027,LKUS_push,fullPhoneNo,50
0027,LKUS_push,phoneCountry,50
0027,LKUS_push,reviewRepeat,49
0027,LKUS_push,realIpCountry,50
0027,LKUS_push,realIpProvince,50
0027,LKUS_push,recaptchaV3Token,48
0027,LKUS_push,recaptchaV3Action,48
0027,LKUS_push,recaptchaV3Enabled,49
0027,LKUS_payment,app,63
0027,LKUS_payment,cid,80
0027,LKUS_payment,uid,80
0027,LKUS_payment,realIp,80
0027,LKUS_payment,shopId,80
0027,LKUS_payment,tenant,80
0027,LKUS_payment,userNo,80
0027,LKUS_payment,isGuest,80
0027,LKUS_payment,orderNo,80
0027,LKUS_payment,payType,80
0027,LKUS_payment,phoneNo,65
0027,LKUS_payment,version,80
0027,LKUS_payment,payMoney,80
0027,LKUS_payment,orderType,80
0027,LKUS_payment,taxAmount,80
0027,LKUS_payment,userAgent,80
0027,LKUS_payment,orderPrice,80
0027,LKUS_payment,realIpCity,80
0027,LKUS_payment,countryCode,65
0027,LKUS_payment,fullPhoneNo,65
0027,LKUS_payment,phoneCountry,65
0027,LKUS_payment,reviewRepeat,64
0027,LKUS_payment,isTaxRequired,80
0027,LKUS_payment,realIpCountry,80
0027,LKUS_payment,realIpProvince,80
0027,LKUS_payment,recaptchaV3Token,64
0027,LKUS_payment,recaptchaV3Action,64
0027,LKUS_payment,recaptchaV3Enabled,64
0027,LKUS_physical_order_create,app,64
0027,LKUS_physical_order_create,cid,81
0027,LKUS_physical_order_create,uid,81
0027,LKUS_physical_order_create,realIp,81
0027,LKUS_physical_order_create,shopId,81
0027,LKUS_physical_order_create,tenant,81
0027,LKUS_physical_order_create,userNo,81
0027,LKUS_physical_order_create,isGuest,81
0027,LKUS_physical_order_create,phoneNo,66
0027,LKUS_physical_order_create,version,81
0027,LKUS_physical_order_create,latitude,67
0027,LKUS_physical_order_create,longitude,67
0027,LKUS_physical_order_create,orderType,81
0027,LKUS_physical_order_create,taxAmount,81
0027,LKUS_physical_order_create,userAgent,81
0027,LKUS_physical_order_create,orderPrice,81
0027,LKUS_physical_order_create,realIpCity,81
0027,LKUS_physical_order_create,countryCode,81
0027,LKUS_physical_order_create,fullPhoneNo,66
0027,LKUS_physical_order_create,shopAddress,81
0027,LKUS_physical_order_create,phoneCountry,66
0027,LKUS_physical_order_create,reviewRepeat,65
0027,LKUS_physical_order_create,shopCityName,81
0027,LKUS_physical_order_create,shopLatitude,81
0027,LKUS_physical_order_create,isTaxRequired,81
0027,LKUS_physical_order_create,orderSkuCodes,79
0027,LKUS_physical_order_create,orderSpuCodes,79
0027,LKUS_physical_order_create,productAmount,81
0027,LKUS_physical_order_create,realIpCountry,81
0027,LKUS_physical_order_create,shopLongitude,81
0027,LKUS_physical_order_create,realIpProvince,81
0027,LKUS_physical_order_create,recaptchaV3Token,65
0027,LKUS_physical_order_create,recaptchaV3Action,65
0027,LKUS_physical_order_create,recaptchaV3Enabled,65
0027,LKUS_physical_order_create,couponNos,58
0027,LKUS_physical_order_create,couponNames,58
0027,LKUS_physical_order_create,couponTypes,58
0027,LKUS_physical_order_create,couponSources,58
0027,LKUS_physical_order_create,couponProposalNos,58
0027,LKUS_physical_order_create,couponTemplateIds,58
0027,LKUS_physical_order_create,couponDenomination,58
0027,LKUS_physical_order_create,couponDiscountTypes,58
0027,LKUS_physical_order_create,couponDiscountSubTypes,58
0027,LKUS_register,app,8
0027,LKUS_register,cid,9
0027,LKUS_register,uid,9
0027,LKUS_register,realIp,9
0027,LKUS_register,tenant,9
0027,LKUS_register,phoneNo,9
0027,LKUS_register,version,9
0027,LKUS_register,userAgent,9
0027,LKUS_register,realIpCity,9
0027,LKUS_register,countryCode,9
0027,LKUS_register,fullPhoneNo,9
0027,LKUS_register,phoneCountry,9
0027,LKUS_register,reviewRepeat,8
0027,LKUS_register,realIpCountry,9
0027,LKUS_register,realIpProvince,9
0027,LKUS_register,recaptchaV3Token,8
0027,LKUS_register,recaptchaV3Action,8
0027,LKUS_register,recaptchaV3Enabled,8
0027,LKUS_physical_order_create,shumeiDevId,14
0027,LKUS_physical_order_create,shumengDevId,14
0027,LKUS_physical_order_create,tongdunBlackBox,14
0027,LKUS_login,app,12
0027,LKUS_login,cid,14
0027,LKUS_login,uid,14
0027,LKUS_login,realIp,14
0027,LKUS_login,tenant,14
0027,LKUS_login,userNo,14
0027,LKUS_login,phoneNo,14
0027,LKUS_login,version,14
0027,LKUS_login,userAgent,14
0027,LKUS_login,realIpCity,14
0027,LKUS_login,countryCode,14
0027,LKUS_login,fullPhoneNo,14
0027,LKUS_login,phoneCountry,14
0027,LKUS_login,reviewRepeat,14
0027,LKUS_login,realIpCountry,14
0027,LKUS_login,realIpProvince,14
0027,LKUS_login,recaptchaV3Token,14
0027,LKUS_login,recaptchaV3Action,14
0027,LKUS_login,recaptchaV3Enabled,14
0027,LKUS_grant_new_user_coupon,app,9
0027,LKUS_grant_new_user_coupon,cid,11
0027,LKUS_grant_new_user_coupon,uid,11
0027,LKUS_grant_new_user_coupon,type,11
0027,LKUS_grant_new_user_coupon,extend,11
0027,LKUS_grant_new_user_coupon,origin,11
0027,LKUS_grant_new_user_coupon,realIp,11
0027,LKUS_grant_new_user_coupon,tenant,11
0027,LKUS_grant_new_user_coupon,userNo,11
0027,LKUS_grant_new_user_coupon,phoneNo,11
0027,LKUS_grant_new_user_coupon,readmes,11
0027,LKUS_grant_new_user_coupon,sceneId,11
0027,LKUS_grant_new_user_coupon,version,11
0027,LKUS_grant_new_user_coupon,discounts,11
0027,LKUS_grant_new_user_coupon,userAgent,11
0027,LKUS_grant_new_user_coupon,realIpCity,11
0027,LKUS_grant_new_user_coupon,countryCode,11
0027,LKUS_grant_new_user_coupon,couponNames,11
0027,LKUS_grant_new_user_coupon,couponTypes,11
0027,LKUS_grant_new_user_coupon,fullPhoneNo,11
0027,LKUS_grant_new_user_coupon,isBindPhone,11
0027,LKUS_grant_new_user_coupon,maskPhoneNo,11
0027,LKUS_grant_new_user_coupon,templateIds,11
0027,LKUS_grant_new_user_coupon,templateNos,11
0027,LKUS_grant_new_user_coupon,phoneCountry,11
0027,LKUS_grant_new_user_coupon,registerTime,11
0027,LKUS_grant_new_user_coupon,reviewRepeat,11
0027,LKUS_grant_new_user_coupon,realIpCountry,11
0027,LKUS_grant_new_user_coupon,discountLabels,11
0027,LKUS_grant_new_user_coupon,invitationCode,11
0027,LKUS_grant_new_user_coupon,realIpProvince,11
0027,LKUS_grant_new_user_coupon,recaptchaV3Token,11
0027,LKUS_grant_new_user_coupon,phoneNoEncryption,11
0027,LKUS_grant_new_user_coupon,recaptchaV3Action,11
0027,LKUS_grant_new_user_coupon,recaptchaV3Enabled,11
0027,LKUS_grant_new_user_coupon,couponDenominations,11
0027,LKUS_grant_new_user_coupon,couponDiscountTypes,11
0027,LKUS_grant_new_user_coupon,couponDiscountSubTypes,11
0027,LKUS_grant_new_user_coupon,couponDiscountTypeNames,11
0027,LKUS_physical_order_create,packageOrderSkuCodes,2
0027,LKUS_physical_order_create,packageOrderSpuCodes,2
0027,LKUS_captcha,cid,1
0027,LKUS_captcha,uid,1
0027,LKUS_captcha,realIp,1
0027,LKUS_captcha,tenant,1
0027,LKUS_captcha,isGuest,1
0027,LKUS_captcha,phoneNo,1
0027,LKUS_captcha,version,1
0027,LKUS_captcha,eventName,1
0027,LKUS_captcha,userAgent,1
0027,LKUS_captcha,realIpCity,1
0027,LKUS_captcha,countryCode,1
0027,LKUS_captcha,fullPhoneNo,1
0027,LKUS_captcha,captchaScene,1
0027,LKUS_captcha,phoneCountry,1
0027,LKUS_captcha,reviewRepeat,1
0027,LKUS_captcha,realIpCountry,1
0027,LKUS_captcha,realIpProvince,1
0027,LKUS_captcha,verifyCodeType,1
0027,LKUS_captcha,recaptchaV2Token,1
0027,LKUS_captcha,recaptchaV3Token,1
0027,LKUS_captcha,recaptchaV3Action,1
0027,LKUS_captcha,verifyCodeTypeName,1
0028,LKUS_push,app,35
0028,LKUS_push,cid,42
0028,LKUS_push,uid,42
0028,LKUS_push,realIp,42
0028,LKUS_push,tenant,42
0028,LKUS_push,phoneNo,42
0028,LKUS_push,version,42
0028,LKUS_push,userAgent,42
0028,LKUS_push,realIpCity,42
0028,LKUS_push,countryCode,42
0028,LKUS_push,fullPhoneNo,42
0028,LKUS_push,phoneCountry,42
0028,LKUS_push,reviewRepeat,37
0028,LKUS_push,realIpCountry,42
0028,LKUS_push,realIpProvince,42
0028,LKUS_push,recaptchaV3Token,36
0028,LKUS_push,recaptchaV3Action,36
0028,LKUS_push,recaptchaV3Enabled,37
0028,LKUS_physical_order_create,cid,88
0028,LKUS_physical_order_create,uid,88
0028,LKUS_physical_order_create,realIp,88
0028,LKUS_physical_order_create,shopId,88
0028,LKUS_physical_order_create,tenant,88
0028,LKUS_physical_order_create,userNo,88
0028,LKUS_physical_order_create,isGuest,88
0028,LKUS_physical_order_create,version,88
0028,LKUS_physical_order_create,orderType,88
0028,LKUS_physical_order_create,taxAmount,88
0028,LKUS_physical_order_create,userAgent,88
0028,LKUS_physical_order_create,orderPrice,88
0028,LKUS_physical_order_create,realIpCity,88
0028,LKUS_physical_order_create,countryCode,88
0028,LKUS_physical_order_create,shopAddress,88
0028,LKUS_physical_order_create,shumeiDevId,7
0028,LKUS_physical_order_create,shopCityName,88
0028,LKUS_physical_order_create,shopLatitude,88
0028,LKUS_physical_order_create,shumengDevId,7
0028,LKUS_physical_order_create,isTaxRequired,88
0028,LKUS_physical_order_create,orderSkuCodes,83
0028,LKUS_physical_order_create,orderSpuCodes,83
0028,LKUS_physical_order_create,productAmount,88
0028,LKUS_physical_order_create,realIpCountry,88
0028,LKUS_physical_order_create,shopLongitude,88
0028,LKUS_physical_order_create,realIpProvince,88
0028,LKUS_physical_order_create,tongdunBlackBox,7
0028,LKUS_payment,cid,85
0028,LKUS_payment,uid,85
0028,LKUS_payment,realIp,85
0028,LKUS_payment,shopId,85
0028,LKUS_payment,tenant,85
0028,LKUS_payment,userNo,85
0028,LKUS_payment,isGuest,85
0028,LKUS_payment,orderNo,85
0028,LKUS_payment,payType,85
0028,LKUS_payment,version,85
0028,LKUS_payment,payMoney,85
0028,LKUS_payment,orderType,85
0028,LKUS_payment,taxAmount,85
0028,LKUS_payment,userAgent,85
0028,LKUS_payment,orderPrice,85
0028,LKUS_payment,realIpCity,85
0028,LKUS_payment,isTaxRequired,85
0028,LKUS_payment,realIpCountry,85
0028,LKUS_payment,realIpProvince,85
0028,LKUS_physical_order_create,app,78
0028,LKUS_physical_order_create,phoneNo,81
0028,LKUS_physical_order_create,latitude,81
0028,LKUS_physical_order_create,couponNos,70
0028,LKUS_physical_order_create,longitude,81
0028,LKUS_physical_order_create,couponNames,70
0028,LKUS_physical_order_create,couponTypes,70
0028,LKUS_physical_order_create,fullPhoneNo,81
0028,LKUS_physical_order_create,phoneCountry,81
0028,LKUS_physical_order_create,reviewRepeat,77
0028,LKUS_physical_order_create,couponSources,70
0028,LKUS_physical_order_create,recaptchaV3Token,77
0028,LKUS_physical_order_create,couponProposalNos,70
0028,LKUS_physical_order_create,couponTemplateIds,70
0028,LKUS_physical_order_create,recaptchaV3Action,77
0028,LKUS_physical_order_create,couponDenomination,70
0028,LKUS_physical_order_create,recaptchaV3Enabled,77
0028,LKUS_physical_order_create,couponDiscountTypes,70
0028,LKUS_physical_order_create,couponDiscountSubTypes,70
0028,LKUS_payment,app,71
0028,LKUS_payment,phoneNo,74
0028,LKUS_payment,countryCode,74
0028,LKUS_payment,fullPhoneNo,74
0028,LKUS_payment,phoneCountry,74
0028,LKUS_payment,reviewRepeat,70
0028,LKUS_payment,recaptchaV3Token,70
0028,LKUS_payment,recaptchaV3Action,70
0028,LKUS_payment,recaptchaV3Enabled,70
0028,LKUS_login,cid,18
0028,LKUS_login,uid,18
0028,LKUS_login,realIp,18
0028,LKUS_login,tenant,18
0028,LKUS_login,userNo,18
0028,LKUS_login,phoneNo,18
0028,LKUS_login,version,18
0028,LKUS_login,userAgent,18
0028,LKUS_login,realIpCity,18
0028,LKUS_login,countryCode,18
0028,LKUS_login,fullPhoneNo,18
0028,LKUS_login,phoneCountry,18
0028,LKUS_login,reviewRepeat,18
0028,LKUS_login,realIpCountry,18
0028,LKUS_login,realIpProvince,18
0028,LKUS_login,recaptchaV3Token,18
0028,LKUS_login,recaptchaV3Action,18
0028,LKUS_login,recaptchaV3Enabled,18
0028,LKUS_grant_new_user_coupon,cid,8
0028,LKUS_grant_new_user_coupon,uid,8
0028,LKUS_grant_new_user_coupon,type,8
0028,LKUS_grant_new_user_coupon,extend,8
0028,LKUS_grant_new_user_coupon,origin,8
0028,LKUS_grant_new_user_coupon,realIp,8
0028,LKUS_grant_new_user_coupon,tenant,8
0028,LKUS_grant_new_user_coupon,userNo,8
0028,LKUS_grant_new_user_coupon,phoneNo,8
0028,LKUS_grant_new_user_coupon,readmes,8
0028,LKUS_grant_new_user_coupon,sceneId,8
0028,LKUS_grant_new_user_coupon,version,8
0028,LKUS_grant_new_user_coupon,discounts,8
0028,LKUS_grant_new_user_coupon,userAgent,8
0028,LKUS_grant_new_user_coupon,realIpCity,8
0028,LKUS_grant_new_user_coupon,countryCode,8
0028,LKUS_grant_new_user_coupon,couponNames,8
0028,LKUS_grant_new_user_coupon,couponTypes,8
0028,LKUS_grant_new_user_coupon,fullPhoneNo,8
0028,LKUS_grant_new_user_coupon,isBindPhone,8
0028,LKUS_grant_new_user_coupon,maskPhoneNo,8
0028,LKUS_grant_new_user_coupon,templateIds,8
0028,LKUS_grant_new_user_coupon,templateNos,8
0028,LKUS_grant_new_user_coupon,phoneCountry,8
0028,LKUS_grant_new_user_coupon,registerTime,8
0028,LKUS_grant_new_user_coupon,reviewRepeat,8
0028,LKUS_grant_new_user_coupon,realIpCountry,8
0028,LKUS_grant_new_user_coupon,discountLabels,8
0028,LKUS_grant_new_user_coupon,invitationCode,8
0028,LKUS_grant_new_user_coupon,realIpProvince,8
0028,LKUS_grant_new_user_coupon,recaptchaV3Token,8
0028,LKUS_grant_new_user_coupon,phoneNoEncryption,8
0028,LKUS_grant_new_user_coupon,recaptchaV3Action,8
0028,LKUS_grant_new_user_coupon,recaptchaV3Enabled,8
0028,LKUS_grant_new_user_coupon,couponDenominations,8
0028,LKUS_grant_new_user_coupon,couponDiscountTypes,8
0028,LKUS_grant_new_user_coupon,couponDiscountSubTypes,8
0028,LKUS_grant_new_user_coupon,couponDiscountTypeNames,8
0028,LKUS_physical_order_create,packageOrderSkuCodes,5
0028,LKUS_physical_order_create,packageOrderSpuCodes,5
0028,LKUS_login,app,13
0028,LKUS_physical_order_cancel,app,2
0028,LKUS_physical_order_cancel,cid,2
0028,LKUS_physical_order_cancel,uid,2
0028,LKUS_physical_order_cancel,realIp,2
0028,LKUS_physical_order_cancel,shopId,2
0028,LKUS_physical_order_cancel,tenant,2
0028,LKUS_physical_order_cancel,userNo,2
0028,LKUS_physical_order_cancel,isGuest,2
0028,LKUS_physical_order_cancel,orderNo,2
0028,LKUS_physical_order_cancel,phoneNo,2
0028,LKUS_physical_order_cancel,version,2
0028,LKUS_physical_order_cancel,shopCity,2
0028,LKUS_physical_order_cancel,userAgent,2
0028,LKUS_physical_order_cancel,realIpCity,2
0028,LKUS_physical_order_cancel,countryCode,2
0028,LKUS_physical_order_cancel,fullPhoneNo,2
0028,LKUS_physical_order_cancel,totalOfMade,2
0028,LKUS_physical_order_cancel,phoneCountry,2
0028,LKUS_physical_order_cancel,reviewRepeat,2
0028,LKUS_physical_order_cancel,realIpCountry,2
0028,LKUS_physical_order_cancel,realIpProvince,2
0028,LKUS_physical_order_cancel,recaptchaV3Token,2
0028,LKUS_physical_order_cancel,recaptchaV3Action,2
0028,LKUS_physical_order_cancel,recaptchaV3Enabled,2
0028,LKUS_physical_order_cancel,cancelTypeEnumIndex,2
0028,LKUS_payment,packagingBagPrice,2
0028,LKUS_payment,packagingBagNumber,2
0028,LKUS_register,app,4
0028,LKUS_register,cid,4
0028,LKUS_register,uid,4
0028,LKUS_register,realIp,4
0028,LKUS_register,tenant,4
0028,LKUS_register,phoneNo,4
0028,LKUS_register,version,4
0028,LKUS_register,userAgent,4
0028,LKUS_register,realIpCity,4
0028,LKUS_register,countryCode,4
0028,LKUS_register,fullPhoneNo,4
0028,LKUS_register,phoneCountry,4
0028,LKUS_register,reviewRepeat,4
0028,LKUS_register,realIpCountry,4
0028,LKUS_register,realIpProvince,4
0028,LKUS_register,recaptchaV3Token,4
0028,LKUS_register,recaptchaV3Action,4
0028,LKUS_register,recaptchaV3Enabled,4
0028,LKUS_grant_new_user_coupon,app,6
0028,LKUS_grant_new_user_coupon,inviterCode,1
0028,LKUS_grant_new_user_coupon,inviterType,1
0028,LKUS_grant_new_user_coupon,inviterPhone,1
0028,LKUS_grant_new_user_coupon,inviterUserNo,1
0028,LKUS_grant_new_user_coupon,marketingCode,1
0028,LKUS_grant_new_user_coupon,invitationActivityNo,1
0028,LKUS_captcha,cid,1
0028,LKUS_captcha,uid,1
0028,LKUS_captcha,realIp,1
0028,LKUS_captcha,tenant,1
0028,LKUS_captcha,isGuest,1
0028,LKUS_captcha,phoneNo,1
0028,LKUS_captcha,version,1
0028,LKUS_captcha,eventName,1
0028,LKUS_captcha,userAgent,1
0028,LKUS_captcha,realIpCity,1
0028,LKUS_captcha,countryCode,1
0028,LKUS_captcha,fullPhoneNo,1
0028,LKUS_captcha,captchaScene,1
0028,LKUS_captcha,phoneCountry,1
0028,LKUS_captcha,reviewRepeat,1
0028,LKUS_captcha,realIpCountry,1
0028,LKUS_captcha,realIpProvince,1
0028,LKUS_captcha,verifyCodeType,1
0028,LKUS_captcha,recaptchaV2Token,1
0028,LKUS_captcha,recaptchaV3Token,1
0028,LKUS_captcha,recaptchaV3Action,1
0028,LKUS_captcha,verifyCodeTypeName,1
0029,LKUS_login,app,12
0029,LKUS_login,cid,15
0029,LKUS_login,uid,15
0029,LKUS_login,realIp,15
0029,LKUS_login,tenant,15
0029,LKUS_login,userNo,15
0029,LKUS_login,phoneNo,15
0029,LKUS_login,version,15
0029,LKUS_login,userAgent,15
0029,LKUS_login,realIpCity,15
0029,LKUS_login,countryCode,15
0029,LKUS_login,fullPhoneNo,15
0029,LKUS_login,phoneCountry,15
0029,LKUS_login,reviewRepeat,13
0029,LKUS_login,realIpCountry,15
0029,LKUS_login,realIpProvince,15
0029,LKUS_login,recaptchaV3Token,13
0029,LKUS_login,recaptchaV3Action,13
0029,LKUS_login,recaptchaV3Enabled,13
0029,LKUS_push,cid,49
0029,LKUS_push,uid,49
0029,LKUS_push,realIp,49
0029,LKUS_push,tenant,49
0029,LKUS_push,phoneNo,49
0029,LKUS_push,version,49
0029,LKUS_push,userAgent,49
0029,LKUS_push,realIpCity,49
0029,LKUS_push,countryCode,49
0029,LKUS_push,fullPhoneNo,49
0029,LKUS_push,phoneCountry,49
0029,LKUS_push,reviewRepeat,46
0029,LKUS_push,realIpCountry,49
0029,LKUS_push,realIpProvince,49
0029,LKUS_push,recaptchaV3Token,44
0029,LKUS_push,recaptchaV3Action,44
0029,LKUS_push,recaptchaV3Enabled,46
0029,LKUS_captcha,cid,2
0029,LKUS_captcha,uid,2
0029,LKUS_captcha,realIp,2
0029,LKUS_captcha,tenant,2
0029,LKUS_captcha,isGuest,2
0029,LKUS_captcha,phoneNo,2
0029,LKUS_captcha,version,2
0029,LKUS_captcha,eventName,2
0029,LKUS_captcha,userAgent,2
0029,LKUS_captcha,realIpCity,2
0029,LKUS_captcha,countryCode,2
0029,LKUS_captcha,fullPhoneNo,2
0029,LKUS_captcha,captchaScene,2
0029,LKUS_captcha,phoneCountry,2
0029,LKUS_captcha,reviewRepeat,2
0029,LKUS_captcha,realIpCountry,2
0029,LKUS_captcha,realIpProvince,2
0029,LKUS_captcha,verifyCodeType,2
0029,LKUS_captcha,recaptchaV2Token,2
0029,LKUS_captcha,recaptchaV3Token,2
0029,LKUS_captcha,recaptchaV3Action,2
0029,LKUS_captcha,verifyCodeTypeName,2
0029,LKUS_push,app,31
0029,LKUS_physical_order_create,cid,78
0029,LKUS_physical_order_create,uid,78
0029,LKUS_physical_order_create,realIp,78
0029,LKUS_physical_order_create,shopId,78
0029,LKUS_physical_order_create,tenant,78
0029,LKUS_physical_order_create,userNo,78
0029,LKUS_physical_order_create,isGuest,78
0029,LKUS_physical_order_create,version,78
0029,LKUS_physical_order_create,orderType,78
0029,LKUS_physical_order_create,taxAmount,78
0029,LKUS_physical_order_create,userAgent,78
0029,LKUS_physical_order_create,orderPrice,77
0029,LKUS_physical_order_create,realIpCity,78
0029,LKUS_physical_order_create,countryCode,78
0029,LKUS_physical_order_create,shopAddress,78
0029,LKUS_physical_order_create,shumeiDevId,13
0029,LKUS_physical_order_create,shopCityName,78
0029,LKUS_physical_order_create,shopLatitude,78
0029,LKUS_physical_order_create,shumengDevId,13
0029,LKUS_physical_order_create,isTaxRequired,78
0029,LKUS_physical_order_create,orderSkuCodes,76
0029,LKUS_physical_order_create,orderSpuCodes,76
0029,LKUS_physical_order_create,productAmount,78
0029,LKUS_physical_order_create,realIpCountry,78
0029,LKUS_physical_order_create,shopLongitude,78
0029,LKUS_physical_order_create,realIpProvince,78
0029,LKUS_physical_order_create,tongdunBlackBox,13
0029,LKUS_payment,cid,77
0029,LKUS_payment,uid,77
0029,LKUS_payment,realIp,77
0029,LKUS_payment,shopId,77
0029,LKUS_payment,tenant,77
0029,LKUS_payment,userNo,77
0029,LKUS_payment,isGuest,77
0029,LKUS_payment,orderNo,77
0029,LKUS_payment,payType,77
0029,LKUS_payment,version,77
0029,LKUS_payment,payMoney,77
0029,LKUS_payment,orderType,77
0029,LKUS_payment,taxAmount,77
0029,LKUS_payment,userAgent,77
0029,LKUS_payment,orderPrice,77
0029,LKUS_payment,realIpCity,77
0029,LKUS_payment,isTaxRequired,77
0029,LKUS_payment,realIpCountry,77
0029,LKUS_payment,realIpProvince,77
0029,LKUS_physical_order_create,app,63
0029,LKUS_physical_order_create,phoneNo,65
0029,LKUS_physical_order_create,latitude,65
0029,LKUS_physical_order_create,couponNos,52
0029,LKUS_physical_order_create,longitude,65
0029,LKUS_physical_order_create,couponNames,52
0029,LKUS_physical_order_create,couponTypes,52
0029,LKUS_physical_order_create,fullPhoneNo,65
0029,LKUS_physical_order_create,phoneCountry,65
0029,LKUS_physical_order_create,reviewRepeat,61
0029,LKUS_physical_order_create,couponSources,52
0029,LKUS_physical_order_create,recaptchaV3Token,61
0029,LKUS_physical_order_create,couponProposalNos,52
0029,LKUS_physical_order_create,couponTemplateIds,52
0029,LKUS_physical_order_create,recaptchaV3Action,61
0029,LKUS_physical_order_create,couponDenomination,52
0029,LKUS_physical_order_create,recaptchaV3Enabled,61
0029,LKUS_physical_order_create,couponDiscountTypes,52
0029,LKUS_physical_order_create,couponDiscountSubTypes,52
0029,LKUS_payment,app,62
0029,LKUS_payment,phoneNo,64
0029,LKUS_payment,countryCode,64
0029,LKUS_payment,fullPhoneNo,64
0029,LKUS_payment,phoneCountry,64
0029,LKUS_payment,reviewRepeat,60
0029,LKUS_payment,recaptchaV3Token,59
0029,LKUS_payment,recaptchaV3Action,59
0029,LKUS_payment,recaptchaV3Enabled,60
0029,LKUS_register,app,9
0029,LKUS_register,cid,9
0029,LKUS_register,uid,9
0029,LKUS_register,realIp,9
0029,LKUS_register,tenant,9
0029,LKUS_register,phoneNo,9
0029,LKUS_register,version,9
0029,LKUS_register,userAgent,9
0029,LKUS_register,realIpCity,9
0029,LKUS_register,countryCode,9
0029,LKUS_register,fullPhoneNo,9
0029,LKUS_register,phoneCountry,9
0029,LKUS_register,reviewRepeat,9
0029,LKUS_register,realIpCountry,9
0029,LKUS_register,realIpProvince,9
0029,LKUS_register,recaptchaV3Token,9
0029,LKUS_register,recaptchaV3Action,9
0029,LKUS_register,recaptchaV3Enabled,9
0029,LKUS_payment,packagingBagPrice,2
0029,LKUS_payment,packagingBagNumber,2
0029,LKUS_grant_new_user_coupon,app,8
0029,LKUS_grant_new_user_coupon,cid,9
0029,LKUS_grant_new_user_coupon,uid,9
0029,LKUS_grant_new_user_coupon,type,9
0029,LKUS_grant_new_user_coupon,extend,9
0029,LKUS_grant_new_user_coupon,origin,9
0029,LKUS_grant_new_user_coupon,realIp,9
0029,LKUS_grant_new_user_coupon,tenant,9
0029,LKUS_grant_new_user_coupon,userNo,9
0029,LKUS_grant_new_user_coupon,phoneNo,9
0029,LKUS_grant_new_user_coupon,readmes,9
0029,LKUS_grant_new_user_coupon,sceneId,9
0029,LKUS_grant_new_user_coupon,version,9
0029,LKUS_grant_new_user_coupon,discounts,9
0029,LKUS_grant_new_user_coupon,userAgent,9
0029,LKUS_grant_new_user_coupon,realIpCity,9
0029,LKUS_grant_new_user_coupon,countryCode,9
0029,LKUS_grant_new_user_coupon,couponNames,9
0029,LKUS_grant_new_user_coupon,couponTypes,9
0029,LKUS_grant_new_user_coupon,fullPhoneNo,9
0029,LKUS_grant_new_user_coupon,isBindPhone,9
0029,LKUS_grant_new_user_coupon,maskPhoneNo,9
0029,LKUS_grant_new_user_coupon,templateIds,9
0029,LKUS_grant_new_user_coupon,templateNos,9
0029,LKUS_grant_new_user_coupon,phoneCountry,9
0029,LKUS_grant_new_user_coupon,registerTime,9
0029,LKUS_grant_new_user_coupon,reviewRepeat,9
0029,LKUS_grant_new_user_coupon,realIpCountry,9
0029,LKUS_grant_new_user_coupon,discountLabels,9
0029,LKUS_grant_new_user_coupon,invitationCode,9
0029,LKUS_grant_new_user_coupon,realIpProvince,9
0029,LKUS_grant_new_user_coupon,recaptchaV3Token,9
0029,LKUS_grant_new_user_coupon,phoneNoEncryption,9
0029,LKUS_grant_new_user_coupon,recaptchaV3Action,9
0029,LKUS_grant_new_user_coupon,recaptchaV3Enabled,9
0029,LKUS_grant_new_user_coupon,couponDenominations,9
0029,LKUS_grant_new_user_coupon,couponDiscountTypes,9
0029,LKUS_grant_new_user_coupon,couponDiscountSubTypes,9
0029,LKUS_grant_new_user_coupon,couponDiscountTypeNames,9
0029,LKUS_grant_new_user_coupon,inviterCode,1
0029,LKUS_grant_new_user_coupon,inviterType,1
0029,LKUS_grant_new_user_coupon,inviterPhone,1
0029,LKUS_grant_new_user_coupon,inviterUserNo,1
0029,LKUS_grant_new_user_coupon,marketingCode,1
0029,LKUS_grant_new_user_coupon,invitationActivityNo,1
0029,LKUS_physical_order_cancel,app,2
0029,LKUS_physical_order_cancel,cid,2
0029,LKUS_physical_order_cancel,uid,2
0029,LKUS_physical_order_cancel,realIp,2
0029,LKUS_physical_order_cancel,shopId,2
0029,LKUS_physical_order_cancel,tenant,2
0029,LKUS_physical_order_cancel,userNo,2
0029,LKUS_physical_order_cancel,isGuest,2
0029,LKUS_physical_order_cancel,orderNo,2
0029,LKUS_physical_order_cancel,phoneNo,2
0029,LKUS_physical_order_cancel,version,2
0029,LKUS_physical_order_cancel,shopCity,2
0029,LKUS_physical_order_cancel,userAgent,2
0029,LKUS_physical_order_cancel,realIpCity,2
0029,LKUS_physical_order_cancel,countryCode,2
0029,LKUS_physical_order_cancel,fullPhoneNo,2
0029,LKUS_physical_order_cancel,totalOfMade,2
0029,LKUS_physical_order_cancel,phoneCountry,2
0029,LKUS_physical_order_cancel,reviewRepeat,2
0029,LKUS_physical_order_cancel,realIpCountry,2
0029,LKUS_physical_order_cancel,realIpProvince,2
0029,LKUS_physical_order_cancel,recaptchaV3Token,2
0029,LKUS_physical_order_cancel,recaptchaV3Action,2
0029,LKUS_physical_order_cancel,recaptchaV3Enabled,2
0029,LKUS_physical_order_cancel,cancelTypeEnumIndex,2
0029,LKUS_physical_order_create,packageOrderSkuCodes,2
0029,LKUS_physical_order_create,packageOrderSpuCodes,2
0030,LKUS_push,app,32
0030,LKUS_push,cid,33
0030,LKUS_push,uid,33
0030,LKUS_push,realIp,33
0030,LKUS_push,tenant,33
0030,LKUS_push,phoneNo,33
0030,LKUS_push,version,33
0030,LKUS_push,userAgent,33
0030,LKUS_push,realIpCity,33
0030,LKUS_push,countryCode,33
0030,LKUS_push,fullPhoneNo,33
0030,LKUS_push,phoneCountry,33
0030,LKUS_push,reviewRepeat,33
0030,LKUS_push,realIpCountry,33
0030,LKUS_push,realIpProvince,33
0030,LKUS_push,recaptchaV3Token,33
0030,LKUS_push,recaptchaV3Action,33
0030,LKUS_push,recaptchaV3Enabled,33
0030,LKUS_login,app,18
0030,LKUS_login,cid,18
0030,LKUS_login,uid,18
0030,LKUS_login,realIp,18
0030,LKUS_login,tenant,18
0030,LKUS_login,userNo,18
0030,LKUS_login,phoneNo,18
0030,LKUS_login,version,18
0030,LKUS_login,userAgent,18
0030,LKUS_login,realIpCity,18
0030,LKUS_login,countryCode,18
0030,LKUS_login,fullPhoneNo,18
0030,LKUS_login,phoneCountry,18
0030,LKUS_login,reviewRepeat,18
0030,LKUS_login,realIpCountry,18
0030,LKUS_login,realIpProvince,18
0030,LKUS_login,recaptchaV3Token,18
0030,LKUS_login,recaptchaV3Action,18
0030,LKUS_login,recaptchaV3Enabled,18
0030,LKUS_physical_order_create,app,72
0030,LKUS_physical_order_create,cid,86
0030,LKUS_physical_order_create,uid,86
0030,LKUS_physical_order_create,realIp,86
0030,LKUS_physical_order_create,shopId,86
0030,LKUS_physical_order_create,tenant,86
0030,LKUS_physical_order_create,userNo,86
0030,LKUS_physical_order_create,isGuest,86
0030,LKUS_physical_order_create,phoneNo,73
0030,LKUS_physical_order_create,version,86
0030,LKUS_physical_order_create,latitude,73
0030,LKUS_physical_order_create,couponNos,67
0030,LKUS_physical_order_create,longitude,73
0030,LKUS_physical_order_create,orderType,86
0030,LKUS_physical_order_create,taxAmount,86
0030,LKUS_physical_order_create,userAgent,86
0030,LKUS_physical_order_create,orderPrice,86
0030,LKUS_physical_order_create,realIpCity,86
0030,LKUS_physical_order_create,countryCode,86
0030,LKUS_physical_order_create,couponNames,67
0030,LKUS_physical_order_create,couponTypes,67
0030,LKUS_physical_order_create,fullPhoneNo,73
0030,LKUS_physical_order_create,shopAddress,86
0030,LKUS_physical_order_create,phoneCountry,73
0030,LKUS_physical_order_create,reviewRepeat,71
0030,LKUS_physical_order_create,shopCityName,86
0030,LKUS_physical_order_create,shopLatitude,86
0030,LKUS_physical_order_create,couponSources,67
0030,LKUS_physical_order_create,isTaxRequired,86
0030,LKUS_physical_order_create,orderSkuCodes,83
0030,LKUS_physical_order_create,orderSpuCodes,83
0030,LKUS_physical_order_create,productAmount,86
0030,LKUS_physical_order_create,realIpCountry,86
0030,LKUS_physical_order_create,shopLongitude,86
0030,LKUS_physical_order_create,realIpProvince,86
0030,LKUS_physical_order_create,recaptchaV3Token,71
0030,LKUS_physical_order_create,couponProposalNos,67
0030,LKUS_physical_order_create,couponTemplateIds,67
0030,LKUS_physical_order_create,recaptchaV3Action,71
0030,LKUS_physical_order_create,couponDenomination,67
0030,LKUS_physical_order_create,recaptchaV3Enabled,71
0030,LKUS_physical_order_create,couponDiscountTypes,67
0030,LKUS_physical_order_create,couponDiscountSubTypes,67
0030,LKUS_payment,app,73
0030,LKUS_payment,cid,87
0030,LKUS_payment,uid,87
0030,LKUS_payment,realIp,87
0030,LKUS_payment,shopId,87
0030,LKUS_payment,tenant,87
0030,LKUS_payment,userNo,87
0030,LKUS_payment,isGuest,87
0030,LKUS_payment,orderNo,87
0030,LKUS_payment,payType,87
0030,LKUS_payment,phoneNo,74
0030,LKUS_payment,version,87
0030,LKUS_payment,payMoney,87
0030,LKUS_payment,orderType,87
0030,LKUS_payment,taxAmount,87
0030,LKUS_payment,userAgent,87
0030,LKUS_payment,orderPrice,87
0030,LKUS_payment,realIpCity,87
0030,LKUS_payment,countryCode,74
0030,LKUS_payment,fullPhoneNo,74
0030,LKUS_payment,phoneCountry,74
0030,LKUS_payment,reviewRepeat,72
0030,LKUS_payment,isTaxRequired,87
0030,LKUS_payment,realIpCountry,87
0030,LKUS_payment,realIpProvince,87
0030,LKUS_payment,recaptchaV3Token,72
0030,LKUS_payment,recaptchaV3Action,72
0030,LKUS_payment,recaptchaV3Enabled,72
0030,LKUS_physical_order_create,packageOrderSkuCodes,4
0030,LKUS_physical_order_create,packageOrderSpuCodes,4
0030,LKUS_physical_order_create,shumeiDevId,13
0030,LKUS_physical_order_create,shumengDevId,13
0030,LKUS_physical_order_create,tongdunBlackBox,13
0030,LKUS_grant_new_user_coupon,app,11
0030,LKUS_grant_new_user_coupon,cid,11
0030,LKUS_grant_new_user_coupon,uid,11
0030,LKUS_grant_new_user_coupon,type,11
0030,LKUS_grant_new_user_coupon,extend,11
0030,LKUS_grant_new_user_coupon,origin,11
0030,LKUS_grant_new_user_coupon,realIp,11
0030,LKUS_grant_new_user_coupon,tenant,11
0030,LKUS_grant_new_user_coupon,userNo,11
0030,LKUS_grant_new_user_coupon,phoneNo,11
0030,LKUS_grant_new_user_coupon,readmes,11
0030,LKUS_grant_new_user_coupon,sceneId,11
0030,LKUS_grant_new_user_coupon,version,11
0030,LKUS_grant_new_user_coupon,discounts,11
0030,LKUS_grant_new_user_coupon,userAgent,11
0030,LKUS_grant_new_user_coupon,realIpCity,11
0030,LKUS_grant_new_user_coupon,countryCode,11
0030,LKUS_grant_new_user_coupon,couponNames,11
0030,LKUS_grant_new_user_coupon,couponTypes,11
0030,LKUS_grant_new_user_coupon,fullPhoneNo,11
0030,LKUS_grant_new_user_coupon,isBindPhone,11
0030,LKUS_grant_new_user_coupon,maskPhoneNo,11
0030,LKUS_grant_new_user_coupon,templateIds,11
0030,LKUS_grant_new_user_coupon,templateNos,11
0030,LKUS_grant_new_user_coupon,phoneCountry,11
0030,LKUS_grant_new_user_coupon,registerTime,11
0030,LKUS_grant_new_user_coupon,reviewRepeat,11
0030,LKUS_grant_new_user_coupon,realIpCountry,11
0030,LKUS_grant_new_user_coupon,discountLabels,11
0030,LKUS_grant_new_user_coupon,invitationCode,11
0030,LKUS_grant_new_user_coupon,realIpProvince,11
0030,LKUS_grant_new_user_coupon,recaptchaV3Token,11
0030,LKUS_grant_new_user_coupon,phoneNoEncryption,11
0030,LKUS_grant_new_user_coupon,recaptchaV3Action,11
0030,LKUS_grant_new_user_coupon,recaptchaV3Enabled,11
0030,LKUS_grant_new_user_coupon,couponDenominations,11
0030,LKUS_grant_new_user_coupon,couponDiscountTypes,11
0030,LKUS_grant_new_user_coupon,couponDiscountSubTypes,11
0030,LKUS_grant_new_user_coupon,couponDiscountTypeNames,11
0030,LKUS_payment,packagingBagPrice,4
0030,LKUS_payment,packagingBagNumber,4
0030,LKUS_register,app,7
0030,LKUS_register,cid,8
0030,LKUS_register,uid,8
0030,LKUS_register,realIp,8
0030,LKUS_register,tenant,8
0030,LKUS_register,phoneNo,8
0030,LKUS_register,version,8
0030,LKUS_register,userAgent,8
0030,LKUS_register,realIpCity,8
0030,LKUS_register,countryCode,8
0030,LKUS_register,fullPhoneNo,8
0030,LKUS_register,phoneCountry,8
0030,LKUS_register,reviewRepeat,8
0030,LKUS_register,realIpCountry,8
0030,LKUS_register,realIpProvince,8
0030,LKUS_register,recaptchaV3Token,8
0030,LKUS_register,recaptchaV3Action,8
0030,LKUS_register,recaptchaV3Enabled,8
0031,LKUS_push,app,24
0031,LKUS_push,cid,31
0031,LKUS_push,uid,31
0031,LKUS_push,realIp,31
0031,LKUS_push,tenant,31
0031,LKUS_push,phoneNo,31
0031,LKUS_push,version,31
0031,LKUS_push,userAgent,31
0031,LKUS_push,realIpCity,31
0031,LKUS_push,countryCode,31
0031,LKUS_push,fullPhoneNo,31
0031,LKUS_push,phoneCountry,31
0031,LKUS_push,reviewRepeat,27
0031,LKUS_push,realIpCountry,31
0031,LKUS_push,realIpProvince,31
0031,LKUS_push,recaptchaV3Token,27
0031,LKUS_push,recaptchaV3Action,27
0031,LKUS_push,recaptchaV3Enabled,27
0031,LKUS_physical_order_create,app,66
0031,LKUS_physical_order_create,cid,73
0031,LKUS_physical_order_create,uid,73
0031,LKUS_physical_order_create,realIp,73
0031,LKUS_physical_order_create,shopId,73
0031,LKUS_physical_order_create,tenant,73
0031,LKUS_physical_order_create,userNo,73
0031,LKUS_physical_order_create,isGuest,73
0031,LKUS_physical_order_create,phoneNo,67
0031,LKUS_physical_order_create,version,73
0031,LKUS_physical_order_create,latitude,68
0031,LKUS_physical_order_create,couponNos,61
0031,LKUS_physical_order_create,longitude,68
0031,LKUS_physical_order_create,orderType,73
0031,LKUS_physical_order_create,taxAmount,73
0031,LKUS_physical_order_create,userAgent,73
0031,LKUS_physical_order_create,orderPrice,73
0031,LKUS_physical_order_create,realIpCity,73
0031,LKUS_physical_order_create,countryCode,73
0031,LKUS_physical_order_create,couponNames,61
0031,LKUS_physical_order_create,couponTypes,61
0031,LKUS_physical_order_create,fullPhoneNo,67
0031,LKUS_physical_order_create,shopAddress,73
0031,LKUS_physical_order_create,phoneCountry,67
0031,LKUS_physical_order_create,reviewRepeat,66
0031,LKUS_physical_order_create,shopCityName,73
0031,LKUS_physical_order_create,shopLatitude,73
0031,LKUS_physical_order_create,couponSources,61
0031,LKUS_physical_order_create,isTaxRequired,73
0031,LKUS_physical_order_create,orderSkuCodes,70
0031,LKUS_physical_order_create,orderSpuCodes,70
0031,LKUS_physical_order_create,productAmount,73
0031,LKUS_physical_order_create,realIpCountry,73
0031,LKUS_physical_order_create,shopLongitude,73
0031,LKUS_physical_order_create,realIpProvince,73
0031,LKUS_physical_order_create,recaptchaV3Token,66
0031,LKUS_physical_order_create,couponProposalNos,61
0031,LKUS_physical_order_create,couponTemplateIds,61
0031,LKUS_physical_order_create,recaptchaV3Action,66
0031,LKUS_physical_order_create,couponDenomination,61
0031,LKUS_physical_order_create,recaptchaV3Enabled,66
0031,LKUS_physical_order_create,couponDiscountTypes,61
0031,LKUS_physical_order_create,couponDiscountSubTypes,61
0031,LKUS_payment,app,65
0031,LKUS_payment,cid,74
0031,LKUS_payment,uid,74
0031,LKUS_payment,realIp,74
0031,LKUS_payment,shopId,74
0031,LKUS_payment,tenant,74
0031,LKUS_payment,userNo,74
0031,LKUS_payment,isGuest,74
0031,LKUS_payment,orderNo,74
0031,LKUS_payment,payType,74
0031,LKUS_payment,phoneNo,66
0031,LKUS_payment,version,74
0031,LKUS_payment,payMoney,74
0031,LKUS_payment,orderType,74
0031,LKUS_payment,taxAmount,74
0031,LKUS_payment,userAgent,74
0031,LKUS_payment,orderPrice,74
0031,LKUS_payment,realIpCity,74
0031,LKUS_payment,countryCode,66
0031,LKUS_payment,fullPhoneNo,66
0031,LKUS_payment,phoneCountry,66
0031,LKUS_payment,reviewRepeat,65
0031,LKUS_payment,isTaxRequired,74
0031,LKUS_payment,realIpCountry,74
0031,LKUS_payment,realIpProvince,74
0031,LKUS_payment,recaptchaV3Token,65
0031,LKUS_payment,recaptchaV3Action,65
0031,LKUS_payment,recaptchaV3Enabled,65
0031,LKUS_push,userNo,3
0031,LKUS_register,cid,6
0031,LKUS_register,uid,6
0031,LKUS_register,realIp,6
0031,LKUS_register,tenant,6
0031,LKUS_register,phoneNo,6
0031,LKUS_register,version,6
0031,LKUS_register,userAgent,6
0031,LKUS_register,realIpCity,6
0031,LKUS_register,countryCode,6
0031,LKUS_register,fullPhoneNo,6
0031,LKUS_register,phoneCountry,6
0031,LKUS_register,reviewRepeat,6
0031,LKUS_register,realIpCountry,6
0031,LKUS_register,realIpProvince,6
0031,LKUS_register,recaptchaV3Token,6
0031,LKUS_register,recaptchaV3Action,6
0031,LKUS_register,recaptchaV3Enabled,6
0031,LKUS_physical_order_create,shumeiDevId,5
0031,LKUS_physical_order_create,shumengDevId,5
0031,LKUS_physical_order_create,tongdunBlackBox,5
0031,LKUS_physical_order_create,packageOrderSkuCodes,3
0031,LKUS_physical_order_create,packageOrderSpuCodes,3
0031,LKUS_payment,packagingBagPrice,2
0031,LKUS_payment,packagingBagNumber,2
0031,LKUS_login,app,8
0031,LKUS_login,cid,9
0031,LKUS_login,uid,9
0031,LKUS_login,realIp,9
0031,LKUS_login,tenant,9
0031,LKUS_login,userNo,9
0031,LKUS_login,phoneNo,9
0031,LKUS_login,version,9
0031,LKUS_login,userAgent,9
0031,LKUS_login,realIpCity,9
0031,LKUS_login,countryCode,9
0031,LKUS_login,fullPhoneNo,9
0031,LKUS_login,phoneCountry,9
0031,LKUS_login,reviewRepeat,8
0031,LKUS_login,realIpCountry,9
0031,LKUS_login,realIpProvince,9
0031,LKUS_login,recaptchaV3Token,8
0031,LKUS_login,recaptchaV3Action,8
0031,LKUS_login,recaptchaV3Enabled,8
0031,LKUS_physical_order_cancel,app,1
0031,LKUS_physical_order_cancel,cid,1
0031,LKUS_physical_order_cancel,uid,1
0031,LKUS_physical_order_cancel,realIp,1
0031,LKUS_physical_order_cancel,shopId,1
0031,LKUS_physical_order_cancel,tenant,1
0031,LKUS_physical_order_cancel,userNo,1
0031,LKUS_physical_order_cancel,isGuest,1
0031,LKUS_physical_order_cancel,orderNo,1
0031,LKUS_physical_order_cancel,phoneNo,1
0031,LKUS_physical_order_cancel,version,1
0031,LKUS_physical_order_cancel,shopCity,1
0031,LKUS_physical_order_cancel,userAgent,1
0031,LKUS_physical_order_cancel,realIpCity,1
0031,LKUS_physical_order_cancel,countryCode,1
0031,LKUS_physical_order_cancel,fullPhoneNo,1
0031,LKUS_physical_order_cancel,totalOfMade,1
0031,LKUS_physical_order_cancel,phoneCountry,1
0031,LKUS_physical_order_cancel,reviewRepeat,1
0031,LKUS_physical_order_cancel,realIpCountry,1
0031,LKUS_physical_order_cancel,realIpProvince,1
0031,LKUS_physical_order_cancel,recaptchaV3Token,1
0031,LKUS_physical_order_cancel,recaptchaV3Action,1
0031,LKUS_physical_order_cancel,recaptchaV3Enabled,1
0031,LKUS_physical_order_cancel,cancelTypeEnumIndex,1
0031,LKUS_grant_new_user_coupon,app,6
0031,LKUS_grant_new_user_coupon,cid,6
0031,LKUS_grant_new_user_coupon,uid,6
0031,LKUS_grant_new_user_coupon,type,6
0031,LKUS_grant_new_user_coupon,extend,6
0031,LKUS_grant_new_user_coupon,origin,6
0031,LKUS_grant_new_user_coupon,realIp,6
0031,LKUS_grant_new_user_coupon,tenant,6
0031,LKUS_grant_new_user_coupon,userNo,6
0031,LKUS_grant_new_user_coupon,phoneNo,6
0031,LKUS_grant_new_user_coupon,readmes,6
0031,LKUS_grant_new_user_coupon,sceneId,6
0031,LKUS_grant_new_user_coupon,version,6
0031,LKUS_grant_new_user_coupon,discounts,6
0031,LKUS_grant_new_user_coupon,userAgent,6
0031,LKUS_grant_new_user_coupon,realIpCity,6
0031,LKUS_grant_new_user_coupon,countryCode,6
0031,LKUS_grant_new_user_coupon,couponNames,6
0031,LKUS_grant_new_user_coupon,couponTypes,6
0031,LKUS_grant_new_user_coupon,fullPhoneNo,6
0031,LKUS_grant_new_user_coupon,isBindPhone,6
0031,LKUS_grant_new_user_coupon,maskPhoneNo,6
0031,LKUS_grant_new_user_coupon,templateIds,6
0031,LKUS_grant_new_user_coupon,templateNos,6
0031,LKUS_grant_new_user_coupon,phoneCountry,6
0031,LKUS_grant_new_user_coupon,registerTime,6
0031,LKUS_grant_new_user_coupon,reviewRepeat,6
0031,LKUS_grant_new_user_coupon,realIpCountry,6
0031,LKUS_grant_new_user_coupon,discountLabels,6
0031,LKUS_grant_new_user_coupon,invitationCode,6
0031,LKUS_grant_new_user_coupon,realIpProvince,6
0031,LKUS_grant_new_user_coupon,recaptchaV3Token,6
0031,LKUS_grant_new_user_coupon,phoneNoEncryption,6
0031,LKUS_grant_new_user_coupon,recaptchaV3Action,6
0031,LKUS_grant_new_user_coupon,recaptchaV3Enabled,6
0031,LKUS_grant_new_user_coupon,couponDenominations,6
0031,LKUS_grant_new_user_coupon,couponDiscountTypes,6
0031,LKUS_grant_new_user_coupon,couponDiscountSubTypes,6
0031,LKUS_grant_new_user_coupon,couponDiscountTypeNames,6
0031,LKUS_register,app,4
0032,LKUS_push,app,43
0032,LKUS_push,cid,47
0032,LKUS_push,uid,47
0032,LKUS_push,realIp,47
0032,LKUS_push,tenant,47
0032,LKUS_push,phoneNo,47
0032,LKUS_push,version,47
0032,LKUS_push,userAgent,47
0032,LKUS_push,realIpCity,47
0032,LKUS_push,countryCode,47
0032,LKUS_push,fullPhoneNo,47
0032,LKUS_push,phoneCountry,47
0032,LKUS_push,reviewRepeat,44
0032,LKUS_push,realIpCountry,47
0032,LKUS_push,realIpProvince,47
0032,LKUS_push,recaptchaV3Token,44
0032,LKUS_push,recaptchaV3Action,44
0032,LKUS_push,recaptchaV3Enabled,44
0032,LKUS_physical_order_create,app,77
0032,LKUS_physical_order_create,cid,90
0032,LKUS_physical_order_create,uid,90
0032,LKUS_physical_order_create,realIp,90
0032,LKUS_physical_order_create,shopId,90
0032,LKUS_physical_order_create,tenant,90
0032,LKUS_physical_order_create,userNo,90
0032,LKUS_physical_order_create,isGuest,90
0032,LKUS_physical_order_create,phoneNo,78
0032,LKUS_physical_order_create,version,90
0032,LKUS_physical_order_create,latitude,78
0032,LKUS_physical_order_create,couponNos,70
0032,LKUS_physical_order_create,longitude,78
0032,LKUS_physical_order_create,orderType,90
0032,LKUS_physical_order_create,taxAmount,90
0032,LKUS_physical_order_create,userAgent,90
0032,LKUS_physical_order_create,orderPrice,90
0032,LKUS_physical_order_create,realIpCity,90
0032,LKUS_physical_order_create,countryCode,90
0032,LKUS_physical_order_create,couponNames,70
0032,LKUS_physical_order_create,couponTypes,70
0032,LKUS_physical_order_create,fullPhoneNo,78
0032,LKUS_physical_order_create,shopAddress,90
0032,LKUS_physical_order_create,phoneCountry,78
0032,LKUS_physical_order_create,reviewRepeat,72
0032,LKUS_physical_order_create,shopCityName,90
0032,LKUS_physical_order_create,shopLatitude,90
0032,LKUS_physical_order_create,couponSources,70
0032,LKUS_physical_order_create,isTaxRequired,90
0032,LKUS_physical_order_create,orderSkuCodes,88
0032,LKUS_physical_order_create,orderSpuCodes,88
0032,LKUS_physical_order_create,productAmount,90
0032,LKUS_physical_order_create,realIpCountry,90
0032,LKUS_physical_order_create,shopLongitude,90
0032,LKUS_physical_order_create,realIpProvince,90
0032,LKUS_physical_order_create,recaptchaV3Token,72
0032,LKUS_physical_order_create,couponProposalNos,70
0032,LKUS_physical_order_create,couponTemplateIds,70
0032,LKUS_physical_order_create,recaptchaV3Action,72
0032,LKUS_physical_order_create,couponDenomination,70
0032,LKUS_physical_order_create,recaptchaV3Enabled,72
0032,LKUS_physical_order_create,couponDiscountTypes,70
0032,LKUS_physical_order_create,couponDiscountSubTypes,70
0032,LKUS_payment,app,77
0032,LKUS_payment,cid,90
0032,LKUS_payment,uid,90
0032,LKUS_payment,realIp,90
0032,LKUS_payment,shopId,90
0032,LKUS_payment,tenant,90
0032,LKUS_payment,userNo,90
0032,LKUS_payment,isGuest,90
0032,LKUS_payment,orderNo,90
0032,LKUS_payment,payType,90
0032,LKUS_payment,phoneNo,78
0032,LKUS_payment,version,90
0032,LKUS_payment,payMoney,90
0032,LKUS_payment,orderType,90
0032,LKUS_payment,taxAmount,90
0032,LKUS_payment,userAgent,90
0032,LKUS_payment,orderPrice,90
0032,LKUS_payment,realIpCity,90
0032,LKUS_payment,countryCode,78
0032,LKUS_payment,fullPhoneNo,78
0032,LKUS_payment,phoneCountry,78
0032,LKUS_payment,reviewRepeat,72
0032,LKUS_payment,isTaxRequired,90
0032,LKUS_payment,realIpCountry,90
0032,LKUS_payment,realIpProvince,90
0032,LKUS_payment,recaptchaV3Token,72
0032,LKUS_payment,recaptchaV3Action,72
0032,LKUS_payment,recaptchaV3Enabled,72
0032,LKUS_physical_order_create,packageOrderSkuCodes,3
0032,LKUS_physical_order_create,packageOrderSpuCodes,3
0032,LKUS_login,app,15
0032,LKUS_login,cid,15
0032,LKUS_login,uid,15
0032,LKUS_login,realIp,15
0032,LKUS_login,tenant,15
0032,LKUS_login,userNo,15
0032,LKUS_login,phoneNo,15
0032,LKUS_login,version,15
0032,LKUS_login,userAgent,15
0032,LKUS_login,realIpCity,15
0032,LKUS_login,countryCode,15
0032,LKUS_login,fullPhoneNo,15
0032,LKUS_login,phoneCountry,15
0032,LKUS_login,reviewRepeat,14
0032,LKUS_login,realIpCountry,15
0032,LKUS_login,realIpProvince,15
0032,LKUS_login,recaptchaV3Token,14
0032,LKUS_login,recaptchaV3Action,14
0032,LKUS_login,recaptchaV3Enabled,14
0032,LKUS_grant_new_user_coupon,app,9
0032,LKUS_grant_new_user_coupon,cid,9
0032,LKUS_grant_new_user_coupon,uid,9
0032,LKUS_grant_new_user_coupon,type,9
0032,LKUS_grant_new_user_coupon,extend,9
0032,LKUS_grant_new_user_coupon,origin,9
0032,LKUS_grant_new_user_coupon,realIp,9
0032,LKUS_grant_new_user_coupon,tenant,9
0032,LKUS_grant_new_user_coupon,userNo,9
0032,LKUS_grant_new_user_coupon,phoneNo,9
0032,LKUS_grant_new_user_coupon,readmes,9
0032,LKUS_grant_new_user_coupon,sceneId,9
0032,LKUS_grant_new_user_coupon,version,9
0032,LKUS_grant_new_user_coupon,discounts,9
0032,LKUS_grant_new_user_coupon,userAgent,9
0032,LKUS_grant_new_user_coupon,realIpCity,9
0032,LKUS_grant_new_user_coupon,countryCode,9
0032,LKUS_grant_new_user_coupon,couponNames,9
0032,LKUS_grant_new_user_coupon,couponTypes,9
0032,LKUS_grant_new_user_coupon,fullPhoneNo,9
0032,LKUS_grant_new_user_coupon,isBindPhone,9
0032,LKUS_grant_new_user_coupon,maskPhoneNo,9
0032,LKUS_grant_new_user_coupon,templateIds,9
0032,LKUS_grant_new_user_coupon,templateNos,9
0032,LKUS_grant_new_user_coupon,phoneCountry,9
0032,LKUS_grant_new_user_coupon,registerTime,9
0032,LKUS_grant_new_user_coupon,reviewRepeat,9
0032,LKUS_grant_new_user_coupon,realIpCountry,9
0032,LKUS_grant_new_user_coupon,discountLabels,9
0032,LKUS_grant_new_user_coupon,invitationCode,9
0032,LKUS_grant_new_user_coupon,realIpProvince,9
0032,LKUS_grant_new_user_coupon,recaptchaV3Token,9
0032,LKUS_grant_new_user_coupon,phoneNoEncryption,9
0032,LKUS_grant_new_user_coupon,recaptchaV3Action,9
0032,LKUS_grant_new_user_coupon,recaptchaV3Enabled,9
0032,LKUS_grant_new_user_coupon,couponDenominations,9
0032,LKUS_grant_new_user_coupon,couponDiscountTypes,9
0032,LKUS_grant_new_user_coupon,couponDiscountSubTypes,9
0032,LKUS_grant_new_user_coupon,couponDiscountTypeNames,9
0032,LKUS_physical_order_create,shumeiDevId,12
0032,LKUS_physical_order_create,shumengDevId,12
0032,LKUS_physical_order_create,tongdunBlackBox,12
0032,LKUS_register,app,9
0032,LKUS_register,cid,10
0032,LKUS_register,uid,10
0032,LKUS_register,realIp,10
0032,LKUS_register,tenant,10
0032,LKUS_register,phoneNo,10
0032,LKUS_register,version,10
0032,LKUS_register,userAgent,10
0032,LKUS_register,realIpCity,10
0032,LKUS_register,countryCode,10
0032,LKUS_register,fullPhoneNo,10
0032,LKUS_register,phoneCountry,10
0032,LKUS_register,reviewRepeat,10
0032,LKUS_register,realIpCountry,10
0032,LKUS_register,realIpProvince,10
0032,LKUS_register,recaptchaV3Token,10
0032,LKUS_register,recaptchaV3Action,10
0032,LKUS_register,recaptchaV3Enabled,10
0032,LKUS_payment,packagingBagPrice,3
0032,LKUS_payment,packagingBagNumber,3
0032,LKUS_push,userNo,1
0032,LKUS_physical_order_cancel,app,1
0032,LKUS_physical_order_cancel,cid,1
0032,LKUS_physical_order_cancel,uid,1
0032,LKUS_physical_order_cancel,realIp,1
0032,LKUS_physical_order_cancel,shopId,1
0032,LKUS_physical_order_cancel,tenant,1
0032,LKUS_physical_order_cancel,userNo,1
0032,LKUS_physical_order_cancel,isGuest,1
0032,LKUS_physical_order_cancel,orderNo,1
0032,LKUS_physical_order_cancel,phoneNo,1
0032,LKUS_physical_order_cancel,version,1
0032,LKUS_physical_order_cancel,shopCity,1
0032,LKUS_physical_order_cancel,userAgent,1
0032,LKUS_physical_order_cancel,realIpCity,1
0032,LKUS_physical_order_cancel,countryCode,1
0032,LKUS_physical_order_cancel,fullPhoneNo,1
0032,LKUS_physical_order_cancel,totalOfMade,1
0032,LKUS_physical_order_cancel,phoneCountry,1
0032,LKUS_physical_order_cancel,reviewRepeat,1
0032,LKUS_physical_order_cancel,realIpCountry,1
0032,LKUS_physical_order_cancel,realIpProvince,1
0032,LKUS_physical_order_cancel,recaptchaV3Token,1
0032,LKUS_physical_order_cancel,recaptchaV3Action,1
0032,LKUS_physical_order_cancel,recaptchaV3Enabled,1
0032,LKUS_physical_order_cancel,cancelTypeEnumIndex,1
0033,LKUS_push,app,37
0033,LKUS_push,cid,45
0033,LKUS_push,uid,45
0033,LKUS_push,realIp,45
0033,LKUS_push,tenant,45
0033,LKUS_push,phoneNo,45
0033,LKUS_push,version,45
0033,LKUS_push,userAgent,45
0033,LKUS_push,realIpCity,45
0033,LKUS_push,countryCode,45
0033,LKUS_push,fullPhoneNo,45
0033,LKUS_push,phoneCountry,45
0033,LKUS_push,reviewRepeat,42
0033,LKUS_push,realIpCountry,45
0033,LKUS_push,realIpProvince,45
0033,LKUS_push,recaptchaV3Token,41
0033,LKUS_push,recaptchaV3Action,41
0033,LKUS_push,recaptchaV3Enabled,42
0033,LKUS_physical_order_create,app,57
0033,LKUS_physical_order_create,cid,74
0033,LKUS_physical_order_create,uid,74
0033,LKUS_physical_order_create,realIp,74
0033,LKUS_physical_order_create,shopId,74
0033,LKUS_physical_order_create,tenant,74
0033,LKUS_physical_order_create,userNo,74
0033,LKUS_physical_order_create,isGuest,74
0033,LKUS_physical_order_create,phoneNo,60
0033,LKUS_physical_order_create,version,74
0033,LKUS_physical_order_create,latitude,60
0033,LKUS_physical_order_create,longitude,60
0033,LKUS_physical_order_create,orderType,74
0033,LKUS_physical_order_create,taxAmount,74
0033,LKUS_physical_order_create,userAgent,74
0033,LKUS_physical_order_create,orderPrice,74
0033,LKUS_physical_order_create,realIpCity,74
0033,LKUS_physical_order_create,countryCode,74
0033,LKUS_physical_order_create,fullPhoneNo,60
0033,LKUS_physical_order_create,shopAddress,74
0033,LKUS_physical_order_create,phoneCountry,60
0033,LKUS_physical_order_create,reviewRepeat,54
0033,LKUS_physical_order_create,shopCityName,74
0033,LKUS_physical_order_create,shopLatitude,74
0033,LKUS_physical_order_create,isTaxRequired,74
0033,LKUS_physical_order_create,productAmount,74
0033,LKUS_physical_order_create,realIpCountry,74
0033,LKUS_physical_order_create,shopLongitude,74
0033,LKUS_physical_order_create,realIpProvince,74
0033,LKUS_physical_order_create,recaptchaV3Token,54
0033,LKUS_physical_order_create,recaptchaV3Action,54
0033,LKUS_physical_order_create,recaptchaV3Enabled,54
0033,LKUS_physical_order_create,packageOrderSkuCodes,8
0033,LKUS_physical_order_create,packageOrderSpuCodes,8
0033,LKUS_payment,app,57
0033,LKUS_payment,cid,74
0033,LKUS_payment,uid,74
0033,LKUS_payment,realIp,74
0033,LKUS_payment,shopId,74
0033,LKUS_payment,tenant,74
0033,LKUS_payment,userNo,74
0033,LKUS_payment,isGuest,74
0033,LKUS_payment,orderNo,74
0033,LKUS_payment,payType,74
0033,LKUS_payment,phoneNo,60
0033,LKUS_payment,version,74
0033,LKUS_payment,payMoney,74
0033,LKUS_payment,orderType,74
0033,LKUS_payment,taxAmount,74
0033,LKUS_payment,userAgent,74
0033,LKUS_payment,orderPrice,74
0033,LKUS_payment,realIpCity,74
0033,LKUS_payment,countryCode,60
0033,LKUS_payment,fullPhoneNo,60
0033,LKUS_payment,phoneCountry,60
0033,LKUS_payment,reviewRepeat,54
0033,LKUS_payment,isTaxRequired,74
0033,LKUS_payment,realIpCountry,74
0033,LKUS_payment,realIpProvince,74
0033,LKUS_payment,recaptchaV3Token,54
0033,LKUS_payment,recaptchaV3Action,54
0033,LKUS_payment,recaptchaV3Enabled,54
0033,LKUS_payment,packagingBagPrice,2
0033,LKUS_payment,packagingBagNumber,2
0033,LKUS_physical_order_create,couponNos,49
0033,LKUS_physical_order_create,couponNames,49
0033,LKUS_physical_order_create,couponTypes,49
0033,LKUS_physical_order_create,couponSources,49
0033,LKUS_physical_order_create,orderSkuCodes,66
0033,LKUS_physical_order_create,orderSpuCodes,66
0033,LKUS_physical_order_create,couponProposalNos,49
0033,LKUS_physical_order_create,couponTemplateIds,49
0033,LKUS_physical_order_create,couponDenomination,49
0033,LKUS_physical_order_create,couponDiscountTypes,49
0033,LKUS_physical_order_create,couponDiscountSubTypes,49
0033,LKUS_push,userNo,1
0033,LKUS_physical_order_create,shumeiDevId,14
0033,LKUS_physical_order_create,shumengDevId,14
0033,LKUS_physical_order_create,tongdunBlackBox,14
0033,LKUS_register,app,9
0033,LKUS_register,cid,13
0033,LKUS_register,uid,13
0033,LKUS_register,realIp,13
0033,LKUS_register,tenant,13
0033,LKUS_register,phoneNo,13
0033,LKUS_register,version,13
0033,LKUS_register,userAgent,13
0033,LKUS_register,realIpCity,13
0033,LKUS_register,countryCode,13
0033,LKUS_register,fullPhoneNo,13
0033,LKUS_register,phoneCountry,13
0033,LKUS_register,reviewRepeat,13
0033,LKUS_register,realIpCountry,13
0033,LKUS_register,realIpProvince,13
0033,LKUS_register,recaptchaV3Token,13
0033,LKUS_register,recaptchaV3Action,13
0033,LKUS_register,recaptchaV3Enabled,13
0033,LKUS_login,cid,9
0033,LKUS_login,uid,9
0033,LKUS_login,realIp,9
0033,LKUS_login,tenant,9
0033,LKUS_login,userNo,9
0033,LKUS_login,phoneNo,9
0033,LKUS_login,version,9
0033,LKUS_login,userAgent,9
0033,LKUS_login,realIpCity,9
0033,LKUS_login,countryCode,9
0033,LKUS_login,fullPhoneNo,9
0033,LKUS_login,phoneCountry,9
0033,LKUS_login,reviewRepeat,9
0033,LKUS_login,realIpCountry,9
0033,LKUS_login,realIpProvince,9
0033,LKUS_login,recaptchaV3Token,9
0033,LKUS_login,recaptchaV3Action,9
0033,LKUS_login,recaptchaV3Enabled,9
0033,LKUS_login,app,7
0033,LKUS_grant_new_user_coupon,app,5
0033,LKUS_grant_new_user_coupon,cid,6
0033,LKUS_grant_new_user_coupon,uid,6
0033,LKUS_grant_new_user_coupon,type,6
0033,LKUS_grant_new_user_coupon,extend,6
0033,LKUS_grant_new_user_coupon,origin,6
0033,LKUS_grant_new_user_coupon,realIp,6
0033,LKUS_grant_new_user_coupon,tenant,6
0033,LKUS_grant_new_user_coupon,userNo,6
0033,LKUS_grant_new_user_coupon,phoneNo,6
0033,LKUS_grant_new_user_coupon,readmes,6
0033,LKUS_grant_new_user_coupon,sceneId,6
0033,LKUS_grant_new_user_coupon,version,6
0033,LKUS_grant_new_user_coupon,discounts,6
0033,LKUS_grant_new_user_coupon,userAgent,6
0033,LKUS_grant_new_user_coupon,realIpCity,6
0033,LKUS_grant_new_user_coupon,countryCode,6
0033,LKUS_grant_new_user_coupon,couponNames,6
0033,LKUS_grant_new_user_coupon,couponTypes,6
0033,LKUS_grant_new_user_coupon,fullPhoneNo,6
0033,LKUS_grant_new_user_coupon,isBindPhone,6
0033,LKUS_grant_new_user_coupon,maskPhoneNo,6
0033,LKUS_grant_new_user_coupon,templateIds,6
0033,LKUS_grant_new_user_coupon,templateNos,6
0033,LKUS_grant_new_user_coupon,phoneCountry,6
0033,LKUS_grant_new_user_coupon,registerTime,6
0033,LKUS_grant_new_user_coupon,reviewRepeat,6
0033,LKUS_grant_new_user_coupon,realIpCountry,6
0033,LKUS_grant_new_user_coupon,discountLabels,6
0033,LKUS_grant_new_user_coupon,invitationCode,6
0033,LKUS_grant_new_user_coupon,realIpProvince,6
0033,LKUS_grant_new_user_coupon,recaptchaV3Token,6
0033,LKUS_grant_new_user_coupon,phoneNoEncryption,6
0033,LKUS_grant_new_user_coupon,recaptchaV3Action,6
0033,LKUS_grant_new_user_coupon,recaptchaV3Enabled,6
0033,LKUS_grant_new_user_coupon,couponDenominations,6
0033,LKUS_grant_new_user_coupon,couponDiscountTypes,6
0033,LKUS_grant_new_user_coupon,couponDiscountSubTypes,6
0033,LKUS_grant_new_user_coupon,couponDiscountTypeNames,6
0033,LKUS_captcha,cid,1
0033,LKUS_captcha,uid,1
0033,LKUS_captcha,realIp,1
0033,LKUS_captcha,tenant,1
0033,LKUS_captcha,isGuest,1
0033,LKUS_captcha,phoneNo,1
0033,LKUS_captcha,version,1
0033,LKUS_captcha,eventName,1
0033,LKUS_captcha,userAgent,1
0033,LKUS_captcha,realIpCity,1
0033,LKUS_captcha,countryCode,1
0033,LKUS_captcha,fullPhoneNo,1
0033,LKUS_captcha,captchaScene,1
0033,LKUS_captcha,phoneCountry,1
0033,LKUS_captcha,reviewRepeat,1
0033,LKUS_captcha,realIpCountry,1
0033,LKUS_captcha,realIpProvince,1
0033,LKUS_captcha,verifyCodeType,1
0033,LKUS_captcha,recaptchaV2Token,1
0033,LKUS_captcha,recaptchaV3Token,1
0033,LKUS_captcha,recaptchaV3Action,1
0033,LKUS_captcha,verifyCodeTypeName,1
0034,LKUS_push,app,23
0034,LKUS_push,cid,30
0034,LKUS_push,uid,30
0034,LKUS_push,realIp,30
0034,LKUS_push,tenant,30
0034,LKUS_push,phoneNo,30
0034,LKUS_push,version,30
0034,LKUS_push,userAgent,30
0034,LKUS_push,realIpCity,30
0034,LKUS_push,countryCode,30
0034,LKUS_push,fullPhoneNo,30
0034,LKUS_push,phoneCountry,30
0034,LKUS_push,reviewRepeat,28
0034,LKUS_push,realIpCountry,30
0034,LKUS_push,realIpProvince,30
0034,LKUS_push,recaptchaV3Token,28
0034,LKUS_push,recaptchaV3Action,28
0034,LKUS_push,recaptchaV3Enabled,28
0034,LKUS_login,app,16
0034,LKUS_login,cid,21
0034,LKUS_login,uid,21
0034,LKUS_login,realIp,21
0034,LKUS_login,tenant,21
0034,LKUS_login,userNo,21
0034,LKUS_login,phoneNo,21
0034,LKUS_login,version,21
0034,LKUS_login,userAgent,21
0034,LKUS_login,realIpCity,21
0034,LKUS_login,countryCode,21
0034,LKUS_login,fullPhoneNo,21
0034,LKUS_login,phoneCountry,21
0034,LKUS_login,realIpCountry,21
0034,LKUS_login,realIpProvince,21
0034,LKUS_grant_new_user_coupon,app,9
0034,LKUS_grant_new_user_coupon,cid,12
0034,LKUS_grant_new_user_coupon,uid,12
0034,LKUS_grant_new_user_coupon,type,12
0034,LKUS_grant_new_user_coupon,extend,12
0034,LKUS_grant_new_user_coupon,origin,12
0034,LKUS_grant_new_user_coupon,realIp,12
0034,LKUS_grant_new_user_coupon,tenant,12
0034,LKUS_grant_new_user_coupon,userNo,12
0034,LKUS_grant_new_user_coupon,phoneNo,12
0034,LKUS_grant_new_user_coupon,readmes,12
0034,LKUS_grant_new_user_coupon,sceneId,12
0034,LKUS_grant_new_user_coupon,version,12
0034,LKUS_grant_new_user_coupon,discounts,12
0034,LKUS_grant_new_user_coupon,userAgent,12
0034,LKUS_grant_new_user_coupon,realIpCity,12
0034,LKUS_grant_new_user_coupon,countryCode,12
0034,LKUS_grant_new_user_coupon,couponNames,12
0034,LKUS_grant_new_user_coupon,couponTypes,12
0034,LKUS_grant_new_user_coupon,fullPhoneNo,12
0034,LKUS_grant_new_user_coupon,isBindPhone,12
0034,LKUS_grant_new_user_coupon,maskPhoneNo,12
0034,LKUS_grant_new_user_coupon,templateIds,12
0034,LKUS_grant_new_user_coupon,templateNos,12
0034,LKUS_grant_new_user_coupon,phoneCountry,12
0034,LKUS_grant_new_user_coupon,registerTime,12
0034,LKUS_grant_new_user_coupon,realIpCountry,12
0034,LKUS_grant_new_user_coupon,discountLabels,12
0034,LKUS_grant_new_user_coupon,invitationCode,12
0034,LKUS_grant_new_user_coupon,realIpProvince,12
0034,LKUS_grant_new_user_coupon,phoneNoEncryption,12
0034,LKUS_grant_new_user_coupon,couponDenominations,12
0034,LKUS_grant_new_user_coupon,couponDiscountTypes,12
0034,LKUS_grant_new_user_coupon,couponDiscountSubTypes,12
0034,LKUS_grant_new_user_coupon,couponDiscountTypeNames,12
0034,LKUS_physical_order_create,app,73
0034,LKUS_physical_order_create,cid,86
0034,LKUS_physical_order_create,uid,86
0034,LKUS_physical_order_create,realIp,86
0034,LKUS_physical_order_create,shopId,86
0034,LKUS_physical_order_create,tenant,86
0034,LKUS_physical_order_create,userNo,86
0034,LKUS_physical_order_create,isGuest,86
0034,LKUS_physical_order_create,phoneNo,75
0034,LKUS_physical_order_create,version,86
0034,LKUS_physical_order_create,latitude,75
0034,LKUS_physical_order_create,couponNos,63
0034,LKUS_physical_order_create,longitude,75
0034,LKUS_physical_order_create,orderType,86
0034,LKUS_physical_order_create,taxAmount,86
0034,LKUS_physical_order_create,userAgent,86
0034,LKUS_physical_order_create,orderPrice,86
0034,LKUS_physical_order_create,realIpCity,86
0034,LKUS_physical_order_create,countryCode,86
0034,LKUS_physical_order_create,couponNames,63
0034,LKUS_physical_order_create,couponTypes,63
0034,LKUS_physical_order_create,fullPhoneNo,75
0034,LKUS_physical_order_create,shopAddress,86
0034,LKUS_physical_order_create,phoneCountry,75
0034,LKUS_physical_order_create,reviewRepeat,73
0034,LKUS_physical_order_create,shopCityName,86
0034,LKUS_physical_order_create,shopLatitude,86
0034,LKUS_physical_order_create,couponSources,63
0034,LKUS_physical_order_create,isTaxRequired,86
0034,LKUS_physical_order_create,orderSkuCodes,83
0034,LKUS_physical_order_create,orderSpuCodes,83
0034,LKUS_physical_order_create,productAmount,86
0034,LKUS_physical_order_create,realIpCountry,86
0034,LKUS_physical_order_create,shopLongitude,86
0034,LKUS_physical_order_create,realIpProvince,86
0034,LKUS_physical_order_create,recaptchaV3Token,73
0034,LKUS_physical_order_create,couponProposalNos,63
0034,LKUS_physical_order_create,couponTemplateIds,63
0034,LKUS_physical_order_create,recaptchaV3Action,73
0034,LKUS_physical_order_create,couponDenomination,63
0034,LKUS_physical_order_create,recaptchaV3Enabled,73
0034,LKUS_physical_order_create,couponDiscountTypes,63
0034,LKUS_physical_order_create,couponDiscountSubTypes,63
0034,LKUS_payment,app,76
0034,LKUS_payment,cid,92
0034,LKUS_payment,uid,92
0034,LKUS_payment,realIp,92
0034,LKUS_payment,shopId,92
0034,LKUS_payment,tenant,92
0034,LKUS_payment,userNo,92
0034,LKUS_payment,isGuest,92
0034,LKUS_payment,orderNo,92
0034,LKUS_payment,payType,92
0034,LKUS_payment,phoneNo,78
0034,LKUS_payment,version,92
0034,LKUS_payment,payMoney,92
0034,LKUS_payment,orderType,92
0034,LKUS_payment,taxAmount,92
0034,LKUS_payment,userAgent,92
0034,LKUS_payment,orderPrice,92
0034,LKUS_payment,realIpCity,92
0034,LKUS_payment,countryCode,78
0034,LKUS_payment,fullPhoneNo,78
0034,LKUS_payment,phoneCountry,78
0034,LKUS_payment,reviewRepeat,77
0034,LKUS_payment,isTaxRequired,92
0034,LKUS_payment,realIpCountry,92
0034,LKUS_payment,realIpProvince,92
0034,LKUS_payment,recaptchaV3Token,77
0034,LKUS_payment,recaptchaV3Action,77
0034,LKUS_payment,recaptchaV3Enabled,77
0034,LKUS_physical_order_create,shumeiDevId,11
0034,LKUS_physical_order_create,shumengDevId,11
0034,LKUS_physical_order_create,tongdunBlackBox,11
0034,LKUS_login,reviewRepeat,19
0034,LKUS_login,recaptchaV3Token,19
0034,LKUS_login,recaptchaV3Action,19
0034,LKUS_login,recaptchaV3Enabled,19
0034,LKUS_grant_new_user_coupon,reviewRepeat,11
0034,LKUS_grant_new_user_coupon,recaptchaV3Token,11
0034,LKUS_grant_new_user_coupon,recaptchaV3Action,11
0034,LKUS_grant_new_user_coupon,recaptchaV3Enabled,11
0034,LKUS_register,app,9
0034,LKUS_register,cid,12
0034,LKUS_register,uid,12
0034,LKUS_register,realIp,12
0034,LKUS_register,tenant,12
0034,LKUS_register,phoneNo,12
0034,LKUS_register,version,12
0034,LKUS_register,userAgent,12
0034,LKUS_register,realIpCity,12
0034,LKUS_register,countryCode,12
0034,LKUS_register,fullPhoneNo,12
0034,LKUS_register,phoneCountry,12
0034,LKUS_register,reviewRepeat,12
0034,LKUS_register,realIpCountry,12
0034,LKUS_register,realIpProvince,12
0034,LKUS_register,recaptchaV3Token,12
0034,LKUS_register,recaptchaV3Action,12
0034,LKUS_register,recaptchaV3Enabled,12
0034,LKUS_grant_new_user_coupon,inviterCode,2
0034,LKUS_grant_new_user_coupon,inviterType,2
0034,LKUS_grant_new_user_coupon,inviterPhone,2
0034,LKUS_grant_new_user_coupon,inviterUserNo,2
0034,LKUS_grant_new_user_coupon,marketingCode,2
0034,LKUS_grant_new_user_coupon,invitationActivityNo,2
0034,LKUS_physical_order_create,packageOrderSkuCodes,4
0034,LKUS_physical_order_create,packageOrderSpuCodes,4
0034,LKUS_push,userNo,1
0035,LKUS_push,app,21
0035,LKUS_push,cid,37
0035,LKUS_push,uid,37
0035,LKUS_push,realIp,37
0035,LKUS_push,tenant,37
0035,LKUS_push,phoneNo,37
0035,LKUS_push,version,37
0035,LKUS_push,userAgent,37
0035,LKUS_push,realIpCity,37
0035,LKUS_push,countryCode,37
0035,LKUS_push,fullPhoneNo,37
0035,LKUS_push,phoneCountry,37
0035,LKUS_push,reviewRepeat,31
0035,LKUS_push,realIpCountry,37
0035,LKUS_push,realIpProvince,37
0035,LKUS_push,recaptchaV3Token,30
0035,LKUS_push,recaptchaV3Action,30
0035,LKUS_push,recaptchaV3Enabled,31
0035,LKUS_register,app,8
0035,LKUS_register,cid,9
0035,LKUS_register,uid,9
0035,LKUS_register,realIp,9
0035,LKUS_register,tenant,9
0035,LKUS_register,phoneNo,9
0035,LKUS_register,version,9
0035,LKUS_register,userAgent,9
0035,LKUS_register,realIpCity,9
0035,LKUS_register,countryCode,9
0035,LKUS_register,fullPhoneNo,9
0035,LKUS_register,phoneCountry,9
0035,LKUS_register,reviewRepeat,8
0035,LKUS_register,realIpCountry,9
0035,LKUS_register,realIpProvince,9
0035,LKUS_register,recaptchaV3Token,8
0035,LKUS_register,recaptchaV3Action,8
0035,LKUS_register,recaptchaV3Enabled,8
0035,LKUS_grant_new_user_coupon,app,17
0035,LKUS_grant_new_user_coupon,cid,18
0035,LKUS_grant_new_user_coupon,uid,18
0035,LKUS_grant_new_user_coupon,type,18
0035,LKUS_grant_new_user_coupon,extend,18
0035,LKUS_grant_new_user_coupon,origin,18
0035,LKUS_grant_new_user_coupon,realIp,18
0035,LKUS_grant_new_user_coupon,tenant,18
0035,LKUS_grant_new_user_coupon,userNo,18
0035,LKUS_grant_new_user_coupon,phoneNo,18
0035,LKUS_grant_new_user_coupon,readmes,18
0035,LKUS_grant_new_user_coupon,sceneId,18
0035,LKUS_grant_new_user_coupon,version,18
0035,LKUS_grant_new_user_coupon,discounts,18
0035,LKUS_grant_new_user_coupon,userAgent,18
0035,LKUS_grant_new_user_coupon,realIpCity,18
0035,LKUS_grant_new_user_coupon,countryCode,18
0035,LKUS_grant_new_user_coupon,couponNames,18
0035,LKUS_grant_new_user_coupon,couponTypes,18
0035,LKUS_grant_new_user_coupon,fullPhoneNo,18
0035,LKUS_grant_new_user_coupon,isBindPhone,18
0035,LKUS_grant_new_user_coupon,maskPhoneNo,18
0035,LKUS_grant_new_user_coupon,templateIds,18
0035,LKUS_grant_new_user_coupon,templateNos,18
0035,LKUS_grant_new_user_coupon,phoneCountry,18
0035,LKUS_grant_new_user_coupon,registerTime,18
0035,LKUS_grant_new_user_coupon,reviewRepeat,17
0035,LKUS_grant_new_user_coupon,realIpCountry,18
0035,LKUS_grant_new_user_coupon,discountLabels,18
0035,LKUS_grant_new_user_coupon,invitationCode,18
0035,LKUS_grant_new_user_coupon,realIpProvince,18
0035,LKUS_grant_new_user_coupon,recaptchaV3Token,17
0035,LKUS_grant_new_user_coupon,phoneNoEncryption,18
0035,LKUS_grant_new_user_coupon,recaptchaV3Action,17
0035,LKUS_grant_new_user_coupon,recaptchaV3Enabled,17
0035,LKUS_grant_new_user_coupon,couponDenominations,18
0035,LKUS_grant_new_user_coupon,couponDiscountTypes,18
0035,LKUS_grant_new_user_coupon,couponDiscountSubTypes,18
0035,LKUS_grant_new_user_coupon,couponDiscountTypeNames,18
0035,LKUS_login,app,26
0035,LKUS_login,cid,28
0035,LKUS_login,uid,28
0035,LKUS_login,realIp,28
0035,LKUS_login,tenant,28
0035,LKUS_login,userNo,28
0035,LKUS_login,phoneNo,28
0035,LKUS_login,version,28
0035,LKUS_login,userAgent,28
0035,LKUS_login,realIpCity,28
0035,LKUS_login,countryCode,28
0035,LKUS_login,fullPhoneNo,28
0035,LKUS_login,phoneCountry,28
0035,LKUS_login,reviewRepeat,26
0035,LKUS_login,realIpCountry,28
0035,LKUS_login,realIpProvince,28
0035,LKUS_login,recaptchaV3Token,26
0035,LKUS_login,recaptchaV3Action,26
0035,LKUS_login,recaptchaV3Enabled,26
0035,LKUS_push,userNo,8
0035,LKUS_physical_order_create,app,85
0035,LKUS_physical_order_create,cid,98
0035,LKUS_physical_order_create,uid,98
0035,LKUS_physical_order_create,realIp,98
0035,LKUS_physical_order_create,shopId,98
0035,LKUS_physical_order_create,tenant,98
0035,LKUS_physical_order_create,userNo,98
0035,LKUS_physical_order_create,isGuest,98
0035,LKUS_physical_order_create,phoneNo,87
0035,LKUS_physical_order_create,version,98
0035,LKUS_physical_order_create,latitude,89
0035,LKUS_physical_order_create,couponNos,80
0035,LKUS_physical_order_create,longitude,89
0035,LKUS_physical_order_create,orderType,98
0035,LKUS_physical_order_create,taxAmount,98
0035,LKUS_physical_order_create,userAgent,98
0035,LKUS_physical_order_create,orderPrice,98
0035,LKUS_physical_order_create,realIpCity,98
0035,LKUS_physical_order_create,countryCode,98
0035,LKUS_physical_order_create,couponNames,80
0035,LKUS_physical_order_create,couponTypes,80
0035,LKUS_physical_order_create,fullPhoneNo,87
0035,LKUS_physical_order_create,shopAddress,98
0035,LKUS_physical_order_create,phoneCountry,87
0035,LKUS_physical_order_create,reviewRepeat,82
0035,LKUS_physical_order_create,shopCityName,98
0035,LKUS_physical_order_create,shopLatitude,98
0035,LKUS_physical_order_create,couponSources,80
0035,LKUS_physical_order_create,isTaxRequired,98
0035,LKUS_physical_order_create,orderSkuCodes,98
0035,LKUS_physical_order_create,orderSpuCodes,98
0035,LKUS_physical_order_create,productAmount,98
0035,LKUS_physical_order_create,realIpCountry,98
0035,LKUS_physical_order_create,shopLongitude,98
0035,LKUS_physical_order_create,realIpProvince,98
0035,LKUS_physical_order_create,recaptchaV3Token,82
0035,LKUS_physical_order_create,couponProposalNos,80
0035,LKUS_physical_order_create,couponTemplateIds,80
0035,LKUS_physical_order_create,recaptchaV3Action,82
0035,LKUS_physical_order_create,couponDenomination,80
0035,LKUS_physical_order_create,recaptchaV3Enabled,82
0035,LKUS_physical_order_create,couponDiscountTypes,80
0035,LKUS_physical_order_create,couponDiscountSubTypes,80
0035,LKUS_payment,app,83
0035,LKUS_payment,cid,96
0035,LKUS_payment,uid,96
0035,LKUS_payment,realIp,96
0035,LKUS_payment,shopId,96
0035,LKUS_payment,tenant,96
0035,LKUS_payment,userNo,96
0035,LKUS_payment,isGuest,96
0035,LKUS_payment,orderNo,96
0035,LKUS_payment,payType,96
0035,LKUS_payment,phoneNo,85
0035,LKUS_payment,version,96
0035,LKUS_payment,payMoney,96
0035,LKUS_payment,orderType,96
0035,LKUS_payment,taxAmount,96
0035,LKUS_payment,userAgent,96
0035,LKUS_payment,orderPrice,96
0035,LKUS_payment,realIpCity,96
0035,LKUS_payment,countryCode,85
0035,LKUS_payment,fullPhoneNo,85
0035,LKUS_payment,phoneCountry,85
0035,LKUS_payment,reviewRepeat,80
0035,LKUS_payment,isTaxRequired,96
0035,LKUS_payment,realIpCountry,96
0035,LKUS_payment,realIpProvince,96
0035,LKUS_payment,recaptchaV3Token,80
0035,LKUS_payment,recaptchaV3Action,80
0035,LKUS_payment,recaptchaV3Enabled,80
0035,LKUS_push,email,1
0035,LKUS_payment,packagingBagPrice,1
0035,LKUS_payment,packagingBagNumber,1
0035,LKUS_physical_order_create,shumeiDevId,9
0035,LKUS_physical_order_create,shumengDevId,9
0035,LKUS_physical_order_create,tongdunBlackBox,9
0035,LKUS_captcha,cid,1
0035,LKUS_captcha,uid,1
0035,LKUS_captcha,realIp,1
0035,LKUS_captcha,tenant,1
0035,LKUS_captcha,isGuest,1
0035,LKUS_captcha,phoneNo,1
0035,LKUS_captcha,version,1
0035,LKUS_captcha,eventName,1
0035,LKUS_captcha,userAgent,1
0035,LKUS_captcha,realIpCity,1
0035,LKUS_captcha,countryCode,1
0035,LKUS_captcha,fullPhoneNo,1
0035,LKUS_captcha,captchaScene,1
0035,LKUS_captcha,phoneCountry,1
0035,LKUS_captcha,reviewRepeat,1
0035,LKUS_captcha,realIpCountry,1
0035,LKUS_captcha,realIpProvince,1
0035,LKUS_captcha,verifyCodeType,1
0035,LKUS_captcha,recaptchaV2Token,1
0035,LKUS_captcha,recaptchaV3Token,1
0035,LKUS_captcha,recaptchaV3Action,1
0035,LKUS_captcha,verifyCodeTypeName,1
0036,LKUS_grant_new_user_coupon,app,8
0036,LKUS_grant_new_user_coupon,cid,8
0036,LKUS_grant_new_user_coupon,uid,8
0036,LKUS_grant_new_user_coupon,type,8
0036,LKUS_grant_new_user_coupon,extend,8
0036,LKUS_grant_new_user_coupon,origin,8
0036,LKUS_grant_new_user_coupon,realIp,8
0036,LKUS_grant_new_user_coupon,tenant,8
0036,LKUS_grant_new_user_coupon,userNo,8
0036,LKUS_grant_new_user_coupon,phoneNo,8
0036,LKUS_grant_new_user_coupon,readmes,8
0036,LKUS_grant_new_user_coupon,sceneId,8
0036,LKUS_grant_new_user_coupon,version,8
0036,LKUS_grant_new_user_coupon,discounts,8
0036,LKUS_grant_new_user_coupon,userAgent,8
0036,LKUS_grant_new_user_coupon,realIpCity,8
0036,LKUS_grant_new_user_coupon,countryCode,8
0036,LKUS_grant_new_user_coupon,couponNames,8
0036,LKUS_grant_new_user_coupon,couponTypes,8
0036,LKUS_grant_new_user_coupon,fullPhoneNo,8
0036,LKUS_grant_new_user_coupon,isBindPhone,8
0036,LKUS_grant_new_user_coupon,maskPhoneNo,8
0036,LKUS_grant_new_user_coupon,templateIds,8
0036,LKUS_grant_new_user_coupon,templateNos,8
0036,LKUS_grant_new_user_coupon,phoneCountry,8
0036,LKUS_grant_new_user_coupon,registerTime,8
0036,LKUS_grant_new_user_coupon,reviewRepeat,8
0036,LKUS_grant_new_user_coupon,realIpCountry,8
0036,LKUS_grant_new_user_coupon,discountLabels,8
0036,LKUS_grant_new_user_coupon,invitationCode,8
0036,LKUS_grant_new_user_coupon,realIpProvince,8
0036,LKUS_grant_new_user_coupon,recaptchaV3Token,8
0036,LKUS_grant_new_user_coupon,phoneNoEncryption,8
0036,LKUS_grant_new_user_coupon,recaptchaV3Action,8
0036,LKUS_grant_new_user_coupon,recaptchaV3Enabled,8
0036,LKUS_grant_new_user_coupon,couponDenominations,8
0036,LKUS_grant_new_user_coupon,couponDiscountTypes,8
0036,LKUS_grant_new_user_coupon,couponDiscountSubTypes,8
0036,LKUS_grant_new_user_coupon,couponDiscountTypeNames,8
0036,LKUS_login,app,10
0036,LKUS_login,cid,12
0036,LKUS_login,uid,12
0036,LKUS_login,realIp,12
0036,LKUS_login,tenant,12
0036,LKUS_login,userNo,12
0036,LKUS_login,phoneNo,12
0036,LKUS_login,version,12
0036,LKUS_login,userAgent,12
0036,LKUS_login,realIpCity,12
0036,LKUS_login,countryCode,12
0036,LKUS_login,fullPhoneNo,12
0036,LKUS_login,phoneCountry,12
0036,LKUS_login,reviewRepeat,11
0036,LKUS_login,realIpCountry,12
0036,LKUS_login,realIpProvince,12
0036,LKUS_login,recaptchaV3Token,11
0036,LKUS_login,recaptchaV3Action,11
0036,LKUS_login,recaptchaV3Enabled,11
0036,LKUS_push,app,23
0036,LKUS_push,cid,24
0036,LKUS_push,uid,24
0036,LKUS_push,realIp,24
0036,LKUS_push,tenant,24
0036,LKUS_push,phoneNo,24
0036,LKUS_push,version,24
0036,LKUS_push,userAgent,24
0036,LKUS_push,realIpCity,24
0036,LKUS_push,countryCode,24
0036,LKUS_push,fullPhoneNo,24
0036,LKUS_push,phoneCountry,24
0036,LKUS_push,reviewRepeat,23
0036,LKUS_push,realIpCountry,24
0036,LKUS_push,realIpProvince,24
0036,LKUS_push,recaptchaV3Token,23
0036,LKUS_push,recaptchaV3Action,23
0036,LKUS_push,recaptchaV3Enabled,23
0036,LKUS_physical_order_create,app,66
0036,LKUS_physical_order_create,cid,88
0036,LKUS_physical_order_create,uid,88
0036,LKUS_physical_order_create,realIp,88
0036,LKUS_physical_order_create,shopId,88
0036,LKUS_physical_order_create,tenant,88
0036,LKUS_physical_order_create,userNo,88
0036,LKUS_physical_order_create,isGuest,88
0036,LKUS_physical_order_create,phoneNo,67
0036,LKUS_physical_order_create,version,88
0036,LKUS_physical_order_create,latitude,66
0036,LKUS_physical_order_create,couponNos,58
0036,LKUS_physical_order_create,longitude,66
0036,LKUS_physical_order_create,orderType,88
0036,LKUS_physical_order_create,taxAmount,88
0036,LKUS_physical_order_create,userAgent,88
0036,LKUS_physical_order_create,orderPrice,87
0036,LKUS_physical_order_create,realIpCity,88
0036,LKUS_physical_order_create,countryCode,88
0036,LKUS_physical_order_create,couponNames,58
0036,LKUS_physical_order_create,couponTypes,58
0036,LKUS_physical_order_create,fullPhoneNo,67
0036,LKUS_physical_order_create,shopAddress,88
0036,LKUS_physical_order_create,phoneCountry,67
0036,LKUS_physical_order_create,reviewRepeat,63
0036,LKUS_physical_order_create,shopCityName,88
0036,LKUS_physical_order_create,shopLatitude,88
0036,LKUS_physical_order_create,couponSources,58
0036,LKUS_physical_order_create,isTaxRequired,88
0036,LKUS_physical_order_create,orderSkuCodes,83
0036,LKUS_physical_order_create,orderSpuCodes,83
0036,LKUS_physical_order_create,productAmount,88
0036,LKUS_physical_order_create,realIpCountry,88
0036,LKUS_physical_order_create,shopLongitude,88
0036,LKUS_physical_order_create,realIpProvince,88
0036,LKUS_physical_order_create,recaptchaV3Token,63
0036,LKUS_physical_order_create,couponProposalNos,58
0036,LKUS_physical_order_create,couponTemplateIds,58
0036,LKUS_physical_order_create,recaptchaV3Action,63
0036,LKUS_physical_order_create,couponDenomination,58
0036,LKUS_physical_order_create,recaptchaV3Enabled,63
0036,LKUS_physical_order_create,couponDiscountTypes,58
0036,LKUS_physical_order_create,couponDiscountSubTypes,58
0036,LKUS_payment,app,62
0036,LKUS_payment,cid,87
0036,LKUS_payment,uid,87
0036,LKUS_payment,realIp,87
0036,LKUS_payment,shopId,87
0036,LKUS_payment,tenant,87
0036,LKUS_payment,userNo,87
0036,LKUS_payment,isGuest,87
0036,LKUS_payment,orderNo,87
0036,LKUS_payment,payType,87
0036,LKUS_payment,phoneNo,63
0036,LKUS_payment,version,87
0036,LKUS_payment,payMoney,87
0036,LKUS_payment,orderType,87
0036,LKUS_payment,taxAmount,87
0036,LKUS_payment,userAgent,87
0036,LKUS_payment,orderPrice,87
0036,LKUS_payment,realIpCity,87
0036,LKUS_payment,countryCode,63
0036,LKUS_payment,fullPhoneNo,63
0036,LKUS_payment,phoneCountry,63
0036,LKUS_payment,reviewRepeat,59
0036,LKUS_payment,isTaxRequired,87
0036,LKUS_payment,realIpCountry,87
0036,LKUS_payment,realIpProvince,87
0036,LKUS_payment,recaptchaV3Token,59
0036,LKUS_payment,recaptchaV3Action,59
0036,LKUS_payment,recaptchaV3Enabled,59
0036,LKUS_register,app,4
0036,LKUS_register,cid,4
0036,LKUS_register,uid,4
0036,LKUS_register,realIp,4
0036,LKUS_register,tenant,4
0036,LKUS_register,phoneNo,4
0036,LKUS_register,version,4
0036,LKUS_register,userAgent,4
0036,LKUS_register,realIpCity,4
0036,LKUS_register,countryCode,4
0036,LKUS_register,fullPhoneNo,4
0036,LKUS_register,phoneCountry,4
0036,LKUS_register,reviewRepeat,4
0036,LKUS_register,realIpCountry,4
0036,LKUS_register,realIpProvince,4
0036,LKUS_register,recaptchaV3Token,4
0036,LKUS_register,recaptchaV3Action,4
0036,LKUS_register,recaptchaV3Enabled,4
0036,LKUS_physical_order_create,packageOrderSkuCodes,6
0036,LKUS_physical_order_create,packageOrderSpuCodes,6
0036,LKUS_physical_order_create,shumeiDevId,22
0036,LKUS_physical_order_create,shumengDevId,22
0036,LKUS_physical_order_create,tongdunBlackBox,22
0036,LKUS_payment,packagingBagPrice,4
0036,LKUS_payment,packagingBagNumber,4
0036,LKUS_physical_order_cancel,app,1
0036,LKUS_physical_order_cancel,cid,1
0036,LKUS_physical_order_cancel,uid,1
0036,LKUS_physical_order_cancel,realIp,1
0036,LKUS_physical_order_cancel,shopId,1
0036,LKUS_physical_order_cancel,tenant,1
0036,LKUS_physical_order_cancel,userNo,1
0036,LKUS_physical_order_cancel,isGuest,1
0036,LKUS_physical_order_cancel,orderNo,1
0036,LKUS_physical_order_cancel,phoneNo,1
0036,LKUS_physical_order_cancel,version,1
0036,LKUS_physical_order_cancel,shopCity,1
0036,LKUS_physical_order_cancel,userAgent,1
0036,LKUS_physical_order_cancel,realIpCity,1
0036,LKUS_physical_order_cancel,countryCode,1
0036,LKUS_physical_order_cancel,fullPhoneNo,1
0036,LKUS_physical_order_cancel,totalOfMade,1
0036,LKUS_physical_order_cancel,phoneCountry,1
0036,LKUS_physical_order_cancel,reviewRepeat,1
0036,LKUS_physical_order_cancel,realIpCountry,1
0036,LKUS_physical_order_cancel,realIpProvince,1
0036,LKUS_physical_order_cancel,recaptchaV3Token,1
0036,LKUS_physical_order_cancel,recaptchaV3Action,1
0036,LKUS_physical_order_cancel,recaptchaV3Enabled,1
0036,LKUS_physical_order_cancel,cancelTypeEnumIndex,1
0036,LKUS_push,userNo,1
0037,LKUS_push,cid,68
0037,LKUS_push,uid,68
0037,LKUS_push,realIp,68
0037,LKUS_push,tenant,68
0037,LKUS_push,phoneNo,68
0037,LKUS_push,version,68
0037,LKUS_push,userAgent,68
0037,LKUS_push,realIpCity,68
0037,LKUS_push,countryCode,68
0037,LKUS_push,fullPhoneNo,68
0037,LKUS_push,phoneCountry,68
0037,LKUS_push,reviewRepeat,66
0037,LKUS_push,realIpCountry,68
0037,LKUS_push,realIpProvince,68
0037,LKUS_push,recaptchaV3Token,65
0037,LKUS_push,recaptchaV3Action,65
0037,LKUS_push,recaptchaV3Enabled,66
0037,LKUS_captcha,cid,1
0037,LKUS_captcha,uid,1
0037,LKUS_captcha,realIp,1
0037,LKUS_captcha,tenant,1
0037,LKUS_captcha,isGuest,1
0037,LKUS_captcha,phoneNo,1
0037,LKUS_captcha,version,1
0037,LKUS_captcha,eventName,1
0037,LKUS_captcha,userAgent,1
0037,LKUS_captcha,realIpCity,1
0037,LKUS_captcha,countryCode,1
0037,LKUS_captcha,fullPhoneNo,1
0037,LKUS_captcha,captchaScene,1
0037,LKUS_captcha,phoneCountry,1
0037,LKUS_captcha,reviewRepeat,1
0037,LKUS_captcha,realIpCountry,1
0037,LKUS_captcha,realIpProvince,1
0037,LKUS_captcha,verifyCodeType,1
0037,LKUS_captcha,recaptchaV2Token,1
0037,LKUS_captcha,recaptchaV3Token,1
0037,LKUS_captcha,recaptchaV3Action,1
0037,LKUS_captcha,verifyCodeTypeName,1
0037,LKUS_push,app,44
0037,LKUS_physical_order_create,app,60
0037,LKUS_physical_order_create,cid,82
0037,LKUS_physical_order_create,uid,82
0037,LKUS_physical_order_create,realIp,82
0037,LKUS_physical_order_create,shopId,82
0037,LKUS_physical_order_create,tenant,82
0037,LKUS_physical_order_create,userNo,82
0037,LKUS_physical_order_create,isGuest,82
0037,LKUS_physical_order_create,phoneNo,63
0037,LKUS_physical_order_create,version,82
0037,LKUS_physical_order_create,latitude,65
0037,LKUS_physical_order_create,couponNos,57
0037,LKUS_physical_order_create,longitude,65
0037,LKUS_physical_order_create,orderType,82
0037,LKUS_physical_order_create,taxAmount,82
0037,LKUS_physical_order_create,userAgent,82
0037,LKUS_physical_order_create,orderPrice,81
0037,LKUS_physical_order_create,realIpCity,82
0037,LKUS_physical_order_create,countryCode,82
0037,LKUS_physical_order_create,couponNames,57
0037,LKUS_physical_order_create,couponTypes,57
0037,LKUS_physical_order_create,fullPhoneNo,63
0037,LKUS_physical_order_create,shopAddress,82
0037,LKUS_physical_order_create,phoneCountry,63
0037,LKUS_physical_order_create,shopCityName,82
0037,LKUS_physical_order_create,shopLatitude,82
0037,LKUS_physical_order_create,couponSources,57
0037,LKUS_physical_order_create,isTaxRequired,82
0037,LKUS_physical_order_create,orderSkuCodes,79
0037,LKUS_physical_order_create,orderSpuCodes,79
0037,LKUS_physical_order_create,productAmount,82
0037,LKUS_physical_order_create,realIpCountry,82
0037,LKUS_physical_order_create,shopLongitude,82
0037,LKUS_physical_order_create,realIpProvince,82
0037,LKUS_physical_order_create,couponProposalNos,57
0037,LKUS_physical_order_create,couponTemplateIds,57
0037,LKUS_physical_order_create,couponDenomination,57
0037,LKUS_physical_order_create,couponDiscountTypes,57
0037,LKUS_physical_order_create,couponDiscountSubTypes,57
0037,LKUS_payment,app,64
0037,LKUS_payment,cid,87
0037,LKUS_payment,uid,87
0037,LKUS_payment,realIp,87
0037,LKUS_payment,shopId,87
0037,LKUS_payment,tenant,87
0037,LKUS_payment,userNo,87
0037,LKUS_payment,isGuest,87
0037,LKUS_payment,orderNo,87
0037,LKUS_payment,payType,87
0037,LKUS_payment,phoneNo,67
0037,LKUS_payment,version,87
0037,LKUS_payment,payMoney,87
0037,LKUS_payment,orderType,87
0037,LKUS_payment,taxAmount,87
0037,LKUS_payment,userAgent,87
0037,LKUS_payment,orderPrice,87
0037,LKUS_payment,realIpCity,87
0037,LKUS_payment,countryCode,67
0037,LKUS_payment,fullPhoneNo,67
0037,LKUS_payment,phoneCountry,67
0037,LKUS_payment,isTaxRequired,87
0037,LKUS_payment,realIpCountry,87
0037,LKUS_payment,realIpProvince,87
0037,LKUS_physical_order_create,reviewRepeat,64
0037,LKUS_physical_order_create,recaptchaV3Token,64
0037,LKUS_physical_order_create,recaptchaV3Action,64
0037,LKUS_physical_order_create,recaptchaV3Enabled,64
0037,LKUS_payment,reviewRepeat,68
0037,LKUS_payment,recaptchaV3Token,67
0037,LKUS_payment,recaptchaV3Action,67
0037,LKUS_payment,recaptchaV3Enabled,68
0037,LKUS_physical_order_create,packageOrderSkuCodes,3
0037,LKUS_physical_order_create,packageOrderSpuCodes,3
0037,LKUS_physical_order_create,shumeiDevId,17
0037,LKUS_physical_order_create,shumengDevId,17
0037,LKUS_physical_order_create,tongdunBlackBox,17
0037,LKUS_login,cid,11
0037,LKUS_login,uid,11
0037,LKUS_login,realIp,11
0037,LKUS_login,tenant,11
0037,LKUS_login,userNo,11
0037,LKUS_login,phoneNo,11
0037,LKUS_login,version,11
0037,LKUS_login,userAgent,11
0037,LKUS_login,realIpCity,11
0037,LKUS_login,countryCode,11
0037,LKUS_login,fullPhoneNo,11
0037,LKUS_login,phoneCountry,11
0037,LKUS_login,reviewRepeat,11
0037,LKUS_login,realIpCountry,11
0037,LKUS_login,realIpProvince,11
0037,LKUS_login,recaptchaV3Token,11
0037,LKUS_login,recaptchaV3Action,11
0037,LKUS_login,recaptchaV3Enabled,11
0037,LKUS_grant_new_user_coupon,cid,6
0037,LKUS_grant_new_user_coupon,uid,6
0037,LKUS_grant_new_user_coupon,type,6
0037,LKUS_grant_new_user_coupon,extend,6
0037,LKUS_grant_new_user_coupon,origin,6
0037,LKUS_grant_new_user_coupon,realIp,6
0037,LKUS_grant_new_user_coupon,tenant,6
0037,LKUS_grant_new_user_coupon,userNo,6
0037,LKUS_grant_new_user_coupon,phoneNo,6
0037,LKUS_grant_new_user_coupon,readmes,6
0037,LKUS_grant_new_user_coupon,sceneId,6
0037,LKUS_grant_new_user_coupon,version,6
0037,LKUS_grant_new_user_coupon,discounts,6
0037,LKUS_grant_new_user_coupon,userAgent,6
0037,LKUS_grant_new_user_coupon,realIpCity,6
0037,LKUS_grant_new_user_coupon,countryCode,6
0037,LKUS_grant_new_user_coupon,couponNames,6
0037,LKUS_grant_new_user_coupon,couponTypes,6
0037,LKUS_grant_new_user_coupon,fullPhoneNo,6
0037,LKUS_grant_new_user_coupon,isBindPhone,6
0037,LKUS_grant_new_user_coupon,maskPhoneNo,6
0037,LKUS_grant_new_user_coupon,templateIds,6
0037,LKUS_grant_new_user_coupon,templateNos,6
0037,LKUS_grant_new_user_coupon,phoneCountry,6
0037,LKUS_grant_new_user_coupon,registerTime,6
0037,LKUS_grant_new_user_coupon,reviewRepeat,6
0037,LKUS_grant_new_user_coupon,realIpCountry,6
0037,LKUS_grant_new_user_coupon,discountLabels,6
0037,LKUS_grant_new_user_coupon,invitationCode,6
0037,LKUS_grant_new_user_coupon,realIpProvince,6
0037,LKUS_grant_new_user_coupon,recaptchaV3Token,6
0037,LKUS_grant_new_user_coupon,phoneNoEncryption,6
0037,LKUS_grant_new_user_coupon,recaptchaV3Action,6
0037,LKUS_grant_new_user_coupon,recaptchaV3Enabled,6
0037,LKUS_grant_new_user_coupon,couponDenominations,6
0037,LKUS_grant_new_user_coupon,couponDiscountTypes,6
0037,LKUS_grant_new_user_coupon,couponDiscountSubTypes,6
0037,LKUS_grant_new_user_coupon,couponDiscountTypeNames,6
0037,LKUS_login,app,8
0037,LKUS_register,app,5
0037,LKUS_register,cid,5
0037,LKUS_register,uid,5
0037,LKUS_register,realIp,5
0037,LKUS_register,tenant,5
0037,LKUS_register,phoneNo,5
0037,LKUS_register,version,5
0037,LKUS_register,userAgent,5
0037,LKUS_register,realIpCity,5
0037,LKUS_register,countryCode,5
0037,LKUS_register,fullPhoneNo,5
0037,LKUS_register,phoneCountry,5
0037,LKUS_register,reviewRepeat,5
0037,LKUS_register,realIpCountry,5
0037,LKUS_register,realIpProvince,5
0037,LKUS_register,recaptchaV3Token,5
0037,LKUS_register,recaptchaV3Action,5
0037,LKUS_register,recaptchaV3Enabled,5
0037,LKUS_grant_new_user_coupon,app,5
0037,LKUS_push,userNo,1
0037,LKUS_payment,packagingBagPrice,1
0037,LKUS_payment,packagingBagNumber,1
0038,LKUS_push,app,30
0038,LKUS_push,cid,34
0038,LKUS_push,uid,34
0038,LKUS_push,realIp,34
0038,LKUS_push,tenant,34
0038,LKUS_push,phoneNo,34
0038,LKUS_push,version,34
0038,LKUS_push,userAgent,34
0038,LKUS_push,realIpCity,34
0038,LKUS_push,countryCode,34
0038,LKUS_push,fullPhoneNo,34
0038,LKUS_push,phoneCountry,34
0038,LKUS_push,reviewRepeat,32
0038,LKUS_push,realIpCountry,34
0038,LKUS_push,realIpProvince,34
0038,LKUS_push,recaptchaV3Token,31
0038,LKUS_push,recaptchaV3Action,31
0038,LKUS_push,recaptchaV3Enabled,32
0038,LKUS_physical_order_create,app,71
0038,LKUS_physical_order_create,cid,86
0038,LKUS_physical_order_create,uid,86
0038,LKUS_physical_order_create,realIp,86
0038,LKUS_physical_order_create,shopId,86
0038,LKUS_physical_order_create,tenant,86
0038,LKUS_physical_order_create,userNo,86
0038,LKUS_physical_order_create,isGuest,86
0038,LKUS_physical_order_create,phoneNo,75
0038,LKUS_physical_order_create,version,86
0038,LKUS_physical_order_create,latitude,74
0038,LKUS_physical_order_create,couponNos,66
0038,LKUS_physical_order_create,longitude,74
0038,LKUS_physical_order_create,orderType,86
0038,LKUS_physical_order_create,taxAmount,86
0038,LKUS_physical_order_create,userAgent,86
0038,LKUS_physical_order_create,orderPrice,86
0038,LKUS_physical_order_create,realIpCity,86
0038,LKUS_physical_order_create,countryCode,86
0038,LKUS_physical_order_create,couponNames,66
0038,LKUS_physical_order_create,couponTypes,66
0038,LKUS_physical_order_create,fullPhoneNo,75
0038,LKUS_physical_order_create,shopAddress,86
0038,LKUS_physical_order_create,phoneCountry,75
0038,LKUS_physical_order_create,reviewRepeat,69
0038,LKUS_physical_order_create,shopCityName,86
0038,LKUS_physical_order_create,shopLatitude,86
0038,LKUS_physical_order_create,couponSources,66
0038,LKUS_physical_order_create,isTaxRequired,86
0038,LKUS_physical_order_create,orderSkuCodes,80
0038,LKUS_physical_order_create,orderSpuCodes,80
0038,LKUS_physical_order_create,productAmount,86
0038,LKUS_physical_order_create,realIpCountry,86
0038,LKUS_physical_order_create,shopLongitude,86
0038,LKUS_physical_order_create,realIpProvince,86
0038,LKUS_physical_order_create,recaptchaV3Token,69
0038,LKUS_physical_order_create,couponProposalNos,66
0038,LKUS_physical_order_create,couponTemplateIds,66
0038,LKUS_physical_order_create,recaptchaV3Action,69
0038,LKUS_physical_order_create,couponDenomination,66
0038,LKUS_physical_order_create,recaptchaV3Enabled,69
0038,LKUS_physical_order_create,couponDiscountTypes,66
0038,LKUS_physical_order_create,couponDiscountSubTypes,66
0038,LKUS_payment,app,72
0038,LKUS_payment,cid,87
0038,LKUS_payment,uid,87
0038,LKUS_payment,realIp,87
0038,LKUS_payment,shopId,87
0038,LKUS_payment,tenant,87
0038,LKUS_payment,userNo,87
0038,LKUS_payment,isGuest,87
0038,LKUS_payment,orderNo,87
0038,LKUS_payment,payType,87
0038,LKUS_payment,phoneNo,76
0038,LKUS_payment,version,87
0038,LKUS_payment,payMoney,87
0038,LKUS_payment,orderType,87
0038,LKUS_payment,taxAmount,87
0038,LKUS_payment,userAgent,87
0038,LKUS_payment,orderPrice,87
0038,LKUS_payment,realIpCity,87
0038,LKUS_payment,countryCode,76
0038,LKUS_payment,fullPhoneNo,76
0038,LKUS_payment,phoneCountry,76
0038,LKUS_payment,reviewRepeat,70
0038,LKUS_payment,isTaxRequired,87
0038,LKUS_payment,realIpCountry,87
0038,LKUS_payment,realIpProvince,87
0038,LKUS_payment,recaptchaV3Token,70
0038,LKUS_payment,packagingBagPrice,6
0038,LKUS_payment,recaptchaV3Action,70
0038,LKUS_payment,packagingBagNumber,6
0038,LKUS_payment,recaptchaV3Enabled,70
0038,LKUS_login,app,11
0038,LKUS_login,cid,16
0038,LKUS_login,uid,16
0038,LKUS_login,realIp,16
0038,LKUS_login,tenant,16
0038,LKUS_login,userNo,16
0038,LKUS_login,phoneNo,16
0038,LKUS_login,version,16
0038,LKUS_login,userAgent,16
0038,LKUS_login,realIpCity,16
0038,LKUS_login,countryCode,16
0038,LKUS_login,fullPhoneNo,16
0038,LKUS_login,phoneCountry,16
0038,LKUS_login,reviewRepeat,15
0038,LKUS_login,realIpCountry,16
0038,LKUS_login,realIpProvince,16
0038,LKUS_login,recaptchaV3Token,15
0038,LKUS_login,recaptchaV3Action,15
0038,LKUS_login,recaptchaV3Enabled,15
0038,LKUS_grant_new_user_coupon,app,5
0038,LKUS_grant_new_user_coupon,cid,8
0038,LKUS_grant_new_user_coupon,uid,8
0038,LKUS_grant_new_user_coupon,type,8
0038,LKUS_grant_new_user_coupon,extend,8
0038,LKUS_grant_new_user_coupon,origin,8
0038,LKUS_grant_new_user_coupon,realIp,8
0038,LKUS_grant_new_user_coupon,tenant,8
0038,LKUS_grant_new_user_coupon,userNo,8
0038,LKUS_grant_new_user_coupon,phoneNo,8
0038,LKUS_grant_new_user_coupon,readmes,8
0038,LKUS_grant_new_user_coupon,sceneId,8
0038,LKUS_grant_new_user_coupon,version,8
0038,LKUS_grant_new_user_coupon,discounts,8
0038,LKUS_grant_new_user_coupon,userAgent,8
0038,LKUS_grant_new_user_coupon,realIpCity,8
0038,LKUS_grant_new_user_coupon,countryCode,8
0038,LKUS_grant_new_user_coupon,couponNames,8
0038,LKUS_grant_new_user_coupon,couponTypes,8
0038,LKUS_grant_new_user_coupon,fullPhoneNo,8
0038,LKUS_grant_new_user_coupon,isBindPhone,8
0038,LKUS_grant_new_user_coupon,maskPhoneNo,8
0038,LKUS_grant_new_user_coupon,templateIds,8
0038,LKUS_grant_new_user_coupon,templateNos,8
0038,LKUS_grant_new_user_coupon,phoneCountry,8
0038,LKUS_grant_new_user_coupon,registerTime,8
0038,LKUS_grant_new_user_coupon,reviewRepeat,8
0038,LKUS_grant_new_user_coupon,realIpCountry,8
0038,LKUS_grant_new_user_coupon,discountLabels,8
0038,LKUS_grant_new_user_coupon,invitationCode,8
0038,LKUS_grant_new_user_coupon,realIpProvince,8
0038,LKUS_grant_new_user_coupon,recaptchaV3Token,8
0038,LKUS_grant_new_user_coupon,phoneNoEncryption,8
0038,LKUS_grant_new_user_coupon,recaptchaV3Action,8
0038,LKUS_grant_new_user_coupon,recaptchaV3Enabled,8
0038,LKUS_grant_new_user_coupon,couponDenominations,8
0038,LKUS_grant_new_user_coupon,couponDiscountTypes,8
0038,LKUS_grant_new_user_coupon,couponDiscountSubTypes,8
0038,LKUS_grant_new_user_coupon,couponDiscountTypeNames,8
0038,LKUS_physical_order_create,packageOrderSkuCodes,6
0038,LKUS_physical_order_create,packageOrderSpuCodes,6
0038,LKUS_physical_order_create,shumeiDevId,12
0038,LKUS_physical_order_create,shumengDevId,12
0038,LKUS_physical_order_create,tongdunBlackBox,12
0038,LKUS_register,app,9
0038,LKUS_register,cid,10
0038,LKUS_register,uid,10
0038,LKUS_register,realIp,10
0038,LKUS_register,tenant,10
0038,LKUS_register,phoneNo,10
0038,LKUS_register,version,10
0038,LKUS_register,userAgent,10
0038,LKUS_register,realIpCity,10
0038,LKUS_register,countryCode,10
0038,LKUS_register,fullPhoneNo,10
0038,LKUS_register,phoneCountry,10
0038,LKUS_register,reviewRepeat,10
0038,LKUS_register,realIpCountry,10
0038,LKUS_register,realIpProvince,10
0038,LKUS_register,recaptchaV3Token,10
0038,LKUS_register,recaptchaV3Action,10
0038,LKUS_register,recaptchaV3Enabled,10
0038,LKUS_captcha,cid,1
0038,LKUS_captcha,uid,1
0038,LKUS_captcha,realIp,1
0038,LKUS_captcha,tenant,1
0038,LKUS_captcha,isGuest,1
0038,LKUS_captcha,phoneNo,1
0038,LKUS_captcha,version,1
0038,LKUS_captcha,eventName,1
0038,LKUS_captcha,userAgent,1
0038,LKUS_captcha,realIpCity,1
0038,LKUS_captcha,countryCode,1
0038,LKUS_captcha,fullPhoneNo,1
0038,LKUS_captcha,captchaScene,1
0038,LKUS_captcha,phoneCountry,1
0038,LKUS_captcha,reviewRepeat,1
0038,LKUS_captcha,realIpCountry,1
0038,LKUS_captcha,realIpProvince,1
0038,LKUS_captcha,verifyCodeType,1
0038,LKUS_captcha,recaptchaV2Token,1
0038,LKUS_captcha,recaptchaV3Token,1
0038,LKUS_captcha,recaptchaV3Action,1
0038,LKUS_captcha,verifyCodeTypeName,1
0038,LKUS_grant_new_user_coupon,inviterCode,1
0038,LKUS_grant_new_user_coupon,inviterType,1
0038,LKUS_grant_new_user_coupon,inviterPhone,1
0038,LKUS_grant_new_user_coupon,inviterUserNo,1
0038,LKUS_grant_new_user_coupon,marketingCode,1
0038,LKUS_grant_new_user_coupon,invitationActivityNo,1
0038,LKUS_push,userNo,2
0039,LKUS_push,app,39
0039,LKUS_push,cid,46
0039,LKUS_push,uid,46
0039,LKUS_push,realIp,46
0039,LKUS_push,tenant,46
0039,LKUS_push,phoneNo,46
0039,LKUS_push,version,46
0039,LKUS_push,userAgent,46
0039,LKUS_push,realIpCity,46
0039,LKUS_push,countryCode,46
0039,LKUS_push,fullPhoneNo,46
0039,LKUS_push,phoneCountry,46
0039,LKUS_push,reviewRepeat,40
0039,LKUS_push,realIpCountry,46
0039,LKUS_push,realIpProvince,46
0039,LKUS_push,recaptchaV3Token,40
0039,LKUS_push,recaptchaV3Action,40
0039,LKUS_push,recaptchaV3Enabled,40
0039,LKUS_login,app,16
0039,LKUS_login,cid,20
0039,LKUS_login,uid,20
0039,LKUS_login,realIp,20
0039,LKUS_login,tenant,20
0039,LKUS_login,userNo,20
0039,LKUS_login,phoneNo,20
0039,LKUS_login,version,20
0039,LKUS_login,userAgent,20
0039,LKUS_login,realIpCity,20
0039,LKUS_login,countryCode,20
0039,LKUS_login,fullPhoneNo,20
0039,LKUS_login,phoneCountry,20
0039,LKUS_login,reviewRepeat,19
0039,LKUS_login,realIpCountry,20
0039,LKUS_login,realIpProvince,20
0039,LKUS_login,recaptchaV3Token,19
0039,LKUS_login,recaptchaV3Action,19
0039,LKUS_login,recaptchaV3Enabled,19
0039,LKUS_payment,app,94
0039,LKUS_payment,cid,105
0039,LKUS_payment,uid,105
0039,LKUS_payment,realIp,105
0039,LKUS_payment,shopId,105
0039,LKUS_payment,tenant,105
0039,LKUS_payment,userNo,105
0039,LKUS_payment,isGuest,105
0039,LKUS_payment,orderNo,105
0039,LKUS_payment,payType,105
0039,LKUS_payment,phoneNo,98
0039,LKUS_payment,version,105
0039,LKUS_payment,payMoney,105
0039,LKUS_payment,orderType,105
0039,LKUS_payment,taxAmount,105
0039,LKUS_payment,userAgent,105
0039,LKUS_payment,orderPrice,105
0039,LKUS_payment,realIpCity,105
0039,LKUS_payment,countryCode,98
0039,LKUS_payment,fullPhoneNo,98
0039,LKUS_payment,phoneCountry,98
0039,LKUS_payment,reviewRepeat,96
0039,LKUS_payment,isTaxRequired,105
0039,LKUS_payment,realIpCountry,105
0039,LKUS_payment,realIpProvince,105
0039,LKUS_payment,recaptchaV3Token,96
0039,LKUS_payment,recaptchaV3Action,96
0039,LKUS_payment,recaptchaV3Enabled,96
0039,LKUS_physical_order_create,app,96
0039,LKUS_physical_order_create,cid,107
0039,LKUS_physical_order_create,uid,107
0039,LKUS_physical_order_create,realIp,107
0039,LKUS_physical_order_create,shopId,107
0039,LKUS_physical_order_create,tenant,107
0039,LKUS_physical_order_create,userNo,107
0039,LKUS_physical_order_create,isGuest,107
0039,LKUS_physical_order_create,phoneNo,100
0039,LKUS_physical_order_create,version,107
0039,LKUS_physical_order_create,latitude,99
0039,LKUS_physical_order_create,couponNos,88
0039,LKUS_physical_order_create,longitude,99
0039,LKUS_physical_order_create,orderType,107
0039,LKUS_physical_order_create,taxAmount,107
0039,LKUS_physical_order_create,userAgent,107
0039,LKUS_physical_order_create,orderPrice,107
0039,LKUS_physical_order_create,realIpCity,107
0039,LKUS_physical_order_create,countryCode,107
0039,LKUS_physical_order_create,couponNames,88
0039,LKUS_physical_order_create,couponTypes,88
0039,LKUS_physical_order_create,fullPhoneNo,100
0039,LKUS_physical_order_create,shopAddress,107
0039,LKUS_physical_order_create,phoneCountry,100
0039,LKUS_physical_order_create,reviewRepeat,98
0039,LKUS_physical_order_create,shopCityName,107
0039,LKUS_physical_order_create,shopLatitude,107
0039,LKUS_physical_order_create,couponSources,88
0039,LKUS_physical_order_create,isTaxRequired,107
0039,LKUS_physical_order_create,orderSkuCodes,107
0039,LKUS_physical_order_create,orderSpuCodes,107
0039,LKUS_physical_order_create,productAmount,107
0039,LKUS_physical_order_create,realIpCountry,107
0039,LKUS_physical_order_create,shopLongitude,107
0039,LKUS_physical_order_create,realIpProvince,107
0039,LKUS_physical_order_create,recaptchaV3Token,98
0039,LKUS_physical_order_create,couponProposalNos,88
0039,LKUS_physical_order_create,couponTemplateIds,88
0039,LKUS_physical_order_create,recaptchaV3Action,98
0039,LKUS_physical_order_create,couponDenomination,88
0039,LKUS_physical_order_create,recaptchaV3Enabled,98
0039,LKUS_physical_order_create,couponDiscountTypes,88
0039,LKUS_physical_order_create,couponDiscountSubTypes,88
0039,LKUS_physical_order_create,shumeiDevId,8
0039,LKUS_physical_order_create,shumengDevId,8
0039,LKUS_physical_order_create,tongdunBlackBox,8
0039,LKUS_grant_new_user_coupon,app,6
0039,LKUS_grant_new_user_coupon,cid,8
0039,LKUS_grant_new_user_coupon,uid,8
0039,LKUS_grant_new_user_coupon,type,8
0039,LKUS_grant_new_user_coupon,extend,8
0039,LKUS_grant_new_user_coupon,origin,8
0039,LKUS_grant_new_user_coupon,realIp,8
0039,LKUS_grant_new_user_coupon,tenant,8
0039,LKUS_grant_new_user_coupon,userNo,8
0039,LKUS_grant_new_user_coupon,phoneNo,8
0039,LKUS_grant_new_user_coupon,readmes,8
0039,LKUS_grant_new_user_coupon,sceneId,8
0039,LKUS_grant_new_user_coupon,version,8
0039,LKUS_grant_new_user_coupon,discounts,8
0039,LKUS_grant_new_user_coupon,userAgent,8
0039,LKUS_grant_new_user_coupon,realIpCity,8
0039,LKUS_grant_new_user_coupon,countryCode,8
0039,LKUS_grant_new_user_coupon,couponNames,8
0039,LKUS_grant_new_user_coupon,couponTypes,8
0039,LKUS_grant_new_user_coupon,fullPhoneNo,8
0039,LKUS_grant_new_user_coupon,isBindPhone,8
0039,LKUS_grant_new_user_coupon,maskPhoneNo,8
0039,LKUS_grant_new_user_coupon,templateIds,8
0039,LKUS_grant_new_user_coupon,templateNos,8
0039,LKUS_grant_new_user_coupon,phoneCountry,8
0039,LKUS_grant_new_user_coupon,registerTime,8
0039,LKUS_grant_new_user_coupon,reviewRepeat,8
0039,LKUS_grant_new_user_coupon,realIpCountry,8
0039,LKUS_grant_new_user_coupon,discountLabels,8
0039,LKUS_grant_new_user_coupon,invitationCode,8
0039,LKUS_grant_new_user_coupon,realIpProvince,8
0039,LKUS_grant_new_user_coupon,recaptchaV3Token,8
0039,LKUS_grant_new_user_coupon,phoneNoEncryption,8
0039,LKUS_grant_new_user_coupon,recaptchaV3Action,8
0039,LKUS_grant_new_user_coupon,recaptchaV3Enabled,8
0039,LKUS_grant_new_user_coupon,couponDenominations,8
0039,LKUS_grant_new_user_coupon,couponDiscountTypes,8
0039,LKUS_grant_new_user_coupon,couponDiscountSubTypes,8
0039,LKUS_grant_new_user_coupon,couponDiscountTypeNames,8
0039,LKUS_register,cid,5
0039,LKUS_register,uid,5
0039,LKUS_register,realIp,5
0039,LKUS_register,tenant,5
0039,LKUS_register,phoneNo,5
0039,LKUS_register,version,5
0039,LKUS_register,userAgent,5
0039,LKUS_register,realIpCity,5
0039,LKUS_register,countryCode,5
0039,LKUS_register,fullPhoneNo,5
0039,LKUS_register,phoneCountry,5
0039,LKUS_register,reviewRepeat,4
0039,LKUS_register,realIpCountry,5
0039,LKUS_register,realIpProvince,5
0039,LKUS_register,recaptchaV3Token,4
0039,LKUS_register,recaptchaV3Action,4
0039,LKUS_register,recaptchaV3Enabled,4
0039,LKUS_push,userNo,3
0039,LKUS_register,app,3
0039,LKUS_grant_new_user_coupon,inviterCode,1
0039,LKUS_grant_new_user_coupon,inviterType,1
0039,LKUS_grant_new_user_coupon,inviterPhone,1
0039,LKUS_grant_new_user_coupon,inviterUserNo,1
0039,LKUS_grant_new_user_coupon,marketingCode,1
0039,LKUS_grant_new_user_coupon,invitationActivityNo,1
0039,LKUS_payment,packagingBagPrice,1
0039,LKUS_payment,packagingBagNumber,1
0040,LKUS_push,app,37
0040,LKUS_push,cid,47
0040,LKUS_push,uid,47
0040,LKUS_push,realIp,47
0040,LKUS_push,tenant,47
0040,LKUS_push,phoneNo,47
0040,LKUS_push,version,47
0040,LKUS_push,userAgent,47
0040,LKUS_push,realIpCity,47
0040,LKUS_push,countryCode,47
0040,LKUS_push,fullPhoneNo,47
0040,LKUS_push,phoneCountry,47
0040,LKUS_push,reviewRepeat,43
0040,LKUS_push,realIpCountry,47
0040,LKUS_push,realIpProvince,47
0040,LKUS_push,recaptchaV3Token,42
0040,LKUS_push,recaptchaV3Action,42
0040,LKUS_push,recaptchaV3Enabled,43
0040,LKUS_register,app,9
0040,LKUS_register,cid,11
0040,LKUS_register,uid,11
0040,LKUS_register,realIp,11
0040,LKUS_register,tenant,11
0040,LKUS_register,phoneNo,11
0040,LKUS_register,version,11
0040,LKUS_register,userAgent,11
0040,LKUS_register,realIpCity,11
0040,LKUS_register,countryCode,11
0040,LKUS_register,fullPhoneNo,11
0040,LKUS_register,phoneCountry,11
0040,LKUS_register,reviewRepeat,9
0040,LKUS_register,realIpCountry,11
0040,LKUS_register,realIpProvince,11
0040,LKUS_register,recaptchaV3Token,9
0040,LKUS_register,recaptchaV3Action,9
0040,LKUS_register,recaptchaV3Enabled,9
0040,LKUS_physical_order_create,cid,95
0040,LKUS_physical_order_create,uid,95
0040,LKUS_physical_order_create,realIp,95
0040,LKUS_physical_order_create,shopId,95
0040,LKUS_physical_order_create,tenant,95
0040,LKUS_physical_order_create,userNo,95
0040,LKUS_physical_order_create,isGuest,95
0040,LKUS_physical_order_create,version,95
0040,LKUS_physical_order_create,orderType,95
0040,LKUS_physical_order_create,taxAmount,95
0040,LKUS_physical_order_create,userAgent,95
0040,LKUS_physical_order_create,orderPrice,94
0040,LKUS_physical_order_create,realIpCity,95
0040,LKUS_physical_order_create,countryCode,95
0040,LKUS_physical_order_create,shopAddress,95
0040,LKUS_physical_order_create,shumeiDevId,16
0040,LKUS_physical_order_create,shopCityName,95
0040,LKUS_physical_order_create,shopLatitude,95
0040,LKUS_physical_order_create,shumengDevId,16
0040,LKUS_physical_order_create,isTaxRequired,95
0040,LKUS_physical_order_create,orderSkuCodes,88
0040,LKUS_physical_order_create,orderSpuCodes,88
0040,LKUS_physical_order_create,productAmount,95
0040,LKUS_physical_order_create,realIpCountry,95
0040,LKUS_physical_order_create,shopLongitude,95
0040,LKUS_physical_order_create,realIpProvince,95
0040,LKUS_physical_order_create,tongdunBlackBox,16
0040,LKUS_payment,cid,97
0040,LKUS_payment,uid,97
0040,LKUS_payment,realIp,97
0040,LKUS_payment,shopId,97
0040,LKUS_payment,tenant,97
0040,LKUS_payment,userNo,97
0040,LKUS_payment,isGuest,97
0040,LKUS_payment,orderNo,97
0040,LKUS_payment,payType,97
0040,LKUS_payment,version,97
0040,LKUS_payment,payMoney,97
0040,LKUS_payment,orderType,97
0040,LKUS_payment,taxAmount,97
0040,LKUS_payment,userAgent,97
0040,LKUS_payment,orderPrice,97
0040,LKUS_payment,realIpCity,97
0040,LKUS_payment,isTaxRequired,97
0040,LKUS_payment,realIpCountry,97
0040,LKUS_payment,realIpProvince,97
0040,LKUS_physical_order_create,app,78
0040,LKUS_physical_order_create,phoneNo,79
0040,LKUS_physical_order_create,latitude,79
0040,LKUS_physical_order_create,couponNos,67
0040,LKUS_physical_order_create,longitude,79
0040,LKUS_physical_order_create,couponNames,67
0040,LKUS_physical_order_create,couponTypes,67
0040,LKUS_physical_order_create,fullPhoneNo,79
0040,LKUS_physical_order_create,phoneCountry,79
0040,LKUS_physical_order_create,reviewRepeat,76
0040,LKUS_physical_order_create,couponSources,67
0040,LKUS_physical_order_create,recaptchaV3Token,76
0040,LKUS_physical_order_create,couponProposalNos,67
0040,LKUS_physical_order_create,couponTemplateIds,67
0040,LKUS_physical_order_create,recaptchaV3Action,76
0040,LKUS_physical_order_create,couponDenomination,67
0040,LKUS_physical_order_create,recaptchaV3Enabled,76
0040,LKUS_physical_order_create,couponDiscountTypes,67
0040,LKUS_physical_order_create,couponDiscountSubTypes,67
0040,LKUS_payment,app,79
0040,LKUS_payment,phoneNo,80
0040,LKUS_payment,countryCode,80
0040,LKUS_payment,fullPhoneNo,80
0040,LKUS_payment,phoneCountry,80
0040,LKUS_payment,reviewRepeat,77
0040,LKUS_payment,recaptchaV3Token,77
0040,LKUS_payment,recaptchaV3Action,77
0040,LKUS_payment,recaptchaV3Enabled,77
0040,LKUS_payment,packagingBagPrice,4
0040,LKUS_payment,packagingBagNumber,4
0040,LKUS_login,app,15
0040,LKUS_login,cid,20
0040,LKUS_login,uid,20
0040,LKUS_login,realIp,20
0040,LKUS_login,tenant,20
0040,LKUS_login,userNo,20
0040,LKUS_login,phoneNo,20
0040,LKUS_login,version,20
0040,LKUS_login,userAgent,20
0040,LKUS_login,realIpCity,20
0040,LKUS_login,countryCode,20
0040,LKUS_login,fullPhoneNo,20
0040,LKUS_login,phoneCountry,20
0040,LKUS_login,reviewRepeat,19
0040,LKUS_login,realIpCountry,20
0040,LKUS_login,realIpProvince,20
0040,LKUS_login,recaptchaV3Token,19
0040,LKUS_login,recaptchaV3Action,19
0040,LKUS_login,recaptchaV3Enabled,19
0040,LKUS_grant_new_user_coupon,cid,14
0040,LKUS_grant_new_user_coupon,uid,14
0040,LKUS_grant_new_user_coupon,type,14
0040,LKUS_grant_new_user_coupon,extend,14
0040,LKUS_grant_new_user_coupon,origin,14
0040,LKUS_grant_new_user_coupon,realIp,14
0040,LKUS_grant_new_user_coupon,tenant,14
0040,LKUS_grant_new_user_coupon,userNo,14
0040,LKUS_grant_new_user_coupon,phoneNo,14
0040,LKUS_grant_new_user_coupon,readmes,14
0040,LKUS_grant_new_user_coupon,sceneId,14
0040,LKUS_grant_new_user_coupon,version,14
0040,LKUS_grant_new_user_coupon,discounts,14
0040,LKUS_grant_new_user_coupon,userAgent,14
0040,LKUS_grant_new_user_coupon,realIpCity,14
0040,LKUS_grant_new_user_coupon,countryCode,14
0040,LKUS_grant_new_user_coupon,couponNames,14
0040,LKUS_grant_new_user_coupon,couponTypes,14
0040,LKUS_grant_new_user_coupon,fullPhoneNo,14
0040,LKUS_grant_new_user_coupon,isBindPhone,14
0040,LKUS_grant_new_user_coupon,maskPhoneNo,14
0040,LKUS_grant_new_user_coupon,templateIds,14
0040,LKUS_grant_new_user_coupon,templateNos,14
0040,LKUS_grant_new_user_coupon,phoneCountry,14
0040,LKUS_grant_new_user_coupon,registerTime,14
0040,LKUS_grant_new_user_coupon,reviewRepeat,14
0040,LKUS_grant_new_user_coupon,realIpCountry,14
0040,LKUS_grant_new_user_coupon,discountLabels,14
0040,LKUS_grant_new_user_coupon,invitationCode,14
0040,LKUS_grant_new_user_coupon,realIpProvince,14
0040,LKUS_grant_new_user_coupon,recaptchaV3Token,14
0040,LKUS_grant_new_user_coupon,phoneNoEncryption,14
0040,LKUS_grant_new_user_coupon,recaptchaV3Action,14
0040,LKUS_grant_new_user_coupon,recaptchaV3Enabled,14
0040,LKUS_grant_new_user_coupon,couponDenominations,14
0040,LKUS_grant_new_user_coupon,couponDiscountTypes,14
0040,LKUS_grant_new_user_coupon,couponDiscountSubTypes,14
0040,LKUS_grant_new_user_coupon,couponDiscountTypeNames,14
0040,LKUS_physical_order_create,packageOrderSkuCodes,7
0040,LKUS_physical_order_create,packageOrderSpuCodes,7
0040,LKUS_grant_new_user_coupon,app,10
0040,LKUS_grant_new_user_coupon,inviterCode,2
0040,LKUS_grant_new_user_coupon,inviterType,2
0040,LKUS_grant_new_user_coupon,inviterPhone,2
0040,LKUS_grant_new_user_coupon,inviterUserNo,2
0040,LKUS_grant_new_user_coupon,marketingCode,2
0040,LKUS_grant_new_user_coupon,invitationActivityNo,2
0040,LKUS_captcha,cid,1
0040,LKUS_captcha,uid,1
0040,LKUS_captcha,realIp,1
0040,LKUS_captcha,tenant,1
0040,LKUS_captcha,isGuest,1
0040,LKUS_captcha,phoneNo,1
0040,LKUS_captcha,version,1
0040,LKUS_captcha,eventName,1
0040,LKUS_captcha,userAgent,1
0040,LKUS_captcha,realIpCity,1
0040,LKUS_captcha,countryCode,1
0040,LKUS_captcha,fullPhoneNo,1
0040,LKUS_captcha,captchaScene,1
0040,LKUS_captcha,phoneCountry,1
0040,LKUS_captcha,reviewRepeat,1
0040,LKUS_captcha,realIpCountry,1
0040,LKUS_captcha,realIpProvince,1
0040,LKUS_captcha,verifyCodeType,1
0040,LKUS_captcha,recaptchaV2Token,1
0040,LKUS_captcha,recaptchaV3Token,1
0040,LKUS_captcha,recaptchaV3Action,1
0040,LKUS_captcha,verifyCodeTypeName,1
0040,LKUS_push,userNo,5
0040,LKUS_physical_order_cancel,app,1
0040,LKUS_physical_order_cancel,cid,1
0040,LKUS_physical_order_cancel,uid,1
0040,LKUS_physical_order_cancel,realIp,1
0040,LKUS_physical_order_cancel,shopId,1
0040,LKUS_physical_order_cancel,tenant,1
0040,LKUS_physical_order_cancel,userNo,1
0040,LKUS_physical_order_cancel,isGuest,1
0040,LKUS_physical_order_cancel,orderNo,1
0040,LKUS_physical_order_cancel,phoneNo,1
0040,LKUS_physical_order_cancel,version,1
0040,LKUS_physical_order_cancel,shopCity,1
0040,LKUS_physical_order_cancel,userAgent,1
0040,LKUS_physical_order_cancel,realIpCity,1
0040,LKUS_physical_order_cancel,countryCode,1
0040,LKUS_physical_order_cancel,fullPhoneNo,1
0040,LKUS_physical_order_cancel,totalOfMade,1
0040,LKUS_physical_order_cancel,phoneCountry,1
0040,LKUS_physical_order_cancel,reviewRepeat,1
0040,LKUS_physical_order_cancel,realIpCountry,1
0040,LKUS_physical_order_cancel,realIpProvince,1
0040,LKUS_physical_order_cancel,recaptchaV3Token,1
0040,LKUS_physical_order_cancel,recaptchaV3Action,1
0040,LKUS_physical_order_cancel,recaptchaV3Enabled,1
0040,LKUS_physical_order_cancel,cancelTypeEnumIndex,1
0041,LKUS_push,app,32
0041,LKUS_push,cid,38
0041,LKUS_push,uid,38
0041,LKUS_push,realIp,38
0041,LKUS_push,tenant,38
0041,LKUS_push,phoneNo,38
0041,LKUS_push,version,38
0041,LKUS_push,userAgent,38
0041,LKUS_push,realIpCity,38
0041,LKUS_push,countryCode,38
0041,LKUS_push,fullPhoneNo,38
0041,LKUS_push,phoneCountry,38
0041,LKUS_push,reviewRepeat,35
0041,LKUS_push,realIpCountry,38
0041,LKUS_push,realIpProvince,38
0041,LKUS_push,recaptchaV3Token,34
0041,LKUS_push,recaptchaV3Action,34
0041,LKUS_push,recaptchaV3Enabled,35
0041,LKUS_physical_order_create,app,66
0041,LKUS_physical_order_create,cid,77
0041,LKUS_physical_order_create,uid,77
0041,LKUS_physical_order_create,realIp,77
0041,LKUS_physical_order_create,shopId,77
0041,LKUS_physical_order_create,tenant,77
0041,LKUS_physical_order_create,userNo,77
0041,LKUS_physical_order_create,isGuest,77
0041,LKUS_physical_order_create,phoneNo,67
0041,LKUS_physical_order_create,version,77
0041,LKUS_physical_order_create,latitude,67
0041,LKUS_physical_order_create,couponNos,58
0041,LKUS_physical_order_create,longitude,67
0041,LKUS_physical_order_create,orderType,77
0041,LKUS_physical_order_create,taxAmount,77
0041,LKUS_physical_order_create,userAgent,77
0041,LKUS_physical_order_create,orderPrice,75
0041,LKUS_physical_order_create,realIpCity,77
0041,LKUS_physical_order_create,countryCode,77
0041,LKUS_physical_order_create,couponNames,58
0041,LKUS_physical_order_create,couponTypes,58
0041,LKUS_physical_order_create,fullPhoneNo,67
0041,LKUS_physical_order_create,shopAddress,77
0041,LKUS_physical_order_create,phoneCountry,67
0041,LKUS_physical_order_create,reviewRepeat,63
0041,LKUS_physical_order_create,shopCityName,77
0041,LKUS_physical_order_create,shopLatitude,77
0041,LKUS_physical_order_create,couponSources,58
0041,LKUS_physical_order_create,isTaxRequired,77
0041,LKUS_physical_order_create,orderSkuCodes,72
0041,LKUS_physical_order_create,orderSpuCodes,72
0041,LKUS_physical_order_create,productAmount,77
0041,LKUS_physical_order_create,realIpCountry,77
0041,LKUS_physical_order_create,shopLongitude,77
0041,LKUS_physical_order_create,realIpProvince,77
0041,LKUS_physical_order_create,recaptchaV3Token,63
0041,LKUS_physical_order_create,couponProposalNos,58
0041,LKUS_physical_order_create,couponTemplateIds,58
0041,LKUS_physical_order_create,recaptchaV3Action,63
0041,LKUS_physical_order_create,couponDenomination,58
0041,LKUS_physical_order_create,recaptchaV3Enabled,63
0041,LKUS_physical_order_create,couponDiscountTypes,58
0041,LKUS_physical_order_create,couponDiscountSubTypes,58
0041,LKUS_payment,app,65
0041,LKUS_payment,cid,77
0041,LKUS_payment,uid,77
0041,LKUS_payment,realIp,77
0041,LKUS_payment,shopId,77
0041,LKUS_payment,tenant,77
0041,LKUS_payment,userNo,77
0041,LKUS_payment,isGuest,77
0041,LKUS_payment,orderNo,77
0041,LKUS_payment,payType,77
0041,LKUS_payment,phoneNo,66
0041,LKUS_payment,version,77
0041,LKUS_payment,payMoney,77
0041,LKUS_payment,orderType,77
0041,LKUS_payment,taxAmount,77
0041,LKUS_payment,userAgent,77
0041,LKUS_payment,orderPrice,77
0041,LKUS_payment,realIpCity,77
0041,LKUS_payment,countryCode,66
0041,LKUS_payment,fullPhoneNo,66
0041,LKUS_payment,phoneCountry,66
0041,LKUS_payment,reviewRepeat,62
0041,LKUS_payment,isTaxRequired,77
0041,LKUS_payment,realIpCountry,77
0041,LKUS_payment,realIpProvince,77
0041,LKUS_payment,recaptchaV3Token,62
0041,LKUS_payment,recaptchaV3Action,62
0041,LKUS_payment,recaptchaV3Enabled,62
0041,LKUS_grant_new_user_coupon,app,7
0041,LKUS_grant_new_user_coupon,cid,7
0041,LKUS_grant_new_user_coupon,uid,7
0041,LKUS_grant_new_user_coupon,type,7
0041,LKUS_grant_new_user_coupon,extend,7
0041,LKUS_grant_new_user_coupon,origin,7
0041,LKUS_grant_new_user_coupon,realIp,7
0041,LKUS_grant_new_user_coupon,tenant,7
0041,LKUS_grant_new_user_coupon,userNo,7
0041,LKUS_grant_new_user_coupon,phoneNo,7
0041,LKUS_grant_new_user_coupon,readmes,7
0041,LKUS_grant_new_user_coupon,sceneId,7
0041,LKUS_grant_new_user_coupon,version,7
0041,LKUS_grant_new_user_coupon,discounts,7
0041,LKUS_grant_new_user_coupon,userAgent,7
0041,LKUS_grant_new_user_coupon,realIpCity,7
0041,LKUS_grant_new_user_coupon,countryCode,7
0041,LKUS_grant_new_user_coupon,couponNames,7
0041,LKUS_grant_new_user_coupon,couponTypes,7
0041,LKUS_grant_new_user_coupon,fullPhoneNo,7
0041,LKUS_grant_new_user_coupon,isBindPhone,7
0041,LKUS_grant_new_user_coupon,maskPhoneNo,7
0041,LKUS_grant_new_user_coupon,templateIds,7
0041,LKUS_grant_new_user_coupon,templateNos,7
0041,LKUS_grant_new_user_coupon,phoneCountry,7
0041,LKUS_grant_new_user_coupon,registerTime,7
0041,LKUS_grant_new_user_coupon,reviewRepeat,7
0041,LKUS_grant_new_user_coupon,realIpCountry,7
0041,LKUS_grant_new_user_coupon,discountLabels,7
0041,LKUS_grant_new_user_coupon,invitationCode,7
0041,LKUS_grant_new_user_coupon,realIpProvince,7
0041,LKUS_grant_new_user_coupon,recaptchaV3Token,7
0041,LKUS_grant_new_user_coupon,phoneNoEncryption,7
0041,LKUS_grant_new_user_coupon,recaptchaV3Action,7
0041,LKUS_grant_new_user_coupon,recaptchaV3Enabled,7
0041,LKUS_grant_new_user_coupon,couponDenominations,7
0041,LKUS_grant_new_user_coupon,couponDiscountTypes,7
0041,LKUS_grant_new_user_coupon,couponDiscountSubTypes,7
0041,LKUS_grant_new_user_coupon,couponDiscountTypeNames,7
0041,LKUS_login,app,15
0041,LKUS_login,cid,17
0041,LKUS_login,uid,17
0041,LKUS_login,realIp,17
0041,LKUS_login,tenant,17
0041,LKUS_login,userNo,17
0041,LKUS_login,phoneNo,17
0041,LKUS_login,version,17
0041,LKUS_login,userAgent,17
0041,LKUS_login,realIpCity,17
0041,LKUS_login,countryCode,17
0041,LKUS_login,fullPhoneNo,17
0041,LKUS_login,phoneCountry,17
0041,LKUS_login,reviewRepeat,15
0041,LKUS_login,realIpCountry,17
0041,LKUS_login,realIpProvince,17
0041,LKUS_login,recaptchaV3Token,15
0041,LKUS_login,recaptchaV3Action,15
0041,LKUS_login,recaptchaV3Enabled,15
0041,LKUS_physical_order_create,shumeiDevId,10
0041,LKUS_physical_order_create,shumengDevId,10
0041,LKUS_physical_order_create,tongdunBlackBox,10
0041,LKUS_physical_order_create,packageOrderSkuCodes,5
0041,LKUS_physical_order_create,packageOrderSpuCodes,5
0041,LKUS_register,app,7
0041,LKUS_register,cid,9
0041,LKUS_register,uid,9
0041,LKUS_register,realIp,9
0041,LKUS_register,tenant,9
0041,LKUS_register,phoneNo,9
0041,LKUS_register,version,9
0041,LKUS_register,userAgent,9
0041,LKUS_register,realIpCity,9
0041,LKUS_register,countryCode,9
0041,LKUS_register,fullPhoneNo,9
0041,LKUS_register,phoneCountry,9
0041,LKUS_register,reviewRepeat,9
0041,LKUS_register,realIpCountry,9
0041,LKUS_register,realIpProvince,9
0041,LKUS_register,recaptchaV3Token,9
0041,LKUS_register,recaptchaV3Action,9
0041,LKUS_register,recaptchaV3Enabled,9
0041,LKUS_push,userNo,5
0041,LKUS_payment,packagingBagPrice,1
0041,LKUS_payment,packagingBagNumber,1
0041,LKUS_captcha,cid,1
0041,LKUS_captcha,uid,1
0041,LKUS_captcha,realIp,1
0041,LKUS_captcha,tenant,1
0041,LKUS_captcha,isGuest,1
0041,LKUS_captcha,phoneNo,1
0041,LKUS_captcha,version,1
0041,LKUS_captcha,eventName,1
0041,LKUS_captcha,userAgent,1
0041,LKUS_captcha,realIpCity,1
0041,LKUS_captcha,countryCode,1
0041,LKUS_captcha,fullPhoneNo,1
0041,LKUS_captcha,captchaScene,1
0041,LKUS_captcha,phoneCountry,1
0041,LKUS_captcha,reviewRepeat,1
0041,LKUS_captcha,realIpCountry,1
0041,LKUS_captcha,realIpProvince,1
0041,LKUS_captcha,verifyCodeType,1
0041,LKUS_captcha,recaptchaV2Token,1
0041,LKUS_captcha,recaptchaV3Token,1
0041,LKUS_captcha,recaptchaV3Action,1
0041,LKUS_captcha,verifyCodeTypeName,1
0042,LKUS_push,app,35
0042,LKUS_push,cid,39
0042,LKUS_push,uid,39
0042,LKUS_push,realIp,39
0042,LKUS_push,tenant,39
0042,LKUS_push,phoneNo,39
0042,LKUS_push,version,39
0042,LKUS_push,userAgent,39
0042,LKUS_push,realIpCity,39
0042,LKUS_push,countryCode,39
0042,LKUS_push,fullPhoneNo,39
0042,LKUS_push,phoneCountry,39
0042,LKUS_push,reviewRepeat,38
0042,LKUS_push,realIpCountry,39
0042,LKUS_push,realIpProvince,39
0042,LKUS_push,recaptchaV3Token,37
0042,LKUS_push,recaptchaV3Action,37
0042,LKUS_push,recaptchaV3Enabled,38
0042,LKUS_register,app,6
0042,LKUS_register,cid,6
0042,LKUS_register,uid,6
0042,LKUS_register,realIp,6
0042,LKUS_register,tenant,6
0042,LKUS_register,phoneNo,6
0042,LKUS_register,version,6
0042,LKUS_register,userAgent,6
0042,LKUS_register,realIpCity,6
0042,LKUS_register,countryCode,6
0042,LKUS_register,fullPhoneNo,6
0042,LKUS_register,phoneCountry,6
0042,LKUS_register,reviewRepeat,6
0042,LKUS_register,realIpCountry,6
0042,LKUS_register,realIpProvince,6
0042,LKUS_register,recaptchaV3Token,6
0042,LKUS_register,recaptchaV3Action,6
0042,LKUS_register,recaptchaV3Enabled,6
0042,LKUS_physical_order_create,app,60
0042,LKUS_physical_order_create,cid,75
0042,LKUS_physical_order_create,uid,75
0042,LKUS_physical_order_create,realIp,75
0042,LKUS_physical_order_create,shopId,75
0042,LKUS_physical_order_create,tenant,75
0042,LKUS_physical_order_create,userNo,75
0042,LKUS_physical_order_create,isGuest,75
0042,LKUS_physical_order_create,phoneNo,61
0042,LKUS_physical_order_create,version,75
0042,LKUS_physical_order_create,latitude,61
0042,LKUS_physical_order_create,longitude,61
0042,LKUS_physical_order_create,orderType,75
0042,LKUS_physical_order_create,taxAmount,75
0042,LKUS_physical_order_create,userAgent,75
0042,LKUS_physical_order_create,orderPrice,75
0042,LKUS_physical_order_create,realIpCity,75
0042,LKUS_physical_order_create,countryCode,75
0042,LKUS_physical_order_create,fullPhoneNo,61
0042,LKUS_physical_order_create,shopAddress,75
0042,LKUS_physical_order_create,phoneCountry,61
0042,LKUS_physical_order_create,reviewRepeat,58
0042,LKUS_physical_order_create,shopCityName,75
0042,LKUS_physical_order_create,shopLatitude,75
0042,LKUS_physical_order_create,isTaxRequired,75
0042,LKUS_physical_order_create,productAmount,75
0042,LKUS_physical_order_create,realIpCountry,75
0042,LKUS_physical_order_create,shopLongitude,75
0042,LKUS_physical_order_create,realIpProvince,75
0042,LKUS_physical_order_create,recaptchaV3Token,58
0042,LKUS_physical_order_create,recaptchaV3Action,58
0042,LKUS_physical_order_create,recaptchaV3Enabled,58
0042,LKUS_physical_order_create,packageOrderSkuCodes,4
0042,LKUS_physical_order_create,packageOrderSpuCodes,4
0042,LKUS_payment,app,58
0042,LKUS_payment,cid,75
0042,LKUS_payment,uid,75
0042,LKUS_payment,realIp,75
0042,LKUS_payment,shopId,75
0042,LKUS_payment,tenant,75
0042,LKUS_payment,userNo,75
0042,LKUS_payment,isGuest,75
0042,LKUS_payment,orderNo,75
0042,LKUS_payment,payType,75
0042,LKUS_payment,phoneNo,59
0042,LKUS_payment,version,75
0042,LKUS_payment,payMoney,75
0042,LKUS_payment,orderType,75
0042,LKUS_payment,taxAmount,75
0042,LKUS_payment,userAgent,75
0042,LKUS_payment,orderPrice,75
0042,LKUS_payment,realIpCity,75
0042,LKUS_payment,countryCode,59
0042,LKUS_payment,fullPhoneNo,59
0042,LKUS_payment,phoneCountry,59
0042,LKUS_payment,reviewRepeat,56
0042,LKUS_payment,isTaxRequired,75
0042,LKUS_payment,realIpCountry,75
0042,LKUS_payment,realIpProvince,75
0042,LKUS_payment,recaptchaV3Token,56
0042,LKUS_payment,recaptchaV3Action,56
0042,LKUS_payment,recaptchaV3Enabled,56
0042,LKUS_physical_order_create,couponNos,54
0042,LKUS_physical_order_create,couponNames,54
0042,LKUS_physical_order_create,couponTypes,54
0042,LKUS_physical_order_create,couponSources,54
0042,LKUS_physical_order_create,orderSkuCodes,72
0042,LKUS_physical_order_create,orderSpuCodes,72
0042,LKUS_physical_order_create,couponProposalNos,54
0042,LKUS_physical_order_create,couponTemplateIds,54
0042,LKUS_physical_order_create,couponDenomination,54
0042,LKUS_physical_order_create,couponDiscountTypes,54
0042,LKUS_physical_order_create,couponDiscountSubTypes,54
0042,LKUS_grant_new_user_coupon,cid,8
0042,LKUS_grant_new_user_coupon,uid,8
0042,LKUS_grant_new_user_coupon,type,8
0042,LKUS_grant_new_user_coupon,extend,8
0042,LKUS_grant_new_user_coupon,origin,8
0042,LKUS_grant_new_user_coupon,realIp,8
0042,LKUS_grant_new_user_coupon,tenant,8
0042,LKUS_grant_new_user_coupon,userNo,8
0042,LKUS_grant_new_user_coupon,phoneNo,8
0042,LKUS_grant_new_user_coupon,readmes,8
0042,LKUS_grant_new_user_coupon,sceneId,8
0042,LKUS_grant_new_user_coupon,version,8
0042,LKUS_grant_new_user_coupon,discounts,8
0042,LKUS_grant_new_user_coupon,userAgent,8
0042,LKUS_grant_new_user_coupon,realIpCity,8
0042,LKUS_grant_new_user_coupon,countryCode,8
0042,LKUS_grant_new_user_coupon,couponNames,8
0042,LKUS_grant_new_user_coupon,couponTypes,8
0042,LKUS_grant_new_user_coupon,fullPhoneNo,8
0042,LKUS_grant_new_user_coupon,isBindPhone,8
0042,LKUS_grant_new_user_coupon,maskPhoneNo,8
0042,LKUS_grant_new_user_coupon,templateIds,8
0042,LKUS_grant_new_user_coupon,templateNos,8
0042,LKUS_grant_new_user_coupon,phoneCountry,8
0042,LKUS_grant_new_user_coupon,registerTime,8
0042,LKUS_grant_new_user_coupon,reviewRepeat,8
0042,LKUS_grant_new_user_coupon,realIpCountry,8
0042,LKUS_grant_new_user_coupon,discountLabels,8
0042,LKUS_grant_new_user_coupon,invitationCode,8
0042,LKUS_grant_new_user_coupon,realIpProvince,8
0042,LKUS_grant_new_user_coupon,recaptchaV3Token,8
0042,LKUS_grant_new_user_coupon,phoneNoEncryption,8
0042,LKUS_grant_new_user_coupon,recaptchaV3Action,8
0042,LKUS_grant_new_user_coupon,recaptchaV3Enabled,8
0042,LKUS_grant_new_user_coupon,couponDenominations,8
0042,LKUS_grant_new_user_coupon,couponDiscountTypes,8
0042,LKUS_grant_new_user_coupon,couponDiscountSubTypes,8
0042,LKUS_grant_new_user_coupon,couponDiscountTypeNames,8
0042,LKUS_login,cid,14
0042,LKUS_login,uid,14
0042,LKUS_login,realIp,14
0042,LKUS_login,tenant,14
0042,LKUS_login,userNo,14
0042,LKUS_login,phoneNo,14
0042,LKUS_login,version,14
0042,LKUS_login,userAgent,14
0042,LKUS_login,realIpCity,14
0042,LKUS_login,countryCode,14
0042,LKUS_login,fullPhoneNo,14
0042,LKUS_login,phoneCountry,14
0042,LKUS_login,reviewRepeat,13
0042,LKUS_login,realIpCountry,14
0042,LKUS_login,realIpProvince,14
0042,LKUS_login,recaptchaV3Token,13
0042,LKUS_login,recaptchaV3Action,13
0042,LKUS_login,recaptchaV3Enabled,13
0042,LKUS_physical_order_create,shumeiDevId,14
0042,LKUS_physical_order_create,shumengDevId,14
0042,LKUS_physical_order_create,tongdunBlackBox,14
0042,LKUS_login,app,10
0042,LKUS_grant_new_user_coupon,app,5
0042,LKUS_payment,packagingBagPrice,2
0042,LKUS_payment,packagingBagNumber,2
0042,LKUS_physical_order_cancel,app,1
0042,LKUS_physical_order_cancel,cid,1
0042,LKUS_physical_order_cancel,uid,1
0042,LKUS_physical_order_cancel,realIp,1
0042,LKUS_physical_order_cancel,shopId,1
0042,LKUS_physical_order_cancel,tenant,1
0042,LKUS_physical_order_cancel,userNo,1
0042,LKUS_physical_order_cancel,isGuest,1
0042,LKUS_physical_order_cancel,orderNo,1
0042,LKUS_physical_order_cancel,phoneNo,1
0042,LKUS_physical_order_cancel,version,1
0042,LKUS_physical_order_cancel,shopCity,1
0042,LKUS_physical_order_cancel,userAgent,1
0042,LKUS_physical_order_cancel,realIpCity,1
0042,LKUS_physical_order_cancel,countryCode,1
0042,LKUS_physical_order_cancel,fullPhoneNo,1
0042,LKUS_physical_order_cancel,totalOfMade,1
0042,LKUS_physical_order_cancel,phoneCountry,1
0042,LKUS_physical_order_cancel,reviewRepeat,1
0042,LKUS_physical_order_cancel,realIpCountry,1
0042,LKUS_physical_order_cancel,realIpProvince,1
0042,LKUS_physical_order_cancel,recaptchaV3Token,1
0042,LKUS_physical_order_cancel,recaptchaV3Action,1
0042,LKUS_physical_order_cancel,recaptchaV3Enabled,1
0042,LKUS_physical_order_cancel,cancelTypeEnumIndex,1
0042,LKUS_push,userNo,1
0042,LKUS_grant_new_user_coupon,inviterCode,2
0042,LKUS_grant_new_user_coupon,inviterType,2
0042,LKUS_grant_new_user_coupon,inviterPhone,2
0042,LKUS_grant_new_user_coupon,inviterUserNo,2
0042,LKUS_grant_new_user_coupon,marketingCode,2
0042,LKUS_grant_new_user_coupon,invitationActivityNo,2
0042,LKUS_captcha,cid,1
0042,LKUS_captcha,uid,1
0042,LKUS_captcha,realIp,1
0042,LKUS_captcha,tenant,1
0042,LKUS_captcha,isGuest,1
0042,LKUS_captcha,phoneNo,1
0042,LKUS_captcha,version,1
0042,LKUS_captcha,eventName,1
0042,LKUS_captcha,userAgent,1
0042,LKUS_captcha,realIpCity,1
0042,LKUS_captcha,countryCode,1
0042,LKUS_captcha,fullPhoneNo,1
0042,LKUS_captcha,captchaScene,1
0042,LKUS_captcha,phoneCountry,1
0042,LKUS_captcha,reviewRepeat,1
0042,LKUS_captcha,realIpCountry,1
0042,LKUS_captcha,realIpProvince,1
0042,LKUS_captcha,verifyCodeType,1
0042,LKUS_captcha,recaptchaV2Token,1
0042,LKUS_captcha,recaptchaV3Token,1
0042,LKUS_captcha,recaptchaV3Action,1
0042,LKUS_captcha,verifyCodeTypeName,1
0043,LKUS_push,app,25
0043,LKUS_push,cid,29
0043,LKUS_push,uid,29
0043,LKUS_push,realIp,29
0043,LKUS_push,tenant,29
0043,LKUS_push,phoneNo,29
0043,LKUS_push,version,29
0043,LKUS_push,userAgent,29
0043,LKUS_push,realIpCity,29
0043,LKUS_push,countryCode,29
0043,LKUS_push,fullPhoneNo,29
0043,LKUS_push,phoneCountry,29
0043,LKUS_push,reviewRepeat,27
0043,LKUS_push,realIpCountry,29
0043,LKUS_push,realIpProvince,29
0043,LKUS_push,recaptchaV3Token,27
0043,LKUS_push,recaptchaV3Action,27
0043,LKUS_push,recaptchaV3Enabled,27
0043,LKUS_login,app,11
0043,LKUS_login,cid,13
0043,LKUS_login,uid,13
0043,LKUS_login,realIp,13
0043,LKUS_login,tenant,13
0043,LKUS_login,userNo,13
0043,LKUS_login,phoneNo,13
0043,LKUS_login,version,13
0043,LKUS_login,userAgent,13
0043,LKUS_login,realIpCity,13
0043,LKUS_login,countryCode,13
0043,LKUS_login,fullPhoneNo,13
0043,LKUS_login,phoneCountry,13
0043,LKUS_login,reviewRepeat,12
0043,LKUS_login,realIpCountry,13
0043,LKUS_login,realIpProvince,13
0043,LKUS_login,recaptchaV3Token,12
0043,LKUS_login,recaptchaV3Action,12
0043,LKUS_login,recaptchaV3Enabled,12
0043,LKUS_grant_new_user_coupon,app,8
0043,LKUS_grant_new_user_coupon,cid,9
0043,LKUS_grant_new_user_coupon,uid,9
0043,LKUS_grant_new_user_coupon,type,9
0043,LKUS_grant_new_user_coupon,extend,9
0043,LKUS_grant_new_user_coupon,origin,9
0043,LKUS_grant_new_user_coupon,realIp,9
0043,LKUS_grant_new_user_coupon,tenant,9
0043,LKUS_grant_new_user_coupon,userNo,9
0043,LKUS_grant_new_user_coupon,phoneNo,9
0043,LKUS_grant_new_user_coupon,readmes,9
0043,LKUS_grant_new_user_coupon,sceneId,9
0043,LKUS_grant_new_user_coupon,version,9
0043,LKUS_grant_new_user_coupon,discounts,9
0043,LKUS_grant_new_user_coupon,userAgent,9
0043,LKUS_grant_new_user_coupon,realIpCity,9
0043,LKUS_grant_new_user_coupon,countryCode,9
0043,LKUS_grant_new_user_coupon,couponNames,9
0043,LKUS_grant_new_user_coupon,couponTypes,9
0043,LKUS_grant_new_user_coupon,fullPhoneNo,9
0043,LKUS_grant_new_user_coupon,isBindPhone,9
0043,LKUS_grant_new_user_coupon,maskPhoneNo,9
0043,LKUS_grant_new_user_coupon,templateIds,9
0043,LKUS_grant_new_user_coupon,templateNos,9
0043,LKUS_grant_new_user_coupon,phoneCountry,9
0043,LKUS_grant_new_user_coupon,registerTime,9
0043,LKUS_grant_new_user_coupon,reviewRepeat,9
0043,LKUS_grant_new_user_coupon,realIpCountry,9
0043,LKUS_grant_new_user_coupon,discountLabels,9
0043,LKUS_grant_new_user_coupon,invitationCode,9
0043,LKUS_grant_new_user_coupon,realIpProvince,9
0043,LKUS_grant_new_user_coupon,recaptchaV3Token,9
0043,LKUS_grant_new_user_coupon,phoneNoEncryption,9
0043,LKUS_grant_new_user_coupon,recaptchaV3Action,9
0043,LKUS_grant_new_user_coupon,recaptchaV3Enabled,9
0043,LKUS_grant_new_user_coupon,couponDenominations,9
0043,LKUS_grant_new_user_coupon,couponDiscountTypes,9
0043,LKUS_grant_new_user_coupon,couponDiscountSubTypes,9
0043,LKUS_grant_new_user_coupon,couponDiscountTypeNames,9
0043,LKUS_physical_order_create,app,65
0043,LKUS_physical_order_create,cid,80
0043,LKUS_physical_order_create,uid,80
0043,LKUS_physical_order_create,realIp,80
0043,LKUS_physical_order_create,shopId,80
0043,LKUS_physical_order_create,tenant,80
0043,LKUS_physical_order_create,userNo,80
0043,LKUS_physical_order_create,isGuest,80
0043,LKUS_physical_order_create,phoneNo,67
0043,LKUS_physical_order_create,version,80
0043,LKUS_physical_order_create,latitude,66
0043,LKUS_physical_order_create,couponNos,56
0043,LKUS_physical_order_create,longitude,66
0043,LKUS_physical_order_create,orderType,80
0043,LKUS_physical_order_create,taxAmount,80
0043,LKUS_physical_order_create,userAgent,80
0043,LKUS_physical_order_create,orderPrice,79
0043,LKUS_physical_order_create,realIpCity,80
0043,LKUS_physical_order_create,countryCode,80
0043,LKUS_physical_order_create,couponNames,56
0043,LKUS_physical_order_create,couponTypes,56
0043,LKUS_physical_order_create,fullPhoneNo,67
0043,LKUS_physical_order_create,shopAddress,80
0043,LKUS_physical_order_create,phoneCountry,67
0043,LKUS_physical_order_create,reviewRepeat,62
0043,LKUS_physical_order_create,shopCityName,80
0043,LKUS_physical_order_create,shopLatitude,80
0043,LKUS_physical_order_create,couponSources,56
0043,LKUS_physical_order_create,isTaxRequired,80
0043,LKUS_physical_order_create,orderSkuCodes,75
0043,LKUS_physical_order_create,orderSpuCodes,75
0043,LKUS_physical_order_create,productAmount,80
0043,LKUS_physical_order_create,realIpCountry,80
0043,LKUS_physical_order_create,shopLongitude,80
0043,LKUS_physical_order_create,realIpProvince,80
0043,LKUS_physical_order_create,recaptchaV3Token,62
0043,LKUS_physical_order_create,couponProposalNos,56
0043,LKUS_physical_order_create,couponTemplateIds,56
0043,LKUS_physical_order_create,recaptchaV3Action,62
0043,LKUS_physical_order_create,couponDenomination,56
0043,LKUS_physical_order_create,recaptchaV3Enabled,62
0043,LKUS_physical_order_create,couponDiscountTypes,56
0043,LKUS_physical_order_create,couponDiscountSubTypes,56
0043,LKUS_payment,app,64
0043,LKUS_payment,cid,80
0043,LKUS_payment,uid,80
0043,LKUS_payment,realIp,80
0043,LKUS_payment,shopId,80
0043,LKUS_payment,tenant,80
0043,LKUS_payment,userNo,80
0043,LKUS_payment,isGuest,80
0043,LKUS_payment,orderNo,80
0043,LKUS_payment,payType,80
0043,LKUS_payment,phoneNo,66
0043,LKUS_payment,version,80
0043,LKUS_payment,payMoney,80
0043,LKUS_payment,orderType,80
0043,LKUS_payment,taxAmount,80
0043,LKUS_payment,userAgent,80
0043,LKUS_payment,orderPrice,80
0043,LKUS_payment,realIpCity,80
0043,LKUS_payment,countryCode,66
0043,LKUS_payment,fullPhoneNo,66
0043,LKUS_payment,phoneCountry,66
0043,LKUS_payment,reviewRepeat,61
0043,LKUS_payment,isTaxRequired,80
0043,LKUS_payment,realIpCountry,80
0043,LKUS_payment,realIpProvince,80
0043,LKUS_payment,recaptchaV3Token,61
0043,LKUS_payment,recaptchaV3Action,61
0043,LKUS_payment,recaptchaV3Enabled,61
0043,LKUS_register,app,5
0043,LKUS_register,cid,7
0043,LKUS_register,uid,7
0043,LKUS_register,realIp,7
0043,LKUS_register,tenant,7
0043,LKUS_register,phoneNo,7
0043,LKUS_register,version,7
0043,LKUS_register,userAgent,7
0043,LKUS_register,realIpCity,7
0043,LKUS_register,countryCode,7
0043,LKUS_register,fullPhoneNo,7
0043,LKUS_register,phoneCountry,7
0043,LKUS_register,reviewRepeat,7
0043,LKUS_register,realIpCountry,7
0043,LKUS_register,realIpProvince,7
0043,LKUS_register,recaptchaV3Token,7
0043,LKUS_register,recaptchaV3Action,7
0043,LKUS_register,recaptchaV3Enabled,7
0043,LKUS_physical_order_create,shumeiDevId,14
0043,LKUS_physical_order_create,shumengDevId,14
0043,LKUS_physical_order_create,tongdunBlackBox,14
0043,LKUS_physical_order_create,packageOrderSkuCodes,7
0043,LKUS_physical_order_create,packageOrderSpuCodes,7
0043,LKUS_push,userNo,3
0043,LKUS_payment,packagingBagPrice,3
0043,LKUS_payment,packagingBagNumber,3
0044,LKUS_push,app,32
0044,LKUS_push,cid,34
0044,LKUS_push,uid,34
0044,LKUS_push,realIp,34
0044,LKUS_push,tenant,34
0044,LKUS_push,phoneNo,34
0044,LKUS_push,version,34
0044,LKUS_push,userAgent,34
0044,LKUS_push,realIpCity,34
0044,LKUS_push,countryCode,34
0044,LKUS_push,fullPhoneNo,34
0044,LKUS_push,phoneCountry,34
0044,LKUS_push,reviewRepeat,33
0044,LKUS_push,realIpCountry,34
0044,LKUS_push,realIpProvince,34
0044,LKUS_push,recaptchaV3Token,33
0044,LKUS_push,recaptchaV3Action,33
0044,LKUS_push,recaptchaV3Enabled,33
0044,LKUS_physical_order_create,app,57
0044,LKUS_physical_order_create,cid,74
0044,LKUS_physical_order_create,uid,74
0044,LKUS_physical_order_create,realIp,74
0044,LKUS_physical_order_create,shopId,74
0044,LKUS_physical_order_create,tenant,74
0044,LKUS_physical_order_create,userNo,74
0044,LKUS_physical_order_create,isGuest,74
0044,LKUS_physical_order_create,phoneNo,61
0044,LKUS_physical_order_create,version,74
0044,LKUS_physical_order_create,latitude,59
0044,LKUS_physical_order_create,couponNos,52
0044,LKUS_physical_order_create,longitude,59
0044,LKUS_physical_order_create,orderType,74
0044,LKUS_physical_order_create,taxAmount,74
0044,LKUS_physical_order_create,userAgent,74
0044,LKUS_physical_order_create,orderPrice,74
0044,LKUS_physical_order_create,realIpCity,74
0044,LKUS_physical_order_create,countryCode,74
0044,LKUS_physical_order_create,couponNames,52
0044,LKUS_physical_order_create,couponTypes,52
0044,LKUS_physical_order_create,fullPhoneNo,61
0044,LKUS_physical_order_create,shopAddress,74
0044,LKUS_physical_order_create,phoneCountry,61
0044,LKUS_physical_order_create,reviewRepeat,58
0044,LKUS_physical_order_create,shopCityName,74
0044,LKUS_physical_order_create,shopLatitude,74
0044,LKUS_physical_order_create,couponSources,52
0044,LKUS_physical_order_create,isTaxRequired,74
0044,LKUS_physical_order_create,orderSkuCodes,70
0044,LKUS_physical_order_create,orderSpuCodes,70
0044,LKUS_physical_order_create,productAmount,74
0044,LKUS_physical_order_create,realIpCountry,74
0044,LKUS_physical_order_create,shopLongitude,74
0044,LKUS_physical_order_create,realIpProvince,74
0044,LKUS_physical_order_create,recaptchaV3Token,58
0044,LKUS_physical_order_create,couponProposalNos,52
0044,LKUS_physical_order_create,couponTemplateIds,52
0044,LKUS_physical_order_create,recaptchaV3Action,58
0044,LKUS_physical_order_create,couponDenomination,52
0044,LKUS_physical_order_create,recaptchaV3Enabled,58
0044,LKUS_physical_order_create,couponDiscountTypes,52
0044,LKUS_physical_order_create,couponDiscountSubTypes,52
0044,LKUS_payment,app,55
0044,LKUS_payment,cid,72
0044,LKUS_payment,uid,72
0044,LKUS_payment,realIp,72
0044,LKUS_payment,shopId,72
0044,LKUS_payment,tenant,72
0044,LKUS_payment,userNo,72
0044,LKUS_payment,isGuest,72
0044,LKUS_payment,orderNo,72
0044,LKUS_payment,payType,72
0044,LKUS_payment,phoneNo,58
0044,LKUS_payment,version,72
0044,LKUS_payment,payMoney,72
0044,LKUS_payment,orderType,72
0044,LKUS_payment,taxAmount,72
0044,LKUS_payment,userAgent,72
0044,LKUS_payment,orderPrice,72
0044,LKUS_payment,realIpCity,72
0044,LKUS_payment,countryCode,58
0044,LKUS_payment,fullPhoneNo,58
0044,LKUS_payment,phoneCountry,58
0044,LKUS_payment,reviewRepeat,56
0044,LKUS_payment,isTaxRequired,72
0044,LKUS_payment,realIpCountry,72
0044,LKUS_payment,realIpProvince,72
0044,LKUS_payment,recaptchaV3Token,56
0044,LKUS_payment,recaptchaV3Action,56
0044,LKUS_payment,recaptchaV3Enabled,56
0044,LKUS_register,app,6
0044,LKUS_register,cid,7
0044,LKUS_register,uid,7
0044,LKUS_register,realIp,7
0044,LKUS_register,tenant,7
0044,LKUS_register,phoneNo,7
0044,LKUS_register,version,7
0044,LKUS_register,userAgent,7
0044,LKUS_register,realIpCity,7
0044,LKUS_register,countryCode,7
0044,LKUS_register,fullPhoneNo,7
0044,LKUS_register,phoneCountry,7
0044,LKUS_register,reviewRepeat,7
0044,LKUS_register,realIpCountry,7
0044,LKUS_register,realIpProvince,7
0044,LKUS_register,recaptchaV3Token,7
0044,LKUS_register,recaptchaV3Action,7
0044,LKUS_register,recaptchaV3Enabled,7
0044,LKUS_login,app,9
0044,LKUS_login,cid,13
0044,LKUS_login,uid,13
0044,LKUS_login,realIp,13
0044,LKUS_login,tenant,13
0044,LKUS_login,userNo,13
0044,LKUS_login,phoneNo,13
0044,LKUS_login,version,13
0044,LKUS_login,userAgent,13
0044,LKUS_login,realIpCity,13
0044,LKUS_login,countryCode,13
0044,LKUS_login,fullPhoneNo,13
0044,LKUS_login,phoneCountry,13
0044,LKUS_login,reviewRepeat,11
0044,LKUS_login,realIpCountry,13
0044,LKUS_login,realIpProvince,13
0044,LKUS_login,recaptchaV3Token,11
0044,LKUS_login,recaptchaV3Action,11
0044,LKUS_login,recaptchaV3Enabled,11
0044,LKUS_physical_order_create,shumeiDevId,15
0044,LKUS_physical_order_create,shumengDevId,15
0044,LKUS_physical_order_create,tongdunBlackBox,15
0044,LKUS_grant_new_user_coupon,cid,4
0044,LKUS_grant_new_user_coupon,uid,4
0044,LKUS_grant_new_user_coupon,type,4
0044,LKUS_grant_new_user_coupon,extend,4
0044,LKUS_grant_new_user_coupon,origin,4
0044,LKUS_grant_new_user_coupon,realIp,4
0044,LKUS_grant_new_user_coupon,tenant,4
0044,LKUS_grant_new_user_coupon,userNo,4
0044,LKUS_grant_new_user_coupon,phoneNo,4
0044,LKUS_grant_new_user_coupon,readmes,4
0044,LKUS_grant_new_user_coupon,sceneId,4
0044,LKUS_grant_new_user_coupon,version,4
0044,LKUS_grant_new_user_coupon,discounts,4
0044,LKUS_grant_new_user_coupon,userAgent,4
0044,LKUS_grant_new_user_coupon,realIpCity,4
0044,LKUS_grant_new_user_coupon,countryCode,4
0044,LKUS_grant_new_user_coupon,couponNames,4
0044,LKUS_grant_new_user_coupon,couponTypes,4
0044,LKUS_grant_new_user_coupon,fullPhoneNo,4
0044,LKUS_grant_new_user_coupon,inviterCode,1
0044,LKUS_grant_new_user_coupon,inviterType,1
0044,LKUS_grant_new_user_coupon,isBindPhone,4
0044,LKUS_grant_new_user_coupon,maskPhoneNo,4
0044,LKUS_grant_new_user_coupon,templateIds,4
0044,LKUS_grant_new_user_coupon,templateNos,4
0044,LKUS_grant_new_user_coupon,inviterPhone,1
0044,LKUS_grant_new_user_coupon,phoneCountry,4
0044,LKUS_grant_new_user_coupon,registerTime,4
0044,LKUS_grant_new_user_coupon,reviewRepeat,4
0044,LKUS_grant_new_user_coupon,inviterUserNo,1
0044,LKUS_grant_new_user_coupon,marketingCode,1
0044,LKUS_grant_new_user_coupon,realIpCountry,4
0044,LKUS_grant_new_user_coupon,discountLabels,4
0044,LKUS_grant_new_user_coupon,invitationCode,4
0044,LKUS_grant_new_user_coupon,realIpProvince,4
0044,LKUS_grant_new_user_coupon,recaptchaV3Token,4
0044,LKUS_grant_new_user_coupon,phoneNoEncryption,4
0044,LKUS_grant_new_user_coupon,recaptchaV3Action,4
0044,LKUS_grant_new_user_coupon,recaptchaV3Enabled,4
0044,LKUS_grant_new_user_coupon,couponDenominations,4
0044,LKUS_grant_new_user_coupon,couponDiscountTypes,4
0044,LKUS_grant_new_user_coupon,invitationActivityNo,1
0044,LKUS_grant_new_user_coupon,couponDiscountSubTypes,4
0044,LKUS_grant_new_user_coupon,couponDiscountTypeNames,4
0044,LKUS_physical_order_create,packageOrderSkuCodes,4
0044,LKUS_physical_order_create,packageOrderSpuCodes,4
0044,LKUS_payment,packagingBagPrice,3
0044,LKUS_payment,packagingBagNumber,3
0044,LKUS_grant_new_user_coupon,app,3
0044,LKUS_push,userNo,1
0045,LKUS_push,app,24
0045,LKUS_push,cid,25
0045,LKUS_push,uid,25
0045,LKUS_push,realIp,25
0045,LKUS_push,tenant,25
0045,LKUS_push,phoneNo,25
0045,LKUS_push,version,25
0045,LKUS_push,userAgent,25
0045,LKUS_push,realIpCity,25
0045,LKUS_push,countryCode,25
0045,LKUS_push,fullPhoneNo,25
0045,LKUS_push,phoneCountry,25
0045,LKUS_push,reviewRepeat,24
0045,LKUS_push,realIpCountry,25
0045,LKUS_push,realIpProvince,25
0045,LKUS_push,recaptchaV3Token,24
0045,LKUS_push,recaptchaV3Action,24
0045,LKUS_push,recaptchaV3Enabled,24
0045,LKUS_login,app,12
0045,LKUS_login,cid,14
0045,LKUS_login,uid,14
0045,LKUS_login,realIp,14
0045,LKUS_login,tenant,14
0045,LKUS_login,userNo,14
0045,LKUS_login,phoneNo,14
0045,LKUS_login,version,14
0045,LKUS_login,userAgent,14
0045,LKUS_login,realIpCity,14
0045,LKUS_login,countryCode,14
0045,LKUS_login,fullPhoneNo,14
0045,LKUS_login,phoneCountry,14
0045,LKUS_login,reviewRepeat,14
0045,LKUS_login,realIpCountry,14
0045,LKUS_login,realIpProvince,14
0045,LKUS_login,recaptchaV3Token,14
0045,LKUS_login,recaptchaV3Action,14
0045,LKUS_login,recaptchaV3Enabled,14
0045,LKUS_grant_new_user_coupon,app,8
0045,LKUS_grant_new_user_coupon,cid,10
0045,LKUS_grant_new_user_coupon,uid,10
0045,LKUS_grant_new_user_coupon,type,10
0045,LKUS_grant_new_user_coupon,extend,10
0045,LKUS_grant_new_user_coupon,origin,10
0045,LKUS_grant_new_user_coupon,realIp,10
0045,LKUS_grant_new_user_coupon,tenant,10
0045,LKUS_grant_new_user_coupon,userNo,10
0045,LKUS_grant_new_user_coupon,phoneNo,10
0045,LKUS_grant_new_user_coupon,readmes,10
0045,LKUS_grant_new_user_coupon,sceneId,10
0045,LKUS_grant_new_user_coupon,version,10
0045,LKUS_grant_new_user_coupon,discounts,10
0045,LKUS_grant_new_user_coupon,userAgent,10
0045,LKUS_grant_new_user_coupon,realIpCity,10
0045,LKUS_grant_new_user_coupon,countryCode,10
0045,LKUS_grant_new_user_coupon,couponNames,10
0045,LKUS_grant_new_user_coupon,couponTypes,10
0045,LKUS_grant_new_user_coupon,fullPhoneNo,10
0045,LKUS_grant_new_user_coupon,isBindPhone,10
0045,LKUS_grant_new_user_coupon,maskPhoneNo,10
0045,LKUS_grant_new_user_coupon,templateIds,10
0045,LKUS_grant_new_user_coupon,templateNos,10
0045,LKUS_grant_new_user_coupon,phoneCountry,10
0045,LKUS_grant_new_user_coupon,registerTime,10
0045,LKUS_grant_new_user_coupon,reviewRepeat,10
0045,LKUS_grant_new_user_coupon,realIpCountry,10
0045,LKUS_grant_new_user_coupon,discountLabels,10
0045,LKUS_grant_new_user_coupon,invitationCode,10
0045,LKUS_grant_new_user_coupon,realIpProvince,10
0045,LKUS_grant_new_user_coupon,recaptchaV3Token,10
0045,LKUS_grant_new_user_coupon,phoneNoEncryption,10
0045,LKUS_grant_new_user_coupon,recaptchaV3Action,10
0045,LKUS_grant_new_user_coupon,recaptchaV3Enabled,10
0045,LKUS_grant_new_user_coupon,couponDenominations,10
0045,LKUS_grant_new_user_coupon,couponDiscountTypes,10
0045,LKUS_grant_new_user_coupon,couponDiscountSubTypes,10
0045,LKUS_grant_new_user_coupon,couponDiscountTypeNames,10
0045,LKUS_physical_order_create,cid,84
0045,LKUS_physical_order_create,uid,84
0045,LKUS_physical_order_create,realIp,84
0045,LKUS_physical_order_create,shopId,84
0045,LKUS_physical_order_create,tenant,84
0045,LKUS_physical_order_create,userNo,84
0045,LKUS_physical_order_create,isGuest,84
0045,LKUS_physical_order_create,version,84
0045,LKUS_physical_order_create,orderType,84
0045,LKUS_physical_order_create,taxAmount,84
0045,LKUS_physical_order_create,userAgent,84
0045,LKUS_physical_order_create,orderPrice,83
0045,LKUS_physical_order_create,realIpCity,84
0045,LKUS_physical_order_create,countryCode,84
0045,LKUS_physical_order_create,shopAddress,84
0045,LKUS_physical_order_create,shumeiDevId,19
0045,LKUS_physical_order_create,shopCityName,84
0045,LKUS_physical_order_create,shopLatitude,84
0045,LKUS_physical_order_create,shumengDevId,19
0045,LKUS_physical_order_create,isTaxRequired,84
0045,LKUS_physical_order_create,orderSkuCodes,82
0045,LKUS_physical_order_create,orderSpuCodes,82
0045,LKUS_physical_order_create,productAmount,84
0045,LKUS_physical_order_create,realIpCountry,84
0045,LKUS_physical_order_create,shopLongitude,84
0045,LKUS_physical_order_create,realIpProvince,84
0045,LKUS_physical_order_create,tongdunBlackBox,19
0045,LKUS_payment,cid,88
0045,LKUS_payment,uid,88
0045,LKUS_payment,realIp,88
0045,LKUS_payment,shopId,88
0045,LKUS_payment,tenant,88
0045,LKUS_payment,userNo,88
0045,LKUS_payment,isGuest,88
0045,LKUS_payment,orderNo,88
0045,LKUS_payment,payType,88
0045,LKUS_payment,version,88
0045,LKUS_payment,payMoney,88
0045,LKUS_payment,orderType,88
0045,LKUS_payment,taxAmount,88
0045,LKUS_payment,userAgent,88
0045,LKUS_payment,orderPrice,88
0045,LKUS_payment,realIpCity,88
0045,LKUS_payment,isTaxRequired,88
0045,LKUS_payment,realIpCountry,88
0045,LKUS_payment,realIpProvince,88
0045,LKUS_physical_order_create,app,64
0045,LKUS_physical_order_create,phoneNo,65
0045,LKUS_physical_order_create,latitude,65
0045,LKUS_physical_order_create,couponNos,56
0045,LKUS_physical_order_create,longitude,65
0045,LKUS_physical_order_create,couponNames,56
0045,LKUS_physical_order_create,couponTypes,56
0045,LKUS_physical_order_create,fullPhoneNo,65
0045,LKUS_physical_order_create,phoneCountry,65
0045,LKUS_physical_order_create,reviewRepeat,60
0045,LKUS_physical_order_create,couponSources,56
0045,LKUS_physical_order_create,recaptchaV3Token,60
0045,LKUS_physical_order_create,couponProposalNos,56
0045,LKUS_physical_order_create,couponTemplateIds,56
0045,LKUS_physical_order_create,recaptchaV3Action,60
0045,LKUS_physical_order_create,couponDenomination,56
0045,LKUS_physical_order_create,recaptchaV3Enabled,60
0045,LKUS_physical_order_create,couponDiscountTypes,56
0045,LKUS_physical_order_create,couponDiscountSubTypes,56
0045,LKUS_payment,app,68
0045,LKUS_payment,phoneNo,69
0045,LKUS_payment,countryCode,69
0045,LKUS_payment,fullPhoneNo,69
0045,LKUS_payment,phoneCountry,69
0045,LKUS_payment,reviewRepeat,61
0045,LKUS_payment,recaptchaV3Token,61
0045,LKUS_payment,recaptchaV3Action,61
0045,LKUS_payment,recaptchaV3Enabled,61
0045,LKUS_payment,packagingBagPrice,7
0045,LKUS_payment,packagingBagNumber,7
0045,LKUS_physical_order_create,packageOrderSkuCodes,3
0045,LKUS_physical_order_create,packageOrderSpuCodes,3
0045,LKUS_register,app,5
0045,LKUS_register,cid,5
0045,LKUS_register,uid,5
0045,LKUS_register,realIp,5
0045,LKUS_register,tenant,5
0045,LKUS_register,phoneNo,5
0045,LKUS_register,version,5
0045,LKUS_register,userAgent,5
0045,LKUS_register,realIpCity,5
0045,LKUS_register,countryCode,5
0045,LKUS_register,fullPhoneNo,5
0045,LKUS_register,phoneCountry,5
0045,LKUS_register,reviewRepeat,5
0045,LKUS_register,realIpCountry,5
0045,LKUS_register,realIpProvince,5
0045,LKUS_register,recaptchaV3Token,5
0045,LKUS_register,recaptchaV3Action,5
0045,LKUS_register,recaptchaV3Enabled,5
0045,LKUS_physical_order_cancel,app,1
0045,LKUS_physical_order_cancel,cid,1
0045,LKUS_physical_order_cancel,uid,1
0045,LKUS_physical_order_cancel,realIp,1
0045,LKUS_physical_order_cancel,shopId,1
0045,LKUS_physical_order_cancel,tenant,1
0045,LKUS_physical_order_cancel,userNo,1
0045,LKUS_physical_order_cancel,isGuest,1
0045,LKUS_physical_order_cancel,orderNo,1
0045,LKUS_physical_order_cancel,phoneNo,1
0045,LKUS_physical_order_cancel,version,1
0045,LKUS_physical_order_cancel,shopCity,1
0045,LKUS_physical_order_cancel,userAgent,1
0045,LKUS_physical_order_cancel,realIpCity,1
0045,LKUS_physical_order_cancel,countryCode,1
0045,LKUS_physical_order_cancel,fullPhoneNo,1
0045,LKUS_physical_order_cancel,totalOfMade,1
0045,LKUS_physical_order_cancel,phoneCountry,1
0045,LKUS_physical_order_cancel,reviewRepeat,1
0045,LKUS_physical_order_cancel,realIpCountry,1
0045,LKUS_physical_order_cancel,realIpProvince,1
0045,LKUS_physical_order_cancel,recaptchaV3Token,1
0045,LKUS_physical_order_cancel,recaptchaV3Action,1
0045,LKUS_physical_order_cancel,recaptchaV3Enabled,1
0045,LKUS_physical_order_cancel,cancelTypeEnumIndex,1
0045,LKUS_grant_new_user_coupon,inviterCode,1
0045,LKUS_grant_new_user_coupon,inviterType,1
0045,LKUS_grant_new_user_coupon,inviterPhone,1
0045,LKUS_grant_new_user_coupon,inviterUserNo,1
0045,LKUS_grant_new_user_coupon,marketingCode,1
0045,LKUS_grant_new_user_coupon,invitationActivityNo,1
0045,LKUS_push,userNo,1
0046,LKUS_login,app,16
0046,LKUS_login,cid,17
0046,LKUS_login,uid,17
0046,LKUS_login,realIp,17
0046,LKUS_login,tenant,17
0046,LKUS_login,userNo,17
0046,LKUS_login,phoneNo,17
0046,LKUS_login,version,17
0046,LKUS_login,userAgent,17
0046,LKUS_login,realIpCity,17
0046,LKUS_login,countryCode,17
0046,LKUS_login,fullPhoneNo,17
0046,LKUS_login,phoneCountry,17
0046,LKUS_login,reviewRepeat,17
0046,LKUS_login,realIpCountry,17
0046,LKUS_login,realIpProvince,17
0046,LKUS_login,recaptchaV3Token,17
0046,LKUS_login,recaptchaV3Action,17
0046,LKUS_login,recaptchaV3Enabled,17
0046,LKUS_grant_new_user_coupon,app,10
0046,LKUS_grant_new_user_coupon,cid,10
0046,LKUS_grant_new_user_coupon,uid,10
0046,LKUS_grant_new_user_coupon,type,10
0046,LKUS_grant_new_user_coupon,extend,10
0046,LKUS_grant_new_user_coupon,origin,10
0046,LKUS_grant_new_user_coupon,realIp,10
0046,LKUS_grant_new_user_coupon,tenant,10
0046,LKUS_grant_new_user_coupon,userNo,10
0046,LKUS_grant_new_user_coupon,phoneNo,10
0046,LKUS_grant_new_user_coupon,readmes,10
0046,LKUS_grant_new_user_coupon,sceneId,10
0046,LKUS_grant_new_user_coupon,version,10
0046,LKUS_grant_new_user_coupon,discounts,10
0046,LKUS_grant_new_user_coupon,userAgent,10
0046,LKUS_grant_new_user_coupon,realIpCity,10
0046,LKUS_grant_new_user_coupon,countryCode,10
0046,LKUS_grant_new_user_coupon,couponNames,10
0046,LKUS_grant_new_user_coupon,couponTypes,10
0046,LKUS_grant_new_user_coupon,fullPhoneNo,10
0046,LKUS_grant_new_user_coupon,isBindPhone,10
0046,LKUS_grant_new_user_coupon,maskPhoneNo,10
0046,LKUS_grant_new_user_coupon,templateIds,10
0046,LKUS_grant_new_user_coupon,templateNos,10
0046,LKUS_grant_new_user_coupon,phoneCountry,10
0046,LKUS_grant_new_user_coupon,registerTime,10
0046,LKUS_grant_new_user_coupon,reviewRepeat,10
0046,LKUS_grant_new_user_coupon,realIpCountry,10
0046,LKUS_grant_new_user_coupon,discountLabels,10
0046,LKUS_grant_new_user_coupon,invitationCode,10
0046,LKUS_grant_new_user_coupon,realIpProvince,10
0046,LKUS_grant_new_user_coupon,recaptchaV3Token,10
0046,LKUS_grant_new_user_coupon,phoneNoEncryption,10
0046,LKUS_grant_new_user_coupon,recaptchaV3Action,10
0046,LKUS_grant_new_user_coupon,recaptchaV3Enabled,10
0046,LKUS_grant_new_user_coupon,couponDenominations,10
0046,LKUS_grant_new_user_coupon,couponDiscountTypes,10
0046,LKUS_grant_new_user_coupon,couponDiscountSubTypes,10
0046,LKUS_grant_new_user_coupon,couponDiscountTypeNames,10
0046,LKUS_push,app,23
0046,LKUS_push,cid,24
0046,LKUS_push,uid,24
0046,LKUS_push,realIp,24
0046,LKUS_push,tenant,24
0046,LKUS_push,phoneNo,24
0046,LKUS_push,version,24
0046,LKUS_push,userAgent,24
0046,LKUS_push,realIpCity,24
0046,LKUS_push,countryCode,24
0046,LKUS_push,fullPhoneNo,24
0046,LKUS_push,phoneCountry,24
0046,LKUS_push,reviewRepeat,23
0046,LKUS_push,realIpCountry,24
0046,LKUS_push,realIpProvince,24
0046,LKUS_push,recaptchaV3Token,23
0046,LKUS_push,recaptchaV3Action,23
0046,LKUS_push,recaptchaV3Enabled,23
0046,LKUS_physical_order_create,app,72
0046,LKUS_physical_order_create,cid,86
0046,LKUS_physical_order_create,uid,86
0046,LKUS_physical_order_create,realIp,86
0046,LKUS_physical_order_create,shopId,86
0046,LKUS_physical_order_create,tenant,86
0046,LKUS_physical_order_create,userNo,86
0046,LKUS_physical_order_create,isGuest,86
0046,LKUS_physical_order_create,phoneNo,74
0046,LKUS_physical_order_create,version,86
0046,LKUS_physical_order_create,latitude,75
0046,LKUS_physical_order_create,couponNos,65
0046,LKUS_physical_order_create,longitude,75
0046,LKUS_physical_order_create,orderType,86
0046,LKUS_physical_order_create,taxAmount,86
0046,LKUS_physical_order_create,userAgent,86
0046,LKUS_physical_order_create,orderPrice,85
0046,LKUS_physical_order_create,realIpCity,86
0046,LKUS_physical_order_create,countryCode,86
0046,LKUS_physical_order_create,couponNames,65
0046,LKUS_physical_order_create,couponTypes,65
0046,LKUS_physical_order_create,fullPhoneNo,74
0046,LKUS_physical_order_create,shopAddress,86
0046,LKUS_physical_order_create,phoneCountry,74
0046,LKUS_physical_order_create,reviewRepeat,70
0046,LKUS_physical_order_create,shopCityName,86
0046,LKUS_physical_order_create,shopLatitude,86
0046,LKUS_physical_order_create,couponSources,65
0046,LKUS_physical_order_create,isTaxRequired,86
0046,LKUS_physical_order_create,orderSkuCodes,84
0046,LKUS_physical_order_create,orderSpuCodes,84
0046,LKUS_physical_order_create,productAmount,86
0046,LKUS_physical_order_create,realIpCountry,86
0046,LKUS_physical_order_create,shopLongitude,86
0046,LKUS_physical_order_create,realIpProvince,86
0046,LKUS_physical_order_create,recaptchaV3Token,70
0046,LKUS_physical_order_create,couponProposalNos,65
0046,LKUS_physical_order_create,couponTemplateIds,65
0046,LKUS_physical_order_create,recaptchaV3Action,70
0046,LKUS_physical_order_create,couponDenomination,65
0046,LKUS_physical_order_create,recaptchaV3Enabled,70
0046,LKUS_physical_order_create,couponDiscountTypes,65
0046,LKUS_physical_order_create,couponDiscountSubTypes,65
0046,LKUS_physical_order_create,shumeiDevId,11
0046,LKUS_physical_order_create,shumengDevId,11
0046,LKUS_physical_order_create,tongdunBlackBox,11
0046,LKUS_payment,cid,89
0046,LKUS_payment,uid,89
0046,LKUS_payment,realIp,89
0046,LKUS_payment,shopId,89
0046,LKUS_payment,tenant,89
0046,LKUS_payment,userNo,89
0046,LKUS_payment,isGuest,89
0046,LKUS_payment,orderNo,89
0046,LKUS_payment,payType,89
0046,LKUS_payment,version,89
0046,LKUS_payment,payMoney,89
0046,LKUS_payment,orderType,89
0046,LKUS_payment,taxAmount,89
0046,LKUS_payment,userAgent,89
0046,LKUS_payment,orderPrice,89
0046,LKUS_payment,realIpCity,89
0046,LKUS_payment,isTaxRequired,89
0046,LKUS_payment,realIpCountry,89
0046,LKUS_payment,realIpProvince,89
0046,LKUS_payment,app,75
0046,LKUS_payment,phoneNo,77
0046,LKUS_payment,countryCode,77
0046,LKUS_payment,fullPhoneNo,77
0046,LKUS_payment,phoneCountry,77
0046,LKUS_payment,reviewRepeat,73
0046,LKUS_payment,recaptchaV3Token,73
0046,LKUS_payment,recaptchaV3Action,73
0046,LKUS_payment,recaptchaV3Enabled,73
0046,LKUS_register,app,7
0046,LKUS_register,cid,7
0046,LKUS_register,uid,7
0046,LKUS_register,realIp,7
0046,LKUS_register,tenant,7
0046,LKUS_register,phoneNo,7
0046,LKUS_register,version,7
0046,LKUS_register,userAgent,7
0046,LKUS_register,realIpCity,7
0046,LKUS_register,countryCode,7
0046,LKUS_register,fullPhoneNo,7
0046,LKUS_register,phoneCountry,7
0046,LKUS_register,reviewRepeat,7
0046,LKUS_register,realIpCountry,7
0046,LKUS_register,realIpProvince,7
0046,LKUS_register,recaptchaV3Token,7
0046,LKUS_register,recaptchaV3Action,7
0046,LKUS_register,recaptchaV3Enabled,7
0046,LKUS_physical_order_create,packageOrderSkuCodes,2
0046,LKUS_physical_order_create,packageOrderSpuCodes,2
0046,LKUS_push,userNo,1
0047,LKUS_push,app,29
0047,LKUS_push,cid,33
0047,LKUS_push,uid,33
0047,LKUS_push,realIp,33
0047,LKUS_push,tenant,33
0047,LKUS_push,phoneNo,33
0047,LKUS_push,version,33
0047,LKUS_push,userAgent,33
0047,LKUS_push,realIpCity,33
0047,LKUS_push,countryCode,33
0047,LKUS_push,fullPhoneNo,33
0047,LKUS_push,phoneCountry,33
0047,LKUS_push,reviewRepeat,30
0047,LKUS_push,realIpCountry,33
0047,LKUS_push,realIpProvince,33
0047,LKUS_push,recaptchaV3Token,30
0047,LKUS_push,recaptchaV3Action,30
0047,LKUS_push,recaptchaV3Enabled,30
0047,LKUS_register,app,7
0047,LKUS_register,cid,9
0047,LKUS_register,uid,9
0047,LKUS_register,realIp,9
0047,LKUS_register,tenant,9
0047,LKUS_register,phoneNo,9
0047,LKUS_register,version,9
0047,LKUS_register,userAgent,9
0047,LKUS_register,realIpCity,9
0047,LKUS_register,countryCode,9
0047,LKUS_register,fullPhoneNo,9
0047,LKUS_register,phoneCountry,9
0047,LKUS_register,reviewRepeat,9
0047,LKUS_register,realIpCountry,9
0047,LKUS_register,realIpProvince,9
0047,LKUS_register,recaptchaV3Token,9
0047,LKUS_register,recaptchaV3Action,9
0047,LKUS_register,recaptchaV3Enabled,9
0047,LKUS_physical_order_create,app,72
0047,LKUS_physical_order_create,cid,86
0047,LKUS_physical_order_create,uid,86
0047,LKUS_physical_order_create,realIp,86
0047,LKUS_physical_order_create,shopId,86
0047,LKUS_physical_order_create,tenant,86
0047,LKUS_physical_order_create,userNo,86
0047,LKUS_physical_order_create,isGuest,86
0047,LKUS_physical_order_create,phoneNo,76
0047,LKUS_physical_order_create,version,86
0047,LKUS_physical_order_create,latitude,75
0047,LKUS_physical_order_create,couponNos,63
0047,LKUS_physical_order_create,longitude,75
0047,LKUS_physical_order_create,orderType,86
0047,LKUS_physical_order_create,taxAmount,86
0047,LKUS_physical_order_create,userAgent,86
0047,LKUS_physical_order_create,orderPrice,86
0047,LKUS_physical_order_create,realIpCity,86
0047,LKUS_physical_order_create,countryCode,86
0047,LKUS_physical_order_create,couponNames,63
0047,LKUS_physical_order_create,couponTypes,63
0047,LKUS_physical_order_create,fullPhoneNo,76
0047,LKUS_physical_order_create,shopAddress,86
0047,LKUS_physical_order_create,phoneCountry,76
0047,LKUS_physical_order_create,reviewRepeat,72
0047,LKUS_physical_order_create,shopCityName,86
0047,LKUS_physical_order_create,shopLatitude,86
0047,LKUS_physical_order_create,couponSources,63
0047,LKUS_physical_order_create,isTaxRequired,86
0047,LKUS_physical_order_create,orderSkuCodes,82
0047,LKUS_physical_order_create,orderSpuCodes,82
0047,LKUS_physical_order_create,productAmount,86
0047,LKUS_physical_order_create,realIpCountry,86
0047,LKUS_physical_order_create,shopLongitude,86
0047,LKUS_physical_order_create,realIpProvince,86
0047,LKUS_physical_order_create,recaptchaV3Token,72
0047,LKUS_physical_order_create,couponProposalNos,63
0047,LKUS_physical_order_create,couponTemplateIds,63
0047,LKUS_physical_order_create,recaptchaV3Action,72
0047,LKUS_physical_order_create,couponDenomination,63
0047,LKUS_physical_order_create,recaptchaV3Enabled,72
0047,LKUS_physical_order_create,couponDiscountTypes,63
0047,LKUS_physical_order_create,couponDiscountSubTypes,63
0047,LKUS_payment,app,68
0047,LKUS_payment,cid,82
0047,LKUS_payment,uid,82
0047,LKUS_payment,realIp,82
0047,LKUS_payment,shopId,82
0047,LKUS_payment,tenant,82
0047,LKUS_payment,userNo,82
0047,LKUS_payment,isGuest,82
0047,LKUS_payment,orderNo,82
0047,LKUS_payment,payType,82
0047,LKUS_payment,phoneNo,72
0047,LKUS_payment,version,82
0047,LKUS_payment,payMoney,82
0047,LKUS_payment,orderType,82
0047,LKUS_payment,taxAmount,82
0047,LKUS_payment,userAgent,82
0047,LKUS_payment,orderPrice,82
0047,LKUS_payment,realIpCity,82
0047,LKUS_payment,countryCode,72
0047,LKUS_payment,fullPhoneNo,72
0047,LKUS_payment,phoneCountry,72
0047,LKUS_payment,reviewRepeat,68
0047,LKUS_payment,isTaxRequired,82
0047,LKUS_payment,realIpCountry,82
0047,LKUS_payment,realIpProvince,82
0047,LKUS_payment,recaptchaV3Token,68
0047,LKUS_payment,recaptchaV3Action,68
0047,LKUS_payment,recaptchaV3Enabled,68
0047,LKUS_login,app,14
0047,LKUS_login,cid,19
0047,LKUS_login,uid,19
0047,LKUS_login,realIp,19
0047,LKUS_login,tenant,19
0047,LKUS_login,userNo,19
0047,LKUS_login,phoneNo,19
0047,LKUS_login,version,19
0047,LKUS_login,userAgent,19
0047,LKUS_login,realIpCity,19
0047,LKUS_login,countryCode,19
0047,LKUS_login,fullPhoneNo,19
0047,LKUS_login,phoneCountry,19
0047,LKUS_login,reviewRepeat,18
0047,LKUS_login,realIpCountry,19
0047,LKUS_login,realIpProvince,19
0047,LKUS_login,recaptchaV3Token,18
0047,LKUS_login,recaptchaV3Action,18
0047,LKUS_login,recaptchaV3Enabled,18
0047,LKUS_grant_new_user_coupon,app,7
0047,LKUS_grant_new_user_coupon,cid,10
0047,LKUS_grant_new_user_coupon,uid,10
0047,LKUS_grant_new_user_coupon,type,10
0047,LKUS_grant_new_user_coupon,extend,10
0047,LKUS_grant_new_user_coupon,origin,10
0047,LKUS_grant_new_user_coupon,realIp,10
0047,LKUS_grant_new_user_coupon,tenant,10
0047,LKUS_grant_new_user_coupon,userNo,10
0047,LKUS_grant_new_user_coupon,phoneNo,10
0047,LKUS_grant_new_user_coupon,readmes,10
0047,LKUS_grant_new_user_coupon,sceneId,10
0047,LKUS_grant_new_user_coupon,version,10
0047,LKUS_grant_new_user_coupon,discounts,10
0047,LKUS_grant_new_user_coupon,userAgent,10
0047,LKUS_grant_new_user_coupon,realIpCity,10
0047,LKUS_grant_new_user_coupon,countryCode,10
0047,LKUS_grant_new_user_coupon,couponNames,10
0047,LKUS_grant_new_user_coupon,couponTypes,10
0047,LKUS_grant_new_user_coupon,fullPhoneNo,10
0047,LKUS_grant_new_user_coupon,isBindPhone,10
0047,LKUS_grant_new_user_coupon,maskPhoneNo,10
0047,LKUS_grant_new_user_coupon,templateIds,10
0047,LKUS_grant_new_user_coupon,templateNos,10
0047,LKUS_grant_new_user_coupon,phoneCountry,10
0047,LKUS_grant_new_user_coupon,registerTime,10
0047,LKUS_grant_new_user_coupon,reviewRepeat,10
0047,LKUS_grant_new_user_coupon,realIpCountry,10
0047,LKUS_grant_new_user_coupon,discountLabels,10
0047,LKUS_grant_new_user_coupon,invitationCode,10
0047,LKUS_grant_new_user_coupon,realIpProvince,10
0047,LKUS_grant_new_user_coupon,recaptchaV3Token,10
0047,LKUS_grant_new_user_coupon,phoneNoEncryption,10
0047,LKUS_grant_new_user_coupon,recaptchaV3Action,10
0047,LKUS_grant_new_user_coupon,recaptchaV3Enabled,10
0047,LKUS_grant_new_user_coupon,couponDenominations,10
0047,LKUS_grant_new_user_coupon,couponDiscountTypes,10
0047,LKUS_grant_new_user_coupon,couponDiscountSubTypes,10
0047,LKUS_grant_new_user_coupon,couponDiscountTypeNames,10
0047,LKUS_physical_order_create,packageOrderSkuCodes,4
0047,LKUS_physical_order_create,packageOrderSpuCodes,4
0047,LKUS_physical_order_cancel,app,2
0047,LKUS_physical_order_cancel,cid,2
0047,LKUS_physical_order_cancel,uid,2
0047,LKUS_physical_order_cancel,realIp,2
0047,LKUS_physical_order_cancel,shopId,2
0047,LKUS_physical_order_cancel,tenant,2
0047,LKUS_physical_order_cancel,userNo,2
0047,LKUS_physical_order_cancel,isGuest,2
0047,LKUS_physical_order_cancel,orderNo,2
0047,LKUS_physical_order_cancel,phoneNo,2
0047,LKUS_physical_order_cancel,version,2
0047,LKUS_physical_order_cancel,shopCity,2
0047,LKUS_physical_order_cancel,userAgent,2
0047,LKUS_physical_order_cancel,realIpCity,2
0047,LKUS_physical_order_cancel,countryCode,2
0047,LKUS_physical_order_cancel,fullPhoneNo,2
0047,LKUS_physical_order_cancel,totalOfMade,2
0047,LKUS_physical_order_cancel,phoneCountry,2
0047,LKUS_physical_order_cancel,reviewRepeat,2
0047,LKUS_physical_order_cancel,realIpCountry,2
0047,LKUS_physical_order_cancel,realIpProvince,2
0047,LKUS_physical_order_cancel,recaptchaV3Token,2
0047,LKUS_physical_order_cancel,recaptchaV3Action,2
0047,LKUS_physical_order_cancel,recaptchaV3Enabled,2
0047,LKUS_physical_order_cancel,cancelTypeEnumIndex,2
0047,LKUS_physical_order_create,shumeiDevId,11
0047,LKUS_physical_order_create,shumengDevId,11
0047,LKUS_physical_order_create,tongdunBlackBox,11
0047,LKUS_grant_new_user_coupon,inviterCode,3
0047,LKUS_grant_new_user_coupon,inviterType,3
0047,LKUS_grant_new_user_coupon,inviterPhone,3
0047,LKUS_grant_new_user_coupon,inviterUserNo,3
0047,LKUS_grant_new_user_coupon,marketingCode,3
0047,LKUS_grant_new_user_coupon,invitationActivityNo,3
0048,LKUS_push,app,53
0048,LKUS_push,cid,63
0048,LKUS_push,uid,63
0048,LKUS_push,realIp,63
0048,LKUS_push,tenant,63
0048,LKUS_push,phoneNo,63
0048,LKUS_push,version,63
0048,LKUS_push,userAgent,63
0048,LKUS_push,realIpCity,63
0048,LKUS_push,countryCode,63
0048,LKUS_push,fullPhoneNo,63
0048,LKUS_push,phoneCountry,63
0048,LKUS_push,reviewRepeat,59
0048,LKUS_push,realIpCountry,63
0048,LKUS_push,realIpProvince,63
0048,LKUS_push,recaptchaV3Token,59
0048,LKUS_push,recaptchaV3Action,59
0048,LKUS_push,recaptchaV3Enabled,59
0048,LKUS_login,app,13
0048,LKUS_login,cid,15
0048,LKUS_login,uid,15
0048,LKUS_login,realIp,15
0048,LKUS_login,tenant,15
0048,LKUS_login,userNo,15
0048,LKUS_login,phoneNo,15
0048,LKUS_login,version,15
0048,LKUS_login,userAgent,15
0048,LKUS_login,realIpCity,15
0048,LKUS_login,countryCode,15
0048,LKUS_login,fullPhoneNo,15
0048,LKUS_login,phoneCountry,15
0048,LKUS_login,reviewRepeat,15
0048,LKUS_login,realIpCountry,15
0048,LKUS_login,realIpProvince,15
0048,LKUS_login,recaptchaV3Token,15
0048,LKUS_login,recaptchaV3Action,15
0048,LKUS_login,recaptchaV3Enabled,15
0048,LKUS_physical_order_create,app,52
0048,LKUS_physical_order_create,cid,69
0048,LKUS_physical_order_create,uid,69
0048,LKUS_physical_order_create,realIp,69
0048,LKUS_physical_order_create,shopId,69
0048,LKUS_physical_order_create,tenant,69
0048,LKUS_physical_order_create,userNo,69
0048,LKUS_physical_order_create,isGuest,69
0048,LKUS_physical_order_create,phoneNo,53
0048,LKUS_physical_order_create,version,69
0048,LKUS_physical_order_create,latitude,53
0048,LKUS_physical_order_create,couponNos,45
0048,LKUS_physical_order_create,longitude,53
0048,LKUS_physical_order_create,orderType,69
0048,LKUS_physical_order_create,taxAmount,69
0048,LKUS_physical_order_create,userAgent,69
0048,LKUS_physical_order_create,orderPrice,68
0048,LKUS_physical_order_create,realIpCity,69
0048,LKUS_physical_order_create,countryCode,69
0048,LKUS_physical_order_create,couponNames,45
0048,LKUS_physical_order_create,couponTypes,45
0048,LKUS_physical_order_create,fullPhoneNo,53
0048,LKUS_physical_order_create,shopAddress,69
0048,LKUS_physical_order_create,phoneCountry,53
0048,LKUS_physical_order_create,reviewRepeat,50
0048,LKUS_physical_order_create,shopCityName,69
0048,LKUS_physical_order_create,shopLatitude,69
0048,LKUS_physical_order_create,couponSources,45
0048,LKUS_physical_order_create,isTaxRequired,69
0048,LKUS_physical_order_create,orderSkuCodes,66
0048,LKUS_physical_order_create,orderSpuCodes,66
0048,LKUS_physical_order_create,productAmount,69
0048,LKUS_physical_order_create,realIpCountry,69
0048,LKUS_physical_order_create,shopLongitude,69
0048,LKUS_physical_order_create,realIpProvince,69
0048,LKUS_physical_order_create,recaptchaV3Token,50
0048,LKUS_physical_order_create,couponProposalNos,45
0048,LKUS_physical_order_create,couponTemplateIds,45
0048,LKUS_physical_order_create,recaptchaV3Action,50
0048,LKUS_physical_order_create,couponDenomination,45
0048,LKUS_physical_order_create,recaptchaV3Enabled,50
0048,LKUS_physical_order_create,couponDiscountTypes,45
0048,LKUS_physical_order_create,couponDiscountSubTypes,45
0048,LKUS_payment,app,51
0048,LKUS_payment,cid,70
0048,LKUS_payment,uid,70
0048,LKUS_payment,realIp,70
0048,LKUS_payment,shopId,70
0048,LKUS_payment,tenant,70
0048,LKUS_payment,userNo,70
0048,LKUS_payment,isGuest,70
0048,LKUS_payment,orderNo,70
0048,LKUS_payment,payType,70
0048,LKUS_payment,phoneNo,52
0048,LKUS_payment,version,70
0048,LKUS_payment,payMoney,70
0048,LKUS_payment,orderType,70
0048,LKUS_payment,taxAmount,70
0048,LKUS_payment,userAgent,70
0048,LKUS_payment,orderPrice,70
0048,LKUS_payment,realIpCity,70
0048,LKUS_payment,countryCode,52
0048,LKUS_payment,fullPhoneNo,52
0048,LKUS_payment,phoneCountry,52
0048,LKUS_payment,reviewRepeat,49
0048,LKUS_payment,isTaxRequired,70
0048,LKUS_payment,realIpCountry,70
0048,LKUS_payment,realIpProvince,70
0048,LKUS_payment,recaptchaV3Token,49
0048,LKUS_payment,recaptchaV3Action,49
0048,LKUS_payment,recaptchaV3Enabled,49
0048,LKUS_physical_order_create,shumeiDevId,16
0048,LKUS_physical_order_create,shumengDevId,16
0048,LKUS_physical_order_create,tongdunBlackBox,16
0048,LKUS_grant_new_user_coupon,app,5
0048,LKUS_grant_new_user_coupon,cid,7
0048,LKUS_grant_new_user_coupon,uid,7
0048,LKUS_grant_new_user_coupon,type,7
0048,LKUS_grant_new_user_coupon,extend,7
0048,LKUS_grant_new_user_coupon,origin,7
0048,LKUS_grant_new_user_coupon,realIp,7
0048,LKUS_grant_new_user_coupon,tenant,7
0048,LKUS_grant_new_user_coupon,userNo,7
0048,LKUS_grant_new_user_coupon,phoneNo,7
0048,LKUS_grant_new_user_coupon,readmes,7
0048,LKUS_grant_new_user_coupon,sceneId,7
0048,LKUS_grant_new_user_coupon,version,7
0048,LKUS_grant_new_user_coupon,discounts,7
0048,LKUS_grant_new_user_coupon,userAgent,7
0048,LKUS_grant_new_user_coupon,realIpCity,7
0048,LKUS_grant_new_user_coupon,countryCode,7
0048,LKUS_grant_new_user_coupon,couponNames,7
0048,LKUS_grant_new_user_coupon,couponTypes,7
0048,LKUS_grant_new_user_coupon,fullPhoneNo,7
0048,LKUS_grant_new_user_coupon,isBindPhone,7
0048,LKUS_grant_new_user_coupon,maskPhoneNo,7
0048,LKUS_grant_new_user_coupon,templateIds,7
0048,LKUS_grant_new_user_coupon,templateNos,7
0048,LKUS_grant_new_user_coupon,phoneCountry,7
0048,LKUS_grant_new_user_coupon,registerTime,7
0048,LKUS_grant_new_user_coupon,reviewRepeat,7
0048,LKUS_grant_new_user_coupon,realIpCountry,7
0048,LKUS_grant_new_user_coupon,discountLabels,7
0048,LKUS_grant_new_user_coupon,invitationCode,7
0048,LKUS_grant_new_user_coupon,realIpProvince,7
0048,LKUS_grant_new_user_coupon,recaptchaV3Token,7
0048,LKUS_grant_new_user_coupon,phoneNoEncryption,7
0048,LKUS_grant_new_user_coupon,recaptchaV3Action,7
0048,LKUS_grant_new_user_coupon,recaptchaV3Enabled,7
0048,LKUS_grant_new_user_coupon,couponDenominations,7
0048,LKUS_grant_new_user_coupon,couponDiscountTypes,7
0048,LKUS_grant_new_user_coupon,couponDiscountSubTypes,7
0048,LKUS_grant_new_user_coupon,couponDiscountTypeNames,7
0048,LKUS_physical_order_create,packageOrderSkuCodes,3
0048,LKUS_physical_order_create,packageOrderSpuCodes,3
0048,LKUS_grant_new_user_coupon,inviterCode,2
0048,LKUS_grant_new_user_coupon,inviterType,2
0048,LKUS_grant_new_user_coupon,inviterPhone,2
0048,LKUS_grant_new_user_coupon,inviterUserNo,2
0048,LKUS_grant_new_user_coupon,marketingCode,2
0048,LKUS_grant_new_user_coupon,invitationActivityNo,2
0048,LKUS_register,cid,10
0048,LKUS_register,uid,10
0048,LKUS_register,realIp,10
0048,LKUS_register,tenant,10
0048,LKUS_register,phoneNo,10
0048,LKUS_register,version,10
0048,LKUS_register,userAgent,10
0048,LKUS_register,realIpCity,10
0048,LKUS_register,countryCode,10
0048,LKUS_register,fullPhoneNo,10
0048,LKUS_register,phoneCountry,10
0048,LKUS_register,reviewRepeat,10
0048,LKUS_register,realIpCountry,10
0048,LKUS_register,realIpProvince,10
0048,LKUS_register,recaptchaV3Token,10
0048,LKUS_register,recaptchaV3Action,10
0048,LKUS_register,recaptchaV3Enabled,10
0048,LKUS_push,userNo,2
0048,LKUS_register,app,8
0048,LKUS_payment,packagingBagPrice,2
0048,LKUS_payment,packagingBagNumber,2
0049,LKUS_push,cid,53
0049,LKUS_push,uid,53
0049,LKUS_push,realIp,53
0049,LKUS_push,tenant,53
0049,LKUS_push,phoneNo,53
0049,LKUS_push,version,53
0049,LKUS_push,userAgent,53
0049,LKUS_push,realIpCity,53
0049,LKUS_push,countryCode,53
0049,LKUS_push,fullPhoneNo,53
0049,LKUS_push,phoneCountry,53
0049,LKUS_push,reviewRepeat,48
0049,LKUS_push,realIpCountry,53
0049,LKUS_push,realIpProvince,53
0049,LKUS_push,recaptchaV3Token,46
0049,LKUS_push,recaptchaV3Action,46
0049,LKUS_push,recaptchaV3Enabled,48
0049,LKUS_captcha,cid,2
0049,LKUS_captcha,uid,2
0049,LKUS_captcha,realIp,2
0049,LKUS_captcha,tenant,2
0049,LKUS_captcha,isGuest,2
0049,LKUS_captcha,phoneNo,2
0049,LKUS_captcha,version,2
0049,LKUS_captcha,eventName,2
0049,LKUS_captcha,userAgent,2
0049,LKUS_captcha,realIpCity,2
0049,LKUS_captcha,countryCode,2
0049,LKUS_captcha,fullPhoneNo,2
0049,LKUS_captcha,captchaScene,2
0049,LKUS_captcha,phoneCountry,2
0049,LKUS_captcha,reviewRepeat,2
0049,LKUS_captcha,realIpCountry,2
0049,LKUS_captcha,realIpProvince,2
0049,LKUS_captcha,verifyCodeType,2
0049,LKUS_captcha,recaptchaV2Token,2
0049,LKUS_captcha,recaptchaV3Token,2
0049,LKUS_captcha,recaptchaV3Action,2
0049,LKUS_captcha,verifyCodeTypeName,2
0049,LKUS_push,app,32
0049,LKUS_register,cid,14
0049,LKUS_register,uid,14
0049,LKUS_register,realIp,14
0049,LKUS_register,tenant,14
0049,LKUS_register,phoneNo,14
0049,LKUS_register,version,14
0049,LKUS_register,userAgent,14
0049,LKUS_register,realIpCity,14
0049,LKUS_register,countryCode,14
0049,LKUS_register,fullPhoneNo,14
0049,LKUS_register,phoneCountry,14
0049,LKUS_register,reviewRepeat,12
0049,LKUS_register,realIpCountry,14
0049,LKUS_register,realIpProvince,14
0049,LKUS_register,recaptchaV3Token,12
0049,LKUS_register,recaptchaV3Action,12
0049,LKUS_register,recaptchaV3Enabled,12
0049,LKUS_push,userNo,9
0049,LKUS_login,app,13
0049,LKUS_login,cid,19
0049,LKUS_login,uid,19
0049,LKUS_login,realIp,19
0049,LKUS_login,tenant,19
0049,LKUS_login,userNo,19
0049,LKUS_login,phoneNo,19
0049,LKUS_login,version,19
0049,LKUS_login,userAgent,19
0049,LKUS_login,realIpCity,19
0049,LKUS_login,countryCode,19
0049,LKUS_login,fullPhoneNo,19
0049,LKUS_login,phoneCountry,19
0049,LKUS_login,reviewRepeat,15
0049,LKUS_login,realIpCountry,19
0049,LKUS_login,realIpProvince,19
0049,LKUS_login,recaptchaV3Token,15
0049,LKUS_login,recaptchaV3Action,15
0049,LKUS_login,recaptchaV3Enabled,15
0049,LKUS_physical_order_create,app,74
0049,LKUS_physical_order_create,cid,92
0049,LKUS_physical_order_create,uid,92
0049,LKUS_physical_order_create,realIp,92
0049,LKUS_physical_order_create,shopId,92
0049,LKUS_physical_order_create,tenant,92
0049,LKUS_physical_order_create,userNo,92
0049,LKUS_physical_order_create,isGuest,92
0049,LKUS_physical_order_create,phoneNo,78
0049,LKUS_physical_order_create,version,92
0049,LKUS_physical_order_create,latitude,75
0049,LKUS_physical_order_create,couponNos,61
0049,LKUS_physical_order_create,longitude,75
0049,LKUS_physical_order_create,orderType,92
0049,LKUS_physical_order_create,taxAmount,92
0049,LKUS_physical_order_create,userAgent,92
0049,LKUS_physical_order_create,orderPrice,92
0049,LKUS_physical_order_create,realIpCity,92
0049,LKUS_physical_order_create,countryCode,92
0049,LKUS_physical_order_create,couponNames,61
0049,LKUS_physical_order_create,couponTypes,61
0049,LKUS_physical_order_create,fullPhoneNo,78
0049,LKUS_physical_order_create,shopAddress,92
0049,LKUS_physical_order_create,phoneCountry,78
0049,LKUS_physical_order_create,reviewRepeat,71
0049,LKUS_physical_order_create,shopCityName,92
0049,LKUS_physical_order_create,shopLatitude,92
0049,LKUS_physical_order_create,couponSources,61
0049,LKUS_physical_order_create,isTaxRequired,92
0049,LKUS_physical_order_create,orderSkuCodes,86
0049,LKUS_physical_order_create,orderSpuCodes,86
0049,LKUS_physical_order_create,productAmount,92
0049,LKUS_physical_order_create,realIpCountry,92
0049,LKUS_physical_order_create,shopLongitude,92
0049,LKUS_physical_order_create,realIpProvince,92
0049,LKUS_physical_order_create,recaptchaV3Token,71
0049,LKUS_physical_order_create,couponProposalNos,61
0049,LKUS_physical_order_create,couponTemplateIds,61
0049,LKUS_physical_order_create,recaptchaV3Action,71
0049,LKUS_physical_order_create,couponDenomination,61
0049,LKUS_physical_order_create,recaptchaV3Enabled,71
0049,LKUS_physical_order_create,couponDiscountTypes,61
0049,LKUS_physical_order_create,couponDiscountSubTypes,61
0049,LKUS_payment,app,70
0049,LKUS_payment,cid,89
0049,LKUS_payment,uid,89
0049,LKUS_payment,realIp,89
0049,LKUS_payment,shopId,89
0049,LKUS_payment,tenant,89
0049,LKUS_payment,userNo,89
0049,LKUS_payment,isGuest,89
0049,LKUS_payment,orderNo,89
0049,LKUS_payment,payType,89
0049,LKUS_payment,phoneNo,74
0049,LKUS_payment,version,89
0049,LKUS_payment,payMoney,89
0049,LKUS_payment,orderType,89
0049,LKUS_payment,taxAmount,89
0049,LKUS_payment,userAgent,89
0049,LKUS_payment,orderPrice,89
0049,LKUS_payment,realIpCity,89
0049,LKUS_payment,countryCode,74
0049,LKUS_payment,fullPhoneNo,74
0049,LKUS_payment,phoneCountry,74
0049,LKUS_payment,reviewRepeat,67
0049,LKUS_payment,isTaxRequired,89
0049,LKUS_payment,realIpCountry,89
0049,LKUS_payment,realIpProvince,89
0049,LKUS_payment,recaptchaV3Token,67
0049,LKUS_payment,recaptchaV3Action,67
0049,LKUS_payment,recaptchaV3Enabled,67
0049,LKUS_register,app,8
0049,LKUS_physical_order_create,packageOrderSkuCodes,6
0049,LKUS_physical_order_create,packageOrderSpuCodes,6
0049,LKUS_grant_new_user_coupon,cid,8
0049,LKUS_grant_new_user_coupon,uid,8
0049,LKUS_grant_new_user_coupon,type,8
0049,LKUS_grant_new_user_coupon,extend,8
0049,LKUS_grant_new_user_coupon,origin,8
0049,LKUS_grant_new_user_coupon,realIp,8
0049,LKUS_grant_new_user_coupon,tenant,8
0049,LKUS_grant_new_user_coupon,userNo,8
0049,LKUS_grant_new_user_coupon,phoneNo,8
0049,LKUS_grant_new_user_coupon,readmes,8
0049,LKUS_grant_new_user_coupon,sceneId,8
0049,LKUS_grant_new_user_coupon,version,8
0049,LKUS_grant_new_user_coupon,discounts,8
0049,LKUS_grant_new_user_coupon,userAgent,8
0049,LKUS_grant_new_user_coupon,realIpCity,8
0049,LKUS_grant_new_user_coupon,countryCode,8
0049,LKUS_grant_new_user_coupon,couponNames,8
0049,LKUS_grant_new_user_coupon,couponTypes,8
0049,LKUS_grant_new_user_coupon,fullPhoneNo,8
0049,LKUS_grant_new_user_coupon,inviterCode,1
0049,LKUS_grant_new_user_coupon,inviterType,1
0049,LKUS_grant_new_user_coupon,isBindPhone,8
0049,LKUS_grant_new_user_coupon,maskPhoneNo,8
0049,LKUS_grant_new_user_coupon,templateIds,8
0049,LKUS_grant_new_user_coupon,templateNos,8
0049,LKUS_grant_new_user_coupon,inviterPhone,1
0049,LKUS_grant_new_user_coupon,phoneCountry,8
0049,LKUS_grant_new_user_coupon,registerTime,8
0049,LKUS_grant_new_user_coupon,reviewRepeat,8
0049,LKUS_grant_new_user_coupon,inviterUserNo,1
0049,LKUS_grant_new_user_coupon,marketingCode,1
0049,LKUS_grant_new_user_coupon,realIpCountry,8
0049,LKUS_grant_new_user_coupon,discountLabels,8
0049,LKUS_grant_new_user_coupon,invitationCode,8
0049,LKUS_grant_new_user_coupon,realIpProvince,8
0049,LKUS_grant_new_user_coupon,recaptchaV3Token,8
0049,LKUS_grant_new_user_coupon,phoneNoEncryption,8
0049,LKUS_grant_new_user_coupon,recaptchaV3Action,8
0049,LKUS_grant_new_user_coupon,recaptchaV3Enabled,8
0049,LKUS_grant_new_user_coupon,couponDenominations,8
0049,LKUS_grant_new_user_coupon,couponDiscountTypes,8
0049,LKUS_grant_new_user_coupon,invitationActivityNo,1
0049,LKUS_grant_new_user_coupon,couponDiscountSubTypes,8
0049,LKUS_grant_new_user_coupon,couponDiscountTypeNames,8
0049,LKUS_physical_order_create,shumeiDevId,17
0049,LKUS_physical_order_create,shumengDevId,17
0049,LKUS_physical_order_create,tongdunBlackBox,17
0049,LKUS_payment,packagingBagPrice,2
0049,LKUS_payment,packagingBagNumber,2
0049,LKUS_grant_new_user_coupon,app,6
0050,LKUS_push,app,49
0050,LKUS_push,cid,52
0050,LKUS_push,uid,52
0050,LKUS_push,realIp,52
0050,LKUS_push,tenant,52
0050,LKUS_push,phoneNo,52
0050,LKUS_push,version,52
0050,LKUS_push,userAgent,52
0050,LKUS_push,realIpCity,52
0050,LKUS_push,countryCode,52
0050,LKUS_push,fullPhoneNo,52
0050,LKUS_push,phoneCountry,52
0050,LKUS_push,reviewRepeat,51
0050,LKUS_push,realIpCountry,52
0050,LKUS_push,realIpProvince,52
0050,LKUS_push,recaptchaV3Token,51
0050,LKUS_push,recaptchaV3Action,51
0050,LKUS_push,recaptchaV3Enabled,51
0050,LKUS_login,app,10
0050,LKUS_login,cid,16
0050,LKUS_login,uid,16
0050,LKUS_login,realIp,16
0050,LKUS_login,tenant,16
0050,LKUS_login,userNo,16
0050,LKUS_login,phoneNo,16
0050,LKUS_login,version,16
0050,LKUS_login,userAgent,16
0050,LKUS_login,realIpCity,16
0050,LKUS_login,countryCode,16
0050,LKUS_login,fullPhoneNo,16
0050,LKUS_login,phoneCountry,16
0050,LKUS_login,reviewRepeat,15
0050,LKUS_login,realIpCountry,16
0050,LKUS_login,realIpProvince,16
0050,LKUS_login,recaptchaV3Token,15
0050,LKUS_login,recaptchaV3Action,15
0050,LKUS_login,recaptchaV3Enabled,15
0050,LKUS_physical_order_create,app,61
0050,LKUS_physical_order_create,cid,80
0050,LKUS_physical_order_create,uid,80
0050,LKUS_physical_order_create,realIp,80
0050,LKUS_physical_order_create,shopId,80
0050,LKUS_physical_order_create,tenant,80
0050,LKUS_physical_order_create,userNo,80
0050,LKUS_physical_order_create,isGuest,80
0050,LKUS_physical_order_create,phoneNo,64
0050,LKUS_physical_order_create,version,80
0050,LKUS_physical_order_create,latitude,63
0050,LKUS_physical_order_create,longitude,63
0050,LKUS_physical_order_create,orderType,80
0050,LKUS_physical_order_create,taxAmount,80
0050,LKUS_physical_order_create,userAgent,80
0050,LKUS_physical_order_create,orderPrice,80
0050,LKUS_physical_order_create,realIpCity,80
0050,LKUS_physical_order_create,countryCode,80
0050,LKUS_physical_order_create,fullPhoneNo,64
0050,LKUS_physical_order_create,shopAddress,80
0050,LKUS_physical_order_create,phoneCountry,64
0050,LKUS_physical_order_create,reviewRepeat,58
0050,LKUS_physical_order_create,shopCityName,80
0050,LKUS_physical_order_create,shopLatitude,80
0050,LKUS_physical_order_create,isTaxRequired,80
0050,LKUS_physical_order_create,productAmount,80
0050,LKUS_physical_order_create,realIpCountry,80
0050,LKUS_physical_order_create,shopLongitude,80
0050,LKUS_physical_order_create,realIpProvince,80
0050,LKUS_physical_order_create,recaptchaV3Token,58
0050,LKUS_physical_order_create,recaptchaV3Action,58
0050,LKUS_physical_order_create,recaptchaV3Enabled,58
0050,LKUS_physical_order_create,packageOrderSkuCodes,6
0050,LKUS_physical_order_create,packageOrderSpuCodes,6
0050,LKUS_payment,app,63
0050,LKUS_payment,cid,83
0050,LKUS_payment,uid,83
0050,LKUS_payment,realIp,83
0050,LKUS_payment,shopId,83
0050,LKUS_payment,tenant,83
0050,LKUS_payment,userNo,83
0050,LKUS_payment,isGuest,83
0050,LKUS_payment,orderNo,83
0050,LKUS_payment,payType,83
0050,LKUS_payment,phoneNo,66
0050,LKUS_payment,version,83
0050,LKUS_payment,payMoney,83
0050,LKUS_payment,orderType,83
0050,LKUS_payment,taxAmount,83
0050,LKUS_payment,userAgent,83
0050,LKUS_payment,orderPrice,83
0050,LKUS_payment,realIpCity,83
0050,LKUS_payment,countryCode,66
0050,LKUS_payment,fullPhoneNo,66
0050,LKUS_payment,phoneCountry,66
0050,LKUS_payment,reviewRepeat,60
0050,LKUS_payment,isTaxRequired,83
0050,LKUS_payment,realIpCountry,83
0050,LKUS_payment,realIpProvince,83
0050,LKUS_payment,recaptchaV3Token,60
0050,LKUS_payment,recaptchaV3Action,60
0050,LKUS_payment,recaptchaV3Enabled,60
0050,LKUS_physical_order_create,shumeiDevId,17
0050,LKUS_physical_order_create,shumengDevId,17
0050,LKUS_physical_order_create,orderSkuCodes,75
0050,LKUS_physical_order_create,orderSpuCodes,75
0050,LKUS_physical_order_create,tongdunBlackBox,17
0050,LKUS_register,app,7
0050,LKUS_register,cid,9
0050,LKUS_register,uid,9
0050,LKUS_register,realIp,9
0050,LKUS_register,tenant,9
0050,LKUS_register,phoneNo,9
0050,LKUS_register,version,9
0050,LKUS_register,userAgent,9
0050,LKUS_register,realIpCity,9
0050,LKUS_register,countryCode,9
0050,LKUS_register,fullPhoneNo,9
0050,LKUS_register,phoneCountry,9
0050,LKUS_register,reviewRepeat,9
0050,LKUS_register,realIpCountry,9
0050,LKUS_register,realIpProvince,9
0050,LKUS_register,recaptchaV3Token,9
0050,LKUS_register,recaptchaV3Action,9
0050,LKUS_register,recaptchaV3Enabled,9
0050,LKUS_physical_order_create,couponNos,53
0050,LKUS_physical_order_create,couponNames,53
0050,LKUS_physical_order_create,couponTypes,53
0050,LKUS_physical_order_create,couponSources,53
0050,LKUS_physical_order_create,couponProposalNos,53
0050,LKUS_physical_order_create,couponTemplateIds,53
0050,LKUS_physical_order_create,couponDenomination,53
0050,LKUS_physical_order_create,couponDiscountTypes,53
0050,LKUS_physical_order_create,couponDiscountSubTypes,53
0050,LKUS_push,userNo,1
0050,LKUS_grant_new_user_coupon,app,5
0050,LKUS_grant_new_user_coupon,cid,6
0050,LKUS_grant_new_user_coupon,uid,6
0050,LKUS_grant_new_user_coupon,type,6
0050,LKUS_grant_new_user_coupon,extend,6
0050,LKUS_grant_new_user_coupon,origin,6
0050,LKUS_grant_new_user_coupon,realIp,6
0050,LKUS_grant_new_user_coupon,tenant,6
0050,LKUS_grant_new_user_coupon,userNo,6
0050,LKUS_grant_new_user_coupon,phoneNo,6
0050,LKUS_grant_new_user_coupon,readmes,6
0050,LKUS_grant_new_user_coupon,sceneId,6
0050,LKUS_grant_new_user_coupon,version,6
0050,LKUS_grant_new_user_coupon,discounts,6
0050,LKUS_grant_new_user_coupon,userAgent,6
0050,LKUS_grant_new_user_coupon,realIpCity,6
0050,LKUS_grant_new_user_coupon,countryCode,6
0050,LKUS_grant_new_user_coupon,couponNames,6
0050,LKUS_grant_new_user_coupon,couponTypes,6
0050,LKUS_grant_new_user_coupon,fullPhoneNo,6
0050,LKUS_grant_new_user_coupon,isBindPhone,6
0050,LKUS_grant_new_user_coupon,maskPhoneNo,6
0050,LKUS_grant_new_user_coupon,templateIds,6
0050,LKUS_grant_new_user_coupon,templateNos,6
0050,LKUS_grant_new_user_coupon,phoneCountry,6
0050,LKUS_grant_new_user_coupon,registerTime,6
0050,LKUS_grant_new_user_coupon,reviewRepeat,6
0050,LKUS_grant_new_user_coupon,realIpCountry,6
0050,LKUS_grant_new_user_coupon,discountLabels,6
0050,LKUS_grant_new_user_coupon,invitationCode,6
0050,LKUS_grant_new_user_coupon,realIpProvince,6
0050,LKUS_grant_new_user_coupon,recaptchaV3Token,6
0050,LKUS_grant_new_user_coupon,phoneNoEncryption,6
0050,LKUS_grant_new_user_coupon,recaptchaV3Action,6
0050,LKUS_grant_new_user_coupon,recaptchaV3Enabled,6
0050,LKUS_grant_new_user_coupon,couponDenominations,6
0050,LKUS_grant_new_user_coupon,couponDiscountTypes,6
0050,LKUS_grant_new_user_coupon,couponDiscountSubTypes,6
0050,LKUS_grant_new_user_coupon,couponDiscountTypeNames,6
0050,LKUS_payment,packagingBagPrice,4
0050,LKUS_payment,packagingBagNumber,4
0050,LKUS_physical_order_cancel,app,1
0050,LKUS_physical_order_cancel,cid,1
0050,LKUS_physical_order_cancel,uid,1
0050,LKUS_physical_order_cancel,realIp,1
0050,LKUS_physical_order_cancel,shopId,1
0050,LKUS_physical_order_cancel,tenant,1
0050,LKUS_physical_order_cancel,userNo,1
0050,LKUS_physical_order_cancel,isGuest,1
0050,LKUS_physical_order_cancel,orderNo,1
0050,LKUS_physical_order_cancel,phoneNo,1
0050,LKUS_physical_order_cancel,version,1
0050,LKUS_physical_order_cancel,shopCity,1
0050,LKUS_physical_order_cancel,userAgent,1
0050,LKUS_physical_order_cancel,realIpCity,1
0050,LKUS_physical_order_cancel,countryCode,1
0050,LKUS_physical_order_cancel,fullPhoneNo,1
0050,LKUS_physical_order_cancel,totalOfMade,1
0050,LKUS_physical_order_cancel,phoneCountry,1
0050,LKUS_physical_order_cancel,reviewRepeat,1
0050,LKUS_physical_order_cancel,realIpCountry,1
0050,LKUS_physical_order_cancel,realIpProvince,1
0050,LKUS_physical_order_cancel,recaptchaV3Token,1
0050,LKUS_physical_order_cancel,recaptchaV3Action,1
0050,LKUS_physical_order_cancel,recaptchaV3Enabled,1
0050,LKUS_physical_order_cancel,cancelTypeEnumIndex,1
0051,LKUS_push,app,33
0051,LKUS_push,cid,44
0051,LKUS_push,uid,44
0051,LKUS_push,realIp,44
0051,LKUS_push,tenant,44
0051,LKUS_push,phoneNo,44
0051,LKUS_push,version,44
0051,LKUS_push,userAgent,44
0051,LKUS_push,realIpCity,44
0051,LKUS_push,countryCode,44
0051,LKUS_push,fullPhoneNo,44
0051,LKUS_push,phoneCountry,44
0051,LKUS_push,reviewRepeat,37
0051,LKUS_push,realIpCountry,44
0051,LKUS_push,realIpProvince,44
0051,LKUS_push,recaptchaV3Token,37
0051,LKUS_push,recaptchaV3Action,37
0051,LKUS_push,recaptchaV3Enabled,37
0051,LKUS_register,app,12
0051,LKUS_register,cid,15
0051,LKUS_register,uid,15
0051,LKUS_register,realIp,15
0051,LKUS_register,tenant,15
0051,LKUS_register,phoneNo,15
0051,LKUS_register,version,15
0051,LKUS_register,userAgent,15
0051,LKUS_register,realIpCity,15
0051,LKUS_register,countryCode,15
0051,LKUS_register,fullPhoneNo,15
0051,LKUS_register,phoneCountry,15
0051,LKUS_register,reviewRepeat,14
0051,LKUS_register,realIpCountry,15
0051,LKUS_register,realIpProvince,15
0051,LKUS_register,recaptchaV3Token,14
0051,LKUS_register,recaptchaV3Action,14
0051,LKUS_register,recaptchaV3Enabled,14
0051,LKUS_login,app,12
0051,LKUS_login,cid,14
0051,LKUS_login,uid,14
0051,LKUS_login,realIp,14
0051,LKUS_login,tenant,14
0051,LKUS_login,userNo,14
0051,LKUS_login,phoneNo,14
0051,LKUS_login,version,14
0051,LKUS_login,userAgent,14
0051,LKUS_login,realIpCity,14
0051,LKUS_login,countryCode,14
0051,LKUS_login,fullPhoneNo,14
0051,LKUS_login,phoneCountry,14
0051,LKUS_login,reviewRepeat,13
0051,LKUS_login,realIpCountry,14
0051,LKUS_login,realIpProvince,14
0051,LKUS_login,recaptchaV3Token,13
0051,LKUS_login,recaptchaV3Action,13
0051,LKUS_login,recaptchaV3Enabled,13
0051,LKUS_physical_order_create,app,73
0051,LKUS_physical_order_create,cid,85
0051,LKUS_physical_order_create,uid,85
0051,LKUS_physical_order_create,realIp,85
0051,LKUS_physical_order_create,shopId,85
0051,LKUS_physical_order_create,tenant,85
0051,LKUS_physical_order_create,userNo,85
0051,LKUS_physical_order_create,isGuest,85
0051,LKUS_physical_order_create,phoneNo,74
0051,LKUS_physical_order_create,version,85
0051,LKUS_physical_order_create,latitude,74
0051,LKUS_physical_order_create,couponNos,63
0051,LKUS_physical_order_create,longitude,74
0051,LKUS_physical_order_create,orderType,85
0051,LKUS_physical_order_create,taxAmount,85
0051,LKUS_physical_order_create,userAgent,85
0051,LKUS_physical_order_create,orderPrice,85
0051,LKUS_physical_order_create,realIpCity,85
0051,LKUS_physical_order_create,countryCode,85
0051,LKUS_physical_order_create,couponNames,63
0051,LKUS_physical_order_create,couponTypes,63
0051,LKUS_physical_order_create,fullPhoneNo,74
0051,LKUS_physical_order_create,shopAddress,85
0051,LKUS_physical_order_create,phoneCountry,74
0051,LKUS_physical_order_create,reviewRepeat,72
0051,LKUS_physical_order_create,shopCityName,85
0051,LKUS_physical_order_create,shopLatitude,85
0051,LKUS_physical_order_create,couponSources,63
0051,LKUS_physical_order_create,isTaxRequired,85
0051,LKUS_physical_order_create,orderSkuCodes,80
0051,LKUS_physical_order_create,orderSpuCodes,80
0051,LKUS_physical_order_create,productAmount,85
0051,LKUS_physical_order_create,realIpCountry,85
0051,LKUS_physical_order_create,shopLongitude,85
0051,LKUS_physical_order_create,realIpProvince,85
0051,LKUS_physical_order_create,recaptchaV3Token,72
0051,LKUS_physical_order_create,couponProposalNos,63
0051,LKUS_physical_order_create,couponTemplateIds,63
0051,LKUS_physical_order_create,recaptchaV3Action,72
0051,LKUS_physical_order_create,couponDenomination,63
0051,LKUS_physical_order_create,recaptchaV3Enabled,72
0051,LKUS_physical_order_create,couponDiscountTypes,63
0051,LKUS_physical_order_create,packageOrderSkuCodes,6
0051,LKUS_physical_order_create,packageOrderSpuCodes,6
0051,LKUS_physical_order_create,couponDiscountSubTypes,63
0051,LKUS_payment,app,75
0051,LKUS_payment,cid,87
0051,LKUS_payment,uid,87
0051,LKUS_payment,realIp,87
0051,LKUS_payment,shopId,87
0051,LKUS_payment,tenant,87
0051,LKUS_payment,userNo,87
0051,LKUS_payment,isGuest,87
0051,LKUS_payment,orderNo,87
0051,LKUS_payment,payType,87
0051,LKUS_payment,phoneNo,76
0051,LKUS_payment,version,87
0051,LKUS_payment,payMoney,87
0051,LKUS_payment,orderType,87
0051,LKUS_payment,taxAmount,87
0051,LKUS_payment,userAgent,87
0051,LKUS_payment,orderPrice,87
0051,LKUS_payment,realIpCity,87
0051,LKUS_payment,countryCode,76
0051,LKUS_payment,fullPhoneNo,76
0051,LKUS_payment,phoneCountry,76
0051,LKUS_payment,reviewRepeat,74
0051,LKUS_payment,isTaxRequired,87
0051,LKUS_payment,realIpCountry,87
0051,LKUS_payment,realIpProvince,87
0051,LKUS_payment,recaptchaV3Token,74
0051,LKUS_payment,recaptchaV3Action,74
0051,LKUS_payment,recaptchaV3Enabled,74
0051,LKUS_physical_order_create,shumeiDevId,11
0051,LKUS_physical_order_create,shumengDevId,11
0051,LKUS_physical_order_create,tongdunBlackBox,11
0051,LKUS_grant_new_user_coupon,app,6
0051,LKUS_grant_new_user_coupon,cid,7
0051,LKUS_grant_new_user_coupon,uid,7
0051,LKUS_grant_new_user_coupon,type,7
0051,LKUS_grant_new_user_coupon,extend,7
0051,LKUS_grant_new_user_coupon,origin,7
0051,LKUS_grant_new_user_coupon,realIp,7
0051,LKUS_grant_new_user_coupon,tenant,7
0051,LKUS_grant_new_user_coupon,userNo,7
0051,LKUS_grant_new_user_coupon,phoneNo,7
0051,LKUS_grant_new_user_coupon,readmes,7
0051,LKUS_grant_new_user_coupon,sceneId,7
0051,LKUS_grant_new_user_coupon,version,7
0051,LKUS_grant_new_user_coupon,discounts,7
0051,LKUS_grant_new_user_coupon,userAgent,7
0051,LKUS_grant_new_user_coupon,realIpCity,7
0051,LKUS_grant_new_user_coupon,countryCode,7
0051,LKUS_grant_new_user_coupon,couponNames,7
0051,LKUS_grant_new_user_coupon,couponTypes,7
0051,LKUS_grant_new_user_coupon,fullPhoneNo,7
0051,LKUS_grant_new_user_coupon,isBindPhone,7
0051,LKUS_grant_new_user_coupon,maskPhoneNo,7
0051,LKUS_grant_new_user_coupon,templateIds,7
0051,LKUS_grant_new_user_coupon,templateNos,7
0051,LKUS_grant_new_user_coupon,phoneCountry,7
0051,LKUS_grant_new_user_coupon,registerTime,7
0051,LKUS_grant_new_user_coupon,reviewRepeat,7
0051,LKUS_grant_new_user_coupon,realIpCountry,7
0051,LKUS_grant_new_user_coupon,discountLabels,7
0051,LKUS_grant_new_user_coupon,invitationCode,7
0051,LKUS_grant_new_user_coupon,realIpProvince,7
0051,LKUS_grant_new_user_coupon,recaptchaV3Token,7
0051,LKUS_grant_new_user_coupon,phoneNoEncryption,7
0051,LKUS_grant_new_user_coupon,recaptchaV3Action,7
0051,LKUS_grant_new_user_coupon,recaptchaV3Enabled,7
0051,LKUS_grant_new_user_coupon,couponDenominations,7
0051,LKUS_grant_new_user_coupon,couponDiscountTypes,7
0051,LKUS_grant_new_user_coupon,couponDiscountSubTypes,7
0051,LKUS_grant_new_user_coupon,couponDiscountTypeNames,7
0051,LKUS_payment,packagingBagPrice,4
0051,LKUS_payment,packagingBagNumber,4
0051,LKUS_push,userNo,2
0051,LKUS_grant_new_user_coupon,inviterCode,1
0051,LKUS_grant_new_user_coupon,inviterType,1
0051,LKUS_grant_new_user_coupon,inviterPhone,1
0051,LKUS_grant_new_user_coupon,inviterUserNo,1
0051,LKUS_grant_new_user_coupon,marketingCode,1
0051,LKUS_grant_new_user_coupon,invitationActivityNo,1
0051,LKUS_physical_order_cancel,app,1
0051,LKUS_physical_order_cancel,cid,1
0051,LKUS_physical_order_cancel,uid,1
0051,LKUS_physical_order_cancel,realIp,1
0051,LKUS_physical_order_cancel,shopId,1
0051,LKUS_physical_order_cancel,tenant,1
0051,LKUS_physical_order_cancel,userNo,1
0051,LKUS_physical_order_cancel,isGuest,1
0051,LKUS_physical_order_cancel,orderNo,1
0051,LKUS_physical_order_cancel,phoneNo,1
0051,LKUS_physical_order_cancel,version,1
0051,LKUS_physical_order_cancel,shopCity,1
0051,LKUS_physical_order_cancel,userAgent,1
0051,LKUS_physical_order_cancel,realIpCity,1
0051,LKUS_physical_order_cancel,countryCode,1
0051,LKUS_physical_order_cancel,fullPhoneNo,1
0051,LKUS_physical_order_cancel,totalOfMade,1
0051,LKUS_physical_order_cancel,phoneCountry,1
0051,LKUS_physical_order_cancel,reviewRepeat,1
0051,LKUS_physical_order_cancel,realIpCountry,1
0051,LKUS_physical_order_cancel,realIpProvince,1
0051,LKUS_physical_order_cancel,recaptchaV3Token,1
0051,LKUS_physical_order_cancel,recaptchaV3Action,1
0051,LKUS_physical_order_cancel,recaptchaV3Enabled,1
0051,LKUS_physical_order_cancel,cancelTypeEnumIndex,1
0052,LKUS_push,app,52
0052,LKUS_push,cid,53
0052,LKUS_push,uid,53
0052,LKUS_push,realIp,53
0052,LKUS_push,tenant,53
0052,LKUS_push,phoneNo,53
0052,LKUS_push,version,53
0052,LKUS_push,userAgent,53
0052,LKUS_push,realIpCity,53
0052,LKUS_push,countryCode,53
0052,LKUS_push,fullPhoneNo,53
0052,LKUS_push,phoneCountry,53
0052,LKUS_push,reviewRepeat,53
0052,LKUS_push,realIpCountry,53
0052,LKUS_push,realIpProvince,53
0052,LKUS_push,recaptchaV3Token,53
0052,LKUS_push,recaptchaV3Action,53
0052,LKUS_push,recaptchaV3Enabled,53
0052,LKUS_physical_order_create,app,60
0052,LKUS_physical_order_create,cid,73
0052,LKUS_physical_order_create,uid,73
0052,LKUS_physical_order_create,realIp,73
0052,LKUS_physical_order_create,shopId,73
0052,LKUS_physical_order_create,tenant,73
0052,LKUS_physical_order_create,userNo,73
0052,LKUS_physical_order_create,isGuest,73
0052,LKUS_physical_order_create,phoneNo,60
0052,LKUS_physical_order_create,version,73
0052,LKUS_physical_order_create,latitude,61
0052,LKUS_physical_order_create,couponNos,50
0052,LKUS_physical_order_create,longitude,61
0052,LKUS_physical_order_create,orderType,73
0052,LKUS_physical_order_create,taxAmount,73
0052,LKUS_physical_order_create,userAgent,73
0052,LKUS_physical_order_create,orderPrice,73
0052,LKUS_physical_order_create,realIpCity,73
0052,LKUS_physical_order_create,countryCode,73
0052,LKUS_physical_order_create,couponNames,50
0052,LKUS_physical_order_create,couponTypes,50
0052,LKUS_physical_order_create,fullPhoneNo,60
0052,LKUS_physical_order_create,shopAddress,73
0052,LKUS_physical_order_create,phoneCountry,60
0052,LKUS_physical_order_create,reviewRepeat,56
0052,LKUS_physical_order_create,shopCityName,73
0052,LKUS_physical_order_create,shopLatitude,73
0052,LKUS_physical_order_create,couponSources,50
0052,LKUS_physical_order_create,isTaxRequired,73
0052,LKUS_physical_order_create,orderSkuCodes,71
0052,LKUS_physical_order_create,orderSpuCodes,71
0052,LKUS_physical_order_create,productAmount,73
0052,LKUS_physical_order_create,realIpCountry,73
0052,LKUS_physical_order_create,shopLongitude,73
0052,LKUS_physical_order_create,realIpProvince,73
0052,LKUS_physical_order_create,recaptchaV3Token,56
0052,LKUS_physical_order_create,couponProposalNos,50
0052,LKUS_physical_order_create,couponTemplateIds,50
0052,LKUS_physical_order_create,recaptchaV3Action,56
0052,LKUS_physical_order_create,couponDenomination,50
0052,LKUS_physical_order_create,recaptchaV3Enabled,56
0052,LKUS_physical_order_create,couponDiscountTypes,50
0052,LKUS_physical_order_create,couponDiscountSubTypes,50
0052,LKUS_payment,app,59
0052,LKUS_payment,cid,73
0052,LKUS_payment,uid,73
0052,LKUS_payment,realIp,73
0052,LKUS_payment,shopId,73
0052,LKUS_payment,tenant,73
0052,LKUS_payment,userNo,73
0052,LKUS_payment,isGuest,73
0052,LKUS_payment,orderNo,73
0052,LKUS_payment,payType,73
0052,LKUS_payment,phoneNo,59
0052,LKUS_payment,version,73
0052,LKUS_payment,payMoney,73
0052,LKUS_payment,orderType,73
0052,LKUS_payment,taxAmount,73
0052,LKUS_payment,userAgent,73
0052,LKUS_payment,orderPrice,73
0052,LKUS_payment,realIpCity,73
0052,LKUS_payment,countryCode,59
0052,LKUS_payment,fullPhoneNo,59
0052,LKUS_payment,phoneCountry,59
0052,LKUS_payment,reviewRepeat,55
0052,LKUS_payment,isTaxRequired,73
0052,LKUS_payment,realIpCountry,73
0052,LKUS_payment,realIpProvince,73
0052,LKUS_payment,recaptchaV3Token,55
0052,LKUS_payment,recaptchaV3Action,55
0052,LKUS_payment,recaptchaV3Enabled,55
0052,LKUS_physical_order_create,shumeiDevId,12
0052,LKUS_physical_order_create,shumengDevId,12
0052,LKUS_physical_order_create,tongdunBlackBox,12
0052,LKUS_register,app,11
0052,LKUS_register,cid,12
0052,LKUS_register,uid,12
0052,LKUS_register,realIp,12
0052,LKUS_register,tenant,12
0052,LKUS_register,phoneNo,12
0052,LKUS_register,version,12
0052,LKUS_register,userAgent,12
0052,LKUS_register,realIpCity,12
0052,LKUS_register,countryCode,12
0052,LKUS_register,fullPhoneNo,12
0052,LKUS_register,phoneCountry,12
0052,LKUS_register,reviewRepeat,12
0052,LKUS_register,realIpCountry,12
0052,LKUS_register,realIpProvince,12
0052,LKUS_register,recaptchaV3Token,12
0052,LKUS_register,recaptchaV3Action,12
0052,LKUS_register,recaptchaV3Enabled,12
0052,LKUS_login,app,8
0052,LKUS_login,cid,9
0052,LKUS_login,uid,9
0052,LKUS_login,realIp,9
0052,LKUS_login,tenant,9
0052,LKUS_login,userNo,9
0052,LKUS_login,phoneNo,9
0052,LKUS_login,version,9
0052,LKUS_login,userAgent,9
0052,LKUS_login,realIpCity,9
0052,LKUS_login,countryCode,9
0052,LKUS_login,fullPhoneNo,9
0052,LKUS_login,phoneCountry,9
0052,LKUS_login,reviewRepeat,8
0052,LKUS_login,realIpCountry,9
0052,LKUS_login,realIpProvince,9
0052,LKUS_login,recaptchaV3Token,8
0052,LKUS_login,recaptchaV3Action,8
0052,LKUS_login,recaptchaV3Enabled,8
0052,LKUS_grant_new_user_coupon,app,5
0052,LKUS_grant_new_user_coupon,cid,5
0052,LKUS_grant_new_user_coupon,uid,5
0052,LKUS_grant_new_user_coupon,type,5
0052,LKUS_grant_new_user_coupon,extend,5
0052,LKUS_grant_new_user_coupon,origin,5
0052,LKUS_grant_new_user_coupon,realIp,5
0052,LKUS_grant_new_user_coupon,tenant,5
0052,LKUS_grant_new_user_coupon,userNo,5
0052,LKUS_grant_new_user_coupon,phoneNo,5
0052,LKUS_grant_new_user_coupon,readmes,5
0052,LKUS_grant_new_user_coupon,sceneId,5
0052,LKUS_grant_new_user_coupon,version,5
0052,LKUS_grant_new_user_coupon,discounts,5
0052,LKUS_grant_new_user_coupon,userAgent,5
0052,LKUS_grant_new_user_coupon,realIpCity,5
0052,LKUS_grant_new_user_coupon,countryCode,5
0052,LKUS_grant_new_user_coupon,couponNames,5
0052,LKUS_grant_new_user_coupon,couponTypes,5
0052,LKUS_grant_new_user_coupon,fullPhoneNo,5
0052,LKUS_grant_new_user_coupon,isBindPhone,5
0052,LKUS_grant_new_user_coupon,maskPhoneNo,5
0052,LKUS_grant_new_user_coupon,templateIds,5
0052,LKUS_grant_new_user_coupon,templateNos,5
0052,LKUS_grant_new_user_coupon,phoneCountry,5
0052,LKUS_grant_new_user_coupon,registerTime,5
0052,LKUS_grant_new_user_coupon,reviewRepeat,5
0052,LKUS_grant_new_user_coupon,realIpCountry,5
0052,LKUS_grant_new_user_coupon,discountLabels,5
0052,LKUS_grant_new_user_coupon,invitationCode,5
0052,LKUS_grant_new_user_coupon,realIpProvince,5
0052,LKUS_grant_new_user_coupon,recaptchaV3Token,5
0052,LKUS_grant_new_user_coupon,phoneNoEncryption,5
0052,LKUS_grant_new_user_coupon,recaptchaV3Action,5
0052,LKUS_grant_new_user_coupon,recaptchaV3Enabled,5
0052,LKUS_grant_new_user_coupon,couponDenominations,5
0052,LKUS_grant_new_user_coupon,couponDiscountTypes,5
0052,LKUS_grant_new_user_coupon,couponDiscountSubTypes,5
0052,LKUS_grant_new_user_coupon,couponDiscountTypeNames,5
0052,LKUS_physical_order_create,packageOrderSkuCodes,2
0052,LKUS_physical_order_create,packageOrderSpuCodes,2
0052,LKUS_physical_order_cancel,app,2
0052,LKUS_physical_order_cancel,cid,2
0052,LKUS_physical_order_cancel,uid,2
0052,LKUS_physical_order_cancel,realIp,2
0052,LKUS_physical_order_cancel,shopId,2
0052,LKUS_physical_order_cancel,tenant,2
0052,LKUS_physical_order_cancel,userNo,2
0052,LKUS_physical_order_cancel,isGuest,2
0052,LKUS_physical_order_cancel,orderNo,2
0052,LKUS_physical_order_cancel,phoneNo,2
0052,LKUS_physical_order_cancel,version,2
0052,LKUS_physical_order_cancel,shopCity,2
0052,LKUS_physical_order_cancel,userAgent,2
0052,LKUS_physical_order_cancel,realIpCity,2
0052,LKUS_physical_order_cancel,countryCode,2
0052,LKUS_physical_order_cancel,fullPhoneNo,2
0052,LKUS_physical_order_cancel,totalOfMade,2
0052,LKUS_physical_order_cancel,phoneCountry,2
0052,LKUS_physical_order_cancel,reviewRepeat,2
0052,LKUS_physical_order_cancel,realIpCountry,2
0052,LKUS_physical_order_cancel,realIpProvince,2
0052,LKUS_physical_order_cancel,recaptchaV3Token,2
0052,LKUS_physical_order_cancel,recaptchaV3Action,2
0052,LKUS_physical_order_cancel,recaptchaV3Enabled,2
0052,LKUS_physical_order_cancel,cancelTypeEnumIndex,2
0052,LKUS_payment,packagingBagPrice,1
0052,LKUS_payment,packagingBagNumber,1
0053,LKUS_push,app,26
0053,LKUS_push,cid,43
0053,LKUS_push,uid,43
0053,LKUS_push,realIp,43
0053,LKUS_push,tenant,43
0053,LKUS_push,phoneNo,43
0053,LKUS_push,version,43
0053,LKUS_push,userAgent,43
0053,LKUS_push,realIpCity,43
0053,LKUS_push,countryCode,43
0053,LKUS_push,fullPhoneNo,43
0053,LKUS_push,phoneCountry,43
0053,LKUS_push,reviewRepeat,40
0053,LKUS_push,realIpCountry,43
0053,LKUS_push,realIpProvince,43
0053,LKUS_push,recaptchaV3Token,39
0053,LKUS_push,recaptchaV3Action,39
0053,LKUS_push,recaptchaV3Enabled,40
0053,LKUS_register,app,5
0053,LKUS_register,cid,5
0053,LKUS_register,uid,5
0053,LKUS_register,realIp,5
0053,LKUS_register,tenant,5
0053,LKUS_register,phoneNo,5
0053,LKUS_register,version,5
0053,LKUS_register,userAgent,5
0053,LKUS_register,realIpCity,5
0053,LKUS_register,countryCode,5
0053,LKUS_register,fullPhoneNo,5
0053,LKUS_register,phoneCountry,5
0053,LKUS_register,reviewRepeat,5
0053,LKUS_register,realIpCountry,5
0053,LKUS_register,realIpProvince,5
0053,LKUS_register,recaptchaV3Token,5
0053,LKUS_register,recaptchaV3Action,5
0053,LKUS_register,recaptchaV3Enabled,5
0053,LKUS_physical_order_create,app,73
0053,LKUS_physical_order_create,cid,84
0053,LKUS_physical_order_create,uid,84
0053,LKUS_physical_order_create,realIp,84
0053,LKUS_physical_order_create,shopId,84
0053,LKUS_physical_order_create,tenant,84
0053,LKUS_physical_order_create,userNo,84
0053,LKUS_physical_order_create,isGuest,84
0053,LKUS_physical_order_create,phoneNo,74
0053,LKUS_physical_order_create,version,84
0053,LKUS_physical_order_create,latitude,74
0053,LKUS_physical_order_create,couponNos,65
0053,LKUS_physical_order_create,longitude,74
0053,LKUS_physical_order_create,orderType,84
0053,LKUS_physical_order_create,taxAmount,84
0053,LKUS_physical_order_create,userAgent,84
0053,LKUS_physical_order_create,orderPrice,84
0053,LKUS_physical_order_create,realIpCity,84
0053,LKUS_physical_order_create,countryCode,84
0053,LKUS_physical_order_create,couponNames,65
0053,LKUS_physical_order_create,couponTypes,65
0053,LKUS_physical_order_create,fullPhoneNo,74
0053,LKUS_physical_order_create,shopAddress,84
0053,LKUS_physical_order_create,phoneCountry,74
0053,LKUS_physical_order_create,reviewRepeat,73
0053,LKUS_physical_order_create,shopCityName,84
0053,LKUS_physical_order_create,shopLatitude,84
0053,LKUS_physical_order_create,couponSources,65
0053,LKUS_physical_order_create,isTaxRequired,84
0053,LKUS_physical_order_create,orderSkuCodes,80
0053,LKUS_physical_order_create,orderSpuCodes,80
0053,LKUS_physical_order_create,productAmount,84
0053,LKUS_physical_order_create,realIpCountry,84
0053,LKUS_physical_order_create,shopLongitude,84
0053,LKUS_physical_order_create,realIpProvince,84
0053,LKUS_physical_order_create,recaptchaV3Token,73
0053,LKUS_physical_order_create,couponProposalNos,65
0053,LKUS_physical_order_create,couponTemplateIds,65
0053,LKUS_physical_order_create,recaptchaV3Action,73
0053,LKUS_physical_order_create,couponDenomination,65
0053,LKUS_physical_order_create,recaptchaV3Enabled,73
0053,LKUS_physical_order_create,couponDiscountTypes,65
0053,LKUS_physical_order_create,couponDiscountSubTypes,65
0053,LKUS_payment,app,74
0053,LKUS_payment,cid,92
0053,LKUS_payment,uid,92
0053,LKUS_payment,realIp,92
0053,LKUS_payment,shopId,92
0053,LKUS_payment,tenant,92
0053,LKUS_payment,userNo,92
0053,LKUS_payment,isGuest,92
0053,LKUS_payment,orderNo,92
0053,LKUS_payment,payType,92
0053,LKUS_payment,phoneNo,75
0053,LKUS_payment,version,92
0053,LKUS_payment,payMoney,92
0053,LKUS_payment,orderType,92
0053,LKUS_payment,taxAmount,92
0053,LKUS_payment,userAgent,92
0053,LKUS_payment,orderPrice,92
0053,LKUS_payment,realIpCity,92
0053,LKUS_payment,countryCode,75
0053,LKUS_payment,fullPhoneNo,75
0053,LKUS_payment,phoneCountry,75
0053,LKUS_payment,reviewRepeat,74
0053,LKUS_payment,isTaxRequired,92
0053,LKUS_payment,realIpCountry,92
0053,LKUS_payment,realIpProvince,92
0053,LKUS_payment,recaptchaV3Token,74
0053,LKUS_payment,recaptchaV3Action,74
0053,LKUS_payment,recaptchaV3Enabled,74
0053,LKUS_login,app,13
0053,LKUS_login,cid,15
0053,LKUS_login,uid,15
0053,LKUS_login,realIp,15
0053,LKUS_login,tenant,15
0053,LKUS_login,userNo,15
0053,LKUS_login,phoneNo,15
0053,LKUS_login,version,15
0053,LKUS_login,userAgent,15
0053,LKUS_login,realIpCity,15
0053,LKUS_login,countryCode,15
0053,LKUS_login,fullPhoneNo,15
0053,LKUS_login,phoneCountry,15
0053,LKUS_login,reviewRepeat,15
0053,LKUS_login,realIpCountry,15
0053,LKUS_login,realIpProvince,15
0053,LKUS_login,recaptchaV3Token,15
0053,LKUS_login,recaptchaV3Action,15
0053,LKUS_login,recaptchaV3Enabled,15
0053,LKUS_physical_order_create,shumeiDevId,10
0053,LKUS_physical_order_create,shumengDevId,10
0053,LKUS_physical_order_create,tongdunBlackBox,10
0053,LKUS_physical_order_create,packageOrderSkuCodes,5
0053,LKUS_physical_order_create,packageOrderSpuCodes,5
0053,LKUS_grant_new_user_coupon,app,7
0053,LKUS_grant_new_user_coupon,cid,8
0053,LKUS_grant_new_user_coupon,uid,8
0053,LKUS_grant_new_user_coupon,type,8
0053,LKUS_grant_new_user_coupon,extend,8
0053,LKUS_grant_new_user_coupon,origin,8
0053,LKUS_grant_new_user_coupon,realIp,8
0053,LKUS_grant_new_user_coupon,tenant,8
0053,LKUS_grant_new_user_coupon,userNo,8
0053,LKUS_grant_new_user_coupon,phoneNo,8
0053,LKUS_grant_new_user_coupon,readmes,8
0053,LKUS_grant_new_user_coupon,sceneId,8
0053,LKUS_grant_new_user_coupon,version,8
0053,LKUS_grant_new_user_coupon,discounts,8
0053,LKUS_grant_new_user_coupon,userAgent,8
0053,LKUS_grant_new_user_coupon,realIpCity,8
0053,LKUS_grant_new_user_coupon,countryCode,8
0053,LKUS_grant_new_user_coupon,couponNames,8
0053,LKUS_grant_new_user_coupon,couponTypes,8
0053,LKUS_grant_new_user_coupon,fullPhoneNo,8
0053,LKUS_grant_new_user_coupon,isBindPhone,8
0053,LKUS_grant_new_user_coupon,maskPhoneNo,8
0053,LKUS_grant_new_user_coupon,templateIds,8
0053,LKUS_grant_new_user_coupon,templateNos,8
0053,LKUS_grant_new_user_coupon,phoneCountry,8
0053,LKUS_grant_new_user_coupon,registerTime,8
0053,LKUS_grant_new_user_coupon,reviewRepeat,8
0053,LKUS_grant_new_user_coupon,realIpCountry,8
0053,LKUS_grant_new_user_coupon,discountLabels,8
0053,LKUS_grant_new_user_coupon,invitationCode,8
0053,LKUS_grant_new_user_coupon,realIpProvince,8
0053,LKUS_grant_new_user_coupon,recaptchaV3Token,8
0053,LKUS_grant_new_user_coupon,phoneNoEncryption,8
0053,LKUS_grant_new_user_coupon,recaptchaV3Action,8
0053,LKUS_grant_new_user_coupon,recaptchaV3Enabled,8
0053,LKUS_grant_new_user_coupon,couponDenominations,8
0053,LKUS_grant_new_user_coupon,couponDiscountTypes,8
0053,LKUS_grant_new_user_coupon,couponDiscountSubTypes,8
0053,LKUS_grant_new_user_coupon,couponDiscountTypeNames,8
0053,LKUS_push,userNo,3
0053,LKUS_grant_new_user_coupon,inviterCode,1
0053,LKUS_grant_new_user_coupon,inviterType,1
0053,LKUS_grant_new_user_coupon,inviterPhone,1
0053,LKUS_grant_new_user_coupon,inviterUserNo,1
0053,LKUS_grant_new_user_coupon,marketingCode,1
0053,LKUS_grant_new_user_coupon,invitationActivityNo,1
0053,LKUS_payment,packagingBagPrice,1
0053,LKUS_payment,packagingBagNumber,1
0053,LKUS_captcha,cid,1
0053,LKUS_captcha,uid,1
0053,LKUS_captcha,realIp,1
0053,LKUS_captcha,tenant,1
0053,LKUS_captcha,isGuest,1
0053,LKUS_captcha,phoneNo,1
0053,LKUS_captcha,version,1
0053,LKUS_captcha,eventName,1
0053,LKUS_captcha,userAgent,1
0053,LKUS_captcha,realIpCity,1
0053,LKUS_captcha,countryCode,1
0053,LKUS_captcha,fullPhoneNo,1
0053,LKUS_captcha,captchaScene,1
0053,LKUS_captcha,phoneCountry,1
0053,LKUS_captcha,reviewRepeat,1
0053,LKUS_captcha,realIpCountry,1
0053,LKUS_captcha,realIpProvince,1
0053,LKUS_captcha,verifyCodeType,1
0053,LKUS_captcha,recaptchaV2Token,1
0053,LKUS_captcha,recaptchaV3Token,1
0053,LKUS_captcha,recaptchaV3Action,1
0053,LKUS_captcha,verifyCodeTypeName,1
0054,LKUS_push,app,38
0054,LKUS_push,cid,47
0054,LKUS_push,uid,47
0054,LKUS_push,realIp,47
0054,LKUS_push,tenant,47
0054,LKUS_push,phoneNo,47
0054,LKUS_push,version,47
0054,LKUS_push,userAgent,47
0054,LKUS_push,realIpCity,47
0054,LKUS_push,countryCode,47
0054,LKUS_push,fullPhoneNo,47
0054,LKUS_push,phoneCountry,47
0054,LKUS_push,reviewRepeat,39
0054,LKUS_push,realIpCountry,47
0054,LKUS_push,realIpProvince,47
0054,LKUS_push,recaptchaV3Token,37
0054,LKUS_push,recaptchaV3Action,37
0054,LKUS_push,recaptchaV3Enabled,39
0054,LKUS_physical_order_create,app,70
0054,LKUS_physical_order_create,cid,79
0054,LKUS_physical_order_create,uid,79
0054,LKUS_physical_order_create,realIp,79
0054,LKUS_physical_order_create,shopId,79
0054,LKUS_physical_order_create,tenant,79
0054,LKUS_physical_order_create,userNo,79
0054,LKUS_physical_order_create,isGuest,79
0054,LKUS_physical_order_create,phoneNo,71
0054,LKUS_physical_order_create,version,79
0054,LKUS_physical_order_create,latitude,71
0054,LKUS_physical_order_create,longitude,71
0054,LKUS_physical_order_create,orderType,79
0054,LKUS_physical_order_create,taxAmount,79
0054,LKUS_physical_order_create,userAgent,79
0054,LKUS_physical_order_create,orderPrice,78
0054,LKUS_physical_order_create,realIpCity,79
0054,LKUS_physical_order_create,countryCode,79
0054,LKUS_physical_order_create,fullPhoneNo,71
0054,LKUS_physical_order_create,shopAddress,79
0054,LKUS_physical_order_create,phoneCountry,71
0054,LKUS_physical_order_create,reviewRepeat,69
0054,LKUS_physical_order_create,shopCityName,79
0054,LKUS_physical_order_create,shopLatitude,79
0054,LKUS_physical_order_create,isTaxRequired,79
0054,LKUS_physical_order_create,orderSkuCodes,77
0054,LKUS_physical_order_create,orderSpuCodes,77
0054,LKUS_physical_order_create,productAmount,79
0054,LKUS_physical_order_create,realIpCountry,79
0054,LKUS_physical_order_create,shopLongitude,79
0054,LKUS_physical_order_create,realIpProvince,79
0054,LKUS_physical_order_create,recaptchaV3Token,69
0054,LKUS_physical_order_create,recaptchaV3Action,69
0054,LKUS_physical_order_create,recaptchaV3Enabled,69
0054,LKUS_payment,app,68
0054,LKUS_payment,cid,77
0054,LKUS_payment,uid,77
0054,LKUS_payment,realIp,77
0054,LKUS_payment,shopId,77
0054,LKUS_payment,tenant,77
0054,LKUS_payment,userNo,77
0054,LKUS_payment,isGuest,77
0054,LKUS_payment,orderNo,77
0054,LKUS_payment,payType,77
0054,LKUS_payment,phoneNo,69
0054,LKUS_payment,version,77
0054,LKUS_payment,payMoney,77
0054,LKUS_payment,orderType,77
0054,LKUS_payment,taxAmount,77
0054,LKUS_payment,userAgent,77
0054,LKUS_payment,orderPrice,77
0054,LKUS_payment,realIpCity,77
0054,LKUS_payment,countryCode,69
0054,LKUS_payment,fullPhoneNo,69
0054,LKUS_payment,phoneCountry,69
0054,LKUS_payment,reviewRepeat,67
0054,LKUS_payment,isTaxRequired,77
0054,LKUS_payment,realIpCountry,77
0054,LKUS_payment,realIpProvince,77
0054,LKUS_payment,recaptchaV3Token,67
0054,LKUS_payment,recaptchaV3Action,67
0054,LKUS_payment,recaptchaV3Enabled,67
0054,LKUS_physical_order_create,couponNos,61
0054,LKUS_physical_order_create,couponNames,61
0054,LKUS_physical_order_create,couponTypes,61
0054,LKUS_physical_order_create,couponSources,61
0054,LKUS_physical_order_create,couponProposalNos,61
0054,LKUS_physical_order_create,couponTemplateIds,61
0054,LKUS_physical_order_create,couponDenomination,61
0054,LKUS_physical_order_create,couponDiscountTypes,61
0054,LKUS_physical_order_create,couponDiscountSubTypes,61
0054,LKUS_login,app,10
0054,LKUS_login,cid,11
0054,LKUS_login,uid,11
0054,LKUS_login,realIp,11
0054,LKUS_login,tenant,11
0054,LKUS_login,userNo,11
0054,LKUS_login,phoneNo,11
0054,LKUS_login,version,11
0054,LKUS_login,userAgent,11
0054,LKUS_login,realIpCity,11
0054,LKUS_login,countryCode,11
0054,LKUS_login,fullPhoneNo,11
0054,LKUS_login,phoneCountry,11
0054,LKUS_login,reviewRepeat,11
0054,LKUS_login,realIpCountry,11
0054,LKUS_login,realIpProvince,11
0054,LKUS_login,recaptchaV3Token,11
0054,LKUS_login,recaptchaV3Action,11
0054,LKUS_login,recaptchaV3Enabled,11
0054,LKUS_physical_order_create,packageOrderSkuCodes,2
0054,LKUS_physical_order_create,packageOrderSpuCodes,2
0054,LKUS_grant_new_user_coupon,app,3
0054,LKUS_grant_new_user_coupon,cid,4
0054,LKUS_grant_new_user_coupon,uid,4
0054,LKUS_grant_new_user_coupon,type,4
0054,LKUS_grant_new_user_coupon,extend,4
0054,LKUS_grant_new_user_coupon,origin,4
0054,LKUS_grant_new_user_coupon,realIp,4
0054,LKUS_grant_new_user_coupon,tenant,4
0054,LKUS_grant_new_user_coupon,userNo,4
0054,LKUS_grant_new_user_coupon,phoneNo,4
0054,LKUS_grant_new_user_coupon,readmes,4
0054,LKUS_grant_new_user_coupon,sceneId,4
0054,LKUS_grant_new_user_coupon,version,4
0054,LKUS_grant_new_user_coupon,discounts,4
0054,LKUS_grant_new_user_coupon,userAgent,4
0054,LKUS_grant_new_user_coupon,realIpCity,4
0054,LKUS_grant_new_user_coupon,countryCode,4
0054,LKUS_grant_new_user_coupon,couponNames,4
0054,LKUS_grant_new_user_coupon,couponTypes,4
0054,LKUS_grant_new_user_coupon,fullPhoneNo,4
0054,LKUS_grant_new_user_coupon,isBindPhone,4
0054,LKUS_grant_new_user_coupon,maskPhoneNo,4
0054,LKUS_grant_new_user_coupon,templateIds,4
0054,LKUS_grant_new_user_coupon,templateNos,4
0054,LKUS_grant_new_user_coupon,phoneCountry,4
0054,LKUS_grant_new_user_coupon,registerTime,4
0054,LKUS_grant_new_user_coupon,reviewRepeat,4
0054,LKUS_grant_new_user_coupon,realIpCountry,4
0054,LKUS_grant_new_user_coupon,discountLabels,4
0054,LKUS_grant_new_user_coupon,invitationCode,4
0054,LKUS_grant_new_user_coupon,realIpProvince,4
0054,LKUS_grant_new_user_coupon,recaptchaV3Token,4
0054,LKUS_grant_new_user_coupon,phoneNoEncryption,4
0054,LKUS_grant_new_user_coupon,recaptchaV3Action,4
0054,LKUS_grant_new_user_coupon,recaptchaV3Enabled,4
0054,LKUS_grant_new_user_coupon,couponDenominations,4
0054,LKUS_grant_new_user_coupon,couponDiscountTypes,4
0054,LKUS_grant_new_user_coupon,couponDiscountSubTypes,4
0054,LKUS_grant_new_user_coupon,couponDiscountTypeNames,4
0054,LKUS_physical_order_create,shumeiDevId,8
0054,LKUS_physical_order_create,shumengDevId,8
0054,LKUS_physical_order_create,tongdunBlackBox,8
0054,LKUS_captcha,cid,1
0054,LKUS_captcha,uid,1
0054,LKUS_captcha,realIp,1
0054,LKUS_captcha,tenant,1
0054,LKUS_captcha,isGuest,1
0054,LKUS_captcha,phoneNo,1
0054,LKUS_captcha,version,1
0054,LKUS_captcha,eventName,1
0054,LKUS_captcha,userAgent,1
0054,LKUS_captcha,realIpCity,1
0054,LKUS_captcha,countryCode,1
0054,LKUS_captcha,fullPhoneNo,1
0054,LKUS_captcha,captchaScene,1
0054,LKUS_captcha,phoneCountry,1
0054,LKUS_captcha,reviewRepeat,1
0054,LKUS_captcha,realIpCountry,1
0054,LKUS_captcha,realIpProvince,1
0054,LKUS_captcha,verifyCodeType,1
0054,LKUS_captcha,recaptchaV2Token,1
0054,LKUS_captcha,recaptchaV3Token,1
0054,LKUS_captcha,recaptchaV3Action,1
0054,LKUS_captcha,verifyCodeTypeName,1
0054,LKUS_register,cid,9
0054,LKUS_register,uid,9
0054,LKUS_register,realIp,9
0054,LKUS_register,tenant,9
0054,LKUS_register,phoneNo,9
0054,LKUS_register,version,9
0054,LKUS_register,userAgent,9
0054,LKUS_register,realIpCity,9
0054,LKUS_register,countryCode,9
0054,LKUS_register,fullPhoneNo,9
0054,LKUS_register,phoneCountry,9
0054,LKUS_register,reviewRepeat,9
0054,LKUS_register,realIpCountry,9
0054,LKUS_register,realIpProvince,9
0054,LKUS_register,recaptchaV3Token,9
0054,LKUS_register,recaptchaV3Action,9
0054,LKUS_register,recaptchaV3Enabled,9
0054,LKUS_grant_new_user_coupon,inviterType,1
0054,LKUS_grant_new_user_coupon,marketingCode,1
0054,LKUS_register,app,6
0054,LKUS_push,userNo,2
0054,LKUS_physical_order_cancel,app,1
0054,LKUS_physical_order_cancel,cid,1
0054,LKUS_physical_order_cancel,uid,1
0054,LKUS_physical_order_cancel,realIp,1
0054,LKUS_physical_order_cancel,shopId,1
0054,LKUS_physical_order_cancel,tenant,1
0054,LKUS_physical_order_cancel,userNo,1
0054,LKUS_physical_order_cancel,isGuest,1
0054,LKUS_physical_order_cancel,orderNo,1
0054,LKUS_physical_order_cancel,phoneNo,1
0054,LKUS_physical_order_cancel,version,1
0054,LKUS_physical_order_cancel,shopCity,1
0054,LKUS_physical_order_cancel,userAgent,1
0054,LKUS_physical_order_cancel,realIpCity,1
0054,LKUS_physical_order_cancel,countryCode,1
0054,LKUS_physical_order_cancel,fullPhoneNo,1
0054,LKUS_physical_order_cancel,totalOfMade,1
0054,LKUS_physical_order_cancel,phoneCountry,1
0054,LKUS_physical_order_cancel,reviewRepeat,1
0054,LKUS_physical_order_cancel,realIpCountry,1
0054,LKUS_physical_order_cancel,realIpProvince,1
0054,LKUS_physical_order_cancel,recaptchaV3Token,1
0054,LKUS_physical_order_cancel,recaptchaV3Action,1
0054,LKUS_physical_order_cancel,recaptchaV3Enabled,1
0054,LKUS_physical_order_cancel,cancelTypeEnumIndex,1
0055,LKUS_login,app,10
0055,LKUS_login,cid,11
0055,LKUS_login,uid,11
0055,LKUS_login,realIp,11
0055,LKUS_login,tenant,11
0055,LKUS_login,userNo,11
0055,LKUS_login,phoneNo,11
0055,LKUS_login,version,11
0055,LKUS_login,userAgent,11
0055,LKUS_login,realIpCity,11
0055,LKUS_login,countryCode,11
0055,LKUS_login,fullPhoneNo,11
0055,LKUS_login,phoneCountry,11
0055,LKUS_login,reviewRepeat,11
0055,LKUS_login,realIpCountry,11
0055,LKUS_login,realIpProvince,11
0055,LKUS_login,recaptchaV3Token,11
0055,LKUS_login,recaptchaV3Action,11
0055,LKUS_login,recaptchaV3Enabled,11
0055,LKUS_push,app,34
0055,LKUS_push,cid,53
0055,LKUS_push,uid,53
0055,LKUS_push,realIp,53
0055,LKUS_push,tenant,53
0055,LKUS_push,phoneNo,53
0055,LKUS_push,version,53
0055,LKUS_push,userAgent,53
0055,LKUS_push,realIpCity,53
0055,LKUS_push,countryCode,53
0055,LKUS_push,fullPhoneNo,53
0055,LKUS_push,phoneCountry,53
0055,LKUS_push,reviewRepeat,50
0055,LKUS_push,realIpCountry,53
0055,LKUS_push,realIpProvince,53
0055,LKUS_push,recaptchaV3Token,49
0055,LKUS_push,recaptchaV3Action,49
0055,LKUS_push,recaptchaV3Enabled,50
0055,LKUS_push,userNo,3
0055,LKUS_physical_order_create,app,75
0055,LKUS_physical_order_create,cid,84
0055,LKUS_physical_order_create,uid,84
0055,LKUS_physical_order_create,realIp,84
0055,LKUS_physical_order_create,shopId,84
0055,LKUS_physical_order_create,tenant,84
0055,LKUS_physical_order_create,userNo,84
0055,LKUS_physical_order_create,isGuest,84
0055,LKUS_physical_order_create,phoneNo,76
0055,LKUS_physical_order_create,version,84
0055,LKUS_physical_order_create,latitude,77
0055,LKUS_physical_order_create,couponNos,68
0055,LKUS_physical_order_create,longitude,77
0055,LKUS_physical_order_create,orderType,84
0055,LKUS_physical_order_create,taxAmount,84
0055,LKUS_physical_order_create,userAgent,84
0055,LKUS_physical_order_create,orderPrice,82
0055,LKUS_physical_order_create,realIpCity,84
0055,LKUS_physical_order_create,countryCode,84
0055,LKUS_physical_order_create,couponNames,68
0055,LKUS_physical_order_create,couponTypes,68
0055,LKUS_physical_order_create,fullPhoneNo,76
0055,LKUS_physical_order_create,shopAddress,84
0055,LKUS_physical_order_create,phoneCountry,76
0055,LKUS_physical_order_create,shopCityName,84
0055,LKUS_physical_order_create,shopLatitude,84
0055,LKUS_physical_order_create,couponSources,68
0055,LKUS_physical_order_create,isTaxRequired,84
0055,LKUS_physical_order_create,orderSkuCodes,82
0055,LKUS_physical_order_create,orderSpuCodes,82
0055,LKUS_physical_order_create,productAmount,84
0055,LKUS_physical_order_create,realIpCountry,84
0055,LKUS_physical_order_create,shopLongitude,84
0055,LKUS_physical_order_create,realIpProvince,84
0055,LKUS_physical_order_create,couponProposalNos,68
0055,LKUS_physical_order_create,couponTemplateIds,68
0055,LKUS_physical_order_create,couponDenomination,68
0055,LKUS_physical_order_create,couponDiscountTypes,68
0055,LKUS_physical_order_create,couponDiscountSubTypes,68
0055,LKUS_payment,app,75
0055,LKUS_payment,cid,84
0055,LKUS_payment,uid,84
0055,LKUS_payment,realIp,84
0055,LKUS_payment,shopId,84
0055,LKUS_payment,tenant,84
0055,LKUS_payment,userNo,84
0055,LKUS_payment,isGuest,84
0055,LKUS_payment,orderNo,84
0055,LKUS_payment,payType,84
0055,LKUS_payment,phoneNo,76
0055,LKUS_payment,version,84
0055,LKUS_payment,payMoney,84
0055,LKUS_payment,orderType,84
0055,LKUS_payment,taxAmount,84
0055,LKUS_payment,userAgent,84
0055,LKUS_payment,orderPrice,84
0055,LKUS_payment,realIpCity,84
0055,LKUS_payment,countryCode,76
0055,LKUS_payment,fullPhoneNo,76
0055,LKUS_payment,phoneCountry,76
0055,LKUS_payment,isTaxRequired,84
0055,LKUS_payment,realIpCountry,84
0055,LKUS_payment,realIpProvince,84
0055,LKUS_register,cid,8
0055,LKUS_register,uid,8
0055,LKUS_register,realIp,8
0055,LKUS_register,tenant,8
0055,LKUS_register,phoneNo,8
0055,LKUS_register,version,8
0055,LKUS_register,userAgent,8
0055,LKUS_register,realIpCity,8
0055,LKUS_register,countryCode,8
0055,LKUS_register,fullPhoneNo,8
0055,LKUS_register,phoneCountry,8
0055,LKUS_register,reviewRepeat,8
0055,LKUS_register,realIpCountry,8
0055,LKUS_register,realIpProvince,8
0055,LKUS_register,recaptchaV3Token,8
0055,LKUS_register,recaptchaV3Action,8
0055,LKUS_register,recaptchaV3Enabled,8
0055,LKUS_physical_order_create,reviewRepeat,66
0055,LKUS_physical_order_create,recaptchaV3Token,66
0055,LKUS_physical_order_create,recaptchaV3Action,66
0055,LKUS_physical_order_create,recaptchaV3Enabled,66
0055,LKUS_payment,reviewRepeat,66
0055,LKUS_payment,recaptchaV3Token,66
0055,LKUS_payment,recaptchaV3Action,66
0055,LKUS_payment,recaptchaV3Enabled,66
0055,LKUS_payment,packagingBagPrice,1
0055,LKUS_payment,packagingBagNumber,1
0055,LKUS_physical_order_create,shumeiDevId,7
0055,LKUS_physical_order_create,shumengDevId,7
0055,LKUS_physical_order_create,tongdunBlackBox,7
0055,LKUS_physical_order_create,packageOrderSkuCodes,2
0055,LKUS_physical_order_create,packageOrderSpuCodes,2
0055,LKUS_grant_new_user_coupon,cid,5
0055,LKUS_grant_new_user_coupon,uid,5
0055,LKUS_grant_new_user_coupon,type,5
0055,LKUS_grant_new_user_coupon,extend,5
0055,LKUS_grant_new_user_coupon,origin,5
0055,LKUS_grant_new_user_coupon,realIp,5
0055,LKUS_grant_new_user_coupon,tenant,5
0055,LKUS_grant_new_user_coupon,userNo,5
0055,LKUS_grant_new_user_coupon,phoneNo,5
0055,LKUS_grant_new_user_coupon,readmes,5
0055,LKUS_grant_new_user_coupon,sceneId,5
0055,LKUS_grant_new_user_coupon,version,5
0055,LKUS_grant_new_user_coupon,discounts,5
0055,LKUS_grant_new_user_coupon,userAgent,5
0055,LKUS_grant_new_user_coupon,realIpCity,5
0055,LKUS_grant_new_user_coupon,countryCode,5
0055,LKUS_grant_new_user_coupon,couponNames,5
0055,LKUS_grant_new_user_coupon,couponTypes,5
0055,LKUS_grant_new_user_coupon,fullPhoneNo,5
0055,LKUS_grant_new_user_coupon,inviterCode,1
0055,LKUS_grant_new_user_coupon,inviterType,1
0055,LKUS_grant_new_user_coupon,isBindPhone,5
0055,LKUS_grant_new_user_coupon,maskPhoneNo,5
0055,LKUS_grant_new_user_coupon,templateIds,5
0055,LKUS_grant_new_user_coupon,templateNos,5
0055,LKUS_grant_new_user_coupon,inviterPhone,1
0055,LKUS_grant_new_user_coupon,phoneCountry,5
0055,LKUS_grant_new_user_coupon,registerTime,5
0055,LKUS_grant_new_user_coupon,reviewRepeat,5
0055,LKUS_grant_new_user_coupon,inviterUserNo,1
0055,LKUS_grant_new_user_coupon,marketingCode,1
0055,LKUS_grant_new_user_coupon,realIpCountry,5
0055,LKUS_grant_new_user_coupon,discountLabels,5
0055,LKUS_grant_new_user_coupon,invitationCode,5
0055,LKUS_grant_new_user_coupon,realIpProvince,5
0055,LKUS_grant_new_user_coupon,recaptchaV3Token,5
0055,LKUS_grant_new_user_coupon,phoneNoEncryption,5
0055,LKUS_grant_new_user_coupon,recaptchaV3Action,5
0055,LKUS_grant_new_user_coupon,recaptchaV3Enabled,5
0055,LKUS_grant_new_user_coupon,couponDenominations,5
0055,LKUS_grant_new_user_coupon,couponDiscountTypes,5
0055,LKUS_grant_new_user_coupon,invitationActivityNo,1
0055,LKUS_grant_new_user_coupon,couponDiscountSubTypes,5
0055,LKUS_grant_new_user_coupon,couponDiscountTypeNames,5
0055,LKUS_register,app,7
0055,LKUS_grant_new_user_coupon,app,4
0055,LKUS_physical_order_cancel,app,1
0055,LKUS_physical_order_cancel,cid,1
0055,LKUS_physical_order_cancel,uid,1
0055,LKUS_physical_order_cancel,realIp,1
0055,LKUS_physical_order_cancel,shopId,1
0055,LKUS_physical_order_cancel,tenant,1
0055,LKUS_physical_order_cancel,userNo,1
0055,LKUS_physical_order_cancel,isGuest,1
0055,LKUS_physical_order_cancel,orderNo,1
0055,LKUS_physical_order_cancel,phoneNo,1
0055,LKUS_physical_order_cancel,version,1
0055,LKUS_physical_order_cancel,shopCity,1
0055,LKUS_physical_order_cancel,userAgent,1
0055,LKUS_physical_order_cancel,realIpCity,1
0055,LKUS_physical_order_cancel,countryCode,1
0055,LKUS_physical_order_cancel,fullPhoneNo,1
0055,LKUS_physical_order_cancel,totalOfMade,1
0055,LKUS_physical_order_cancel,phoneCountry,1
0055,LKUS_physical_order_cancel,reviewRepeat,1
0055,LKUS_physical_order_cancel,realIpCountry,1
0055,LKUS_physical_order_cancel,realIpProvince,1
0055,LKUS_physical_order_cancel,recaptchaV3Token,1
0055,LKUS_physical_order_cancel,recaptchaV3Action,1
0055,LKUS_physical_order_cancel,recaptchaV3Enabled,1
0055,LKUS_physical_order_cancel,cancelTypeEnumIndex,1
0055,LKUS_captcha,cid,1
0055,LKUS_captcha,uid,1
0055,LKUS_captcha,realIp,1
0055,LKUS_captcha,tenant,1
0055,LKUS_captcha,isGuest,1
0055,LKUS_captcha,phoneNo,1
0055,LKUS_captcha,version,1
0055,LKUS_captcha,eventName,1
0055,LKUS_captcha,userAgent,1
0055,LKUS_captcha,realIpCity,1
0055,LKUS_captcha,countryCode,1
0055,LKUS_captcha,fullPhoneNo,1
0055,LKUS_captcha,captchaScene,1
0055,LKUS_captcha,phoneCountry,1
0055,LKUS_captcha,reviewRepeat,1
0055,LKUS_captcha,realIpCountry,1
0055,LKUS_captcha,realIpProvince,1
0055,LKUS_captcha,verifyCodeType,1
0055,LKUS_captcha,recaptchaV2Token,1
0055,LKUS_captcha,recaptchaV3Token,1
0055,LKUS_captcha,recaptchaV3Action,1
0055,LKUS_captcha,verifyCodeTypeName,1
0056,LKUS_push,cid,48
0056,LKUS_push,uid,48
0056,LKUS_push,realIp,48
0056,LKUS_push,tenant,48
0056,LKUS_push,phoneNo,48
0056,LKUS_push,version,48
0056,LKUS_push,userAgent,48
0056,LKUS_push,realIpCity,48
0056,LKUS_push,countryCode,48
0056,LKUS_push,fullPhoneNo,48
0056,LKUS_push,phoneCountry,48
0056,LKUS_push,reviewRepeat,48
0056,LKUS_push,realIpCountry,48
0056,LKUS_push,realIpProvince,48
0056,LKUS_push,recaptchaV3Token,47
0056,LKUS_push,recaptchaV3Action,47
0056,LKUS_push,recaptchaV3Enabled,48
0056,LKUS_login,app,11
0056,LKUS_login,cid,13
0056,LKUS_login,uid,13
0056,LKUS_login,realIp,13
0056,LKUS_login,tenant,13
0056,LKUS_login,userNo,13
0056,LKUS_login,phoneNo,13
0056,LKUS_login,version,13
0056,LKUS_login,userAgent,13
0056,LKUS_login,realIpCity,13
0056,LKUS_login,countryCode,13
0056,LKUS_login,fullPhoneNo,13
0056,LKUS_login,phoneCountry,13
0056,LKUS_login,reviewRepeat,11
0056,LKUS_login,realIpCountry,13
0056,LKUS_login,realIpProvince,13
0056,LKUS_login,recaptchaV3Token,11
0056,LKUS_login,recaptchaV3Action,11
0056,LKUS_login,recaptchaV3Enabled,11
0056,LKUS_grant_new_user_coupon,app,5
0056,LKUS_grant_new_user_coupon,cid,5
0056,LKUS_grant_new_user_coupon,uid,5
0056,LKUS_grant_new_user_coupon,type,5
0056,LKUS_grant_new_user_coupon,extend,5
0056,LKUS_grant_new_user_coupon,origin,5
0056,LKUS_grant_new_user_coupon,realIp,5
0056,LKUS_grant_new_user_coupon,tenant,5
0056,LKUS_grant_new_user_coupon,userNo,5
0056,LKUS_grant_new_user_coupon,phoneNo,5
0056,LKUS_grant_new_user_coupon,readmes,5
0056,LKUS_grant_new_user_coupon,sceneId,5
0056,LKUS_grant_new_user_coupon,version,5
0056,LKUS_grant_new_user_coupon,discounts,5
0056,LKUS_grant_new_user_coupon,userAgent,5
0056,LKUS_grant_new_user_coupon,realIpCity,5
0056,LKUS_grant_new_user_coupon,countryCode,5
0056,LKUS_grant_new_user_coupon,couponNames,5
0056,LKUS_grant_new_user_coupon,couponTypes,5
0056,LKUS_grant_new_user_coupon,fullPhoneNo,5
0056,LKUS_grant_new_user_coupon,isBindPhone,5
0056,LKUS_grant_new_user_coupon,maskPhoneNo,5
0056,LKUS_grant_new_user_coupon,templateIds,5
0056,LKUS_grant_new_user_coupon,templateNos,5
0056,LKUS_grant_new_user_coupon,phoneCountry,5
0056,LKUS_grant_new_user_coupon,registerTime,5
0056,LKUS_grant_new_user_coupon,reviewRepeat,5
0056,LKUS_grant_new_user_coupon,realIpCountry,5
0056,LKUS_grant_new_user_coupon,discountLabels,5
0056,LKUS_grant_new_user_coupon,invitationCode,5
0056,LKUS_grant_new_user_coupon,realIpProvince,5
0056,LKUS_grant_new_user_coupon,recaptchaV3Token,5
0056,LKUS_grant_new_user_coupon,phoneNoEncryption,5
0056,LKUS_grant_new_user_coupon,recaptchaV3Action,5
0056,LKUS_grant_new_user_coupon,recaptchaV3Enabled,5
0056,LKUS_grant_new_user_coupon,couponDenominations,5
0056,LKUS_grant_new_user_coupon,couponDiscountTypes,5
0056,LKUS_grant_new_user_coupon,couponDiscountSubTypes,5
0056,LKUS_grant_new_user_coupon,couponDiscountTypeNames,5
0056,LKUS_push,app,40
0056,LKUS_register,app,7
0056,LKUS_register,cid,7
0056,LKUS_register,uid,7
0056,LKUS_register,realIp,7
0056,LKUS_register,tenant,7
0056,LKUS_register,phoneNo,7
0056,LKUS_register,version,7
0056,LKUS_register,userAgent,7
0056,LKUS_register,realIpCity,7
0056,LKUS_register,countryCode,7
0056,LKUS_register,fullPhoneNo,7
0056,LKUS_register,phoneCountry,7
0056,LKUS_register,reviewRepeat,7
0056,LKUS_register,realIpCountry,7
0056,LKUS_register,realIpProvince,7
0056,LKUS_register,recaptchaV3Token,7
0056,LKUS_register,recaptchaV3Action,7
0056,LKUS_register,recaptchaV3Enabled,7
0056,LKUS_captcha,cid,1
0056,LKUS_captcha,uid,1
0056,LKUS_captcha,realIp,1
0056,LKUS_captcha,tenant,1
0056,LKUS_captcha,isGuest,1
0056,LKUS_captcha,phoneNo,1
0056,LKUS_captcha,version,1
0056,LKUS_captcha,eventName,1
0056,LKUS_captcha,userAgent,1
0056,LKUS_captcha,realIpCity,1
0056,LKUS_captcha,countryCode,1
0056,LKUS_captcha,fullPhoneNo,1
0056,LKUS_captcha,captchaScene,1
0056,LKUS_captcha,phoneCountry,1
0056,LKUS_captcha,reviewRepeat,1
0056,LKUS_captcha,realIpCountry,1
0056,LKUS_captcha,realIpProvince,1
0056,LKUS_captcha,verifyCodeType,1
0056,LKUS_captcha,recaptchaV2Token,1
0056,LKUS_captcha,recaptchaV3Token,1
0056,LKUS_captcha,recaptchaV3Action,1
0056,LKUS_captcha,verifyCodeTypeName,1
0056,LKUS_physical_order_create,app,84
0056,LKUS_physical_order_create,cid,98
0056,LKUS_physical_order_create,uid,98
0056,LKUS_physical_order_create,realIp,98
0056,LKUS_physical_order_create,shopId,98
0056,LKUS_physical_order_create,tenant,98
0056,LKUS_physical_order_create,userNo,98
0056,LKUS_physical_order_create,isGuest,98
0056,LKUS_physical_order_create,phoneNo,85
0056,LKUS_physical_order_create,version,98
0056,LKUS_physical_order_create,latitude,85
0056,LKUS_physical_order_create,couponNos,71
0056,LKUS_physical_order_create,longitude,85
0056,LKUS_physical_order_create,orderType,98
0056,LKUS_physical_order_create,taxAmount,98
0056,LKUS_physical_order_create,userAgent,98
0056,LKUS_physical_order_create,orderPrice,97
0056,LKUS_physical_order_create,realIpCity,98
0056,LKUS_physical_order_create,countryCode,98
0056,LKUS_physical_order_create,couponNames,71
0056,LKUS_physical_order_create,couponTypes,71
0056,LKUS_physical_order_create,fullPhoneNo,85
0056,LKUS_physical_order_create,shopAddress,98
0056,LKUS_physical_order_create,phoneCountry,85
0056,LKUS_physical_order_create,reviewRepeat,81
0056,LKUS_physical_order_create,shopCityName,98
0056,LKUS_physical_order_create,shopLatitude,98
0056,LKUS_physical_order_create,couponSources,71
0056,LKUS_physical_order_create,isTaxRequired,98
0056,LKUS_physical_order_create,orderSkuCodes,90
0056,LKUS_physical_order_create,orderSpuCodes,90
0056,LKUS_physical_order_create,productAmount,98
0056,LKUS_physical_order_create,realIpCountry,98
0056,LKUS_physical_order_create,shopLongitude,98
0056,LKUS_physical_order_create,realIpProvince,98
0056,LKUS_physical_order_create,recaptchaV3Token,81
0056,LKUS_physical_order_create,couponProposalNos,71
0056,LKUS_physical_order_create,couponTemplateIds,71
0056,LKUS_physical_order_create,recaptchaV3Action,81
0056,LKUS_physical_order_create,couponDenomination,71
0056,LKUS_physical_order_create,recaptchaV3Enabled,81
0056,LKUS_physical_order_create,couponDiscountTypes,71
0056,LKUS_physical_order_create,couponDiscountSubTypes,71
0056,LKUS_payment,app,84
0056,LKUS_payment,cid,98
0056,LKUS_payment,uid,98
0056,LKUS_payment,realIp,98
0056,LKUS_payment,shopId,98
0056,LKUS_payment,tenant,98
0056,LKUS_payment,userNo,98
0056,LKUS_payment,isGuest,98
0056,LKUS_payment,orderNo,98
0056,LKUS_payment,payType,98
0056,LKUS_payment,phoneNo,85
0056,LKUS_payment,version,98
0056,LKUS_payment,payMoney,98
0056,LKUS_payment,orderType,98
0056,LKUS_payment,taxAmount,98
0056,LKUS_payment,userAgent,98
0056,LKUS_payment,orderPrice,98
0056,LKUS_payment,realIpCity,98
0056,LKUS_payment,countryCode,85
0056,LKUS_payment,fullPhoneNo,85
0056,LKUS_payment,phoneCountry,85
0056,LKUS_payment,reviewRepeat,81
0056,LKUS_payment,isTaxRequired,98
0056,LKUS_payment,realIpCountry,98
0056,LKUS_payment,realIpProvince,98
0056,LKUS_payment,recaptchaV3Token,81
0056,LKUS_payment,recaptchaV3Action,81
0056,LKUS_payment,recaptchaV3Enabled,81
0056,LKUS_physical_order_create,packageOrderSkuCodes,8
0056,LKUS_physical_order_create,packageOrderSpuCodes,8
0056,LKUS_physical_order_create,shumeiDevId,13
0056,LKUS_physical_order_create,shumengDevId,13
0056,LKUS_physical_order_create,tongdunBlackBox,13
0056,LKUS_payment,packagingBagPrice,3
0056,LKUS_payment,packagingBagNumber,3
0057,LKUS_push,app,30
0057,LKUS_push,cid,33
0057,LKUS_push,uid,33
0057,LKUS_push,realIp,33
0057,LKUS_push,tenant,33
0057,LKUS_push,phoneNo,33
0057,LKUS_push,version,33
0057,LKUS_push,userAgent,33
0057,LKUS_push,realIpCity,33
0057,LKUS_push,countryCode,33
0057,LKUS_push,fullPhoneNo,33
0057,LKUS_push,phoneCountry,33
0057,LKUS_push,reviewRepeat,31
0057,LKUS_push,realIpCountry,33
0057,LKUS_push,realIpProvince,33
0057,LKUS_push,recaptchaV3Token,31
0057,LKUS_push,recaptchaV3Action,31
0057,LKUS_push,recaptchaV3Enabled,31
0057,LKUS_physical_order_create,cid,102
0057,LKUS_physical_order_create,uid,102
0057,LKUS_physical_order_create,realIp,102
0057,LKUS_physical_order_create,shopId,102
0057,LKUS_physical_order_create,tenant,102
0057,LKUS_physical_order_create,userNo,102
0057,LKUS_physical_order_create,isGuest,102
0057,LKUS_physical_order_create,version,102
0057,LKUS_physical_order_create,orderType,102
0057,LKUS_physical_order_create,taxAmount,102
0057,LKUS_physical_order_create,userAgent,102
0057,LKUS_physical_order_create,orderPrice,102
0057,LKUS_physical_order_create,realIpCity,102
0057,LKUS_physical_order_create,countryCode,102
0057,LKUS_physical_order_create,shopAddress,102
0057,LKUS_physical_order_create,shumeiDevId,23
0057,LKUS_physical_order_create,shopCityName,102
0057,LKUS_physical_order_create,shopLatitude,102
0057,LKUS_physical_order_create,shumengDevId,23
0057,LKUS_physical_order_create,isTaxRequired,102
0057,LKUS_physical_order_create,orderSkuCodes,98
0057,LKUS_physical_order_create,orderSpuCodes,98
0057,LKUS_physical_order_create,productAmount,102
0057,LKUS_physical_order_create,realIpCountry,102
0057,LKUS_physical_order_create,shopLongitude,102
0057,LKUS_physical_order_create,realIpProvince,102
0057,LKUS_physical_order_create,tongdunBlackBox,23
0057,LKUS_payment,cid,99
0057,LKUS_payment,uid,99
0057,LKUS_payment,realIp,99
0057,LKUS_payment,shopId,99
0057,LKUS_payment,tenant,99
0057,LKUS_payment,userNo,99
0057,LKUS_payment,isGuest,99
0057,LKUS_payment,orderNo,99
0057,LKUS_payment,payType,99
0057,LKUS_payment,version,99
0057,LKUS_payment,payMoney,99
0057,LKUS_payment,orderType,99
0057,LKUS_payment,taxAmount,99
0057,LKUS_payment,userAgent,99
0057,LKUS_payment,orderPrice,99
0057,LKUS_payment,realIpCity,99
0057,LKUS_payment,isTaxRequired,99
0057,LKUS_payment,realIpCountry,99
0057,LKUS_payment,realIpProvince,99
0057,LKUS_physical_order_create,app,74
0057,LKUS_physical_order_create,phoneNo,81
0057,LKUS_physical_order_create,latitude,79
0057,LKUS_physical_order_create,couponNos,66
0057,LKUS_physical_order_create,longitude,79
0057,LKUS_physical_order_create,couponNames,66
0057,LKUS_physical_order_create,couponTypes,66
0057,LKUS_physical_order_create,fullPhoneNo,81
0057,LKUS_physical_order_create,phoneCountry,81
0057,LKUS_physical_order_create,reviewRepeat,71
0057,LKUS_physical_order_create,couponSources,66
0057,LKUS_physical_order_create,recaptchaV3Token,71
0057,LKUS_physical_order_create,couponProposalNos,66
0057,LKUS_physical_order_create,couponTemplateIds,66
0057,LKUS_physical_order_create,recaptchaV3Action,71
0057,LKUS_physical_order_create,couponDenomination,66
0057,LKUS_physical_order_create,recaptchaV3Enabled,71
0057,LKUS_physical_order_create,couponDiscountTypes,66
0057,LKUS_physical_order_create,couponDiscountSubTypes,66
0057,LKUS_payment,app,72
0057,LKUS_payment,phoneNo,78
0057,LKUS_payment,countryCode,78
0057,LKUS_payment,fullPhoneNo,78
0057,LKUS_payment,phoneCountry,78
0057,LKUS_payment,reviewRepeat,69
0057,LKUS_payment,recaptchaV3Token,69
0057,LKUS_payment,recaptchaV3Action,69
0057,LKUS_payment,recaptchaV3Enabled,69
0057,LKUS_login,cid,20
0057,LKUS_login,uid,20
0057,LKUS_login,realIp,20
0057,LKUS_login,tenant,20
0057,LKUS_login,userNo,20
0057,LKUS_login,phoneNo,20
0057,LKUS_login,version,20
0057,LKUS_login,userAgent,20
0057,LKUS_login,realIpCity,20
0057,LKUS_login,countryCode,20
0057,LKUS_login,fullPhoneNo,20
0057,LKUS_login,phoneCountry,20
0057,LKUS_login,reviewRepeat,17
0057,LKUS_login,realIpCountry,20
0057,LKUS_login,realIpProvince,20
0057,LKUS_login,recaptchaV3Token,17
0057,LKUS_login,recaptchaV3Action,17
0057,LKUS_login,recaptchaV3Enabled,17
0057,LKUS_register,cid,7
0057,LKUS_register,uid,7
0057,LKUS_register,realIp,7
0057,LKUS_register,tenant,7
0057,LKUS_register,phoneNo,7
0057,LKUS_register,version,7
0057,LKUS_register,userAgent,7
0057,LKUS_register,realIpCity,7
0057,LKUS_register,countryCode,7
0057,LKUS_register,fullPhoneNo,7
0057,LKUS_register,phoneCountry,7
0057,LKUS_register,reviewRepeat,6
0057,LKUS_register,realIpCountry,7
0057,LKUS_register,realIpProvince,7
0057,LKUS_register,recaptchaV3Token,6
0057,LKUS_register,recaptchaV3Action,6
0057,LKUS_register,recaptchaV3Enabled,6
0057,LKUS_login,app,13
0057,LKUS_grant_new_user_coupon,app,8
0057,LKUS_grant_new_user_coupon,cid,11
0057,LKUS_grant_new_user_coupon,uid,11
0057,LKUS_grant_new_user_coupon,type,11
0057,LKUS_grant_new_user_coupon,extend,11
0057,LKUS_grant_new_user_coupon,origin,11
0057,LKUS_grant_new_user_coupon,realIp,11
0057,LKUS_grant_new_user_coupon,tenant,11
0057,LKUS_grant_new_user_coupon,userNo,11
0057,LKUS_grant_new_user_coupon,phoneNo,11
0057,LKUS_grant_new_user_coupon,readmes,11
0057,LKUS_grant_new_user_coupon,sceneId,11
0057,LKUS_grant_new_user_coupon,version,11
0057,LKUS_grant_new_user_coupon,discounts,11
0057,LKUS_grant_new_user_coupon,userAgent,11
0057,LKUS_grant_new_user_coupon,realIpCity,11
0057,LKUS_grant_new_user_coupon,countryCode,11
0057,LKUS_grant_new_user_coupon,couponNames,11
0057,LKUS_grant_new_user_coupon,couponTypes,11
0057,LKUS_grant_new_user_coupon,fullPhoneNo,11
0057,LKUS_grant_new_user_coupon,isBindPhone,11
0057,LKUS_grant_new_user_coupon,maskPhoneNo,11
0057,LKUS_grant_new_user_coupon,templateIds,11
0057,LKUS_grant_new_user_coupon,templateNos,11
0057,LKUS_grant_new_user_coupon,phoneCountry,11
0057,LKUS_grant_new_user_coupon,registerTime,11
0057,LKUS_grant_new_user_coupon,reviewRepeat,11
0057,LKUS_grant_new_user_coupon,realIpCountry,11
0057,LKUS_grant_new_user_coupon,discountLabels,11
0057,LKUS_grant_new_user_coupon,invitationCode,11
0057,LKUS_grant_new_user_coupon,realIpProvince,11
0057,LKUS_grant_new_user_coupon,recaptchaV3Token,11
0057,LKUS_grant_new_user_coupon,phoneNoEncryption,11
0057,LKUS_grant_new_user_coupon,recaptchaV3Action,11
0057,LKUS_grant_new_user_coupon,recaptchaV3Enabled,11
0057,LKUS_grant_new_user_coupon,couponDenominations,11
0057,LKUS_grant_new_user_coupon,couponDiscountTypes,11
0057,LKUS_grant_new_user_coupon,couponDiscountSubTypes,11
0057,LKUS_grant_new_user_coupon,couponDiscountTypeNames,11
0057,LKUS_physical_order_create,packageOrderSkuCodes,5
0057,LKUS_physical_order_create,packageOrderSpuCodes,5
0057,LKUS_physical_order_cancel,app,5
0057,LKUS_physical_order_cancel,cid,5
0057,LKUS_physical_order_cancel,uid,5
0057,LKUS_physical_order_cancel,realIp,5
0057,LKUS_physical_order_cancel,shopId,5
0057,LKUS_physical_order_cancel,tenant,5
0057,LKUS_physical_order_cancel,userNo,5
0057,LKUS_physical_order_cancel,isGuest,5
0057,LKUS_physical_order_cancel,orderNo,5
0057,LKUS_physical_order_cancel,phoneNo,5
0057,LKUS_physical_order_cancel,version,5
0057,LKUS_physical_order_cancel,shopCity,5
0057,LKUS_physical_order_cancel,userAgent,5
0057,LKUS_physical_order_cancel,realIpCity,5
0057,LKUS_physical_order_cancel,countryCode,5
0057,LKUS_physical_order_cancel,fullPhoneNo,5
0057,LKUS_physical_order_cancel,totalOfMade,5
0057,LKUS_physical_order_cancel,phoneCountry,5
0057,LKUS_physical_order_cancel,realIpCountry,5
0057,LKUS_physical_order_cancel,realIpProvince,5
0057,LKUS_physical_order_cancel,cancelTypeEnumIndex,5
0057,LKUS_push,userNo,3
0057,LKUS_physical_order_cancel,reviewRepeat,3
0057,LKUS_physical_order_cancel,recaptchaV3Token,3
0057,LKUS_physical_order_cancel,recaptchaV3Action,3
0057,LKUS_physical_order_cancel,recaptchaV3Enabled,3
0057,LKUS_register,app,5
0057,LKUS_payment,packagingBagPrice,4
0057,LKUS_payment,packagingBagNumber,4
0057,LKUS_grant_new_user_coupon,inviterCode,2
0057,LKUS_grant_new_user_coupon,inviterType,2
0057,LKUS_grant_new_user_coupon,inviterPhone,2
0057,LKUS_grant_new_user_coupon,inviterUserNo,2
0057,LKUS_grant_new_user_coupon,marketingCode,2
0057,LKUS_grant_new_user_coupon,invitationActivityNo,2
0058,LKUS_push,app,27
0058,LKUS_push,cid,31
0058,LKUS_push,uid,31
0058,LKUS_push,realIp,31
0058,LKUS_push,tenant,31
0058,LKUS_push,phoneNo,31
0058,LKUS_push,version,31
0058,LKUS_push,userAgent,31
0058,LKUS_push,realIpCity,31
0058,LKUS_push,countryCode,31
0058,LKUS_push,fullPhoneNo,31
0058,LKUS_push,phoneCountry,31
0058,LKUS_push,reviewRepeat,29
0058,LKUS_push,realIpCountry,31
0058,LKUS_push,realIpProvince,31
0058,LKUS_push,recaptchaV3Token,29
0058,LKUS_push,recaptchaV3Action,29
0058,LKUS_push,recaptchaV3Enabled,29
0058,LKUS_register,app,7
0058,LKUS_register,cid,8
0058,LKUS_register,uid,8
0058,LKUS_register,realIp,8
0058,LKUS_register,tenant,8
0058,LKUS_register,phoneNo,8
0058,LKUS_register,version,8
0058,LKUS_register,userAgent,8
0058,LKUS_register,realIpCity,8
0058,LKUS_register,countryCode,8
0058,LKUS_register,fullPhoneNo,8
0058,LKUS_register,phoneCountry,8
0058,LKUS_register,reviewRepeat,8
0058,LKUS_register,realIpCountry,8
0058,LKUS_register,realIpProvince,8
0058,LKUS_register,recaptchaV3Token,8
0058,LKUS_register,recaptchaV3Action,8
0058,LKUS_register,recaptchaV3Enabled,8
0058,LKUS_physical_order_create,app,77
0058,LKUS_physical_order_create,cid,94
0058,LKUS_physical_order_create,uid,94
0058,LKUS_physical_order_create,realIp,94
0058,LKUS_physical_order_create,shopId,94
0058,LKUS_physical_order_create,tenant,94
0058,LKUS_physical_order_create,userNo,94
0058,LKUS_physical_order_create,isGuest,94
0058,LKUS_physical_order_create,phoneNo,80
0058,LKUS_physical_order_create,version,94
0058,LKUS_physical_order_create,latitude,79
0058,LKUS_physical_order_create,couponNos,72
0058,LKUS_physical_order_create,longitude,79
0058,LKUS_physical_order_create,orderType,94
0058,LKUS_physical_order_create,taxAmount,94
0058,LKUS_physical_order_create,userAgent,94
0058,LKUS_physical_order_create,orderPrice,94
0058,LKUS_physical_order_create,realIpCity,94
0058,LKUS_physical_order_create,countryCode,94
0058,LKUS_physical_order_create,couponNames,72
0058,LKUS_physical_order_create,couponTypes,72
0058,LKUS_physical_order_create,fullPhoneNo,80
0058,LKUS_physical_order_create,shopAddress,94
0058,LKUS_physical_order_create,phoneCountry,80
0058,LKUS_physical_order_create,reviewRepeat,75
0058,LKUS_physical_order_create,shopCityName,94
0058,LKUS_physical_order_create,shopLatitude,94
0058,LKUS_physical_order_create,couponSources,72
0058,LKUS_physical_order_create,isTaxRequired,94
0058,LKUS_physical_order_create,orderSkuCodes,88
0058,LKUS_physical_order_create,orderSpuCodes,88
0058,LKUS_physical_order_create,productAmount,94
0058,LKUS_physical_order_create,realIpCountry,94
0058,LKUS_physical_order_create,shopLongitude,94
0058,LKUS_physical_order_create,realIpProvince,94
0058,LKUS_physical_order_create,recaptchaV3Token,75
0058,LKUS_physical_order_create,couponProposalNos,72
0058,LKUS_physical_order_create,couponTemplateIds,72
0058,LKUS_physical_order_create,recaptchaV3Action,75
0058,LKUS_physical_order_create,couponDenomination,72
0058,LKUS_physical_order_create,recaptchaV3Enabled,75
0058,LKUS_physical_order_create,couponDiscountTypes,72
0058,LKUS_physical_order_create,couponDiscountSubTypes,72
0058,LKUS_payment,app,75
0058,LKUS_payment,cid,92
0058,LKUS_payment,uid,92
0058,LKUS_payment,realIp,92
0058,LKUS_payment,shopId,92
0058,LKUS_payment,tenant,92
0058,LKUS_payment,userNo,92
0058,LKUS_payment,isGuest,92
0058,LKUS_payment,orderNo,92
0058,LKUS_payment,payType,92
0058,LKUS_payment,phoneNo,78
0058,LKUS_payment,version,92
0058,LKUS_payment,payMoney,92
0058,LKUS_payment,orderType,92
0058,LKUS_payment,taxAmount,92
0058,LKUS_payment,userAgent,92
0058,LKUS_payment,orderPrice,92
0058,LKUS_payment,realIpCity,92
0058,LKUS_payment,countryCode,78
0058,LKUS_payment,fullPhoneNo,78
0058,LKUS_payment,phoneCountry,78
0058,LKUS_payment,reviewRepeat,73
0058,LKUS_payment,isTaxRequired,92
0058,LKUS_payment,realIpCountry,92
0058,LKUS_payment,realIpProvince,92
0058,LKUS_payment,recaptchaV3Token,73
0058,LKUS_payment,recaptchaV3Action,73
0058,LKUS_payment,recaptchaV3Enabled,73
0058,LKUS_physical_order_create,packageOrderSkuCodes,6
0058,LKUS_physical_order_create,packageOrderSpuCodes,6
0058,LKUS_physical_order_create,shumeiDevId,15
0058,LKUS_physical_order_create,shumengDevId,15
0058,LKUS_physical_order_create,tongdunBlackBox,15
0058,LKUS_grant_new_user_coupon,app,10
0058,LKUS_grant_new_user_coupon,cid,11
0058,LKUS_grant_new_user_coupon,uid,11
0058,LKUS_grant_new_user_coupon,type,11
0058,LKUS_grant_new_user_coupon,extend,11
0058,LKUS_grant_new_user_coupon,origin,11
0058,LKUS_grant_new_user_coupon,realIp,11
0058,LKUS_grant_new_user_coupon,tenant,11
0058,LKUS_grant_new_user_coupon,userNo,11
0058,LKUS_grant_new_user_coupon,phoneNo,11
0058,LKUS_grant_new_user_coupon,readmes,11
0058,LKUS_grant_new_user_coupon,sceneId,11
0058,LKUS_grant_new_user_coupon,version,11
0058,LKUS_grant_new_user_coupon,discounts,11
0058,LKUS_grant_new_user_coupon,userAgent,11
0058,LKUS_grant_new_user_coupon,realIpCity,11
0058,LKUS_grant_new_user_coupon,countryCode,11
0058,LKUS_grant_new_user_coupon,couponNames,11
0058,LKUS_grant_new_user_coupon,couponTypes,11
0058,LKUS_grant_new_user_coupon,fullPhoneNo,11
0058,LKUS_grant_new_user_coupon,isBindPhone,11
0058,LKUS_grant_new_user_coupon,maskPhoneNo,11
0058,LKUS_grant_new_user_coupon,templateIds,11
0058,LKUS_grant_new_user_coupon,templateNos,11
0058,LKUS_grant_new_user_coupon,phoneCountry,11
0058,LKUS_grant_new_user_coupon,registerTime,11
0058,LKUS_grant_new_user_coupon,reviewRepeat,10
0058,LKUS_grant_new_user_coupon,realIpCountry,11
0058,LKUS_grant_new_user_coupon,discountLabels,11
0058,LKUS_grant_new_user_coupon,invitationCode,11
0058,LKUS_grant_new_user_coupon,realIpProvince,11
0058,LKUS_grant_new_user_coupon,recaptchaV3Token,10
0058,LKUS_grant_new_user_coupon,phoneNoEncryption,11
0058,LKUS_grant_new_user_coupon,recaptchaV3Action,10
0058,LKUS_grant_new_user_coupon,recaptchaV3Enabled,10
0058,LKUS_grant_new_user_coupon,couponDenominations,11
0058,LKUS_grant_new_user_coupon,couponDiscountTypes,11
0058,LKUS_grant_new_user_coupon,couponDiscountSubTypes,11
0058,LKUS_grant_new_user_coupon,couponDiscountTypeNames,11
0058,LKUS_login,app,14
0058,LKUS_login,cid,19
0058,LKUS_login,uid,19
0058,LKUS_login,realIp,19
0058,LKUS_login,tenant,19
0058,LKUS_login,userNo,19
0058,LKUS_login,phoneNo,19
0058,LKUS_login,version,19
0058,LKUS_login,userAgent,19
0058,LKUS_login,realIpCity,19
0058,LKUS_login,countryCode,19
0058,LKUS_login,fullPhoneNo,19
0058,LKUS_login,phoneCountry,19
0058,LKUS_login,reviewRepeat,15
0058,LKUS_login,realIpCountry,19
0058,LKUS_login,realIpProvince,19
0058,LKUS_login,recaptchaV3Token,15
0058,LKUS_login,recaptchaV3Action,15
0058,LKUS_login,recaptchaV3Enabled,15
0058,LKUS_push,userNo,1
0058,LKUS_physical_order_cancel,app,1
0058,LKUS_physical_order_cancel,cid,1
0058,LKUS_physical_order_cancel,uid,1
0058,LKUS_physical_order_cancel,realIp,1
0058,LKUS_physical_order_cancel,shopId,1
0058,LKUS_physical_order_cancel,tenant,1
0058,LKUS_physical_order_cancel,userNo,1
0058,LKUS_physical_order_cancel,isGuest,1
0058,LKUS_physical_order_cancel,orderNo,1
0058,LKUS_physical_order_cancel,phoneNo,1
0058,LKUS_physical_order_cancel,version,1
0058,LKUS_physical_order_cancel,shopCity,1
0058,LKUS_physical_order_cancel,userAgent,1
0058,LKUS_physical_order_cancel,realIpCity,1
0058,LKUS_physical_order_cancel,countryCode,1
0058,LKUS_physical_order_cancel,fullPhoneNo,1
0058,LKUS_physical_order_cancel,totalOfMade,1
0058,LKUS_physical_order_cancel,phoneCountry,1
0058,LKUS_physical_order_cancel,reviewRepeat,1
0058,LKUS_physical_order_cancel,realIpCountry,1
0058,LKUS_physical_order_cancel,realIpProvince,1
0058,LKUS_physical_order_cancel,recaptchaV3Token,1
0058,LKUS_physical_order_cancel,recaptchaV3Action,1
0058,LKUS_physical_order_cancel,recaptchaV3Enabled,1
0058,LKUS_physical_order_cancel,cancelTypeEnumIndex,1
0058,LKUS_payment,packagingBagPrice,2
0058,LKUS_payment,packagingBagNumber,2
0058,LKUS_grant_new_user_coupon,inviterCode,1
0058,LKUS_grant_new_user_coupon,inviterType,1
0058,LKUS_grant_new_user_coupon,inviterPhone,1
0058,LKUS_grant_new_user_coupon,inviterUserNo,1
0058,LKUS_grant_new_user_coupon,marketingCode,1
0058,LKUS_grant_new_user_coupon,invitationActivityNo,1
0059,LKUS_push,app,51
0059,LKUS_push,cid,65
0059,LKUS_push,uid,65
0059,LKUS_push,realIp,65
0059,LKUS_push,tenant,65
0059,LKUS_push,phoneNo,65
0059,LKUS_push,version,65
0059,LKUS_push,userAgent,65
0059,LKUS_push,realIpCity,65
0059,LKUS_push,countryCode,65
0059,LKUS_push,fullPhoneNo,65
0059,LKUS_push,phoneCountry,65
0059,LKUS_push,reviewRepeat,64
0059,LKUS_push,realIpCountry,65
0059,LKUS_push,realIpProvince,65
0059,LKUS_push,recaptchaV3Token,64
0059,LKUS_push,recaptchaV3Action,64
0059,LKUS_push,recaptchaV3Enabled,64
0059,LKUS_payment,cid,70
0059,LKUS_payment,uid,70
0059,LKUS_payment,realIp,70
0059,LKUS_payment,shopId,70
0059,LKUS_payment,tenant,70
0059,LKUS_payment,userNo,70
0059,LKUS_payment,isGuest,70
0059,LKUS_payment,orderNo,70
0059,LKUS_payment,payType,70
0059,LKUS_payment,version,70
0059,LKUS_payment,payMoney,70
0059,LKUS_payment,orderType,70
0059,LKUS_payment,taxAmount,70
0059,LKUS_payment,userAgent,70
0059,LKUS_payment,orderPrice,70
0059,LKUS_payment,realIpCity,70
0059,LKUS_payment,isTaxRequired,70
0059,LKUS_payment,realIpCountry,70
0059,LKUS_payment,realIpProvince,70
0059,LKUS_physical_order_create,cid,71
0059,LKUS_physical_order_create,uid,71
0059,LKUS_physical_order_create,realIp,71
0059,LKUS_physical_order_create,shopId,71
0059,LKUS_physical_order_create,tenant,71
0059,LKUS_physical_order_create,userNo,71
0059,LKUS_physical_order_create,isGuest,71
0059,LKUS_physical_order_create,version,71
0059,LKUS_physical_order_create,orderType,71
0059,LKUS_physical_order_create,taxAmount,71
0059,LKUS_physical_order_create,userAgent,71
0059,LKUS_physical_order_create,orderPrice,69
0059,LKUS_physical_order_create,realIpCity,71
0059,LKUS_physical_order_create,countryCode,71
0059,LKUS_physical_order_create,shopAddress,71
0059,LKUS_physical_order_create,shumeiDevId,12
0059,LKUS_physical_order_create,shopCityName,71
0059,LKUS_physical_order_create,shopLatitude,71
0059,LKUS_physical_order_create,shumengDevId,12
0059,LKUS_physical_order_create,isTaxRequired,71
0059,LKUS_physical_order_create,orderSkuCodes,66
0059,LKUS_physical_order_create,orderSpuCodes,66
0059,LKUS_physical_order_create,productAmount,71
0059,LKUS_physical_order_create,realIpCountry,71
0059,LKUS_physical_order_create,shopLongitude,71
0059,LKUS_physical_order_create,realIpProvince,71
0059,LKUS_physical_order_create,tongdunBlackBox,12
0059,LKUS_register,app,6
0059,LKUS_register,cid,6
0059,LKUS_register,uid,6
0059,LKUS_register,realIp,6
0059,LKUS_register,tenant,6
0059,LKUS_register,phoneNo,6
0059,LKUS_register,version,6
0059,LKUS_register,userAgent,6
0059,LKUS_register,realIpCity,6
0059,LKUS_register,countryCode,6
0059,LKUS_register,fullPhoneNo,6
0059,LKUS_register,phoneCountry,6
0059,LKUS_register,reviewRepeat,6
0059,LKUS_register,realIpCountry,6
0059,LKUS_register,realIpProvince,6
0059,LKUS_register,recaptchaV3Token,6
0059,LKUS_register,recaptchaV3Action,6
0059,LKUS_register,recaptchaV3Enabled,6
0059,LKUS_payment,app,53
0059,LKUS_payment,phoneNo,56
0059,LKUS_payment,countryCode,56
0059,LKUS_payment,fullPhoneNo,56
0059,LKUS_payment,phoneCountry,56
0059,LKUS_payment,reviewRepeat,53
0059,LKUS_payment,recaptchaV3Token,53
0059,LKUS_payment,recaptchaV3Action,53
0059,LKUS_payment,recaptchaV3Enabled,53
0059,LKUS_physical_order_create,app,55
0059,LKUS_physical_order_create,phoneNo,58
0059,LKUS_physical_order_create,latitude,59
0059,LKUS_physical_order_create,longitude,59
0059,LKUS_physical_order_create,fullPhoneNo,58
0059,LKUS_physical_order_create,phoneCountry,58
0059,LKUS_physical_order_create,reviewRepeat,54
0059,LKUS_physical_order_create,recaptchaV3Token,54
0059,LKUS_physical_order_create,recaptchaV3Action,54
0059,LKUS_physical_order_create,recaptchaV3Enabled,54
0059,LKUS_physical_order_create,packageOrderSkuCodes,5
0059,LKUS_physical_order_create,packageOrderSpuCodes,5
0059,LKUS_physical_order_create,couponNos,45
0059,LKUS_physical_order_create,couponNames,45
0059,LKUS_physical_order_create,couponTypes,45
0059,LKUS_physical_order_create,couponSources,45
0059,LKUS_physical_order_create,couponProposalNos,45
0059,LKUS_physical_order_create,couponTemplateIds,45
0059,LKUS_physical_order_create,couponDenomination,45
0059,LKUS_physical_order_create,couponDiscountTypes,45
0059,LKUS_physical_order_create,couponDiscountSubTypes,45
0059,LKUS_login,app,9
0059,LKUS_login,cid,11
0059,LKUS_login,uid,11
0059,LKUS_login,realIp,11
0059,LKUS_login,tenant,11
0059,LKUS_login,userNo,11
0059,LKUS_login,phoneNo,11
0059,LKUS_login,version,11
0059,LKUS_login,userAgent,11
0059,LKUS_login,realIpCity,11
0059,LKUS_login,countryCode,11
0059,LKUS_login,fullPhoneNo,11
0059,LKUS_login,phoneCountry,11
0059,LKUS_login,reviewRepeat,10
0059,LKUS_login,realIpCountry,11
0059,LKUS_login,realIpProvince,11
0059,LKUS_login,recaptchaV3Token,10
0059,LKUS_login,recaptchaV3Action,10
0059,LKUS_login,recaptchaV3Enabled,10
0059,LKUS_grant_new_user_coupon,app,5
0059,LKUS_grant_new_user_coupon,cid,6
0059,LKUS_grant_new_user_coupon,uid,6
0059,LKUS_grant_new_user_coupon,type,6
0059,LKUS_grant_new_user_coupon,extend,6
0059,LKUS_grant_new_user_coupon,origin,6
0059,LKUS_grant_new_user_coupon,realIp,6
0059,LKUS_grant_new_user_coupon,tenant,6
0059,LKUS_grant_new_user_coupon,userNo,6
0059,LKUS_grant_new_user_coupon,phoneNo,6
0059,LKUS_grant_new_user_coupon,readmes,6
0059,LKUS_grant_new_user_coupon,sceneId,6
0059,LKUS_grant_new_user_coupon,version,6
0059,LKUS_grant_new_user_coupon,discounts,6
0059,LKUS_grant_new_user_coupon,userAgent,6
0059,LKUS_grant_new_user_coupon,realIpCity,6
0059,LKUS_grant_new_user_coupon,countryCode,6
0059,LKUS_grant_new_user_coupon,couponNames,6
0059,LKUS_grant_new_user_coupon,couponTypes,6
0059,LKUS_grant_new_user_coupon,fullPhoneNo,6
0059,LKUS_grant_new_user_coupon,isBindPhone,6
0059,LKUS_grant_new_user_coupon,maskPhoneNo,6
0059,LKUS_grant_new_user_coupon,templateIds,6
0059,LKUS_grant_new_user_coupon,templateNos,6
0059,LKUS_grant_new_user_coupon,phoneCountry,6
0059,LKUS_grant_new_user_coupon,registerTime,6
0059,LKUS_grant_new_user_coupon,reviewRepeat,6
0059,LKUS_grant_new_user_coupon,realIpCountry,6
0059,LKUS_grant_new_user_coupon,discountLabels,6
0059,LKUS_grant_new_user_coupon,invitationCode,6
0059,LKUS_grant_new_user_coupon,realIpProvince,6
0059,LKUS_grant_new_user_coupon,recaptchaV3Token,6
0059,LKUS_grant_new_user_coupon,phoneNoEncryption,6
0059,LKUS_grant_new_user_coupon,recaptchaV3Action,6
0059,LKUS_grant_new_user_coupon,recaptchaV3Enabled,6
0059,LKUS_grant_new_user_coupon,couponDenominations,6
0059,LKUS_grant_new_user_coupon,couponDiscountTypes,6
0059,LKUS_grant_new_user_coupon,couponDiscountSubTypes,6
0059,LKUS_grant_new_user_coupon,couponDiscountTypeNames,6
0060,LKUS_login,cid,17
0060,LKUS_login,uid,17
0060,LKUS_login,realIp,17
0060,LKUS_login,tenant,17
0060,LKUS_login,userNo,17
0060,LKUS_login,phoneNo,17
0060,LKUS_login,version,17
0060,LKUS_login,userAgent,17
0060,LKUS_login,realIpCity,17
0060,LKUS_login,countryCode,17
0060,LKUS_login,fullPhoneNo,17
0060,LKUS_login,phoneCountry,17
0060,LKUS_login,reviewRepeat,15
0060,LKUS_login,realIpCountry,17
0060,LKUS_login,realIpProvince,17
0060,LKUS_login,recaptchaV3Token,15
0060,LKUS_login,recaptchaV3Action,15
0060,LKUS_login,recaptchaV3Enabled,15
0060,LKUS_grant_new_user_coupon,cid,8
0060,LKUS_grant_new_user_coupon,uid,8
0060,LKUS_grant_new_user_coupon,type,8
0060,LKUS_grant_new_user_coupon,extend,8
0060,LKUS_grant_new_user_coupon,origin,8
0060,LKUS_grant_new_user_coupon,realIp,8
0060,LKUS_grant_new_user_coupon,tenant,8
0060,LKUS_grant_new_user_coupon,userNo,8
0060,LKUS_grant_new_user_coupon,phoneNo,8
0060,LKUS_grant_new_user_coupon,readmes,8
0060,LKUS_grant_new_user_coupon,sceneId,8
0060,LKUS_grant_new_user_coupon,version,8
0060,LKUS_grant_new_user_coupon,discounts,8
0060,LKUS_grant_new_user_coupon,userAgent,8
0060,LKUS_grant_new_user_coupon,realIpCity,8
0060,LKUS_grant_new_user_coupon,countryCode,8
0060,LKUS_grant_new_user_coupon,couponNames,8
0060,LKUS_grant_new_user_coupon,couponTypes,8
0060,LKUS_grant_new_user_coupon,fullPhoneNo,8
0060,LKUS_grant_new_user_coupon,isBindPhone,8
0060,LKUS_grant_new_user_coupon,maskPhoneNo,8
0060,LKUS_grant_new_user_coupon,templateIds,8
0060,LKUS_grant_new_user_coupon,templateNos,8
0060,LKUS_grant_new_user_coupon,phoneCountry,8
0060,LKUS_grant_new_user_coupon,registerTime,8
0060,LKUS_grant_new_user_coupon,reviewRepeat,8
0060,LKUS_grant_new_user_coupon,realIpCountry,8
0060,LKUS_grant_new_user_coupon,discountLabels,8
0060,LKUS_grant_new_user_coupon,invitationCode,8
0060,LKUS_grant_new_user_coupon,realIpProvince,8
0060,LKUS_grant_new_user_coupon,recaptchaV3Token,8
0060,LKUS_grant_new_user_coupon,phoneNoEncryption,8
0060,LKUS_grant_new_user_coupon,recaptchaV3Action,8
0060,LKUS_grant_new_user_coupon,recaptchaV3Enabled,8
0060,LKUS_grant_new_user_coupon,couponDenominations,8
0060,LKUS_grant_new_user_coupon,couponDiscountTypes,8
0060,LKUS_grant_new_user_coupon,couponDiscountSubTypes,8
0060,LKUS_grant_new_user_coupon,couponDiscountTypeNames,8
0060,LKUS_push,app,41
0060,LKUS_push,cid,47
0060,LKUS_push,uid,47
0060,LKUS_push,realIp,47
0060,LKUS_push,tenant,47
0060,LKUS_push,phoneNo,47
0060,LKUS_push,version,47
0060,LKUS_push,userAgent,47
0060,LKUS_push,realIpCity,47
0060,LKUS_push,countryCode,47
0060,LKUS_push,fullPhoneNo,47
0060,LKUS_push,phoneCountry,47
0060,LKUS_push,realIpCountry,47
0060,LKUS_push,realIpProvince,47
0060,LKUS_register,app,6
0060,LKUS_register,cid,9
0060,LKUS_register,uid,9
0060,LKUS_register,realIp,9
0060,LKUS_register,tenant,9
0060,LKUS_register,phoneNo,9
0060,LKUS_register,version,9
0060,LKUS_register,userAgent,9
0060,LKUS_register,realIpCity,9
0060,LKUS_register,countryCode,9
0060,LKUS_register,fullPhoneNo,9
0060,LKUS_register,phoneCountry,9
0060,LKUS_register,realIpCountry,9
0060,LKUS_register,realIpProvince,9
0060,LKUS_push,reviewRepeat,43
0060,LKUS_push,recaptchaV3Token,43
0060,LKUS_push,recaptchaV3Action,43
0060,LKUS_push,recaptchaV3Enabled,43
0060,LKUS_physical_order_create,app,73
0060,LKUS_physical_order_create,cid,82
0060,LKUS_physical_order_create,uid,82
0060,LKUS_physical_order_create,realIp,82
0060,LKUS_physical_order_create,shopId,82
0060,LKUS_physical_order_create,tenant,82
0060,LKUS_physical_order_create,userNo,82
0060,LKUS_physical_order_create,isGuest,82
0060,LKUS_physical_order_create,phoneNo,74
0060,LKUS_physical_order_create,version,82
0060,LKUS_physical_order_create,latitude,74
0060,LKUS_physical_order_create,couponNos,62
0060,LKUS_physical_order_create,longitude,74
0060,LKUS_physical_order_create,orderType,82
0060,LKUS_physical_order_create,taxAmount,82
0060,LKUS_physical_order_create,userAgent,82
0060,LKUS_physical_order_create,orderPrice,82
0060,LKUS_physical_order_create,realIpCity,82
0060,LKUS_physical_order_create,countryCode,82
0060,LKUS_physical_order_create,couponNames,62
0060,LKUS_physical_order_create,couponTypes,62
0060,LKUS_physical_order_create,fullPhoneNo,74
0060,LKUS_physical_order_create,shopAddress,82
0060,LKUS_physical_order_create,phoneCountry,74
0060,LKUS_physical_order_create,reviewRepeat,72
0060,LKUS_physical_order_create,shopCityName,82
0060,LKUS_physical_order_create,shopLatitude,82
0060,LKUS_physical_order_create,couponSources,62
0060,LKUS_physical_order_create,isTaxRequired,82
0060,LKUS_physical_order_create,orderSkuCodes,77
0060,LKUS_physical_order_create,orderSpuCodes,77
0060,LKUS_physical_order_create,productAmount,82
0060,LKUS_physical_order_create,realIpCountry,82
0060,LKUS_physical_order_create,shopLongitude,82
0060,LKUS_physical_order_create,realIpProvince,82
0060,LKUS_physical_order_create,recaptchaV3Token,72
0060,LKUS_physical_order_create,couponProposalNos,62
0060,LKUS_physical_order_create,couponTemplateIds,62
0060,LKUS_physical_order_create,recaptchaV3Action,72
0060,LKUS_physical_order_create,couponDenomination,62
0060,LKUS_physical_order_create,recaptchaV3Enabled,72
0060,LKUS_physical_order_create,couponDiscountTypes,62
0060,LKUS_physical_order_create,couponDiscountSubTypes,62
0060,LKUS_payment,app,71
0060,LKUS_payment,cid,80
0060,LKUS_payment,uid,80
0060,LKUS_payment,realIp,80
0060,LKUS_payment,shopId,80
0060,LKUS_payment,tenant,80
0060,LKUS_payment,userNo,80
0060,LKUS_payment,isGuest,80
0060,LKUS_payment,orderNo,80
0060,LKUS_payment,payType,80
0060,LKUS_payment,phoneNo,72
0060,LKUS_payment,version,80
0060,LKUS_payment,payMoney,80
0060,LKUS_payment,orderType,80
0060,LKUS_payment,taxAmount,80
0060,LKUS_payment,userAgent,80
0060,LKUS_payment,orderPrice,80
0060,LKUS_payment,realIpCity,80
0060,LKUS_payment,countryCode,72
0060,LKUS_payment,fullPhoneNo,72
0060,LKUS_payment,phoneCountry,72
0060,LKUS_payment,reviewRepeat,70
0060,LKUS_payment,isTaxRequired,80
0060,LKUS_payment,realIpCountry,80
0060,LKUS_payment,realIpProvince,80
0060,LKUS_payment,recaptchaV3Token,70
0060,LKUS_payment,recaptchaV3Action,70
0060,LKUS_payment,recaptchaV3Enabled,70
0060,LKUS_physical_order_create,shumeiDevId,8
0060,LKUS_physical_order_create,shumengDevId,8
0060,LKUS_physical_order_create,tongdunBlackBox,8
0060,LKUS_login,app,12
0060,LKUS_grant_new_user_coupon,app,6
0060,LKUS_physical_order_create,packageOrderSkuCodes,6
0060,LKUS_physical_order_create,packageOrderSpuCodes,6
0060,LKUS_payment,packagingBagPrice,4
0060,LKUS_payment,packagingBagNumber,4
0060,LKUS_grant_new_user_coupon,inviterCode,1
0060,LKUS_grant_new_user_coupon,inviterType,1
0060,LKUS_grant_new_user_coupon,inviterPhone,1
0060,LKUS_grant_new_user_coupon,inviterUserNo,1
0060,LKUS_grant_new_user_coupon,marketingCode,1
0060,LKUS_grant_new_user_coupon,invitationActivityNo,1
0060,LKUS_push,userNo,3
0060,LKUS_register,reviewRepeat,7
0060,LKUS_register,recaptchaV3Token,7
0060,LKUS_register,recaptchaV3Action,7
0060,LKUS_register,recaptchaV3Enabled,7
0060,LKUS_physical_order_cancel,app,3
0060,LKUS_physical_order_cancel,cid,3
0060,LKUS_physical_order_cancel,uid,3
0060,LKUS_physical_order_cancel,realIp,3
0060,LKUS_physical_order_cancel,shopId,3
0060,LKUS_physical_order_cancel,tenant,3
0060,LKUS_physical_order_cancel,userNo,3
0060,LKUS_physical_order_cancel,isGuest,3
0060,LKUS_physical_order_cancel,orderNo,3
0060,LKUS_physical_order_cancel,phoneNo,3
0060,LKUS_physical_order_cancel,version,3
0060,LKUS_physical_order_cancel,shopCity,3
0060,LKUS_physical_order_cancel,userAgent,3
0060,LKUS_physical_order_cancel,realIpCity,3
0060,LKUS_physical_order_cancel,countryCode,3
0060,LKUS_physical_order_cancel,fullPhoneNo,3
0060,LKUS_physical_order_cancel,totalOfMade,3
0060,LKUS_physical_order_cancel,phoneCountry,3
0060,LKUS_physical_order_cancel,reviewRepeat,3
0060,LKUS_physical_order_cancel,realIpCountry,3
0060,LKUS_physical_order_cancel,realIpProvince,3
0060,LKUS_physical_order_cancel,recaptchaV3Token,3
0060,LKUS_physical_order_cancel,recaptchaV3Action,3
0060,LKUS_physical_order_cancel,recaptchaV3Enabled,3
0060,LKUS_physical_order_cancel,cancelTypeEnumIndex,3
0061,LKUS_push,app,54
0061,LKUS_push,cid,61
0061,LKUS_push,uid,61
0061,LKUS_push,realIp,61
0061,LKUS_push,tenant,61
0061,LKUS_push,phoneNo,61
0061,LKUS_push,version,61
0061,LKUS_push,userAgent,61
0061,LKUS_push,realIpCity,61
0061,LKUS_push,countryCode,61
0061,LKUS_push,fullPhoneNo,61
0061,LKUS_push,phoneCountry,61
0061,LKUS_push,reviewRepeat,58
0061,LKUS_push,realIpCountry,61
0061,LKUS_push,realIpProvince,61
0061,LKUS_push,recaptchaV3Token,58
0061,LKUS_push,recaptchaV3Action,58
0061,LKUS_push,recaptchaV3Enabled,58
0061,LKUS_login,app,12
0061,LKUS_login,cid,15
0061,LKUS_login,uid,15
0061,LKUS_login,realIp,15
0061,LKUS_login,tenant,15
0061,LKUS_login,userNo,15
0061,LKUS_login,phoneNo,15
0061,LKUS_login,version,15
0061,LKUS_login,userAgent,15
0061,LKUS_login,realIpCity,15
0061,LKUS_login,countryCode,15
0061,LKUS_login,fullPhoneNo,15
0061,LKUS_login,phoneCountry,15
0061,LKUS_login,reviewRepeat,14
0061,LKUS_login,realIpCountry,15
0061,LKUS_login,realIpProvince,15
0061,LKUS_login,recaptchaV3Token,14
0061,LKUS_login,recaptchaV3Action,14
0061,LKUS_login,recaptchaV3Enabled,14
0061,LKUS_physical_order_create,app,66
0061,LKUS_physical_order_create,cid,84
0061,LKUS_physical_order_create,uid,84
0061,LKUS_physical_order_create,realIp,84
0061,LKUS_physical_order_create,shopId,84
0061,LKUS_physical_order_create,tenant,84
0061,LKUS_physical_order_create,userNo,84
0061,LKUS_physical_order_create,isGuest,84
0061,LKUS_physical_order_create,phoneNo,68
0061,LKUS_physical_order_create,version,84
0061,LKUS_physical_order_create,latitude,67
0061,LKUS_physical_order_create,couponNos,57
0061,LKUS_physical_order_create,longitude,67
0061,LKUS_physical_order_create,orderType,84
0061,LKUS_physical_order_create,taxAmount,84
0061,LKUS_physical_order_create,userAgent,84
0061,LKUS_physical_order_create,orderPrice,80
0061,LKUS_physical_order_create,realIpCity,84
0061,LKUS_physical_order_create,countryCode,84
0061,LKUS_physical_order_create,couponNames,57
0061,LKUS_physical_order_create,couponTypes,57
0061,LKUS_physical_order_create,fullPhoneNo,68
0061,LKUS_physical_order_create,shopAddress,84
0061,LKUS_physical_order_create,phoneCountry,68
0061,LKUS_physical_order_create,reviewRepeat,64
0061,LKUS_physical_order_create,shopCityName,84
0061,LKUS_physical_order_create,shopLatitude,84
0061,LKUS_physical_order_create,couponSources,57
0061,LKUS_physical_order_create,isTaxRequired,84
0061,LKUS_physical_order_create,orderSkuCodes,82
0061,LKUS_physical_order_create,orderSpuCodes,82
0061,LKUS_physical_order_create,productAmount,84
0061,LKUS_physical_order_create,realIpCountry,84
0061,LKUS_physical_order_create,shopLongitude,84
0061,LKUS_physical_order_create,realIpProvince,84
0061,LKUS_physical_order_create,recaptchaV3Token,64
0061,LKUS_physical_order_create,couponProposalNos,57
0061,LKUS_physical_order_create,couponTemplateIds,57
0061,LKUS_physical_order_create,recaptchaV3Action,64
0061,LKUS_physical_order_create,couponDenomination,57
0061,LKUS_physical_order_create,recaptchaV3Enabled,64
0061,LKUS_physical_order_create,couponDiscountTypes,57
0061,LKUS_physical_order_create,couponDiscountSubTypes,57
0061,LKUS_payment,app,67
0061,LKUS_payment,cid,88
0061,LKUS_payment,uid,88
0061,LKUS_payment,realIp,88
0061,LKUS_payment,shopId,88
0061,LKUS_payment,tenant,88
0061,LKUS_payment,userNo,88
0061,LKUS_payment,isGuest,88
0061,LKUS_payment,orderNo,88
0061,LKUS_payment,payType,88
0061,LKUS_payment,phoneNo,69
0061,LKUS_payment,version,88
0061,LKUS_payment,payMoney,88
0061,LKUS_payment,orderType,88
0061,LKUS_payment,taxAmount,88
0061,LKUS_payment,userAgent,88
0061,LKUS_payment,orderPrice,88
0061,LKUS_payment,realIpCity,88
0061,LKUS_payment,countryCode,69
0061,LKUS_payment,fullPhoneNo,69
0061,LKUS_payment,phoneCountry,69
0061,LKUS_payment,reviewRepeat,65
0061,LKUS_payment,isTaxRequired,88
0061,LKUS_payment,realIpCountry,88
0061,LKUS_payment,realIpProvince,88
0061,LKUS_payment,recaptchaV3Token,65
0061,LKUS_payment,recaptchaV3Action,65
0061,LKUS_payment,recaptchaV3Enabled,65
0061,LKUS_register,app,12
0061,LKUS_register,cid,15
0061,LKUS_register,uid,15
0061,LKUS_register,realIp,15
0061,LKUS_register,tenant,15
0061,LKUS_register,phoneNo,15
0061,LKUS_register,version,15
0061,LKUS_register,userAgent,15
0061,LKUS_register,realIpCity,15
0061,LKUS_register,countryCode,15
0061,LKUS_register,fullPhoneNo,15
0061,LKUS_register,phoneCountry,15
0061,LKUS_register,reviewRepeat,15
0061,LKUS_register,realIpCountry,15
0061,LKUS_register,realIpProvince,15
0061,LKUS_register,recaptchaV3Token,15
0061,LKUS_register,recaptchaV3Action,15
0061,LKUS_register,recaptchaV3Enabled,15
0061,LKUS_push,userNo,3
0061,LKUS_grant_new_user_coupon,app,8
0061,LKUS_grant_new_user_coupon,cid,8
0061,LKUS_grant_new_user_coupon,uid,8
0061,LKUS_grant_new_user_coupon,type,8
0061,LKUS_grant_new_user_coupon,extend,8
0061,LKUS_grant_new_user_coupon,origin,8
0061,LKUS_grant_new_user_coupon,realIp,8
0061,LKUS_grant_new_user_coupon,tenant,8
0061,LKUS_grant_new_user_coupon,userNo,8
0061,LKUS_grant_new_user_coupon,phoneNo,8
0061,LKUS_grant_new_user_coupon,readmes,8
0061,LKUS_grant_new_user_coupon,sceneId,8
0061,LKUS_grant_new_user_coupon,version,8
0061,LKUS_grant_new_user_coupon,discounts,8
0061,LKUS_grant_new_user_coupon,userAgent,8
0061,LKUS_grant_new_user_coupon,realIpCity,8
0061,LKUS_grant_new_user_coupon,countryCode,8
0061,LKUS_grant_new_user_coupon,couponNames,8
0061,LKUS_grant_new_user_coupon,couponTypes,8
0061,LKUS_grant_new_user_coupon,fullPhoneNo,8
0061,LKUS_grant_new_user_coupon,isBindPhone,8
0061,LKUS_grant_new_user_coupon,maskPhoneNo,8
0061,LKUS_grant_new_user_coupon,templateIds,8
0061,LKUS_grant_new_user_coupon,templateNos,8
0061,LKUS_grant_new_user_coupon,phoneCountry,8
0061,LKUS_grant_new_user_coupon,registerTime,8
0061,LKUS_grant_new_user_coupon,reviewRepeat,8
0061,LKUS_grant_new_user_coupon,realIpCountry,8
0061,LKUS_grant_new_user_coupon,discountLabels,8
0061,LKUS_grant_new_user_coupon,invitationCode,8
0061,LKUS_grant_new_user_coupon,realIpProvince,8
0061,LKUS_grant_new_user_coupon,recaptchaV3Token,8
0061,LKUS_grant_new_user_coupon,phoneNoEncryption,8
0061,LKUS_grant_new_user_coupon,recaptchaV3Action,8
0061,LKUS_grant_new_user_coupon,recaptchaV3Enabled,8
0061,LKUS_grant_new_user_coupon,couponDenominations,8
0061,LKUS_grant_new_user_coupon,couponDiscountTypes,8
0061,LKUS_grant_new_user_coupon,couponDiscountSubTypes,8
0061,LKUS_grant_new_user_coupon,couponDiscountTypeNames,8
0061,LKUS_physical_order_create,shumeiDevId,17
0061,LKUS_physical_order_create,shumengDevId,17
0061,LKUS_physical_order_create,tongdunBlackBox,17
0061,LKUS_physical_order_create,packageOrderSkuCodes,3
0061,LKUS_physical_order_create,packageOrderSpuCodes,3
0061,LKUS_payment,packagingBagPrice,1
0061,LKUS_payment,packagingBagNumber,1
0062,LKUS_push,app,28
0062,LKUS_push,cid,31
0062,LKUS_push,uid,31
0062,LKUS_push,realIp,31
0062,LKUS_push,tenant,31
0062,LKUS_push,phoneNo,31
0062,LKUS_push,version,31
0062,LKUS_push,userAgent,31
0062,LKUS_push,realIpCity,31
0062,LKUS_push,countryCode,31
0062,LKUS_push,fullPhoneNo,31
0062,LKUS_push,phoneCountry,31
0062,LKUS_push,reviewRepeat,30
0062,LKUS_push,realIpCountry,31
0062,LKUS_push,realIpProvince,31
0062,LKUS_push,recaptchaV3Token,30
0062,LKUS_push,recaptchaV3Action,30
0062,LKUS_push,recaptchaV3Enabled,30
0062,LKUS_physical_order_create,app,78
0062,LKUS_physical_order_create,cid,97
0062,LKUS_physical_order_create,uid,97
0062,LKUS_physical_order_create,realIp,97
0062,LKUS_physical_order_create,shopId,97
0062,LKUS_physical_order_create,tenant,97
0062,LKUS_physical_order_create,userNo,97
0062,LKUS_physical_order_create,isGuest,97
0062,LKUS_physical_order_create,phoneNo,79
0062,LKUS_physical_order_create,version,97
0062,LKUS_physical_order_create,latitude,79
0062,LKUS_physical_order_create,couponNos,68
0062,LKUS_physical_order_create,longitude,79
0062,LKUS_physical_order_create,orderType,97
0062,LKUS_physical_order_create,taxAmount,97
0062,LKUS_physical_order_create,userAgent,97
0062,LKUS_physical_order_create,orderPrice,97
0062,LKUS_physical_order_create,realIpCity,97
0062,LKUS_physical_order_create,countryCode,97
0062,LKUS_physical_order_create,couponNames,68
0062,LKUS_physical_order_create,couponTypes,68
0062,LKUS_physical_order_create,fullPhoneNo,79
0062,LKUS_physical_order_create,shopAddress,97
0062,LKUS_physical_order_create,phoneCountry,79
0062,LKUS_physical_order_create,reviewRepeat,70
0062,LKUS_physical_order_create,shopCityName,97
0062,LKUS_physical_order_create,shopLatitude,97
0062,LKUS_physical_order_create,couponSources,68
0062,LKUS_physical_order_create,isTaxRequired,97
0062,LKUS_physical_order_create,orderSkuCodes,90
0062,LKUS_physical_order_create,orderSpuCodes,90
0062,LKUS_physical_order_create,productAmount,97
0062,LKUS_physical_order_create,realIpCountry,97
0062,LKUS_physical_order_create,shopLongitude,97
0062,LKUS_physical_order_create,realIpProvince,97
0062,LKUS_physical_order_create,recaptchaV3Token,70
0062,LKUS_physical_order_create,couponProposalNos,68
0062,LKUS_physical_order_create,couponTemplateIds,68
0062,LKUS_physical_order_create,recaptchaV3Action,70
0062,LKUS_physical_order_create,couponDenomination,68
0062,LKUS_physical_order_create,recaptchaV3Enabled,70
0062,LKUS_physical_order_create,couponDiscountTypes,68
0062,LKUS_physical_order_create,couponDiscountSubTypes,68
0062,LKUS_payment,app,73
0062,LKUS_payment,cid,92
0062,LKUS_payment,uid,92
0062,LKUS_payment,realIp,92
0062,LKUS_payment,shopId,92
0062,LKUS_payment,tenant,92
0062,LKUS_payment,userNo,92
0062,LKUS_payment,isGuest,92
0062,LKUS_payment,orderNo,92
0062,LKUS_payment,payType,92
0062,LKUS_payment,phoneNo,74
0062,LKUS_payment,version,92
0062,LKUS_payment,payMoney,92
0062,LKUS_payment,orderType,92
0062,LKUS_payment,taxAmount,92
0062,LKUS_payment,userAgent,92
0062,LKUS_payment,orderPrice,92
0062,LKUS_payment,realIpCity,92
0062,LKUS_payment,countryCode,74
0062,LKUS_payment,fullPhoneNo,74
0062,LKUS_payment,phoneCountry,74
0062,LKUS_payment,reviewRepeat,66
0062,LKUS_payment,isTaxRequired,92
0062,LKUS_payment,realIpCountry,92
0062,LKUS_payment,realIpProvince,92
0062,LKUS_payment,recaptchaV3Token,66
0062,LKUS_payment,recaptchaV3Action,66
0062,LKUS_payment,recaptchaV3Enabled,66
0062,LKUS_physical_order_create,packageOrderSkuCodes,8
0062,LKUS_physical_order_create,packageOrderSpuCodes,8
0062,LKUS_physical_order_create,shumeiDevId,18
0062,LKUS_physical_order_create,shumengDevId,18
0062,LKUS_physical_order_create,tongdunBlackBox,18
0062,LKUS_login,cid,15
0062,LKUS_login,uid,15
0062,LKUS_login,realIp,15
0062,LKUS_login,tenant,15
0062,LKUS_login,userNo,15
0062,LKUS_login,phoneNo,15
0062,LKUS_login,version,15
0062,LKUS_login,userAgent,15
0062,LKUS_login,realIpCity,15
0062,LKUS_login,countryCode,15
0062,LKUS_login,fullPhoneNo,15
0062,LKUS_login,phoneCountry,15
0062,LKUS_login,reviewRepeat,13
0062,LKUS_login,realIpCountry,15
0062,LKUS_login,realIpProvince,15
0062,LKUS_login,recaptchaV3Token,13
0062,LKUS_login,recaptchaV3Action,13
0062,LKUS_login,recaptchaV3Enabled,13
0062,LKUS_grant_new_user_coupon,cid,9
0062,LKUS_grant_new_user_coupon,uid,9
0062,LKUS_grant_new_user_coupon,type,9
0062,LKUS_grant_new_user_coupon,extend,9
0062,LKUS_grant_new_user_coupon,origin,9
0062,LKUS_grant_new_user_coupon,realIp,9
0062,LKUS_grant_new_user_coupon,tenant,9
0062,LKUS_grant_new_user_coupon,userNo,9
0062,LKUS_grant_new_user_coupon,phoneNo,9
0062,LKUS_grant_new_user_coupon,readmes,9
0062,LKUS_grant_new_user_coupon,sceneId,9
0062,LKUS_grant_new_user_coupon,version,9
0062,LKUS_grant_new_user_coupon,discounts,9
0062,LKUS_grant_new_user_coupon,userAgent,9
0062,LKUS_grant_new_user_coupon,realIpCity,9
0062,LKUS_grant_new_user_coupon,countryCode,9
0062,LKUS_grant_new_user_coupon,couponNames,9
0062,LKUS_grant_new_user_coupon,couponTypes,9
0062,LKUS_grant_new_user_coupon,fullPhoneNo,9
0062,LKUS_grant_new_user_coupon,inviterCode,1
0062,LKUS_grant_new_user_coupon,inviterType,1
0062,LKUS_grant_new_user_coupon,isBindPhone,9
0062,LKUS_grant_new_user_coupon,maskPhoneNo,9
0062,LKUS_grant_new_user_coupon,templateIds,9
0062,LKUS_grant_new_user_coupon,templateNos,9
0062,LKUS_grant_new_user_coupon,inviterPhone,1
0062,LKUS_grant_new_user_coupon,phoneCountry,9
0062,LKUS_grant_new_user_coupon,registerTime,9
0062,LKUS_grant_new_user_coupon,reviewRepeat,9
0062,LKUS_grant_new_user_coupon,inviterUserNo,1
0062,LKUS_grant_new_user_coupon,marketingCode,1
0062,LKUS_grant_new_user_coupon,realIpCountry,9
0062,LKUS_grant_new_user_coupon,discountLabels,9
0062,LKUS_grant_new_user_coupon,invitationCode,9
0062,LKUS_grant_new_user_coupon,realIpProvince,9
0062,LKUS_grant_new_user_coupon,recaptchaV3Token,9
0062,LKUS_grant_new_user_coupon,phoneNoEncryption,9
0062,LKUS_grant_new_user_coupon,recaptchaV3Action,9
0062,LKUS_grant_new_user_coupon,recaptchaV3Enabled,9
0062,LKUS_grant_new_user_coupon,couponDenominations,9
0062,LKUS_grant_new_user_coupon,couponDiscountTypes,9
0062,LKUS_grant_new_user_coupon,invitationActivityNo,1
0062,LKUS_grant_new_user_coupon,couponDiscountSubTypes,9
0062,LKUS_grant_new_user_coupon,couponDiscountTypeNames,9
0062,LKUS_physical_order_cancel,app,3
0062,LKUS_physical_order_cancel,cid,3
0062,LKUS_physical_order_cancel,uid,3
0062,LKUS_physical_order_cancel,realIp,3
0062,LKUS_physical_order_cancel,shopId,3
0062,LKUS_physical_order_cancel,tenant,3
0062,LKUS_physical_order_cancel,userNo,3
0062,LKUS_physical_order_cancel,isGuest,3
0062,LKUS_physical_order_cancel,orderNo,3
0062,LKUS_physical_order_cancel,phoneNo,3
0062,LKUS_physical_order_cancel,version,3
0062,LKUS_physical_order_cancel,shopCity,3
0062,LKUS_physical_order_cancel,userAgent,3
0062,LKUS_physical_order_cancel,realIpCity,3
0062,LKUS_physical_order_cancel,countryCode,3
0062,LKUS_physical_order_cancel,fullPhoneNo,3
0062,LKUS_physical_order_cancel,totalOfMade,3
0062,LKUS_physical_order_cancel,phoneCountry,3
0062,LKUS_physical_order_cancel,realIpCountry,3
0062,LKUS_physical_order_cancel,realIpProvince,3
0062,LKUS_physical_order_cancel,cancelTypeEnumIndex,3
0062,LKUS_payment,packagingBagPrice,2
0062,LKUS_payment,packagingBagNumber,2
0062,LKUS_login,app,13
0062,LKUS_grant_new_user_coupon,app,8
0062,LKUS_register,app,7
0062,LKUS_register,cid,7
0062,LKUS_register,uid,7
0062,LKUS_register,realIp,7
0062,LKUS_register,tenant,7
0062,LKUS_register,phoneNo,7
0062,LKUS_register,version,7
0062,LKUS_register,userAgent,7
0062,LKUS_register,realIpCity,7
0062,LKUS_register,countryCode,7
0062,LKUS_register,fullPhoneNo,7
0062,LKUS_register,phoneCountry,7
0062,LKUS_register,reviewRepeat,7
0062,LKUS_register,realIpCountry,7
0062,LKUS_register,realIpProvince,7
0062,LKUS_register,recaptchaV3Token,7
0062,LKUS_register,recaptchaV3Action,7
0062,LKUS_register,recaptchaV3Enabled,7
0062,LKUS_physical_order_cancel,reviewRepeat,2
0062,LKUS_physical_order_cancel,recaptchaV3Token,2
0062,LKUS_physical_order_cancel,recaptchaV3Action,2
0062,LKUS_physical_order_cancel,recaptchaV3Enabled,2
0063,LKUS_push,app,42
0063,LKUS_push,cid,54
0063,LKUS_push,uid,54
0063,LKUS_push,realIp,54
0063,LKUS_push,tenant,54
0063,LKUS_push,phoneNo,54
0063,LKUS_push,version,54
0063,LKUS_push,userAgent,54
0063,LKUS_push,realIpCity,54
0063,LKUS_push,countryCode,54
0063,LKUS_push,fullPhoneNo,54
0063,LKUS_push,phoneCountry,54
0063,LKUS_push,reviewRepeat,50
0063,LKUS_push,realIpCountry,54
0063,LKUS_push,realIpProvince,54
0063,LKUS_push,recaptchaV3Token,50
0063,LKUS_push,recaptchaV3Action,50
0063,LKUS_push,recaptchaV3Enabled,50
0063,LKUS_physical_order_create,app,58
0063,LKUS_physical_order_create,cid,75
0063,LKUS_physical_order_create,uid,75
0063,LKUS_physical_order_create,realIp,75
0063,LKUS_physical_order_create,shopId,75
0063,LKUS_physical_order_create,tenant,75
0063,LKUS_physical_order_create,userNo,75
0063,LKUS_physical_order_create,isGuest,75
0063,LKUS_physical_order_create,phoneNo,62
0063,LKUS_physical_order_create,version,75
0063,LKUS_physical_order_create,latitude,59
0063,LKUS_physical_order_create,longitude,59
0063,LKUS_physical_order_create,orderType,75
0063,LKUS_physical_order_create,taxAmount,75
0063,LKUS_physical_order_create,userAgent,75
0063,LKUS_physical_order_create,orderPrice,75
0063,LKUS_physical_order_create,realIpCity,75
0063,LKUS_physical_order_create,countryCode,75
0063,LKUS_physical_order_create,fullPhoneNo,62
0063,LKUS_physical_order_create,shopAddress,75
0063,LKUS_physical_order_create,phoneCountry,62
0063,LKUS_physical_order_create,reviewRepeat,56
0063,LKUS_physical_order_create,shopCityName,75
0063,LKUS_physical_order_create,shopLatitude,75
0063,LKUS_physical_order_create,isTaxRequired,75
0063,LKUS_physical_order_create,orderSkuCodes,72
0063,LKUS_physical_order_create,orderSpuCodes,72
0063,LKUS_physical_order_create,productAmount,75
0063,LKUS_physical_order_create,realIpCountry,75
0063,LKUS_physical_order_create,shopLongitude,75
0063,LKUS_physical_order_create,realIpProvince,75
0063,LKUS_physical_order_create,recaptchaV3Token,56
0063,LKUS_physical_order_create,recaptchaV3Action,56
0063,LKUS_physical_order_create,recaptchaV3Enabled,56
0063,LKUS_payment,app,54
0063,LKUS_payment,cid,71
0063,LKUS_payment,uid,71
0063,LKUS_payment,realIp,71
0063,LKUS_payment,shopId,71
0063,LKUS_payment,tenant,71
0063,LKUS_payment,userNo,71
0063,LKUS_payment,isGuest,71
0063,LKUS_payment,orderNo,71
0063,LKUS_payment,payType,71
0063,LKUS_payment,phoneNo,57
0063,LKUS_payment,version,71
0063,LKUS_payment,payMoney,71
0063,LKUS_payment,orderType,71
0063,LKUS_payment,taxAmount,71
0063,LKUS_payment,userAgent,71
0063,LKUS_payment,orderPrice,71
0063,LKUS_payment,realIpCity,71
0063,LKUS_payment,countryCode,57
0063,LKUS_payment,fullPhoneNo,57
0063,LKUS_payment,phoneCountry,57
0063,LKUS_payment,reviewRepeat,52
0063,LKUS_payment,isTaxRequired,71
0063,LKUS_payment,realIpCountry,71
0063,LKUS_payment,realIpProvince,71
0063,LKUS_payment,recaptchaV3Token,52
0063,LKUS_payment,recaptchaV3Action,52
0063,LKUS_payment,recaptchaV3Enabled,52
0063,LKUS_physical_order_create,packageOrderSkuCodes,3
0063,LKUS_physical_order_create,packageOrderSpuCodes,3
0063,LKUS_register,cid,17
0063,LKUS_register,uid,17
0063,LKUS_register,realIp,17
0063,LKUS_register,tenant,17
0063,LKUS_register,phoneNo,17
0063,LKUS_register,version,17
0063,LKUS_register,userAgent,17
0063,LKUS_register,realIpCity,17
0063,LKUS_register,countryCode,17
0063,LKUS_register,fullPhoneNo,17
0063,LKUS_register,phoneCountry,17
0063,LKUS_register,reviewRepeat,16
0063,LKUS_register,realIpCountry,17
0063,LKUS_register,realIpProvince,17
0063,LKUS_register,recaptchaV3Token,16
0063,LKUS_register,recaptchaV3Action,16
0063,LKUS_register,recaptchaV3Enabled,16
0063,LKUS_physical_order_create,shumeiDevId,16
0063,LKUS_physical_order_create,shumengDevId,16
0063,LKUS_physical_order_create,tongdunBlackBox,16
0063,LKUS_physical_order_create,couponNos,52
0063,LKUS_physical_order_create,couponNames,52
0063,LKUS_physical_order_create,couponTypes,52
0063,LKUS_physical_order_create,couponSources,52
0063,LKUS_physical_order_create,couponProposalNos,52
0063,LKUS_physical_order_create,couponTemplateIds,52
0063,LKUS_physical_order_create,couponDenomination,52
0063,LKUS_physical_order_create,couponDiscountTypes,52
0063,LKUS_physical_order_create,couponDiscountSubTypes,52
0063,LKUS_login,app,7
0063,LKUS_login,cid,12
0063,LKUS_login,uid,12
0063,LKUS_login,realIp,12
0063,LKUS_login,tenant,12
0063,LKUS_login,userNo,12
0063,LKUS_login,phoneNo,12
0063,LKUS_login,version,12
0063,LKUS_login,userAgent,12
0063,LKUS_login,realIpCity,12
0063,LKUS_login,countryCode,12
0063,LKUS_login,fullPhoneNo,12
0063,LKUS_login,phoneCountry,12
0063,LKUS_login,reviewRepeat,10
0063,LKUS_login,realIpCountry,12
0063,LKUS_login,realIpProvince,12
0063,LKUS_login,recaptchaV3Token,10
0063,LKUS_login,recaptchaV3Action,10
0063,LKUS_login,recaptchaV3Enabled,10
0063,LKUS_grant_new_user_coupon,app,5
0063,LKUS_grant_new_user_coupon,cid,6
0063,LKUS_grant_new_user_coupon,uid,6
0063,LKUS_grant_new_user_coupon,type,6
0063,LKUS_grant_new_user_coupon,extend,6
0063,LKUS_grant_new_user_coupon,origin,6
0063,LKUS_grant_new_user_coupon,realIp,6
0063,LKUS_grant_new_user_coupon,tenant,6
0063,LKUS_grant_new_user_coupon,userNo,6
0063,LKUS_grant_new_user_coupon,phoneNo,6
0063,LKUS_grant_new_user_coupon,readmes,6
0063,LKUS_grant_new_user_coupon,sceneId,6
0063,LKUS_grant_new_user_coupon,version,6
0063,LKUS_grant_new_user_coupon,discounts,6
0063,LKUS_grant_new_user_coupon,userAgent,6
0063,LKUS_grant_new_user_coupon,realIpCity,6
0063,LKUS_grant_new_user_coupon,countryCode,6
0063,LKUS_grant_new_user_coupon,couponNames,6
0063,LKUS_grant_new_user_coupon,couponTypes,6
0063,LKUS_grant_new_user_coupon,fullPhoneNo,6
0063,LKUS_grant_new_user_coupon,isBindPhone,6
0063,LKUS_grant_new_user_coupon,maskPhoneNo,6
0063,LKUS_grant_new_user_coupon,templateIds,6
0063,LKUS_grant_new_user_coupon,templateNos,6
0063,LKUS_grant_new_user_coupon,phoneCountry,6
0063,LKUS_grant_new_user_coupon,registerTime,6
0063,LKUS_grant_new_user_coupon,reviewRepeat,6
0063,LKUS_grant_new_user_coupon,realIpCountry,6
0063,LKUS_grant_new_user_coupon,discountLabels,6
0063,LKUS_grant_new_user_coupon,invitationCode,6
0063,LKUS_grant_new_user_coupon,realIpProvince,6
0063,LKUS_grant_new_user_coupon,recaptchaV3Token,6
0063,LKUS_grant_new_user_coupon,phoneNoEncryption,6
0063,LKUS_grant_new_user_coupon,recaptchaV3Action,6
0063,LKUS_grant_new_user_coupon,recaptchaV3Enabled,6
0063,LKUS_grant_new_user_coupon,couponDenominations,6
0063,LKUS_grant_new_user_coupon,couponDiscountTypes,6
0063,LKUS_grant_new_user_coupon,couponDiscountSubTypes,6
0063,LKUS_grant_new_user_coupon,couponDiscountTypeNames,6
0063,LKUS_register,app,12
0063,LKUS_payment,packagingBagPrice,2
0063,LKUS_payment,packagingBagNumber,2
0063,LKUS_push,userNo,4
0063,LKUS_physical_order_cancel,app,4
0063,LKUS_physical_order_cancel,cid,4
0063,LKUS_physical_order_cancel,uid,4
0063,LKUS_physical_order_cancel,realIp,4
0063,LKUS_physical_order_cancel,shopId,4
0063,LKUS_physical_order_cancel,tenant,4
0063,LKUS_physical_order_cancel,userNo,4
0063,LKUS_physical_order_cancel,isGuest,4
0063,LKUS_physical_order_cancel,orderNo,4
0063,LKUS_physical_order_cancel,phoneNo,4
0063,LKUS_physical_order_cancel,version,4
0063,LKUS_physical_order_cancel,shopCity,4
0063,LKUS_physical_order_cancel,userAgent,4
0063,LKUS_physical_order_cancel,realIpCity,4
0063,LKUS_physical_order_cancel,countryCode,4
0063,LKUS_physical_order_cancel,fullPhoneNo,4
0063,LKUS_physical_order_cancel,totalOfMade,4
0063,LKUS_physical_order_cancel,phoneCountry,4
0063,LKUS_physical_order_cancel,reviewRepeat,4
0063,LKUS_physical_order_cancel,realIpCountry,4
0063,LKUS_physical_order_cancel,realIpProvince,4
0063,LKUS_physical_order_cancel,recaptchaV3Token,4
0063,LKUS_physical_order_cancel,recaptchaV3Action,4
0063,LKUS_physical_order_cancel,recaptchaV3Enabled,4
0063,LKUS_physical_order_cancel,cancelTypeEnumIndex,4
